symbol,direction,entry_dt,exit_dt,entry,exit,stop_loss,take_profit,size,pnl_pips,pnl_gross,pnl,bars_held,exit_reason,adx_entry,atr_entry,ema_distance,trend_gap,session,year
GBPJPY,-1,2019-01-15 21:00:00,2019-01-15 22:00:00,137.902,138.44002,138.44002,136.82597,0.2043,-53.8,-100.02,-100.34,1,stop_loss,29.2172,0.35868,-3.48794,1.2443,new_york,2019
GBPJPY,-1,2019-01-16 14:00:00,2019-01-16 22:00:00,139.858,140.41076,140.41076,138.75247,0.1968,-55.3,-98.99,-99.31,8,stop_loss,15.66848,0.36851,1.286,1.45351,london,2019
GBPJPY,-1,2019-01-17 03:00:00,2019-01-17 13:00:00,140.312,140.356,140.83223,139.27153,0.207,-4.4,-8.29,-8.61,10,time_exit,30.93862,0.34682,1.68942,2.05857,,2019
GBPJPY,-1,2019-01-17 17:00:00,2019-01-17 19:00:00,140.697,141.15897,141.15897,139.77307,0.2329,-46.2,-97.91,-98.23,2,stop_loss,21.63124,0.30798,2.38367,2.55212,new_york,2019
GBPJPY,1,2019-01-17 21:00:00,2019-01-18 07:00:00,141.436,141.904,140.95825,142.39149,0.223,46.8,94.97,94.65,10,time_exit,25.10475,0.3185,4.08138,2.76715,new_york,2019
GBPJPY,1,2019-01-22 15:00:00,2019-01-22 17:00:00,141.139,141.81721,140.79989,141.81721,0.3172,67.8,195.77,195.45,2,take_profit,18.3648,0.22607,0.02192,3.93383,london,2019
GBPJPY,1,2019-01-22 19:00:00,2019-01-23 05:00:00,141.653,142.067,141.25866,142.44167,0.2782,41.4,104.81,104.49,10,time_exit,18.49715,0.26289,1.72052,3.43708,new_york,2019
GBPJPY,-1,2019-01-23 13:00:00,2019-01-23 14:00:00,142.435,142.81701,142.81701,141.67099,0.2902,-38.2,-100.88,-101.2,1,stop_loss,24.43338,0.25467,3.23115,4.07612,london,2019
GBPJPY,-1,2019-01-24 15:00:00,2019-01-24 22:00:00,142.881,143.23125,143.23125,142.18051,0.3133,-35.0,-99.86,-100.17,7,stop_loss,31.39915,0.2335,1.18639,6.17453,london,2019
GBPJPY,1,2019-01-25 15:00:00,2019-01-25 19:00:00,143.804,144.63415,143.38893,144.63415,0.2617,83.0,197.7,197.38,4,take_profit,32.39,0.27672,2.15357,5.58009,london,2019
GBPJPY,-1,2019-01-28 16:00:00,2019-01-29 02:00:00,144.041,143.477,144.43536,143.25229,0.281,56.4,144.22,143.9,10,time_exit,19.95478,0.2629,0.68293,6.16326,new_york,2019
GBPJPY,1,2019-01-30 02:00:00,2019-01-30 12:00:00,143.127,143.291,142.62265,144.1357,0.2229,16.4,33.27,32.95,10,time_exit,26.17156,0.33623,-1.72346,3.10454,,2019
GBPJPY,-1,2019-01-30 16:00:00,2019-01-31 02:00:00,143.305,142.8,143.70033,142.51435,0.2852,50.5,131.06,130.75,10,time_exit,26.15987,0.26355,-0.68368,2.86476,new_york,2019
GBPJPY,-1,2019-01-31 16:00:00,2019-01-31 17:00:00,142.413,142.79267,142.79267,141.65367,0.3008,-38.0,-103.93,-104.24,1,stop_loss,18.26219,0.25311,-2.57074,1.23339,new_york,2019
GBPJPY,1,2019-02-01 10:00:00,2019-02-01 11:00:00,142.825,142.49049,142.49049,143.49402,0.338,-33.5,-102.89,-103.21,1,stop_loss,11.02205,0.22301,-0.24014,0.58704,london,2019
GBPJPY,-1,2019-02-05 05:00:00,2019-02-05 15:00:00,143.432,142.85798,143.71901,142.85798,0.3899,57.4,203.67,203.35,10,take_profit,16.59635,0.19134,0.84786,1.76255,,2019
GBPJPY,-1,2019-02-06 16:00:00,2019-02-07 02:00:00,142.313,142.126,142.63483,141.66934,0.3547,18.7,60.36,60.04,10,time_exit,42.96701,0.21455,-1.44314,-0.86984,new_york,2019
GBPJPY,1,2019-02-08 05:00:00,2019-02-08 15:00:00,142.132,142.392,141.80711,142.78177,0.3534,26.0,83.61,83.3,10,time_exit,16.21438,0.21659,-0.59767,-1.59451,,2019
GBPJPY,-1,2019-02-08 17:00:00,2019-02-11 03:00:00,142.029,142.032,142.36879,141.34942,0.3406,-0.3,-0.93,-1.25,10,time_exit,16.0066,0.22653,-0.88334,-1.44292,new_york,2019
GBPJPY,-1,2019-02-12 14:00:00,2019-02-12 16:00:00,142.093,142.39242,142.39242,141.49416,0.3865,-29.9,-105.31,-105.63,2,stop_loss,13.45799,0.19961,-0.20706,-1.30285,london,2019
GBPJPY,-1,2019-02-12 21:00:00,2019-02-13 05:00:00,142.567,142.87955,142.87955,141.9419,0.3665,-31.3,-104.24,-104.56,8,stop_loss,18.70968,0.20837,1.8219,-0.97317,new_york,2019
GBPJPY,1,2019-02-13 09:00:00,2019-02-13 11:00:00,142.865,142.61816,142.61816,143.35867,0.4594,-24.7,-103.19,-103.51,2,stop_loss,28.62206,0.16456,3.08643,-0.35707,london,2019
GBPJPY,-1,2019-02-13 19:00:00,2019-02-14 05:00:00,142.599,142.91,142.99532,141.80636,0.2833,-31.1,-80.18,-80.5,10,time_exit,30.59467,0.26421,0.32018,0.22245,new_york,2019
GBPJPY,-1,2019-02-15 03:00:00,2019-02-15 12:00:00,141.241,141.59421,141.59421,140.53458,0.3153,-35.3,-101.34,-101.66,9,stop_loss,33.64018,0.23547,-3.85352,-0.94875,,2019
GBPJPY,-1,2019-02-15 13:00:00,2019-02-15 17:00:00,141.527,141.88652,141.88652,140.80796,0.3067,-36.0,-100.34,-100.66,4,stop_loss,29.88934,0.23968,-1.40532,-1.68401,london,2019
GBPJPY,1,2019-02-18 08:00:00,2019-02-18 18:00:00,142.675,142.897,142.39736,143.23028,0.3932,22.2,79.43,79.12,10,time_exit,40.11434,0.18509,2.90834,-0.74989,london,2019
GBPJPY,1,2019-02-18 21:00:00,2019-02-19 03:00:00,142.934,142.67655,142.67655,143.44891,0.4274,-25.7,-100.13,-100.45,6,stop_loss,39.68186,0.17164,2.86609,0.53911,new_york,2019
GBPJPY,-1,2019-02-19 23:00:00,2019-02-20 03:00:00,144.521,144.89691,144.89691,143.76918,0.2898,-37.6,-99.13,-99.45,4,stop_loss,41.61604,0.25061,5.6775,2.1009,,2019
GBPJPY,-1,2019-02-21 13:00:00,2019-02-21 23:00:00,144.725,144.311,145.11086,143.95328,0.2794,41.4,105.26,104.94,10,time_exit,17.9284,0.25724,1.86134,4.04471,london,2019
GBPJPY,-1,2019-02-22 06:00:00,2019-02-22 16:00:00,144.362,144.126,144.6807,143.72459,0.342,23.6,73.45,73.13,10,time_exit,19.01743,0.21247,0.11835,4.41062,,2019
GBPJPY,1,2019-02-26 09:00:00,2019-02-26 12:00:00,145.561,146.21017,145.23642,146.21017,0.3382,64.9,199.79,199.47,3,take_profit,42.53653,0.21639,2.61588,4.60838,london,2019
GBPJPY,1,2019-02-27 01:00:00,2019-02-27 11:00:00,146.568,146.665,146.11097,147.48207,0.245,9.7,21.63,21.31,10,time_exit,54.22439,0.30469,2.9735,4.3143,,2019
GBPJPY,-1,2019-02-27 13:00:00,2019-02-27 14:00:00,146.828,147.19769,147.19769,146.08861,0.3035,-37.0,-102.1,-102.42,1,stop_loss,43.91283,0.24646,3.3911,5.66928,london,2019
GBPJPY,1,2019-03-01 02:00:00,2019-03-01 12:00:00,147.711,148.133,147.36513,148.40274,0.3212,42.2,123.35,123.03,10,time_exit,31.19747,0.23058,2.01861,7.48053,,2019
GBPJPY,-1,2019-03-01 12:00:00,2019-03-01 16:00:00,148.201,148.5191,148.5191,147.56479,0.3535,-31.8,-102.33,-102.65,4,stop_loss,41.41399,0.21207,3.12699,8.33664,london,2019
GBPJPY,-1,2019-03-04 00:00:00,2019-03-04 10:00:00,148.162,148.068,148.56064,147.36472,0.2792,9.4,23.88,23.56,10,time_exit,29.18912,0.26576,0.51661,6.31575,,2019
GBPJPY,-1,2019-03-04 12:00:00,2019-03-04 14:00:00,148.118,147.4608,148.4466,147.4608,0.3395,65.7,203.04,202.72,2,take_profit,21.05038,0.21907,1.13071,7.35534,london,2019
GBPJPY,1,2019-03-04 14:00:00,2019-03-04 18:00:00,147.613,147.2583,147.2583,148.32239,0.3208,-35.5,-103.55,-103.86,4,stop_loss,21.24133,0.23646,-1.05017,6.6446,london,2019
GBPJPY,-1,2019-03-06 06:00:00,2019-03-06 11:00:00,146.747,147.11137,147.11137,146.01827,0.3092,-36.4,-102.52,-102.84,5,stop_loss,17.99051,0.24291,-2.3719,2.97672,,2019
GBPJPY,-1,2019-03-07 12:00:00,2019-03-07 14:00:00,147.058,146.51373,147.33013,146.51373,0.4098,54.4,202.97,202.65,2,take_profit,8.54008,0.18142,-0.57958,2.43575,london,2019
GBPJPY,1,2019-03-07 20:00:00,2019-03-07 21:00:00,146.547,146.1248,146.1248,147.39139,0.2694,-42.2,-103.5,-103.82,1,stop_loss,25.76715,0.28146,-1.55677,0.98612,new_york,2019
GBPJPY,1,2019-03-08 01:00:00,2019-03-08 07:00:00,145.984,145.58718,145.58718,146.77765,0.2838,-39.7,-102.48,-102.8,6,stop_loss,28.63751,0.26455,-3.07021,0.47876,,2019
GBPJPY,1,2019-03-08 08:00:00,2019-03-08 15:00:00,145.392,144.99032,144.99032,146.19536,0.2775,-40.2,-101.43,-101.75,7,stop_loss,28.02856,0.26779,-4.36336,-0.20148,london,2019
GBPJPY,1,2019-03-11 14:00:00,2019-03-11 16:00:00,144.521,145.46493,144.04903,145.46493,0.2338,94.4,200.83,200.51,2,take_profit,31.6676,0.31464,-1.99587,-3.02099,london,2019
GBPJPY,1,2019-03-12 00:00:00,2019-03-12 01:00:00,146.23,147.29191,145.69905,147.29191,0.212,106.2,204.86,204.54,1,take_profit,31.67469,0.35397,2.55148,-2.00481,,2019
GBPJPY,1,2019-03-12 06:00:00,2019-03-12 13:00:00,147.222,146.66867,146.66867,148.32866,0.2075,-55.3,-104.48,-104.8,7,stop_loss,41.64921,0.36889,3.99236,-1.0275,,2019
GBPJPY,1,2019-03-12 17:00:00,2019-03-12 20:00:00,146.133,145.2761,145.2761,147.8468,0.1326,-85.7,-103.4,-103.72,3,stop_loss,37.94134,0.57127,0.13839,-0.22608,new_york,2019
GBPJPY,1,2019-03-13 01:00:00,2019-03-13 11:00:00,145.553,146.43,144.77384,147.11131,0.1444,87.7,115.24,114.92,10,time_exit,29.05042,0.51944,-0.74994,-0.38511,,2019
GBPJPY,-1,2019-03-13 12:00:00,2019-03-13 18:00:00,146.43,146.99807,146.99807,145.29385,0.2003,-56.8,-103.54,-103.86,6,stop_loss,19.6444,0.37872,1.44053,-0.5742,london,2019
GBPJPY,-1,2019-03-15 02:00:00,2019-03-15 12:00:00,147.97,148.053,148.6092,146.6916,0.1762,-8.3,-13.31,-13.63,10,time_exit,35.36528,0.42613,1.38379,1.83097,,2019
GBPJPY,1,2019-03-15 15:00:00,2019-03-18 01:00:00,148.14,148.181,147.64392,149.13215,0.2268,4.1,8.46,8.14,10,time_exit,20.882,0.33072,1.56396,2.5838,london,2019
GBPJPY,1,2019-03-18 08:00:00,2019-03-18 11:00:00,148.205,147.87688,147.87688,148.86123,0.3431,-32.8,-102.44,-102.76,3,stop_loss,14.81506,0.21874,1.39417,4.17588,london,2019
GBPJPY,1,2019-03-19 14:00:00,2019-03-20 00:00:00,147.845,147.776,147.51163,148.51174,0.3343,-6.9,-20.99,-21.31,10,time_exit,16.92329,0.22225,0.43622,2.59908,london,2019
GBPJPY,1,2019-03-21 05:00:00,2019-03-21 07:00:00,146.316,145.87944,145.87944,147.18911,0.2548,-43.7,-101.22,-101.54,2,stop_loss,37.19923,0.29104,-3.02019,-0.00921,,2019
GBPJPY,1,2019-03-22 06:00:00,2019-03-22 11:00:00,145.509,144.97956,144.97956,146.56787,0.208,-52.9,-100.21,-100.53,5,stop_loss,35.26726,0.35296,-1.45347,-2.18879,,2019
GBPJPY,1,2019-03-25 12:00:00,2019-03-25 19:00:00,145.459,144.95912,144.95912,146.45876,0.2181,-50.0,-99.21,-99.53,7,stop_loss,18.3971,0.33325,0.18166,-2.89863,london,2019
GBPJPY,-1,2019-03-26 02:00:00,2019-03-26 12:00:00,145.346,145.733,145.88247,144.27306,0.2011,-38.7,-70.82,-71.14,10,time_exit,13.50548,0.35765,0.09405,-2.52991,,2019
GBPJPY,1,2019-03-29 16:00:00,2019-03-29 17:00:00,145.086,144.51926,144.51926,146.21948,0.189,-56.7,-97.47,-97.79,1,stop_loss,25.23154,0.37783,0.32684,-1.86169,new_york,2019
GBPJPY,1,2019-04-01 20:00:00,2019-04-02 00:00:00,146.178,145.69461,145.69461,147.14477,0.2194,-48.3,-96.51,-96.83,4,stop_loss,33.67209,0.32226,3.46588,-1.34056,new_york,2019
GBPJPY,1,2019-04-02 01:00:00,2019-04-02 11:00:00,145.423,145.283,144.92144,146.42613,0.2093,-14.0,-26.66,-26.98,10,time_exit,35.86325,0.33438,0.61379,-0.87724,,2019
GBPJPY,1,2019-04-03 09:00:00,2019-04-03 10:00:00,146.366,147.13925,145.97938,147.13925,0.2708,77.3,190.55,190.23,1,take_profit,31.7767,0.25775,2.61119,0.41672,london,2019
GBPJPY,1,2019-04-03 15:00:00,2019-04-03 16:00:00,146.788,146.36182,146.36182,147.64036,0.2506,-42.6,-97.19,-97.51,1,stop_loss,34.56185,0.28412,2.93064,1.02159,london,2019
GBPJPY,-1,2019-04-03 21:00:00,2019-04-04 07:00:00,146.584,146.715,147.0849,145.5822,0.211,-13.1,-25.15,-25.47,10,time_exit,25.67291,0.33393,1.41043,1.16002,new_york,2019
GBPJPY,-1,2019-04-04 13:00:00,2019-04-04 18:00:00,146.585,145.86841,146.9433,145.86841,0.2942,71.7,191.85,191.53,5,take_profit,13.3928,0.23886,0.68191,2.27141,london,2019
GBPJPY,1,2019-04-04 20:00:00,2019-04-05 06:00:00,145.926,146.219,145.55148,146.67503,0.2871,29.3,76.55,76.23,10,time_exit,22.34788,0.24968,-1.71508,1.82595,new_york,2019
GBPJPY,-1,2019-04-05 20:00:00,2019-04-08 06:00:00,145.419,145.567,145.78947,144.67807,0.2925,-14.8,-39.39,-39.71,10,time_exit,25.52164,0.24698,-2.63414,0.67045,new_york,2019
GBPJPY,1,2019-04-08 07:00:00,2019-04-08 16:00:00,145.567,145.26866,145.26866,146.16368,0.3618,-29.8,-98.23,-98.54,9,stop_loss,31.51888,0.19889,-1.59032,0.08189,london,2019
GBPJPY,1,2019-04-09 08:00:00,2019-04-09 11:00:00,145.594,145.36756,145.36756,146.04689,0.4719,-22.6,-97.24,-97.56,3,stop_loss_ambiguous,21.18076,0.15096,-0.52707,-0.8048,london,2019
GBPJPY,1,2019-04-10 13:00:00,2019-04-10 17:00:00,145.318,145.03641,145.03641,145.88119,0.3756,-28.2,-96.25,-96.57,4,stop_loss,13.64711,0.18773,-0.11923,-1.63498,london,2019
GBPJPY,-1,2019-04-10 17:00:00,2019-04-11 03:00:00,145.166,145.4876,145.4876,144.5228,0.3256,-32.2,-95.29,-95.61,10,stop_loss,17.5072,0.2144,-0.82674,-1.36294,new_york,2019
GBPJPY,-1,2019-04-12 02:00:00,2019-04-12 04:00:00,145.742,146.01763,146.01763,145.19074,0.3761,-27.6,-94.33,-94.65,2,stop_loss,17.16951,0.18375,1.29862,-0.53762,,2019
GBPJPY,1,2019-04-12 14:00:00,2019-04-12 16:00:00,146.47,146.99043,146.20979,146.99043,0.3944,52.0,186.78,186.46,2,take_profit,36.25311,0.17348,4.22219,0.45574,london,2019
GBPJPY,-1,2019-04-16 07:00:00,2019-04-16 17:00:00,146.538,146.125,146.77703,146.05995,0.4379,41.3,164.58,164.26,10,time_exit,25.90472,0.15935,0.44739,3.01741,london,2019
GBPJPY,-1,2019-04-19 10:00:00,2019-04-19 20:00:00,145.443,145.417,145.63216,145.06468,0.5629,2.6,13.32,13.0,10,time_exit,45.90535,0.12611,-2.12798,-1.64068,london,2019
GBPJPY,-1,2019-04-25 01:00:00,2019-04-25 11:00:00,144.643,144.242,144.92481,144.07937,0.3784,40.1,138.08,137.76,10,time_exit,24.74682,0.18788,-1.41293,-2.70777,,2019
GBPJPY,-1,2019-04-26 22:00:00,2019-04-29 08:00:00,144.328,144.423,144.54805,143.88791,0.4914,-9.5,-42.48,-42.8,10,time_exit,20.97695,0.1467,-0.00192,-4.47838,,2019
GBPJPY,-1,2019-04-30 06:00:00,2019-04-30 09:00:00,144.465,144.0909,144.65205,144.0909,0.5756,37.4,195.95,195.63,3,take_profit,17.83458,0.1247,0.35985,-3.33303,,2019
GBPJPY,1,2019-04-30 15:00:00,2019-04-30 17:00:00,144.774,145.2929,144.51455,145.2929,0.4233,51.9,199.88,199.56,2,take_profit,23.2157,0.17297,1.90005,-2.08522,london,2019
GBPJPY,1,2019-05-02 13:00:00,2019-05-02 14:00:00,145.629,145.37573,145.37573,146.13554,0.4423,-25.3,-101.94,-102.26,1,stop_loss,19.02675,0.16885,1.67387,1.75701,london,2019
GBPJPY,1,2019-05-02 23:00:00,2019-05-03 09:00:00,145.348,145.169,145.06221,145.91959,0.388,-17.9,-63.2,-63.52,10,time_exit,24.59145,0.19053,0.04385,1.38071,,2019
GBPJPY,-1,2019-05-03 14:00:00,2019-05-03 15:00:00,144.925,145.15122,145.15122,144.47255,0.4871,-22.6,-100.28,-100.6,1,stop_loss,27.20509,0.15082,-2.34266,1.21015,london,2019
GBPJPY,1,2019-05-03 17:00:00,2019-05-03 18:00:00,145.201,145.69319,144.9549,145.69319,0.4433,49.2,198.55,198.23,1,take_profit,26.73065,0.16406,-0.40046,1.00514,new_york,2019
GBPJPY,1,2019-05-06 15:00:00,2019-05-07 01:00:00,145.208,145.043,144.80619,146.01162,0.2769,-16.5,-41.58,-41.9,10,time_exit,20.82583,0.26787,-0.71134,0.78331,london,2019
GBPJPY,-1,2019-05-07 06:00:00,2019-05-07 14:00:00,145.25,144.67555,145.53722,144.67555,0.3858,57.4,201.68,201.36,8,take_profit,19.63953,0.19148,-0.19202,0.53005,,2019
GBPJPY,-1,2019-05-07 14:00:00,2019-05-07 17:00:00,144.723,144.11362,145.02769,144.11362,0.3709,60.9,205.68,205.36,3,take_profit,17.37875,0.20313,-2.38759,0.17371,london,2019
GBPJPY,-1,2019-05-08 03:00:00,2019-05-08 12:00:00,144.09,143.52918,144.37041,143.52918,0.4111,56.1,209.8,209.48,9,take_profit,36.56867,0.18694,-3.64659,-1.47177,,2019
GBPJPY,1,2019-05-13 09:00:00,2019-05-13 15:00:00,142.78,142.52283,142.52283,143.29434,0.4572,-25.7,-107.0,-107.31,6,stop_loss,14.32327,0.17145,-1.0259,-5.6313,london,2019
GBPJPY,-1,2019-05-14 04:00:00,2019-05-14 14:00:00,141.879,141.961,142.2286,141.1798,0.3329,-8.2,-24.84,-25.16,10,time_exit,35.25456,0.23307,-2.26198,-5.06521,,2019
GBPJPY,-1,2019-05-15 09:00:00,2019-05-15 12:00:00,141.64,141.16086,141.87957,141.16086,0.4847,47.9,211.34,211.02,3,take_profit,27.00574,0.15971,-1.64103,-7.59411,london,2019
GBPJPY,-1,2019-05-22 10:00:00,2019-05-22 20:00:00,139.963,139.909,140.30306,139.28289,0.3483,5.4,17.12,16.8,10,time_exit,24.85625,0.2267,-1.76153,-3.58895,london,2019
GBPJPY,-1,2019-05-22 22:00:00,2019-05-23 08:00:00,139.721,139.453,140.11229,138.93843,0.3032,26.8,73.94,73.63,10,time_exit,19.17849,0.26086,-1.57726,-3.39059,,2019
GBPJPY,-1,2019-05-23 08:00:00,2019-05-23 10:00:00,139.519,138.95348,139.80176,138.95348,0.4224,56.6,217.38,217.06,2,take_profit,19.21653,0.18851,-2.27766,-4.94364,london,2019
GBPJPY,-1,2019-05-23 15:00:00,2019-05-24 01:00:00,139.161,138.649,139.48049,138.52201,0.3813,51.2,177.66,177.34,10,time_exit,27.98081,0.213,-2.77978,-4.74347,london,2019
GBPJPY,1,2019-05-24 15:00:00,2019-05-27 01:00:00,138.734,139.241,138.36104,139.47991,0.3318,50.7,153.08,152.76,10,time_exit,27.07323,0.24864,-1.82533,-4.65585,london,2019
GBPJPY,-1,2019-05-27 16:00:00,2019-05-28 02:00:00,138.821,138.871,139.11782,138.22736,0.4226,-5.0,-19.23,-19.55,10,time_exit,21.12116,0.19788,-1.67351,-4.68425,new_york,2019
GBPJPY,1,2019-05-28 07:00:00,2019-05-28 10:00:00,138.781,138.55877,138.55877,139.22545,0.5635,-22.2,-113.95,-114.27,3,stop_loss,19.78396,0.14815,-1.57762,-6.02367,london,2019
GBPJPY,1,2019-05-28 12:00:00,2019-05-28 16:00:00,138.403,138.9497,138.12965,138.9497,0.4535,54.7,225.62,225.3,4,take_profit,18.91864,0.18223,-3.05091,-4.89175,london,2019
GBPJPY,-1,2019-05-29 02:00:00,2019-05-29 12:00:00,138.417,137.87928,138.68586,137.87928,0.4703,53.8,230.13,229.81,10,take_profit,18.77069,0.17924,-2.09983,-4.96609,,2019
GBPJPY,1,2019-05-30 20:00:00,2019-05-31 02:00:00,138.339,138.01381,138.01381,138.98937,0.3966,-32.5,-117.36,-117.68,6,stop_loss,14.64646,0.21679,-0.58318,-3.52706,new_york,2019
GBPJPY,1,2019-05-31 03:00:00,2019-05-31 07:00:00,137.836,137.52956,137.52956,138.44889,0.4167,-30.6,-116.2,-116.52,4,stop_loss,21.78174,0.2043,-2.68915,-3.7785,,2019
GBPJPY,1,2019-06-03 19:00:00,2019-06-04 05:00:00,136.782,136.792,136.43258,137.48084,0.3617,1.0,3.29,2.97,10,time_exit,26.01194,0.23295,-1.8945,-5.23327,new_york,2019
GBPJPY,1,2019-06-05 06:00:00,2019-06-05 11:00:00,137.276,137.76961,137.0292,137.76961,0.5123,49.4,230.12,229.8,5,take_profit,32.42678,0.16454,0.78342,-5.37308,,2019
GBPJPY,-1,2019-06-05 16:00:00,2019-06-06 02:00:00,137.466,137.436,137.72917,136.93965,0.49,3.0,13.38,13.06,10,time_exit,30.50162,0.17545,1.1406,-4.08169,new_york,2019
GBPJPY,1,2019-06-06 09:00:00,2019-06-06 14:00:00,137.186,137.63389,136.96206,137.63389,0.5765,44.8,234.97,234.65,5,take_profit,19.70712,0.1493,-1.02332,-3.72264,london,2019
GBPJPY,-1,2019-06-06 19:00:00,2019-06-06 22:00:00,137.407,137.72142,137.72142,136.77816,0.4188,-31.4,-119.83,-120.15,3,stop_loss,19.78137,0.20961,0.25059,-2.33446,new_york,2019
GBPJPY,1,2019-06-07 18:00:00,2019-06-10 04:00:00,137.817,137.957,137.5178,138.4154,0.4357,14.0,55.51,55.19,10,time_exit,26.57717,0.19947,1.12138,-1.14802,new_york,2019
GBPJPY,-1,2019-06-10 11:00:00,2019-06-10 14:00:00,138.085,137.63134,138.31183,137.63134,0.5774,45.4,238.37,238.05,3,take_profit,28.31791,0.15122,2.05781,-0.42464,london,2019
GBPJPY,1,2019-06-11 16:00:00,2019-06-11 20:00:00,138.199,137.94399,137.94399,138.70901,0.5238,-25.5,-121.55,-121.87,4,stop_loss,25.73197,0.17,2.42612,-0.20388,new_york,2019
GBPJPY,1,2019-06-12 18:00:00,2019-06-12 19:00:00,138.006,137.75578,137.75578,138.50644,0.5285,-25.0,-120.34,-120.66,1,stop_loss,20.36632,0.16681,0.40773,0.42022,new_york,2019
GBPJPY,1,2019-06-18 06:00:00,2019-06-18 15:00:00,135.714,135.4696,135.4696,136.2028,0.5357,-24.4,-119.14,-119.46,9,stop_loss,48.90527,0.16293,-5.52484,-4.24647,,2019
GBPJPY,-1,2019-06-19 19:00:00,2019-06-20 05:00:00,136.819,136.437,137.11954,136.21792,0.4312,38.2,149.89,149.58,10,time_exit,24.70833,0.20036,2.46867,-3.11418,new_york,2019
GBPJPY,1,2019-06-21 12:00:00,2019-06-21 22:00:00,136.17,136.818,135.83714,136.83573,0.3943,64.8,232.51,232.19,10,time_exit,24.29015,0.22191,-1.12157,-1.72001,london,2019
GBPJPY,-1,2019-06-24 02:00:00,2019-06-24 12:00:00,136.826,136.972,137.13923,136.19955,0.4272,-14.6,-56.76,-57.08,10,time_exit,24.89599,0.20882,1.64098,-1.35995,,2019
GBPJPY,1,2019-06-24 13:00:00,2019-06-24 14:00:00,136.971,136.68684,136.68684,137.53933,0.4686,-28.4,-121.18,-121.49,1,stop_loss,27.17892,0.18944,1.8347,-0.81653,london,2019
GBPJPY,-1,2019-06-25 02:00:00,2019-06-25 07:00:00,136.678,136.18848,136.92276,136.18848,0.5386,49.0,239.93,239.61,5,take_profit,15.94559,0.16317,0.15185,-0.70594,,2019
GBPJPY,1,2019-06-26 16:00:00,2019-06-27 02:00:00,136.391,136.785,136.07467,137.02366,0.4251,39.4,152.42,152.1,10,time_exit,19.00325,0.21089,0.11419,-1.20246,new_york,2019
GBPJPY,-1,2019-06-27 06:00:00,2019-06-27 10:00:00,136.999,137.25234,137.25234,136.49232,0.5374,-25.3,-123.89,-124.21,4,stop_loss,17.9235,0.16889,2.76872,-0.61973,,2019
GBPJPY,-1,2019-06-27 11:00:00,2019-06-27 18:00:00,137.055,136.54508,137.30996,136.54508,0.5286,51.0,245.28,244.97,7,take_profit,22.70401,0.16997,2.51426,-0.16754,london,2019
GBPJPY,-1,2019-06-28 01:00:00,2019-06-28 11:00:00,136.574,136.48,136.8502,136.02161,0.4977,9.4,42.57,42.25,10,time_exit,19.8826,0.18413,-0.52728,0.00751,,2019
GBPJPY,-1,2019-06-28 12:00:00,2019-06-28 14:00:00,136.478,136.74085,136.74085,135.95231,0.5248,-26.3,-125.53,-125.85,2,stop_loss,19.57357,0.17523,-0.66384,-0.29572,london,2019
GBPJPY,-1,2019-07-01 09:00:00,2019-07-01 12:00:00,137.411,136.81927,137.70686,136.81927,0.4615,59.2,248.5,248.19,3,take_profit,29.66684,0.19724,2.39654,0.98597,london,2019
GBPJPY,-1,2019-07-01 12:00:00,2019-07-01 15:00:00,136.864,137.19175,137.19175,136.2085,0.4249,-32.8,-126.73,-127.05,3,stop_loss,26.44674,0.2185,-0.43574,0.93703,london,2019
GBPJPY,1,2019-07-01 17:00:00,2019-07-02 03:00:00,137.036,137.096,136.69049,137.72703,0.3991,6.0,21.79,21.47,10,time_exit,21.37555,0.23034,0.31317,0.85141,new_york,2019
GBPJPY,1,2019-07-02 15:00:00,2019-07-02 17:00:00,136.729,136.46352,136.46352,137.25996,0.5203,-26.5,-125.7,-126.02,2,stop_loss,16.71032,0.17699,-1.14714,0.75618,london,2019
GBPJPY,1,2019-07-03 10:00:00,2019-07-03 20:00:00,135.267,135.661,135.00971,135.78158,0.5314,39.4,190.53,190.21,10,time_exit,54.25683,0.17153,-6.15952,-1.81208,london,2019
GBPJPY,-1,2019-07-05 01:00:00,2019-07-05 08:00:00,135.574,135.73999,135.73999,135.24203,0.8364,-16.6,-126.34,-126.65,7,stop_loss,23.30228,0.11066,-1.40776,-5.03915,,2019
GBPJPY,-1,2019-07-05 16:00:00,2019-07-05 21:00:00,135.787,135.97162,135.97162,135.41775,0.7444,-18.5,-125.06,-125.38,5,stop_loss,15.50217,0.12308,0.67209,-4.0407,new_york,2019
GBPJPY,-1,2019-07-08 01:00:00,2019-07-08 11:00:00,135.835,135.842,136.03657,135.43187,0.675,-0.7,-4.3,-4.62,10,time_exit,18.63685,0.13438,0.71779,-3.19667,,2019
GBPJPY,1,2019-07-09 14:00:00,2019-07-10 00:00:00,135.623,135.648,135.39244,136.08412,0.5899,2.5,13.42,13.1,10,time_exit,26.91169,0.15371,-1.77394,-1.3131,london,2019
GBPJPY,-1,2019-07-11 21:00:00,2019-07-12 07:00:00,135.765,135.867,136.04073,135.21354,0.4938,-10.2,-45.83,-46.15,10,time_exit,25.42463,0.18382,0.55654,-1.27589,new_york,2019
GBPJPY,-1,2019-07-12 18:00:00,2019-07-15 04:00:00,135.66,135.544,135.8981,135.1838,0.5697,11.6,60.14,59.82,10,time_exit,20.67473,0.15873,-0.6392,-0.79345,new_york,2019
GBPJPY,1,2019-07-15 12:00:00,2019-07-15 15:00:00,135.435,135.2063,135.2063,135.89241,0.596,-22.9,-124.04,-124.36,3,stop_loss,16.89386,0.15247,-1.72798,-0.98123,london,2019
GBPJPY,-1,2019-07-16 11:00:00,2019-07-16 12:00:00,134.74,134.32647,134.94676,134.32647,0.6526,41.4,245.58,245.26,1,take_profit,25.85543,0.13784,-4.32471,-2.6194,london,2019
GBPJPY,1,2019-07-17 00:00:00,2019-07-17 09:00:00,134.285,134.02311,134.02311,134.80879,0.5255,-26.2,-125.24,-125.56,9,stop_loss,38.98867,0.1746,-3.83003,-3.37685,,2019
GBPJPY,1,2019-07-17 13:00:00,2019-07-17 23:00:00,134.249,134.196,133.98346,134.78008,0.5131,-5.3,-24.75,-25.07,10,time_exit,40.47348,0.17703,-2.39165,-4.00567,london,2019
GBPJPY,1,2019-07-18 05:00:00,2019-07-18 11:00:00,133.923,134.42887,133.67007,134.42887,0.5376,50.6,247.48,247.16,6,take_profit,28.56856,0.16862,-3.31385,-4.38018,,2019
GBPJPY,-1,2019-07-18 19:00:00,2019-07-19 03:00:00,134.608,134.89002,134.89002,134.04395,0.4918,-28.2,-126.22,-126.53,8,stop_loss,29.14454,0.18802,0.89409,-3.54846,new_york,2019
GBPJPY,-1,2019-07-19 06:00:00,2019-07-19 16:00:00,134.964,134.912,135.22752,134.43697,0.521,5.2,24.65,24.34,10,time_exit,32.77799,0.17568,2.35098,-2.95224,,2019
GBPJPY,1,2019-07-19 21:00:00,2019-07-22 07:00:00,134.72,134.986,134.46534,135.22932,0.5402,26.6,130.76,130.44,10,time_exit,23.47189,0.16977,0.30739,-2.14339,new_york,2019
GBPJPY,-1,2019-07-22 15:00:00,2019-07-22 16:00:00,134.481,134.72956,134.72956,133.98388,0.5592,-24.9,-126.48,-126.8,1,stop_loss,25.28192,0.16571,-1.42564,-1.65747,london,2019
GBPJPY,1,2019-07-23 16:00:00,2019-07-23 17:00:00,134.614,134.35617,134.35617,135.12967,0.5337,-25.8,-125.22,-125.54,1,stop_loss,12.78349,0.17189,-0.29417,-1.44591,new_york,2019
GBPJPY,1,2019-07-23 19:00:00,2019-07-24 05:00:00,134.515,134.5,134.22318,135.09865,0.4668,-1.5,-6.37,-6.69,10,time_exit,11.26225,0.19455,-0.70608,-1.28631,new_york,2019
GBPJPY,1,2019-07-24 07:00:00,2019-07-24 10:00:00,134.474,134.27336,134.27336,134.87528,0.6786,-20.1,-123.9,-124.22,3,stop_loss,8.6638,0.13376,-1.11217,-1.80387,london,2019
GBPJPY,-1,2019-07-24 21:00:00,2019-07-25 07:00:00,135.089,134.882,135.36642,134.53416,0.4858,20.7,91.51,91.19,10,time_exit,16.78965,0.18495,1.90759,-0.70061,new_york,2019
GBPJPY,-1,2019-07-25 16:00:00,2019-07-25 17:00:00,135.261,135.52466,135.52466,134.73369,0.515,-26.4,-123.56,-123.88,1,stop_loss,14.79805,0.17577,2.22821,-0.10467,new_york,2019
GBPJPY,-1,2019-07-25 18:00:00,2019-07-26 04:00:00,135.636,135.29,135.94846,135.01108,0.4302,34.6,135.45,135.13,10,time_exit,19.85886,0.20831,3.41196,0.11634,new_york,2019
GBPJPY,1,2019-07-30 15:00:00,2019-07-31 01:00:00,132.122,132.074,131.71318,132.93965,0.3324,-4.8,-14.52,-14.84,10,time_exit,57.76873,0.27255,-4.30216,-3.87476,london,2019
GBPJPY,-1,2019-07-31 23:00:00,2019-08-01 09:00:00,132.304,132.384,132.72182,131.46835,0.3249,-8.0,-23.65,-23.97,10,time_exit,31.28997,0.27855,-0.82182,-4.39238,,2019
GBPJPY,-1,2019-08-01 09:00:00,2019-08-01 15:00:00,132.399,131.75884,132.71908,131.75884,0.4233,64.0,246.59,246.27,6,take_profit,22.71769,0.21339,-0.33073,-5.39596,london,2019
GBPJPY,1,2019-08-02 23:00:00,2019-08-05 04:00:00,129.558,129.06097,129.06097,130.55206,0.278,-49.7,-125.74,-126.06,5,stop_loss,43.47981,0.33135,-2.95993,-6.08664,,2019
GBPJPY,1,2019-08-05 06:00:00,2019-08-05 10:00:00,128.758,128.23098,128.23098,129.81205,0.2596,-52.7,-124.5,-124.82,4,stop_loss,38.88993,0.35135,-4.22796,-5.96925,,2019
GBPJPY,-1,2019-08-07 17:00:00,2019-08-07 21:00:00,128.551,129.02758,129.02758,127.59784,0.2842,-47.7,-123.25,-123.57,4,stop_loss,18.75329,0.31772,-2.13503,-5.25011,new_york,2019
GBPJPY,1,2019-08-08 00:00:00,2019-08-08 10:00:00,129.027,129.154,128.57654,129.92792,0.2976,12.7,34.39,34.08,10,time_exit,15.75246,0.30031,-0.25016,-5.45353,,2019
GBPJPY,-1,2019-08-08 20:00:00,2019-08-09 06:00:00,128.933,128.644,129.34319,128.11263,0.3278,28.9,86.21,85.89,10,time_exit,15.95441,0.27346,-0.30424,-5.15909,new_york,2019
GBPJPY,-1,2019-08-14 15:00:00,2019-08-15 01:00:00,127.766,127.586,128.21525,126.86751,0.3014,18.0,49.37,49.05,10,time_exit,30.40928,0.2995,-0.73702,-2.85565,london,2019
GBPJPY,-1,2019-08-15 01:00:00,2019-08-15 09:00:00,127.54,127.95593,127.95593,126.70813,0.3268,-41.6,-123.69,-124.01,8,stop_loss,20.30963,0.27729,-1.36733,-3.01602,,2019
GBPJPY,1,2019-08-16 02:00:00,2019-08-16 12:00:00,128.328,129.20638,127.88881,129.20638,0.3064,87.8,244.91,244.59,10,take_profit,22.91506,0.29279,0.70293,-1.69115,,2019
GBPJPY,-1,2019-08-19 04:00:00,2019-08-19 09:00:00,129.148,129.46933,129.46933,128.50534,0.4272,-32.1,-124.92,-125.24,5,stop_loss,31.02039,0.21422,1.9722,0.09938,,2019
GBPJPY,1,2019-08-19 16:00:00,2019-08-20 02:00:00,129.142,129.242,128.82985,129.76629,0.4353,10.0,39.61,39.29,10,time_exit,18.52207,0.2081,1.12068,0.71611,new_york,2019
GBPJPY,-1,2019-08-22 00:00:00,2019-08-22 10:00:00,129.224,129.181,129.5217,128.62859,0.4579,4.3,17.92,17.6,10,time_exit,13.72312,0.19847,0.14787,1.20699,,2019
GBPJPY,-1,2019-08-22 11:00:00,2019-08-22 14:00:00,129.181,129.47356,129.47356,128.59589,0.4666,-29.3,-124.22,-124.54,3,stop_loss,13.41919,0.19504,0.07736,1.01295,london,2019
GBPJPY,-1,2019-08-23 08:00:00,2019-08-23 18:00:00,130.352,129.73216,130.66192,129.73216,0.436,62.0,245.93,245.61,10,take_profit,36.15526,0.20661,2.76858,2.80307,london,2019
GBPJPY,-1,2019-08-26 04:00:00,2019-08-26 05:00:00,128.96,129.50374,129.50374,127.87251,0.2535,-54.4,-125.43,-125.75,1,stop_loss,37.63202,0.3625,-1.86952,0.99645,,2019
GBPJPY,-1,2019-08-27 19:00:00,2019-08-28 05:00:00,130.01,129.882,130.43844,129.15312,0.3185,12.8,37.1,36.78,10,time_exit,21.92543,0.28563,1.41594,0.8316,new_york,2019
GBPJPY,1,2019-08-28 15:00:00,2019-08-29 01:00:00,129.085,129.52,128.64016,129.97467,0.3077,43.5,121.8,121.48,10,time_exit,29.74927,0.29656,-1.87019,0.70132,london,2019
GBPJPY,-1,2019-08-30 08:00:00,2019-08-30 18:00:00,129.628,129.308,129.9187,129.04659,0.4754,32.0,138.44,138.12,10,time_exit,19.4274,0.1938,-0.05225,0.77741,london,2019
GBPJPY,1,2019-09-02 09:00:00,2019-09-02 11:00:00,129.171,128.85334,128.85334,129.80631,0.4398,-31.8,-127.13,-127.45,2,stop_loss,31.70943,0.21177,-0.99983,-0.27221,london,2019
GBPJPY,1,2019-09-02 15:00:00,2019-09-02 17:00:00,128.451,128.08768,128.08768,129.17764,0.3807,-36.3,-125.87,-126.19,2,stop_loss,35.08334,0.24221,-3.17544,-0.7179,london,2019
GBPJPY,-1,2019-09-03 15:00:00,2019-09-03 17:00:00,127.585,128.1325,128.1325,126.49001,0.2501,-54.7,-124.61,-124.92,2,stop_loss,49.40082,0.365,-2.10581,-1.96628,london,2019
GBPJPY,-1,2019-09-03 20:00:00,2019-09-04 06:00:00,128.02,128.297,128.55826,126.94348,0.2518,-27.7,-63.47,-63.79,10,time_exit,36.72699,0.35884,-0.70783,-2.06609,new_york,2019
GBPJPY,1,2019-09-05 16:00:00,2019-09-06 02:00:00,131.769,131.962,131.25163,132.80375,0.2606,19.3,45.77,45.45,10,time_exit,50.88275,0.34492,5.8423,1.45009,new_york,2019
GBPJPY,-1,2019-09-09 07:00:00,2019-09-09 11:00:00,131.191,131.47922,131.47922,130.61455,0.4696,-28.8,-123.17,-123.49,4,stop_loss,19.4456,0.19215,0.18325,5.95018,london,2019
GBPJPY,-1,2019-09-09 15:00:00,2019-09-10 01:00:00,132.21,132.355,132.62829,131.37341,0.3203,-14.5,-42.26,-42.58,10,time_exit,23.44057,0.27886,3.23847,4.18089,london,2019
GBPJPY,-1,2019-09-10 15:00:00,2019-09-11 01:00:00,132.523,132.831,132.92544,131.71812,0.3318,-30.8,-93.0,-93.32,10,time_exit,26.0016,0.26829,1.96727,5.10078,london,2019
GBPJPY,-1,2019-09-11 16:00:00,2019-09-12 02:00:00,132.942,133.231,133.28413,132.25775,0.3873,-28.9,-101.86,-102.17,10,time_exit,27.69214,0.22808,1.49163,6.43729,new_york,2019
GBPJPY,1,2019-09-13 08:00:00,2019-09-13 11:00:00,133.535,134.18887,133.20807,134.18887,0.4018,65.4,239.08,238.76,3,take_profit,10.67775,0.21796,2.01864,5.94023,london,2019
GBPJPY,1,2019-09-13 20:00:00,2019-09-16 00:00:00,134.797,134.38135,134.38135,135.6283,0.3224,-41.6,-121.94,-122.26,4,stop_loss,36.92301,0.2771,4.30351,5.44815,new_york,2019
GBPJPY,1,2019-09-16 12:00:00,2019-09-16 22:00:00,133.967,134.306,133.54313,134.81475,0.313,33.9,96.56,96.24,10,time_exit,25.55809,0.28258,-0.29808,5.62387,london,2019
GBPJPY,1,2019-09-17 12:00:00,2019-09-17 17:00:00,134.156,134.81688,133.82556,134.81688,0.4047,66.1,243.39,243.07,5,take_profit,15.92011,0.22029,-0.14267,6.07442,london,2019
GBPJPY,-1,2019-09-18 03:00:00,2019-09-18 13:00:00,135.134,134.837,135.43285,134.5363,0.4564,29.7,123.35,123.03,10,time_exit,28.44408,0.19923,3.06154,6.99158,,2019
GBPJPY,-1,2019-09-18 18:00:00,2019-09-18 22:00:00,135.108,135.4257,135.4257,134.47259,0.4335,-31.8,-125.33,-125.65,4,stop_loss,21.12397,0.2118,1.77094,6.34156,new_york,2019
GBPJPY,1,2019-09-19 02:00:00,2019-09-19 04:00:00,135.237,134.90013,134.90013,135.91074,0.4048,-33.7,-124.09,-124.41,2,stop_loss,21.60129,0.22458,1.74759,5.87778,,2019
GBPJPY,-1,2019-09-19 11:00:00,2019-09-19 20:00:00,134.774,135.14797,135.14797,134.02606,0.361,-37.4,-122.85,-123.17,9,stop_loss,19.86301,0.24931,-0.19194,4.76497,london,2019
GBPJPY,1,2019-09-20 00:00:00,2019-09-20 10:00:00,135.258,135.67,134.86781,136.03838,0.3425,41.2,128.41,128.09,10,time_exit,16.74505,0.26013,1.65246,4.20657,,2019
GBPJPY,1,2019-09-20 11:00:00,2019-09-20 12:00:00,135.67,135.33612,135.33612,136.33777,0.4045,-33.4,-122.9,-123.22,1,stop_loss,18.56947,0.22259,2.66858,5.00259,london,2019
GBPJPY,1,2019-09-23 13:00:00,2019-09-23 17:00:00,133.771,133.35107,133.35107,134.61086,0.3184,-42.0,-121.67,-121.99,4,stop_loss,30.62785,0.27995,-2.9501,1.90122,london,2019
GBPJPY,1,2019-09-23 21:00:00,2019-09-24 07:00:00,133.594,133.732,133.20788,134.36624,0.3428,13.8,43.05,42.73,10,time_exit,37.85545,0.25741,-2.78057,1.10127,new_york,2019
GBPJPY,-1,2019-09-24 11:00:00,2019-09-24 12:00:00,133.64,133.93852,133.93852,133.04296,0.4449,-29.9,-120.86,-121.18,1,stop_loss,25.83638,0.19901,-2.09829,0.33721,london,2019
GBPJPY,-1,2019-09-24 23:00:00,2019-09-25 09:00:00,133.756,133.969,134.17468,132.91863,0.314,-21.3,-60.86,-61.18,10,time_exit,21.194,0.27912,-0.93577,0.12803,,2019
GBPJPY,1,2019-09-25 14:00:00,2019-09-25 17:00:00,133.227,132.84281,132.84281,133.99539,0.3405,-38.4,-119.04,-119.36,3,stop_loss,14.85438,0.25613,-2.4845,-0.31481,london,2019
GBPJPY,-1,2019-09-25 22:00:00,2019-09-26 08:00:00,133.129,133.132,133.51911,132.34878,0.332,-0.3,-0.91,-1.22,10,time_exit,24.61039,0.26007,-2.09913,-0.80398,,2019
GBPJPY,-1,2019-09-27 12:00:00,2019-09-27 13:00:00,132.569,132.89309,132.89309,131.92082,0.3996,-32.4,-117.85,-118.17,1,stop_loss,33.65816,0.21606,-2.21086,-2.44941,london,2019
GBPJPY,-1,2019-09-30 00:00:00,2019-09-30 10:00:00,132.748,132.691,133.09382,132.05636,0.3707,5.7,19.23,18.91,10,time_exit,25.02636,0.23055,-1.46007,-2.24735,,2019
GBPJPY,1,2019-09-30 23:00:00,2019-10-01 09:00:00,132.944,132.927,132.60171,133.62858,0.3751,-1.7,-5.8,-6.12,10,time_exit,22.28566,0.22819,0.27033,-2.07129,,2019
GBPJPY,-1,2019-10-01 14:00:00,2019-10-01 15:00:00,133.205,132.60251,133.50625,132.60251,0.426,60.2,233.56,233.24,1,take_profit,26.95716,0.20083,1.37346,-1.84967,london,2019
GBPJPY,-1,2019-10-01 19:00:00,2019-10-01 20:00:00,131.854,132.23901,132.23901,131.08398,0.34,-38.5,-119.12,-119.44,1,stop_loss,27.69378,0.25667,-3.72016,-1.71969,new_york,2019
GBPJPY,-1,2019-10-03 14:00:00,2019-10-03 15:00:00,131.635,132.01206,132.01206,130.88088,0.3437,-37.7,-117.93,-118.25,1,stop_loss,17.20764,0.25137,-1.73463,-2.94742,london,2019
GBPJPY,-1,2019-10-04 08:00:00,2019-10-04 18:00:00,131.77,131.58,132.0636,131.18279,0.4369,19.0,75.54,75.22,10,time_exit,11.12089,0.19574,-1.26469,-3.3772,london,2019
GBPJPY,1,2019-10-04 23:00:00,2019-10-07 00:00:00,131.805,131.46232,131.46232,132.49037,0.3768,-34.3,-117.5,-117.82,1,stop_loss,11.68703,0.22846,-0.32032,-2.90972,,2019
GBPJPY,-1,2019-10-07 19:00:00,2019-10-07 20:00:00,131.916,132.22031,132.22031,131.30737,0.42,-30.4,-116.31,-116.63,1,stop_loss,12.58198,0.20288,0.74674,-3.06012,new_york,2019
GBPJPY,-1,2019-10-08 09:00:00,2019-10-08 11:00:00,132.057,131.60875,132.28112,131.60875,0.5646,44.8,230.3,229.98,2,take_profit,21.90658,0.14942,1.51087,-3.25151,london,2019
GBPJPY,-1,2019-10-08 19:00:00,2019-10-08 20:00:00,130.669,131.04415,131.04415,129.91869,0.344,-37.5,-117.44,-117.76,1,stop_loss,31.08145,0.2501,-3.52475,-2.59416,new_york,2019
GBPJPY,1,2019-10-09 07:00:00,2019-10-09 11:00:00,130.904,131.48286,130.61457,131.48286,0.4414,57.9,232.51,232.19,4,take_profit,29.35123,0.19295,-1.95567,-3.95968,london,2019
GBPJPY,-1,2019-10-10 06:00:00,2019-10-10 16:00:00,131.453,131.85131,131.85131,130.65639,0.3272,-39.8,-118.6,-118.91,10,stop_loss,24.68108,0.26554,0.90425,-2.45085,,2019
GBPJPY,-1,2019-10-14 12:00:00,2019-10-14 17:00:00,136.163,136.73657,136.73657,135.01587,0.2249,-57.4,-117.39,-117.7,5,stop_loss,44.27223,0.38238,2.41446,5.32798,london,2019
GBPJPY,1,2019-10-16 12:00:00,2019-10-16 18:00:00,138.511,139.81355,137.85973,139.81355,0.1961,130.3,232.44,232.12,6,take_profit,35.98149,0.43418,2.20958,6.17579,london,2019
GBPJPY,-1,2019-10-17 14:00:00,2019-10-18 00:00:00,140.17,140.003,140.99183,138.52634,0.1585,16.7,24.09,23.77,10,time_exit,23.49429,0.54789,2.57437,5.21526,london,2019
GBPJPY,-1,2019-10-22 20:00:00,2019-10-22 21:00:00,140.601,141.06603,141.06603,139.67095,0.2807,-46.5,-118.78,-119.1,1,stop_loss_ambiguous,17.36084,0.31002,0.48043,6.89102,new_york,2019
GBPJPY,1,2019-10-23 05:00:00,2019-10-23 15:00:00,139.208,139.794,138.62537,140.37325,0.2218,58.6,118.28,117.96,10,time_exit,29.01443,0.38842,-2.65713,4.62955,,2019
GBPJPY,-1,2019-10-24 04:00:00,2019-10-24 10:00:00,140.304,140.68551,140.68551,139.54097,0.3421,-38.2,-118.77,-119.09,6,stop_loss,18.46792,0.25434,1.05124,5.16036,,2019
GBPJPY,1,2019-10-24 13:00:00,2019-10-24 16:00:00,140.014,139.63533,139.63533,140.77135,0.3412,-37.9,-117.58,-117.89,3,stop_loss,17.59841,0.25245,-0.34019,4.92887,london,2019
GBPJPY,1,2019-10-25 01:00:00,2019-10-25 11:00:00,139.519,139.383,139.0815,140.394,0.2924,-13.6,-36.19,-36.51,10,time_exit,12.87725,0.29167,-1.39305,3.35641,,2019
GBPJPY,1,2019-10-25 11:00:00,2019-10-25 15:00:00,139.461,139.11496,139.11496,140.15309,0.3685,-34.6,-116.04,-116.36,4,stop_loss,9.72953,0.2307,-1.44848,3.43639,london,2019
GBPJPY,1,2019-10-28 07:00:00,2019-10-28 16:00:00,139.412,139.94016,139.14792,139.94016,0.478,52.8,229.74,229.42,9,take_profit,6.89328,0.17605,-0.90796,2.84467,london,2019
GBPJPY,1,2019-10-30 04:00:00,2019-10-30 14:00:00,140.023,140.367,139.71717,140.63465,0.421,34.4,131.79,131.47,10,time_exit,20.39072,0.20388,0.39582,2.66031,,2019
GBPJPY,-1,2019-11-04 00:00:00,2019-11-04 10:00:00,139.915,140.17867,140.17867,139.38765,0.4938,-26.4,-118.48,-118.8,10,stop_loss,10.97764,0.17578,-0.40741,1.63117,,2019
GBPJPY,1,2019-11-07 12:00:00,2019-11-07 14:00:00,140.337,140.04404,140.04404,140.92292,0.44,-29.3,-117.3,-117.62,2,stop_loss,30.69249,0.19531,0.99024,0.73447,london,2019
GBPJPY,-1,2019-11-07 18:00:00,2019-11-08 04:00:00,140.187,139.953,140.54507,139.47085,0.3564,23.4,75.89,75.57,10,time_exit,24.45542,0.23872,0.23275,0.55204,new_york,2019
GBPJPY,1,2019-11-08 22:00:00,2019-11-11 08:00:00,139.543,139.438,139.27871,140.07157,0.486,-10.5,-46.44,-46.76,10,time_exit,17.42148,0.17619,-2.50096,-0.03816,,2019
GBPJPY,-1,2019-11-11 11:00:00,2019-11-11 13:00:00,139.553,139.7689,139.7689,139.1212,0.5925,-21.6,-116.41,-116.73,2,stop_loss,24.03577,0.14393,-1.80515,-0.87644,london,2019
GBPJPY,1,2019-11-11 22:00:00,2019-11-12 08:00:00,140.158,140.514,139.89142,140.69117,0.475,35.6,153.88,153.56,10,time_exit,27.49759,0.17772,1.31732,-0.18068,,2019
GBPJPY,1,2019-11-14 03:00:00,2019-11-14 08:00:00,139.725,139.47176,139.47176,140.23148,0.5067,-25.3,-116.77,-117.09,5,stop_loss,22.61659,0.16883,-1.24518,-0.28905,,2019
GBPJPY,-1,2019-11-14 13:00:00,2019-11-14 23:00:00,139.675,139.645,139.95093,139.12315,0.4604,3.0,12.57,12.25,10,time_exit,24.65526,0.18395,-0.80494,-0.67484,london,2019
GBPJPY,1,2019-11-15 05:00:00,2019-11-15 10:00:00,139.947,139.70374,139.70374,140.43352,0.5228,-24.3,-115.73,-116.05,5,stop_loss,19.53936,0.16217,1.23425,-0.96166,,2019
GBPJPY,1,2019-11-18 04:00:00,2019-11-18 09:00:00,140.619,141.0783,140.38935,141.0783,0.5482,45.9,229.13,228.81,5,take_profit,45.7554,0.1531,3.79547,0.51545,,2019
GBPJPY,1,2019-11-20 01:00:00,2019-11-20 03:00:00,140.3,140.02672,140.02672,140.84655,0.4699,-27.3,-116.86,-117.17,2,stop_loss,25.29127,0.18218,-1.18298,1.60651,,2019
GBPJPY,-1,2019-11-20 16:00:00,2019-11-20 17:00:00,140.046,140.3416,140.3416,139.4548,0.4301,-29.6,-115.69,-116.01,1,stop_loss,45.97622,0.19707,-1.2393,0.4811,new_york,2019
GBPJPY,-1,2019-11-21 03:00:00,2019-11-21 07:00:00,140.059,140.36804,140.36804,139.44093,0.4072,-30.9,-114.51,-114.83,4,stop_loss,27.536,0.20602,-1.07041,0.36932,,2019
GBPJPY,1,2019-11-21 19:00:00,2019-11-22 05:00:00,140.153,140.279,139.82616,140.80668,0.3812,12.6,43.71,43.39,10,time_exit,22.90149,0.21789,-0.89253,0.52805,new_york,2019
GBPJPY,1,2019-11-22 05:00:00,2019-11-22 11:00:00,140.268,140.0167,140.0167,140.77061,0.4977,-25.1,-113.82,-114.14,6,stop_loss,14.86448,0.16754,-0.26029,0.46826,,2019
GBPJPY,1,2019-11-25 22:00:00,2019-11-26 08:00:00,140.621,140.498,140.36305,141.1369,0.48,-12.3,-53.73,-54.04,10,time_exit,32.44518,0.17197,3.03963,-0.27762,,2019
GBPJPY,-1,2019-11-26 09:00:00,2019-11-26 12:00:00,140.496,140.02925,140.72937,140.02925,0.528,46.7,224.26,223.95,3,take_profit,41.45432,0.15558,1.52409,0.46336,london,2019
GBPJPY,1,2019-11-27 12:00:00,2019-11-27 17:00:00,140.408,140.85347,140.18527,140.85347,0.5642,44.5,228.71,228.39,5,take_profit,15.12067,0.14849,1.10738,0.30795,london,2019
GBPJPY,1,2019-11-27 20:00:00,2019-11-27 21:00:00,140.979,141.4856,140.7257,141.4856,0.5061,50.7,233.31,232.99,1,take_profit,28.50111,0.16887,3.52352,0.85197,new_york,2019
GBPJPY,-1,2019-12-02 02:00:00,2019-12-02 03:00:00,141.427,141.67272,141.67272,140.93556,0.5321,-24.6,-118.98,-119.3,1,stop_loss,17.85631,0.16381,0.66288,3.52841,,2019
GBPJPY,-1,2019-12-03 05:00:00,2019-12-03 09:00:00,141.157,141.40813,141.40813,140.65474,0.5154,-25.1,-117.78,-118.1,4,stop_loss,24.14179,0.16742,-0.85504,2.49712,,2019
GBPJPY,1,2019-12-06 23:00:00,2019-12-09 09:00:00,142.669,142.988,142.39183,143.22334,0.4623,31.9,134.2,133.88,10,time_exit,24.56868,0.18478,0.03523,4.70566,,2019
GBPJPY,-1,2019-12-10 00:00:00,2019-12-10 03:00:00,142.626,142.86767,142.86767,142.14267,0.5363,-24.2,-117.94,-118.26,3,stop_loss,12.36388,0.16111,-0.46167,4.52068,,2019
GBPJPY,-1,2019-12-11 10:00:00,2019-12-11 11:00:00,142.6,142.88849,142.88849,142.02302,0.4448,-28.8,-116.77,-117.09,1,stop_loss,18.55648,0.19233,-1.57189,3.22251,london,2019
GBPJPY,1,2019-12-11 15:00:00,2019-12-12 01:00:00,142.927,143.288,142.63743,143.50614,0.4387,36.1,144.12,143.8,10,time_exit,17.23101,0.19305,0.11667,3.04371,london,2019
GBPJPY,-1,2019-12-12 12:00:00,2019-12-12 15:00:00,143.281,142.77921,143.5319,142.77921,0.5126,50.2,234.07,233.75,3,take_profit,20.97125,0.16726,0.62857,3.97031,london,2019
GBPJPY,-1,2019-12-16 02:00:00,2019-12-16 08:00:00,146.066,146.6713,146.6713,144.85539,0.2167,-60.5,-119.36,-119.68,6,stop_loss,17.67447,0.40354,1.79525,4.4835,,2019
GBPJPY,-1,2019-12-19 04:00:00,2019-12-19 09:00:00,143.387,143.70719,143.70719,142.74661,0.4056,-32.0,-118.18,-118.5,5,stop_loss,36.05115,0.21346,-2.47501,-0.37277,,2019
GBPJPY,-1,2019-12-24 13:00:00,2019-12-24 19:00:00,141.53,141.78414,141.78414,141.02172,0.5058,-25.4,-116.97,-117.29,6,stop_loss,25.65613,0.16943,-2.34875,-6.16456,london,2019
GBPJPY,1,2019-12-26 01:00:00,2019-12-26 11:00:00,141.888,142.215,141.61647,142.43107,0.4687,32.7,139.47,139.15,10,time_exit,17.63915,0.18102,0.11594,-5.53907,,2019
GBPJPY,1,2019-12-26 17:00:00,2019-12-27 03:00:00,142.387,142.14658,142.14658,142.86784,0.5357,-24.0,-117.2,-117.52,10,stop_loss,31.18648,0.16028,2.21583,-4.59419,new_york,2019
GBPJPY,-1,2019-12-30 07:00:00,2019-12-30 14:00:00,143.109,143.40225,143.40225,142.52249,0.4348,-29.3,-116.03,-116.35,7,stop_loss,24.46859,0.1955,1.38458,0.03465,london,2019
GBPJPY,-1,2019-12-30 22:00:00,2019-12-31 08:00:00,142.746,142.533,143.06992,142.09816,0.3897,21.3,75.54,75.22,10,time_exit,25.9245,0.21595,-0.90263,0.3454,,2019
GBPJPY,-1,2019-12-31 11:00:00,2019-12-31 12:00:00,142.731,143.00271,143.00271,142.18757,0.4676,-27.2,-115.62,-115.94,1,stop_loss,34.75178,0.18114,-0.58327,-0.04644,london,2019
GBPJPY,1,2020-01-02 19:00:00,2020-01-03 04:00:00,142.344,141.91435,141.91435,143.20329,0.2927,-43.0,-114.44,-114.76,9,stop_loss,30.61722,0.28643,-3.39338,1.0049,new_york,2020
GBPJPY,1,2020-01-03 17:00:00,2020-01-06 00:00:00,141.458,140.98217,140.98217,142.40966,0.2617,-47.6,-113.32,-113.64,7,stop_loss,50.42716,0.31722,-3.19764,-1.13926,new_york,2020
GBPJPY,1,2020-01-06 17:00:00,2020-01-07 02:00:00,142.06,142.89032,141.64484,142.89032,0.2969,83.0,224.34,224.02,9,take_profit,31.47042,0.27677,0.54491,-2.26165,new_york,2020
GBPJPY,1,2020-01-08 19:00:00,2020-01-09 05:00:00,142.932,143.109,142.29856,144.19888,0.1985,17.7,31.97,31.65,10,time_exit,13.68608,0.42229,1.33421,-0.33894,new_york,2020
GBPJPY,1,2020-01-09 12:00:00,2020-01-09 22:00:00,142.565,143.081,142.11641,143.46217,0.2811,51.6,131.99,131.67,10,time_exit,12.55315,0.29906,-0.48266,0.39445,london,2020
GBPJPY,-1,2020-01-14 13:00:00,2020-01-14 18:00:00,142.9,143.2043,143.2043,142.29139,0.4191,-30.4,-116.06,-116.37,5,stop_loss,18.8734,0.20287,0.12349,0.52816,london,2020
GBPJPY,-1,2020-01-16 09:00:00,2020-01-16 10:00:00,143.408,143.63867,143.63867,142.94666,0.5473,-23.1,-114.88,-115.2,1,stop_loss,22.10177,0.15378,1.60904,1.61442,london,2020
GBPJPY,-1,2020-01-16 10:00:00,2020-01-16 11:00:00,143.374,143.60684,143.60684,142.90833,0.5368,-23.3,-113.74,-114.06,1,stop_loss,22.19939,0.15522,1.29635,1.62297,london,2020
GBPJPY,1,2020-01-17 08:00:00,2020-01-17 11:00:00,144.076,143.83957,143.83957,144.54887,0.5233,-23.6,-112.59,-112.91,3,stop_loss,38.1554,0.15762,2.88508,3.20669,london,2020
GBPJPY,-1,2020-01-21 09:00:00,2020-01-21 10:00:00,142.939,143.16156,143.16156,142.49388,0.5503,-22.3,-111.45,-111.77,1,stop_loss,21.9045,0.14837,-2.32037,0.6253,london,2020
GBPJPY,-1,2020-01-21 10:00:00,2020-01-21 11:00:00,143.043,143.26981,143.26981,142.58939,0.5346,-22.7,-110.34,-110.66,1,stop_loss,22.18821,0.1512,-1.50139,0.56175,london,2020
GBPJPY,1,2020-01-24 15:00:00,2020-01-24 17:00:00,143.422,143.07955,143.07955,144.10691,0.3505,-34.2,-109.23,-109.55,2,stop_loss,12.70103,0.2283,-1.26203,0.97147,london,2020
GBPJPY,-1,2020-01-27 00:00:00,2020-01-27 10:00:00,142.427,142.529,142.75205,141.77691,0.3656,-10.2,-33.93,-34.25,10,time_exit,24.7258,0.2167,-2.98915,0.23215,,2020
GBPJPY,-1,2020-01-27 13:00:00,2020-01-27 23:00:00,142.544,142.202,142.91,141.812,0.3237,34.2,100.74,100.42,10,time_exit,39.52058,0.244,-2.15842,-1.03165,london,2020
GBPJPY,1,2020-01-28 19:00:00,2020-01-29 05:00:00,141.873,142.173,141.50866,142.60168,0.3282,30.0,89.6,89.28,10,time_exit,38.58517,0.24289,-1.98486,-2.68603,new_york,2020
GBPJPY,1,2020-01-29 23:00:00,2020-01-30 05:00:00,141.942,141.68069,141.68069,142.46462,0.4613,-26.1,-109.69,-110.01,6,stop_loss,17.81469,0.17421,-1.04394,-3.69018,,2020
GBPJPY,-1,2020-01-30 21:00:00,2020-01-30 22:00:00,142.137,142.51334,142.51334,141.38433,0.3171,-37.6,-108.6,-108.91,1,stop_loss,22.46013,0.25089,0.28211,-2.16895,new_york,2020
GBPJPY,-1,2020-02-03 03:00:00,2020-02-03 11:00:00,142.945,142.24642,143.29429,142.24642,0.3382,69.9,215.0,214.68,8,take_profit,17.85973,0.23286,1.20124,-0.08702,,2020
GBPJPY,1,2020-02-03 13:00:00,2020-02-03 18:00:00,141.589,141.2115,141.2115,142.34401,0.3192,-37.8,-109.65,-109.97,5,stop_loss,20.06731,0.25167,-4.13198,-0.19132,london,2020
GBPJPY,1,2020-02-04 19:00:00,2020-02-05 05:00:00,142.536,142.524,142.10506,143.39787,0.2768,-1.2,-3.02,-3.34,10,time_exit,29.78342,0.28729,2.01457,-1.52658,new_york,2020
GBPJPY,1,2020-02-05 22:00:00,2020-02-06 08:00:00,142.659,142.683,142.27699,143.42302,0.3122,2.4,6.82,6.5,10,time_exit,18.78039,0.25467,0.77046,-0.04842,,2020
GBPJPY,1,2020-02-07 17:00:00,2020-02-07 18:00:00,141.923,141.63725,141.63725,142.49449,0.4176,-28.6,-108.59,-108.91,1,stop_loss,35.52669,0.1905,-1.89265,-0.71266,new_york,2020
GBPJPY,-1,2020-02-13 12:00:00,2020-02-13 14:00:00,142.354,142.61404,142.61404,141.83392,0.4543,-26.0,-107.5,-107.82,2,stop_loss,24.57296,0.17336,-0.05721,0.49524,london,2020
GBPJPY,1,2020-02-14 18:00:00,2020-02-17 04:00:00,142.86,143.301,142.56419,143.45162,0.3953,44.1,158.64,158.32,10,time_exit,28.18831,0.19721,-0.19774,2.03587,new_york,2020
GBPJPY,-1,2020-02-17 20:00:00,2020-02-18 03:00:00,143.027,142.6118,143.2346,142.6118,0.5717,41.5,216.0,215.69,7,take_profit,16.70211,0.1384,-0.19907,2.9462,new_york,2020
GBPJPY,1,2020-02-18 09:00:00,2020-02-18 10:00:00,142.555,142.36027,142.36027,142.94445,0.6217,-19.5,-110.17,-110.48,1,stop_loss,36.63246,0.12982,-2.84627,2.03252,london,2020
GBPJPY,1,2020-02-20 06:00:00,2020-02-20 11:00:00,143.754,144.4244,143.4188,144.4244,0.3575,67.0,218.1,217.78,5,take_profit,43.94653,0.22347,1.80547,2.0619,,2020
GBPJPY,1,2020-02-20 22:00:00,2020-02-21 08:00:00,144.344,144.383,143.93355,145.1649,0.2978,3.9,10.57,10.25,10,time_exit,46.08116,0.27363,2.21448,2.41619,,2020
GBPJPY,1,2020-02-21 23:00:00,2020-02-24 00:00:00,144.655,144.28894,144.28894,145.38712,0.3342,-36.6,-111.33,-111.65,1,stop_loss,19.81924,0.24404,1.62191,3.53086,,2020
GBPJPY,1,2020-02-24 07:00:00,2020-02-24 10:00:00,144.347,143.99076,143.99076,145.05948,0.34,-35.6,-110.22,-110.54,3,stop_loss,25.00721,0.23749,0.23122,3.45064,london,2020
GBPJPY,1,2020-02-25 02:00:00,2020-02-25 12:00:00,143.271,143.309,142.85954,144.09392,0.2914,3.8,10.08,9.76,10,time_exit,39.58468,0.27431,-1.92068,1.2135,,2020
GBPJPY,1,2020-02-27 22:00:00,2020-02-27 23:00:00,141.746,141.30403,141.30403,142.62995,0.2715,-44.2,-109.2,-109.51,1,stop_loss,36.6135,0.29465,-2.43874,-2.0987,,2020
GBPJPY,-1,2020-02-28 01:00:00,2020-02-28 05:00:00,141.197,140.2566,141.6672,140.2566,0.2527,94.0,216.25,215.93,4,take_profit,38.97304,0.31347,-3.62274,-2.22101,,2020
GBPJPY,1,2020-03-02 17:00:00,2020-03-03 03:00:00,137.386,137.992,136.66272,138.83256,0.1675,60.6,92.37,92.05,10,time_exit,46.31924,0.48219,-3.9913,-4.86252,new_york,2020
GBPJPY,1,2020-03-03 08:00:00,2020-03-03 18:00:00,137.741,137.61,137.15479,138.91343,0.2084,-13.1,-24.84,-25.16,10,time_exit,25.28745,0.39081,-2.53028,-6.19211,london,2020
GBPJPY,-1,2020-03-04 17:00:00,2020-03-04 19:00:00,137.45,137.9778,137.9778,136.39439,0.231,-52.8,-110.95,-111.27,2,stop_loss,13.61541,0.35187,-1.29883,-6.45161,new_york,2020
GBPJPY,1,2020-03-05 09:00:00,2020-03-05 17:00:00,138.203,137.81484,137.81484,138.97931,0.3109,-38.8,-109.82,-110.13,8,stop_loss,22.9374,0.25877,0.65719,-7.0801,london,2020
GBPJPY,1,2020-03-06 04:00:00,2020-03-06 11:00:00,137.355,136.9503,136.9503,138.1644,0.2952,-40.5,-108.72,-109.03,7,stop_loss,18.61242,0.2698,-1.94822,-6.01066,,2020
GBPJPY,-1,2020-03-06 15:00:00,2020-03-06 16:00:00,136.66,137.1338,137.1338,135.7124,0.2496,-47.4,-107.62,-107.94,1,stop_loss,26.06858,0.31587,-2.8937,-5.28591,london,2020
GBPJPY,1,2020-03-06 18:00:00,2020-03-09 00:00:00,137.279,136.74093,136.74093,138.35514,0.2176,-53.8,-106.55,-106.87,6,stop_loss,26.48481,0.35871,-0.66848,-4.63853,new_york,2020
GBPJPY,1,2020-03-09 10:00:00,2020-03-09 16:00:00,134.545,133.47226,133.47226,136.69048,0.1081,-107.3,-105.53,-105.84,6,stop_loss,40.23103,0.71516,-2.85326,-2.91196,london,2020
GBPJPY,1,2020-03-09 23:00:00,2020-03-10 07:00:00,134.133,136.19612,133.10144,136.19612,0.1112,206.3,208.77,208.45,8,take_profit,47.95363,0.68771,-2.14245,-3.64119,,2020
GBPJPY,1,2020-03-17 00:00:00,2020-03-17 10:00:00,129.862,130.355,128.55663,132.47274,0.0897,49.3,40.24,39.92,10,time_exit,33.70992,0.87025,-1.84533,-3.268,,2020
GBPJPY,-1,2020-03-17 12:00:00,2020-03-17 22:00:00,130.405,130.12,131.39785,128.4193,0.1183,28.5,30.68,30.36,10,time_exit,17.9689,0.6619,-1.08652,-4.29735,london,2020
GBPJPY,-1,2020-03-18 18:00:00,2020-03-18 19:00:00,127.384,125.54822,128.30189,125.54822,0.1284,183.6,214.5,214.18,1,take_profit,30.03246,0.61193,-3.83746,-4.9326,new_york,2020
GBPJPY,-1,2020-03-25 14:00:00,2020-03-25 18:00:00,132.247,130.33761,133.20169,130.33761,0.1259,190.9,218.76,218.44,4,take_profit,40.58201,0.63646,3.0826,0.06183,london,2020
GBPJPY,-1,2020-03-25 20:00:00,2020-03-26 06:00:00,131.87,131.28,132.99491,129.62018,0.109,59.0,58.52,58.2,10,time_exit,32.22817,0.74994,1.78984,0.28869,new_york,2020
GBPJPY,-1,2020-03-26 21:00:00,2020-03-27 07:00:00,133.004,132.741,134.05465,130.9027,0.1173,26.3,28.07,27.75,10,time_exit,17.59078,0.70043,2.42244,0.98815,new_york,2020
GBPJPY,-1,2020-03-27 15:00:00,2020-03-27 19:00:00,132.988,134.02479,134.02479,130.91443,0.1191,-103.7,-112.37,-112.69,4,stop_loss,11.12767,0.69119,1.19385,1.66895,london,2020
GBPJPY,-1,2020-04-02 02:00:00,2020-04-02 12:00:00,132.883,133.4504,133.4504,131.7482,0.2155,-56.7,-111.27,-111.59,10,stop_loss,25.06711,0.37827,-0.86265,2.16584,,2020
GBPJPY,1,2020-04-02 16:00:00,2020-04-03 02:00:00,133.078,133.866,132.55018,134.13363,0.2294,78.8,164.5,164.18,10,time_exit,18.73684,0.35188,-0.39902,2.05066,new_york,2020
GBPJPY,-1,2020-04-06 10:00:00,2020-04-06 11:00:00,133.711,134.26025,134.26025,132.6125,0.2237,-54.9,-111.81,-112.13,1,stop_loss,22.33965,0.36617,1.29362,1.27269,london,2020
GBPJPY,1,2020-04-08 01:00:00,2020-04-08 11:00:00,134.131,133.97,133.5467,135.2996,0.2082,-16.1,-30.5,-30.82,10,time_exit,15.04621,0.38953,0.52705,1.8946,,2020
GBPJPY,-1,2020-04-09 23:00:00,2020-04-10 09:00:00,135.187,135.071,135.67313,134.21475,0.2495,11.6,26.34,26.02,10,time_exit,21.94401,0.32408,1.31337,3.03834,,2020
GBPJPY,1,2020-04-10 16:00:00,2020-04-10 23:00:00,135.365,135.05044,135.05044,135.99413,0.3865,-31.5,-110.64,-110.96,7,stop_loss,12.94094,0.20971,1.85463,4.6706,new_york,2020
GBPJPY,1,2020-04-13 03:00:00,2020-04-13 04:00:00,134.987,134.6812,134.6812,135.5986,0.3936,-30.6,-109.53,-109.85,1,stop_loss,15.41928,0.20387,-0.2656,4.49766,,2020
GBPJPY,-1,2020-04-14 16:00:00,2020-04-14 23:00:00,135.079,135.45103,135.45103,134.33494,0.3203,-37.2,-108.44,-108.76,7,stop_loss,20.59953,0.24802,0.50133,2.40321,new_york,2020
GBPJPY,1,2020-04-15 08:00:00,2020-04-15 09:00:00,134.982,134.65885,134.65885,135.6283,0.365,-32.3,-107.33,-107.65,1,stop_loss,12.69975,0.21543,-0.31877,2.66459,london,2020
GBPJPY,-1,2020-04-16 13:00:00,2020-04-16 23:00:00,134.41,134.399,134.78608,133.65784,0.3105,1.1,3.11,2.79,10,time_exit,14.0919,0.25072,-1.19055,0.86423,london,2020
GBPJPY,-1,2020-04-17 12:00:00,2020-04-17 14:00:00,134.083,134.48272,134.48272,133.28357,0.2922,-40.0,-106.29,-106.6,2,stop_loss,20.16845,0.26648,-1.6951,0.22905,london,2020
GBPJPY,-1,2020-04-17 20:00:00,2020-04-20 06:00:00,134.478,134.51,134.90782,133.61836,0.269,-3.2,-7.83,-8.15,10,time_exit,16.24775,0.28655,0.0376,0.02973,new_york,2020
GBPJPY,1,2020-04-20 18:00:00,2020-04-20 22:00:00,134.257,133.89337,133.89337,134.98426,0.3177,-36.4,-105.13,-105.45,4,stop_loss,13.82097,0.24242,-0.55126,-0.19517,new_york,2020
GBPJPY,1,2020-04-21 05:00:00,2020-04-21 06:00:00,133.746,133.40529,133.40529,134.42741,0.3357,-34.1,-104.08,-104.4,1,stop_loss,14.9115,0.22714,-2.19399,-0.65359,,2020
GBPJPY,1,2020-04-21 10:00:00,2020-04-21 11:00:00,133.396,133.04123,133.04123,134.10553,0.3192,-35.5,-103.05,-103.37,1,stop_loss,25.50571,0.23651,-2.92095,-1.08399,london,2020
GBPJPY,-1,2020-04-22 05:00:00,2020-04-22 12:00:00,132.514,132.91995,132.91995,131.7021,0.2761,-40.6,-102.0,-102.31,7,stop_loss,26.29964,0.27063,-2.60122,-2.95464,,2020
GBPJPY,-1,2020-04-23 05:00:00,2020-04-23 08:00:00,132.896,133.27776,133.27776,132.13248,0.2907,-38.2,-100.99,-101.31,3,stop_loss,14.84698,0.25451,-0.25677,-3.11338,,2020
GBPJPY,1,2020-04-27 11:00:00,2020-04-27 21:00:00,133.271,133.222,132.89093,134.03114,0.2891,-4.9,-12.89,-13.21,10,time_exit,21.42281,0.25338,1.22531,-1.76101,london,2020
GBPJPY,1,2020-04-30 17:00:00,2020-04-30 18:00:00,133.248,133.92868,132.90766,133.92868,0.3224,68.1,199.7,199.38,1,take_profit,13.95137,0.22689,1.39905,-1.00016,new_york,2020
GBPJPY,-1,2020-05-01 10:00:00,2020-05-01 15:00:00,134.468,133.58504,134.90948,133.58504,0.2535,88.3,203.69,203.37,5,take_profit,30.77535,0.29432,2.21802,1.39069,london,2020
GBPJPY,1,2020-05-04 00:00:00,2020-05-04 02:00:00,133.403,132.95924,132.95924,134.29052,0.2572,-44.4,-103.86,-104.18,2,stop_loss,19.10315,0.29584,-0.87227,1.13148,,2020
GBPJPY,-1,2020-05-06 12:00:00,2020-05-06 17:00:00,131.616,130.99191,131.92804,130.99191,0.3621,62.4,205.64,205.32,5,take_profit,37.16608,0.20803,-5.00082,-2.1498,london,2020
GBPJPY,1,2020-05-07 04:00:00,2020-05-07 09:00:00,130.814,131.46672,130.48764,131.46672,0.3531,65.3,209.73,209.41,5,take_profit,61.42636,0.21757,-4.98673,-4.15189,,2020
GBPJPY,-1,2020-05-07 19:00:00,2020-05-08 03:00:00,131.336,131.80624,131.80624,130.39552,0.25,-47.0,-106.98,-107.3,8,stop_loss,40.20758,0.31349,-0.91605,-3.08645,new_york,2020
GBPJPY,-1,2020-05-08 23:00:00,2020-05-11 02:00:00,132.372,132.71702,132.71702,131.68196,0.3373,-34.5,-105.9,-106.22,3,stop_loss,35.46579,0.23001,2.36928,-2.52043,,2020
GBPJPY,-1,2020-05-12 00:00:00,2020-05-12 10:00:00,132.769,132.754,133.17556,131.95588,0.2834,1.5,3.87,3.55,10,time_exit,25.54903,0.27104,1.50027,-0.36706,,2020
GBPJPY,1,2020-05-13 19:00:00,2020-05-14 05:00:00,130.711,130.591,130.23183,131.66935,0.2405,-12.0,-26.26,-26.58,10,time_exit,24.35297,0.31945,-3.52467,-1.33516,new_york,2020
GBPJPY,-1,2020-05-15 10:00:00,2020-05-15 15:00:00,130.752,130.0039,131.12605,130.0039,0.3073,74.8,209.2,208.88,5,take_profit,17.03694,0.24937,-1.13933,-3.0015,london,2020
GBPJPY,-1,2020-05-15 22:00:00,2020-05-18 08:00:00,129.999,129.649,130.39593,129.20513,0.2954,35.0,94.08,93.77,10,time_exit,26.73481,0.26462,-2.79418,-3.31112,,2020
GBPJPY,-1,2020-05-20 04:00:00,2020-05-20 14:00:00,132.352,131.944,132.76353,131.52894,0.2874,40.8,106.71,106.39,10,time_exit,43.1202,0.27435,3.56845,-0.0727,,2020
GBPJPY,-1,2020-05-20 21:00:00,2020-05-21 07:00:00,131.523,131.336,131.91413,130.74074,0.3054,18.7,51.97,51.65,10,time_exit,21.02273,0.26075,-0.38221,0.5719,new_york,2020
GBPJPY,-1,2020-05-22 09:00:00,2020-05-22 19:00:00,131.261,130.895,131.59184,130.59931,0.3628,36.6,120.83,120.52,10,time_exit,11.81612,0.22056,-1.23954,0.26736,london,2020
GBPJPY,-1,2020-05-25 10:00:00,2020-05-25 17:00:00,131.102,131.36548,131.36548,130.57504,0.4605,-26.3,-110.41,-110.73,7,stop_loss,14.40297,0.17565,-0.76814,-0.88188,london,2020
GBPJPY,-1,2020-05-25 17:00:00,2020-05-26 03:00:00,131.343,131.59432,131.59432,130.84037,0.478,-25.1,-109.32,-109.64,10,stop_loss,13.32349,0.16754,0.65152,-0.85686,new_york,2020
GBPJPY,1,2020-05-26 15:00:00,2020-05-27 01:00:00,132.603,132.598,132.29565,133.21771,0.3869,-0.5,-1.76,-2.08,10,time_exit,38.35957,0.2049,4.91539,0.67148,london,2020
GBPJPY,1,2020-05-27 13:00:00,2020-05-27 15:00:00,132.844,132.46096,132.46096,133.61009,0.3104,-38.3,-108.2,-108.51,2,stop_loss,24.03647,0.25536,2.7154,1.86386,london,2020
GBPJPY,1,2020-05-29 01:00:00,2020-05-29 07:00:00,132.602,132.25415,132.25415,133.29771,0.3384,-34.8,-107.12,-107.44,6,stop_loss,18.81629,0.2319,1.31103,1.87849,,2020
GBPJPY,1,2020-05-29 12:00:00,2020-05-29 14:00:00,131.827,132.50565,131.48767,132.50565,0.3434,67.9,212.07,211.76,2,take_profit,17.47188,0.22622,-2.07698,1.71886,london,2020
GBPJPY,-1,2020-05-29 16:00:00,2020-05-29 17:00:00,132.393,132.77444,132.77444,131.63012,0.3116,-38.1,-108.16,-108.48,1,stop_loss,16.42758,0.25429,0.41957,1.43979,new_york,2020
GBPJPY,-1,2020-05-29 20:00:00,2020-05-29 23:00:00,132.789,133.25726,133.25726,131.85248,0.2513,-46.8,-107.08,-107.4,3,stop_loss,20.52217,0.31217,1.33079,1.33199,new_york,2020
GBPJPY,-1,2020-06-01 18:00:00,2020-06-02 03:00:00,134.262,134.73553,134.73553,133.31493,0.246,-47.4,-106.01,-106.32,9,stop_loss,27.80917,0.31569,4.12354,2.31912,new_york,2020
GBPJPY,1,2020-06-04 10:00:00,2020-06-04 15:00:00,136.648,136.25847,136.25847,137.42707,0.296,-39.0,-104.92,-105.24,5,stop_loss,23.5349,0.25969,1.58777,8.28694,london,2020
GBPJPY,1,2020-06-04 23:00:00,2020-06-05 09:00:00,137.471,138.303,136.92546,138.56207,0.2092,83.2,158.39,158.07,10,time_exit,23.65693,0.36369,2.52383,5.82228,,2020
GBPJPY,1,2020-06-10 02:00:00,2020-06-10 12:00:00,137.223,136.919,136.74012,138.18876,0.24,-30.4,-66.39,-66.71,10,time_exit,25.8081,0.32192,-0.86571,3.87384,,2020
GBPJPY,-1,2020-06-11 06:00:00,2020-06-11 15:00:00,136.158,135.25329,136.61035,135.25329,0.2546,90.5,209.61,209.29,9,take_profit,22.99648,0.30157,-2.71884,1.95819,,2020
GBPJPY,-1,2020-06-15 19:00:00,2020-06-15 21:00:00,134.622,135.23182,135.23182,133.40236,0.1926,-61.0,-106.88,-107.2,2,stop_loss,17.64357,0.40655,-0.41767,-2.04269,new_york,2020
GBPJPY,-1,2020-06-17 09:00:00,2020-06-17 10:00:00,134.621,135.09987,135.09987,133.66326,0.2428,-47.9,-105.8,-106.12,1,stop_loss,20.98683,0.31925,-1.45716,-1.32759,london,2020
GBPJPY,1,2020-06-17 10:00:00,2020-06-17 17:00:00,134.782,134.29041,134.29041,135.76518,0.2342,-49.2,-104.77,-105.09,7,stop_loss,19.62999,0.32773,-0.90351,-1.30788,london,2020
GBPJPY,1,2020-06-17 19:00:00,2020-06-18 04:00:00,134.351,133.80589,133.80589,135.44123,0.2091,-54.5,-103.72,-104.04,9,stop_loss,18.59858,0.36341,-1.6653,-1.31873,new_york,2020
GBPJPY,-1,2020-06-19 17:00:00,2020-06-22 03:00:00,132.23,131.895,132.69541,131.29918,0.2424,33.5,73.9,73.58,10,time_exit,30.95661,0.31027,-3.57318,-4.16753,new_york,2020
GBPJPY,-1,2020-06-22 10:00:00,2020-06-22 11:00:00,132.447,132.83071,132.83071,131.67958,0.2961,-38.4,-103.39,-103.71,1,stop_loss,24.83519,0.25581,-1.15292,-5.84989,london,2020
GBPJPY,-1,2020-06-25 08:00:00,2020-06-25 11:00:00,133.0,133.3509,133.3509,132.29819,0.3206,-35.1,-102.37,-102.69,3,stop_loss,16.67968,0.23394,-0.47711,-2.55509,london,2020
GBPJPY,-1,2020-06-25 23:00:00,2020-06-26 09:00:00,133.108,132.919,133.4679,132.3882,0.3094,18.9,53.21,52.9,10,time_exit,13.03509,0.23993,-0.11198,-2.08289,,2020
GBPJPY,1,2020-06-26 20:00:00,2020-06-29 06:00:00,132.295,132.511,131.9528,132.9794,0.3271,21.6,64.29,63.98,10,time_exit,31.17679,0.22813,-2.64769,-2.51607,new_york,2020
GBPJPY,-1,2020-06-29 10:00:00,2020-06-29 14:00:00,132.576,131.9636,132.8822,131.9636,0.3679,61.2,205.03,204.71,4,take_profit,24.50132,0.20413,-0.54664,-3.15207,london,2020
GBPJPY,-1,2020-06-29 18:00:00,2020-06-30 01:00:00,132.12,132.47493,132.47493,131.41013,0.3237,-35.5,-104.55,-104.87,7,stop_loss,24.5225,0.23662,-1.83966,-2.91345,new_york,2020
GBPJPY,1,2020-07-01 05:00:00,2020-07-01 06:00:00,133.582,133.2214,133.2214,134.30321,0.3154,-36.1,-103.5,-103.82,1,stop_loss,37.45071,0.2404,2.82378,-0.93702,,2020
GBPJPY,1,2020-07-01 19:00:00,2020-07-02 05:00:00,134.101,134.268,133.67303,134.95693,0.2631,16.7,39.98,39.66,10,time_exit,23.49074,0.28531,3.43064,-0.1395,new_york,2020
GBPJPY,-1,2020-07-02 09:00:00,2020-07-02 12:00:00,134.198,134.50683,134.50683,133.58033,0.366,-30.9,-102.86,-103.18,3,stop_loss,24.85787,0.20589,3.17354,1.25529,london,2020
GBPJPY,-1,2020-07-03 07:00:00,2020-07-03 17:00:00,133.995,134.049,134.25031,133.48438,0.4383,-5.4,-21.54,-21.86,10,time_exit,14.41158,0.17021,0.60645,2.55027,london,2020
GBPJPY,-1,2020-07-06 22:00:00,2020-07-07 08:00:00,134.092,134.37029,134.37029,133.53542,0.4012,-27.8,-101.6,-101.92,10,stop_loss,17.29825,0.18553,-0.52126,2.5952,,2020
GBPJPY,1,2020-07-08 10:00:00,2020-07-08 12:00:00,134.952,134.66471,134.66471,135.52659,0.3848,-28.7,-100.6,-100.92,2,stop_loss,28.55012,0.19153,1.46715,3.43589,london,2020
GBPJPY,1,2020-07-08 19:00:00,2020-07-09 05:00:00,135.211,135.32,134.85157,135.92986,0.3044,10.9,30.19,29.87,10,time_exit,22.54449,0.23962,1.79696,2.83901,new_york,2020
GBPJPY,1,2020-07-10 13:00:00,2020-07-10 23:00:00,134.664,134.959,134.37516,135.24169,0.38,29.5,102.01,101.69,10,time_exit,35.705,0.19256,-1.805,2.82488,london,2020
GBPJPY,-1,2020-07-13 13:00:00,2020-07-13 16:00:00,135.001,135.28662,135.28662,134.42976,0.3882,-28.6,-100.9,-101.22,3,stop_loss,17.4147,0.19041,-0.20651,2.3733,london,2020
GBPJPY,1,2020-07-13 23:00:00,2020-07-14 09:00:00,134.653,134.534,134.3444,135.2702,0.3557,-11.9,-38.52,-38.84,10,time_exit,16.80201,0.20573,-1.92231,2.00885,,2020
GBPJPY,1,2020-07-14 20:00:00,2020-07-15 06:00:00,134.504,134.848,134.16502,135.18195,0.3225,34.4,100.96,100.64,10,time_exit,25.80527,0.22598,-0.98521,0.52276,new_york,2020
GBPJPY,1,2020-07-15 18:00:00,2020-07-15 19:00:00,134.844,134.50332,134.50332,135.52536,0.3242,-34.1,-100.51,-100.83,1,stop_loss,13.73727,0.22712,0.26346,0.59158,new_york,2020
GBPJPY,1,2020-07-17 13:00:00,2020-07-17 17:00:00,134.42,134.13699,134.13699,134.98602,0.3863,-28.3,-99.49,-99.81,4,stop_loss,17.79193,0.18867,-1.13277,0.04599,london,2020
GBPJPY,-1,2020-07-21 08:00:00,2020-07-21 09:00:00,135.823,136.06923,136.06923,135.33054,0.4396,-24.6,-98.5,-98.82,1,stop_loss,46.55678,0.16415,3.91392,2.38821,london,2020
GBPJPY,-1,2020-07-21 17:00:00,2020-07-21 18:00:00,136.043,136.37455,136.37455,135.3799,0.3232,-33.2,-97.51,-97.83,1,stop_loss,50.3134,0.22103,2.59555,2.55554,new_york,2020
GBPJPY,1,2020-07-23 08:00:00,2020-07-23 10:00:00,136.529,136.25655,136.25655,137.0739,0.3893,-27.2,-96.52,-96.84,2,stop_loss,19.37785,0.18163,2.54651,4.16589,london,2020
GBPJPY,-1,2020-07-23 12:00:00,2020-07-23 22:00:00,136.265,136.015,136.57067,135.65365,0.3435,25.0,78.15,77.83,10,time_exit,19.06105,0.20378,0.71323,3.75504,london,2020
GBPJPY,1,2020-07-24 05:00:00,2020-07-24 06:00:00,135.874,135.57691,135.57691,136.46817,0.3563,-29.7,-96.33,-96.64,1,stop_loss,19.90862,0.19806,-1.15941,3.19413,,2020
GBPJPY,1,2020-07-24 15:00:00,2020-07-24 16:00:00,135.458,135.12984,135.12984,136.11433,0.3194,-32.8,-95.38,-95.7,1,stop_loss,31.50004,0.21878,-2.04592,1.96939,london,2020
GBPJPY,1,2020-07-27 03:00:00,2020-07-27 09:00:00,135.608,135.22981,135.22981,136.36437,0.2743,-37.8,-94.4,-94.72,6,stop_loss,26.31882,0.25212,-0.50613,1.05397,,2020
GBPJPY,1,2020-07-27 16:00:00,2020-07-28 02:00:00,135.502,135.682,135.13063,136.24474,0.2766,18.0,45.31,44.99,10,time_exit,19.30018,0.24758,-0.54935,0.65596,new_york,2020
GBPJPY,-1,2020-07-29 17:00:00,2020-07-30 03:00:00,136.355,136.38,136.62887,135.80726,0.3768,-2.5,-8.57,-8.89,10,time_exit,21.35479,0.18258,2.72188,1.34553,new_york,2020
GBPJPY,1,2020-07-30 08:00:00,2020-07-30 10:00:00,136.383,136.1393,136.1393,136.8704,0.4231,-24.4,-93.83,-94.15,2,stop_loss,23.62777,0.16247,1.9151,2.24232,london,2020
GBPJPY,-1,2020-07-31 14:00:00,2020-07-31 15:00:00,137.512,137.84245,137.84245,136.8511,0.3089,-33.0,-92.89,-93.21,1,stop_loss,26.97523,0.2203,3.38693,3.25403,london,2020
GBPJPY,1,2020-08-03 21:00:00,2020-08-04 07:00:00,138.599,138.718,138.17924,139.43851,0.2407,11.9,26.07,25.75,10,time_exit,24.50369,0.27984,2.20403,4.57688,new_york,2020
GBPJPY,1,2020-08-05 18:00:00,2020-08-06 04:00:00,138.742,138.617,138.39024,139.44551,0.2881,-12.5,-32.77,-33.09,10,time_exit,15.31361,0.2345,1.67651,4.37205,new_york,2020
GBPJPY,1,2020-08-12 04:00:00,2020-08-12 14:00:00,139.003,139.215,138.72437,139.56026,0.3624,21.2,69.91,69.6,10,time_exit,25.22196,0.18575,1.01108,3.35631,,2020
GBPJPY,1,2020-08-12 18:00:00,2020-08-12 20:00:00,139.57,139.24814,139.24814,140.21372,0.3161,-32.2,-92.58,-92.9,2,stop_loss,20.00905,0.21457,2.65545,3.12746,new_york,2020
GBPJPY,-1,2020-08-12 21:00:00,2020-08-13 07:00:00,139.251,139.361,139.56532,138.62235,0.3204,-11.0,-32.07,-32.39,10,time_exit,20.64528,0.20955,1.01919,3.23883,new_york,2020
GBPJPY,-1,2020-08-18 04:00:00,2020-08-18 12:00:00,138.885,139.11759,139.11759,138.41981,0.4315,-23.3,-91.33,-91.65,8,stop_loss,30.62563,0.15506,-2.5223,2.15081,,2020
GBPJPY,-1,2020-08-19 20:00:00,2020-08-20 06:00:00,139.193,138.984,139.52714,138.52472,0.2973,20.9,56.54,56.22,10,time_exit,25.28797,0.22276,-0.72908,1.27425,new_york,2020
GBPJPY,1,2020-08-21 02:00:00,2020-08-21 11:00:00,139.793,139.48731,139.48731,140.40438,0.327,-30.6,-90.96,-91.28,9,stop_loss,25.41334,0.20379,2.47426,0.92426,,2020
GBPJPY,-1,2020-08-21 18:00:00,2020-08-24 04:00:00,138.513,138.482,138.92459,137.68982,0.2404,3.1,6.78,6.46,10,time_exit,30.74058,0.27439,-2.80207,0.54059,new_york,2020
GBPJPY,1,2020-08-24 05:00:00,2020-08-24 15:00:00,138.483,138.802,138.13612,139.17676,0.2855,31.9,82.88,82.56,10,time_exit,31.69648,0.23125,-2.29559,-0.26097,,2020
GBPJPY,1,2020-08-24 15:00:00,2020-08-24 16:00:00,138.934,138.59964,138.59964,139.60272,0.2989,-33.4,-90.95,-91.26,1,stop_loss,21.68357,0.22291,0.15524,-0.59953,london,2020
GBPJPY,1,2020-08-25 08:00:00,2020-08-25 12:00:00,138.886,139.4081,138.62495,139.4081,0.379,52.2,180.07,179.75,4,take_profit,18.84439,0.17403,0.80444,-1.24206,london,2020
GBPJPY,1,2020-08-25 18:00:00,2020-08-26 04:00:00,139.742,140.015,139.40593,140.41413,0.3003,27.3,74.6,74.29,10,time_exit,34.98843,0.22404,3.35899,-0.07195,new_york,2020
GBPJPY,-1,2020-08-28 00:00:00,2020-08-28 04:00:00,140.649,140.96761,140.96761,140.01178,0.3193,-31.9,-92.58,-92.89,4,stop_loss,32.50004,0.21241,2.96436,2.74715,,2020
GBPJPY,-1,2020-08-28 18:00:00,2020-08-31 01:00:00,140.369,140.79242,140.79242,139.52216,0.2379,-42.3,-91.67,-91.98,7,stop_loss,28.3068,0.28228,0.09044,2.46278,new_york,2020
GBPJPY,1,2020-08-31 15:00:00,2020-08-31 17:00:00,141.23,141.91847,140.88576,141.91847,0.2896,68.8,181.44,181.12,2,take_profit,11.01398,0.22949,2.58056,3.33777,london,2020
GBPJPY,-1,2020-09-01 22:00:00,2020-09-02 08:00:00,141.82,141.892,142.20237,141.05525,0.2659,-7.2,-17.42,-17.74,10,time_exit,35.54232,0.25492,1.07684,4.49571,,2020
GBPJPY,-1,2020-09-03 10:00:00,2020-09-03 11:00:00,141.172,141.47243,141.47243,140.57114,0.3378,-30.0,-92.35,-92.67,1,stop_loss,28.80147,0.20029,-2.16832,4.14305,london,2020
GBPJPY,1,2020-09-04 04:00:00,2020-09-04 14:00:00,140.924,140.824,140.57668,141.61864,0.2893,-10.0,-26.33,-26.64,10,time_exit,31.57135,0.23155,-1.5691,2.02356,,2020
GBPJPY,1,2020-09-07 11:00:00,2020-09-07 12:00:00,140.484,140.12274,140.12274,141.20653,0.2773,-36.1,-91.16,-91.48,1,stop_loss,27.52783,0.24084,-1.86918,0.46687,london,2020
GBPJPY,1,2020-09-08 02:00:00,2020-09-08 04:00:00,139.972,139.66198,139.66198,140.59203,0.3199,-31.0,-90.25,-90.57,2,stop_loss,40.29988,0.20668,-2.44529,-1.05971,,2020
GBPJPY,1,2020-09-10 17:00:00,2020-09-10 18:00:00,137.371,136.88814,136.88814,138.33671,0.2033,-48.3,-89.33,-89.65,1,stop_loss,24.68503,0.3219,-2.26067,-4.1876,new_york,2020
GBPJPY,-1,2020-09-11 01:00:00,2020-09-11 10:00:00,135.871,136.41029,136.41029,134.79242,0.1802,-53.9,-88.43,-88.75,9,stop_loss,41.45002,0.35953,-4.65009,-4.57695,,2020
GBPJPY,1,2020-09-16 03:00:00,2020-09-16 13:00:00,135.789,136.182,135.47055,136.4259,0.3022,39.3,108.08,107.76,10,time_exit,19.01873,0.2123,-1.15219,-6.93222,,2020
GBPJPY,1,2020-09-16 13:00:00,2020-09-16 23:00:00,136.237,136.088,135.8987,136.91359,0.2879,-14.9,-39.04,-39.35,10,time_exit,20.36494,0.22553,1.16082,-6.08017,london,2020
GBPJPY,1,2020-09-17 20:00:00,2020-09-18 06:00:00,135.629,135.833,135.09993,136.68714,0.1833,20.4,34.03,33.71,10,time_exit,22.95333,0.35271,-0.5217,-3.19928,new_york,2020
GBPJPY,-1,2020-09-18 13:00:00,2020-09-18 23:00:00,135.376,135.067,135.7608,134.6064,0.253,30.9,71.14,70.82,10,time_exit,16.08105,0.25653,-1.58804,-3.79264,london,2020
GBPJPY,1,2020-09-21 13:00:00,2020-09-21 23:00:00,133.848,134.115,133.39906,134.74587,0.2186,26.7,53.11,52.79,10,time_exit,26.94654,0.29929,-4.76875,-3.71251,london,2020
GBPJPY,-1,2020-09-22 12:00:00,2020-09-22 22:00:00,134.075,133.674,134.54301,133.13899,0.2109,40.1,76.96,76.64,10,time_exit,27.88527,0.312,-1.31903,-4.50193,london,2020
GBPJPY,-1,2020-09-23 00:00:00,2020-09-23 10:00:00,133.579,133.289,134.02935,132.67829,0.221,29.0,58.32,58.0,10,time_exit,22.49218,0.30024,-1.78974,-4.84039,,2020
GBPJPY,-1,2020-09-25 02:00:00,2020-09-25 10:00:00,134.389,134.76431,134.76431,133.63838,0.2669,-37.5,-91.15,-91.47,8,stop_loss,11.18189,0.25021,0.89718,-3.44162,,2020
GBPJPY,1,2020-09-28 04:00:00,2020-09-28 11:00:00,134.397,135.14887,134.02107,135.14887,0.2638,75.2,180.49,180.17,7,take_profit,13.14839,0.25062,0.20015,-2.17216,,2020
GBPJPY,-1,2020-09-29 06:00:00,2020-09-29 09:00:00,135.511,135.86834,135.86834,134.79632,0.2831,-35.7,-92.06,-92.38,3,stop_loss,28.6894,0.23823,2.03636,0.13729,,2020
GBPJPY,-1,2020-10-01 17:00:00,2020-10-02 03:00:00,136.052,135.901,136.65073,134.85454,0.1673,15.1,22.99,22.67,10,time_exit,30.08006,0.39915,0.22454,1.326,new_york,2020
GBPJPY,-1,2020-10-02 04:00:00,2020-10-02 09:00:00,135.901,135.0603,136.32135,135.0603,0.2388,84.1,182.69,182.37,5,take_profit,15.16724,0.28023,-0.26152,1.74364,,2020
GBPJPY,1,2020-10-02 23:00:00,2020-10-05 09:00:00,136.303,136.413,135.8332,137.24259,0.218,11.0,21.82,21.5,10,time_exit,10.33216,0.3132,0.98038,1.35314,,2020
GBPJPY,-1,2020-10-05 15:00:00,2020-10-05 19:00:00,136.803,137.19364,137.19364,136.02171,0.2627,-39.1,-93.39,-93.7,4,stop_loss,8.15682,0.26043,2.00487,2.14678,london,2020
GBPJPY,1,2020-10-05 23:00:00,2020-10-06 09:00:00,137.32,137.292,136.96525,138.02951,0.2864,-2.8,-7.3,-7.62,10,time_exit,15.38716,0.2365,3.43551,2.88328,,2020
GBPJPY,1,2020-10-07 04:00:00,2020-10-07 14:00:00,136.102,136.53,135.68105,136.94389,0.2412,42.8,93.94,93.62,10,time_exit,28.85589,0.28063,-1.86891,1.99,,2020
GBPJPY,-1,2020-10-07 15:00:00,2020-10-07 18:00:00,136.529,136.91651,136.91651,135.75398,0.2646,-38.8,-93.31,-93.63,3,stop_loss,22.27844,0.25834,-0.14267,1.78008,london,2020
GBPJPY,-1,2020-10-08 07:00:00,2020-10-08 11:00:00,137.041,137.34091,137.34091,136.44117,0.3385,-30.0,-92.38,-92.7,4,stop_loss,11.75046,0.19994,1.59901,2.5037,london,2020
GBPJPY,-1,2020-10-08 13:00:00,2020-10-08 23:00:00,136.966,137.134,137.29106,136.31588,0.3092,-16.8,-47.27,-47.59,10,time_exit,14.52765,0.21671,0.73839,2.46973,london,2020
GBPJPY,1,2020-10-09 06:00:00,2020-10-09 12:00:00,137.181,136.91769,136.91769,137.70763,0.3797,-26.3,-90.98,-91.3,6,stop_loss,9.71546,0.17554,1.36976,3.09585,,2020
GBPJPY,1,2020-10-09 20:00:00,2020-10-12 06:00:00,137.613,137.475,137.27666,138.28568,0.2943,-13.8,-36.96,-37.28,10,time_exit,11.58506,0.22423,2.443,2.49818,new_york,2020
GBPJPY,-1,2020-10-12 18:00:00,2020-10-13 04:00:00,137.528,137.409,137.80479,136.97442,0.3561,11.9,38.56,38.24,10,time_exit,13.32599,0.18453,1.03331,3.39086,new_york,2020
GBPJPY,-1,2020-10-13 18:00:00,2020-10-13 21:00:00,137.022,136.3878,137.3391,136.3878,0.3122,63.4,180.18,179.86,3,take_profit,19.62014,0.2114,-1.87643,2.56746,new_york,2020
GBPJPY,1,2020-10-14 17:00:00,2020-10-14 19:00:00,137.154,136.74618,136.74618,137.96963,0.2476,-40.8,-91.89,-92.21,2,stop_loss,40.6165,0.27188,1.13746,0.19733,new_york,2020
GBPJPY,1,2020-10-15 22:00:00,2020-10-16 08:00:00,136.041,135.747,135.59771,136.92758,0.2255,-29.4,-60.33,-60.65,10,time_exit,22.91818,0.29553,-1.96823,-0.41201,,2020
GBPJPY,-1,2020-10-16 16:00:00,2020-10-19 02:00:00,136.016,136.278,136.49256,135.06287,0.2083,-26.2,-49.66,-49.98,10,time_exit,21.5425,0.31771,-0.78438,-1.08298,new_york,2020
GBPJPY,-1,2020-10-19 04:00:00,2020-10-19 10:00:00,136.383,136.78544,136.78544,135.57813,0.2453,-40.2,-89.83,-90.15,6,stop_loss,12.55703,0.26829,0.54947,-1.21363,,2020
GBPJPY,-1,2020-10-20 14:00:00,2020-10-21 00:00:00,136.758,136.485,137.0837,136.10659,0.3001,27.3,74.55,74.24,10,time_exit,10.51679,0.21714,0.91889,-0.1491,london,2020
GBPJPY,1,2020-10-21 10:00:00,2020-10-21 11:00:00,136.693,137.18633,136.44634,137.18633,0.3996,49.3,179.39,179.07,1,take_profit,8.98549,0.16444,0.54807,0.01712,london,2020
GBPJPY,1,2020-10-21 19:00:00,2020-10-22 05:00:00,137.448,137.509,137.09378,138.15643,0.2838,6.1,15.75,15.44,10,time_exit,22.41923,0.23614,2.95953,0.45846,new_york,2020
GBPJPY,1,2020-10-22 22:00:00,2020-10-23 03:00:00,137.143,136.8752,136.8752,137.6786,0.376,-26.8,-91.63,-91.95,5,stop_loss,20.91727,0.17853,0.11773,1.7588,,2020
GBPJPY,1,2020-10-26 10:00:00,2020-10-26 11:00:00,136.623,136.37665,136.37665,137.1157,0.4046,-24.6,-90.7,-91.02,1,stop_loss,17.36456,0.16423,-1.15465,0.11264,london,2020
GBPJPY,1,2020-10-28 04:00:00,2020-10-28 07:00:00,136.148,135.90438,135.90438,136.63525,0.4051,-24.4,-89.81,-90.13,3,stop_loss,28.92497,0.16242,-2.12229,-1.16546,,2020
GBPJPY,-1,2020-10-29 04:00:00,2020-10-29 09:00:00,135.633,135.93726,135.93726,135.02447,0.3211,-30.4,-88.91,-89.22,5,stop_loss,26.63029,0.20284,-1.29985,-2.69143,,2020
GBPJPY,-1,2020-10-29 19:00:00,2020-10-29 21:00:00,134.937,135.32946,135.32946,134.15207,0.2464,-39.2,-88.0,-88.32,2,stop_loss,28.18111,0.26164,-2.73458,-2.45905,new_york,2020
GBPJPY,1,2020-11-02 12:00:00,2020-11-02 22:00:00,135.311,135.371,134.91832,136.09636,0.2438,6.0,13.31,12.99,10,time_exit,19.41339,0.26179,-0.09493,-2.32271,london,2020
GBPJPY,1,2020-11-03 13:00:00,2020-11-03 17:00:00,135.959,136.55671,135.66015,136.55671,0.3208,59.8,174.49,174.17,4,take_profit,20.05573,0.19924,2.85199,-2.15372,london,2020
GBPJPY,-1,2020-11-03 17:00:00,2020-11-03 18:00:00,136.315,136.65366,136.65366,135.63768,0.2888,-33.9,-89.0,-89.32,1,stop_loss,27.39409,0.22577,3.62192,-1.47571,new_york,2020
GBPJPY,-1,2020-11-09 12:00:00,2020-11-09 13:00:00,136.173,136.50947,136.50947,135.50006,0.2877,-33.6,-88.09,-88.41,1,stop_loss,21.14638,0.22431,0.80211,0.41158,london,2020
GBPJPY,-1,2020-11-11 20:00:00,2020-11-12 06:00:00,139.368,138.967,139.77869,138.54663,0.2334,40.1,85.17,84.85,10,time_exit,32.333,0.27379,1.29938,6.25408,new_york,2020
GBPJPY,1,2020-11-12 20:00:00,2020-11-13 04:00:00,137.982,137.56606,137.56606,138.81388,0.2327,-41.6,-88.08,-88.4,8,stop_loss,35.40983,0.27729,-3.20162,4.45807,new_york,2020
GBPJPY,-1,2020-11-13 09:00:00,2020-11-13 12:00:00,138.072,138.40381,138.40381,137.40838,0.2887,-33.2,-87.17,-87.49,3,stop_loss,40.32178,0.22121,-1.63331,3.51689,london,2020
GBPJPY,1,2020-11-13 12:00:00,2020-11-13 14:00:00,138.34,137.99544,137.99544,139.02912,0.2753,-34.5,-86.32,-86.64,2,stop_loss,35.05265,0.22971,-0.3238,3.23552,london,2020
GBPJPY,1,2020-11-16 02:00:00,2020-11-16 09:00:00,138.379,138.03235,138.03235,139.07231,0.2709,-34.7,-85.46,-85.77,7,stop_loss,22.07558,0.2311,0.56403,2.2946,,2020
GBPJPY,1,2020-11-16 09:00:00,2020-11-16 10:00:00,138.146,137.86208,137.86208,138.71383,0.3274,-28.4,-84.59,-84.91,1,stop_loss,14.71824,0.18928,-0.54674,2.59945,london,2020
GBPJPY,-1,2020-11-17 01:00:00,2020-11-17 11:00:00,137.981,137.93,138.32685,137.28929,0.2661,5.1,12.35,12.03,10,time_exit,10.36095,0.23057,-0.65113,1.47802,,2020
GBPJPY,1,2020-11-18 11:00:00,2020-11-18 21:00:00,138.077,137.901,137.81147,138.60805,0.347,-17.6,-55.58,-55.89,10,time_exit,8.56888,0.17702,0.08299,1.10327,london,2020
GBPJPY,1,2020-11-18 23:00:00,2020-11-19 02:00:00,137.801,137.55042,137.55042,138.30217,0.3653,-25.1,-83.3,-83.62,3,stop_loss,8.42287,0.16706,-1.30736,0.85196,,2020
GBPJPY,1,2020-11-19 09:00:00,2020-11-19 10:00:00,137.526,137.27063,137.27063,138.03674,0.3548,-25.5,-82.45,-82.77,1,stop_loss,28.63827,0.17025,-1.82805,-0.006,london,2020
GBPJPY,1,2020-11-19 10:00:00,2020-11-19 12:00:00,137.415,137.96683,137.13909,137.96683,0.3251,55.2,163.25,162.93,2,take_profit,27.38317,0.18394,-2.21581,-0.07299,london,2020
GBPJPY,-1,2020-11-20 16:00:00,2020-11-20 18:00:00,137.74,138.02941,138.02941,137.16118,0.3162,-28.9,-83.27,-83.59,2,stop_loss,14.90286,0.19294,0.11717,-0.36493,new_york,2020
GBPJPY,-1,2020-11-24 01:00:00,2020-11-24 10:00:00,139.196,139.49081,139.49081,138.60639,0.3073,-29.5,-82.44,-82.76,9,stop_loss,44.96968,0.19654,4.08459,2.0527,,2020
GBPJPY,-1,2020-11-24 12:00:00,2020-11-24 17:00:00,139.256,139.53224,139.53224,138.70352,0.3246,-27.6,-81.6,-81.92,5,stop_loss,40.29647,0.18416,2.85978,3.24955,london,2020
GBPJPY,-1,2020-11-24 19:00:00,2020-11-25 05:00:00,139.642,139.593,139.96415,138.99771,0.2756,4.9,12.29,11.97,10,time_exit,32.89998,0.21476,3.42178,3.19987,new_york,2020
GBPJPY,-1,2020-11-25 11:00:00,2020-11-25 17:00:00,139.316,139.60779,139.60779,138.73242,0.3047,-29.2,-80.91,-81.22,6,stop_loss,18.06847,0.19453,0.50248,4.10503,london,2020
GBPJPY,1,2020-11-27 00:00:00,2020-11-27 02:00:00,139.24,139.0092,139.0092,139.7016,0.3813,-23.1,-80.08,-80.4,2,stop_loss,23.15577,0.15387,-0.73283,3.96304,,2020
GBPJPY,-1,2020-11-27 02:00:00,2020-11-27 12:00:00,139.221,138.76614,139.44843,138.76614,0.3831,45.5,158.57,158.25,10,take_profit,23.94999,0.15162,-0.74578,3.89959,,2020
GBPJPY,1,2020-11-27 14:00:00,2020-11-27 18:00:00,138.71,138.45134,138.45134,139.22732,0.3436,-25.9,-80.88,-81.19,4,stop_loss,27.83056,0.17244,-2.76115,2.45298,london,2020
GBPJPY,-1,2020-11-30 12:00:00,2020-11-30 14:00:00,138.64,138.95264,138.95264,138.01472,0.2814,-31.3,-80.06,-80.38,2,stop_loss,20.6766,0.20843,-1.09907,0.62305,london,2020
GBPJPY,1,2020-12-03 11:00:00,2020-12-03 21:00:00,139.732,139.807,139.42887,140.33826,0.2873,7.5,19.61,19.29,10,time_exit,12.84855,0.20209,0.52327,2.23071,london,2020
GBPJPY,-1,2020-12-04 13:00:00,2020-12-04 15:00:00,140.029,140.43441,140.43441,139.21819,0.2153,-40.5,-79.43,-79.75,2,stop_loss,14.81809,0.27027,1.0075,1.58756,london,2020
GBPJPY,-1,2020-12-07 00:00:00,2020-12-07 10:00:00,139.588,138.70546,140.02927,138.70546,0.1959,88.3,157.33,157.01,10,take_profit,17.98753,0.29418,0.23808,1.69136,,2020
GBPJPY,1,2020-12-07 19:00:00,2020-12-07 20:00:00,138.886,138.38458,138.38458,139.88883,0.1758,-50.1,-80.22,-80.53,1,stop_loss,36.18838,0.33428,-1.5505,0.15114,new_york,2020
GBPJPY,1,2020-12-08 19:00:00,2020-12-09 05:00:00,139.092,139.293,138.56769,140.14062,0.1664,20.1,30.44,30.12,10,time_exit,21.35543,0.34954,-0.04374,-0.45057,new_york,2020
GBPJPY,1,2020-12-11 19:00:00,2020-12-14 00:00:00,137.051,138.05901,136.54699,138.05901,0.1738,100.8,159.43,159.11,5,take_profit,40.97939,0.336,-4.05415,-1.81316,new_york,2020
GBPJPY,1,2020-12-14 04:00:00,2020-12-14 14:00:00,138.52,139.013,137.9739,139.61219,0.1636,49.3,73.4,73.08,10,time_exit,35.02464,0.36406,0.64275,-1.77195,,2020
GBPJPY,1,2020-12-14 21:00:00,2020-12-15 07:00:00,138.717,138.868,138.26043,139.63014,0.1974,15.1,27.12,26.81,10,time_exit,25.85424,0.30438,0.51749,-1.17492,new_york,2020
GBPJPY,-1,2020-12-15 18:00:00,2020-12-15 20:00:00,138.988,139.41326,139.41326,138.13749,0.2127,-42.5,-82.31,-82.63,2,stop_loss,14.22821,0.2835,1.08238,-0.73243,new_york,2020
GBPJPY,-1,2020-12-16 15:00:00,2020-12-17 01:00:00,139.941,139.713,140.32179,139.17942,0.2351,22.8,48.78,48.46,10,time_exit,15.83055,0.25386,3.21719,0.52554,london,2020
GBPJPY,1,2020-12-17 12:00:00,2020-12-17 17:00:00,140.024,139.71084,139.71084,140.65033,0.2876,-31.3,-81.96,-82.28,5,stop_loss,20.33594,0.20878,2.30737,1.86681,london,2020
GBPJPY,1,2020-12-18 03:00:00,2020-12-18 13:00:00,139.994,139.91,139.63324,140.71552,0.2472,-8.4,-18.9,-19.21,10,time_exit,18.33171,0.24051,0.84971,2.1012,,2020
GBPJPY,1,2020-12-18 17:00:00,2020-12-21 00:00:00,139.425,139.03567,139.03567,140.20365,0.2285,-38.9,-80.95,-81.27,7,stop_loss,15.62733,0.25955,-1.4539,1.71819,new_york,2020
GBPJPY,1,2020-12-21 08:00:00,2020-12-21 09:00:00,138.289,137.81469,137.81469,139.23762,0.1857,-47.4,-80.15,-80.47,1,stop_loss,36.51876,0.31621,-3.33929,0.18546,london,2020
GBPJPY,-1,2020-12-21 17:00:00,2020-12-21 21:00:00,137.761,138.30201,138.30201,136.67897,0.1611,-54.1,-79.31,-79.63,4,stop_loss,45.63072,0.36068,-2.9542,-0.88539,new_york,2020
GBPJPY,1,2020-12-22 14:00:00,2020-12-22 17:00:00,138.641,138.07882,138.07882,139.76537,0.1535,-56.2,-78.53,-78.85,3,stop_loss,20.68574,0.37479,-0.27158,-0.82661,london,2020
GBPJPY,1,2020-12-23 04:00:00,2020-12-23 14:00:00,138.647,138.916,138.20174,139.53753,0.1919,26.9,46.98,46.66,10,time_exit,16.73643,0.29684,0.03539,-1.15341,,2020
GBPJPY,1,2020-12-23 15:00:00,2020-12-23 16:00:00,138.914,139.6412,138.5504,139.6412,0.2364,72.7,156.44,156.12,1,take_profit,13.33932,0.2424,0.92573,-1.1012,london,2020
GBPJPY,-1,2020-12-24 06:00:00,2020-12-24 10:00:00,140.295,140.75476,140.75476,139.37549,0.1907,-46.0,-79.78,-80.1,4,stop_loss,39.77289,0.3065,3.40691,0.53313,,2020
GBPJPY,1,2020-12-28 15:00:00,2020-12-28 17:00:00,139.944,139.54537,139.54537,140.74126,0.2177,-39.9,-78.97,-79.29,2,stop_loss,21.7363,0.26575,-0.31448,2.22989,london,2020
GBPJPY,-1,2020-12-29 12:00:00,2020-12-29 13:00:00,139.709,140.05225,140.05225,139.02249,0.2503,-34.3,-78.18,-78.5,1,stop_loss,17.21901,0.22884,-0.86935,1.74674,london,2020
GBPJPY,1,2020-12-31 05:00:00,2020-12-31 15:00:00,140.478,140.689,140.15373,141.12654,0.2623,21.1,50.36,50.05,10,time_exit,26.01261,0.21618,1.35136,2.14605,,2020
GBPJPY,1,2021-01-05 00:00:00,2021-01-05 10:00:00,139.929,139.54953,139.54953,140.68793,0.2256,-37.9,-77.9,-78.22,10,stop_loss,34.82025,0.25298,-1.91671,1.70274,,2021
GBPJPY,1,2021-01-05 21:00:00,2021-01-06 07:00:00,139.89,139.952,139.5488,140.57241,0.2483,6.2,14.01,13.69,10,time_exit,29.01871,0.22747,-0.90698,0.50473,new_york,2021
GBPJPY,1,2021-01-07 05:00:00,2021-01-07 14:00:00,140.215,140.93937,139.85281,140.93937,0.2344,72.4,154.51,154.19,9,take_profit,12.97256,0.24146,0.1978,0.57193,,2021
GBPJPY,1,2021-01-11 14:00:00,2021-01-12 00:00:00,140.423,140.94107,140.16397,140.94107,0.3343,51.8,157.6,157.28,10,take_profit,33.9433,0.17269,-1.76976,2.08881,london,2021
GBPJPY,-1,2021-01-13 01:00:00,2021-01-13 10:00:00,141.771,142.03042,142.03042,141.25217,0.3404,-25.9,-80.36,-80.68,9,stop_loss,47.89732,0.17294,3.06969,3.48729,,2021
GBPJPY,1,2021-01-14 02:00:00,2021-01-14 10:00:00,141.694,142.16318,141.45941,142.16318,0.3727,46.9,159.13,158.81,8,take_profit,24.20659,0.15639,0.71846,4.41115,,2021
GBPJPY,-1,2021-01-14 21:00:00,2021-01-15 07:00:00,141.923,141.946,142.20592,141.35716,0.3152,-2.3,-6.6,-6.92,10,time_exit,15.14264,0.18861,0.84367,3.69192,new_york,2021
GBPJPY,1,2021-01-15 15:00:00,2021-01-15 17:00:00,141.29,141.01286,141.01286,141.84429,0.3215,-27.7,-81.08,-81.4,2,stop_loss,25.39109,0.18476,-2.60409,3.13001,london,2021
GBPJPY,-1,2021-01-18 22:00:00,2021-01-19 03:00:00,140.871,141.10488,141.10488,140.40324,0.3771,-23.4,-80.26,-80.58,5,stop_loss,48.54662,0.15592,-1.34919,-0.1101,,2021
GBPJPY,-1,2021-01-20 09:00:00,2021-01-20 10:00:00,141.663,141.85105,141.85105,141.28691,0.4643,-18.8,-79.45,-79.77,1,stop_loss,26.03087,0.12536,1.96815,1.7291,london,2021
GBPJPY,-1,2021-01-21 06:00:00,2021-01-21 10:00:00,141.587,141.83716,141.83716,141.08667,0.3455,-25.0,-78.65,-78.97,4,stop_loss,22.12835,0.16678,0.36866,1.3854,,2021
GBPJPY,1,2021-01-26 02:00:00,2021-01-26 06:00:00,141.909,141.68492,141.68492,142.35715,0.3819,-22.4,-77.87,-78.19,4,stop_loss,24.92526,0.14938,-0.21369,2.10092,,2021
GBPJPY,1,2021-01-26 08:00:00,2021-01-26 09:00:00,141.625,141.42083,141.42083,142.03333,0.4149,-20.4,-77.08,-77.4,1,stop_loss,31.8975,0.13611,-1.96598,1.91182,london,2021
GBPJPY,-1,2021-01-27 15:00:00,2021-01-27 17:00:00,142.304,142.54996,142.54996,141.81208,0.3409,-24.6,-76.3,-76.62,2,stop_loss,26.40243,0.16397,0.65606,2.41086,london,2021
GBPJPY,-1,2021-01-29 07:00:00,2021-01-29 13:00:00,143.265,143.5374,143.5374,142.72021,0.3048,-27.2,-75.55,-75.87,6,stop_loss,27.00245,0.1816,2.82584,3.43727,london,2021
GBPJPY,-1,2021-01-29 17:00:00,2021-02-01 03:00:00,143.781,143.646,144.10556,143.13188,0.2532,13.5,31.11,30.79,10,time_exit,30.55207,0.21637,3.65342,3.40329,new_york,2021
GBPJPY,-1,2021-02-02 11:00:00,2021-02-02 16:00:00,143.685,143.21137,143.92181,143.21137,0.3485,47.4,150.2,149.89,5,take_profit,14.88942,0.15788,1.21423,4.88727,london,2021
GBPJPY,-1,2021-02-02 20:00:00,2021-02-03 06:00:00,143.427,143.493,143.67629,142.92841,0.3376,-6.6,-20.28,-20.59,10,time_exit,17.23091,0.1662,-0.27976,4.15826,new_york,2021
GBPJPY,1,2021-02-03 08:00:00,2021-02-03 12:00:00,143.458,143.26555,143.26555,143.84291,0.4362,-19.2,-76.39,-76.71,4,stop_loss,13.50899,0.1283,-0.15225,4.79554,london,2021
GBPJPY,-1,2021-02-11 13:00:00,2021-02-11 23:00:00,144.735,144.708,144.91813,144.36875,0.4538,2.7,11.15,10.83,10,time_exit,14.36748,0.12208,0.47883,4.73986,london,2021
GBPJPY,1,2021-02-15 04:00:00,2021-02-15 10:00:00,145.868,146.35536,145.62432,146.35536,0.3415,48.7,151.45,151.14,6,take_profit,50.47931,0.16245,5.28401,3.84789,,2021
GBPJPY,1,2021-02-17 16:00:00,2021-02-17 17:00:00,146.98,146.6999,146.6999,147.5402,0.303,-28.0,-77.23,-77.55,1,stop_loss,24.53174,0.18673,0.90379,7.0048,new_york,2021
GBPJPY,-1,2021-02-17 17:00:00,2021-02-18 03:00:00,146.742,146.626,147.05416,146.11767,0.2692,11.6,28.42,28.1,10,time_exit,23.6623,0.20811,-0.31963,6.21302,new_york,2021
GBPJPY,-1,2021-02-19 17:00:00,2021-02-22 03:00:00,147.899,148.18677,148.18677,147.32346,0.2931,-28.8,-76.75,-77.07,10,stop_loss,21.15528,0.19185,2.9704,5.92796,new_york,2021
GBPJPY,1,2021-02-22 05:00:00,2021-02-22 15:00:00,148.051,147.979,147.73027,148.69247,0.2603,-7.2,-17.05,-17.37,10,time_exit,24.25757,0.21382,2.30545,5.47248,,2021
GBPJPY,-1,2021-02-23 06:00:00,2021-02-23 09:00:00,147.781,148.01623,148.01623,147.31054,0.3541,-23.5,-75.8,-76.12,3,stop_loss,11.29339,0.15682,0.14196,6.60419,,2021
GBPJPY,1,2021-02-23 10:00:00,2021-02-23 20:00:00,148.084,148.443,147.83696,148.57809,0.3338,35.9,109.05,108.73,10,time_exit,11.36378,0.1647,1.8583,6.15475,london,2021
GBPJPY,-1,2021-02-24 13:00:00,2021-02-24 23:00:00,149.713,149.665,150.11261,148.91378,0.2093,4.8,9.14,8.82,10,time_exit,36.99955,0.26641,4.18043,4.98663,london,2021
GBPJPY,-1,2021-02-25 01:00:00,2021-02-25 10:00:00,149.692,150.04925,150.04925,148.9775,0.2344,-35.7,-76.2,-76.52,9,stop_loss,30.44861,0.23817,3.08553,6.02446,,2021
GBPJPY,-1,2021-03-01 00:00:00,2021-03-01 03:00:00,148.372,148.98043,148.98043,147.15514,0.1363,-60.8,-75.47,-75.78,3,stop_loss,27.42829,0.40562,-0.98428,1.76657,,2021
GBPJPY,1,2021-03-01 03:00:00,2021-03-01 13:00:00,148.955,148.751,148.37736,150.11028,0.1421,-20.4,-26.38,-26.7,10,time_exit,23.81981,0.38509,0.42562,1.79432,,2021
GBPJPY,1,2021-03-02 13:00:00,2021-03-02 23:00:00,148.482,148.867,148.07563,149.29474,0.2013,38.5,70.53,70.21,10,time_exit,16.12193,0.27091,-0.54472,1.37733,london,2021
GBPJPY,-1,2021-03-03 23:00:00,2021-03-04 09:00:00,149.262,149.61821,149.61821,148.54957,0.2318,-35.6,-75.14,-75.46,10,stop_loss,9.46017,0.23748,0.81004,2.32339,,2021
GBPJPY,-1,2021-03-04 21:00:00,2021-03-05 07:00:00,149.811,150.119,150.24368,148.94564,0.1889,-30.8,-52.94,-53.26,10,time_exit,22.81598,0.28845,1.26292,2.45018,new_york,2021
GBPJPY,1,2021-03-05 17:00:00,2021-03-08 03:00:00,149.658,150.145,149.21522,150.54357,0.1833,48.7,81.23,80.91,10,time_exit,13.73185,0.29519,-0.19589,2.55762,new_york,2021
GBPJPY,-1,2021-03-08 05:00:00,2021-03-08 13:00:00,149.89,150.30338,150.30338,149.06324,0.1984,-41.3,-74.63,-74.95,8,stop_loss,10.6781,0.27559,0.34913,2.63773,,2021
GBPJPY,1,2021-03-08 14:00:00,2021-03-09 00:00:00,150.209,150.479,149.81445,150.99811,0.2058,27.0,50.57,50.25,10,time_exit,10.52198,0.26304,1.36997,2.68451,london,2021
GBPJPY,-1,2021-03-09 22:00:00,2021-03-10 08:00:00,150.743,150.884,151.06151,150.10598,0.2567,-14.1,-32.94,-33.26,10,time_exit,24.16566,0.21234,0.84841,4.55496,,2021
GBPJPY,-1,2021-03-10 16:00:00,2021-03-11 02:00:00,150.84,151.065,151.14093,150.23814,0.2705,-22.5,-55.38,-55.7,10,time_exit,17.40726,0.20062,0.53081,4.61611,new_york,2021
GBPJPY,-1,2021-03-11 11:00:00,2021-03-11 15:00:00,151.226,151.52255,151.52255,150.6329,0.2724,-29.7,-73.51,-73.83,4,stop_loss,18.64065,0.1977,1.28149,4.71584,london,2021
GBPJPY,-1,2021-03-15 00:00:00,2021-03-15 09:00:00,151.758,152.05115,152.05115,151.17169,0.2728,-29.3,-72.77,-73.09,9,stop_loss,20.15785,0.19544,1.03157,5.10521,,2021
GBPJPY,1,2021-03-18 11:00:00,2021-03-18 15:00:00,152.428,152.10036,152.10036,153.08327,0.2416,-32.8,-72.03,-72.35,4,stop_loss,15.89079,0.21842,2.92317,2.67122,london,2021
GBPJPY,1,2021-03-18 23:00:00,2021-03-19 09:00:00,151.598,151.473,151.2,152.39399,0.1969,-12.5,-22.4,-22.72,10,time_exit,12.51346,0.26533,-1.03001,2.15067,,2021
GBPJPY,1,2021-03-25 10:00:00,2021-03-25 13:00:00,149.093,149.70398,148.78751,149.70398,0.2557,61.1,142.17,141.85,3,take_profit,21.5889,0.20366,-1.40698,-4.92646,london,2021
GBPJPY,1,2021-03-26 10:00:00,2021-03-26 11:00:00,150.288,150.81773,150.02313,150.81773,0.3008,53.0,145.0,144.68,1,take_profit,41.24781,0.17658,2.99963,-3.00377,london,2021
GBPJPY,-1,2021-03-29 09:00:00,2021-03-29 10:00:00,150.685,151.0165,151.0165,150.02201,0.2452,-33.1,-73.97,-74.29,1,stop_loss,37.96844,0.221,0.59237,0.46683,london,2021
GBPJPY,-1,2021-04-01 04:00:00,2021-04-01 14:00:00,152.759,152.675,153.06256,152.15189,0.265,8.4,20.26,19.94,10,time_exit,39.31427,0.20237,3.58342,4.38598,,2021
GBPJPY,-1,2021-04-06 01:00:00,2021-04-06 04:00:00,153.169,153.39097,153.39097,152.72506,0.3635,-22.2,-73.42,-73.74,3,stop_loss,18.24155,0.14798,1.02047,6.30824,,2021
GBPJPY,-1,2021-04-07 00:00:00,2021-04-07 10:00:00,151.663,151.58,151.97298,151.04304,0.2576,8.3,19.46,19.14,10,time_exit,44.87498,0.20665,-4.85769,2.55469,,2021
GBPJPY,-1,2021-04-08 06:00:00,2021-04-08 11:00:00,150.944,150.25701,151.28749,150.25701,0.2331,68.7,145.72,145.41,5,take_profit,51.50036,0.229,-3.02819,-1.33418,,2021
GBPJPY,-1,2021-04-09 00:00:00,2021-04-09 10:00:00,150.046,150.049,150.37132,149.39536,0.2511,-0.3,-0.69,-1.0,10,time_exit,60.61387,0.21688,-4.09116,-3.33359,,2021
GBPJPY,-1,2021-04-09 15:00:00,2021-04-09 16:00:00,150.531,150.89139,150.89139,149.81021,0.2266,-36.0,-74.32,-74.63,1,stop_loss,43.82936,0.24026,-0.29412,-3.60667,london,2021
GBPJPY,1,2021-04-09 21:00:00,2021-04-12 00:00:00,150.45,150.10571,150.10571,151.13857,0.2348,-34.4,-73.56,-73.88,3,stop_loss,31.01566,0.22952,-0.63169,-3.58742,new_york,2021
GBPJPY,1,2021-04-13 06:00:00,2021-04-13 10:00:00,150.661,150.39762,150.39762,151.18776,0.3039,-26.3,-72.84,-73.16,4,stop_loss,19.62215,0.17559,1.39405,-3.95624,,2021
GBPJPY,1,2021-04-13 12:00:00,2021-04-13 14:00:00,150.375,150.08247,150.08247,150.96006,0.2708,-29.3,-72.09,-72.41,2,stop_loss,19.47826,0.19502,-0.38481,-3.2376,london,2021
GBPJPY,-1,2021-04-14 01:00:00,2021-04-14 09:00:00,149.952,150.24446,150.24446,149.36707,0.2682,-29.2,-71.38,-71.7,8,stop_loss,30.76117,0.19498,-1.80665,-3.42842,,2021
GBPJPY,-1,2021-04-16 09:00:00,2021-04-16 13:00:00,149.783,150.0006,150.0006,149.3478,0.3568,-21.8,-70.65,-70.97,4,stop_loss,18.08534,0.14507,-1.15717,-3.96805,london,2021
GBPJPY,-1,2021-04-16 13:00:00,2021-04-16 15:00:00,149.943,150.21938,150.21938,149.39024,0.2781,-27.6,-69.94,-70.26,2,stop_loss,22.74748,0.18425,0.13095,-3.12807,london,2021
GBPJPY,-1,2021-04-16 21:00:00,2021-04-19 07:00:00,150.472,150.51,150.75016,149.91568,0.2735,-3.8,-9.46,-9.78,10,time_exit,22.15356,0.18544,2.45348,-2.48408,new_york,2021
GBPJPY,-1,2021-04-19 18:00:00,2021-04-20 04:00:00,151.11,151.49829,151.49829,150.33341,0.1957,-38.8,-69.15,-69.47,10,stop_loss,21.1989,0.25886,3.15842,-0.74412,new_york,2021
GBPJPY,1,2021-04-20 13:00:00,2021-04-20 15:00:00,151.678,151.34608,151.34608,152.34184,0.2266,-33.2,-68.44,-68.76,2,stop_loss,34.76434,0.22128,3.55621,1.16701,london,2021
GBPJPY,-1,2021-04-21 09:00:00,2021-04-21 10:00:00,150.463,150.74523,150.74523,149.89853,0.2638,-28.2,-67.75,-68.07,1,stop_loss,35.84049,0.18816,-1.68677,0.68352,london,2021
GBPJPY,-1,2021-04-21 11:00:00,2021-04-21 16:00:00,150.815,150.19017,151.12742,150.19017,0.236,62.5,134.19,133.87,5,take_profit,32.48807,0.20828,0.2136,0.58097,london,2021
GBPJPY,-1,2021-04-21 20:00:00,2021-04-22 06:00:00,150.577,150.531,150.92827,149.87446,0.214,4.6,8.96,8.64,10,time_exit,21.49067,0.23418,-0.55596,0.26883,new_york,2021
GBPJPY,-1,2021-04-22 15:00:00,2021-04-22 16:00:00,150.163,149.63224,150.42838,149.63224,0.2837,53.1,137.02,136.71,1,take_profit,20.17368,0.17692,-2.16861,-0.33848,london,2021
GBPJPY,1,2021-04-23 11:00:00,2021-04-23 15:00:00,149.873,149.57122,149.57122,150.47655,0.2544,-30.2,-69.86,-70.18,4,stop_loss,30.62251,0.20118,-0.70848,-2.01688,london,2021
GBPJPY,-1,2021-04-23 21:00:00,2021-04-26 07:00:00,149.678,149.751,150.01931,148.99537,0.2227,-7.3,-14.79,-15.11,10,time_exit,20.64092,0.22754,-0.86731,-2.05375,new_york,2021
GBPJPY,1,2021-04-28 11:00:00,2021-04-28 21:00:00,151.247,151.547,150.99528,151.75045,0.3013,30.0,82.25,81.94,10,time_exit,31.65824,0.16782,3.42757,1.5397,london,2021
GBPJPY,-1,2021-04-28 23:00:00,2021-04-29 09:00:00,151.436,151.71795,151.71795,150.8721,0.2722,-28.2,-69.84,-70.16,10,stop_loss,34.81101,0.18797,2.7275,2.16053,,2021
GBPJPY,-1,2021-04-29 16:00:00,2021-04-30 02:00:00,152.057,151.922,152.34747,151.47606,0.2616,13.5,32.14,31.82,10,time_exit,43.05945,0.19365,3.83898,3.18531,new_york,2021
GBPJPY,-1,2021-04-30 08:00:00,2021-04-30 15:00:00,151.73,151.22111,151.98444,151.22111,0.3,50.9,138.93,138.61,7,take_profit,29.96849,0.16963,0.90899,4.15168,london,2021
GBPJPY,1,2021-04-30 16:00:00,2021-04-30 18:00:00,151.244,150.9554,150.9554,151.82119,0.2698,-28.9,-70.86,-71.17,2,stop_loss,26.26298,0.1924,-1.58936,3.27119,new_york,2021
GBPJPY,1,2021-05-03 21:00:00,2021-05-04 07:00:00,151.721,151.626,151.43957,152.28386,0.2738,-9.5,-23.67,-23.99,10,time_exit,14.33529,0.18762,1.0838,2.48912,new_york,2021
GBPJPY,-1,2021-05-05 02:00:00,2021-05-05 09:00:00,151.858,152.14648,152.14648,151.28104,0.2662,-28.8,-69.88,-70.2,7,stop_loss,11.8848,0.19232,1.12833,2.22004,,2021
GBPJPY,-1,2021-05-06 01:00:00,2021-05-06 05:00:00,151.839,152.09829,152.09829,151.32042,0.2932,-25.9,-69.18,-69.5,4,stop_loss,9.66455,0.17286,0.0431,2.69433,,2021
GBPJPY,1,2021-05-06 08:00:00,2021-05-06 11:00:00,152.039,151.80354,151.80354,152.50992,0.3197,-23.5,-68.5,-68.82,3,stop_loss,9.94688,0.15697,1.1263,2.91346,london,2021
GBPJPY,1,2021-05-06 22:00:00,2021-05-07 08:00:00,151.411,151.729,151.07507,152.08286,0.2218,31.8,64.18,63.87,10,time_exit,29.69374,0.22395,-1.69976,1.54625,,2021
GBPJPY,-1,2021-05-07 15:00:00,2021-05-07 16:00:00,151.808,151.29033,152.06683,151.29033,0.2906,51.8,136.89,136.58,1,take_profit,23.23927,0.17256,0.22029,1.62053,london,2021
GBPJPY,1,2021-05-10 14:00:00,2021-05-10 20:00:00,153.307,153.96764,152.97668,153.96764,0.2322,66.1,139.59,139.28,6,take_profit,33.59251,0.22021,4.77258,2.56783,london,2021
GBPJPY,-1,2021-05-12 09:00:00,2021-05-12 10:00:00,153.657,153.91939,153.91939,153.13222,0.2982,-26.2,-71.2,-71.52,1,stop_loss,17.01358,0.17493,1.29645,5.93643,london,2021
GBPJPY,-1,2021-05-12 22:00:00,2021-05-13 08:00:00,154.08,154.149,154.39444,153.45113,0.2463,-6.9,-15.47,-15.78,10,time_exit,23.8537,0.20962,2.02955,5.10205,,2021
GBPJPY,1,2021-05-14 03:00:00,2021-05-14 13:00:00,153.826,153.868,153.55262,154.37275,0.2827,4.2,10.8,10.49,10,time_exit,24.88879,0.18225,0.0864,4.87605,,2021
GBPJPY,1,2021-05-18 00:00:00,2021-05-18 04:00:00,154.242,154.72287,154.00157,154.72287,0.3219,48.1,140.86,140.54,4,take_profit,17.06013,0.16029,2.45887,4.4834,,2021
GBPJPY,-1,2021-05-18 10:00:00,2021-05-18 20:00:00,154.703,154.585,154.94386,154.22128,0.3278,11.8,35.2,34.88,10,time_exit,22.52697,0.16057,2.89673,4.87903,london,2021
GBPJPY,-1,2021-05-18 20:00:00,2021-05-19 06:00:00,154.609,154.542,154.86172,154.10355,0.3139,6.7,19.14,18.82,10,time_exit,16.50676,0.16848,1.31415,4.82563,new_york,2021
GBPJPY,1,2021-05-20 04:00:00,2021-05-20 11:00:00,154.199,153.8879,153.8879,154.82119,0.2557,-31.1,-72.39,-72.71,7,stop_loss,27.2687,0.2074,-0.64132,2.61468,,2021
GBPJPY,1,2021-05-20 15:00:00,2021-05-21 01:00:00,153.877,154.417,153.56646,154.49809,0.2535,54.0,124.57,124.25,10,time_exit,30.4075,0.20703,-1.59709,1.90877,london,2021
GBPJPY,-1,2021-05-21 04:00:00,2021-05-21 13:00:00,154.323,154.55838,154.55838,153.85224,0.3403,-23.5,-72.89,-73.21,9,stop_loss,20.27826,0.15692,0.55782,2.35913,,2021
GBPJPY,1,2021-05-28 10:00:00,2021-05-28 16:00:00,155.992,155.72797,155.72797,156.52007,0.3003,-26.4,-72.15,-72.47,6,stop_loss,51.43695,0.17602,5.49852,4.00929,london,2021
GBPJPY,1,2021-05-28 19:00:00,2021-05-31 05:00:00,155.846,155.704,155.56426,156.40948,0.2786,-14.2,-36.0,-36.32,10,time_exit,36.59339,0.18783,3.03605,4.39109,new_york,2021
GBPJPY,-1,2021-05-31 06:00:00,2021-05-31 16:00:00,155.704,155.385,155.9391,155.2338,0.3322,31.9,96.43,96.12,10,time_exit,22.50312,0.15673,1.55079,5.54695,,2021
GBPJPY,-1,2021-05-31 19:00:00,2021-06-01 04:00:00,155.595,155.81925,155.81925,155.1465,0.353,-22.4,-72.04,-72.35,9,stop_loss,29.08587,0.1495,0.69647,5.25023,new_york,2021
GBPJPY,1,2021-06-01 04:00:00,2021-06-01 11:00:00,155.661,155.44974,155.44974,156.08351,0.3709,-21.1,-71.3,-71.62,7,stop_loss,21.16116,0.14084,0.85444,5.31414,,2021
GBPJPY,1,2021-06-01 14:00:00,2021-06-01 17:00:00,155.405,155.14102,155.14102,155.93296,0.2939,-26.4,-70.6,-70.92,3,stop_loss,19.96395,0.17599,-1.00175,4.02186,london,2021
GBPJPY,-1,2021-06-01 23:00:00,2021-06-02 03:00:00,154.92,155.17763,155.17763,154.40475,0.2981,-25.8,-69.89,-70.21,4,stop_loss,35.97813,0.17175,-2.92964,3.1061,,2021
GBPJPY,1,2021-06-02 06:00:00,2021-06-02 16:00:00,155.2,155.38,154.96316,155.67368,0.321,18.0,52.58,52.26,10,time_exit,34.29945,0.15789,-0.82861,2.73051,,2021
GBPJPY,1,2021-06-02 19:00:00,2021-06-03 05:00:00,155.371,155.394,155.09743,155.91814,0.28,2.3,5.86,5.54,10,time_exit,19.40131,0.18238,0.33357,2.00414,new_york,2021
GBPJPY,1,2021-06-03 06:00:00,2021-06-03 14:00:00,155.394,155.79713,155.19244,155.79713,0.3803,40.3,139.51,139.19,8,take_profit,13.61696,0.13438,0.60787,2.44517,,2021
GBPJPY,-1,2021-06-08 18:00:00,2021-06-08 21:00:00,154.837,155.07757,155.07757,154.35586,0.325,-24.1,-71.15,-71.47,3,stop_loss,26.29995,0.16038,-0.74649,-0.54638,new_york,2021
GBPJPY,1,2021-06-10 13:00:00,2021-06-10 15:00:00,154.384,154.80104,154.17548,154.80104,0.3712,41.7,140.87,140.55,2,take_profit,31.0856,0.13901,-2.67063,-1.40171,london,2021
GBPJPY,1,2021-06-10 18:00:00,2021-06-11 04:00:00,155.011,155.08,154.71738,155.59825,0.2689,6.9,16.88,16.57,10,time_exit,31.73148,0.19575,1.19425,-0.89537,new_york,2021
GBPJPY,1,2021-06-14 22:00:00,2021-06-15 08:00:00,155.304,155.394,155.07919,155.75363,0.352,9.0,28.83,28.51,10,time_exit,21.29569,0.14988,2.50055,-0.14061,,2021
GBPJPY,1,2021-06-15 18:00:00,2021-06-16 04:00:00,155.055,155.014,154.78392,155.59715,0.2931,-4.1,-10.94,-11.25,10,time_exit,21.33065,0.18072,-0.04815,0.36529,new_york,2021
GBPJPY,1,2021-06-16 17:00:00,2021-06-16 20:00:00,155.151,154.93874,154.93874,155.57553,0.3737,-21.2,-72.18,-72.5,3,stop_loss,17.254,0.14151,0.48686,0.46111,new_york,2021
GBPJPY,1,2021-06-18 02:00:00,2021-06-18 08:00:00,153.639,153.29836,153.29836,154.32029,0.2305,-34.1,-71.45,-71.77,6,stop_loss,53.80136,0.2271,-3.48327,-1.74367,,2021
GBPJPY,-1,2021-06-21 00:00:00,2021-06-21 06:00:00,152.134,151.38296,152.50952,151.38296,0.207,75.1,141.47,141.16,6,take_profit,54.7517,0.25035,-5.56519,-3.9847,,2021
GBPJPY,1,2021-06-22 23:00:00,2021-06-23 09:00:00,154.315,154.765,153.96265,155.01969,0.225,45.0,92.14,91.82,10,time_exit,27.47129,0.2349,3.55848,-2.14867,,2021
GBPJPY,1,2021-06-23 19:00:00,2021-06-24 05:00:00,154.935,154.997,154.57678,155.65144,0.2242,6.2,12.65,12.33,10,time_exit,31.28742,0.23881,3.32227,0.16865,new_york,2021
GBPJPY,-1,2021-06-24 09:00:00,2021-06-24 11:00:00,154.715,154.96841,154.96841,154.20817,0.3174,-25.3,-73.19,-73.51,2,stop_loss,20.62988,0.16894,1.39647,1.59799,london,2021
GBPJPY,-1,2021-06-24 22:00:00,2021-06-25 08:00:00,154.385,154.376,154.72977,153.69547,0.2309,0.9,1.89,1.57,10,time_exit,28.29594,0.22984,-0.31722,0.94657,,2021
GBPJPY,1,2021-06-28 18:00:00,2021-06-29 03:00:00,153.688,153.33491,153.33491,154.39418,0.2256,-35.3,-72.49,-72.81,9,stop_loss,25.72474,0.23539,-1.62441,-0.42439,new_york,2021
GBPJPY,1,2021-06-29 21:00:00,2021-06-30 07:00:00,153.034,153.032,152.74185,153.61829,0.2699,-0.2,-0.49,-0.81,10,time_exit,39.82723,0.19476,-2.34721,-2.32961,new_york,2021
GBPJPY,-1,2021-06-30 18:00:00,2021-06-30 22:00:00,153.314,153.61514,153.61514,152.71172,0.2618,-30.1,-71.74,-72.06,4,stop_loss,25.20041,0.20076,0.28241,-2.59549,new_york,2021
GBPJPY,1,2021-07-02 02:00:00,2021-07-02 12:00:00,153.483,153.303,153.22523,153.99855,0.3027,-18.0,-49.58,-49.9,10,time_exit,12.30407,0.17185,-0.08059,-1.33076,,2021
GBPJPY,-1,2021-07-05 14:00:00,2021-07-06 00:00:00,153.6,153.627,153.81081,153.17838,0.3676,-2.7,-9.03,-9.35,10,time_exit,11.41754,0.14054,0.44037,-0.92319,london,2021
GBPJPY,-1,2021-07-06 14:00:00,2021-07-06 17:00:00,153.293,152.79822,153.54039,152.79822,0.3128,49.5,140.84,140.52,3,take_profit,13.29851,0.16493,-1.9621,-0.30608,london,2021
GBPJPY,1,2021-07-06 23:00:00,2021-07-07 03:00:00,152.664,152.34686,152.34686,153.29829,0.2489,-31.7,-71.83,-72.15,4,stop_loss,28.22222,0.21143,-3.38287,-1.03299,,2021
GBPJPY,1,2021-07-07 06:00:00,2021-07-07 13:00:00,152.494,153.08182,152.20009,153.08182,0.2659,58.8,142.23,141.92,7,take_profit,38.9011,0.19594,-3.47246,-1.79319,,2021
GBPJPY,1,2021-07-09 02:00:00,2021-07-09 12:00:00,151.331,151.798,150.9414,152.11019,0.2046,46.7,86.95,86.63,10,time_exit,49.13496,0.25973,-2.6852,-3.69871,,2021
GBPJPY,-1,2021-07-13 02:00:00,2021-07-13 06:00:00,153.179,153.4579,153.4579,152.62121,0.2892,-27.9,-73.4,-73.72,4,stop_loss,24.62411,0.18593,2.5342,-0.8242,,2021
GBPJPY,1,2021-07-14 06:00:00,2021-07-14 13:00:00,152.744,153.2078,152.5121,153.2078,0.3443,46.4,145.31,145.0,7,take_profit,26.03716,0.1546,-0.45663,-0.35421,,2021
GBPJPY,1,2021-07-15 02:00:00,2021-07-15 03:00:00,152.418,152.17253,152.17253,152.90893,0.3318,-24.5,-74.12,-74.43,1,stop_loss,23.95389,0.16364,-1.86214,-0.6901,,2021
GBPJPY,1,2021-07-15 23:00:00,2021-07-16 09:00:00,151.772,151.911,151.3628,152.59041,0.197,13.9,24.92,24.6,10,time_exit,24.27788,0.2728,-2.20332,-1.19943,,2021
GBPJPY,1,2021-07-16 14:00:00,2021-07-16 17:00:00,152.183,151.80047,151.80047,152.94805,0.2115,-38.3,-73.62,-73.94,3,stop_loss,15.57472,0.25502,-0.24481,-1.43455,london,2021
GBPJPY,1,2021-07-19 02:00:00,2021-07-19 10:00:00,151.356,151.02432,151.02432,152.01936,0.2414,-33.2,-72.86,-73.18,8,stop_loss,17.20941,0.22112,-3.08319,-2.14378,,2021
GBPJPY,1,2021-07-21 20:00:00,2021-07-22 06:00:00,151.101,150.97,150.65264,151.99771,0.1768,-13.1,-21.08,-21.39,10,time_exit,23.37719,0.2989,3.3026,-3.89732,new_york,2021
GBPJPY,-1,2021-07-22 18:00:00,2021-07-23 04:00:00,151.502,151.651,151.91806,150.66989,0.19,-14.9,-25.76,-26.08,10,time_exit,29.43348,0.27737,2.40804,-1.62238,new_york,2021
GBPJPY,-1,2021-07-23 07:00:00,2021-07-23 15:00:00,151.743,152.03636,152.03636,151.15628,0.2684,-29.3,-71.65,-71.97,8,stop_loss,19.07063,0.19557,2.94234,-0.82794,london,2021
GBPJPY,1,2021-07-27 19:00:00,2021-07-28 05:00:00,152.223,152.45,151.81322,153.04257,0.1902,22.7,39.29,38.97,10,time_exit,23.55357,0.27319,0.65104,1.36952,new_york,2021
GBPJPY,1,2021-07-28 22:00:00,2021-07-29 03:00:00,152.924,152.60301,152.60301,153.56597,0.2442,-32.1,-71.33,-71.65,5,stop_loss,19.9368,0.21399,2.45178,2.44631,,2021
GBPJPY,1,2021-08-02 00:00:00,2021-08-02 10:00:00,152.412,152.646,152.14387,152.94826,0.2894,23.4,61.62,61.31,10,time_exit,23.81168,0.17875,-1.57132,2.84969,,2021
GBPJPY,-1,2021-08-02 16:00:00,2021-08-02 19:00:00,152.145,151.58507,152.42497,151.58507,0.2796,56.0,142.47,142.15,3,take_profit,21.5751,0.18664,-2.50568,1.69812,new_york,2021
GBPJPY,-1,2021-08-03 22:00:00,2021-08-04 08:00:00,151.822,151.865,152.14227,151.18147,0.2493,-4.3,-9.76,-10.07,10,time_exit,22.75348,0.21351,-0.98449,-0.62668,,2021
GBPJPY,1,2021-08-05 06:00:00,2021-08-05 16:00:00,152.273,152.601,152.00673,152.80553,0.2994,32.8,89.36,89.05,10,time_exit,14.09512,0.17751,1.32556,-0.45716,,2021
GBPJPY,-1,2021-08-06 04:00:00,2021-08-06 14:00:00,152.92,152.8,153.16922,152.42157,0.3238,12.0,35.36,35.04,10,time_exit,24.1609,0.16614,2.88373,1.23325,,2021
GBPJPY,1,2021-08-06 16:00:00,2021-08-06 18:00:00,153.081,152.83129,152.83129,153.58043,0.3247,-25.0,-73.78,-74.1,2,stop_loss,18.26393,0.16648,2.91404,1.77507,new_york,2021
GBPJPY,1,2021-08-09 02:00:00,2021-08-09 11:00:00,152.909,152.67311,152.67311,153.38078,0.3403,-23.6,-73.05,-73.37,9,stop_loss,15.17859,0.15726,1.25089,2.22462,,2021
GBPJPY,-1,2021-08-09 19:00:00,2021-08-10 05:00:00,152.716,152.744,152.98565,152.17669,0.2947,-2.8,-7.51,-7.83,10,time_exit,13.61256,0.17977,-0.26912,1.82483,new_york,2021
GBPJPY,-1,2021-08-10 11:00:00,2021-08-10 17:00:00,152.985,153.2083,153.2083,152.5384,0.3555,-22.3,-72.24,-72.56,6,stop_loss,11.30565,0.14887,1.42426,1.93759,london,2021
GBPJPY,-1,2021-08-11 03:00:00,2021-08-11 13:00:00,153.015,153.01,153.22102,152.60295,0.3814,0.5,1.74,1.42,10,time_exit,16.30739,0.13735,0.84338,2.41292,,2021
GBPJPY,-1,2021-08-11 21:00:00,2021-08-12 07:00:00,153.201,153.125,153.41657,152.76985,0.3646,7.6,25.22,24.9,10,time_exit,21.85706,0.14372,1.361,2.40678,new_york,2021
GBPJPY,-1,2021-08-12 22:00:00,2021-08-13 08:00:00,152.438,152.465,152.63853,152.03695,0.3933,-2.7,-9.66,-9.98,10,time_exit,28.12285,0.13368,-3.7673,1.67429,,2021
GBPJPY,1,2021-08-13 09:00:00,2021-08-13 10:00:00,152.467,152.30777,152.30777,152.78545,0.4947,-15.9,-71.68,-72.0,1,stop_loss,42.27588,0.10615,-2.95749,0.79922,london,2021
GBPJPY,-1,2021-08-16 05:00:00,2021-08-16 15:00:00,151.716,151.56,151.95968,151.22864,0.32,15.6,45.43,45.11,10,time_exit,49.47791,0.16245,-4.13963,-1.20845,,2021
GBPJPY,-1,2021-08-18 02:00:00,2021-08-18 07:00:00,150.568,150.84242,150.84242,150.01917,0.2859,-27.4,-71.39,-71.71,5,stop_loss,45.49334,0.18294,-3.07798,-4.84412,,2021
GBPJPY,1,2021-08-18 20:00:00,2021-08-18 23:00:00,151.215,150.93297,150.93297,151.77907,0.2754,-28.2,-70.68,-71.0,3,stop_loss,30.13354,0.18802,1.10421,-4.35128,new_york,2021
GBPJPY,-1,2021-08-19 00:00:00,2021-08-19 10:00:00,150.954,150.40143,151.23028,150.40143,0.2783,55.3,139.94,139.62,10,take_profit,29.34795,0.18419,-0.2855,-4.20397,,2021
GBPJPY,1,2021-08-20 19:00:00,2021-08-23 05:00:00,149.573,149.83,149.22757,150.26385,0.2271,25.7,53.11,52.79,10,time_exit,42.2022,0.23028,-1.77477,-5.04565,new_york,2021
GBPJPY,-1,2021-08-23 05:00:00,2021-08-23 09:00:00,149.935,150.23478,150.23478,149.33545,0.2636,-30.0,-71.91,-72.23,4,stop_loss,24.50056,0.19985,0.30154,-5.64847,,2021
GBPJPY,1,2021-08-24 21:00:00,2021-08-25 07:00:00,150.556,150.549,150.20263,151.26274,0.2214,-0.7,-1.41,-1.73,10,time_exit,13.54712,0.23558,0.76701,-1.9241,new_york,2021
GBPJPY,-1,2021-08-25 07:00:00,2021-08-25 11:00:00,150.596,150.84581,150.84581,150.09639,0.313,-25.0,-71.15,-71.47,4,stop_loss,9.31384,0.16654,0.87137,-2.13873,london,2021
GBPJPY,1,2021-08-26 13:00:00,2021-08-26 15:00:00,151.406,151.14914,151.14914,151.91972,0.3014,-25.7,-70.45,-70.77,2,stop_loss,26.79467,0.17124,2.5998,0.43381,london,2021
GBPJPY,1,2021-08-26 16:00:00,2021-08-26 18:00:00,151.086,150.81443,150.81443,151.62913,0.2822,-27.2,-69.74,-70.06,2,stop_loss,24.26217,0.18104,0.55112,0.5016,new_york,2021
GBPJPY,1,2021-08-30 09:00:00,2021-08-30 19:00:00,151.084,151.173,150.86528,151.52144,0.3469,8.9,28.1,27.78,10,time_exit,20.32825,0.14581,0.44028,0.66987,london,2021
GBPJPY,1,2021-09-01 00:00:00,2021-09-01 10:00:00,151.292,151.76873,151.05364,151.76873,0.3196,47.7,138.65,138.33,10,take_profit,14.50133,0.15891,0.48201,1.1924,,2021
GBPJPY,-1,2021-09-02 14:00:00,2021-09-02 16:00:00,151.699,151.91,151.91,151.27701,0.3682,-21.1,-70.7,-71.02,2,stop_loss,17.19148,0.14066,1.41421,2.13496,london,2021
GBPJPY,1,2021-09-02 16:00:00,2021-09-02 17:00:00,151.684,152.09597,151.47802,152.09597,0.3734,41.2,139.98,139.67,1,take_profit,17.7228,0.13732,1.18742,2.21858,new_york,2021
GBPJPY,1,2021-09-02 17:00:00,2021-09-03 03:00:00,151.981,152.122,151.75073,152.44154,0.3407,14.1,43.72,43.4,10,time_exit,19.71791,0.15351,2.92315,2.05388,new_york,2021
GBPJPY,-1,2021-09-03 08:00:00,2021-09-03 15:00:00,152.193,151.78829,152.39536,151.78829,0.39,40.5,143.63,143.31,7,take_profit,35.51973,0.1349,2.84337,3.42993,london,2021
GBPJPY,1,2021-09-06 09:00:00,2021-09-06 17:00:00,152.077,151.83981,151.83981,152.55138,0.3394,-23.7,-73.26,-73.58,8,stop_loss,15.68066,0.15813,0.57332,3.02666,london,2021
GBPJPY,-1,2021-09-07 12:00:00,2021-09-07 22:00:00,151.891,151.985,152.09819,151.47663,0.3846,-9.4,-32.9,-33.22,10,time_exit,13.88697,0.13812,-0.69463,2.6213,london,2021
GBPJPY,1,2021-09-08 17:00:00,2021-09-08 18:00:00,151.831,151.60358,151.60358,152.28585,0.3488,-22.7,-72.19,-72.5,1,stop_loss,21.90662,0.15162,-0.53556,1.46181,new_york,2021
GBPJPY,-1,2021-09-08 19:00:00,2021-09-09 05:00:00,151.834,151.661,152.11019,151.28162,0.2843,17.3,44.76,44.44,10,time_exit,24.94599,0.18413,-0.34293,1.11131,new_york,2021
GBPJPY,1,2021-09-09 17:00:00,2021-09-09 20:00:00,152.05,151.802,151.802,152.54599,0.3186,-24.8,-71.9,-72.22,3,stop_loss,29.30888,0.16533,1.32507,0.74254,new_york,2021
GBPJPY,1,2021-09-10 09:00:00,2021-09-10 11:00:00,152.201,152.62425,151.98937,152.62425,0.3696,42.3,142.35,142.04,2,take_profit,17.68037,0.14108,2.07762,1.06785,london,2021
GBPJPY,-1,2021-09-10 15:00:00,2021-09-10 22:00:00,152.54,152.06337,152.77832,152.06337,0.3348,47.7,145.21,144.9,7,take_profit,25.04839,0.15888,3.22994,1.4886,london,2021
GBPJPY,-1,2021-09-13 17:00:00,2021-09-14 03:00:00,152.187,152.286,152.42281,151.71538,0.3451,-9.9,-31.09,-31.41,10,time_exit,14.96392,0.15721,0.51312,1.47892,new_york,2021
GBPJPY,-1,2021-09-14 09:00:00,2021-09-14 10:00:00,152.319,152.51182,152.51182,151.93335,0.4202,-19.3,-73.73,-74.05,1,stop_loss,13.51265,0.12855,1.16428,1.9786,london,2021
GBPJPY,1,2021-09-14 15:00:00,2021-09-14 17:00:00,152.548,152.31319,152.31319,153.01761,0.3416,-23.5,-72.99,-73.31,2,stop_loss,13.28746,0.15654,1.75049,1.92879,london,2021
GBPJPY,-1,2021-09-15 02:00:00,2021-09-15 12:00:00,151.492,151.194,151.77412,150.92775,0.2815,29.8,76.34,76.02,10,time_exit,28.56063,0.18808,-3.14138,0.71198,,2021
GBPJPY,-1,2021-09-16 06:00:00,2021-09-16 15:00:00,151.227,151.49678,151.49678,150.68743,0.2975,-27.0,-73.04,-73.36,9,stop_loss,19.86595,0.17986,-1.88074,-1.26348,,2021
GBPJPY,1,2021-09-17 01:00:00,2021-09-17 11:00:00,151.34,151.715,151.06914,151.88172,0.2933,37.5,100.09,99.77,10,time_exit,13.14148,0.18057,-0.2416,-1.71095,,2021
GBPJPY,1,2021-09-17 20:00:00,2021-09-20 00:00:00,151.186,150.87369,150.87369,151.81062,0.2579,-31.2,-73.3,-73.61,4,stop_loss,17.04672,0.20821,-1.27921,-1.00544,new_york,2021
GBPJPY,-1,2021-09-20 07:00:00,2021-09-20 10:00:00,150.709,150.15652,150.98524,150.15652,0.2886,55.2,145.1,144.78,3,take_profit,27.02515,0.18416,-2.9437,-1.80161,london,2021
GBPJPY,1,2021-09-20 11:00:00,2021-09-20 14:00:00,150.043,149.73958,149.73958,150.64983,0.268,-30.3,-74.0,-74.32,3,stop_loss,33.30921,0.20228,-5.37581,-2.02324,london,2021
GBPJPY,1,2021-09-22 05:00:00,2021-09-22 15:00:00,149.464,149.352,149.08073,150.23054,0.21,-11.2,-21.4,-21.72,10,time_exit,33.15243,0.25551,-1.18531,-4.21333,,2021
GBPJPY,1,2021-09-22 16:00:00,2021-09-23 02:00:00,149.352,149.535,149.0209,150.01419,0.2424,18.3,40.37,40.05,10,time_exit,18.36092,0.22073,-1.29486,-4.7852,new_york,2021
GBPJPY,1,2021-09-27 02:00:00,2021-09-27 06:00:00,151.443,151.1481,151.1481,152.03279,0.2737,-29.5,-73.45,-73.77,4,stop_loss,27.63676,0.1966,2.31039,1.10903,,2021
GBPJPY,-1,2021-09-28 00:00:00,2021-09-28 05:00:00,151.958,152.23367,152.23367,151.40665,0.2898,-27.6,-72.7,-73.02,5,stop_loss,34.12014,0.18378,3.07621,2.81186,,2021
GBPJPY,1,2021-09-29 03:00:00,2021-09-29 10:00:00,151.023,150.69498,150.69498,151.67905,0.2411,-32.8,-71.97,-72.29,7,stop_loss,39.76883,0.21868,-1.93281,1.54937,,2021
GBPJPY,-1,2021-09-30 15:00:00,2021-09-30 19:00:00,150.617,149.9342,150.9584,149.9342,0.2293,68.3,142.47,142.16,4,take_profit,22.96551,0.2276,-0.35396,-0.97619,london,2021
GBPJPY,1,2021-09-30 19:00:00,2021-10-01 04:00:00,150.189,149.76874,149.76874,151.02953,0.19,-42.0,-72.66,-72.98,9,stop_loss,21.78839,0.28018,-1.71161,-0.83637,new_york,2021
GBPJPY,1,2021-10-01 08:00:00,2021-10-01 10:00:00,149.62,149.26168,149.26168,150.33663,0.2206,-35.8,-71.93,-72.25,2,stop_loss,24.32204,0.23888,-3.0388,-1.81359,london,2021
GBPJPY,1,2021-10-04 18:00:00,2021-10-05 04:00:00,150.85,150.993,150.36681,151.81638,0.162,14.3,21.08,20.76,10,time_exit,18.5784,0.32213,0.97018,-0.50449,new_york,2021
GBPJPY,1,2021-10-05 11:00:00,2021-10-05 17:00:00,151.176,151.88415,150.82193,151.88415,0.2217,70.8,142.87,142.55,6,take_profit,16.0869,0.23605,1.6832,0.1289,london,2021
GBPJPY,1,2021-10-06 05:00:00,2021-10-06 10:00:00,151.928,151.63313,151.63313,152.51774,0.2715,-29.5,-72.85,-73.17,5,stop_loss,40.5295,0.19658,3.0704,2.03126,,2021
GBPJPY,1,2021-10-07 16:00:00,2021-10-08 02:00:00,151.525,152.068,151.20961,152.15577,0.2513,54.3,124.17,123.86,10,time_exit,18.34596,0.21026,0.72046,1.45519,new_york,2021
GBPJPY,1,2021-10-08 08:00:00,2021-10-08 17:00:00,152.24,152.71677,152.00161,152.71677,0.3382,47.7,146.73,146.41,9,take_profit,31.22842,0.15892,3.38614,3.08965,london,2021
GBPJPY,1,2021-10-08 23:00:00,2021-10-11 04:00:00,152.83,153.4072,152.5414,153.4072,0.2849,57.7,149.64,149.32,5,take_profit,32.00508,0.1924,3.92297,3.558,,2021
GBPJPY,-1,2021-10-11 21:00:00,2021-10-12 07:00:00,154.196,154.101,154.56846,153.45108,0.2252,9.5,19.47,19.15,10,time_exit,50.81954,0.24831,4.34354,5.07049,new_york,2021
GBPJPY,-1,2021-10-12 16:00:00,2021-10-13 02:00:00,154.67,154.145,155.07655,153.8569,0.2068,52.5,98.8,98.48,10,time_exit,25.61591,0.27103,3.67445,5.22852,new_york,2021
GBPJPY,-1,2021-10-13 06:00:00,2021-10-13 10:00:00,154.38,154.71775,154.71775,153.70451,0.2521,-33.8,-77.48,-77.8,4,stop_loss,14.28525,0.22516,1.82711,6.38875,,2021
GBPJPY,-1,2021-10-14 02:00:00,2021-10-14 04:00:00,154.75,155.04976,155.04976,154.15048,0.2812,-30.0,-76.71,-77.03,2,stop_loss,9.26853,0.19984,1.98475,7.19719,,2021
GBPJPY,1,2021-10-14 07:00:00,2021-10-14 17:00:00,155.213,155.575,154.94025,155.75849,0.306,36.2,100.8,100.48,10,time_exit,13.87906,0.18183,4.02857,8.03271,london,2021
GBPJPY,1,2021-10-15 04:00:00,2021-10-15 10:00:00,155.761,156.28957,155.49671,156.28957,0.32,52.9,153.92,153.6,6,take_profit,32.13301,0.17619,3.99361,8.91817,,2021
GBPJPY,1,2021-10-19 10:00:00,2021-10-19 12:00:00,156.946,157.51228,156.66286,157.51228,0.3046,56.6,156.96,156.65,2,take_profit,14.86939,0.18876,1.01417,9.70258,london,2021
GBPJPY,1,2021-10-19 13:00:00,2021-10-19 23:00:00,157.616,157.738,157.29221,158.26359,0.2717,12.2,30.16,29.85,10,time_exit,14.72486,0.21586,3.68496,8.44976,london,2021
GBPJPY,1,2021-10-21 15:00:00,2021-10-21 16:00:00,157.677,157.26716,157.26716,158.49667,0.2154,-41.0,-80.33,-80.65,1,stop_loss,25.5244,0.27322,0.20145,5.63416,london,2021
GBPJPY,-1,2021-10-21 17:00:00,2021-10-22 03:00:00,157.184,157.355,157.63554,156.28093,0.1936,-17.1,-30.13,-30.44,10,time_exit,26.38527,0.30102,-1.39447,4.94295,new_york,2021
GBPJPY,1,2021-10-22 08:00:00,2021-10-22 10:00:00,157.349,156.97281,156.97281,158.10138,0.2315,-37.6,-79.25,-79.57,2,stop_loss,20.38756,0.25079,-0.32311,4.641,london,2021
GBPJPY,1,2021-10-22 16:00:00,2021-10-22 17:00:00,156.824,156.41149,156.41149,157.64901,0.209,-41.3,-78.45,-78.77,1,stop_loss,21.88895,0.275,-1.82453,3.63705,new_york,2021
GBPJPY,1,2021-10-25 07:00:00,2021-10-25 12:00:00,156.593,156.19167,156.19167,157.39567,0.2126,-40.1,-77.64,-77.96,5,stop_loss,28.03785,0.26756,-1.07107,2.06676,london,2021
GBPJPY,-1,2021-10-26 21:00:00,2021-10-27 07:00:00,157.139,157.028,157.49337,156.43026,0.2384,11.1,24.08,23.76,10,time_exit,33.8776,0.23625,0.90249,1.85971,new_york,2021
GBPJPY,1,2021-10-27 15:00:00,2021-10-28 01:00:00,156.076,156.347,155.68973,156.84853,0.2194,27.1,54.11,53.79,10,time_exit,28.31075,0.25751,-2.89431,1.12181,london,2021
GBPJPY,1,2021-10-29 22:00:00,2021-11-01 08:00:00,155.945,156.346,155.55598,156.72304,0.2194,40.1,80.06,79.74,10,time_exit,18.25403,0.25935,-2.14683,0.03494,,2021
GBPJPY,-1,2021-11-02 03:00:00,2021-11-02 09:00:00,155.783,155.12161,156.11369,155.12161,0.2607,66.1,156.91,156.59,6,take_profit,15.50404,0.22046,-1.73977,-0.97034,,2021
GBPJPY,-1,2021-11-03 13:00:00,2021-11-03 15:00:00,155.132,155.3942,155.3942,154.6076,0.3354,-26.2,-80.03,-80.35,2,stop_loss,18.69659,0.1748,-1.58967,-3.53162,london,2021
GBPJPY,1,2021-11-05 16:00:00,2021-11-08 00:00:00,153.17,152.7467,152.7467,154.0166,0.2056,-42.3,-79.2,-79.52,8,stop_loss,41.18768,0.2822,-3.69511,-4.23987,new_york,2021
GBPJPY,-1,2021-11-08 22:00:00,2021-11-09 08:00:00,153.485,153.19,153.8345,152.78601,0.2466,29.5,66.2,65.88,10,time_exit,14.64739,0.233,-0.16299,-5.61567,,2021
GBPJPY,1,2021-11-09 23:00:00,2021-11-10 09:00:00,153.041,153.287,152.69627,153.73045,0.2521,24.6,56.44,56.12,10,time_exit,21.11024,0.22982,-1.1139,-5.09998,,2021
GBPJPY,-1,2021-11-10 09:00:00,2021-11-10 16:00:00,153.133,153.41029,153.41029,152.57842,0.3156,-27.7,-79.64,-79.96,7,stop_loss,21.49818,0.18486,-0.40941,-6.08443,london,2021
GBPJPY,1,2021-11-10 23:00:00,2021-11-11 09:00:00,152.714,152.772,152.30489,153.53222,0.2118,5.8,11.18,10.86,10,time_exit,19.25909,0.27274,-1.72257,-3.6597,,2021
GBPJPY,1,2021-11-12 15:00:00,2021-11-15 01:00:00,152.684,152.921,152.42052,153.21096,0.3293,23.7,71.02,70.7,10,time_exit,14.5006,0.17565,-0.53424,-5.17413,london,2021
GBPJPY,-1,2021-11-15 20:00:00,2021-11-16 03:00:00,153.115,153.39644,153.39644,152.55212,0.311,-28.1,-79.65,-79.97,7,stop_loss,22.6994,0.18763,1.24656,-3.23639,new_york,2021
GBPJPY,1,2021-11-17 21:00:00,2021-11-18 07:00:00,153.925,154.013,153.55365,154.66769,0.2333,8.8,18.68,18.36,10,time_exit,27.64797,0.24756,0.21298,0.90179,new_york,2021
GBPJPY,-1,2021-11-18 08:00:00,2021-11-18 18:00:00,154.013,154.055,154.34003,153.35895,0.2656,-4.2,-10.15,-10.47,10,time_exit,20.55681,0.21802,0.51805,1.00716,london,2021
GBPJPY,-1,2021-11-18 22:00:00,2021-11-19 08:00:00,154.216,154.28,154.5061,153.63579,0.299,-6.4,-17.41,-17.73,10,time_exit,11.41045,0.1934,1.2204,1.27514,,2021
GBPJPY,1,2021-11-19 12:00:00,2021-11-19 14:00:00,153.143,152.79304,152.79304,153.84292,0.2473,-35.0,-78.76,-79.07,2,stop_loss,12.54393,0.23331,-3.83699,1.07569,london,2021
GBPJPY,1,2021-11-22 05:00:00,2021-11-22 15:00:00,153.333,153.473,152.95348,154.09204,0.2257,14.0,28.75,28.44,10,time_exit,28.15934,0.25301,-1.19065,-0.23355,,2021
GBPJPY,1,2021-11-22 21:00:00,2021-11-23 07:00:00,153.893,154.111,153.53205,154.6149,0.2382,21.8,47.25,46.94,10,time_exit,20.85657,0.24063,1.23414,-0.30633,new_york,2021
GBPJPY,1,2021-11-24 10:00:00,2021-11-24 20:00:00,153.633,153.861,153.34281,154.21338,0.2981,22.8,61.85,61.53,10,time_exit,14.94959,0.19346,-0.8132,0.33593,london,2021
GBPJPY,1,2021-11-25 02:00:00,2021-11-25 12:00:00,153.831,153.624,153.56273,154.36754,0.325,-20.7,-61.22,-61.54,10,time_exit,13.38957,0.17885,0.24479,0.31076,,2021
GBPJPY,-1,2021-11-25 19:00:00,2021-11-26 01:00:00,153.696,153.22689,153.93055,153.22689,0.3688,46.9,157.44,157.12,6,take_profit,19.81329,0.15637,-0.52951,0.25133,new_york,2021
GBPJPY,-1,2021-11-26 02:00:00,2021-11-26 04:00:00,153.195,152.68098,153.45201,152.68098,0.3433,51.4,160.58,160.26,2,take_profit,19.19049,0.17134,-3.15427,0.01956,,2021
GBPJPY,1,2021-11-26 07:00:00,2021-11-26 08:00:00,152.639,152.30746,152.30746,153.30207,0.2714,-33.2,-81.88,-82.2,1,stop_loss,34.26364,0.22102,-4.11853,-0.60253,london,2021
GBPJPY,1,2021-11-30 17:00:00,2021-11-30 18:00:00,150.438,149.95816,149.95816,151.39767,0.1857,-48.0,-81.09,-81.4,1,stop_loss,32.69846,0.31989,-2.88042,-3.92074,new_york,2021
GBPJPY,-1,2021-11-30 20:00:00,2021-12-01 01:00:00,150.027,150.58741,150.58741,148.90618,0.1574,-56.0,-80.27,-80.59,5,stop_loss,31.35103,0.37361,-3.18079,-3.54282,new_york,2021
GBPJPY,1,2021-12-03 23:00:00,2021-12-06 09:00:00,149.291,149.716,148.82741,150.21818,0.1883,42.5,72.83,72.51,10,time_exit,22.17257,0.30906,-3.06704,-3.83953,,2021
GBPJPY,-1,2021-12-09 09:00:00,2021-12-09 19:00:00,150.089,150.016,150.41886,149.42928,0.2671,7.3,17.74,17.42,10,time_exit,39.88645,0.21991,-0.89954,-2.28545,london,2021
GBPJPY,1,2021-12-10 01:00:00,2021-12-10 11:00:00,149.972,150.067,149.63616,150.64368,0.2629,9.5,22.73,22.41,10,time_exit,29.44183,0.22389,-0.49632,-2.53738,,2021
GBPJPY,-1,2021-12-13 09:00:00,2021-12-13 10:00:00,150.173,150.45811,150.45811,149.60279,0.3106,-28.5,-80.58,-80.9,1,stop_loss,10.41633,0.19007,-0.21841,-1.67985,london,2021
GBPJPY,-1,2021-12-13 19:00:00,2021-12-14 05:00:00,150.093,149.859,150.42078,149.43745,0.2674,23.4,56.94,56.62,10,time_exit,11.39659,0.21852,-0.92125,-1.08041,new_york,2021
GBPJPY,1,2021-12-14 14:00:00,2021-12-15 00:00:00,150.447,150.438,150.17096,150.99907,0.3198,-0.9,-2.62,-2.94,10,time_exit,17.73048,0.18402,1.38285,-1.41515,london,2021
GBPJPY,-1,2021-12-15 02:00:00,2021-12-15 09:00:00,150.472,150.72779,150.72779,149.96043,0.345,-25.6,-80.3,-80.62,7,stop_loss,10.65995,0.17052,1.16026,-1.01232,,2021
GBPJPY,1,2021-12-15 09:00:00,2021-12-15 10:00:00,150.517,150.95711,150.29695,150.95711,0.397,44.0,159.0,158.68,1,take_profit,8.28256,0.1467,1.2305,-0.77456,london,2021
GBPJPY,1,2021-12-15 23:00:00,2021-12-16 09:00:00,151.235,151.369,150.87862,151.94777,0.25,13.4,30.48,30.17,10,time_exit,19.49337,0.23759,3.02293,0.10491,,2021
GBPJPY,-1,2021-12-20 20:00:00,2021-12-21 06:00:00,149.966,150.166,150.36128,149.17545,0.2263,-20.0,-41.19,-41.51,10,time_exit,33.0713,0.26352,-1.94391,-0.62228,new_york,2021
GBPJPY,-1,2021-12-22 09:00:00,2021-12-22 10:00:00,151.268,151.53125,151.53125,150.7415,0.338,-26.3,-80.97,-81.29,1,stop_loss,22.38825,0.1755,2.51984,0.81475,london,2021
GBPJPY,1,2021-12-23 23:00:00,2021-12-24 06:00:00,153.508,153.2074,153.2074,154.1092,0.293,-30.1,-80.15,-80.47,7,stop_loss,49.22442,0.2004,5.29651,5.56326,,2021
GBPJPY,1,2021-12-27 08:00:00,2021-12-27 14:00:00,153.363,153.87028,153.10936,153.87028,0.3438,50.7,158.71,158.39,6,take_profit,20.34358,0.16909,1.89069,7.1664,london,2021
GBPJPY,1,2021-12-28 07:00:00,2021-12-28 17:00:00,154.298,154.07247,154.07247,154.74905,0.3944,-22.6,-80.94,-81.26,10,stop_loss,43.76633,0.15035,3.83773,9.44111,london,2021
GBPJPY,1,2021-12-29 01:00:00,2021-12-29 11:00:00,154.23,154.261,154.01345,154.66311,0.4066,3.1,11.47,11.15,10,time_exit,23.74683,0.14437,1.48301,9.52995,,2021
GBPJPY,-1,2021-12-30 00:00:00,2021-12-30 03:00:00,154.992,155.24691,155.24691,154.48218,0.3459,-25.5,-80.24,-80.56,3,stop_loss,32.54203,0.16994,3.95986,7.97848,,2021
GBPJPY,-1,2021-12-31 01:00:00,2021-12-31 10:00:00,155.281,155.54156,155.54156,154.75987,0.335,-26.1,-79.43,-79.75,9,stop_loss,30.43043,0.17371,1.89765,8.22451,,2021
GBPJPY,1,2021-12-31 11:00:00,2021-12-31 12:00:00,155.587,155.38126,155.38126,155.99848,0.42,-20.6,-78.63,-78.95,1,stop_loss,31.34754,0.13716,3.54813,10.20709,london,2021
GBPJPY,-1,2022-01-03 21:00:00,2022-01-04 04:00:00,155.387,155.70836,155.70836,154.74428,0.2662,-32.1,-77.85,-78.17,7,stop_loss,23.53364,0.21424,-0.01274,5.64936,new_york,2022
GBPJPY,-1,2022-01-04 07:00:00,2022-01-04 10:00:00,155.956,156.26833,156.26833,155.33135,0.2711,-31.2,-77.05,-77.37,3,stop_loss,18.40223,0.20822,2.39408,5.51094,london,2022
GBPJPY,1,2022-01-05 07:00:00,2022-01-05 12:00:00,156.958,156.63446,156.63446,157.60508,0.2591,-32.4,-76.28,-76.6,5,stop_loss,35.50711,0.21569,2.72278,7.00786,london,2022
GBPJPY,1,2022-01-05 12:00:00,2022-01-05 19:00:00,156.775,157.41355,156.45572,157.41355,0.2599,63.9,151.02,150.7,7,take_profit,29.15898,0.21285,1.40193,7.11497,london,2022
GBPJPY,1,2022-01-06 11:00:00,2022-01-06 21:00:00,156.329,156.819,155.9538,157.0794,0.2256,49.0,100.6,100.28,10,time_exit,23.75276,0.25013,-1.82169,5.60087,london,2022
GBPJPY,1,2022-01-07 04:00:00,2022-01-07 14:00:00,157.065,156.9,156.74218,157.71064,0.2656,-16.5,-39.88,-40.2,10,time_exit,13.26867,0.21521,1.34071,5.48616,,2022
GBPJPY,-1,2022-01-07 22:00:00,2022-01-10 08:00:00,157.106,157.262,157.38853,156.54094,0.3019,-15.6,-42.86,-43.18,10,time_exit,9.60085,0.18835,1.22875,5.58153,,2022
GBPJPY,1,2022-01-11 23:00:00,2022-01-12 09:00:00,157.147,157.283,156.848,157.745,0.2837,13.6,35.11,34.79,10,time_exit,17.81815,0.19933,1.46743,3.20992,,2022
GBPJPY,-1,2022-01-12 18:00:00,2022-01-13 04:00:00,157.196,157.239,157.49393,156.60014,0.286,-4.3,-11.19,-11.51,10,time_exit,19.19814,0.19862,0.49812,3.50688,new_york,2022
GBPJPY,1,2022-01-14 01:00:00,2022-01-14 02:00:00,156.513,156.18258,156.18258,157.17385,0.2575,-33.0,-77.43,-77.75,1,stop_loss,27.21931,0.22028,-1.96235,1.80342,,2022
GBPJPY,-1,2022-01-14 11:00:00,2022-01-14 15:00:00,156.341,155.69584,156.66358,155.69584,0.2611,64.5,153.29,152.97,4,take_profit,38.05043,0.21505,-1.68946,0.87409,london,2022
GBPJPY,1,2022-01-18 15:00:00,2022-01-19 01:00:00,155.789,155.788,155.46053,156.44594,0.2616,-0.1,-0.24,-0.56,10,time_exit,19.29429,0.21898,-2.84186,-0.14572,london,2022
GBPJPY,1,2022-01-19 13:00:00,2022-01-19 18:00:00,156.055,155.74372,155.74372,156.67756,0.276,-31.1,-78.18,-78.5,5,stop_loss,26.1066,0.20752,0.18962,-1.37724,london,2022
GBPJPY,-1,2022-01-19 21:00:00,2022-01-20 07:00:00,155.733,155.947,156.03869,155.12162,0.2782,-21.4,-54.18,-54.5,10,time_exit,19.02171,0.20379,-1.21239,-1.42028,new_york,2022
GBPJPY,-1,2022-01-21 18:00:00,2022-01-24 03:00:00,154.068,154.40486,154.40486,153.39427,0.2507,-33.7,-76.85,-77.17,9,stop_loss,44.71354,0.22458,-4.68478,-3.3185,new_york,2022
GBPJPY,1,2022-01-24 07:00:00,2022-01-24 08:00:00,154.425,154.14184,154.14184,154.99133,0.2952,-28.3,-76.07,-76.39,1,stop_loss,37.82029,0.18878,-1.77176,-4.80248,london,2022
GBPJPY,-1,2022-01-25 04:00:00,2022-01-25 11:00:00,153.485,153.8665,153.8665,152.722,0.2169,-38.2,-75.3,-75.62,7,stop_loss,35.07452,0.25433,-2.32851,-4.68306,,2022
GBPJPY,-1,2022-01-25 18:00:00,2022-01-26 04:00:00,153.651,153.811,154.11401,152.72497,0.1769,-16.0,-25.76,-26.08,10,time_exit,20.77361,0.30868,-0.54553,-3.93281,new_york,2022
GBPJPY,1,2022-01-27 02:00:00,2022-01-27 03:00:00,154.493,154.14552,154.14552,155.18796,0.235,-34.7,-74.31,-74.63,1,stop_loss,19.55851,0.23165,1.78231,-3.02498,,2022
GBPJPY,-1,2022-01-28 02:00:00,2022-01-28 07:00:00,154.421,154.78761,154.78761,153.68778,0.2205,-36.7,-73.56,-73.88,5,stop_loss,13.3992,0.24441,0.87181,-1.89023,,2022
GBPJPY,1,2022-01-28 17:00:00,2022-01-28 21:00:00,154.635,154.26257,154.26257,155.37985,0.2148,-37.2,-72.8,-73.12,4,stop_loss,10.49105,0.24828,0.8017,-0.95608,new_york,2022
GBPJPY,-1,2022-01-28 22:00:00,2022-01-31 02:00:00,154.221,154.59537,154.59537,153.47225,0.2116,-37.4,-72.09,-72.41,4,stop_loss,11.49817,0.24958,-0.82401,-0.94471,,2022
GBPJPY,-1,2022-01-31 21:00:00,2022-02-01 07:00:00,154.645,154.692,155.04685,153.8413,0.1951,-4.7,-8.34,-8.66,10,time_exit,18.68955,0.2679,-0.12031,-0.07395,new_york,2022
GBPJPY,1,2022-02-01 23:00:00,2022-02-02 09:00:00,155.086,155.15,154.77396,155.71007,0.251,6.4,14.62,14.3,10,time_exit,13.86579,0.20802,1.49729,0.25364,,2022
GBPJPY,-1,2022-02-02 23:00:00,2022-02-03 09:00:00,155.331,155.348,155.60566,154.78169,0.2857,-1.7,-4.42,-4.74,10,time_exit,11.46268,0.1831,1.78041,1.05779,,2022
GBPJPY,1,2022-02-04 13:00:00,2022-02-04 23:00:00,155.832,155.817,155.49363,156.50875,0.2318,-1.5,-3.16,-3.48,10,time_exit,31.37907,0.22558,0.14882,2.84136,london,2022
GBPJPY,1,2022-02-07 00:00:00,2022-02-07 10:00:00,155.942,155.802,155.62464,156.57671,0.247,-14.0,-31.47,-31.79,10,time_exit,22.35367,0.21157,-0.149,2.87445,,2022
GBPJPY,1,2022-02-07 12:00:00,2022-02-07 22:00:00,155.458,155.737,155.12542,156.12316,0.2346,27.9,59.56,59.24,10,time_exit,13.5841,0.22172,-1.84592,2.48845,london,2022
GBPJPY,-1,2022-02-09 16:00:00,2022-02-09 19:00:00,156.785,156.22182,157.06659,156.22182,0.2794,56.3,143.19,142.87,3,take_profit,16.46997,0.18773,2.41525,3.37802,new_york,2022
GBPJPY,1,2022-02-09 19:00:00,2022-02-10 05:00:00,156.31,156.353,156.01637,156.89727,0.2733,4.3,10.69,10.38,10,time_exit,14.57138,0.19576,-0.16074,3.17684,new_york,2022
GBPJPY,1,2022-02-11 15:00:00,2022-02-11 20:00:00,157.455,157.11997,157.11997,158.12506,0.2399,-33.5,-73.14,-73.46,5,stop_loss,20.16544,0.22335,2.00485,3.6678,london,2022
GBPJPY,-1,2022-02-14 22:00:00,2022-02-15 08:00:00,156.365,155.999,156.91309,155.26882,0.1452,36.6,48.36,48.04,10,time_exit,21.97129,0.36539,-0.4433,0.76281,,2022
GBPJPY,1,2022-02-16 07:00:00,2022-02-16 16:00:00,156.68,156.39792,156.39792,157.24417,0.2839,-28.2,-72.88,-73.19,9,stop_loss,11.46009,0.18806,0.90567,1.06822,london,2022
GBPJPY,-1,2022-02-17 15:00:00,2022-02-18 01:00:00,156.689,156.375,157.13862,155.78975,0.1763,31.4,50.38,50.06,10,time_exit,27.1105,0.29975,0.16201,0.73616,london,2022
GBPJPY,1,2022-02-18 08:00:00,2022-02-18 15:00:00,156.786,156.4536,156.4536,157.45081,0.2402,-33.2,-72.66,-72.98,7,stop_loss,26.83513,0.2216,0.74858,0.78257,london,2022
GBPJPY,-1,2022-02-22 00:00:00,2022-02-22 10:00:00,156.041,155.993,156.34675,155.4295,0.2585,4.8,11.29,10.97,10,time_exit,23.82621,0.20383,-2.0812,0.012,,2022
GBPJPY,1,2022-02-22 12:00:00,2022-02-22 22:00:00,155.854,156.243,155.4876,156.5868,0.216,38.9,76.46,76.14,10,time_exit,31.16867,0.24427,-1.54231,-0.65527,london,2022
GBPJPY,-1,2022-02-23 09:00:00,2022-02-23 10:00:00,156.397,156.68991,156.68991,155.81117,0.2731,-29.3,-72.8,-73.11,1,stop_loss,23.53081,0.19528,0.67713,-0.53197,london,2022
GBPJPY,-1,2022-02-23 23:00:00,2022-02-24 05:00:00,155.756,155.12827,156.06986,155.12827,0.2523,62.8,144.12,143.8,6,take_profit,25.069,0.20924,-2.19517,-0.61367,,2022
GBPJPY,-1,2022-02-25 03:00:00,2022-02-25 13:00:00,154.569,154.56,155.086,153.53501,0.1562,0.9,1.28,0.96,10,time_exit,30.09253,0.34466,-1.37256,-2.49897,,2022
GBPJPY,1,2022-03-01 20:00:00,2022-03-02 06:00:00,152.878,153.138,152.42396,153.78609,0.1779,26.0,42.09,41.77,10,time_exit,25.59004,0.3027,-4.52331,-3.02831,new_york,2022
GBPJPY,1,2022-03-02 08:00:00,2022-03-02 15:00:00,153.061,153.76108,152.71096,153.76108,0.2321,70.0,147.87,147.55,7,take_profit,30.3727,0.23336,-3.21422,-4.78789,london,2022
GBPJPY,-1,2022-03-02 22:00:00,2022-03-03 06:00:00,154.584,155.03741,155.03741,153.67719,0.1827,-45.3,-75.38,-75.7,8,stop_loss,26.12599,0.30227,2.42556,-3.09193,,2022
GBPJPY,-1,2022-03-04 01:00:00,2022-03-04 11:00:00,154.053,153.555,154.4196,153.31981,0.2237,49.8,101.38,101.06,10,time_exit,27.56421,0.2444,-0.98469,-1.82465,,2022
GBPJPY,1,2022-03-07 06:00:00,2022-03-07 13:00:00,151.749,151.23524,151.23524,152.77651,0.1618,-51.4,-75.64,-75.96,7,stop_loss,58.73837,0.3425,-3.86842,-3.39404,,2022
GBPJPY,-1,2022-03-08 17:00:00,2022-03-09 03:00:00,151.646,151.956,152.08934,150.75932,0.1856,-31.0,-52.36,-52.68,10,time_exit,19.1701,0.29556,-0.81149,-5.22357,new_york,2022
GBPJPY,1,2022-03-09 09:00:00,2022-03-09 12:00:00,151.871,152.57397,151.51951,152.57397,0.2325,70.3,148.73,148.41,3,take_profit,17.14712,0.23432,0.20979,-5.80103,london,2022
GBPJPY,-1,2022-03-09 14:00:00,2022-03-10 00:00:00,152.442,152.718,152.82895,151.66811,0.2154,-27.6,-54.1,-54.42,10,time_exit,25.70552,0.25796,2.08693,-4.77058,london,2022
GBPJPY,1,2022-03-10 00:00:00,2022-03-10 10:00:00,152.526,152.488,152.17538,153.22725,0.236,-3.8,-8.16,-8.48,10,time_exit,34.76321,0.23375,2.85423,-4.1098,,2022
GBPJPY,1,2022-03-10 11:00:00,2022-03-10 18:00:00,152.488,152.12634,152.12634,153.21131,0.2286,-36.2,-75.23,-75.55,7,stop_loss,32.33726,0.2411,0.50131,-2.83438,london,2022
GBPJPY,1,2022-03-14 05:00:00,2022-03-14 15:00:00,153.38,154.13103,153.00449,154.13103,0.2179,75.1,148.92,148.6,10,take_profit,37.79445,0.25034,2.58873,-0.79633,,2022
GBPJPY,1,2022-03-15 11:00:00,2022-03-15 18:00:00,153.758,154.5332,153.3704,154.5332,0.2153,77.5,151.88,151.56,7,take_profit,37.63467,0.2584,0.89022,1.41737,london,2022
GBPJPY,1,2022-03-16 00:00:00,2022-03-16 10:00:00,154.259,154.343,153.83854,155.09991,0.2025,8.4,15.48,15.16,10,time_exit,22.94007,0.2803,1.74327,1.80219,,2022
GBPJPY,-1,2022-03-17 10:00:00,2022-03-17 15:00:00,156.431,155.60493,156.84403,155.60493,0.2065,82.6,155.23,154.91,5,take_profit,55.17547,0.27536,4.99005,4.37033,london,2022
GBPJPY,-1,2022-03-18 22:00:00,2022-03-21 08:00:00,157.096,156.902,157.44896,156.39007,0.2465,19.4,43.52,43.2,10,time_exit,29.2378,0.23531,4.31064,6.31051,,2022
GBPJPY,-1,2022-03-22 11:00:00,2022-03-22 12:00:00,158.288,158.61771,158.61771,157.62858,0.2653,-33.0,-79.6,-79.92,1,stop_loss,40.58904,0.21981,5.54422,7.53303,london,2022
GBPJPY,-1,2022-03-22 16:00:00,2022-03-22 17:00:00,159.529,160.04038,160.04038,158.50623,0.1693,-51.1,-78.79,-79.1,1,stop_loss,53.78637,0.34092,5.96976,5.52953,new_york,2022
GBPJPY,-1,2022-03-23 06:00:00,2022-03-23 14:00:00,160.831,159.79689,161.34806,159.79689,0.1658,103.4,156.02,155.71,8,take_profit,66.6667,0.3447,6.0633,7.28608,,2022
GBPJPY,1,2022-03-24 11:00:00,2022-03-24 19:00:00,160.335,161.19474,159.90513,161.19474,0.2034,86.0,159.13,158.81,8,take_profit,21.25309,0.28658,2.56568,8.44061,london,2022
GBPJPY,1,2022-03-24 19:00:00,2022-03-25 05:00:00,160.91,160.866,160.43059,161.86883,0.186,-4.4,-7.45,-7.77,10,time_exit,22.42547,0.31961,3.25853,7.5979,new_york,2022
GBPJPY,-1,2022-03-25 13:00:00,2022-03-25 15:00:00,160.116,160.66229,160.66229,159.02342,0.1631,-54.6,-81.08,-81.4,2,stop_loss,25.52055,0.36419,-0.72308,6.4966,london,2022
GBPJPY,1,2022-03-25 17:00:00,2022-03-28 03:00:00,161.076,160.84,160.49893,162.23015,0.1528,-23.6,-32.82,-33.13,10,time_exit,22.36291,0.38472,1.67789,6.00532,new_york,2022
GBPJPY,-1,2022-03-29 15:00:00,2022-03-29 16:00:00,162.25,160.52935,163.11032,160.52935,0.1021,172.1,159.87,159.55,1,take_profit,14.41352,0.57355,1.01927,3.78422,london,2022
GBPJPY,-1,2022-03-29 17:00:00,2022-03-30 03:00:00,160.574,160.428,161.5672,158.58761,0.0902,14.6,11.98,11.67,10,time_exit,13.54493,0.66213,-1.54948,3.15852,new_york,2022
GBPJPY,1,2022-03-31 21:00:00,2022-04-01 05:00:00,159.762,160.89793,159.19403,160.89793,0.158,113.6,163.32,163.01,8,take_profit,14.7225,0.37864,-1.32499,1.24545,new_york,2022
GBPJPY,1,2022-04-01 22:00:00,2022-04-04 08:00:00,160.706,161.035,160.24262,161.63277,0.1975,32.9,59.13,58.81,10,time_exit,14.43879,0.30892,0.58868,1.76935,,2022
GBPJPY,-1,2022-04-04 14:00:00,2022-04-04 17:00:00,160.813,161.1937,161.1937,160.0516,0.2421,-38.1,-83.87,-84.19,3,stop_loss,8.32776,0.2538,0.59055,2.21009,london,2022
GBPJPY,1,2022-04-06 00:00:00,2022-04-06 10:00:00,161.511,161.869,161.14203,162.24895,0.2473,35.8,80.57,80.25,10,time_exit,31.45448,0.24598,1.80333,2.88316,,2022
GBPJPY,1,2022-04-06 14:00:00,2022-04-06 18:00:00,162.185,161.81554,161.81554,162.92393,0.2493,-36.9,-83.82,-84.14,4,stop_loss,39.71203,0.24631,2.9462,3.46447,london,2022
GBPJPY,-1,2022-04-06 18:00:00,2022-04-07 04:00:00,161.991,161.71,162.36486,161.24327,0.2439,28.1,62.37,62.05,10,time_exit,37.44823,0.24924,1.75766,3.54746,new_york,2022
GBPJPY,-1,2022-04-08 05:00:00,2022-04-08 15:00:00,161.853,162.001,162.21564,161.12771,0.2533,-14.8,-34.11,-34.43,10,time_exit,13.63581,0.24176,0.11214,3.31695,,2022
GBPJPY,1,2022-04-12 12:00:00,2022-04-12 15:00:00,163.357,162.98908,162.98908,164.09284,0.2487,-36.8,-83.27,-83.58,3,stop_loss,13.91273,0.24528,1.64046,4.73055,london,2022
GBPJPY,1,2022-04-14 19:00:00,2022-04-15 04:00:00,164.34,165.08589,163.96705,165.08589,0.2429,74.6,164.87,164.55,9,take_profit,19.76496,0.24863,1.0881,5.41987,new_york,2022
GBPJPY,1,2022-04-18 00:00:00,2022-04-18 10:00:00,164.954,164.65348,164.65348,165.55505,0.3074,-30.1,-84.07,-84.39,10,stop_loss,13.38641,0.20035,1.61907,7.23686,,2022
GBPJPY,1,2022-04-18 14:00:00,2022-04-19 00:00:00,164.949,165.309,164.63833,165.57033,0.2944,36.0,96.45,96.13,10,time_exit,18.6417,0.20711,0.50616,6.38705,london,2022
GBPJPY,-1,2022-04-20 06:00:00,2022-04-20 12:00:00,167.777,166.68606,168.32247,166.68606,0.1696,109.1,168.37,168.05,6,take_profit,41.13132,0.36365,3.37661,5.51093,,2022
GBPJPY,1,2022-04-20 12:00:00,2022-04-20 13:00:00,167.303,166.7514,166.7514,168.4062,0.1711,-55.2,-85.88,-86.2,1,stop_loss,28.25922,0.36773,1.51037,5.51622,london,2022
GBPJPY,1,2022-04-21 09:00:00,2022-04-21 19:00:00,167.329,167.631,166.79437,168.39826,0.1747,30.2,48.01,47.69,10,time_exit,20.4696,0.35642,0.97087,5.08048,london,2022
GBPJPY,1,2022-04-22 04:00:00,2022-04-22 07:00:00,167.501,167.02906,167.02906,168.44488,0.199,-47.2,-85.46,-85.78,3,stop_loss,12.19501,0.31463,1.0506,5.16208,,2022
GBPJPY,-1,2022-04-25 16:00:00,2022-04-26 02:00:00,163.239,162.748,163.95196,161.81308,0.1304,49.1,58.26,57.95,10,time_exit,41.03248,0.47531,-4.07717,-0.35798,new_york,2022
GBPJPY,-1,2022-05-02 05:00:00,2022-05-02 15:00:00,163.496,163.125,164.06642,162.35515,0.1641,37.1,55.4,55.08,10,time_exit,15.44344,0.38028,1.41463,-1.14743,,2022
GBPJPY,-1,2022-05-03 05:00:00,2022-05-03 10:00:00,162.686,163.08801,163.08801,161.88197,0.2344,-40.2,-85.75,-86.07,5,stop_loss,27.1798,0.26801,-0.95977,-1.37809,,2022
GBPJPY,1,2022-05-04 17:00:00,2022-05-04 21:00:00,162.394,162.02225,162.02225,163.13751,0.2509,-37.2,-84.88,-85.2,4,stop_loss,11.64569,0.24784,-1.33958,-1.625,new_york,2022
GBPJPY,-1,2022-05-06 15:00:00,2022-05-09 01:00:00,160.886,161.224,161.52555,159.60691,0.1444,-33.8,-44.41,-44.73,10,time_exit,26.02956,0.42636,-1.81819,-2.19321,london,2022
GBPJPY,1,2022-05-09 08:00:00,2022-05-09 14:00:00,160.905,161.91,160.4025,161.91,0.1828,100.5,167.18,166.86,6,take_profit,21.17612,0.335,-1.29946,-3.00959,london,2022
GBPJPY,1,2022-05-10 02:00:00,2022-05-10 03:00:00,160.864,160.28378,160.28378,162.02444,0.1615,-58.0,-85.27,-85.59,1,stop_loss,19.26446,0.38681,-0.82593,-2.47234,,2022
GBPJPY,-1,2022-05-10 10:00:00,2022-05-10 20:00:00,161.058,160.656,161.67247,159.82905,0.1509,40.2,55.2,54.88,10,time_exit,14.27682,0.40965,-0.18093,-2.23929,london,2022
GBPJPY,-1,2022-05-10 20:00:00,2022-05-11 06:00:00,160.33,160.78,160.97387,159.04226,0.145,-45.0,-59.38,-59.7,10,time_exit,22.8592,0.42925,-1.27043,-2.34724,new_york,2022
GBPJPY,1,2022-05-11 06:00:00,2022-05-11 10:00:00,160.811,160.33081,160.33081,161.77138,0.193,-48.0,-84.34,-84.65,4,stop_loss,20.43112,0.32013,0.05116,-3.04648,,2022
GBPJPY,1,2022-05-12 00:00:00,2022-05-12 03:00:00,159.201,158.53952,158.53952,160.52396,0.1387,-66.1,-83.49,-83.81,3,stop_loss,28.03957,0.44099,-2.89895,-2.39832,,2022
GBPJPY,1,2022-05-13 03:00:00,2022-05-13 13:00:00,156.951,157.326,156.16784,158.51732,0.116,37.5,39.58,39.27,10,time_exit,53.43308,0.52211,-2.48141,-4.35104,,2022
GBPJPY,-1,2022-05-13 21:00:00,2022-05-16 03:00:00,158.172,158.90684,158.90684,156.70232,0.1242,-73.5,-83.05,-83.37,6,stop_loss,23.54093,0.48989,0.53345,-4.32209,new_york,2022
GBPJPY,-1,2022-05-17 07:00:00,2022-05-17 09:00:00,159.544,160.14848,160.14848,158.33504,0.1495,-60.4,-82.24,-82.55,2,stop_loss,23.8785,0.40299,2.56806,-2.75664,london,2022
GBPJPY,1,2022-05-18 01:00:00,2022-05-18 06:00:00,161.583,160.99274,160.99274,162.76352,0.1516,-59.0,-81.43,-81.75,5,stop_loss,42.29316,0.39351,4.27819,0.06971,,2022
GBPJPY,1,2022-05-18 08:00:00,2022-05-18 10:00:00,161.006,160.46352,160.46352,162.09095,0.1633,-54.2,-80.61,-80.93,2,stop_loss,31.71975,0.36165,2.1201,0.74742,london,2022
GBPJPY,1,2022-05-18 21:00:00,2022-05-19 07:00:00,158.284,159.68289,157.58455,159.68289,0.1253,139.9,159.51,159.19,10,take_profit,34.70354,0.4663,-3.75905,0.18335,new_york,2022
GBPJPY,-1,2022-05-19 07:00:00,2022-05-19 15:00:00,159.435,158.03166,160.13667,158.03166,0.1274,140.3,162.69,162.38,8,take_profit,36.62354,0.46778,-0.24649,-0.56839,london,2022
GBPJPY,-1,2022-05-23 02:00:00,2022-05-23 09:00:00,160.045,160.73576,160.73576,158.66347,0.132,-69.1,-82.97,-83.29,7,stop_loss,13.71178,0.46051,1.20657,-0.37441,,2022
GBPJPY,-1,2022-05-24 08:00:00,2022-05-24 11:00:00,160.336,159.33093,160.83854,159.33093,0.1797,100.5,164.36,164.04,3,take_profit,18.36634,0.33502,0.38557,1.0065,london,2022
GBPJPY,-1,2022-05-25 07:00:00,2022-05-25 17:00:00,159.297,159.756,159.85226,158.18648,0.1659,-45.9,-69.29,-69.61,10,time_exit,23.2061,0.37017,-0.60817,-0.5164,london,2022
GBPJPY,1,2022-05-26 17:00:00,2022-05-27 03:00:00,159.789,160.302,159.1295,161.108,0.1385,51.3,64.66,64.34,10,time_exit,19.64955,0.43967,0.1711,-0.00521,new_york,2022
GBPJPY,1,2022-05-27 03:00:00,2022-05-27 13:00:00,160.364,160.046,159.86346,161.36509,0.1839,-31.8,-53.22,-53.54,10,time_exit,14.39215,0.3337,1.50056,0.31833,,2022
GBPJPY,1,2022-05-27 16:00:00,2022-05-30 02:00:00,160.382,160.672,159.88057,161.38485,0.1824,29.0,48.14,47.82,10,time_exit,13.6544,0.33428,1.01244,0.64719,new_york,2022
GBPJPY,1,2022-05-30 05:00:00,2022-05-30 15:00:00,160.572,161.41766,160.14917,161.41766,0.2175,84.6,167.38,167.06,10,take_profit,10.84279,0.28189,1.20442,1.12651,,2022
GBPJPY,-1,2022-05-30 22:00:00,2022-05-31 03:00:00,161.415,161.7509,161.7509,160.74321,0.2793,-33.6,-85.37,-85.69,5,stop_loss,30.45087,0.22393,3.38336,2.5416,,2022
GBPJPY,-1,2022-05-31 23:00:00,2022-06-01 04:00:00,162.185,162.62121,162.62121,161.31257,0.2129,-43.6,-84.51,-84.83,5,stop_loss,36.98366,0.29081,2.98454,3.04698,,2022
GBPJPY,1,2022-06-01 13:00:00,2022-06-01 16:00:00,162.819,162.39379,162.39379,163.66942,0.2162,-42.5,-83.66,-83.98,3,stop_loss,44.49709,0.28347,3.34549,4.09324,london,2022
GBPJPY,-1,2022-06-02 23:00:00,2022-06-03 09:00:00,163.272,163.303,163.65161,162.51279,0.2397,-3.1,-6.76,-7.08,10,time_exit,18.43068,0.25307,3.00564,4.89795,,2022
GBPJPY,1,2022-06-03 11:00:00,2022-06-03 16:00:00,163.318,163.95067,163.00166,163.95067,0.2875,63.3,165.52,165.2,5,take_profit,19.05349,0.21089,2.43516,6.17618,london,2022
GBPJPY,1,2022-06-03 17:00:00,2022-06-03 18:00:00,163.991,163.6343,163.6343,164.7044,0.26,-35.7,-84.4,-84.71,1,stop_loss,23.92681,0.2378,4.29231,5.6854,new_york,2022
GBPJPY,-1,2022-06-09 23:00:00,2022-06-10 09:00:00,167.908,167.052,168.53912,166.64575,0.1455,85.6,113.34,113.02,10,time_exit,24.03101,0.42075,1.07632,6.16354,,2022
GBPJPY,1,2022-06-15 09:00:00,2022-06-15 19:00:00,161.833,162.238,161.16389,163.17121,0.1391,40.5,51.27,50.95,10,time_exit,32.48891,0.44607,-3.07108,-2.58815,london,2022
GBPJPY,1,2022-06-15 19:00:00,2022-06-16 03:00:00,162.172,163.53304,161.49148,163.53304,0.1376,136.1,170.42,170.11,8,take_profit,20.81878,0.45368,-1.7216,-2.69835,new_york,2022
GBPJPY,1,2022-06-17 20:00:00,2022-06-20 06:00:00,164.707,165.174,163.72578,166.66944,0.0973,46.7,41.35,41.03,10,time_exit,26.52411,0.65415,1.22203,-0.10859,new_york,2022
GBPJPY,1,2022-06-20 10:00:00,2022-06-20 20:00:00,164.998,165.315,164.28316,166.42769,0.1342,31.7,38.71,38.39,10,time_exit,21.28907,0.47656,1.27047,0.57043,london,2022
GBPJPY,1,2022-06-21 07:00:00,2022-06-21 11:00:00,165.756,166.65304,165.30748,166.65304,0.2148,89.7,175.34,175.02,4,take_profit,15.63651,0.29901,2.53095,2.11446,london,2022
GBPJPY,1,2022-06-22 03:00:00,2022-06-22 04:00:00,167.168,166.67138,166.67138,168.16124,0.1979,-49.7,-89.44,-89.75,1,stop_loss,37.38938,0.33108,3.02952,3.98262,,2022
GBPJPY,1,2022-06-22 08:00:00,2022-06-22 10:00:00,166.638,166.15378,166.15378,167.60643,0.2009,-48.4,-88.52,-88.84,2,stop_loss,29.1949,0.32281,1.14475,4.12358,london,2022
GBPJPY,-1,2022-06-23 08:00:00,2022-06-23 18:00:00,165.979,164.881,166.59193,164.75313,0.1571,109.8,156.97,156.65,10,time_exit,21.32646,0.40862,-1.26579,2.90477,london,2022
GBPJPY,1,2022-06-23 19:00:00,2022-06-24 05:00:00,164.889,165.514,164.14702,166.37295,0.1321,62.5,75.13,74.81,10,time_exit,29.06832,0.49465,-2.42323,1.54828,new_york,2022
GBPJPY,-1,2022-06-24 13:00:00,2022-06-24 23:00:00,166.083,165.947,166.74054,164.76792,0.1504,13.6,18.61,18.3,10,time_exit,22.15882,0.43836,0.80277,0.92138,london,2022
GBPJPY,-1,2022-06-27 11:00:00,2022-06-27 21:00:00,166.43,166.246,167.01566,165.25868,0.1692,18.4,28.33,28.01,10,time_exit,12.47819,0.39044,1.66025,0.91749,london,2022
GBPJPY,-1,2022-06-28 13:00:00,2022-06-28 23:00:00,166.718,165.896,167.19439,165.76523,0.2086,82.2,156.04,155.72,10,time_exit,20.86751,0.31759,2.04482,1.46605,london,2022
GBPJPY,1,2022-06-29 04:00:00,2022-06-29 14:00:00,165.81,165.9,165.36014,166.70972,0.2247,9.0,18.4,18.08,10,time_exit,13.69462,0.29991,-0.90076,1.34323,,2022
GBPJPY,-1,2022-06-29 21:00:00,2022-06-30 07:00:00,165.655,165.598,166.17124,164.62251,0.1962,5.7,10.18,9.86,10,time_exit,10.64016,0.34416,-0.9244,0.77112,new_york,2022
GBPJPY,1,2022-06-30 09:00:00,2022-06-30 10:00:00,165.638,165.20948,165.20948,166.49504,0.2366,-42.9,-92.26,-92.58,1,stop_loss,10.26816,0.28568,-0.67862,0.48069,london,2022
GBPJPY,1,2022-06-30 12:00:00,2022-06-30 14:00:00,165.422,164.91952,164.91952,166.42696,0.1998,-50.2,-91.36,-91.68,2,stop_loss,13.35685,0.33499,-1.08577,0.29588,london,2022
GBPJPY,1,2022-07-01 12:00:00,2022-07-01 13:00:00,163.979,163.36196,163.36196,165.21307,0.161,-61.7,-90.4,-90.72,1,stop_loss,31.20339,0.41136,-2.65581,-0.99599,london,2022
GBPJPY,1,2022-07-01 15:00:00,2022-07-01 17:00:00,162.898,162.21388,162.21388,164.26625,0.1438,-68.4,-89.52,-89.84,2,stop_loss,35.25006,0.45608,-4.31558,-1.20791,london,2022
GBPJPY,-1,2022-07-01 23:00:00,2022-07-04 09:00:00,163.653,163.909,164.39774,162.16353,0.1308,-25.6,-30.47,-30.79,10,time_exit,40.67036,0.49649,-1.39737,-1.77339,,2022
GBPJPY,-1,2022-07-04 17:00:00,2022-07-05 03:00:00,164.534,164.762,165.0878,163.4264,0.1752,-22.8,-36.35,-36.67,10,time_exit,24.13955,0.3692,1.11615,-2.37465,new_york,2022
GBPJPY,1,2022-07-06 13:00:00,2022-07-06 14:00:00,161.541,160.77063,160.77063,163.08174,0.1254,-77.0,-87.91,-88.23,1,stop_loss,35.64478,0.51358,-2.65703,-2.73069,london,2022
GBPJPY,1,2022-07-07 22:00:00,2022-07-08 06:00:00,163.511,162.88883,162.88883,164.75535,0.1538,-62.2,-87.08,-87.4,8,stop_loss,21.36778,0.41478,2.17106,-2.74391,,2022
GBPJPY,-1,2022-07-11 20:00:00,2022-07-12 06:00:00,163.274,163.011,163.8872,162.04759,0.1545,26.3,36.98,36.66,10,time_exit,15.40416,0.4088,-0.4965,-0.49772,new_york,2022
GBPJPY,1,2022-07-13 07:00:00,2022-07-13 17:00:00,163.258,163.847,162.77015,164.2337,0.195,58.9,104.52,104.2,10,time_exit,19.34607,0.32523,0.98728,-1.48754,london,2022
GBPJPY,1,2022-07-13 19:00:00,2022-07-14 05:00:00,163.661,163.856,162.96729,165.04843,0.1388,19.5,24.63,24.31,10,time_exit,24.80313,0.46248,1.25297,-0.69717,new_york,2022
GBPJPY,-1,2022-07-19 11:00:00,2022-07-19 18:00:00,165.413,165.91619,165.91619,164.40662,0.1918,-50.3,-87.83,-88.14,7,stop_loss,17.39008,0.33546,1.75887,2.16238,london,2022
GBPJPY,-1,2022-07-19 22:00:00,2022-07-20 08:00:00,165.791,166.009,166.26213,164.84875,0.2028,-21.8,-40.23,-40.55,10,time_exit,23.78469,0.31408,2.20718,2.69267,,2022
GBPJPY,-1,2022-07-21 11:00:00,2022-07-21 16:00:00,165.502,164.58769,165.95916,164.58769,0.2081,91.4,173.14,172.83,5,take_profit,13.23765,0.30477,-0.19709,2.80397,london,2022
GBPJPY,1,2022-07-25 03:00:00,2022-07-25 13:00:00,163.409,164.449,162.8811,164.4648,0.1838,104.0,173.95,173.63,10,time_exit,44.20591,0.35193,-2.82737,-0.52006,,2022
GBPJPY,1,2022-07-25 15:00:00,2022-07-26 01:00:00,164.741,164.524,164.17878,165.86543,0.1759,-21.7,-34.73,-35.05,10,time_exit,34.59433,0.37481,1.58422,-0.89217,london,2022
GBPJPY,1,2022-07-27 14:00:00,2022-07-27 21:00:00,164.865,165.68577,164.45461,165.68577,0.2401,82.1,179.33,179.01,7,take_profit,24.84144,0.27359,0.85155,0.29883,london,2022
GBPJPY,1,2022-07-28 20:00:00,2022-07-29 06:00:00,163.151,162.55267,162.55267,164.34766,0.168,-59.8,-91.47,-91.79,10,stop_loss,32.02547,0.39889,-3.62703,-0.02193,new_york,2022
GBPJPY,1,2022-07-29 09:00:00,2022-07-29 11:00:00,162.192,161.57169,161.57169,163.43262,0.1604,-62.0,-90.54,-90.86,2,stop_loss,32.59252,0.41354,-4.44451,-1.0073,london,2022
GBPJPY,1,2022-08-01 08:00:00,2022-08-01 18:00:00,161.533,161.826,160.95107,162.69686,0.1693,29.3,45.14,44.82,10,time_exit,36.2467,0.38795,-3.32231,-2.90278,london,2022
GBPJPY,-1,2022-08-02 00:00:00,2022-08-02 04:00:00,161.184,160.1632,161.6944,160.1632,0.1939,102.1,180.12,179.8,4,take_profit,29.32042,0.34027,-2.91383,-3.94103,,2022
GBPJPY,-1,2022-08-02 06:00:00,2022-08-02 16:00:00,160.194,160.47,160.76221,159.05758,0.1777,-27.6,-44.63,-44.95,10,time_exit,34.23377,0.37881,-4.6441,-3.96742,,2022
GBPJPY,1,2022-08-03 05:00:00,2022-08-03 06:00:00,162.501,161.83677,161.83677,163.82945,0.1513,-66.4,-91.45,-91.77,1,stop_loss,30.3638,0.44282,2.28285,-3.28493,,2022
GBPJPY,1,2022-08-03 17:00:00,2022-08-04 03:00:00,162.335,162.463,161.62363,163.75774,0.1398,12.8,16.28,15.97,10,time_exit,22.96354,0.47425,1.0285,-2.30343,new_york,2022
GBPJPY,1,2022-08-04 20:00:00,2022-08-05 06:00:00,161.646,161.779,160.88568,163.16664,0.131,13.3,15.85,15.54,10,time_exit,23.9584,0.50688,-1.13478,-1.10757,new_york,2022
GBPJPY,-1,2022-08-05 19:00:00,2022-08-08 05:00:00,163.188,163.292,163.82345,161.91711,0.1571,-10.4,-14.87,-15.19,10,time_exit,20.03983,0.42363,2.65914,-1.27131,new_york,2022
GBPJPY,1,2022-08-08 22:00:00,2022-08-09 08:00:00,162.792,163.246,162.28117,163.81367,0.1951,45.4,80.6,80.29,10,time_exit,21.18218,0.34056,0.08421,0.11348,,2022
GBPJPY,1,2022-08-12 02:00:00,2022-08-12 12:00:00,162.186,162.135,161.78527,162.98746,0.2508,-5.1,-11.64,-11.96,10,time_exit,23.32222,0.26715,-0.76634,-1.03155,,2022
GBPJPY,-1,2022-08-12 18:00:00,2022-08-15 04:00:00,162.036,161.664,162.51381,161.08039,0.2101,37.2,71.12,70.8,10,time_exit,12.43199,0.31854,-0.9112,-0.88534,new_york,2022
GBPJPY,1,2022-08-15 16:00:00,2022-08-16 02:00:00,160.409,160.51,159.90877,161.40947,0.2022,10.1,18.58,18.27,10,time_exit,26.62584,0.33349,-4.20957,-1.74865,new_york,2022
GBPJPY,-1,2022-08-16 06:00:00,2022-08-16 11:00:00,160.789,161.23933,161.23933,159.88834,0.2251,-45.0,-92.25,-92.56,5,stop_loss,31.94641,0.30022,-1.76164,-2.83518,,2022
GBPJPY,1,2022-08-16 23:00:00,2022-08-17 09:00:00,162.303,162.755,161.82884,163.25132,0.2116,45.2,87.04,86.72,10,time_exit,36.10976,0.31611,2.34476,-1.69725,,2022
GBPJPY,1,2022-08-17 19:00:00,2022-08-18 05:00:00,162.895,162.38355,162.38355,163.9179,0.1981,-51.1,-92.2,-92.52,10,stop_loss,42.91823,0.34097,1.8576,0.12125,new_york,2022
GBPJPY,-1,2022-08-19 04:00:00,2022-08-19 10:00:00,162.252,162.68409,162.68409,161.38783,0.2321,-43.2,-91.26,-91.58,6,stop_loss,27.33585,0.28806,-0.39414,0.24781,,2022
GBPJPY,-1,2022-08-22 05:00:00,2022-08-22 10:00:00,162.279,161.47232,162.68234,161.47232,0.2461,80.7,180.66,180.34,5,take_profit,22.18198,0.26889,0.46133,-0.30393,,2022
GBPJPY,-1,2022-08-23 06:00:00,2022-08-23 16:00:00,161.609,162.02586,162.02586,160.77528,0.2429,-41.7,-92.14,-92.46,10,stop_loss,19.8831,0.27791,-1.09991,-0.83683,,2022
GBPJPY,1,2022-08-24 00:00:00,2022-08-24 07:00:00,161.827,161.34907,161.34907,162.78287,0.2098,-47.8,-91.25,-91.56,7,stop_loss,16.43984,0.31862,0.06943,-0.90955,,2022
GBPJPY,-1,2022-08-24 11:00:00,2022-08-24 21:00:00,161.495,161.586,161.90666,160.67168,0.2411,-9.1,-19.97,-20.28,10,time_exit,13.49032,0.27444,-0.73384,-1.13454,london,2022
GBPJPY,1,2022-08-29 06:00:00,2022-08-29 16:00:00,161.643,162.319,161.23783,162.45333,0.2444,67.6,150.35,150.03,10,time_exit,14.91791,0.27011,0.20479,-0.76357,,2022
GBPJPY,1,2022-08-30 02:00:00,2022-08-30 05:00:00,162.399,162.02605,162.02605,163.1449,0.2699,-37.3,-91.6,-91.92,3,stop_loss,32.95091,0.24863,1.8411,0.30107,,2022
GBPJPY,1,2022-08-30 15:00:00,2022-08-30 17:00:00,161.919,161.5314,161.5314,162.69419,0.2571,-38.8,-90.68,-91.0,2,stop_loss,21.13697,0.2584,-0.47773,0.52821,london,2022
GBPJPY,-1,2022-08-30 20:00:00,2022-08-31 06:00:00,161.589,161.841,162.03869,160.68962,0.2194,-25.2,-50.31,-50.63,10,time_exit,16.23508,0.29979,-1.31878,0.28798,new_york,2022
GBPJPY,1,2022-08-31 11:00:00,2022-08-31 15:00:00,161.346,160.98709,160.98709,162.06381,0.2733,-35.9,-89.26,-89.58,4,stop_loss,12.16493,0.23927,-2.07461,-0.08834,london,2022
GBPJPY,-1,2022-09-01 06:00:00,2022-09-01 16:00:00,161.637,161.223,162.02366,160.86368,0.2512,41.4,94.64,94.32,10,time_exit,15.91624,0.25777,0.10426,-0.67571,,2022
GBPJPY,-1,2022-09-02 00:00:00,2022-09-02 10:00:00,161.852,162.086,162.2417,161.0726,0.2519,-23.4,-53.64,-53.96,10,time_exit,16.0021,0.2598,1.1796,-0.69805,,2022
GBPJPY,1,2022-09-05 01:00:00,2022-09-05 11:00:00,161.019,161.483,160.50457,162.04787,0.1896,46.4,80.06,79.74,10,time_exit,31.04852,0.34296,-2.1773,-0.14315,,2022
GBPJPY,1,2022-09-05 14:00:00,2022-09-06 00:00:00,161.692,161.959,161.25271,162.57059,0.2241,26.7,54.45,54.13,10,time_exit,30.32797,0.29286,0.64873,-0.62507,london,2022
GBPJPY,1,2022-09-08 14:00:00,2022-09-09 00:00:00,165.802,165.735,165.17998,167.04604,0.1592,-6.7,-9.71,-10.02,10,time_exit,26.03447,0.41468,1.87836,4.38583,london,2022
GBPJPY,1,2022-09-09 02:00:00,2022-09-09 07:00:00,165.771,165.29402,165.29402,166.72497,0.2074,-47.7,-90.02,-90.34,5,stop_loss,13.85416,0.31799,1.61007,5.58546,,2022
GBPJPY,-1,2022-09-09 14:00:00,2022-09-09 16:00:00,164.541,165.1247,165.1247,163.3736,0.1678,-58.4,-89.13,-89.45,2,stop_loss,17.90088,0.38913,-2.08367,4.20204,london,2022
GBPJPY,-1,2022-09-13 03:00:00,2022-09-13 13:00:00,166.663,166.678,167.06517,165.85865,0.2411,-1.5,-3.29,-3.61,10,time_exit,24.90509,0.26812,2.10142,6.10245,,2022
GBPJPY,1,2022-09-13 22:00:00,2022-09-14 08:00:00,166.102,165.54513,165.54513,167.21574,0.174,-55.7,-88.17,-88.49,10,stop_loss,24.59384,0.37125,-0.60342,4.04739,,2022
GBPJPY,-1,2022-09-14 20:00:00,2022-09-15 06:00:00,165.303,165.377,165.87322,164.16255,0.1682,-7.4,-11.33,-11.65,10,time_exit,25.68038,0.38015,-1.58429,2.40521,new_york,2022
GBPJPY,1,2022-09-15 06:00:00,2022-09-15 16:00:00,165.215,164.74157,164.74157,166.16186,0.2024,-47.3,-87.2,-87.52,10,stop_loss,30.27508,0.31562,-1.41143,2.06369,,2022
GBPJPY,1,2022-09-16 01:00:00,2022-09-16 03:00:00,164.512,164.10909,164.10909,165.31783,0.2354,-40.3,-86.31,-86.63,2,stop_loss,25.60578,0.26861,-2.89414,0.95008,,2022
GBPJPY,-1,2022-09-16 04:00:00,2022-09-16 06:00:00,164.03,164.43376,164.43376,163.22247,0.2325,-40.4,-85.43,-85.74,2,stop_loss,29.1522,0.26918,-4.08949,0.58055,,2022
GBPJPY,-1,2022-09-22 18:00:00,2022-09-23 04:00:00,159.996,159.928,161.33917,157.30966,0.0692,6.8,4.28,3.96,10,time_exit,31.94546,0.89545,-2.81202,-1.31014,new_york,2022
GBPJPY,-1,2022-09-26 00:00:00,2022-09-26 03:00:00,155.043,153.10917,156.00992,153.10917,0.0962,193.4,169.29,168.97,3,take_profit,50.0393,0.64461,-6.19741,-4.51987,,2022
GBPJPY,-1,2022-09-27 01:00:00,2022-09-27 08:00:00,154.503,156.18868,156.18868,151.13164,0.0563,-168.6,-86.36,-86.68,7,stop_loss,32.9663,1.12379,-1.52311,-3.9003,,2022
GBPJPY,1,2022-09-27 13:00:00,2022-09-27 19:00:00,155.844,154.60702,154.60702,158.31796,0.0759,-123.7,-85.44,-85.76,6,stop_loss,17.97953,0.82465,-0.13875,-4.86357,london,2022
GBPJPY,1,2022-09-27 22:00:00,2022-09-28 04:00:00,155.312,154.22529,154.22529,157.48542,0.0855,-108.7,-84.55,-84.87,6,stop_loss,15.30231,0.72447,-0.69161,-5.20327,,2022
GBPJPY,-1,2022-09-29 15:00:00,2022-09-29 16:00:00,157.272,158.31607,158.31607,155.18387,0.0881,-104.4,-83.7,-84.02,1,stop_loss,26.10887,0.69604,2.0115,-3.42482,london,2022
GBPJPY,-1,2022-09-29 19:00:00,2022-09-30 01:00:00,159.552,160.72539,160.72539,157.20522,0.0776,-117.3,-82.86,-83.18,6,stop_loss,34.95064,0.78226,4.15053,-2.512,new_york,2022
GBPJPY,-1,2022-09-30 14:00:00,2022-09-30 17:00:00,159.86,161.04802,161.04802,157.48396,0.0759,-118.8,-82.06,-82.37,3,stop_loss,47.6961,0.79201,1.49153,-0.02499,london,2022
GBPJPY,-1,2022-09-30 18:00:00,2022-10-03 04:00:00,161.647,161.489,162.94156,159.05788,0.069,15.8,9.92,9.6,10,time_exit,39.64347,0.86304,3.11214,0.21873,new_york,2022
GBPJPY,1,2022-10-06 04:00:00,2022-10-06 09:00:00,164.298,163.57269,163.57269,165.74863,0.1232,-72.5,-81.32,-81.63,5,stop_loss,19.96361,0.48354,0.9204,4.76875,,2022
GBPJPY,1,2022-10-06 22:00:00,2022-10-07 08:00:00,161.753,162.032,160.94587,163.36726,0.1096,27.9,27.83,27.51,10,time_exit,29.07338,0.53809,-2.99344,2.91594,,2022
GBPJPY,1,2022-10-11 07:00:00,2022-10-11 17:00:00,160.841,161.514,160.28116,161.96068,0.1586,67.3,97.13,96.81,10,time_exit,17.15768,0.37323,-1.53235,-0.46715,london,2022
GBPJPY,-1,2022-10-13 07:00:00,2022-10-13 12:00:00,162.652,163.31613,163.31613,161.32375,0.1353,-66.4,-81.77,-82.09,5,stop_loss,35.49632,0.44275,1.70895,0.63836,london,2022
GBPJPY,1,2022-10-14 00:00:00,2022-10-14 10:00:00,166.68,166.744,165.71815,168.6037,0.0925,6.4,5.39,5.07,10,time_exit,55.76037,0.64123,4.93776,2.14026,,2022
GBPJPY,1,2022-10-14 11:00:00,2022-10-14 12:00:00,166.737,165.96419,165.96419,168.28263,0.1152,-77.3,-81.02,-81.33,1,stop_loss,57.22074,0.51521,4.00698,4.00163,london,2022
GBPJPY,1,2022-10-14 15:00:00,2022-10-17 01:00:00,165.452,167.035,164.51636,167.32328,0.0942,158.3,135.7,135.38,10,time_exit,46.75698,0.62376,0.91872,3.40624,london,2022
GBPJPY,-1,2022-10-18 02:00:00,2022-10-18 12:00:00,169.233,167.71175,169.99362,167.71175,0.1178,152.1,163.07,162.76,10,take_profit,46.21172,0.50708,3.78076,6.08031,,2022
GBPJPY,1,2022-10-19 07:00:00,2022-10-19 09:00:00,169.106,168.52504,168.52504,170.26792,0.1573,-58.1,-83.16,-83.48,2,stop_loss,15.21738,0.38731,1.78456,7.76539,london,2022
GBPJPY,1,2022-10-20 01:00:00,2022-10-20 11:00:00,168.063,167.705,167.47682,169.23536,0.1543,-35.8,-50.27,-50.59,10,time_exit,19.68009,0.39079,-0.73073,6.29752,,2022
GBPJPY,-1,2022-10-20 17:00:00,2022-10-20 18:00:00,168.602,169.30567,169.30567,167.19465,0.1278,-70.4,-81.84,-82.15,1,stop_loss,18.95795,0.46912,0.73286,4.34287,new_york,2022
GBPJPY,1,2022-10-20 19:00:00,2022-10-21 03:00:00,169.094,168.32786,168.32786,170.62627,0.1162,-76.6,-81.01,-81.33,8,stop_loss,22.51983,0.51076,1.48296,4.01782,new_york,2022
GBPJPY,-1,2022-10-24 07:00:00,2022-10-24 17:00:00,168.313,168.308,169.86123,165.21653,0.0569,0.5,0.26,-0.06,10,time_exit,19.05183,1.03216,0.2525,1.20192,london,2022
GBPJPY,-1,2022-10-24 18:00:00,2022-10-25 04:00:00,168.308,168.559,169.52283,165.87833,0.0725,-25.1,-16.56,-16.88,10,time_exit,14.68255,0.80989,-0.03897,1.6236,new_york,2022
GBPJPY,1,2022-10-26 20:00:00,2022-10-27 06:00:00,170.008,169.658,169.38388,171.25624,0.1409,-35.0,-44.88,-45.2,10,time_exit,25.48671,0.41608,1.45258,3.58647,new_york,2022
GBPJPY,-1,2022-10-31 10:00:00,2022-10-31 20:00:00,171.527,170.5204,172.0303,170.5204,0.1737,100.7,159.11,158.79,10,take_profit,29.69195,0.33553,3.13992,4.54294,london,2022
GBPJPY,-1,2022-11-03 04:00:00,2022-11-03 11:00:00,167.882,166.78527,168.43036,166.78527,0.1626,109.7,162.28,161.96,7,take_profit,49.18526,0.36558,-4.15391,0.13898,,2022
GBPJPY,-1,2022-11-04 06:00:00,2022-11-04 16:00:00,165.953,165.846,166.54369,164.77162,0.154,10.7,14.99,14.68,10,time_exit,70.6988,0.39379,-3.55094,-3.37715,,2022
GBPJPY,-1,2022-11-08 08:00:00,2022-11-08 12:00:00,168.567,167.63664,169.03218,167.63664,0.1959,93.0,165.86,165.54,4,take_profit,33.66181,0.31012,2.5986,-1.31519,london,2022
GBPJPY,-1,2022-11-08 17:00:00,2022-11-08 18:00:00,167.354,167.86915,167.86915,166.32371,0.1804,-51.5,-84.57,-84.89,1,stop_loss,28.67755,0.34343,-1.2049,-1.06145,new_york,2022
GBPJPY,1,2022-11-08 18:00:00,2022-11-09 01:00:00,168.252,167.66608,167.66608,169.42384,0.157,-58.6,-83.71,-84.03,7,stop_loss,26.80781,0.39061,1.16638,-0.88842,new_york,2022
GBPJPY,-1,2022-11-09 15:00:00,2022-11-10 01:00:00,166.999,166.195,167.61492,165.76717,0.1479,80.4,108.21,107.89,10,time_exit,25.55422,0.41061,-1.83524,-0.78732,london,2022
GBPJPY,1,2022-11-10 01:00:00,2022-11-10 11:00:00,166.328,166.424,165.77027,167.44347,0.1654,9.6,14.45,14.13,10,time_exit,37.49381,0.37182,-2.78286,-1.62314,,2022
GBPJPY,1,2022-11-11 11:00:00,2022-11-11 12:00:00,165.464,164.73253,164.73253,166.92694,0.1264,-73.1,-84.14,-84.46,1,stop_loss,25.01327,0.48765,-1.65048,-2.26202,london,2022
GBPJPY,-1,2022-11-11 23:00:00,2022-11-14 09:00:00,164.239,164.459,164.99895,162.7191,0.1204,-22.0,-24.1,-24.42,10,time_exit,44.14135,0.50663,-2.29918,-3.1161,,2022
GBPJPY,-1,2022-11-14 11:00:00,2022-11-14 21:00:00,165.284,164.802,166.06159,163.72882,0.1173,48.2,51.45,51.13,10,time_exit,34.74956,0.51839,0.58648,-3.29513,london,2022
GBPJPY,1,2022-11-16 03:00:00,2022-11-16 13:00:00,165.106,165.952,164.40133,166.51533,0.1303,84.6,100.31,99.99,10,time_exit,18.70065,0.46978,-0.07292,-2.19744,,2022
GBPJPY,-1,2022-11-17 14:00:00,2022-11-17 23:00:00,165.785,166.34306,166.34306,164.66888,0.1665,-55.8,-84.55,-84.87,9,stop_loss,9.02475,0.37204,0.07805,-0.94422,london,2022
GBPJPY,-1,2022-11-18 11:00:00,2022-11-18 21:00:00,166.928,166.918,167.43271,165.91858,0.1822,1.0,1.66,1.34,10,time_exit,17.99968,0.33647,2.51943,-0.17363,london,2022
GBPJPY,-1,2022-11-21 02:00:00,2022-11-21 11:00:00,166.702,167.18142,167.18142,165.74317,0.1918,-47.9,-83.68,-83.99,9,stop_loss,21.60611,0.31961,1.07307,0.45808,,2022
GBPJPY,-1,2022-11-21 22:00:00,2022-11-22 08:00:00,167.972,167.99,168.43741,167.04118,0.1956,-1.8,-3.2,-3.52,10,time_exit,25.70645,0.31027,3.84992,1.33896,,2022
GBPJPY,-1,2022-11-22 22:00:00,2022-11-23 08:00:00,167.792,168.007,168.17932,167.01737,0.235,-21.5,-45.98,-46.3,10,time_exit,17.42869,0.25821,1.28107,2.99506,,2022
GBPJPY,1,2022-11-25 09:00:00,2022-11-25 12:00:00,167.841,168.67907,167.42197,168.67907,0.216,83.8,164.73,164.41,3,take_profit,15.86621,0.27936,-0.1703,2.19532,london,2022
GBPJPY,-1,2022-11-30 05:00:00,2022-11-30 11:00:00,166.128,166.59142,166.59142,165.20117,0.1992,-46.3,-84.0,-84.32,6,stop_loss,21.80083,0.30894,-0.8105,-1.9034,,2022
GBPJPY,1,2022-12-02 11:00:00,2022-12-02 18:00:00,164.283,165.51818,163.66541,165.51818,0.148,123.5,166.35,166.04,7,take_profit,17.77588,0.41173,-3.63268,-1.74221,london,2022
GBPJPY,1,2022-12-05 17:00:00,2022-12-06 03:00:00,166.378,166.642,165.80146,167.53109,0.1617,26.4,38.85,38.53,10,time_exit,15.79027,0.38436,1.72005,-1.40889,new_york,2022
GBPJPY,-1,2022-12-08 11:00:00,2022-12-08 20:00:00,166.617,167.10576,167.10576,165.63948,0.1916,-48.9,-85.22,-85.54,9,stop_loss,13.06622,0.32584,-0.07171,0.56384,london,2022
GBPJPY,-1,2022-12-09 13:00:00,2022-12-09 16:00:00,166.745,167.20844,167.20844,165.81813,0.2,-46.3,-84.35,-84.66,3,stop_loss,10.56341,0.30896,-0.28122,0.86071,london,2022
GBPJPY,-1,2022-12-12 00:00:00,2022-12-12 10:00:00,167.196,167.68236,167.68236,166.22328,0.1887,-48.6,-83.52,-83.83,10,stop_loss,20.00208,0.32424,1.47167,1.18735,,2022
GBPJPY,-1,2022-12-12 10:00:00,2022-12-12 11:00:00,167.544,167.98361,167.98361,166.66477,0.2066,-44.0,-82.65,-82.97,1,stop_loss,14.41303,0.29308,1.3516,1.46497,london,2022
GBPJPY,-1,2022-12-13 12:00:00,2022-12-13 15:00:00,168.986,168.00448,169.47676,168.00448,0.1832,98.2,163.63,163.31,3,take_profit,20.67107,0.32717,2.49041,3.07531,london,2022
GBPJPY,-1,2022-12-13 17:00:00,2022-12-14 03:00:00,167.655,167.465,168.29348,166.37805,0.1437,19.0,24.85,24.53,10,time_exit,23.35065,0.42565,-1.34397,2.32964,new_york,2022
GBPJPY,-1,2022-12-14 10:00:00,2022-12-14 20:00:00,167.502,167.588,167.96083,166.58434,0.2005,-8.6,-15.69,-16.01,10,time_exit,32.03227,0.30589,-1.09232,1.8693,london,2022
GBPJPY,-1,2022-12-15 00:00:00,2022-12-15 10:00:00,168.321,168.059,168.91992,167.12316,0.1533,26.2,36.55,36.23,10,time_exit,25.8297,0.39928,1.64342,1.01263,,2022
GBPJPY,-1,2022-12-19 06:00:00,2022-12-19 16:00:00,165.992,166.347,166.60497,164.76606,0.1504,-35.5,-48.59,-48.91,10,time_exit,22.99893,0.40865,-2.32083,-0.77435,,2022
GBPJPY,-1,2022-12-19 17:00:00,2022-12-19 18:00:00,166.341,166.87342,166.87342,165.27616,0.1722,-53.2,-83.43,-83.75,1,stop_loss,15.76407,0.35495,-0.76383,-1.43755,new_york,2022
GBPJPY,1,2022-12-20 17:00:00,2022-12-20 18:00:00,160.895,159.80325,159.80325,163.07849,0.0831,-109.2,-82.56,-82.88,1,stop_loss,38.96338,0.72783,-4.94595,-2.59675,new_york,2022
GBPJPY,-1,2022-12-22 16:00:00,2022-12-23 02:00:00,159.229,159.333,159.80746,158.07207,0.1553,-10.4,-14.7,-15.02,10,time_exit,20.74732,0.38564,-3.42327,-8.87247,new_york,2022
GBPJPY,1,2022-12-23 19:00:00,2022-12-27 05:00:00,159.999,160.582,159.50616,160.98467,0.182,58.3,96.56,96.24,10,time_exit,23.7571,0.32856,-0.02264,-8.94654,new_york,2022
GBPJPY,1,2022-12-27 07:00:00,2022-12-27 17:00:00,160.627,160.287,160.18462,161.51177,0.2051,-34.0,-63.46,-63.78,10,time_exit,33.43869,0.29492,1.63494,-8.50113,london,2022
GBPJPY,-1,2022-12-28 06:00:00,2022-12-28 13:00:00,161.164,161.5774,161.5774,160.3372,0.2178,-41.3,-81.94,-82.25,7,stop_loss,29.94683,0.2756,2.64394,-6.523,,2022
GBPJPY,1,2022-12-28 16:00:00,2022-12-29 01:00:00,161.705,161.26993,161.26993,162.57514,0.2049,-43.5,-81.12,-81.44,9,stop_loss,41.29517,0.29005,3.31903,-4.85083,new_york,2022
GBPJPY,-1,2022-12-30 09:00:00,2022-12-30 10:00:00,159.533,158.77505,159.91198,158.77505,0.2328,75.8,160.57,160.25,1,take_profit,40.02036,0.25265,-3.904,-4.46194,london,2022
GBPJPY,-1,2023-01-03 08:00:00,2023-01-03 11:00:00,156.68,155.63788,157.20106,155.63788,0.1727,104.2,163.78,163.46,3,take_profit,38.10802,0.34737,-3.99945,-6.24092,london,2023
GBPJPY,-1,2023-01-03 15:00:00,2023-01-03 17:00:00,156.587,157.23347,157.23347,155.29407,0.142,-64.6,-83.54,-83.85,2,stop_loss,36.54045,0.43098,-2.33114,-5.4955,london,2023
GBPJPY,1,2023-01-05 05:00:00,2023-01-05 15:00:00,159.015,159.354,158.41807,160.20886,0.1522,33.9,46.95,46.63,10,time_exit,38.56097,0.39795,2.29041,-3.01793,,2023
GBPJPY,1,2023-01-10 07:00:00,2023-01-10 17:00:00,160.493,160.562,160.02248,161.43404,0.1942,6.9,12.19,11.88,10,time_exit,23.11872,0.31368,1.38103,1.46971,london,2023
GBPJPY,-1,2023-01-11 05:00:00,2023-01-11 15:00:00,161.025,160.644,161.42405,160.2269,0.2293,38.1,79.5,79.18,10,time_exit,18.19575,0.26603,2.29537,2.2885,,2023
GBPJPY,-1,2023-01-12 10:00:00,2023-01-12 14:00:00,159.871,158.96899,160.32201,158.96899,0.2048,90.2,168.11,167.79,4,take_profit,28.39147,0.30067,-2.00706,1.57615,london,2023
GBPJPY,-1,2023-01-12 23:00:00,2023-01-13 09:00:00,157.807,156.779,158.41324,156.59452,0.1554,102.8,145.37,145.06,10,time_exit,53.59445,0.40416,-4.5872,-0.40964,,2023
GBPJPY,1,2023-01-13 20:00:00,2023-01-16 06:00:00,155.917,156.494,155.29613,157.15874,0.1543,57.7,81.02,80.7,10,time_exit,64.22519,0.41391,-5.10808,-2.99707,new_york,2023
GBPJPY,-1,2023-01-16 09:00:00,2023-01-16 19:00:00,156.667,156.906,157.22567,155.54967,0.1731,-23.9,-37.65,-37.97,10,time_exit,34.74766,0.37244,-1.95953,-4.11415,london,2023
GBPJPY,-1,2023-01-17 08:00:00,2023-01-17 12:00:00,156.963,157.39721,157.39721,156.09458,0.2218,-43.4,-87.64,-87.96,4,stop_loss,18.75017,0.28947,-0.25213,-5.01016,london,2023
GBPJPY,1,2023-01-17 23:00:00,2023-01-18 04:00:00,157.428,158.42177,156.93111,158.42177,0.1919,99.4,173.54,173.22,5,take_profit,24.56737,0.33126,0.70646,-3.43781,,2023
GBPJPY,-1,2023-01-18 18:00:00,2023-01-19 04:00:00,159.092,158.348,160.01681,157.24239,0.1051,74.4,71.16,70.84,10,time_exit,29.93151,0.61654,1.12316,-0.19212,new_york,2023
GBPJPY,1,2023-01-20 01:00:00,2023-01-20 11:00:00,159.09,159.778,158.62464,160.02071,0.2106,68.8,131.85,131.53,10,time_exit,18.90577,0.31024,1.45908,0.15811,,2023
GBPJPY,1,2023-01-20 17:00:00,2023-01-23 02:00:00,160.969,160.41947,160.41947,162.06805,0.181,-55.0,-90.51,-90.83,9,stop_loss,34.32845,0.36635,4.63329,1.39668,new_york,2023
GBPJPY,1,2023-01-23 08:00:00,2023-01-23 18:00:00,161.193,161.655,160.72239,162.13422,0.2092,46.2,87.95,87.63,10,time_exit,36.90902,0.31374,4.05242,2.84712,london,2023
GBPJPY,1,2023-01-24 10:00:00,2023-01-24 11:00:00,161.067,160.63334,160.63334,161.93433,0.2293,-43.4,-90.49,-90.81,1,stop_loss,23.80695,0.28911,0.71334,4.50529,london,2023
GBPJPY,1,2023-01-24 16:00:00,2023-01-25 02:00:00,160.319,160.641,159.79481,161.36739,0.1878,32.2,55.03,54.71,10,time_exit,31.89054,0.34946,-1.28251,3.30508,new_york,2023
GBPJPY,-1,2023-01-26 15:00:00,2023-01-26 16:00:00,160.834,161.31039,161.31039,159.88123,0.2079,-47.6,-90.13,-90.45,1,stop_loss,20.49599,0.31759,0.89575,1.90902,london,2023
GBPJPY,1,2023-01-27 07:00:00,2023-01-27 15:00:00,160.955,160.47993,160.47993,161.90514,0.2063,-47.5,-89.19,-89.5,8,stop_loss,23.23859,0.31671,0.33442,2.27948,london,2023
GBPJPY,1,2023-01-30 02:00:00,2023-01-30 06:00:00,161.003,160.58967,160.58967,161.82967,0.2348,-41.3,-88.32,-88.63,4,stop_loss,14.07963,0.27556,0.59265,2.14393,,2023
GBPJPY,-1,2023-01-30 09:00:00,2023-01-30 10:00:00,160.595,161.05308,161.05308,159.67884,0.2097,-45.8,-87.41,-87.73,1,stop_loss,16.91492,0.30539,-0.85134,1.8551,london,2023
GBPJPY,-1,2023-01-31 01:00:00,2023-01-31 11:00:00,161.064,160.712,161.43543,160.32115,0.2561,35.2,82.03,81.72,10,time_exit,11.18237,0.24762,0.17234,2.28648,,2023
GBPJPY,1,2023-02-01 22:00:00,2023-02-02 08:00:00,159.266,159.335,158.80769,160.18261,0.2095,6.9,13.15,12.84,10,time_exit,32.18916,0.30554,-2.93927,-0.54324,,2023
GBPJPY,-1,2023-02-02 13:00:00,2023-02-02 14:00:00,158.756,159.20963,159.20963,157.84873,0.2119,-45.4,-87.47,-87.79,1,stop_loss_ambiguous,27.68877,0.30242,-3.28004,-1.42097,london,2023
GBPJPY,-1,2023-02-03 18:00:00,2023-02-06 00:00:00,158.649,159.21825,159.21825,157.5105,0.1672,-56.9,-86.61,-86.93,6,stop_loss,39.28518,0.3795,1.25049,-3.48038,new_york,2023
GBPJPY,1,2023-02-08 05:00:00,2023-02-08 15:00:00,158.125,158.595,157.6886,158.99779,0.2159,47.0,92.34,92.02,10,time_exit,43.95757,0.29093,-1.12502,-2.33387,,2023
GBPJPY,-1,2023-02-08 19:00:00,2023-02-09 05:00:00,158.719,158.748,159.1189,157.9192,0.2382,-2.9,-6.29,-6.6,10,time_exit,27.37743,0.2666,1.16587,-2.31563,new_york,2023
GBPJPY,-1,2023-02-09 10:00:00,2023-02-09 12:00:00,158.615,159.0459,159.0459,157.7532,0.2209,-43.1,-86.62,-86.94,2,stop_loss,21.25474,0.28727,0.2745,-1.53527,london,2023
GBPJPY,-1,2023-02-10 00:00:00,2023-02-10 09:00:00,159.404,158.65054,159.78073,158.65054,0.2501,75.3,171.48,171.16,9,take_profit,20.07861,0.25115,2.18439,-0.7325,,2023
GBPJPY,-1,2023-02-13 00:00:00,2023-02-13 05:00:00,158.378,158.85903,158.85903,157.41594,0.1998,-48.1,-87.46,-87.78,5,stop_loss,11.187,0.32069,-0.94866,-0.68119,,2023
GBPJPY,-1,2023-02-15 09:00:00,2023-02-15 10:00:00,161.842,161.02146,162.25227,161.02146,0.2319,82.1,173.16,172.84,1,take_profit,42.68036,0.27351,3.3128,4.29545,london,2023
GBPJPY,-1,2023-02-15 23:00:00,2023-02-16 09:00:00,161.375,161.164,161.83302,160.45896,0.2118,21.1,40.67,40.35,10,time_exit,20.68236,0.30535,1.15382,3.59651,,2023
GBPJPY,-1,2023-02-17 01:00:00,2023-02-17 05:00:00,160.615,160.99528,160.99528,159.85445,0.2563,-38.0,-88.69,-89.01,4,stop_loss,23.7579,0.25352,-1.85458,3.28954,,2023
GBPJPY,1,2023-02-20 13:00:00,2023-02-20 23:00:00,161.305,161.671,160.97502,161.96496,0.2924,36.6,97.39,97.07,10,time_exit,17.26008,0.21999,0.25279,3.34175,london,2023
GBPJPY,-1,2023-02-21 19:00:00,2023-02-22 05:00:00,163.332,163.509,163.84246,162.31109,0.1911,-17.7,-30.78,-31.1,10,time_exit,41.16222,0.3403,4.20158,2.93551,new_york,2023
GBPJPY,-1,2023-02-23 08:00:00,2023-02-23 18:00:00,162.612,162.02572,162.90514,162.02572,0.3316,58.6,176.91,176.6,10,take_profit,30.33046,0.19543,0.10552,5.49762,london,2023
GBPJPY,-1,2023-02-27 22:00:00,2023-02-28 08:00:00,164.277,164.228,164.68618,163.45864,0.2423,4.9,10.8,10.49,10,time_exit,35.07589,0.27279,4.71394,3.32885,,2023
GBPJPY,1,2023-02-28 12:00:00,2023-02-28 16:00:00,165.1,165.89112,164.70444,165.89112,0.251,79.1,180.7,180.38,4,take_profit,48.38942,0.26371,5.65895,4.62395,london,2023
GBPJPY,1,2023-02-28 23:00:00,2023-03-01 09:00:00,163.735,164.175,163.20645,164.7921,0.1916,44.0,76.72,76.4,10,time_exit,41.40875,0.35237,-0.84696,3.92819,,2023
GBPJPY,-1,2023-03-01 23:00:00,2023-03-02 09:00:00,163.669,163.84,164.18533,162.63633,0.1977,-17.1,-30.76,-31.08,10,time_exit,25.22712,0.34422,-0.45773,2.7437,,2023
GBPJPY,-1,2023-03-03 04:00:00,2023-03-03 14:00:00,163.429,163.324,163.8074,162.6722,0.2689,10.5,25.69,25.37,10,time_exit,22.4312,0.25227,-0.67119,2.20538,,2023
GBPJPY,-1,2023-03-08 02:00:00,2023-03-08 06:00:00,162.485,162.88628,162.88628,161.68245,0.2543,-40.1,-92.86,-93.18,4,stop_loss,30.02919,0.26752,-2.24687,-0.19771,,2023
GBPJPY,-1,2023-03-08 09:00:00,2023-03-08 15:00:00,162.84,162.11823,163.20089,162.11823,0.2799,72.2,183.84,183.52,6,take_profit,22.68074,0.24059,-0.63127,-0.49146,london,2023
GBPJPY,-1,2023-03-13 21:00:00,2023-03-14 07:00:00,162.137,162.715,163.06036,160.29028,0.1116,-57.8,-58.7,-59.02,10,time_exit,22.8743,0.61557,-0.13921,-0.74042,new_york,2023
GBPJPY,1,2023-03-15 23:00:00,2023-03-16 09:00:00,160.637,160.361,159.5423,162.8264,0.0935,-27.6,-23.48,-23.8,10,time_exit,32.66956,0.7298,-2.10009,-0.58483,,2023
GBPJPY,1,2023-03-16 23:00:00,2023-03-17 09:00:00,161.726,161.62,160.79174,163.59452,0.1093,-10.6,-10.54,-10.86,10,time_exit,15.844,0.62284,0.73421,-1.4539,,2023
GBPJPY,1,2023-03-21 13:00:00,2023-03-21 17:00:00,161.991,161.40192,161.40192,163.16916,0.1731,-58.9,-92.79,-93.11,4,stop_loss,14.58131,0.39272,2.24229,-1.44105,london,2023
GBPJPY,1,2023-03-21 17:00:00,2023-03-21 18:00:00,161.829,161.24857,161.24857,162.98985,0.174,-58.0,-91.9,-92.22,1,stop_loss,17.905,0.38695,1.51793,-1.16194,new_york,2023
GBPJPY,1,2023-03-21 23:00:00,2023-03-22 09:00:00,161.816,161.81,161.22706,162.99389,0.1697,-0.6,-0.93,-1.25,10,time_exit,14.51707,0.39263,1.3266,-0.95132,,2023
GBPJPY,1,2023-03-22 12:00:00,2023-03-22 17:00:00,162.628,162.09162,162.09162,163.70075,0.1863,-53.6,-90.93,-91.25,5,stop_loss,18.26299,0.35758,2.90099,-0.34149,london,2023
GBPJPY,-1,2023-03-24 10:00:00,2023-03-24 12:00:00,160.004,158.85665,160.57767,158.85665,0.1725,114.7,180.1,179.79,2,take_profit,39.54458,0.38245,-2.6152,-1.32108,london,2023
GBPJPY,1,2023-03-24 20:00:00,2023-03-27 06:00:00,159.79,159.899,159.06588,161.23823,0.1394,10.9,13.83,13.51,10,time_exit,42.15324,0.48274,-1.30672,-1.79572,new_york,2023
GBPJPY,-1,2023-03-28 03:00:00,2023-03-28 13:00:00,161.37,161.23,161.83965,160.4307,0.2152,14.0,27.42,27.1,10,time_exit,35.60805,0.3131,1.77268,-1.08014,,2023
GBPJPY,-1,2023-03-29 04:00:00,2023-03-29 08:00:00,161.987,162.46433,162.46433,161.03235,0.2124,-47.7,-92.26,-92.58,4,stop_loss,12.62424,0.31822,2.66727,-0.15347,,2023
GBPJPY,-1,2023-03-30 14:00:00,2023-03-30 15:00:00,163.583,164.03132,164.03132,162.68637,0.2238,-44.8,-91.3,-91.62,1,stop_loss,25.74818,0.29888,2.9721,3.17677,london,2023
GBPJPY,1,2023-03-31 15:00:00,2023-03-31 18:00:00,164.804,164.23776,164.23776,165.93647,0.1754,-56.6,-90.38,-90.7,3,stop_loss,26.29971,0.37749,2.31724,4.10857,london,2023
GBPJPY,1,2023-04-03 17:00:00,2023-04-03 18:00:00,164.436,163.93822,163.93822,165.43157,0.1976,-49.8,-89.51,-89.83,1,stop_loss,19.54655,0.33186,1.40759,4.03795,new_york,2023
GBPJPY,-1,2023-04-03 22:00:00,2023-04-04 06:00:00,164.251,164.7355,164.7355,163.282,0.2009,-48.5,-88.58,-88.89,8,stop_loss,17.44958,0.323,0.33671,3.9634,,2023
GBPJPY,-1,2023-04-05 21:00:00,2023-04-06 07:00:00,163.276,163.198,163.83443,162.15915,0.1726,7.8,12.25,11.93,10,time_exit,22.95928,0.37228,-2.51988,2.04612,new_york,2023
GBPJPY,-1,2023-04-10 07:00:00,2023-04-10 17:00:00,164.666,165.03197,165.03197,163.93407,0.2637,-36.6,-87.82,-88.14,10,stop_loss,23.34258,0.24398,2.50162,1.67652,london,2023
GBPJPY,-1,2023-04-11 03:00:00,2023-04-11 09:00:00,165.388,165.75038,165.75038,164.66324,0.2636,-36.2,-86.93,-87.24,6,stop_loss,33.68793,0.24159,3.22404,2.96945,,2023
GBPJPY,1,2023-04-13 00:00:00,2023-04-13 10:00:00,166.195,166.223,165.75825,167.06851,0.2166,2.8,5.52,5.2,10,time_exit,23.6082,0.29117,1.3218,4.03643,,2023
GBPJPY,-1,2023-04-13 11:00:00,2023-04-13 12:00:00,166.224,166.59499,166.59499,165.48203,0.2551,-37.1,-86.12,-86.44,1,stop_loss,16.41674,0.24732,0.89618,4.7708,london,2023
GBPJPY,-1,2023-04-14 01:00:00,2023-04-14 11:00:00,166.043,165.669,166.45884,165.21131,0.2253,37.4,76.68,76.36,10,time_exit,18.76423,0.27723,-0.11782,3.84477,,2023
GBPJPY,-1,2023-04-14 14:00:00,2023-04-14 18:00:00,165.821,166.18938,166.18938,165.08424,0.2566,-36.8,-86.02,-86.34,4,stop_loss,23.32718,0.24559,-0.74043,3.6466,london,2023
GBPJPY,-1,2023-04-17 19:00:00,2023-04-18 04:00:00,166.207,166.64189,166.64189,165.33722,0.2152,-43.5,-85.17,-85.48,9,stop_loss,12.64932,0.28993,0.32602,2.57353,new_york,2023
GBPJPY,-1,2023-04-19 16:00:00,2023-04-19 17:00:00,167.175,167.58705,167.58705,166.3509,0.2248,-41.2,-84.29,-84.61,1,stop_loss,25.20304,0.2747,1.57948,3.16948,new_york,2023
GBPJPY,-1,2023-04-19 19:00:00,2023-04-20 05:00:00,167.672,167.491,168.10036,166.81528,0.2141,18.1,35.26,34.95,10,time_exit,25.32438,0.28557,2.92886,3.1956,new_york,2023
GBPJPY,-1,2023-04-20 11:00:00,2023-04-20 12:00:00,167.209,167.52318,167.52318,166.58064,0.2931,-31.4,-83.8,-84.12,1,stop_loss,17.01201,0.20945,0.301,4.72509,london,2023
GBPJPY,-1,2023-04-20 14:00:00,2023-04-21 00:00:00,167.332,166.96,167.6754,166.6452,0.2655,37.2,89.88,89.56,10,time_exit,14.62483,0.22893,0.67962,4.30291,london,2023
GBPJPY,-1,2023-04-21 13:00:00,2023-04-21 16:00:00,165.686,166.08599,166.08599,164.88602,0.2304,-40.0,-83.86,-84.18,3,stop_loss,35.05079,0.26666,-4.30881,2.02306,london,2023
GBPJPY,-1,2023-04-21 16:00:00,2023-04-21 17:00:00,165.886,166.28102,166.28102,165.09596,0.2309,-39.5,-83.0,-83.32,1,stop_loss,38.78576,0.26335,-3.13392,1.65811,new_york,2023
GBPJPY,-1,2023-04-25 10:00:00,2023-04-25 11:00:00,167.758,167.0391,168.11745,167.0391,0.2513,71.9,164.4,164.08,1,take_profit,13.06991,0.23963,2.06279,2.70136,london,2023
GBPJPY,-1,2023-04-25 12:00:00,2023-04-25 15:00:00,167.295,166.47222,167.70639,166.47222,0.2239,82.3,167.64,167.32,3,take_profit,13.32765,0.27426,0.11096,2.30789,london,2023
GBPJPY,1,2023-04-25 17:00:00,2023-04-25 21:00:00,166.118,165.63619,165.63619,167.08162,0.195,-48.2,-85.5,-85.82,4,stop_loss,20.2892,0.32121,-3.20609,1.60675,new_york,2023
GBPJPY,1,2023-04-26 10:00:00,2023-04-26 20:00:00,166.297,166.71,165.85773,167.17553,0.2117,41.3,79.56,79.24,10,time_exit,31.58126,0.29284,-0.84777,0.08567,london,2023
GBPJPY,-1,2023-04-28 14:00:00,2023-04-28 16:00:00,169.429,170.19702,170.19702,167.89296,0.1222,-76.8,-85.41,-85.72,2,stop_loss,25.15335,0.51201,3.99362,1.15924,london,2023
GBPJPY,1,2023-05-01 03:00:00,2023-05-01 13:00:00,171.29,171.271,170.68682,172.49637,0.1541,-1.9,-2.66,-2.98,10,time_exit,45.09459,0.40212,6.2452,3.74006,,2023
GBPJPY,-1,2023-05-02 13:00:00,2023-05-02 17:00:00,171.246,170.38501,171.67649,170.38501,0.2158,86.1,169.08,168.76,4,take_profit,32.71287,0.287,1.00499,8.38053,london,2023
GBPJPY,-1,2023-05-03 10:00:00,2023-05-03 20:00:00,169.895,169.886,170.28118,169.12264,0.2454,0.9,2.01,1.69,10,time_exit,40.17502,0.25745,-2.61862,6.51758,london,2023
GBPJPY,-1,2023-05-04 03:00:00,2023-05-04 13:00:00,169.114,169.042,169.69417,167.95366,0.1634,7.2,10.71,10.39,10,time_exit,28.45553,0.38678,-2.42967,2.7409,,2023
GBPJPY,1,2023-05-05 13:00:00,2023-05-05 17:00:00,169.126,170.05567,168.66117,170.05567,0.2041,93.0,172.67,172.35,4,take_profit,21.40997,0.30989,-0.26407,0.7677,london,2023
GBPJPY,-1,2023-05-08 05:00:00,2023-05-08 13:00:00,170.482,170.93559,170.93559,169.57481,0.2134,-45.4,-88.09,-88.4,8,stop_loss,43.31183,0.3024,2.59701,1.78407,,2023
GBPJPY,1,2023-05-08 15:00:00,2023-05-08 16:00:00,171.01,170.62134,170.62134,171.78733,0.2465,-38.9,-87.18,-87.5,1,stop_loss,45.13021,0.25911,3.85311,2.7514,london,2023
GBPJPY,1,2023-05-10 07:00:00,2023-05-10 15:00:00,170.702,170.41309,170.41309,171.27982,0.3283,-28.9,-86.31,-86.63,8,stop_loss,12.6991,0.19261,1.59483,3.68835,london,2023
GBPJPY,-1,2023-05-10 22:00:00,2023-05-11 08:00:00,169.469,169.51,169.92181,168.56338,0.2074,-4.1,-7.74,-8.06,10,time_exit,28.39168,0.30187,-2.68292,1.73579,,2023
GBPJPY,1,2023-05-11 19:00:00,2023-05-12 05:00:00,168.075,168.453,167.43708,169.35084,0.1471,37.8,50.6,50.28,10,time_exit,42.6373,0.42528,-3.53026,-0.12984,new_york,2023
GBPJPY,-1,2023-05-15 01:00:00,2023-05-15 06:00:00,169.032,169.40791,169.40791,168.28017,0.251,-37.6,-85.86,-86.18,5,stop_loss,15.94395,0.25061,-0.01373,-1.60909,,2023
GBPJPY,1,2023-05-15 11:00:00,2023-05-15 19:00:00,169.696,170.43051,169.32875,170.43051,0.2544,73.5,170.04,169.72,8,take_profit,23.77369,0.24484,2.30118,-1.01079,london,2023
GBPJPY,1,2023-05-15 22:00:00,2023-05-16 08:00:00,170.493,170.10228,170.10228,171.27444,0.2439,-39.1,-86.72,-87.04,10,stop_loss,29.11013,0.26048,3.59578,0.2921,,2023
GBPJPY,-1,2023-05-16 15:00:00,2023-05-16 16:00:00,170.071,170.48451,170.48451,169.24397,0.2281,-41.4,-85.83,-86.15,1,stop_loss,24.46062,0.27568,0.68681,1.02083,london,2023
GBPJPY,-1,2023-05-19 04:00:00,2023-05-19 14:00:00,171.807,172.19331,172.19331,171.03438,0.2417,-38.6,-84.97,-85.29,10,stop_loss,21.89568,0.25754,1.52585,4.0573,,2023
GBPJPY,1,2023-05-22 03:00:00,2023-05-22 13:00:00,171.576,171.766,171.14432,172.43936,0.2142,19.0,37.04,36.72,10,time_exit,22.24209,0.28779,-0.17363,3.36349,,2023
GBPJPY,-1,2023-05-25 15:00:00,2023-05-26 01:00:00,172.551,172.426,173.00282,171.64737,0.2055,12.5,23.38,23.06,10,time_exit,8.14585,0.30121,1.22257,2.33934,london,2023
GBPJPY,-1,2023-05-29 19:00:00,2023-05-30 05:00:00,173.417,173.197,173.73717,172.77665,0.2908,22.0,58.22,57.9,10,time_exit,19.22505,0.21345,1.62605,4.46863,new_york,2023
GBPJPY,-1,2023-05-30 07:00:00,2023-05-30 08:00:00,173.187,173.46234,173.46234,172.63632,0.3405,-27.5,-85.31,-85.63,1,stop_loss,15.3961,0.18356,-0.05575,5.08619,london,2023
GBPJPY,-1,2023-05-30 17:00:00,2023-05-31 03:00:00,173.907,173.503,174.3485,173.02401,0.2102,40.4,77.28,76.96,10,time_exit,18.49635,0.29433,1.92007,3.24915,new_york,2023
GBPJPY,1,2023-05-31 14:00:00,2023-05-31 15:00:00,173.115,172.66919,172.66919,174.00661,0.2101,-44.6,-85.23,-85.55,1,stop_loss,15.51229,0.2972,-0.4558,2.35717,london,2023
GBPJPY,-1,2023-06-02 02:00:00,2023-06-02 12:00:00,173.847,173.907,174.25705,173.02691,0.2261,-6.0,-12.35,-12.66,10,time_exit,17.18879,0.27336,1.11152,2.55868,,2023
GBPJPY,1,2023-06-02 23:00:00,2023-06-05 09:00:00,174.268,174.134,173.91281,174.97837,0.2606,-13.4,-31.78,-32.1,10,time_exit,26.32029,0.23679,1.6143,3.35576,,2023
GBPJPY,1,2023-06-05 10:00:00,2023-06-05 13:00:00,174.14,173.84098,173.84098,174.73804,0.3084,-29.9,-83.92,-84.24,3,stop_loss,20.44749,0.19935,0.68983,3.95846,london,2023
GBPJPY,1,2023-06-05 22:00:00,2023-06-06 02:00:00,173.617,173.22482,173.22482,174.40136,0.2328,-39.2,-83.08,-83.4,4,stop_loss,26.84374,0.26145,-0.99358,2.34957,,2023
GBPJPY,1,2023-06-07 20:00:00,2023-06-08 06:00:00,174.306,174.043,173.92048,175.07704,0.2344,-26.3,-56.1,-56.42,10,time_exit,25.12195,0.25701,2.96411,0.85083,new_york,2023
GBPJPY,1,2023-06-08 14:00:00,2023-06-09 00:00:00,174.244,174.433,173.91074,174.91053,0.2693,18.9,46.32,46.0,10,time_exit,24.08411,0.22218,1.68977,1.80565,london,2023
GBPJPY,-1,2023-06-09 23:00:00,2023-06-12 09:00:00,175.355,175.412,175.70682,174.65135,0.2565,-5.7,-13.3,-13.62,10,time_exit,29.2029,0.23455,3.12329,3.40045,,2023
GBPJPY,1,2023-06-12 12:00:00,2023-06-12 13:00:00,175.275,174.93394,174.93394,175.95713,0.2642,-34.1,-82.0,-82.32,1,stop_loss,16.24107,0.22738,1.47841,3.9936,london,2023
GBPJPY,-1,2023-06-12 13:00:00,2023-06-12 15:00:00,175.376,174.70081,175.71359,174.70081,0.2642,67.5,162.33,162.01,2,take_profit,15.39139,0.22506,1.86619,4.05133,london,2023
GBPJPY,-1,2023-06-13 10:00:00,2023-06-13 15:00:00,175.398,175.75797,175.75797,174.67806,0.2527,-36.0,-82.78,-83.1,5,stop_loss,25.99048,0.23998,2.33781,2.75414,london,2023
GBPJPY,1,2023-06-14 21:00:00,2023-06-15 02:00:00,176.759,177.4221,176.42745,177.4221,0.2717,66.3,163.95,163.63,5,take_profit,34.44717,0.22103,2.52798,6.01226,new_york,2023
GBPJPY,1,2023-06-15 08:00:00,2023-06-15 15:00:00,178.534,178.15702,178.15702,179.28797,0.2437,-37.7,-83.6,-83.92,7,stop_loss,46.4288,0.25132,7.10193,6.29867,london,2023
GBPJPY,-1,2023-06-19 09:00:00,2023-06-19 19:00:00,181.633,181.299,182.11258,180.67385,0.1896,33.4,57.63,57.31,10,time_exit,44.13038,0.31972,4.24319,9.65922,london,2023
GBPJPY,1,2023-06-19 21:00:00,2023-06-20 07:00:00,181.39,181.531,180.94798,182.27403,0.2072,14.1,26.59,26.27,10,time_exit,27.13218,0.29468,2.08665,10.47775,new_york,2023
GBPJPY,-1,2023-06-20 13:00:00,2023-06-20 23:00:00,180.831,180.529,181.37622,179.74056,0.1685,30.2,46.31,45.99,10,time_exit,20.43806,0.36348,-0.68776,7.80576,london,2023
GBPJPY,1,2023-06-22 22:00:00,2023-06-23 04:00:00,182.337,181.79913,181.79913,183.41273,0.1717,-53.8,-84.04,-84.36,6,stop_loss,35.1516,0.35858,3.15562,4.93021,,2023
GBPJPY,1,2023-06-23 07:00:00,2023-06-23 10:00:00,181.86,181.3781,181.3781,182.82381,0.1897,-48.2,-83.19,-83.51,3,stop_loss,37.97967,0.32127,1.10554,5.6915,london,2023
GBPJPY,1,2023-06-26 00:00:00,2023-06-26 10:00:00,182.324,182.452,181.7542,183.46359,0.1589,12.8,18.51,18.19,10,time_exit,20.36086,0.37986,2.04255,4.83585,,2023
GBPJPY,-1,2023-06-26 15:00:00,2023-06-26 18:00:00,182.08,182.61398,182.61398,181.01205,0.1699,-53.4,-82.56,-82.88,3,stop_loss,16.69522,0.35598,-0.23401,4.8945,london,2023
GBPJPY,-1,2023-06-27 13:00:00,2023-06-27 17:00:00,182.927,183.30159,183.30159,182.17781,0.2398,-37.5,-81.74,-82.06,4,stop_loss,15.41517,0.24973,2.08614,6.26991,london,2023
GBPJPY,-1,2023-06-28 02:00:00,2023-06-28 12:00:00,183.515,182.80352,183.87074,182.80352,0.2499,71.1,161.8,161.48,10,take_profit,23.96966,0.23716,2.94408,7.02313,,2023
GBPJPY,-1,2023-06-28 16:00:00,2023-06-29 02:00:00,182.524,182.533,182.94687,181.67826,0.2145,-0.9,-1.76,-2.08,10,time_exit,17.49254,0.28191,-1.43126,5.39465,new_york,2023
GBPJPY,1,2023-06-30 21:00:00,2023-07-03 07:00:00,183.35,183.517,182.88122,184.28755,0.1934,16.7,29.39,29.07,10,time_exit,25.78342,0.31252,1.57986,2.91682,new_york,2023
GBPJPY,1,2023-07-03 14:00:00,2023-07-04 00:00:00,183.412,183.551,182.98943,184.25714,0.2153,13.9,27.23,26.91,10,time_exit,19.09456,0.28171,1.01698,3.38087,london,2023
GBPJPY,-1,2023-07-04 05:00:00,2023-07-04 15:00:00,183.513,183.8265,183.8265,182.88601,0.2912,-31.3,-83.07,-83.39,10,stop_loss,11.82239,0.209,0.99117,4.52676,,2023
GBPJPY,1,2023-07-04 17:00:00,2023-07-05 03:00:00,183.666,183.66,183.35601,184.28599,0.2915,-0.6,-1.59,-1.91,10,time_exit,11.92589,0.20666,1.3163,4.36431,new_york,2023
GBPJPY,-1,2023-07-06 16:00:00,2023-07-07 02:00:00,183.8,183.447,184.29975,182.8005,0.1808,35.3,58.08,57.76,10,time_exit,22.92758,0.33317,1.03573,1.71872,new_york,2023
GBPJPY,1,2023-07-07 09:00:00,2023-07-07 10:00:00,182.941,182.54757,182.54757,183.72787,0.2312,-39.3,-82.78,-83.09,1,stop_loss,19.88369,0.26229,-1.83767,1.7548,london,2023
GBPJPY,-1,2023-07-07 16:00:00,2023-07-10 02:00:00,183.075,182.563,183.60219,182.02061,0.1708,51.2,79.58,79.26,10,time_exit,29.77784,0.35146,-0.45179,0.81759,new_york,2023
GBPJPY,1,2023-07-10 02:00:00,2023-07-10 12:00:00,182.54,182.494,182.08434,183.45133,0.1996,-4.6,-8.36,-8.67,10,time_exit,30.51007,0.30378,-1.47532,0.27554,,2023
GBPJPY,-1,2023-07-11 14:00:00,2023-07-11 16:00:00,181.263,181.79586,181.79586,180.19728,0.1705,-53.3,-82.68,-82.99,2,stop_loss,31.16839,0.35524,-2.01852,-1.65504,london,2023
GBPJPY,1,2023-07-11 23:00:00,2023-07-12 03:00:00,181.534,181.04765,181.04765,182.50669,0.1849,-48.6,-81.83,-82.15,4,stop_loss,20.97934,0.32423,-0.8225,-2.04074,,2023
GBPJPY,-1,2023-07-12 05:00:00,2023-07-12 15:00:00,180.742,179.85596,181.18502,179.85596,0.2009,88.6,161.98,161.67,10,take_profit,19.21745,0.29535,-3.12591,-2.43625,,2023
GBPJPY,1,2023-07-13 22:00:00,2023-07-14 03:00:00,181.233,180.68515,180.68515,182.3287,0.1657,-54.8,-82.61,-82.93,5,stop_loss,26.66524,0.36523,1.29125,-2.67586,,2023
GBPJPY,1,2023-07-14 10:00:00,2023-07-14 20:00:00,181.219,181.878,180.67818,182.30064,0.1662,65.9,99.67,99.35,10,time_exit,23.00313,0.36055,1.05535,-2.26632,london,2023
GBPJPY,-1,2023-07-17 08:00:00,2023-07-17 14:00:00,181.435,180.61842,181.84329,180.61842,0.2228,81.7,165.56,165.24,6,take_profit,16.28643,0.27219,0.50818,-1.31605,london,2023
GBPJPY,-1,2023-07-17 17:00:00,2023-07-18 03:00:00,181.899,181.559,182.51908,180.65883,0.1496,34.0,46.29,45.97,10,time_exit,19.3991,0.41339,1.4929,-0.79231,new_york,2023
GBPJPY,1,2023-07-18 11:00:00,2023-07-18 16:00:00,180.929,180.48756,180.48756,181.81187,0.2114,-44.1,-84.92,-85.24,5,stop_loss,10.20833,0.29429,-1.34908,-0.86092,london,2023
GBPJPY,1,2023-07-19 12:00:00,2023-07-19 15:00:00,180.71,180.15764,180.15764,181.81473,0.1672,-55.2,-84.04,-84.36,3,stop_loss,14.47593,0.36824,-1.32995,-0.76886,london,2023
GBPJPY,1,2023-07-20 17:00:00,2023-07-21 03:00:00,180.062,180.245,179.63227,180.92146,0.2128,18.3,35.44,35.12,10,time_exit,27.07408,0.28649,-1.78138,-2.1425,new_york,2023
GBPJPY,-1,2023-07-21 04:00:00,2023-07-21 05:00:00,180.243,180.61448,180.61448,179.50005,0.2472,-37.1,-83.56,-83.88,1,stop_loss,21.71728,0.24765,-0.88568,-2.54973,,2023
GBPJPY,1,2023-07-25 05:00:00,2023-07-25 15:00:00,181.396,181.269,180.98314,182.22172,0.2202,-12.7,-25.45,-25.77,10,time_exit,17.90444,0.27524,0.04258,0.35607,,2023
GBPJPY,1,2023-07-25 16:00:00,2023-07-26 02:00:00,181.269,181.681,180.84183,182.12334,0.2121,41.2,79.52,79.2,10,time_exit,16.80834,0.28478,-0.56691,0.42459,new_york,2023
GBPJPY,1,2023-07-31 07:00:00,2023-07-31 17:00:00,182.143,182.72,181.32332,183.78237,0.1116,57.7,58.6,58.28,10,time_exit,31.75947,0.54646,2.9573,-0.72313,london,2023
GBPJPY,1,2023-07-31 18:00:00,2023-08-01 04:00:00,182.722,183.02,182.03587,184.09425,0.1343,29.8,36.42,36.1,10,time_exit,42.07425,0.45742,3.0393,0.47105,new_york,2023
GBPJPY,1,2023-08-01 21:00:00,2023-08-02 00:00:00,183.024,182.56291,182.56291,183.94618,0.2007,-46.1,-84.21,-84.53,3,stop_loss,33.40061,0.30739,2.22936,2.65577,new_york,2023
GBPJPY,1,2023-08-02 12:00:00,2023-08-02 22:00:00,182.017,182.294,181.51594,183.01912,0.1828,27.7,46.08,45.76,10,time_exit,25.97699,0.33404,-1.46705,2.43674,london,2023
GBPJPY,1,2023-08-04 02:00:00,2023-08-04 12:00:00,181.153,181.363,180.67471,182.10957,0.1926,21.0,36.81,36.49,10,time_exit,26.93196,0.31886,-1.82434,0.15122,,2023
GBPJPY,1,2023-08-04 19:00:00,2023-08-07 00:00:00,181.121,180.62012,180.62012,182.12276,0.1847,-50.1,-84.19,-84.5,5,stop_loss,19.70266,0.33392,-1.13853,-0.36714,new_york,2023
GBPJPY,-1,2023-08-11 06:00:00,2023-08-11 09:00:00,183.534,183.87918,183.87918,182.84365,0.2653,-34.5,-83.33,-83.65,3,stop_loss,17.9216,0.23012,1.64677,3.65972,,2023
GBPJPY,-1,2023-08-15 10:00:00,2023-08-15 20:00:00,185.234,185.07,185.61133,184.47933,0.2402,16.4,35.85,35.53,10,time_exit,24.40301,0.25156,4.41417,4.28905,london,2023
GBPJPY,1,2023-08-16 05:00:00,2023-08-16 11:00:00,184.803,185.44454,184.48223,185.44454,0.2838,64.2,165.68,165.36,6,take_profit,24.08655,0.21385,1.02679,5.62208,,2023
GBPJPY,1,2023-08-18 00:00:00,2023-08-18 06:00:00,185.785,185.38934,185.38934,186.57632,0.2347,-39.6,-84.5,-84.82,6,stop_loss,30.60301,0.26377,0.55739,5.671,,2023
GBPJPY,1,2023-08-18 19:00:00,2023-08-21 05:00:00,184.87,185.178,184.36576,185.87848,0.1823,30.8,51.1,50.78,10,time_exit,31.47113,0.33616,-1.75875,3.03336,new_york,2023
GBPJPY,-1,2023-08-21 06:00:00,2023-08-21 12:00:00,185.178,185.6096,185.6096,184.3148,0.2143,-43.2,-84.17,-84.49,6,stop_loss,24.57385,0.28773,-0.56492,2.8779,,2023
GBPJPY,-1,2023-08-21 12:00:00,2023-08-21 13:00:00,185.31,185.70016,185.70016,184.52968,0.2347,-39.0,-83.33,-83.65,1,stop_loss,22.54505,0.26011,0.0079,2.91278,london,2023
GBPJPY,1,2023-08-23 22:00:00,2023-08-24 08:00:00,184.109,184.719,183.63076,185.06549,0.1895,61.0,105.19,104.87,10,time_exit,51.60006,0.31883,-3.14711,0.44462,,2023
GBPJPY,1,2023-08-25 18:00:00,2023-08-28 04:00:00,183.954,184.527,183.56161,184.73879,0.2339,57.3,121.96,121.64,10,time_exit,25.97763,0.2616,-0.83114,-1.79014,new_york,2023
GBPJPY,1,2023-08-28 06:00:00,2023-08-28 10:00:00,184.607,184.28102,184.28102,185.25897,0.2857,-32.6,-84.75,-85.07,4,stop_loss,26.55238,0.21732,1.75327,-1.72167,,2023
GBPJPY,-1,2023-08-31 03:00:00,2023-08-31 12:00:00,185.693,185.01413,186.03243,185.01413,0.2716,67.9,167.79,167.47,9,take_profit,42.22628,0.22629,2.65771,1.49772,,2023
GBPJPY,1,2023-09-05 10:00:00,2023-09-05 11:00:00,184.932,184.68355,184.68355,185.4289,0.3785,-24.8,-85.57,-85.89,1,stop_loss,19.63003,0.16563,1.01064,0.39994,london,2023
GBPJPY,-1,2023-09-05 14:00:00,2023-09-05 16:00:00,184.841,185.20646,185.20646,184.11008,0.2547,-36.5,-84.71,-85.02,2,stop_loss,22.27567,0.24364,0.40491,0.19188,london,2023
GBPJPY,1,2023-09-06 15:00:00,2023-09-06 16:00:00,185.171,184.78132,184.78132,185.95036,0.2365,-39.0,-83.86,-84.18,1,stop_loss,13.226,0.25979,0.25841,1.02539,london,2023
GBPJPY,1,2023-09-07 11:00:00,2023-09-07 14:00:00,183.896,183.52006,183.52006,184.64787,0.2427,-37.6,-83.03,-83.35,3,stop_loss,25.47771,0.25062,-3.45778,-0.06702,london,2023
GBPJPY,-1,2023-09-08 21:00:00,2023-09-11 00:00:00,184.15,183.40733,184.52133,183.40733,0.2432,74.3,164.36,164.04,3,take_profit,19.52015,0.24756,0.04558,-1.5198,new_york,2023
GBPJPY,1,2023-09-11 03:00:00,2023-09-11 05:00:00,183.74,183.27352,183.27352,184.67296,0.1975,-46.6,-83.84,-84.16,2,stop_loss,21.67208,0.31099,-1.03568,-1.31351,,2023
GBPJPY,-1,2023-09-11 13:00:00,2023-09-11 23:00:00,183.825,183.354,184.37421,182.72658,0.166,47.1,71.15,70.83,10,time_exit,32.28611,0.36614,0.09242,-1.54001,london,2023
GBPJPY,1,2023-09-12 23:00:00,2023-09-13 09:00:00,183.799,183.4443,183.4443,184.50841,0.2593,-35.5,-83.7,-84.02,10,stop_loss,17.39329,0.23647,1.04116,-2.3024,,2023
GBPJPY,1,2023-09-14 03:00:00,2023-09-14 13:00:00,184.005,183.67281,183.67281,184.66938,0.2741,-33.2,-82.86,-83.18,10,stop_loss,16.02387,0.22146,0.72277,-0.98,,2023
GBPJPY,-1,2023-09-14 18:00:00,2023-09-15 04:00:00,182.672,182.918,183.10208,181.81183,0.2096,-24.6,-46.92,-47.24,10,time_exit,22.02049,0.28672,-3.74832,-0.91992,new_york,2023
GBPJPY,-1,2023-09-15 07:00:00,2023-09-15 09:00:00,183.183,183.50268,183.50268,182.54363,0.2803,-32.0,-81.54,-81.86,2,stop_loss,34.90631,0.21312,-1.11324,-2.14363,london,2023
GBPJPY,-1,2023-09-18 16:00:00,2023-09-19 02:00:00,182.899,182.789,183.22036,182.25628,0.2761,11.0,27.64,27.32,10,time_exit,18.67136,0.21424,-1.3651,-2.25376,new_york,2023
GBPJPY,1,2023-09-21 04:00:00,2023-09-21 05:00:00,182.734,182.39055,182.39055,183.4209,0.2592,-34.3,-81.01,-81.33,1,stop_loss,16.22271,0.22897,-1.26773,-1.52007,,2023
GBPJPY,1,2023-09-21 10:00:00,2023-09-21 11:00:00,182.775,182.43914,182.43914,183.44673,0.2624,-33.6,-80.2,-80.52,1,stop_loss,21.45559,0.22391,-0.82964,-1.68246,london,2023
GBPJPY,-1,2023-09-25 18:00:00,2023-09-26 04:00:00,181.664,181.755,181.99737,180.99726,0.2617,-9.1,-21.67,-21.99,10,time_exit,9.42237,0.22225,-0.58593,-3.67714,new_york,2023
GBPJPY,-1,2023-09-26 04:00:00,2023-09-26 10:00:00,181.727,181.18318,181.99891,181.18318,0.3199,54.4,158.31,157.99,6,take_profit,7.14289,0.18127,-0.31176,-4.15286,,2023
GBPJPY,1,2023-09-27 17:00:00,2023-09-28 03:00:00,181.366,181.5,181.07855,181.94089,0.3087,13.4,37.64,37.32,10,time_exit,20.89706,0.19163,0.21441,-4.18666,new_york,2023
GBPJPY,1,2023-09-28 10:00:00,2023-09-28 11:00:00,181.142,181.75931,180.83335,181.75931,0.2888,61.7,162.23,161.91,1,take_profit,15.67649,0.20577,-1.09054,-3.19418,london,2023
GBPJPY,1,2023-09-28 14:00:00,2023-09-29 00:00:00,182.155,182.164,181.77826,182.90848,0.2413,0.9,1.98,1.66,10,time_exit,17.3288,0.25116,2.85503,-2.28611,london,2023
GBPJPY,-1,2023-09-29 04:00:00,2023-09-29 05:00:00,182.268,182.59079,182.59079,181.62241,0.2817,-32.3,-82.75,-83.07,1,stop_loss,26.88976,0.2152,2.42584,-1.30896,,2023
GBPJPY,-1,2023-10-02 21:00:00,2023-10-03 07:00:00,181.421,180.816,181.8402,180.58261,0.2148,60.5,118.26,117.94,10,time_exit,25.40005,0.27946,-2.44158,-0.02501,new_york,2023
GBPJPY,1,2023-10-04 15:00:00,2023-10-05 01:00:00,180.582,180.849,180.06327,181.61947,0.176,26.7,42.76,42.44,10,time_exit,46.43125,0.34582,-0.44602,-2.39816,london,2023
GBPJPY,1,2023-10-05 05:00:00,2023-10-05 15:00:00,180.364,180.662,179.90823,181.27553,0.2014,29.8,54.62,54.3,10,time_exit,23.3903,0.30384,-1.33834,-2.3073,,2023
GBPJPY,-1,2023-10-06 02:00:00,2023-10-06 10:00:00,180.974,181.33277,181.33277,180.25647,0.2575,-35.9,-84.07,-84.39,8,stop_loss,12.81587,0.23918,0.81712,-2.33604,,2023
GBPJPY,-1,2023-10-09 00:00:00,2023-10-09 02:00:00,181.819,182.29484,182.29484,180.86732,0.1922,-47.6,-83.23,-83.54,2,stop_loss,24.62671,0.31723,3.60741,0.06742,,2023
GBPJPY,-1,2023-10-09 05:00:00,2023-10-09 15:00:00,182.162,181.613,182.63077,181.22446,0.1931,54.9,96.47,96.15,10,time_exit,18.28898,0.31251,1.86847,0.36371,,2023
GBPJPY,-1,2023-10-10 00:00:00,2023-10-10 10:00:00,181.709,182.10934,182.10934,180.90832,0.2288,-40.0,-83.35,-83.67,10,stop_loss,14.78286,0.26689,0.4094,0.45987,,2023
GBPJPY,-1,2023-10-10 11:00:00,2023-10-10 12:00:00,182.189,182.56708,182.56708,181.43284,0.2398,-37.8,-82.5,-82.82,1,stop_loss,10.92921,0.25205,1.87454,0.68967,london,2023
GBPJPY,1,2023-10-10 16:00:00,2023-10-11 02:00:00,182.429,182.65,182.02833,183.23034,0.224,22.1,45.05,44.73,10,time_exit,14.48841,0.26711,2.10846,1.02422,new_york,2023
GBPJPY,1,2023-10-11 04:00:00,2023-10-11 14:00:00,182.727,182.912,182.41393,183.35314,0.2883,18.5,48.54,48.22,10,time_exit,12.4951,0.20871,2.76539,2.13013,,2023
GBPJPY,1,2023-10-11 16:00:00,2023-10-12 02:00:00,183.299,183.536,182.96316,183.97069,0.2703,23.7,58.3,57.98,10,time_exit,15.60925,0.2239,3.92885,2.61873,new_york,2023
GBPJPY,1,2023-10-12 06:00:00,2023-10-12 10:00:00,183.808,183.47251,183.47251,184.47898,0.2725,-33.5,-83.19,-83.51,4,stop_loss,23.65286,0.22366,3.98989,3.82013,,2023
GBPJPY,-1,2023-10-12 21:00:00,2023-10-13 07:00:00,182.531,182.616,182.93595,181.7211,0.2235,-8.5,-17.29,-17.61,10,time_exit,23.03437,0.26997,-1.9301,3.04406,new_york,2023
GBPJPY,1,2023-10-16 01:00:00,2023-10-16 11:00:00,181.528,181.779,181.14928,182.28544,0.2385,25.1,54.48,54.16,10,time_exit,41.15992,0.25248,-3.51971,0.73027,,2023
GBPJPY,-1,2023-10-17 11:00:00,2023-10-17 13:00:00,182.147,181.52878,182.45611,181.52878,0.2941,61.8,165.46,165.14,2,take_profit,19.9377,0.20607,-0.74978,0.45714,london,2023
GBPJPY,1,2023-10-17 17:00:00,2023-10-18 03:00:00,181.95,182.161,181.50586,182.83829,0.2088,21.1,40.09,39.77,10,time_exit,33.85055,0.2961,-0.93586,0.11431,new_york,2023
GBPJPY,-1,2023-10-18 12:00:00,2023-10-18 17:00:00,182.714,181.98095,183.08053,181.98095,0.2542,73.3,169.57,169.25,5,take_profit,22.66994,0.24435,1.58489,0.37497,london,2023
GBPJPY,1,2023-10-20 00:00:00,2023-10-20 09:00:00,181.873,181.46472,181.46472,182.68957,0.2327,-40.8,-86.46,-86.78,9,stop_loss,25.04359,0.27219,-0.44028,-0.51292,,2023
GBPJPY,1,2023-10-24 02:00:00,2023-10-24 11:00:00,183.354,182.98299,182.98299,184.09601,0.2535,-37.1,-85.59,-85.9,9,stop_loss,25.96603,0.24734,3.56104,1.01549,,2023
GBPJPY,1,2023-10-25 10:00:00,2023-10-25 11:00:00,182.289,182.03199,182.03199,182.80301,0.3623,-25.7,-84.73,-85.05,1,stop_loss,37.17736,0.17134,-1.67388,1.24428,london,2023
GBPJPY,1,2023-10-25 12:00:00,2023-10-25 13:00:00,181.965,181.67838,181.67838,182.53825,0.3216,-28.7,-83.88,-84.2,1,stop_loss,39.55092,0.19108,-2.95823,0.91666,london,2023
GBPJPY,1,2023-10-27 11:00:00,2023-10-27 15:00:00,181.969,181.66267,181.66267,182.58167,0.2979,-30.6,-83.04,-83.36,4,stop_loss,14.52896,0.20422,-0.89061,-0.35403,london,2023
GBPJPY,1,2023-10-30 10:00:00,2023-10-30 11:00:00,181.275,180.97939,180.97939,181.86623,0.3056,-29.6,-82.21,-82.53,1,stop_loss,35.25437,0.19708,-2.23182,-1.7623,london,2023
GBPJPY,-1,2023-10-31 01:00:00,2023-10-31 03:00:00,181.329,181.71115,181.71115,180.5647,0.234,-38.2,-81.37,-81.69,2,stop_loss,23.97777,0.25477,-0.81206,-1.6643,,2023
GBPJPY,-1,2023-10-31 12:00:00,2023-10-31 13:00:00,183.078,183.53682,183.53682,182.16037,0.193,-45.9,-80.58,-80.9,1,stop_loss,27.42199,0.30588,4.33654,-0.73738,london,2023
GBPJPY,-1,2023-11-01 01:00:00,2023-11-01 11:00:00,184.173,183.644,184.69658,183.12584,0.1674,52.9,80.58,80.27,10,time_exit,38.8723,0.34905,4.45403,1.17326,,2023
GBPJPY,1,2023-11-01 12:00:00,2023-11-01 16:00:00,183.642,183.2116,183.2116,184.50279,0.2057,-43.0,-80.56,-80.88,4,stop_loss,24.45055,0.28693,2.18229,2.26249,london,2023
GBPJPY,1,2023-11-03 13:00:00,2023-11-03 16:00:00,183.589,184.17166,183.29767,184.17166,0.3009,58.3,159.54,159.22,3,take_profit,9.46847,0.19422,1.37692,2.97225,london,2023
GBPJPY,1,2023-11-06 07:00:00,2023-11-06 11:00:00,185.038,185.67748,184.71826,185.67748,0.2796,63.9,162.71,162.39,4,take_profit,36.81798,0.21316,4.60727,4.64323,london,2023
GBPJPY,-1,2023-11-06 18:00:00,2023-11-07 04:00:00,185.514,185.238,185.87475,184.79249,0.2527,27.6,63.47,63.15,10,time_exit,42.82322,0.2405,3.87506,5.23862,new_york,2023
GBPJPY,1,2023-11-07 22:00:00,2023-11-08 08:00:00,184.979,184.927,184.6455,185.646,0.2755,-5.2,-13.04,-13.36,10,time_exit,15.76249,0.22233,0.14373,5.29767,,2023
GBPJPY,1,2023-11-09 07:00:00,2023-11-09 11:00:00,185.415,185.89249,185.17625,185.89249,0.3842,47.7,166.94,166.62,4,take_profit,15.62997,0.15916,1.70245,6.19046,london,2023
GBPJPY,-1,2023-11-09 15:00:00,2023-11-10 01:00:00,185.289,184.882,185.59357,184.67987,0.3072,40.7,113.78,113.46,10,time_exit,14.14934,0.20304,0.2905,4.78348,london,2023
GBPJPY,1,2023-11-10 12:00:00,2023-11-10 17:00:00,185.024,184.76245,184.76245,185.5471,0.3625,-26.2,-86.28,-86.6,5,stop_loss,19.14306,0.17437,-0.63721,4.13375,london,2023
GBPJPY,-1,2023-11-10 17:00:00,2023-11-10 19:00:00,184.834,185.1301,185.1301,184.24181,0.317,-29.6,-85.42,-85.73,2,stop_loss,19.56311,0.1974,-1.38337,3.3688,new_york,2023
GBPJPY,-1,2023-11-10 19:00:00,2023-11-10 20:00:00,184.953,185.26144,185.26144,184.33611,0.3012,-30.8,-84.54,-84.86,1,stop_loss,21.49037,0.20563,-0.65804,3.09871,new_york,2023
GBPJPY,1,2023-11-14 19:00:00,2023-11-15 05:00:00,188.161,188.142,187.7093,189.0644,0.2036,-1.9,-3.52,-3.84,10,time_exit,30.37348,0.30113,6.58477,3.62146,new_york,2023
GBPJPY,1,2023-11-16 09:00:00,2023-11-16 15:00:00,187.605,187.30759,187.30759,188.19982,0.3091,-29.7,-83.66,-83.97,6,stop_loss,21.54368,0.19827,1.09099,7.34588,london,2023
GBPJPY,-1,2023-11-16 17:00:00,2023-11-17 03:00:00,187.245,186.966,187.57215,186.59071,0.2782,27.9,70.63,70.31,10,time_exit,23.23483,0.2181,-0.77581,6.23392,new_york,2023
GBPJPY,1,2023-11-22 12:00:00,2023-11-22 13:00:00,186.822,186.41821,186.41821,187.62958,0.2273,-40.4,-83.52,-83.84,1,stop_loss,26.22915,0.26919,3.62905,-0.32533,london,2023
GBPJPY,-1,2023-11-23 11:00:00,2023-11-23 12:00:00,186.658,186.99723,186.99723,185.97954,0.2679,-33.9,-82.7,-83.02,1,stop_loss,20.18444,0.22615,1.58236,1.01799,london,2023
GBPJPY,-1,2023-11-24 02:00:00,2023-11-24 10:00:00,187.519,187.81472,187.81472,186.92756,0.3042,-29.6,-81.86,-82.18,8,stop_loss,32.86181,0.19715,3.65693,2.80201,,2023
GBPJPY,1,2023-11-27 13:00:00,2023-11-27 16:00:00,188.077,187.71617,187.71617,188.79867,0.2468,-36.1,-81.04,-81.36,3,stop_loss,24.53724,0.24056,1.41319,4.02346,london,2023
GBPJPY,-1,2023-11-28 04:00:00,2023-11-28 10:00:00,187.242,187.60275,187.60275,186.52049,0.2444,-36.1,-80.23,-80.55,6,stop_loss,26.47161,0.2405,-1.95483,3.37168,,2023
GBPJPY,1,2023-11-28 16:00:00,2023-11-28 18:00:00,187.57,187.17806,187.17806,188.35388,0.2227,-39.2,-79.43,-79.75,2,stop_loss,24.69015,0.26129,-0.1315,2.46631,new_york,2023
GBPJPY,-1,2023-11-29 14:00:00,2023-11-30 00:00:00,187.309,186.693,187.74803,186.43095,0.1968,61.6,110.32,110.0,10,time_exit,19.38078,0.29268,-0.11396,1.15966,london,2023
GBPJPY,1,2023-11-30 15:00:00,2023-11-30 17:00:00,186.645,187.43701,186.249,187.43701,0.2212,79.2,159.42,159.11,2,take_profit,28.17341,0.264,-1.33293,0.09228,london,2023
GBPJPY,-1,2023-12-06 10:00:00,2023-12-06 11:00:00,185.286,185.6177,185.6177,184.62261,0.2694,-33.2,-81.32,-81.64,1,stop_loss,32.51312,0.22113,-2.01912,-3.01987,london,2023
GBPJPY,-1,2023-12-06 16:00:00,2023-12-07 02:00:00,185.3,184.755,185.65803,184.58394,0.2471,54.5,122.55,122.23,10,time_exit,27.46276,0.23869,-1.59123,-2.79614,new_york,2023
GBPJPY,-1,2023-12-08 15:00:00,2023-12-11 01:00:00,181.526,182.016,182.43436,179.70928,0.0989,-49.0,-44.1,-44.42,10,time_exit,53.53134,0.60557,-1.58559,-3.94948,london,2023
GBPJPY,1,2023-12-11 02:00:00,2023-12-11 09:00:00,182.014,183.45291,181.29454,183.45291,0.1241,143.9,162.5,162.18,7,take_profit,37.77591,0.47964,-0.36971,-4.8944,,2023
GBPJPY,-1,2023-12-12 14:00:00,2023-12-12 15:00:00,182.497,182.96979,182.96979,181.55141,0.1927,-47.3,-82.91,-83.23,1,stop_loss,27.47203,0.3152,-1.32773,-3.84974,london,2023
GBPJPY,-1,2023-12-12 18:00:00,2023-12-13 04:00:00,182.94,182.701,183.46094,181.89812,0.1731,23.9,37.65,37.33,10,time_exit,25.40947,0.34729,0.18608,-3.43923,new_york,2023
GBPJPY,1,2023-12-13 18:00:00,2023-12-13 21:00:00,181.813,181.33395,181.33395,182.7711,0.1891,-47.9,-82.44,-82.75,3,stop_loss,20.51267,0.31937,-2.67475,-3.40581,new_york,2023
GBPJPY,-1,2023-12-13 22:00:00,2023-12-14 00:00:00,180.736,179.64173,181.28313,179.64173,0.1639,109.4,163.21,162.89,2,take_profit,29.54565,0.36476,-4.75405,-3.24345,,2023
GBPJPY,1,2023-12-14 18:00:00,2023-12-15 04:00:00,180.777,181.329,179.89798,182.53505,0.1041,55.2,52.29,51.97,10,time_exit,46.49115,0.58602,-0.29639,-3.39826,new_york,2023
GBPJPY,-1,2023-12-15 08:00:00,2023-12-15 18:00:00,181.028,180.191,181.68284,179.71832,0.1406,83.7,107.09,106.77,10,time_exit,26.47315,0.43656,-0.01535,-3.81597,london,2023
GBPJPY,-1,2023-12-18 23:00:00,2023-12-19 04:00:00,180.741,181.19102,181.19102,179.84095,0.2071,-45.0,-84.81,-85.13,5,stop_loss,12.80633,0.30002,0.08202,-4.37548,,2023
GBPJPY,-1,2023-12-19 13:00:00,2023-12-19 23:00:00,184.005,183.124,184.81493,182.38514,0.1139,88.1,91.31,91.0,10,time_exit,21.5232,0.53995,5.11924,-1.40793,london,2023
GBPJPY,-1,2023-12-20 09:00:00,2023-12-20 11:00:00,182.617,181.5731,183.13895,181.5731,0.1787,104.4,169.76,169.44,2,take_profit,14.93361,0.34797,1.04032,0.12955,london,2023
GBPJPY,1,2023-12-20 13:00:00,2023-12-20 23:00:00,181.4,181.44,180.78281,182.63438,0.1541,4.0,5.61,5.29,10,time_exit,25.01504,0.41146,-1.86633,-0.04174,london,2023
GBPJPY,-1,2023-12-21 14:00:00,2023-12-22 00:00:00,180.744,180.243,181.25097,179.73007,0.1878,50.1,85.62,85.3,10,time_exit,36.40078,0.33798,-2.25646,-1.35687,london,2023
GBPJPY,-1,2023-12-22 05:00:00,2023-12-22 15:00:00,180.612,180.827,181.06834,179.69933,0.2107,-21.5,-41.22,-41.54,10,time_exit,33.616,0.30422,-1.19887,-2.51875,,2023
GBPJPY,-1,2023-12-26 03:00:00,2023-12-26 13:00:00,180.713,180.733,181.16587,179.80727,0.2113,-2.0,-3.85,-4.16,10,time_exit,15.71399,0.30191,-0.46751,-2.28358,,2023
GBPJPY,1,2023-12-26 16:00:00,2023-12-27 02:00:00,180.867,181.49423,180.55339,181.49423,0.3049,62.7,174.03,173.71,10,take_profit,9.27523,0.20908,0.2513,-3.04095,new_york,2023
GBPJPY,1,2023-12-29 00:00:00,2023-12-29 10:00:00,179.915,180.26,179.43586,180.87328,0.2036,34.5,63.92,63.6,10,time_exit,48.15874,0.31943,-2.06587,-1.70873,,2023
GBPJPY,-1,2024-01-02 01:00:00,2024-01-02 02:00:00,179.345,179.86168,179.86168,178.31165,0.1901,-51.7,-89.38,-89.7,1,stop_loss,39.46595,0.34445,-2.61602,-2.1009,,2024
GBPJPY,-1,2024-01-03 03:00:00,2024-01-03 09:00:00,179.303,179.77013,179.77013,178.36874,0.2082,-46.7,-88.5,-88.82,6,stop_loss,25.30944,0.31142,-1.50953,-2.79869,,2024
GBPJPY,1,2024-01-04 03:00:00,2024-01-04 10:00:00,181.509,182.43527,181.04587,182.43527,0.2079,92.6,175.24,174.92,7,take_profit,41.31259,0.30876,3.60003,-0.80051,,2024
GBPJPY,-1,2024-01-04 23:00:00,2024-01-05 02:00:00,183.4,183.8665,183.8665,182.467,0.2105,-46.6,-89.36,-89.68,3,stop_loss,50.63046,0.311,5.21678,2.39689,,2024
GBPJPY,-1,2024-01-05 16:00:00,2024-01-08 02:00:00,184.122,183.966,184.57278,183.22043,0.2157,15.6,30.62,30.3,10,time_exit,42.1504,0.30052,4.55766,4.3153,new_york,2024
GBPJPY,1,2024-01-08 06:00:00,2024-01-08 11:00:00,183.527,183.0932,183.0932,184.39459,0.2249,-43.4,-88.78,-89.1,5,stop_loss,22.92157,0.2892,0.95629,5.09215,,2024
GBPJPY,-1,2024-01-09 10:00:00,2024-01-09 16:00:00,183.636,182.78257,184.06272,182.78257,0.2263,85.3,175.75,175.43,6,take_profit,16.71704,0.28448,0.76782,4.28556,london,2024
GBPJPY,1,2024-01-10 08:00:00,2024-01-10 14:00:00,183.892,184.65774,183.50913,184.65774,0.2573,76.6,179.29,178.97,6,take_profit,11.9118,0.25525,1.40979,4.14666,london,2024
GBPJPY,1,2024-01-11 02:00:00,2024-01-11 11:00:00,185.717,185.3532,185.3532,186.4446,0.2761,-36.4,-91.41,-91.72,9,stop_loss,41.26628,0.24253,5.58725,6.03725,,2024
GBPJPY,-1,2024-01-12 16:00:00,2024-01-15 02:00:00,184.676,184.785,185.18241,183.66317,0.1964,-10.9,-19.48,-19.8,10,time_exit,22.27239,0.33761,-1.33767,4.25691,new_york,2024
GBPJPY,1,2024-01-15 15:00:00,2024-01-16 01:00:00,185.574,185.384,185.22952,186.26296,0.2881,-19.0,-49.81,-50.13,10,time_exit,24.03161,0.22965,2.07417,4.93648,london,2024
GBPJPY,-1,2024-01-17 07:00:00,2024-01-17 09:00:00,186.013,186.36241,186.36241,185.31417,0.2824,-34.9,-89.79,-90.11,2,stop_loss,19.76865,0.23294,1.80095,4.62087,london,2024
GBPJPY,-1,2024-01-19 17:00:00,2024-01-22 01:00:00,187.961,188.37649,188.37649,187.13002,0.2351,-41.5,-88.89,-89.21,8,stop_loss,26.63598,0.27699,0.88039,6.23036,new_york,2024
GBPJPY,1,2024-01-22 16:00:00,2024-01-23 02:00:00,187.959,188.319,187.59423,188.68854,0.2651,36.0,86.85,86.53,10,time_exit,11.21126,0.24318,0.15104,6.26332,new_york,2024
GBPJPY,-1,2024-01-23 09:00:00,2024-01-23 10:00:00,187.496,188.01979,188.01979,186.44843,0.1865,-52.4,-88.89,-89.21,1,stop_loss,14.80123,0.34919,-1.53362,3.94203,london,2024
GBPJPY,-1,2024-01-23 15:00:00,2024-01-24 01:00:00,188.092,188.141,188.67147,186.93307,0.1669,-4.9,-7.44,-7.76,10,time_exit,14.90386,0.38631,0.146,3.32073,london,2024
GBPJPY,-1,2024-01-24 05:00:00,2024-01-24 11:00:00,187.948,188.34392,188.34392,187.15616,0.244,-39.6,-87.91,-88.23,6,stop_loss,16.11445,0.26395,-0.4017,4.27686,,2024
GBPJPY,1,2024-01-24 13:00:00,2024-01-24 14:00:00,188.083,187.61281,187.61281,189.02337,0.2034,-47.0,-87.03,-87.35,1,stop_loss,20.47601,0.31346,0.26826,3.20923,london,2024
GBPJPY,1,2024-01-25 02:00:00,2024-01-25 12:00:00,187.694,187.968,187.26531,188.55138,0.2208,27.4,55.05,54.74,10,time_exit,19.41656,0.28579,-0.57726,2.74226,,2024
GBPJPY,1,2024-01-25 21:00:00,2024-01-26 07:00:00,187.691,187.704,187.27028,188.53243,0.2265,1.3,2.68,2.36,10,time_exit,18.47713,0.28048,-0.38914,2.15135,new_york,2024
GBPJPY,1,2024-01-26 07:00:00,2024-01-26 09:00:00,187.749,187.38378,187.38378,188.47944,0.2609,-36.5,-86.71,-87.03,2,stop_loss,16.98608,0.24348,-0.01403,2.094,london,2024
GBPJPY,1,2024-01-26 18:00:00,2024-01-29 00:00:00,188.393,187.99586,187.99586,189.18728,0.2376,-39.7,-85.87,-86.19,6,stop_loss,16.34441,0.26476,2.04563,1.99504,new_york,2024
GBPJPY,1,2024-01-30 02:00:00,2024-01-30 08:00:00,187.482,187.16865,187.16865,188.10869,0.2981,-31.3,-85.0,-85.32,6,stop_loss,24.8264,0.2089,-1.26157,1.42767,,2024
GBPJPY,1,2024-01-30 17:00:00,2024-01-30 18:00:00,186.566,187.32377,186.18712,187.32377,0.244,75.8,168.25,167.94,1,take_profit,39.91403,0.25259,-3.35356,0.09394,new_york,2024
GBPJPY,-1,2024-02-01 03:00:00,2024-02-01 13:00:00,186.116,185.6,186.63773,185.07254,0.1808,51.6,84.9,84.58,10,time_exit,33.85476,0.34782,-2.40846,-0.82554,,2024
GBPJPY,1,2024-02-02 03:00:00,2024-02-02 13:00:00,186.57,186.96,186.06886,187.57228,0.19,39.0,67.43,67.11,10,time_exit,26.22315,0.33409,0.33802,-1.65297,,2024
GBPJPY,1,2024-02-02 19:00:00,2024-02-05 05:00:00,187.52,187.156,187.02374,188.51251,0.1934,-36.4,-64.06,-64.38,10,time_exit,32.74181,0.33084,2.37093,-0.82004,new_york,2024
GBPJPY,-1,2024-02-05 15:00:00,2024-02-06 01:00:00,186.611,186.331,187.00817,185.81667,0.2399,28.0,61.13,60.81,10,time_exit,23.28765,0.26478,-1.37692,-0.2718,london,2024
GBPJPY,1,2024-02-06 23:00:00,2024-02-07 09:00:00,186.288,186.671,185.98106,186.90189,0.3125,38.3,108.92,108.6,10,time_exit,19.17315,0.20463,-1.3445,-1.46786,,2024
GBPJPY,1,2024-02-07 17:00:00,2024-02-08 03:00:00,186.701,187.38938,186.35681,187.38938,0.2822,68.8,176.78,176.46,10,take_profit,25.01598,0.22946,0.28112,-0.87054,new_york,2024
GBPJPY,-1,2024-02-08 11:00:00,2024-02-08 12:00:00,187.766,188.08657,188.08657,187.12486,0.309,-32.1,-90.14,-90.46,1,stop_loss,27.50789,0.21371,3.61467,0.39687,london,2024
GBPJPY,-1,2024-02-09 05:00:00,2024-02-09 09:00:00,188.428,188.6986,188.6986,187.8868,0.3624,-27.1,-89.24,-89.56,4,stop_loss,44.98416,0.1804,4.2003,2.95551,,2024
GBPJPY,-1,2024-02-09 09:00:00,2024-02-09 10:00:00,188.454,188.70095,188.70095,187.96011,0.3931,-24.7,-88.34,-88.66,1,stop_loss,46.5071,0.16463,4.05991,3.64861,london,2024
GBPJPY,1,2024-02-09 10:00:00,2024-02-09 11:00:00,188.726,188.46112,188.46112,189.25576,0.3629,-26.5,-87.47,-87.79,1,stop_loss,47.68711,0.17659,5.08389,3.52261,london,2024
GBPJPY,-1,2024-02-12 21:00:00,2024-02-13 07:00:00,188.582,188.656,188.85949,188.02702,0.3429,-7.4,-23.09,-23.41,10,time_exit,21.20365,0.18499,1.64581,3.85086,new_york,2024
GBPJPY,1,2024-02-15 19:00:00,2024-02-16 05:00:00,188.902,189.109,188.54778,189.61045,0.2679,20.7,50.46,50.15,10,time_exit,28.28572,0.23615,0.19949,2.34067,new_york,2024
GBPJPY,1,2024-02-16 08:00:00,2024-02-16 18:00:00,188.959,189.241,188.68677,189.50346,0.3506,28.2,89.97,89.65,10,time_exit,15.14933,0.18149,0.3451,2.83146,london,2024
GBPJPY,-1,2024-02-20 02:00:00,2024-02-20 09:00:00,189.152,189.37092,189.37092,188.71417,0.4405,-21.9,-87.75,-88.07,7,stop_loss,11.42488,0.14594,0.33495,3.10669,,2024
GBPJPY,-1,2024-02-20 15:00:00,2024-02-20 16:00:00,189.185,189.43213,189.43213,188.69073,0.3863,-24.7,-86.88,-87.19,1,stop_loss,10.70327,0.16476,0.16683,2.63732,london,2024
GBPJPY,-1,2024-02-20 19:00:00,2024-02-21 05:00:00,189.468,189.399,189.77256,188.85888,0.3103,6.9,19.48,19.17,10,time_exit,15.4673,0.20304,1.2387,2.27659,new_york,2024
GBPJPY,1,2024-02-22 13:00:00,2024-02-22 16:00:00,190.392,190.0358,190.0358,191.10441,0.2659,-35.6,-86.19,-86.51,3,stop_loss,40.30646,0.23747,2.82173,2.70507,london,2024
GBPJPY,1,2024-02-23 03:00:00,2024-02-23 12:00:00,190.417,191.02612,190.11244,191.02612,0.3079,60.9,170.67,170.35,9,take_profit,35.18146,0.20304,1.88981,3.80625,,2024
GBPJPY,1,2024-02-27 22:00:00,2024-02-28 04:00:00,190.87,190.57203,190.57203,191.46594,0.3209,-29.8,-87.01,-87.33,6,stop_loss,17.75332,0.19865,0.53703,3.74391,,2024
GBPJPY,-1,2024-02-29 00:00:00,2024-02-29 04:00:00,190.688,190.10459,190.97971,190.10459,0.3245,58.3,172.28,171.96,4,take_profit,12.35147,0.19447,0.419,2.82746,,2024
GBPJPY,-1,2024-03-04 04:00:00,2024-03-04 08:00:00,190.056,190.3999,190.3999,189.36821,0.2808,-34.4,-87.87,-88.19,4,stop_loss,19.06564,0.22926,0.23775,-0.18978,,2024
GBPJPY,-1,2024-03-04 09:00:00,2024-03-04 13:00:00,190.445,190.74585,190.74585,189.84331,0.3177,-30.1,-86.98,-87.3,4,stop_loss,15.45397,0.20056,1.94926,-0.01753,london,2024
GBPJPY,1,2024-03-04 19:00:00,2024-03-05 05:00:00,191.05,190.978,190.73625,191.67751,0.3016,-7.2,-19.76,-20.08,10,time_exit,19.44,0.20917,3.66612,0.77108,new_york,2024
GBPJPY,1,2024-03-06 09:00:00,2024-03-06 10:00:00,190.377,190.10839,190.10839,190.91422,0.3515,-26.9,-85.92,-86.24,1,stop_loss,21.31376,0.17907,-1.07571,1.44417,london,2024
GBPJPY,1,2024-03-07 15:00:00,2024-03-07 17:00:00,188.499,189.35851,188.06924,189.35851,0.2175,86.0,170.12,169.8,2,take_profit,52.45273,0.2865,-4.51324,-1.19439,london,2024
GBPJPY,1,2024-03-07 23:00:00,2024-03-08 02:00:00,189.67,189.22477,189.22477,190.56046,0.2141,-44.5,-86.75,-87.06,3,stop_loss,34.57391,0.29682,-0.01893,-1.33384,,2024
GBPJPY,-1,2024-03-08 08:00:00,2024-03-08 11:00:00,189.332,188.52854,189.73373,188.52854,0.2349,80.3,171.75,171.43,3,take_profit,23.1552,0.26782,-0.99328,-1.55706,london,2024
GBPJPY,-1,2024-03-11 16:00:00,2024-03-12 02:00:00,188.293,188.086,188.70571,187.46757,0.2332,20.7,43.93,43.61,10,time_exit,31.972,0.27514,-2.60098,-2.49813,new_york,2024
GBPJPY,1,2024-03-19 05:00:00,2024-03-19 06:00:00,189.89,189.62346,189.62346,190.42309,0.3629,-26.7,-88.02,-88.34,1,stop_loss_ambiguous,14.86136,0.1777,1.0954,1.41049,,2024
GBPJPY,-1,2024-03-19 14:00:00,2024-03-19 17:00:00,190.903,191.35293,191.35293,190.00314,0.2128,-45.0,-87.13,-87.45,3,stop_loss,29.10429,0.29995,2.94107,1.54655,london,2024
GBPJPY,1,2024-03-20 04:00:00,2024-03-20 14:00:00,192.234,192.568,191.86121,192.97957,0.2543,33.4,77.29,76.97,10,time_exit,50.76412,0.24852,5.8139,3.78317,,2024
GBPJPY,-1,2024-03-20 14:00:00,2024-03-20 21:00:00,192.537,192.90854,192.90854,191.79393,0.2574,-37.2,-87.03,-87.34,7,stop_loss,55.4334,0.24769,4.76002,5.08137,london,2024
GBPJPY,-1,2024-03-21 03:00:00,2024-03-21 10:00:00,192.922,193.33344,193.33344,192.09912,0.2301,-41.1,-86.15,-86.47,7,stop_loss,48.40861,0.27429,3.39449,5.64951,,2024
GBPJPY,1,2024-03-25 15:00:00,2024-03-26 01:00:00,191.185,191.343,190.83293,191.88914,0.2663,15.8,38.29,37.97,10,time_exit,35.99797,0.23471,-0.00413,1.29496,london,2024
GBPJPY,-1,2024-03-26 03:00:00,2024-03-26 13:00:00,191.289,191.55611,191.55611,190.75478,0.3525,-26.7,-85.68,-86.0,10,stop_loss,29.40715,0.17807,0.19703,1.78223,,2024
GBPJPY,1,2024-03-26 15:00:00,2024-03-26 17:00:00,191.551,191.27396,191.27396,192.10507,0.3365,-27.7,-84.83,-85.15,2,stop_loss,19.36672,0.18469,1.31398,1.74298,london,2024
GBPJPY,-1,2024-03-26 18:00:00,2024-03-27 04:00:00,191.25,191.3,191.54658,190.65683,0.3111,-5.0,-14.16,-14.47,10,time_exit,17.94055,0.19772,-0.34339,1.60427,new_york,2024
GBPJPY,-1,2024-03-27 17:00:00,2024-03-27 23:00:00,190.817,191.17127,191.17127,190.10846,0.26,-35.4,-83.82,-84.14,6,stop_loss,26.00403,0.23618,-1.74431,0.7908,new_york,2024
GBPJPY,1,2024-03-28 01:00:00,2024-03-28 11:00:00,191.045,190.7476,190.7476,191.6398,0.3066,-29.7,-82.98,-83.29,10,stop_loss,21.67928,0.19827,-0.6866,0.67984,,2024
GBPJPY,-1,2024-04-01 14:00:00,2024-04-01 18:00:00,190.893,190.368,191.1555,190.368,0.3439,52.5,164.3,163.98,4,take_profit,15.40009,0.175,-0.92,0.10735,london,2024
GBPJPY,-1,2024-04-02 23:00:00,2024-04-03 09:00:00,190.624,190.711,190.86136,190.14927,0.3879,-8.7,-30.71,-31.03,10,time_exit,16.98747,0.15824,-0.04008,-1.54541,,2024
GBPJPY,-1,2024-04-05 02:00:00,2024-04-05 12:00:00,191.264,191.307,191.58263,190.62674,0.2879,-4.3,-11.27,-11.58,10,time_exit,47.43382,0.21242,-1.11259,1.76549,,2024
GBPJPY,1,2024-04-05 13:00:00,2024-04-05 15:00:00,191.307,190.97786,190.97786,191.96527,0.2783,-32.9,-83.35,-83.67,2,stop_loss,43.67492,0.21942,-0.10218,0.99128,london,2024
GBPJPY,1,2024-04-09 10:00:00,2024-04-09 13:00:00,192.237,192.63261,192.0392,192.63261,0.4585,39.6,165.06,164.74,3,take_profit,25.73787,0.13187,3.03762,3.55811,london,2024
GBPJPY,1,2024-04-10 18:00:00,2024-04-10 19:00:00,191.971,191.58778,191.58778,192.73744,0.2414,-38.3,-84.18,-84.5,1,stop_loss,24.23006,0.25548,-1.07964,2.32992,new_york,2024
GBPJPY,1,2024-04-12 01:00:00,2024-04-12 09:00:00,192.332,192.00215,192.00215,192.99169,0.2776,-33.0,-83.32,-83.64,8,stop_loss,16.41786,0.2199,1.03968,1.6432,,2024
GBPJPY,1,2024-04-12 12:00:00,2024-04-12 13:00:00,191.756,191.4398,191.4398,192.38839,0.2867,-31.6,-82.49,-82.81,1,stop_loss,15.11666,0.2108,-1.62015,1.51085,london,2024
GBPJPY,-1,2024-04-17 14:00:00,2024-04-17 19:00:00,192.575,191.83603,192.94448,191.83603,0.2429,73.9,163.34,163.02,5,take_profit,16.46887,0.24632,1.52139,1.31981,london,2024
GBPJPY,-1,2024-04-18 15:00:00,2024-04-19 01:00:00,192.532,192.275,192.86911,191.85778,0.2715,25.7,63.5,63.18,10,time_exit,12.06795,0.22474,1.01698,1.43425,london,2024
GBPJPY,1,2024-04-19 01:00:00,2024-04-19 04:00:00,192.274,191.94907,191.94907,192.92385,0.2839,-32.5,-83.94,-84.26,3,stop_loss,10.79618,0.21662,-0.257,1.43064,,2024
GBPJPY,-1,2024-04-19 07:00:00,2024-04-19 10:00:00,191.61,192.16762,192.16762,190.49475,0.1637,-55.8,-83.07,-83.39,3,stop_loss,22.29155,0.37175,-1.56765,0.51789,london,2024
GBPJPY,-1,2024-04-19 10:00:00,2024-04-19 15:00:00,191.957,192.53694,192.53694,190.79712,0.1559,-58.0,-82.28,-82.59,5,stop_loss,24.54198,0.38663,-0.46642,0.38328,london,2024
GBPJPY,-1,2024-04-22 15:00:00,2024-04-22 19:00:00,190.59,191.03444,191.03444,189.70111,0.2013,-44.4,-81.41,-81.73,4,stop_loss,28.1271,0.2963,-3.65559,-0.70176,london,2024
GBPJPY,-1,2024-04-23 00:00:00,2024-04-23 10:00:00,191.223,191.437,191.59171,190.48558,0.2403,-21.4,-46.8,-47.11,10,time_exit,26.96373,0.24581,-1.06593,-1.33648,,2024
GBPJPY,-1,2024-04-24 09:00:00,2024-04-24 19:00:00,192.866,193.064,193.1776,192.2428,0.2826,-19.8,-50.92,-51.24,10,time_exit,42.09058,0.20773,3.84589,0.86047,london,2024
GBPJPY,-1,2024-04-24 23:00:00,2024-04-25 07:00:00,193.559,193.93065,193.93065,192.8157,0.2354,-37.2,-79.61,-79.93,8,stop_loss,38.37768,0.24777,4.53728,1.67792,,2024
GBPJPY,1,2024-04-26 02:00:00,2024-04-26 09:00:00,194.639,195.45037,194.23332,195.45037,0.2135,81.1,157.64,157.32,7,take_profit,32.52603,0.27046,3.45871,4.25962,,2024
GBPJPY,1,2024-04-30 00:00:00,2024-04-30 10:00:00,196.394,196.735,195.13366,198.91468,0.0701,34.1,21.75,21.43,10,time_exit,28.96046,0.84023,0.48233,2.40241,,2024
GBPJPY,1,2024-05-01 12:00:00,2024-05-01 14:00:00,197.412,197.00888,197.00888,198.21823,0.2198,-40.3,-80.63,-80.95,2,stop_loss,8.58156,0.26874,2.5324,6.98744,london,2024
GBPJPY,1,2024-05-01 16:00:00,2024-05-01 17:00:00,197.036,196.66905,196.66905,197.76991,0.239,-36.7,-79.81,-80.13,1,stop_loss,8.64247,0.24464,1.00058,7.55427,new_york,2024
GBPJPY,1,2024-05-07 03:00:00,2024-05-07 10:00:00,193.719,193.36944,193.36944,194.41812,0.2484,-35.0,-79.02,-79.33,7,stop_loss,18.16414,0.23304,2.26991,-3.30829,,2024
GBPJPY,1,2024-05-07 15:00:00,2024-05-07 21:00:00,193.842,193.40144,193.40144,194.72312,0.1951,-44.1,-78.22,-78.54,6,stop_loss,19.38573,0.29371,1.50717,-1.82585,london,2024
GBPJPY,-1,2024-05-07 23:00:00,2024-05-08 04:00:00,193.436,193.81941,193.81941,192.66917,0.2219,-38.3,-77.42,-77.74,5,stop_loss,18.87518,0.25561,-0.13121,-1.74814,,2024
GBPJPY,-1,2024-05-08 14:00:00,2024-05-08 21:00:00,194.158,194.501,194.501,193.472,0.2456,-34.3,-76.66,-76.98,7,stop_loss,15.09704,0.22867,2.41508,-1.2566,london,2024
GBPJPY,1,2024-05-09 01:00:00,2024-05-09 03:00:00,194.323,194.02637,194.02637,194.91626,0.2811,-29.7,-75.88,-76.2,2,stop_loss,23.08395,0.19775,2.32244,-0.37176,,2024
GBPJPY,1,2024-05-10 16:00:00,2024-05-13 00:00:00,195.131,194.82795,194.82795,195.73711,0.2724,-30.3,-75.12,-75.44,8,stop_loss,20.39523,0.20204,2.60591,2.05426,new_york,2024
GBPJPY,1,2024-05-13 00:00:00,2024-05-13 10:00:00,194.798,195.219,194.50175,195.3905,0.2758,42.1,105.66,105.34,10,time_exit,16.27324,0.1975,1.61394,2.50021,,2024
GBPJPY,1,2024-05-13 18:00:00,2024-05-14 04:00:00,195.876,196.413,195.54502,196.53795,0.2504,53.7,122.36,122.04,10,time_exit,17.33163,0.22065,3.70623,2.82211,new_york,2024
GBPJPY,1,2024-05-14 17:00:00,2024-05-15 03:00:00,196.749,196.869,196.38178,197.48343,0.2293,12.0,25.04,24.72,10,time_exit,33.04018,0.24481,3.78197,4.09752,new_york,2024
GBPJPY,-1,2024-05-15 14:00:00,2024-05-16 00:00:00,196.329,196.361,196.72016,195.54668,0.216,-3.2,-6.29,-6.61,10,time_exit,26.02302,0.26077,-0.22204,4.54014,london,2024
GBPJPY,-1,2024-05-16 13:00:00,2024-05-16 15:00:00,195.945,196.48645,196.48645,194.8621,0.1559,-54.1,-76.81,-77.13,2,stop_loss,38.67592,0.36097,-0.45575,2.06969,london,2024
GBPJPY,-1,2024-05-17 11:00:00,2024-05-17 18:00:00,197.222,197.58143,197.58143,196.50314,0.2325,-35.9,-76.05,-76.37,7,stop_loss,28.40671,0.23962,2.61539,3.87533,london,2024
GBPJPY,-1,2024-05-20 06:00:00,2024-05-20 15:00:00,197.949,198.27034,198.27034,197.30631,0.2574,-32.1,-75.27,-75.59,9,stop_loss,35.08288,0.21423,3.68723,5.4063,,2024
GBPJPY,1,2024-05-20 20:00:00,2024-05-21 06:00:00,198.534,198.824,198.19125,199.21949,0.2389,29.0,63.05,62.73,10,time_exit,26.86429,0.2285,4.37828,5.56123,new_york,2024
GBPJPY,-1,2024-05-21 16:00:00,2024-05-22 02:00:00,198.551,198.615,198.87185,197.90931,0.2574,-6.4,-14.99,-15.31,10,time_exit,20.55286,0.2139,1.84018,6.82816,new_york,2024
GBPJPY,1,2024-05-22 11:00:00,2024-05-22 12:00:00,199.371,199.03984,199.03984,200.03332,0.2489,-33.1,-75.01,-75.33,1,stop_loss,17.60505,0.22077,4.16867,6.39288,london,2024
GBPJPY,-1,2024-05-23 15:00:00,2024-05-23 17:00:00,199.502,199.82451,199.82451,198.85699,0.253,-32.3,-74.25,-74.57,2,stop_loss,17.12593,0.215,2.05695,6.79383,london,2024
GBPJPY,-1,2024-05-24 10:00:00,2024-05-24 13:00:00,199.319,199.65305,199.65305,198.6509,0.2418,-33.4,-73.5,-73.82,3,stop_loss,11.26295,0.2227,0.47074,5.87801,london,2024
GBPJPY,1,2024-05-27 16:00:00,2024-05-28 02:00:00,200.056,200.312,199.797,200.574,0.3087,25.6,71.91,71.6,10,time_exit,17.80367,0.17267,2.28453,7.29556,new_york,2024
GBPJPY,-1,2024-05-30 13:00:00,2024-05-30 23:00:00,199.468,199.642,199.88542,198.63316,0.1934,-17.4,-30.62,-30.94,10,time_exit,50.25698,0.27828,-2.1164,2.65266,london,2024
GBPJPY,1,2024-05-31 07:00:00,2024-05-31 17:00:00,199.499,200.084,199.10261,200.29178,0.2028,58.5,107.96,107.64,10,time_exit,33.38608,0.26426,-1.12248,1.66928,london,2024
GBPJPY,-1,2024-05-31 19:00:00,2024-06-03 05:00:00,200.178,200.411,200.59663,199.34074,0.1949,-23.3,-41.32,-41.64,10,time_exit,21.54918,0.27909,1.26479,1.47993,new_york,2024
GBPJPY,-1,2024-06-03 18:00:00,2024-06-03 22:00:00,199.495,199.96049,199.96049,198.56402,0.1743,-46.5,-73.83,-74.15,4,stop_loss,22.58898,0.31033,-1.38061,1.23392,new_york,2024
GBPJPY,1,2024-06-10 23:00:00,2024-06-11 09:00:00,199.888,200.055,199.49566,200.67268,0.2047,16.7,31.11,30.79,10,time_exit,13.76694,0.26156,1.52697,0.44034,,2024
GBPJPY,1,2024-06-11 16:00:00,2024-06-12 02:00:00,199.942,200.161,199.58395,200.6581,0.2253,21.9,44.9,44.58,10,time_exit,17.64487,0.2387,0.61969,1.28075,new_york,2024
GBPJPY,-1,2024-06-12 04:00:00,2024-06-12 09:00:00,200.152,200.4708,200.4708,199.5144,0.2545,-31.9,-73.83,-74.15,5,stop_loss,10.04793,0.21253,1.09641,1.6957,,2024
GBPJPY,-1,2024-06-12 16:00:00,2024-06-12 17:00:00,200.72,200.05357,201.05322,200.05357,0.2411,66.6,146.22,145.9,1,take_profit,17.63602,0.22214,2.54737,2.18403,new_york,2024
GBPJPY,-1,2024-06-13 03:00:00,2024-06-13 10:00:00,200.646,201.05038,201.05038,199.83725,0.2026,-40.4,-74.55,-74.87,7,stop_loss,16.57071,0.26958,1.52122,1.83769,,2024
GBPJPY,1,2024-06-13 20:00:00,2024-06-14 06:00:00,199.912,200.82247,199.45677,200.82247,0.1782,91.0,147.64,147.32,10,take_profit,20.63718,0.30349,-1.74285,1.82905,new_york,2024
GBPJPY,1,2024-06-14 11:00:00,2024-06-14 12:00:00,200.721,200.12266,200.12266,201.91769,0.1383,-59.8,-75.3,-75.62,1,stop_loss,17.8903,0.3989,0.35711,1.45465,london,2024
GBPJPY,1,2024-06-17 02:00:00,2024-06-17 09:00:00,199.845,199.26399,199.26399,201.00701,0.141,-58.1,-74.55,-74.87,7,stop_loss,21.14041,0.38734,-0.72141,0.4761,,2024
GBPJPY,-1,2024-06-17 09:00:00,2024-06-17 15:00:00,199.6,200.0624,200.0624,198.6752,0.1753,-46.2,-73.76,-74.08,6,stop_loss,18.95414,0.30827,-1.3381,0.30123,london,2024
GBPJPY,1,2024-06-19 13:00:00,2024-06-19 23:00:00,200.957,201.051,200.66331,201.54439,0.2733,9.4,23.38,23.06,10,time_exit,13.10629,0.1958,2.62661,1.65802,london,2024
GBPJPY,1,2024-06-20 19:00:00,2024-06-21 05:00:00,201.136,201.266,200.81698,201.77404,0.2524,13.0,29.86,29.54,10,time_exit,11.44313,0.21268,1.27806,2.40375,new_york,2024
GBPJPY,1,2024-06-21 20:00:00,2024-06-24 06:00:00,201.565,201.893,201.16069,202.37362,0.1999,32.8,59.67,59.35,10,time_exit,15.58861,0.26954,1.86362,1.96467,new_york,2024
GBPJPY,-1,2024-06-24 08:00:00,2024-06-24 13:00:00,202.011,201.34351,202.34474,201.34351,0.2442,66.7,148.33,148.01,5,take_profit,18.47229,0.2225,2.83706,3.11579,london,2024
GBPJPY,1,2024-06-24 18:00:00,2024-06-25 03:00:00,202.648,202.19367,202.19367,203.55667,0.1829,-45.4,-75.62,-75.94,9,stop_loss,19.86968,0.30289,3.34701,2.66673,new_york,2024
GBPJPY,-1,2024-06-26 01:00:00,2024-06-26 04:00:00,202.519,202.82977,202.82977,201.89747,0.2648,-31.1,-74.88,-75.2,3,stop_loss,8.89894,0.20718,1.45679,4.62799,,2024
GBPJPY,-1,2024-06-27 05:00:00,2024-06-27 12:00:00,202.679,203.01837,203.01837,202.00025,0.24,-33.9,-74.12,-74.44,7,stop_loss,13.669,0.22625,0.36999,4.28063,,2024
GBPJPY,-1,2024-06-27 14:00:00,2024-06-27 16:00:00,202.978,203.28193,203.28193,202.37014,0.2653,-30.4,-73.38,-73.69,2,stop_loss,15.27955,0.20262,1.59216,4.58852,london,2024
GBPJPY,1,2024-06-27 16:00:00,2024-06-28 02:00:00,202.988,203.196,202.68744,203.58912,0.2656,20.8,50.27,49.95,10,time_exit,16.45616,0.20037,1.54424,4.63777,new_york,2024
GBPJPY,1,2024-07-01 20:00:00,2024-07-02 06:00:00,204.296,204.245,203.91846,205.05108,0.2129,-5.1,-9.88,-10.2,10,time_exit,38.09626,0.25169,2.65819,4.4872,new_york,2024
GBPJPY,-1,2024-07-02 08:00:00,2024-07-02 15:00:00,204.247,204.53372,204.53372,203.67356,0.28,-28.7,-73.06,-73.37,7,stop_loss,36.62458,0.19115,2.08175,6.06356,london,2024
GBPJPY,1,2024-07-05 01:00:00,2024-07-05 03:00:00,205.702,205.44966,205.44966,206.20668,0.3149,-25.2,-72.31,-72.63,2,stop_loss,21.42874,0.16823,1.49814,8.67636,,2024
GBPJPY,1,2024-07-05 04:00:00,2024-07-05 06:00:00,205.6,205.31454,205.31454,206.17092,0.2756,-28.5,-71.59,-71.91,2,stop_loss,20.04112,0.19031,0.63697,7.55849,,2024
GBPJPY,-1,2024-07-08 22:00:00,2024-07-09 08:00:00,206.001,206.114,206.38267,205.23766,0.204,-11.3,-20.98,-21.3,10,time_exit,17.64782,0.25445,0.48687,4.72669,,2024
GBPJPY,1,2024-07-10 21:00:00,2024-07-11 07:00:00,207.675,207.891,207.37857,208.26786,0.2619,21.6,51.48,51.16,10,time_exit,43.27244,0.19762,5.65091,6.05516,new_york,2024
GBPJPY,1,2024-07-12 10:00:00,2024-07-12 16:00:00,205.394,204.67517,204.67517,206.83166,0.1088,-71.9,-71.17,-71.49,6,stop_loss,57.97316,0.47922,-1.60939,1.02758,london,2024
GBPJPY,-1,2024-07-15 12:00:00,2024-07-15 22:00:00,204.988,204.798,205.52858,203.90685,0.1432,19.0,24.76,24.44,10,time_exit,44.76864,0.36038,-1.53201,-0.10563,london,2024
GBPJPY,1,2024-07-16 14:00:00,2024-07-17 00:00:00,205.421,205.347,205.01107,206.24085,0.1895,-7.4,-12.76,-13.08,10,time_exit,20.31894,0.27328,0.208,-0.48329,london,2024
GBPJPY,-1,2024-07-17 10:00:00,2024-07-17 11:00:00,204.955,204.22398,205.32051,204.22398,0.2121,73.1,141.09,140.78,1,take_profit,19.88626,0.24367,-1.68528,-0.44819,london,2024
GBPJPY,1,2024-07-17 19:00:00,2024-07-17 21:00:00,203.618,203.05835,203.05835,204.7373,0.1413,-56.0,-71.96,-72.28,2,stop_loss,39.65069,0.3731,-3.48855,-1.12745,new_york,2024
GBPJPY,-1,2024-07-18 12:00:00,2024-07-18 19:00:00,203.185,203.83618,203.83618,201.88264,0.1202,-65.1,-71.23,-71.55,7,stop_loss,42.75894,0.43412,-1.91856,-2.23955,london,2024
GBPJPY,-1,2024-07-19 21:00:00,2024-07-22 07:00:00,203.344,203.382,203.81505,202.40189,0.1645,-3.8,-5.69,-6.01,10,time_exit,12.45751,0.31404,-0.90853,-2.99042,new_york,2024
GBPJPY,1,2024-07-25 14:00:00,2024-07-25 15:00:00,195.972,197.66369,195.12616,197.66369,0.0916,169.2,141.01,140.69,1,take_profit,58.99456,0.5639,-5.1737,-5.52249,london,2024
GBPJPY,-1,2024-07-25 22:00:00,2024-07-26 08:00:00,197.753,197.631,198.71388,195.83123,0.0822,12.2,9.13,8.81,10,time_exit,37.36108,0.64059,-1.34133,-4.79819,,2024
GBPJPY,-1,2024-07-26 13:00:00,2024-07-26 23:00:00,198.447,197.824,199.24683,196.84733,0.0989,62.3,56.07,55.75,10,time_exit,18.33153,0.53322,0.30739,-5.38314,london,2024
GBPJPY,-1,2024-07-29 01:00:00,2024-07-29 02:00:00,197.668,198.38964,198.38964,196.22472,0.1104,-72.2,-72.5,-72.82,1,stop_loss,19.65258,0.48109,-1.21407,-5.4514,,2024
GBPJPY,1,2024-07-30 02:00:00,2024-07-30 03:00:00,198.162,197.63985,197.63985,199.20631,0.1511,-52.2,-71.8,-72.12,1,stop_loss,14.15973,0.3481,0.66373,-6.3096,,2024
GBPJPY,1,2024-07-31 03:00:00,2024-07-31 06:00:00,195.978,195.21193,195.21193,197.51014,0.102,-76.6,-71.11,-71.43,3,stop_loss_ambiguous,31.69862,0.51071,-3.3324,-3.74989,,2024
GBPJPY,1,2024-07-31 06:00:00,2024-07-31 09:00:00,196.427,195.56487,195.56487,198.15126,0.0897,-86.2,-70.37,-70.69,3,stop_loss,31.74933,0.57475,-1.83647,-3.48429,,2024
GBPJPY,1,2024-08-01 02:00:00,2024-08-01 04:00:00,193.074,191.93687,191.93687,195.34827,0.0673,-113.7,-69.64,-69.96,2,stop_loss,43.97309,0.75809,-2.93361,-4.13434,,2024
GBPJPY,1,2024-08-01 17:00:00,2024-08-01 18:00:00,192.907,191.78999,191.78999,195.14102,0.0678,-111.7,-68.92,-69.24,1,stop_loss,34.90476,0.74467,-1.27368,-4.9189,new_york,2024
GBPJPY,1,2024-08-02 20:00:00,2024-08-05 02:00:00,187.801,186.57421,186.57421,190.25458,0.0611,-122.7,-68.21,-68.53,6,stop_loss,47.70707,0.81786,-3.98472,-5.70695,new_york,2024
GBPJPY,-1,2024-08-06 14:00:00,2024-08-07 00:00:00,183.842,183.324,185.60243,180.32114,0.0422,51.8,19.89,19.57,10,time_exit,23.46079,1.17362,-1.61506,-5.24168,london,2024
GBPJPY,-1,2024-08-07 01:00:00,2024-08-07 04:00:00,183.324,184.71984,184.71984,180.53232,0.0534,-139.6,-67.83,-68.15,3,stop_loss,14.04291,0.93056,-1.86441,-6.43903,,2024
GBPJPY,-1,2024-08-08 21:00:00,2024-08-09 07:00:00,187.806,187.275,188.92876,185.56047,0.0657,53.1,31.75,31.43,10,time_exit,20.7803,0.74851,2.25789,-4.32843,new_york,2024
GBPJPY,-1,2024-08-09 13:00:00,2024-08-09 23:00:00,187.876,187.021,188.74688,186.13424,0.0851,85.5,66.21,65.89,10,time_exit,20.09067,0.58059,1.67816,-3.82235,london,2024
GBPJPY,1,2024-08-15 17:00:00,2024-08-16 03:00:00,191.355,191.847,190.70561,192.65379,0.1152,49.2,51.58,51.26,10,time_exit,20.70574,0.43293,5.34192,0.48621,new_york,2024
GBPJPY,-1,2024-08-16 04:00:00,2024-08-16 14:00:00,191.848,191.116,192.37121,190.80159,0.144,73.2,95.92,95.6,10,time_exit,42.53012,0.3488,5.28768,2.49177,,2024
GBPJPY,-1,2024-08-16 21:00:00,2024-08-19 03:00:00,191.046,191.61431,191.61431,189.90939,0.1344,-56.8,-69.51,-69.82,6,stop_loss,29.4102,0.37887,1.01658,3.10365,new_york,2024
GBPJPY,1,2024-08-19 06:00:00,2024-08-19 07:00:00,190.881,190.33935,190.33935,191.9643,0.1396,-54.2,-68.81,-69.13,1,stop_loss,21.93588,0.3611,0.19174,3.27636,,2024
GBPJPY,1,2024-08-21 06:00:00,2024-08-21 13:00:00,189.42,190.6062,188.8269,190.6062,0.1263,118.6,136.33,136.01,7,take_profit,25.14097,0.3954,-1.51022,0.68306,,2024
GBPJPY,1,2024-08-22 11:00:00,2024-08-22 14:00:00,190.214,191.54032,189.55084,191.54032,0.1152,132.6,139.04,138.72,3,take_profit,19.72101,0.44211,0.34992,0.52887,london,2024
GBPJPY,1,2024-08-23 00:00:00,2024-08-23 04:00:00,191.405,190.76071,190.76071,192.69358,0.1209,-64.4,-70.88,-71.2,4,stop_loss,28.32518,0.42953,2.12663,1.34901,,2024
GBPJPY,-1,2024-08-23 19:00:00,2024-08-26 02:00:00,191.112,189.78545,191.77527,189.78545,0.1163,132.7,140.39,140.07,7,take_profit,17.24794,0.44218,0.29798,1.68201,new_york,2024
GBPJPY,-1,2024-08-26 06:00:00,2024-08-26 16:00:00,190.087,190.435,190.81586,188.62928,0.1079,-34.8,-34.17,-34.49,10,time_exit,22.27954,0.48591,-1.35497,1.02575,,2024
GBPJPY,1,2024-08-26 21:00:00,2024-08-27 07:00:00,190.689,190.817,190.11487,191.83727,0.1363,12.8,15.88,15.56,10,time_exit,17.67889,0.38276,0.47205,0.69778,new_york,2024
GBPJPY,-1,2024-08-28 10:00:00,2024-08-28 20:00:00,191.216,190.479,191.66928,190.30944,0.1731,73.7,116.09,115.77,10,time_exit,10.24065,0.30219,1.01518,1.43441,london,2024
GBPJPY,1,2024-08-29 02:00:00,2024-08-29 10:00:00,190.363,191.42171,189.83365,191.42171,0.1506,105.9,145.09,144.77,8,take_profit,23.06114,0.3529,-1.36237,0.91702,,2024
GBPJPY,-1,2024-08-29 11:00:00,2024-08-29 21:00:00,191.338,190.693,191.85016,190.31368,0.1588,64.5,93.21,92.89,10,time_exit,19.59086,0.34144,1.30338,0.96496,london,2024
GBPJPY,-1,2024-08-30 19:00:00,2024-09-02 01:00:00,191.653,192.16034,192.16034,190.63832,0.1623,-50.7,-74.93,-75.25,6,stop_loss,19.13319,0.33823,1.84578,1.00365,new_york,2024
GBPJPY,-1,2024-09-02 09:00:00,2024-09-02 10:00:00,191.856,192.35574,192.35574,190.85651,0.1631,-50.0,-74.17,-74.49,1,stop_loss,18.15632,0.33316,1.43037,1.61373,london,2024
GBPJPY,-1,2024-09-03 12:00:00,2024-09-03 15:00:00,191.33,191.90775,191.90775,190.1745,0.1397,-57.8,-73.45,-73.77,3,stop_loss,29.12813,0.38517,-2.16783,2.34588,london,2024
GBPJPY,1,2024-09-04 08:00:00,2024-09-04 09:00:00,190.532,189.89398,189.89398,191.80803,0.1252,-63.8,-72.69,-73.01,1,stop_loss,38.47915,0.42534,-2.10605,0.5375,london,2024
GBPJPY,1,2024-09-04 15:00:00,2024-09-04 19:00:00,190.09,189.44299,189.44299,191.38402,0.1222,-64.7,-71.95,-72.27,4,stop_loss,41.39733,0.43134,-2.42266,0.00324,london,2024
GBPJPY,1,2024-09-04 19:00:00,2024-09-04 23:00:00,189.645,188.96154,188.96154,191.01192,0.1145,-68.3,-71.21,-71.53,4,stop_loss,40.4167,0.45564,-2.88877,-0.27976,new_york,2024
GBPJPY,1,2024-09-05 05:00:00,2024-09-05 09:00:00,188.964,188.32128,188.32128,190.24944,0.1206,-64.3,-70.54,-70.85,4,stop_loss,49.23598,0.42848,-3.10385,-1.37867,,2024
GBPJPY,1,2024-09-06 08:00:00,2024-09-06 09:00:00,188.445,187.91072,187.91072,189.51356,0.1436,-53.4,-69.82,-70.14,1,stop_loss,25.12237,0.35619,-2.44612,-3.03798,london,2024
GBPJPY,1,2024-09-06 20:00:00,2024-09-09 06:00:00,186.895,187.45,185.92513,188.83475,0.0783,55.5,39.55,39.23,10,time_exit,30.08866,0.64658,-2.9002,-2.08025,new_york,2024
GBPJPY,1,2024-09-09 23:00:00,2024-09-10 09:00:00,186.889,187.873,186.27365,188.1197,0.1241,98.4,111.12,110.81,10,time_exit,21.53712,0.41023,-2.0961,-4.09885,,2024
GBPJPY,-1,2024-09-10 15:00:00,2024-09-10 17:00:00,187.339,186.2185,187.89925,186.2185,0.1385,112.1,141.22,140.9,2,take_profit,14.70769,0.3735,-0.66097,-4.13359,london,2024
GBPJPY,1,2024-09-11 08:00:00,2024-09-11 17:00:00,184.859,184.19881,184.19881,186.17937,0.1199,-66.0,-72.03,-72.35,9,stop_loss,36.56071,0.44012,-4.37756,-4.22548,london,2024
GBPJPY,1,2024-09-12 12:00:00,2024-09-12 15:00:00,186.034,185.35509,185.35509,187.39183,0.1154,-67.9,-71.3,-71.61,3,stop_loss,20.2041,0.45261,0.00509,-4.1137,london,2024
GBPJPY,1,2024-09-13 14:00:00,2024-09-16 00:00:00,184.693,184.6,184.01301,186.05299,0.1141,-9.3,-9.66,-9.97,10,time_exit,20.98336,0.45333,-2.30505,-3.63402,london,2024
GBPJPY,-1,2024-09-16 01:00:00,2024-09-16 11:00:00,184.58,184.439,185.16419,183.41162,0.1326,14.1,17.01,16.7,10,time_exit,21.59518,0.38946,-2.10102,-4.37202,,2024
GBPJPY,1,2024-09-18 02:00:00,2024-09-18 04:00:00,186.962,186.41162,186.41162,188.06276,0.1411,-55.0,-70.67,-70.99,2,stop_loss,28.82719,0.36692,2.6448,-1.66071,,2024
GBPJPY,-1,2024-09-18 07:00:00,2024-09-18 09:00:00,186.144,186.6746,186.6746,185.08281,0.1448,-53.1,-69.92,-70.23,2,stop_loss,22.97518,0.35373,0.20178,-1.47273,london,2024
GBPJPY,-1,2024-09-18 09:00:00,2024-09-18 10:00:00,186.228,186.77403,186.77403,185.13593,0.1393,-54.6,-69.22,-69.54,1,stop_loss,22.08302,0.36402,0.43221,-1.39847,london,2024
GBPJPY,1,2024-09-19 11:00:00,2024-09-19 14:00:00,188.78,190.30135,188.01932,190.30135,0.099,152.1,137.06,136.74,3,take_profit,23.38607,0.50712,2.73009,0.97713,london,2024
GBPJPY,-1,2024-09-19 23:00:00,2024-09-20 09:00:00,189.446,190.26352,190.26352,187.81096,0.094,-81.8,-69.93,-70.25,10,stop_loss,26.10573,0.54501,2.16241,1.93166,,2024
GBPJPY,-1,2024-09-23 06:00:00,2024-09-23 10:00:00,192.192,190.9062,192.8349,190.9062,0.1183,128.6,138.42,138.1,4,take_profit,30.87061,0.4286,4.34312,4.96154,,2024
GBPJPY,1,2024-09-24 12:00:00,2024-09-24 14:00:00,193.017,192.31284,192.31284,194.42533,0.1102,-70.4,-70.62,-70.93,2,stop_loss,22.95183,0.46944,3.46704,4.82877,london,2024
GBPJPY,-1,2024-09-25 03:00:00,2024-09-25 05:00:00,191.935,192.5086,192.5086,190.7878,0.1339,-57.4,-69.89,-70.21,2,stop_loss,14.56092,0.3824,0.39363,5.80761,,2024
GBPJPY,-1,2024-09-26 07:00:00,2024-09-26 17:00:00,193.324,193.78992,193.78992,192.39217,0.1632,-46.6,-69.19,-69.51,10,stop_loss,12.8052,0.31061,2.80768,6.79901,london,2024
GBPJPY,-1,2024-09-30 17:00:00,2024-10-01 03:00:00,191.566,192.37436,192.37436,189.94928,0.0931,-80.8,-68.49,-68.8,10,stop_loss,19.09386,0.53891,-0.11287,0.96427,new_york,2024
GBPJPY,1,2024-10-02 17:00:00,2024-10-03 03:00:00,193.311,194.96729,192.48285,194.96729,0.09,165.6,135.65,135.33,10,take_profit,24.76971,0.5521,3.03961,0.56382,new_york,2024
GBPJPY,-1,2024-10-03 22:00:00,2024-10-04 08:00:00,192.602,191.923,193.29191,191.22217,0.1101,67.9,68.03,67.71,10,time_exit,24.03391,0.45994,-0.27953,1.92059,,2024
GBPJPY,1,2024-10-08 17:00:00,2024-10-09 03:00:00,194.271,194.179,193.66173,195.48954,0.1259,-9.2,-10.54,-10.86,10,time_exit,33.94819,0.40618,1.21335,2.37036,new_york,2024
GBPJPY,1,2024-10-09 11:00:00,2024-10-09 21:00:00,194.34,195.142,193.80647,195.40705,0.1436,80.2,104.8,104.48,10,time_exit,17.60409,0.35568,1.03864,2.64312,london,2024
GBPJPY,1,2024-10-09 21:00:00,2024-10-10 07:00:00,194.936,195.3,194.47894,195.85012,0.1701,36.4,56.34,56.03,10,time_exit,17.46063,0.30471,2.22553,3.45158,new_york,2024
GBPJPY,-1,2024-10-10 09:00:00,2024-10-10 15:00:00,195.114,194.28052,195.53074,194.28052,0.1881,83.3,142.67,142.35,6,take_profit,14.45107,0.27783,1.9839,4.13817,london,2024
GBPJPY,-1,2024-10-10 15:00:00,2024-10-10 16:00:00,194.644,193.76893,195.08154,193.76893,0.1827,87.5,145.49,145.17,1,take_profit,12.10599,0.29169,0.06706,3.8569,london,2024
GBPJPY,1,2024-10-10 19:00:00,2024-10-11 05:00:00,193.922,194.185,193.33785,195.0903,0.1396,26.3,33.41,33.09,10,time_exit,19.52691,0.38943,-1.5862,2.62097,new_york,2024
GBPJPY,-1,2024-10-11 16:00:00,2024-10-11 17:00:00,194.747,195.21212,195.21212,193.81675,0.1761,-46.5,-74.54,-74.85,1,stop_loss,21.43395,0.31008,1.12677,2.38605,new_york,2024
GBPJPY,1,2024-10-14 04:00:00,2024-10-14 14:00:00,194.748,195.111,194.34808,195.54784,0.2027,36.3,66.96,66.64,10,time_exit,18.09373,0.26661,0.65084,2.92595,,2024
GBPJPY,1,2024-10-15 08:00:00,2024-10-15 09:00:00,195.328,195.01439,195.01439,195.95523,0.2608,-31.4,-74.43,-74.75,1,stop_loss,19.92981,0.20908,1.01043,4.52856,london,2024
GBPJPY,1,2024-10-16 23:00:00,2024-10-17 05:00:00,194.367,193.9091,193.9091,195.28279,0.1769,-45.8,-73.71,-74.03,6,stop_loss,34.47882,0.30526,-1.47812,1.434,,2024
GBPJPY,1,2024-10-17 15:00:00,2024-10-17 19:00:00,194.62,195.41497,194.22252,195.41497,0.2017,79.5,145.91,145.6,4,take_profit,30.13263,0.26499,0.10926,0.82639,london,2024
GBPJPY,-1,2024-10-18 18:00:00,2024-10-21 04:00:00,195.028,194.658,195.53598,194.01205,0.161,37.0,54.21,53.89,10,time_exit,16.71575,0.33865,-0.27269,1.51279,new_york,2024
GBPJPY,1,2024-10-21 13:00:00,2024-10-21 23:00:00,195.369,195.853,194.95976,196.18747,0.2013,48.4,88.66,88.34,10,time_exit,16.38987,0.27282,1.15989,1.38925,london,2024
GBPJPY,1,2024-10-21 23:00:00,2024-10-22 09:00:00,195.763,196.193,195.38036,196.52828,0.2178,43.0,85.23,84.91,10,time_exit,16.69911,0.25509,2.22733,1.74696,,2024
GBPJPY,-1,2024-10-25 12:00:00,2024-10-25 16:00:00,197.185,197.68817,197.68817,196.17866,0.1675,-50.3,-76.7,-77.01,4,stop_loss,12.15071,0.33545,0.75023,2.86773,london,2024
GBPJPY,1,2024-10-29 22:00:00,2024-10-30 08:00:00,199.523,199.207,199.04008,200.48883,0.1727,-31.6,-49.66,-49.98,10,time_exit,20.16681,0.32194,2.73926,4.71646,,2024
GBPJPY,-1,2024-10-31 15:00:00,2024-10-31 17:00:00,198.208,196.85277,198.88562,196.85277,0.1223,135.5,150.83,150.51,2,take_profit,28.84999,0.45174,-0.85099,2.03424,london,2024
GBPJPY,-1,2024-11-04 09:00:00,2024-11-04 13:00:00,197.61,196.56635,198.13183,196.56635,0.162,104.4,153.86,153.54,4,take_profit,18.78206,0.34788,0.59749,-0.10737,london,2024
GBPJPY,1,2024-11-04 17:00:00,2024-11-05 03:00:00,197.007,197.279,196.45447,198.11206,0.156,27.2,38.61,38.29,10,time_exit,18.47183,0.36835,-0.74811,-0.32864,new_york,2024
GBPJPY,1,2024-11-05 05:00:00,2024-11-05 15:00:00,197.279,197.409,196.81534,198.20632,0.1868,13.0,22.1,21.78,10,time_exit,12.14801,0.30911,0.17456,-0.47436,,2024
GBPJPY,-1,2024-11-05 22:00:00,2024-11-05 23:00:00,197.204,197.67128,197.67128,196.26944,0.1859,-46.7,-79.05,-79.37,1,stop_loss,11.70729,0.31152,-0.59014,-0.03676,,2024
GBPJPY,1,2024-11-06 10:00:00,2024-11-06 18:00:00,198.062,199.38985,197.39807,199.38985,0.1295,132.8,156.48,156.16,8,take_profit,22.95162,0.44262,0.93756,0.3998,london,2024
GBPJPY,-1,2024-11-06 18:00:00,2024-11-07 04:00:00,198.955,199.398,199.64552,197.57397,0.127,-44.3,-51.2,-51.52,10,time_exit,28.54752,0.46034,2.28561,0.7483,new_york,2024
GBPJPY,1,2024-11-13 06:00:00,2024-11-13 16:00:00,197.285,196.86673,196.86673,198.12154,0.2084,-41.8,-79.32,-79.64,10,stop_loss,21.7196,0.27885,-0.76707,-0.9003,,2024
GBPJPY,1,2024-11-14 01:00:00,2024-11-14 11:00:00,197.394,197.588,196.95935,198.26331,0.1985,19.4,35.04,34.72,10,time_exit,13.28517,0.28977,-0.24588,-0.78759,,2024
GBPJPY,-1,2024-11-18 23:00:00,2024-11-19 09:00:00,195.957,195.834,196.53045,194.81011,0.1511,12.3,16.91,16.59,10,time_exit,18.68323,0.3823,-0.47346,-2.51524,,2024
GBPJPY,-1,2024-11-19 16:00:00,2024-11-19 17:00:00,193.925,194.7511,194.7511,192.27279,0.1051,-82.6,-79.01,-79.33,1,stop_loss,24.33454,0.55074,-3.13849,-2.09965,new_york,2024
GBPJPY,1,2024-11-20 12:00:00,2024-11-20 16:00:00,197.334,196.68013,196.68013,198.64175,0.1315,-65.4,-78.25,-78.56,4,stop_loss,22.5278,0.43592,2.79734,-1.41341,london,2024
GBPJPY,-1,2024-11-21 04:00:00,2024-11-21 11:00:00,196.204,195.09438,196.75881,195.09438,0.1534,111.0,154.9,154.58,7,take_profit,16.4388,0.36987,-0.425,-0.97394,,2024
GBPJPY,-1,2024-11-22 08:00:00,2024-11-22 11:00:00,194.442,193.33527,194.99536,193.33527,0.1569,110.7,158.02,157.7,3,take_profit,43.03983,0.36891,-2.32039,-2.66577,london,2024
GBPJPY,1,2024-11-22 17:00:00,2024-11-25 03:00:00,193.873,193.658,193.15173,195.31554,0.1227,-21.5,-24.01,-24.32,10,time_exit,45.12954,0.48085,-1.93873,-2.60441,new_york,2024
GBPJPY,-1,2024-11-25 11:00:00,2024-11-25 21:00:00,194.311,193.82,194.92616,193.08068,0.1435,49.1,64.12,63.8,10,time_exit,22.02475,0.41011,-0.2538,-3.18329,london,2024
GBPJPY,1,2024-11-29 02:00:00,2024-11-29 03:00:00,191.941,191.533,191.533,192.75701,0.2181,-40.8,-80.98,-81.3,1,stop_loss,11.60094,0.272,-0.70256,-5.8515,,2024
GBPJPY,-1,2024-11-29 04:00:00,2024-11-29 05:00:00,190.456,190.98533,190.98533,189.39733,0.1664,-52.9,-80.15,-80.47,1,stop_loss,17.57751,0.35289,-4.47374,-4.62824,,2024
GBPJPY,1,2024-11-29 19:00:00,2024-11-29 20:00:00,190.981,190.37891,190.37891,192.18517,0.1448,-60.2,-79.34,-79.65,1,stop_loss,41.05127,0.40139,-1.07904,-4.57374,new_york,2024
GBPJPY,1,2024-12-02 09:00:00,2024-12-02 10:00:00,190.99,190.46019,190.46019,192.04962,0.1629,-53.0,-78.54,-78.86,1,stop_loss,22.08488,0.35321,-0.44725,-5.03158,london,2024
GBPJPY,1,2024-12-02 15:00:00,2024-12-02 16:00:00,190.155,189.5387,189.5387,191.38761,0.1386,-61.6,-77.73,-78.05,1,stop_loss,20.875,0.41087,-2.16643,-4.25443,london,2024
GBPJPY,1,2024-12-03 02:00:00,2024-12-03 12:00:00,189.265,190.051,188.66994,190.45511,0.1422,78.6,101.71,101.39,10,time_exit,37.35799,0.3967,-2.90598,-5.07123,,2024
GBPJPY,-1,2024-12-03 17:00:00,2024-12-03 18:00:00,188.494,189.12584,189.12584,187.23032,0.1356,-63.2,-77.97,-78.29,1,stop_loss,27.12288,0.42123,-3.64787,-4.75524,new_york,2024
GBPJPY,1,2024-12-04 21:00:00,2024-12-05 07:00:00,190.931,190.633,190.34659,192.09983,0.1452,-29.8,-39.38,-39.69,10,time_exit,19.95282,0.38961,1.49813,-3.28801,new_york,2024
GBPJPY,-1,2024-12-05 14:00:00,2024-12-05 15:00:00,191.181,191.72139,191.72139,190.10023,0.1562,-54.0,-76.81,-77.13,1,stop_loss,12.71636,0.36026,1.44148,-2.37695,london,2024
GBPJPY,-1,2024-12-06 00:00:00,2024-12-06 10:00:00,191.398,191.91007,191.91007,190.37386,0.1632,-51.2,-76.05,-76.37,10,stop_loss,13.3005,0.34138,1.65962,-1.66305,,2024
GBPJPY,-1,2024-12-09 23:00:00,2024-12-10 09:00:00,192.79,193.094,193.28337,191.80326,0.1677,-30.4,-46.39,-46.71,10,time_exit,33.45609,0.32891,3.02492,0.58384,,2024
GBPJPY,-1,2024-12-13 05:00:00,2024-12-13 13:00:00,193.622,194.13202,194.13202,192.60197,0.1612,-51.0,-74.82,-75.13,8,stop_loss,28.94497,0.34001,-0.36912,2.79615,,2024
GBPJPY,-1,2024-12-16 05:00:00,2024-12-16 14:00:00,194.358,194.84518,194.84518,193.38363,0.167,-48.7,-74.04,-74.36,9,stop_loss,14.67259,0.32479,1.48853,2.58565,,2024
GBPJPY,1,2024-12-17 07:00:00,2024-12-17 12:00:00,195.339,194.90121,194.90121,196.21458,0.184,-43.8,-73.3,-73.62,5,stop_loss,31.41701,0.29186,2.11781,4.16981,london,2024
GBPJPY,-1,2024-12-18 04:00:00,2024-12-18 14:00:00,195.221,195.468,195.66925,194.3245,0.1779,-24.7,-39.99,-40.31,10,time_exit,15.89678,0.29883,0.82433,3.86696,,2024
GBPJPY,1,2024-12-18 15:00:00,2024-12-18 21:00:00,195.469,195.0203,195.0203,196.36641,0.1768,-44.9,-72.19,-72.51,6,stop_loss,15.40517,0.29914,1.5076,3.55475,london,2024
GBPJPY,-1,2024-12-20 06:00:00,2024-12-20 16:00:00,196.028,196.474,196.76417,194.55566,0.1067,-44.6,-43.31,-43.62,10,time_exit,19.1498,0.49078,-0.51973,3.12463,,2024
GBPJPY,1,2024-12-23 01:00:00,2024-12-23 11:00:00,196.648,196.934,196.07357,197.79685,0.1359,28.6,35.37,35.05,10,time_exit,13.32427,0.38295,0.81158,3.42226,,2024
GBPJPY,1,2024-12-23 13:00:00,2024-12-23 23:00:00,196.714,196.989,196.24131,197.65939,0.1659,27.5,41.52,41.2,10,time_exit,9.84469,0.31513,0.53853,4.14577,london,2024
GBPJPY,-1,2024-12-24 04:00:00,2024-12-24 14:00:00,196.808,197.20232,197.20232,196.01936,0.2,-39.4,-71.77,-72.09,10,stop_loss,9.9189,0.26288,0.4835,4.64389,,2024
GBPJPY,1,2024-12-26 18:00:00,2024-12-27 04:00:00,197.754,197.38461,197.38461,198.49278,0.2114,-36.9,-71.06,-71.38,10,stop_loss,14.18703,0.24626,2.54976,4.5646,new_york,2024
GBPJPY,1,2024-12-30 01:00:00,2024-12-30 11:00:00,198.243,198.555,197.80142,199.12617,0.175,31.2,49.69,49.37,10,time_exit,24.81973,0.29439,1.6515,4.2027,,2024
