{
  "hypothesis": "H-001",
  "train_end": "2022-01-01",
  "bins_by_symbol": {
    "USDJPY": {
      "edges": [
        -4.3519,
        -2.4065849999999998,
        -1.22304,
        -0.378235,
        0.44118
      ],
      "n_train_trades": 95
    },
    "XAUUSD": {
      "edges": [
        -5.87309,
        -2.22634,
        -0.95054,
        -0.34512,
        0.49755
      ],
      "n_train_trades": 99
    },
    "GBPJPY": {
      "edges": [
        -4.3868,
        -2.12573,
        -1.20802,
        -0.235365,
        0.48923
      ],
      "n_train_trades": 99
    }
  }
}