symbol,direction,entry_dt,exit_dt,entry,exit,stop_loss,take_profit,size,pnl_pips,pnl_gross,pnl,bars_held,exit_reason,adx_entry,atr_entry,ema_distance,trend_gap,session,year
AUDUSD,1,2019-01-14 15:00:00,2019-01-15 01:00:00,0.71925,0.71991,0.71763,0.72249,0.6168,6.6,40.71,40.71,10,time_exit,21.09881,0.00108,-0.04376,5.0221,london,2019
AUDUSD,-1,2019-01-15 06:00:00,2019-01-15 16:00:00,0.72127,0.72108,0.72273,0.71834,0.6856,1.9,13.03,13.02,10,time_exit,15.99227,0.00098,1.55425,5.10125,tokyo,2019
AUDUSD,-1,2019-01-15 19:00:00,2019-01-16 05:00:00,0.71918,0.7198,0.72106,0.71541,0.5336,-6.2,-33.08,-33.09,10,time_exit,16.06262,0.00126,-0.68238,3.63944,new_york,2019
AUDUSD,1,2019-01-17 01:00:00,2019-01-17 06:00:00,0.71696,0.71549,0.71549,0.7199,0.6815,-14.7,-100.21,-100.21,5,stop_loss,20.47246,0.00098,-2.03061,2.69474,tokyo,2019
AUDUSD,1,2019-01-17 14:00:00,2019-01-17 16:00:00,0.71701,0.71546,0.71546,0.72011,0.6395,-15.5,-99.21,-99.21,2,stop_loss,29.46009,0.00103,-0.85602,1.52748,london,2019
AUDUSD,-1,2019-01-18 15:00:00,2019-01-18 17:00:00,0.71954,0.72114,0.72114,0.71635,0.6154,-16.0,-98.2,-98.21,2,stop_loss,32.50463,0.00106,1.07782,1.48936,london,2019
AUDUSD,-1,2019-01-23 07:00:00,2019-01-23 17:00:00,0.71373,0.71318,0.71518,0.71083,0.6711,5.5,36.91,36.91,10,time_exit,26.19341,0.00097,-0.48113,-1.6393,tokyo,2019
AUDUSD,1,2019-01-23 22:00:00,2019-01-24 04:00:00,0.71421,0.71292,0.71292,0.71679,0.7558,-12.9,-97.59,-97.6,6,stop_loss,17.41291,0.00086,0.29285,-1.77212,,2019
AUDUSD,-1,2019-01-29 05:00:00,2019-01-29 10:00:00,0.71586,0.71747,0.71747,0.71263,0.5988,-16.1,-96.62,-96.62,5,stop_loss,24.90159,0.00108,0.05615,0.7923,tokyo,2019
AUDUSD,-1,2019-01-29 10:00:00,2019-01-29 20:00:00,0.71601,0.71555,0.71758,0.71288,0.6109,4.6,28.1,28.1,10,time_exit,20.90423,0.00104,0.09249,0.85611,london,2019
AUDUSD,-1,2019-01-30 02:00:00,2019-01-30 03:00:00,0.71569,0.71705,0.71705,0.71298,0.708,-13.6,-95.94,-95.94,1,stop_loss,19.57025,0.0009,-0.08369,0.71925,tokyo,2019
AUDUSD,1,2019-01-30 04:00:00,2019-01-30 14:00:00,0.71879,0.71922,0.71712,0.72213,0.569,4.3,24.47,24.46,10,time_exit,21.5406,0.00111,2.5384,0.70542,tokyo,2019
AUDUSD,-1,2019-02-01 13:00:00,2019-02-01 15:00:00,0.72611,0.72772,0.72772,0.72289,0.5907,-16.1,-95.23,-95.23,2,stop_loss,28.81618,0.00107,1.67322,4.70916,london,2019
AUDUSD,1,2019-02-01 17:00:00,2019-02-04 02:00:00,0.72578,0.72406,0.72406,0.72923,0.5473,-17.2,-94.28,-94.28,9,stop_loss,30.19219,0.00115,1.03845,4.41075,new_york,2019
AUDUSD,1,2019-02-06 00:00:00,2019-02-06 03:00:00,0.72345,0.72208,0.72208,0.72619,0.6803,-13.7,-93.33,-93.33,3,stop_loss,14.40166,0.00091,-0.10193,2.62821,tokyo,2019
AUDUSD,-1,2019-02-12 14:00:00,2019-02-12 20:00:00,0.70851,0.70993,0.70993,0.70566,0.6495,-14.2,-92.39,-92.4,6,stop_loss,16.08405,0.00095,0.21996,-5.26099,london,2019
AUDUSD,1,2019-02-15 12:00:00,2019-02-15 20:00:00,0.71003,0.71301,0.70854,0.71301,0.6136,29.8,182.95,182.95,8,take_profit,22.22799,0.00099,0.09147,-1.85472,london,2019
AUDUSD,1,2019-02-18 10:00:00,2019-02-18 17:00:00,0.71498,0.71367,0.71367,0.7176,0.7112,-13.1,-93.31,-93.31,7,stop_loss,28.32852,0.00087,3.1174,0.11537,london,2019
AUDUSD,1,2019-02-18 23:00:00,2019-02-19 02:00:00,0.71326,0.7121,0.7121,0.71558,0.7955,-11.6,-92.37,-92.37,3,stop_loss,25.63527,0.00077,0.26506,0.82993,,2019
AUDUSD,-1,2019-02-21 06:00:00,2019-02-21 07:00:00,0.71648,0.7116,0.71892,0.7116,0.3744,48.8,182.89,182.88,1,take_profit,19.00212,0.00163,0.57353,1.21386,tokyo,2019
AUDUSD,1,2019-02-22 02:00:00,2019-02-22 05:00:00,0.71081,0.70838,0.70838,0.71568,0.3834,-24.3,-93.27,-93.27,3,stop_loss,18.56343,0.00162,-1.00346,-0.30707,tokyo,2019
AUDUSD,1,2019-02-25 02:00:00,2019-02-25 04:00:00,0.7157,0.71375,0.71375,0.71961,0.4723,-19.5,-92.33,-92.34,2,stop_loss,22.37897,0.0013,2.54284,-0.26945,tokyo,2019
AUDUSD,-1,2019-02-25 07:00:00,2019-02-25 11:00:00,0.71439,0.71631,0.71631,0.71056,0.477,-19.2,-91.41,-91.41,4,stop_loss,23.61148,0.00128,1.24286,-0.02417,tokyo,2019
AUDUSD,1,2019-02-25 13:00:00,2019-02-25 23:00:00,0.71698,0.71674,0.71519,0.72057,0.5048,-2.4,-12.12,-12.12,10,time_exit,27.21826,0.0012,2.95351,0.37167,london,2019
AUDUSD,-1,2019-02-26 22:00:00,2019-02-27 08:00:00,0.7193,0.71809,0.72098,0.71594,0.538,12.1,65.1,65.1,10,time_exit,22.5855,0.00112,3.17821,1.54234,,2019
AUDUSD,1,2019-02-27 10:00:00,2019-02-27 14:00:00,0.71785,0.71628,0.71628,0.72099,0.5802,-15.7,-91.03,-91.03,4,stop_loss,25.62467,0.00105,1.01738,2.15709,london,2019
AUDUSD,-1,2019-02-27 16:00:00,2019-02-28 02:00:00,0.71551,0.71384,0.71708,0.71237,0.5747,16.7,95.97,95.97,10,time_exit,20.38129,0.00105,-1.11857,1.96387,new_york,2019
AUDUSD,-1,2019-03-01 12:00:00,2019-03-01 13:00:00,0.70983,0.71143,0.71143,0.70664,0.5704,-16.0,-91.09,-91.09,1,stop_loss,29.48711,0.00106,-2.04452,-1.49898,london,2019
AUDUSD,1,2019-03-01 20:00:00,2019-03-04 06:00:00,0.70766,0.70926,0.70586,0.71126,0.5007,16.0,80.11,80.11,10,time_exit,21.4157,0.0012,-3.13305,-1.5834,new_york,2019
AUDUSD,-1,2019-03-04 17:00:00,2019-03-05 03:00:00,0.70823,0.70674,0.70982,0.70505,0.5721,14.9,85.24,85.24,10,time_exit,11.1562,0.00106,-1.4888,-2.46689,new_york,2019
AUDUSD,1,2019-03-05 15:00:00,2019-03-06 01:00:00,0.70723,0.70872,0.70581,0.71008,0.645,14.9,96.1,96.1,10,time_exit,10.81467,0.00095,-1.63193,-2.9553,london,2019
AUDUSD,-1,2019-03-06 15:00:00,2019-03-07 01:00:00,0.70332,0.70318,0.70501,0.69994,0.5488,1.4,7.68,7.68,10,time_exit,33.20634,0.00113,-2.83818,-3.33762,london,2019
AUDUSD,1,2019-03-08 17:00:00,2019-03-11 03:00:00,0.70417,0.70274,0.70264,0.70724,0.6051,-14.3,-86.53,-86.53,10,time_exit,23.06226,0.00102,1.03457,-4.12973,new_york,2019
AUDUSD,-1,2019-03-11 05:00:00,2019-03-11 10:00:00,0.70374,0.70515,0.70515,0.70091,0.6512,-14.1,-91.99,-91.99,5,stop_loss,24.46711,0.00094,0.28574,-3.71613,tokyo,2019
AUDUSD,-1,2019-03-12 17:00:00,2019-03-13 02:00:00,0.70845,0.70573,0.70981,0.70573,0.6695,27.2,182.15,182.15,9,take_profit,28.80147,0.00091,2.89544,-1.01122,new_york,2019
AUDUSD,1,2019-03-15 07:00:00,2019-03-15 17:00:00,0.7083,0.70876,0.70696,0.71099,0.691,4.6,31.79,31.78,10,time_exit,17.62704,0.0009,1.74617,-0.08088,tokyo,2019
AUDUSD,-1,2019-03-18 04:00:00,2019-03-18 05:00:00,0.70864,0.7098,0.7098,0.70631,0.8017,-11.6,-93.22,-93.22,1,stop_loss,22.30801,0.00078,1.24058,0.72885,tokyo,2019
AUDUSD,-1,2019-03-19 03:00:00,2019-03-19 04:00:00,0.70986,0.711,0.711,0.70758,0.8106,-11.4,-92.29,-92.29,1,stop_loss,17.32367,0.00076,0.82469,1.92065,tokyo,2019
AUDUSD,-1,2019-03-19 08:00:00,2019-03-19 18:00:00,0.71044,0.71014,0.71166,0.708,0.7486,3.0,22.46,22.46,10,time_exit,13.18441,0.00081,1.22561,1.89256,tokyo,2019
AUDUSD,1,2019-03-21 04:00:00,2019-03-21 09:00:00,0.71643,0.71421,0.71421,0.72087,0.4125,-22.2,-91.58,-91.59,5,stop_loss,29.82521,0.00148,4.29314,1.01626,tokyo,2019
AUDUSD,-1,2019-03-21 23:00:00,2019-03-22 09:00:00,0.71126,0.71064,0.71319,0.70741,0.4705,6.2,29.17,29.17,10,time_exit,25.44499,0.00128,-0.21496,1.69276,,2019
AUDUSD,1,2019-03-25 07:00:00,2019-03-25 16:00:00,0.708,0.71089,0.70656,0.71089,0.6299,28.9,181.93,181.92,9,take_profit,30.87153,0.00096,-1.66527,0.31035,tokyo,2019
AUDUSD,-1,2019-03-28 11:00:00,2019-03-28 21:00:00,0.7091,0.70771,0.71053,0.70624,0.6499,13.9,90.34,90.33,10,time_exit,27.67355,0.00095,-0.88634,-0.02139,london,2019
AUDUSD,-1,2019-03-29 21:00:00,2019-04-01 00:00:00,0.70971,0.71123,0.71123,0.70666,0.6148,-15.2,-93.68,-93.69,3,stop_loss,13.37032,0.00102,0.59355,-0.47361,new_york,2019
AUDUSD,-1,2019-04-03 13:00:00,2019-04-03 23:00:00,0.71245,0.71122,0.71394,0.70946,0.621,12.3,76.38,76.38,10,time_exit,33.17349,0.001,3.10868,-0.30598,london,2019
AUDUSD,-1,2019-04-08 11:00:00,2019-04-08 15:00:00,0.71001,0.71108,0.71108,0.70787,0.8728,-10.7,-93.51,-93.52,4,stop_loss,18.19086,0.00071,-0.89246,0.35535,london,2019
AUDUSD,-1,2019-04-09 03:00:00,2019-04-09 04:00:00,0.71212,0.71303,0.71303,0.71031,1.0216,-9.1,-92.58,-92.58,1,stop_loss,27.45218,0.0006,1.35435,1.11215,tokyo,2019
AUDUSD,1,2019-04-10 11:00:00,2019-04-10 15:00:00,0.71493,0.71364,0.71364,0.71751,0.7099,-12.9,-91.65,-91.65,4,stop_loss,23.96701,0.00086,2.57525,1.5878,london,2019
AUDUSD,1,2019-04-11 11:00:00,2019-04-11 15:00:00,0.71564,0.71448,0.71448,0.71797,0.7797,-11.6,-90.74,-90.74,4,stop_loss,19.44347,0.00078,1.17941,3.09662,london,2019
AUDUSD,1,2019-04-12 00:00:00,2019-04-12 10:00:00,0.71227,0.7125,0.71111,0.71459,0.7734,2.3,17.79,17.79,10,time_exit,30.79447,0.00077,-2.60759,2.28805,tokyo,2019
AUDUSD,1,2019-04-15 00:00:00,2019-04-15 10:00:00,0.71752,0.71718,0.71621,0.72013,0.6888,-3.4,-23.42,-23.42,10,time_exit,35.16341,0.00087,2.4075,2.39833,tokyo,2019
AUDUSD,-1,2019-04-16 23:00:00,2019-04-17 05:00:00,0.71714,0.71834,0.71834,0.71474,0.7475,-12.0,-89.77,-89.77,6,stop_loss,24.24331,0.0008,1.02606,2.35621,,2019
AUDUSD,-1,2019-04-17 23:00:00,2019-04-18 04:00:00,0.71713,0.7186,0.7186,0.71419,0.605,-14.7,-88.87,-88.87,5,stop_loss,25.66549,0.00098,-0.35845,2.27258,,2019
AUDUSD,1,2019-04-18 04:00:00,2019-04-18 12:00:00,0.71697,0.71564,0.71564,0.71963,0.6615,-13.3,-87.99,-87.99,8,stop_loss,18.98022,0.00089,-0.54424,2.37959,tokyo,2019
AUDUSD,-1,2019-04-18 13:00:00,2019-04-18 23:00:00,0.71568,0.7148,0.71728,0.71249,0.5456,8.8,48.01,48.01,10,time_exit,21.61114,0.00106,-1.63999,1.7904,london,2019
AUDUSD,-1,2019-04-22 14:00:00,2019-04-23 00:00:00,0.71352,0.7137,0.71429,0.71199,1.1421,-1.8,-20.56,-20.56,10,time_exit,25.04487,0.00051,-2.73221,-0.55034,london,2019
AUDUSD,-1,2019-04-25 03:00:00,2019-04-25 13:00:00,0.70135,0.70009,0.70281,0.69844,0.6003,12.6,75.64,75.64,10,time_exit,59.60571,0.00097,-5.09124,-5.60077,tokyo,2019
AUDUSD,1,2019-04-25 19:00:00,2019-04-26 05:00:00,0.7009,0.70274,0.69939,0.70392,0.5845,18.4,107.55,107.55,10,time_exit,55.27042,0.00101,-2.87712,-6.31948,new_york,2019
AUDUSD,-1,2019-04-26 06:00:00,2019-04-26 12:00:00,0.70273,0.70422,0.70422,0.69974,0.597,-14.9,-89.21,-89.21,6,stop_loss,35.16344,0.001,-0.29644,-6.25275,tokyo,2019
AUDUSD,1,2019-04-26 22:00:00,2019-04-29 08:00:00,0.70396,0.70552,0.70245,0.70697,0.586,15.6,91.42,91.41,10,time_exit,22.71813,0.001,0.60498,-5.05302,,2019
AUDUSD,1,2019-04-29 14:00:00,2019-04-29 17:00:00,0.70506,0.70407,0.70407,0.70705,0.8975,-9.9,-89.24,-89.24,3,stop_loss,25.34121,0.00066,1.46196,-5.71683,london,2019
AUDUSD,1,2019-04-30 04:00:00,2019-04-30 05:00:00,0.70671,0.70571,0.70571,0.7087,0.886,-10.0,-88.34,-88.35,1,stop_loss,15.43009,0.00066,2.99851,-4.32299,tokyo,2019
AUDUSD,-1,2019-04-30 05:00:00,2019-04-30 12:00:00,0.70438,0.70567,0.70567,0.70181,0.6796,-12.9,-87.46,-87.46,7,stop_loss,15.31243,0.00086,-0.37716,-3.32752,tokyo,2019
AUDUSD,1,2019-05-01 06:00:00,2019-05-01 15:00:00,0.70535,0.70413,0.70413,0.70779,0.7109,-12.2,-86.58,-86.58,9,stop_loss,10.87794,0.00081,0.6938,-2.66016,tokyo,2019
AUDUSD,-1,2019-05-01 19:00:00,2019-05-01 21:00:00,0.70378,0.7049,0.7049,0.70154,0.7668,-11.2,-85.71,-85.72,2,stop_loss_ambiguous,14.01426,0.00075,-1.32286,-2.58421,new_york,2019
AUDUSD,-1,2019-05-06 01:00:00,2019-05-06 10:00:00,0.69826,0.70002,0.70002,0.69475,0.4833,-17.6,-84.86,-84.86,9,stop_loss,33.57083,0.00117,-2.52171,-2.63404,tokyo,2019
AUDUSD,-1,2019-05-06 19:00:00,2019-05-07 05:00:00,0.69944,0.70007,0.70104,0.69623,0.5242,-6.3,-33.02,-33.03,10,time_exit,17.44016,0.00107,-0.4436,-3.20372,new_york,2019
AUDUSD,-1,2019-05-08 06:00:00,2019-05-08 16:00:00,0.70216,0.70078,0.70365,0.69918,0.5619,13.8,77.54,77.54,10,time_exit,10.7445,0.00099,1.4153,-1.87479,tokyo,2019
AUDUSD,1,2019-05-09 15:00:00,2019-05-10 01:00:00,0.69736,0.69855,0.69607,0.69995,0.6533,11.9,77.74,77.74,10,time_exit,33.06635,0.00086,-2.27829,-2.71593,london,2019
AUDUSD,-1,2019-05-10 15:00:00,2019-05-10 16:00:00,0.69916,0.70067,0.70067,0.69615,0.5659,-15.1,-85.23,-85.23,1,stop_loss,17.57992,0.001,-0.11339,-1.84326,london,2019
AUDUSD,1,2019-05-14 03:00:00,2019-05-14 13:00:00,0.69446,0.69464,0.69327,0.69685,0.7062,1.8,12.71,12.71,10,time_exit,37.1716,0.0008,-3.55839,-3.34909,tokyo,2019
AUDUSD,-1,2019-05-15 21:00:00,2019-05-16 04:00:00,0.69267,0.6903,0.69385,0.6903,0.7134,23.7,169.01,169.01,7,take_profit,30.67393,0.00079,-1.77875,-4.7315,new_york,2019
AUDUSD,1,2019-05-17 21:00:00,2019-05-20 00:00:00,0.68725,0.68935,0.6862,0.68935,0.8213,21.0,172.39,172.38,3,take_profit,37.71679,0.0007,-3.73759,-7.0046,new_york,2019
AUDUSD,-1,2019-05-20 00:00:00,2019-05-20 01:00:00,0.69099,0.68905,0.69196,0.68905,0.9077,19.4,175.84,175.83,1,take_profit,37.7954,0.00065,-4.26058,-7.78147,tokyo,2019
AUDUSD,1,2019-05-20 06:00:00,2019-05-20 16:00:00,0.69141,0.69126,0.68992,0.69439,0.6012,-1.5,-9.02,-9.02,10,time_exit,39.18586,0.00099,1.68017,-4.5821,tokyo,2019
AUDUSD,1,2019-05-22 00:00:00,2019-05-22 10:00:00,0.68818,0.68805,0.68692,0.69071,0.7091,-1.3,-9.22,-9.22,10,time_exit,22.91484,0.00084,-1.10414,-4.07046,tokyo,2019
AUDUSD,1,2019-05-22 16:00:00,2019-05-22 17:00:00,0.68876,0.68756,0.68756,0.69115,0.7484,-12.0,-89.5,-89.5,1,stop_loss,18.56676,0.0008,-0.08944,-4.08014,new_york,2019
AUDUSD,-1,2019-05-23 22:00:00,2019-05-24 00:00:00,0.68925,0.6904,0.6904,0.68694,0.7677,-11.5,-88.6,-88.6,2,stop_loss,20.16969,0.00077,1.27943,-3.56231,,2019
AUDUSD,1,2019-05-27 00:00:00,2019-05-27 10:00:00,0.69278,0.69261,0.69167,0.695,0.7905,-1.7,-13.44,-13.44,10,time_exit,34.33645,0.00074,3.85312,-1.34646,tokyo,2019
AUDUSD,1,2019-05-27 21:00:00,2019-05-28 07:00:00,0.69154,0.6926,0.6907,0.69322,1.041,10.6,110.35,110.34,10,time_exit,24.204,0.00056,0.31137,0.25603,new_york,2019
AUDUSD,1,2019-05-28 23:00:00,2019-05-29 09:00:00,0.69229,0.69198,0.69138,0.6941,0.9787,-3.1,-30.34,-30.34,10,time_exit,13.92956,0.0006,0.36198,0.95102,,2019
AUDUSD,1,2019-05-29 16:00:00,2019-05-29 17:00:00,0.69269,0.69179,0.69179,0.6945,0.9769,-9.0,-88.38,-88.38,1,stop_loss,16.64134,0.0006,0.84954,0.92839,new_york,2019
AUDUSD,-1,2019-05-29 20:00:00,2019-05-30 03:00:00,0.6914,0.69251,0.69251,0.68919,0.7913,-11.1,-87.5,-87.51,7,stop_loss,17.44051,0.00074,-0.87407,0.59682,new_york,2019
AUDUSD,-1,2019-05-30 06:00:00,2019-05-30 10:00:00,0.69256,0.69355,0.69355,0.69058,0.8765,-9.9,-86.63,-86.63,4,stop_loss,15.20708,0.00066,0.88801,0.52218,tokyo,2019
AUDUSD,1,2019-05-30 10:00:00,2019-05-30 14:00:00,0.69331,0.69232,0.69232,0.69529,0.8659,-9.9,-85.76,-85.76,4,stop_loss,20.57183,0.00066,1.79995,0.67531,london,2019
AUDUSD,1,2019-05-30 17:00:00,2019-05-30 18:00:00,0.69123,0.69015,0.69015,0.6934,0.7827,-10.8,-84.9,-84.9,1,stop_loss,21.35363,0.00072,-1.31174,0.62829,new_york,2019
AUDUSD,1,2019-05-30 22:00:00,2019-05-31 08:00:00,0.69114,0.69151,0.69,0.69342,0.7387,3.7,27.33,27.33,10,time_exit,25.00593,0.00076,-1.10895,0.3805,,2019
AUDUSD,-1,2019-05-31 22:00:00,2019-06-03 04:00:00,0.6939,0.69536,0.69536,0.69099,0.5792,-14.6,-84.33,-84.33,6,stop_loss,25.9344,0.00097,2.02482,0.23645,,2019
AUDUSD,1,2019-06-03 04:00:00,2019-06-03 14:00:00,0.69435,0.6956,0.69299,0.69707,0.6138,12.5,76.72,76.72,10,time_exit,25.82899,0.00091,2.28268,0.50764,tokyo,2019
AUDUSD,-1,2019-06-04 07:00:00,2019-06-04 08:00:00,0.69752,0.69868,0.69868,0.69519,0.7233,-11.6,-84.25,-84.25,1,stop_loss,33.92006,0.00078,3.21333,2.78582,tokyo,2019
AUDUSD,-1,2019-06-07 05:00:00,2019-06-07 15:00:00,0.69784,0.69897,0.69897,0.69559,0.741,-11.3,-83.4,-83.41,10,stop_loss,21.48276,0.00075,0.09899,2.97237,tokyo,2019
AUDUSD,-1,2019-06-07 15:00:00,2019-06-07 16:00:00,0.69685,0.69784,0.69784,0.69488,0.8371,-9.9,-82.57,-82.57,1,stop_loss,20.79733,0.00066,-1.05171,2.83464,london,2019
AUDUSD,-1,2019-06-10 02:00:00,2019-06-10 08:00:00,0.69947,0.69682,0.7008,0.69682,0.6158,26.5,163.48,163.48,6,take_profit,35.47751,0.00088,1.10485,2.6454,tokyo,2019
AUDUSD,1,2019-06-10 23:00:00,2019-06-11 08:00:00,0.69612,0.695,0.695,0.69836,0.744,-11.2,-83.38,-83.38,9,stop_loss,21.46615,0.00075,-1.86239,1.63062,,2019
AUDUSD,1,2019-06-13 01:00:00,2019-06-13 04:00:00,0.69317,0.69218,0.69218,0.69515,0.8343,-9.9,-82.55,-82.55,3,stop_loss,21.25204,0.00066,-2.93332,-1.07692,tokyo,2019
AUDUSD,-1,2019-06-13 20:00:00,2019-06-14 06:00:00,0.69103,0.68994,0.69207,0.68894,0.7821,10.9,85.25,85.25,10,time_exit,24.54507,0.0007,-2.93422,-2.82999,new_york,2019
AUDUSD,-1,2019-06-17 01:00:00,2019-06-17 05:00:00,0.6872,0.68832,0.68832,0.68496,0.7364,-11.2,-82.58,-82.58,4,stop_loss,32.66805,0.00075,-3.96386,-4.57425,tokyo,2019
AUDUSD,-1,2019-06-17 16:00:00,2019-06-18 02:00:00,0.6866,0.68516,0.68753,0.68473,0.8748,14.4,125.97,125.97,10,time_exit,24.44353,0.00062,-3.73747,-6.10737,new_york,2019
AUDUSD,-1,2019-06-24 01:00:00,2019-06-24 02:00:00,0.69303,0.69433,0.69433,0.69042,0.637,-13.0,-83.01,-83.01,1,stop_loss,24.92481,0.00087,2.02289,0.70676,tokyo,2019
AUDUSD,1,2019-06-24 22:00:00,2019-06-25 03:00:00,0.69663,0.69548,0.69548,0.69893,0.7144,-11.5,-82.17,-82.17,5,stop_loss,35.54139,0.00077,3.83705,2.72798,,2019
AUDUSD,1,2019-06-25 08:00:00,2019-06-25 18:00:00,0.69612,0.69743,0.6949,0.69855,0.6686,13.1,87.59,87.58,10,time_exit,26.72284,0.00081,1.99978,3.05902,tokyo,2019
AUDUSD,-1,2019-06-26 02:00:00,2019-06-26 09:00:00,0.69574,0.69713,0.69713,0.69296,0.5925,-13.9,-82.24,-82.24,7,stop_loss,29.31041,0.00093,0.3321,2.9201,tokyo,2019
AUDUSD,-1,2019-06-26 19:00:00,2019-06-27 05:00:00,0.69899,0.69953,0.70038,0.69621,0.5862,-5.4,-31.65,-31.66,10,time_exit,28.07408,0.00093,2.70522,3.25881,new_york,2019
AUDUSD,1,2019-06-27 06:00:00,2019-06-27 16:00:00,0.69953,0.69938,0.69845,0.7017,0.7478,-1.5,-11.22,-11.22,10,time_exit,31.71799,0.00072,3.00466,4.59668,tokyo,2019
AUDUSD,-1,2019-07-01 10:00:00,2019-07-01 17:00:00,0.69928,0.69693,0.70046,0.69693,0.6888,23.5,161.96,161.96,7,take_profit,27.05026,0.00078,-1.42673,4.69129,london,2019
AUDUSD,-1,2019-07-02 02:00:00,2019-07-02 05:00:00,0.69661,0.69768,0.69768,0.69447,0.7721,-10.7,-82.6,-82.6,3,stop_loss,35.43814,0.00071,-3.31029,2.97884,tokyo,2019
AUDUSD,-1,2019-07-02 07:00:00,2019-07-02 08:00:00,0.69751,0.69852,0.69852,0.69549,0.8111,-10.1,-81.78,-81.78,1,stop_loss,30.15055,0.00067,-1.67797,2.65665,tokyo,2019
AUDUSD,-1,2019-07-02 09:00:00,2019-07-02 12:00:00,0.69785,0.6991,0.6991,0.69535,0.648,-12.5,-80.96,-80.96,3,stop_loss,30.3307,0.00083,-0.90775,2.06407,london,2019
AUDUSD,-1,2019-07-03 11:00:00,2019-07-03 12:00:00,0.69931,0.70027,0.70027,0.69739,0.8332,-9.6,-80.15,-80.15,1,stop_loss,11.40253,0.00064,0.44368,2.50492,london,2019
AUDUSD,-1,2019-07-05 03:00:00,2019-07-05 13:00:00,0.70248,0.70157,0.7033,0.70084,0.9651,9.1,87.82,87.82,10,time_exit,14.55052,0.00055,1.1573,4.93836,tokyo,2019
AUDUSD,-1,2019-07-05 18:00:00,2019-07-08 03:00:00,0.69705,0.69839,0.69839,0.69437,0.5984,-13.4,-80.23,-80.23,9,stop_loss,26.93099,0.00089,-4.92896,2.27561,new_york,2019
AUDUSD,1,2019-07-08 09:00:00,2019-07-08 17:00:00,0.69898,0.69798,0.69798,0.70098,0.7926,-10.0,-79.42,-79.42,8,stop_loss,39.19995,0.00067,-1.5191,1.09137,london,2019
AUDUSD,-1,2019-07-09 05:00:00,2019-07-09 10:00:00,0.69639,0.6945,0.69734,0.6945,0.8318,18.9,157.26,157.25,5,take_profit,36.33939,0.00063,-3.5173,-0.53059,tokyo,2019
AUDUSD,-1,2019-07-09 13:00:00,2019-07-09 23:00:00,0.69315,0.69289,0.69424,0.69097,0.7353,2.6,19.12,19.12,10,time_exit,43.91558,0.00073,-6.07313,-1.46077,london,2019
AUDUSD,1,2019-07-10 20:00:00,2019-07-11 06:00:00,0.69654,0.69759,0.69503,0.69956,0.532,10.5,55.86,55.86,10,time_exit,39.09647,0.00101,2.00196,-2.61255,new_york,2019
AUDUSD,1,2019-07-11 18:00:00,2019-07-12 04:00:00,0.69772,0.69886,0.69639,0.70038,0.6093,11.4,69.46,69.46,10,time_exit,31.99132,0.00089,1.80587,-1.15839,new_york,2019
AUDUSD,-1,2019-07-15 07:00:00,2019-07-15 17:00:00,0.7034,0.70288,0.70458,0.70104,0.6909,5.2,35.93,35.92,10,time_exit,33.508,0.00079,4.87185,1.93326,tokyo,2019
AUDUSD,-1,2019-07-16 05:00:00,2019-07-16 15:00:00,0.7036,0.7029,0.70448,0.70183,0.9267,7.0,64.87,64.87,10,time_exit,31.35464,0.00059,2.8973,4.70377,tokyo,2019
AUDUSD,-1,2019-07-17 01:00:00,2019-07-17 04:00:00,0.70105,0.70197,0.70197,0.69921,0.8972,-9.2,-82.65,-82.65,3,stop_loss,23.46528,0.00061,-1.86377,3.9438,tokyo,2019
AUDUSD,-1,2019-07-19 07:00:00,2019-07-19 17:00:00,0.70708,0.70473,0.70849,0.70426,0.5804,23.5,136.39,136.39,10,time_exit,34.88239,0.00094,3.3415,2.93122,tokyo,2019
AUDUSD,1,2019-07-19 20:00:00,2019-07-22 06:00:00,0.70515,0.7037,0.7037,0.70806,0.5721,-14.5,-83.18,-83.18,10,stop_loss,20.17471,0.00097,0.55468,2.97389,new_york,2019
AUDUSD,-1,2019-07-22 13:00:00,2019-07-22 14:00:00,0.70406,0.70519,0.70519,0.70181,0.7307,-11.3,-82.36,-82.36,1,stop_loss,23.4756,0.00075,-0.418,3.01338,london,2019
AUDUSD,-1,2019-07-24 20:00:00,2019-07-25 06:00:00,0.69787,0.69713,0.69896,0.69569,0.7477,7.4,55.33,55.33,10,time_exit,31.4705,0.00073,-3.25565,-1.761,new_york,2019
AUDUSD,1,2019-07-25 06:00:00,2019-07-25 07:00:00,0.69809,0.69719,0.69719,0.69989,0.9111,-9.0,-82.09,-82.09,1,stop_loss,22.68721,0.0006,-2.24549,-2.8709,tokyo,2019
AUDUSD,-1,2019-07-26 00:00:00,2019-07-26 10:00:00,0.6951,0.69308,0.69632,0.69266,0.6672,20.2,134.77,134.77,10,time_exit,33.52646,0.00081,-2.92236,-3.30167,tokyo,2019
AUDUSD,-1,2019-07-26 14:00:00,2019-07-26 18:00:00,0.69268,0.69071,0.69366,0.69071,0.8405,19.7,165.23,165.22,4,take_profit,37.26928,0.00066,-5.21243,-5.2181,london,2019
AUDUSD,-1,2019-07-29 03:00:00,2019-07-29 04:00:00,0.69056,0.69146,0.69146,0.68875,0.9314,-9.0,-84.26,-84.27,1,stop_loss,55.08188,0.0006,-5.80821,-7.3444,tokyo,2019
AUDUSD,1,2019-07-29 15:00:00,2019-07-30 01:00:00,0.69011,0.69029,0.68929,0.69175,1.0194,1.8,18.35,18.35,10,time_exit,49.44177,0.00055,-4.89115,-8.86155,london,2019
AUDUSD,1,2019-07-30 15:00:00,2019-07-30 16:00:00,0.68861,0.68769,0.68769,0.69044,0.9115,-9.2,-83.6,-83.6,1,stop_loss,41.66841,0.00061,-3.76548,-8.23756,london,2019
AUDUSD,1,2019-08-01 05:00:00,2019-08-01 15:00:00,0.68489,0.68354,0.68303,0.68862,0.444,-13.5,-59.94,-59.94,10,time_exit,35.50908,0.00124,-2.43344,-4.30269,tokyo,2019
AUDUSD,-1,2019-08-02 21:00:00,2019-08-05 04:00:00,0.67949,0.67576,0.68136,0.67576,0.4403,37.3,164.33,164.33,7,take_profit,35.14862,0.00124,-2.36891,-5.63546,new_york,2019
AUDUSD,1,2019-08-05 07:00:00,2019-08-05 10:00:00,0.67835,0.67616,0.67616,0.68274,0.382,-21.9,-83.82,-83.83,3,stop_loss,37.72738,0.00146,-1.98862,-4.90815,tokyo,2019
AUDUSD,1,2019-08-06 15:00:00,2019-08-06 17:00:00,0.67927,0.67754,0.67754,0.68272,0.4807,-17.3,-82.98,-82.98,2,stop_loss,26.67791,0.00115,0.51379,-5.86928,london,2019
AUDUSD,1,2019-08-07 05:00:00,2019-08-07 06:00:00,0.67811,0.67662,0.67662,0.68109,0.5508,-14.9,-82.14,-82.14,1,stop_loss,20.67837,0.00099,0.3057,-6.51391,tokyo,2019
AUDUSD,1,2019-08-07 09:00:00,2019-08-07 19:00:00,0.67163,0.67638,0.66925,0.67638,0.3421,47.5,162.64,162.64,10,take_profit,27.07296,0.00158,-3.26609,-4.39947,london,2019
AUDUSD,1,2019-08-08 06:00:00,2019-08-08 16:00:00,0.67771,0.68071,0.67565,0.68182,0.4036,30.0,121.08,121.08,10,time_exit,15.25146,0.00137,1.2528,-4.47103,tokyo,2019
AUDUSD,1,2019-08-08 16:00:00,2019-08-09 02:00:00,0.67896,0.68107,0.67731,0.68226,0.5101,21.1,107.63,107.63,10,time_exit,24.0417,0.0011,2.08454,-4.60568,new_york,2019
AUDUSD,1,2019-08-12 14:00:00,2019-08-13 00:00:00,0.67519,0.67497,0.67379,0.67799,0.6086,-2.2,-13.39,-13.39,10,time_exit,25.90193,0.00093,-3.58906,-2.50489,london,2019
AUDUSD,1,2019-08-14 20:00:00,2019-08-15 04:00:00,0.67422,0.67768,0.67249,0.67768,0.4923,34.6,170.19,170.19,8,take_profit,32.25418,0.00115,-2.59111,-1.77157,new_york,2019
AUDUSD,1,2019-08-19 14:00:00,2019-08-19 21:00:00,0.67768,0.67654,0.67654,0.67996,0.7619,-11.4,-86.81,-86.81,7,stop_loss,11.31979,0.00076,-0.24482,-0.85992,london,2019
AUDUSD,1,2019-08-20 08:00:00,2019-08-20 12:00:00,0.67844,0.67737,0.67737,0.68059,0.8005,-10.7,-85.94,-85.94,4,stop_loss,21.26347,0.00072,1.39956,-1.16727,tokyo,2019
AUDUSD,1,2019-08-22 03:00:00,2019-08-22 04:00:00,0.67842,0.6774,0.6774,0.68046,0.8344,-10.2,-85.07,-85.08,1,stop_loss,23.09902,0.00068,0.31612,-0.09051,tokyo,2019
AUDUSD,-1,2019-08-23 03:00:00,2019-08-23 13:00:00,0.67557,0.67554,0.6766,0.6735,0.8153,0.3,2.45,2.44,10,time_exit,26.89308,0.00069,-2.11914,-1.22797,tokyo,2019
AUDUSD,-1,2019-08-23 22:00:00,2019-08-26 01:00:00,0.67523,0.67204,0.67683,0.67204,0.5277,31.9,168.49,168.49,3,take_profit,25.67712,0.00106,-0.88031,-1.2108,,2019
AUDUSD,-1,2019-08-27 19:00:00,2019-08-28 05:00:00,0.6757,0.67413,0.67709,0.67293,0.6198,15.7,97.31,97.31,10,time_exit,13.68233,0.00092,-0.41464,-0.83353,new_york,2019
AUDUSD,-1,2019-08-29 21:00:00,2019-08-30 04:00:00,0.67328,0.67091,0.67447,0.67091,0.7329,23.7,173.82,173.82,7,take_profit,15.61105,0.00079,-1.1117,-2.012,new_york,2019
AUDUSD,1,2019-09-02 06:00:00,2019-09-02 13:00:00,0.67278,0.67143,0.67143,0.67548,0.6565,-13.5,-88.65,-88.65,7,stop_loss,11.41385,0.0009,-0.23828,-2.04416,tokyo,2019
AUDUSD,1,2019-09-02 15:00:00,2019-09-03 01:00:00,0.6716,0.67134,0.67042,0.67395,0.7466,-2.6,-19.41,-19.41,10,time_exit,14.29084,0.00078,-1.55121,-2.33132,london,2019
AUDUSD,-1,2019-09-03 03:00:00,2019-09-03 05:00:00,0.67115,0.66915,0.67215,0.66915,0.877,20.0,175.14,175.14,2,take_profit,10.5986,0.00067,-1.78024,-2.93345,tokyo,2019
AUDUSD,-1,2019-09-09 16:00:00,2019-09-10 02:00:00,0.68691,0.68639,0.68808,0.68457,0.7618,5.2,39.61,39.61,10,time_exit,27.45244,0.00078,3.92178,6.17875,new_york,2019
AUDUSD,1,2019-09-10 09:00:00,2019-09-10 16:00:00,0.68596,0.68495,0.68495,0.68798,0.8903,-10.1,-89.71,-89.71,7,stop_loss,22.5512,0.00067,1.39428,7.24696,london,2019
AUDUSD,-1,2019-09-10 23:00:00,2019-09-11 07:00:00,0.68611,0.68724,0.68724,0.68385,0.7874,-11.3,-88.82,-88.82,8,stop_loss,13.53145,0.00075,0.82795,6.04985,,2019
AUDUSD,-1,2019-09-11 21:00:00,2019-09-12 02:00:00,0.68603,0.68708,0.68708,0.68394,0.8414,-10.5,-87.93,-87.94,5,stop_loss,13.51448,0.0007,0.12365,5.68468,new_york,2019
AUDUSD,-1,2019-09-12 02:00:00,2019-09-12 03:00:00,0.68612,0.68699,0.68699,0.68438,1.0026,-8.7,-87.05,-87.05,1,stop_loss,10.49011,0.00058,0.22501,6.56711,tokyo,2019
AUDUSD,1,2019-09-12 12:00:00,2019-09-12 15:00:00,0.68811,0.68709,0.68709,0.69016,0.8418,-10.2,-86.18,-86.18,3,stop_loss,25.57829,0.00068,2.18549,5.69962,london,2019
AUDUSD,1,2019-09-12 21:00:00,2019-09-12 22:00:00,0.6874,0.68605,0.68605,0.69011,0.63,-13.5,-85.32,-85.33,1,stop_loss,24.64664,0.0009,0.57779,4.1417,new_york,2019
AUDUSD,1,2019-09-13 14:00:00,2019-09-16 00:00:00,0.68753,0.6865,0.6865,0.68959,0.8189,-10.3,-84.46,-84.46,10,stop_loss,19.56173,0.00069,0.84697,4.67027,london,2019
AUDUSD,1,2019-09-17 00:00:00,2019-09-17 04:00:00,0.6864,0.68534,0.68534,0.68852,0.7899,-10.6,-83.62,-83.62,4,stop_loss,20.86366,0.00071,-0.79317,3.30147,tokyo,2019
AUDUSD,-1,2019-09-17 17:00:00,2019-09-17 18:00:00,0.68451,0.68582,0.68582,0.68188,0.6306,-13.1,-82.78,-82.78,1,stop_loss,31.49886,0.00088,-1.41736,1.18176,new_york,2019
AUDUSD,-1,2019-09-19 09:00:00,2019-09-19 19:00:00,0.67893,0.68024,0.68045,0.67589,0.5388,-13.1,-70.58,-70.58,10,time_exit,38.32735,0.00101,-4.4853,-0.87548,london,2019
AUDUSD,-1,2019-09-19 20:00:00,2019-09-20 06:00:00,0.68024,0.67963,0.68162,0.67748,0.589,6.1,35.93,35.93,10,time_exit,41.83173,0.00092,-1.98648,-1.94564,new_york,2019
AUDUSD,1,2019-09-20 07:00:00,2019-09-20 15:00:00,0.67964,0.67839,0.67839,0.68214,0.6527,-12.5,-81.61,-81.61,8,stop_loss,36.8606,0.00083,-1.74981,-2.75815,tokyo,2019
AUDUSD,-1,2019-09-23 03:00:00,2019-09-23 06:00:00,0.67685,0.67792,0.67792,0.67472,0.7574,-10.7,-80.79,-80.8,3,stop_loss,37.40492,0.00071,-3.37748,-4.44553,tokyo,2019
AUDUSD,1,2019-09-23 22:00:00,2019-09-24 08:00:00,0.67701,0.67802,0.67614,0.67876,0.9156,10.1,92.48,92.47,10,time_exit,21.96277,0.00058,-1.93038,-5.79199,,2019
AUDUSD,1,2019-09-25 02:00:00,2019-09-25 03:00:00,0.6801,0.67902,0.67902,0.68226,0.7475,-10.8,-80.91,-80.91,1,stop_loss,38.7084,0.00072,2.05145,-3.00983,tokyo,2019
AUDUSD,1,2019-09-27 12:00:00,2019-09-27 13:00:00,0.67615,0.67506,0.67506,0.67833,0.7355,-10.9,-80.1,-80.1,1,stop_loss,11.64419,0.00073,0.13188,-3.6419,london,2019
AUDUSD,1,2019-09-27 23:00:00,2019-09-30 08:00:00,0.67637,0.67509,0.67509,0.67893,0.6196,-12.8,-79.29,-79.3,9,stop_loss,9.5648,0.00085,0.32435,-2.73422,,2019
AUDUSD,-1,2019-10-02 06:00:00,2019-10-02 11:00:00,0.67162,0.66889,0.67298,0.66889,0.5756,27.3,157.01,157.01,5,take_profit,9.69575,0.00091,-0.78503,-4.09427,tokyo,2019
AUDUSD,-1,2019-10-04 00:00:00,2019-10-04 03:00:00,0.67412,0.67537,0.67537,0.67161,0.6384,-12.5,-80.08,-80.08,3,stop_loss,30.07447,0.00084,2.44348,-2.8547,tokyo,2019
AUDUSD,1,2019-10-07 01:00:00,2019-10-07 06:00:00,0.67608,0.67485,0.67485,0.67854,0.6442,-12.3,-79.27,-79.28,5,stop_loss,26.09019,0.00082,1.86044,-0.27119,tokyo,2019
AUDUSD,1,2019-10-07 10:00:00,2019-10-07 11:00:00,0.67506,0.67402,0.67402,0.67715,0.7527,-10.4,-78.48,-78.49,1,stop_loss,25.38534,0.0007,0.34597,-0.02349,london,2019
AUDUSD,-1,2019-10-09 01:00:00,2019-10-09 05:00:00,0.67283,0.67398,0.67398,0.67053,0.6753,-11.5,-77.69,-77.7,4,stop_loss,29.14992,0.00077,-1.5228,-0.68601,tokyo,2019
AUDUSD,1,2019-10-10 04:00:00,2019-10-10 05:00:00,0.67163,0.67393,0.67048,0.67393,0.6686,23.0,153.83,153.83,1,take_profit,26.80609,0.00077,-2.29501,-1.078,tokyo,2019
AUDUSD,-1,2019-10-11 06:00:00,2019-10-11 11:00:00,0.67769,0.67901,0.67901,0.67506,0.5961,-13.2,-78.46,-78.47,5,stop_loss,22.13805,0.00088,2.89008,0.61505,tokyo,2019
AUDUSD,1,2019-10-11 12:00:00,2019-10-11 22:00:00,0.67923,0.67922,0.67796,0.68177,0.6107,-0.1,-0.61,-0.61,10,time_exit,25.97273,0.00085,4.04834,1.15294,london,2019
AUDUSD,1,2019-10-16 08:00:00,2019-10-16 18:00:00,0.67322,0.67545,0.67192,0.67581,0.5993,22.3,133.64,133.64,10,time_exit,28.58379,0.00086,-3.16313,0.16902,tokyo,2019
AUDUSD,1,2019-10-16 21:00:00,2019-10-17 03:00:00,0.67587,0.67884,0.67439,0.67884,0.5324,29.7,158.0,158.0,6,take_profit,27.63431,0.00099,0.61531,-0.34999,new_york,2019
AUDUSD,1,2019-10-18 09:00:00,2019-10-18 19:00:00,0.68288,0.68478,0.68153,0.68558,0.5959,19.0,113.22,113.22,10,time_exit,36.5327,0.0009,3.253,3.09008,london,2019
AUDUSD,-1,2019-10-21 07:00:00,2019-10-21 11:00:00,0.6863,0.68743,0.68743,0.68403,0.7209,-11.3,-81.72,-81.72,4,stop_loss,35.44224,0.00076,4.51133,5.57816,tokyo,2019
AUDUSD,-1,2019-10-21 11:00:00,2019-10-21 21:00:00,0.68688,0.68645,0.68803,0.68458,0.702,4.3,30.19,30.18,10,time_exit,35.66505,0.00077,4.53335,5.7566,london,2019
AUDUSD,1,2019-10-22 10:00:00,2019-10-22 11:00:00,0.68728,0.68623,0.68623,0.68937,0.776,-10.5,-81.21,-81.21,1,stop_loss,25.22262,0.0007,2.38541,7.13038,london,2019
AUDUSD,-1,2019-10-24 20:00:00,2019-10-25 06:00:00,0.68201,0.68181,0.68329,0.67945,0.6274,2.0,12.55,12.55,10,time_exit,20.30346,0.00085,-2.69213,2.25897,new_york,2019
AUDUSD,-1,2019-10-28 08:00:00,2019-10-28 11:00:00,0.68131,0.68218,0.68218,0.67957,0.9244,-8.7,-80.51,-80.51,3,stop_loss,14.59528,0.00058,-2.27221,0.5517,tokyo,2019
AUDUSD,-1,2019-10-29 00:00:00,2019-10-29 05:00:00,0.68377,0.68475,0.68475,0.68181,0.8154,-9.8,-79.71,-79.71,5,stop_loss,28.46228,0.00065,1.42062,0.69961,tokyo,2019
AUDUSD,-1,2019-10-31 04:00:00,2019-10-31 14:00:00,0.69175,0.68945,0.69323,0.68879,0.5323,23.0,122.43,122.43,10,time_exit,26.10532,0.00099,5.10676,2.60066,tokyo,2019
AUDUSD,-1,2019-11-01 22:00:00,2019-11-04 04:00:00,0.69081,0.6922,0.6922,0.68802,0.5754,-13.9,-80.14,-80.14,6,stop_loss,12.43873,0.00093,1.20336,3.69329,,2019
AUDUSD,-1,2019-11-04 19:00:00,2019-11-05 05:00:00,0.68976,0.69022,0.69092,0.68744,0.685,-4.6,-31.51,-31.51,10,time_exit,16.03675,0.00077,-0.96023,4.27887,new_york,2019
AUDUSD,-1,2019-11-06 06:00:00,2019-11-06 16:00:00,0.68966,0.6892,0.69087,0.68723,0.6511,4.6,29.95,29.95,10,time_exit,19.16656,0.00081,-0.30073,2.43985,tokyo,2019
AUDUSD,1,2019-11-07 23:00:00,2019-11-08 03:00:00,0.68997,0.68835,0.68835,0.69322,0.4884,-16.2,-79.32,-79.32,4,stop_loss,19.87252,0.00108,0.66652,0.88278,,2019
AUDUSD,-1,2019-11-08 11:00:00,2019-11-08 16:00:00,0.68807,0.68543,0.68939,0.68543,0.5945,26.4,157.05,157.05,5,take_profit,10.54393,0.00088,-1.02257,0.72652,london,2019
AUDUSD,1,2019-11-11 12:00:00,2019-11-11 14:00:00,0.68613,0.68508,0.68508,0.68823,0.7627,-10.5,-80.1,-80.1,2,stop_loss,22.07144,0.0007,-1.13175,-1.19314,london,2019
AUDUSD,-1,2019-11-12 00:00:00,2019-11-12 10:00:00,0.68498,0.68421,0.68588,0.68317,0.8763,7.7,67.48,67.47,10,time_exit,20.61191,0.0006,-2.09734,-1.95051,tokyo,2019
AUDUSD,1,2019-11-13 13:00:00,2019-11-13 23:00:00,0.68263,0.68377,0.6814,0.68509,0.6515,11.4,74.27,74.27,10,time_exit,17.887,0.00082,-2.42442,-2.27103,london,2019
AUDUSD,-1,2019-11-14 20:00:00,2019-11-15 02:00:00,0.6783,0.67958,0.67958,0.67575,0.6325,-12.8,-80.72,-80.72,6,stop_loss,46.43879,0.00085,-3.71256,-4.07497,new_york,2019
AUDUSD,1,2019-11-15 15:00:00,2019-11-18 01:00:00,0.68002,0.68149,0.67887,0.68231,0.6965,14.7,102.39,102.38,10,time_exit,23.38677,0.00076,-0.2572,-4.8444,london,2019
AUDUSD,1,2019-11-18 03:00:00,2019-11-18 07:00:00,0.68183,0.68081,0.68081,0.68386,0.7968,-10.2,-80.93,-80.93,4,stop_loss,28.68755,0.00068,1.7326,-4.38995,tokyo,2019
AUDUSD,-1,2019-11-18 10:00:00,2019-11-18 20:00:00,0.68131,0.68145,0.68228,0.67936,0.8223,-1.4,-11.51,-11.51,10,time_exit,22.1781,0.00065,0.72921,-4.06793,london,2019
AUDUSD,1,2019-11-19 03:00:00,2019-11-19 11:00:00,0.67885,0.68111,0.67772,0.68111,0.708,22.6,160.01,160.01,8,take_profit,15.75466,0.00075,-2.66906,-2.93787,tokyo,2019
AUDUSD,1,2019-11-20 05:00:00,2019-11-20 10:00:00,0.68188,0.68078,0.68078,0.68407,0.7441,-11.0,-81.6,-81.61,5,stop_loss,24.27955,0.00073,0.54766,-1.73545,tokyo,2019
AUDUSD,1,2019-11-22 06:00:00,2019-11-22 16:00:00,0.67871,0.67878,0.67781,0.68051,0.8976,0.7,6.28,6.28,10,time_exit,23.6685,0.0006,-1.93217,-2.95281,tokyo,2019
AUDUSD,1,2019-11-22 17:00:00,2019-11-25 03:00:00,0.67876,0.67977,0.67773,0.68081,0.7881,10.1,79.6,79.6,10,time_exit,21.57267,0.00068,-1.11806,-2.65513,new_york,2019
AUDUSD,1,2019-11-25 13:00:00,2019-11-25 15:00:00,0.67887,0.67805,0.67805,0.6805,1.0013,-8.2,-81.65,-81.65,2,stop_loss,17.4822,0.00054,-0.77538,-3.02999,london,2019
AUDUSD,-1,2019-11-26 09:00:00,2019-11-26 11:00:00,0.67841,0.67932,0.67932,0.67658,0.8843,-9.1,-80.83,-80.83,2,stop_loss,22.19267,0.00061,-0.12867,-3.08217,london,2019
AUDUSD,1,2019-11-26 15:00:00,2019-11-27 01:00:00,0.67809,0.67868,0.67704,0.68019,0.7619,5.9,44.95,44.95,10,time_exit,26.80292,0.0007,-0.40772,-2.66378,london,2019
AUDUSD,-1,2019-11-27 15:00:00,2019-11-28 01:00:00,0.67886,0.67711,0.67973,0.67711,0.9211,17.5,160.95,160.95,10,take_profit,18.03851,0.00058,0.8566,-2.52823,london,2019
AUDUSD,-1,2019-11-29 00:00:00,2019-11-29 06:00:00,0.67676,0.67743,0.67743,0.67543,1.2334,-6.7,-82.08,-82.08,6,stop_loss,23.21426,0.00044,-1.00213,-3.91698,tokyo,2019
AUDUSD,-1,2019-11-29 12:00:00,2019-11-29 16:00:00,0.6777,0.6763,0.6784,0.6763,1.1577,14.0,162.52,162.52,4,take_profit,19.99863,0.00047,0.88148,-3.30912,london,2019
AUDUSD,-1,2019-12-02 01:00:00,2019-12-02 03:00:00,0.67644,0.67731,0.67731,0.67471,0.9566,-8.7,-82.88,-82.89,2,stop_loss,31.55139,0.00058,-0.94953,-2.72431,tokyo,2019
AUDUSD,-1,2019-12-02 20:00:00,2019-12-03 05:00:00,0.68158,0.68262,0.68262,0.67949,0.7868,-10.4,-82.06,-82.06,9,stop_loss,38.74478,0.0007,5.17014,-0.84277,new_york,2019
AUDUSD,1,2019-12-04 08:00:00,2019-12-04 15:00:00,0.68229,0.68452,0.68117,0.68452,0.7282,22.3,162.49,162.48,7,take_profit,27.71149,0.00074,-0.11426,3.03724,tokyo,2019
AUDUSD,-1,2019-12-06 21:00:00,2019-12-09 07:00:00,0.68368,0.68331,0.68475,0.68153,0.7726,3.7,28.59,28.58,10,time_exit,20.50998,0.00072,-0.04709,2.68003,new_york,2019
AUDUSD,-1,2019-12-09 11:00:00,2019-12-09 17:00:00,0.68238,0.68324,0.68324,0.68065,0.9623,-8.6,-83.15,-83.15,6,stop_loss,17.01591,0.00058,-2.03748,2.66501,london,2019
AUDUSD,-1,2019-12-10 00:00:00,2019-12-10 04:00:00,0.68229,0.68311,0.68311,0.68065,1.0017,-8.2,-82.32,-82.32,4,stop_loss,14.59125,0.00055,-1.84326,2.08867,tokyo,2019
AUDUSD,1,2019-12-12 19:00:00,2019-12-13 00:00:00,0.68958,0.69203,0.68835,0.69203,0.664,24.5,163.0,162.99,5,take_profit,51.58819,0.00082,4.07843,3.39081,new_york,2019
AUDUSD,1,2019-12-13 10:00:00,2019-12-13 15:00:00,0.69234,0.69091,0.69091,0.69519,0.583,-14.3,-83.13,-83.13,5,stop_loss,50.15035,0.00095,3.79393,4.33396,london,2019
AUDUSD,1,2019-12-13 15:00:00,2019-12-13 16:00:00,0.691,0.68964,0.68964,0.69371,0.607,-13.6,-82.29,-82.29,1,stop_loss,40.331,0.0009,1.94308,4.74793,london,2019
AUDUSD,1,2019-12-17 16:00:00,2019-12-18 02:00:00,0.68406,0.68494,0.68284,0.6865,0.6674,8.8,58.73,58.73,10,time_exit,37.7357,0.00081,-3.99341,1.75589,new_york,2019
AUDUSD,-1,2019-12-23 14:00:00,2019-12-24 00:00:00,0.69275,0.69152,0.69383,0.69058,0.7579,12.3,93.22,93.22,10,time_exit,26.98391,0.00072,4.24704,3.21945,london,2019
AUDUSD,1,2019-12-24 06:00:00,2019-12-24 16:00:00,0.69156,0.69192,0.69041,0.69386,0.7229,3.6,26.02,26.02,10,time_exit,15.68118,0.00077,1.13547,3.49359,tokyo,2019
AUDUSD,-1,2019-12-26 14:00:00,2019-12-26 15:00:00,0.69228,0.69293,0.69293,0.69099,1.2864,-6.5,-83.25,-83.25,1,stop_loss,13.88709,0.00043,0.98894,6.38946,london,2019
AUDUSD,-1,2019-12-27 22:00:00,2019-12-30 05:00:00,0.69863,0.69976,0.69976,0.69636,0.7274,-11.3,-82.42,-82.42,7,stop_loss,40.47077,0.00076,5.00635,5.25732,,2019
AUDUSD,1,2019-12-31 11:00:00,2019-12-31 15:00:00,0.70059,0.70235,0.69971,0.70235,0.9262,17.6,163.19,163.19,4,take_profit,23.96673,0.00059,3.1874,8.73783,london,2019
AUDUSD,-1,2019-12-31 20:00:00,2020-01-02 06:00:00,0.70241,0.70044,0.70339,0.70044,0.845,19.7,166.45,166.45,7,take_profit,36.98734,0.00066,4.10642,8.24503,new_york,2019
AUDUSD,1,2020-01-03 01:00:00,2020-01-03 04:00:00,0.69827,0.69697,0.69697,0.70087,0.652,-13.0,-84.89,-84.89,3,stop_loss,25.29899,0.00087,-1.51986,4.64952,tokyo,2020
AUDUSD,-1,2020-01-03 20:00:00,2020-01-06 01:00:00,0.69629,0.69342,0.69773,0.69342,0.5847,28.7,168.09,168.09,5,take_profit,33.60868,0.00096,-1.20549,1.95608,new_york,2020
AUDUSD,-1,2020-01-07 14:00:00,2020-01-08 00:00:00,0.68764,0.68676,0.68933,0.68427,0.508,8.8,44.7,44.7,10,time_exit,40.4411,0.00112,-5.22169,-1.11353,london,2020
AUDUSD,-1,2020-01-09 21:00:00,2020-01-10 02:00:00,0.68526,0.6865,0.6865,0.68279,0.6974,-12.4,-86.16,-86.16,5,stop_loss,22.29751,0.00082,-2.49172,-4.89716,new_york,2020
AUDUSD,1,2020-01-10 23:00:00,2020-01-13 09:00:00,0.6906,0.69148,0.68921,0.69337,0.6152,8.8,54.14,54.14,10,time_exit,43.44658,0.00092,2.89102,-2.83734,,2020
AUDUSD,1,2020-01-13 19:00:00,2020-01-14 03:00:00,0.69104,0.68971,0.68971,0.69371,0.6438,-13.3,-85.85,-85.85,8,stop_loss,29.48749,0.00089,1.78477,-1.2665,new_york,2020
AUDUSD,-1,2020-01-16 13:00:00,2020-01-16 15:00:00,0.692,0.69309,0.69309,0.68982,0.7793,-10.9,-84.99,-84.99,2,stop_loss,12.70516,0.00073,2.27807,-0.08995,london,2020
AUDUSD,1,2020-01-17 11:00:00,2020-01-17 13:00:00,0.69059,0.68948,0.68948,0.69281,0.7593,-11.1,-84.14,-84.15,2,stop_loss,14.24144,0.00074,0.5912,-0.2613,london,2020
AUDUSD,1,2020-01-20 21:00:00,2020-01-21 03:00:00,0.68708,0.68613,0.68613,0.68897,0.8802,-9.5,-83.3,-83.3,6,stop_loss,35.93,0.00063,-1.72116,-2.2446,new_york,2020
AUDUSD,-1,2020-01-22 06:00:00,2020-01-22 15:00:00,0.68416,0.68535,0.68535,0.68178,0.6944,-11.9,-82.46,-82.47,9,stop_loss,30.78153,0.00079,-2.39861,-3.02909,tokyo,2020
AUDUSD,1,2020-01-22 23:00:00,2020-01-23 02:00:00,0.6843,0.6864,0.68325,0.6864,0.7769,21.0,163.28,163.28,3,take_profit,22.10193,0.0007,-1.19476,-3.78747,,2020
AUDUSD,-1,2020-01-23 18:00:00,2020-01-24 04:00:00,0.68473,0.68468,0.68604,0.68211,0.635,0.5,3.17,3.17,10,time_exit,25.85756,0.00087,-1.23901,-1.98753,new_york,2020
AUDUSD,-1,2020-01-24 08:00:00,2020-01-24 17:00:00,0.68464,0.68232,0.6858,0.68232,0.7187,23.2,166.61,166.6,9,take_profit,16.71868,0.00077,-0.74746,-2.48483,tokyo,2020
AUDUSD,1,2020-01-29 18:00:00,2020-01-30 04:00:00,0.67404,0.67353,0.67276,0.67659,0.6662,-5.1,-33.98,-33.98,10,time_exit,33.48829,0.00085,-2.83168,-6.1073,new_york,2020
AUDUSD,-1,2020-02-03 22:00:00,2020-02-04 05:00:00,0.66878,0.67017,0.67017,0.666,0.6084,-13.9,-84.62,-84.63,7,stop_loss,12.17051,0.00093,-1.6619,-6.00718,,2020
AUDUSD,1,2020-02-05 08:00:00,2020-02-05 10:00:00,0.67366,0.67628,0.67235,0.67628,0.6399,26.2,167.57,167.57,2,take_profit,35.741,0.00087,1.89418,-3.21761,tokyo,2020
AUDUSD,1,2020-02-05 14:00:00,2020-02-05 17:00:00,0.67577,0.67419,0.67419,0.67893,0.5414,-15.8,-85.45,-85.46,3,stop_loss,40.05375,0.00105,2.84237,-1.9773,london,2020
AUDUSD,-1,2020-02-06 13:00:00,2020-02-06 14:00:00,0.6743,0.67564,0.67564,0.67162,0.6311,-13.4,-84.61,-84.61,1,stop_loss,21.6258,0.00089,0.16575,-0.84497,london,2020
AUDUSD,-1,2020-02-07 02:00:00,2020-02-07 09:00:00,0.67312,0.67083,0.67426,0.67083,0.7326,22.9,167.52,167.52,7,take_profit,23.67096,0.00076,-1.1331,-1.02866,tokyo,2020
AUDUSD,1,2020-02-10 09:00:00,2020-02-10 10:00:00,0.67044,0.66897,0.66897,0.67339,0.5797,-14.7,-85.43,-85.43,1,stop_loss,31.8606,0.00098,-0.0385,-2.86115,london,2020
AUDUSD,1,2020-02-11 08:00:00,2020-02-11 15:00:00,0.6715,0.67022,0.67022,0.67405,0.6631,-12.8,-84.58,-84.58,7,stop_loss,23.51706,0.00085,2.09401,-3.18339,tokyo,2020
AUDUSD,1,2020-02-11 21:00:00,2020-02-12 04:00:00,0.67085,0.67363,0.66946,0.67363,0.6024,27.8,167.47,167.47,7,take_profit,25.44714,0.00093,0.53378,-2.09842,new_york,2020
AUDUSD,1,2020-02-12 15:00:00,2020-02-12 17:00:00,0.67478,0.67357,0.67357,0.6772,0.705,-12.1,-85.41,-85.41,2,stop_loss,40.08817,0.00081,3.75725,-0.78315,london,2020
AUDUSD,-1,2020-02-14 05:00:00,2020-02-14 15:00:00,0.67299,0.67225,0.67419,0.67059,0.7046,7.4,52.14,52.14,10,time_exit,14.58659,0.0008,0.69311,-0.08743,tokyo,2020
AUDUSD,1,2020-02-17 19:00:00,2020-02-18 01:00:00,0.67194,0.67086,0.67086,0.67409,0.7911,-10.8,-85.08,-85.08,6,stop_loss,14.21422,0.00072,-0.27066,-0.3047,new_york,2020
AUDUSD,1,2020-02-18 11:00:00,2020-02-18 21:00:00,0.66794,0.66857,0.66689,0.67003,0.8051,6.3,50.72,50.72,10,time_exit,34.61347,0.0007,-4.37429,-1.4203,london,2020
AUDUSD,1,2020-02-20 22:00:00,2020-02-21 04:00:00,0.66136,0.6597,0.6597,0.66467,0.5118,-16.6,-84.73,-84.73,6,stop_loss,31.78789,0.0011,-3.94049,-3.43426,,2020
AUDUSD,-1,2020-02-21 20:00:00,2020-02-24 00:00:00,0.66303,0.65975,0.66467,0.65975,0.511,32.8,167.79,167.78,4,take_profit,31.81033,0.00109,0.11368,-4.46387,new_york,2020
AUDUSD,-1,2020-02-24 23:00:00,2020-02-25 03:00:00,0.66011,0.66181,0.66181,0.65671,0.5029,-17.0,-85.57,-85.57,4,stop_loss,18.6565,0.00113,-1.11335,-4.17096,,2020
AUDUSD,-1,2020-02-25 18:00:00,2020-02-26 04:00:00,0.66054,0.66005,0.66212,0.65738,0.5367,4.9,26.3,26.3,10,time_exit,15.96356,0.00105,-0.36027,-4.03735,new_york,2020
AUDUSD,1,2020-02-28 00:00:00,2020-02-28 04:00:00,0.65667,0.65517,0.65517,0.65968,0.5653,-15.0,-84.97,-84.97,4,stop_loss,26.80744,0.001,-0.71938,-4.30766,tokyo,2020
AUDUSD,-1,2020-03-02 09:00:00,2020-03-02 10:00:00,0.65244,0.65568,0.65568,0.64596,0.2596,-32.4,-84.13,-84.13,1,stop_loss,23.34141,0.00216,-0.37328,-2.70424,london,2020
AUDUSD,-1,2020-03-03 04:00:00,2020-03-03 05:00:00,0.65132,0.6542,0.6542,0.64557,0.2896,-28.8,-83.28,-83.29,1,stop_loss,11.80883,0.00192,-1.07149,-2.48241,tokyo,2020
AUDUSD,-1,2020-03-05 08:00:00,2020-03-05 16:00:00,0.66254,0.65912,0.66425,0.65912,0.482,34.2,164.91,164.91,8,take_profit,27.42529,0.00114,2.32847,0.88805,tokyo,2020
AUDUSD,-1,2020-03-06 03:00:00,2020-03-06 10:00:00,0.66107,0.66288,0.66288,0.65746,0.4656,-18.1,-84.09,-84.1,7,stop_loss,20.52694,0.0012,0.50675,0.99758,tokyo,2020
AUDUSD,-1,2020-03-09 06:00:00,2020-03-09 13:00:00,0.6547,0.66127,0.66127,0.64156,0.1267,-65.7,-83.23,-83.23,7,stop_loss,25.82747,0.00438,-1.40362,0.24501,tokyo,2020
AUDUSD,-1,2020-03-10 07:00:00,2020-03-10 17:00:00,0.65779,0.6525,0.6624,0.64857,0.1789,52.9,94.64,94.64,10,time_exit,25.87209,0.00307,-0.60211,0.03298,tokyo,2020
AUDUSD,-1,2020-03-11 05:00:00,2020-03-11 15:00:00,0.65057,0.65191,0.65434,0.64303,0.2211,-13.4,-29.63,-29.63,10,time_exit,27.23649,0.00251,-1.72959,-1.25262,tokyo,2020
AUDUSD,1,2020-03-12 07:00:00,2020-03-12 12:00:00,0.64587,0.64314,0.64314,0.65132,0.3047,-27.3,-83.06,-83.07,5,stop_loss,28.74273,0.00182,-3.07653,-2.61433,tokyo,2020
AUDUSD,1,2020-03-12 19:00:00,2020-03-12 20:00:00,0.62782,0.63573,0.62387,0.63573,0.208,79.1,164.5,164.5,1,take_profit,56.86547,0.00264,-7.1591,-2.89463,new_york,2020
AUDUSD,1,2020-03-16 00:00:00,2020-03-16 01:00:00,0.61393,0.62735,0.60722,0.62735,0.125,134.2,167.74,167.74,1,take_profit,48.31986,0.00447,-3.21791,-3.378,tokyo,2020
AUDUSD,1,2020-03-17 04:00:00,2020-03-17 12:00:00,0.6114,0.60601,0.60601,0.62217,0.1589,-53.9,-85.59,-85.59,8,stop_loss,29.99183,0.00359,-2.34557,-5.42661,tokyo,2020
AUDUSD,1,2020-03-19 04:00:00,2020-03-19 05:00:00,0.57174,0.56531,0.56531,0.5846,0.1317,-64.3,-84.7,-84.7,1,stop_loss,51.92365,0.00429,-5.34141,-6.42079,tokyo,2020
AUDUSD,-1,2020-03-19 16:00:00,2020-03-19 17:00:00,0.5751,0.58527,0.58527,0.55477,0.0825,-101.7,-83.88,-83.88,1,stop_loss,35.66079,0.00678,-1.35254,-4.67204,new_york,2020
AUDUSD,-1,2020-03-19 21:00:00,2020-03-20 07:00:00,0.58062,0.58522,0.59106,0.55974,0.0795,-46.0,-36.57,-36.57,10,time_exit,34.46651,0.00696,-0.50717,-4.33589,new_york,2020
AUDUSD,-1,2020-03-20 15:00:00,2020-03-23 01:00:00,0.589,0.57091,0.59804,0.57091,0.0914,180.9,165.34,165.34,10,take_profit,28.58203,0.00603,0.7406,-4.1074,london,2020
AUDUSD,1,2020-03-23 09:00:00,2020-03-23 19:00:00,0.57695,0.57941,0.56911,0.59264,0.1075,24.6,26.45,26.44,10,time_exit,25.81831,0.00523,-0.84885,-4.38204,london,2020
AUDUSD,-1,2020-03-24 21:00:00,2020-03-24 23:00:00,0.58967,0.59551,0.59551,0.578,0.1449,-58.4,-84.58,-84.58,2,stop_loss,18.98683,0.00389,0.7619,-3.15035,new_york,2020
AUDUSD,-1,2020-03-25 01:00:00,2020-03-25 08:00:00,0.59661,0.602,0.602,0.58584,0.1554,-53.9,-83.7,-83.71,7,stop_loss,17.35868,0.00359,2.45161,-3.04773,tokyo,2020
AUDUSD,-1,2020-03-25 18:00:00,2020-03-26 04:00:00,0.59589,0.58773,0.60103,0.5856,0.1611,81.6,131.46,131.46,10,time_exit,17.54011,0.00343,0.55406,-1.45787,new_york,2020
AUDUSD,-1,2020-03-26 05:00:00,2020-03-26 07:00:00,0.58773,0.59199,0.59199,0.57921,0.1977,-42.6,-84.21,-84.21,2,stop_loss,21.69089,0.00284,-2.11012,-1.65151,tokyo,2020
AUDUSD,-1,2020-03-30 12:00:00,2020-03-30 22:00:00,0.61526,0.61698,0.62043,0.60492,0.1612,-17.2,-27.73,-27.73,10,time_exit,25.08264,0.00345,1.82997,1.85592,london,2020
AUDUSD,-1,2020-03-31 08:00:00,2020-03-31 18:00:00,0.61756,0.61384,0.62241,0.60786,0.1714,37.2,63.76,63.76,10,time_exit,21.98345,0.00323,1.45927,2.43951,tokyo,2020
AUDUSD,-1,2020-04-01 02:00:00,2020-04-01 12:00:00,0.61132,0.60632,0.61661,0.60073,0.1582,50.0,79.1,79.1,10,time_exit,14.47595,0.00353,-0.48563,1.89355,tokyo,2020
AUDUSD,1,2020-04-02 15:00:00,2020-04-02 16:00:00,0.60811,0.60456,0.60456,0.6152,0.2383,-35.5,-84.51,-84.51,1,stop_loss,17.58863,0.00236,-0.67944,1.10304,london,2020
AUDUSD,-1,2020-04-06 02:00:00,2020-04-06 03:00:00,0.60053,0.60355,0.60355,0.59449,0.2773,-30.2,-83.68,-83.69,1,stop_loss,23.91386,0.00201,-1.75184,-0.89871,tokyo,2020
AUDUSD,1,2020-04-06 10:00:00,2020-04-06 17:00:00,0.60276,0.60916,0.59956,0.60916,0.259,64.0,165.66,165.65,7,take_profit,22.29525,0.00213,-0.34856,-0.97091,london,2020
AUDUSD,-1,2020-04-07 08:00:00,2020-04-07 10:00:00,0.61469,0.61791,0.61791,0.60825,0.2624,-32.2,-84.49,-84.49,2,stop_loss,46.76283,0.00215,3.54319,0.3631,tokyo,2020
AUDUSD,1,2020-04-07 15:00:00,2020-04-08 01:00:00,0.61893,0.61649,0.61569,0.6254,0.2586,-24.4,-63.1,-63.1,10,time_exit,58.26981,0.00216,4.32322,1.18769,london,2020
AUDUSD,1,2020-04-09 15:00:00,2020-04-09 16:00:00,0.62304,0.62885,0.62013,0.62885,0.2857,58.1,166.01,166.01,1,take_profit,28.56814,0.00194,2.00793,3.74521,london,2020
AUDUSD,1,2020-04-13 01:00:00,2020-04-13 02:00:00,0.63497,0.63331,0.63331,0.63829,0.5106,-16.6,-84.68,-84.68,1,stop_loss,32.53123,0.00111,4.25023,10.91968,tokyo,2020
AUDUSD,1,2020-04-14 00:00:00,2020-04-14 04:00:00,0.63807,0.64246,0.63588,0.64246,0.3822,43.9,167.65,167.64,4,take_profit,29.42221,0.00146,2.94741,8.25911,tokyo,2020
AUDUSD,-1,2020-04-14 19:00:00,2020-04-14 23:00:00,0.64169,0.6444,0.6444,0.63627,0.3153,-27.1,-85.51,-85.51,4,stop_loss,24.09452,0.00181,2.3086,6.87084,new_york,2020
AUDUSD,1,2020-04-15 15:00:00,2020-04-15 16:00:00,0.63191,0.62909,0.62909,0.63755,0.3001,-28.2,-84.66,-84.66,1,stop_loss,35.90694,0.00188,-3.34302,5.58055,london,2020
AUDUSD,1,2020-04-16 15:00:00,2020-04-17 00:00:00,0.62988,0.63622,0.62671,0.63622,0.2643,63.4,167.58,167.57,9,take_profit,37.55508,0.00211,-1.59091,2.35622,london,2020
AUDUSD,-1,2020-04-17 02:00:00,2020-04-17 12:00:00,0.63554,0.63249,0.63909,0.62843,0.2405,30.5,73.35,73.35,10,time_exit,25.06827,0.00237,1.16272,1.74231,tokyo,2020
AUDUSD,-1,2020-04-17 17:00:00,2020-04-20 03:00:00,0.63723,0.63449,0.64076,0.63018,0.2445,27.4,66.99,66.99,10,time_exit,21.86616,0.00235,1.3877,1.86241,new_york,2020
AUDUSD,-1,2020-04-20 07:00:00,2020-04-20 10:00:00,0.63428,0.63694,0.63694,0.62897,0.3272,-26.6,-86.89,-86.89,3,stop_loss,12.78955,0.00177,-0.11378,2.34718,tokyo,2020
AUDUSD,1,2020-04-20 15:00:00,2020-04-21 01:00:00,0.63541,0.63424,0.63273,0.64078,0.3206,-11.7,-37.51,-37.51,10,time_exit,15.92047,0.00179,0.22555,2.36112,london,2020
AUDUSD,-1,2020-04-21 23:00:00,2020-04-22 05:00:00,0.62955,0.63281,0.63281,0.62303,0.2625,-32.6,-85.62,-85.62,6,stop_loss,22.37603,0.00217,-1.06085,0.41203,,2020
AUDUSD,1,2020-04-22 12:00:00,2020-04-22 17:00:00,0.63404,0.63084,0.63084,0.64044,0.2649,-32.0,-84.8,-84.8,5,stop_loss,26.37892,0.00213,1.20593,0.25011,london,2020
AUDUSD,-1,2020-04-23 01:00:00,2020-04-23 08:00:00,0.63194,0.63426,0.63426,0.62731,0.3622,-23.2,-83.94,-83.94,7,stop_loss,21.70332,0.00154,0.10596,0.43907,tokyo,2020
AUDUSD,1,2020-04-23 10:00:00,2020-04-23 17:00:00,0.63464,0.63996,0.63198,0.63996,0.3124,53.2,166.18,166.17,7,take_profit,19.16943,0.00177,1.64625,0.33178,london,2020
AUDUSD,1,2020-04-24 18:00:00,2020-04-27 04:00:00,0.63768,0.64274,0.63515,0.64274,0.3352,50.6,169.5,169.5,10,take_profit,20.89978,0.00169,1.44662,1.56076,new_york,2020
AUDUSD,-1,2020-04-27 13:00:00,2020-04-27 23:00:00,0.64606,0.64633,0.64832,0.64154,0.3827,-2.7,-10.33,-10.34,10,time_exit,39.82678,0.00151,4.6661,3.19848,london,2020
AUDUSD,-1,2020-04-28 09:00:00,2020-04-28 10:00:00,0.64563,0.64762,0.64762,0.64165,0.4335,-19.9,-86.35,-86.35,1,stop_loss,24.44635,0.00133,2.29619,4.74907,london,2020
AUDUSD,1,2020-04-29 19:00:00,2020-04-30 05:00:00,0.65355,0.65392,0.65148,0.6577,0.4121,3.7,15.25,15.25,10,time_exit,39.40057,0.00138,3.14501,6.27147,new_york,2020
AUDUSD,1,2020-05-01 13:00:00,2020-05-01 18:00:00,0.64457,0.64192,0.64192,0.64987,0.3231,-26.5,-85.64,-85.64,5,stop_loss,34.53825,0.00177,-3.0625,3.24362,london,2020
AUDUSD,-1,2020-05-04 13:00:00,2020-05-04 23:00:00,0.64121,0.64258,0.64385,0.63594,0.3217,-13.7,-44.07,-44.08,10,time_exit,45.42299,0.00176,-1.74112,0.40448,london,2020
AUDUSD,-1,2020-05-05 20:00:00,2020-05-06 06:00:00,0.64498,0.64297,0.64751,0.63993,0.334,20.1,67.13,67.13,10,time_exit,22.70677,0.00168,0.59714,0.26141,new_york,2020
AUDUSD,1,2020-05-06 07:00:00,2020-05-06 17:00:00,0.64297,0.64292,0.64076,0.64739,0.3845,-0.5,-1.92,-1.92,10,time_exit,15.21345,0.00147,-0.59473,0.19698,tokyo,2020
AUDUSD,1,2020-05-08 06:00:00,2020-05-08 11:00:00,0.65384,0.65122,0.65122,0.65907,0.325,-26.2,-85.0,-85.01,5,stop_loss,41.70763,0.00174,4.39261,1.13624,tokyo,2020
AUDUSD,1,2020-05-11 07:00:00,2020-05-11 10:00:00,0.6555,0.6535,0.6535,0.65949,0.4214,-20.0,-84.14,-84.14,3,stop_loss,32.24496,0.00133,3.62417,3.38136,tokyo,2020
AUDUSD,-1,2020-05-12 00:00:00,2020-05-12 03:00:00,0.64888,0.64412,0.65126,0.64412,0.3498,47.6,166.59,166.59,3,take_profit,31.99553,0.00159,-0.84164,2.14169,tokyo,2020
AUDUSD,-1,2020-05-12 18:00:00,2020-05-13 02:00:00,0.65184,0.64622,0.65465,0.64622,0.3026,56.2,169.96,169.96,8,take_profit,25.45002,0.00187,1.28146,1.28444,new_york,2020
AUDUSD,1,2020-05-13 15:00:00,2020-05-13 16:00:00,0.65159,0.64891,0.64891,0.65694,0.324,-26.8,-86.68,-86.68,1,stop_loss,25.54888,0.00178,1.61393,0.82581,london,2020
AUDUSD,-1,2020-05-13 18:00:00,2020-05-14 04:00:00,0.64729,0.64241,0.65025,0.64138,0.2903,48.8,141.67,141.66,10,time_exit,23.83225,0.00197,-0.74361,0.72978,new_york,2020
AUDUSD,1,2020-05-15 10:00:00,2020-05-15 14:00:00,0.64472,0.64239,0.64239,0.64937,0.3749,-23.3,-87.21,-87.21,4,stop_loss,20.52229,0.00155,-0.44041,-0.60068,london,2020
AUDUSD,1,2020-05-19 05:00:00,2020-05-19 15:00:00,0.65254,0.65467,0.65027,0.65708,0.3805,21.3,81.05,81.04,10,time_exit,48.29063,0.00151,3.44324,0.63205,tokyo,2020
AUDUSD,-1,2020-05-20 06:00:00,2020-05-20 12:00:00,0.65435,0.65672,0.65672,0.64962,0.3682,-23.7,-87.16,-87.16,6,stop_loss,31.31658,0.00158,1.52997,2.38293,tokyo,2020
AUDUSD,-1,2020-05-22 09:00:00,2020-05-22 19:00:00,0.65376,0.65283,0.65584,0.64961,0.4154,9.3,38.63,38.63,10,time_exit,16.52672,0.00138,-1.55081,3.09571,london,2020
AUDUSD,-1,2020-05-22 20:00:00,2020-05-25 03:00:00,0.65283,0.65491,0.65491,0.64867,0.4169,-20.8,-86.68,-86.68,7,stop_loss,23.99617,0.00139,-1.3082,2.12622,new_york,2020
AUDUSD,-1,2020-05-26 12:00:00,2020-05-26 15:00:00,0.66223,0.66407,0.66407,0.65854,0.4651,-18.4,-85.8,-85.8,3,stop_loss,29.49928,0.00123,5.55914,2.12769,london,2020
AUDUSD,-1,2020-05-28 09:00:00,2020-05-28 15:00:00,0.66111,0.66367,0.66367,0.65599,0.3315,-25.6,-84.94,-84.95,6,stop_loss,23.02434,0.00171,-0.0936,2.82508,london,2020
AUDUSD,1,2020-06-01 05:00:00,2020-06-01 15:00:00,0.67251,0.67258,0.66927,0.67899,0.2597,0.7,1.82,1.82,10,time_exit,17.91849,0.00216,3.61485,2.42505,tokyo,2020
AUDUSD,1,2020-06-03 07:00:00,2020-06-03 11:00:00,0.69413,0.69093,0.69093,0.70053,0.2629,-32.0,-84.11,-84.12,4,stop_loss,63.10968,0.00213,5.41188,6.54996,tokyo,2020
AUDUSD,-1,2020-06-05 15:00:00,2020-06-08 01:00:00,0.69816,0.69859,0.70135,0.69178,0.2609,-4.3,-11.22,-11.22,10,time_exit,37.11477,0.00213,2.34955,6.55405,london,2020
AUDUSD,1,2020-06-08 11:00:00,2020-06-08 21:00:00,0.69863,0.70207,0.69594,0.70401,0.3093,34.4,106.4,106.4,10,time_exit,16.8585,0.00179,1.70767,7.27727,london,2020
AUDUSD,1,2020-06-09 04:00:00,2020-06-09 05:00:00,0.70174,0.69938,0.69938,0.70646,0.3569,-23.6,-84.22,-84.22,1,stop_loss,23.81337,0.00157,2.38301,8.07419,tokyo,2020
AUDUSD,-1,2020-06-09 10:00:00,2020-06-09 20:00:00,0.69508,0.69672,0.69792,0.6894,0.2935,-16.4,-48.13,-48.14,10,time_exit,19.43931,0.00189,-1.6393,6.38427,london,2020
AUDUSD,-1,2020-06-10 02:00:00,2020-06-10 08:00:00,0.6959,0.69862,0.69862,0.69046,0.3046,-27.2,-82.91,-82.91,6,stop_loss,15.74207,0.00181,-0.48257,5.15847,tokyo,2020
AUDUSD,1,2020-06-10 14:00:00,2020-06-10 21:00:00,0.70013,0.70583,0.69728,0.70583,0.2878,57.0,164.16,164.16,7,take_profit,19.08077,0.0019,1.56723,4.52054,london,2020
AUDUSD,1,2020-06-11 04:00:00,2020-06-11 06:00:00,0.69824,0.69464,0.69464,0.70545,0.2323,-36.0,-83.72,-83.72,2,stop_loss,30.85871,0.0024,-0.01621,3.42809,tokyo,2020
AUDUSD,1,2020-06-15 13:00:00,2020-06-15 21:00:00,0.68147,0.68904,0.67768,0.68904,0.2188,75.7,165.74,165.74,8,take_profit,26.8208,0.00252,-1.74375,-0.95782,london,2020
AUDUSD,-1,2020-06-16 02:00:00,2020-06-16 12:00:00,0.69488,0.69329,0.69871,0.68723,0.2209,15.9,35.12,35.12,10,time_exit,24.83691,0.00255,3.14681,-0.54136,tokyo,2020
AUDUSD,-1,2020-06-16 21:00:00,2020-06-17 07:00:00,0.68838,0.68731,0.693,0.67914,0.1838,10.7,19.67,19.66,10,time_exit,22.38625,0.00308,-0.41127,0.22116,new_york,2020
AUDUSD,-1,2020-06-19 22:00:00,2020-06-22 08:00:00,0.68488,0.68607,0.68777,0.6791,0.2941,-11.9,-35.0,-35.0,10,time_exit,15.51459,0.00193,-0.9774,-0.63571,,2020
AUDUSD,1,2020-06-23 08:00:00,2020-06-23 15:00:00,0.69082,0.6963,0.68808,0.6963,0.3094,54.8,169.46,169.46,7,take_profit,23.18938,0.00183,1.15412,0.31362,tokyo,2020
AUDUSD,-1,2020-06-25 17:00:00,2020-06-26 03:00:00,0.6877,0.68772,0.69026,0.68259,0.3382,-0.2,-0.68,-0.68,10,time_exit,31.61821,0.0017,-0.66899,-0.10149,new_york,2020
AUDUSD,-1,2020-06-26 07:00:00,2020-06-26 17:00:00,0.68887,0.68456,0.69102,0.68456,0.4012,43.1,172.85,172.85,10,take_profit,19.96316,0.00144,0.2437,-0.25748,tokyo,2020
AUDUSD,-1,2020-06-29 14:00:00,2020-06-29 17:00:00,0.68818,0.68422,0.69016,0.68422,0.4448,39.6,176.31,176.3,3,take_profit,16.97102,0.00132,0.42264,-0.63375,london,2020
AUDUSD,1,2020-06-29 19:00:00,2020-06-30 05:00:00,0.68499,0.68769,0.68289,0.68919,0.4282,27.0,115.61,115.61,10,time_exit,19.17548,0.0014,-1.66379,-0.72324,new_york,2020
AUDUSD,-1,2020-07-02 03:00:00,2020-07-02 09:00:00,0.69112,0.69307,0.69307,0.68723,0.4676,-19.5,-91.06,-91.06,6,stop_loss,21.39913,0.0013,1.09088,0.78735,tokyo,2020
AUDUSD,-1,2020-07-03 04:00:00,2020-07-03 09:00:00,0.69206,0.69388,0.69388,0.68842,0.4949,-18.2,-90.15,-90.16,5,stop_loss,15.68663,0.00121,0.6157,1.52422,tokyo,2020
AUDUSD,-1,2020-07-06 09:00:00,2020-07-06 16:00:00,0.69714,0.69863,0.69863,0.69416,0.5996,-14.9,-89.25,-89.25,7,stop_loss,21.47299,0.00099,3.69279,2.8565,london,2020
AUDUSD,1,2020-07-07 17:00:00,2020-07-08 03:00:00,0.69556,0.6935,0.6935,0.69969,0.4283,-20.6,-88.36,-88.36,10,stop_loss,19.90223,0.00138,0.18905,2.24234,new_york,2020
AUDUSD,-1,2020-07-10 21:00:00,2020-07-13 05:00:00,0.69485,0.69687,0.69687,0.6908,0.432,-20.2,-87.47,-87.47,8,stop_loss,20.94134,0.00135,-0.60696,1.08369,new_york,2020
AUDUSD,1,2020-07-13 06:00:00,2020-07-13 16:00:00,0.69674,0.69735,0.69501,0.70019,0.5019,6.1,30.62,30.61,10,time_exit,15.23449,0.00115,0.99324,1.12065,tokyo,2020
AUDUSD,1,2020-07-13 17:00:00,2020-07-13 22:00:00,0.69735,0.69561,0.69561,0.70083,0.4996,-17.4,-86.92,-86.92,5,stop_loss,14.12461,0.00116,1.03221,1.33408,new_york,2020
AUDUSD,1,2020-07-14 07:00:00,2020-07-14 10:00:00,0.69397,0.69227,0.69227,0.69737,0.5057,-17.0,-86.05,-86.05,3,stop_loss,22.66673,0.00113,-1.52662,0.8862,tokyo,2020
AUDUSD,-1,2020-07-14 10:00:00,2020-07-14 14:00:00,0.69468,0.69638,0.69638,0.69128,0.5011,-17.0,-85.18,-85.19,4,stop_loss,20.41685,0.00113,-0.79848,0.7781,london,2020
AUDUSD,1,2020-07-14 14:00:00,2020-07-14 16:00:00,0.69554,0.69367,0.69367,0.69928,0.4508,-18.7,-84.33,-84.34,2,stop_loss,20.47458,0.00125,0.09264,0.59157,london,2020
AUDUSD,1,2020-07-14 16:00:00,2020-07-15 01:00:00,0.69491,0.69883,0.69295,0.69883,0.4257,39.2,166.98,166.97,9,take_profit,18.32089,0.00131,-0.40185,0.55917,new_york,2020
AUDUSD,1,2020-07-15 07:00:00,2020-07-15 16:00:00,0.69918,0.70342,0.69706,0.70342,0.4015,42.4,170.3,170.3,9,take_profit,20.46063,0.00141,1.79092,1.05497,tokyo,2020
AUDUSD,-1,2020-07-15 20:00:00,2020-07-16 06:00:00,0.69987,0.6992,0.70188,0.69585,0.4319,6.7,28.94,28.94,10,time_exit,32.04026,0.00134,1.12854,1.87317,new_york,2020
AUDUSD,-1,2020-07-16 17:00:00,2020-07-17 03:00:00,0.69965,0.69807,0.70165,0.69565,0.4357,15.8,68.84,68.84,10,time_exit,18.19859,0.00133,0.58995,1.74217,new_york,2020
AUDUSD,-1,2020-07-21 12:00:00,2020-07-21 13:00:00,0.70549,0.70708,0.70708,0.7023,0.5514,-15.9,-87.83,-87.84,1,stop_loss,27.23073,0.00106,4.35457,2.47891,london,2020
AUDUSD,1,2020-07-23 00:00:00,2020-07-23 10:00:00,0.71394,0.71536,0.71173,0.71836,0.3935,14.2,55.88,55.87,10,time_exit,30.32973,0.00147,2.3047,5.35627,tokyo,2020
AUDUSD,1,2020-07-23 21:00:00,2020-07-24 07:00:00,0.71088,0.7082,0.7082,0.71624,0.3267,-26.8,-87.53,-87.53,10,stop_loss,22.49081,0.00179,-0.68883,4.10392,new_york,2020
AUDUSD,-1,2020-07-27 02:00:00,2020-07-27 03:00:00,0.7095,0.71177,0.71177,0.70496,0.3818,-22.7,-86.64,-86.64,1,stop_loss,14.57015,0.00151,-0.50996,2.84537,tokyo,2020
AUDUSD,1,2020-07-27 05:00:00,2020-07-27 15:00:00,0.71252,0.71299,0.7101,0.71737,0.3537,4.7,16.62,16.62,10,time_exit,13.89987,0.00162,1.31547,2.64045,tokyo,2020
AUDUSD,-1,2020-07-28 12:00:00,2020-07-28 16:00:00,0.71424,0.71673,0.71673,0.70927,0.3456,-24.9,-85.93,-85.94,4,stop_loss,20.47203,0.00166,0.69454,2.91781,london,2020
AUDUSD,1,2020-07-29 03:00:00,2020-07-29 13:00:00,0.71582,0.71744,0.71379,0.71988,0.4189,16.2,67.86,67.86,10,time_exit,9.20695,0.00135,1.21734,3.63457,tokyo,2020
AUDUSD,1,2020-07-30 14:00:00,2020-07-30 17:00:00,0.71478,0.71242,0.71242,0.7195,0.3631,-23.6,-85.76,-85.76,3,stop_loss,19.94418,0.00157,-0.87199,2.93412,london,2020
AUDUSD,1,2020-07-31 04:00:00,2020-07-31 14:00:00,0.72036,0.71805,0.71805,0.72498,0.3678,-23.1,-84.9,-84.9,10,stop_loss,22.79774,0.00154,2.41714,2.85821,tokyo,2020
AUDUSD,-1,2020-07-31 22:00:00,2020-08-03 08:00:00,0.71455,0.71453,0.71716,0.70933,0.3221,0.2,0.64,0.64,10,time_exit,23.31089,0.00174,-1.67755,2.39623,,2020
AUDUSD,1,2020-08-04 13:00:00,2020-08-04 15:00:00,0.71445,0.71233,0.71233,0.7187,0.3958,-21.2,-84.05,-84.05,2,stop_loss,20.73759,0.00142,0.6436,0.36255,london,2020
AUDUSD,1,2020-08-04 18:00:00,2020-08-05 04:00:00,0.71487,0.71764,0.71254,0.71953,0.3574,27.7,99.0,99.0,10,time_exit,17.62474,0.00155,0.86294,0.30632,new_york,2020
AUDUSD,1,2020-08-07 02:00:00,2020-08-07 05:00:00,0.72335,0.72128,0.72128,0.72749,0.4064,-20.7,-84.2,-84.2,3,stop_loss,26.6373,0.00138,2.46142,2.84605,tokyo,2020
AUDUSD,-1,2020-08-10 23:00:00,2020-08-11 04:00:00,0.71521,0.71707,0.71707,0.71149,0.4488,-18.6,-83.37,-83.37,5,stop_loss,18.78874,0.00124,-1.59749,0.56343,,2020
AUDUSD,1,2020-08-11 17:00:00,2020-08-11 21:00:00,0.71669,0.7147,0.7147,0.72068,0.4138,-19.9,-82.53,-82.53,4,stop_loss,13.73188,0.00133,-0.28957,0.39676,new_york,2020
AUDUSD,1,2020-08-12 03:00:00,2020-08-12 05:00:00,0.71449,0.71261,0.71261,0.71826,0.4338,-18.8,-81.7,-81.7,2,stop_loss,22.34893,0.00126,-1.51712,-0.00363,tokyo,2020
AUDUSD,1,2020-08-12 23:00:00,2020-08-13 09:00:00,0.71586,0.71669,0.71369,0.7202,0.3724,8.3,30.91,30.91,10,time_exit,23.40819,0.00145,0.35742,-0.45995,,2020
AUDUSD,1,2020-08-13 13:00:00,2020-08-13 21:00:00,0.71645,0.71461,0.71461,0.72014,0.4402,-18.4,-81.19,-81.19,8,stop_loss,16.71529,0.00123,0.4443,-0.15275,london,2020
AUDUSD,1,2020-08-17 21:00:00,2020-08-18 07:00:00,0.72077,0.72241,0.71907,0.72417,0.4729,16.4,77.56,77.55,10,time_exit,27.35153,0.00113,2.63173,1.078,new_york,2020
AUDUSD,1,2020-08-18 20:00:00,2020-08-19 06:00:00,0.72407,0.72362,0.72202,0.72816,0.3968,-4.5,-17.86,-17.86,10,time_exit,38.55632,0.00136,2.32571,2.24575,new_york,2020
AUDUSD,-1,2020-08-19 17:00:00,2020-08-19 21:00:00,0.72571,0.72209,0.72752,0.72209,0.4474,36.2,161.96,161.95,4,take_profit,28.64397,0.00121,1.9465,3.44051,new_york,2020
AUDUSD,-1,2020-08-19 21:00:00,2020-08-19 22:00:00,0.72294,0.71906,0.72488,0.71906,0.4254,38.8,165.19,165.19,1,take_profit,25.95083,0.00129,-0.29399,3.06945,new_york,2020
AUDUSD,1,2020-08-24 05:00:00,2020-08-24 15:00:00,0.71739,0.71956,0.71533,0.72151,0.4093,21.7,88.82,88.82,10,time_exit,26.1726,0.00137,-0.39734,-0.49179,tokyo,2020
AUDUSD,-1,2020-08-26 02:00:00,2020-08-26 11:00:00,0.71918,0.72076,0.72076,0.71602,0.5388,-15.8,-85.14,-85.14,9,stop_loss,11.49606,0.00105,1.26816,-0.40629,tokyo,2020
AUDUSD,-1,2020-08-26 15:00:00,2020-08-26 16:00:00,0.72007,0.72169,0.72169,0.71683,0.5211,-16.2,-84.29,-84.29,1,stop_loss,18.68957,0.00108,1.32464,0.17138,london,2020
AUDUSD,-1,2020-08-28 03:00:00,2020-08-28 07:00:00,0.72693,0.72918,0.72918,0.72243,0.3709,-22.5,-83.45,-83.45,4,stop_loss,41.24757,0.0015,2.4706,2.00422,tokyo,2020
AUDUSD,1,2020-08-28 23:00:00,2020-08-31 09:00:00,0.73564,0.73459,0.7334,0.74012,0.369,-10.5,-38.74,-38.75,10,time_exit,64.09487,0.00149,4.90782,3.9936,,2020
AUDUSD,-1,2020-08-31 09:00:00,2020-08-31 17:00:00,0.73528,0.73746,0.73746,0.73092,0.3774,-21.8,-82.23,-82.23,8,stop_loss,60.82279,0.00145,2.99345,4.99298,london,2020
AUDUSD,1,2020-09-01 19:00:00,2020-09-02 04:00:00,0.73744,0.73508,0.73508,0.74215,0.3455,-23.6,-81.4,-81.41,9,stop_loss,27.92395,0.00157,0.61365,5.48829,new_york,2020
AUDUSD,-1,2020-09-02 15:00:00,2020-09-03 01:00:00,0.73338,0.73366,0.73539,0.72936,0.4011,-2.8,-11.23,-11.23,10,time_exit,28.87585,0.00134,-1.95628,5.00407,london,2020
AUDUSD,-1,2020-09-03 17:00:00,2020-09-04 02:00:00,0.72997,0.72554,0.73219,0.72554,0.363,44.3,160.97,160.96,9,take_profit,41.96773,0.00148,-2.03468,2.13737,new_york,2020
AUDUSD,1,2020-09-04 07:00:00,2020-09-04 16:00:00,0.72706,0.72506,0.72506,0.73105,0.4113,-20.0,-82.08,-82.08,9,stop_loss,45.58801,0.00133,-2.53708,0.73112,tokyo,2020
AUDUSD,-1,2020-09-07 16:00:00,2020-09-08 02:00:00,0.72821,0.72802,0.73,0.72463,0.4544,1.9,8.63,8.63,10,time_exit,13.78564,0.00119,-0.36726,-0.31752,new_york,2020
AUDUSD,1,2020-09-08 23:00:00,2020-09-09 09:00:00,0.72137,0.72126,0.71921,0.72569,0.3767,-1.1,-4.14,-4.15,10,time_exit,26.87379,0.00144,-3.62793,-1.18272,,2020
AUDUSD,1,2020-09-09 17:00:00,2020-09-10 03:00:00,0.72713,0.72676,0.72477,0.73185,0.3443,-3.7,-12.74,-12.74,10,time_exit,26.35623,0.00157,1.5659,-1.71014,new_york,2020
AUDUSD,1,2020-09-11 15:00:00,2020-09-11 17:00:00,0.72961,0.72784,0.72784,0.73315,0.4586,-17.7,-81.19,-81.19,2,stop_loss,22.85893,0.00118,1.90514,-0.10983,london,2020
AUDUSD,-1,2020-09-14 14:00:00,2020-09-14 16:00:00,0.72759,0.72927,0.72927,0.72423,0.4786,-16.8,-80.37,-80.38,2,stop_loss,16.88821,0.00112,-0.06294,0.07408,london,2020
AUDUSD,-1,2020-09-14 19:00:00,2020-09-15 05:00:00,0.72981,0.73076,0.73157,0.72629,0.4516,-9.5,-42.9,-42.9,10,time_exit,18.07951,0.00117,1.6885,0.17856,new_york,2020
AUDUSD,1,2020-09-15 07:00:00,2020-09-15 17:00:00,0.73174,0.7299,0.7299,0.73542,0.4297,-18.4,-79.13,-79.13,10,stop_loss,13.31763,0.00123,2.71258,0.49674,tokyo,2020
AUDUSD,-1,2020-09-16 12:00:00,2020-09-16 15:00:00,0.7326,0.73428,0.73428,0.72925,0.4672,-16.8,-78.35,-78.35,3,stop_loss,11.32075,0.00112,1.97606,1.5149,london,2020
AUDUSD,1,2020-09-18 10:00:00,2020-09-18 12:00:00,0.73242,0.73031,0.73031,0.73664,0.3674,-21.1,-77.56,-77.56,2,stop_loss,17.89774,0.00141,1.35512,0.84072,london,2020
AUDUSD,-1,2020-09-21 12:00:00,2020-09-21 15:00:00,0.72793,0.7237,0.73005,0.7237,0.3627,42.3,153.58,153.58,3,take_profit,15.40229,0.00141,-1.73021,0.58398,london,2020
AUDUSD,1,2020-09-22 07:00:00,2020-09-22 09:00:00,0.72231,0.71998,0.71998,0.72698,0.3357,-23.3,-78.32,-78.32,2,stop_loss,42.00302,0.00156,-2.44836,-1.42994,tokyo,2020
AUDUSD,-1,2020-09-22 09:00:00,2020-09-22 13:00:00,0.72088,0.72307,0.72307,0.7165,0.3541,-21.9,-77.54,-77.54,4,stop_loss,42.21732,0.00146,-3.34129,-1.67661,london,2020
AUDUSD,1,2020-09-22 13:00:00,2020-09-22 17:00:00,0.72114,0.71855,0.71855,0.72633,0.2959,-25.9,-76.77,-76.77,4,stop_loss,44.88845,0.00173,-2.18871,-1.7084,london,2020
AUDUSD,1,2020-09-23 18:00:00,2020-09-23 21:00:00,0.71047,0.70804,0.70804,0.71533,0.3125,-24.3,-75.99,-75.99,3,stop_loss,44.76944,0.00162,-4.38686,-4.35176,new_york,2020
AUDUSD,-1,2020-09-25 02:00:00,2020-09-25 10:00:00,0.70536,0.70786,0.70786,0.70036,0.3007,-25.0,-75.23,-75.23,8,stop_loss,32.97217,0.00167,-1.92678,-6.47435,tokyo,2020
AUDUSD,1,2020-09-28 11:00:00,2020-09-28 21:00:00,0.70429,0.70689,0.70242,0.70802,0.3993,26.0,103.82,103.82,10,time_exit,18.39311,0.00124,-0.93244,-7.80836,london,2020
AUDUSD,1,2020-09-29 18:00:00,2020-09-30 04:00:00,0.71172,0.71373,0.7097,0.71575,0.3748,20.1,75.33,75.33,10,time_exit,29.4911,0.00134,2.71452,-3.97191,new_york,2020
AUDUSD,-1,2020-09-30 08:00:00,2020-09-30 15:00:00,0.7116,0.71356,0.71356,0.70767,0.3883,-19.6,-76.28,-76.28,7,stop_loss,26.77501,0.00131,1.15026,-2.45799,tokyo,2020
AUDUSD,1,2020-09-30 19:00:00,2020-10-01 06:00:00,0.71597,0.71773,0.71355,0.72082,0.3117,17.6,54.86,54.86,10,time_exit,24.16467,0.00162,2.9818,-1.31065,new_york,2020
AUDUSD,-1,2020-10-01 10:00:00,2020-10-01 20:00:00,0.71918,0.71821,0.72121,0.71513,0.3754,9.7,36.41,36.41,10,time_exit,30.22535,0.00135,3.98549,0.00625,london,2020
AUDUSD,1,2020-10-02 03:00:00,2020-10-02 05:00:00,0.71809,0.71614,0.71614,0.72199,0.3915,-19.5,-76.43,-76.43,2,stop_loss,18.49117,0.0013,1.49153,1.24453,tokyo,2020
AUDUSD,-1,2020-10-02 06:00:00,2020-10-02 16:00:00,0.7161,0.7163,0.71807,0.71217,0.3849,-2.0,-7.7,-7.7,10,time_exit,21.06319,0.00131,-0.07652,1.22256,tokyo,2020
AUDUSD,-1,2020-10-02 22:00:00,2020-10-05 03:00:00,0.71592,0.71833,0.71833,0.71109,0.313,-24.1,-75.57,-75.58,5,stop_loss,26.5477,0.00161,0.06283,0.6883,,2020
AUDUSD,-1,2020-10-06 23:00:00,2020-10-07 09:00:00,0.71183,0.7137,0.71419,0.7071,0.3166,-18.7,-59.2,-59.21,10,time_exit,16.60196,0.00158,-2.95214,0.53977,,2020
AUDUSD,-1,2020-10-07 15:00:00,2020-10-07 16:00:00,0.713,0.7149,0.7149,0.70921,0.3917,-19.0,-74.24,-74.25,1,stop_loss,19.04673,0.00126,-1.12497,-0.52386,london,2020
AUDUSD,-1,2020-10-07 17:00:00,2020-10-08 03:00:00,0.71411,0.7131,0.71608,0.71018,0.3737,10.1,37.74,37.74,10,time_exit,18.84855,0.00131,-0.23527,-0.50226,new_york,2020
AUDUSD,1,2020-10-08 10:00:00,2020-10-08 20:00:00,0.71626,0.7165,0.71464,0.71949,0.4569,2.4,10.97,10.96,10,time_exit,13.09077,0.00108,1.80687,-0.56743,london,2020
AUDUSD,-1,2020-10-09 21:00:00,2020-10-12 07:00:00,0.72327,0.72283,0.72483,0.72016,0.4751,4.4,20.9,20.9,10,time_exit,40.24421,0.00104,5.26754,1.82096,new_york,2020
AUDUSD,-1,2020-10-12 15:00:00,2020-10-13 01:00:00,0.72114,0.72072,0.7227,0.71803,0.4767,4.2,20.02,20.02,10,time_exit,25.60492,0.00104,0.93,3.05319,london,2020
AUDUSD,1,2020-10-13 10:00:00,2020-10-13 16:00:00,0.71798,0.71646,0.71646,0.72101,0.4904,-15.2,-74.39,-74.39,6,stop_loss,30.34089,0.00101,-1.87623,2.35352,london,2020
AUDUSD,-1,2020-10-14 11:00:00,2020-10-14 15:00:00,0.71706,0.71847,0.71847,0.71423,0.5205,-14.1,-73.64,-73.65,4,stop_loss,24.75365,0.00094,-0.92048,0.59542,london,2020
AUDUSD,-1,2020-10-15 09:00:00,2020-10-15 11:00:00,0.71269,0.70895,0.71456,0.70895,0.3896,37.4,145.81,145.81,2,take_profit,28.65685,0.00125,-3.00988,-0.48472,london,2020
AUDUSD,1,2020-10-15 11:00:00,2020-10-15 12:00:00,0.71044,0.70846,0.70846,0.7144,0.376,-19.8,-74.38,-74.38,1,stop_loss,31.85711,0.00132,-4.20753,-0.69504,london,2020
AUDUSD,1,2020-10-16 03:00:00,2020-10-16 13:00:00,0.70878,0.70862,0.70699,0.71235,0.412,-1.6,-6.59,-6.59,10,time_exit,35.38232,0.00119,-3.04685,-2.70976,tokyo,2020
AUDUSD,-1,2020-10-19 03:00:00,2020-10-19 12:00:00,0.70932,0.71091,0.71091,0.70613,0.4615,-15.9,-73.55,-73.56,9,stop_loss,16.12139,0.00106,-0.4925,-3.97073,tokyo,2020
AUDUSD,-1,2020-10-20 17:00:00,2020-10-20 18:00:00,0.70352,0.70519,0.70519,0.70018,0.4365,-16.7,-72.82,-72.82,1,stop_loss,36.5199,0.00111,-2.96536,-4.43882,new_york,2020
AUDUSD,-1,2020-10-22 10:00:00,2020-10-22 20:00:00,0.71032,0.71211,0.71211,0.70673,0.4021,-17.9,-72.1,-72.1,10,stop_loss,22.91056,0.0012,1.11689,-1.52334,london,2020
AUDUSD,1,2020-10-26 10:00:00,2020-10-26 20:00:00,0.71123,0.71211,0.70939,0.7149,0.3889,8.8,34.22,34.22,10,time_exit,13.05987,0.00122,-0.41977,0.36677,london,2020
AUDUSD,1,2020-10-26 23:00:00,2020-10-27 09:00:00,0.71266,0.71322,0.71062,0.71674,0.3511,5.6,19.66,19.66,10,time_exit,13.10246,0.00136,0.48038,0.42267,,2020
AUDUSD,-1,2020-10-27 10:00:00,2020-10-27 20:00:00,0.71322,0.7143,0.71485,0.70995,0.4405,-10.8,-47.57,-47.58,10,time_exit,10.45308,0.00109,0.85959,0.65951,london,2020
AUDUSD,1,2020-10-28 07:00:00,2020-10-28 11:00:00,0.71381,0.71221,0.71221,0.71702,0.4458,-16.0,-71.44,-71.45,4,stop_loss,12.02615,0.00107,0.99372,0.82738,tokyo,2020
AUDUSD,1,2020-10-29 19:00:00,2020-10-30 05:00:00,0.70056,0.70482,0.6979,0.70589,0.2654,42.6,113.06,113.06,10,time_exit,35.06417,0.00178,-3.7952,-1.63331,new_york,2020
AUDUSD,-1,2020-11-02 05:00:00,2020-11-02 13:00:00,0.70178,0.70428,0.70428,0.69679,0.2879,-25.0,-71.86,-71.86,8,stop_loss,20.38311,0.00166,-1.34531,-2.47051,tokyo,2020
AUDUSD,-1,2020-11-04 10:00:00,2020-11-04 13:00:00,0.70825,0.71337,0.71337,0.69801,0.1389,-51.2,-71.15,-71.15,3,stop_loss,32.15992,0.00341,-0.36577,0.34143,london,2020
AUDUSD,1,2020-11-05 23:00:00,2020-11-06 09:00:00,0.72814,0.72766,0.72469,0.73503,0.2043,-4.8,-9.81,-9.81,10,time_exit,33.29669,0.0023,4.20502,2.88289,,2020
AUDUSD,-1,2020-11-06 22:00:00,2020-11-09 06:00:00,0.72669,0.72955,0.72955,0.72096,0.2457,-28.6,-70.33,-70.33,8,stop_loss,17.09324,0.00191,1.75414,4.44349,,2020
AUDUSD,1,2020-11-09 18:00:00,2020-11-10 04:00:00,0.72971,0.72802,0.72586,0.73741,0.1809,-16.9,-30.57,-30.57,10,time_exit,18.65179,0.00257,1.2216,3.56465,new_york,2020
AUDUSD,1,2020-11-10 15:00:00,2020-11-11 01:00:00,0.72787,0.72815,0.72517,0.73327,0.257,2.8,7.2,7.19,10,time_exit,8.41671,0.0018,0.26729,4.42559,london,2020
AUDUSD,1,2020-11-11 20:00:00,2020-11-12 06:00:00,0.7275,0.72688,0.72541,0.73167,0.3327,-6.2,-20.63,-20.63,10,time_exit,17.70075,0.00139,-0.40251,4.59137,new_york,2020
AUDUSD,1,2020-11-13 05:00:00,2020-11-13 15:00:00,0.72289,0.72541,0.72083,0.727,0.3365,25.2,84.8,84.8,10,time_exit,25.99169,0.00137,-2.29689,2.33801,tokyo,2020
AUDUSD,1,2020-11-13 19:00:00,2020-11-16 01:00:00,0.7255,0.72949,0.72351,0.72949,0.3511,39.9,140.07,140.07,6,take_profit,17.38493,0.00133,0.08634,1.7627,new_york,2020
AUDUSD,-1,2020-11-16 04:00:00,2020-11-16 14:00:00,0.72926,0.73002,0.73113,0.72551,0.3811,-7.6,-28.96,-28.97,10,time_exit,24.45259,0.00125,2.57003,2.09948,tokyo,2020
AUDUSD,-1,2020-11-17 06:00:00,2020-11-17 11:00:00,0.73211,0.73382,0.73382,0.7287,0.4168,-17.1,-71.15,-71.15,5,stop_loss,38.38923,0.00114,2.59082,3.59754,tokyo,2020
AUDUSD,1,2020-11-17 23:00:00,2020-11-18 02:00:00,0.73015,0.72836,0.72836,0.73373,0.3931,-17.9,-70.44,-70.44,3,stop_loss,25.1107,0.00119,0.05373,3.40525,,2020
AUDUSD,1,2020-11-19 22:00:00,2020-11-20 01:00:00,0.72912,0.7272,0.7272,0.73296,0.3633,-19.2,-69.73,-69.73,3,stop_loss,30.23908,0.00128,0.04904,1.4086,,2020
AUDUSD,-1,2020-11-20 13:00:00,2020-11-20 14:00:00,0.72944,0.73136,0.73136,0.72559,0.3589,-19.2,-69.03,-69.04,1,stop_loss,14.50799,0.00128,0.4125,1.13635,london,2020
AUDUSD,-1,2020-11-25 03:00:00,2020-11-25 13:00:00,0.73616,0.73392,0.7381,0.73228,0.3526,22.4,78.98,78.98,10,time_exit,24.7211,0.00129,2.61184,2.39527,tokyo,2020
AUDUSD,1,2020-11-25 20:00:00,2020-11-26 06:00:00,0.73626,0.73605,0.73419,0.7404,0.3338,-2.1,-7.01,-7.01,10,time_exit,13.1319,0.00138,1.76028,2.40376,new_york,2020
AUDUSD,1,2020-11-26 11:00:00,2020-11-26 21:00:00,0.73578,0.73628,0.73419,0.73896,0.4342,5.0,21.71,21.71,10,time_exit,7.31246,0.00106,0.77116,3.43585,london,2020
AUDUSD,1,2020-11-30 00:00:00,2020-11-30 10:00:00,0.7383,0.73745,0.73679,0.74133,0.4576,-8.5,-38.9,-38.9,10,time_exit,18.87122,0.00101,0.80351,3.74829,tokyo,2020
AUDUSD,1,2020-11-30 12:00:00,2020-11-30 16:00:00,0.73857,0.73686,0.73686,0.74198,0.4035,-17.1,-68.89,-68.9,4,stop_loss,16.87832,0.00114,0.78537,3.40943,london,2020
AUDUSD,1,2020-12-01 22:00:00,2020-12-02 08:00:00,0.73642,0.73713,0.73476,0.73974,0.4107,7.1,29.16,29.16,10,time_exit,18.12019,0.00111,0.03457,1.76091,,2020
AUDUSD,-1,2020-12-02 13:00:00,2020-12-02 18:00:00,0.73772,0.73964,0.73964,0.73388,0.357,-19.2,-68.48,-68.48,5,stop_loss,14.37656,0.00128,0.61094,1.61505,london,2020
AUDUSD,-1,2020-12-03 02:00:00,2020-12-03 09:00:00,0.74146,0.7433,0.7433,0.73778,0.3687,-18.4,-67.8,-67.8,7,stop_loss,23.20461,0.00123,2.92137,2.03726,tokyo,2020
AUDUSD,-1,2020-12-07 08:00:00,2020-12-07 10:00:00,0.74294,0.74013,0.74434,0.74013,0.4784,28.1,134.25,134.25,2,take_profit,12.52329,0.00094,0.54493,4.17169,tokyo,2020
AUDUSD,-1,2020-12-07 20:00:00,2020-12-08 02:00:00,0.74487,0.74115,0.74673,0.74115,0.3679,37.2,136.93,136.93,6,take_profit,24.47117,0.00124,2.10435,2.70708,new_york,2020
AUDUSD,1,2020-12-08 06:00:00,2020-12-08 09:00:00,0.74252,0.74088,0.74088,0.7458,0.4255,-16.4,-69.83,-69.83,3,stop_loss,17.06831,0.00109,0.27059,2.75321,tokyo,2020
AUDUSD,1,2020-12-08 11:00:00,2020-12-08 16:00:00,0.74262,0.74088,0.74088,0.74609,0.3981,-17.4,-69.14,-69.14,5,stop_loss,16.19509,0.00116,0.37297,2.45216,london,2020
AUDUSD,-1,2020-12-08 23:00:00,2020-12-09 05:00:00,0.741,0.74261,0.74261,0.73778,0.4245,-16.1,-68.45,-68.45,6,stop_loss,16.39184,0.00107,-0.83591,2.14735,,2020
AUDUSD,-1,2020-12-10 06:00:00,2020-12-10 11:00:00,0.74702,0.74897,0.74897,0.74312,0.3473,-19.5,-67.76,-67.76,5,stop_loss,22.42037,0.0013,2.289,2.37483,tokyo,2020
AUDUSD,1,2020-12-10 13:00:00,2020-12-10 17:00:00,0.74878,0.75276,0.74679,0.75276,0.3372,39.8,134.18,134.18,4,take_profit,21.63741,0.00133,2.91207,2.65035,london,2020
AUDUSD,1,2020-12-11 02:00:00,2020-12-11 03:00:00,0.75235,0.75614,0.75045,0.75614,0.361,37.9,136.84,136.84,1,take_profit,35.19534,0.00126,3.55302,4.06354,tokyo,2020
AUDUSD,-1,2020-12-11 12:00:00,2020-12-11 22:00:00,0.75294,0.75362,0.75521,0.74839,0.3069,-6.8,-20.87,-20.87,10,time_exit,36.3528,0.00152,1.79906,4.18401,london,2020
AUDUSD,-1,2020-12-14 01:00:00,2020-12-14 10:00:00,0.75481,0.75671,0.75671,0.75101,0.3659,-19.0,-69.59,-69.59,9,stop_loss,21.64133,0.00127,2.58913,5.12191,tokyo,2020
AUDUSD,-1,2020-12-14 16:00:00,2020-12-14 17:00:00,0.75765,0.75429,0.75933,0.75429,0.4106,33.6,137.79,137.79,1,take_profit,24.98424,0.00112,3.87465,6.12362,new_york,2020
AUDUSD,-1,2020-12-15 00:00:00,2020-12-15 10:00:00,0.75327,0.75215,0.75499,0.74982,0.4076,11.2,45.65,45.65,10,time_exit,17.30991,0.00115,-0.2344,5.63865,tokyo,2020
AUDUSD,1,2020-12-16 05:00:00,2020-12-16 15:00:00,0.75521,0.75602,0.75366,0.75831,0.4567,8.1,36.99,36.99,10,time_exit,22.66613,0.00103,1.18655,5.03951,tokyo,2020
AUDUSD,-1,2020-12-18 16:00:00,2020-12-21 02:00:00,0.76096,0.75918,0.76264,0.75761,0.424,17.8,75.47,75.47,10,time_exit,18.12064,0.00112,1.07937,5.4495,new_york,2020
AUDUSD,1,2020-12-21 04:00:00,2020-12-21 07:00:00,0.75873,0.75658,0.75658,0.76302,0.3347,-21.5,-71.85,-71.85,3,stop_loss,16.11117,0.00143,-0.93202,3.9268,tokyo,2020
AUDUSD,-1,2020-12-21 12:00:00,2020-12-21 15:00:00,0.74976,0.75254,0.75254,0.74419,0.2555,-27.8,-71.12,-71.12,3,stop_loss,32.03728,0.00186,-4.77695,2.23164,london,2020
AUDUSD,-1,2020-12-22 12:00:00,2020-12-22 14:00:00,0.75299,0.75553,0.75553,0.74792,0.2775,-25.4,-70.41,-70.41,2,stop_loss,19.32752,0.00169,-2.30537,1.26956,london,2020
AUDUSD,-1,2020-12-28 07:00:00,2020-12-28 17:00:00,0.76084,0.7573,0.76261,0.7573,0.3935,35.4,139.44,139.44,10,take_profit,11.9566,0.00118,1.85954,2.14641,tokyo,2020
AUDUSD,1,2020-12-29 06:00:00,2020-12-29 16:00:00,0.75981,0.76068,0.75816,0.76311,0.4307,8.7,37.47,37.47,10,time_exit,22.56797,0.0011,0.92756,1.89405,tokyo,2020
AUDUSD,-1,2020-12-30 02:00:00,2020-12-30 03:00:00,0.761,0.76254,0.76254,0.75793,0.4651,-15.4,-71.48,-71.49,1,stop_loss,17.19655,0.00102,1.17115,2.34293,tokyo,2020
AUDUSD,-1,2021-01-05 05:00:00,2021-01-05 09:00:00,0.76968,0.772,0.772,0.76503,0.3045,-23.2,-70.78,-70.78,4,stop_loss,26.14705,0.00155,0.5999,3.42937,tokyo,2021
AUDUSD,-1,2021-01-05 13:00:00,2021-01-05 18:00:00,0.77162,0.77389,0.77389,0.76709,0.3092,-22.7,-70.06,-70.06,5,stop_loss,22.63143,0.00151,1.50548,3.53325,london,2021
AUDUSD,1,2021-01-06 09:00:00,2021-01-06 19:00:00,0.77875,0.77964,0.77611,0.78402,0.2631,8.9,23.42,23.41,10,time_exit,26.26304,0.00176,3.49254,3.75857,london,2021
AUDUSD,1,2021-01-08 08:00:00,2021-01-08 17:00:00,0.77701,0.77486,0.77486,0.78131,0.3238,-21.5,-69.59,-69.59,9,stop_loss,21.02756,0.00143,0.5501,4.14679,tokyo,2021
AUDUSD,-1,2021-01-11 09:00:00,2021-01-11 19:00:00,0.77075,0.77101,0.7735,0.76526,0.2509,-2.6,-6.52,-6.53,10,time_exit,32.40962,0.00183,-2.28945,1.99732,london,2021
AUDUSD,-1,2021-01-13 00:00:00,2021-01-13 10:00:00,0.77719,0.77537,0.77967,0.77223,0.2777,18.2,50.54,50.54,10,time_exit,20.62972,0.00165,2.74372,0.86944,tokyo,2021
AUDUSD,1,2021-01-14 06:00:00,2021-01-14 16:00:00,0.77409,0.7743,0.77206,0.77816,0.3411,2.1,7.16,7.16,10,time_exit,10.9903,0.00136,-0.0375,1.33828,tokyo,2021
AUDUSD,-1,2021-01-15 10:00:00,2021-01-15 16:00:00,0.77466,0.77063,0.77668,0.77063,0.3443,40.3,138.84,138.84,6,take_profit,15.02901,0.00134,-0.88209,1.8298,london,2021
AUDUSD,1,2021-01-18 00:00:00,2021-01-18 01:00:00,0.77068,0.76855,0.76855,0.77494,0.3328,-21.3,-70.81,-70.81,1,stop_loss,30.57126,0.00142,-2.76332,0.6726,tokyo,2021
AUDUSD,-1,2021-01-18 07:00:00,2021-01-18 17:00:00,0.76849,0.76846,0.77061,0.76425,0.3307,0.3,0.99,0.99,10,time_exit,37.29871,0.00141,-3.19295,0.03621,tokyo,2021
AUDUSD,1,2021-01-19 07:00:00,2021-01-19 11:00:00,0.77171,0.76993,0.76993,0.77527,0.3935,-17.8,-70.1,-70.11,4,stop_loss,30.41972,0.00119,1.05484,-1.34033,tokyo,2021
AUDUSD,-1,2021-01-20 00:00:00,2021-01-20 01:00:00,0.76948,0.7712,0.7712,0.76604,0.403,-17.2,-69.41,-69.41,1,stop_loss,18.36245,0.00115,-0.63271,-1.20605,tokyo,2021
AUDUSD,1,2021-01-20 16:00:00,2021-01-21 02:00:00,0.77341,0.77574,0.77174,0.77675,0.4115,23.3,95.88,95.88,10,time_exit,25.94951,0.00111,1.80907,-0.43318,new_york,2021
AUDUSD,1,2021-01-21 12:00:00,2021-01-21 16:00:00,0.77735,0.77558,0.77558,0.78088,0.3945,-17.7,-69.67,-69.67,4,stop_loss,40.09742,0.00118,2.97661,1.09129,london,2021
AUDUSD,-1,2021-01-22 00:00:00,2021-01-22 10:00:00,0.7762,0.77258,0.77801,0.77258,0.3806,36.2,137.95,137.95,10,take_profit,22.51501,0.00121,1.43957,1.46064,tokyo,2021
AUDUSD,-1,2021-01-26 00:00:00,2021-01-26 09:00:00,0.77132,0.76755,0.7732,0.76755,0.3736,37.7,140.72,140.71,9,take_profit,25.86697,0.00126,-0.99068,-0.19928,tokyo,2021
AUDUSD,-1,2021-01-26 22:00:00,2021-01-27 08:00:00,0.77463,0.77404,0.77652,0.77085,0.3797,5.9,22.4,22.4,10,time_exit,28.19478,0.00126,1.98421,-0.3222,,2021
AUDUSD,1,2021-01-29 21:00:00,2021-02-01 01:00:00,0.7642,0.76111,0.76111,0.77038,0.233,-30.9,-71.98,-71.98,4,stop_loss,18.65392,0.00206,-1.15488,-1.53208,new_york,2021
AUDUSD,-1,2021-02-02 13:00:00,2021-02-02 23:00:00,0.76092,0.76082,0.76347,0.75581,0.279,1.0,2.79,2.79,10,time_exit,14.1716,0.0017,-1.65591,-2.25598,london,2021
AUDUSD,1,2021-02-03 01:00:00,2021-02-03 11:00:00,0.76069,0.76165,0.7584,0.76527,0.3116,9.6,29.91,29.91,10,time_exit,22.37694,0.00153,-0.89127,-3.02855,tokyo,2021
AUDUSD,-1,2021-02-03 11:00:00,2021-02-03 21:00:00,0.7615,0.76225,0.76342,0.75766,0.3726,-7.5,-27.95,-27.95,10,time_exit,14.14814,0.00128,-0.2384,-3.37413,london,2021
AUDUSD,-1,2021-02-04 02:00:00,2021-02-04 12:00:00,0.76363,0.76206,0.76532,0.76024,0.421,15.7,66.1,66.09,10,time_exit,11.1536,0.00113,1.51028,-3.21651,tokyo,2021
AUDUSD,1,2021-02-04 19:00:00,2021-02-05 05:00:00,0.75986,0.75924,0.75784,0.7639,0.3567,-6.2,-22.12,-22.12,10,time_exit,14.97346,0.00135,-1.58407,-2.26184,new_york,2021
AUDUSD,-1,2021-02-10 18:00:00,2021-02-11 04:00:00,0.77328,0.77249,0.7754,0.76904,0.3386,7.9,26.75,26.75,10,time_exit,16.03417,0.00141,0.94916,2.89857,new_york,2021
AUDUSD,-1,2021-02-12 03:00:00,2021-02-12 11:00:00,0.77503,0.77209,0.7765,0.77209,0.4901,29.4,144.04,144.03,8,take_profit,15.77866,0.00098,1.25227,4.26379,tokyo,2021
AUDUSD,-1,2021-02-15 02:00:00,2021-02-15 05:00:00,0.7763,0.77779,0.77779,0.77332,0.4927,-14.9,-73.46,-73.46,3,stop_loss,18.71688,0.00099,2.02199,3.69517,tokyo,2021
AUDUSD,-1,2021-02-15 07:00:00,2021-02-15 17:00:00,0.77806,0.77835,0.77949,0.7752,0.508,-2.9,-14.73,-14.73,10,time_exit,23.44635,0.00095,3.35899,4.09424,tokyo,2021
AUDUSD,1,2021-02-17 10:00:00,2021-02-17 15:00:00,0.77445,0.77275,0.77275,0.77786,0.4257,-17.0,-72.57,-72.58,5,stop_loss,28.57117,0.00114,-1.65352,2.56711,london,2021
AUDUSD,1,2021-02-17 19:00:00,2021-02-18 05:00:00,0.77393,0.77511,0.77178,0.77822,0.3346,11.8,39.48,39.48,10,time_exit,25.61811,0.00143,-1.26281,1.56321,new_york,2021
AUDUSD,1,2021-02-18 21:00:00,2021-02-19 07:00:00,0.77604,0.77824,0.77387,0.78038,0.3328,22.0,73.22,73.21,10,time_exit,18.15842,0.00145,0.06717,1.29561,new_york,2021
AUDUSD,1,2021-02-22 09:00:00,2021-02-22 10:00:00,0.78783,0.78585,0.78585,0.7918,0.368,-19.8,-72.97,-72.97,1,stop_loss,50.04522,0.00132,3.80997,4.40563,london,2021
AUDUSD,1,2021-02-24 00:00:00,2021-02-24 10:00:00,0.7911,0.79225,0.78914,0.79501,0.3691,11.5,42.45,42.44,10,time_exit,18.88655,0.0013,1.61035,5.89233,tokyo,2021
AUDUSD,1,2021-02-24 11:00:00,2021-02-24 15:00:00,0.79225,0.79015,0.79015,0.79645,0.3463,-21.0,-72.67,-72.67,4,stop_loss,15.53681,0.0014,1.5591,5.42911,london,2021
AUDUSD,1,2021-02-25 04:00:00,2021-02-25 11:00:00,0.79592,0.80019,0.79379,0.80019,0.3372,42.7,143.87,143.86,7,take_profit,24.48031,0.00142,2.64377,5.5433,tokyo,2021
AUDUSD,1,2021-02-25 13:00:00,2021-02-25 14:00:00,0.80001,0.79798,0.79798,0.80406,0.3621,-20.3,-73.38,-73.38,1,stop_loss,34.18778,0.00135,4.47505,6.29652,london,2021
AUDUSD,1,2021-02-25 19:00:00,2021-02-25 20:00:00,0.79524,0.79282,0.79282,0.80008,0.3004,-24.2,-72.65,-72.65,1,stop_loss,29.32238,0.00161,0.37844,5.26673,new_york,2021
AUDUSD,-1,2021-02-26 15:00:00,2021-03-01 01:00:00,0.77598,0.77525,0.78009,0.76776,0.175,7.3,12.78,12.77,10,time_exit,54.50333,0.00274,-4.52122,0.95638,london,2021
AUDUSD,-1,2021-03-01 16:00:00,2021-03-01 17:00:00,0.77473,0.77785,0.77785,0.7685,0.2313,-31.2,-72.06,-72.06,1,stop_loss,29.88923,0.00208,-2.18652,-1.85875,new_york,2021
AUDUSD,-1,2021-03-02 09:00:00,2021-03-02 12:00:00,0.77611,0.77871,0.77871,0.77091,0.2741,-26.0,-71.32,-71.33,3,stop_loss,15.56817,0.00173,-1.02682,-2.42815,london,2021
AUDUSD,1,2021-03-02 13:00:00,2021-03-02 23:00:00,0.77896,0.78194,0.77591,0.78506,0.2317,29.8,69.05,69.04,10,time_exit,16.26433,0.00203,0.67061,-2.09701,london,2021
AUDUSD,1,2021-03-03 07:00:00,2021-03-03 15:00:00,0.78214,0.77996,0.77996,0.78649,0.3275,-21.8,-71.3,-71.31,8,stop_loss,21.55059,0.00145,1.55712,-1.37183,tokyo,2021
AUDUSD,1,2021-03-04 23:00:00,2021-03-05 03:00:00,0.77265,0.76928,0.76928,0.77939,0.2096,-33.7,-70.61,-70.61,4,stop_loss,26.27802,0.00225,-2.60097,-1.04686,,2021
AUDUSD,1,2021-03-05 19:00:00,2021-03-08 05:00:00,0.76646,0.76905,0.76281,0.77376,0.1914,25.9,49.57,49.57,10,time_exit,43.81708,0.00243,-2.76175,-2.27789,new_york,2021
AUDUSD,-1,2021-03-10 08:00:00,2021-03-10 10:00:00,0.76777,0.7699,0.7699,0.76351,0.3307,-21.3,-70.37,-70.37,2,stop_loss,20.0505,0.00142,-0.95013,-3.41502,tokyo,2021
AUDUSD,1,2021-03-11 01:00:00,2021-03-11 10:00:00,0.77321,0.77793,0.77085,0.77793,0.295,47.2,139.35,139.34,9,take_profit,18.4087,0.00157,1.74514,-1.99177,tokyo,2021
AUDUSD,-1,2021-03-11 15:00:00,2021-03-11 17:00:00,0.77804,0.77382,0.78015,0.77382,0.3365,42.2,142.15,142.15,2,take_profit,32.76639,0.00141,3.71265,-0.75575,london,2021
AUDUSD,-1,2021-03-11 18:00:00,2021-03-11 20:00:00,0.77651,0.779,0.779,0.77152,0.2908,-24.9,-72.49,-72.49,2,stop_loss,31.56035,0.00166,1.98803,-0.44641,new_york,2021
AUDUSD,1,2021-03-16 15:00:00,2021-03-17 01:00:00,0.77444,0.77453,0.77252,0.77828,0.3736,0.9,3.36,3.36,10,time_exit,23.75083,0.00128,-0.06122,-0.04016,london,2021
AUDUSD,-1,2021-03-19 05:00:00,2021-03-19 11:00:00,0.77441,0.7772,0.7772,0.76882,0.257,-27.9,-71.8,-71.8,6,stop_loss,28.74615,0.00186,-1.42086,0.81208,tokyo,2021
AUDUSD,-1,2021-03-19 14:00:00,2021-03-22 00:00:00,0.77562,0.77049,0.77819,0.77049,0.2771,51.3,142.16,142.15,10,take_profit,25.6769,0.00171,-0.52586,0.58629,london,2021
AUDUSD,1,2021-03-22 10:00:00,2021-03-22 20:00:00,0.77191,0.77516,0.76971,0.77631,0.3296,32.5,107.12,107.12,10,time_exit,28.90327,0.00147,-1.87224,-0.31369,london,2021
AUDUSD,-1,2021-03-24 14:00:00,2021-03-25 00:00:00,0.76148,0.75826,0.76387,0.7567,0.3077,32.2,99.08,99.08,10,time_exit,52.64825,0.00159,-3.01462,-3.54099,london,2021
AUDUSD,-1,2021-03-25 13:00:00,2021-03-25 23:00:00,0.76016,0.75787,0.76224,0.756,0.3587,22.9,82.14,82.14,10,time_exit,28.88009,0.00139,-1.66992,-5.06469,london,2021
AUDUSD,-1,2021-03-30 06:00:00,2021-03-30 14:00:00,0.76471,0.76125,0.76644,0.76125,0.4355,34.6,150.76,150.76,8,take_profit,11.76792,0.00115,1.43511,-2.61347,tokyo,2021
AUDUSD,-1,2021-03-30 18:00:00,2021-03-31 04:00:00,0.75985,0.76076,0.76199,0.75556,0.3589,-9.1,-32.66,-32.66,10,time_exit,21.65058,0.00143,-2.1005,-1.98736,new_york,2021
AUDUSD,-1,2021-03-31 07:00:00,2021-03-31 17:00:00,0.76046,0.7623,0.7623,0.75677,0.4151,-18.4,-76.57,-76.57,10,stop_loss,28.79461,0.00123,-1.02046,-2.6684,tokyo,2021
AUDUSD,1,2021-04-01 00:00:00,2021-04-01 04:00:00,0.75957,0.75782,0.75782,0.76308,0.432,-17.5,-75.81,-75.81,4,stop_loss,15.60151,0.00117,-1.52891,-2.60874,tokyo,2021
AUDUSD,-1,2021-04-06 11:00:00,2021-04-06 17:00:00,0.76345,0.76513,0.76513,0.76009,0.4467,-16.8,-75.05,-75.05,6,stop_loss,20.80521,0.00112,0.35419,0.06946,london,2021
AUDUSD,1,2021-04-07 00:00:00,2021-04-07 09:00:00,0.76588,0.7641,0.7641,0.76943,0.4183,-17.8,-74.3,-74.3,9,stop_loss,22.60073,0.00118,2.27058,0.48958,tokyo,2021
AUDUSD,-1,2021-04-07 13:00:00,2021-04-07 17:00:00,0.76238,0.7643,0.7643,0.75855,0.3837,-19.2,-73.55,-73.56,4,stop_loss,19.60806,0.00128,-1.46783,0.66213,london,2021
AUDUSD,1,2021-04-07 17:00:00,2021-04-07 22:00:00,0.76228,0.76033,0.76033,0.76618,0.3737,-19.5,-72.82,-72.83,5,stop_loss,21.1349,0.0013,-1.31152,0.47164,new_york,2021
AUDUSD,1,2021-04-08 00:00:00,2021-04-08 10:00:00,0.76117,0.76359,0.75919,0.76513,0.3639,24.2,88.06,88.06,10,time_exit,17.41206,0.00132,-1.72965,0.1396,tokyo,2021
AUDUSD,-1,2021-04-09 08:00:00,2021-04-09 09:00:00,0.76324,0.76014,0.76479,0.76014,0.471,31.0,145.94,145.94,1,take_profit,20.73231,0.00103,-0.5947,0.44268,tokyo,2021
AUDUSD,-1,2021-04-09 10:00:00,2021-04-09 11:00:00,0.75955,0.76139,0.76139,0.75587,0.4047,-18.4,-74.43,-74.44,1,stop_loss,23.18308,0.00123,-3.28924,0.20117,london,2021
AUDUSD,1,2021-04-09 11:00:00,2021-04-09 21:00:00,0.76148,0.76254,0.75954,0.76537,0.3791,10.6,40.18,40.18,10,time_exit,24.86355,0.0013,-1.5595,0.14097,london,2021
AUDUSD,1,2021-04-13 11:00:00,2021-04-13 15:00:00,0.76081,0.75926,0.75926,0.7639,0.4794,-15.5,-74.09,-74.09,4,stop_loss,21.0638,0.00103,-1.00046,-0.8378,london,2021
AUDUSD,-1,2021-04-14 05:00:00,2021-04-14 07:00:00,0.76457,0.76623,0.76623,0.76126,0.443,-16.6,-73.34,-73.35,2,stop_loss,11.93695,0.0011,1.75296,-0.14885,tokyo,2021
AUDUSD,-1,2021-04-14 08:00:00,2021-04-14 09:00:00,0.76633,0.76806,0.76806,0.76286,0.4185,-17.3,-72.61,-72.61,1,stop_loss,13.18413,0.00116,2.87259,0.10643,tokyo,2021
AUDUSD,-1,2021-04-14 12:00:00,2021-04-14 17:00:00,0.76895,0.77075,0.77075,0.76535,0.399,-18.0,-71.89,-71.89,5,stop_loss,19.49145,0.0012,4.32935,0.55316,london,2021
AUDUSD,-1,2021-04-14 17:00:00,2021-04-14 18:00:00,0.76938,0.77114,0.77114,0.76586,0.4047,-17.6,-71.16,-71.16,1,stop_loss,27.23316,0.00117,4.01343,1.1104,new_york,2021
AUDUSD,-1,2021-04-14 19:00:00,2021-04-15 05:00:00,0.77301,0.77161,0.77503,0.76897,0.3485,14.0,48.79,48.79,10,time_exit,32.43601,0.00135,5.74698,1.27734,new_york,2021
AUDUSD,1,2021-04-15 06:00:00,2021-04-15 10:00:00,0.77161,0.77528,0.76978,0.77528,0.3871,36.7,141.9,141.9,4,take_profit,42.16559,0.00122,3.04894,2.77683,tokyo,2021
AUDUSD,1,2021-04-15 22:00:00,2021-04-16 04:00:00,0.77546,0.77354,0.77354,0.7793,0.3769,-19.2,-72.36,-72.36,6,stop_loss,43.93494,0.00128,3.55506,3.90074,,2021
AUDUSD,-1,2021-04-16 04:00:00,2021-04-16 13:00:00,0.77386,0.77559,0.77559,0.7704,0.4142,-17.3,-71.64,-71.64,9,stop_loss,37.01306,0.00115,1.82203,4.61236,tokyo,2021
AUDUSD,1,2021-04-16 22:00:00,2021-04-19 02:00:00,0.77324,0.77166,0.77166,0.7764,0.4484,-15.8,-70.93,-70.93,4,stop_loss,16.69751,0.00105,0.37383,4.91018,,2021
AUDUSD,1,2021-04-19 03:00:00,2021-04-19 09:00:00,0.77134,0.77435,0.76983,0.77435,0.4665,30.1,140.42,140.42,6,take_profit,16.33995,0.001,-1.4445,4.86651,tokyo,2021
AUDUSD,1,2021-04-20 02:00:00,2021-04-20 06:00:00,0.77619,0.77952,0.77452,0.77952,0.43,33.3,143.23,143.23,4,take_profit,16.84169,0.00111,1.47603,4.57024,tokyo,2021
AUDUSD,1,2021-04-21 02:00:00,2021-04-21 07:00:00,0.77299,0.77086,0.77086,0.77726,0.3423,-21.3,-73.04,-73.04,5,stop_loss,33.85874,0.00142,-1.63577,3.08273,tokyo,2021
AUDUSD,1,2021-04-21 21:00:00,2021-04-22 07:00:00,0.77554,0.77434,0.7734,0.77982,0.3379,-12.0,-40.55,-40.55,10,time_exit,28.92893,0.00143,1.09534,1.92982,new_york,2021
AUDUSD,-1,2021-04-23 04:00:00,2021-04-23 07:00:00,0.77112,0.77312,0.77312,0.76712,0.3592,-20.0,-71.92,-71.92,3,stop_loss,29.63517,0.00133,-1.5865,1.06664,tokyo,2021
AUDUSD,-1,2021-04-23 09:00:00,2021-04-23 19:00:00,0.77315,0.77402,0.77499,0.76948,0.3878,-8.7,-33.74,-33.74,10,time_exit,23.66594,0.00122,0.00095,1.05439,london,2021
AUDUSD,-1,2021-04-26 19:00:00,2021-04-27 05:00:00,0.78012,0.77848,0.78205,0.77625,0.3665,16.4,60.11,60.1,10,time_exit,28.34805,0.00129,3.28668,2.14773,new_york,2021
AUDUSD,-1,2021-04-27 18:00:00,2021-04-28 04:00:00,0.7773,0.77402,0.77894,0.77402,0.4356,32.8,142.92,142.92,10,take_profit,17.52965,0.00109,-0.24447,2.98184,new_york,2021
AUDUSD,1,2021-05-03 03:00:00,2021-05-03 13:00:00,0.77201,0.77362,0.77036,0.77531,0.4415,16.1,71.08,71.08,10,time_exit,36.82249,0.0011,-2.92499,-0.05519,tokyo,2021
AUDUSD,-1,2021-05-03 17:00:00,2021-05-03 18:00:00,0.77415,0.77589,0.77589,0.77068,0.4239,-17.4,-73.59,-73.59,1,stop_loss,21.81448,0.00116,-0.04028,-0.70145,new_york,2021
AUDUSD,-1,2021-05-04 11:00:00,2021-05-04 18:00:00,0.77213,0.76853,0.77393,0.76853,0.4049,36.0,145.74,145.74,7,take_profit,19.06245,0.0012,-2.01517,-0.34848,london,2021
AUDUSD,-1,2021-05-04 21:00:00,2021-05-05 03:00:00,0.77042,0.77261,0.77261,0.76603,0.3389,-21.9,-74.32,-74.33,6,stop_loss,30.6661,0.00146,-1.95494,-0.88528,new_york,2021
AUDUSD,-1,2021-05-05 08:00:00,2021-05-05 17:00:00,0.77316,0.77482,0.77482,0.76983,0.4424,-16.6,-73.57,-73.57,9,stop_loss,23.24875,0.00111,0.25486,-1.28657,tokyo,2021
AUDUSD,1,2021-05-05 20:00:00,2021-05-06 05:00:00,0.77411,0.77226,0.77226,0.77782,0.3927,-18.5,-72.84,-72.84,9,stop_loss,15.78633,0.00124,0.82696,-0.90559,new_york,2021
AUDUSD,-1,2021-05-11 02:00:00,2021-05-11 12:00:00,0.78393,0.78464,0.78593,0.77993,0.3602,-7.1,-25.57,-25.58,10,time_exit,33.83066,0.00133,0.65285,3.8165,tokyo,2021
AUDUSD,1,2021-05-11 17:00:00,2021-05-11 18:00:00,0.78554,0.78323,0.78323,0.79015,0.3114,-23.1,-71.85,-71.85,1,stop_loss,20.21022,0.00154,1.37369,3.02123,new_york,2021
AUDUSD,1,2021-05-12 03:00:00,2021-05-12 04:00:00,0.78376,0.7819,0.7819,0.78749,0.3816,-18.6,-71.13,-71.13,1,stop_loss,24.66959,0.00124,0.11316,3.49957,tokyo,2021
AUDUSD,1,2021-05-12 05:00:00,2021-05-12 06:00:00,0.78148,0.7795,0.7795,0.78543,0.3562,-19.8,-70.43,-70.43,1,stop_loss,28.18642,0.00132,-1.52186,3.15854,tokyo,2021
AUDUSD,1,2021-05-12 07:00:00,2021-05-12 15:00:00,0.77868,0.77662,0.77662,0.78279,0.3392,-20.6,-69.72,-69.72,8,stop_loss,33.09862,0.00137,-3.28647,2.81952,tokyo,2021
AUDUSD,1,2021-05-17 17:00:00,2021-05-18 03:00:00,0.7755,0.77769,0.77347,0.77956,0.3397,21.9,74.39,74.39,10,time_exit,17.27324,0.00135,0.045,-0.97973,new_york,2021
AUDUSD,1,2021-05-18 14:00:00,2021-05-19 00:00:00,0.77949,0.77921,0.77774,0.78299,0.399,-2.8,-11.17,-11.17,10,time_exit,24.78347,0.00117,2.01854,0.07395,london,2021
AUDUSD,-1,2021-05-19 05:00:00,2021-05-19 11:00:00,0.77838,0.77502,0.78006,0.77502,0.4143,33.6,139.31,139.31,6,take_profit,15.5752,0.00112,0.22358,0.67316,tokyo,2021
AUDUSD,1,2021-05-19 20:00:00,2021-05-19 21:00:00,0.77569,0.77344,0.77344,0.78018,0.3162,-22.5,-71.04,-71.04,1,stop_loss,27.10519,0.0015,-0.9727,-0.03152,new_york,2021
AUDUSD,1,2021-05-20 09:00:00,2021-05-20 19:00:00,0.77479,0.77685,0.77263,0.77911,0.326,20.6,67.16,67.15,10,time_exit,28.22259,0.00144,-0.57752,-0.77024,london,2021
AUDUSD,1,2021-05-21 04:00:00,2021-05-21 09:00:00,0.77677,0.77499,0.77499,0.78033,0.3984,-17.8,-71.01,-71.01,5,stop_loss,23.04301,0.00119,0.55027,-0.47182,tokyo,2021
AUDUSD,1,2021-05-21 14:00:00,2021-05-21 16:00:00,0.77716,0.77541,0.77541,0.78066,0.4021,-17.5,-70.3,-70.3,2,stop_loss,19.1316,0.00117,1.01654,-0.5201,london,2021
AUDUSD,-1,2021-05-21 22:00:00,2021-05-24 08:00:00,0.77319,0.7738,0.77525,0.76906,0.3374,-6.1,-20.58,-20.58,10,time_exit,21.04685,0.00138,-1.68346,-0.65896,,2021
AUDUSD,1,2021-05-24 17:00:00,2021-05-25 03:00:00,0.77502,0.77547,0.77312,0.77883,0.3644,4.5,16.4,16.4,10,time_exit,19.62798,0.00127,0.64695,-1.27315,new_york,2021
AUDUSD,1,2021-05-26 00:00:00,2021-05-26 05:00:00,0.77462,0.77799,0.77293,0.77799,0.4126,33.7,139.13,139.12,5,take_profit,10.90879,0.00112,0.21084,-0.53513,tokyo,2021
AUDUSD,-1,2021-05-26 07:00:00,2021-05-26 15:00:00,0.77876,0.77543,0.78042,0.77543,0.4262,33.3,141.89,141.89,8,take_profit,13.39383,0.00111,3.02868,-0.32779,tokyo,2021
AUDUSD,1,2021-05-27 14:00:00,2021-05-27 19:00:00,0.77486,0.77329,0.77329,0.77799,0.4621,-15.7,-72.37,-72.37,5,stop_loss,23.79217,0.00104,-0.15527,-0.55839,london,2021
AUDUSD,-1,2021-06-02 10:00:00,2021-06-02 17:00:00,0.77326,0.77486,0.77486,0.77006,0.4478,-16.0,-71.64,-71.64,7,stop_loss,16.1266,0.00107,-1.27434,0.0259,london,2021
AUDUSD,1,2021-06-02 23:00:00,2021-06-03 05:00:00,0.77535,0.77389,0.77389,0.77826,0.4868,-14.6,-70.92,-70.92,6,stop_loss,13.62968,0.00097,0.96208,-0.10656,,2021
AUDUSD,-1,2021-06-03 05:00:00,2021-06-03 15:00:00,0.77428,0.7715,0.77567,0.7715,0.5052,27.8,140.42,140.42,10,take_profit,12.37392,0.00093,-0.22739,-0.04687,tokyo,2021
AUDUSD,1,2021-06-04 17:00:00,2021-06-07 03:00:00,0.7737,0.77383,0.77148,0.77814,0.3227,1.3,4.2,4.19,10,time_exit,37.28438,0.00148,2.86962,-2.16604,new_york,2021
AUDUSD,1,2021-06-07 11:00:00,2021-06-07 21:00:00,0.77475,0.77592,0.77315,0.77794,0.4487,11.7,52.5,52.5,10,time_exit,36.49059,0.00106,2.88532,-1.0721,london,2021
AUDUSD,-1,2021-06-08 01:00:00,2021-06-08 11:00:00,0.77545,0.77461,0.77667,0.773,0.5902,8.4,49.58,49.57,10,time_exit,40.87588,0.00082,2.4304,0.28709,tokyo,2021
AUDUSD,-1,2021-06-08 17:00:00,2021-06-09 03:00:00,0.77371,0.77427,0.7752,0.77073,0.4873,-5.6,-27.29,-27.29,10,time_exit,20.09151,0.00099,-0.29892,0.54342,new_york,2021
AUDUSD,1,2021-06-09 21:00:00,2021-06-10 03:00:00,0.77357,0.77221,0.77221,0.77629,0.5315,-13.6,-72.42,-72.42,6,stop_loss,14.92974,0.00091,-0.51705,0.49962,new_york,2021
AUDUSD,1,2021-06-11 08:00:00,2021-06-11 14:00:00,0.77522,0.77394,0.77394,0.77779,0.5581,-12.8,-71.69,-71.69,6,stop_loss,7.79495,0.00086,0.91331,0.74216,tokyo,2021
AUDUSD,1,2021-06-11 22:00:00,2021-06-14 08:00:00,0.77028,0.77106,0.76853,0.77378,0.406,7.8,31.67,31.67,10,time_exit,27.65394,0.00117,-2.8934,-0.02872,,2021
AUDUSD,-1,2021-06-14 22:00:00,2021-06-15 08:00:00,0.7708,0.7716,0.77212,0.76817,0.5417,-8.0,-43.34,-43.34,10,time_exit,20.9831,0.00088,-1.44202,-1.19442,,2021
AUDUSD,1,2021-06-15 11:00:00,2021-06-15 12:00:00,0.77039,0.76912,0.76912,0.77293,0.5585,-12.7,-70.85,-70.85,1,stop_loss,18.56205,0.00085,-1.40355,-1.4952,london,2021
AUDUSD,-1,2021-06-16 07:00:00,2021-06-16 12:00:00,0.76942,0.77057,0.77057,0.76712,0.6096,-11.5,-70.15,-70.15,5,stop_loss,26.09526,0.00077,-0.81553,-2.68662,tokyo,2021
AUDUSD,-1,2021-06-17 03:00:00,2021-06-17 04:00:00,0.7615,0.76356,0.76356,0.75739,0.3376,-20.6,-69.44,-69.44,1,stop_loss,35.32421,0.00137,-4.96526,-2.15607,tokyo,2021
AUDUSD,-1,2021-06-22 09:00:00,2021-06-22 18:00:00,0.75081,0.75251,0.75251,0.74741,0.4045,-17.0,-68.75,-68.75,9,stop_loss,19.89151,0.00113,-1.97097,-7.48677,london,2021
AUDUSD,1,2021-06-23 00:00:00,2021-06-23 10:00:00,0.75512,0.75531,0.7532,0.75896,0.3545,1.9,6.74,6.73,10,time_exit,21.54937,0.00128,1.76146,-5.77635,tokyo,2021
AUDUSD,-1,2021-06-23 23:00:00,2021-06-24 09:00:00,0.75718,0.75808,0.759,0.75355,0.3752,-9.0,-33.77,-33.77,10,time_exit,36.63655,0.00121,1.68356,-3.56467,,2021
AUDUSD,-1,2021-06-25 05:00:00,2021-06-25 15:00:00,0.75892,0.76032,0.76032,0.75612,0.484,-14.0,-67.79,-67.79,10,stop_loss,24.20199,0.00093,1.89997,-2.04662,tokyo,2021
AUDUSD,-1,2021-06-25 18:00:00,2021-06-28 04:00:00,0.76025,0.75831,0.76171,0.75733,0.4598,19.4,89.2,89.2,10,time_exit,32.67678,0.00097,2.0937,-0.95824,new_york,2021
AUDUSD,1,2021-06-28 08:00:00,2021-06-28 14:00:00,0.75893,0.75746,0.75746,0.76187,0.4628,-14.7,-68.0,-68.01,6,stop_loss,17.21133,0.00098,0.46547,-0.63712,tokyo,2021
AUDUSD,-1,2021-06-29 06:00:00,2021-06-29 11:00:00,0.75562,0.75296,0.75695,0.75296,0.5059,26.6,134.66,134.66,5,take_profit,22.39378,0.00089,-2.17305,-1.2778,tokyo,2021
AUDUSD,1,2021-06-30 18:00:00,2021-07-01 03:00:00,0.75086,0.74924,0.74924,0.7541,0.4236,-16.2,-68.67,-68.67,9,stop_loss,34.18921,0.00108,-1.98576,-3.37282,new_york,2021
AUDUSD,-1,2021-07-01 07:00:00,2021-07-01 10:00:00,0.74913,0.75037,0.75037,0.74665,0.5493,-12.4,-67.98,-67.98,3,stop_loss,28.03614,0.00083,-2.9595,-5.09943,tokyo,2021
AUDUSD,1,2021-07-01 15:00:00,2021-07-01 17:00:00,0.75023,0.74875,0.74875,0.75319,0.4545,-14.8,-67.31,-67.31,2,stop_loss,22.96692,0.00099,-0.64744,-4.44393,london,2021
AUDUSD,1,2021-07-05 23:00:00,2021-07-06 05:00:00,0.75321,0.75576,0.75193,0.75576,0.5224,25.5,133.26,133.26,6,take_profit,27.95329,0.00085,2.3517,-2.1901,,2021
AUDUSD,-1,2021-07-06 10:00:00,2021-07-06 16:00:00,0.75906,0.75537,0.7609,0.75537,0.3685,36.9,135.94,135.94,6,take_profit,30.99248,0.00123,5.1359,-0.44796,london,2021
AUDUSD,-1,2021-07-07 02:00:00,2021-07-07 11:00:00,0.74935,0.75133,0.75133,0.74539,0.3504,-19.8,-69.33,-69.33,9,stop_loss,36.87634,0.00132,-2.37959,-0.55142,tokyo,2021
AUDUSD,-1,2021-07-07 14:00:00,2021-07-07 17:00:00,0.75162,0.748,0.75343,0.748,0.3791,36.2,137.27,137.26,3,take_profit,29.60606,0.00121,0.00016,-1.02665,london,2021
AUDUSD,-1,2021-07-07 19:00:00,2021-07-08 05:00:00,0.74843,0.74639,0.75076,0.74376,0.3,20.4,61.2,61.2,10,time_exit,26.96744,0.00156,-1.85699,-0.90583,new_york,2021
AUDUSD,1,2021-07-09 04:00:00,2021-07-09 13:00:00,0.74236,0.74619,0.74044,0.74619,0.3684,38.3,141.22,141.22,9,take_profit,33.89811,0.00128,-3.00154,-3.38332,tokyo,2021
AUDUSD,-1,2021-07-09 20:00:00,2021-07-12 06:00:00,0.74841,0.74714,0.75027,0.7447,0.388,12.7,49.28,49.27,10,time_exit,32.1822,0.00124,2.13868,-3.17675,new_york,2021
AUDUSD,1,2021-07-12 18:00:00,2021-07-12 20:00:00,0.74912,0.74723,0.74723,0.7529,0.3841,-18.9,-72.53,-72.53,2,stop_loss,21.31091,0.00126,1.8723,-2.0171,new_york,2021
AUDUSD,-1,2021-07-13 02:00:00,2021-07-13 04:00:00,0.74772,0.74931,0.74931,0.74454,0.4514,-15.9,-71.79,-71.79,2,stop_loss,15.60111,0.00106,0.60855,-1.97331,tokyo,2021
AUDUSD,-1,2021-07-14 02:00:00,2021-07-14 05:00:00,0.74446,0.74635,0.74635,0.74068,0.3764,-18.9,-71.08,-71.08,3,stop_loss,32.84623,0.00126,-1.84883,-1.52225,tokyo,2021
AUDUSD,-1,2021-07-20 05:00:00,2021-07-20 15:00:00,0.73458,0.73178,0.73654,0.73066,0.3587,28.0,100.44,100.43,10,time_exit,41.16254,0.00131,-2.38429,-4.58221,tokyo,2021
AUDUSD,-1,2021-07-20 21:00:00,2021-07-21 07:00:00,0.73252,0.73055,0.73464,0.72828,0.3363,19.7,66.25,66.25,10,time_exit,30.72831,0.00141,-1.88958,-4.82689,new_york,2021
AUDUSD,1,2021-07-21 18:00:00,2021-07-22 04:00:00,0.73411,0.73503,0.7322,0.73794,0.3764,9.2,34.63,34.63,10,time_exit,23.20566,0.00128,0.56022,-5.29331,new_york,2021
AUDUSD,-1,2021-07-22 16:00:00,2021-07-23 02:00:00,0.73827,0.73802,0.73997,0.73487,0.426,2.5,10.65,10.65,10,time_exit,24.21302,0.00113,2.74993,-3.70541,new_york,2021
AUDUSD,1,2021-07-28 15:00:00,2021-07-28 16:00:00,0.7343,0.73254,0.73254,0.73781,0.4127,-17.6,-72.49,-72.49,1,stop_loss,23.34139,0.00117,-1.5947,-1.27033,london,2021
AUDUSD,-1,2021-07-30 08:00:00,2021-07-30 16:00:00,0.73897,0.73582,0.74054,0.73582,0.4561,31.5,143.53,143.53,8,take_profit,14.50561,0.00105,0.71362,0.34366,tokyo,2021
AUDUSD,1,2021-08-02 14:00:00,2021-08-03 00:00:00,0.73588,0.7363,0.73433,0.73898,0.4719,4.2,19.82,19.82,10,time_exit,18.16685,0.00103,-0.21937,-1.06474,london,2021
AUDUSD,1,2021-08-03 13:00:00,2021-08-03 16:00:00,0.73936,0.7376,0.7376,0.74289,0.4163,-17.6,-73.4,-73.4,3,stop_loss,23.62656,0.00118,2.02747,-0.22282,london,2021
AUDUSD,1,2021-08-03 17:00:00,2021-08-04 01:00:00,0.73626,0.74013,0.73433,0.74013,0.3758,38.7,145.3,145.3,8,take_profit,23.59902,0.00129,-0.74825,-0.06683,new_york,2021
AUDUSD,-1,2021-08-04 15:00:00,2021-08-04 17:00:00,0.74114,0.73787,0.74277,0.73787,0.4537,32.7,148.23,148.23,2,take_profit,15.76865,0.00109,1.94285,1.06539,london,2021
AUDUSD,1,2021-08-04 17:00:00,2021-08-04 18:00:00,0.74219,0.74048,0.74048,0.74562,0.4411,-17.1,-75.59,-75.59,1,stop_loss,15.64095,0.00114,2.56481,1.14223,new_york,2021
AUDUSD,-1,2021-08-06 05:00:00,2021-08-06 15:00:00,0.73877,0.74006,0.74006,0.73619,0.5806,-12.9,-74.83,-74.83,10,stop_loss,11.92392,0.00086,-1.01326,1.41187,tokyo,2021
AUDUSD,-1,2021-08-09 12:00:00,2021-08-09 14:00:00,0.73425,0.73575,0.73575,0.73124,0.4925,-15.0,-74.09,-74.09,2,stop_loss,34.63419,0.001,-2.7071,-0.87824,london,2021
AUDUSD,-1,2021-08-09 14:00:00,2021-08-09 16:00:00,0.73427,0.73577,0.73577,0.73126,0.4874,-15.0,-73.35,-73.35,2,stop_loss,33.9541,0.001,-2.50924,-0.99954,london,2021
AUDUSD,-1,2021-08-10 02:00:00,2021-08-10 12:00:00,0.73302,0.73317,0.7344,0.73025,0.5245,-1.5,-7.87,-7.87,10,time_exit,27.08685,0.00092,-2.81318,-1.86687,tokyo,2021
AUDUSD,-1,2021-08-10 16:00:00,2021-08-10 17:00:00,0.73394,0.73543,0.73543,0.73096,0.4865,-14.9,-72.53,-72.53,1,stop_loss,20.00906,0.00099,-0.68156,-2.1968,new_york,2021
AUDUSD,-1,2021-08-13 11:00:00,2021-08-13 15:00:00,0.73416,0.73527,0.73527,0.73193,0.6441,-11.1,-71.81,-71.82,4,stop_loss,29.59319,0.00074,-0.85552,-1.55141,london,2021
AUDUSD,-1,2021-08-18 16:00:00,2021-08-18 21:00:00,0.7249,0.72642,0.72642,0.72187,0.4685,-15.2,-71.09,-71.09,5,stop_loss,60.19777,0.00101,-3.30743,-4.57165,new_york,2021
AUDUSD,-1,2021-08-20 02:00:00,2021-08-20 10:00:00,0.71485,0.71117,0.71669,0.71117,0.3821,36.8,140.78,140.78,8,take_profit,59.40671,0.00123,-4.73551,-6.68153,tokyo,2021
AUDUSD,-1,2021-08-20 19:00:00,2021-08-23 04:00:00,0.7133,0.71547,0.71547,0.70897,0.3313,-21.7,-71.8,-71.8,9,stop_loss,45.0288,0.00144,-2.50051,-6.56778,new_york,2021
AUDUSD,1,2021-08-23 23:00:00,2021-08-24 09:00:00,0.72149,0.72316,0.71996,0.72454,0.4658,16.7,77.79,77.79,10,time_exit,35.37039,0.00102,3.99551,-6.58024,,2021
AUDUSD,1,2021-08-26 11:00:00,2021-08-26 17:00:00,0.72625,0.72484,0.72484,0.72907,0.5095,-14.1,-71.86,-71.86,6,stop_loss,20.81794,0.00094,1.31781,0.45467,london,2021
AUDUSD,-1,2021-08-27 02:00:00,2021-08-27 09:00:00,0.7243,0.7256,0.7256,0.72171,0.5483,-13.0,-71.14,-71.14,7,stop_loss,30.39938,0.00086,-0.65291,0.30812,tokyo,2021
AUDUSD,1,2021-08-27 22:00:00,2021-08-30 08:00:00,0.73117,0.72958,0.72922,0.73507,0.3607,-15.9,-57.35,-57.35,10,time_exit,27.15252,0.0013,4.04548,0.76611,,2021
AUDUSD,-1,2021-08-31 02:00:00,2021-08-31 06:00:00,0.72931,0.73055,0.73055,0.72683,0.5623,-12.4,-69.84,-69.85,4,stop_loss,10.60935,0.00083,0.8992,2.91961,tokyo,2021
AUDUSD,1,2021-09-01 08:00:00,2021-09-01 10:00:00,0.73128,0.73406,0.72989,0.73406,0.4968,27.8,138.3,138.29,2,take_profit,13.14615,0.00093,0.68838,3.34682,tokyo,2021
AUDUSD,1,2021-09-01 19:00:00,2021-09-02 05:00:00,0.7368,0.73593,0.73512,0.74016,0.4202,-8.7,-36.56,-36.56,10,time_exit,28.17881,0.00112,4.12903,3.46973,new_york,2021
AUDUSD,1,2021-09-02 16:00:00,2021-09-03 02:00:00,0.73955,0.73975,0.73811,0.74242,0.4882,2.0,9.76,9.76,10,time_exit,35.29104,0.00096,4.43085,5.48794,new_york,2021
AUDUSD,1,2021-09-06 04:00:00,2021-09-06 14:00:00,0.7436,0.74396,0.74198,0.74683,0.4346,3.6,15.65,15.64,10,time_exit,55.3428,0.00108,2.05558,6.97156,tokyo,2021
AUDUSD,-1,2021-09-07 05:00:00,2021-09-07 07:00:00,0.74535,0.74658,0.74658,0.74289,0.5728,-12.3,-70.42,-70.42,2,stop_loss,18.0215,0.00082,3.01117,8.34455,tokyo,2021
AUDUSD,-1,2021-09-08 09:00:00,2021-09-08 11:00:00,0.73846,0.73552,0.73993,0.73552,0.4747,29.4,139.42,139.41,2,take_profit,25.85945,0.00098,-2.3092,3.79634,london,2021
AUDUSD,1,2021-09-09 00:00:00,2021-09-09 10:00:00,0.73618,0.73749,0.73445,0.73964,0.4105,13.1,53.78,53.77,10,time_exit,30.59659,0.00115,-2.11765,1.77392,tokyo,2021
AUDUSD,-1,2021-09-10 19:00:00,2021-09-13 05:00:00,0.73662,0.73604,0.73841,0.73303,0.3992,5.8,23.15,23.15,10,time_exit,18.56763,0.0012,-1.33163,0.80546,new_york,2021
AUDUSD,1,2021-09-13 11:00:00,2021-09-13 21:00:00,0.73587,0.73609,0.73405,0.73952,0.3939,2.2,8.67,8.66,10,time_exit,17.50347,0.00122,-0.953,0.00464,london,2021
AUDUSD,1,2021-09-15 09:00:00,2021-09-15 19:00:00,0.73216,0.73232,0.73043,0.73562,0.4155,1.6,6.65,6.65,10,time_exit,18.98083,0.00115,-1.70402,-1.64403,london,2021
AUDUSD,1,2021-09-16 17:00:00,2021-09-17 03:00:00,0.72917,0.72869,0.7275,0.73252,0.4307,-4.8,-20.67,-20.68,10,time_exit,17.73994,0.00112,-3.20152,-2.02112,new_york,2021
AUDUSD,-1,2021-09-17 18:00:00,2021-09-20 04:00:00,0.72741,0.72433,0.72919,0.72386,0.4044,30.8,124.56,124.55,10,time_exit,20.45441,0.00118,-2.9138,-2.4958,new_york,2021
AUDUSD,-1,2021-09-20 17:00:00,2021-09-21 03:00:00,0.72537,0.72526,0.72736,0.7214,0.3678,1.1,4.05,4.04,10,time_exit,35.05505,0.00132,-1.35504,-3.64659,new_york,2021
AUDUSD,1,2021-09-22 04:00:00,2021-09-22 14:00:00,0.72309,0.725,0.72132,0.72663,0.4131,19.1,78.9,78.9,10,time_exit,32.07689,0.00118,-1.89628,-3.90041,tokyo,2021
AUDUSD,-1,2021-09-23 13:00:00,2021-09-23 16:00:00,0.72815,0.73024,0.73024,0.72397,0.3537,-20.9,-73.9,-73.9,3,stop_loss,28.03327,0.00139,2.27325,-2.51569,london,2021
AUDUSD,-1,2021-09-24 08:00:00,2021-09-24 14:00:00,0.72958,0.7257,0.73152,0.7257,0.3771,38.8,146.33,146.33,6,take_profit,36.25062,0.00129,1.55984,-0.89588,tokyo,2021
AUDUSD,1,2021-09-24 21:00:00,2021-09-27 07:00:00,0.72537,0.7282,0.72332,0.72947,0.364,28.3,103.01,103.01,10,time_exit,24.37478,0.00137,-1.19999,-1.03418,new_york,2021
AUDUSD,-1,2021-09-27 07:00:00,2021-09-27 17:00:00,0.72782,0.72816,0.72957,0.72432,0.4322,-3.4,-14.69,-14.7,10,time_exit,19.13351,0.00117,0.72526,-1.11023,tokyo,2021
AUDUSD,-1,2021-09-28 16:00:00,2021-09-29 02:00:00,0.72396,0.72441,0.7262,0.71948,0.337,-4.5,-15.16,-15.17,10,time_exit,21.74905,0.00149,-2.28531,-0.47559,new_york,2021
AUDUSD,1,2021-09-29 06:00:00,2021-09-29 15:00:00,0.72404,0.72207,0.72207,0.72798,0.3823,-19.7,-75.35,-75.36,9,stop_loss,29.93622,0.00131,-1.39993,-1.25966,tokyo,2021
AUDUSD,-1,2021-09-30 09:00:00,2021-09-30 16:00:00,0.72043,0.72223,0.72223,0.71684,0.4154,-18.0,-74.6,-74.6,7,stop_loss,35.24511,0.0012,-1.42994,-3.13613,london,2021
AUDUSD,-1,2021-10-01 19:00:00,2021-10-04 05:00:00,0.72704,0.72612,0.72944,0.72224,0.3074,9.2,28.28,28.28,10,time_exit,25.51102,0.0016,2.66462,-1.35427,new_york,2021
AUDUSD,1,2021-10-04 07:00:00,2021-10-04 17:00:00,0.72619,0.73023,0.72417,0.73023,0.3667,40.4,148.29,148.29,10,take_profit,22.97571,0.00135,1.4564,-0.6704,tokyo,2021
AUDUSD,-1,2021-10-04 17:00:00,2021-10-05 03:00:00,0.7298,0.72784,0.73182,0.72576,0.3746,19.6,73.42,73.42,10,time_exit,19.30177,0.00135,3.3441,0.00256,new_york,2021
AUDUSD,1,2021-10-05 05:00:00,2021-10-05 15:00:00,0.72658,0.72824,0.72477,0.7302,0.4217,16.6,70.0,70.0,10,time_exit,17.13497,0.00121,0.03727,0.67985,tokyo,2021
AUDUSD,-1,2021-10-05 17:00:00,2021-10-06 03:00:00,0.72819,0.7285,0.73012,0.72433,0.3996,-3.1,-12.39,-12.39,10,time_exit,17.28801,0.00129,1.06587,0.72687,new_york,2021
AUDUSD,1,2021-10-06 09:00:00,2021-10-06 10:00:00,0.7259,0.7242,0.7242,0.7293,0.4529,-17.0,-76.93,-76.94,1,stop_loss,20.25193,0.00113,-1.30464,1.01514,london,2021
AUDUSD,-1,2021-10-06 19:00:00,2021-10-07 01:00:00,0.72564,0.72778,0.72778,0.72135,0.3551,-21.4,-76.16,-76.16,6,stop_loss,27.30632,0.00143,-0.5821,0.28571,new_york,2021
AUDUSD,-1,2021-10-07 17:00:00,2021-10-07 18:00:00,0.72959,0.7316,0.7316,0.72557,0.375,-20.1,-75.4,-75.4,1,stop_loss,21.80467,0.00134,1.50388,0.83718,new_york,2021
AUDUSD,-1,2021-10-07 20:00:00,2021-10-08 06:00:00,0.73128,0.7306,0.73333,0.72717,0.3633,6.8,24.7,24.7,10,time_exit,23.25331,0.00137,2.36004,1.02871,new_york,2021
AUDUSD,-1,2021-10-08 12:00:00,2021-10-08 15:00:00,0.72946,0.73101,0.73101,0.72635,0.4822,-15.5,-74.9,-74.9,3,stop_loss,19.54176,0.00104,0.16226,1.96466,london,2021
AUDUSD,-1,2021-10-08 23:00:00,2021-10-11 04:00:00,0.73105,0.73283,0.73283,0.72748,0.4159,-17.8,-74.15,-74.15,5,stop_loss,24.38907,0.00119,0.98626,1.8835,,2021
AUDUSD,-1,2021-10-13 13:00:00,2021-10-13 17:00:00,0.73503,0.73671,0.73671,0.73166,0.4358,-16.8,-73.41,-73.41,4,stop_loss,17.82209,0.00112,0.55233,3.17561,london,2021
AUDUSD,-1,2021-10-13 21:00:00,2021-10-14 07:00:00,0.73757,0.7388,0.73965,0.7334,0.3488,-12.3,-42.9,-42.9,10,time_exit,14.1276,0.00139,1.91647,2.63161,new_york,2021
AUDUSD,1,2021-10-14 07:00:00,2021-10-14 16:00:00,0.73886,0.74226,0.73716,0.74226,0.4243,34.0,144.46,144.46,9,take_profit,9.63584,0.00113,2.5624,3.57689,tokyo,2021
AUDUSD,-1,2021-10-14 20:00:00,2021-10-15 06:00:00,0.74125,0.74162,0.74288,0.738,0.453,-3.7,-16.76,-16.76,10,time_exit,27.23832,0.00108,2.98664,4.62786,new_york,2021
AUDUSD,-1,2021-10-15 15:00:00,2021-10-18 01:00:00,0.74184,0.74339,0.74339,0.73875,0.4756,-15.5,-73.52,-73.52,10,stop_loss,27.53453,0.00103,1.71794,5.38672,london,2021
AUDUSD,-1,2021-10-19 17:00:00,2021-10-20 03:00:00,0.74701,0.74744,0.74859,0.74386,0.4614,-4.3,-19.84,-19.84,10,time_exit,36.15196,0.00105,3.81742,5.02231,new_york,2021
AUDUSD,1,2021-10-22 03:00:00,2021-10-22 10:00:00,0.74633,0.74979,0.7446,0.74979,0.4197,34.6,145.16,145.16,7,take_profit,27.47126,0.00115,-1.8022,4.87888,tokyo,2021
AUDUSD,1,2021-10-25 19:00:00,2021-10-26 05:00:00,0.7494,0.75062,0.74747,0.75325,0.3843,12.2,46.88,46.88,10,time_exit,14.72328,0.00128,0.80467,2.93237,new_york,2021
AUDUSD,1,2021-10-26 07:00:00,2021-10-26 10:00:00,0.75139,0.74984,0.74984,0.75449,0.4814,-15.5,-74.5,-74.5,3,stop_loss,13.42354,0.00103,2.45939,3.58207,tokyo,2021
AUDUSD,-1,2021-10-27 01:00:00,2021-10-27 03:00:00,0.74992,0.75147,0.75147,0.74682,0.4758,-15.5,-73.75,-73.76,2,stop_loss,11.00544,0.00103,0.18277,3.55232,tokyo,2021
AUDUSD,-1,2021-10-28 00:00:00,2021-10-28 10:00:00,0.75133,0.75185,0.75318,0.74764,0.3953,-5.2,-20.56,-20.56,10,time_exit,19.25016,0.00123,0.78356,2.9731,tokyo,2021
AUDUSD,-1,2021-10-28 12:00:00,2021-10-28 16:00:00,0.75121,0.75293,0.75293,0.74776,0.4225,-17.2,-72.81,-72.82,4,stop_loss,13.87739,0.00115,0.31699,2.82922,london,2021
AUDUSD,1,2021-10-29 04:00:00,2021-10-29 14:00:00,0.75301,0.75354,0.75117,0.75669,0.392,5.3,20.78,20.77,10,time_exit,15.59362,0.00123,0.7352,2.97021,tokyo,2021
AUDUSD,-1,2021-11-01 05:00:00,2021-11-01 15:00:00,0.75147,0.75166,0.7533,0.74781,0.3949,-1.9,-7.5,-7.51,10,time_exit,15.14733,0.00122,-0.64328,2.38692,tokyo,2021
AUDUSD,1,2021-11-02 04:00:00,2021-11-02 06:00:00,0.75227,0.75086,0.75086,0.75509,0.5116,-14.1,-72.22,-72.23,2,stop_loss,11.51197,0.00094,0.3561,2.23002,tokyo,2021
AUDUSD,1,2021-11-09 06:00:00,2021-11-09 16:00:00,0.7401,0.73927,0.7385,0.7433,0.4472,-8.3,-37.12,-37.12,10,time_exit,20.41106,0.00107,-0.79476,-2.96013,tokyo,2021
AUDUSD,1,2021-11-10 00:00:00,2021-11-10 07:00:00,0.73773,0.73605,0.73605,0.74108,0.4245,-16.8,-71.12,-71.12,7,stop_loss,27.51463,0.00112,-2.06596,-2.83657,tokyo,2021
AUDUSD,-1,2021-11-11 11:00:00,2021-11-11 21:00:00,0.72993,0.72921,0.73205,0.72568,0.3318,7.2,23.89,23.89,10,time_exit,35.35472,0.00142,-3.75326,-3.85971,london,2021
AUDUSD,1,2021-11-15 17:00:00,2021-11-15 22:00:00,0.73585,0.73446,0.73446,0.73863,0.5089,-13.9,-70.65,-70.65,5,stop_loss,42.49612,0.00093,2.70485,-4.01712,new_york,2021
AUDUSD,-1,2021-11-16 18:00:00,2021-11-17 04:00:00,0.73168,0.72847,0.73349,0.72807,0.3872,32.1,124.29,124.29,10,time_exit,21.64221,0.0012,-1.85111,-2.14339,new_york,2021
AUDUSD,-1,2021-11-17 21:00:00,2021-11-18 07:00:00,0.72678,0.72778,0.72858,0.72318,0.3953,-10.0,-39.53,-39.53,10,time_exit,40.80799,0.0012,-2.99016,-3.58828,new_york,2021
AUDUSD,1,2021-11-18 08:00:00,2021-11-18 15:00:00,0.72779,0.72627,0.72627,0.73083,0.466,-15.2,-70.79,-70.79,7,stop_loss,39.54344,0.00101,-1.22905,-4.73305,tokyo,2021
AUDUSD,-1,2021-11-19 05:00:00,2021-11-19 08:00:00,0.7271,0.72859,0.72859,0.72411,0.4695,-14.9,-70.09,-70.1,3,stop_loss,18.33822,0.001,-1.09145,-4.4801,tokyo,2021
AUDUSD,-1,2021-11-22 14:00:00,2021-11-22 15:00:00,0.72568,0.72727,0.72727,0.7225,0.436,-15.9,-69.39,-69.4,1,stop_loss,19.73158,0.00106,-0.01815,-4.49323,london,2021
AUDUSD,-1,2021-11-23 12:00:00,2021-11-23 22:00:00,0.72247,0.72287,0.72417,0.71908,0.4048,-4.0,-16.19,-16.19,10,time_exit,21.19751,0.00113,-1.39753,-4.3789,london,2021
AUDUSD,1,2021-11-25 01:00:00,2021-11-25 11:00:00,0.71949,0.71895,0.71797,0.72252,0.4518,-5.4,-24.4,-24.4,10,time_exit,27.21012,0.00101,-2.01671,-5.00905,tokyo,2021
AUDUSD,1,2021-11-26 07:00:00,2021-11-26 09:00:00,0.71414,0.71263,0.71263,0.71715,0.4533,-15.1,-68.29,-68.29,2,stop_loss,38.5919,0.001,-4.87473,-5.3739,tokyo,2021
AUDUSD,-1,2021-11-29 01:00:00,2021-11-29 02:00:00,0.71168,0.71397,0.71397,0.70709,0.2946,-22.9,-67.6,-67.6,1,stop_loss,50.43621,0.00153,-2.76514,-4.33698,tokyo,2021
AUDUSD,-1,2021-11-29 05:00:00,2021-11-29 15:00:00,0.71425,0.71456,0.71654,0.70968,0.2929,-3.1,-9.08,-9.08,10,time_exit,41.00722,0.00152,-0.92475,-4.31942,tokyo,2021
AUDUSD,-1,2021-11-30 00:00:00,2021-11-30 07:00:00,0.71424,0.7107,0.71601,0.7107,0.3777,35.4,133.66,133.65,7,take_profit,22.7852,0.00118,-0.28093,-5.21514,tokyo,2021
AUDUSD,-1,2021-11-30 12:00:00,2021-11-30 15:00:00,0.71254,0.71469,0.71469,0.70824,0.3172,-21.5,-68.18,-68.18,3,stop_loss,23.1059,0.00143,-1.06123,-4.09661,london,2021
AUDUSD,1,2021-11-30 16:00:00,2021-11-30 17:00:00,0.7152,0.71318,0.71318,0.71925,0.3337,-20.2,-67.5,-67.5,1,stop_loss,20.23689,0.00135,0.85826,-4.19161,new_york,2021
AUDUSD,1,2021-12-03 06:00:00,2021-12-03 11:00:00,0.707,0.70525,0.70525,0.71051,0.381,-17.5,-66.82,-66.83,5,stop_loss,27.85838,0.00117,-3.32666,-4.47743,tokyo,2021
AUDUSD,-1,2021-12-03 11:00:00,2021-12-03 15:00:00,0.70582,0.70754,0.70754,0.70238,0.3844,-17.2,-66.14,-66.14,4,stop_loss,30.26913,0.00115,-3.77609,-4.81297,london,2021
AUDUSD,-1,2021-12-03 17:00:00,2021-12-06 03:00:00,0.70326,0.70213,0.70538,0.69902,0.309,11.3,34.92,34.91,10,time_exit,30.31153,0.00141,-4.16506,-4.20437,new_york,2021
AUDUSD,1,2021-12-07 03:00:00,2021-12-07 06:00:00,0.70437,0.70739,0.70286,0.70739,0.4366,30.2,131.67,131.67,3,take_profit,29.64327,0.00101,-0.39004,-6.74105,tokyo,2021
AUDUSD,-1,2021-12-07 22:00:00,2021-12-08 04:00:00,0.71158,0.71345,0.71345,0.70784,0.3591,-18.7,-67.15,-67.15,6,stop_loss,42.89259,0.00125,3.38853,-3.05251,,2021
AUDUSD,1,2021-12-08 09:00:00,2021-12-08 17:00:00,0.71284,0.71593,0.71129,0.71593,0.4298,30.9,132.96,132.96,8,take_profit,44.19978,0.00103,3.49577,-2.01829,london,2021
AUDUSD,-1,2021-12-08 22:00:00,2021-12-09 08:00:00,0.71784,0.71777,0.7197,0.71411,0.3636,0.7,2.55,2.54,10,time_exit,39.11174,0.00124,4.98751,-0.08583,,2021
AUDUSD,-1,2021-12-10 19:00:00,2021-12-13 05:00:00,0.71767,0.71719,0.71973,0.71356,0.3299,4.8,15.84,15.83,10,time_exit,19.26711,0.00137,1.98971,1.29374,new_york,2021
AUDUSD,-1,2021-12-13 22:00:00,2021-12-14 04:00:00,0.7138,0.71047,0.71546,0.71047,0.4088,33.3,135.98,135.97,6,take_profit,28.79106,0.00111,-0.78709,1.01235,,2021
AUDUSD,1,2021-12-14 21:00:00,2021-12-15 07:00:00,0.71051,0.71156,0.7086,0.71433,0.3627,10.5,38.08,38.08,10,time_exit,23.51297,0.00127,-1.85317,-0.26097,new_york,2021
AUDUSD,-1,2021-12-15 08:00:00,2021-12-15 10:00:00,0.71157,0.71299,0.71299,0.70873,0.4917,-14.2,-69.73,-69.74,2,stop_loss,21.37811,0.00095,-0.60274,-0.8666,tokyo,2021
AUDUSD,1,2021-12-16 16:00:00,2021-12-16 17:00:00,0.72207,0.71992,0.71992,0.72637,0.321,-21.5,-69.04,-69.04,1,stop_loss,19.07646,0.00143,4.6309,1.14519,new_york,2021
AUDUSD,1,2021-12-17 20:00:00,2021-12-17 22:00:00,0.7144,0.71251,0.71251,0.71817,0.3622,-18.9,-68.34,-68.34,2,stop_loss,23.79919,0.00126,-1.42016,1.32246,new_york,2021
AUDUSD,1,2021-12-20 00:00:00,2021-12-20 01:00:00,0.71278,0.71097,0.71097,0.71639,0.3745,-18.1,-67.66,-67.66,1,stop_loss,29.94553,0.0012,-2.63236,1.04209,tokyo,2021
AUDUSD,-1,2021-12-20 08:00:00,2021-12-20 16:00:00,0.71055,0.71232,0.71232,0.70701,0.378,-17.7,-66.99,-66.99,8,stop_loss,45.95049,0.00118,-3.41282,0.29727,tokyo,2021
AUDUSD,1,2021-12-22 19:00:00,2021-12-23 04:00:00,0.72139,0.71967,0.71967,0.72484,0.3848,-17.2,-66.32,-66.32,9,stop_loss,30.75792,0.00115,5.85765,0.6429,new_york,2021
AUDUSD,-1,2021-12-24 03:00:00,2021-12-24 13:00:00,0.72344,0.72358,0.72482,0.72067,0.4749,-1.4,-6.65,-6.65,10,time_exit,28.15005,0.00092,2.89364,4.76853,tokyo,2021
AUDUSD,1,2021-12-24 13:00:00,2021-12-24 16:00:00,0.72407,0.72303,0.72303,0.72616,0.6285,-10.4,-65.59,-65.59,3,stop_loss,17.51699,0.0007,3.41814,6.6696,london,2021
AUDUSD,-1,2021-12-27 07:00:00,2021-12-27 11:00:00,0.72336,0.72107,0.7245,0.72107,0.5672,22.9,129.85,129.85,4,take_profit,14.6768,0.00076,1.4461,5.8058,tokyo,2021
AUDUSD,1,2021-12-27 19:00:00,2021-12-28 05:00:00,0.72375,0.72352,0.7224,0.72644,0.4916,-2.3,-11.31,-11.31,10,time_exit,17.79465,0.0009,1.58523,4.44315,new_york,2021
AUDUSD,1,2021-12-28 09:00:00,2021-12-28 17:00:00,0.7246,0.72339,0.72339,0.72702,0.5468,-12.1,-66.12,-66.12,8,stop_loss,12.04719,0.00081,2.01508,4.85721,london,2021
AUDUSD,1,2021-12-29 09:00:00,2021-12-29 17:00:00,0.72192,0.72493,0.72041,0.72493,0.4345,30.1,130.92,130.92,8,take_profit,23.41874,0.001,-1.20938,3.13844,london,2021
AUDUSD,1,2021-12-30 05:00:00,2021-12-30 09:00:00,0.72605,0.72439,0.72439,0.72937,0.4027,-16.6,-66.77,-66.77,4,stop_loss,25.55951,0.00111,1.90216,2.86202,tokyo,2021
AUDUSD,-1,2021-12-31 02:00:00,2021-12-31 10:00:00,0.72495,0.72647,0.72647,0.72191,0.4343,-15.2,-66.1,-66.1,8,stop_loss,20.2739,0.00101,0.0899,3.11196,tokyo,2021
AUDUSD,1,2022-01-03 05:00:00,2022-01-03 15:00:00,0.72523,0.72354,0.72354,0.72861,0.387,-16.9,-65.44,-65.44,10,stop_loss,19.67676,0.00113,-0.34911,2.68899,tokyo,2022
AUDUSD,-1,2022-01-03 16:00:00,2022-01-03 17:00:00,0.72226,0.71898,0.7239,0.71898,0.3952,32.8,129.57,129.57,1,take_profit,20.34109,0.00109,-2.78189,2.29056,new_york,2022
AUDUSD,-1,2022-01-04 02:00:00,2022-01-04 06:00:00,0.71957,0.72118,0.72118,0.71636,0.4117,-16.1,-66.08,-66.08,4,stop_loss,40.61085,0.00107,-3.49898,0.78255,tokyo,2022
AUDUSD,-1,2022-01-05 03:00:00,2022-01-05 13:00:00,0.72379,0.72549,0.72549,0.72039,0.3843,-17.0,-65.41,-65.41,10,stop_loss,19.73278,0.00113,1.00302,0.26143,tokyo,2022
AUDUSD,1,2022-01-06 08:00:00,2022-01-06 09:00:00,0.7174,0.71558,0.71558,0.72104,0.3561,-18.2,-64.77,-64.77,1,stop_loss,32.75561,0.00121,-4.33817,0.09714,tokyo,2022
AUDUSD,1,2022-01-06 19:00:00,2022-01-07 05:00:00,0.71672,0.71662,0.71462,0.72092,0.3055,-1.0,-3.05,-3.06,10,time_exit,39.49635,0.0014,-2.62088,-1.0782,new_york,2022
AUDUSD,1,2022-01-10 16:00:00,2022-01-10 17:00:00,0.71716,0.71549,0.71549,0.7205,0.3835,-16.7,-64.08,-64.08,1,stop_loss,17.2702,0.00111,-1.00085,-1.80751,new_york,2022
AUDUSD,1,2022-01-10 23:00:00,2022-01-11 09:00:00,0.71768,0.71893,0.71594,0.72115,0.3657,12.5,45.71,45.71,10,time_exit,22.82903,0.00116,-0.19235,-1.84783,,2022
AUDUSD,1,2022-01-12 02:00:00,2022-01-12 12:00:00,0.72097,0.72096,0.71938,0.72415,0.4018,-0.1,-0.4,-0.4,10,time_exit,17.66397,0.00106,2.17909,-1.02995,tokyo,2022
AUDUSD,-1,2022-01-12 12:00:00,2022-01-12 15:00:00,0.72117,0.7226,0.7226,0.7183,0.4458,-14.3,-63.89,-63.89,3,stop_loss,14.83946,0.00096,1.71949,-0.40495,london,2022
AUDUSD,-1,2022-01-13 02:00:00,2022-01-13 09:00:00,0.72817,0.72978,0.72978,0.72496,0.3936,-16.1,-63.26,-63.26,7,stop_loss,41.21549,0.00107,5.20957,1.72709,tokyo,2022
AUDUSD,-1,2022-01-17 14:00:00,2022-01-18 00:00:00,0.72202,0.72081,0.72365,0.71876,0.3843,12.1,46.5,46.5,10,time_exit,31.11641,0.00109,-1.46367,0.74998,london,2022
AUDUSD,1,2022-01-18 07:00:00,2022-01-18 15:00:00,0.71946,0.71774,0.71774,0.72289,0.3675,-17.2,-63.09,-63.09,8,stop_loss,19.64327,0.00114,-2.51425,-0.16421,tokyo,2022
AUDUSD,1,2022-01-20 06:00:00,2022-01-20 16:00:00,0.72356,0.72656,0.72172,0.72723,0.34,30.0,102.0,102.0,10,time_exit,26.02611,0.00122,1.92384,-0.42117,tokyo,2022
AUDUSD,1,2022-01-20 16:00:00,2022-01-20 21:00:00,0.72582,0.72402,0.72402,0.72943,0.352,-18.0,-63.48,-63.49,5,stop_loss,28.36784,0.0012,3.14997,0.10653,new_york,2022
AUDUSD,-1,2022-01-20 23:00:00,2022-01-21 09:00:00,0.72218,0.71976,0.72422,0.71809,0.3076,24.2,74.44,74.44,10,time_exit,31.00907,0.00136,-0.4744,0.49924,,2022
AUDUSD,1,2022-01-21 09:00:00,2022-01-21 19:00:00,0.71926,0.71899,0.71721,0.72337,0.3097,-2.7,-8.36,-8.36,10,time_exit,31.11089,0.00137,-1.96605,-0.00683,london,2022
AUDUSD,-1,2022-01-24 20:00:00,2022-01-24 22:00:00,0.71108,0.71332,0.71332,0.70661,0.284,-22.4,-63.51,-63.52,2,stop_loss,35.19161,0.00149,-4.05976,-2.14497,new_york,2022
AUDUSD,-1,2022-01-26 00:00:00,2022-01-26 10:00:00,0.71489,0.71586,0.71715,0.71036,0.2778,-9.7,-26.95,-26.95,10,time_exit,21.16773,0.00151,-0.0794,-2.37652,tokyo,2022
AUDUSD,-1,2022-01-26 20:00:00,2022-01-26 21:00:00,0.71702,0.71365,0.7187,0.71365,0.3715,33.7,125.19,125.19,1,take_profit,26.26474,0.00112,1.00194,-2.23831,new_york,2022
AUDUSD,1,2022-01-27 00:00:00,2022-01-27 03:00:00,0.71128,0.70886,0.70886,0.71613,0.2636,-24.2,-63.86,-63.86,3,stop_loss,30.62414,0.00162,-2.34277,-1.71096,tokyo,2022
AUDUSD,1,2022-01-27 09:00:00,2022-01-27 17:00:00,0.70674,0.70453,0.70453,0.71116,0.2859,-22.1,-63.21,-63.21,8,stop_loss,47.38409,0.00147,-4.50414,-2.70382,london,2022
AUDUSD,1,2022-01-28 05:00:00,2022-01-28 07:00:00,0.7045,0.70243,0.70243,0.70864,0.3024,-20.7,-62.58,-62.58,2,stop_loss,47.11283,0.00138,-3.1085,-4.65088,tokyo,2022
AUDUSD,1,2022-01-28 09:00:00,2022-01-28 10:00:00,0.70336,0.70132,0.70132,0.70744,0.3036,-20.4,-61.96,-61.97,1,stop_loss,45.2324,0.00136,-3.37404,-4.95591,london,2022
AUDUSD,-1,2022-02-02 15:00:00,2022-02-02 18:00:00,0.7157,0.71193,0.71758,0.71193,0.3257,37.7,122.65,122.65,3,take_profit,30.36215,0.00126,4.24017,-0.39216,london,2022
AUDUSD,1,2022-02-02 19:00:00,2022-02-03 05:00:00,0.71256,0.71283,0.71054,0.71661,0.3093,2.7,8.35,8.35,10,time_exit,25.06593,0.00135,1.35029,-0.15389,new_york,2022
AUDUSD,1,2022-02-03 07:00:00,2022-02-03 16:00:00,0.71187,0.71518,0.71021,0.71518,0.3781,33.1,125.28,125.28,9,take_profit,16.45945,0.0011,0.25714,0.35208,tokyo,2022
AUDUSD,-1,2022-02-07 13:00:00,2022-02-07 14:00:00,0.70897,0.71087,0.71087,0.70517,0.3367,-19.0,-63.89,-63.89,1,stop_loss,25.50075,0.00127,-0.70191,-0.80833,london,2022
AUDUSD,1,2022-02-09 03:00:00,2022-02-09 12:00:00,0.71438,0.71746,0.71284,0.71746,0.4113,30.8,126.51,126.51,9,take_profit,25.04272,0.00103,2.02351,0.82764,tokyo,2022
AUDUSD,-1,2022-02-10 02:00:00,2022-02-10 10:00:00,0.71772,0.71903,0.71903,0.7151,0.4929,-13.1,-64.52,-64.52,8,stop_loss,36.91563,0.00087,2.63528,3.15405,tokyo,2022
AUDUSD,1,2022-02-11 05:00:00,2022-02-11 06:00:00,0.71487,0.71201,0.71201,0.72059,0.2235,-28.6,-63.89,-63.89,1,stop_loss,27.83065,0.00191,-1.12332,1.6227,tokyo,2022
AUDUSD,1,2022-02-14 00:00:00,2022-02-14 10:00:00,0.71281,0.70983,0.70983,0.71878,0.2119,-29.8,-63.23,-63.24,10,stop_loss,25.61562,0.00199,-1.43712,0.81713,tokyo,2022
AUDUSD,1,2022-02-14 18:00:00,2022-02-15 04:00:00,0.71192,0.71402,0.70922,0.71733,0.2315,21.0,48.61,48.61,10,time_exit,20.54345,0.0018,-0.94959,-0.00754,new_york,2022
AUDUSD,-1,2022-02-16 19:00:00,2022-02-16 21:00:00,0.71819,0.72012,0.72012,0.71432,0.3263,-19.3,-63.1,-63.1,2,stop_loss,16.58846,0.00129,2.30572,0.89084,new_york,2022
AUDUSD,-1,2022-02-17 03:00:00,2022-02-17 05:00:00,0.71949,0.72151,0.72151,0.71545,0.3089,-20.2,-62.46,-62.46,2,stop_loss,24.4566,0.00135,2.34488,1.38629,tokyo,2022
AUDUSD,1,2022-02-17 21:00:00,2022-02-18 07:00:00,0.7202,0.72026,0.71755,0.72551,0.2329,0.6,1.4,1.4,10,time_exit,13.30691,0.00177,1.20936,1.54797,new_york,2022
AUDUSD,1,2022-02-21 07:00:00,2022-02-21 13:00:00,0.72134,0.71932,0.71932,0.72538,0.3059,-20.2,-61.86,-61.86,6,stop_loss,15.72422,0.00135,1.72386,1.87439,tokyo,2022
AUDUSD,-1,2022-02-21 17:00:00,2022-02-22 03:00:00,0.72069,0.71915,0.7228,0.71647,0.2905,15.4,44.74,44.73,10,time_exit,15.79538,0.00141,0.7704,1.93401,new_york,2022
AUDUSD,-1,2022-02-22 13:00:00,2022-02-22 23:00:00,0.72249,0.72188,0.72466,0.71814,0.2837,6.1,17.31,17.3,10,time_exit,13.32112,0.00145,1.82236,1.63396,london,2022
AUDUSD,1,2022-02-28 13:00:00,2022-02-28 23:00:00,0.72204,0.72631,0.71945,0.72723,0.2384,42.7,101.8,101.79,10,time_exit,20.50734,0.00173,1.39262,0.29677,london,2022
AUDUSD,1,2022-03-01 17:00:00,2022-03-01 18:00:00,0.72713,0.72513,0.72513,0.73113,0.3147,-20.0,-62.87,-62.87,1,stop_loss,31.5173,0.00133,2.21716,2.50921,new_york,2022
AUDUSD,-1,2022-03-02 06:00:00,2022-03-02 16:00:00,0.72709,0.72711,0.72917,0.72293,0.2994,-0.2,-0.6,-0.6,10,time_exit,20.87285,0.00139,1.5791,2.50018,tokyo,2022
AUDUSD,1,2022-03-03 12:00:00,2022-03-03 16:00:00,0.72998,0.73426,0.72784,0.73426,0.2906,42.8,124.48,124.47,4,take_profit,18.34076,0.00143,1.57889,3.12197,london,2022
AUDUSD,-1,2022-03-04 03:00:00,2022-03-04 04:00:00,0.73061,0.73304,0.73304,0.72575,0.261,-24.3,-63.47,-63.48,1,stop_loss,21.14023,0.00162,0.55392,3.21806,tokyo,2022
AUDUSD,1,2022-03-04 15:00:00,2022-03-04 16:00:00,0.73422,0.73162,0.73162,0.73941,0.242,-26.0,-62.85,-62.85,1,stop_loss,22.54536,0.00173,1.41276,3.50716,london,2022
AUDUSD,1,2022-03-04 21:00:00,2022-03-07 03:00:00,0.73752,0.7432,0.73468,0.7432,0.2189,56.8,124.42,124.42,6,take_profit,18.72531,0.00189,2.59671,3.3416,new_york,2022
AUDUSD,-1,2022-03-07 10:00:00,2022-03-07 16:00:00,0.74098,0.73542,0.74376,0.73542,0.2282,55.6,126.95,126.94,6,take_profit,30.77006,0.00185,2.8446,4.1819,london,2022
AUDUSD,-1,2022-03-08 07:00:00,2022-03-08 17:00:00,0.73101,0.7266,0.73366,0.72571,0.2441,44.1,107.65,107.65,10,time_exit,25.20585,0.00177,-2.07405,3.1252,tokyo,2022
AUDUSD,1,2022-03-09 02:00:00,2022-03-09 11:00:00,0.72677,0.73206,0.72412,0.73206,0.2486,52.9,131.6,131.6,9,take_profit,37.13107,0.00176,-2.36088,1.137,tokyo,2022
AUDUSD,1,2022-03-09 22:00:00,2022-03-10 03:00:00,0.73185,0.72972,0.72972,0.73612,0.3146,-21.3,-67.12,-67.13,5,stop_loss,26.15558,0.00142,0.66707,1.20394,,2022
AUDUSD,-1,2022-03-10 23:00:00,2022-03-11 09:00:00,0.73579,0.73458,0.73783,0.7317,0.325,12.1,39.33,39.32,10,time_exit,25.89692,0.00136,2.1668,1.94052,,2022
AUDUSD,-1,2022-03-11 22:00:00,2022-03-14 05:00:00,0.7296,0.72545,0.73167,0.72545,0.3225,41.5,133.7,133.7,7,take_profit,15.82343,0.00138,-2.20119,1.38709,,2022
AUDUSD,1,2022-03-14 06:00:00,2022-03-14 14:00:00,0.72528,0.7232,0.7232,0.72944,0.3276,-20.8,-68.18,-68.18,8,stop_loss,25.85544,0.00139,-4.40298,0.61681,tokyo,2022
AUDUSD,1,2022-03-14 15:00:00,2022-03-14 20:00:00,0.72309,0.72094,0.72094,0.72739,0.3143,-21.5,-67.5,-67.51,5,stop_loss,38.04261,0.00143,-4.37452,-0.47769,london,2022
AUDUSD,1,2022-03-16 16:00:00,2022-03-16 21:00:00,0.72529,0.72322,0.72322,0.72942,0.3236,-20.7,-66.82,-66.83,5,stop_loss,23.61287,0.00138,2.29289,-3.07572,new_york,2022
AUDUSD,-1,2022-03-17 05:00:00,2022-03-17 10:00:00,0.72937,0.73233,0.73233,0.72345,0.2234,-29.6,-66.15,-66.15,5,stop_loss,26.06219,0.00197,2.48245,-1.04346,tokyo,2022
AUDUSD,1,2022-03-17 15:00:00,2022-03-17 19:00:00,0.73379,0.73904,0.73116,0.73904,0.2495,52.5,131.01,131.01,4,take_profit,29.4806,0.00175,3.84989,-0.00698,london,2022
AUDUSD,-1,2022-03-18 11:00:00,2022-03-18 21:00:00,0.73993,0.7408,0.74208,0.73563,0.3106,-8.7,-27.02,-27.02,10,time_exit,39.27435,0.00143,4.75275,2.84601,london,2022
AUDUSD,1,2022-03-21 13:00:00,2022-03-21 23:00:00,0.7383,0.73999,0.73623,0.74243,0.322,16.9,54.42,54.42,10,time_exit,19.29909,0.00138,0.5494,4.37366,london,2022
AUDUSD,-1,2022-03-22 07:00:00,2022-03-22 13:00:00,0.73998,0.74206,0.74206,0.73581,0.3221,-20.8,-67.08,-67.09,6,stop_loss,15.56274,0.00139,1.01246,4.12257,tokyo,2022
AUDUSD,-1,2022-03-24 11:00:00,2022-03-24 14:00:00,0.74777,0.7497,0.7497,0.7439,0.3432,-19.3,-66.41,-66.41,3,stop_loss,23.48299,0.00129,1.09264,6.15947,london,2022
AUDUSD,-1,2022-03-24 20:00:00,2022-03-25 04:00:00,0.74971,0.75222,0.75222,0.74468,0.2616,-25.1,-65.75,-65.76,8,stop_loss,21.06974,0.00168,1.43005,4.75329,new_york,2022
AUDUSD,1,2022-03-28 23:00:00,2022-03-29 09:00:00,0.74941,0.75132,0.74706,0.75411,0.277,19.1,52.91,52.9,10,time_exit,13.94798,0.00157,-0.61386,4.04416,,2022
AUDUSD,-1,2022-03-30 02:00:00,2022-03-30 12:00:00,0.75197,0.75119,0.75448,0.74696,0.2619,7.8,20.43,20.43,10,time_exit,11.69699,0.00167,1.15183,2.7893,tokyo,2022
AUDUSD,-1,2022-03-31 14:00:00,2022-03-31 17:00:00,0.74889,0.7509,0.7509,0.74487,0.3273,-20.1,-65.82,-65.82,3,stop_loss,11.62434,0.00134,-0.96889,2.40254,london,2022
AUDUSD,1,2022-03-31 17:00:00,2022-04-01 03:00:00,0.74992,0.74822,0.74781,0.75414,0.3086,-17.0,-52.46,-52.46,10,time_exit,11.36603,0.00141,-0.11822,2.16139,new_york,2022
AUDUSD,-1,2022-04-01 08:00:00,2022-04-01 10:00:00,0.74773,0.74969,0.74969,0.74381,0.3295,-19.6,-64.63,-64.63,2,stop_loss,11.13687,0.00131,-1.32461,1.66935,tokyo,2022
AUDUSD,-1,2022-04-04 03:00:00,2022-04-04 04:00:00,0.74856,0.75043,0.75043,0.74482,0.3424,-18.7,-63.99,-63.99,1,stop_loss,13.11901,0.00125,-0.81992,1.50684,tokyo,2022
AUDUSD,1,2022-04-04 09:00:00,2022-04-04 18:00:00,0.75147,0.75505,0.74968,0.75505,0.3543,35.8,126.72,126.71,9,take_profit,13.18285,0.00119,1.38222,1.6497,london,2022
AUDUSD,-1,2022-04-05 20:00:00,2022-04-06 06:00:00,0.75909,0.75729,0.76179,0.75369,0.2392,18.0,43.06,43.05,10,time_exit,48.62341,0.0018,1.6481,3.08842,new_york,2022
AUDUSD,1,2022-04-07 10:00:00,2022-04-07 20:00:00,0.74835,0.74782,0.74618,0.7527,0.2991,-5.3,-15.85,-15.85,10,time_exit,42.5648,0.00145,-3.69098,1.34923,london,2022
AUDUSD,-1,2022-04-08 15:00:00,2022-04-11 01:00:00,0.74602,0.74614,0.74772,0.74261,0.3808,-1.2,-4.57,-4.57,10,time_exit,18.23474,0.00114,-2.98647,-1.10585,london,2022
AUDUSD,1,2022-04-11 16:00:00,2022-04-11 19:00:00,0.74381,0.74168,0.74168,0.74806,0.3049,-21.3,-64.86,-64.86,3,stop_loss,27.34809,0.00142,-1.75756,-2.12209,new_york,2022
AUDUSD,1,2022-04-12 03:00:00,2022-04-12 13:00:00,0.74145,0.74355,0.73964,0.74508,0.3541,21.0,74.36,74.36,10,time_exit,26.83146,0.00121,-2.76135,-3.12407,tokyo,2022
AUDUSD,-1,2022-04-12 22:00:00,2022-04-13 08:00:00,0.74603,0.7453,0.74829,0.74151,0.2874,7.3,20.98,20.98,10,time_exit,26.52295,0.00151,0.77565,-1.9957,,2022
AUDUSD,1,2022-04-14 01:00:00,2022-04-14 11:00:00,0.74527,0.74495,0.74312,0.74956,0.3036,-3.2,-9.72,-9.72,10,time_exit,16.92346,0.00143,0.68789,-1.90238,tokyo,2022
AUDUSD,1,2022-04-14 13:00:00,2022-04-14 16:00:00,0.74498,0.74306,0.74306,0.74883,0.3383,-19.2,-65.06,-65.06,3,stop_loss,12.99842,0.00128,0.24511,-1.64815,london,2022
AUDUSD,1,2022-04-15 10:00:00,2022-04-15 20:00:00,0.74021,0.73921,0.73879,0.74306,0.4522,-10.0,-45.22,-45.22,10,time_exit,37.27213,0.00095,-2.605,-3.2646,london,2022
AUDUSD,-1,2022-04-15 22:00:00,2022-04-18 01:00:00,0.73921,0.74024,0.74024,0.73715,0.6196,-10.3,-63.95,-63.95,3,stop_loss,35.51099,0.00069,-3.50498,-5.05917,,2022
AUDUSD,-1,2022-04-18 14:00:00,2022-04-18 22:00:00,0.73694,0.73433,0.73825,0.73433,0.4843,26.1,126.61,126.61,8,take_profit,31.20614,0.00087,-3.04663,-5.02878,london,2022
AUDUSD,-1,2022-04-19 02:00:00,2022-04-19 07:00:00,0.736,0.73743,0.73743,0.73315,0.453,-14.3,-64.58,-64.58,5,stop_loss,27.26428,0.00095,-2.21507,-5.22056,tokyo,2022
AUDUSD,-1,2022-04-19 15:00:00,2022-04-19 17:00:00,0.73642,0.73825,0.73825,0.73277,0.3502,-18.3,-63.94,-63.94,2,stop_loss,20.39641,0.00122,-0.99758,-3.82633,london,2022
AUDUSD,1,2022-04-20 09:00:00,2022-04-20 19:00:00,0.74244,0.74457,0.74043,0.74647,0.3142,21.3,66.92,66.92,10,time_exit,14.23019,0.00134,3.00359,-2.44194,london,2022
AUDUSD,1,2022-04-20 20:00:00,2022-04-21 06:00:00,0.74458,0.74231,0.74231,0.74911,0.2822,-22.7,-63.96,-63.97,10,stop_loss,16.70721,0.00151,2.85356,-1.09945,new_york,2022
AUDUSD,-1,2022-04-21 07:00:00,2022-04-21 08:00:00,0.7427,0.74466,0.74466,0.73877,0.3226,-19.6,-63.31,-63.32,1,stop_loss,13.75266,0.00131,0.83795,-0.4155,tokyo,2022
AUDUSD,-1,2022-04-21 21:00:00,2022-04-22 07:00:00,0.73711,0.73419,0.73945,0.73242,0.2675,29.2,78.11,78.11,10,time_exit,22.47641,0.00156,-2.91103,-0.30091,new_york,2022
AUDUSD,1,2022-04-25 01:00:00,2022-04-25 03:00:00,0.72455,0.72235,0.72235,0.72895,0.2886,-22.0,-63.47,-63.48,2,stop_loss,69.42094,0.00147,-6.00959,-3.98654,tokyo,2022
AUDUSD,1,2022-04-25 09:00:00,2022-04-25 17:00:00,0.71624,0.71376,0.71376,0.7212,0.2532,-24.8,-62.85,-62.85,8,stop_loss,75.70851,0.00165,-8.07821,-4.94463,london,2022
AUDUSD,-1,2022-04-26 04:00:00,2022-04-26 06:00:00,0.7188,0.72146,0.72146,0.71347,0.2335,-26.6,-62.21,-62.22,2,stop_loss,38.87492,0.00178,-2.27999,-6.37645,tokyo,2022
AUDUSD,-1,2022-04-27 01:00:00,2022-04-27 02:00:00,0.71195,0.71447,0.71447,0.70691,0.2443,-25.2,-61.58,-61.58,1,stop_loss,30.68805,0.00168,-4.58821,-6.80499,tokyo,2022
AUDUSD,1,2022-04-27 05:00:00,2022-04-27 15:00:00,0.71598,0.71323,0.71323,0.72149,0.2215,-27.5,-60.98,-60.98,10,stop_loss,28.23051,0.00184,-1.54439,-6.3087,tokyo,2022
AUDUSD,-1,2022-04-29 20:00:00,2022-05-02 06:00:00,0.7084,0.70515,0.71168,0.70183,0.1838,32.5,59.73,59.73,10,time_exit,21.21737,0.00219,-2.11739,-4.10815,new_york,2022
AUDUSD,-1,2022-05-02 21:00:00,2022-05-03 03:00:00,0.70383,0.70671,0.70671,0.69807,0.2116,-28.8,-60.97,-60.97,6,stop_loss,23.27982,0.00192,-2.33659,-5.25419,new_york,2022
AUDUSD,-1,2022-05-03 13:00:00,2022-05-03 23:00:00,0.71014,0.70946,0.7135,0.70342,0.1795,6.8,12.21,12.2,10,time_exit,30.95447,0.00224,0.76809,-3.79289,london,2022
AUDUSD,-1,2022-05-06 06:00:00,2022-05-06 16:00:00,0.7105,0.70696,0.71387,0.70376,0.1793,35.4,63.47,63.47,10,time_exit,34.83167,0.00225,-1.83384,-0.61781,tokyo,2022
AUDUSD,1,2022-05-09 10:00:00,2022-05-09 18:00:00,0.70049,0.69737,0.69737,0.70674,0.1957,-31.2,-61.12,-61.12,8,stop_loss,31.07377,0.00208,-3.8445,-2.47236,london,2022
AUDUSD,-1,2022-05-10 02:00:00,2022-05-10 08:00:00,0.69496,0.69809,0.69809,0.6887,0.1934,-31.3,-60.5,-60.5,6,stop_loss,33.70511,0.00209,-4.07826,-3.78263,tokyo,2022
AUDUSD,1,2022-05-10 18:00:00,2022-05-11 04:00:00,0.69386,0.6952,0.69032,0.70093,0.1694,13.4,22.7,22.7,10,time_exit,19.6496,0.00236,-2.51277,-3.92269,new_york,2022
AUDUSD,-1,2022-05-11 04:00:00,2022-05-11 09:00:00,0.69419,0.69714,0.69714,0.6883,0.204,-29.5,-60.1,-60.1,5,stop_loss,16.60316,0.00196,-1.83209,-4.9817,tokyo,2022
AUDUSD,1,2022-05-11 13:00:00,2022-05-11 15:00:00,0.70118,0.69838,0.69838,0.70677,0.2128,-28.0,-59.52,-59.53,2,stop_loss,18.15512,0.00186,1.87721,-4.83056,london,2022
AUDUSD,1,2022-05-11 15:00:00,2022-05-11 16:00:00,0.70145,0.69873,0.69873,0.70689,0.2164,-27.2,-58.91,-58.92,1,stop_loss,21.8105,0.00181,1.93537,-4.75922,london,2022
AUDUSD,1,2022-05-11 22:00:00,2022-05-12 07:00:00,0.69477,0.68999,0.68999,0.70434,0.122,-47.8,-58.35,-58.35,9,stop_loss,18.55673,0.00319,-0.92284,-2.57872,,2022
AUDUSD,-1,2022-05-12 12:00:00,2022-05-12 22:00:00,0.68721,0.68574,0.69123,0.67917,0.1436,14.7,21.11,21.11,10,time_exit,32.38598,0.00268,-2.89031,-3.39167,london,2022
AUDUSD,-1,2022-05-13 21:00:00,2022-05-16 01:00:00,0.69138,0.69444,0.69444,0.68525,0.1892,-30.6,-57.95,-57.95,4,stop_loss,17.85699,0.00204,0.61036,-4.59151,new_york,2022
AUDUSD,-1,2022-05-16 20:00:00,2022-05-16 21:00:00,0.69432,0.69744,0.69744,0.68808,0.1838,-31.2,-57.37,-57.37,1,stop_loss,15.67238,0.00208,1.45897,-3.20579,new_york,2022
AUDUSD,1,2022-05-16 21:00:00,2022-05-17 07:00:00,0.69559,0.70036,0.69254,0.70169,0.1863,47.7,88.87,88.86,10,time_exit,16.4034,0.00203,2.02554,-3.18701,new_york,2022
AUDUSD,-1,2022-05-18 07:00:00,2022-05-18 08:00:00,0.70021,0.70274,0.70274,0.69515,0.228,-25.3,-57.69,-57.69,1,stop_loss,21.93574,0.00169,0.79428,0.02213,tokyo,2022
AUDUSD,-1,2022-05-18 08:00:00,2022-05-18 09:00:00,0.70057,0.70303,0.70303,0.69564,0.2318,-24.6,-57.12,-57.12,1,stop_loss,21.44033,0.00164,0.9766,0.05225,tokyo,2022
AUDUSD,1,2022-05-18 15:00:00,2022-05-18 17:00:00,0.70145,0.69887,0.69887,0.70662,0.2188,-25.8,-56.56,-56.56,2,stop_loss,14.94916,0.00172,1.05541,0.32522,london,2022
AUDUSD,1,2022-05-18 18:00:00,2022-05-18 20:00:00,0.70111,0.69834,0.69834,0.70665,0.202,-27.7,-55.98,-55.98,2,stop_loss,14.35498,0.00185,0.72745,0.35219,new_york,2022
AUDUSD,-1,2022-05-19 01:00:00,2022-05-19 05:00:00,0.69568,0.69834,0.69834,0.69036,0.2083,-26.6,-55.41,-55.42,4,stop_loss,22.77229,0.00177,-1.96299,0.07541,tokyo,2022
AUDUSD,1,2022-05-19 07:00:00,2022-05-19 09:00:00,0.70118,0.69825,0.69825,0.70704,0.1871,-29.3,-54.87,-54.87,2,stop_loss,20.4511,0.00195,1.19265,-0.03106,tokyo,2022
AUDUSD,-1,2022-05-19 23:00:00,2022-05-20 09:00:00,0.7056,0.70477,0.70893,0.69895,0.1633,8.3,13.55,13.55,10,time_exit,22.15721,0.00222,2.18839,0.59152,,2022
AUDUSD,-1,2022-05-20 15:00:00,2022-05-23 01:00:00,0.70588,0.70631,0.70862,0.70041,0.199,-4.3,-8.56,-8.56,10,time_exit,20.4042,0.00182,1.84027,1.28837,london,2022
AUDUSD,1,2022-05-23 04:00:00,2022-05-23 14:00:00,0.70891,0.71131,0.70593,0.71487,0.1824,24.0,43.78,43.77,10,time_exit,17.43662,0.00199,2.78571,1.34498,tokyo,2022
AUDUSD,1,2022-05-23 22:00:00,2022-05-24 03:00:00,0.71079,0.70804,0.70804,0.71629,0.1992,-27.5,-54.81,-54.81,5,stop_loss,29.34321,0.00183,2.08701,2.5469,,2022
AUDUSD,1,2022-05-25 02:00:00,2022-05-25 04:00:00,0.71127,0.70864,0.70864,0.71653,0.2065,-26.3,-54.26,-54.26,2,stop_loss,14.85282,0.00175,1.70023,2.50698,tokyo,2022
AUDUSD,-1,2022-05-25 23:00:00,2022-05-26 09:00:00,0.70891,0.70749,0.71182,0.7031,0.1848,14.2,26.24,26.24,10,time_exit,16.20979,0.00194,0.39498,1.77381,,2022
AUDUSD,-1,2022-06-02 01:00:00,2022-06-02 11:00:00,0.71743,0.7192,0.71998,0.71233,0.2115,-17.7,-37.44,-37.44,10,time_exit,14.45532,0.0017,-0.29195,2.91755,tokyo,2022
AUDUSD,1,2022-06-02 13:00:00,2022-06-02 17:00:00,0.71905,0.72359,0.71678,0.72359,0.2362,45.4,107.21,107.21,4,take_profit,15.75967,0.00151,0.84546,2.82349,london,2022
AUDUSD,1,2022-06-03 07:00:00,2022-06-03 15:00:00,0.72583,0.72392,0.72392,0.72966,0.2857,-19.1,-54.68,-54.68,8,stop_loss,39.01386,0.00128,3.32856,4.86094,tokyo,2022
AUDUSD,-1,2022-06-03 17:00:00,2022-06-06 03:00:00,0.72389,0.72007,0.72601,0.71966,0.2558,38.2,97.72,97.71,10,time_exit,32.81221,0.00141,0.87835,4.5129,new_york,2022
AUDUSD,-1,2022-06-06 08:00:00,2022-06-06 11:00:00,0.72008,0.72208,0.72208,0.71608,0.2757,-20.0,-55.11,-55.11,3,stop_loss,34.72846,0.00133,-1.23424,3.62136,tokyo,2022
AUDUSD,-1,2022-06-07 17:00:00,2022-06-07 20:00:00,0.71925,0.72231,0.72231,0.71313,0.1781,-30.6,-54.54,-54.54,3,stop_loss,24.71878,0.00204,-0.25759,1.05195,new_york,2022
AUDUSD,-1,2022-06-08 04:00:00,2022-06-08 12:00:00,0.72238,0.71758,0.72478,0.71758,0.225,48.0,108.03,108.03,8,take_profit,29.70382,0.0016,1.0292,1.63596,tokyo,2022
AUDUSD,1,2022-06-09 07:00:00,2022-06-09 15:00:00,0.71802,0.71586,0.71586,0.72233,0.2555,-21.6,-55.08,-55.08,8,stop_loss,16.01956,0.00144,-1.23577,0.93779,tokyo,2022
AUDUSD,1,2022-06-09 22:00:00,2022-06-10 08:00:00,0.71052,0.71202,0.70795,0.71566,0.2124,15.0,31.86,31.86,10,time_exit,28.22776,0.00171,-4.16797,-0.22242,,2022
AUDUSD,1,2022-06-10 11:00:00,2022-06-10 15:00:00,0.71252,0.71039,0.71039,0.71678,0.2578,-21.3,-54.86,-54.86,4,stop_loss,30.98437,0.00142,-1.58325,-1.64664,london,2022
AUDUSD,1,2022-06-10 17:00:00,2022-06-13 00:00:00,0.70658,0.70372,0.70372,0.71229,0.1902,-28.6,-54.32,-54.32,7,stop_loss,27.50727,0.0019,-3.77344,-1.523,new_york,2022
AUDUSD,-1,2022-06-13 07:00:00,2022-06-13 12:00:00,0.70262,0.69755,0.70515,0.69755,0.2122,50.7,107.51,107.51,5,take_profit,45.54324,0.00169,-3.97022,-3.3531,tokyo,2022
AUDUSD,-1,2022-06-14 01:00:00,2022-06-14 06:00:00,0.69271,0.69589,0.69589,0.68635,0.1723,-31.8,-54.82,-54.83,5,stop_loss,48.22153,0.00212,-4.55116,-4.49173,tokyo,2022
AUDUSD,1,2022-06-14 12:00:00,2022-06-14 13:00:00,0.69327,0.69031,0.69031,0.69918,0.1837,-29.6,-54.28,-54.29,1,stop_loss,28.39616,0.00197,-3.22916,-5.31553,london,2022
AUDUSD,-1,2022-06-15 03:00:00,2022-06-15 04:00:00,0.68876,0.69159,0.69159,0.68311,0.1902,-28.3,-53.75,-53.76,1,stop_loss,30.29723,0.00188,-3.04964,-6.68053,tokyo,2022
AUDUSD,-1,2022-06-15 12:00:00,2022-06-15 21:00:00,0.69328,0.69607,0.69607,0.68771,0.191,-27.9,-53.2,-53.2,9,stop_loss,18.95891,0.00186,-0.05178,-6.60558,london,2022
AUDUSD,1,2022-06-15 22:00:00,2022-06-16 08:00:00,0.69781,0.69946,0.69434,0.70476,0.1516,16.5,25.01,25.01,10,time_exit,23.97764,0.00232,1.71551,-4.65262,,2022
AUDUSD,-1,2022-06-16 09:00:00,2022-06-16 19:00:00,0.69945,0.70264,0.70264,0.69306,0.1657,-31.9,-52.92,-52.92,10,stop_loss,34.77307,0.00213,1.45259,-3.69989,london,2022
AUDUSD,-1,2022-06-16 22:00:00,2022-06-17 08:00:00,0.70607,0.70133,0.71028,0.69764,0.1244,47.4,58.97,58.96,10,time_exit,24.09826,0.00281,2.99586,-2.12888,,2022
AUDUSD,-1,2022-06-20 09:00:00,2022-06-20 13:00:00,0.69655,0.69948,0.69948,0.69068,0.1805,-29.3,-52.98,-52.98,4,stop_loss,30.96399,0.00196,-0.13301,-2.56216,london,2022
AUDUSD,-1,2022-06-21 09:00:00,2022-06-21 10:00:00,0.69599,0.69838,0.69838,0.6912,0.2192,-23.9,-52.45,-52.46,1,stop_loss,16.6032,0.0016,-0.51714,-2.48771,london,2022
AUDUSD,1,2022-06-23 02:00:00,2022-06-23 03:00:00,0.69269,0.69044,0.69044,0.6972,0.2306,-22.5,-51.94,-51.94,1,stop_loss,16.00481,0.0015,-0.90321,-2.9521,tokyo,2022
AUDUSD,-1,2022-06-28 05:00:00,2022-06-28 09:00:00,0.6921,0.69416,0.69416,0.68798,0.2494,-20.6,-51.41,-51.41,4,stop_loss,8.68149,0.00137,-0.27945,-1.80311,tokyo,2022
AUDUSD,1,2022-06-28 19:00:00,2022-06-29 05:00:00,0.69159,0.69146,0.68915,0.69647,0.2087,-1.3,-2.71,-2.72,10,time_exit,18.86635,0.00163,-0.85008,-1.11345,new_york,2022
AUDUSD,1,2022-06-29 06:00:00,2022-06-29 08:00:00,0.69146,0.68939,0.68939,0.6956,0.2457,-20.7,-50.88,-50.88,2,stop_loss,15.28188,0.00138,-0.60038,-1.53259,tokyo,2022
AUDUSD,-1,2022-06-30 06:00:00,2022-06-30 16:00:00,0.68924,0.69022,0.69165,0.68442,0.2091,-9.8,-20.49,-20.49,10,time_exit,30.57759,0.00161,-0.32308,-2.07789,tokyo,2022
AUDUSD,1,2022-07-01 15:00:00,2022-07-04 01:00:00,0.67831,0.68243,0.67541,0.68411,0.1729,41.2,71.23,71.23,10,time_exit,42.03958,0.00193,-4.45155,-2.27144,london,2022
AUDUSD,1,2022-07-05 03:00:00,2022-07-05 10:00:00,0.68713,0.68518,0.68518,0.69103,0.2606,-19.5,-50.88,-50.88,7,stop_loss,17.69341,0.0013,1.48419,-2.96622,tokyo,2022
AUDUSD,-1,2022-07-07 00:00:00,2022-07-07 05:00:00,0.67738,0.68014,0.68014,0.67187,0.1827,-27.6,-50.36,-50.36,5,stop_loss,14.40364,0.00184,-1.52059,-2.86125,tokyo,2022
AUDUSD,-1,2022-07-07 23:00:00,2022-07-08 09:00:00,0.68416,0.68301,0.68661,0.67927,0.2038,11.5,23.44,23.43,10,time_exit,17.16614,0.00163,1.55552,-2.1003,,2022
AUDUSD,-1,2022-07-12 11:00:00,2022-07-12 15:00:00,0.6722,0.6746,0.6746,0.66739,0.2083,-24.0,-50.08,-50.09,4,stop_loss,54.08752,0.0016,-3.21304,-3.12749,london,2022
AUDUSD,1,2022-07-13 22:00:00,2022-07-14 02:00:00,0.67694,0.67362,0.67362,0.68359,0.1492,-33.2,-49.58,-49.58,4,stop_loss,17.57609,0.00222,0.01374,-1.67515,,2022
AUDUSD,1,2022-07-14 09:00:00,2022-07-14 13:00:00,0.67565,0.67264,0.67264,0.68167,0.1632,-30.1,-49.11,-49.11,4,stop_loss,19.58152,0.00201,-0.41067,-1.79077,london,2022
AUDUSD,1,2022-07-14 23:00:00,2022-07-15 09:00:00,0.67462,0.67247,0.67094,0.68199,0.132,-21.5,-28.38,-28.38,10,time_exit,16.84562,0.00246,-0.19553,-1.67376,,2022
AUDUSD,1,2022-07-15 21:00:00,2022-07-18 07:00:00,0.67905,0.68047,0.67598,0.68519,0.1574,14.2,22.35,22.35,10,time_exit,20.2052,0.00205,1.71588,-1.43971,new_york,2022
AUDUSD,-1,2022-07-18 22:00:00,2022-07-19 06:00:00,0.68136,0.68381,0.68381,0.67646,0.1983,-24.5,-48.55,-48.56,8,stop_loss,27.34463,0.00163,1.05465,0.27139,,2022
AUDUSD,-1,2022-07-19 20:00:00,2022-07-20 06:00:00,0.69056,0.69154,0.69283,0.68601,0.2113,-9.8,-20.71,-20.71,10,time_exit,39.4371,0.00152,4.50197,2.10163,new_york,2022
AUDUSD,-1,2022-07-20 18:00:00,2022-07-21 04:00:00,0.69049,0.68914,0.69303,0.68542,0.1886,13.5,25.46,25.46,10,time_exit,27.23719,0.00169,1.62434,3.08107,new_york,2022
AUDUSD,1,2022-07-21 10:00:00,2022-07-21 11:00:00,0.68966,0.68753,0.68753,0.69391,0.2261,-21.3,-48.1,-48.1,1,stop_loss,16.14523,0.00142,0.8724,3.48542,london,2022
AUDUSD,-1,2022-07-22 22:00:00,2022-07-25 08:00:00,0.69124,0.69073,0.69397,0.68577,0.1742,5.1,8.88,8.88,10,time_exit,24.93671,0.00182,0.00182,2.91005,,2022
AUDUSD,-1,2022-07-25 22:00:00,2022-07-26 04:00:00,0.69538,0.69752,0.69752,0.6911,0.2229,-21.4,-47.71,-47.72,6,stop_loss,18.79524,0.00143,1.90117,3.63824,,2022
AUDUSD,1,2022-07-26 10:00:00,2022-07-26 13:00:00,0.6956,0.69366,0.69366,0.69948,0.2434,-19.4,-47.24,-47.25,3,stop_loss,18.98444,0.00129,1.2886,4.24792,london,2022
AUDUSD,1,2022-07-26 13:00:00,2022-07-26 15:00:00,0.69455,0.6925,0.6925,0.69864,0.2285,-20.5,-46.76,-46.76,2,stop_loss,18.85073,0.00136,0.31977,4.00781,london,2022
AUDUSD,1,2022-07-27 03:00:00,2022-07-27 04:00:00,0.69456,0.69262,0.69262,0.69844,0.2384,-19.4,-46.3,-46.31,1,stop_loss,12.24219,0.00129,0.39347,3.63289,tokyo,2022
AUDUSD,1,2022-07-27 12:00:00,2022-07-27 17:00:00,0.69409,0.69195,0.69195,0.69837,0.2143,-21.4,-45.83,-45.83,5,stop_loss,12.0371,0.00143,0.1648,2.90805,london,2022
AUDUSD,-1,2022-07-28 06:00:00,2022-07-28 16:00:00,0.69898,0.69711,0.70145,0.69403,0.1834,18.7,34.3,34.29,10,time_exit,27.70296,0.00165,2.22496,2.7584,tokyo,2022
AUDUSD,1,2022-08-02 16:00:00,2022-08-03 02:00:00,0.69288,0.69037,0.69037,0.69789,0.1824,-25.1,-45.72,-45.72,10,stop_loss,33.39353,0.00167,-3.37991,1.8465,new_york,2022
AUDUSD,-1,2022-08-03 18:00:00,2022-08-03 19:00:00,0.69132,0.6939,0.6939,0.68615,0.1752,-25.8,-45.25,-45.26,1,stop_loss,19.2142,0.00172,-2.00688,-0.03307,new_york,2022
AUDUSD,-1,2022-08-03 19:00:00,2022-08-04 04:00:00,0.69293,0.69559,0.69559,0.68761,0.1685,-26.6,-44.8,-44.8,9,stop_loss,19.79813,0.00177,-0.98421,-0.06178,new_york,2022
AUDUSD,-1,2022-08-04 22:00:00,2022-08-05 08:00:00,0.6981,0.69684,0.70017,0.69396,0.2145,12.6,27.03,27.02,10,time_exit,15.00454,0.00138,1.79388,0.43616,,2022
AUDUSD,-1,2022-08-09 17:00:00,2022-08-10 03:00:00,0.69736,0.69512,0.69921,0.69366,0.241,22.4,53.98,53.98,10,time_exit,17.80717,0.00123,0.52202,1.01062,new_york,2022
AUDUSD,1,2022-08-11 04:00:00,2022-08-11 14:00:00,0.70775,0.71083,0.70556,0.71212,0.2065,30.8,63.6,63.6,10,time_exit,38.94368,0.00146,4.40869,2.82104,tokyo,2022
AUDUSD,-1,2022-08-11 20:00:00,2022-08-12 06:00:00,0.71182,0.71151,0.71414,0.70718,0.1974,3.1,6.12,6.12,10,time_exit,44.49935,0.00155,4.0705,4.14773,new_york,2022
AUDUSD,-1,2022-08-12 15:00:00,2022-08-12 16:00:00,0.70859,0.71054,0.71054,0.70468,0.2348,-19.5,-45.87,-45.87,1,stop_loss,27.94726,0.0013,0.25073,5.50362,london,2022
AUDUSD,1,2022-08-15 11:00:00,2022-08-15 12:00:00,0.70625,0.7042,0.7042,0.71036,0.2211,-20.5,-45.4,-45.4,1,stop_loss,21.14583,0.00137,-2.34157,4.84206,london,2022
AUDUSD,1,2022-08-16 06:00:00,2022-08-16 09:00:00,0.70343,0.70138,0.70138,0.70754,0.2188,-20.5,-44.96,-44.96,3,stop_loss,48.1186,0.00137,-1.7137,2.18685,tokyo,2022
AUDUSD,-1,2022-08-16 10:00:00,2022-08-16 20:00:00,0.70039,0.70208,0.70273,0.6957,0.1899,-16.9,-32.09,-32.1,10,time_exit,42.81453,0.00156,-3.13025,1.60345,london,2022
AUDUSD,-1,2022-08-18 12:00:00,2022-08-18 13:00:00,0.69375,0.69641,0.69641,0.68843,0.166,-26.6,-44.17,-44.18,1,stop_loss,24.61616,0.00177,-1.58564,-2.13955,london,2022
AUDUSD,1,2022-08-23 03:00:00,2022-08-23 09:00:00,0.68784,0.68591,0.68591,0.69171,0.2263,-19.3,-43.75,-43.75,6,stop_loss,16.66394,0.00129,-1.33937,-4.48899,tokyo,2022
AUDUSD,1,2022-08-23 11:00:00,2022-08-23 17:00:00,0.6882,0.69234,0.68613,0.69234,0.2095,41.4,86.63,86.63,6,take_profit,15.46694,0.00138,-0.79393,-4.0246,london,2022
AUDUSD,1,2022-08-24 19:00:00,2022-08-25 05:00:00,0.6912,0.69371,0.68857,0.69645,0.1683,25.1,42.24,42.24,10,time_exit,13.06553,0.00175,0.42212,-1.88267,new_york,2022
AUDUSD,1,2022-08-26 03:00:00,2022-08-26 13:00:00,0.69621,0.6983,0.69418,0.70028,0.2194,20.9,45.85,45.85,10,time_exit,32.80023,0.00136,1.36194,0.13498,tokyo,2022
AUDUSD,1,2022-08-26 18:00:00,2022-08-26 19:00:00,0.69389,0.69121,0.69121,0.69924,0.1684,-26.8,-45.06,-45.06,1,stop_loss,22.72728,0.00178,-0.86481,0.51938,new_york,2022
AUDUSD,1,2022-08-29 03:00:00,2022-08-29 08:00:00,0.68648,0.68412,0.68412,0.6912,0.1891,-23.6,-44.61,-44.61,5,stop_loss,31.08888,0.00157,-4.48044,-0.3533,tokyo,2022
AUDUSD,1,2022-08-30 03:00:00,2022-08-30 05:00:00,0.69075,0.68854,0.68854,0.69518,0.1994,-22.1,-44.16,-44.16,2,stop_loss,27.39679,0.00148,0.16284,-1.58456,tokyo,2022
AUDUSD,1,2022-08-31 10:00:00,2022-08-31 12:00:00,0.68924,0.68689,0.68689,0.69395,0.1858,-23.5,-43.72,-43.72,2,stop_loss,21.386,0.00157,0.22531,-1.78604,london,2022
AUDUSD,1,2022-08-31 19:00:00,2022-08-31 23:00:00,0.68633,0.68368,0.68368,0.69163,0.1635,-26.5,-43.29,-43.29,4,stop_loss,16.50758,0.00177,-0.95616,-1.80806,new_york,2022
AUDUSD,1,2022-09-02 15:00:00,2022-09-02 17:00:00,0.68112,0.68524,0.67906,0.68524,0.2079,41.2,85.68,85.68,2,take_profit,20.23268,0.00137,-0.38149,-4.26522,london,2022
AUDUSD,1,2022-09-02 17:00:00,2022-09-02 20:00:00,0.68239,0.67984,0.67984,0.68749,0.1713,-25.5,-43.71,-43.71,3,stop_loss,23.21361,0.0017,0.40557,-3.35624,new_york,2022
AUDUSD,1,2022-09-05 07:00:00,2022-09-05 17:00:00,0.67942,0.67954,0.67669,0.68487,0.1587,1.2,1.9,1.9,10,time_exit,16.08304,0.00182,-0.87759,-3.00164,tokyo,2022
AUDUSD,1,2022-09-06 02:00:00,2022-09-06 07:00:00,0.68096,0.67918,0.67918,0.68452,0.2429,-17.8,-43.28,-43.28,5,stop_loss,8.00636,0.00119,0.61296,-4.23705,tokyo,2022
AUDUSD,-1,2022-09-07 03:00:00,2022-09-07 13:00:00,0.67278,0.67211,0.6748,0.66875,0.2126,6.7,14.24,14.24,10,time_exit,39.38726,0.00134,-3.60139,-4.28662,tokyo,2022
AUDUSD,1,2022-09-08 02:00:00,2022-09-08 03:00:00,0.67654,0.67421,0.67421,0.6812,0.1844,-23.3,-42.99,-42.99,1,stop_loss,30.66361,0.00155,0.87893,-3.93123,tokyo,2022
AUDUSD,1,2022-09-08 10:00:00,2022-09-08 11:00:00,0.67556,0.67298,0.67298,0.68072,0.165,-25.8,-42.55,-42.55,1,stop_loss,21.79613,0.00172,0.39564,-3.40362,london,2022
AUDUSD,1,2022-09-08 19:00:00,2022-09-09 05:00:00,0.67378,0.67968,0.67083,0.67968,0.1429,59.0,84.3,84.3,10,take_profit,15.08228,0.00197,-0.37854,-2.85214,new_york,2022
AUDUSD,1,2022-09-09 08:00:00,2022-09-09 18:00:00,0.68322,0.68456,0.68065,0.68836,0.1671,13.4,22.39,22.39,10,time_exit,25.3926,0.00171,4.32008,-2.31905,tokyo,2022
AUDUSD,1,2022-09-12 03:00:00,2022-09-12 13:00:00,0.68458,0.68718,0.68229,0.68917,0.1884,26.0,48.98,48.98,10,time_exit,30.67175,0.00153,2.70219,-0.10803,tokyo,2022
AUDUSD,-1,2022-09-13 15:00:00,2022-09-13 16:00:00,0.69096,0.68697,0.69296,0.68697,0.2188,39.9,87.4,87.4,1,take_profit,20.38965,0.00133,3.41158,2.71472,london,2022
AUDUSD,1,2022-09-14 20:00:00,2022-09-15 06:00:00,0.67531,0.67586,0.67244,0.68104,0.1555,5.5,8.55,8.55,10,time_exit,33.00308,0.00191,-1.31084,-1.46446,new_york,2022
AUDUSD,1,2022-09-15 08:00:00,2022-09-15 13:00:00,0.67578,0.67355,0.67355,0.68023,0.2006,-22.3,-44.65,-44.65,5,stop_loss,17.53263,0.00148,-0.70924,-2.13419,tokyo,2022
AUDUSD,1,2022-09-16 14:00:00,2022-09-19 00:00:00,0.66933,0.67117,0.66682,0.67434,0.1764,18.4,32.46,32.46,10,time_exit,19.90533,0.00167,-1.91543,-3.09871,london,2022
AUDUSD,1,2022-09-19 09:00:00,2022-09-19 12:00:00,0.6696,0.66735,0.66735,0.67409,0.1982,-22.5,-44.53,-44.54,3,stop_loss,14.67253,0.0015,-1.33711,-3.26077,london,2022
AUDUSD,1,2022-09-19 15:00:00,2022-09-19 22:00:00,0.66778,0.67208,0.66563,0.67208,0.2052,43.0,88.17,88.17,7,take_profit,18.03874,0.00143,-2.18379,-3.59038,london,2022
AUDUSD,-1,2022-09-20 12:00:00,2022-09-20 22:00:00,0.67081,0.66926,0.67309,0.66624,0.197,15.5,30.54,30.53,10,time_exit,22.12955,0.00152,-0.35149,-2.51404,london,2022
AUDUSD,-1,2022-09-22 04:00:00,2022-09-22 11:00:00,0.659,0.66208,0.66208,0.65284,0.1471,-30.8,-45.29,-45.29,7,stop_loss,24.51327,0.00205,-4.02311,-2.55131,tokyo,2022
AUDUSD,-1,2022-09-27 00:00:00,2022-09-27 03:00:00,0.64513,0.64867,0.64867,0.63804,0.1265,-35.4,-44.84,-44.84,3,stop_loss,38.46787,0.00236,-3.2798,-4.59184,tokyo,2022
AUDUSD,-1,2022-09-29 08:00:00,2022-09-29 18:00:00,0.64902,0.64889,0.6521,0.64286,0.144,1.3,1.87,1.87,10,time_exit,27.75636,0.00205,0.84224,-4.40022,tokyo,2022
AUDUSD,-1,2022-09-30 00:00:00,2022-09-30 10:00:00,0.64987,0.65021,0.65322,0.64317,0.1326,-3.4,-4.51,-4.51,10,time_exit,15.73156,0.00223,1.13314,-3.39746,tokyo,2022
AUDUSD,1,2022-10-03 17:00:00,2022-10-04 03:00:00,0.64724,0.64994,0.64413,0.65346,0.1425,27.0,38.47,38.47,10,time_exit,19.18897,0.00207,0.87153,-3.0658,new_york,2022
AUDUSD,1,2022-10-04 23:00:00,2022-10-05 09:00:00,0.65029,0.65071,0.64647,0.65793,0.1171,4.2,4.92,4.92,10,time_exit,17.49923,0.00255,0.82854,-1.18414,,2022
AUDUSD,1,2022-10-05 09:00:00,2022-10-05 14:00:00,0.64882,0.64553,0.64553,0.65539,0.1362,-32.9,-44.77,-44.77,5,stop_loss,12.27942,0.00219,0.07178,-1.10044,london,2022
AUDUSD,-1,2022-10-06 04:00:00,2022-10-06 14:00:00,0.65109,0.64627,0.65418,0.64491,0.1435,48.2,69.17,69.16,10,time_exit,14.46986,0.00206,1.29836,-1.03319,tokyo,2022
AUDUSD,1,2022-10-10 06:00:00,2022-10-10 07:00:00,0.63602,0.63317,0.63317,0.64172,0.1581,-28.5,-45.03,-45.03,1,stop_loss,45.96379,0.0019,-2.68534,-3.10986,tokyo,2022
AUDUSD,1,2022-10-10 14:00:00,2022-10-10 18:00:00,0.63063,0.62759,0.62759,0.63672,0.1464,-30.4,-44.58,-44.58,4,stop_loss,51.65639,0.00203,-3.93184,-3.58738,london,2022
AUDUSD,-1,2022-10-12 11:00:00,2022-10-12 21:00:00,0.62564,0.62892,0.62892,0.61908,0.1346,-32.8,-44.13,-44.14,10,stop_loss,21.19115,0.00219,-1.78708,-4.52834,london,2022
AUDUSD,-1,2022-10-13 09:00:00,2022-10-13 12:00:00,0.62759,0.62981,0.62981,0.62315,0.197,-22.2,-43.69,-43.7,3,stop_loss,14.08108,0.00148,-0.35689,-5.96197,london,2022
AUDUSD,1,2022-10-14 02:00:00,2022-10-14 12:00:00,0.62998,0.62878,0.62627,0.63741,0.1165,-12.0,-13.98,-13.98,10,time_exit,12.86175,0.00248,0.78404,-3.03804,tokyo,2022
AUDUSD,1,2022-10-14 12:00:00,2022-10-14 16:00:00,0.62975,0.62629,0.62629,0.63667,0.1246,-34.6,-43.1,-43.1,4,stop_loss,16.2808,0.00231,0.15296,-2.53411,london,2022
AUDUSD,1,2022-10-17 05:00:00,2022-10-17 15:00:00,0.6231,0.62764,0.61977,0.62977,0.128,45.4,58.11,58.11,10,time_exit,17.96366,0.00222,-1.44444,-3.18695,tokyo,2022
AUDUSD,1,2022-10-18 19:00:00,2022-10-19 05:00:00,0.62798,0.6317,0.62455,0.63485,0.126,37.2,46.87,46.87,10,time_exit,24.69937,0.00229,-0.21709,-1.45352,new_york,2022
AUDUSD,-1,2022-10-21 06:00:00,2022-10-21 15:00:00,0.62728,0.62206,0.62989,0.62206,0.1675,52.2,87.48,87.47,9,take_profit,16.99594,0.00174,-0.64198,-1.14885,tokyo,2022
AUDUSD,-1,2022-10-24 16:00:00,2022-10-25 02:00:00,0.62941,0.6333,0.6333,0.62163,0.1147,-38.9,-44.61,-44.61,10,stop_loss,19.9189,0.00259,-0.7089,0.14693,new_york,2022
AUDUSD,1,2022-10-26 04:00:00,2022-10-26 10:00:00,0.63793,0.64384,0.63497,0.64384,0.1494,59.1,88.3,88.3,6,take_profit,27.58312,0.00197,1.8141,1.25758,tokyo,2022
AUDUSD,1,2022-10-27 06:00:00,2022-10-27 12:00:00,0.64874,0.646,0.646,0.65421,0.1646,-27.4,-45.03,-45.04,6,stop_loss,40.79889,0.00182,3.23371,4.09861,tokyo,2022
AUDUSD,-1,2022-10-28 06:00:00,2022-10-28 11:00:00,0.64684,0.64124,0.64964,0.64124,0.1592,56.0,89.15,89.15,5,take_profit,15.93128,0.00187,0.90726,3.95031,tokyo,2022
AUDUSD,1,2022-11-01 10:00:00,2022-11-01 17:00:00,0.64427,0.64156,0.64156,0.64969,0.1679,-27.1,-45.48,-45.49,7,stop_loss,21.30504,0.00181,1.52564,1.32815,london,2022
AUDUSD,1,2022-11-01 18:00:00,2022-11-02 04:00:00,0.63876,0.64045,0.6354,0.64547,0.1342,16.9,22.68,22.68,10,time_exit,16.86713,0.00224,-1.4553,1.14298,new_york,2022
AUDUSD,1,2022-11-03 11:00:00,2022-11-03 12:00:00,0.63234,0.62907,0.62907,0.63889,0.1382,-32.7,-45.26,-45.26,1,stop_loss,12.8493,0.00218,-2.97307,-0.17826,london,2022
AUDUSD,1,2022-11-03 23:00:00,2022-11-04 09:00:00,0.62957,0.63591,0.6264,0.63591,0.1413,63.4,89.61,89.6,10,take_profit,15.92312,0.00211,-2.70593,-1.34795,,2022
AUDUSD,1,2022-11-04 10:00:00,2022-11-04 15:00:00,0.63454,0.64024,0.63169,0.64024,0.1605,57.0,91.41,91.41,5,take_profit,20.2563,0.0019,0.39601,-1.84372,london,2022
AUDUSD,1,2022-11-04 23:00:00,2022-11-07 00:00:00,0.64775,0.64372,0.64372,0.65581,0.1156,-40.3,-46.61,-46.61,1,stop_loss,46.10594,0.00269,3.87564,-0.22499,,2022
AUDUSD,1,2022-11-07 04:00:00,2022-11-07 14:00:00,0.64262,0.64615,0.63843,0.65099,0.1102,35.3,38.9,38.9,10,time_exit,40.46347,0.00279,1.49515,0.0828,tokyo,2022
AUDUSD,-1,2022-11-07 22:00:00,2022-11-08 08:00:00,0.64764,0.64588,0.65075,0.64143,0.1498,17.6,26.36,26.36,10,time_exit,32.57385,0.00207,2.64575,1.33302,,2022
AUDUSD,-1,2022-11-09 08:00:00,2022-11-09 10:00:00,0.64921,0.6521,0.6521,0.64344,0.1621,-28.9,-46.78,-46.79,2,stop_loss,12.44096,0.00192,0.93213,2.74618,tokyo,2022
AUDUSD,-1,2022-11-09 23:00:00,2022-11-10 09:00:00,0.64245,0.64011,0.64575,0.63586,0.1406,23.4,32.9,32.9,10,time_exit,11.62325,0.0022,-1.90969,1.8043,,2022
AUDUSD,-1,2022-11-16 00:00:00,2022-11-16 10:00:00,0.67524,0.67651,0.67923,0.66726,0.117,-12.7,-14.86,-14.86,10,time_exit,22.16686,0.00266,1.72947,5.12181,tokyo,2022
AUDUSD,1,2022-11-17 02:00:00,2022-11-17 05:00:00,0.67391,0.67089,0.67089,0.67994,0.1542,-30.2,-46.51,-46.51,3,stop_loss,16.6499,0.00201,0.10215,6.04443,tokyo,2022
AUDUSD,-1,2022-11-17 05:00:00,2022-11-17 10:00:00,0.67156,0.67453,0.67453,0.66561,0.1548,-29.7,-46.04,-46.05,5,stop_loss,18.99678,0.00198,-1.01181,5.90403,tokyo,2022
AUDUSD,1,2022-11-18 01:00:00,2022-11-18 11:00:00,0.66853,0.6713,0.66534,0.67492,0.1428,27.7,39.56,39.55,10,time_exit,25.60916,0.00213,-1.05313,3.59914,tokyo,2022
AUDUSD,1,2022-11-22 21:00:00,2022-11-23 07:00:00,0.66457,0.66404,0.66236,0.66899,0.2079,-5.3,-11.02,-11.02,10,time_exit,22.2466,0.00147,0.52016,0.02812,new_york,2022
AUDUSD,-1,2022-11-25 22:00:00,2022-11-28 03:00:00,0.6746,0.6708,0.6765,0.6708,0.2412,38.0,91.75,91.75,5,take_profit,29.15151,0.00127,0.60962,4.19547,,2022
AUDUSD,1,2022-11-28 16:00:00,2022-11-28 20:00:00,0.6693,0.6666,0.6666,0.6747,0.1733,-27.0,-46.8,-46.8,4,stop_loss,37.21021,0.0018,-1.46064,1.7304,new_york,2022
AUDUSD,1,2022-11-28 23:00:00,2022-11-29 05:00:00,0.66452,0.66969,0.66194,0.66969,0.1793,51.7,92.64,92.64,6,take_profit,36.98978,0.00172,-3.64492,1.19413,,2022
AUDUSD,1,2022-11-29 06:00:00,2022-11-29 16:00:00,0.67037,0.67104,0.66776,0.67559,0.181,6.7,12.13,12.12,10,time_exit,33.48918,0.00174,0.36281,0.66556,tokyo,2022
AUDUSD,1,2022-11-29 20:00:00,2022-11-30 06:00:00,0.66902,0.66975,0.66581,0.67544,0.1477,7.3,10.78,10.78,10,time_exit,23.28379,0.00214,-0.6598,0.71205,new_york,2022
AUDUSD,1,2022-11-30 13:00:00,2022-11-30 17:00:00,0.6725,0.66997,0.66997,0.67755,0.1879,-25.3,-47.47,-47.48,4,stop_loss,17.16154,0.00168,1.31505,0.70046,london,2022
AUDUSD,1,2022-12-01 00:00:00,2022-12-01 10:00:00,0.67864,0.68162,0.67526,0.68541,0.1389,29.8,41.39,41.39,10,time_exit,23.22619,0.00226,3.12259,0.93776,tokyo,2022
AUDUSD,1,2022-12-05 16:00:00,2022-12-05 17:00:00,0.67941,0.67658,0.67658,0.68507,0.1675,-28.3,-47.42,-47.42,1,stop_loss,14.88226,0.00189,-0.51958,2.85017,new_york,2022
AUDUSD,1,2022-12-05 19:00:00,2022-12-06 05:00:00,0.67123,0.67229,0.66791,0.67787,0.1414,10.6,14.99,14.99,10,time_exit,20.22119,0.00221,-3.80707,2.12602,new_york,2022
AUDUSD,-1,2022-12-06 21:00:00,2022-12-07 04:00:00,0.66874,0.67162,0.67162,0.66297,0.1633,-28.8,-47.1,-47.1,7,stop_loss,25.52195,0.00192,-2.85871,0.04929,new_york,2022
AUDUSD,-1,2022-12-08 01:00:00,2022-12-08 11:00:00,0.67214,0.67171,0.67466,0.6671,0.1851,4.3,7.96,7.96,10,time_exit,21.30828,0.00168,0.14035,-0.80772,tokyo,2022
AUDUSD,-1,2022-12-13 09:00:00,2022-12-13 10:00:00,0.67645,0.67852,0.67852,0.67231,0.2259,-20.7,-46.71,-46.71,1,stop_loss,19.49182,0.00138,0.24193,0.84727,london,2022
AUDUSD,-1,2022-12-13 14:00:00,2022-12-13 15:00:00,0.67686,0.67902,0.67902,0.67254,0.2143,-21.6,-46.24,-46.24,1,stop_loss,15.698,0.00144,0.4226,0.84591,london,2022
AUDUSD,1,2022-12-14 03:00:00,2022-12-14 13:00:00,0.68314,0.68628,0.6802,0.68902,0.1558,31.4,48.92,48.92,10,time_exit,31.59856,0.00196,1.64418,1.84276,tokyo,2022
AUDUSD,-1,2022-12-14 15:00:00,2022-12-14 21:00:00,0.68642,0.68146,0.6889,0.68146,0.1866,49.6,92.52,92.52,6,take_profit,29.3415,0.00165,2.69934,2.81432,london,2022
AUDUSD,-1,2022-12-15 20:00:00,2022-12-16 04:00:00,0.66814,0.67136,0.67136,0.6617,0.1466,-32.2,-47.19,-47.19,8,stop_loss,46.47842,0.00215,-5.75535,1.01873,new_york,2022
AUDUSD,1,2022-12-19 15:00:00,2022-12-20 01:00:00,0.67135,0.67053,0.66911,0.67582,0.209,-8.2,-17.14,-17.14,10,time_exit,20.14999,0.00149,-0.57302,-2.1742,london,2022
AUDUSD,1,2022-12-20 23:00:00,2022-12-21 09:00:00,0.66701,0.66812,0.66409,0.67286,0.1592,11.1,17.67,17.67,10,time_exit,10.52236,0.00195,-1.02937,-2.28538,,2022
AUDUSD,-1,2022-12-22 04:00:00,2022-12-22 06:00:00,0.67354,0.6758,0.6758,0.66902,0.2067,-22.6,-46.72,-46.72,2,stop_loss,31.09087,0.00151,2.68769,-1.9408,tokyo,2022
AUDUSD,1,2022-12-23 02:00:00,2022-12-23 12:00:00,0.66763,0.67078,0.66527,0.67234,0.1964,31.5,61.87,61.86,10,time_exit,36.26099,0.00157,-1.45927,-1.40543,tokyo,2022
AUDUSD,1,2022-12-23 12:00:00,2022-12-23 16:00:00,0.66983,0.66758,0.66758,0.67433,0.2085,-22.5,-46.87,-46.87,4,stop_loss,26.64797,0.0015,0.2074,-1.51911,london,2022
AUDUSD,-1,2022-12-27 12:00:00,2022-12-27 22:00:00,0.67622,0.67305,0.67848,0.6717,0.2055,31.7,65.14,65.14,10,time_exit,29.57522,0.00151,2.83146,-0.05992,london,2022
AUDUSD,-1,2022-12-29 19:00:00,2022-12-30 05:00:00,0.67775,0.67719,0.67997,0.6733,0.2115,5.6,11.84,11.84,10,time_exit,17.93107,0.00148,2.3347,0.76161,new_york,2022
AUDUSD,-1,2022-12-30 09:00:00,2022-12-30 10:00:00,0.6777,0.67948,0.67948,0.67414,0.2653,-17.8,-47.18,-47.18,1,stop_loss,19.12684,0.00119,1.7456,1.6309,london,2022
AUDUSD,-1,2023-01-03 09:00:00,2023-01-03 10:00:00,0.68016,0.67561,0.68244,0.67561,0.2052,45.5,93.41,93.41,1,take_profit,13.74531,0.00152,0.1931,2.34146,london,2023
AUDUSD,1,2023-01-04 11:00:00,2023-01-04 17:00:00,0.68708,0.68354,0.68354,0.69417,0.1344,-35.4,-47.64,-47.64,6,stop_loss,27.74681,0.00236,4.04809,0.60999,london,2023
AUDUSD,1,2023-01-04 22:00:00,2023-01-05 05:00:00,0.68394,0.68038,0.68038,0.69106,0.1325,-35.6,-47.14,-47.14,7,stop_loss,31.62589,0.00237,1.45393,1.42399,,2023
AUDUSD,-1,2023-01-05 08:00:00,2023-01-05 16:00:00,0.68226,0.67633,0.68523,0.67633,0.1574,59.3,93.37,93.37,8,take_profit,22.31944,0.00198,0.53063,1.78276,tokyo,2023
AUDUSD,-1,2023-01-05 22:00:00,2023-01-06 08:00:00,0.67578,0.67604,0.67898,0.66937,0.1487,-2.6,-3.87,-3.87,10,time_exit,25.82602,0.00214,-1.99634,1.04029,,2023
AUDUSD,1,2023-01-09 09:00:00,2023-01-09 19:00:00,0.69342,0.69369,0.69041,0.69943,0.1583,2.7,4.27,4.27,10,time_exit,46.63049,0.002,5.00788,2.0839,london,2023
AUDUSD,-1,2023-01-10 12:00:00,2023-01-10 22:00:00,0.68996,0.68933,0.69257,0.68475,0.1828,6.3,11.52,11.51,10,time_exit,18.54712,0.00174,0.69606,3.79439,london,2023
AUDUSD,1,2023-01-11 11:00:00,2023-01-11 14:00:00,0.68971,0.68748,0.68748,0.69418,0.2138,-22.3,-47.74,-47.74,3,stop_loss,11.59937,0.00149,0.32174,3.75405,london,2023
AUDUSD,1,2023-01-12 18:00:00,2023-01-13 04:00:00,0.6933,0.69568,0.68918,0.70154,0.1147,23.8,27.3,27.3,10,time_exit,17.25941,0.00275,0.98638,1.8246,new_york,2023
AUDUSD,1,2023-01-13 06:00:00,2023-01-13 15:00:00,0.6954,0.69242,0.69242,0.70136,0.1596,-29.8,-47.54,-47.55,9,stop_loss,35.82512,0.00199,1.29121,3.03105,tokyo,2023
AUDUSD,1,2023-01-13 21:00:00,2023-01-16 07:00:00,0.69749,0.6994,0.69422,0.70403,0.1439,19.1,27.48,27.48,10,time_exit,25.55234,0.00218,1.49566,2.81888,new_york,2023
AUDUSD,-1,2023-01-16 09:00:00,2023-01-16 19:00:00,0.69801,0.69548,0.70081,0.69241,0.169,25.3,42.76,42.75,10,time_exit,23.57969,0.00187,1.05178,3.60081,london,2023
AUDUSD,-1,2023-01-16 19:00:00,2023-01-17 05:00:00,0.69579,0.69691,0.69819,0.691,0.1992,-11.2,-22.31,-22.31,10,time_exit,21.08405,0.0016,-0.17163,3.82244,new_york,2023
AUDUSD,1,2023-01-17 19:00:00,2023-01-18 05:00:00,0.69852,0.69856,0.69583,0.7039,0.1767,0.4,0.71,0.7,10,time_exit,20.42845,0.00179,1.3387,2.70563,new_york,2023
AUDUSD,1,2023-01-19 21:00:00,2023-01-20 07:00:00,0.69106,0.69246,0.68813,0.69693,0.162,14.0,22.68,22.68,10,time_exit,29.43266,0.00196,-1.21714,0.40869,new_york,2023
AUDUSD,-1,2023-01-23 02:00:00,2023-01-23 10:00:00,0.69836,0.70062,0.70062,0.69384,0.2115,-22.6,-47.76,-47.76,8,stop_loss,22.41588,0.00151,2.88266,0.71325,tokyo,2023
AUDUSD,-1,2023-01-25 07:00:00,2023-01-25 17:00:00,0.71015,0.7077,0.71265,0.70515,0.1891,24.5,46.33,46.33,10,time_exit,27.06678,0.00167,4.29706,3.52945,tokyo,2023
AUDUSD,-1,2023-01-26 23:00:00,2023-01-27 09:00:00,0.71165,0.71038,0.71419,0.70657,0.1879,12.7,23.86,23.86,10,time_exit,15.64435,0.00169,1.58262,4.44458,,2023
AUDUSD,-1,2023-01-30 10:00:00,2023-01-30 20:00:00,0.70827,0.70678,0.71043,0.70396,0.2225,14.9,33.15,33.15,10,time_exit,10.65876,0.00144,-1.22062,4.07095,london,2023
AUDUSD,-1,2023-02-01 08:00:00,2023-02-01 15:00:00,0.7066,0.70868,0.70868,0.70244,0.2326,-20.8,-48.33,-48.33,7,stop_loss,19.41471,0.00139,0.77552,0.81909,tokyo,2023
AUDUSD,1,2023-02-03 06:00:00,2023-02-03 15:00:00,0.7061,0.70366,0.70366,0.71098,0.1961,-24.4,-47.85,-47.85,9,stop_loss,33.27546,0.00163,-1.78157,1.56344,tokyo,2023
AUDUSD,-1,2023-02-06 09:00:00,2023-02-06 16:00:00,0.69326,0.68759,0.6961,0.68759,0.167,56.7,94.75,94.75,7,take_profit,54.91229,0.00189,-3.88916,-1.97603,london,2023
AUDUSD,-1,2023-02-07 15:00:00,2023-02-07 19:00:00,0.69248,0.69488,0.69488,0.68767,0.201,-24.0,-48.3,-48.31,4,stop_loss,27.11461,0.0016,-0.89339,-4.28569,london,2023
AUDUSD,-1,2023-02-08 19:00:00,2023-02-09 05:00:00,0.69396,0.69573,0.69666,0.68856,0.177,-17.7,-31.33,-31.33,10,time_exit,21.04609,0.0018,-0.64317,-2.40575,new_york,2023
AUDUSD,-1,2023-02-10 09:00:00,2023-02-10 10:00:00,0.69236,0.69436,0.69436,0.68836,0.2376,-20.0,-47.51,-47.52,1,stop_loss,19.17325,0.00133,-1.70783,-2.49499,london,2023
AUDUSD,1,2023-02-10 23:00:00,2023-02-13 03:00:00,0.69199,0.68978,0.68978,0.69641,0.213,-22.1,-47.03,-47.03,4,stop_loss,12.50428,0.00147,-1.23206,-2.38647,,2023
AUDUSD,-1,2023-02-15 14:00:00,2023-02-16 00:00:00,0.68896,0.69038,0.69166,0.68356,0.1724,-14.2,-24.48,-24.48,10,time_exit,38.01469,0.0018,-3.22687,-0.79753,london,2023
AUDUSD,-1,2023-02-16 16:00:00,2023-02-16 21:00:00,0.68783,0.69047,0.69047,0.68256,0.1757,-26.4,-46.32,-46.32,5,stop_loss,24.51082,0.00176,-2.33731,-1.64825,new_york,2023
AUDUSD,1,2023-02-20 14:00:00,2023-02-21 00:00:00,0.69084,0.69087,0.68876,0.695,0.2205,0.3,0.66,0.66,10,time_exit,32.22426,0.00139,1.88959,-2.68118,london,2023
AUDUSD,-1,2023-02-21 13:00:00,2023-02-21 17:00:00,0.68769,0.68963,0.68963,0.6838,0.236,-19.4,-45.86,-45.87,4,stop_loss,24.96713,0.0013,-1.2119,-1.78677,london,2023
AUDUSD,-1,2023-02-21 19:00:00,2023-02-22 05:00:00,0.68645,0.68382,0.689,0.68134,0.1778,26.3,46.76,46.76,10,time_exit,23.06627,0.0017,-1.40271,-1.45259,new_york,2023
AUDUSD,-1,2023-02-23 16:00:00,2023-02-24 02:00:00,0.68155,0.68181,0.68358,0.67749,0.2258,-2.6,-5.87,-5.87,10,time_exit,17.89418,0.00135,-1.52991,-3.43269,new_york,2023
AUDUSD,-1,2023-02-27 09:00:00,2023-02-27 10:00:00,0.67019,0.67218,0.67218,0.66621,0.2303,-19.9,-45.83,-45.83,1,stop_loss,37.90514,0.00133,-4.87182,-5.71041,london,2023
AUDUSD,1,2023-02-27 14:00:00,2023-02-28 00:00:00,0.67163,0.67355,0.66976,0.67538,0.2422,19.2,46.5,46.5,10,time_exit,34.4259,0.00125,-3.30983,-6.29986,london,2023
AUDUSD,1,2023-02-28 12:00:00,2023-02-28 18:00:00,0.67201,0.67568,0.67017,0.67568,0.2494,36.7,91.63,91.63,6,take_profit,19.33913,0.00122,-1.76847,-6.01052,london,2023
AUDUSD,1,2023-03-02 00:00:00,2023-03-02 03:00:00,0.67591,0.6736,0.6736,0.68052,0.2026,-23.1,-46.73,-46.73,3,stop_loss,18.23543,0.00154,0.60848,-2.9668,tokyo,2023
AUDUSD,1,2023-03-03 05:00:00,2023-03-03 15:00:00,0.67409,0.67585,0.67192,0.67842,0.2136,17.6,37.59,37.59,10,time_exit,22.0049,0.00144,0.17923,-2.87736,tokyo,2023
AUDUSD,1,2023-03-07 02:00:00,2023-03-07 05:00:00,0.67312,0.67151,0.67151,0.67635,0.2892,-16.1,-46.65,-46.65,3,stop_loss,19.62667,0.00108,-0.91318,-2.44806,tokyo,2023
AUDUSD,1,2023-03-07 06:00:00,2023-03-07 10:00:00,0.6715,0.66946,0.66946,0.67558,0.2266,-20.4,-46.18,-46.18,4,stop_loss,18.43062,0.00136,-1.81884,-1.94373,tokyo,2023
AUDUSD,1,2023-03-09 05:00:00,2023-03-09 10:00:00,0.65849,0.6622,0.65663,0.6622,0.2463,37.1,91.43,91.43,5,take_profit,23.2222,0.00124,-3.03351,-6.88709,tokyo,2023
AUDUSD,-1,2023-03-09 17:00:00,2023-03-09 22:00:00,0.66229,0.65844,0.66421,0.65844,0.2424,38.5,93.25,93.25,5,take_profit,25.54017,0.00128,0.30143,-6.06381,new_york,2023
AUDUSD,-1,2023-03-10 13:00:00,2023-03-10 15:00:00,0.65846,0.66053,0.66053,0.65433,0.2301,-20.7,-47.57,-47.57,2,stop_loss,16.18858,0.00138,-1.32004,-5.42426,london,2023
AUDUSD,-1,2023-03-15 03:00:00,2023-03-15 13:00:00,0.66874,0.66365,0.67129,0.66365,0.1849,50.9,94.17,94.17,10,take_profit,20.04382,0.0017,1.74314,-0.49286,tokyo,2023
AUDUSD,1,2023-03-17 11:00:00,2023-03-17 14:00:00,0.67116,0.66885,0.66885,0.67577,0.2084,-23.1,-48.04,-48.04,3,stop_loss,22.90514,0.00154,3.19871,0.04606,london,2023
AUDUSD,-1,2023-03-21 11:00:00,2023-03-21 21:00:00,0.66873,0.66647,0.67073,0.66473,0.2377,22.6,53.72,53.72,10,time_exit,20.68527,0.00133,-0.64131,1.4238,london,2023
AUDUSD,1,2023-03-22 16:00:00,2023-03-22 21:00:00,0.66822,0.67153,0.66657,0.67153,0.2907,33.1,96.19,96.19,5,take_profit,17.04419,0.0011,-0.39514,0.78894,new_york,2023
AUDUSD,-1,2023-03-23 00:00:00,2023-03-23 03:00:00,0.66811,0.67088,0.67088,0.66256,0.1768,-27.7,-49.05,-49.05,3,stop_loss,24.5829,0.00185,-0.19552,0.44577,tokyo,2023
AUDUSD,1,2023-03-23 18:00:00,2023-03-23 21:00:00,0.67185,0.66934,0.66934,0.67687,0.1936,-25.1,-48.55,-48.56,3,stop_loss,38.27621,0.00167,0.90361,1.09927,new_york,2023
AUDUSD,1,2023-03-24 20:00:00,2023-03-27 06:00:00,0.66418,0.66574,0.66193,0.66867,0.2139,15.6,33.37,33.37,10,time_exit,37.94891,0.0015,-2.49289,-0.16176,new_york,2023
AUDUSD,-1,2023-03-27 08:00:00,2023-03-27 18:00:00,0.66501,0.66419,0.667,0.66103,0.243,8.2,19.93,19.92,10,time_exit,35.62877,0.00133,-1.30155,-0.78843,tokyo,2023
AUDUSD,-1,2023-03-29 02:00:00,2023-03-29 09:00:00,0.67046,0.66754,0.67192,0.66754,0.3324,29.2,97.21,97.21,7,take_profit,31.98802,0.00097,2.689,0.21335,tokyo,2023
AUDUSD,1,2023-03-29 12:00:00,2023-03-29 17:00:00,0.66669,0.66997,0.66505,0.66997,0.3023,32.8,99.16,99.15,5,take_profit,23.82806,0.00109,-1.37552,0.40098,london,2023
AUDUSD,-1,2023-03-29 20:00:00,2023-03-30 06:00:00,0.66788,0.66795,0.66974,0.66416,0.272,-0.7,-1.9,-1.91,10,time_exit,19.48109,0.00124,-0.21743,0.2953,new_york,2023
AUDUSD,1,2023-03-31 16:00:00,2023-03-31 17:00:00,0.66996,0.66802,0.66802,0.67385,0.2601,-19.4,-50.54,-50.55,1,stop_loss,18.7213,0.0013,0.12153,0.94336,new_york,2023
AUDUSD,-1,2023-04-03 21:00:00,2023-04-04 07:00:00,0.6779,0.67614,0.6802,0.6733,0.2176,17.6,38.3,38.3,10,time_exit,35.87403,0.00153,4.41243,1.29392,new_york,2023
AUDUSD,1,2023-04-07 07:00:00,2023-04-07 15:00:00,0.66812,0.66681,0.66681,0.67074,0.3852,-13.1,-50.43,-50.43,8,stop_loss,27.13284,0.00087,-1.81953,-0.9085,tokyo,2023
AUDUSD,-1,2023-04-10 13:00:00,2023-04-10 15:00:00,0.6676,0.66449,0.66915,0.66449,0.3214,31.1,99.85,99.85,2,take_profit,25.31408,0.00104,-0.12698,-1.79763,london,2023
AUDUSD,-1,2023-04-13 02:00:00,2023-04-13 04:00:00,0.66973,0.67163,0.67163,0.66594,0.2686,-19.0,-50.93,-50.93,2,stop_loss,31.94378,0.00126,1.95503,-0.67341,tokyo,2023
AUDUSD,-1,2023-04-13 11:00:00,2023-04-13 15:00:00,0.67238,0.67448,0.67448,0.66818,0.24,-21.0,-50.42,-50.42,4,stop_loss,37.2133,0.0014,2.8305,0.00254,london,2023
AUDUSD,1,2023-04-14 07:00:00,2023-04-14 10:00:00,0.67849,0.67679,0.67679,0.68189,0.2934,-17.0,-49.92,-49.92,3,stop_loss,54.88646,0.00113,4.48384,3.00406,tokyo,2023
AUDUSD,-1,2023-04-17 07:00:00,2023-04-17 17:00:00,0.67077,0.66908,0.67268,0.66696,0.2591,16.9,43.79,43.79,10,time_exit,32.42848,0.00127,-1.6574,1.75013,tokyo,2023
AUDUSD,1,2023-04-19 15:00:00,2023-04-20 01:00:00,0.67052,0.67082,0.6688,0.67396,0.2899,3.0,8.7,8.69,10,time_exit,28.28374,0.00115,-1.31309,0.79939,london,2023
AUDUSD,1,2023-04-21 09:00:00,2023-04-21 10:00:00,0.67091,0.66924,0.66924,0.67426,0.2982,-16.7,-49.93,-49.93,1,stop_loss,20.72275,0.00112,-1.54355,0.94793,london,2023
AUDUSD,-1,2023-04-21 21:00:00,2023-04-24 07:00:00,0.66974,0.66755,0.67164,0.66593,0.2596,21.9,56.85,56.85,10,time_exit,32.30829,0.00127,-1.2708,-0.01274,new_york,2023
AUDUSD,1,2023-04-24 15:00:00,2023-04-25 01:00:00,0.6682,0.66998,0.66661,0.67138,0.3147,17.8,56.02,56.01,10,time_exit,29.8807,0.00106,-1.53506,-0.9763,london,2023
AUDUSD,-1,2023-04-26 05:00:00,2023-04-26 15:00:00,0.66262,0.6604,0.66428,0.6593,0.3048,22.2,67.67,67.66,10,time_exit,36.44806,0.00111,-3.23969,-2.82536,tokyo,2023
AUDUSD,-1,2023-04-27 02:00:00,2023-04-27 08:00:00,0.66084,0.66251,0.66251,0.6575,0.3066,-16.7,-51.24,-51.24,6,stop_loss,25.33376,0.00111,-1.94388,-4.20091,tokyo,2023
AUDUSD,1,2023-04-27 09:00:00,2023-04-27 12:00:00,0.66287,0.66126,0.66126,0.66609,0.3155,-16.1,-50.73,-50.73,3,stop_loss,20.18627,0.00107,0.30729,-4.35619,london,2023
AUDUSD,1,2023-04-27 13:00:00,2023-04-27 23:00:00,0.6609,0.663,0.65923,0.66424,0.3004,21.0,63.08,63.08,10,time_exit,19.50334,0.00111,-1.3945,-4.09535,london,2023
AUDUSD,1,2023-05-01 12:00:00,2023-05-01 16:00:00,0.66354,0.66647,0.66208,0.66647,0.3473,29.3,101.7,101.7,4,take_profit,16.81481,0.00098,1.65441,-3.16306,london,2023
AUDUSD,-1,2023-05-02 23:00:00,2023-05-03 09:00:00,0.66667,0.66661,0.66861,0.66279,0.2671,0.6,1.6,1.6,10,time_exit,23.60444,0.00129,1.07689,-0.00425,,2023
AUDUSD,1,2023-05-04 05:00:00,2023-05-04 15:00:00,0.6673,0.6667,0.66505,0.6718,0.2307,-6.0,-13.84,-13.84,10,time_exit,14.49203,0.0015,0.75177,0.36507,tokyo,2023
AUDUSD,1,2023-05-05 17:00:00,2023-05-08 03:00:00,0.67321,0.67442,0.67109,0.67745,0.2439,12.1,29.51,29.51,10,time_exit,28.77971,0.00141,2.45588,1.92321,new_york,2023
AUDUSD,-1,2023-05-08 05:00:00,2023-05-08 06:00:00,0.67513,0.67691,0.67691,0.67157,0.2924,-17.8,-52.05,-52.05,1,stop_loss,17.8558,0.00119,2.87319,3.20373,tokyo,2023
AUDUSD,1,2023-05-08 15:00:00,2023-05-09 01:00:00,0.67883,0.67809,0.67727,0.68194,0.3309,-7.4,-24.49,-24.49,10,time_exit,25.45858,0.00104,4.81235,4.76965,london,2023
AUDUSD,-1,2023-05-09 16:00:00,2023-05-09 17:00:00,0.67521,0.67648,0.67648,0.67267,0.4041,-12.7,-51.28,-51.28,1,stop_loss,25.11004,0.00085,-1.06908,6.23656,new_york,2023
AUDUSD,-1,2023-05-11 05:00:00,2023-05-11 10:00:00,0.67772,0.67373,0.67971,0.67373,0.2545,39.9,101.52,101.52,5,take_profit,24.59928,0.00133,0.75047,3.06759,tokyo,2023
AUDUSD,-1,2023-05-11 12:00:00,2023-05-11 17:00:00,0.67347,0.66931,0.67555,0.66931,0.2489,41.6,103.58,103.58,5,take_profit,23.03874,0.00139,-2.21669,2.60822,london,2023
AUDUSD,1,2023-05-12 05:00:00,2023-05-12 14:00:00,0.66987,0.66827,0.66827,0.67308,0.3291,-16.0,-52.81,-52.81,9,stop_loss,33.29331,0.00107,-3.4697,0.9849,tokyo,2023
AUDUSD,-1,2023-05-12 18:00:00,2023-05-15 04:00:00,0.66517,0.66652,0.66706,0.6614,0.2772,-13.5,-37.42,-37.42,10,time_exit,33.2686,0.00126,-5.03855,-0.42389,new_york,2023
AUDUSD,1,2023-05-15 14:00:00,2023-05-16 00:00:00,0.66873,0.66999,0.66708,0.67203,0.3149,12.6,39.68,39.68,10,time_exit,30.11619,0.0011,-0.00162,-2.05533,london,2023
AUDUSD,1,2023-05-16 08:00:00,2023-05-16 09:00:00,0.66933,0.6679,0.6679,0.67219,0.3656,-14.3,-52.32,-52.32,1,stop_loss,25.17781,0.00095,0.07617,-1.59108,tokyo,2023
AUDUSD,1,2023-05-16 11:00:00,2023-05-16 14:00:00,0.66886,0.6672,0.6672,0.67218,0.3123,-16.6,-51.78,-51.79,3,stop_loss,24.98173,0.00111,-0.24239,-1.43865,london,2023
AUDUSD,-1,2023-05-17 17:00:00,2023-05-17 19:00:00,0.66497,0.6669,0.6669,0.66111,0.2659,-19.3,-51.27,-51.27,2,stop_loss,20.26026,0.00129,-1.30823,-2.16722,new_york,2023
AUDUSD,1,2023-05-19 13:00:00,2023-05-19 23:00:00,0.66581,0.66499,0.66398,0.66947,0.2773,-8.2,-22.74,-22.74,10,time_exit,19.10686,0.00122,1.35675,-2.68904,london,2023
AUDUSD,-1,2023-05-23 05:00:00,2023-05-23 11:00:00,0.66497,0.66213,0.66639,0.66213,0.3555,28.4,101.05,101.05,6,take_profit,11.93928,0.00095,0.27964,-2.0,tokyo,2023
AUDUSD,1,2023-05-24 09:00:00,2023-05-24 10:00:00,0.65959,0.65811,0.65811,0.66255,0.3488,-14.8,-51.54,-51.55,1,stop_loss,30.57736,0.00099,-3.02094,-2.93571,london,2023
AUDUSD,-1,2023-05-25 02:00:00,2023-05-25 12:00:00,0.65443,0.6528,0.65622,0.65085,0.285,16.3,46.45,46.45,10,time_exit,54.08367,0.00119,-3.74998,-4.1482,tokyo,2023
AUDUSD,1,2023-05-25 14:00:00,2023-05-25 16:00:00,0.65267,0.65108,0.65108,0.65585,0.3241,-15.9,-51.49,-51.49,2,stop_loss,53.70937,0.00106,-3.80653,-5.62034,london,2023
AUDUSD,-1,2023-05-26 03:00:00,2023-05-26 05:00:00,0.64989,0.65143,0.65143,0.64681,0.3308,-15.4,-50.98,-50.98,2,stop_loss,37.80607,0.00103,-4.32296,-6.75526,tokyo,2023
AUDUSD,1,2023-05-26 17:00:00,2023-05-29 03:00:00,0.65124,0.65287,0.64948,0.65477,0.2862,16.3,46.65,46.65,10,time_exit,25.04814,0.00118,-1.77529,-5.68591,new_york,2023
AUDUSD,1,2023-05-29 11:00:00,2023-05-29 21:00:00,0.65338,0.65389,0.65173,0.65668,0.3088,5.1,15.75,15.75,10,time_exit,20.53689,0.0011,0.31898,-5.22448,london,2023
AUDUSD,-1,2023-05-30 22:00:00,2023-05-31 04:00:00,0.65113,0.65293,0.65293,0.64752,0.2832,-18.0,-51.09,-51.09,6,stop_loss,15.47706,0.0012,-1.52406,-3.46799,,2023
AUDUSD,1,2023-05-31 12:00:00,2023-05-31 19:00:00,0.6478,0.64596,0.64596,0.65147,0.2755,-18.4,-50.57,-50.58,7,stop_loss,12.88593,0.00122,-3.16798,-3.69979,london,2023
AUDUSD,-1,2023-06-05 14:00:00,2023-06-05 16:00:00,0.65886,0.66042,0.66042,0.65574,0.3208,-15.6,-50.07,-50.07,2,stop_loss,19.90706,0.00104,0.25256,1.9232,london,2023
AUDUSD,1,2023-06-07 12:00:00,2023-06-07 17:00:00,0.66904,0.6672,0.6672,0.67273,0.2687,-18.4,-49.57,-49.58,5,stop_loss,25.43494,0.00123,3.34361,4.16454,london,2023
AUDUSD,1,2023-06-07 18:00:00,2023-06-07 20:00:00,0.66672,0.66429,0.66429,0.67158,0.2019,-24.3,-49.07,-49.07,2,stop_loss,24.76781,0.00162,0.55144,3.38898,new_york,2023
AUDUSD,1,2023-06-08 01:00:00,2023-06-08 11:00:00,0.6654,0.66874,0.66345,0.66931,0.2486,33.4,83.03,83.03,10,time_exit,18.7202,0.0013,-0.32184,3.86974,tokyo,2023
AUDUSD,-1,2023-06-09 04:00:00,2023-06-09 14:00:00,0.67113,0.67252,0.67252,0.66834,0.3546,-13.9,-49.42,-49.42,10,stop_loss,30.4364,0.00093,3.08039,6.02207,tokyo,2023
AUDUSD,-1,2023-06-09 23:00:00,2023-06-12 09:00:00,0.67395,0.6754,0.6754,0.67105,0.3374,-14.5,-48.92,-48.92,10,stop_loss,35.34639,0.00097,3.49261,6.43204,,2023
AUDUSD,1,2023-06-14 07:00:00,2023-06-14 16:00:00,0.67754,0.681,0.67581,0.681,0.2796,34.6,96.86,96.85,9,take_profit,22.04775,0.00115,1.36688,5.68651,tokyo,2023
AUDUSD,1,2023-06-14 20:00:00,2023-06-14 21:00:00,0.68267,0.68094,0.68094,0.68613,0.2854,-17.3,-49.4,-49.4,1,stop_loss,36.36093,0.00115,4.41377,6.00101,new_york,2023
AUDUSD,1,2023-06-14 22:00:00,2023-06-15 04:00:00,0.6807,0.6784,0.6784,0.6853,0.2127,-23.0,-48.91,-48.91,6,stop_loss,35.46848,0.00153,1.82836,4.55895,,2023
AUDUSD,-1,2023-06-15 06:00:00,2023-06-15 08:00:00,0.6787,0.68093,0.68093,0.67424,0.2169,-22.3,-48.41,-48.41,2,stop_loss,30.21717,0.00149,0.33578,4.51043,tokyo,2023
AUDUSD,-1,2023-06-19 12:00:00,2023-06-19 22:00:00,0.68658,0.68481,0.68864,0.68245,0.2324,17.7,41.13,41.13,10,time_exit,17.53126,0.00138,0.79353,5.72056,london,2023
AUDUSD,-1,2023-06-21 06:00:00,2023-06-21 15:00:00,0.67867,0.67524,0.68038,0.67524,0.2821,34.3,96.68,96.68,9,take_profit,35.61007,0.00114,-2.01407,1.96933,tokyo,2023
AUDUSD,1,2023-06-22 01:00:00,2023-06-22 07:00:00,0.6793,0.6775,0.6775,0.6829,0.2741,-18.0,-49.32,-49.32,6,stop_loss,22.67481,0.0012,-0.06642,0.69104,tokyo,2023
AUDUSD,1,2023-06-28 20:00:00,2023-06-29 00:00:00,0.66174,0.65954,0.65954,0.66614,0.2219,-22.0,-48.81,-48.81,4,stop_loss,45.52645,0.00147,-3.04742,-3.83194,new_york,2023
AUDUSD,1,2023-06-29 18:00:00,2023-06-30 03:00:00,0.66301,0.66082,0.66082,0.6674,0.2203,-21.9,-48.34,-48.34,9,stop_loss,26.88499,0.00146,-0.24522,-4.34661,new_york,2023
AUDUSD,-1,2023-06-30 17:00:00,2023-07-03 03:00:00,0.6653,0.66539,0.66717,0.66156,0.2556,-0.9,-2.3,-2.3,10,time_exit,14.25387,0.00125,1.81266,-4.32408,new_york,2023
AUDUSD,1,2023-07-05 05:00:00,2023-07-05 11:00:00,0.6684,0.66705,0.66705,0.6711,0.354,-13.5,-47.82,-47.82,6,stop_loss,18.61659,0.0009,0.88535,-0.28948,tokyo,2023
AUDUSD,-1,2023-07-06 11:00:00,2023-07-06 15:00:00,0.66709,0.66344,0.66891,0.66344,0.2595,36.5,94.69,94.68,4,take_profit,21.63382,0.00122,0.23537,-0.61627,london,2023
AUDUSD,-1,2023-07-07 07:00:00,2023-07-07 13:00:00,0.66317,0.66486,0.66486,0.65979,0.2859,-16.9,-48.29,-48.29,6,stop_loss,30.476,0.00113,-1.5341,-1.71145,tokyo,2023
AUDUSD,-1,2023-07-12 00:00:00,2023-07-12 03:00:00,0.66839,0.6701,0.6701,0.66497,0.2796,-17.1,-47.81,-47.82,3,stop_loss,19.16723,0.00114,1.41991,0.07228,tokyo,2023
AUDUSD,-1,2023-07-14 21:00:00,2023-07-17 06:00:00,0.68462,0.68065,0.68661,0.68065,0.2383,39.7,94.64,94.64,9,take_profit,27.08803,0.00132,0.49054,7.01998,new_york,2023
AUDUSD,1,2023-07-18 04:00:00,2023-07-18 14:00:00,0.68115,0.68047,0.67964,0.68417,0.3198,-6.8,-21.75,-21.75,10,time_exit,29.84151,0.00101,-1.26915,5.78632,tokyo,2023
AUDUSD,1,2023-07-18 18:00:00,2023-07-18 20:00:00,0.68266,0.6803,0.6803,0.68737,0.2041,-23.6,-48.07,-48.07,2,stop_loss,18.55778,0.00157,0.37665,3.06593,new_york,2023
AUDUSD,1,2023-07-21 06:00:00,2023-07-21 10:00:00,0.67798,0.67607,0.67607,0.68179,0.2496,-19.1,-47.58,-47.58,4,stop_loss,25.36868,0.00127,-1.14909,0.98807,tokyo,2023
AUDUSD,1,2023-07-21 10:00:00,2023-07-21 11:00:00,0.67822,0.67637,0.67637,0.68192,0.2543,-18.5,-47.1,-47.1,1,stop_loss,25.27059,0.00123,-0.76699,0.83256,london,2023
AUDUSD,1,2023-07-21 17:00:00,2023-07-24 03:00:00,0.67306,0.67301,0.67109,0.677,0.2366,-0.5,-1.18,-1.19,10,time_exit,33.63739,0.00131,-3.75566,0.07007,new_york,2023
AUDUSD,-1,2023-07-26 02:00:00,2023-07-26 04:00:00,0.67854,0.67526,0.68018,0.67526,0.2846,32.8,93.23,93.22,2,take_profit,21.55341,0.00109,1.91373,-0.29832,tokyo,2023
AUDUSD,-1,2023-07-26 06:00:00,2023-07-26 16:00:00,0.67622,0.67484,0.67836,0.67195,0.2227,13.8,30.73,30.73,10,time_exit,23.34191,0.00142,-0.23141,-0.19041,tokyo,2023
AUDUSD,1,2023-07-27 10:00:00,2023-07-27 15:00:00,0.67961,0.67731,0.67731,0.6842,0.2084,-23.0,-47.85,-47.85,5,stop_loss,24.99512,0.00153,1.71232,0.08468,london,2023
AUDUSD,-1,2023-07-28 09:00:00,2023-07-28 19:00:00,0.66702,0.66623,0.6697,0.66167,0.1771,7.9,13.99,13.99,10,time_exit,36.98648,0.00178,-3.83197,-1.1784,london,2023
AUDUSD,1,2023-07-28 20:00:00,2023-07-31 06:00:00,0.66622,0.66762,0.66352,0.67162,0.176,14.0,24.64,24.64,10,time_exit,34.46951,0.0018,-2.63124,-2.17837,new_york,2023
AUDUSD,1,2023-08-02 00:00:00,2023-08-02 06:00:00,0.66137,0.65948,0.65948,0.66515,0.2529,-18.9,-47.77,-47.77,6,stop_loss,44.58358,0.00126,-4.01834,-4.15144,tokyo,2023
AUDUSD,-1,2023-08-03 17:00:00,2023-08-03 18:00:00,0.65316,0.65531,0.65531,0.64886,0.2201,-21.5,-47.29,-47.3,1,stop_loss,36.45252,0.00143,-2.96002,-6.46238,new_york,2023
AUDUSD,1,2023-08-04 04:00:00,2023-08-04 13:00:00,0.65707,0.6551,0.6551,0.661,0.2382,-19.7,-46.81,-46.81,9,stop_loss,27.75588,0.00131,0.54456,-6.64068,tokyo,2023
AUDUSD,-1,2023-08-07 20:00:00,2023-08-08 06:00:00,0.65681,0.65458,0.65886,0.6527,0.2257,22.3,50.33,50.33,10,time_exit,13.85747,0.00137,-0.18885,-3.98122,new_york,2023
AUDUSD,1,2023-08-08 08:00:00,2023-08-08 09:00:00,0.6547,0.65287,0.65287,0.65837,0.2556,-18.3,-46.86,-46.86,1,stop_loss,20.77065,0.00122,-1.6839,-4.15039,tokyo,2023
AUDUSD,1,2023-08-10 19:00:00,2023-08-10 20:00:00,0.65563,0.65336,0.65336,0.66017,0.2045,-22.7,-46.38,-46.38,1,stop_loss,30.87776,0.00151,0.52845,-2.34997,new_york,2023
AUDUSD,-1,2023-08-15 14:00:00,2023-08-16 00:00:00,0.64706,0.64542,0.6494,0.64238,0.1964,16.4,32.21,32.21,10,time_exit,22.00185,0.00156,-1.49681,-3.00577,london,2023
AUDUSD,1,2023-08-16 01:00:00,2023-08-16 04:00:00,0.64546,0.64329,0.64329,0.64979,0.2136,-21.7,-46.25,-46.25,3,stop_loss,26.47705,0.00144,-2.10954,-3.36875,tokyo,2023
AUDUSD,-1,2023-08-17 16:00:00,2023-08-18 02:00:00,0.64372,0.64061,0.64615,0.63886,0.1886,31.1,58.65,58.65,10,time_exit,29.39523,0.00162,0.10419,-3.93882,new_york,2023
AUDUSD,-1,2023-08-18 08:00:00,2023-08-18 18:00:00,0.63987,0.64126,0.6419,0.63581,0.2283,-13.9,-31.73,-31.74,10,time_exit,16.28061,0.00135,-1.80425,-4.65046,tokyo,2023
AUDUSD,1,2023-08-18 22:00:00,2023-08-21 08:00:00,0.64051,0.64002,0.63853,0.64447,0.2328,-4.9,-11.41,-11.41,10,time_exit,11.35877,0.00132,-0.73107,-4.59388,,2023
AUDUSD,-1,2023-08-21 21:00:00,2023-08-22 06:00:00,0.64082,0.64276,0.64276,0.63694,0.237,-19.4,-45.93,-45.93,9,stop_loss,9.80302,0.00129,-0.07546,-4.02508,new_york,2023
AUDUSD,1,2023-08-24 10:00:00,2023-08-24 12:00:00,0.64666,0.64492,0.64492,0.65015,0.2609,-17.4,-45.47,-45.47,2,stop_loss,29.26246,0.00116,1.46576,-0.27266,london,2023
AUDUSD,1,2023-08-25 08:00:00,2023-08-25 17:00:00,0.64044,0.63902,0.63902,0.64329,0.3162,-14.2,-45.01,-45.02,9,stop_loss_ambiguous,36.12446,0.00095,-3.19629,-1.38616,tokyo,2023
AUDUSD,-1,2023-08-28 13:00:00,2023-08-28 15:00:00,0.64054,0.64229,0.64229,0.63705,0.2553,-17.5,-44.56,-44.56,2,stop_loss,20.78825,0.00116,-1.43342,-1.51344,london,2023
AUDUSD,1,2023-08-28 18:00:00,2023-08-29 04:00:00,0.64214,0.64346,0.64049,0.64544,0.2671,13.2,35.26,35.25,10,time_exit,17.21332,0.0011,-0.01346,-1.56866,new_york,2023
AUDUSD,-1,2023-08-30 14:00:00,2023-08-30 15:00:00,0.64704,0.64887,0.64887,0.64338,0.2427,-18.3,-44.47,-44.47,1,stop_loss,15.093,0.00122,1.59375,0.64939,london,2023
AUDUSD,1,2023-09-06 12:00:00,2023-09-06 17:00:00,0.63902,0.63722,0.63722,0.64262,0.2444,-18.0,-44.04,-44.04,5,stop_loss,31.43809,0.0012,-1.26304,-2.71982,london,2023
AUDUSD,1,2023-09-06 18:00:00,2023-09-07 04:00:00,0.63758,0.63767,0.63551,0.64173,0.2103,0.9,1.89,1.89,10,time_exit,23.42145,0.00138,-1.88342,-2.40879,new_york,2023
AUDUSD,1,2023-09-11 09:00:00,2023-09-11 19:00:00,0.6437,0.64352,0.6419,0.6473,0.2425,-1.8,-4.37,-4.37,10,time_exit,28.74676,0.0012,3.64119,-1.62741,london,2023
AUDUSD,-1,2023-09-11 20:00:00,2023-09-12 06:00:00,0.6435,0.64358,0.64517,0.64017,0.2616,-0.8,-2.09,-2.1,10,time_exit,39.78438,0.00111,2.45876,-0.65979,new_york,2023
AUDUSD,-1,2023-09-12 15:00:00,2023-09-13 01:00:00,0.64229,0.64275,0.64384,0.63919,0.2811,-4.6,-12.93,-12.93,10,time_exit,18.69383,0.00103,0.42925,0.09885,london,2023
AUDUSD,1,2023-09-14 01:00:00,2023-09-14 04:00:00,0.6419,0.64532,0.64019,0.64532,0.2542,34.2,86.82,86.82,3,take_profit,29.03093,0.00114,0.02158,0.03809,tokyo,2023
AUDUSD,-1,2023-09-14 13:00:00,2023-09-14 14:00:00,0.64291,0.64457,0.64457,0.6396,0.2672,-16.6,-44.28,-44.28,1,stop_loss,17.38207,0.0011,0.47079,0.4212,london,2023
AUDUSD,-1,2023-09-14 18:00:00,2023-09-15 04:00:00,0.64448,0.6447,0.64661,0.64023,0.2061,-2.2,-4.53,-4.54,10,time_exit,15.69127,0.00142,1.22109,0.48668,new_york,2023
AUDUSD,1,2023-09-15 17:00:00,2023-09-18 03:00:00,0.64387,0.64408,0.64202,0.64757,0.237,2.1,4.98,4.97,10,time_exit,14.38533,0.00123,-0.18232,1.17985,new_york,2023
AUDUSD,1,2023-09-18 08:00:00,2023-09-18 16:00:00,0.64448,0.64287,0.64287,0.6477,0.2725,-16.1,-43.84,-43.84,8,stop_loss,10.35262,0.00107,0.51381,1.04254,tokyo,2023
AUDUSD,-1,2023-09-19 21:00:00,2023-09-20 07:00:00,0.64578,0.64506,0.64716,0.64301,0.3136,7.2,22.58,22.58,10,time_exit,19.49397,0.00092,1.40486,1.31936,new_york,2023
AUDUSD,-1,2023-09-20 12:00:00,2023-09-20 13:00:00,0.6466,0.64789,0.64789,0.64402,0.3376,-12.9,-43.63,-43.64,1,stop_loss,13.09323,0.00086,1.85502,1.62602,london,2023
AUDUSD,-1,2023-09-20 18:00:00,2023-09-20 19:00:00,0.6497,0.65111,0.65111,0.64689,0.3073,-14.1,-43.2,-43.2,1,stop_loss,26.39924,0.00094,4.19062,2.01673,new_york,2023
AUDUSD,-1,2023-09-21 05:00:00,2023-09-21 15:00:00,0.64205,0.64016,0.64396,0.63822,0.2235,18.9,42.24,42.24,10,time_exit,30.50862,0.00128,-2.85063,1.27476,tokyo,2023
AUDUSD,1,2023-09-25 10:00:00,2023-09-25 17:00:00,0.64233,0.64093,0.64093,0.64513,0.3079,-14.0,-43.18,-43.18,7,stop_loss,18.85541,0.00093,-1.15916,-0.11607,london,2023
AUDUSD,-1,2023-09-27 06:00:00,2023-09-27 16:00:00,0.63909,0.63789,0.64076,0.63575,0.2562,12.0,30.74,30.74,10,time_exit,37.56482,0.00111,-1.88649,-1.31361,tokyo,2023
AUDUSD,-1,2023-09-28 13:00:00,2023-09-28 17:00:00,0.63874,0.64062,0.64062,0.63498,0.2292,-18.8,-43.06,-43.06,4,stop_loss,23.97188,0.00125,0.52877,-2.41218,london,2023
AUDUSD,1,2023-09-28 22:00:00,2023-09-29 08:00:00,0.64231,0.64552,0.64031,0.64632,0.2127,32.1,68.28,68.27,10,time_exit,27.32864,0.00134,2.51837,-1.60123,,2023
AUDUSD,-1,2023-10-02 22:00:00,2023-10-03 07:00:00,0.63652,0.6326,0.63848,0.6326,0.2209,39.2,86.62,86.62,9,take_profit,30.48177,0.00131,-3.45347,-0.46863,,2023
AUDUSD,1,2023-10-04 01:00:00,2023-10-04 11:00:00,0.63029,0.63231,0.62839,0.63409,0.2325,20.2,46.97,46.96,10,time_exit,48.25962,0.00127,-3.64955,-3.58068,tokyo,2023
AUDUSD,-1,2023-10-04 12:00:00,2023-10-04 22:00:00,0.63237,0.63289,0.63447,0.62817,0.2125,-5.2,-11.05,-11.05,10,time_exit,32.86646,0.0014,-0.84682,-3.5924,london,2023
AUDUSD,-1,2023-10-05 12:00:00,2023-10-05 16:00:00,0.63325,0.63529,0.63529,0.62917,0.2182,-20.4,-44.54,-44.55,4,stop_loss,19.21979,0.00136,-0.41888,-2.71879,london,2023
AUDUSD,-1,2023-10-06 18:00:00,2023-10-06 19:00:00,0.63494,0.6373,0.6373,0.63023,0.1871,-23.6,-44.1,-44.11,1,stop_loss,15.11065,0.00157,-0.20117,-1.17851,new_york,2023
AUDUSD,1,2023-10-09 02:00:00,2023-10-09 12:00:00,0.63579,0.63618,0.63317,0.64103,0.1666,3.9,6.5,6.5,10,time_exit,14.00521,0.00175,-0.09945,-0.68251,tokyo,2023
AUDUSD,-1,2023-10-10 02:00:00,2023-10-10 04:00:00,0.64102,0.64279,0.64279,0.63749,0.2475,-17.7,-43.73,-43.73,2,stop_loss,22.61874,0.00118,3.1861,-0.00442,tokyo,2023
AUDUSD,-1,2023-10-10 17:00:00,2023-10-10 18:00:00,0.64046,0.64242,0.64242,0.63655,0.2212,-19.6,-43.27,-43.28,1,stop_loss,21.26942,0.0013,1.20718,0.8569,new_york,2023
AUDUSD,1,2023-10-13 08:00:00,2023-10-13 17:00:00,0.63164,0.63003,0.63003,0.63487,0.2656,-16.1,-42.85,-42.85,9,stop_loss,49.76991,0.00108,-4.87575,-1.23707,tokyo,2023
AUDUSD,1,2023-10-16 22:00:00,2023-10-17 08:00:00,0.63412,0.63515,0.63265,0.63705,0.2894,10.3,29.81,29.81,10,time_exit,21.24593,0.00098,0.95477,-3.09614,,2023
AUDUSD,-1,2023-10-17 14:00:00,2023-10-17 17:00:00,0.63498,0.63657,0.63657,0.63181,0.2692,-15.9,-42.72,-42.72,3,stop_loss,27.49501,0.00106,0.93093,-1.89792,london,2023
AUDUSD,1,2023-10-20 06:00:00,2023-10-20 10:00:00,0.63226,0.6304,0.6304,0.63598,0.2276,-18.6,-42.29,-42.3,4,stop_loss,18.756,0.00124,-0.58025,-1.56899,tokyo,2023
AUDUSD,-1,2023-10-20 11:00:00,2023-10-20 16:00:00,0.63016,0.6319,0.6319,0.62669,0.2413,-17.4,-41.87,-41.87,5,stop_loss,17.52271,0.00116,-2.18961,-1.80539,london,2023
AUDUSD,-1,2023-10-23 03:00:00,2023-10-23 13:00:00,0.63202,0.62908,0.63349,0.62908,0.2819,29.4,82.9,82.9,10,take_profit,17.22729,0.00098,-0.1527,-2.17294,tokyo,2023
AUDUSD,-1,2023-10-24 15:00:00,2023-10-25 01:00:00,0.63639,0.6356,0.638,0.63318,0.2631,7.9,20.78,20.78,10,time_exit,29.48303,0.00107,2.55242,-0.36476,london,2023
AUDUSD,1,2023-10-25 08:00:00,2023-10-25 10:00:00,0.63864,0.63699,0.63699,0.64194,0.2576,-16.5,-42.49,-42.49,2,stop_loss,23.89215,0.0011,3.12224,0.67583,tokyo,2023
AUDUSD,1,2023-10-26 13:00:00,2023-10-26 15:00:00,0.63121,0.62927,0.62927,0.6351,0.2165,-19.4,-42.06,-42.06,2,stop_loss,36.61759,0.0013,-0.78617,-1.12739,london,2023
AUDUSD,-1,2023-10-27 06:00:00,2023-10-27 16:00:00,0.63404,0.63594,0.63594,0.63025,0.2196,-19.0,-41.64,-41.64,10,stop_loss,22.06224,0.00126,1.40634,-0.93271,tokyo,2023
AUDUSD,-1,2023-10-27 20:00:00,2023-10-30 06:00:00,0.63404,0.63593,0.63593,0.63027,0.2184,-18.9,-41.22,-41.22,10,stop_loss,24.63245,0.00126,0.6013,-0.24733,new_york,2023
AUDUSD,1,2023-10-31 03:00:00,2023-10-31 06:00:00,0.63678,0.63547,0.63547,0.6394,0.3117,-13.1,-40.81,-40.81,3,stop_loss,22.89833,0.00087,1.54908,1.37819,tokyo,2023
AUDUSD,1,2023-11-01 17:00:00,2023-11-01 22:00:00,0.63589,0.63959,0.63404,0.63959,0.2184,37.0,80.82,80.82,5,take_profit,24.22458,0.00123,1.10255,0.17923,new_york,2023
AUDUSD,-1,2023-11-02 06:00:00,2023-11-02 16:00:00,0.6436,0.64371,0.64575,0.6393,0.1918,-1.1,-2.11,-2.11,10,time_exit,47.49156,0.00143,4.7731,1.25946,tokyo,2023
AUDUSD,-1,2023-11-03 10:00:00,2023-11-03 15:00:00,0.64385,0.64534,0.64534,0.64087,0.2763,-14.9,-41.19,-41.2,5,stop_loss,33.77703,0.00099,2.81013,4.13542,london,2023
AUDUSD,1,2023-11-06 13:00:00,2023-11-06 21:00:00,0.65059,0.64885,0.64885,0.65407,0.2344,-17.4,-40.78,-40.79,8,stop_loss,42.34531,0.00116,3.01045,6.12569,london,2023
AUDUSD,-1,2023-11-08 04:00:00,2023-11-08 14:00:00,0.64328,0.6425,0.64492,0.64001,0.2466,7.8,19.23,19.23,10,time_exit,41.1009,0.00109,-1.49462,2.96762,tokyo,2023
AUDUSD,-1,2023-11-09 21:00:00,2023-11-10 01:00:00,0.63967,0.63595,0.64153,0.63595,0.2178,37.2,81.12,81.12,4,take_profit,24.88958,0.00124,-1.9078,0.32345,new_york,2023
AUDUSD,-1,2023-11-10 09:00:00,2023-11-10 19:00:00,0.63645,0.63571,0.63808,0.63319,0.254,7.4,18.8,18.79,10,time_exit,39.13337,0.00109,-3.08097,-1.11418,london,2023
AUDUSD,-1,2023-11-14 05:00:00,2023-11-14 15:00:00,0.63754,0.63874,0.63874,0.63515,0.3478,-12.0,-41.56,-41.57,10,stop_loss,17.09386,0.0008,0.02646,-2.46022,tokyo,2023
AUDUSD,-1,2023-11-15 04:00:00,2023-11-15 10:00:00,0.64917,0.65122,0.65122,0.64506,0.2004,-20.5,-41.14,-41.14,6,stop_loss,40.40058,0.00137,5.06866,1.24964,tokyo,2023
AUDUSD,-1,2023-11-15 16:00:00,2023-11-16 02:00:00,0.6509,0.64966,0.65318,0.64634,0.1788,12.4,22.17,22.17,10,time_exit,33.36538,0.00152,3.49417,2.57417,new_york,2023
AUDUSD,1,2023-11-17 19:00:00,2023-11-20 04:00:00,0.64935,0.65361,0.64722,0.65361,0.1925,42.6,81.92,81.92,9,take_profit,18.71509,0.00142,0.89888,2.5792,new_york,2023
AUDUSD,1,2023-11-22 11:00:00,2023-11-22 21:00:00,0.65387,0.65405,0.65201,0.65759,0.2244,1.8,4.04,4.04,10,time_exit,19.12482,0.00124,-0.89903,4.33569,london,2023
AUDUSD,1,2023-11-23 07:00:00,2023-11-23 17:00:00,0.65533,0.65618,0.65387,0.65825,0.2861,8.5,24.32,24.32,10,time_exit,18.90118,0.00097,0.51124,4.43536,tokyo,2023
AUDUSD,-1,2023-11-23 22:00:00,2023-11-24 08:00:00,0.65603,0.6564,0.65729,0.65351,0.3339,-3.7,-12.35,-12.36,10,time_exit,11.05368,0.00084,0.68345,4.93034,,2023
AUDUSD,1,2023-11-24 09:00:00,2023-11-24 17:00:00,0.65643,0.6588,0.65525,0.6588,0.3543,23.7,83.87,83.87,8,take_profit,9.01152,0.00079,0.8843,4.9235,london,2023
AUDUSD,1,2023-11-27 11:00:00,2023-11-27 21:00:00,0.65985,0.66079,0.6584,0.66275,0.2955,9.4,27.78,27.77,10,time_exit,13.92014,0.00097,2.72374,4.13712,london,2023
AUDUSD,-1,2023-11-29 08:00:00,2023-11-29 18:00:00,0.66446,0.66171,0.66645,0.66048,0.2164,27.5,59.51,59.51,10,time_exit,27.07082,0.00133,1.65505,4.26307,tokyo,2023
AUDUSD,-1,2023-11-29 20:00:00,2023-11-30 06:00:00,0.66209,0.66429,0.66429,0.65769,0.1986,-22.0,-43.65,-43.65,10,stop_loss,17.59681,0.00147,-0.14795,3.44769,new_york,2023
AUDUSD,1,2023-11-30 23:00:00,2023-12-01 09:00:00,0.66072,0.66033,0.65823,0.66571,0.1733,-3.9,-6.76,-6.76,10,time_exit,11.97445,0.00166,-0.65845,2.10799,,2023
AUDUSD,-1,2023-12-04 19:00:00,2023-12-05 05:00:00,0.66192,0.65769,0.66404,0.65769,0.2039,42.3,86.27,86.27,10,take_profit,19.41607,0.00141,-1.44884,2.55614,new_york,2023
AUDUSD,-1,2023-12-07 22:00:00,2023-12-08 08:00:00,0.66039,0.66108,0.66247,0.65622,0.2112,-6.9,-14.57,-14.57,10,time_exit,30.33984,0.00139,2.12539,-0.91804,,2023
AUDUSD,-1,2023-12-08 18:00:00,2023-12-11 04:00:00,0.65865,0.65614,0.66089,0.65417,0.196,25.1,49.2,49.19,10,time_exit,31.74651,0.00149,-0.1913,-0.03977,new_york,2023
AUDUSD,-1,2023-12-13 16:00:00,2023-12-13 21:00:00,0.65753,0.65912,0.65912,0.65434,0.2781,-15.9,-44.35,-44.35,5,stop_loss,35.63697,0.00106,0.9892,-1.21464,new_york,2023
AUDUSD,-1,2023-12-14 18:00:00,2023-12-15 04:00:00,0.66994,0.67172,0.67288,0.66405,0.1492,-17.8,-26.56,-26.56,10,time_exit,39.16648,0.00196,2.85313,2.17781,new_york,2023
AUDUSD,-1,2023-12-15 17:00:00,2023-12-15 18:00:00,0.66921,0.67169,0.67169,0.66425,0.1759,-24.8,-43.64,-43.64,1,stop_loss,18.70037,0.00165,0.71899,3.52117,new_york,2023
AUDUSD,-1,2023-12-18 18:00:00,2023-12-19 02:00:00,0.66937,0.67146,0.67146,0.6652,0.2072,-20.9,-43.2,-43.2,8,stop_loss,12.56532,0.00139,-0.57028,4.27238,new_york,2023
AUDUSD,1,2023-12-26 04:00:00,2023-12-26 14:00:00,0.68086,0.68108,0.67914,0.6843,0.2484,2.2,5.46,5.46,10,time_exit,17.35346,0.00115,1.9422,5.2897,tokyo,2023
AUDUSD,1,2023-12-27 00:00:00,2023-12-27 10:00:00,0.68203,0.68264,0.68086,0.68438,0.3647,6.1,22.25,22.24,10,time_exit,13.07907,0.00078,2.90615,7.63006,tokyo,2023
AUDUSD,-1,2024-01-02 00:00:00,2024-01-02 07:00:00,0.68055,0.68258,0.68258,0.6765,0.2125,-20.3,-43.05,-43.05,7,stop_loss,15.34617,0.00135,-1.56557,2.77417,tokyo,2024
AUDUSD,-1,2024-01-02 16:00:00,2024-01-03 02:00:00,0.67798,0.67639,0.68001,0.67393,0.2103,15.9,33.44,33.44,10,time_exit,15.52844,0.00135,-2.87725,2.0051,new_york,2024
AUDUSD,-1,2024-01-03 05:00:00,2024-01-03 15:00:00,0.67553,0.67221,0.67719,0.67221,0.2588,33.2,85.93,85.93,10,take_profit,32.74442,0.00111,-3.74279,0.75502,tokyo,2024
AUDUSD,-1,2024-01-04 10:00:00,2024-01-04 15:00:00,0.67541,0.67166,0.67729,0.67166,0.2336,37.5,87.63,87.62,5,take_profit,31.45295,0.00125,-0.1021,-1.61005,london,2024
AUDUSD,-1,2024-01-04 20:00:00,2024-01-05 06:00:00,0.67028,0.66985,0.67227,0.66629,0.2241,4.3,9.64,9.63,10,time_exit,33.10924,0.00133,-3.07646,-2.00323,new_york,2024
AUDUSD,1,2024-01-08 12:00:00,2024-01-08 22:00:00,0.66976,0.67192,0.66773,0.67383,0.2203,21.6,47.58,47.58,10,time_exit,16.07962,0.00136,-1.16408,-2.61993,london,2024
AUDUSD,1,2024-01-09 13:00:00,2024-01-09 18:00:00,0.66958,0.66784,0.66784,0.67306,0.2601,-17.4,-45.26,-45.26,5,stop_loss,13.72797,0.00116,-1.36266,-2.46656,london,2024
AUDUSD,1,2024-01-12 04:00:00,2024-01-12 13:00:00,0.67121,0.66903,0.66903,0.67557,0.2054,-21.8,-44.81,-44.81,9,stop_loss,21.27153,0.00145,1.0881,-1.60372,tokyo,2024
AUDUSD,1,2024-01-15 11:00:00,2024-01-15 16:00:00,0.66686,0.66505,0.66505,0.67047,0.2455,-18.1,-44.36,-44.37,5,stop_loss,13.35867,0.0012,-1.97311,-1.66366,london,2024
AUDUSD,1,2024-01-15 21:00:00,2024-01-16 00:00:00,0.66591,0.66444,0.66444,0.66885,0.2989,-14.7,-43.92,-43.92,3,stop_loss,25.96697,0.00098,-2.26449,-2.65644,new_york,2024
AUDUSD,1,2024-01-16 01:00:00,2024-01-16 02:00:00,0.6659,0.66457,0.66457,0.66856,0.3271,-13.3,-43.48,-43.49,1,stop_loss,28.59033,0.00089,-2.1326,-3.09324,tokyo,2024
AUDUSD,1,2024-01-18 01:00:00,2024-01-18 02:00:00,0.65513,0.65319,0.65319,0.65901,0.2221,-19.4,-43.05,-43.05,1,stop_loss,44.79651,0.00129,-2.38675,-5.73787,tokyo,2024
AUDUSD,1,2024-01-19 23:00:00,2024-01-22 09:00:00,0.65982,0.65916,0.65812,0.66322,0.2504,-6.6,-16.53,-16.53,10,time_exit,14.17586,0.00113,1.59343,-4.06384,,2024
AUDUSD,-1,2024-01-23 04:00:00,2024-01-23 07:00:00,0.65902,0.66057,0.66057,0.65591,0.2732,-15.5,-42.46,-42.46,3,stop_loss,19.47316,0.00104,0.62636,-3.16475,tokyo,2024
AUDUSD,1,2024-01-24 19:00:00,2024-01-24 21:00:00,0.66007,0.65816,0.65816,0.66389,0.2198,-19.1,-42.02,-42.02,2,stop_loss,23.69611,0.00127,1.07754,-1.55188,new_york,2024
AUDUSD,-1,2024-01-25 04:00:00,2024-01-25 12:00:00,0.65749,0.65918,0.65918,0.65411,0.2463,-16.9,-41.6,-41.6,8,stop_loss,17.32712,0.00113,-0.90654,-1.74079,tokyo,2024
AUDUSD,1,2024-01-25 23:00:00,2024-01-26 09:00:00,0.65835,0.65825,0.65651,0.66203,0.2236,-1.0,-2.24,-2.24,10,time_exit,9.66481,0.00123,-0.06109,-1.35777,,2024
AUDUSD,-1,2024-01-26 12:00:00,2024-01-26 15:00:00,0.65906,0.66057,0.66057,0.65603,0.272,-15.1,-41.17,-41.17,3,stop_loss,8.96024,0.00101,0.52424,-1.36929,london,2024
AUDUSD,-1,2024-01-29 13:00:00,2024-01-29 22:00:00,0.66017,0.66152,0.66152,0.65748,0.3025,-13.5,-40.75,-40.76,9,stop_loss,19.38048,0.0009,1.47971,-0.96996,london,2024
AUDUSD,-1,2024-01-31 15:00:00,2024-01-31 16:00:00,0.65813,0.65963,0.65963,0.65512,0.2683,-15.0,-40.34,-40.35,1,stop_loss,23.86814,0.001,-0.76301,-0.66107,london,2024
AUDUSD,-1,2024-01-31 19:00:00,2024-01-31 21:00:00,0.65988,0.6618,0.6618,0.65603,0.2076,-19.2,-39.95,-39.95,2,stop_loss,23.22238,0.00128,0.58187,-0.35387,new_york,2024
AUDUSD,1,2024-02-01 11:00:00,2024-02-01 19:00:00,0.65253,0.65697,0.65031,0.65697,0.178,44.4,79.11,79.11,8,take_profit,18.3329,0.00148,-3.42626,-1.00092,london,2024
AUDUSD,1,2024-02-02 09:00:00,2024-02-02 15:00:00,0.6596,0.65788,0.65788,0.66304,0.2345,-17.2,-40.33,-40.33,6,stop_loss,26.98706,0.00115,2.07689,-1.17185,london,2024
AUDUSD,-1,2024-02-05 03:00:00,2024-02-05 07:00:00,0.64929,0.65134,0.65134,0.64519,0.1949,-20.5,-39.92,-39.93,4,stop_loss,42.47617,0.00137,-4.44553,-1.82203,tokyo,2024
AUDUSD,1,2024-02-07 16:00:00,2024-02-08 02:00:00,0.65255,0.65251,0.65108,0.65549,0.2688,-0.4,-1.08,-1.08,10,time_exit,25.04211,0.00098,0.64215,-2.82979,new_york,2024
AUDUSD,-1,2024-02-08 23:00:00,2024-02-09 09:00:00,0.64921,0.65048,0.65048,0.64667,0.3112,-12.7,-39.52,-39.53,10,stop_loss,33.96509,0.00085,-2.06576,-3.22018,,2024
AUDUSD,1,2024-02-09 11:00:00,2024-02-09 15:00:00,0.65053,0.65283,0.64938,0.65283,0.3407,23.0,78.26,78.26,4,take_profit,25.15234,0.00077,0.09988,-3.62656,london,2024
AUDUSD,-1,2024-02-09 15:00:00,2024-02-09 16:00:00,0.65093,0.652,0.652,0.64879,0.3737,-10.7,-39.91,-39.91,1,stop_loss,26.64492,0.00071,0.57771,-3.68002,london,2024
AUDUSD,1,2024-02-09 22:00:00,2024-02-12 00:00:00,0.65205,0.65078,0.65078,0.65459,0.3109,-12.7,-39.5,-39.51,2,stop_loss,39.68607,0.00085,1.37651,-2.57199,,2024
AUDUSD,-1,2024-02-12 01:00:00,2024-02-12 11:00:00,0.65179,0.65164,0.65312,0.64913,0.2941,1.5,4.41,4.41,10,time_exit,39.24943,0.00089,0.83797,-2.25723,tokyo,2024
AUDUSD,1,2024-02-13 03:00:00,2024-02-13 06:00:00,0.65274,0.65156,0.65156,0.65509,0.3327,-11.8,-39.16,-39.16,3,stop_loss,18.25093,0.00078,0.77368,-1.05791,tokyo,2024
AUDUSD,1,2024-02-13 07:00:00,2024-02-13 15:00:00,0.65148,0.65035,0.65035,0.65374,0.3431,-11.3,-38.77,-38.77,8,stop_loss,21.78994,0.00075,-0.82819,-1.06816,tokyo,2024
AUDUSD,1,2024-02-13 17:00:00,2024-02-14 03:00:00,0.64588,0.64563,0.644,0.64964,0.2042,-2.5,-5.1,-5.11,10,time_exit,27.89788,0.00125,-4.62665,-0.86097,new_york,2024
AUDUSD,-1,2024-02-14 21:00:00,2024-02-15 07:00:00,0.64906,0.64878,0.65039,0.64639,0.2875,2.8,8.05,8.05,10,time_exit,26.81928,0.00089,0.51696,-3.01373,new_york,2024
AUDUSD,1,2024-02-15 21:00:00,2024-02-16 07:00:00,0.6517,0.65186,0.65021,0.65468,0.2577,1.6,4.12,4.12,10,time_exit,29.22298,0.00099,2.23136,-1.49136,new_york,2024
AUDUSD,-1,2024-02-16 11:00:00,2024-02-16 15:00:00,0.65202,0.64969,0.65318,0.64969,0.3301,23.3,76.9,76.9,4,take_profit,25.86623,0.00078,1.89923,-0.70969,london,2024
AUDUSD,1,2024-02-19 18:00:00,2024-02-20 03:00:00,0.65361,0.6526,0.6526,0.65562,0.39,-10.1,-39.22,-39.22,9,stop_loss,21.0526,0.00067,1.35937,1.46162,new_york,2024
AUDUSD,1,2024-02-21 07:00:00,2024-02-21 10:00:00,0.65676,0.65553,0.65553,0.65922,0.3156,-12.3,-38.83,-38.83,3,stop_loss,25.12458,0.00082,2.64533,2.3251,tokyo,2024
AUDUSD,-1,2024-02-22 00:00:00,2024-02-22 02:00:00,0.65465,0.65604,0.65604,0.65186,0.2759,-13.9,-38.43,-38.44,2,stop_loss,15.80541,0.00093,0.36478,1.91061,tokyo,2024
AUDUSD,1,2024-02-22 04:00:00,2024-02-22 09:00:00,0.65518,0.65785,0.65384,0.65785,0.2849,26.7,76.12,76.11,5,take_profit,14.81975,0.00089,0.28211,1.97846,tokyo,2024
AUDUSD,-1,2024-02-22 21:00:00,2024-02-23 03:00:00,0.6554,0.657,0.657,0.6522,0.2425,-16.0,-38.81,-38.82,6,stop_loss,19.42259,0.00107,-0.21641,1.83116,new_york,2024
AUDUSD,-1,2024-02-26 13:00:00,2024-02-26 23:00:00,0.65493,0.65398,0.65613,0.65252,0.3194,9.5,30.34,30.34,10,time_exit,30.71336,0.0008,-1.19398,1.74805,london,2024
AUDUSD,1,2024-02-28 12:00:00,2024-02-28 22:00:00,0.64907,0.64962,0.64775,0.65172,0.2927,5.5,16.1,16.1,10,time_exit,42.5921,0.00088,-5.26695,-0.53329,london,2024
AUDUSD,-1,2024-02-29 08:00:00,2024-02-29 14:00:00,0.65166,0.64926,0.65286,0.64926,0.3246,24.0,77.78,77.77,6,take_profit,38.2958,0.0008,-0.10002,-2.11629,tokyo,2024
AUDUSD,-1,2024-03-04 03:00:00,2024-03-04 13:00:00,0.65311,0.65226,0.65449,0.65034,0.2867,8.5,24.37,24.37,10,time_exit,15.2341,0.00092,1.81209,-1.28347,tokyo,2024
AUDUSD,-1,2024-03-05 06:00:00,2024-03-05 08:00:00,0.65029,0.64803,0.65142,0.64803,0.3527,22.6,79.82,79.81,2,take_profit,27.81086,0.00075,-1.48663,-1.25228,tokyo,2024
AUDUSD,1,2024-03-06 04:00:00,2024-03-06 09:00:00,0.64984,0.65248,0.64852,0.65248,0.3079,26.4,81.43,81.43,5,take_profit,24.46888,0.00088,-0.76849,-1.51052,tokyo,2024
AUDUSD,-1,2024-03-06 20:00:00,2024-03-07 06:00:00,0.65722,0.65847,0.65887,0.65393,0.2521,-12.5,-31.51,-31.51,10,time_exit,34.15853,0.0011,4.7899,-0.09459,new_york,2024
AUDUSD,1,2024-03-08 05:00:00,2024-03-08 12:00:00,0.662,0.66465,0.66068,0.66465,0.3112,26.5,82.42,82.42,7,take_profit,54.32169,0.00088,4.35449,4.42611,tokyo,2024
AUDUSD,1,2024-03-11 08:00:00,2024-03-11 18:00:00,0.66109,0.66077,0.65961,0.66405,0.2837,-3.2,-9.08,-9.08,10,time_exit,25.96491,0.00099,-0.03286,4.89394,tokyo,2024
AUDUSD,1,2024-03-12 07:00:00,2024-03-12 15:00:00,0.66162,0.6604,0.6604,0.66406,0.3444,-12.2,-41.94,-41.94,8,stop_loss,25.58558,0.00081,0.54623,4.78806,tokyo,2024
AUDUSD,-1,2024-03-14 00:00:00,2024-03-14 02:00:00,0.66152,0.66269,0.66269,0.65918,0.355,-11.7,-41.52,-41.52,2,stop_loss,20.35007,0.00078,1.04858,3.49449,tokyo,2024
AUDUSD,1,2024-03-14 10:00:00,2024-03-14 16:00:00,0.66174,0.66057,0.66057,0.66408,0.3512,-11.7,-41.11,-41.11,6,stop_loss,15.6847,0.00078,0.24984,3.35026,london,2024
AUDUSD,1,2024-03-15 14:00:00,2024-03-18 00:00:00,0.65653,0.6559,0.65524,0.65911,0.316,-6.3,-19.91,-19.91,10,time_exit,50.72894,0.00086,-2.89564,0.29828,london,2024
AUDUSD,1,2024-03-21 02:00:00,2024-03-21 09:00:00,0.65973,0.66301,0.65809,0.66301,0.2469,32.8,81.0,81.0,7,take_profit,27.70315,0.00109,4.87233,-1.73862,tokyo,2024
AUDUSD,-1,2024-03-21 22:00:00,2024-03-22 05:00:00,0.65691,0.65378,0.65848,0.65378,0.2636,31.3,82.63,82.62,7,take_profit,31.39334,0.00104,-0.41408,0.33802,,2024
AUDUSD,1,2024-03-22 09:00:00,2024-03-22 10:00:00,0.65267,0.65119,0.65119,0.65563,0.2843,-14.8,-42.14,-42.14,1,stop_loss,34.21478,0.00099,-3.88726,-0.26448,london,2024
AUDUSD,1,2024-03-25 08:00:00,2024-03-25 18:00:00,0.65267,0.65368,0.65121,0.65559,0.286,10.1,28.89,28.88,10,time_exit,27.01105,0.00097,-1.21747,-2.0207,tokyo,2024
AUDUSD,1,2024-03-26 22:00:00,2024-03-27 03:00:00,0.65339,0.65218,0.65218,0.65581,0.3466,-12.1,-42.0,-42.0,5,stop_loss,13.53504,0.00081,-0.73145,-1.53458,,2024
AUDUSD,-1,2024-03-28 05:00:00,2024-03-28 11:00:00,0.65282,0.65024,0.65411,0.65024,0.3226,25.8,83.16,83.16,6,take_profit,16.80903,0.00086,-0.24094,-1.74709,tokyo,2024
AUDUSD,-1,2024-04-02 20:00:00,2024-04-03 06:00:00,0.6511,0.65196,0.65249,0.64833,0.3057,-8.6,-26.29,-26.29,10,time_exit,22.97209,0.00092,0.59628,-2.01878,new_york,2024
AUDUSD,-1,2024-04-03 18:00:00,2024-04-03 19:00:00,0.65463,0.6561,0.6561,0.65169,0.2869,-14.7,-42.15,-42.15,1,stop_loss,15.02281,0.00098,3.52969,-1.10398,new_york,2024
AUDUSD,-1,2024-04-04 12:00:00,2024-04-04 13:00:00,0.65971,0.66096,0.66096,0.65721,0.334,-12.5,-41.73,-41.73,1,stop_loss,38.26997,0.00083,6.23952,1.68877,london,2024
AUDUSD,1,2024-04-04 21:00:00,2024-04-04 22:00:00,0.66147,0.66023,0.66023,0.66395,0.333,-12.4,-41.31,-41.31,1,stop_loss,50.80569,0.00083,5.94895,3.30222,new_york,2024
AUDUSD,-1,2024-04-04 23:00:00,2024-04-05 09:00:00,0.65805,0.65748,0.65953,0.65509,0.2764,5.7,15.75,15.75,10,time_exit,45.63338,0.00099,1.33891,2.85593,,2024
AUDUSD,1,2024-04-05 12:00:00,2024-04-05 15:00:00,0.65836,0.65699,0.65699,0.6611,0.2999,-13.7,-41.05,-41.05,3,stop_loss,27.80725,0.00091,1.28164,3.05993,london,2024
AUDUSD,1,2024-04-05 16:00:00,2024-04-08 02:00:00,0.65621,0.65698,0.65461,0.65942,0.2533,7.7,19.5,19.5,10,time_exit,24.02067,0.00107,-1.00361,2.57766,new_york,2024
AUDUSD,-1,2024-04-08 03:00:00,2024-04-08 05:00:00,0.65698,0.65851,0.65851,0.65391,0.2664,-15.3,-40.84,-40.84,2,stop_loss,22.06776,0.00102,-0.39926,2.48201,tokyo,2024
AUDUSD,1,2024-04-08 05:00:00,2024-04-08 15:00:00,0.65743,0.65924,0.65584,0.66061,0.2546,18.1,46.08,46.08,10,time_exit,23.47738,0.00106,0.08391,2.31592,tokyo,2024
AUDUSD,1,2024-04-09 13:00:00,2024-04-09 23:00:00,0.66216,0.66282,0.6609,0.66468,0.3246,6.6,21.42,21.42,10,time_exit,22.15162,0.00084,3.33842,3.69049,london,2024
AUDUSD,-1,2024-04-10 20:00:00,2024-04-11 06:00:00,0.65072,0.65172,0.65291,0.64633,0.1874,-10.0,-18.74,-18.74,10,time_exit,31.78923,0.00146,-6.15487,1.57288,new_york,2024
AUDUSD,-1,2024-04-11 15:00:00,2024-04-11 16:00:00,0.65218,0.65378,0.65378,0.64899,0.2565,-16.0,-40.93,-40.93,1,stop_loss,42.37991,0.00106,-3.0995,-0.89668,london,2024
AUDUSD,-1,2024-04-15 18:00:00,2024-04-16 04:00:00,0.6457,0.6422,0.64745,0.6422,0.2316,35.0,81.01,81.01,10,take_profit,24.32555,0.00117,-3.32936,-3.51958,new_york,2024
AUDUSD,1,2024-04-16 20:00:00,2024-04-17 06:00:00,0.64084,0.64159,0.63908,0.64437,0.2344,7.5,17.58,17.58,10,time_exit,42.05092,0.00118,-3.39009,-5.37192,new_york,2024
AUDUSD,-1,2024-04-17 16:00:00,2024-04-17 21:00:00,0.6424,0.64412,0.64412,0.63895,0.2406,-17.2,-41.5,-41.5,5,stop_loss,20.16605,0.00115,-0.60238,-5.48611,new_york,2024
AUDUSD,-1,2024-04-19 06:00:00,2024-04-19 07:00:00,0.63727,0.63917,0.63917,0.63347,0.216,-19.0,-41.08,-41.08,1,stop_loss,27.35513,0.00127,-4.32913,-3.65407,tokyo,2024
AUDUSD,-1,2024-04-22 11:00:00,2024-04-22 20:00:00,0.64295,0.64457,0.64457,0.6397,0.2504,-16.2,-40.67,-40.67,9,stop_loss,12.82961,0.00108,0.37607,-3.26531,london,2024
AUDUSD,1,2024-04-23 10:00:00,2024-04-23 16:00:00,0.645,0.64748,0.64376,0.64748,0.3245,24.8,80.54,80.53,6,take_profit,16.29138,0.00083,1.25883,-2.23205,london,2024
AUDUSD,-1,2024-04-24 00:00:00,2024-04-24 01:00:00,0.64739,0.64871,0.64871,0.64475,0.3116,-13.2,-41.07,-41.08,1,stop_loss,32.31137,0.00088,3.82539,-0.69913,tokyo,2024
AUDUSD,-1,2024-04-24 09:00:00,2024-04-24 17:00:00,0.65178,0.64891,0.65322,0.64891,0.2831,28.7,81.32,81.31,8,take_profit,34.20447,0.00096,5.017,0.64618,london,2024
AUDUSD,-1,2024-04-24 17:00:00,2024-04-25 03:00:00,0.64976,0.65002,0.65119,0.6469,0.29,-2.6,-7.54,-7.54,10,time_exit,25.66891,0.00095,1.98347,1.26341,new_york,2024
AUDUSD,-1,2024-04-25 15:00:00,2024-04-25 16:00:00,0.65308,0.6506,0.65432,0.6506,0.3337,24.8,82.8,82.8,1,take_profit,17.1653,0.00083,4.1099,2.67773,london,2024
AUDUSD,1,2024-04-29 18:00:00,2024-04-30 04:00:00,0.65587,0.65439,0.6541,0.65941,0.2383,-14.8,-35.27,-35.27,10,time_exit,17.89066,0.00118,1.59735,3.32466,new_york,2024
AUDUSD,-1,2024-04-30 07:00:00,2024-04-30 15:00:00,0.65339,0.65026,0.65495,0.65026,0.2677,31.3,83.75,83.75,8,take_profit,18.94897,0.00104,-1.27599,3.78942,tokyo,2024
AUDUSD,1,2024-04-30 15:00:00,2024-04-30 16:00:00,0.65276,0.6514,0.6514,0.65548,0.314,-13.6,-42.71,-42.71,1,stop_loss,29.00803,0.00091,-1.59464,3.6152,london,2024
AUDUSD,1,2024-04-30 21:00:00,2024-04-30 23:00:00,0.64902,0.64735,0.64735,0.65237,0.2525,-16.7,-42.29,-42.29,2,stop_loss,40.3229,0.00112,-3.68031,2.06296,new_york,2024
AUDUSD,-1,2024-05-01 12:00:00,2024-05-01 17:00:00,0.648,0.6493,0.6493,0.6454,0.3218,-13.0,-41.86,-41.86,5,stop_loss,50.91471,0.00087,-2.9383,0.22844,london,2024
AUDUSD,1,2024-05-03 06:00:00,2024-05-03 15:00:00,0.65756,0.66083,0.65593,0.66083,0.2538,32.7,82.87,82.87,9,take_profit,39.1163,0.00109,3.58372,2.06929,tokyo,2024
AUDUSD,1,2024-05-06 07:00:00,2024-05-06 17:00:00,0.66152,0.66266,0.65975,0.66506,0.239,11.4,27.25,27.24,10,time_exit,34.06074,0.00118,2.95778,3.95239,tokyo,2024
AUDUSD,1,2024-05-06 21:00:00,2024-05-07 07:00:00,0.66278,0.66145,0.66145,0.66544,0.3198,-13.3,-42.54,-42.54,10,stop_loss,31.80298,0.00089,3.16926,6.09221,new_york,2024
AUDUSD,-1,2024-05-09 20:00:00,2024-05-10 01:00:00,0.6609,0.66227,0.66227,0.65815,0.3065,-13.7,-42.12,-42.12,5,stop_loss,22.22917,0.00092,2.44419,2.03899,new_york,2024
AUDUSD,-1,2024-05-10 13:00:00,2024-05-10 23:00:00,0.66116,0.66033,0.66229,0.65889,0.368,8.3,30.54,30.54,10,time_exit,19.29417,0.00076,1.64653,3.21168,london,2024
AUDUSD,1,2024-05-13 19:00:00,2024-05-14 05:00:00,0.66096,0.66017,0.65968,0.66352,0.3287,-7.9,-25.97,-25.97,10,time_exit,17.91452,0.00085,0.61976,2.51406,new_york,2024
AUDUSD,-1,2024-05-15 12:00:00,2024-05-15 15:00:00,0.66458,0.66573,0.66573,0.66228,0.3629,-11.5,-41.74,-41.75,3,stop_loss,20.13988,0.00077,3.24419,3.33049,london,2024
AUDUSD,-1,2024-05-16 14:00:00,2024-05-17 00:00:00,0.66753,0.66758,0.66929,0.66401,0.2349,-0.5,-1.17,-1.18,10,time_exit,25.43332,0.00117,1.28246,3.87579,london,2024
AUDUSD,1,2024-05-17 03:00:00,2024-05-17 04:00:00,0.66822,0.66675,0.66675,0.67116,0.2814,-14.7,-41.31,-41.31,1,stop_loss,13.83243,0.00098,1.57293,4.5529,tokyo,2024
AUDUSD,-1,2024-05-17 19:00:00,2024-05-17 22:00:00,0.66835,0.6699,0.6699,0.66524,0.2631,-15.5,-40.9,-40.91,3,stop_loss,17.72718,0.00104,1.60126,3.67547,new_york,2024
AUDUSD,1,2024-05-20 09:00:00,2024-05-20 11:00:00,0.67041,0.66911,0.66911,0.673,0.3123,-13.0,-40.49,-40.49,2,stop_loss,29.67464,0.00086,2.75336,4.91898,london,2024
AUDUSD,1,2024-05-21 07:00:00,2024-05-21 17:00:00,0.66561,0.66699,0.66434,0.66816,0.3146,13.8,43.41,43.41,10,time_exit,28.08181,0.00085,-2.33315,3.63101,tokyo,2024
AUDUSD,1,2024-05-22 14:00:00,2024-05-22 15:00:00,0.66637,0.66509,0.66509,0.66892,0.3173,-12.8,-40.52,-40.53,1,stop_loss,16.54108,0.00085,-0.67837,2.16184,london,2024
AUDUSD,-1,2024-05-23 23:00:00,2024-05-24 09:00:00,0.66034,0.65991,0.66204,0.65695,0.2366,4.3,10.17,10.17,10,time_exit,33.22631,0.00113,-2.93179,-0.64258,,2024
AUDUSD,-1,2024-05-28 00:00:00,2024-05-28 01:00:00,0.6648,0.6657,0.6657,0.66301,0.449,-9.0,-40.21,-40.21,1,stop_loss,29.96781,0.0006,2.73571,-0.18854,tokyo,2024
AUDUSD,-1,2024-05-28 03:00:00,2024-05-28 04:00:00,0.6656,0.66647,0.66647,0.66386,0.4571,-8.7,-39.81,-39.81,1,stop_loss,26.38926,0.00058,2.84457,0.06856,tokyo,2024
AUDUSD,-1,2024-05-28 04:00:00,2024-05-28 05:00:00,0.66545,0.66633,0.66633,0.6637,0.4498,-8.8,-39.41,-39.42,1,stop_loss,25.93113,0.00058,2.46983,0.1427,tokyo,2024
AUDUSD,-1,2024-05-28 12:00:00,2024-05-28 14:00:00,0.66593,0.66695,0.66695,0.66388,0.3808,-10.2,-39.02,-39.02,2,stop_loss,24.40698,0.00068,1.83923,0.8124,london,2024
AUDUSD,-1,2024-05-30 12:00:00,2024-05-30 15:00:00,0.66142,0.66284,0.66284,0.65857,0.2713,-14.2,-38.63,-38.64,3,stop_loss,34.85584,0.00095,-1.41645,-1.06257,london,2024
AUDUSD,-1,2024-05-30 23:00:00,2024-05-31 09:00:00,0.66332,0.66366,0.66478,0.66041,0.2626,-3.4,-8.93,-8.93,10,time_exit,27.58099,0.00097,0.3487,-0.76539,,2024
AUDUSD,1,2024-06-05 08:00:00,2024-06-05 12:00:00,0.66608,0.66472,0.66472,0.66881,0.2796,-13.6,-38.16,-38.16,4,stop_loss,15.54866,0.00091,0.6197,0.87524,tokyo,2024
AUDUSD,-1,2024-06-05 15:00:00,2024-06-06 01:00:00,0.66467,0.66509,0.66599,0.66203,0.2866,-4.2,-12.04,-12.04,10,time_exit,13.18718,0.00088,-0.84269,0.76392,london,2024
AUDUSD,-1,2024-06-06 12:00:00,2024-06-06 20:00:00,0.66505,0.66638,0.66638,0.66238,0.2821,-13.3,-37.65,-37.66,8,stop_loss,15.97131,0.00089,-0.46567,0.67344,london,2024
AUDUSD,-1,2024-06-07 00:00:00,2024-06-07 06:00:00,0.6659,0.66736,0.66736,0.66298,0.2557,-14.6,-37.28,-37.28,6,stop_loss,15.47145,0.00097,1.14105,0.63522,tokyo,2024
AUDUSD,-1,2024-06-07 14:00:00,2024-06-07 15:00:00,0.66582,0.66339,0.66703,0.66339,0.3043,24.3,73.8,73.8,1,take_profit,12.42676,0.00081,-0.36033,1.13487,london,2024
AUDUSD,1,2024-06-10 04:00:00,2024-06-10 14:00:00,0.65793,0.6593,0.65643,0.66092,0.2516,13.7,34.47,34.47,10,time_exit,41.39035,0.001,-5.16245,-1.34318,tokyo,2024
AUDUSD,-1,2024-06-10 18:00:00,2024-06-10 19:00:00,0.65971,0.66106,0.66106,0.65702,0.282,-13.5,-37.98,-37.98,1,stop_loss,31.86671,0.0009,-1.85282,-2.61548,new_york,2024
AUDUSD,-1,2024-06-14 11:00:00,2024-06-14 21:00:00,0.66182,0.6613,0.66339,0.65868,0.2396,5.2,12.46,12.46,10,time_exit,17.38091,0.00105,-1.68985,0.1898,london,2024
AUDUSD,-1,2024-06-17 13:00:00,2024-06-17 23:00:00,0.6606,0.66125,0.66188,0.65804,0.2952,-6.5,-19.19,-19.19,10,time_exit,40.01195,0.00085,-1.40305,-1.20832,london,2024
AUDUSD,-1,2024-06-19 05:00:00,2024-06-19 15:00:00,0.66662,0.66706,0.66792,0.66402,0.2884,-4.4,-12.69,-12.69,10,time_exit,30.5954,0.00087,4.02607,0.38218,tokyo,2024
AUDUSD,1,2024-06-19 22:00:00,2024-06-20 08:00:00,0.66691,0.6668,0.66595,0.66883,0.3899,-1.1,-4.29,-4.29,10,time_exit,37.85638,0.00064,2.90398,2.49151,,2024
AUDUSD,1,2024-06-21 01:00:00,2024-06-21 11:00:00,0.66548,0.66533,0.66424,0.66795,0.3021,-1.5,-4.53,-4.53,10,time_exit,15.00888,0.00082,-0.60467,2.16522,tokyo,2024
AUDUSD,-1,2024-06-21 17:00:00,2024-06-24 03:00:00,0.66457,0.66384,0.66598,0.66174,0.2641,7.3,19.28,19.28,10,time_exit,15.15266,0.00094,-1.40864,1.55054,new_york,2024
AUDUSD,1,2024-06-25 07:00:00,2024-06-25 14:00:00,0.66607,0.665,0.665,0.66822,0.3493,-10.7,-37.52,-37.52,7,stop_loss,11.54294,0.00072,1.17729,0.93779,tokyo,2024
AUDUSD,1,2024-06-26 02:00:00,2024-06-26 04:00:00,0.66456,0.66676,0.66346,0.66676,0.3379,22.0,74.28,74.27,2,take_profit,18.25231,0.00073,-0.76867,0.62687,tokyo,2024
AUDUSD,-1,2024-06-26 15:00:00,2024-06-27 01:00:00,0.66582,0.66475,0.66719,0.66308,0.277,10.7,29.64,29.64,10,time_exit,19.98686,0.00091,-0.02383,1.00546,london,2024
AUDUSD,-1,2024-06-27 15:00:00,2024-06-27 16:00:00,0.66518,0.66646,0.66646,0.66262,0.2983,-12.8,-38.18,-38.18,1,stop_loss,15.18494,0.00085,-0.63526,0.77822,london,2024
AUDUSD,1,2024-06-27 19:00:00,2024-06-28 04:00:00,0.66473,0.66321,0.66321,0.66777,0.249,-15.2,-37.8,-37.81,9,stop_loss,14.00352,0.00101,-0.99036,0.63704,new_york,2024
AUDUSD,-1,2024-06-28 09:00:00,2024-06-28 11:00:00,0.66238,0.66369,0.66369,0.65976,0.2852,-13.1,-37.42,-37.42,2,stop_loss,29.16301,0.00087,-2.88997,-0.03112,london,2024
AUDUSD,1,2024-07-03 20:00:00,2024-07-04 00:00:00,0.67143,0.66986,0.66986,0.67456,0.2366,-15.7,-37.04,-37.05,4,stop_loss,36.6087,0.00104,4.0168,1.24026,new_york,2024
AUDUSD,1,2024-07-05 19:00:00,2024-07-08 05:00:00,0.67426,0.67494,0.67267,0.67744,0.2308,6.8,15.69,15.69,10,time_exit,35.02409,0.00106,2.07001,3.41109,new_york,2024
AUDUSD,1,2024-07-08 13:00:00,2024-07-08 23:00:00,0.67416,0.67375,0.67284,0.67681,0.278,-4.1,-11.4,-11.4,10,time_exit,20.42427,0.00088,0.94356,4.39827,london,2024
AUDUSD,-1,2024-07-10 08:00:00,2024-07-10 18:00:00,0.67453,0.6746,0.67556,0.67247,0.3567,-0.7,-2.5,-2.5,10,time_exit,8.12269,0.00069,0.99121,4.13363,tokyo,2024
AUDUSD,-1,2024-07-12 00:00:00,2024-07-12 10:00:00,0.67586,0.677,0.67751,0.67257,0.2229,-11.4,-25.41,-25.41,10,time_exit,30.44648,0.0011,0.47025,2.65329,tokyo,2024
AUDUSD,-1,2024-07-12 14:00:00,2024-07-12 17:00:00,0.67731,0.67871,0.67871,0.67451,0.26,-14.0,-36.44,-36.44,3,stop_loss,29.87271,0.00093,1.41844,3.14356,london,2024
AUDUSD,1,2024-07-12 23:00:00,2024-07-15 00:00:00,0.67854,0.67723,0.67723,0.68115,0.276,-13.1,-36.08,-36.08,1,stop_loss,26.4648,0.00087,2.09669,3.68063,,2024
AUDUSD,-1,2024-07-16 02:00:00,2024-07-16 09:00:00,0.67599,0.67368,0.67715,0.67368,0.309,23.1,71.42,71.42,7,take_profit,20.53643,0.00077,-1.24346,3.34371,tokyo,2024
AUDUSD,-1,2024-07-16 23:00:00,2024-07-17 09:00:00,0.67352,0.67336,0.67474,0.67107,0.2975,1.6,4.76,4.76,10,time_exit,42.53766,0.00082,-1.90478,1.01147,,2024
AUDUSD,1,2024-07-17 10:00:00,2024-07-17 19:00:00,0.67337,0.67229,0.67229,0.67553,0.3383,-10.8,-36.47,-36.48,9,stop_loss,33.50452,0.00072,-1.63653,0.48065,london,2024
AUDUSD,-1,2024-07-24 04:00:00,2024-07-24 06:00:00,0.6611,0.65921,0.66204,0.65921,0.3828,18.9,72.22,72.21,2,take_profit,66.04975,0.00063,-4.48516,-8.40579,tokyo,2024
AUDUSD,1,2024-07-25 08:00:00,2024-07-25 10:00:00,0.65415,0.6528,0.6528,0.65684,0.2738,-13.5,-36.84,-36.84,2,stop_loss,57.42968,0.0009,-6.56434,-7.32407,tokyo,2024
AUDUSD,1,2024-07-25 13:00:00,2024-07-25 17:00:00,0.65252,0.65548,0.65104,0.65548,0.2465,29.6,72.92,72.92,4,take_profit,65.06172,0.00099,-6.43961,-7.19619,london,2024
AUDUSD,1,2024-07-26 10:00:00,2024-07-26 20:00:00,0.65544,0.65562,0.65419,0.65794,0.2979,1.8,5.36,5.36,10,time_exit,28.99582,0.00083,-1.15862,-8.84605,london,2024
AUDUSD,1,2024-07-29 07:00:00,2024-07-29 08:00:00,0.65646,0.65513,0.65513,0.65912,0.2804,-13.3,-37.25,-37.26,1,stop_loss,17.55758,0.00089,0.43827,-7.00575,tokyo,2024
AUDUSD,-1,2024-07-31 05:00:00,2024-07-31 15:00:00,0.64971,0.65131,0.65131,0.64651,0.2302,-16.0,-36.87,-36.87,10,stop_loss,33.72387,0.00107,-4.37572,-4.62879,tokyo,2024
AUDUSD,1,2024-07-31 19:00:00,2024-08-01 05:00:00,0.65333,0.6536,0.65149,0.65702,0.198,2.7,5.35,5.34,10,time_exit,32.59192,0.00123,0.33313,-4.30122,new_york,2024
AUDUSD,-1,2024-08-02 01:00:00,2024-08-02 09:00:00,0.64985,0.65196,0.65196,0.64563,0.1731,-21.1,-36.55,-36.56,8,stop_loss,20.23133,0.00141,-1.92324,-3.00416,tokyo,2024
AUDUSD,1,2024-08-05 22:00:00,2024-08-06 08:00:00,0.64854,0.65116,0.64457,0.65647,0.0913,26.2,23.92,23.92,10,time_exit,23.18988,0.00264,-0.23605,-1.836,,2024
AUDUSD,-1,2024-08-06 09:00:00,2024-08-06 19:00:00,0.65117,0.65352,0.65449,0.64453,0.1098,-23.5,-25.8,-25.81,10,time_exit,17.8579,0.00221,0.60384,-1.75227,london,2024
AUDUSD,1,2024-08-09 03:00:00,2024-08-09 13:00:00,0.6591,0.65755,0.65726,0.66277,0.197,-15.5,-30.54,-30.54,10,time_exit,35.95154,0.00122,3.08006,0.96709,tokyo,2024
AUDUSD,-1,2024-08-09 15:00:00,2024-08-12 01:00:00,0.65763,0.65735,0.6594,0.65409,0.2027,2.8,5.68,5.67,10,time_exit,26.55732,0.00118,0.78282,1.70684,london,2024
AUDUSD,-1,2024-08-13 06:00:00,2024-08-13 10:00:00,0.65908,0.66033,0.66033,0.65658,0.2875,-12.5,-35.92,-35.92,4,stop_loss,10.70197,0.00083,0.97508,2.80619,tokyo,2024
AUDUSD,-1,2024-08-13 13:00:00,2024-08-13 16:00:00,0.66036,0.66167,0.66167,0.65774,0.2713,-13.1,-35.57,-35.57,3,stop_loss,11.56384,0.00087,1.91747,2.83161,london,2024
AUDUSD,1,2024-08-14 06:00:00,2024-08-14 16:00:00,0.66273,0.66161,0.66118,0.66583,0.2269,-11.2,-25.41,-25.42,10,time_exit,24.81137,0.00103,2.08323,3.30827,tokyo,2024
AUDUSD,1,2024-08-15 10:00:00,2024-08-15 16:00:00,0.66202,0.66024,0.66024,0.66559,0.196,-17.8,-34.96,-34.96,6,stop_loss,31.53277,0.00119,0.74498,2.43979,london,2024
AUDUSD,1,2024-08-16 16:00:00,2024-08-16 19:00:00,0.66266,0.66534,0.66132,0.66534,0.2584,26.8,69.22,69.22,3,take_profit,19.81564,0.00089,0.68139,3.08617,new_york,2024
AUDUSD,-1,2024-08-16 20:00:00,2024-08-16 21:00:00,0.66559,0.66705,0.66705,0.66266,0.2411,-14.6,-35.31,-35.31,1,stop_loss,20.30462,0.00098,3.25685,2.9761,new_york,2024
AUDUSD,1,2024-08-16 21:00:00,2024-08-19 06:00:00,0.66628,0.66919,0.66482,0.66919,0.2402,29.1,69.9,69.9,9,take_profit,22.03322,0.00097,3.83239,3.08193,new_york,2024
AUDUSD,-1,2024-08-20 19:00:00,2024-08-21 05:00:00,0.67401,0.67423,0.67535,0.67134,0.2668,-2.2,-5.87,-5.87,10,time_exit,34.02721,0.00089,3.93658,7.44133,new_york,2024
AUDUSD,-1,2024-08-22 02:00:00,2024-08-22 12:00:00,0.67505,0.674,0.67647,0.67222,0.2515,10.5,26.41,26.41,10,time_exit,21.67884,0.00094,1.94855,6.97788,tokyo,2024
AUDUSD,-1,2024-08-22 16:00:00,2024-08-22 17:00:00,0.67341,0.67081,0.67471,0.67081,0.2761,26.0,71.71,71.71,1,take_profit,15.81224,0.00087,-0.10333,6.83026,new_york,2024
AUDUSD,-1,2024-08-22 22:00:00,2024-08-23 07:00:00,0.67058,0.67214,0.67214,0.66747,0.2348,-15.6,-36.57,-36.57,9,stop_loss,25.93576,0.00104,-2.2518,4.95502,,2024
AUDUSD,1,2024-08-27 13:00:00,2024-08-27 23:00:00,0.67823,0.67927,0.67689,0.6809,0.2708,10.4,28.16,28.16,10,time_exit,17.68845,0.00089,1.49331,5.67562,london,2024
AUDUSD,-1,2024-08-28 08:00:00,2024-08-28 18:00:00,0.67946,0.67808,0.6808,0.67678,0.2718,13.8,37.51,37.51,10,time_exit,24.73341,0.00089,1.66331,5.50549,tokyo,2024
AUDUSD,1,2024-09-02 17:00:00,2024-09-03 03:00:00,0.67792,0.67841,0.67662,0.68051,0.2843,4.9,13.93,13.93,10,time_exit,14.6203,0.00086,-0.25543,2.28273,new_york,2024
AUDUSD,1,2024-09-04 08:00:00,2024-09-04 17:00:00,0.6704,0.67375,0.66873,0.67375,0.2209,33.5,73.99,73.99,9,take_profit,38.72354,0.00112,-3.27869,-1.25736,tokyo,2024
AUDUSD,1,2024-09-09 10:00:00,2024-09-09 13:00:00,0.66685,0.66507,0.66507,0.67041,0.2121,-17.8,-37.74,-37.74,3,stop_loss,16.9434,0.00119,-2.95339,-2.43193,london,2024
AUDUSD,-1,2024-09-09 20:00:00,2024-09-10 06:00:00,0.66698,0.66586,0.66873,0.66349,0.2141,11.2,23.98,23.98,10,time_exit,23.8765,0.00116,-1.64054,-3.13781,new_york,2024
AUDUSD,-1,2024-09-10 06:00:00,2024-09-10 08:00:00,0.66539,0.66683,0.66683,0.66251,0.2612,-14.4,-37.6,-37.6,2,stop_loss,19.59707,0.00096,-2.58447,-4.19993,tokyo,2024
AUDUSD,-1,2024-09-11 17:00:00,2024-09-11 19:00:00,0.6638,0.66549,0.66549,0.66042,0.2204,-16.9,-37.22,-37.22,2,stop_loss,13.70801,0.00113,-2.18568,-3.39668,new_york,2024
AUDUSD,-1,2024-09-13 11:00:00,2024-09-13 14:00:00,0.67203,0.66943,0.67333,0.66943,0.2834,26.0,73.7,73.7,3,take_profit,23.47284,0.00087,2.82111,-0.37602,london,2024
AUDUSD,1,2024-09-16 05:00:00,2024-09-16 11:00:00,0.67067,0.67329,0.66936,0.67329,0.2874,26.2,75.17,75.17,6,take_profit,13.19164,0.00087,0.51132,0.18493,tokyo,2024
AUDUSD,1,2024-09-16 13:00:00,2024-09-16 23:00:00,0.67365,0.6752,0.67231,0.67634,0.2851,15.5,44.19,44.19,10,time_exit,14.31098,0.0009,3.0087,0.74591,london,2024
AUDUSD,-1,2024-09-17 07:00:00,2024-09-17 09:00:00,0.6747,0.67584,0.67584,0.67242,0.3399,-11.4,-38.79,-38.79,2,stop_loss,23.02086,0.00076,2.42049,2.45477,tokyo,2024
AUDUSD,1,2024-09-17 11:00:00,2024-09-17 15:00:00,0.67644,0.67519,0.67519,0.67893,0.3083,-12.5,-38.4,-38.4,4,stop_loss,21.36846,0.00083,3.89148,2.49015,london,2024
AUDUSD,1,2024-09-18 06:00:00,2024-09-18 07:00:00,0.67667,0.67541,0.67541,0.6792,0.3009,-12.6,-38.01,-38.01,1,stop_loss,18.18266,0.00084,2.38622,3.18471,tokyo,2024
AUDUSD,-1,2024-09-18 15:00:00,2024-09-18 18:00:00,0.67863,0.67617,0.67986,0.67617,0.3055,24.6,75.26,75.25,3,take_profit,21.98434,0.00082,3.82847,3.7134,london,2024
AUDUSD,1,2024-09-18 20:00:00,2024-09-18 21:00:00,0.67663,0.67956,0.67516,0.67956,0.2616,29.3,76.78,76.77,1,take_profit,19.17793,0.00098,0.89804,3.16162,new_york,2024
AUDUSD,1,2024-09-20 13:00:00,2024-09-20 17:00:00,0.68069,0.67889,0.67889,0.68428,0.2178,-18.0,-39.15,-39.15,4,stop_loss,10.80436,0.0012,0.74153,3.80327,london,2024
AUDUSD,1,2024-09-20 20:00:00,2024-09-23 00:00:00,0.68174,0.67962,0.67962,0.68599,0.1825,-21.2,-38.75,-38.75,4,stop_loss,9.96848,0.00142,1.20533,3.11499,new_york,2024
AUDUSD,1,2024-09-23 08:00:00,2024-09-23 10:00:00,0.68333,0.68165,0.68165,0.6867,0.228,-16.8,-38.38,-38.38,2,stop_loss,9.27949,0.00112,2.44719,3.84993,tokyo,2024
AUDUSD,1,2024-09-23 20:00:00,2024-09-24 06:00:00,0.68389,0.68471,0.68214,0.68739,0.217,8.2,17.79,17.79,10,time_exit,14.53667,0.00117,2.00796,3.87394,new_york,2024
AUDUSD,1,2024-09-24 11:00:00,2024-09-24 16:00:00,0.68242,0.68655,0.68035,0.68655,0.1848,41.3,76.34,76.34,5,take_profit,13.49511,0.00138,-0.16317,3.3704,london,2024
AUDUSD,1,2024-09-24 22:00:00,2024-09-25 08:00:00,0.68848,0.68788,0.68669,0.69207,0.217,-6.0,-13.02,-13.02,10,time_exit,19.2114,0.0012,3.73508,4.2991,,2024
AUDUSD,-1,2024-09-27 12:00:00,2024-09-27 15:00:00,0.68862,0.69044,0.69044,0.68497,0.2129,-18.2,-38.81,-38.81,3,stop_loss,17.60881,0.00122,1.1029,3.73786,london,2024
AUDUSD,-1,2024-09-30 05:00:00,2024-09-30 15:00:00,0.69222,0.6928,0.69422,0.68822,0.1922,-5.8,-11.15,-11.15,10,time_exit,17.62781,0.00133,2.28944,3.85911,tokyo,2024
AUDUSD,1,2024-10-01 10:00:00,2024-10-01 11:00:00,0.6927,0.69084,0.69084,0.69643,0.2054,-18.6,-38.29,-38.3,1,stop_loss,15.9869,0.00124,1.02523,4.23433,london,2024
AUDUSD,1,2024-10-03 01:00:00,2024-10-03 04:00:00,0.68829,0.68647,0.68647,0.69194,0.2079,-18.2,-37.91,-37.92,3,stop_loss,22.25427,0.00122,-1.02417,1.98262,tokyo,2024
AUDUSD,1,2024-10-03 11:00:00,2024-10-03 12:00:00,0.6864,0.68461,0.68461,0.68998,0.2099,-17.9,-37.54,-37.55,1,stop_loss,29.57234,0.00119,-1.94193,1.33558,london,2024
AUDUSD,-1,2024-10-03 15:00:00,2024-10-04 01:00:00,0.68515,0.6845,0.68691,0.68162,0.2107,6.5,13.7,13.69,10,time_exit,32.59785,0.00118,-2.54318,0.94811,london,2024
AUDUSD,-1,2024-10-04 02:00:00,2024-10-04 12:00:00,0.6845,0.68419,0.68611,0.68129,0.2324,3.1,7.2,7.2,10,time_exit,35.73889,0.00107,-2.1357,0.03082,tokyo,2024
AUDUSD,1,2024-10-07 12:00:00,2024-10-07 17:00:00,0.67854,0.67693,0.67693,0.68175,0.2328,-16.1,-37.37,-37.37,5,stop_loss,37.96417,0.00107,-3.64774,-2.59512,london,2024
AUDUSD,-1,2024-10-08 05:00:00,2024-10-08 08:00:00,0.67599,0.6724,0.67778,0.6724,0.2063,35.9,74.01,74.01,3,take_profit,48.32311,0.0012,-2.9238,-3.66709,tokyo,2024
AUDUSD,-1,2024-10-09 12:00:00,2024-10-09 22:00:00,0.67298,0.67138,0.67488,0.66919,0.1991,16.0,31.86,31.85,10,time_exit,29.7964,0.00126,-1.86417,-4.59212,london,2024
AUDUSD,-1,2024-10-10 23:00:00,2024-10-11 09:00:00,0.67376,0.67332,0.67573,0.66983,0.1936,4.4,8.52,8.52,10,time_exit,16.17062,0.00131,0.43062,-4.09591,,2024
AUDUSD,-1,2024-10-11 13:00:00,2024-10-11 15:00:00,0.67355,0.67511,0.67511,0.67043,0.2448,-15.6,-38.15,-38.15,2,stop_loss,12.96045,0.00104,0.00336,-4.2584,london,2024
AUDUSD,-1,2024-10-14 08:00:00,2024-10-14 18:00:00,0.67372,0.67232,0.67548,0.67021,0.2151,14.0,30.11,30.11,10,time_exit,21.06349,0.00117,-0.12212,-2.95043,tokyo,2024
AUDUSD,-1,2024-10-14 20:00:00,2024-10-15 06:00:00,0.67244,0.67174,0.67421,0.6689,0.2148,7.0,15.04,15.03,10,time_exit,21.96076,0.00118,-0.75319,-2.91303,new_york,2024
AUDUSD,1,2024-10-18 00:00:00,2024-10-18 05:00:00,0.66828,0.67131,0.66676,0.67131,0.252,30.3,76.43,76.43,5,take_profit,17.76423,0.00101,0.37775,-3.58168,tokyo,2024
AUDUSD,1,2024-10-18 07:00:00,2024-10-18 17:00:00,0.67048,0.67061,0.66896,0.67353,0.2558,1.3,3.33,3.32,10,time_exit,15.34766,0.00102,1.00547,-3.15777,tokyo,2024
AUDUSD,-1,2024-10-23 16:00:00,2024-10-24 02:00:00,0.66351,0.66346,0.66491,0.66071,0.2791,0.5,1.4,1.39,10,time_exit,28.27242,0.00093,-4.21278,-2.92492,new_york,2024
AUDUSD,1,2024-10-24 02:00:00,2024-10-24 10:00:00,0.66323,0.66578,0.66196,0.66578,0.3063,25.5,78.05,78.04,8,take_profit,38.55747,0.00085,-3.28073,-4.0912,tokyo,2024
AUDUSD,-1,2024-10-24 18:00:00,2024-10-25 04:00:00,0.66332,0.66324,0.66473,0.66051,0.2831,0.8,2.26,2.26,10,time_exit,21.58079,0.00094,-2.23077,-3.59894,new_york,2024
AUDUSD,-1,2024-10-25 07:00:00,2024-10-25 14:00:00,0.66229,0.66369,0.66369,0.6595,0.2851,-14.0,-39.83,-39.83,7,stop_loss,26.56888,0.00093,-2.49405,-3.78115,tokyo,2024
AUDUSD,1,2024-10-28 01:00:00,2024-10-28 04:00:00,0.661,0.6596,0.6596,0.66379,0.2822,-14.0,-39.43,-39.43,3,stop_loss,26.30867,0.00093,-2.42846,-4.12162,tokyo,2024
AUDUSD,-1,2024-10-30 02:00:00,2024-10-30 11:00:00,0.6561,0.6574,0.6574,0.65349,0.2993,-13.0,-39.03,-39.04,9,stop_loss,34.07968,0.00087,-2.2327,-6.32403,tokyo,2024
AUDUSD,1,2024-10-30 12:00:00,2024-10-30 22:00:00,0.658,0.65758,0.65637,0.66127,0.2367,-4.2,-9.94,-9.94,10,time_exit,25.97518,0.00109,0.69398,-5.0828,london,2024
AUDUSD,1,2024-10-31 11:00:00,2024-10-31 14:00:00,0.65762,0.65631,0.65631,0.66024,0.2942,-13.1,-38.54,-38.54,3,stop_loss,12.48478,0.00087,0.29073,-4.95398,london,2024
AUDUSD,-1,2024-10-31 17:00:00,2024-10-31 20:00:00,0.65488,0.65643,0.65643,0.65179,0.2469,-15.5,-38.16,-38.16,3,stop_loss,12.19733,0.00103,-2.26566,-4.06264,new_york,2024
AUDUSD,-1,2024-11-01 06:00:00,2024-11-01 16:00:00,0.65786,0.65815,0.65926,0.65505,0.269,-2.9,-7.8,-7.8,10,time_exit,12.43062,0.00094,0.6912,-3.91608,tokyo,2024
AUDUSD,1,2024-11-04 00:00:00,2024-11-04 01:00:00,0.66078,0.65921,0.65921,0.66392,0.2401,-15.7,-37.71,-37.71,1,stop_loss,13.43933,0.00105,-1.04456,-3.04569,tokyo,2024
AUDUSD,1,2024-11-04 14:00:00,2024-11-04 18:00:00,0.66044,0.65865,0.65865,0.66403,0.208,-17.9,-37.33,-37.33,4,stop_loss,24.3715,0.0012,1.81951,-1.60316,london,2024
AUDUSD,-1,2024-11-04 20:00:00,2024-11-05 06:00:00,0.65924,0.65939,0.66112,0.65548,0.1966,-1.5,-2.95,-2.95,10,time_exit,20.55881,0.00125,0.55885,-1.28209,new_york,2024
AUDUSD,-1,2024-11-05 17:00:00,2024-11-06 02:00:00,0.66344,0.66066,0.66483,0.66066,0.2655,27.8,73.84,73.83,9,take_profit,25.51372,0.00093,4.0761,-0.52424,new_york,2024
AUDUSD,-1,2024-11-06 17:00:00,2024-11-06 20:00:00,0.65526,0.65833,0.65833,0.64912,0.1227,-30.7,-37.65,-37.65,3,stop_loss,30.16072,0.00205,-1.68902,-0.55557,new_york,2024
AUDUSD,1,2024-11-06 21:00:00,2024-11-07 00:00:00,0.65899,0.65592,0.65592,0.66514,0.1213,-30.7,-37.28,-37.29,3,stop_loss,24.31926,0.00205,0.20895,-0.58746,new_york,2024
AUDUSD,1,2024-11-08 05:00:00,2024-11-08 10:00:00,0.66562,0.6636,0.6636,0.66966,0.1827,-20.2,-36.92,-36.92,5,stop_loss,27.52186,0.00135,1.97259,1.56621,tokyo,2024
AUDUSD,-1,2024-11-08 16:00:00,2024-11-08 19:00:00,0.66078,0.65665,0.66285,0.65665,0.1768,41.3,73.09,73.09,3,take_profit,27.2242,0.00138,-1.86845,1.5485,new_york,2024
AUDUSD,1,2024-11-08 19:00:00,2024-11-11 05:00:00,0.65707,0.65936,0.65487,0.66148,0.1692,22.9,38.75,38.74,10,time_exit,33.74154,0.00147,-3.96386,1.17627,new_york,2024
AUDUSD,1,2024-11-12 17:00:00,2024-11-12 18:00:00,0.65403,0.65236,0.65236,0.65737,0.2253,-16.7,-37.65,-37.66,1,stop_loss,40.39723,0.00111,-3.01891,-1.96876,new_york,2024
AUDUSD,-1,2024-11-14 23:00:00,2024-11-15 09:00:00,0.64489,0.64646,0.64706,0.64056,0.1722,-15.7,-27.04,-27.04,10,time_exit,25.36796,0.00144,-3.17997,-4.0887,,2024
AUDUSD,1,2024-11-18 21:00:00,2024-11-19 07:00:00,0.6509,0.65066,0.64922,0.65426,0.2204,-2.4,-5.29,-5.29,10,time_exit,25.15899,0.00112,3.21484,-4.33991,new_york,2024
AUDUSD,-1,2024-11-20 03:00:00,2024-11-20 12:00:00,0.65348,0.65016,0.65514,0.65016,0.2227,33.2,73.92,73.92,9,take_profit,22.03837,0.00111,2.83316,-1.4616,tokyo,2024
AUDUSD,-1,2024-11-20 12:00:00,2024-11-20 22:00:00,0.65116,0.65025,0.65267,0.64814,0.2498,9.1,22.73,22.73,10,time_exit,14.9574,0.00101,0.21022,-1.04473,london,2024
AUDUSD,-1,2024-11-21 09:00:00,2024-11-21 14:00:00,0.65152,0.65292,0.65292,0.64873,0.2716,-14.0,-37.93,-37.93,5,stop_loss,15.87867,0.00093,0.78869,-0.99144,london,2024
AUDUSD,1,2024-11-22 03:00:00,2024-11-22 07:00:00,0.65162,0.65015,0.65015,0.65456,0.2552,-14.7,-37.55,-37.55,4,stop_loss,12.57362,0.00098,0.45468,-0.53526,tokyo,2024
AUDUSD,1,2024-11-22 10:00:00,2024-11-22 11:00:00,0.65044,0.64889,0.64889,0.65353,0.2405,-15.5,-37.17,-37.18,1,stop_loss,14.34266,0.00103,-0.53756,-0.59733,london,2024
AUDUSD,-1,2024-11-22 22:00:00,2024-11-25 00:00:00,0.64974,0.65149,0.65149,0.64625,0.2107,-17.5,-36.8,-36.8,2,stop_loss,21.37973,0.00116,-0.6961,-0.73745,,2024
AUDUSD,1,2024-11-26 09:00:00,2024-11-26 17:00:00,0.64854,0.64614,0.64614,0.65334,0.1518,-24.0,-36.43,-36.43,8,stop_loss,18.6561,0.0016,-0.92925,-0.67231,london,2024
AUDUSD,1,2024-11-27 01:00:00,2024-11-27 11:00:00,0.64757,0.64871,0.64543,0.65185,0.1685,11.4,19.21,19.21,10,time_exit,17.37591,0.00143,-0.8315,-1.28449,tokyo,2024
AUDUSD,-1,2024-11-27 14:00:00,2024-11-27 16:00:00,0.64796,0.64978,0.64978,0.64432,0.199,-18.2,-36.26,-36.26,2,stop_loss,13.5663,0.00121,-0.34839,-1.49472,london,2024
AUDUSD,-1,2024-11-27 22:00:00,2024-11-28 08:00:00,0.64963,0.64854,0.6514,0.6461,0.2031,10.9,22.14,22.14,10,time_exit,12.67029,0.00118,0.82185,-1.2696,,2024
AUDUSD,-1,2024-11-29 07:00:00,2024-11-29 17:00:00,0.65165,0.6514,0.65302,0.64891,0.2633,2.5,6.58,6.58,10,time_exit,10.65436,0.00091,2.06355,-0.37153,tokyo,2024
AUDUSD,1,2024-12-02 01:00:00,2024-12-02 02:00:00,0.6509,0.64948,0.64948,0.65373,0.2553,-14.2,-36.18,-36.18,1,stop_loss,12.65244,0.00094,0.32577,0.29379,tokyo,2024
AUDUSD,-1,2024-12-02 03:00:00,2024-12-02 09:00:00,0.64959,0.65106,0.65106,0.64664,0.2432,-14.7,-35.82,-35.82,6,stop_loss,14.61557,0.00098,-0.95509,0.23584,tokyo,2024
AUDUSD,1,2024-12-02 11:00:00,2024-12-02 14:00:00,0.6496,0.64801,0.64801,0.65279,0.2225,-15.9,-35.46,-35.46,3,stop_loss,16.09103,0.00106,-0.71015,0.0837,london,2024
AUDUSD,1,2024-12-03 12:00:00,2024-12-03 14:00:00,0.6496,0.64782,0.64782,0.65315,0.1978,-17.8,-35.11,-35.11,2,stop_loss,20.60222,0.00118,0.88843,-0.93751,london,2024
AUDUSD,1,2024-12-03 22:00:00,2024-12-04 03:00:00,0.64798,0.64625,0.64625,0.65144,0.2008,-17.3,-34.76,-34.77,5,stop_loss,15.63733,0.00115,-0.44645,-0.8783,,2024
AUDUSD,-1,2024-12-04 17:00:00,2024-12-04 18:00:00,0.64116,0.64317,0.64317,0.63715,0.1715,-20.1,-34.42,-34.42,1,stop_loss,37.76956,0.00134,-3.48174,-2.03945,new_york,2024
AUDUSD,1,2024-12-04 21:00:00,2024-12-05 07:00:00,0.64304,0.6437,0.64103,0.64706,0.1696,6.6,11.19,11.19,10,time_exit,32.69207,0.00134,-1.82217,-2.14929,new_york,2024
AUDUSD,1,2024-12-05 09:00:00,2024-12-05 19:00:00,0.64389,0.64382,0.64231,0.64705,0.2166,-0.7,-1.52,-1.52,10,time_exit,23.87597,0.00105,-0.71435,-2.98505,london,2024
AUDUSD,-1,2024-12-06 00:00:00,2024-12-06 10:00:00,0.64492,0.64259,0.64652,0.64172,0.2134,23.3,49.72,49.72,10,time_exit,12.37578,0.00107,0.75746,-2.62559,tokyo,2024
AUDUSD,1,2024-12-06 21:00:00,2024-12-09 07:00:00,0.63796,0.63853,0.63596,0.64197,0.173,5.7,9.86,9.86,10,time_exit,25.81044,0.00134,-3.67632,-2.55787,new_york,2024
AUDUSD,-1,2024-12-10 03:00:00,2024-12-10 05:00:00,0.64301,0.63962,0.64471,0.63962,0.2048,33.9,69.52,69.52,2,take_profit,26.53982,0.00113,0.00806,-2.0388,tokyo,2024
AUDUSD,1,2024-12-10 11:00:00,2024-12-10 17:00:00,0.63929,0.63708,0.63708,0.64371,0.1603,-22.1,-35.45,-35.45,6,stop_loss,32.44371,0.00147,-1.92738,-1.87676,london,2024
AUDUSD,-1,2024-12-11 22:00:00,2024-12-12 02:00:00,0.63706,0.63909,0.63909,0.63301,0.1731,-20.3,-35.09,-35.09,4,stop_loss,34.15576,0.00135,-0.8914,-3.24143,,2024
AUDUSD,1,2024-12-12 08:00:00,2024-12-12 13:00:00,0.6417,0.63978,0.63978,0.64555,0.1805,-19.2,-34.74,-34.74,5,stop_loss,30.41318,0.00128,2.26589,-2.78522,tokyo,2024
AUDUSD,-1,2024-12-16 06:00:00,2024-12-16 16:00:00,0.63741,0.63451,0.63886,0.63451,0.2371,29.0,68.8,68.8,10,take_profit,21.74478,0.00097,0.20319,-3.39432,tokyo,2024
AUDUSD,1,2024-12-18 17:00:00,2024-12-18 18:00:00,0.63252,0.6313,0.6313,0.63496,0.2874,-12.2,-35.09,-35.09,1,stop_loss,35.63469,0.00081,-1.59459,-4.83631,new_york,2024
AUDUSD,-1,2024-12-18 18:00:00,2024-12-18 21:00:00,0.63059,0.62788,0.63194,0.62788,0.2567,27.1,69.48,69.47,3,take_profit,35.48588,0.0009,-3.42686,-4.42395,new_york,2024
AUDUSD,-1,2024-12-20 10:00:00,2024-12-20 18:00:00,0.62463,0.62634,0.62634,0.62121,0.2074,-17.1,-35.43,-35.43,8,stop_loss,29.13637,0.00114,-1.04428,-6.45134,london,2024
AUDUSD,1,2024-12-23 03:00:00,2024-12-23 13:00:00,0.62474,0.62444,0.62302,0.62818,0.2039,-3.0,-6.12,-6.12,10,time_exit,23.11409,0.00115,-0.51115,-5.67705,tokyo,2024
AUDUSD,-1,2024-12-23 21:00:00,2024-12-24 07:00:00,0.6248,0.62416,0.6264,0.62161,0.2192,6.4,14.03,14.03,10,time_exit,17.99078,0.00106,-0.16681,-5.34655,new_york,2024
AUDUSD,-1,2024-12-26 16:00:00,2024-12-27 02:00:00,0.62251,0.62226,0.62384,0.61986,0.2651,2.5,6.63,6.63,10,time_exit,15.63809,0.00088,-1.46851,-4.99274,new_york,2024
AUDUSD,-1,2024-12-27 05:00:00,2024-12-27 15:00:00,0.62184,0.62196,0.62306,0.6194,0.2885,-1.2,-3.46,-3.46,10,time_exit,25.89183,0.00081,-1.53366,-5.36323,tokyo,2024
AUDUSD,-1,2024-12-31 04:00:00,2024-12-31 14:00:00,0.62288,0.62003,0.62442,0.6198,0.2283,28.5,65.07,65.06,10,time_exit,17.84205,0.00103,0.35688,-2.94571,tokyo,2024
