symbol,direction,entry_dt,exit_dt,entry,exit,stop_loss,take_profit,size,pnl_pips,pnl_gross,pnl,bars_held,exit_reason,adx_entry,atr_entry,ema_distance,trend_gap,session,year
AUDUSD,-1,2019-01-14 09:00:00,2019-01-14 13:00:00,0.71823,0.71985,0.71985,0.71499,0.6167,-16.2,-100.01,-100.01,4,stop_loss,20.5193,0.00108,-1.05514,5.37621,london,2019
AUDUSD,-1,2019-01-15 13:00:00,2019-01-15 23:00:00,0.7201,0.72027,0.72164,0.71703,0.6439,-1.7,-10.95,-10.95,10,time_exit,16.40301,0.00102,0.0411,4.75129,london,2019
AUDUSD,-1,2019-01-18 07:00:00,2019-01-18 17:00:00,0.71925,0.72108,0.72108,0.7156,0.5414,-18.3,-98.88,-98.88,10,stop_loss,35.99467,0.00122,0.86069,1.28681,tokyo,2019
AUDUSD,1,2019-01-21 21:00:00,2019-01-22 05:00:00,0.71583,0.71443,0.71443,0.71864,0.6971,-14.0,-97.91,-97.91,8,stop_loss,14.04885,0.00094,-1.11611,0.17035,new_york,2019
AUDUSD,-1,2019-01-23 01:00:00,2019-01-23 03:00:00,0.71226,0.71366,0.71366,0.70946,0.693,-14.0,-96.92,-96.92,2,stop_loss,30.2657,0.00093,-2.38446,-1.55827,tokyo,2019
AUDUSD,1,2019-01-25 21:00:00,2019-01-28 07:00:00,0.71763,0.71915,0.71564,0.72161,0.4825,15.2,73.34,73.34,10,time_exit,31.75713,0.00133,4.09022,-1.34532,new_york,2019
AUDUSD,-1,2019-01-28 17:00:00,2019-01-29 03:00:00,0.71673,0.71542,0.71826,0.71367,0.632,13.1,82.79,82.79,10,time_exit,32.04407,0.00102,1.15486,0.75568,new_york,2019
AUDUSD,1,2019-01-30 19:00:00,2019-01-30 21:00:00,0.7195,0.72217,0.71817,0.72217,0.7317,26.7,195.02,195.02,2,take_profit,27.87262,0.00089,2.18696,1.98911,new_york,2019
AUDUSD,1,2019-01-30 22:00:00,2019-01-30 23:00:00,0.727,0.72497,0.72497,0.73105,0.491,-20.3,-99.47,-99.47,1,stop_loss,29.73439,0.00135,6.61764,1.55345,,2019
AUDUSD,-1,2019-02-01 08:00:00,2019-02-01 11:00:00,0.72383,0.72551,0.72551,0.72047,0.5853,-16.8,-98.46,-98.47,3,stop_loss,36.12823,0.00112,-0.24619,4.6089,tokyo,2019
AUDUSD,1,2019-02-04 02:00:00,2019-02-04 03:00:00,0.72477,0.72333,0.72333,0.72764,0.6788,-14.4,-97.48,-97.48,1,stop_loss,22.00618,0.00096,-0.01915,4.99718,tokyo,2019
AUDUSD,-1,2019-02-04 06:00:00,2019-02-04 16:00:00,0.72317,0.72138,0.72473,0.72005,0.618,17.9,110.62,110.62,10,time_exit,20.35959,0.00104,-1.39353,4.28971,tokyo,2019
AUDUSD,-1,2019-02-05 14:00:00,2019-02-06 00:00:00,0.72488,0.72354,0.72659,0.72146,0.5709,13.4,76.5,76.5,10,time_exit,22.79973,0.00114,1.10051,2.35458,london,2019
AUDUSD,1,2019-02-08 08:00:00,2019-02-08 18:00:00,0.70802,0.70902,0.7063,0.71146,0.5728,10.0,57.28,57.28,10,time_exit,40.66903,0.00115,-3.21618,-4.63968,tokyo,2019
AUDUSD,1,2019-02-08 18:00:00,2019-02-11 04:00:00,0.70907,0.70987,0.70739,0.71243,0.5891,8.0,47.13,47.13,10,time_exit,28.30008,0.00112,-1.44564,-4.93438,new_york,2019
AUDUSD,-1,2019-02-11 08:00:00,2019-02-11 16:00:00,0.70943,0.70661,0.71084,0.70661,0.7062,28.2,198.85,198.85,8,take_profit,22.73377,0.00094,-0.71191,-5.54437,tokyo,2019
AUDUSD,1,2019-02-12 02:00:00,2019-02-12 04:00:00,0.70624,0.70864,0.70504,0.70864,0.8454,24.0,202.83,202.83,2,take_profit,25.34372,0.0008,-2.87973,-6.80037,tokyo,2019
AUDUSD,1,2019-02-15 07:00:00,2019-02-15 16:00:00,0.70928,0.71226,0.70779,0.71226,0.6953,29.8,206.9,206.9,9,take_profit,18.74764,0.00099,-0.84041,-1.81899,tokyo,2019
AUDUSD,1,2019-02-18 08:00:00,2019-02-18 18:00:00,0.71466,0.71335,0.71335,0.71727,0.8081,-13.1,-105.51,-105.52,10,stop_loss,27.74715,0.00087,3.04041,-0.08185,tokyo,2019
AUDUSD,-1,2019-02-18 18:00:00,2019-02-19 04:00:00,0.71363,0.71185,0.71499,0.71091,0.7692,17.8,136.92,136.92,10,time_exit,27.73645,0.00091,0.6247,0.75376,new_york,2019
AUDUSD,1,2019-02-22 03:00:00,2019-02-22 13:00:00,0.71045,0.71128,0.70804,0.71528,0.4385,8.3,36.4,36.39,10,time_exit,17.98375,0.00161,-1.18688,-0.34262,tokyo,2019
AUDUSD,-1,2019-02-25 10:00:00,2019-02-25 13:00:00,0.71579,0.71763,0.71763,0.7121,0.5763,-18.4,-106.18,-106.19,3,stop_loss,24.4443,0.00123,2.20894,0.14081,london,2019
AUDUSD,1,2019-02-26 15:00:00,2019-02-26 18:00:00,0.71486,0.71774,0.71342,0.71774,0.7309,28.8,210.26,210.25,3,take_profit,19.60372,0.00096,-0.34391,1.48125,london,2019
AUDUSD,1,2019-02-28 00:00:00,2019-02-28 10:00:00,0.71378,0.71416,0.71231,0.71673,0.7272,3.8,27.63,27.63,10,time_exit,28.52408,0.00098,-1.89654,1.36084,tokyo,2019
AUDUSD,-1,2019-02-28 16:00:00,2019-03-01 02:00:00,0.71214,0.70925,0.71384,0.70874,0.6317,28.9,182.56,182.56,10,time_exit,16.8155,0.00113,-2.47972,0.42217,new_york,2019
AUDUSD,1,2019-03-04 22:00:00,2019-03-05 03:00:00,0.70857,0.70711,0.70711,0.71149,0.7499,-14.6,-109.34,-109.34,5,stop_loss,10.4243,0.00097,-1.01115,-2.75107,,2019
AUDUSD,1,2019-03-05 10:00:00,2019-03-05 17:00:00,0.70817,0.70667,0.70667,0.71116,0.7231,-15.0,-108.24,-108.24,7,stop_loss,12.11784,0.001,-0.7834,-2.8053,london,2019
AUDUSD,1,2019-03-05 20:00:00,2019-03-06 02:00:00,0.70798,0.70644,0.70644,0.71106,0.6962,-15.4,-107.15,-107.15,6,stop_loss,11.8467,0.00103,-0.55533,-2.74897,new_york,2019
AUDUSD,1,2019-03-07 18:00:00,2019-03-07 21:00:00,0.70314,0.70191,0.70191,0.7056,0.8609,-12.3,-106.09,-106.09,3,stop_loss,17.23737,0.00082,-1.92299,-4.87235,new_york,2019
AUDUSD,-1,2019-03-08 14:00:00,2019-03-08 15:00:00,0.70279,0.70416,0.70416,0.70004,0.7643,-13.7,-105.02,-105.02,1,stop_loss,20.22636,0.00092,-0.31072,-4.78366,london,2019
AUDUSD,1,2019-03-08 23:00:00,2019-03-11 00:00:00,0.70445,0.70309,0.70309,0.70716,0.7662,-13.6,-103.97,-103.97,1,stop_loss,31.71532,0.0009,1.13047,-4.14407,,2019
AUDUSD,1,2019-03-11 20:00:00,2019-03-12 06:00:00,0.70568,0.70705,0.70442,0.7082,0.816,13.7,111.79,111.79,10,time_exit,23.42397,0.00084,1.87221,-3.04495,new_york,2019
AUDUSD,1,2019-03-14 05:00:00,2019-03-14 07:00:00,0.70747,0.7061,0.7061,0.71022,0.7577,-13.7,-104.06,-104.06,2,stop_loss,24.93608,0.00092,0.37471,0.21105,tokyo,2019
AUDUSD,1,2019-03-14 12:00:00,2019-03-14 13:00:00,0.70668,0.70542,0.70542,0.70919,0.8201,-12.6,-103.01,-103.02,1,stop_loss,17.43272,0.00084,-0.331,0.05936,london,2019
AUDUSD,-1,2019-03-14 18:00:00,2019-03-14 21:00:00,0.70519,0.70654,0.70654,0.70249,0.7543,-13.5,-101.98,-101.98,3,stop_loss,20.06578,0.0009,-1.53079,-0.26106,new_york,2019
AUDUSD,1,2019-03-15 11:00:00,2019-03-15 13:00:00,0.70919,0.70793,0.70793,0.7117,0.8034,-12.6,-100.96,-100.96,2,stop_loss,21.60709,0.00084,2.59685,0.15375,london,2019
AUDUSD,-1,2019-03-18 01:00:00,2019-03-18 05:00:00,0.70848,0.70967,0.70967,0.70611,0.8426,-11.9,-99.95,-99.95,4,stop_loss,23.11944,0.00079,0.97045,0.65341,tokyo,2019
AUDUSD,-1,2019-03-19 06:00:00,2019-03-19 16:00:00,0.71047,0.70997,0.71178,0.70785,0.7547,5.0,37.74,37.73,10,time_exit,14.82953,0.00087,1.29182,1.71741,tokyo,2019
AUDUSD,-1,2019-03-20 03:00:00,2019-03-20 04:00:00,0.70874,0.70658,0.70982,0.70658,0.9182,21.6,198.67,198.66,1,take_profit,18.68873,0.00072,-0.96857,1.74577,tokyo,2019
AUDUSD,-1,2019-03-20 13:00:00,2019-03-20 21:00:00,0.70925,0.71044,0.71044,0.70687,0.8528,-11.9,-101.32,-101.32,8,stop_loss,25.38812,0.00079,0.44858,0.95882,london,2019
AUDUSD,-1,2019-03-21 04:00:00,2019-03-21 14:00:00,0.71643,0.71304,0.71865,0.71199,0.4518,33.9,153.16,153.16,10,time_exit,29.82521,0.00148,4.29314,1.01626,tokyo,2019
AUDUSD,-1,2019-03-22 03:00:00,2019-03-22 13:00:00,0.71062,0.70938,0.71241,0.70705,0.5704,12.4,70.73,70.73,10,time_exit,21.71786,0.00119,-0.69553,1.70684,tokyo,2019
AUDUSD,-1,2019-03-26 04:00:00,2019-03-26 10:00:00,0.71188,0.71307,0.71307,0.7095,0.8621,-11.9,-102.55,-102.55,6,stop_loss,26.40396,0.00079,2.30277,0.73174,tokyo,2019
AUDUSD,-1,2019-03-26 14:00:00,2019-03-26 18:00:00,0.71289,0.71413,0.71413,0.71042,0.8214,-12.4,-101.52,-101.52,4,stop_loss,38.95056,0.00082,2.56118,1.27638,london,2019
AUDUSD,-1,2019-03-26 19:00:00,2019-03-27 04:00:00,0.71396,0.71141,0.71523,0.71141,0.7892,25.5,201.01,201.01,9,take_profit,42.16129,0.00085,3.1598,1.58198,new_york,2019
AUDUSD,1,2019-04-01 17:00:00,2019-04-01 19:00:00,0.71239,0.71109,0.71109,0.715,0.786,-13.0,-102.51,-102.51,2,stop_loss,22.68721,0.00087,2.03644,0.746,new_york,2019
AUDUSD,1,2019-04-02 05:00:00,2019-04-02 06:00:00,0.71082,0.70956,0.70956,0.71334,0.806,-12.6,-101.49,-101.49,1,stop_loss,16.3961,0.00084,-0.01121,0.85705,tokyo,2019
AUDUSD,-1,2019-04-03 04:00:00,2019-04-03 09:00:00,0.70924,0.71099,0.71099,0.70575,0.575,-17.5,-100.47,-100.47,5,stop_loss,33.33852,0.00116,0.52505,-0.77988,tokyo,2019
AUDUSD,-1,2019-04-03 09:00:00,2019-04-03 12:00:00,0.71068,0.71224,0.71224,0.70757,0.6389,-15.6,-99.46,-99.47,3,stop_loss,30.73695,0.00104,1.70433,-0.63293,london,2019
AUDUSD,-1,2019-04-05 04:00:00,2019-04-05 07:00:00,0.71145,0.71261,0.71261,0.70914,0.8516,-11.6,-98.48,-98.48,3,stop_loss,14.17034,0.00077,0.56505,0.9772,tokyo,2019
AUDUSD,1,2019-04-05 18:00:00,2019-04-08 04:00:00,0.71032,0.70967,0.70894,0.71309,0.7041,-6.5,-45.77,-45.77,10,time_exit,12.77607,0.00092,-1.14334,0.97209,new_york,2019
AUDUSD,-1,2019-04-08 08:00:00,2019-04-08 11:00:00,0.70924,0.71036,0.71036,0.707,0.868,-11.2,-97.03,-97.03,3,stop_loss,17.37665,0.00075,-2.0428,0.46801,tokyo,2019
AUDUSD,-1,2019-04-09 22:00:00,2019-04-10 07:00:00,0.71244,0.71359,0.71359,0.71014,0.834,-11.5,-96.06,-96.06,9,stop_loss,31.20698,0.00077,-0.09336,1.79125,,2019
AUDUSD,1,2019-04-10 18:00:00,2019-04-10 19:00:00,0.71432,0.71706,0.71295,0.71706,0.6943,27.4,190.19,190.19,1,take_profit,25.1372,0.00091,1.26008,1.73919,new_york,2019
AUDUSD,-1,2019-04-12 04:00:00,2019-04-12 11:00:00,0.71285,0.71402,0.71402,0.71051,0.8305,-11.7,-97.0,-97.0,7,stop_loss,32.90862,0.00078,-1.47974,1.93448,tokyo,2019
AUDUSD,1,2019-04-12 17:00:00,2019-04-12 23:00:00,0.71853,0.71702,0.71702,0.72155,0.6365,-15.1,-96.03,-96.03,6,stop_loss,33.73081,0.00101,4.06609,1.64838,new_york,2019
AUDUSD,1,2019-04-16 04:00:00,2019-04-16 05:00:00,0.717,0.71597,0.71597,0.71906,0.9239,-10.3,-95.07,-95.08,1,stop_loss,14.68069,0.00069,0.5716,3.61655,tokyo,2019
AUDUSD,-1,2019-04-16 05:00:00,2019-04-16 14:00:00,0.71452,0.71579,0.71579,0.71198,0.7401,-12.7,-94.11,-94.11,9,stop_loss,16.9782,0.00085,-2.36625,2.82548,tokyo,2019
AUDUSD,-1,2019-04-16 20:00:00,2019-04-17 05:00:00,0.71689,0.71824,0.71824,0.71419,0.6892,-13.5,-93.17,-93.17,9,stop_loss,26.55117,0.0009,0.77798,2.05573,new_york,2019
AUDUSD,1,2019-04-25 01:00:00,2019-04-25 11:00:00,0.70123,0.69965,0.69965,0.70438,0.5853,-15.8,-92.25,-92.25,10,stop_loss,59.57354,0.00105,-5.24192,-4.98318,tokyo,2019
AUDUSD,1,2019-04-26 01:00:00,2019-04-26 11:00:00,0.70137,0.70354,0.70006,0.704,0.6954,21.7,150.9,150.9,10,time_exit,44.68179,0.00088,-2.18245,-7.28284,tokyo,2019
AUDUSD,-1,2019-04-26 15:00:00,2019-04-26 17:00:00,0.70376,0.70511,0.70511,0.70106,0.6888,-13.5,-92.84,-92.84,2,stop_loss,27.80675,0.0009,0.76874,-6.30402,london,2019
AUDUSD,-1,2019-05-01 00:00:00,2019-05-01 10:00:00,0.7045,0.70576,0.70576,0.70198,0.7297,-12.6,-91.9,-91.9,10,stop_loss,11.84973,0.00084,0.38348,-2.78665,tokyo,2019
AUDUSD,1,2019-05-01 17:00:00,2019-05-01 21:00:00,0.70381,0.7027,0.7027,0.70603,0.8213,-11.1,-90.99,-90.99,4,stop_loss,12.76342,0.00074,-1.65701,-2.58001,new_york,2019
AUDUSD,1,2019-05-03 04:00:00,2019-05-03 09:00:00,0.69999,0.69891,0.69891,0.70215,0.8355,-10.8,-90.08,-90.08,5,stop_loss,38.20791,0.00072,-2.80429,-4.39166,tokyo,2019
AUDUSD,1,2019-05-03 22:00:00,2019-05-06 00:00:00,0.70159,0.7004,0.7004,0.70397,0.7486,-11.9,-89.17,-89.17,2,stop_loss,34.19966,0.00079,0.45883,-3.95717,,2019
AUDUSD,-1,2019-05-06 22:00:00,2019-05-07 07:00:00,0.69997,0.70142,0.70142,0.69707,0.6091,-14.5,-88.28,-88.28,9,stop_loss,14.46286,0.00097,0.08214,-3.4556,,2019
AUDUSD,-1,2019-05-07 12:00:00,2019-05-07 22:00:00,0.70197,0.70068,0.7039,0.69812,0.4537,12.9,58.53,58.53,10,time_exit,19.61553,0.00128,1.26653,-1.98689,london,2019
AUDUSD,1,2019-05-09 07:00:00,2019-05-09 17:00:00,0.69761,0.69756,0.69625,0.70032,0.6491,-0.5,-3.25,-3.25,10,time_exit,24.41732,0.0009,-2.64787,-2.21999,tokyo,2019
AUDUSD,-1,2019-05-09 20:00:00,2019-05-10 04:00:00,0.69874,0.70022,0.70022,0.69579,0.596,-14.8,-87.95,-87.96,8,stop_loss,34.11838,0.00098,-0.30439,-2.47318,new_york,2019
AUDUSD,1,2019-05-10 10:00:00,2019-05-10 20:00:00,0.69945,0.70008,0.69769,0.70296,0.4957,6.3,31.23,31.23,10,time_exit,20.47184,0.00117,0.20712,-1.70477,london,2019
AUDUSD,1,2019-05-10 22:00:00,2019-05-13 03:00:00,0.69975,0.69831,0.69831,0.70264,0.6055,-14.4,-87.39,-87.39,5,stop_loss,13.63784,0.00096,0.31218,-1.66226,,2019
AUDUSD,1,2019-05-14 14:00:00,2019-05-14 15:00:00,0.69464,0.6935,0.6935,0.69691,0.7614,-11.4,-86.51,-86.51,1,stop_loss,27.53591,0.00076,-2.45063,-3.90613,london,2019
AUDUSD,-1,2019-05-16 17:00:00,2019-05-17 03:00:00,0.69032,0.68879,0.69167,0.68763,0.6357,15.3,97.26,97.26,10,time_exit,28.18968,0.0009,-2.86795,-4.29942,new_york,2019
AUDUSD,1,2019-05-17 14:00:00,2019-05-17 22:00:00,0.68767,0.68654,0.68654,0.68994,0.7648,-11.3,-86.62,-86.63,8,stop_loss,42.83653,0.00076,-3.8727,-6.21007,london,2019
AUDUSD,1,2019-05-17 22:00:00,2019-05-20 00:00:00,0.68667,0.68876,0.68563,0.68876,0.8213,20.9,171.51,171.51,2,take_profit,37.65235,0.0007,-4.40984,-7.10456,,2019
AUDUSD,-1,2019-05-20 13:00:00,2019-05-20 23:00:00,0.69235,0.6908,0.69374,0.68957,0.6287,15.5,97.45,97.45,10,time_exit,43.67834,0.00093,2.1508,-4.09949,london,2019
AUDUSD,-1,2019-05-22 05:00:00,2019-05-22 12:00:00,0.68832,0.68956,0.68956,0.68584,0.7133,-12.4,-88.44,-88.44,7,stop_loss,21.55247,0.00083,-0.94009,-4.13388,tokyo,2019
AUDUSD,1,2019-05-23 02:00:00,2019-05-23 04:00:00,0.68812,0.68712,0.68712,0.69012,0.8772,-10.0,-87.56,-87.56,2,stop_loss,12.88212,0.00067,-0.72099,-4.66999,tokyo,2019
AUDUSD,-1,2019-05-23 13:00:00,2019-05-23 15:00:00,0.68695,0.68794,0.68794,0.68497,0.8738,-9.9,-86.69,-86.69,2,stop_loss,21.89065,0.00066,-1.82257,-4.68636,london,2019
AUDUSD,-1,2019-05-23 15:00:00,2019-05-23 17:00:00,0.68766,0.68868,0.68868,0.68563,0.8442,-10.2,-85.82,-85.82,2,stop_loss,21.8436,0.00068,-0.63029,-4.55737,london,2019
AUDUSD,-1,2019-05-23 20:00:00,2019-05-24 06:00:00,0.68985,0.68836,0.69102,0.6875,0.7244,14.9,107.94,107.93,10,time_exit,20.50297,0.00078,2.11216,-3.65086,new_york,2019
AUDUSD,1,2019-05-24 10:00:00,2019-05-24 17:00:00,0.68944,0.69177,0.68828,0.69177,0.7386,23.3,172.08,172.08,7,take_profit,17.92922,0.00078,1.01515,-2.79583,london,2019
AUDUSD,1,2019-05-27 02:00:00,2019-05-27 12:00:00,0.69305,0.69217,0.69201,0.69514,0.8408,-8.8,-73.99,-73.99,10,time_exit,37.10377,0.0007,4.17945,-1.15539,tokyo,2019
AUDUSD,-1,2019-05-27 23:00:00,2019-05-28 03:00:00,0.69149,0.69225,0.69225,0.68998,1.1513,-7.6,-87.02,-87.02,4,stop_loss,21.94393,0.0005,0.22835,0.29348,,2019
AUDUSD,1,2019-05-28 08:00:00,2019-05-28 11:00:00,0.6926,0.69182,0.69182,0.69416,1.1063,-7.8,-86.15,-86.15,3,stop_loss,19.69536,0.00052,1.87772,0.60938,tokyo,2019
AUDUSD,-1,2019-05-29 08:00:00,2019-05-29 12:00:00,0.69287,0.69124,0.69368,0.69124,1.0469,16.3,170.57,170.56,4,take_profit,11.50095,0.00054,1.18312,1.18808,tokyo,2019
AUDUSD,-1,2019-05-29 12:00:00,2019-05-29 15:00:00,0.69161,0.69249,0.69249,0.68985,0.9868,-8.8,-86.99,-87.0,3,stop_loss,15.49484,0.00059,-0.98887,1.00827,london,2019
AUDUSD,1,2019-05-30 15:00:00,2019-05-30 17:00:00,0.69176,0.69071,0.69071,0.69385,0.8234,-10.5,-86.13,-86.13,2,stop_loss,22.42391,0.0007,-0.67543,0.72182,london,2019
AUDUSD,-1,2019-05-31 02:00:00,2019-05-31 08:00:00,0.69124,0.69227,0.69227,0.68919,0.8318,-10.3,-85.26,-85.27,6,stop_loss,26.9834,0.00068,-0.90786,0.27592,tokyo,2019
AUDUSD,1,2019-06-03 02:00:00,2019-06-03 06:00:00,0.69331,0.69593,0.692,0.69593,0.6453,26.2,168.81,168.81,4,take_profit,26.2045,0.00087,1.32178,0.44026,tokyo,2019
AUDUSD,1,2019-06-03 12:00:00,2019-06-03 20:00:00,0.69492,0.69766,0.69355,0.69766,0.6282,27.4,172.18,172.18,8,take_profit,28.42884,0.00091,2.12102,1.02371,london,2019
AUDUSD,-1,2019-06-04 08:00:00,2019-06-04 09:00:00,0.69661,0.69799,0.69799,0.69386,0.6376,-13.8,-87.82,-87.82,1,stop_loss,34.36946,0.00092,1.66925,2.38339,tokyo,2019
AUDUSD,-1,2019-06-06 23:00:00,2019-06-07 09:00:00,0.69764,0.69728,0.69893,0.69505,0.6719,3.6,24.19,24.19,10,time_exit,19.55702,0.00086,-0.18524,2.78477,,2019
AUDUSD,1,2019-06-10 14:00:00,2019-06-11 00:00:00,0.69636,0.69597,0.6952,0.69867,0.7545,-3.9,-29.43,-29.43,10,time_exit,24.4696,0.00077,-2.18322,2.27098,london,2019
AUDUSD,1,2019-06-11 14:00:00,2019-06-12 00:00:00,0.69528,0.6961,0.69421,0.69742,0.8118,8.2,66.57,66.57,10,time_exit,24.11759,0.00071,-1.95841,0.65582,london,2019
AUDUSD,1,2019-06-12 05:00:00,2019-06-12 08:00:00,0.69537,0.69438,0.69438,0.69736,0.8804,-9.9,-87.55,-87.55,3,stop_loss,16.09199,0.00066,-1.41382,0.2233,tokyo,2019
AUDUSD,-1,2019-06-12 10:00:00,2019-06-12 20:00:00,0.6949,0.69305,0.69582,0.69305,0.9395,18.5,173.36,173.36,10,take_profit,19.53292,0.00062,-1.86526,-0.08029,london,2019
AUDUSD,1,2019-06-13 04:00:00,2019-06-13 05:00:00,0.69298,0.69206,0.69206,0.69482,0.9589,-9.2,-88.41,-88.41,1,stop_loss,21.01002,0.00061,-3.08995,-1.4048,tokyo,2019
AUDUSD,1,2019-06-14 21:00:00,2019-06-17 07:00:00,0.68635,0.68791,0.68515,0.68874,0.7323,15.6,114.24,114.24,10,time_exit,30.94376,0.0008,-5.48663,-3.93147,new_york,2019
AUDUSD,1,2019-06-18 02:00:00,2019-06-18 04:00:00,0.68541,0.68451,0.68451,0.68722,0.9813,-9.0,-88.67,-88.67,2,stop_loss,36.11915,0.0006,-3.91628,-7.08641,tokyo,2019
AUDUSD,1,2019-06-19 07:00:00,2019-06-19 16:00:00,0.68764,0.68663,0.68663,0.68967,0.8663,-10.1,-87.78,-87.78,9,stop_loss,40.06826,0.00068,1.189,-5.49183,tokyo,2019
AUDUSD,-1,2019-06-20 19:00:00,2019-06-21 04:00:00,0.69161,0.69324,0.69324,0.68835,0.5335,-16.3,-86.9,-86.9,9,stop_loss,47.31296,0.00109,2.2755,-0.92703,new_york,2019
AUDUSD,-1,2019-06-24 03:00:00,2019-06-24 05:00:00,0.69463,0.69598,0.69598,0.69193,0.6373,-13.5,-86.03,-86.03,2,stop_loss,27.38688,0.0009,3.4547,0.84086,tokyo,2019
AUDUSD,-1,2019-06-24 05:00:00,2019-06-24 15:00:00,0.69507,0.69514,0.6964,0.69241,0.6407,-0.7,-4.48,-4.49,10,time_exit,31.3188,0.00089,3.70246,1.0697,tokyo,2019
AUDUSD,1,2019-06-25 23:00:00,2019-06-26 09:00:00,0.69588,0.69742,0.69441,0.69883,0.5774,15.4,88.92,88.92,10,time_exit,27.65019,0.00098,0.49938,2.79146,,2019
AUDUSD,1,2019-06-27 00:00:00,2019-06-27 10:00:00,0.69842,0.69957,0.69724,0.70079,0.7267,11.5,83.57,83.57,10,time_exit,29.3687,0.00079,2.04826,4.00587,tokyo,2019
AUDUSD,1,2019-06-27 18:00:00,2019-06-28 04:00:00,0.70036,0.70011,0.69931,0.70247,0.8238,-2.5,-20.59,-20.6,10,time_exit,30.42656,0.0007,3.07312,5.00845,new_york,2019
AUDUSD,-1,2019-06-28 05:00:00,2019-06-28 07:00:00,0.70012,0.701,0.701,0.69835,0.9808,-8.8,-86.65,-86.65,2,stop_loss,35.11601,0.00059,1.96729,6.29523,tokyo,2019
AUDUSD,-1,2019-06-28 19:00:00,2019-06-28 21:00:00,0.70086,0.70184,0.70184,0.6989,0.8754,-9.8,-85.78,-85.78,2,stop_loss,24.38714,0.00065,1.56848,5.87587,new_york,2019
AUDUSD,-1,2019-06-28 22:00:00,2019-07-01 00:00:00,0.70196,0.70292,0.70292,0.70003,0.8813,-9.6,-84.92,-84.92,2,stop_loss,24.05548,0.00064,2.99924,6.02651,,2019
AUDUSD,1,2019-07-01 10:00:00,2019-07-01 17:00:00,0.69928,0.6981,0.6981,0.70163,0.7151,-11.8,-84.07,-84.07,7,stop_loss,27.05026,0.00078,-1.42673,4.69129,london,2019
AUDUSD,-1,2019-07-03 09:00:00,2019-07-03 11:00:00,0.69977,0.70073,0.70073,0.69785,0.8678,-9.6,-83.23,-83.23,2,stop_loss,11.82814,0.00064,1.19476,2.52818,london,2019
AUDUSD,1,2019-07-04 03:00:00,2019-07-04 11:00:00,0.70307,0.7021,0.7021,0.70501,0.8483,-9.7,-82.4,-82.4,8,stop_loss,30.39418,0.00065,3.45604,4.04888,tokyo,2019
AUDUSD,1,2019-07-04 14:00:00,2019-07-05 00:00:00,0.70178,0.70231,0.70071,0.70392,0.7609,5.3,40.33,40.33,10,time_exit,29.35456,0.00071,0.27778,4.02781,london,2019
AUDUSD,1,2019-07-08 15:00:00,2019-07-08 17:00:00,0.69856,0.69754,0.69754,0.7006,0.8021,-10.2,-81.98,-81.98,2,stop_loss,35.45056,0.00068,-1.6537,0.69961,london,2019
AUDUSD,-1,2019-07-09 07:00:00,2019-07-09 11:00:00,0.69557,0.69364,0.69654,0.69364,0.8392,19.3,162.32,162.32,4,take_profit,38.58289,0.00064,-4.34926,-0.77592,tokyo,2019
AUDUSD,1,2019-07-10 03:00:00,2019-07-10 10:00:00,0.69251,0.69156,0.69156,0.69441,0.8696,-9.5,-82.78,-82.79,7,stop_loss,43.49864,0.00063,-4.77875,-3.67517,tokyo,2019
AUDUSD,1,2019-07-11 18:00:00,2019-07-12 04:00:00,0.69772,0.69886,0.69639,0.70038,0.6169,11.4,70.33,70.32,10,time_exit,31.99132,0.00089,1.80587,-1.15839,new_york,2019
AUDUSD,-1,2019-07-12 05:00:00,2019-07-12 08:00:00,0.69886,0.70003,0.70003,0.69651,0.7044,-11.7,-82.66,-82.66,3,stop_loss,20.47378,0.00078,2.75393,-0.64354,tokyo,2019
AUDUSD,1,2019-07-17 22:00:00,2019-07-18 08:00:00,0.70155,0.70335,0.70053,0.70359,0.8031,18.0,144.56,144.56,10,time_exit,22.50213,0.00068,-0.04005,2.32658,,2019
AUDUSD,-1,2019-07-18 12:00:00,2019-07-18 18:00:00,0.70333,0.7044,0.7044,0.70119,0.7765,-10.7,-83.28,-83.28,6,stop_loss,23.95877,0.00071,2.00372,2.23477,london,2019
AUDUSD,1,2019-07-19 02:00:00,2019-07-19 12:00:00,0.7057,0.70546,0.70424,0.70862,0.5638,-2.4,-13.53,-13.53,10,time_exit,36.71374,0.00097,2.52804,2.42364,tokyo,2019
AUDUSD,1,2019-07-19 21:00:00,2019-07-22 04:00:00,0.70515,0.70376,0.70376,0.70794,0.5909,-13.9,-82.31,-82.31,7,stop_loss,19.74163,0.00093,0.55626,3.09017,new_york,2019
AUDUSD,-1,2019-07-22 13:00:00,2019-07-22 14:00:00,0.70406,0.70519,0.70519,0.70181,0.723,-11.3,-81.49,-81.49,1,stop_loss,23.4756,0.00075,-0.418,3.01338,london,2019
AUDUSD,-1,2019-07-23 03:00:00,2019-07-23 13:00:00,0.70293,0.70307,0.70388,0.70103,0.8474,-1.4,-11.86,-11.87,10,time_exit,18.76324,0.00063,-2.03124,2.90394,tokyo,2019
AUDUSD,-1,2019-07-24 17:00:00,2019-07-25 03:00:00,0.69867,0.69784,0.69973,0.69655,0.7609,8.3,63.15,63.15,10,time_exit,35.40626,0.00071,-2.65223,-1.53963,new_york,2019
AUDUSD,-1,2019-07-26 03:00:00,2019-07-26 11:00:00,0.69506,0.69291,0.69614,0.69291,0.7544,21.5,162.38,162.38,8,take_profit,32.10217,0.00072,-3.20585,-3.91717,tokyo,2019
AUDUSD,-1,2019-07-29 18:00:00,2019-07-29 19:00:00,0.68956,0.69049,0.69049,0.6877,0.8919,-9.3,-82.81,-82.81,1,stop_loss,48.64037,0.00062,-4.75633,-7.94398,new_york,2019
AUDUSD,-1,2019-07-31 06:00:00,2019-07-31 08:00:00,0.68853,0.68972,0.68972,0.68615,0.6887,-11.9,-81.98,-81.98,2,stop_loss,37.95625,0.00079,-1.10267,-6.78211,tokyo,2019
AUDUSD,1,2019-08-01 08:00:00,2019-08-01 16:00:00,0.68497,0.68328,0.68328,0.68836,0.4792,-16.9,-81.17,-81.17,8,stop_loss,35.40715,0.00113,-2.31263,-4.80617,tokyo,2019
AUDUSD,-1,2019-08-01 17:00:00,2019-08-01 18:00:00,0.68384,0.68532,0.68532,0.68089,0.5442,-14.8,-80.35,-80.35,1,stop_loss,35.5243,0.00098,-2.84343,-5.73457,new_york,2019
AUDUSD,1,2019-08-02 09:00:00,2019-08-02 10:00:00,0.68117,0.67947,0.67947,0.68457,0.4682,-17.0,-79.54,-79.54,1,stop_loss,32.81994,0.00113,-2.64568,-5.76126,london,2019
AUDUSD,1,2019-08-05 01:00:00,2019-08-05 04:00:00,0.67942,0.67782,0.67782,0.68263,0.491,-16.0,-78.75,-78.76,3,stop_loss,35.60905,0.00107,-2.41207,-6.58677,tokyo,2019
AUDUSD,-1,2019-08-05 19:00:00,2019-08-06 05:00:00,0.67794,0.67881,0.67967,0.67448,0.4506,-8.7,-39.2,-39.2,10,time_exit,37.01532,0.00115,-1.44653,-6.52602,new_york,2019
AUDUSD,1,2019-08-07 00:00:00,2019-08-07 05:00:00,0.676,0.67447,0.67447,0.67906,0.507,-15.3,-77.57,-77.57,5,stop_loss,22.81989,0.00102,-2.1691,-6.4984,tokyo,2019
AUDUSD,1,2019-08-09 12:00:00,2019-08-09 19:00:00,0.68052,0.67883,0.67883,0.6839,0.4546,-16.9,-76.8,-76.8,7,stop_loss,21.01495,0.00113,1.44049,-2.35664,london,2019
AUDUSD,-1,2019-08-13 10:00:00,2019-08-13 13:00:00,0.676,0.67704,0.67704,0.67391,0.7282,-10.4,-76.03,-76.03,3,stop_loss,25.46696,0.0007,-1.30047,-4.31461,london,2019
AUDUSD,1,2019-08-14 16:00:00,2019-08-15 02:00:00,0.67467,0.67544,0.67303,0.67794,0.4597,7.7,35.4,35.39,10,time_exit,27.61341,0.00109,-2.68581,-1.65478,new_york,2019
AUDUSD,-1,2019-08-15 12:00:00,2019-08-15 16:00:00,0.67705,0.67854,0.67854,0.67406,0.5064,-14.9,-75.63,-75.63,4,stop_loss,28.01976,0.001,0.08665,-1.8884,london,2019
AUDUSD,1,2019-08-15 17:00:00,2019-08-16 03:00:00,0.67849,0.67773,0.67695,0.68156,0.4873,-7.6,-37.03,-37.04,10,time_exit,25.07619,0.00102,1.36421,-1.66004,new_york,2019
AUDUSD,-1,2019-08-19 15:00:00,2019-08-20 01:00:00,0.67784,0.67643,0.67895,0.67562,0.6721,14.1,94.77,94.76,10,time_exit,11.39532,0.00074,-0.04676,-0.87662,london,2019
AUDUSD,-1,2019-08-20 01:00:00,2019-08-20 05:00:00,0.6765,0.6774,0.6774,0.67471,0.8417,-9.0,-75.44,-75.44,4,stop_loss,19.48927,0.0006,-1.79421,-1.37166,tokyo,2019
AUDUSD,-1,2019-08-20 21:00:00,2019-08-21 05:00:00,0.67783,0.67893,0.67893,0.67563,0.6785,-11.0,-74.68,-74.68,8,stop_loss,21.66887,0.00073,0.27823,-0.83201,new_york,2019
AUDUSD,-1,2019-08-21 20:00:00,2019-08-21 22:00:00,0.67965,0.67755,0.6807,0.67755,0.7059,21.0,147.89,147.88,2,take_profit,33.03529,0.0007,2.11647,-0.13111,new_york,2019
AUDUSD,1,2019-08-23 18:00:00,2019-08-23 19:00:00,0.67737,0.67585,0.67585,0.68041,0.4964,-15.2,-75.42,-75.42,1,stop_loss,30.64087,0.00101,0.96953,-1.16509,new_york,2019
AUDUSD,-1,2019-08-26 22:00:00,2019-08-27 08:00:00,0.67745,0.67567,0.67915,0.67405,0.4389,17.8,78.12,78.12,10,time_exit,21.49742,0.00113,1.46111,-1.03165,,2019
AUDUSD,-1,2019-08-27 15:00:00,2019-08-28 01:00:00,0.67631,0.67528,0.67764,0.67366,0.5687,10.3,58.58,58.57,10,time_exit,15.40696,0.00088,0.28139,-0.92518,london,2019
AUDUSD,-1,2019-08-28 08:00:00,2019-08-28 11:00:00,0.67382,0.67502,0.67502,0.67142,0.633,-12.0,-76.03,-76.04,3,stop_loss,18.85774,0.0008,-2.1947,-1.28737,tokyo,2019
AUDUSD,-1,2019-08-28 19:00:00,2019-08-29 05:00:00,0.67457,0.67297,0.67573,0.67224,0.6472,16.0,103.55,103.55,10,time_exit,12.84607,0.00078,-0.76862,-1.57355,new_york,2019
AUDUSD,-1,2019-08-30 02:00:00,2019-08-30 04:00:00,0.67292,0.67081,0.67398,0.67081,0.7222,21.1,152.61,152.61,2,take_profit,15.43421,0.0007,-1.4085,-2.40393,tokyo,2019
AUDUSD,1,2019-08-30 05:00:00,2019-08-30 15:00:00,0.67143,0.67234,0.67017,0.67395,0.617,9.1,56.15,56.14,10,time_exit,16.11918,0.00084,-2.75014,-2.10338,tokyo,2019
AUDUSD,1,2019-09-02 05:00:00,2019-09-02 13:00:00,0.67301,0.67162,0.67162,0.67578,0.5651,-13.9,-78.4,-78.4,8,stop_loss,12.01477,0.00092,-0.00353,-2.00258,tokyo,2019
AUDUSD,1,2019-09-02 14:00:00,2019-09-03 00:00:00,0.67138,0.6717,0.67018,0.67379,0.6442,3.2,20.61,20.61,10,time_exit,12.92362,0.0008,-1.83676,-2.25098,london,2019
AUDUSD,-1,2019-09-03 07:00:00,2019-09-03 08:00:00,0.66964,0.67081,0.67081,0.6673,0.6646,-11.7,-77.82,-77.82,1,stop_loss,16.14927,0.00078,-3.00655,-2.73229,tokyo,2019
AUDUSD,1,2019-09-03 12:00:00,2019-09-03 17:00:00,0.67255,0.67519,0.67123,0.67519,0.584,26.4,154.07,154.07,5,take_profit,14.82496,0.00088,0.62759,-2.30483,london,2019
AUDUSD,1,2019-09-04 03:00:00,2019-09-04 12:00:00,0.67631,0.67868,0.67512,0.67868,0.6618,23.7,157.17,157.17,9,take_profit,37.03764,0.00079,3.67063,-0.93974,tokyo,2019
AUDUSD,-1,2019-09-04 22:00:00,2019-09-05 04:00:00,0.67984,0.68106,0.68106,0.67739,0.655,-12.2,-80.15,-80.16,6,stop_loss,48.83574,0.00082,4.47816,1.58273,,2019
AUDUSD,-1,2019-09-09 16:00:00,2019-09-10 02:00:00,0.68691,0.68639,0.68808,0.68457,0.6768,5.2,35.19,35.19,10,time_exit,27.45244,0.00078,3.92178,6.17875,new_york,2019
AUDUSD,1,2019-09-10 13:00:00,2019-09-10 16:00:00,0.68606,0.68495,0.68495,0.68827,0.7198,-11.1,-79.7,-79.71,3,stop_loss,18.2676,0.00074,1.17266,6.50589,london,2019
AUDUSD,-1,2019-09-11 08:00:00,2019-09-11 18:00:00,0.68737,0.68573,0.68866,0.68479,0.6119,16.4,100.35,100.35,10,time_exit,15.44514,0.00086,2.01467,4.9716,tokyo,2019
AUDUSD,-1,2019-09-12 15:00:00,2019-09-12 17:00:00,0.6879,0.68889,0.68889,0.68592,0.8059,-9.9,-79.91,-79.91,2,stop_loss,26.95404,0.00066,1.71392,5.8767,london,2019
AUDUSD,-1,2019-09-13 05:00:00,2019-09-13 15:00:00,0.68702,0.6882,0.6882,0.68467,0.6728,-11.8,-79.11,-79.11,10,stop_loss,18.33231,0.00078,0.29628,4.32148,tokyo,2019
AUDUSD,1,2019-09-13 19:00:00,2019-09-16 00:00:00,0.68862,0.68741,0.68741,0.69103,0.6489,-12.1,-78.32,-78.32,5,stop_loss,17.80732,0.0008,1.84453,3.97766,new_york,2019
AUDUSD,1,2019-09-16 00:00:00,2019-09-16 02:00:00,0.68612,0.6883,0.68503,0.6883,0.7125,21.8,155.08,155.07,2,take_profit,16.19727,0.00073,0.57673,4.38269,tokyo,2019
AUDUSD,-1,2019-09-16 10:00:00,2019-09-16 20:00:00,0.68725,0.6861,0.68848,0.68479,0.6442,11.5,74.08,74.08,10,time_exit,13.55847,0.00082,-0.1525,3.55315,london,2019
AUDUSD,-1,2019-09-18 21:00:00,2019-09-18 22:00:00,0.68492,0.68279,0.68599,0.68279,0.749,21.3,159.66,159.66,1,take_profit,20.5972,0.00071,-0.30103,0.49285,new_york,2019
AUDUSD,1,2019-09-23 11:00:00,2019-09-23 21:00:00,0.67662,0.677,0.67561,0.67864,0.8076,3.8,30.69,30.69,10,time_exit,26.80548,0.00067,-3.13949,-4.87945,london,2019
AUDUSD,-1,2019-09-24 15:00:00,2019-09-25 01:00:00,0.67945,0.6801,0.68063,0.6771,0.6954,-6.5,-45.2,-45.2,10,time_exit,23.45116,0.00078,1.89357,-3.74538,london,2019
AUDUSD,-1,2019-09-25 16:00:00,2019-09-26 02:00:00,0.67628,0.67542,0.6775,0.67384,0.6653,8.6,57.22,57.21,10,time_exit,24.11093,0.00081,-2.54189,-2.56594,new_york,2019
AUDUSD,1,2019-09-27 14:00:00,2019-09-30 00:00:00,0.67575,0.67642,0.67463,0.678,0.7292,6.7,48.86,48.85,10,time_exit,11.66626,0.00075,-0.36296,-3.4857,london,2019
AUDUSD,-1,2019-09-30 04:00:00,2019-09-30 14:00:00,0.67571,0.67586,0.67692,0.67329,0.6813,-1.5,-10.22,-10.22,10,time_exit,8.50055,0.00081,-0.49189,-2.75207,tokyo,2019
AUDUSD,-1,2019-10-01 15:00:00,2019-10-02 01:00:00,0.66976,0.67033,0.67142,0.66644,0.4947,-5.7,-28.2,-28.2,10,time_exit,10.78781,0.00111,-3.80092,-2.72433,london,2019
AUDUSD,-1,2019-10-02 18:00:00,2019-10-03 02:00:00,0.66962,0.671,0.671,0.66687,0.5957,-13.8,-81.95,-81.95,8,stop_loss,20.12756,0.00092,-1.80033,-4.42621,new_york,2019
AUDUSD,1,2019-10-03 04:00:00,2019-10-03 14:00:00,0.67096,0.67201,0.66985,0.67317,0.7329,10.5,76.95,76.95,10,time_exit,13.58394,0.00074,-0.06263,-5.21913,tokyo,2019
AUDUSD,-1,2019-10-07 05:00:00,2019-10-07 11:00:00,0.67566,0.67332,0.67683,0.67332,0.6986,23.4,163.81,163.81,6,take_profit,23.38368,0.00078,1.13334,-0.06645,tokyo,2019
AUDUSD,-1,2019-10-07 19:00:00,2019-10-08 05:00:00,0.67408,0.67467,0.67524,0.67177,0.723,-5.9,-42.66,-42.66,10,time_exit,26.08994,0.00077,-0.72355,-0.18727,new_york,2019
AUDUSD,-1,2019-10-08 15:00:00,2019-10-09 01:00:00,0.67452,0.67288,0.67568,0.67221,0.7194,16.4,117.98,117.98,10,time_exit,21.06554,0.00077,0.12281,-0.32448,london,2019
AUDUSD,-1,2019-10-09 07:00:00,2019-10-09 17:00:00,0.67404,0.67272,0.67513,0.67187,0.7765,13.2,102.5,102.5,10,time_exit,28.0062,0.00072,0.21025,-0.7832,tokyo,2019
AUDUSD,1,2019-10-14 04:00:00,2019-10-14 10:00:00,0.67828,0.67673,0.67673,0.68137,0.5515,-15.5,-85.32,-85.32,6,stop_loss,32.16144,0.00103,0.68319,1.98872,tokyo,2019
AUDUSD,-1,2019-10-15 09:00:00,2019-10-15 15:00:00,0.67736,0.67502,0.67853,0.67502,0.7232,23.4,168.94,168.94,6,take_profit,13.91206,0.00078,-0.03585,1.81733,london,2019
AUDUSD,-1,2019-10-18 02:00:00,2019-10-18 11:00:00,0.68248,0.68387,0.68387,0.6797,0.6196,-13.9,-86.15,-86.16,9,stop_loss,36.16643,0.00093,3.73405,2.44604,tokyo,2019
AUDUSD,-1,2019-10-18 22:00:00,2019-10-21 05:00:00,0.6853,0.68644,0.68644,0.68301,0.7453,-11.4,-85.3,-85.3,7,stop_loss,44.2608,0.00076,4.65772,4.86726,,2019
AUDUSD,1,2019-10-21 09:00:00,2019-10-21 19:00:00,0.68589,0.68672,0.6848,0.68807,0.7731,8.3,64.17,64.17,10,time_exit,35.00719,0.00073,3.78657,5.91143,london,2019
AUDUSD,-1,2019-10-21 21:00:00,2019-10-22 03:00:00,0.68655,0.68771,0.68771,0.68424,0.7364,-11.6,-85.08,-85.08,6,stop_loss,32.40829,0.00077,2.48639,6.3337,new_york,2019
AUDUSD,1,2019-10-22 15:00:00,2019-10-23 01:00:00,0.68549,0.6858,0.6844,0.68768,0.7701,3.1,23.87,23.87,10,time_exit,19.7281,0.00073,-0.30108,6.58252,london,2019
AUDUSD,-1,2019-10-23 21:00:00,2019-10-24 07:00:00,0.68489,0.68431,0.68599,0.68269,0.7677,5.8,44.53,44.52,10,time_exit,23.3158,0.00073,-0.32188,4.29595,new_york,2019
AUDUSD,1,2019-10-28 04:00:00,2019-10-28 06:00:00,0.68227,0.68138,0.68138,0.68406,0.949,-8.9,-84.92,-84.92,2,stop_loss,13.32756,0.0006,-0.92134,0.81605,tokyo,2019
AUDUSD,1,2019-10-30 14:00:00,2019-10-30 15:00:00,0.68725,0.68623,0.68623,0.68929,0.8254,-10.2,-84.07,-84.07,1,stop_loss,40.32429,0.00068,2.77151,2.77018,london,2019
AUDUSD,1,2019-11-05 15:00:00,2019-11-05 17:00:00,0.69117,0.68969,0.68969,0.69413,0.5622,-14.8,-83.23,-83.23,2,stop_loss,27.78446,0.00099,0.86273,2.65809,london,2019
AUDUSD,1,2019-11-08 13:00:00,2019-11-08 17:00:00,0.68659,0.68524,0.68524,0.68928,0.6122,-13.5,-82.4,-82.4,4,stop_loss,12.12864,0.0009,-2.45252,0.55828,london,2019
AUDUSD,1,2019-11-11 00:00:00,2019-11-11 10:00:00,0.68536,0.68616,0.68421,0.68766,0.7096,8.0,56.77,56.77,10,time_exit,22.19518,0.00077,-2.42667,-0.40681,tokyo,2019
AUDUSD,-1,2019-11-11 22:00:00,2019-11-12 04:00:00,0.68531,0.68337,0.68628,0.68337,0.8471,19.4,164.27,164.27,6,take_profit,21.01762,0.00065,-1.69582,-1.73888,,2019
AUDUSD,1,2019-11-12 11:00:00,2019-11-12 21:00:00,0.68422,0.68436,0.68311,0.68643,0.7568,1.4,10.6,10.59,10,time_exit,21.40352,0.00074,-2.06616,-1.97407,london,2019
AUDUSD,1,2019-11-13 06:00:00,2019-11-13 12:00:00,0.68376,0.68246,0.68246,0.68636,0.6451,-13.0,-83.89,-83.89,6,stop_loss,18.16928,0.00087,-1.27259,-2.07295,tokyo,2019
AUDUSD,-1,2019-11-14 10:00:00,2019-11-14 15:00:00,0.68058,0.67789,0.68193,0.67789,0.6163,26.9,166.09,166.09,5,take_profit,30.48532,0.0009,-2.6843,-2.92666,london,2019
AUDUSD,1,2019-11-19 06:00:00,2019-11-19 12:00:00,0.67966,0.6819,0.67854,0.6819,0.7558,22.4,169.42,169.42,6,take_profit,20.78878,0.00075,-1.38037,-3.04176,tokyo,2019
AUDUSD,-1,2019-11-21 05:00:00,2019-11-21 12:00:00,0.67969,0.68094,0.68094,0.6772,0.6937,-12.5,-86.41,-86.41,7,stop_loss,24.38176,0.00083,-1.2401,-1.84399,tokyo,2019
AUDUSD,1,2019-11-21 12:00:00,2019-11-21 18:00:00,0.68037,0.67923,0.67923,0.68265,0.7493,-11.4,-85.54,-85.54,6,stop_loss,19.41814,0.00076,-0.21941,-2.04823,london,2019
AUDUSD,-1,2019-11-22 01:00:00,2019-11-22 10:00:00,0.67873,0.67968,0.67968,0.67683,0.8913,-9.5,-84.69,-84.69,9,stop_loss,26.83812,0.00063,-2.19839,-2.68169,tokyo,2019
AUDUSD,-1,2019-11-22 18:00:00,2019-11-25 03:00:00,0.67849,0.67953,0.67953,0.67642,0.8099,-10.4,-83.84,-83.84,9,stop_loss,20.15642,0.00069,-1.46839,-2.65003,new_york,2019
AUDUSD,1,2019-11-26 13:00:00,2019-11-26 23:00:00,0.67762,0.67866,0.6765,0.67986,0.7405,10.4,77.01,77.01,10,time_exit,23.94394,0.00075,-1.03877,-2.51549,london,2019
AUDUSD,-1,2019-11-29 16:00:00,2019-12-02 02:00:00,0.67634,0.67682,0.67707,0.67487,1.1434,-4.8,-54.88,-54.89,10,time_exit,19.96686,0.00049,-1.9051,-3.07273,new_york,2019
AUDUSD,-1,2019-12-02 20:00:00,2019-12-03 05:00:00,0.68158,0.68262,0.68262,0.67949,0.798,-10.4,-83.22,-83.23,9,stop_loss,38.74478,0.0007,5.17014,-0.84277,new_york,2019
AUDUSD,1,2019-12-04 07:00:00,2019-12-04 16:00:00,0.68246,0.68478,0.6813,0.68478,0.7096,23.2,164.78,164.78,9,take_profit,27.95363,0.00077,0.11827,2.9511,tokyo,2019
AUDUSD,-1,2019-12-05 04:00:00,2019-12-05 14:00:00,0.68464,0.68262,0.68583,0.68226,0.7056,20.2,142.53,142.53,10,time_exit,22.28129,0.00079,1.58114,3.22984,tokyo,2019
AUDUSD,1,2019-12-05 21:00:00,2019-12-06 07:00:00,0.68351,0.68409,0.68252,0.68548,0.8674,5.8,50.31,50.31,10,time_exit,17.22728,0.00066,0.23429,3.24193,new_york,2019
AUDUSD,1,2019-12-06 21:00:00,2019-12-09 07:00:00,0.68368,0.68331,0.68261,0.68583,0.8015,-3.7,-29.66,-29.66,10,time_exit,20.50998,0.00072,-0.04709,2.68003,new_york,2019
AUDUSD,-1,2019-12-09 14:00:00,2019-12-09 17:00:00,0.68233,0.68314,0.68314,0.6807,1.0527,-8.1,-85.67,-85.67,3,stop_loss,19.28622,0.00054,-1.99504,2.58076,london,2019
AUDUSD,1,2019-12-09 18:00:00,2019-12-09 23:00:00,0.68304,0.68219,0.68219,0.68474,0.9991,-8.5,-84.81,-84.81,5,stop_loss,19.46233,0.00057,-0.44035,2.25671,new_york,2019
AUDUSD,1,2019-12-11 21:00:00,2019-12-11 22:00:00,0.68641,0.68839,0.68542,0.68839,0.8493,19.8,167.92,167.91,1,take_profit,40.46101,0.00066,5.22668,1.09031,new_york,2019
AUDUSD,1,2019-12-13 05:00:00,2019-12-13 15:00:00,0.69218,0.69056,0.69056,0.69542,0.5283,-16.2,-85.64,-85.64,10,stop_loss,53.7544,0.00108,3.94685,3.4252,tokyo,2019
AUDUSD,-1,2019-12-17 09:00:00,2019-12-17 15:00:00,0.6864,0.68416,0.68752,0.68416,0.7559,22.4,169.58,169.57,6,take_profit,26.78374,0.00075,-2.21013,2.82203,london,2019
AUDUSD,-1,2019-12-18 03:00:00,2019-12-18 13:00:00,0.68494,0.68526,0.6861,0.68262,0.7461,-3.2,-23.88,-23.88,10,time_exit,27.11351,0.00077,-1.97255,0.88245,tokyo,2019
AUDUSD,-1,2019-12-19 06:00:00,2019-12-19 16:00:00,0.68768,0.68703,0.6888,0.68543,0.7676,6.5,49.89,49.89,10,time_exit,20.12692,0.00075,2.35797,0.2772,tokyo,2019
AUDUSD,-1,2019-12-19 21:00:00,2019-12-20 04:00:00,0.68867,0.68984,0.68984,0.68633,0.7422,-11.7,-86.74,-86.74,7,stop_loss,28.46522,0.00078,2.50667,0.94544,new_york,2019
AUDUSD,1,2019-12-20 09:00:00,2019-12-20 18:00:00,0.68864,0.69067,0.68763,0.69067,0.8467,20.3,171.74,171.74,9,take_profit,34.85289,0.00068,1.56091,1.87129,london,2019
AUDUSD,1,2019-12-20 20:00:00,2019-12-23 00:00:00,0.69011,0.68911,0.68911,0.69211,0.8743,-10.0,-87.59,-87.6,4,stop_loss,34.98751,0.00067,2.58318,2.54931,new_york,2019
AUDUSD,-1,2019-12-24 06:00:00,2019-12-24 16:00:00,0.69156,0.69192,0.69271,0.68926,0.7553,-3.6,-27.19,-27.19,10,time_exit,15.68118,0.00077,1.13547,3.49359,tokyo,2019
AUDUSD,1,2019-12-26 00:00:00,2019-12-26 10:00:00,0.6915,0.69283,0.69054,0.69343,0.8961,13.3,119.18,119.18,10,time_exit,12.14401,0.00064,1.63963,4.23501,tokyo,2019
AUDUSD,-1,2019-12-30 06:00:00,2019-12-30 16:00:00,0.69889,0.69964,0.70013,0.6964,0.704,-7.5,-52.8,-52.8,10,time_exit,47.47854,0.00083,3.62893,5.31329,tokyo,2019
AUDUSD,-1,2019-12-31 03:00:00,2019-12-31 13:00:00,0.70027,0.7013,0.7013,0.69821,0.8459,-10.3,-87.1,-87.11,10,stop_loss,25.84507,0.00069,3.30262,7.28558,tokyo,2019
AUDUSD,-1,2019-12-31 18:00:00,2020-01-02 00:00:00,0.70277,0.70089,0.70371,0.70089,0.9192,18.8,172.46,172.46,3,take_profit,32.79821,0.00063,5.29656,8.53304,new_york,2019
AUDUSD,-1,2020-01-02 03:00:00,2020-01-02 12:00:00,0.70142,0.6992,0.70253,0.6992,0.7914,22.2,175.92,175.92,9,take_profit,30.10268,0.00074,1.98393,7.26405,tokyo,2020
AUDUSD,1,2020-01-03 05:00:00,2020-01-03 09:00:00,0.69682,0.69548,0.69548,0.6995,0.6689,-13.4,-89.72,-89.72,4,stop_loss,26.96104,0.00089,-2.78101,4.10305,tokyo,2020
AUDUSD,-1,2020-01-07 11:00:00,2020-01-07 13:00:00,0.69059,0.68749,0.69214,0.68749,0.5725,31.0,177.66,177.65,2,take_profit,33.14534,0.00103,-3.47439,-0.75455,london,2020
AUDUSD,-1,2020-01-09 05:00:00,2020-01-09 15:00:00,0.68743,0.68646,0.68889,0.68452,0.622,9.7,60.33,60.33,10,time_exit,16.97688,0.00097,-0.90278,-4.03158,tokyo,2020
AUDUSD,-1,2020-01-09 20:00:00,2020-01-10 02:00:00,0.6852,0.68649,0.68649,0.68262,0.7076,-12.9,-91.21,-91.21,6,stop_loss,21.34878,0.00086,-2.55561,-4.6676,new_york,2020
AUDUSD,1,2020-01-10 05:00:00,2020-01-10 13:00:00,0.68629,0.68876,0.68505,0.68876,0.7298,24.7,180.59,180.58,8,take_profit,21.44427,0.00082,-0.66598,-4.91654,tokyo,2020
AUDUSD,1,2020-01-10 20:00:00,2020-01-13 06:00:00,0.69056,0.69133,0.68903,0.69362,0.6019,7.7,46.35,46.34,10,time_exit,37.19386,0.00102,2.9289,-2.90726,new_york,2020
AUDUSD,1,2020-01-13 06:00:00,2020-01-13 12:00:00,0.69166,0.69038,0.69038,0.69422,0.7222,-12.8,-92.56,-92.56,6,stop_loss,45.17604,0.00085,3.58384,-2.29137,tokyo,2020
AUDUSD,-1,2020-01-14 02:00:00,2020-01-14 10:00:00,0.68974,0.69082,0.69082,0.68759,0.8505,-10.8,-91.63,-91.63,8,stop_loss,20.46567,0.00072,0.05602,-1.21603,tokyo,2020
AUDUSD,1,2020-01-14 18:00:00,2020-01-15 04:00:00,0.69004,0.68959,0.68864,0.69284,0.6478,-4.5,-29.15,-29.15,10,time_exit,10.82039,0.00093,0.20042,-0.68149,new_york,2020
AUDUSD,-1,2020-01-16 14:00:00,2020-01-16 17:00:00,0.6926,0.69039,0.6937,0.69039,0.8185,22.1,180.86,180.85,3,take_profit,14.31811,0.00074,2.94319,0.00174,london,2020
AUDUSD,1,2020-01-21 02:00:00,2020-01-21 03:00:00,0.68756,0.68668,0.68668,0.68931,1.0537,-8.8,-92.24,-92.24,1,stop_loss,31.44362,0.00058,-0.7992,-2.49538,tokyo,2020
AUDUSD,1,2020-01-22 00:00:00,2020-01-22 03:00:00,0.68443,0.68333,0.68333,0.68663,0.8288,-11.0,-91.32,-91.32,3,stop_loss,27.23729,0.00073,-2.91491,-2.88608,tokyo,2020
AUDUSD,1,2020-01-23 01:00:00,2020-01-23 02:00:00,0.68418,0.68617,0.68319,0.68617,0.909,19.9,180.8,180.8,1,take_profit,19.57485,0.00066,-1.35664,-3.99861,tokyo,2020
AUDUSD,-1,2020-01-23 11:00:00,2020-01-23 18:00:00,0.68694,0.68438,0.68822,0.68438,0.7206,25.6,184.43,184.42,7,take_profit,27.25708,0.00085,1.56878,-2.37377,london,2020
AUDUSD,-1,2020-01-24 16:00:00,2020-01-24 17:00:00,0.68449,0.68203,0.68572,0.68203,0.7661,24.6,188.11,188.11,1,take_profit,12.57653,0.00082,-0.64768,-2.33929,new_york,2020
AUDUSD,1,2020-01-24 18:00:00,2020-01-27 00:00:00,0.68276,0.68137,0.68137,0.68555,0.6883,-13.9,-95.93,-95.94,6,stop_loss,13.18275,0.00093,-2.31567,-2.1146,new_york,2020
AUDUSD,1,2020-01-27 09:00:00,2020-01-27 11:00:00,0.67982,0.6785,0.6785,0.68247,0.7171,-13.2,-94.97,-94.97,2,stop_loss,36.22197,0.00088,-3.87874,-3.23653,london,2020
AUDUSD,1,2020-01-29 08:00:00,2020-01-29 09:00:00,0.67706,0.67582,0.67582,0.67954,0.759,-12.4,-94.03,-94.03,1,stop_loss,33.44582,0.00083,-0.08814,-6.27835,tokyo,2020
AUDUSD,-1,2020-01-29 14:00:00,2020-01-29 21:00:00,0.67492,0.67612,0.67612,0.67251,0.7732,-12.0,-93.08,-93.08,7,stop_loss,30.45809,0.0008,-2.37288,-6.38481,london,2020
AUDUSD,-1,2020-01-31 04:00:00,2020-01-31 12:00:00,0.67146,0.66831,0.67304,0.66831,0.5845,31.5,184.31,184.3,8,take_profit,30.33208,0.00105,-1.92684,-5.34622,tokyo,2020
AUDUSD,-1,2020-02-05 04:00:00,2020-02-05 10:00:00,0.67436,0.6758,0.6758,0.67147,0.6506,-14.4,-93.99,-94.0,6,stop_loss,40.66199,0.00096,2.74702,-3.26733,tokyo,2020
AUDUSD,-1,2020-02-07 07:00:00,2020-02-07 11:00:00,0.67168,0.66917,0.67293,0.66917,0.7422,25.1,186.12,186.12,4,take_profit,29.15966,0.00084,-2.28793,-1.24322,tokyo,2020
AUDUSD,1,2020-02-10 03:00:00,2020-02-10 13:00:00,0.66794,0.66912,0.6665,0.67081,0.6612,11.8,78.02,78.02,10,time_exit,44.23038,0.00096,-2.80459,-3.00242,tokyo,2020
AUDUSD,1,2020-02-10 23:00:00,2020-02-11 03:00:00,0.66811,0.67068,0.66682,0.67068,0.7439,25.7,191.39,191.39,4,take_profit,17.94323,0.00086,-1.71232,-3.59092,,2020
AUDUSD,-1,2020-02-12 10:00:00,2020-02-12 11:00:00,0.67309,0.67428,0.67428,0.6707,0.8174,-11.9,-97.61,-97.61,1,stop_loss,32.38425,0.0008,2.42006,-1.40726,london,2020
AUDUSD,1,2020-02-12 17:00:00,2020-02-13 01:00:00,0.67406,0.67285,0.67285,0.67647,0.8018,-12.1,-96.63,-96.63,8,stop_loss,41.07744,0.0008,2.66166,-0.60893,new_york,2020
AUDUSD,-1,2020-02-13 06:00:00,2020-02-13 10:00:00,0.67204,0.6734,0.6734,0.66932,0.7045,-13.6,-95.67,-95.67,4,stop_loss,30.33126,0.00091,-0.38176,-0.13701,tokyo,2020
AUDUSD,-1,2020-02-14 08:00:00,2020-02-14 18:00:00,0.67198,0.67186,0.67314,0.66966,0.8149,1.2,9.78,9.78,10,time_exit,12.79749,0.00077,-0.51612,-0.14072,tokyo,2020
AUDUSD,1,2020-02-14 22:00:00,2020-02-17 07:00:00,0.67105,0.67322,0.66996,0.67322,0.8719,21.7,189.61,189.61,9,take_profit,9.93183,0.00072,-1.4445,-0.41016,,2020
AUDUSD,-1,2020-02-18 16:00:00,2020-02-18 17:00:00,0.66818,0.66924,0.66924,0.66605,0.9087,-10.6,-96.71,-96.71,1,stop_loss,37.79581,0.00071,-3.23707,-1.87829,new_york,2020
AUDUSD,-1,2020-02-19 08:00:00,2020-02-19 11:00:00,0.6694,0.67046,0.67046,0.66727,0.8989,-10.6,-95.73,-95.73,3,stop_loss,17.49013,0.00071,-0.60172,-2.21502,tokyo,2020
AUDUSD,1,2020-02-20 00:00:00,2020-02-20 03:00:00,0.6676,0.66656,0.66656,0.66968,0.9106,-10.4,-94.78,-94.78,3,stop_loss,21.81099,0.00069,-1.82601,-2.71222,tokyo,2020
AUDUSD,1,2020-02-20 07:00:00,2020-02-20 10:00:00,0.66486,0.66317,0.66317,0.66825,0.5538,-16.9,-93.83,-93.83,3,stop_loss,24.65712,0.00113,-2.97899,-2.09809,tokyo,2020
AUDUSD,-1,2020-02-20 12:00:00,2020-02-20 22:00:00,0.66356,0.66176,0.66526,0.66016,0.546,18.0,98.28,98.28,10,time_exit,26.33608,0.00113,-3.45283,-2.47089,london,2020
AUDUSD,1,2020-02-21 18:00:00,2020-02-24 00:00:00,0.66316,0.66145,0.66145,0.66657,0.5506,-17.1,-93.88,-93.89,6,stop_loss,31.62891,0.00114,0.22809,-4.39464,new_york,2020
AUDUSD,-1,2020-02-24 05:00:00,2020-02-24 15:00:00,0.66033,0.65957,0.66218,0.65662,0.5014,7.6,38.11,38.1,10,time_exit,28.14405,0.00124,-1.71838,-3.87998,tokyo,2020
AUDUSD,-1,2020-02-25 09:00:00,2020-02-25 15:00:00,0.66189,0.65877,0.66345,0.65877,0.5978,31.2,186.64,186.64,6,take_profit,14.58825,0.00104,0.51738,-4.13158,london,2020
AUDUSD,-1,2020-02-27 10:00:00,2020-02-27 11:00:00,0.65628,0.65771,0.65771,0.65343,0.6674,-14.3,-95.19,-95.19,1,stop_loss,26.25039,0.00095,-1.19042,-5.34953,london,2020
AUDUSD,-1,2020-02-27 17:00:00,2020-02-28 03:00:00,0.65786,0.65595,0.65933,0.65492,0.642,19.1,122.62,122.62,10,time_exit,23.96892,0.00098,0.42036,-4.819,new_york,2020
AUDUSD,1,2020-02-28 05:00:00,2020-02-28 06:00:00,0.65504,0.65335,0.65335,0.65841,0.566,-16.9,-95.46,-95.46,1,stop_loss,22.3863,0.00112,-2.11704,-3.74489,tokyo,2020
AUDUSD,1,2020-03-02 03:00:00,2020-03-02 13:00:00,0.65037,0.6529,0.64663,0.65784,0.253,25.3,64.01,64.01,10,time_exit,34.76814,0.00249,-1.24235,-2.42381,tokyo,2020
AUDUSD,1,2020-03-02 20:00:00,2020-03-03 06:00:00,0.65333,0.65493,0.65017,0.65965,0.301,16.0,48.16,48.16,10,time_exit,16.57809,0.00211,-0.04543,-2.42703,new_york,2020
AUDUSD,-1,2020-03-03 17:00:00,2020-03-03 18:00:00,0.65843,0.66094,0.66094,0.65341,0.3808,-25.1,-95.62,-95.63,1,stop_loss,21.56947,0.00167,2.43734,-2.0768,new_york,2020
AUDUSD,-1,2020-03-05 08:00:00,2020-03-05 16:00:00,0.66254,0.65912,0.66425,0.65912,0.5534,34.2,189.34,189.33,8,take_profit,27.42529,0.00114,2.32847,0.88805,tokyo,2020
AUDUSD,-1,2020-03-06 02:00:00,2020-03-06 10:00:00,0.66161,0.66335,0.66335,0.65814,0.5562,-17.4,-96.57,-96.57,8,stop_loss,21.98007,0.00116,1.00656,1.03196,tokyo,2020
AUDUSD,-1,2020-03-09 07:00:00,2020-03-09 11:00:00,0.65205,0.65884,0.65884,0.63847,0.1408,-67.9,-95.6,-95.61,4,stop_loss,29.30428,0.00453,-1.8587,0.17807,tokyo,2020
AUDUSD,-1,2020-03-11 00:00:00,2020-03-11 10:00:00,0.65042,0.65194,0.65437,0.64253,0.2399,-15.2,-36.46,-36.47,10,time_exit,29.22982,0.00263,-1.77992,-0.92486,tokyo,2020
AUDUSD,-1,2020-03-11 10:00:00,2020-03-11 15:00:00,0.65056,0.65381,0.65381,0.64407,0.2904,-32.5,-94.27,-94.27,5,stop_loss,24.01666,0.00216,-1.65437,-1.644,london,2020
AUDUSD,-1,2020-03-11 22:00:00,2020-03-12 08:00:00,0.64988,0.6461,0.65299,0.64366,0.3,37.8,113.4,113.4,10,time_exit,15.64609,0.00207,-1.65544,-1.81839,,2020
AUDUSD,-1,2020-03-16 03:00:00,2020-03-16 13:00:00,0.6178,0.61729,0.62702,0.59936,0.1024,5.1,5.22,5.22,10,time_exit,40.08298,0.00615,-2.11326,-2.55905,tokyo,2020
AUDUSD,-1,2020-03-17 09:00:00,2020-03-17 13:00:00,0.60949,0.59934,0.61456,0.59934,0.1863,101.5,189.05,189.05,4,take_profit,27.04842,0.00338,-2.61176,-5.80378,london,2020
AUDUSD,-1,2020-03-17 20:00:00,2020-03-18 00:00:00,0.59657,0.60202,0.60202,0.58567,0.1769,-54.5,-96.43,-96.43,4,stop_loss,38.60128,0.00363,-4.3292,-6.02178,new_york,2020
AUDUSD,-1,2020-03-18 10:00:00,2020-03-18 15:00:00,0.59909,0.59103,0.60312,0.59103,0.2369,80.6,190.86,190.86,5,take_profit,29.06382,0.00269,-2.98811,-8.42434,london,2020
AUDUSD,1,2020-03-19 11:00:00,2020-03-19 18:00:00,0.56693,0.58913,0.55583,0.58913,0.0877,222.0,194.7,194.7,7,take_profit,49.67681,0.0074,-2.66604,-4.24658,london,2020
AUDUSD,-1,2020-03-23 18:00:00,2020-03-24 03:00:00,0.58167,0.58927,0.58927,0.56646,0.1306,-76.0,-99.32,-99.32,9,stop_loss,22.14933,0.00507,0.26434,-4.27791,new_york,2020
AUDUSD,1,2020-03-24 07:00:00,2020-03-24 17:00:00,0.5923,0.59391,0.58618,0.60453,0.1607,16.1,25.87,25.87,10,time_exit,22.42715,0.00408,2.44015,-4.30986,tokyo,2020
AUDUSD,-1,2020-03-25 23:00:00,2020-03-26 04:00:00,0.59632,0.58738,0.60079,0.58738,0.2205,89.4,197.15,197.15,5,take_profit,15.96677,0.00298,0.64872,-1.49834,,2020
AUDUSD,-1,2020-03-30 23:00:00,2020-03-31 03:00:00,0.61698,0.60799,0.62148,0.60799,0.2236,89.9,201.04,201.04,4,take_profit,21.36315,0.003,1.98391,2.40497,,2020
AUDUSD,1,2020-04-01 19:00:00,2020-04-02 05:00:00,0.6106,0.60708,0.60529,0.62123,0.193,-35.2,-67.94,-67.94,10,time_exit,27.4641,0.00354,-0.16476,1.22472,new_york,2020
AUDUSD,-1,2020-04-02 10:00:00,2020-04-02 16:00:00,0.60992,0.60251,0.61362,0.60251,0.2751,74.1,203.71,203.71,6,take_profit,15.71002,0.00247,0.04927,1.13694,london,2020
AUDUSD,-1,2020-04-03 20:00:00,2020-04-06 03:00:00,0.59988,0.60331,0.60331,0.59302,0.3029,-34.3,-103.89,-103.9,7,stop_loss,24.00548,0.00229,-2.35482,-0.4414,new_york,2020
AUDUSD,-1,2020-04-06 10:00:00,2020-04-06 11:00:00,0.60276,0.60596,0.60596,0.59636,0.3217,-32.0,-102.88,-102.88,1,stop_loss,22.29525,0.00213,-0.34856,-0.97091,london,2020
AUDUSD,1,2020-04-06 21:00:00,2020-04-07 07:00:00,0.60968,0.61468,0.60653,0.61598,0.3231,50.0,161.55,161.55,10,time_exit,38.32103,0.0021,2.16769,-0.32728,new_york,2020
AUDUSD,1,2020-04-07 18:00:00,2020-04-08 03:00:00,0.61785,0.61437,0.61437,0.62481,0.2973,-34.8,-103.46,-103.46,9,stop_loss,59.68739,0.00232,3.09156,1.42206,new_york,2020
AUDUSD,1,2020-04-09 01:00:00,2020-04-09 09:00:00,0.6233,0.62049,0.62049,0.62891,0.3649,-28.1,-102.41,-102.41,8,stop_loss,37.53735,0.00187,3.72382,3.25593,tokyo,2020
AUDUSD,1,2020-04-09 16:00:00,2020-04-09 20:00:00,0.62758,0.63412,0.62431,0.63412,0.3103,65.4,202.8,202.8,4,take_profit,29.37186,0.00218,3.713,3.40976,new_york,2020
AUDUSD,1,2020-04-10 11:00:00,2020-04-10 13:00:00,0.63644,0.63382,0.63382,0.64168,0.3947,-26.2,-103.42,-103.42,2,stop_loss,45.36738,0.00175,5.45443,6.41069,london,2020
AUDUSD,1,2020-04-13 09:00:00,2020-04-13 15:00:00,0.63354,0.63685,0.63189,0.63685,0.6187,33.1,204.79,204.79,6,take_profit,20.1833,0.0011,2.14409,10.69017,london,2020
AUDUSD,-1,2020-04-14 01:00:00,2020-04-14 02:00:00,0.63814,0.64032,0.64032,0.63379,0.48,-21.8,-104.44,-104.44,1,stop_loss,28.78411,0.00145,2.80145,8.32754,tokyo,2020
AUDUSD,1,2020-04-15 02:00:00,2020-04-15 05:00:00,0.64369,0.64131,0.64131,0.64844,0.435,-23.8,-103.4,-103.41,3,stop_loss,28.27795,0.00158,2.95089,7.99333,tokyo,2020
AUDUSD,-1,2020-04-16 09:00:00,2020-04-16 15:00:00,0.62861,0.63168,0.63168,0.62247,0.3333,-30.7,-102.35,-102.35,6,stop_loss,43.68947,0.00205,-2.72182,2.9332,london,2020
AUDUSD,1,2020-04-17 00:00:00,2020-04-17 10:00:00,0.63259,0.63206,0.62938,0.63901,0.3158,-5.3,-16.74,-16.74,10,time_exit,24.24908,0.00214,-0.05475,1.88515,tokyo,2020
AUDUSD,1,2020-04-21 05:00:00,2020-04-21 13:00:00,0.63009,0.62737,0.62737,0.63553,0.3717,-27.2,-101.17,-101.17,8,stop_loss,16.47789,0.00181,-2.65341,1.9622,tokyo,2020
AUDUSD,-1,2020-04-21 18:00:00,2020-04-22 04:00:00,0.62925,0.62926,0.6327,0.62235,0.2905,-0.1,-0.29,-0.29,10,time_exit,26.08536,0.0023,-1.45175,0.64998,new_york,2020
AUDUSD,1,2020-04-22 17:00:00,2020-04-23 03:00:00,0.63163,0.62861,0.62861,0.63767,0.3316,-30.2,-100.16,-100.16,10,stop_loss,27.61619,0.00201,-0.09395,0.35379,new_york,2020
AUDUSD,1,2020-04-23 13:00:00,2020-04-23 17:00:00,0.6346,0.6398,0.632,0.6398,0.3814,52.0,198.29,198.29,4,take_profit,21.32273,0.00173,1.51948,0.43437,london,2020
AUDUSD,-1,2020-04-23 23:00:00,2020-04-24 09:00:00,0.63779,0.6351,0.64064,0.63208,0.3543,26.9,95.31,95.3,10,time_exit,33.36132,0.0019,2.0328,1.05493,,2020
AUDUSD,-1,2020-04-27 12:00:00,2020-04-27 22:00:00,0.64562,0.64631,0.64792,0.64102,0.4441,-6.9,-30.64,-30.65,10,time_exit,38.70358,0.00153,4.50469,3.03347,london,2020
AUDUSD,1,2020-04-28 01:00:00,2020-04-28 02:00:00,0.64643,0.64459,0.64459,0.65012,0.5523,-18.4,-101.77,-101.78,1,stop_loss,36.34897,0.00123,3.82582,5.02252,tokyo,2020
AUDUSD,1,2020-04-28 09:00:00,2020-04-28 12:00:00,0.64563,0.64961,0.64364,0.64961,0.5059,39.8,201.54,201.54,3,take_profit,24.44635,0.00133,2.29619,4.74907,london,2020
AUDUSD,-1,2020-04-28 18:00:00,2020-04-29 03:00:00,0.64889,0.65127,0.65127,0.64413,0.4323,-23.8,-102.78,-102.78,9,stop_loss,34.95263,0.00159,2.77247,4.50347,new_york,2020
AUDUSD,-1,2020-04-29 18:00:00,2020-04-29 23:00:00,0.65351,0.65565,0.65565,0.64923,0.4754,-21.4,-101.75,-101.75,5,stop_loss,39.30862,0.00143,3.13725,6.04512,new_york,2020
AUDUSD,-1,2020-05-01 12:00:00,2020-05-01 22:00:00,0.64556,0.64205,0.64825,0.64019,0.3749,35.1,131.59,131.59,10,time_exit,33.01003,0.00179,-2.59147,3.32456,london,2020
AUDUSD,1,2020-05-04 18:00:00,2020-05-05 04:00:00,0.64127,0.64448,0.63837,0.64707,0.3517,32.1,112.9,112.89,10,time_exit,33.54354,0.00193,-1.23597,0.1197,new_york,2020
AUDUSD,-1,2020-05-05 17:00:00,2020-05-06 03:00:00,0.64644,0.64221,0.64898,0.64136,0.4064,42.3,171.91,171.91,10,time_exit,21.18068,0.00169,1.56599,0.20253,new_york,2020
AUDUSD,1,2020-05-08 10:00:00,2020-05-08 20:00:00,0.65198,0.65304,0.64964,0.65666,0.4488,10.6,47.57,47.57,10,time_exit,44.96607,0.00156,3.08233,1.68591,london,2020
AUDUSD,-1,2020-05-11 04:00:00,2020-05-11 05:00:00,0.65351,0.65552,0.65552,0.64948,0.5233,-20.1,-105.37,-105.37,1,stop_loss,31.2004,0.00134,2.5554,3.10561,tokyo,2020
AUDUSD,1,2020-05-13 04:00:00,2020-05-13 14:00:00,0.64738,0.6516,0.64471,0.65271,0.3914,42.2,165.17,165.17,10,time_exit,23.04397,0.00178,-0.92546,1.03943,tokyo,2020
AUDUSD,1,2020-05-14 14:00:00,2020-05-15 00:00:00,0.64234,0.6463,0.63953,0.64797,0.3766,39.6,149.13,149.13,10,time_exit,32.30231,0.00188,-2.05839,-0.29008,london,2020
AUDUSD,1,2020-05-15 11:00:00,2020-05-15 13:00:00,0.64691,0.64447,0.64447,0.6518,0.4399,-24.4,-107.46,-107.46,2,stop_loss,20.58009,0.00163,0.89497,-0.53903,london,2020
AUDUSD,1,2020-05-20 05:00:00,2020-05-20 10:00:00,0.65557,0.65319,0.65319,0.66033,0.4468,-23.8,-106.38,-106.38,5,stop_loss,32.4251,0.00159,2.34562,2.34629,tokyo,2020
AUDUSD,1,2020-05-20 13:00:00,2020-05-20 23:00:00,0.65673,0.65991,0.65425,0.66169,0.4251,31.8,135.18,135.18,10,time_exit,23.19013,0.00165,2.49879,2.40638,london,2020
AUDUSD,1,2020-05-22 19:00:00,2020-05-25 05:00:00,0.65266,0.653,0.65046,0.65705,0.4857,3.4,16.51,16.51,10,time_exit,23.94354,0.00146,-1.40502,2.07105,new_york,2020
AUDUSD,-1,2020-05-27 02:00:00,2020-05-27 12:00:00,0.66481,0.66698,0.66698,0.66048,0.493,-21.7,-106.83,-106.84,10,stop_loss,57.2645,0.00144,3.77807,3.49832,tokyo,2020
AUDUSD,1,2020-05-27 19:00:00,2020-05-28 05:00:00,0.65897,0.66225,0.65595,0.66502,0.3498,32.8,114.73,114.73,10,time_exit,40.84573,0.00202,-1.14863,2.73873,new_york,2020
AUDUSD,-1,2020-05-28 06:00:00,2020-05-28 16:00:00,0.66227,0.66476,0.66476,0.65728,0.4286,-24.9,-106.91,-106.92,10,stop_loss,24.0817,0.00166,0.50443,3.04111,tokyo,2020
AUDUSD,-1,2020-05-29 00:00:00,2020-05-29 08:00:00,0.66356,0.66615,0.66615,0.65838,0.409,-25.9,-105.84,-105.85,8,stop_loss,18.4634,0.00173,0.70017,2.88014,tokyo,2020
AUDUSD,1,2020-05-29 09:00:00,2020-05-29 16:00:00,0.66577,0.66335,0.66335,0.6706,0.4338,-24.2,-104.79,-104.79,7,stop_loss,14.70708,0.00161,1.78917,3.01827,london,2020
AUDUSD,-1,2020-06-01 00:00:00,2020-06-01 03:00:00,0.66574,0.66851,0.66851,0.66019,0.3739,-27.7,-103.74,-103.74,3,stop_loss,15.04236,0.00185,1.45129,2.66407,tokyo,2020
AUDUSD,1,2020-06-01 10:00:00,2020-06-01 16:00:00,0.67493,0.67183,0.67183,0.68113,0.3316,-31.0,-102.71,-102.72,6,stop_loss,29.17114,0.00207,4.17989,2.97149,london,2020
AUDUSD,1,2020-06-02 02:00:00,2020-06-02 12:00:00,0.67927,0.68491,0.67645,0.68491,0.3608,56.4,203.36,203.36,10,take_profit,41.61513,0.00188,4.14219,4.71056,tokyo,2020
AUDUSD,-1,2020-06-02 14:00:00,2020-06-02 17:00:00,0.68587,0.68891,0.68891,0.67979,0.3411,-30.4,-103.71,-103.72,3,stop_loss,46.27114,0.00203,5.2998,5.15308,london,2020
AUDUSD,-1,2020-06-03 10:00:00,2020-06-03 13:00:00,0.69329,0.68743,0.69622,0.68743,0.3504,58.6,205.35,205.35,3,take_profit,63.44576,0.00195,4.84917,7.40554,london,2020
AUDUSD,-1,2020-06-04 15:00:00,2020-06-04 17:00:00,0.69233,0.69525,0.69525,0.6865,0.3592,-29.2,-104.72,-104.72,2,stop_loss,18.3246,0.00194,1.92953,7.11177,london,2020
AUDUSD,1,2020-06-09 16:00:00,2020-06-10 02:00:00,0.69342,0.69394,0.69003,0.70021,0.3054,5.2,15.88,15.88,10,time_exit,26.16472,0.00226,-1.60191,4.66607,new_york,2020
AUDUSD,1,2020-06-11 06:00:00,2020-06-11 07:00:00,0.69738,0.69396,0.69396,0.70421,0.304,-34.2,-103.83,-103.83,1,stop_loss,29.92412,0.00228,-0.37454,3.53041,tokyo,2020
AUDUSD,-1,2020-06-11 07:00:00,2020-06-11 17:00:00,0.69329,0.69033,0.69694,0.686,0.2819,29.6,83.44,83.44,10,time_exit,28.73982,0.00243,-1.95314,3.21368,tokyo,2020
AUDUSD,1,2020-06-12 10:00:00,2020-06-12 20:00:00,0.68569,0.68208,0.68208,0.6929,0.2875,-36.1,-103.65,-103.66,10,stop_loss,33.69518,0.0024,-2.01285,0.39943,london,2020
AUDUSD,1,2020-06-15 02:00:00,2020-06-15 08:00:00,0.68345,0.67927,0.67927,0.69181,0.2456,-41.8,-102.6,-102.61,6,stop_loss,20.79658,0.00279,-1.75642,-0.26379,tokyo,2020
AUDUSD,-1,2020-06-17 20:00:00,2020-06-18 06:00:00,0.6904,0.68727,0.6942,0.6828,0.2673,31.3,83.66,83.66,10,time_exit,15.2252,0.00253,0.47816,0.10486,new_york,2020
AUDUSD,1,2020-06-19 14:00:00,2020-06-19 19:00:00,0.68698,0.68459,0.68459,0.69177,0.4277,-23.9,-102.42,-102.42,5,stop_loss,11.66027,0.0016,0.08733,-0.78372,london,2020
AUDUSD,-1,2020-06-19 22:00:00,2020-06-22 08:00:00,0.68488,0.68607,0.68777,0.6791,0.3505,-11.9,-41.71,-41.71,10,time_exit,15.51459,0.00193,-0.9774,-0.63571,,2020
AUDUSD,1,2020-06-23 08:00:00,2020-06-23 15:00:00,0.69082,0.6963,0.68808,0.6963,0.3687,54.8,201.94,201.94,7,take_profit,23.18938,0.00183,1.15412,0.31362,tokyo,2020
AUDUSD,1,2020-06-23 18:00:00,2020-06-23 22:00:00,0.696,0.69296,0.69296,0.70208,0.3389,-30.4,-103.0,-103.0,4,stop_loss,20.46154,0.00203,2.75352,0.84554,new_york,2020
AUDUSD,1,2020-06-23 23:00:00,2020-06-24 09:00:00,0.69272,0.69382,0.69007,0.69803,0.3842,11.0,42.26,42.26,10,time_exit,18.6275,0.00177,0.95482,1.18844,,2020
AUDUSD,-1,2020-06-25 09:00:00,2020-06-25 19:00:00,0.68707,0.6876,0.68935,0.68251,0.4494,-5.3,-23.82,-23.82,10,time_exit,38.76725,0.00152,-1.60101,0.21077,london,2020
AUDUSD,1,2020-06-25 19:00:00,2020-06-26 05:00:00,0.68662,0.68828,0.68399,0.69188,0.3881,16.6,64.42,64.42,10,time_exit,30.32085,0.00175,-1.159,-0.17944,new_york,2020
AUDUSD,1,2020-06-26 06:00:00,2020-06-26 16:00:00,0.68829,0.6861,0.6861,0.69267,0.469,-21.9,-102.8,-102.8,10,stop_loss,20.38881,0.00146,-0.15448,-0.26297,tokyo,2020
AUDUSD,-1,2020-06-29 20:00:00,2020-06-30 01:00:00,0.6853,0.68737,0.68737,0.68116,0.4922,-20.7,-101.77,-101.77,5,stop_loss,19.53444,0.00138,-1.41428,-0.77025,new_york,2020
AUDUSD,1,2020-06-30 04:00:00,2020-06-30 10:00:00,0.6863,0.68449,0.68449,0.68991,0.5579,-18.1,-100.75,-100.75,6,stop_loss,15.68863,0.0012,-0.62809,-0.93382,tokyo,2020
AUDUSD,-1,2020-06-30 17:00:00,2020-06-30 18:00:00,0.68684,0.68892,0.68892,0.68267,0.4784,-20.8,-99.74,-99.74,1,stop_loss,19.96848,0.00139,0.08042,-0.89795,new_york,2020
AUDUSD,1,2020-07-01 07:00:00,2020-07-01 14:00:00,0.6898,0.68788,0.68788,0.69364,0.5138,-19.2,-98.73,-98.73,7,stop_loss,27.96951,0.00128,1.27907,-0.06771,tokyo,2020
AUDUSD,-1,2020-07-03 15:00:00,2020-07-06 01:00:00,0.6936,0.69438,0.69521,0.69037,0.6055,-7.8,-47.23,-47.23,10,time_exit,15.30934,0.00108,1.46898,2.00313,london,2020
AUDUSD,-1,2020-07-06 07:00:00,2020-07-06 09:00:00,0.69645,0.69796,0.69796,0.69343,0.6438,-15.1,-97.28,-97.28,2,stop_loss,17.91289,0.00101,3.19978,2.66833,tokyo,2020
AUDUSD,1,2020-07-06 14:00:00,2020-07-06 16:00:00,0.69543,0.69871,0.69379,0.69871,0.5873,32.8,192.6,192.6,2,take_profit,26.5187,0.00109,1.25964,2.83146,london,2020
AUDUSD,1,2020-07-09 08:00:00,2020-07-09 13:00:00,0.69907,0.69738,0.69738,0.70246,0.5797,-16.9,-98.23,-98.23,5,stop_loss,21.89677,0.00113,2.46115,2.50311,tokyo,2020
AUDUSD,1,2020-07-10 16:00:00,2020-07-13 02:00:00,0.69516,0.69495,0.69336,0.69876,0.5401,-2.1,-11.34,-11.34,10,time_exit,25.8456,0.0012,-0.49223,1.33417,new_york,2020
AUDUSD,1,2020-07-14 12:00:00,2020-07-14 22:00:00,0.69442,0.69711,0.6925,0.69825,0.5066,26.9,136.28,136.27,10,time_exit,21.46288,0.00128,-0.79808,0.59806,london,2020
AUDUSD,1,2020-07-16 03:00:00,2020-07-16 04:00:00,0.70081,0.69912,0.69912,0.70418,0.5841,-16.9,-98.5,-98.5,1,stop_loss,26.7516,0.00112,1.73952,2.40445,tokyo,2020
AUDUSD,1,2020-07-17 01:00:00,2020-07-17 11:00:00,0.69679,0.69924,0.69484,0.70069,0.4997,24.5,122.43,122.42,10,time_exit,17.76218,0.0013,-1.38174,1.51316,tokyo,2020
AUDUSD,1,2020-07-20 13:00:00,2020-07-20 23:00:00,0.69927,0.70174,0.69778,0.70224,0.6645,24.7,164.13,164.13,10,time_exit,11.38497,0.00099,0.46473,1.54756,london,2020
AUDUSD,-1,2020-07-21 06:00:00,2020-07-21 09:00:00,0.70267,0.70406,0.70406,0.69989,0.7211,-13.9,-100.37,-100.38,3,stop_loss,21.63735,0.00093,2.8252,2.33631,tokyo,2020
AUDUSD,1,2020-07-21 14:00:00,2020-07-21 18:00:00,0.70767,0.7113,0.70586,0.7113,0.5476,36.3,198.74,198.73,4,take_profit,32.24449,0.00121,5.21984,2.43362,london,2020
AUDUSD,-1,2020-07-22 19:00:00,2020-07-23 05:00:00,0.7147,0.71361,0.71731,0.70947,0.3878,10.9,42.27,42.27,10,time_exit,41.08818,0.00174,2.74643,4.4293,new_york,2020
AUDUSD,1,2020-07-27 03:00:00,2020-07-27 06:00:00,0.70965,0.71426,0.70734,0.71426,0.4413,46.1,203.56,203.55,3,take_profit,13.7588,0.00154,-0.38833,2.75978,tokyo,2020
AUDUSD,1,2020-07-28 13:00:00,2020-07-28 23:00:00,0.71407,0.71591,0.71164,0.71893,0.4274,18.4,78.64,78.64,10,time_exit,19.07272,0.00162,0.58226,2.97503,london,2020
AUDUSD,1,2020-07-30 06:00:00,2020-07-30 08:00:00,0.71798,0.71586,0.71586,0.72222,0.4929,-21.2,-104.61,-104.62,2,stop_loss,11.48242,0.00141,1.08909,3.69847,tokyo,2020
AUDUSD,-1,2020-07-30 10:00:00,2020-07-30 20:00:00,0.71447,0.71661,0.71661,0.71019,0.4844,-21.4,-103.55,-103.56,10,stop_loss,13.78528,0.00143,-1.37037,3.51328,london,2020
AUDUSD,-1,2020-07-31 23:00:00,2020-08-03 09:00:00,0.71455,0.71156,0.71707,0.70952,0.4073,29.9,121.78,121.78,10,time_exit,24.4459,0.00168,-1.67073,2.4083,,2020
AUDUSD,-1,2020-08-03 13:00:00,2020-08-03 23:00:00,0.71077,0.71233,0.71334,0.70564,0.4044,-15.6,-63.09,-63.09,10,time_exit,32.00823,0.00171,-2.77908,1.30234,london,2020
AUDUSD,1,2020-08-05 02:00:00,2020-08-05 10:00:00,0.71601,0.72021,0.71391,0.72021,0.4906,42.0,206.24,206.24,8,take_profit,14.93578,0.0014,1.34645,0.6239,tokyo,2020
AUDUSD,-1,2020-08-07 15:00:00,2020-08-07 17:00:00,0.72069,0.71651,0.72278,0.71651,0.5035,41.8,210.34,210.33,2,take_profit,16.02277,0.00139,0.15135,2.73785,london,2020
AUDUSD,-1,2020-08-07 22:00:00,2020-08-10 08:00:00,0.71498,0.7165,0.71733,0.71028,0.4565,-15.2,-69.39,-69.39,10,time_exit,22.02961,0.00157,-2.93603,1.84925,,2020
AUDUSD,1,2020-08-12 01:00:00,2020-08-12 05:00:00,0.71415,0.71219,0.71219,0.71807,0.5438,-19.6,-106.59,-106.59,4,stop_loss,21.07654,0.00131,-1.85711,0.07877,tokyo,2020
AUDUSD,-1,2020-08-12 08:00:00,2020-08-12 12:00:00,0.71143,0.7135,0.7135,0.7073,0.5109,-20.7,-105.52,-105.53,4,stop_loss,31.30324,0.00138,-3.09373,-0.38396,tokyo,2020
AUDUSD,-1,2020-08-12 20:00:00,2020-08-13 06:00:00,0.7171,0.7169,0.71945,0.71239,0.4439,2.0,8.88,8.88,10,time_exit,25.82495,0.00157,1.18576,-0.49688,new_york,2020
AUDUSD,-1,2020-08-14 00:00:00,2020-08-14 10:00:00,0.7148,0.71502,0.71675,0.71091,0.5375,-2.2,-11.82,-11.83,10,time_exit,14.90102,0.0013,-0.92632,-0.13853,tokyo,2020
AUDUSD,-1,2020-08-14 12:00:00,2020-08-14 16:00:00,0.7148,0.71649,0.71649,0.71141,0.6166,-16.9,-104.43,-104.43,4,stop_loss,13.90426,0.00113,-0.57498,-0.42092,london,2020
AUDUSD,-1,2020-08-17 02:00:00,2020-08-17 03:00:00,0.71764,0.71921,0.71921,0.71451,0.6603,-15.7,-103.39,-103.39,1,stop_loss,16.80053,0.00104,1.61501,-0.05239,tokyo,2020
AUDUSD,1,2020-08-17 04:00:00,2020-08-17 07:00:00,0.7196,0.71793,0.71793,0.72293,0.6141,-16.7,-102.35,-102.35,3,stop_loss,19.05691,0.00111,3.04908,0.13083,tokyo,2020
AUDUSD,1,2020-08-19 02:00:00,2020-08-19 12:00:00,0.72462,0.72665,0.72291,0.72803,0.5938,20.3,120.54,120.54,10,time_exit,28.6567,0.00114,2.65272,2.98503,tokyo,2020
AUDUSD,1,2020-08-21 14:00:00,2020-08-21 15:00:00,0.71831,0.71631,0.71631,0.7223,0.5139,-20.0,-102.55,-102.55,1,stop_loss,18.57189,0.00133,-0.92813,0.37647,london,2020
AUDUSD,-1,2020-08-25 03:00:00,2020-08-25 13:00:00,0.71692,0.71799,0.71848,0.7138,0.6509,-10.7,-69.65,-69.65,10,time_exit,16.79346,0.00104,-0.63341,-0.76482,tokyo,2020
AUDUSD,-1,2020-08-26 02:00:00,2020-08-26 11:00:00,0.71918,0.72076,0.72076,0.71602,0.638,-15.8,-100.81,-100.82,9,stop_loss,11.49606,0.00105,1.26816,-0.40629,tokyo,2020
AUDUSD,1,2020-08-28 15:00:00,2020-08-31 01:00:00,0.73439,0.73639,0.73215,0.73888,0.4446,20.0,88.92,88.92,10,time_exit,57.48203,0.0015,5.66433,3.06263,london,2020
AUDUSD,-1,2020-08-31 14:00:00,2020-08-31 17:00:00,0.7355,0.73758,0.73758,0.73133,0.4833,-20.8,-100.69,-100.69,3,stop_loss,48.56372,0.00139,2.72018,5.37826,london,2020
AUDUSD,-1,2020-08-31 18:00:00,2020-09-01 04:00:00,0.73948,0.73992,0.74184,0.73475,0.4217,-4.4,-18.55,-18.56,10,time_exit,47.19223,0.00158,4.40145,4.9416,new_york,2020
AUDUSD,-1,2020-09-02 12:00:00,2020-09-02 22:00:00,0.7342,0.73329,0.73624,0.73013,0.4884,9.1,44.44,44.44,10,time_exit,27.37492,0.00136,-1.50189,5.2198,london,2020
AUDUSD,1,2020-09-04 05:00:00,2020-09-04 15:00:00,0.72736,0.72672,0.7253,0.73148,0.4849,-6.4,-31.03,-31.04,10,time_exit,46.12565,0.00137,-2.45758,0.88838,tokyo,2020
AUDUSD,-1,2020-09-07 09:00:00,2020-09-07 19:00:00,0.72787,0.72815,0.72982,0.72397,0.5104,-2.8,-14.29,-14.29,10,time_exit,16.17642,0.0013,-0.74511,-0.19845,london,2020
AUDUSD,1,2020-09-08 01:00:00,2020-09-08 09:00:00,0.72756,0.73004,0.72632,0.73004,0.8031,24.8,198.98,198.98,8,take_profit,16.05267,0.00083,-1.02625,-0.62902,tokyo,2020
AUDUSD,1,2020-09-08 11:00:00,2020-09-08 12:00:00,0.72924,0.72788,0.72788,0.73195,0.7488,-13.6,-101.48,-101.48,1,stop_loss,17.78396,0.0009,0.96402,-0.54596,london,2020
AUDUSD,1,2020-09-08 20:00:00,2020-09-08 21:00:00,0.72403,0.72187,0.72187,0.72834,0.4657,-21.6,-100.46,-100.47,1,stop_loss,22.77537,0.00144,-2.16604,-0.92694,new_york,2020
AUDUSD,1,2020-09-08 22:00:00,2020-09-09 01:00:00,0.72159,0.71938,0.71938,0.72601,0.4496,-22.1,-99.47,-99.47,3,stop_loss,25.15616,0.00147,-3.53634,-1.05703,,2020
AUDUSD,1,2020-09-09 12:00:00,2020-09-09 16:00:00,0.72288,0.72711,0.72076,0.72711,0.4655,42.3,196.94,196.93,4,take_profit,30.61082,0.00141,-1.25811,-2.01483,london,2020
AUDUSD,1,2020-09-10 05:00:00,2020-09-10 15:00:00,0.72702,0.72924,0.72516,0.73074,0.5397,22.2,119.81,119.81,10,time_exit,27.58193,0.00124,1.01391,-1.30269,tokyo,2020
AUDUSD,1,2020-09-11 06:00:00,2020-09-11 16:00:00,0.72705,0.72887,0.72508,0.73099,0.5154,18.2,93.8,93.8,10,time_exit,15.05139,0.00131,0.27914,-0.51666,tokyo,2020
AUDUSD,-1,2020-09-11 17:00:00,2020-09-14 03:00:00,0.72887,0.72701,0.73068,0.72525,0.5665,18.6,105.37,105.37,10,time_exit,22.66047,0.00121,1.15182,-0.03253,new_york,2020
AUDUSD,1,2020-09-15 06:00:00,2020-09-15 16:00:00,0.73076,0.73236,0.7289,0.73448,0.5576,16.0,89.22,89.21,10,time_exit,13.32216,0.00124,1.99841,0.41444,tokyo,2020
AUDUSD,1,2020-09-16 00:00:00,2020-09-16 10:00:00,0.73015,0.73245,0.72832,0.73381,0.5718,23.0,131.51,131.51,10,time_exit,12.10584,0.00122,0.24759,1.22387,tokyo,2020
AUDUSD,-1,2020-09-17 13:00:00,2020-09-17 23:00:00,0.72995,0.73116,0.7327,0.72444,0.3843,-12.1,-46.5,-46.5,10,time_exit,22.5466,0.00184,0.02802,0.49623,london,2020
AUDUSD,-1,2020-09-18 14:00:00,2020-09-21 00:00:00,0.73087,0.72954,0.73284,0.72693,0.5355,13.3,71.22,71.22,10,time_exit,16.32098,0.00131,0.22175,0.90347,london,2020
AUDUSD,-1,2020-09-21 05:00:00,2020-09-21 08:00:00,0.73028,0.73229,0.73229,0.72626,0.5284,-20.1,-106.09,-106.09,3,stop_loss,12.35177,0.00134,-0.0258,0.62538,tokyo,2020
AUDUSD,-1,2020-09-21 11:00:00,2020-09-21 15:00:00,0.72858,0.72438,0.73068,0.72438,0.5001,42.0,210.05,210.05,4,take_profit,13.84316,0.0014,-1.35126,0.64833,london,2020
AUDUSD,1,2020-09-22 04:00:00,2020-09-22 09:00:00,0.72144,0.71917,0.71917,0.72598,0.4717,-22.7,-107.12,-107.12,5,stop_loss,40.16397,0.00151,-3.46234,-1.23051,tokyo,2020
AUDUSD,-1,2020-09-22 15:00:00,2020-09-22 19:00:00,0.72156,0.7163,0.72419,0.7163,0.4032,52.6,212.1,212.1,4,take_profit,41.88928,0.00175,-1.81517,-1.74208,london,2020
AUDUSD,-1,2020-09-22 20:00:00,2020-09-23 06:00:00,0.71569,0.71286,0.7187,0.70967,0.3596,28.3,101.77,101.76,10,time_exit,40.37851,0.00201,-3.92555,-1.87424,new_york,2020
AUDUSD,-1,2020-09-23 08:00:00,2020-09-23 18:00:00,0.71254,0.70944,0.71501,0.70761,0.4427,31.0,137.24,137.23,10,time_exit,42.82309,0.00164,-4.74227,-3.41779,tokyo,2020
AUDUSD,-1,2020-09-24 07:00:00,2020-09-24 17:00:00,0.70493,0.70237,0.70715,0.70048,0.497,25.6,127.23,127.23,10,time_exit,51.43249,0.00148,-5.68344,-6.18208,tokyo,2020
AUDUSD,1,2020-09-25 01:00:00,2020-09-25 11:00:00,0.70442,0.70694,0.70186,0.70953,0.4374,25.2,110.22,110.22,10,time_exit,35.16873,0.0017,-2.51359,-6.34039,tokyo,2020
AUDUSD,1,2020-09-29 01:00:00,2020-09-29 11:00:00,0.70719,0.71083,0.70534,0.71089,0.6104,36.4,222.19,222.18,10,time_exit,12.4617,0.00123,1.09572,-6.61627,tokyo,2020
AUDUSD,1,2020-09-30 09:00:00,2020-09-30 17:00:00,0.71063,0.71461,0.70864,0.71461,0.5793,39.8,230.33,230.32,8,take_profit,25.05518,0.00133,0.41057,-2.39212,london,2020
AUDUSD,-1,2020-10-01 07:00:00,2020-10-01 14:00:00,0.71773,0.71987,0.71987,0.71345,0.5487,-21.4,-117.47,-117.47,7,stop_loss,28.30881,0.00143,3.1814,-0.3177,tokyo,2020
AUDUSD,1,2020-10-02 21:00:00,2020-10-05 07:00:00,0.71526,0.71819,0.71277,0.72023,0.4676,29.3,137.01,137.0,10,time_exit,26.33938,0.00166,-0.32853,0.67303,new_york,2020
AUDUSD,-1,2020-10-06 09:00:00,2020-10-06 19:00:00,0.71722,0.7153,0.71906,0.71354,0.6387,19.2,122.63,122.63,10,time_exit,12.75,0.00123,-0.34566,1.57493,london,2020
AUDUSD,-1,2020-10-07 03:00:00,2020-10-07 09:00:00,0.71091,0.71316,0.71316,0.7064,0.5273,-22.5,-118.88,-118.89,6,stop_loss,24.87232,0.0015,-3.09058,0.09593,tokyo,2020
AUDUSD,-1,2020-10-07 14:00:00,2020-10-07 15:00:00,0.7124,0.71434,0.71434,0.70851,0.6057,-19.4,-117.7,-117.7,1,stop_loss,20.06637,0.0013,-1.61301,-0.48237,london,2020
AUDUSD,1,2020-10-08 05:00:00,2020-10-08 15:00:00,0.71392,0.71616,0.71227,0.71723,0.7047,22.4,157.85,157.85,10,time_exit,12.89892,0.0011,-0.23309,-0.67924,tokyo,2020
AUDUSD,1,2020-10-08 22:00:00,2020-10-09 08:00:00,0.7164,0.71782,0.71496,0.71928,0.8212,14.2,116.61,116.61,10,time_exit,18.96275,0.00096,1.4732,-0.06325,,2020
AUDUSD,1,2020-10-09 11:00:00,2020-10-09 15:00:00,0.7185,0.72107,0.71722,0.72107,0.929,25.7,238.52,238.52,4,take_profit,22.56113,0.00086,2.83103,0.82785,london,2020
AUDUSD,-1,2020-10-09 15:00:00,2020-10-09 16:00:00,0.71879,0.72007,0.72007,0.71624,0.9532,-12.8,-121.65,-121.66,1,stop_loss,25.65666,0.00085,2.70653,1.15414,london,2020
AUDUSD,-1,2020-10-13 01:00:00,2020-10-13 03:00:00,0.72075,0.71808,0.72209,0.71808,0.9018,26.7,240.87,240.87,2,take_profit,19.02331,0.00089,0.27318,3.47527,tokyo,2020
AUDUSD,-1,2020-10-14 14:00:00,2020-10-14 15:00:00,0.71646,0.718,0.718,0.71339,0.7999,-15.4,-122.84,-122.84,1,stop_loss,21.76425,0.00102,-1.36302,0.47951,london,2020
AUDUSD,1,2020-10-14 15:00:00,2020-10-14 19:00:00,0.71755,0.716,0.716,0.72065,0.785,-15.5,-121.61,-121.61,4,stop_loss,21.24597,0.00103,-0.28415,0.46194,london,2020
AUDUSD,1,2020-10-19 04:00:00,2020-10-19 06:00:00,0.71036,0.70872,0.70872,0.71363,0.7362,-16.4,-120.39,-120.39,2,stop_loss,16.49942,0.00109,0.45537,-3.81755,tokyo,2020
AUDUSD,-1,2020-10-19 16:00:00,2020-10-19 21:00:00,0.71033,0.70732,0.71184,0.70732,0.7912,30.1,238.37,238.37,5,take_profit,17.7503,0.001,0.43858,-3.6508,new_york,2020
AUDUSD,1,2020-10-21 05:00:00,2020-10-21 15:00:00,0.70667,0.71007,0.70497,0.71007,0.7151,34.0,243.14,243.14,10,take_profit,20.31199,0.00113,0.25754,-4.13624,tokyo,2020
AUDUSD,-1,2020-10-22 07:00:00,2020-10-22 09:00:00,0.70902,0.71087,0.71087,0.70531,0.6686,-18.5,-124.02,-124.02,2,stop_loss,26.2605,0.00124,0.11387,-1.58274,tokyo,2020
AUDUSD,-1,2020-10-22 22:00:00,2020-10-23 01:00:00,0.71131,0.71315,0.71315,0.70763,0.6667,-18.4,-122.78,-122.78,3,stop_loss,18.83628,0.00123,1.32273,-0.90446,,2020
AUDUSD,1,2020-10-23 18:00:00,2020-10-26 04:00:00,0.71034,0.712,0.70825,0.71451,0.5823,16.6,96.66,96.66,10,time_exit,19.74568,0.00139,-0.6704,0.11468,new_york,2020
AUDUSD,-1,2020-10-26 07:00:00,2020-10-26 12:00:00,0.71137,0.7134,0.7134,0.7073,0.6023,-20.3,-122.51,-122.51,5,stop_loss,13.57196,0.00136,-0.31286,0.3695,tokyo,2020
AUDUSD,1,2020-10-27 00:00:00,2020-10-27 10:00:00,0.7123,0.71269,0.71028,0.71634,0.6011,3.9,23.44,23.44,10,time_exit,12.62012,0.00135,0.23151,0.43067,tokyo,2020
AUDUSD,-1,2020-10-28 16:00:00,2020-10-29 02:00:00,0.70651,0.70548,0.70864,0.70224,0.5694,10.3,58.65,58.65,10,time_exit,21.99262,0.00142,-4.06015,0.32675,new_york,2020
AUDUSD,1,2020-10-29 16:00:00,2020-10-30 02:00:00,0.70244,0.70375,0.70025,0.70682,0.5572,13.1,72.99,72.99,10,time_exit,33.22095,0.00146,-3.73438,-1.73207,new_york,2020
AUDUSD,-1,2020-10-30 14:00:00,2020-10-30 15:00:00,0.70393,0.70612,0.70612,0.69955,0.561,-21.9,-122.82,-122.82,1,stop_loss,18.98851,0.00146,-0.86988,-2.60468,london,2020
AUDUSD,1,2020-11-02 05:00:00,2020-11-02 08:00:00,0.70178,0.69928,0.69928,0.70677,0.4872,-25.0,-121.6,-121.61,3,stop_loss,20.38311,0.00166,-1.34531,-2.47051,tokyo,2020
AUDUSD,-1,2020-11-03 01:00:00,2020-11-03 09:00:00,0.70494,0.70684,0.70684,0.70114,0.6329,-19.0,-120.39,-120.39,8,stop_loss,15.17617,0.00127,0.89882,-2.73561,tokyo,2020
AUDUSD,1,2020-11-05 14:00:00,2020-11-05 21:00:00,0.72146,0.7285,0.71794,0.7285,0.3386,70.4,238.39,238.38,7,take_profit,19.96997,0.00235,2.78542,1.9039,london,2020
AUDUSD,1,2020-11-06 20:00:00,2020-11-09 06:00:00,0.72707,0.7291,0.7239,0.7334,0.3841,20.3,77.97,77.97,10,time_exit,18.3033,0.00211,1.90441,3.99524,new_york,2020
AUDUSD,-1,2020-11-09 07:00:00,2020-11-09 13:00:00,0.7291,0.73151,0.73151,0.72427,0.5068,-24.1,-122.34,-122.34,6,stop_loss,15.29428,0.00161,2.72444,5.43016,tokyo,2020
AUDUSD,1,2020-11-09 18:00:00,2020-11-10 04:00:00,0.72971,0.72802,0.72586,0.73741,0.3147,-16.9,-53.18,-53.19,10,time_exit,18.65179,0.00257,1.2216,3.56465,new_york,2020
AUDUSD,1,2020-11-10 15:00:00,2020-11-11 01:00:00,0.72787,0.72815,0.72517,0.73327,0.447,2.8,12.52,12.51,10,time_exit,8.41671,0.0018,0.26729,4.42559,london,2020
AUDUSD,-1,2020-11-11 08:00:00,2020-11-11 17:00:00,0.73079,0.72623,0.73307,0.72623,0.5297,45.6,241.42,241.42,9,take_profit,14.70997,0.00152,1.81251,4.7357,tokyo,2020
AUDUSD,1,2020-11-12 11:00:00,2020-11-12 19:00:00,0.72621,0.72434,0.72434,0.72995,0.6576,-18.7,-123.13,-123.13,8,stop_loss,15.64749,0.00125,-1.21805,4.20405,london,2020
AUDUSD,-1,2020-11-12 23:00:00,2020-11-13 09:00:00,0.72302,0.72444,0.72531,0.71843,0.5317,-14.2,-75.5,-75.5,10,time_exit,20.87419,0.00153,-2.49502,2.62827,,2020
AUDUSD,1,2020-11-13 10:00:00,2020-11-13 20:00:00,0.72442,0.72641,0.72251,0.72825,0.6333,19.9,126.03,126.02,10,time_exit,24.55536,0.00128,-0.87478,2.11467,london,2020
AUDUSD,-1,2020-11-16 14:00:00,2020-11-16 17:00:00,0.72936,0.73121,0.73121,0.72566,0.6618,-18.5,-122.4,-122.4,3,stop_loss,30.46451,0.00123,1.8975,2.48572,london,2020
AUDUSD,-1,2020-11-18 07:00:00,2020-11-18 10:00:00,0.72943,0.73112,0.73112,0.72604,0.7155,-16.9,-121.19,-121.19,3,stop_loss,29.85904,0.00113,-0.3159,3.1337,tokyo,2020
AUDUSD,1,2020-11-19 01:00:00,2020-11-19 10:00:00,0.73007,0.72824,0.72824,0.73374,0.6542,-18.3,-119.97,-119.98,9,stop_loss,16.7591,0.00122,-0.37616,2.83234,tokyo,2020
AUDUSD,1,2020-11-19 22:00:00,2020-11-20 01:00:00,0.72912,0.7272,0.7272,0.73296,0.6188,-19.2,-118.77,-118.77,3,stop_loss,30.23908,0.00128,0.04904,1.4086,,2020
AUDUSD,1,2020-11-23 09:00:00,2020-11-23 17:00:00,0.73099,0.72954,0.72954,0.73389,0.8107,-14.5,-117.58,-117.58,8,stop_loss,16.75415,0.00097,0.81573,2.13419,london,2020
AUDUSD,-1,2020-11-24 03:00:00,2020-11-24 05:00:00,0.72976,0.73164,0.73164,0.72599,0.6184,-18.8,-116.42,-116.42,2,stop_loss,24.76341,0.00126,-0.27817,1.29423,tokyo,2020
AUDUSD,-1,2020-11-24 10:00:00,2020-11-24 11:00:00,0.73196,0.73373,0.73373,0.72842,0.652,-17.7,-115.25,-115.25,1,stop_loss,22.28067,0.00118,1.26596,1.50701,london,2020
AUDUSD,1,2020-11-24 14:00:00,2020-11-24 16:00:00,0.7341,0.73196,0.73196,0.73837,0.534,-21.4,-114.1,-114.1,2,stop_loss,27.94315,0.00142,2.06416,1.55398,london,2020
AUDUSD,1,2020-11-24 16:00:00,2020-11-25 02:00:00,0.73266,0.73708,0.73045,0.73708,0.5106,44.2,225.9,225.9,10,take_profit,26.41283,0.00147,0.90765,1.55254,new_york,2020
AUDUSD,-1,2020-11-26 14:00:00,2020-11-27 00:00:00,0.73649,0.73568,0.73802,0.73343,0.7538,8.1,61.06,61.06,10,time_exit,6.98159,0.00102,1.34645,3.58262,london,2020
AUDUSD,1,2020-11-27 20:00:00,2020-11-30 06:00:00,0.73914,0.73903,0.73762,0.74219,0.7599,-1.1,-8.36,-8.36,10,time_exit,18.92431,0.00102,2.43028,3.68846,new_york,2020
AUDUSD,1,2020-11-30 06:00:00,2020-11-30 11:00:00,0.73873,0.7371,0.7371,0.74199,0.7099,-16.3,-115.74,-115.74,5,stop_loss,19.09329,0.00109,1.15945,3.6457,tokyo,2020
AUDUSD,1,2020-11-30 14:00:00,2020-11-30 17:00:00,0.73805,0.73643,0.73643,0.74129,0.7067,-16.2,-114.57,-114.57,3,stop_loss,18.04365,0.00108,0.30929,3.54683,london,2020
AUDUSD,1,2020-12-02 00:00:00,2020-12-02 10:00:00,0.73723,0.73752,0.73564,0.74042,0.7113,2.9,20.63,20.63,10,time_exit,15.8663,0.00106,0.75652,1.83499,tokyo,2020
AUDUSD,1,2020-12-03 20:00:00,2020-12-04 04:00:00,0.74437,0.74254,0.74254,0.74802,0.6226,-18.3,-113.63,-113.63,8,stop_loss,29.43685,0.00122,3.35684,3.08531,new_york,2020
AUDUSD,-1,2020-12-04 19:00:00,2020-12-07 05:00:00,0.74374,0.74317,0.74558,0.74006,0.6115,5.7,34.86,34.85,10,time_exit,15.33497,0.00123,1.46655,3.30862,new_york,2020
AUDUSD,1,2020-12-08 02:00:00,2020-12-08 12:00:00,0.74153,0.74266,0.73982,0.74496,0.6582,11.3,74.38,74.37,10,time_exit,19.36584,0.00114,-0.62581,2.75675,tokyo,2020
AUDUSD,1,2020-12-08 19:00:00,2020-12-09 05:00:00,0.74129,0.7429,0.73953,0.74481,0.6455,16.1,103.93,103.92,10,time_exit,14.77332,0.00117,-0.64379,2.14383,new_york,2020
AUDUSD,1,2020-12-09 23:00:00,2020-12-10 09:00:00,0.74413,0.74707,0.74219,0.74801,0.5906,29.4,173.64,173.63,10,time_exit,27.08423,0.00129,0.35576,2.34448,,2020
AUDUSD,-1,2020-12-10 18:00:00,2020-12-10 23:00:00,0.75167,0.75395,0.75395,0.74711,0.5105,-22.8,-116.36,-116.37,5,stop_loss,26.46148,0.00152,3.79934,2.6731,new_york,2020
AUDUSD,1,2020-12-15 09:00:00,2020-12-15 19:00:00,0.75255,0.75613,0.75076,0.75613,0.6433,35.8,230.42,230.42,10,take_profit,15.57258,0.00119,-0.60284,4.79591,london,2020
AUDUSD,1,2020-12-16 05:00:00,2020-12-16 15:00:00,0.75521,0.75602,0.75366,0.75831,0.7588,8.1,61.46,61.46,10,time_exit,22.66613,0.00103,1.18655,5.03951,tokyo,2020
AUDUSD,-1,2020-12-17 18:00:00,2020-12-18 04:00:00,0.76188,0.76004,0.76361,0.75842,0.6834,18.4,125.75,125.74,10,time_exit,32.62909,0.00115,3.1182,5.547,new_york,2020
AUDUSD,-1,2020-12-21 20:00:00,2020-12-22 06:00:00,0.75778,0.75563,0.76082,0.75169,0.3921,21.5,84.3,84.3,10,time_exit,30.80625,0.00203,0.24796,1.41358,new_york,2020
AUDUSD,-1,2020-12-30 09:00:00,2020-12-30 12:00:00,0.76545,0.76711,0.76711,0.76212,0.7222,-16.6,-120.22,-120.22,3,stop_loss,30.5946,0.00111,4.07026,2.75972,london,2020
AUDUSD,1,2021-01-04 04:00:00,2021-01-04 07:00:00,0.77166,0.76907,0.76907,0.77683,0.4601,-25.9,-119.02,-119.02,3,stop_loss,32.57013,0.00172,1.98125,3.7773,tokyo,2021
AUDUSD,-1,2021-01-04 08:00:00,2021-01-04 09:00:00,0.7707,0.77316,0.77316,0.76577,0.4784,-24.6,-117.82,-117.83,1,stop_loss,26.85223,0.00164,1.24757,3.99411,tokyo,2021
AUDUSD,-1,2021-01-06 09:00:00,2021-01-06 12:00:00,0.77875,0.78139,0.78139,0.77348,0.4425,-26.4,-116.66,-116.67,3,stop_loss,26.26304,0.00176,3.49254,3.75857,london,2021
AUDUSD,-1,2021-01-08 02:00:00,2021-01-08 12:00:00,0.77687,0.77747,0.77915,0.77231,0.5065,-6.0,-30.39,-30.39,10,time_exit,22.21738,0.00152,0.40982,4.15658,tokyo,2021
AUDUSD,-1,2021-01-08 19:00:00,2021-01-11 01:00:00,0.7777,0.77188,0.78061,0.77188,0.3959,58.2,230.34,230.34,6,take_profit,13.67468,0.00194,0.48095,2.94105,new_york,2021
AUDUSD,-1,2021-01-13 14:00:00,2021-01-14 00:00:00,0.77389,0.77324,0.77595,0.76978,0.5717,6.5,37.16,37.16,10,time_exit,18.23086,0.00137,-0.23038,1.58147,london,2021
AUDUSD,-1,2021-01-14 05:00:00,2021-01-14 10:00:00,0.77445,0.77653,0.77653,0.7703,0.5673,-20.8,-117.85,-117.85,5,stop_loss,11.25164,0.00138,0.22174,1.32393,tokyo,2021
AUDUSD,-1,2021-01-14 13:00:00,2021-01-14 18:00:00,0.77637,0.77837,0.77837,0.77237,0.5836,-20.0,-116.67,-116.68,5,stop_loss,10.44769,0.00133,1.33122,1.51716,london,2021
AUDUSD,1,2021-01-15 15:00:00,2021-01-15 16:00:00,0.77318,0.77116,0.77116,0.77723,0.5707,-20.2,-115.52,-115.52,1,stop_loss,19.45963,0.00135,-1.70445,1.53536,london,2021
AUDUSD,-1,2021-01-20 13:00:00,2021-01-20 17:00:00,0.77344,0.77513,0.77513,0.77005,0.675,-16.9,-114.36,-114.37,4,stop_loss,25.82263,0.00113,1.97225,-0.56407,london,2021
AUDUSD,1,2021-01-21 06:00:00,2021-01-21 09:00:00,0.77758,0.77583,0.77583,0.78108,0.6467,-17.5,-113.21,-113.21,3,stop_loss,42.24649,0.00117,3.88794,0.63817,tokyo,2021
AUDUSD,1,2021-01-26 02:00:00,2021-01-26 06:00:00,0.77147,0.7696,0.7696,0.77521,0.5994,-18.7,-112.08,-112.09,4,stop_loss,27.59902,0.00125,-0.77638,-0.24789,tokyo,2021
AUDUSD,-1,2021-01-26 16:00:00,2021-01-27 02:00:00,0.77364,0.77573,0.77573,0.76945,0.5302,-20.9,-110.96,-110.96,10,stop_loss,33.25695,0.0014,1.52059,-0.6477,new_york,2021
AUDUSD,1,2021-02-02 11:00:00,2021-02-02 12:00:00,0.76315,0.76059,0.76059,0.76828,0.4284,-25.6,-109.85,-109.85,1,stop_loss,15.18727,0.00171,-0.45983,-2.20581,london,2021
AUDUSD,-1,2021-02-03 11:00:00,2021-02-03 21:00:00,0.7615,0.76225,0.76342,0.75766,0.566,-7.5,-42.45,-42.45,10,time_exit,14.14814,0.00128,-0.2384,-3.37413,london,2021
AUDUSD,-1,2021-02-03 21:00:00,2021-02-04 03:00:00,0.76189,0.76377,0.76377,0.75813,0.576,-18.8,-108.33,-108.34,6,stop_loss,10.50472,0.00125,0.05635,-3.11011,new_york,2021
AUDUSD,1,2021-02-05 14:00:00,2021-02-05 16:00:00,0.76072,0.76392,0.75912,0.76392,0.6709,32.0,214.49,214.49,2,take_profit,20.23565,0.00107,-0.32398,-2.93373,london,2021
AUDUSD,1,2021-02-08 17:00:00,2021-02-09 03:00:00,0.76958,0.77158,0.76766,0.77342,0.5697,20.0,113.94,113.94,10,time_exit,30.53804,0.00128,3.71396,0.05749,new_york,2021
AUDUSD,1,2021-02-09 12:00:00,2021-02-09 13:00:00,0.77338,0.77174,0.77174,0.77665,0.6752,-16.4,-110.52,-110.53,1,stop_loss,38.1474,0.00109,4.49554,2.33092,london,2021
AUDUSD,1,2021-02-09 13:00:00,2021-02-09 23:00:00,0.77222,0.7738,0.77056,0.77553,0.6607,15.8,104.39,104.39,10,time_exit,36.89241,0.0011,3.25982,2.38033,london,2021
AUDUSD,-1,2021-02-10 07:00:00,2021-02-10 16:00:00,0.77393,0.77541,0.77541,0.77097,0.746,-14.8,-110.46,-110.46,9,stop_loss,19.54055,0.00099,3.01263,3.84529,tokyo,2021
AUDUSD,1,2021-02-11 03:00:00,2021-02-11 08:00:00,0.77131,0.77472,0.7696,0.77472,0.6411,34.1,218.72,218.71,5,take_profit,14.55213,0.00114,-0.6847,3.381,tokyo,2021
AUDUSD,-1,2021-02-15 02:00:00,2021-02-15 05:00:00,0.7763,0.77779,0.77779,0.77332,0.7482,-14.9,-111.55,-111.55,3,stop_loss,18.71688,0.00099,2.02199,3.69517,tokyo,2021
AUDUSD,1,2021-02-16 06:00:00,2021-02-16 07:00:00,0.78028,0.779,0.779,0.78284,0.8643,-12.8,-110.44,-110.44,1,stop_loss,20.17193,0.00085,3.81696,5.35414,tokyo,2021
AUDUSD,1,2021-02-16 10:00:00,2021-02-16 15:00:00,0.77776,0.77625,0.77625,0.78078,0.7245,-15.1,-109.32,-109.33,5,stop_loss,18.88686,0.00101,0.50564,4.51804,london,2021
AUDUSD,-1,2021-02-17 16:00:00,2021-02-17 19:00:00,0.77293,0.77502,0.77502,0.76874,0.5172,-20.9,-108.24,-108.24,3,stop_loss,24.53403,0.0014,-2.1949,1.79162,new_york,2021
AUDUSD,-1,2021-02-17 19:00:00,2021-02-18 02:00:00,0.77393,0.77608,0.77608,0.76964,0.499,-21.5,-107.15,-107.15,7,stop_loss,25.61811,0.00143,-1.26281,1.56321,new_york,2021
AUDUSD,-1,2021-02-18 09:00:00,2021-02-18 10:00:00,0.77543,0.77711,0.77711,0.77207,0.6316,-16.8,-106.08,-106.08,1,stop_loss,13.57454,0.00112,-0.15336,1.65548,london,2021
AUDUSD,-1,2021-02-19 11:00:00,2021-02-19 12:00:00,0.78181,0.78368,0.78368,0.77807,0.5615,-18.7,-105.02,-105.02,1,stop_loss,16.70585,0.00125,4.07875,1.75776,london,2021
AUDUSD,-1,2021-02-23 19:00:00,2021-02-24 02:00:00,0.7901,0.79233,0.79233,0.78564,0.4659,-22.3,-103.97,-103.97,7,stop_loss,25.5384,0.00149,0.98354,5.21515,new_york,2021
AUDUSD,1,2021-02-24 10:00:00,2021-02-24 15:00:00,0.79165,0.78956,0.78956,0.79582,0.4935,-20.9,-102.93,-102.93,5,stop_loss,15.98102,0.00139,1.194,5.46908,london,2021
AUDUSD,-1,2021-02-24 20:00:00,2021-02-24 22:00:00,0.79405,0.79628,0.79628,0.78959,0.4574,-22.3,-101.9,-101.9,2,stop_loss,14.20641,0.00149,2.26768,4.97207,new_york,2021
AUDUSD,-1,2021-02-25 11:00:00,2021-02-25 17:00:00,0.79956,0.79557,0.80156,0.79557,0.5055,39.9,201.76,201.76,6,take_profit,30.68952,0.00133,4.58908,6.23278,london,2021
AUDUSD,-1,2021-02-26 08:00:00,2021-02-26 12:00:00,0.78325,0.77672,0.78652,0.77672,0.3151,65.3,205.78,205.78,4,take_profit,48.47061,0.00218,-3.68855,2.33514,tokyo,2021
AUDUSD,-1,2021-02-26 16:00:00,2021-02-26 22:00:00,0.77851,0.77015,0.78269,0.77015,0.2512,83.6,209.94,209.94,6,take_profit,54.96655,0.00279,-3.39545,0.82764,new_york,2021
AUDUSD,1,2021-03-02 07:00:00,2021-03-02 16:00:00,0.77543,0.78088,0.77271,0.78088,0.3929,54.5,214.11,214.11,9,take_profit,16.29402,0.00182,-1.44955,-2.29824,tokyo,2021
AUDUSD,-1,2021-03-04 03:00:00,2021-03-04 08:00:00,0.77815,0.78073,0.78073,0.77299,0.4236,-25.8,-109.21,-109.21,5,stop_loss,22.37161,0.00172,-0.90634,-1.04791,tokyo,2021
AUDUSD,-1,2021-03-04 16:00:00,2021-03-04 19:00:00,0.77924,0.77437,0.78167,0.77437,0.4443,48.7,216.22,216.22,3,take_profit,20.56936,0.00162,-0.12881,-1.08346,new_york,2021
AUDUSD,1,2021-03-05 13:00:00,2021-03-05 15:00:00,0.76581,0.76274,0.76274,0.77195,0.3594,-30.7,-110.26,-110.26,2,stop_loss,40.82709,0.00205,-4.4362,-2.2375,london,2021
AUDUSD,-1,2021-03-05 19:00:00,2021-03-08 01:00:00,0.76646,0.77011,0.77011,0.75916,0.2989,-36.5,-109.15,-109.15,6,stop_loss,43.81708,0.00243,-2.76175,-2.27789,new_york,2021
AUDUSD,-1,2021-03-08 11:00:00,2021-03-08 21:00:00,0.76623,0.76624,0.76938,0.75993,0.3429,-0.1,-0.34,-0.35,10,time_exit,22.41477,0.0021,-2.3962,-2.87761,london,2021
AUDUSD,1,2021-03-08 21:00:00,2021-03-09 03:00:00,0.76585,0.76262,0.76262,0.77231,0.3347,-32.3,-108.07,-108.07,6,stop_loss,23.63943,0.00215,-1.72692,-3.10125,new_york,2021
AUDUSD,-1,2021-03-10 01:00:00,2021-03-10 11:00:00,0.77133,0.77101,0.77367,0.76665,0.4575,3.2,14.64,14.64,10,time_exit,21.94481,0.00156,1.39414,-3.30512,tokyo,2021
AUDUSD,1,2021-03-10 23:00:00,2021-03-11 09:00:00,0.77356,0.77744,0.77108,0.77852,0.432,38.8,167.62,167.61,10,time_exit,17.80284,0.00165,2.02063,-2.04643,,2021
AUDUSD,1,2021-03-11 13:00:00,2021-03-11 16:00:00,0.77738,0.7752,0.7752,0.78175,0.4983,-21.8,-108.82,-108.83,3,stop_loss,29.8865,0.00146,3.40078,-0.96086,london,2021
AUDUSD,-1,2021-03-11 23:00:00,2021-03-12 09:00:00,0.77915,0.77532,0.78137,0.77471,0.4856,38.3,185.98,185.98,10,time_exit,29.39707,0.00148,3.40367,-0.02631,,2021
AUDUSD,1,2021-03-12 12:00:00,2021-03-12 17:00:00,0.77462,0.77256,0.77256,0.77874,0.5325,-20.6,-109.59,-109.59,5,stop_loss,22.95211,0.00137,-0.54562,0.59889,london,2021
AUDUSD,-1,2021-03-12 21:00:00,2021-03-15 07:00:00,0.77615,0.77486,0.77872,0.77102,0.4227,12.9,54.53,54.53,10,time_exit,23.83319,0.00171,0.47272,0.43061,new_york,2021
AUDUSD,1,2021-03-16 00:00:00,2021-03-16 10:00:00,0.77547,0.77341,0.77341,0.77958,0.5303,-20.6,-109.04,-109.04,10,stop_loss,20.82003,0.00137,0.50825,0.15564,tokyo,2021
AUDUSD,1,2021-03-16 18:00:00,2021-03-17 04:00:00,0.77482,0.77281,0.77281,0.77884,0.5374,-20.1,-107.95,-107.95,10,stop_loss,21.01666,0.00134,0.2387,-0.04159,new_york,2021
AUDUSD,1,2021-03-17 09:00:00,2021-03-17 15:00:00,0.77273,0.77122,0.77122,0.77575,0.707,-15.1,-106.87,-106.87,6,stop_loss,25.83785,0.00101,-1.52132,-0.22064,london,2021
AUDUSD,-1,2021-03-18 15:00:00,2021-03-19 01:00:00,0.78029,0.77584,0.78316,0.77455,0.3686,44.5,164.03,164.02,10,time_exit,39.07539,0.00191,1.48527,1.09499,london,2021
AUDUSD,-1,2021-03-19 01:00:00,2021-03-19 11:00:00,0.77558,0.77691,0.77857,0.7696,0.3591,-13.3,-47.76,-47.76,10,time_exit,26.81059,0.00199,-0.92447,0.93057,tokyo,2021
AUDUSD,-1,2021-03-22 09:00:00,2021-03-22 17:00:00,0.77254,0.77478,0.77478,0.76807,0.4783,-22.4,-106.96,-106.96,8,stop_loss,28.79433,0.00149,-1.49426,-0.255,london,2021
AUDUSD,-1,2021-03-24 00:00:00,2021-03-24 10:00:00,0.7624,0.75936,0.76474,0.75772,0.4528,30.4,137.65,137.65,10,time_exit,45.05083,0.00156,-5.01912,-2.05488,tokyo,2021
AUDUSD,-1,2021-03-24 10:00:00,2021-03-24 12:00:00,0.75991,0.76214,0.76214,0.75545,0.4814,-22.3,-107.28,-107.28,2,stop_loss,57.04524,0.00149,-4.88434,-3.49794,london,2021
AUDUSD,-1,2021-03-24 12:00:00,2021-03-24 22:00:00,0.76132,0.75877,0.76371,0.75653,0.4436,25.5,113.12,113.12,10,time_exit,56.63293,0.0016,-3.34076,-3.43505,london,2021
AUDUSD,1,2021-03-24 22:00:00,2021-03-25 08:00:00,0.75967,0.75917,0.75733,0.76434,0.4592,-5.0,-22.96,-22.96,10,time_exit,41.69259,0.00156,-3.38869,-3.96335,,2021
AUDUSD,1,2021-03-26 09:00:00,2021-03-26 19:00:00,0.76247,0.76295,0.76061,0.76618,0.5769,4.8,27.69,27.69,10,time_exit,21.38188,0.00124,1.3405,-5.52369,london,2021
AUDUSD,1,2021-03-30 11:00:00,2021-03-30 14:00:00,0.76293,0.76106,0.76106,0.76666,0.5754,-18.7,-107.36,-107.37,3,stop_loss,13.19997,0.00124,-0.29928,-2.16776,london,2021
AUDUSD,1,2021-03-31 18:00:00,2021-03-31 22:00:00,0.76157,0.75961,0.75961,0.76549,0.5422,-19.6,-106.31,-106.31,4,stop_loss,18.14084,0.00131,0.01879,-2.33748,new_york,2021
AUDUSD,-1,2021-04-01 01:00:00,2021-04-01 07:00:00,0.75943,0.75603,0.76113,0.75603,0.6186,34.0,210.48,210.47,6,take_profit,15.31223,0.00113,-1.59144,-2.71257,tokyo,2021
AUDUSD,-1,2021-04-02 10:00:00,2021-04-02 20:00:00,0.76221,0.76013,0.76364,0.75934,0.7491,20.8,155.81,155.81,10,time_exit,33.99337,0.00096,1.60284,-2.49058,london,2021
AUDUSD,1,2021-04-02 21:00:00,2021-04-05 07:00:00,0.76013,0.76127,0.75867,0.76306,0.7433,11.4,84.74,84.73,10,time_exit,23.95118,0.00098,-0.63793,-2.12697,new_york,2021
AUDUSD,1,2021-04-06 05:00:00,2021-04-06 06:00:00,0.76474,0.76335,0.76335,0.76751,0.7921,-13.9,-109.75,-109.75,1,stop_loss,29.47419,0.00092,2.04012,-0.07551,tokyo,2021
AUDUSD,-1,2021-04-06 09:00:00,2021-04-06 12:00:00,0.76465,0.76162,0.76616,0.76162,0.718,30.3,217.3,217.3,3,take_profit,23.13626,0.00101,1.60474,0.05447,london,2021
AUDUSD,1,2021-04-09 21:00:00,2021-04-12 04:00:00,0.76252,0.76059,0.76059,0.76637,0.5756,-19.3,-110.82,-110.82,7,stop_loss,23.1006,0.00128,-0.49965,-0.05803,new_york,2021
AUDUSD,-1,2021-04-12 21:00:00,2021-04-13 07:00:00,0.76204,0.7599,0.76366,0.7588,0.6762,21.4,144.71,144.7,10,time_exit,18.98361,0.00108,-0.30782,-0.52019,new_york,2021
AUDUSD,-1,2021-04-13 18:00:00,2021-04-13 22:00:00,0.76263,0.76466,0.76466,0.75857,0.5478,-20.3,-111.16,-111.16,4,stop_loss,19.21059,0.00135,0.62024,-0.62568,new_york,2021
AUDUSD,-1,2021-04-14 20:00:00,2021-04-15 06:00:00,0.77345,0.77124,0.77545,0.76946,0.5513,22.1,121.84,121.84,10,time_exit,35.0207,0.00133,5.90974,1.46078,new_york,2021
AUDUSD,1,2021-04-16 04:00:00,2021-04-16 14:00:00,0.77386,0.77526,0.77213,0.77732,0.6433,14.0,90.06,90.06,10,time_exit,37.01306,0.00115,1.82203,4.61236,tokyo,2021
AUDUSD,-1,2021-04-19 22:00:00,2021-04-20 04:00:00,0.77592,0.77769,0.77769,0.77238,0.6331,-17.7,-112.17,-112.17,6,stop_loss,21.29053,0.00118,1.33293,4.33833,,2021
AUDUSD,-1,2021-04-20 12:00:00,2021-04-20 17:00:00,0.77942,0.77578,0.78124,0.77578,0.6098,36.4,222.1,222.1,5,take_profit,30.37098,0.00121,2.71136,4.71335,london,2021
AUDUSD,1,2021-04-21 07:00:00,2021-04-21 17:00:00,0.77165,0.77486,0.76961,0.77573,0.5555,32.1,178.32,178.31,10,time_exit,34.76195,0.00136,-2.25244,2.73755,tokyo,2021
AUDUSD,-1,2021-04-21 20:00:00,2021-04-22 06:00:00,0.77497,0.77535,0.77719,0.77053,0.5187,-3.8,-19.71,-19.71,10,time_exit,29.71692,0.00148,0.70771,1.84808,new_york,2021
AUDUSD,1,2021-04-22 12:00:00,2021-04-22 16:00:00,0.77397,0.77213,0.77213,0.77765,0.6243,-18.4,-114.86,-114.86,4,stop_loss,21.90927,0.00123,-0.43751,2.21543,london,2021
AUDUSD,1,2021-04-22 22:00:00,2021-04-23 08:00:00,0.77078,0.77315,0.76861,0.77513,0.5232,23.7,124.0,124.0,10,time_exit,22.63594,0.00145,-2.14162,1.40315,,2021
AUDUSD,-1,2021-04-23 13:00:00,2021-04-23 21:00:00,0.77324,0.77501,0.77501,0.7697,0.6492,-17.7,-114.95,-114.95,8,stop_loss,19.16965,0.00118,0.03894,1.07844,london,2021
AUDUSD,-1,2021-04-26 01:00:00,2021-04-26 04:00:00,0.77468,0.77636,0.77636,0.77132,0.6774,-16.8,-113.8,-113.8,3,stop_loss,13.67617,0.00112,0.86891,1.28623,tokyo,2021
AUDUSD,-1,2021-04-27 18:00:00,2021-04-28 04:00:00,0.7773,0.77402,0.77894,0.77402,0.6867,32.8,225.31,225.31,10,take_profit,17.52965,0.00109,-0.24447,2.98184,new_york,2021
AUDUSD,1,2021-04-28 13:00:00,2021-04-28 21:00:00,0.7747,0.77788,0.77311,0.77788,0.7228,31.8,229.81,229.8,8,take_profit,39.31526,0.00106,-1.51365,1.7305,london,2021
AUDUSD,1,2021-04-29 01:00:00,2021-04-29 11:00:00,0.77881,0.77774,0.77686,0.78271,0.6009,-10.7,-64.3,-64.3,10,time_exit,30.53867,0.0013,1.69307,1.42506,tokyo,2021
AUDUSD,1,2021-04-29 21:00:00,2021-04-30 07:00:00,0.77626,0.77797,0.77421,0.78035,0.5699,17.1,97.45,97.45,10,time_exit,21.22217,0.00136,-0.92843,1.53516,new_york,2021
AUDUSD,1,2021-04-30 09:00:00,2021-04-30 13:00:00,0.77743,0.77581,0.77581,0.78067,0.7264,-16.2,-117.53,-117.54,4,stop_loss,13.96046,0.00108,-0.07192,1.71172,london,2021
AUDUSD,1,2021-04-30 15:00:00,2021-04-30 17:00:00,0.77578,0.77414,0.77414,0.77906,0.7088,-16.4,-116.36,-116.36,2,stop_loss,17.16908,0.00109,-1.38647,1.44764,london,2021
AUDUSD,1,2021-04-30 19:00:00,2021-05-03 05:00:00,0.77152,0.77154,0.76953,0.7755,0.579,0.2,1.16,1.16,10,time_exit,24.91313,0.00133,-3.95543,0.85714,new_york,2021
AUDUSD,1,2021-05-03 16:00:00,2021-05-03 18:00:00,0.77304,0.77645,0.77134,0.77645,0.6759,34.1,230.42,230.42,2,take_profit,22.53801,0.00114,-0.95789,-0.72031,new_york,2021
AUDUSD,1,2021-05-04 11:00:00,2021-05-04 14:00:00,0.77213,0.77033,0.77033,0.77573,0.653,-18.0,-117.52,-117.52,3,stop_loss,19.06245,0.0012,-2.01517,-0.34848,london,2021
AUDUSD,1,2021-05-05 15:00:00,2021-05-06 01:00:00,0.77355,0.77455,0.7718,0.77706,0.6638,10.0,66.38,66.38,10,time_exit,19.75886,0.00117,0.65524,-1.18759,london,2021
AUDUSD,-1,2021-05-06 13:00:00,2021-05-06 18:00:00,0.77509,0.7771,0.7771,0.77107,0.5817,-20.1,-117.0,-117.0,5,stop_loss,12.61572,0.00134,1.12125,-0.43752,london,2021
AUDUSD,-1,2021-05-06 21:00:00,2021-05-07 07:00:00,0.77739,0.77751,0.77956,0.77306,0.5345,-1.2,-6.41,-6.42,10,time_exit,16.26309,0.00144,2.15548,-0.033,new_york,2021
AUDUSD,-1,2021-05-10 02:00:00,2021-05-10 12:00:00,0.7853,0.78755,0.78755,0.78079,0.5138,-22.5,-115.77,-115.77,10,stop_loss,45.61078,0.0015,4.19396,2.0797,tokyo,2021
AUDUSD,1,2021-05-10 18:00:00,2021-05-10 21:00:00,0.78685,0.78467,0.78467,0.79121,0.5252,-21.8,-114.61,-114.61,3,stop_loss,47.38002,0.00145,3.0024,3.49485,new_york,2021
AUDUSD,1,2021-05-11 00:00:00,2021-05-11 10:00:00,0.78288,0.78299,0.78076,0.78711,0.5364,1.1,5.9,5.9,10,time_exit,36.6486,0.00141,-0.20173,3.66627,tokyo,2021
AUDUSD,-1,2021-05-12 16:00:00,2021-05-12 17:00:00,0.78006,0.77539,0.7824,0.77539,0.4859,46.7,227.04,227.04,1,take_profit,36.88552,0.00156,-1.46678,1.86446,new_york,2021
AUDUSD,-1,2021-05-12 23:00:00,2021-05-13 09:00:00,0.77243,0.77317,0.77512,0.76706,0.4312,-7.4,-31.91,-31.91,10,time_exit,46.07615,0.00179,-4.37373,0.67942,,2021
AUDUSD,-1,2021-05-14 23:00:00,2021-05-17 09:00:00,0.77793,0.77622,0.77984,0.77411,0.6052,17.1,103.49,103.49,10,time_exit,32.97399,0.00127,2.15601,-1.39488,,2021
AUDUSD,-1,2021-05-17 15:00:00,2021-05-17 17:00:00,0.77414,0.77604,0.77604,0.77033,0.6117,-19.0,-116.52,-116.52,2,stop_loss,17.44053,0.00127,-1.09756,-1.02776,london,2021
AUDUSD,-1,2021-05-19 08:00:00,2021-05-19 11:00:00,0.77845,0.77505,0.78015,0.77505,0.6777,34.0,230.68,230.68,3,take_profit,14.0516,0.00113,0.23544,0.68019,tokyo,2021
AUDUSD,-1,2021-05-21 17:00:00,2021-05-24 03:00:00,0.77584,0.77261,0.77789,0.77174,0.5736,32.3,185.27,185.27,10,time_exit,17.22682,0.00137,-0.18259,-0.37939,new_york,2021
AUDUSD,-1,2021-05-24 03:00:00,2021-05-24 09:00:00,0.7725,0.77429,0.77429,0.76893,0.6694,-17.9,-119.51,-119.51,6,stop_loss,22.22927,0.00119,-2.11277,-1.02613,tokyo,2021
AUDUSD,1,2021-05-25 19:00:00,2021-05-26 05:00:00,0.77407,0.77778,0.77221,0.77778,0.6372,37.1,236.61,236.61,10,take_profit,12.07019,0.00124,-0.84366,-0.52276,new_york,2021
AUDUSD,-1,2021-05-27 07:00:00,2021-05-27 17:00:00,0.77409,0.77566,0.77566,0.77095,0.7686,-15.7,-120.67,-120.68,10,stop_loss,29.92217,0.00105,-1.04779,-0.47523,tokyo,2021
AUDUSD,1,2021-05-28 02:00:00,2021-05-28 08:00:00,0.7742,0.7727,0.7727,0.7772,0.7972,-15.0,-119.47,-119.47,6,stop_loss,13.17102,0.001,-0.51991,-0.74507,tokyo,2021
AUDUSD,-1,2021-05-31 00:00:00,2021-05-31 04:00:00,0.77064,0.77228,0.77228,0.76737,0.7234,-16.4,-118.28,-118.29,4,stop_loss,26.58796,0.00109,-1.88265,-1.65426,tokyo,2021
AUDUSD,-1,2021-06-01 15:00:00,2021-06-01 17:00:00,0.77387,0.77561,0.77561,0.77038,0.671,-17.4,-117.09,-117.09,2,stop_loss,13.49554,0.00116,0.06047,-0.53964,london,2021
AUDUSD,-1,2021-06-02 09:00:00,2021-06-02 19:00:00,0.77439,0.77499,0.77591,0.77136,0.7645,-6.0,-45.87,-45.87,10,time_exit,15.66968,0.00101,-0.28156,0.06896,london,2021
AUDUSD,-1,2021-06-04 05:00:00,2021-06-04 15:00:00,0.76556,0.76724,0.76724,0.7622,0.6875,-16.8,-115.46,-115.46,10,stop_loss,40.61107,0.00112,-4.50331,-2.42187,tokyo,2021
AUDUSD,1,2021-06-07 06:00:00,2021-06-07 16:00:00,0.7733,0.77649,0.7717,0.77649,0.7159,31.9,228.61,228.61,10,take_profit,38.16637,0.00106,1.96585,-1.46776,tokyo,2021
AUDUSD,1,2021-06-08 01:00:00,2021-06-08 08:00:00,0.77545,0.77423,0.77423,0.7779,0.9532,-12.2,-116.59,-116.6,7,stop_loss,40.87588,0.00082,2.4304,0.28709,tokyo,2021
AUDUSD,1,2021-06-09 08:00:00,2021-06-09 17:00:00,0.77387,0.77269,0.77269,0.77624,0.9761,-11.8,-115.42,-115.43,9,stop_loss,10.62496,0.00079,-0.09938,0.57224,tokyo,2021
AUDUSD,1,2021-06-09 20:00:00,2021-06-10 06:00:00,0.77305,0.77353,0.77167,0.7758,0.8297,4.8,39.83,39.82,10,time_exit,15.72676,0.00092,-1.0987,0.51495,new_york,2021
AUDUSD,-1,2021-06-10 14:00:00,2021-06-10 16:00:00,0.77408,0.77535,0.77535,0.77155,0.9063,-12.7,-114.67,-114.68,2,stop_loss,11.35009,0.00084,0.42942,0.20258,london,2021
AUDUSD,-1,2021-06-16 08:00:00,2021-06-16 12:00:00,0.76962,0.77079,0.77079,0.76728,0.9718,-11.7,-113.52,-113.52,4,stop_loss,25.25882,0.00078,-0.5251,-2.63614,tokyo,2021
AUDUSD,1,2021-06-16 14:00:00,2021-06-16 21:00:00,0.77045,0.76928,0.76928,0.77279,0.9599,-11.7,-112.39,-112.39,7,stop_loss,19.60844,0.00078,0.50496,-2.45042,london,2021
AUDUSD,1,2021-06-17 06:00:00,2021-06-17 10:00:00,0.76307,0.76077,0.76077,0.76767,0.4833,-23.0,-111.27,-111.27,4,stop_loss,35.845,0.00153,-2.98492,-2.18524,tokyo,2021
AUDUSD,1,2021-06-17 12:00:00,2021-06-17 13:00:00,0.76008,0.7577,0.7577,0.76484,0.4625,-23.8,-110.15,-110.15,1,stop_loss,34.27472,0.00159,-4.00719,-2.5448,london,2021
AUDUSD,-1,2021-06-18 14:00:00,2021-06-18 16:00:00,0.75379,0.74932,0.75603,0.74932,0.4875,44.7,218.09,218.09,2,take_profit,46.78528,0.00149,-3.50633,-5.33574,london,2021
AUDUSD,1,2021-06-21 20:00:00,2021-06-22 05:00:00,0.75361,0.75144,0.75144,0.75796,0.5114,-21.7,-111.22,-111.23,9,stop_loss,25.83481,0.00145,0.24339,-6.53964,new_york,2021
AUDUSD,1,2021-06-23 23:00:00,2021-06-24 09:00:00,0.75718,0.75808,0.75536,0.76081,0.6064,9.0,54.58,54.57,10,time_exit,36.63655,0.00121,1.68356,-3.56467,,2021
AUDUSD,-1,2021-06-25 19:00:00,2021-06-28 05:00:00,0.75949,0.75847,0.76099,0.75649,0.7383,10.2,75.31,75.3,10,time_exit,31.84812,0.001,1.23779,-0.88613,new_york,2021
AUDUSD,-1,2021-06-28 08:00:00,2021-06-28 14:00:00,0.75893,0.75599,0.7604,0.75599,0.7583,29.4,222.85,222.85,6,take_profit,17.21133,0.00098,0.46547,-0.63712,tokyo,2021
AUDUSD,1,2021-06-28 21:00:00,2021-06-29 06:00:00,0.75663,0.75497,0.75497,0.75995,0.6849,-16.6,-113.65,-113.65,9,stop_loss,18.64777,0.00111,-1.32371,-0.74705,new_york,2021
AUDUSD,1,2021-06-29 14:00:00,2021-06-29 15:00:00,0.75318,0.75156,0.75156,0.75642,0.6938,-16.2,-112.51,-112.52,1,stop_loss,30.73926,0.00108,-3.29719,-1.52744,london,2021
AUDUSD,-1,2021-07-02 06:00:00,2021-07-02 15:00:00,0.7463,0.74766,0.74766,0.74358,0.8192,-13.6,-111.39,-111.39,9,stop_loss,26.79893,0.00091,-3.12266,-5.50875,tokyo,2021
AUDUSD,-1,2021-07-06 12:00:00,2021-07-06 16:00:00,0.75794,0.75424,0.75979,0.75424,0.5961,37.0,220.53,220.53,4,take_profit,32.54305,0.00123,3.8642,-0.19689,london,2021
AUDUSD,1,2021-07-08 12:00:00,2021-07-08 15:00:00,0.74376,0.74178,0.74178,0.74773,0.5667,-19.8,-112.48,-112.48,3,stop_loss,28.55869,0.00132,-3.95371,-2.13316,london,2021
AUDUSD,1,2021-07-09 13:00:00,2021-07-09 23:00:00,0.74593,0.74882,0.74389,0.75001,0.5464,28.9,157.91,157.91,10,time_exit,28.56887,0.00136,0.50988,-3.41202,london,2021
AUDUSD,-1,2021-07-12 02:00:00,2021-07-12 12:00:00,0.7489,0.74606,0.75049,0.74572,0.7114,28.4,202.04,202.04,10,time_exit,34.92028,0.00106,2.34264,-3.04658,tokyo,2021
AUDUSD,1,2021-07-12 17:00:00,2021-07-13 03:00:00,0.74767,0.74895,0.74591,0.75119,0.6536,12.8,83.66,83.66,10,time_exit,21.23297,0.00117,0.88102,-2.24907,new_york,2021
AUDUSD,-1,2021-07-14 16:00:00,2021-07-15 02:00:00,0.74833,0.74806,0.75022,0.74454,0.6112,2.7,16.5,16.5,10,time_exit,22.47228,0.00126,1.62381,-1.58852,new_york,2021
AUDUSD,1,2021-07-15 15:00:00,2021-07-15 19:00:00,0.74482,0.743,0.743,0.74846,0.6364,-18.2,-115.96,-115.96,4,stop_loss,13.06396,0.00121,-1.55831,-1.10682,london,2021
AUDUSD,-1,2021-07-16 02:00:00,2021-07-16 12:00:00,0.74295,0.74385,0.74469,0.73948,0.6614,-9.0,-59.53,-59.53,10,time_exit,24.06194,0.00116,-2.00519,-1.92123,tokyo,2021
AUDUSD,-1,2021-07-19 09:00:00,2021-07-19 12:00:00,0.73807,0.73504,0.73958,0.73504,0.7548,30.3,228.4,228.4,3,take_profit,40.68371,0.00101,-3.68389,-3.90498,london,2021
AUDUSD,-1,2021-07-19 13:00:00,2021-07-19 15:00:00,0.73657,0.733,0.73835,0.733,0.6533,35.7,232.98,232.98,2,take_profit,45.29167,0.00119,-3.7544,-3.64942,london,2021
AUDUSD,-1,2021-07-21 05:00:00,2021-07-21 15:00:00,0.73205,0.73194,0.73378,0.72858,0.6854,1.1,7.54,7.54,10,time_exit,22.86258,0.00116,-2.21264,-5.81915,tokyo,2021
AUDUSD,-1,2021-07-26 04:00:00,2021-07-26 14:00:00,0.73542,0.73624,0.7371,0.73205,0.7063,-8.2,-57.92,-57.92,10,time_exit,18.90167,0.00112,-1.03208,-1.89033,tokyo,2021
AUDUSD,-1,2021-07-26 20:00:00,2021-07-27 06:00:00,0.73811,0.73814,0.73995,0.73444,0.6446,-0.3,-1.93,-1.94,10,time_exit,23.9728,0.00122,1.41717,-1.57015,new_york,2021
AUDUSD,1,2021-07-28 01:00:00,2021-07-28 11:00:00,0.73585,0.73401,0.73401,0.73952,0.6441,-18.4,-118.29,-118.3,10,stop_loss,21.22068,0.00122,-0.68173,-1.06749,tokyo,2021
AUDUSD,-1,2021-07-28 18:00:00,2021-07-28 21:00:00,0.73377,0.73572,0.73572,0.72988,0.6014,-19.5,-117.1,-117.1,3,stop_loss,29.08479,0.0013,-1.59679,-1.29673,new_york,2021
AUDUSD,1,2021-07-29 10:00:00,2021-07-29 20:00:00,0.7382,0.73993,0.73632,0.74197,0.6151,17.3,106.41,106.41,10,time_exit,16.74232,0.00126,1.39265,-0.79992,london,2021
AUDUSD,-1,2021-07-30 01:00:00,2021-07-30 11:00:00,0.73953,0.74,0.74118,0.73623,0.7095,-4.7,-33.35,-33.35,10,time_exit,19.13497,0.0011,1.47431,0.12549,tokyo,2021
AUDUSD,1,2021-08-03 16:00:00,2021-08-03 17:00:00,0.73867,0.73689,0.73689,0.74223,0.6547,-17.8,-116.66,-116.66,1,stop_loss,24.55337,0.00119,1.16698,-0.04826,new_york,2021
AUDUSD,-1,2021-08-04 21:00:00,2021-08-05 07:00:00,0.73835,0.73924,0.74022,0.73461,0.6169,-8.9,-54.9,-54.91,10,time_exit,18.34564,0.00125,-0.57976,0.90082,new_york,2021
AUDUSD,1,2021-08-06 00:00:00,2021-08-06 04:00:00,0.73992,0.73856,0.73856,0.74264,0.8443,-13.6,-114.94,-114.95,4,stop_loss,10.29592,0.00091,0.81675,1.37962,tokyo,2021
AUDUSD,1,2021-08-06 11:00:00,2021-08-06 15:00:00,0.73931,0.73804,0.73804,0.74185,0.8964,-12.7,-113.8,-113.8,4,stop_loss,17.47726,0.00085,-0.22865,1.22465,london,2021
AUDUSD,-1,2021-08-09 13:00:00,2021-08-09 16:00:00,0.7348,0.7363,0.7363,0.73179,0.7491,-15.0,-112.67,-112.67,3,stop_loss,34.26766,0.001,-2.07447,-0.93287,london,2021
AUDUSD,1,2021-08-09 21:00:00,2021-08-10 04:00:00,0.73345,0.73177,0.73177,0.73681,0.6646,-16.8,-111.54,-111.55,7,stop_loss,27.97973,0.00112,-2.45214,-1.22225,new_york,2021
AUDUSD,-1,2021-08-10 12:00:00,2021-08-10 17:00:00,0.73369,0.73508,0.73508,0.7309,0.7918,-13.9,-110.43,-110.43,5,stop_loss,24.86656,0.00093,-1.10386,-2.35513,london,2021
AUDUSD,1,2021-08-10 22:00:00,2021-08-11 04:00:00,0.73496,0.73354,0.73354,0.7378,0.7709,-14.2,-109.32,-109.32,6,stop_loss,20.50053,0.00095,0.37966,-2.17911,,2021
AUDUSD,-1,2021-08-11 05:00:00,2021-08-11 15:00:00,0.73434,0.73551,0.73551,0.73201,0.9276,-11.7,-108.23,-108.23,10,stop_loss,18.82731,0.00078,-0.32757,-2.4858,tokyo,2021
AUDUSD,-1,2021-08-11 21:00:00,2021-08-12 07:00:00,0.738,0.73643,0.7396,0.73481,0.6716,15.7,105.44,105.44,10,time_exit,31.14984,0.00106,2.84465,-1.27866,new_york,2021
AUDUSD,-1,2021-08-12 11:00:00,2021-08-12 16:00:00,0.73681,0.73428,0.73807,0.73428,0.8564,25.3,216.39,216.38,5,take_profit,25.18123,0.00084,1.25448,-0.76018,london,2021
AUDUSD,1,2021-08-13 12:00:00,2021-08-13 17:00:00,0.7341,0.73637,0.73297,0.73637,0.9742,22.7,220.71,220.71,5,take_profit,29.43054,0.00076,-0.88534,-1.53872,london,2021
AUDUSD,1,2021-08-16 04:00:00,2021-08-16 06:00:00,0.73552,0.73429,0.73429,0.73798,0.9151,-12.3,-112.56,-112.57,2,stop_loss,26.14964,0.00082,-0.02285,-0.54,tokyo,2021
AUDUSD,1,2021-08-17 05:00:00,2021-08-17 09:00:00,0.73116,0.72974,0.72974,0.734,0.7852,-14.2,-111.44,-111.44,4,stop_loss,27.95076,0.00095,-3.25732,-1.28355,tokyo,2021
AUDUSD,1,2021-08-17 19:00:00,2021-08-18 05:00:00,0.72533,0.72625,0.72358,0.72883,0.6304,9.2,58.0,57.99,10,time_exit,49.06085,0.00117,-5.5603,-2.37165,new_york,2021
AUDUSD,-1,2021-08-18 22:00:00,2021-08-19 05:00:00,0.72441,0.72084,0.72619,0.72084,0.6222,35.7,221.83,221.83,7,take_profit,57.15944,0.00119,-2.46753,-4.23011,,2021
AUDUSD,1,2021-08-19 07:00:00,2021-08-19 08:00:00,0.72046,0.71863,0.71863,0.72412,0.6178,-18.3,-113.12,-113.13,1,stop_loss,40.045,0.00122,-4.37629,-4.66146,tokyo,2021
AUDUSD,-1,2021-08-20 01:00:00,2021-08-20 10:00:00,0.71497,0.71113,0.71689,0.71113,0.5835,38.4,223.98,223.98,9,take_profit,58.75493,0.00128,-4.81679,-6.33777,tokyo,2021
AUDUSD,1,2021-08-20 13:00:00,2021-08-20 23:00:00,0.71178,0.71377,0.70979,0.71576,0.5743,19.9,114.29,114.28,10,time_exit,56.28547,0.00133,-4.65309,-6.99504,london,2021
AUDUSD,-1,2021-08-20 23:00:00,2021-08-23 04:00:00,0.71431,0.71626,0.71626,0.71042,0.5931,-19.5,-115.37,-115.38,5,stop_loss,34.36713,0.0013,-1.667,-7.28534,,2021
AUDUSD,-1,2021-08-23 04:00:00,2021-08-23 11:00:00,0.71483,0.71676,0.71676,0.71097,0.5925,-19.3,-114.22,-114.23,7,stop_loss,27.65734,0.00129,-0.89259,-7.27329,tokyo,2021
AUDUSD,-1,2021-08-23 17:00:00,2021-08-23 18:00:00,0.71873,0.72048,0.72048,0.71524,0.6475,-17.5,-113.07,-113.07,1,stop_loss,25.1419,0.00116,1.96411,-6.7575,new_york,2021
AUDUSD,-1,2021-08-23 20:00:00,2021-08-24 06:00:00,0.72095,0.7217,0.72269,0.71748,0.645,-7.5,-48.38,-48.38,10,time_exit,30.1642,0.00116,3.49237,-6.30042,new_york,2021
AUDUSD,-1,2021-08-27 09:00:00,2021-08-27 16:00:00,0.72467,0.72601,0.72601,0.72199,0.8308,-13.4,-111.47,-111.47,7,stop_loss,30.66005,0.00089,0.04447,0.06599,london,2021
AUDUSD,1,2021-08-30 08:00:00,2021-08-30 09:00:00,0.7304,0.72879,0.72879,0.73362,0.685,-16.1,-110.35,-110.36,1,stop_loss,26.71459,0.00107,2.66079,1.92145,tokyo,2021
AUDUSD,1,2021-08-30 18:00:00,2021-08-31 04:00:00,0.72999,0.7297,0.72835,0.73328,0.6646,-2.9,-19.27,-19.28,10,time_exit,16.1717,0.0011,1.62036,2.14002,new_york,2021
AUDUSD,1,2021-08-31 12:00:00,2021-08-31 16:00:00,0.73277,0.73125,0.73125,0.73581,0.7175,-15.2,-109.05,-109.06,4,stop_loss,24.62333,0.00101,3.23019,2.82527,london,2021
AUDUSD,-1,2021-09-01 05:00:00,2021-09-01 09:00:00,0.73168,0.73311,0.73311,0.72883,0.7573,-14.3,-107.97,-107.97,4,stop_loss,15.82486,0.00095,1.20041,3.27722,tokyo,2021
AUDUSD,-1,2021-09-01 09:00:00,2021-09-01 10:00:00,0.73245,0.73388,0.73388,0.72958,0.7454,-14.3,-106.88,-106.88,1,stop_loss,12.96451,0.00096,1.80791,3.27151,london,2021
AUDUSD,-1,2021-09-01 10:00:00,2021-09-01 11:00:00,0.73327,0.73473,0.73473,0.73035,0.7253,-14.6,-105.82,-105.82,1,stop_loss,14.07743,0.00097,2.52704,3.26025,london,2021
AUDUSD,-1,2021-09-01 22:00:00,2021-09-02 08:00:00,0.73743,0.73798,0.73904,0.7342,0.6488,-5.5,-35.68,-35.69,10,time_exit,34.57889,0.00108,4.34678,3.91377,,2021
AUDUSD,-1,2021-09-02 22:00:00,2021-09-03 08:00:00,0.74038,0.74179,0.74179,0.73756,0.7395,-14.1,-104.4,-104.4,10,stop_loss,44.10769,0.00094,4.243,6.08972,,2021
AUDUSD,-1,2021-09-06 04:00:00,2021-09-06 14:00:00,0.7436,0.74396,0.74522,0.74037,0.6393,-3.6,-23.01,-23.02,10,time_exit,55.3428,0.00108,2.05558,6.97156,tokyo,2021
AUDUSD,1,2021-09-06 18:00:00,2021-09-07 04:00:00,0.74324,0.74535,0.7418,0.74613,0.7142,21.1,150.7,150.69,10,time_exit,24.60454,0.00096,0.97862,7.43736,new_york,2021
AUDUSD,1,2021-09-10 19:00:00,2021-09-13 00:00:00,0.73662,0.73483,0.73483,0.74021,0.583,-17.9,-104.63,-104.63,5,stop_loss,18.56763,0.0012,-1.33163,0.80546,new_york,2021
AUDUSD,1,2021-09-13 02:00:00,2021-09-13 07:00:00,0.73681,0.735,0.735,0.74044,0.571,-18.1,-103.59,-103.59,5,stop_loss,17.77194,0.00121,-0.72576,0.43358,tokyo,2021
AUDUSD,-1,2021-09-13 18:00:00,2021-09-14 04:00:00,0.73724,0.73619,0.73909,0.73354,0.5544,10.5,58.21,58.21,10,time_exit,14.53131,0.00123,0.32961,-0.12071,new_york,2021
AUDUSD,1,2021-09-14 08:00:00,2021-09-14 14:00:00,0.73443,0.73271,0.73271,0.73788,0.5983,-17.2,-103.13,-103.14,6,stop_loss,11.40076,0.00115,-1.87196,-0.25839,tokyo,2021
AUDUSD,-1,2021-09-14 15:00:00,2021-09-14 16:00:00,0.73303,0.73473,0.73473,0.72964,0.6016,-17.0,-102.11,-102.11,1,stop_loss,17.57974,0.00113,-2.53319,-0.6964,london,2021
AUDUSD,-1,2021-09-16 23:00:00,2021-09-17 09:00:00,0.72945,0.73088,0.73105,0.72626,0.6331,-14.3,-90.53,-90.54,10,time_exit,26.29517,0.00106,-2.32635,-2.54831,,2021
AUDUSD,1,2021-09-17 10:00:00,2021-09-17 16:00:00,0.73088,0.72945,0.72945,0.73374,0.7013,-14.3,-100.17,-100.18,6,stop_loss,25.45823,0.00095,-0.20315,-3.18017,london,2021
AUDUSD,1,2021-09-20 09:00:00,2021-09-20 14:00:00,0.72415,0.7226,0.7226,0.72726,0.6382,-15.5,-99.18,-99.18,5,stop_loss,36.60485,0.00104,-4.13313,-4.10026,london,2021
AUDUSD,1,2021-09-21 01:00:00,2021-09-21 11:00:00,0.72523,0.72776,0.7231,0.72949,0.4612,25.3,116.68,116.68,10,time_exit,23.61514,0.00142,-0.9198,-3.45971,tokyo,2021
AUDUSD,-1,2021-09-21 15:00:00,2021-09-21 17:00:00,0.72642,0.72269,0.72828,0.72269,0.5333,37.3,198.71,198.7,2,take_profit,16.42543,0.00124,-0.18767,-3.378,london,2021
AUDUSD,-1,2021-09-21 17:00:00,2021-09-22 03:00:00,0.72437,0.72309,0.72636,0.7204,0.5102,12.8,65.31,65.3,10,time_exit,17.77834,0.00132,-1.60685,-3.1933,new_york,2021
AUDUSD,-1,2021-09-22 05:00:00,2021-09-22 15:00:00,0.72541,0.72469,0.72746,0.7213,0.4968,7.2,35.77,35.77,10,time_exit,30.29383,0.00137,0.05798,-3.3277,tokyo,2021
AUDUSD,1,2021-09-22 22:00:00,2021-09-23 08:00:00,0.72417,0.72434,0.72191,0.7287,0.4521,1.7,7.69,7.68,10,time_exit,15.43789,0.00151,-0.6816,-2.61075,,2021
AUDUSD,-1,2021-09-23 08:00:00,2021-09-23 11:00:00,0.72436,0.7264,0.7264,0.72029,0.5029,-20.4,-102.42,-102.42,3,stop_loss,20.71666,0.00136,-0.21901,-2.89419,tokyo,2021
AUDUSD,-1,2021-09-24 00:00:00,2021-09-24 03:00:00,0.7291,0.73124,0.73124,0.72482,0.4739,-21.4,-101.39,-101.39,3,stop_loss,38.8227,0.00143,1.94166,-1.33425,tokyo,2021
AUDUSD,1,2021-09-24 13:00:00,2021-09-24 15:00:00,0.72651,0.72457,0.72457,0.7304,0.5164,-19.4,-100.38,-100.38,2,stop_loss,28.7959,0.0013,-0.87668,-0.79921,london,2021
AUDUSD,1,2021-09-27 21:00:00,2021-09-28 04:00:00,0.72868,0.7268,0.7268,0.73245,0.5278,-18.8,-99.39,-99.39,7,stop_loss,15.33389,0.00126,1.21581,-0.79192,new_york,2021
AUDUSD,-1,2021-09-29 00:00:00,2021-09-29 09:00:00,0.72343,0.72559,0.72559,0.71912,0.4562,-21.6,-98.38,-98.38,9,stop_loss,29.06603,0.00144,-1.67257,-0.94579,tokyo,2021
AUDUSD,-1,2021-09-30 11:00:00,2021-09-30 16:00:00,0.72084,0.72277,0.72277,0.71697,0.5039,-19.3,-97.39,-97.4,5,stop_loss,31.45099,0.00129,-0.90431,-2.92325,london,2021
AUDUSD,-1,2021-09-30 19:00:00,2021-10-01 05:00:00,0.72285,0.72224,0.72531,0.71793,0.3923,6.1,23.93,23.93,10,time_exit,26.65918,0.00164,0.66954,-2.24218,new_york,2021
AUDUSD,-1,2021-10-04 10:00:00,2021-10-04 14:00:00,0.72621,0.72817,0.72817,0.7223,0.4939,-19.6,-96.67,-96.67,4,stop_loss,20.57525,0.0013,1.30985,-0.51152,london,2021
AUDUSD,1,2021-10-04 17:00:00,2021-10-04 18:00:00,0.7298,0.72778,0.72778,0.73384,0.474,-20.2,-95.7,-95.7,1,stop_loss,19.30177,0.00135,3.3441,0.00256,new_york,2021
AUDUSD,1,2021-10-05 06:00:00,2021-10-05 08:00:00,0.72756,0.72572,0.72572,0.73124,0.5143,-18.4,-94.74,-94.75,2,stop_loss,17.40665,0.00123,0.80187,0.68604,tokyo,2021
AUDUSD,1,2021-10-05 08:00:00,2021-10-05 18:00:00,0.72652,0.72951,0.72471,0.73015,0.5175,29.9,154.73,154.73,10,time_exit,18.26534,0.00121,-0.04903,0.68587,tokyo,2021
AUDUSD,1,2021-10-06 04:00:00,2021-10-06 05:00:00,0.7285,0.72697,0.72697,0.73157,0.6215,-15.3,-95.35,-95.35,1,stop_loss,10.95901,0.00102,0.88965,1.34979,tokyo,2021
AUDUSD,-1,2021-10-06 12:00:00,2021-10-06 15:00:00,0.72319,0.72504,0.72504,0.71949,0.5099,-18.5,-94.39,-94.4,3,stop_loss,27.8163,0.00123,-3.07962,0.67789,london,2021
AUDUSD,1,2021-10-07 21:00:00,2021-10-08 07:00:00,0.73163,0.72975,0.72962,0.73566,0.4643,-18.8,-87.29,-87.29,10,time_exit,23.73904,0.00134,2.56512,1.11774,new_york,2021
AUDUSD,-1,2021-10-11 03:00:00,2021-10-11 04:00:00,0.72944,0.73109,0.73109,0.72613,0.56,-16.5,-92.58,-92.58,1,stop_loss,23.93594,0.0011,-0.42661,1.98588,tokyo,2021
AUDUSD,-1,2021-10-11 13:00:00,2021-10-11 16:00:00,0.73361,0.73534,0.73534,0.73014,0.5288,-17.3,-91.66,-91.66,3,stop_loss,30.29797,0.00116,2.32453,2.33771,london,2021
AUDUSD,1,2021-10-12 07:00:00,2021-10-12 12:00:00,0.73372,0.73675,0.7322,0.73675,0.5987,30.3,181.47,181.47,5,take_profit,24.28396,0.00101,0.8251,3.5401,tokyo,2021
AUDUSD,-1,2021-10-12 12:00:00,2021-10-12 13:00:00,0.73631,0.73804,0.73804,0.73285,0.5352,-17.3,-92.54,-92.55,1,stop_loss,23.57048,0.00115,2.56753,3.24008,london,2021
AUDUSD,1,2021-10-13 03:00:00,2021-10-13 13:00:00,0.73334,0.73547,0.73164,0.73675,0.538,21.3,114.59,114.59,10,time_exit,17.15238,0.00114,-0.92784,3.45577,tokyo,2021
AUDUSD,-1,2021-10-13 13:00:00,2021-10-13 17:00:00,0.73503,0.73671,0.73671,0.73166,0.5507,-16.8,-92.76,-92.76,4,stop_loss,17.82209,0.00112,0.55233,3.17561,london,2021
AUDUSD,-1,2021-10-14 12:00:00,2021-10-14 22:00:00,0.74127,0.74152,0.74293,0.73794,0.5517,-2.5,-13.79,-13.79,10,time_exit,13.92896,0.00111,4.16541,3.93324,london,2021
AUDUSD,1,2021-10-15 01:00:00,2021-10-15 11:00:00,0.74156,0.74181,0.74014,0.74439,0.6472,2.5,16.18,16.18,10,time_exit,29.774,0.00094,3.06489,5.55192,tokyo,2021
AUDUSD,1,2021-10-18 06:00:00,2021-10-18 09:00:00,0.74148,0.73974,0.73974,0.74496,0.5282,-17.4,-91.87,-91.87,3,stop_loss,15.89239,0.00116,0.58071,4.54953,tokyo,2021
AUDUSD,1,2021-10-18 19:00:00,2021-10-19 05:00:00,0.74173,0.74436,0.73983,0.74553,0.4793,26.3,126.06,126.05,10,time_exit,18.25121,0.00127,1.01582,3.45817,new_york,2021
AUDUSD,-1,2021-10-20 22:00:00,2021-10-21 04:00:00,0.75221,0.75382,0.75382,0.749,0.5744,-16.1,-92.2,-92.21,6,stop_loss,29.92176,0.00107,4.58666,6.32497,,2021
AUDUSD,1,2021-10-21 08:00:00,2021-10-21 09:00:00,0.75081,0.74901,0.74901,0.75441,0.507,-18.0,-91.28,-91.28,1,stop_loss,27.51454,0.0012,1.53472,6.09329,tokyo,2021
AUDUSD,-1,2021-10-21 15:00:00,2021-10-22 01:00:00,0.74937,0.74667,0.75122,0.74567,0.4889,27.0,132.0,132.0,10,time_exit,27.17227,0.00123,0.28622,5.54498,london,2021
AUDUSD,1,2021-10-22 08:00:00,2021-10-22 18:00:00,0.74757,0.74572,0.74572,0.75128,0.4949,-18.5,-91.7,-91.7,10,stop_loss,24.08762,0.00124,-0.55024,4.24999,tokyo,2021
AUDUSD,1,2021-10-26 12:00:00,2021-10-26 22:00:00,0.75035,0.75045,0.74867,0.75372,0.5388,1.0,5.39,5.39,10,time_exit,14.61379,0.00112,1.06835,3.32893,london,2021
AUDUSD,-1,2021-10-27 22:00:00,2021-10-28 04:00:00,0.75256,0.74863,0.75453,0.74863,0.4622,39.3,181.67,181.67,6,take_profit,19.60631,0.00131,1.36674,2.80156,,2021
AUDUSD,-1,2021-10-28 07:00:00,2021-10-28 13:00:00,0.75065,0.75249,0.75249,0.74697,0.5033,-18.4,-92.65,-92.65,6,stop_loss,16.89601,0.00123,-0.10374,2.735,tokyo,2021
AUDUSD,-1,2021-10-29 13:00:00,2021-10-29 18:00:00,0.75376,0.75008,0.7556,0.75008,0.4989,36.8,183.45,183.44,5,take_profit,13.71015,0.00123,0.86192,3.07267,london,2021
AUDUSD,1,2021-11-01 01:00:00,2021-11-01 10:00:00,0.75127,0.74941,0.74941,0.75498,0.5043,-18.6,-93.55,-93.55,9,stop_loss,15.31574,0.00124,-1.15266,2.53867,tokyo,2021
AUDUSD,1,2021-11-01 10:00:00,2021-11-01 19:00:00,0.75008,0.7535,0.74837,0.7535,0.5411,34.2,185.22,185.22,9,take_profit,15.10801,0.00114,-1.70579,2.24324,london,2021
AUDUSD,-1,2021-11-02 21:00:00,2021-11-03 07:00:00,0.74269,0.74344,0.7447,0.73868,0.4707,-7.5,-35.3,-35.3,10,time_exit,43.88945,0.00134,-4.90648,-0.0936,new_york,2021
AUDUSD,-1,2021-11-03 07:00:00,2021-11-03 17:00:00,0.74367,0.7431,0.74524,0.74053,0.6001,5.7,34.21,34.2,10,time_exit,50.67573,0.00105,-3.42764,-1.45395,tokyo,2021
AUDUSD,-1,2021-11-05 15:00:00,2021-11-05 16:00:00,0.7371,0.73869,0.73869,0.73392,0.5944,-15.9,-94.45,-94.45,1,stop_loss,35.85943,0.00106,-3.97205,-4.17815,london,2021
AUDUSD,-1,2021-11-09 23:00:00,2021-11-10 09:00:00,0.73812,0.73624,0.73989,0.73458,0.5281,18.8,99.28,99.28,10,time_exit,26.91875,0.00118,-1.83113,-2.65057,,2021
AUDUSD,1,2021-11-11 04:00:00,2021-11-11 05:00:00,0.73231,0.73027,0.73027,0.7364,0.4625,-20.4,-94.5,-94.5,1,stop_loss,31.34505,0.00136,-3.27126,-3.43156,tokyo,2021
AUDUSD,1,2021-11-11 23:00:00,2021-11-12 09:00:00,0.72888,0.73064,0.72713,0.73238,0.5352,17.6,94.2,94.19,10,time_exit,32.50757,0.00117,-3.66652,-5.41442,,2021
AUDUSD,1,2021-11-15 23:00:00,2021-11-16 09:00:00,0.73453,0.73415,0.7332,0.7372,0.7086,-3.8,-26.93,-26.93,10,time_exit,36.47897,0.00089,0.84333,-3.59331,,2021
AUDUSD,-1,2021-11-17 12:00:00,2021-11-17 22:00:00,0.72809,0.72664,0.72992,0.72444,0.5158,14.5,74.79,74.79,10,time_exit,45.31683,0.00122,-2.7915,-3.13343,london,2021
AUDUSD,-1,2021-11-19 08:00:00,2021-11-19 11:00:00,0.72819,0.72528,0.72964,0.72528,0.653,29.1,189.95,189.95,3,take_profit,17.93708,0.00097,0.09525,-4.51476,tokyo,2021
AUDUSD,-1,2021-11-22 01:00:00,2021-11-22 06:00:00,0.72308,0.7248,0.7248,0.71964,0.5632,-17.2,-96.88,-96.89,5,stop_loss,31.13907,0.00115,-2.9683,-4.27638,tokyo,2021
AUDUSD,1,2021-11-22 06:00:00,2021-11-22 16:00:00,0.72431,0.72525,0.72269,0.72755,0.5928,9.4,55.72,55.72,10,time_exit,31.03548,0.00108,-1.45683,-4.66496,tokyo,2021
AUDUSD,-1,2021-11-22 23:00:00,2021-11-23 09:00:00,0.72226,0.72269,0.72393,0.71892,0.5775,-4.3,-24.83,-24.83,10,time_exit,20.15275,0.00111,-2.64055,-4.25485,,2021
AUDUSD,-1,2021-11-24 03:00:00,2021-11-24 13:00:00,0.722,0.72131,0.72348,0.71904,0.6496,6.9,44.82,44.82,10,time_exit,14.44021,0.00099,-1.19709,-4.91617,tokyo,2021
AUDUSD,1,2021-11-25 05:00:00,2021-11-25 11:00:00,0.72016,0.71873,0.71873,0.72302,0.675,-14.3,-96.67,-96.67,6,stop_loss,21.23973,0.00095,-1.19075,-5.23774,tokyo,2021
AUDUSD,-1,2021-11-26 14:00:00,2021-11-29 00:00:00,0.71394,0.7117,0.71597,0.70988,0.472,22.4,105.73,105.73,10,time_exit,52.97062,0.00135,-2.77246,-4.44972,london,2021
AUDUSD,-1,2021-11-29 00:00:00,2021-11-29 10:00:00,0.71361,0.71423,0.71583,0.70918,0.4368,-6.2,-27.08,-27.08,10,time_exit,51.86741,0.00148,-2.75124,-4.44994,tokyo,2021
AUDUSD,-1,2021-12-01 02:00:00,2021-12-01 04:00:00,0.71248,0.71507,0.71507,0.70731,0.373,-25.9,-96.48,-96.49,2,stop_loss,21.73229,0.00172,-0.4883,-3.25725,tokyo,2021
AUDUSD,1,2021-12-01 22:00:00,2021-12-02 08:00:00,0.71105,0.71102,0.70865,0.71585,0.3984,-0.3,-1.2,-1.2,10,time_exit,14.46188,0.0016,-1.83279,-2.63088,,2021
AUDUSD,-1,2021-12-03 01:00:00,2021-12-03 11:00:00,0.70898,0.70527,0.71084,0.70527,0.5148,37.1,191.03,191.03,10,take_profit,22.59376,0.00124,-2.1932,-3.98055,tokyo,2021
AUDUSD,1,2021-12-06 06:00:00,2021-12-06 16:00:00,0.70203,0.70468,0.7001,0.70588,0.506,26.5,134.09,134.09,10,time_exit,27.05081,0.00128,-2.98035,-5.83964,tokyo,2021
AUDUSD,1,2021-12-07 12:00:00,2021-12-07 22:00:00,0.7096,0.71172,0.70789,0.71302,0.5779,21.2,122.51,122.51,10,time_exit,41.33747,0.00114,3.40753,-4.82698,london,2021
AUDUSD,-1,2021-12-08 12:00:00,2021-12-08 16:00:00,0.71338,0.71501,0.71501,0.71011,0.6121,-16.3,-99.99,-100.0,4,stop_loss,40.41497,0.00109,3.4032,-1.55023,london,2021
AUDUSD,1,2021-12-09 20:00:00,2021-12-10 03:00:00,0.71508,0.71344,0.71344,0.71835,0.6049,-16.4,-98.98,-98.98,7,stop_loss,21.27834,0.00109,0.91352,1.36869,new_york,2021
AUDUSD,-1,2021-12-10 09:00:00,2021-12-10 15:00:00,0.71566,0.7172,0.7172,0.71259,0.6381,-15.4,-98.0,-98.01,6,stop_loss,14.70963,0.00102,1.21579,1.50209,london,2021
AUDUSD,1,2021-12-14 05:00:00,2021-12-14 15:00:00,0.71022,0.71138,0.70854,0.71358,0.5767,11.6,66.9,66.9,10,time_exit,31.71964,0.00112,-3.44595,0.52464,tokyo,2021
AUDUSD,1,2021-12-14 17:00:00,2021-12-14 18:00:00,0.71256,0.71057,0.71057,0.71654,0.4913,-19.9,-97.68,-97.68,1,stop_loss,23.95851,0.00133,-0.50088,-0.04638,new_york,2021
AUDUSD,-1,2021-12-16 18:00:00,2021-12-17 04:00:00,0.71906,0.71779,0.72136,0.71446,0.4204,12.7,53.39,53.39,10,time_exit,18.35703,0.00153,2.17338,1.19311,new_york,2021
AUDUSD,1,2021-12-17 07:00:00,2021-12-17 17:00:00,0.7168,0.71487,0.71487,0.72065,0.505,-19.3,-97.25,-97.26,10,stop_loss,18.36167,0.00128,0.23956,1.67962,tokyo,2021
AUDUSD,-1,2021-12-20 01:00:00,2021-12-20 09:00:00,0.71271,0.70924,0.71444,0.70924,0.5551,34.7,192.54,192.54,8,take_profit,31.55234,0.00116,-2.49323,0.99876,tokyo,2021
AUDUSD,1,2021-12-22 04:00:00,2021-12-22 05:00:00,0.71479,0.71345,0.71345,0.71746,0.7342,-13.4,-98.19,-98.19,1,stop_loss,22.37139,0.00089,1.65851,-0.33154,tokyo,2021
AUDUSD,-1,2021-12-22 11:00:00,2021-12-22 12:00:00,0.71456,0.71601,0.71601,0.71167,0.6716,-14.5,-97.21,-97.21,1,stop_loss,18.71418,0.00096,1.23888,-0.25224,london,2021
AUDUSD,-1,2021-12-23 01:00:00,2021-12-23 02:00:00,0.72041,0.72192,0.72192,0.71739,0.6367,-15.1,-96.24,-96.25,1,stop_loss,40.24057,0.00101,4.24634,1.72204,tokyo,2021
AUDUSD,1,2021-12-23 06:00:00,2021-12-23 10:00:00,0.72049,0.72351,0.71898,0.72351,0.6316,30.2,190.57,190.57,4,take_profit,35.8831,0.00101,3.48761,2.27422,tokyo,2021
AUDUSD,1,2021-12-23 11:00:00,2021-12-23 21:00:00,0.72334,0.72484,0.72183,0.72636,0.6438,15.0,96.57,96.57,10,time_exit,34.6929,0.00101,5.42856,2.83464,london,2021
AUDUSD,-1,2021-12-24 16:00:00,2021-12-27 06:00:00,0.72328,0.72336,0.72426,0.72132,1.0014,-0.8,-8.01,-8.01,10,time_exit,14.27803,0.00065,2.17139,7.10593,new_york,2021
AUDUSD,-1,2021-12-29 03:00:00,2021-12-29 13:00:00,0.72332,0.7226,0.72476,0.72043,0.6788,7.2,48.87,48.87,10,time_exit,19.78356,0.00096,0.04433,3.58886,tokyo,2021
AUDUSD,1,2021-12-30 03:00:00,2021-12-30 13:00:00,0.72554,0.72648,0.72392,0.72877,0.6095,9.4,57.29,57.29,10,time_exit,24.3451,0.00108,1.70087,2.85218,tokyo,2021
AUDUSD,1,2022-01-03 13:00:00,2022-01-03 15:00:00,0.72497,0.72343,0.72343,0.72804,0.6448,-15.4,-99.14,-99.14,2,stop_loss,17.79857,0.00102,-0.5411,2.66173,london,2022
AUDUSD,-1,2022-01-05 15:00:00,2022-01-05 16:00:00,0.72504,0.72663,0.72663,0.72187,0.619,-15.9,-98.14,-98.14,1,stop_loss,15.99081,0.00106,1.74834,0.59709,london,2022
AUDUSD,-1,2022-01-06 16:00:00,2022-01-07 02:00:00,0.71619,0.71702,0.71808,0.71241,0.5142,-8.3,-42.68,-42.68,10,time_exit,41.27069,0.00126,-3.74723,-0.91169,new_york,2022
AUDUSD,-1,2022-01-10 00:00:00,2022-01-10 03:00:00,0.71708,0.7189,0.7189,0.71345,0.5327,-18.2,-96.74,-96.74,3,stop_loss,27.90758,0.00121,0.21221,-2.23776,tokyo,2022
AUDUSD,1,2022-01-10 22:00:00,2022-01-11 08:00:00,0.71701,0.71733,0.71527,0.72049,0.5506,3.2,17.62,17.62,10,time_exit,23.05687,0.00116,-0.77753,-1.85595,,2022
AUDUSD,-1,2022-01-11 14:00:00,2022-01-11 18:00:00,0.71785,0.71956,0.71956,0.71444,0.5627,-17.1,-95.95,-95.95,4,stop_loss,14.97311,0.00114,-0.18387,-1.5273,london,2022
AUDUSD,-1,2022-01-12 00:00:00,2022-01-12 10:00:00,0.72097,0.72048,0.72265,0.7176,0.5642,4.9,27.65,27.64,10,time_exit,17.8618,0.00112,2.21634,-1.11893,tokyo,2022
AUDUSD,1,2022-01-13 03:00:00,2022-01-13 10:00:00,0.72824,0.73142,0.72665,0.73142,0.5996,31.8,190.53,190.53,7,take_profit,42.18316,0.00106,5.11758,1.88556,tokyo,2022
AUDUSD,-1,2022-01-17 00:00:00,2022-01-17 10:00:00,0.72119,0.72176,0.72295,0.71768,0.5529,-5.7,-31.52,-31.52,10,time_exit,34.1049,0.00117,-3.19823,2.02793,tokyo,2022
AUDUSD,-1,2022-01-17 11:00:00,2022-01-17 21:00:00,0.72174,0.72105,0.72343,0.71836,0.5734,6.9,39.56,39.56,10,time_exit,36.56309,0.00113,-1.84213,0.89024,london,2022
AUDUSD,1,2022-01-18 17:00:00,2022-01-19 03:00:00,0.71851,0.7187,0.71668,0.72216,0.5328,1.9,10.12,10.12,10,time_exit,24.64698,0.00122,-2.25851,-0.77403,new_york,2022
AUDUSD,-1,2022-01-20 07:00:00,2022-01-20 15:00:00,0.72359,0.72535,0.72535,0.72007,0.553,-17.6,-97.35,-97.35,8,stop_loss,27.013,0.00117,1.94516,-0.37587,tokyo,2022
AUDUSD,1,2022-01-25 02:00:00,2022-01-25 06:00:00,0.71542,0.71327,0.71327,0.71972,0.4487,-21.5,-96.37,-96.37,4,stop_loss,27.3603,0.00143,-0.75427,-2.44308,tokyo,2022
AUDUSD,-1,2022-01-26 07:00:00,2022-01-26 17:00:00,0.71608,0.71599,0.71795,0.71235,0.5111,0.9,4.6,4.6,10,time_exit,24.21335,0.00124,0.56168,-2.62661,tokyo,2022
AUDUSD,-1,2022-01-26 19:00:00,2022-01-26 21:00:00,0.71668,0.7132,0.71842,0.7132,0.5491,34.8,190.91,190.9,2,take_profit,27.52085,0.00116,0.72601,-2.22116,new_york,2022
AUDUSD,1,2022-01-31 13:00:00,2022-01-31 23:00:00,0.705,0.70682,0.703,0.709,0.487,18.2,88.63,88.63,10,time_exit,32.74531,0.00133,1.20798,-5.9426,london,2022
AUDUSD,-1,2022-02-01 06:00:00,2022-02-01 07:00:00,0.7038,0.70587,0.70587,0.69965,0.4741,-20.7,-98.26,-98.26,1,stop_loss,23.31604,0.00138,-0.76593,-4.12848,tokyo,2022
AUDUSD,1,2022-02-01 10:00:00,2022-02-01 20:00:00,0.70829,0.71144,0.70604,0.71278,0.4328,31.5,136.33,136.33,10,time_exit,20.24164,0.0015,2.12726,-3.50339,london,2022
AUDUSD,-1,2022-02-02 20:00:00,2022-02-03 06:00:00,0.71373,0.71185,0.71575,0.70968,0.4874,18.8,91.63,91.63,10,time_exit,23.51235,0.00135,2.14395,-0.08696,new_york,2022
AUDUSD,-1,2022-02-03 07:00:00,2022-02-03 15:00:00,0.71187,0.71353,0.71353,0.70856,0.6009,-16.6,-99.55,-99.55,8,stop_loss,16.45945,0.0011,0.25714,0.35208,tokyo,2022
AUDUSD,1,2022-02-08 00:00:00,2022-02-08 07:00:00,0.7125,0.7107,0.7107,0.71611,0.5465,-18.0,-98.56,-98.56,7,stop_loss,29.3744,0.0012,1.76531,-0.39785,tokyo,2022
AUDUSD,1,2022-02-08 14:00:00,2022-02-09 00:00:00,0.71225,0.71436,0.71037,0.71602,0.5182,21.1,109.34,109.34,10,time_exit,26.27138,0.00126,0.70141,0.17205,london,2022
AUDUSD,1,2022-02-09 12:00:00,2022-02-09 22:00:00,0.71633,0.71823,0.71475,0.7195,0.6234,19.0,118.45,118.44,10,time_exit,31.256,0.00106,2.7533,1.49471,london,2022
AUDUSD,-1,2022-02-11 16:00:00,2022-02-14 02:00:00,0.71592,0.71362,0.71857,0.71063,0.3772,23.0,86.76,86.75,10,time_exit,30.82898,0.00176,0.11777,1.06293,new_york,2022
AUDUSD,1,2022-02-15 01:00:00,2022-02-15 11:00:00,0.71252,0.71436,0.71005,0.71746,0.4079,18.4,75.05,75.05,10,time_exit,14.24913,0.00165,-0.55468,-0.12198,tokyo,2022
AUDUSD,-1,2022-02-15 17:00:00,2022-02-15 18:00:00,0.71151,0.71413,0.71413,0.70627,0.3869,-26.2,-101.46,-101.46,1,stop_loss,13.13794,0.00175,-0.9852,-0.14282,new_york,2022
AUDUSD,-1,2022-02-16 13:00:00,2022-02-16 20:00:00,0.71713,0.71891,0.71891,0.71358,0.5656,-17.8,-100.45,-100.45,7,stop_loss,16.23487,0.00118,2.08433,0.67416,london,2022
AUDUSD,1,2022-02-21 17:00:00,2022-02-22 00:00:00,0.72069,0.71858,0.71858,0.72491,0.4718,-21.1,-99.44,-99.44,7,stop_loss,15.79538,0.00141,0.7704,1.93401,new_york,2022
AUDUSD,-1,2022-02-25 07:00:00,2022-02-25 15:00:00,0.71989,0.7228,0.7228,0.71407,0.3386,-29.1,-98.45,-98.45,8,stop_loss,39.68654,0.00194,0.61185,-0.01128,tokyo,2022
AUDUSD,1,2022-02-25 16:00:00,2022-02-28 00:00:00,0.72296,0.72024,0.72024,0.7284,0.3582,-27.2,-97.47,-97.47,8,stop_loss,24.61518,0.00181,2.03598,0.20574,new_york,2022
AUDUSD,-1,2022-02-28 01:00:00,2022-02-28 11:00:00,0.71788,0.72002,0.72096,0.71172,0.3131,-21.4,-67.0,-67.01,10,time_exit,24.17242,0.00205,-1.05042,0.41251,tokyo,2022
AUDUSD,1,2022-02-28 18:00:00,2022-03-01 04:00:00,0.72568,0.72641,0.72314,0.73075,0.378,7.3,27.59,27.59,10,time_exit,22.45643,0.00169,3.18453,0.58316,new_york,2022
AUDUSD,1,2022-03-02 00:00:00,2022-03-02 10:00:00,0.72494,0.72487,0.72277,0.72928,0.4433,-0.7,-3.1,-3.11,10,time_exit,24.57095,0.00145,0.67429,2.28492,tokyo,2022
AUDUSD,1,2022-03-07 04:00:00,2022-03-07 11:00:00,0.74265,0.73968,0.73968,0.7486,0.3229,-29.7,-96.06,-96.06,7,stop_loss,20.6875,0.00198,4.31371,3.52845,tokyo,2022
AUDUSD,-1,2022-03-07 13:00:00,2022-03-07 17:00:00,0.74021,0.7347,0.74297,0.7347,0.3452,55.1,190.23,190.23,4,take_profit,31.05292,0.00184,2.15933,4.31311,london,2022
AUDUSD,-1,2022-03-08 21:00:00,2022-03-09 07:00:00,0.72703,0.72754,0.73014,0.72081,0.3119,-5.1,-15.91,-15.91,10,time_exit,37.3135,0.00207,-2.27551,1.34455,new_york,2022
AUDUSD,1,2022-03-09 08:00:00,2022-03-09 11:00:00,0.72755,0.73232,0.72517,0.73232,0.4063,47.7,193.71,193.71,3,take_profit,32.91736,0.00159,-1.69446,0.87645,tokyo,2022
AUDUSD,1,2022-03-09 12:00:00,2022-03-09 22:00:00,0.73241,0.73258,0.72986,0.73752,0.3869,1.7,6.58,6.58,10,time_exit,28.43561,0.0017,1.2663,0.79699,london,2022
AUDUSD,-1,2022-03-10 14:00:00,2022-03-10 15:00:00,0.73312,0.73519,0.73519,0.72898,0.4778,-20.7,-98.84,-98.84,1,stop_loss,15.86986,0.00138,1.04014,1.43582,london,2022
AUDUSD,1,2022-03-10 16:00:00,2022-03-11 02:00:00,0.7347,0.73503,0.73241,0.73928,0.4278,3.3,14.12,14.12,10,time_exit,17.12984,0.00153,1.8617,1.36285,new_york,2022
AUDUSD,1,2022-03-11 19:00:00,2022-03-11 22:00:00,0.73076,0.72857,0.72857,0.73515,0.4465,-21.9,-98.0,-98.01,3,stop_loss,14.45042,0.00146,-1.52883,1.52436,new_york,2022
AUDUSD,1,2022-03-11 23:00:00,2022-03-14 05:00:00,0.72854,0.72646,0.72646,0.73269,0.4671,-20.8,-97.01,-97.02,6,stop_loss,17.31936,0.00138,-2.86013,1.28346,,2022
AUDUSD,1,2022-03-15 03:00:00,2022-03-15 04:00:00,0.71984,0.71739,0.71739,0.72474,0.3919,-24.5,-96.06,-96.06,1,stop_loss,43.43699,0.00163,-3.84685,-1.76481,tokyo,2022
AUDUSD,-1,2022-03-15 13:00:00,2022-03-15 15:00:00,0.71883,0.72137,0.72137,0.71375,0.3747,-25.4,-95.09,-95.09,2,stop_loss,43.34092,0.00169,-2.82387,-2.61249,london,2022
AUDUSD,-1,2022-03-16 09:00:00,2022-03-16 14:00:00,0.72253,0.72464,0.72464,0.71831,0.4458,-21.1,-94.13,-94.14,5,stop_loss,20.88601,0.00141,0.65009,-3.51495,london,2022
AUDUSD,-1,2022-03-17 00:00:00,2022-03-17 03:00:00,0.72893,0.73182,0.73182,0.72316,0.3229,-28.9,-93.2,-93.2,3,stop_loss,26.8441,0.00192,3.01909,-1.5729,tokyo,2022
AUDUSD,1,2022-03-21 15:00:00,2022-03-22 01:00:00,0.7386,0.73992,0.73659,0.74261,0.4597,13.2,60.68,60.68,10,time_exit,20.34484,0.00134,0.73771,4.44706,london,2022
AUDUSD,-1,2022-03-22 12:00:00,2022-03-22 13:00:00,0.74065,0.74294,0.74294,0.73607,0.4051,-22.9,-92.86,-92.87,1,stop_loss,13.86756,0.00153,1.28962,3.61354,london,2022
AUDUSD,-1,2022-03-22 17:00:00,2022-03-22 23:00:00,0.74476,0.74698,0.74698,0.74032,0.4137,-22.2,-91.94,-91.94,6,stop_loss,21.25852,0.00148,3.54272,3.95251,new_york,2022
AUDUSD,-1,2022-03-23 02:00:00,2022-03-23 12:00:00,0.74734,0.74765,0.74934,0.74333,0.4544,-3.1,-14.09,-14.09,10,time_exit,31.45717,0.00134,4.47256,5.01253,tokyo,2022
AUDUSD,-1,2022-03-23 22:00:00,2022-03-24 08:00:00,0.75062,0.74839,0.75274,0.74639,0.4293,22.3,95.73,95.73,10,time_exit,31.15727,0.00141,4.15623,5.51268,,2022
AUDUSD,-1,2022-03-28 06:00:00,2022-03-28 16:00:00,0.75193,0.7476,0.75409,0.7476,0.4246,43.3,183.7,183.7,10,take_profit,11.24794,0.00144,1.096,5.22544,tokyo,2022
AUDUSD,-1,2022-03-30 17:00:00,2022-03-31 03:00:00,0.75204,0.7511,0.75423,0.74766,0.428,9.4,40.23,40.23,10,time_exit,8.02443,0.00146,0.82096,3.13261,new_york,2022
AUDUSD,1,2022-03-31 04:00:00,2022-03-31 06:00:00,0.75106,0.74896,0.74896,0.75526,0.4476,-21.0,-94.09,-94.09,2,stop_loss,6.53555,0.0014,0.13172,2.9564,tokyo,2022
AUDUSD,1,2022-03-31 15:00:00,2022-04-01 01:00:00,0.74826,0.74888,0.74624,0.75231,0.4603,6.2,28.54,28.54,10,time_exit,11.77469,0.00135,-1.33806,2.32284,london,2022
AUDUSD,1,2022-04-01 10:00:00,2022-04-01 11:00:00,0.74772,0.7514,0.74588,0.7514,0.5072,36.8,186.86,186.86,1,take_profit,12.18041,0.00123,-1.2821,1.65916,london,2022
AUDUSD,1,2022-04-04 15:00:00,2022-04-04 17:00:00,0.75073,0.75413,0.74903,0.75413,0.5605,34.0,190.6,190.59,2,take_profit,13.29522,0.00113,0.48587,1.8363,london,2022
AUDUSD,1,2022-04-04 20:00:00,2022-04-05 06:00:00,0.75401,0.75388,0.75211,0.7578,0.5127,-1.3,-6.67,-6.67,10,time_exit,22.36849,0.00126,2.56569,1.90807,new_york,2022
AUDUSD,1,2022-04-05 22:00:00,2022-04-06 04:00:00,0.75941,0.75684,0.75684,0.76455,0.3782,-25.7,-97.13,-97.13,6,stop_loss,43.2978,0.00171,1.77093,3.2956,,2022
AUDUSD,1,2022-04-06 04:00:00,2022-04-06 14:00:00,0.75783,0.75712,0.75558,0.76232,0.4281,-7.1,-30.4,-30.4,10,time_exit,29.24821,0.0015,0.73228,3.71606,tokyo,2022
AUDUSD,1,2022-04-07 08:00:00,2022-04-07 18:00:00,0.74788,0.74711,0.74562,0.7524,0.4244,-7.7,-32.68,-32.68,10,time_exit,41.38889,0.00151,-4.12936,1.55,tokyo,2022
AUDUSD,1,2022-04-08 23:00:00,2022-04-11 03:00:00,0.74578,0.744,0.744,0.74933,0.5379,-17.8,-95.54,-95.54,4,stop_loss,23.07764,0.00118,-2.13369,-1.65518,,2022
AUDUSD,1,2022-04-11 09:00:00,2022-04-11 10:00:00,0.74464,0.74282,0.74282,0.74827,0.521,-18.2,-94.57,-94.58,1,stop_loss,28.40224,0.00121,-1.97424,-2.20279,london,2022
AUDUSD,-1,2022-04-11 13:00:00,2022-04-11 23:00:00,0.74534,0.7419,0.74745,0.74113,0.4447,34.4,152.98,152.97,10,time_exit,29.65428,0.0014,-0.86928,-2.07465,london,2022
AUDUSD,1,2022-04-12 00:00:00,2022-04-12 10:00:00,0.74127,0.74346,0.73934,0.74513,0.4929,21.9,107.95,107.94,10,time_exit,28.13868,0.00129,-2.54271,-2.79631,tokyo,2022
AUDUSD,1,2022-04-13 20:00:00,2022-04-14 06:00:00,0.74404,0.74589,0.74163,0.74887,0.3986,18.5,73.74,73.74,10,time_exit,20.46571,0.00161,-0.06191,-1.83365,new_york,2022
AUDUSD,1,2022-04-15 20:00:00,2022-04-18 05:00:00,0.73921,0.73804,0.73804,0.74156,0.8255,-11.7,-96.98,-96.98,9,stop_loss,34.03997,0.00078,-3.33598,-4.34046,new_york,2022
AUDUSD,-1,2022-04-20 22:00:00,2022-04-21 08:00:00,0.744,0.74414,0.74623,0.73953,0.4299,-1.4,-6.02,-6.02,10,time_exit,16.47447,0.00149,2.29732,-0.92847,,2022
AUDUSD,1,2022-04-22 21:00:00,2022-04-25 03:00:00,0.72408,0.72171,0.72171,0.72882,0.4049,-23.7,-95.94,-95.94,6,stop_loss,65.48651,0.00158,-6.96767,-3.06994,new_york,2022
AUDUSD,-1,2022-04-25 08:00:00,2022-04-25 11:00:00,0.71663,0.71907,0.71907,0.71174,0.3887,-24.4,-94.98,-94.98,3,stop_loss,74.85873,0.00163,-8.32619,-4.82092,tokyo,2022
AUDUSD,1,2022-04-26 19:00:00,2022-04-27 05:00:00,0.71432,0.71614,0.71153,0.7199,0.3371,18.2,61.35,61.35,10,time_exit,24.05099,0.00186,-3.70921,-5.8679,new_york,2022
AUDUSD,-1,2022-04-27 23:00:00,2022-04-28 09:00:00,0.71219,0.71171,0.71526,0.70606,0.3087,4.8,14.82,14.82,10,time_exit,24.5391,0.00204,-2.10337,-5.53019,,2022
AUDUSD,-1,2022-04-28 16:00:00,2022-04-28 20:00:00,0.70757,0.71095,0.71095,0.7008,0.2802,-33.8,-94.81,-94.81,4,stop_loss,27.03167,0.00226,-2.75115,-5.05123,new_york,2022
AUDUSD,-1,2022-04-29 06:00:00,2022-04-29 07:00:00,0.71172,0.71447,0.71447,0.70622,0.3411,-27.5,-93.85,-93.85,1,stop_loss,19.85543,0.00183,-0.31176,-5.95892,tokyo,2022
AUDUSD,1,2022-04-29 12:00:00,2022-04-29 17:00:00,0.71461,0.71171,0.71171,0.72041,0.3205,-29.0,-92.93,-92.93,5,stop_loss,18.86155,0.00193,0.9504,-5.14358,london,2022
AUDUSD,1,2022-05-02 07:00:00,2022-05-02 17:00:00,0.70516,0.70481,0.7023,0.71088,0.3215,-3.5,-11.25,-11.25,10,time_exit,30.33189,0.00191,-2.86453,-5.12968,tokyo,2022
AUDUSD,-1,2022-05-02 23:00:00,2022-05-03 03:00:00,0.70524,0.70808,0.70808,0.69956,0.3237,-28.4,-91.87,-91.87,4,stop_loss,21.7904,0.00189,-1.46833,-5.34596,,2022
AUDUSD,-1,2022-05-04 12:00:00,2022-05-04 15:00:00,0.7119,0.71429,0.71429,0.70712,0.3805,-23.9,-90.95,-90.95,3,stop_loss,16.10048,0.00159,1.3996,-3.71293,london,2022
AUDUSD,1,2022-05-05 08:00:00,2022-05-05 14:00:00,0.72352,0.72026,0.72026,0.73004,0.276,-32.6,-90.03,-90.03,6,stop_loss,43.87355,0.00217,3.57242,-0.2833,tokyo,2022
AUDUSD,1,2022-05-05 19:00:00,2022-05-06 05:00:00,0.70911,0.71051,0.70529,0.71675,0.2333,14.0,32.66,32.66,10,time_exit,33.87238,0.00255,-2.99923,0.04854,new_york,2022
AUDUSD,1,2022-05-06 18:00:00,2022-05-09 01:00:00,0.71012,0.70607,0.70607,0.71823,0.2207,-40.5,-89.47,-89.47,7,stop_loss,27.28582,0.0027,-0.86361,-1.02212,new_york,2022
AUDUSD,1,2022-05-09 03:00:00,2022-05-09 04:00:00,0.70446,0.70111,0.70111,0.71117,0.264,-33.5,-88.57,-88.57,1,stop_loss,20.60716,0.00224,-2.862,-1.64286,tokyo,2022
AUDUSD,1,2022-05-09 14:00:00,2022-05-09 18:00:00,0.70057,0.6976,0.6976,0.70651,0.2951,-29.7,-87.7,-87.7,4,stop_loss,33.13918,0.00198,-3.39328,-2.93845,london,2022
AUDUSD,-1,2022-05-10 04:00:00,2022-05-10 05:00:00,0.69209,0.69539,0.69539,0.6855,0.2635,-33.0,-86.82,-86.83,1,stop_loss,33.76198,0.0022,-4.806,-3.7731,tokyo,2022
AUDUSD,-1,2022-05-10 07:00:00,2022-05-10 17:00:00,0.69697,0.69386,0.70041,0.69008,0.2495,31.1,77.59,77.59,10,time_exit,31.69739,0.0023,-2.14883,-3.7632,tokyo,2022
AUDUSD,-1,2022-05-11 15:00:00,2022-05-11 16:00:00,0.70145,0.70417,0.70417,0.69601,0.3185,-27.2,-86.71,-86.71,1,stop_loss_ambiguous,21.8105,0.00181,1.93537,-4.75922,london,2022
AUDUSD,-1,2022-05-13 03:00:00,2022-05-13 10:00:00,0.68682,0.69039,0.69039,0.67967,0.2403,-35.7,-85.86,-85.86,7,stop_loss,36.57214,0.00238,-1.69079,-4.48079,tokyo,2022
AUDUSD,1,2022-05-13 12:00:00,2022-05-13 22:00:00,0.68884,0.69288,0.68554,0.69543,0.2578,40.4,104.15,104.15,10,time_exit,23.34927,0.0022,-0.59554,-4.66706,london,2022
AUDUSD,-1,2022-05-17 23:00:00,2022-05-18 09:00:00,0.7021,0.70138,0.70491,0.69648,0.3063,7.2,22.05,22.05,10,time_exit,33.30032,0.00187,2.396,-0.50704,,2022
AUDUSD,1,2022-05-20 02:00:00,2022-05-20 05:00:00,0.70456,0.70165,0.70165,0.71037,0.2968,-29.1,-86.26,-86.26,3,stop_loss,22.1716,0.00194,1.73816,0.8259,tokyo,2022
AUDUSD,-1,2022-05-20 10:00:00,2022-05-20 20:00:00,0.70476,0.70225,0.70761,0.69907,0.3001,25.1,75.33,75.32,10,time_exit,17.18401,0.0019,1.62828,0.96102,london,2022
AUDUSD,-1,2022-05-23 06:00:00,2022-05-23 08:00:00,0.70902,0.71188,0.71188,0.70331,0.3015,-28.6,-86.14,-86.14,2,stop_loss,19.7322,0.0019,2.74893,1.53563,tokyo,2022
AUDUSD,1,2022-05-23 08:00:00,2022-05-23 18:00:00,0.70888,0.70994,0.70617,0.7143,0.3149,10.6,33.38,33.38,10,time_exit,22.06004,0.00181,2.6101,1.7494,tokyo,2022
AUDUSD,-1,2022-05-24 13:00:00,2022-05-24 19:00:00,0.70731,0.70984,0.70984,0.70226,0.3388,-25.3,-85.62,-85.62,6,stop_loss,18.17244,0.00168,-0.2061,2.67162,london,2022
AUDUSD,1,2022-05-25 02:00:00,2022-05-25 04:00:00,0.71127,0.70864,0.70864,0.71653,0.3226,-26.3,-84.77,-84.77,2,stop_loss,14.85282,0.00175,1.70023,2.50698,tokyo,2022
AUDUSD,1,2022-05-25 04:00:00,2022-05-25 13:00:00,0.70927,0.70675,0.70675,0.7143,0.3334,-25.2,-83.91,-83.91,9,stop_loss,14.41925,0.00168,0.52981,2.61416,tokyo,2022
AUDUSD,1,2022-05-26 10:00:00,2022-05-26 20:00:00,0.7075,0.70907,0.70473,0.71304,0.2999,15.7,47.08,47.08,10,time_exit,13.3237,0.00185,-0.39108,1.68882,london,2022
AUDUSD,-1,2022-05-27 10:00:00,2022-05-27 15:00:00,0.71262,0.71491,0.71491,0.70805,0.3654,-22.9,-83.55,-83.56,5,stop_loss,25.22849,0.00152,1.94809,2.28538,london,2022
AUDUSD,1,2022-05-30 13:00:00,2022-05-30 23:00:00,0.71897,0.71968,0.71701,0.72288,0.4227,7.1,30.01,30.01,10,time_exit,41.96157,0.0013,3.6689,4.32158,london,2022
AUDUSD,1,2022-05-31 16:00:00,2022-05-31 19:00:00,0.71498,0.71899,0.71298,0.71899,0.4142,40.1,166.04,166.04,3,take_profit,23.89801,0.00134,-1.53352,4.5653,new_york,2022
AUDUSD,-1,2022-06-01 21:00:00,2022-06-02 07:00:00,0.71837,0.71644,0.72116,0.71279,0.3034,19.3,58.56,58.55,10,time_exit,17.27318,0.00186,0.20949,2.78701,new_york,2022
AUDUSD,-1,2022-06-02 22:00:00,2022-06-03 03:00:00,0.72544,0.7279,0.7279,0.72052,0.3465,-24.6,-85.27,-85.27,5,stop_loss,26.56922,0.00164,3.57535,3.17028,,2022
AUDUSD,1,2022-06-03 07:00:00,2022-06-03 15:00:00,0.72583,0.72392,0.72392,0.72966,0.441,-19.1,-84.41,-84.41,8,stop_loss,39.01386,0.00128,3.32856,4.86094,tokyo,2022
AUDUSD,1,2022-06-03 17:00:00,2022-06-03 18:00:00,0.72389,0.72177,0.72177,0.72812,0.3949,-21.2,-83.56,-83.56,1,stop_loss,32.81221,0.00141,0.87835,4.5129,new_york,2022
AUDUSD,1,2022-06-06 04:00:00,2022-06-06 14:00:00,0.72006,0.72251,0.71801,0.72416,0.4035,24.5,98.86,98.86,10,time_exit,32.14554,0.00137,-1.45301,3.86032,tokyo,2022
AUDUSD,-1,2022-06-07 12:00:00,2022-06-07 17:00:00,0.71833,0.72127,0.72127,0.71245,0.2846,-29.4,-83.72,-83.72,5,stop_loss,30.12801,0.00196,-0.95901,1.32173,london,2022
AUDUSD,-1,2022-06-08 08:00:00,2022-06-08 16:00:00,0.7194,0.72179,0.72179,0.71463,0.3472,-23.9,-82.88,-82.88,8,stop_loss,25.93235,0.00159,-0.86472,1.59972,tokyo,2022
AUDUSD,1,2022-06-13 13:00:00,2022-06-13 17:00:00,0.69655,0.69378,0.69378,0.70209,0.2962,-27.7,-82.03,-82.04,4,stop_loss,47.63368,0.00185,-5.85285,-3.66715,london,2022
AUDUSD,-1,2022-06-14 10:00:00,2022-06-14 13:00:00,0.69596,0.69,0.69894,0.69,0.2728,59.6,162.47,162.47,3,take_profit,31.35368,0.00199,-2.06312,-5.20769,london,2022
AUDUSD,1,2022-06-14 21:00:00,2022-06-15 07:00:00,0.6871,0.68995,0.68383,0.69364,0.2535,28.5,72.25,72.25,10,time_exit,30.10831,0.00218,-4.28136,-5.46196,new_york,2022
AUDUSD,1,2022-06-15 23:00:00,2022-06-16 09:00:00,0.70051,0.69834,0.69674,0.70806,0.2215,-21.7,-48.07,-48.07,10,time_exit,26.43357,0.00252,2.54095,-4.16359,,2022
AUDUSD,-1,2022-06-17 05:00:00,2022-06-17 15:00:00,0.70267,0.69791,0.70607,0.69587,0.2443,47.6,116.29,116.28,10,time_exit,21.63824,0.00227,1.53729,-1.97296,tokyo,2022
AUDUSD,1,2022-06-20 19:00:00,2022-06-20 20:00:00,0.69802,0.6955,0.6955,0.70306,0.3344,-25.2,-84.26,-84.26,1,stop_loss,19.06957,0.00168,0.50148,-2.54184,new_york,2022
AUDUSD,1,2022-06-20 20:00:00,2022-06-21 06:00:00,0.69642,0.69778,0.69388,0.70149,0.3289,13.6,44.73,44.73,10,time_exit,18.57002,0.00169,-0.43625,-2.51387,new_york,2022
AUDUSD,1,2022-06-21 08:00:00,2022-06-21 14:00:00,0.69673,0.69441,0.69441,0.70138,0.3608,-23.2,-83.86,-83.86,6,stop_loss,16.30314,0.00155,-0.06368,-2.57051,tokyo,2022
AUDUSD,-1,2022-06-21 19:00:00,2022-06-22 05:00:00,0.69726,0.6919,0.69994,0.6919,0.3097,53.6,166.02,166.02,10,take_profit,13.8343,0.00179,0.29446,-2.01298,new_york,2022
AUDUSD,1,2022-06-22 10:00:00,2022-06-22 11:00:00,0.6908,0.6884,0.6884,0.69559,0.3535,-24.0,-84.68,-84.68,1,stop_loss,20.55853,0.0016,-3.12715,-2.39324,london,2022
AUDUSD,1,2022-06-24 16:00:00,2022-06-27 02:00:00,0.69135,0.69578,0.68914,0.69578,0.3786,44.3,167.69,167.68,10,take_profit,8.92555,0.00148,0.20943,-3.22516,new_york,2022
AUDUSD,1,2022-06-27 03:00:00,2022-06-27 04:00:00,0.69435,0.69207,0.69207,0.69891,0.3754,-22.8,-85.51,-85.51,1,stop_loss,18.85438,0.00152,1.51387,-2.30572,tokyo,2022
AUDUSD,-1,2022-06-27 07:00:00,2022-06-27 10:00:00,0.69194,0.6945,0.6945,0.68681,0.3302,-25.6,-84.65,-84.65,3,stop_loss,15.43305,0.00171,-0.09108,-1.97913,tokyo,2022
AUDUSD,-1,2022-06-29 01:00:00,2022-06-29 11:00:00,0.6906,0.6878,0.69271,0.68638,0.3971,28.0,111.19,111.19,10,time_exit,18.32304,0.00141,-1.44394,-1.40527,tokyo,2022
AUDUSD,1,2022-07-01 20:00:00,2022-07-04 06:00:00,0.67846,0.68046,0.6753,0.68477,0.2692,20.0,53.84,53.84,10,time_exit,46.66083,0.0021,-3.25483,-2.54409,new_york,2022
AUDUSD,1,2022-07-04 15:00:00,2022-07-04 17:00:00,0.68783,0.6852,0.6852,0.6931,0.3245,-26.3,-85.46,-85.46,2,stop_loss,28.65411,0.00176,1.94585,-2.83944,london,2022
AUDUSD,-1,2022-07-05 11:00:00,2022-07-05 21:00:00,0.68169,0.67902,0.68448,0.67611,0.3035,26.7,81.03,81.03,10,time_exit,18.60054,0.00186,-2.09077,-1.77682,london,2022
AUDUSD,1,2022-07-06 23:00:00,2022-07-07 09:00:00,0.67864,0.68077,0.6758,0.68432,0.301,21.3,64.11,64.11,10,time_exit,15.08596,0.00189,-1.10375,-2.76142,,2022
AUDUSD,1,2022-07-08 06:00:00,2022-07-08 10:00:00,0.6833,0.68104,0.68104,0.68782,0.3804,-22.6,-86.06,-86.06,4,stop_loss,21.78021,0.00151,0.64728,-1.79583,tokyo,2022
AUDUSD,1,2022-07-08 13:00:00,2022-07-08 15:00:00,0.68194,0.67968,0.67968,0.68645,0.3775,-22.6,-85.19,-85.2,2,stop_loss,17.12311,0.0015,-0.23471,-1.68935,london,2022
AUDUSD,-1,2022-07-08 21:00:00,2022-07-11 07:00:00,0.68437,0.6822,0.68752,0.67807,0.2676,21.7,58.07,58.07,10,time_exit,13.8881,0.0021,0.77084,-0.96145,new_york,2022
AUDUSD,1,2022-07-12 15:00:00,2022-07-13 01:00:00,0.67346,0.6753,0.67098,0.67843,0.3419,18.4,62.91,62.91,10,time_exit,49.8382,0.00166,-1.9357,-3.21662,london,2022
AUDUSD,1,2022-07-13 05:00:00,2022-07-13 15:00:00,0.67566,0.67353,0.67353,0.67992,0.4015,-21.3,-85.55,-85.55,10,stop_loss_ambiguous,26.29172,0.00142,-0.46713,-3.43637,tokyo,2022
AUDUSD,1,2022-07-15 06:00:00,2022-07-15 09:00:00,0.6755,0.67247,0.67247,0.68157,0.2791,-30.3,-84.68,-84.69,3,stop_loss,15.36801,0.00202,0.2122,-1.89687,tokyo,2022
AUDUSD,-1,2022-07-18 17:00:00,2022-07-19 03:00:00,0.68377,0.68051,0.68625,0.6788,0.3376,32.6,110.06,110.06,10,time_exit,29.10171,0.00166,2.92943,-0.05542,new_york,2022
AUDUSD,1,2022-07-19 03:00:00,2022-07-19 08:00:00,0.68097,0.68499,0.67896,0.68499,0.4228,40.2,169.92,169.92,5,take_profit,19.74372,0.00134,0.77572,0.45747,tokyo,2022
AUDUSD,-1,2022-07-19 08:00:00,2022-07-19 10:00:00,0.68384,0.6859,0.6859,0.67971,0.4199,-20.6,-86.64,-86.64,2,stop_loss,19.77916,0.00138,2.50567,0.67672,tokyo,2022
AUDUSD,-1,2022-07-19 13:00:00,2022-07-19 23:00:00,0.6895,0.68985,0.69188,0.68475,0.3609,-3.5,-12.63,-12.63,10,time_exit,30.27938,0.00158,4.93208,1.15184,london,2022
AUDUSD,-1,2022-07-20 15:00:00,2022-07-21 01:00:00,0.69009,0.68864,0.69239,0.68548,0.3716,14.5,53.88,53.88,10,time_exit,31.31831,0.00154,1.73085,3.35043,london,2022
AUDUSD,-1,2022-07-21 03:00:00,2022-07-21 07:00:00,0.68839,0.69044,0.69044,0.68428,0.42,-20.5,-86.21,-86.21,4,stop_loss,19.51224,0.00137,0.30768,3.60971,tokyo,2022
AUDUSD,-1,2022-07-21 14:00:00,2022-07-21 15:00:00,0.68731,0.6895,0.6895,0.68294,0.3904,-21.9,-85.34,-85.34,1,stop_loss,18.43127,0.00146,-0.63969,3.1629,london,2022
AUDUSD,-1,2022-07-22 09:00:00,2022-07-22 13:00:00,0.69041,0.69259,0.69259,0.68605,0.3877,-21.8,-84.49,-84.5,4,stop_loss,23.27552,0.00145,0.4498,3.33574,london,2022
AUDUSD,1,2022-07-25 19:00:00,2022-07-26 05:00:00,0.69533,0.6976,0.69301,0.69998,0.3601,22.7,81.74,81.74,10,time_exit,19.39001,0.00155,1.96716,3.26681,new_york,2022
AUDUSD,1,2022-07-26 13:00:00,2022-07-26 15:00:00,0.69455,0.6925,0.6925,0.69864,0.4127,-20.5,-84.45,-84.45,2,stop_loss,18.85073,0.00136,0.31977,4.00781,london,2022
AUDUSD,1,2022-07-27 09:00:00,2022-07-27 18:00:00,0.6939,0.69175,0.69175,0.69821,0.3883,-21.5,-83.62,-83.62,9,stop_loss,13.08026,0.00144,0.02726,2.9997,london,2022
AUDUSD,1,2022-07-29 20:00:00,2022-08-01 06:00:00,0.69778,0.69829,0.69456,0.70421,0.2574,5.1,13.13,13.13,10,time_exit,25.12467,0.00214,-0.01558,2.13087,new_york,2022
AUDUSD,1,2022-08-02 00:00:00,2022-08-02 07:00:00,0.70185,0.6995,0.6995,0.70654,0.3533,-23.5,-82.9,-82.9,7,stop_loss,18.10078,0.00156,1.48907,3.24325,tokyo,2022
AUDUSD,1,2022-08-03 03:00:00,2022-08-03 13:00:00,0.68902,0.69294,0.6864,0.69425,0.3138,39.2,123.01,123.01,10,time_exit,33.06424,0.00174,-4.22445,0.71128,tokyo,2022
AUDUSD,1,2022-08-04 03:00:00,2022-08-04 12:00:00,0.69372,0.69783,0.69166,0.69783,0.405,41.1,166.6,166.6,9,take_profit,13.59891,0.00137,-0.65374,-0.1093,tokyo,2022
AUDUSD,1,2022-08-05 15:00:00,2022-08-05 16:00:00,0.69503,0.69329,0.69329,0.6985,0.4894,-17.4,-84.98,-84.98,1,stop_loss,12.59297,0.00116,-0.709,0.52976,london,2022
AUDUSD,1,2022-08-08 04:00:00,2022-08-08 10:00:00,0.69088,0.69516,0.68874,0.69516,0.3928,42.8,168.23,168.23,6,take_profit,33.84763,0.00143,-1.9869,-0.65613,tokyo,2022
AUDUSD,1,2022-08-08 12:00:00,2022-08-08 17:00:00,0.69596,0.70025,0.69381,0.70025,0.3997,42.9,171.6,171.59,5,take_profit,25.95147,0.00143,1.46183,-0.5381,london,2022
AUDUSD,1,2022-08-09 06:00:00,2022-08-09 09:00:00,0.69839,0.69663,0.69663,0.70191,0.4976,-17.6,-87.52,-87.53,3,stop_loss,31.04574,0.00117,1.84185,0.79629,tokyo,2022
AUDUSD,-1,2022-08-09 14:00:00,2022-08-10 00:00:00,0.69784,0.69632,0.69966,0.6942,0.4758,15.2,72.32,72.32,10,time_exit,21.4967,0.00121,0.93,1.02472,london,2022
AUDUSD,-1,2022-08-11 10:00:00,2022-08-11 14:00:00,0.70924,0.7114,0.7114,0.70493,0.4051,-21.6,-87.36,-87.36,4,stop_loss,35.52281,0.00144,4.59862,3.3523,london,2022
AUDUSD,-1,2022-08-11 14:00:00,2022-08-11 15:00:00,0.70986,0.71199,0.71199,0.70561,0.4068,-21.3,-86.49,-86.5,1,stop_loss,38.23674,0.00142,4.3326,3.84733,london,2022
AUDUSD,1,2022-08-15 11:00:00,2022-08-15 12:00:00,0.70625,0.7042,0.7042,0.71036,0.417,-20.5,-85.63,-85.63,1,stop_loss,21.14583,0.00137,-2.34157,4.84206,london,2022
AUDUSD,1,2022-08-18 05:00:00,2022-08-18 09:00:00,0.69313,0.69066,0.69066,0.69808,0.3427,-24.7,-84.77,-84.77,4,stop_loss,33.36954,0.00165,-2.89815,-1.83529,tokyo,2022
AUDUSD,-1,2022-08-18 19:00:00,2022-08-19 05:00:00,0.69288,0.69179,0.69572,0.68721,0.296,10.9,32.26,32.26,10,time_exit,19.70156,0.00189,-1.7175,-2.04098,new_york,2022
AUDUSD,-1,2022-08-19 06:00:00,2022-08-19 16:00:00,0.69181,0.68822,0.6941,0.68723,0.3677,35.9,132.0,132.0,10,time_exit,15.01809,0.00153,-1.68065,-3.08359,tokyo,2022
AUDUSD,-1,2022-08-23 09:00:00,2022-08-23 16:00:00,0.68778,0.68965,0.68965,0.68404,0.4577,-18.7,-85.57,-85.57,7,stop_loss,13.84626,0.00125,-1.32647,-4.44448,london,2022
AUDUSD,-1,2022-08-24 05:00:00,2022-08-24 15:00:00,0.69054,0.68892,0.69293,0.68577,0.3551,16.2,57.53,57.52,10,time_exit,17.66304,0.00159,0.06004,-2.39945,tokyo,2022
AUDUSD,1,2022-08-25 16:00:00,2022-08-26 02:00:00,0.69648,0.69621,0.69416,0.70112,0.3675,-2.7,-9.92,-9.92,10,time_exit,32.8472,0.00155,2.36104,-0.66004,new_york,2022
AUDUSD,-1,2022-08-29 03:00:00,2022-08-29 13:00:00,0.68648,0.68643,0.68884,0.68176,0.3611,0.5,1.81,1.8,10,time_exit,31.08888,0.00157,-4.48044,-0.3533,tokyo,2022
AUDUSD,-1,2022-08-30 10:00:00,2022-08-30 11:00:00,0.69111,0.6936,0.6936,0.68614,0.3426,-24.9,-85.21,-85.22,1,stop_loss,24.61063,0.00166,0.53076,-1.41883,london,2022
AUDUSD,1,2022-08-30 16:00:00,2022-08-30 17:00:00,0.69106,0.68843,0.68843,0.69632,0.3205,-26.3,-84.37,-84.37,1,stop_loss,30.01488,0.00175,0.08012,-0.98638,new_york,2022
AUDUSD,-1,2022-08-30 17:00:00,2022-08-31 03:00:00,0.68966,0.68605,0.69241,0.68417,0.304,36.1,109.74,109.74,10,time_exit,27.87483,0.00183,-0.61864,-0.95447,new_york,2022
AUDUSD,1,2022-09-01 19:00:00,2022-09-02 05:00:00,0.67779,0.67883,0.67478,0.68381,0.2811,10.4,29.23,29.23,10,time_exit,22.87268,0.00201,-3.30061,-2.45531,new_york,2022
AUDUSD,1,2022-09-02 08:00:00,2022-09-02 15:00:00,0.67867,0.68302,0.6765,0.68302,0.3905,43.5,169.79,169.79,7,take_profit,26.63602,0.00145,-2.37428,-4.08829,tokyo,2022
AUDUSD,1,2022-09-05 16:00:00,2022-09-06 02:00:00,0.67983,0.68112,0.67737,0.68474,0.3527,12.9,45.5,45.5,10,time_exit,10.82373,0.00164,-0.3367,-3.32204,new_york,2022
AUDUSD,1,2022-09-06 23:00:00,2022-09-07 04:00:00,0.67331,0.671,0.671,0.67793,0.3765,-23.1,-87.05,-87.06,5,stop_loss,33.44511,0.00154,-3.29439,-3.51098,,2022
AUDUSD,1,2022-09-08 05:00:00,2022-09-08 15:00:00,0.67357,0.67328,0.67123,0.67825,0.3681,-2.9,-10.67,-10.68,10,time_exit,26.07878,0.00156,-0.96741,-3.84862,tokyo,2022
AUDUSD,1,2022-09-12 19:00:00,2022-09-13 05:00:00,0.68853,0.68681,0.68629,0.69302,0.3835,-17.2,-65.96,-65.96,10,time_exit,26.75252,0.0015,3.43633,1.28048,new_york,2022
AUDUSD,-1,2022-09-13 19:00:00,2022-09-14 05:00:00,0.67626,0.67314,0.67963,0.66951,0.2533,31.2,79.03,79.03,10,time_exit,28.66883,0.00225,-3.98235,1.1536,new_york,2022
AUDUSD,-1,2022-09-14 07:00:00,2022-09-14 17:00:00,0.67291,0.67556,0.67556,0.66762,0.3257,-26.5,-86.2,-86.2,10,stop_loss,45.72808,0.00176,-4.51825,-0.43464,tokyo,2022
AUDUSD,1,2022-09-15 04:00:00,2022-09-15 13:00:00,0.67457,0.67227,0.67227,0.67917,0.3709,-23.0,-85.33,-85.34,9,stop_loss,22.73608,0.00153,-1.56749,-2.07794,tokyo,2022
AUDUSD,1,2022-09-16 09:00:00,2022-09-16 10:00:00,0.67054,0.6682,0.6682,0.67522,0.3609,-23.4,-84.49,-84.49,1,stop_loss,17.85133,0.00156,-1.88173,-3.02942,london,2022
AUDUSD,-1,2022-09-19 03:00:00,2022-09-19 11:00:00,0.67251,0.66782,0.67486,0.66782,0.3564,46.9,167.3,167.3,8,take_profit,17.64136,0.00156,0.47291,-3.24042,tokyo,2022
AUDUSD,-1,2022-09-21 15:00:00,2022-09-21 21:00:00,0.6672,0.66932,0.66932,0.66296,0.4022,-21.2,-85.31,-85.31,6,stop_loss_ambiguous,26.12089,0.00141,-1.48829,-3.03388,london,2022
AUDUSD,1,2022-09-23 07:00:00,2022-09-23 11:00:00,0.66181,0.65916,0.65916,0.66711,0.3189,-26.5,-84.46,-84.46,4,stop_loss,14.90722,0.00177,-1.57842,-3.20032,tokyo,2022
AUDUSD,-1,2022-09-23 17:00:00,2022-09-26 03:00:00,0.65655,0.65071,0.65947,0.65071,0.2862,58.4,167.24,167.23,10,take_profit,23.46876,0.00195,-3.1401,-3.32733,new_york,2022
AUDUSD,1,2022-09-26 03:00:00,2022-09-26 04:00:00,0.65307,0.65018,0.65018,0.65884,0.2955,-28.9,-85.29,-85.3,1,stop_loss,39.94252,0.00192,-3.32784,-4.22544,tokyo,2022
AUDUSD,-1,2022-09-27 01:00:00,2022-09-27 03:00:00,0.64555,0.64892,0.64892,0.6388,0.2503,-33.7,-84.44,-84.45,2,stop_loss,38.00852,0.00225,-3.32768,-4.8775,tokyo,2022
AUDUSD,1,2022-09-27 11:00:00,2022-09-27 17:00:00,0.64917,0.64626,0.64626,0.65499,0.2873,-29.1,-83.6,-83.6,6,stop_loss,23.77686,0.00194,-1.16275,-5.64464,london,2022
AUDUSD,1,2022-09-27 23:00:00,2022-09-28 05:00:00,0.64296,0.64004,0.64004,0.64881,0.2831,-29.2,-82.78,-82.78,6,stop_loss,23.17721,0.00195,-3.18642,-5.81303,,2022
AUDUSD,-1,2022-09-30 08:00:00,2022-09-30 11:00:00,0.64814,0.65114,0.65114,0.64214,0.273,-30.0,-81.92,-81.92,3,stop_loss,12.35725,0.002,0.06341,-3.28147,tokyo,2022
AUDUSD,1,2022-09-30 20:00:00,2022-09-30 22:00:00,0.64302,0.63931,0.63931,0.65043,0.2189,-37.1,-81.12,-81.12,2,stop_loss,14.09728,0.00247,-1.864,-2.47868,new_york,2022
AUDUSD,1,2022-09-30 23:00:00,2022-10-03 09:00:00,0.63965,0.64344,0.63609,0.64677,0.2255,37.9,85.46,85.46,10,time_exit,18.73389,0.00237,-3.03337,-2.74484,,2022
AUDUSD,1,2022-10-05 01:00:00,2022-10-05 11:00:00,0.65018,0.64822,0.6467,0.65714,0.2334,-19.6,-45.75,-45.75,10,time_exit,16.62916,0.00232,0.7779,-1.22456,tokyo,2022
AUDUSD,-1,2022-10-06 10:00:00,2022-10-06 16:00:00,0.65037,0.64447,0.65332,0.64447,0.2736,59.0,161.38,161.38,6,take_profit,19.02509,0.00197,0.55783,-0.71024,london,2022
AUDUSD,1,2022-10-10 19:00:00,2022-10-11 05:00:00,0.62929,0.62646,0.62603,0.63581,0.2524,-28.3,-71.43,-71.43,10,time_exit,50.46486,0.00217,-3.62185,-3.67912,new_york,2022
AUDUSD,-1,2022-10-11 23:00:00,2022-10-12 09:00:00,0.62752,0.62819,0.63128,0.62,0.2169,-6.7,-14.53,-14.53,10,time_exit,30.91571,0.00251,-1.52705,-3.876,,2022
AUDUSD,-1,2022-10-17 03:00:00,2022-10-17 13:00:00,0.62222,0.62556,0.62556,0.61554,0.244,-33.4,-81.45,-81.46,10,stop_loss,19.52734,0.00223,-2.00221,-3.13292,tokyo,2022
AUDUSD,-1,2022-10-19 03:00:00,2022-10-19 13:00:00,0.63145,0.62885,0.6344,0.62555,0.2735,26.0,71.11,71.11,10,time_exit,16.96044,0.00197,1.21571,-1.34298,tokyo,2022
AUDUSD,1,2022-10-20 20:00:00,2022-10-20 21:00:00,0.63127,0.62795,0.62795,0.6379,0.2453,-33.2,-81.36,-81.36,1,stop_loss,23.65824,0.00221,1.12643,-0.86506,new_york,2022
AUDUSD,-1,2022-10-21 13:00:00,2022-10-21 16:00:00,0.62529,0.62793,0.62793,0.62002,0.3054,-26.4,-80.53,-80.53,3,stop_loss,14.02509,0.00176,-1.45651,-1.2909,london,2022
AUDUSD,-1,2022-10-24 11:00:00,2022-10-24 21:00:00,0.63084,0.63096,0.63473,0.62305,0.2048,-1.2,-2.46,-2.46,10,time_exit,20.1525,0.0026,-0.27097,0.24757,london,2022
AUDUSD,1,2022-10-25 00:00:00,2022-10-25 10:00:00,0.63108,0.63275,0.62778,0.63767,0.2419,16.7,40.4,40.4,10,time_exit,13.19106,0.0022,0.09735,0.11407,tokyo,2022
AUDUSD,-1,2022-10-28 20:00:00,2022-10-31 06:00:00,0.64067,0.64234,0.6438,0.63442,0.2563,-16.7,-42.8,-42.8,10,time_exit,22.1371,0.00208,-1.52989,2.63579,new_york,2022
AUDUSD,1,2022-11-02 03:00:00,2022-11-02 13:00:00,0.63965,0.6423,0.63699,0.64498,0.2991,26.5,79.26,79.26,10,time_exit,17.32501,0.00178,-0.90113,1.00794,tokyo,2022
AUDUSD,-1,2022-11-03 13:00:00,2022-11-03 17:00:00,0.62892,0.63231,0.63231,0.62213,0.2372,-33.9,-80.47,-80.48,4,stop_loss,14.69678,0.00226,-4.0755,-0.38965,london,2022
AUDUSD,1,2022-11-04 14:00:00,2022-11-04 15:00:00,0.63727,0.6431,0.63435,0.6431,0.2731,58.3,159.32,159.32,1,take_profit,26.72325,0.00194,1.61864,-1.64013,london,2022
AUDUSD,1,2022-11-08 07:00:00,2022-11-08 17:00:00,0.64642,0.65137,0.64395,0.65137,0.3287,49.5,162.54,162.54,10,take_profit,25.85347,0.00165,1.61854,2.21164,tokyo,2022
AUDUSD,1,2022-11-09 22:00:00,2022-11-10 08:00:00,0.64232,0.64178,0.63891,0.64915,0.2428,-5.4,-13.11,-13.11,10,time_exit,11.16133,0.00228,-1.96696,1.81588,,2022
AUDUSD,1,2022-11-10 08:00:00,2022-11-10 09:00:00,0.64191,0.63937,0.63937,0.64698,0.3262,-25.4,-82.76,-82.76,1,stop_loss,14.54774,0.00169,-2.04162,1.59773,tokyo,2022
AUDUSD,-1,2022-11-10 23:00:00,2022-11-11 08:00:00,0.66167,0.66606,0.66606,0.6529,0.1868,-43.9,-81.92,-81.92,9,stop_loss,37.59043,0.00292,4.71314,1.44411,,2022
AUDUSD,1,2022-11-14 10:00:00,2022-11-14 20:00:00,0.66954,0.67202,0.66628,0.67606,0.2489,24.8,61.73,61.72,10,time_exit,25.49334,0.00217,3.16547,5.61673,london,2022
AUDUSD,-1,2022-11-15 11:00:00,2022-11-15 15:00:00,0.6745,0.67733,0.67733,0.66884,0.2887,-28.3,-81.74,-81.74,4,stop_loss,20.26352,0.00189,3.6059,6.78942,london,2022
AUDUSD,1,2022-11-16 00:00:00,2022-11-16 10:00:00,0.67524,0.67651,0.67125,0.68322,0.2029,12.7,25.77,25.77,10,time_exit,22.16686,0.00266,1.72947,5.12181,tokyo,2022
AUDUSD,1,2022-11-16 12:00:00,2022-11-16 17:00:00,0.67812,0.67443,0.67443,0.68549,0.2202,-36.9,-81.17,-81.17,5,stop_loss,15.12701,0.00246,2.09099,5.46575,london,2022
AUDUSD,1,2022-11-16 18:00:00,2022-11-17 04:00:00,0.67532,0.6718,0.6718,0.68236,0.2283,-35.2,-80.34,-80.35,10,stop_loss,12.97501,0.00235,0.68176,5.61332,new_york,2022
AUDUSD,-1,2022-11-18 03:00:00,2022-11-18 13:00:00,0.66984,0.671,0.67283,0.66386,0.2662,-11.6,-30.88,-30.88,10,time_exit,24.77978,0.00199,-0.4016,3.72762,tokyo,2022
AUDUSD,-1,2022-11-22 22:00:00,2022-11-23 08:00:00,0.66427,0.6651,0.66641,0.65999,0.3703,-8.3,-30.73,-30.74,10,time_exit,22.07778,0.00143,0.32133,0.03857,,2022
AUDUSD,-1,2022-11-24 10:00:00,2022-11-24 16:00:00,0.67461,0.67687,0.67687,0.6701,0.3498,-22.6,-78.94,-78.94,6,stop_loss,54.92953,0.0015,3.52762,2.49431,london,2022
AUDUSD,-1,2022-11-25 05:00:00,2022-11-25 11:00:00,0.67653,0.67313,0.67823,0.67313,0.4603,34.0,156.3,156.3,6,take_profit,34.36265,0.00113,3.20255,4.90069,tokyo,2022
AUDUSD,1,2022-11-29 12:00:00,2022-11-29 18:00:00,0.67183,0.66892,0.66892,0.67765,0.2741,-29.1,-79.7,-79.71,6,stop_loss,29.08042,0.00194,0.90615,0.7007,london,2022
AUDUSD,1,2022-11-29 23:00:00,2022-11-30 09:00:00,0.66884,0.67183,0.6659,0.67473,0.2682,29.9,80.19,80.19,10,time_exit,21.01175,0.00196,-0.73087,0.68277,,2022
AUDUSD,1,2022-11-30 23:00:00,2022-12-01 09:00:00,0.67882,0.68056,0.67525,0.68596,0.2233,17.4,38.85,38.85,10,time_exit,21.96357,0.00238,3.09292,0.80667,,2022
AUDUSD,-1,2022-12-01 15:00:00,2022-12-01 16:00:00,0.67979,0.68281,0.68281,0.67375,0.2652,-30.2,-80.1,-80.1,1,stop_loss,29.79736,0.00201,2.01598,2.28039,london,2022
AUDUSD,-1,2022-12-02 07:00:00,2022-12-02 15:00:00,0.68124,0.67577,0.68397,0.67577,0.2901,54.7,158.6,158.6,8,take_profit,17.29786,0.00182,1.67663,3.0709,tokyo,2022
AUDUSD,1,2022-12-02 19:00:00,2022-12-05 05:00:00,0.67999,0.6848,0.67662,0.68673,0.2401,48.1,115.49,115.49,10,time_exit,22.95175,0.00225,0.41538,2.46877,new_york,2022
AUDUSD,1,2022-12-05 20:00:00,2022-12-06 06:00:00,0.67076,0.67279,0.66751,0.67727,0.2521,20.3,51.18,51.17,10,time_exit,22.5932,0.00217,-3.93978,2.02739,new_york,2022
AUDUSD,-1,2022-12-06 06:00:00,2022-12-06 16:00:00,0.6723,0.67197,0.67521,0.66648,0.2835,3.3,9.36,9.35,10,time_exit,30.61651,0.00194,-2.16212,1.01273,tokyo,2022
AUDUSD,-1,2022-12-08 00:00:00,2022-12-08 10:00:00,0.67225,0.67228,0.67479,0.66717,0.3256,-0.3,-0.98,-0.98,10,time_exit,22.25876,0.00169,0.35769,-0.81385,tokyo,2022
AUDUSD,1,2022-12-09 05:00:00,2022-12-09 10:00:00,0.67821,0.67589,0.67589,0.68285,0.3564,-23.2,-82.65,-82.65,5,stop_loss,29.82189,0.00155,2.55584,0.42504,tokyo,2022
AUDUSD,-1,2022-12-09 11:00:00,2022-12-09 13:00:00,0.67586,0.67809,0.67809,0.67141,0.3673,-22.3,-81.81,-81.81,2,stop_loss,27.33181,0.00148,0.55183,0.79736,london,2022
AUDUSD,-1,2022-12-09 16:00:00,2022-12-09 18:00:00,0.67738,0.67996,0.67996,0.67221,0.3135,-25.8,-81.0,-81.0,2,stop_loss,23.09237,0.00172,1.07653,0.85199,new_york,2022
AUDUSD,-1,2022-12-09 22:00:00,2022-12-12 08:00:00,0.68032,0.67708,0.68291,0.67515,0.3101,32.4,100.47,100.47,10,time_exit,17.54393,0.00172,2.25434,1.19467,,2022
AUDUSD,-1,2022-12-13 13:00:00,2022-12-13 15:00:00,0.67666,0.67883,0.67883,0.67231,0.3737,-21.7,-81.19,-81.19,2,stop_loss,16.59027,0.00145,0.29876,0.83567,london,2022
AUDUSD,1,2022-12-14 04:00:00,2022-12-14 14:00:00,0.68314,0.68639,0.68031,0.6888,0.2839,32.5,92.27,92.27,10,time_exit,30.44568,0.00189,1.64387,1.94273,tokyo,2022
AUDUSD,-1,2022-12-15 03:00:00,2022-12-15 09:00:00,0.68674,0.68137,0.68942,0.68137,0.3029,53.7,162.59,162.59,6,take_profit,23.22868,0.00179,1.78002,2.94465,tokyo,2022
AUDUSD,-1,2022-12-16 02:00:00,2022-12-16 04:00:00,0.67056,0.67322,0.67322,0.66524,0.3115,-26.6,-82.93,-82.94,2,stop_loss,53.59085,0.00177,-4.32999,0.27323,tokyo,2022
AUDUSD,-1,2022-12-16 18:00:00,2022-12-19 03:00:00,0.66798,0.67082,0.67082,0.66231,0.2894,-28.4,-82.09,-82.1,9,stop_loss,36.21013,0.00189,-3.36472,-1.22365,new_york,2022
AUDUSD,-1,2022-12-19 21:00:00,2022-12-20 05:00:00,0.67064,0.67301,0.67301,0.66591,0.3436,-23.7,-81.27,-81.27,8,stop_loss,15.35981,0.00158,-0.85358,-2.04974,new_york,2022
AUDUSD,-1,2022-12-20 12:00:00,2022-12-20 22:00:00,0.66898,0.667,0.67216,0.66262,0.2532,19.8,50.13,50.13,10,time_exit,14.6112,0.00212,-0.60065,-1.8677,london,2022
AUDUSD,-1,2022-12-20 23:00:00,2022-12-21 09:00:00,0.66701,0.66812,0.66993,0.66116,0.277,-11.1,-30.75,-30.75,10,time_exit,10.52236,0.00195,-1.02937,-2.28538,,2022
AUDUSD,-1,2022-12-21 16:00:00,2022-12-22 02:00:00,0.6712,0.67249,0.67369,0.66622,0.3241,-12.9,-41.81,-41.81,10,time_exit,13.14733,0.00166,1.59213,-2.44396,new_york,2022
AUDUSD,1,2022-12-22 06:00:00,2022-12-22 12:00:00,0.6757,0.67348,0.67348,0.68014,0.3611,-22.2,-80.24,-80.25,6,stop_loss,34.66535,0.00148,3.90795,-1.72407,tokyo,2022
AUDUSD,1,2022-12-22 13:00:00,2022-12-22 15:00:00,0.67326,0.67111,0.67111,0.67755,0.3699,-21.5,-79.43,-79.44,2,stop_loss,39.56238,0.00143,1.41403,-1.02165,london,2022
AUDUSD,-1,2022-12-23 06:00:00,2022-12-23 16:00:00,0.6689,0.66949,0.67123,0.66424,0.3374,-5.9,-19.91,-19.91,10,time_exit,34.5041,0.00155,-0.47845,-1.49487,tokyo,2022
AUDUSD,1,2022-12-23 21:00:00,2022-12-27 01:00:00,0.67044,0.67559,0.66787,0.67559,0.3048,51.5,156.9,156.89,4,take_profit,17.33663,0.00172,0.44113,-1.12188,new_york,2022
AUDUSD,1,2022-12-27 06:00:00,2022-12-27 16:00:00,0.67336,0.67376,0.67096,0.67816,0.3333,4.0,13.33,13.33,10,time_exit,23.61602,0.0016,1.61031,-0.59836,tokyo,2022
AUDUSD,-1,2022-12-27 22:00:00,2022-12-28 08:00:00,0.67334,0.67551,0.67551,0.669,0.3697,-21.7,-80.15,-80.16,10,stop_loss,18.32254,0.00145,0.54302,0.24673,,2022
AUDUSD,1,2022-12-28 09:00:00,2022-12-28 14:00:00,0.67548,0.67939,0.67352,0.67939,0.4054,39.1,158.69,158.69,5,take_profit,12.87838,0.0013,1.89329,0.49696,london,2022
AUDUSD,1,2022-12-30 10:00:00,2022-12-30 17:00:00,0.67822,0.67641,0.67641,0.68184,0.4477,-18.1,-80.93,-80.93,7,stop_loss,19.62675,0.00121,2.06444,1.65128,london,2022
AUDUSD,1,2023-01-04 23:00:00,2023-01-05 05:00:00,0.68378,0.68038,0.68038,0.69058,0.2355,-34.0,-80.12,-80.12,6,stop_loss,29.82665,0.00227,1.37183,1.51606,,2023
AUDUSD,-1,2023-01-05 07:00:00,2023-01-05 17:00:00,0.68146,0.67541,0.68449,0.67541,0.2621,60.5,158.67,158.66,10,take_profit,22.51117,0.00202,0.15959,1.74848,tokyo,2023
AUDUSD,1,2023-01-09 05:00:00,2023-01-09 15:00:00,0.69256,0.69329,0.68925,0.69918,0.2443,7.3,17.83,17.83,10,time_exit,40.04406,0.00221,4.9066,1.40118,tokyo,2023
AUDUSD,-1,2023-01-12 05:00:00,2023-01-12 15:00:00,0.69162,0.69361,0.69361,0.68765,0.408,-19.9,-81.08,-81.08,10,stop_loss_ambiguous,7.05988,0.00132,1.30229,3.87413,tokyo,2023
AUDUSD,-1,2023-01-12 20:00:00,2023-01-13 06:00:00,0.69754,0.69548,0.70166,0.68929,0.1946,20.6,40.09,40.09,10,time_exit,22.16354,0.00275,2.36742,1.89984,new_york,2023
AUDUSD,1,2023-01-13 08:00:00,2023-01-13 15:00:00,0.69528,0.69244,0.69244,0.70095,0.2845,-28.4,-80.66,-80.66,7,stop_loss,34.60875,0.00189,1.1796,3.19812,tokyo,2023
AUDUSD,1,2023-01-16 17:00:00,2023-01-17 03:00:00,0.69596,0.69676,0.69338,0.70112,0.3099,8.0,24.79,24.79,10,time_exit,21.17607,0.00172,-0.0912,3.63658,new_york,2023
AUDUSD,1,2023-01-17 23:00:00,2023-01-18 09:00:00,0.69862,0.7019,0.69611,0.70363,0.3197,32.8,104.86,104.86,10,time_exit,18.26053,0.00167,1.25312,2.95241,,2023
AUDUSD,-1,2023-01-19 05:00:00,2023-01-19 15:00:00,0.69054,0.69042,0.69356,0.68449,0.2684,1.2,3.22,3.22,10,time_exit,29.57585,0.00202,-3.20859,1.88712,tokyo,2023
AUDUSD,-1,2023-01-20 07:00:00,2023-01-20 10:00:00,0.6917,0.69396,0.69396,0.68718,0.3595,-22.6,-81.2,-81.2,3,stop_loss,18.54512,0.00151,-0.77934,0.19982,tokyo,2023
AUDUSD,1,2023-01-23 18:00:00,2023-01-24 04:00:00,0.70316,0.70405,0.69994,0.7096,0.2495,8.9,22.21,22.2,10,time_exit,23.9163,0.00215,3.10743,1.22708,new_york,2023
AUDUSD,-1,2023-01-25 10:00:00,2023-01-25 20:00:00,0.70994,0.7098,0.71251,0.7048,0.3137,1.4,4.39,4.39,10,time_exit,31.56433,0.00171,3.54879,3.70237,london,2023
AUDUSD,1,2023-01-26 09:00:00,2023-01-26 17:00:00,0.71128,0.70916,0.70916,0.71552,0.3803,-21.2,-80.65,-80.65,8,stop_loss,28.43019,0.00141,2.60041,5.35231,london,2023
AUDUSD,-1,2023-01-27 00:00:00,2023-01-27 02:00:00,0.71034,0.71273,0.71273,0.70555,0.3335,-23.9,-79.84,-79.84,2,stop_loss,15.5745,0.0016,1.50571,4.71684,tokyo,2023
AUDUSD,-1,2023-01-27 18:00:00,2023-01-30 02:00:00,0.70922,0.71183,0.71183,0.70401,0.3034,-26.1,-79.05,-79.05,8,stop_loss,9.30514,0.00174,-0.4488,3.98062,new_york,2023
AUDUSD,1,2023-01-30 19:00:00,2023-01-30 21:00:00,0.70753,0.70528,0.70528,0.71203,0.3476,-22.5,-78.26,-78.26,2,stop_loss,15.10895,0.0015,-1.18367,3.24478,new_york,2023
AUDUSD,-1,2023-01-31 00:00:00,2023-01-31 10:00:00,0.70526,0.70128,0.70725,0.70128,0.389,39.8,154.95,154.95,10,take_profit,19.67662,0.00133,-2.06532,3.1833,tokyo,2023
AUDUSD,1,2023-02-01 17:00:00,2023-02-01 18:00:00,0.7087,0.70685,0.70685,0.7124,0.4271,-18.5,-79.02,-79.02,1,stop_loss,25.86189,0.00123,1.76016,1.22767,new_york,2023
AUDUSD,1,2023-02-02 07:00:00,2023-02-02 11:00:00,0.71494,0.71245,0.71245,0.71992,0.3142,-24.9,-78.24,-78.24,4,stop_loss,37.34844,0.00166,3.66712,1.92586,tokyo,2023
AUDUSD,-1,2023-02-07 00:00:00,2023-02-07 03:00:00,0.68796,0.69051,0.69051,0.68287,0.3043,-25.5,-77.45,-77.45,3,stop_loss,47.90693,0.0017,-4.08636,-4.08046,tokyo,2023
AUDUSD,1,2023-02-07 05:00:00,2023-02-07 15:00:00,0.69217,0.691,0.68986,0.69679,0.3322,-11.7,-38.87,-38.87,10,time_exit,38.41895,0.00154,-1.40156,-4.73768,tokyo,2023
AUDUSD,-1,2023-02-07 18:00:00,2023-02-07 19:00:00,0.69152,0.69413,0.69413,0.68629,0.2918,-26.1,-76.28,-76.28,1,stop_loss,25.19041,0.00174,-1.18807,-3.97646,new_york,2023
AUDUSD,-1,2023-02-09 00:00:00,2023-02-09 04:00:00,0.69209,0.69444,0.69444,0.68739,0.3215,-23.5,-75.53,-75.54,4,stop_loss,21.02726,0.00157,-1.5108,-2.83459,tokyo,2023
AUDUSD,-1,2023-02-10 19:00:00,2023-02-13 05:00:00,0.69182,0.69061,0.69434,0.68678,0.2966,12.1,35.89,35.89,10,time_exit,13.39084,0.00168,-1.3905,-2.00545,new_york,2023
AUDUSD,1,2023-02-13 07:00:00,2023-02-13 14:00:00,0.69068,0.69431,0.68886,0.69431,0.4135,36.3,150.24,150.24,7,take_profit,16.62228,0.00121,-1.94568,-3.12267,tokyo,2023
AUDUSD,1,2023-02-15 16:00:00,2023-02-16 02:00:00,0.6884,0.6872,0.68566,0.69388,0.2794,-12.0,-33.53,-33.53,10,time_exit,39.62963,0.00183,-3.23235,-0.95734,new_york,2023
AUDUSD,1,2023-02-16 13:00:00,2023-02-16 15:00:00,0.69164,0.68912,0.68912,0.69667,0.3032,-25.2,-76.3,-76.3,2,stop_loss,24.51053,0.00168,-0.3474,-1.64972,london,2023
AUDUSD,1,2023-02-17 19:00:00,2023-02-20 05:00:00,0.68635,0.68876,0.68375,0.69155,0.2904,24.1,69.99,69.98,10,time_exit,36.39417,0.00173,-0.58801,-3.01843,new_york,2023
AUDUSD,-1,2023-02-21 22:00:00,2023-02-22 08:00:00,0.68541,0.68334,0.68785,0.68053,0.3127,20.7,64.73,64.73,10,time_exit,22.98355,0.00163,-1.91753,-1.63706,,2023
AUDUSD,1,2023-02-23 14:00:00,2023-02-23 15:00:00,0.68303,0.68108,0.68108,0.68693,0.3943,-19.5,-76.87,-76.87,1,stop_loss,18.69044,0.0013,-0.53809,-3.58215,london,2023
AUDUSD,-1,2023-02-23 18:00:00,2023-02-24 04:00:00,0.68076,0.68138,0.68308,0.67612,0.3279,-6.2,-20.33,-20.33,10,time_exit,18.34283,0.00155,-1.74958,-3.00643,new_york,2023
AUDUSD,-1,2023-02-27 12:00:00,2023-02-27 17:00:00,0.67171,0.67368,0.67368,0.66777,0.3851,-19.7,-75.91,-75.91,5,stop_loss,35.51373,0.00131,-3.32641,-5.91014,london,2023
AUDUSD,1,2023-02-28 06:00:00,2023-02-28 09:00:00,0.67357,0.6719,0.6719,0.6769,0.4513,-16.7,-75.14,-75.15,3,stop_loss,21.16787,0.00111,-1.02619,-6.66941,tokyo,2023
AUDUSD,-1,2023-02-28 15:00:00,2023-02-28 18:00:00,0.67352,0.67526,0.67526,0.67005,0.4287,-17.4,-74.4,-74.41,3,stop_loss,17.00627,0.00116,-0.46498,-6.24255,london,2023
AUDUSD,-1,2023-03-01 00:00:00,2023-03-01 05:00:00,0.67269,0.67454,0.67454,0.66899,0.3986,-18.5,-73.65,-73.65,5,stop_loss,13.16863,0.00123,-0.93501,-5.39426,tokyo,2023
AUDUSD,-1,2023-03-02 08:00:00,2023-03-02 18:00:00,0.67377,0.67187,0.6759,0.6695,0.3419,19.0,64.96,64.96,10,time_exit,25.24203,0.00142,-0.79024,-3.00446,tokyo,2023
AUDUSD,1,2023-03-03 13:00:00,2023-03-03 17:00:00,0.67569,0.67377,0.67377,0.67952,0.3839,-19.2,-73.56,-73.56,4,stop_loss,25.823,0.00128,1.15853,-2.79272,london,2023
AUDUSD,1,2023-03-06 00:00:00,2023-03-06 10:00:00,0.6745,0.6741,0.67257,0.67835,0.3779,-4.0,-15.12,-15.12,10,time_exit,19.09474,0.00128,1.43227,-2.1473,tokyo,2023
AUDUSD,-1,2023-03-07 09:00:00,2023-03-07 13:00:00,0.67026,0.66629,0.67224,0.66629,0.3665,39.7,145.35,145.35,4,take_profit,21.65278,0.00132,-2.52748,-2.13406,london,2023
AUDUSD,1,2023-03-09 04:00:00,2023-03-09 10:00:00,0.65818,0.66198,0.65628,0.66198,0.3902,38.0,148.25,148.25,6,take_profit,23.42921,0.00127,-3.32183,-6.70565,tokyo,2023
AUDUSD,1,2023-03-10 11:00:00,2023-03-10 15:00:00,0.65765,0.66176,0.65559,0.66176,0.3675,41.1,151.22,151.21,4,take_profit,17.83284,0.00137,-2.00837,-5.48002,london,2023
AUDUSD,1,2023-03-10 17:00:00,2023-03-10 20:00:00,0.66208,0.65952,0.65952,0.6672,0.301,-25.6,-77.12,-77.13,3,stop_loss,16.94401,0.00171,1.01427,-4.20019,new_york,2023
AUDUSD,-1,2023-03-14 05:00:00,2023-03-14 15:00:00,0.66471,0.66748,0.66748,0.65917,0.2756,-27.7,-76.36,-76.37,10,stop_loss,22.55052,0.00185,0.43106,-1.42694,tokyo,2023
AUDUSD,1,2023-03-14 19:00:00,2023-03-15 05:00:00,0.66619,0.67063,0.66325,0.67207,0.257,44.4,114.11,114.11,10,time_exit,18.90397,0.00196,0.66508,-0.81926,new_york,2023
AUDUSD,1,2023-03-15 10:00:00,2023-03-15 12:00:00,0.66868,0.66627,0.66627,0.67351,0.3178,-24.1,-76.72,-76.73,2,stop_loss,17.1672,0.00161,1.27316,-0.13857,london,2023
AUDUSD,-1,2023-03-15 12:00:00,2023-03-15 16:00:00,0.66741,0.66256,0.66983,0.66256,0.3133,48.5,151.92,151.92,4,take_profit,15.07885,0.00162,0.48412,-0.10008,london,2023
AUDUSD,-1,2023-03-16 12:00:00,2023-03-16 22:00:00,0.66533,0.66571,0.66787,0.66024,0.3047,-3.8,-11.58,-11.58,10,time_exit,17.0108,0.0017,0.53966,-0.91146,london,2023
AUDUSD,1,2023-03-17 02:00:00,2023-03-17 06:00:00,0.66556,0.67025,0.66321,0.67025,0.3298,46.9,154.76,154.76,4,take_profit,10.79292,0.00156,0.52927,-0.71522,tokyo,2023
AUDUSD,1,2023-03-17 17:00:00,2023-03-20 03:00:00,0.66923,0.67248,0.66696,0.67377,0.3477,32.5,113.0,113.0,10,time_exit,21.88247,0.00151,1.25719,0.3765,new_york,2023
AUDUSD,-1,2023-03-22 20:00:00,2023-03-22 21:00:00,0.66764,0.66946,0.66946,0.664,0.4402,-18.2,-80.05,-80.05,1,stop_loss,18.24989,0.00121,-0.74443,0.63912,new_york,2023
AUDUSD,-1,2023-03-23 13:00:00,2023-03-23 21:00:00,0.6727,0.66787,0.67512,0.66787,0.328,48.3,158.48,158.47,8,take_profit,45.73303,0.00161,1.58548,1.09828,london,2023
AUDUSD,-1,2023-03-27 09:00:00,2023-03-27 19:00:00,0.66511,0.66435,0.66705,0.66124,0.4177,7.6,31.75,31.74,10,time_exit,34.68063,0.00129,-1.20515,-0.84011,london,2023
AUDUSD,1,2023-03-28 04:00:00,2023-03-28 14:00:00,0.66728,0.66806,0.66547,0.6709,0.4481,7.8,34.95,34.95,10,time_exit,16.90205,0.00121,1.25019,-1.24887,tokyo,2023
AUDUSD,-1,2023-03-28 14:00:00,2023-03-28 17:00:00,0.6675,0.66911,0.66911,0.66428,0.5055,-16.1,-81.5,-81.51,3,stop_loss,24.4563,0.00107,0.89247,-0.74991,london,2023
AUDUSD,-1,2023-03-29 22:00:00,2023-03-30 08:00:00,0.66791,0.66966,0.66966,0.66441,0.4614,-17.5,-80.68,-80.68,10,stop_loss,18.09247,0.00117,-0.19627,0.30725,,2023
AUDUSD,-1,2023-04-03 19:00:00,2023-04-04 05:00:00,0.67826,0.67765,0.68068,0.67343,0.3306,6.1,20.17,20.16,10,time_exit,32.92364,0.00161,4.79714,0.97785,new_york,2023
AUDUSD,-1,2023-04-04 06:00:00,2023-04-04 11:00:00,0.67765,0.67413,0.67941,0.67413,0.4552,35.2,160.17,160.17,5,take_profit,37.46221,0.00117,3.69617,2.88013,tokyo,2023
AUDUSD,-1,2023-04-05 19:00:00,2023-04-06 05:00:00,0.67274,0.66991,0.67525,0.66773,0.3261,28.3,92.29,92.28,10,time_exit,19.31152,0.00167,-0.28246,1.25893,new_york,2023
AUDUSD,-1,2023-04-07 19:00:00,2023-04-10 05:00:00,0.66659,0.66602,0.66806,0.66365,0.5627,5.7,32.07,32.07,10,time_exit,26.96603,0.00098,-2.36176,-1.29913,new_york,2023
AUDUSD,1,2023-04-10 05:00:00,2023-04-10 15:00:00,0.6663,0.66456,0.66456,0.66977,0.4775,-17.4,-82.93,-82.93,10,stop_loss,31.51281,0.00116,-1.58156,-1.4618,tokyo,2023
AUDUSD,-1,2023-04-11 13:00:00,2023-04-11 23:00:00,0.66604,0.66534,0.6677,0.66273,0.4955,7.0,34.68,34.68,10,time_exit,18.34312,0.0011,-0.20049,-2.14467,london,2023
AUDUSD,-1,2023-04-12 07:00:00,2023-04-12 15:00:00,0.66647,0.66787,0.66787,0.66367,0.588,-14.0,-82.44,-82.45,8,stop_loss,11.69979,0.00093,0.64597,-2.38522,tokyo,2023
AUDUSD,1,2023-04-13 00:00:00,2023-04-13 10:00:00,0.66922,0.67236,0.66715,0.67335,0.3951,31.4,124.06,124.06,10,time_exit,29.91478,0.00138,1.60136,-0.73193,tokyo,2023
AUDUSD,1,2023-04-13 19:00:00,2023-04-14 05:00:00,0.67779,0.67832,0.67555,0.68228,0.3694,5.3,19.58,19.58,10,time_exit,48.55365,0.0015,5.07961,0.88393,new_york,2023
AUDUSD,-1,2023-04-14 11:00:00,2023-04-14 15:00:00,0.67773,0.67942,0.67942,0.67435,0.4912,-16.9,-83.06,-83.06,4,stop_loss,49.68412,0.00113,3.25005,3.33556,london,2023
AUDUSD,-1,2023-04-14 21:00:00,2023-04-17 07:00:00,0.66983,0.67086,0.67229,0.66491,0.3344,-10.3,-34.44,-34.45,10,time_exit,36.49919,0.00164,-2.5879,2.05426,new_york,2023
AUDUSD,-1,2023-04-17 14:00:00,2023-04-18 00:00:00,0.6709,0.67019,0.67263,0.66744,0.4735,7.1,33.62,33.62,10,time_exit,30.69608,0.00115,-1.25605,1.46056,london,2023
AUDUSD,1,2023-04-18 05:00:00,2023-04-18 12:00:00,0.67136,0.67426,0.66991,0.67426,0.5669,29.0,164.43,164.43,7,take_profit,29.10362,0.00097,-0.30999,0.71965,tokyo,2023
AUDUSD,-1,2023-04-19 11:00:00,2023-04-19 17:00:00,0.67167,0.67326,0.67326,0.66848,0.5258,-15.9,-83.86,-83.87,6,stop_loss,20.14237,0.00106,-0.63137,1.11711,london,2023
AUDUSD,-1,2023-04-20 14:00:00,2023-04-20 16:00:00,0.67358,0.67532,0.67532,0.67009,0.476,-17.4,-83.02,-83.02,2,stop_loss,19.9019,0.00116,1.66886,0.40715,london,2023
AUDUSD,1,2023-04-20 17:00:00,2023-04-21 03:00:00,0.67519,0.67426,0.67311,0.67936,0.3943,-9.3,-36.67,-36.67,10,time_exit,19.7789,0.00139,2.34881,0.47852,new_york,2023
AUDUSD,-1,2023-04-25 01:00:00,2023-04-25 10:00:00,0.66939,0.66654,0.67081,0.66654,0.5743,28.5,163.63,163.63,9,take_profit,20.96325,0.00095,-0.60477,-1.19377,tokyo,2023
AUDUSD,-1,2023-04-26 10:00:00,2023-04-26 20:00:00,0.66145,0.6602,0.66318,0.65799,0.4827,12.5,60.34,60.34,10,time_exit,39.07954,0.00115,-3.35848,-3.15636,london,2023
AUDUSD,1,2023-04-27 17:00:00,2023-04-28 03:00:00,0.66077,0.66349,0.65889,0.66453,0.4474,27.2,121.69,121.69,10,time_exit,17.68513,0.00125,-1.17863,-3.59504,new_york,2023
AUDUSD,-1,2023-05-02 16:00:00,2023-05-03 02:00:00,0.66852,0.66707,0.67069,0.66418,0.3933,14.5,57.03,57.03,10,time_exit,30.71551,0.00145,2.57045,-0.26699,new_york,2023
AUDUSD,-1,2023-05-04 09:00:00,2023-05-04 19:00:00,0.66913,0.66998,0.67134,0.6647,0.3878,-8.5,-32.96,-32.97,10,time_exit,19.73841,0.00148,1.70988,0.56765,london,2023
AUDUSD,1,2023-05-05 00:00:00,2023-05-05 06:00:00,0.66926,0.67357,0.6671,0.67357,0.3964,43.1,171.03,171.03,6,take_profit,14.9607,0.00144,1.39983,0.85946,tokyo,2023
AUDUSD,-1,2023-05-08 12:00:00,2023-05-08 16:00:00,0.67852,0.68018,0.68018,0.67519,0.5244,-16.6,-87.23,-87.23,4,stop_loss,21.55527,0.00111,4.80826,4.1493,london,2023
AUDUSD,-1,2023-05-11 04:00:00,2023-05-11 09:00:00,0.67886,0.67504,0.68077,0.67504,0.4526,38.2,172.71,172.71,5,take_profit,24.83662,0.00127,1.7049,3.21487,tokyo,2023
AUDUSD,1,2023-05-15 01:00:00,2023-05-15 08:00:00,0.6647,0.66797,0.66306,0.66797,0.538,32.7,176.17,176.17,7,take_profit,39.40846,0.00109,-4.8152,-1.60848,tokyo,2023
AUDUSD,-1,2023-05-15 14:00:00,2023-05-15 19:00:00,0.66873,0.67038,0.67038,0.66543,0.5451,-16.5,-89.85,-89.86,5,stop_loss,30.11619,0.0011,-0.00162,-2.05533,london,2023
AUDUSD,1,2023-05-16 01:00:00,2023-05-16 05:00:00,0.6701,0.66868,0.66868,0.67294,0.6273,-14.2,-88.95,-88.95,4,stop_loss,31.44653,0.00095,0.98144,-1.88022,tokyo,2023
AUDUSD,-1,2023-05-17 14:00:00,2023-05-17 16:00:00,0.66513,0.6669,0.6669,0.66158,0.4968,-17.7,-88.07,-88.07,2,stop_loss,24.0348,0.00118,-1.40705,-2.33169,london,2023
AUDUSD,1,2023-05-18 11:00:00,2023-05-18 16:00:00,0.66364,0.66169,0.66169,0.66754,0.4469,-19.5,-87.18,-87.18,5,stop_loss,17.50244,0.0013,-1.77333,-2.18007,london,2023
AUDUSD,1,2023-05-18 16:00:00,2023-05-19 02:00:00,0.6621,0.66271,0.66014,0.66602,0.44,6.1,26.84,26.84,10,time_exit,20.98883,0.00131,-2.56809,-2.31323,new_york,2023
AUDUSD,1,2023-05-19 03:00:00,2023-05-19 12:00:00,0.66271,0.66603,0.66105,0.66603,0.5219,33.2,173.14,173.14,9,take_profit,25.09557,0.00111,-1.32721,-3.27066,tokyo,2023
AUDUSD,1,2023-05-19 16:00:00,2023-05-22 00:00:00,0.66605,0.66421,0.66421,0.66973,0.4793,-18.4,-88.3,-88.3,8,stop_loss,21.24336,0.00123,1.4181,-2.48794,new_york,2023
AUDUSD,1,2023-05-22 02:00:00,2023-05-22 09:00:00,0.66491,0.66315,0.66315,0.66842,0.4979,-17.6,-87.42,-87.42,7,stop_loss,21.73995,0.00117,0.18322,-2.14824,tokyo,2023
AUDUSD,1,2023-05-22 15:00:00,2023-05-23 01:00:00,0.66414,0.66497,0.66238,0.66765,0.4926,8.3,40.89,40.88,10,time_exit,16.56859,0.00117,-0.40597,-1.93446,london,2023
AUDUSD,1,2023-05-23 14:00:00,2023-05-24 00:00:00,0.66195,0.66099,0.66027,0.6653,0.5191,-9.6,-49.83,-49.84,10,time_exit,14.88755,0.00112,-2.22875,-1.73576,london,2023
AUDUSD,-1,2023-05-25 02:00:00,2023-05-25 12:00:00,0.65443,0.6528,0.65622,0.65085,0.4829,16.3,78.71,78.71,10,time_exit,54.08367,0.00119,-3.74998,-4.1482,tokyo,2023
AUDUSD,1,2023-05-26 11:00:00,2023-05-26 17:00:00,0.65185,0.65031,0.65031,0.65493,0.5662,-15.4,-87.25,-87.26,6,stop_loss,27.12213,0.00103,-1.53967,-6.7992,london,2023
AUDUSD,-1,2023-05-26 20:00:00,2023-05-29 04:00:00,0.65144,0.65336,0.65336,0.6476,0.4496,-19.2,-86.37,-86.37,8,stop_loss,22.79541,0.00128,-1.26202,-5.21529,new_york,2023
AUDUSD,-1,2023-05-29 12:00:00,2023-05-29 22:00:00,0.65431,0.65386,0.656,0.65093,0.5054,4.5,22.74,22.74,10,time_exit,19.87305,0.00113,1.09932,-5.00782,london,2023
AUDUSD,1,2023-05-29 22:00:00,2023-05-30 03:00:00,0.65389,0.65271,0.65271,0.65624,0.729,-11.8,-85.73,-85.74,5,stop_loss,13.39614,0.00078,0.66433,-6.26644,,2023
AUDUSD,1,2023-06-01 01:00:00,2023-06-01 11:00:00,0.6502,0.65046,0.64816,0.65428,0.4166,2.6,10.83,10.83,10,time_exit,17.10392,0.00136,-0.28227,-3.56322,tokyo,2023
AUDUSD,-1,2023-06-01 23:00:00,2023-06-02 04:00:00,0.65746,0.65945,0.65945,0.65348,0.4267,-19.9,-84.99,-84.99,5,stop_loss,19.29823,0.00133,3.91289,-1.95258,,2023
AUDUSD,-1,2023-06-02 07:00:00,2023-06-02 13:00:00,0.66148,0.66338,0.66338,0.65769,0.4437,-19.0,-84.14,-84.14,6,stop_loss,24.59973,0.00126,5.89837,-0.86318,tokyo,2023
AUDUSD,-1,2023-06-02 15:00:00,2023-06-05 01:00:00,0.66186,0.66003,0.66364,0.65829,0.467,18.3,85.46,85.46,10,time_exit,35.04895,0.00119,4.78214,0.45631,london,2023
AUDUSD,1,2023-06-05 07:00:00,2023-06-05 10:00:00,0.66068,0.65902,0.65902,0.66399,0.5078,-16.6,-84.14,-84.15,3,stop_loss,18.41968,0.0011,2.14781,1.74153,tokyo,2023
AUDUSD,-1,2023-06-05 11:00:00,2023-06-05 16:00:00,0.65934,0.661,0.661,0.65601,0.501,-16.6,-83.32,-83.32,5,stop_loss,17.66391,0.00111,0.68242,1.82319,london,2023
AUDUSD,-1,2023-06-06 07:00:00,2023-06-06 08:00:00,0.66176,0.66315,0.66315,0.65897,0.5922,-13.9,-82.48,-82.48,1,stop_loss,19.72157,0.00093,1.84209,2.87253,tokyo,2023
AUDUSD,-1,2023-06-06 11:00:00,2023-06-06 21:00:00,0.66639,0.66736,0.6687,0.66178,0.3542,-9.7,-34.36,-34.36,10,time_exit,31.03804,0.00154,3.5009,2.12214,london,2023
AUDUSD,-1,2023-06-07 07:00:00,2023-06-07 13:00:00,0.66754,0.6693,0.6693,0.66401,0.4611,-17.6,-81.31,-81.32,6,stop_loss,31.75041,0.00118,2.7852,4.16021,tokyo,2023
AUDUSD,1,2023-06-08 08:00:00,2023-06-08 15:00:00,0.66622,0.66957,0.66454,0.66957,0.4799,33.5,160.99,160.99,7,take_profit,14.13674,0.00112,0.33867,4.2834,tokyo,2023
AUDUSD,1,2023-06-12 13:00:00,2023-06-12 16:00:00,0.67669,0.67514,0.67514,0.67978,0.5308,-15.5,-82.1,-82.11,3,stop_loss,34.16837,0.00103,4.17816,6.48728,london,2023
AUDUSD,-1,2023-06-14 23:00:00,2023-06-15 08:00:00,0.67908,0.68149,0.68149,0.67427,0.3379,-24.1,-81.27,-81.27,9,stop_loss,34.40892,0.0016,0.72073,4.33709,,2023
AUDUSD,-1,2023-06-16 10:00:00,2023-06-16 20:00:00,0.68907,0.6873,0.691,0.68521,0.4171,17.7,73.83,73.82,10,time_exit,27.35267,0.00129,4.28165,6.72288,london,2023
AUDUSD,-1,2023-06-20 15:00:00,2023-06-21 01:00:00,0.67847,0.67874,0.68035,0.67471,0.4321,-2.7,-11.67,-11.67,10,time_exit,38.76314,0.00125,-3.79976,3.53725,london,2023
AUDUSD,-1,2023-06-21 06:00:00,2023-06-21 15:00:00,0.67867,0.67524,0.68038,0.67524,0.4732,34.3,162.17,162.17,9,take_profit,35.61007,0.00114,-2.01407,1.96933,tokyo,2023
AUDUSD,-1,2023-06-23 03:00:00,2023-06-23 05:00:00,0.67593,0.67279,0.6775,0.67279,0.5261,31.4,165.42,165.41,2,take_profit,21.81901,0.00105,-1.84572,-0.40891,tokyo,2023
AUDUSD,1,2023-06-23 06:00:00,2023-06-23 07:00:00,0.67126,0.66928,0.66928,0.67523,0.4251,-19.8,-84.37,-84.37,1,stop_loss,24.18741,0.00132,-4.61667,-0.57555,tokyo,2023
AUDUSD,-1,2023-06-23 16:00:00,2023-06-26 02:00:00,0.66749,0.66808,0.66955,0.66337,0.4059,-5.9,-23.95,-23.95,10,time_exit,38.49367,0.00137,-5.2287,-1.92006,new_york,2023
AUDUSD,-1,2023-06-26 18:00:00,2023-06-27 04:00:00,0.66757,0.66915,0.66915,0.66442,0.5287,-15.8,-83.28,-83.28,10,stop_loss,36.54981,0.00105,-2.56298,-4.64538,new_york,2023
AUDUSD,-1,2023-06-28 02:00:00,2023-06-28 04:00:00,0.66838,0.66525,0.66995,0.66525,0.5263,31.3,164.9,164.9,2,take_profit,14.47437,0.00104,-1.02772,-3.8608,tokyo,2023
AUDUSD,-1,2023-06-28 04:00:00,2023-06-28 05:00:00,0.66691,0.66358,0.66857,0.66358,0.5059,33.3,168.21,168.21,1,take_profit,15.78492,0.00111,-2.19716,-3.66548,tokyo,2023
AUDUSD,-1,2023-06-30 15:00:00,2023-06-30 16:00:00,0.66197,0.66356,0.66356,0.6588,0.5409,-15.9,-85.78,-85.78,1,stop_loss,11.5937,0.00106,-0.67829,-5.32192,london,2023
AUDUSD,-1,2023-07-03 00:00:00,2023-07-03 10:00:00,0.66586,0.66417,0.66755,0.66248,0.5021,16.9,84.85,84.85,10,time_exit,24.61974,0.00113,2.02877,-3.93279,tokyo,2023
AUDUSD,1,2023-07-04 22:00:00,2023-07-05 08:00:00,0.66946,0.6679,0.6679,0.67258,0.5499,-15.6,-85.78,-85.78,10,stop_loss,22.06972,0.00104,2.22049,-0.6276,,2023
AUDUSD,-1,2023-07-05 13:00:00,2023-07-05 23:00:00,0.66723,0.66545,0.6687,0.66429,0.5779,17.8,102.87,102.86,10,time_exit,19.56539,0.00098,-0.50651,-0.17948,london,2023
AUDUSD,-1,2023-07-06 03:00:00,2023-07-06 05:00:00,0.6655,0.66683,0.66683,0.66283,0.6441,-13.3,-85.95,-85.95,2,stop_loss,24.60072,0.00089,-1.6532,-0.77017,tokyo,2023
AUDUSD,-1,2023-07-06 11:00:00,2023-07-06 15:00:00,0.66709,0.66344,0.66891,0.66344,0.4664,36.5,170.18,170.18,4,take_profit,21.63382,0.00122,0.23537,-0.61627,london,2023
AUDUSD,-1,2023-07-06 15:00:00,2023-07-06 16:00:00,0.66863,0.66487,0.67051,0.66487,0.4616,37.6,173.58,173.57,1,take_profit,18.13126,0.00125,1.36729,-0.51367,london,2023
AUDUSD,1,2023-07-06 21:00:00,2023-07-07 07:00:00,0.66253,0.66359,0.66021,0.66717,0.3813,10.6,40.42,40.42,10,time_exit,25.35718,0.00155,-2.22318,-0.83667,new_york,2023
AUDUSD,1,2023-07-07 09:00:00,2023-07-07 16:00:00,0.66348,0.66682,0.66181,0.66682,0.5327,33.4,177.87,177.86,7,take_profit,28.79192,0.00111,-1.17061,-1.76678,london,2023
AUDUSD,1,2023-07-07 19:00:00,2023-07-10 05:00:00,0.66845,0.66792,0.66603,0.67329,0.375,-5.3,-19.88,-19.88,10,time_exit,24.15233,0.00161,2.22263,-1.06285,new_york,2023
AUDUSD,-1,2023-07-10 13:00:00,2023-07-10 16:00:00,0.6637,0.66574,0.66574,0.65962,0.444,-20.4,-90.51,-90.51,3,stop_loss,25.17555,0.00136,-1.70247,-0.51481,london,2023
AUDUSD,-1,2023-07-10 17:00:00,2023-07-10 20:00:00,0.66564,0.66789,0.66789,0.66114,0.3984,-22.5,-89.6,-89.6,3,stop_loss,28.70065,0.0015,-0.06577,-0.57787,new_york,2023
AUDUSD,-1,2023-07-12 20:00:00,2023-07-13 06:00:00,0.67924,0.68147,0.68214,0.67344,0.3056,-22.3,-68.15,-68.15,10,time_exit,30.86588,0.00193,4.75757,1.16038,new_york,2023
AUDUSD,-1,2023-07-18 00:00:00,2023-07-18 04:00:00,0.68147,0.68308,0.68308,0.67825,0.5475,-16.1,-88.03,-88.03,4,stop_loss,31.26744,0.00107,-0.94729,5.79677,tokyo,2023
AUDUSD,-1,2023-07-18 07:00:00,2023-07-18 15:00:00,0.68275,0.67927,0.68449,0.67927,0.5006,34.8,174.27,174.27,8,take_profit,24.97404,0.00116,0.29094,4.87405,tokyo,2023
AUDUSD,-1,2023-07-20 10:00:00,2023-07-20 13:00:00,0.68205,0.68426,0.68426,0.67764,0.403,-22.1,-88.89,-88.89,3,stop_loss,27.54906,0.00147,1.48779,1.34949,london,2023
AUDUSD,1,2023-07-20 14:00:00,2023-07-20 15:00:00,0.68376,0.68161,0.68161,0.68806,0.4097,-21.5,-88.0,-88.0,1,stop_loss,26.21396,0.00143,2.40604,1.57943,london,2023
AUDUSD,1,2023-07-21 05:00:00,2023-07-21 11:00:00,0.67695,0.67504,0.67504,0.68076,0.4568,-19.1,-87.13,-87.13,6,stop_loss,24.95726,0.00127,-2.00527,1.03269,tokyo,2023
AUDUSD,-1,2023-07-21 11:00:00,2023-07-21 21:00:00,0.67569,0.67315,0.67774,0.67159,0.421,25.4,106.93,106.93,10,time_exit,25.89691,0.00137,-2.45303,0.67043,london,2023
AUDUSD,1,2023-07-24 11:00:00,2023-07-24 21:00:00,0.67341,0.67416,0.67181,0.6766,0.5469,7.5,41.02,41.02,10,time_exit,37.33246,0.00106,-1.9647,-1.51131,london,2023
AUDUSD,-1,2023-07-26 23:00:00,2023-07-27 05:00:00,0.67654,0.67901,0.67901,0.67161,0.3556,-24.7,-87.73,-87.73,6,stop_loss,27.06632,0.00164,0.25687,-0.31318,,2023
AUDUSD,1,2023-07-27 07:00:00,2023-07-27 09:00:00,0.68094,0.67866,0.67866,0.6855,0.3812,-22.8,-86.85,-86.85,2,stop_loss,23.38894,0.00152,2.87659,-0.10622,tokyo,2023
AUDUSD,1,2023-07-31 10:00:00,2023-07-31 17:00:00,0.66903,0.67344,0.66683,0.67344,0.3903,44.1,171.95,171.95,7,take_profit,21.44845,0.00147,-0.06077,-3.18798,london,2023
AUDUSD,-1,2023-07-31 22:00:00,2023-08-01 07:00:00,0.67179,0.66782,0.67378,0.66782,0.4416,39.7,175.42,175.41,9,take_profit,35.04577,0.00132,1.29903,-2.63143,,2023
AUDUSD,1,2023-08-03 13:00:00,2023-08-03 23:00:00,0.65327,0.65509,0.65122,0.65736,0.437,18.2,79.53,79.53,10,time_exit,43.47722,0.00136,-3.21672,-6.67331,london,2023
AUDUSD,1,2023-08-04 13:00:00,2023-08-04 16:00:00,0.65593,0.66003,0.65388,0.66003,0.4398,41.0,180.48,180.48,3,take_profit,23.87542,0.00137,-0.42639,-5.77555,london,2023
AUDUSD,-1,2023-08-07 04:00:00,2023-08-07 14:00:00,0.65817,0.65727,0.66032,0.65387,0.4282,9.0,38.54,38.54,10,time_exit,21.86727,0.00143,0.81392,-4.46833,tokyo,2023
AUDUSD,-1,2023-08-07 14:00:00,2023-08-07 15:00:00,0.6558,0.65774,0.65774,0.65192,0.4762,-19.4,-92.43,-92.43,1,stop_loss,16.50307,0.00129,-1.0303,-4.43972,london,2023
AUDUSD,-1,2023-08-08 12:00:00,2023-08-08 22:00:00,0.65258,0.65424,0.6545,0.64874,0.4764,-16.6,-79.08,-79.08,10,time_exit,30.28769,0.00128,-2.78707,-4.15552,london,2023
AUDUSD,1,2023-08-09 00:00:00,2023-08-09 10:00:00,0.65432,0.65663,0.65239,0.65819,0.4693,23.1,108.41,108.41,10,time_exit,32.92679,0.00129,-0.14422,-4.48108,tokyo,2023
AUDUSD,1,2023-08-10 23:00:00,2023-08-11 09:00:00,0.65224,0.65215,0.6498,0.65712,0.3763,-0.9,-3.39,-3.39,10,time_exit,27.31787,0.00163,-1.45379,-2.20199,,2023
AUDUSD,-1,2023-08-11 18:00:00,2023-08-14 04:00:00,0.65151,0.64736,0.65358,0.64736,0.4427,41.5,183.53,183.53,10,take_profit,14.55775,0.00138,-1.18507,-2.86196,new_york,2023
AUDUSD,1,2023-08-16 02:00:00,2023-08-16 04:00:00,0.64546,0.64341,0.64341,0.64955,0.4573,-20.5,-93.61,-93.61,2,stop_loss,27.64947,0.00136,-2.11572,-3.59231,tokyo,2023
AUDUSD,-1,2023-08-18 02:00:00,2023-08-18 04:00:00,0.6403,0.64234,0.64234,0.63623,0.4554,-20.4,-92.68,-92.68,2,stop_loss,20.46662,0.00136,-1.73375,-4.73331,tokyo,2023
AUDUSD,1,2023-08-21 02:00:00,2023-08-21 12:00:00,0.64089,0.64107,0.63914,0.64439,0.5237,1.8,9.43,9.42,10,time_exit,11.22487,0.00117,-0.38659,-5.07292,tokyo,2023
AUDUSD,1,2023-08-21 22:00:00,2023-08-22 08:00:00,0.6416,0.64161,0.63971,0.64539,0.485,0.1,0.49,0.48,10,time_exit,9.74732,0.00126,0.53461,-4.06163,,2023
AUDUSD,-1,2023-08-22 20:00:00,2023-08-23 04:00:00,0.64207,0.64424,0.64424,0.63772,0.4224,-21.7,-91.85,-91.86,8,stop_loss,18.04064,0.00145,0.13202,-2.37886,new_york,2023
AUDUSD,1,2023-08-23 15:00:00,2023-08-23 16:00:00,0.64188,0.64537,0.64014,0.64537,0.5213,34.9,181.85,181.85,1,take_profit,16.04575,0.00116,-0.44165,-2.15975,london,2023
AUDUSD,1,2023-08-24 12:00:00,2023-08-24 14:00:00,0.6458,0.64406,0.64406,0.64929,0.5319,-17.4,-92.75,-92.75,2,stop_loss,25.80821,0.00116,0.67256,-0.22809,london,2023
AUDUSD,1,2023-08-24 23:00:00,2023-08-25 09:00:00,0.64155,0.64135,0.63976,0.64514,0.5119,-2.0,-10.24,-10.24,10,time_exit,29.63578,0.0012,-2.33008,-0.60426,,2023
AUDUSD,1,2023-08-25 14:00:00,2023-08-25 16:00:00,0.64278,0.64121,0.64121,0.64592,0.5846,-15.7,-91.72,-91.72,2,stop_loss,27.12567,0.00105,-0.35315,-1.39462,london,2023
AUDUSD,1,2023-08-28 01:00:00,2023-08-28 11:00:00,0.64089,0.6409,0.6388,0.64508,0.4335,0.1,0.43,0.43,10,time_exit,29.27913,0.0014,-1.17453,-1.33263,tokyo,2023
AUDUSD,1,2023-08-28 23:00:00,2023-08-29 09:00:00,0.64281,0.64436,0.64132,0.64579,0.6099,15.5,94.53,94.53,10,time_exit,15.32943,0.00099,0.60714,-1.60236,,2023
AUDUSD,-1,2023-08-29 21:00:00,2023-08-30 07:00:00,0.64684,0.64723,0.64911,0.64229,0.4036,-3.9,-15.74,-15.74,10,time_exit,19.57272,0.00152,2.42059,-0.40819,new_york,2023
AUDUSD,-1,2023-09-01 18:00:00,2023-09-04 04:00:00,0.6458,0.64574,0.64845,0.64051,0.3461,0.6,2.08,2.07,10,time_exit,15.16659,0.00176,-0.94317,0.95118,new_york,2023
AUDUSD,1,2023-09-04 09:00:00,2023-09-04 17:00:00,0.64742,0.64559,0.64559,0.65107,0.5019,-18.3,-91.61,-91.62,8,stop_loss,13.19944,0.00122,0.60272,0.75158,london,2023
AUDUSD,-1,2023-09-05 05:00:00,2023-09-05 08:00:00,0.6436,0.64104,0.64488,0.64104,0.7095,25.6,181.38,181.38,3,take_profit,12.81448,0.00085,-3.11489,0.51892,tokyo,2023
AUDUSD,1,2023-09-08 12:00:00,2023-09-08 19:00:00,0.63934,0.63763,0.63763,0.64277,0.5398,-17.1,-92.51,-92.51,7,stop_loss,16.49068,0.00114,0.60357,-2.63572,london,2023
AUDUSD,1,2023-09-11 11:00:00,2023-09-11 21:00:00,0.64343,0.64277,0.6417,0.6469,0.5284,-6.6,-34.87,-34.88,10,time_exit,33.19766,0.00116,3.25077,-1.44354,london,2023
AUDUSD,1,2023-09-12 15:00:00,2023-09-13 01:00:00,0.64229,0.64275,0.64074,0.64539,0.589,4.6,27.09,27.09,10,time_exit,18.69383,0.00103,0.42925,0.09885,london,2023
AUDUSD,-1,2023-09-13 18:00:00,2023-09-14 03:00:00,0.64215,0.64413,0.64413,0.6382,0.4629,-19.8,-91.5,-91.5,9,stop_loss,29.60479,0.00132,0.3797,-0.04369,new_york,2023
AUDUSD,1,2023-09-14 06:00:00,2023-09-14 16:00:00,0.64293,0.64419,0.64108,0.64664,0.4885,12.6,61.55,61.55,10,time_exit,25.55198,0.00124,0.72056,0.17215,tokyo,2023
AUDUSD,-1,2023-09-18 02:00:00,2023-09-18 12:00:00,0.64329,0.64386,0.64493,0.64,0.5548,-5.7,-31.62,-31.63,10,time_exit,13.36584,0.0011,-0.52681,1.0749,tokyo,2023
AUDUSD,1,2023-09-18 23:00:00,2023-09-19 09:00:00,0.64371,0.64294,0.6422,0.64672,0.6035,-7.7,-46.47,-46.47,10,time_exit,17.48803,0.001,-0.09018,0.86705,,2023
AUDUSD,-1,2023-09-19 15:00:00,2023-09-20 01:00:00,0.64652,0.64562,0.64791,0.64375,0.6524,9.0,58.72,58.71,10,time_exit,20.13082,0.00092,2.69095,1.01652,london,2023
AUDUSD,1,2023-09-20 11:00:00,2023-09-20 14:00:00,0.64606,0.64862,0.64478,0.64862,0.7117,25.6,182.02,182.02,3,take_profit,12.30543,0.00085,1.32968,1.60222,london,2023
AUDUSD,-1,2023-09-20 16:00:00,2023-09-20 17:00:00,0.64856,0.64984,0.64984,0.64599,0.7231,-12.8,-92.83,-92.83,1,stop_loss,21.01485,0.00086,3.64103,1.96202,new_york,2023
AUDUSD,-1,2023-09-22 03:00:00,2023-09-22 07:00:00,0.64094,0.64258,0.64258,0.63767,0.5615,-16.4,-91.9,-91.9,4,stop_loss,21.20003,0.00109,-1.96717,-0.39679,tokyo,2023
AUDUSD,-1,2023-09-22 09:00:00,2023-09-22 11:00:00,0.64246,0.644,0.644,0.63937,0.5896,-15.4,-90.98,-90.99,2,stop_loss,16.0539,0.00103,-0.36646,-0.56396,london,2023
AUDUSD,-1,2023-09-25 16:00:00,2023-09-26 02:00:00,0.64245,0.6422,0.64392,0.63951,0.6136,2.5,15.34,15.34,10,time_exit,19.64067,0.00098,-0.77242,-0.2657,new_york,2023
AUDUSD,-1,2023-09-26 07:00:00,2023-09-26 10:00:00,0.64184,0.63903,0.64324,0.63903,0.6422,28.1,180.45,180.45,3,take_profit,28.72066,0.00094,-0.89858,-0.60198,tokyo,2023
AUDUSD,-1,2023-09-27 01:00:00,2023-09-27 11:00:00,0.63948,0.63812,0.64104,0.63636,0.59,13.6,80.24,80.24,10,time_exit,38.30368,0.00104,-1.98457,-1.20733,tokyo,2023
AUDUSD,-1,2023-09-28 17:00:00,2023-09-28 18:00:00,0.63976,0.64174,0.64174,0.6358,0.4693,-19.8,-92.84,-92.85,1,stop_loss,21.5535,0.00132,1.18694,-2.10222,new_york,2023
AUDUSD,-1,2023-09-29 06:00:00,2023-09-29 10:00:00,0.64607,0.64801,0.64801,0.6422,0.4747,-19.4,-91.92,-91.92,4,stop_loss,26.55795,0.00129,4.56521,-0.85657,tokyo,2023
AUDUSD,-1,2023-09-29 23:00:00,2023-10-02 09:00:00,0.64285,0.64211,0.64506,0.63843,0.4118,7.4,30.47,30.47,10,time_exit,30.1803,0.00147,-0.15652,0.71156,,2023
AUDUSD,1,2023-10-02 12:00:00,2023-10-02 16:00:00,0.64046,0.63839,0.63839,0.6446,0.4412,-20.7,-91.28,-91.29,4,stop_loss,23.05511,0.00138,-1.50807,0.39814,london,2023
AUDUSD,-1,2023-10-02 23:00:00,2023-10-03 07:00:00,0.63643,0.63268,0.63831,0.63268,0.482,37.5,180.77,180.77,8,take_profit,31.33161,0.00125,-3.53832,-0.59287,,2023
AUDUSD,1,2023-10-03 22:00:00,2023-10-04 08:00:00,0.6304,0.63113,0.62822,0.63476,0.4227,7.3,30.86,30.85,10,time_exit,48.2085,0.00145,-3.48317,-2.90508,,2023
AUDUSD,-1,2023-10-04 20:00:00,2023-10-05 04:00:00,0.633,0.63541,0.63541,0.62817,0.3832,-24.1,-92.51,-92.51,8,stop_loss,21.58404,0.00161,-0.12569,-2.99874,new_york,2023
AUDUSD,-1,2023-10-05 04:00:00,2023-10-05 05:00:00,0.63442,0.63648,0.63648,0.63031,0.4452,-20.6,-91.56,-91.56,1,stop_loss,15.05386,0.00137,0.95005,-3.3179,tokyo,2023
AUDUSD,-1,2023-10-05 05:00:00,2023-10-05 15:00:00,0.6365,0.63429,0.63863,0.63223,0.4247,22.1,93.86,93.86,10,time_exit,16.44217,0.00142,2.29037,-3.09495,tokyo,2023
AUDUSD,-1,2023-10-06 14:00:00,2023-10-06 15:00:00,0.6361,0.63293,0.63769,0.63293,0.5773,31.7,183.19,183.19,1,take_profit,9.07093,0.00106,0.64527,-1.69103,london,2023
AUDUSD,-1,2023-10-06 16:00:00,2023-10-06 17:00:00,0.63258,0.6346,0.6346,0.62854,0.4622,-20.2,-93.42,-93.42,1,stop_loss,11.36931,0.00135,-2.04266,-1.35383,new_york,2023
AUDUSD,-1,2023-10-09 01:00:00,2023-10-09 03:00:00,0.63548,0.63803,0.63803,0.63038,0.3628,-25.5,-92.48,-92.48,2,stop_loss,13.13544,0.0017,-0.32999,-0.70536,tokyo,2023
AUDUSD,1,2023-10-10 19:00:00,2023-10-11 00:00:00,0.64296,0.6409,0.6409,0.64708,0.4448,-20.6,-91.56,-91.56,5,stop_loss,21.74249,0.00137,2.77349,0.9329,new_york,2023
AUDUSD,1,2023-10-13 12:00:00,2023-10-13 13:00:00,0.63218,0.63059,0.63059,0.63537,0.5685,-15.9,-90.65,-90.65,1,stop_loss,46.90379,0.00106,-3.7581,-1.68591,london,2023
AUDUSD,1,2023-10-16 02:00:00,2023-10-16 12:00:00,0.63052,0.63237,0.62898,0.6336,0.5825,18.5,107.76,107.76,10,time_exit,37.29863,0.00103,-3.09835,-3.22602,tokyo,2023
AUDUSD,-1,2023-10-16 21:00:00,2023-10-17 03:00:00,0.6342,0.63574,0.63574,0.63112,0.5896,-15.4,-90.82,-90.82,6,stop_loss,21.21235,0.00103,1.03321,-3.00361,new_york,2023
AUDUSD,-1,2023-10-18 04:00:00,2023-10-18 05:00:00,0.63534,0.63705,0.63705,0.63193,0.5272,-17.1,-89.91,-89.91,1,stop_loss,20.44221,0.00114,0.38559,-0.97811,tokyo,2023
AUDUSD,-1,2023-10-19 19:00:00,2023-10-19 20:00:00,0.63242,0.63409,0.63409,0.62907,0.5315,-16.7,-89.02,-89.02,1,stop_loss,23.52677,0.00112,-0.70606,-1.78687,new_york,2023
AUDUSD,-1,2023-10-24 08:00:00,2023-10-24 09:00:00,0.63587,0.6374,0.6374,0.63281,0.5758,-15.3,-88.13,-88.13,1,stop_loss,23.07501,0.00102,2.98913,-1.06036,tokyo,2023
AUDUSD,-1,2023-10-24 09:00:00,2023-10-24 10:00:00,0.63561,0.63712,0.63712,0.63259,0.5786,-15.1,-87.25,-87.25,1,stop_loss,23.75739,0.00101,2.68546,-0.9837,london,2023
AUDUSD,-1,2023-10-26 03:00:00,2023-10-26 11:00:00,0.62938,0.63113,0.63113,0.62587,0.4922,-17.5,-86.36,-86.37,8,stop_loss,35.99437,0.00117,-3.70109,-0.38616,tokyo,2023
AUDUSD,-1,2023-10-27 04:00:00,2023-10-27 12:00:00,0.63347,0.63539,0.63539,0.62964,0.4464,-19.2,-85.5,-85.5,8,stop_loss,22.15052,0.00128,1.06252,-1.02448,tokyo,2023
AUDUSD,1,2023-10-27 19:00:00,2023-10-27 22:00:00,0.63512,0.63325,0.63325,0.63887,0.4517,-18.7,-84.66,-84.66,3,stop_loss,25.49577,0.00125,1.49449,-0.27017,new_york,2023
AUDUSD,-1,2023-10-30 21:00:00,2023-10-31 07:00:00,0.63745,0.63438,0.63899,0.63438,0.5454,30.7,167.6,167.6,10,take_profit,28.6041,0.00102,2.40051,0.90374,new_york,2023
AUDUSD,-1,2023-11-01 16:00:00,2023-11-01 17:00:00,0.63594,0.63772,0.63772,0.63238,0.4801,-17.8,-85.48,-85.48,1,stop_loss,23.7985,0.00119,1.26848,0.15289,new_york,2023
AUDUSD,-1,2023-11-02 02:00:00,2023-11-02 03:00:00,0.64068,0.64297,0.64297,0.63609,0.3691,-22.9,-84.62,-84.62,1,stop_loss,39.00776,0.00153,3.29642,0.66784,tokyo,2023
AUDUSD,-1,2023-11-02 07:00:00,2023-11-02 15:00:00,0.64322,0.64529,0.64529,0.63908,0.4044,-20.7,-83.77,-83.78,8,stop_loss,49.35387,0.00138,4.49296,1.43039,tokyo,2023
AUDUSD,1,2023-11-06 09:00:00,2023-11-06 15:00:00,0.65136,0.64967,0.64967,0.65473,0.4917,-16.9,-82.94,-82.94,6,stop_loss,46.55861,0.00112,4.3652,6.13636,london,2023
AUDUSD,-1,2023-11-06 17:00:00,2023-11-07 03:00:00,0.64984,0.64758,0.65145,0.64662,0.5101,22.6,115.28,115.28,10,time_exit,35.74881,0.00107,2.1067,6.67016,new_york,2023
AUDUSD,-1,2023-11-07 22:00:00,2023-11-08 08:00:00,0.64318,0.64336,0.64503,0.63948,0.4498,-1.8,-8.1,-8.1,10,time_exit,45.96351,0.00123,-1.77255,3.07925,,2023
AUDUSD,1,2023-11-08 17:00:00,2023-11-08 19:00:00,0.64294,0.64127,0.64127,0.64629,0.4968,-16.7,-83.19,-83.19,2,stop_loss,25.88297,0.00112,-1.13162,2.11158,new_york,2023
AUDUSD,-1,2023-11-09 02:00:00,2023-11-09 12:00:00,0.64078,0.64037,0.64235,0.63764,0.5251,4.1,21.53,21.53,10,time_exit,36.07362,0.00105,-2.31715,1.33176,tokyo,2023
AUDUSD,-1,2023-11-10 09:00:00,2023-11-10 19:00:00,0.63645,0.63571,0.63808,0.63319,0.5069,7.4,37.51,37.51,10,time_exit,39.13337,0.00109,-3.08097,-1.11418,london,2023
AUDUSD,1,2023-11-13 03:00:00,2023-11-13 13:00:00,0.63555,0.63747,0.63397,0.63872,0.5239,19.2,100.59,100.59,10,time_exit,38.70019,0.00106,-2.05647,-2.30523,tokyo,2023
AUDUSD,-1,2023-11-16 09:00:00,2023-11-16 11:00:00,0.6481,0.65012,0.65012,0.64405,0.4147,-20.2,-83.95,-83.95,2,stop_loss,23.65376,0.00135,0.45656,3.36504,london,2023
AUDUSD,1,2023-11-16 13:00:00,2023-11-16 18:00:00,0.64909,0.64703,0.64703,0.65321,0.4037,-20.6,-83.1,-83.1,5,stop_loss,20.13146,0.00137,1.0041,3.3127,london,2023
AUDUSD,1,2023-11-17 04:00:00,2023-11-17 12:00:00,0.64626,0.65028,0.64425,0.65028,0.4096,40.2,164.55,164.55,8,take_profit,19.84908,0.00134,-0.99305,2.85764,tokyo,2023
AUDUSD,1,2023-11-17 20:00:00,2023-11-20 05:00:00,0.65038,0.65456,0.64829,0.65456,0.4019,41.8,167.87,167.86,9,take_profit,17.69897,0.00139,1.57695,2.64986,new_york,2023
AUDUSD,-1,2023-11-21 15:00:00,2023-11-22 01:00:00,0.65747,0.65578,0.65939,0.65363,0.4453,16.9,75.26,75.25,10,time_exit,22.47759,0.00128,2.30816,4.8728,london,2023
AUDUSD,1,2023-11-22 03:00:00,2023-11-22 07:00:00,0.65606,0.6543,0.6543,0.65959,0.4893,-17.6,-86.36,-86.36,4,stop_loss,18.86987,0.00118,0.81825,5.05127,tokyo,2023
AUDUSD,-1,2023-11-22 23:00:00,2023-11-23 04:00:00,0.65407,0.65582,0.65582,0.65057,0.4892,-17.5,-85.49,-85.49,5,stop_loss,21.05813,0.00117,-0.6361,3.99509,,2023
AUDUSD,1,2023-11-27 16:00:00,2023-11-28 02:00:00,0.66008,0.66136,0.65862,0.66301,0.5786,12.8,74.06,74.06,10,time_exit,21.15163,0.00098,2.39544,4.30264,new_york,2023
AUDUSD,1,2023-11-28 23:00:00,2023-11-29 09:00:00,0.66447,0.66279,0.66235,0.6687,0.4033,-16.8,-67.75,-67.76,10,time_exit,27.55126,0.00141,2.48769,3.68696,,2023
AUDUSD,1,2023-12-01 07:00:00,2023-12-01 17:00:00,0.66106,0.66392,0.65898,0.66523,0.4063,28.6,116.2,116.2,10,time_exit,9.79504,0.00139,-0.4352,2.22448,tokyo,2023
AUDUSD,1,2023-12-05 02:00:00,2023-12-05 04:00:00,0.6617,0.65993,0.65993,0.66524,0.4852,-17.7,-85.86,-85.87,2,stop_loss,27.55216,0.00118,-1.44134,2.51062,tokyo,2023
AUDUSD,1,2023-12-06 04:00:00,2023-12-06 12:00:00,0.65876,0.65685,0.65685,0.66258,0.4447,-19.1,-85.01,-85.01,8,stop_loss,45.6667,0.00127,-0.24783,-0.44847,tokyo,2023
AUDUSD,-1,2023-12-07 23:00:00,2023-12-08 09:00:00,0.66037,0.66096,0.66236,0.65639,0.4232,-5.9,-24.97,-24.97,10,time_exit,31.87367,0.00133,2.12538,-0.88771,,2023
AUDUSD,1,2023-12-08 12:00:00,2023-12-08 15:00:00,0.66067,0.65902,0.65902,0.66398,0.5074,-16.5,-83.9,-83.9,3,stop_loss,35.42226,0.0011,1.68235,-0.1313,london,2023
AUDUSD,1,2023-12-12 16:00:00,2023-12-13 00:00:00,0.65594,0.6541,0.6541,0.65963,0.4504,-18.4,-83.07,-83.07,8,stop_loss,20.93905,0.00123,-1.44123,-0.50484,new_york,2023
AUDUSD,1,2023-12-13 05:00:00,2023-12-13 15:00:00,0.65539,0.65753,0.65363,0.65892,0.4661,21.4,99.75,99.74,10,time_exit,33.07185,0.00118,-1.31828,-0.92557,tokyo,2023
AUDUSD,1,2023-12-14 03:00:00,2023-12-14 13:00:00,0.66947,0.67124,0.66674,0.67494,0.3044,17.7,53.88,53.88,10,time_exit,37.00599,0.00182,5.84723,0.32001,tokyo,2023
AUDUSD,-1,2023-12-14 17:00:00,2023-12-15 03:00:00,0.6714,0.66976,0.67414,0.66593,0.3061,16.4,50.2,50.2,10,time_exit,41.24333,0.00182,3.99356,2.2711,new_york,2023
AUDUSD,-1,2023-12-15 08:00:00,2023-12-15 11:00:00,0.66972,0.67196,0.67196,0.66525,0.377,-22.4,-84.28,-84.28,3,stop_loss,18.72825,0.00149,1.85734,3.71283,tokyo,2023
AUDUSD,1,2023-12-20 00:00:00,2023-12-20 10:00:00,0.67624,0.67708,0.67479,0.67915,0.5742,8.4,48.23,48.23,10,time_exit,28.71645,0.00097,3.82063,6.25729,tokyo,2023
AUDUSD,1,2023-12-21 08:00:00,2023-12-21 15:00:00,0.6752,0.67833,0.67364,0.67833,0.5368,31.3,167.81,167.81,7,take_profit,25.78086,0.00104,0.51479,5.41897,tokyo,2023
AUDUSD,-1,2023-12-22 16:00:00,2023-12-26 02:00:00,0.68149,0.68045,0.68325,0.67798,0.4871,10.4,50.66,50.66,10,time_exit,21.4114,0.00117,3.35087,5.12514,new_york,2023
AUDUSD,-1,2023-12-27 22:00:00,2023-12-28 02:00:00,0.68418,0.68552,0.68552,0.6815,0.6427,-13.4,-86.09,-86.09,4,stop_loss,18.09431,0.00089,2.23041,6.94243,,2023
AUDUSD,1,2023-12-29 14:00:00,2023-12-29 15:00:00,0.68001,0.67833,0.67833,0.68336,0.5084,-16.8,-85.23,-85.23,1,stop_loss,16.5437,0.00112,-2.80371,4.10827,london,2023
AUDUSD,1,2023-12-29 17:00:00,2024-01-02 03:00:00,0.68159,0.68124,0.67961,0.68554,0.4271,-3.5,-14.95,-14.95,10,time_exit,20.31452,0.00132,-0.90244,3.16738,new_york,2023
AUDUSD,-1,2024-01-04 23:00:00,2024-01-05 09:00:00,0.67046,0.66984,0.67225,0.66689,0.4716,6.2,29.24,29.24,10,time_exit,36.16253,0.00119,-2.90817,-2.45554,,2024
AUDUSD,1,2024-01-08 10:00:00,2024-01-08 11:00:00,0.67033,0.66841,0.66841,0.67418,0.4394,-19.2,-84.53,-84.53,1,stop_loss,15.63851,0.00128,-0.87217,-2.73616,london,2024
AUDUSD,-1,2024-01-08 11:00:00,2024-01-08 17:00:00,0.66928,0.67127,0.67127,0.6653,0.421,-19.9,-83.68,-83.68,6,stop_loss,15.76573,0.00133,-1.59403,-2.67023,london,2024
AUDUSD,-1,2024-01-08 21:00:00,2024-01-09 04:00:00,0.67145,0.67342,0.67342,0.66751,0.4201,-19.7,-82.84,-82.84,7,stop_loss,14.7816,0.00131,0.37408,-2.65887,new_york,2024
AUDUSD,1,2024-01-09 14:00:00,2024-01-10 00:00:00,0.66916,0.6685,0.66745,0.67258,0.4802,-6.6,-31.69,-31.7,10,time_exit,14.74258,0.00114,-1.6967,-2.53967,london,2024
AUDUSD,-1,2024-01-12 17:00:00,2024-01-15 00:00:00,0.67205,0.66745,0.67435,0.66745,0.3553,46.0,163.37,163.37,7,take_profit,15.30376,0.00153,1.45643,-1.25483,new_york,2024
AUDUSD,1,2024-01-15 20:00:00,2024-01-16 02:00:00,0.66598,0.66443,0.66443,0.66908,0.538,-15.5,-83.33,-83.34,6,stop_loss,25.43492,0.00103,-2.17775,-2.47922,new_york,2024
AUDUSD,-1,2024-01-17 02:00:00,2024-01-17 08:00:00,0.65892,0.65541,0.66067,0.65541,0.4707,35.1,164.98,164.98,6,take_profit,39.14027,0.00117,-3.40262,-4.62488,tokyo,2024
AUDUSD,-1,2024-01-17 09:00:00,2024-01-17 19:00:00,0.6557,0.65396,0.65746,0.65219,0.4791,17.4,83.36,83.36,10,time_exit,42.56467,0.00117,-4.98635,-5.14513,london,2024
AUDUSD,1,2024-01-19 15:00:00,2024-01-19 16:00:00,0.65937,0.65772,0.65772,0.66267,0.5147,-16.5,-84.98,-84.99,1,stop_loss,18.47208,0.0011,1.55633,-4.79128,london,2024
AUDUSD,1,2024-01-19 22:00:00,2024-01-22 08:00:00,0.65962,0.65902,0.65783,0.6632,0.4706,-6.0,-28.24,-28.24,10,time_exit,15.16745,0.00119,1.41097,-3.95409,,2024
AUDUSD,1,2024-01-23 05:00:00,2024-01-23 15:00:00,0.65872,0.65927,0.65708,0.66201,0.5099,5.5,28.04,28.04,10,time_exit,19.3411,0.0011,0.31455,-2.95139,tokyo,2024
AUDUSD,1,2024-01-23 17:00:00,2024-01-23 19:00:00,0.65762,0.65588,0.65588,0.66109,0.4843,-17.4,-84.13,-84.13,2,stop_loss,15.6532,0.00116,-0.92244,-2.30166,new_york,2024
AUDUSD,-1,2024-01-24 03:00:00,2024-01-24 11:00:00,0.65818,0.65978,0.65978,0.65498,0.5205,-16.0,-83.29,-83.29,8,stop_loss,16.26738,0.00107,-0.06366,-2.53496,tokyo,2024
AUDUSD,1,2024-01-26 03:00:00,2024-01-26 13:00:00,0.6583,0.6598,0.65668,0.66155,0.5077,15.0,76.16,76.15,10,time_exit,10.34446,0.00108,-0.10056,-1.48392,tokyo,2024
AUDUSD,1,2024-01-26 17:00:00,2024-01-26 19:00:00,0.65971,0.6581,0.6581,0.66294,0.5159,-16.1,-83.22,-83.22,2,stop_loss,10.55205,0.00108,0.93258,-1.06813,new_york,2024
AUDUSD,1,2024-01-29 06:00:00,2024-01-29 16:00:00,0.65909,0.65878,0.65766,0.66195,0.5754,-3.1,-17.84,-17.84,10,time_exit,11.17927,0.00095,0.52879,-1.18063,tokyo,2024
AUDUSD,1,2024-01-30 01:00:00,2024-01-30 11:00:00,0.66111,0.66052,0.65954,0.66425,0.5241,-5.9,-30.92,-30.92,10,time_exit,18.07018,0.00105,1.78316,-0.44811,tokyo,2024
AUDUSD,1,2024-02-02 04:00:00,2024-02-02 14:00:00,0.65892,0.6607,0.65701,0.66273,0.4296,17.8,76.47,76.47,10,time_exit,22.23556,0.00127,1.73173,-1.42542,tokyo,2024
AUDUSD,1,2024-02-05 03:00:00,2024-02-05 13:00:00,0.64929,0.65021,0.64724,0.65339,0.4035,9.2,37.12,37.12,10,time_exit,42.47617,0.00137,-4.44553,-1.82203,tokyo,2024
AUDUSD,-1,2024-02-07 06:00:00,2024-02-07 16:00:00,0.65293,0.65291,0.65437,0.65005,0.5759,0.2,1.15,1.15,10,time_exit,30.0113,0.00096,1.42252,-3.48931,tokyo,2024
AUDUSD,-1,2024-02-08 02:00:00,2024-02-08 12:00:00,0.65205,0.6505,0.65335,0.64946,0.6401,15.5,99.22,99.21,10,time_exit,18.99238,0.00086,0.05759,-2.84714,tokyo,2024
AUDUSD,1,2024-02-09 03:00:00,2024-02-09 11:00:00,0.64874,0.65121,0.64751,0.65121,0.6809,24.7,168.08,168.08,8,take_profit,32.28786,0.00082,-2.4065,-3.40611,tokyo,2024
AUDUSD,1,2024-02-12 08:00:00,2024-02-12 18:00:00,0.6519,0.6537,0.65073,0.65425,0.7301,18.0,131.42,131.42,10,time_exit,26.57234,0.00078,0.73784,-2.12207,tokyo,2024
AUDUSD,1,2024-02-12 20:00:00,2024-02-12 21:00:00,0.65424,0.65301,0.65301,0.6567,0.7069,-12.3,-87.03,-87.03,1,stop_loss,19.95289,0.00082,2.94035,-1.35388,new_york,2024
AUDUSD,-1,2024-02-13 02:00:00,2024-02-13 12:00:00,0.65287,0.65196,0.65405,0.65051,0.7311,9.1,66.53,66.53,10,time_exit,17.91996,0.00079,1.00774,-1.09078,tokyo,2024
AUDUSD,-1,2024-02-15 05:00:00,2024-02-15 13:00:00,0.64874,0.65013,0.65013,0.64597,0.6261,-13.9,-86.83,-86.83,8,stop_loss,21.36688,0.00092,0.02688,-2.59457,tokyo,2024
AUDUSD,1,2024-02-15 19:00:00,2024-02-16 05:00:00,0.65067,0.65141,0.64911,0.65379,0.5516,7.4,40.82,40.82,10,time_exit,27.59505,0.00104,1.28331,-1.5691,new_york,2024
AUDUSD,-1,2024-02-16 22:00:00,2024-02-19 02:00:00,0.65335,0.65489,0.65489,0.65027,0.5614,-15.4,-86.37,-86.37,4,stop_loss,24.53469,0.00103,2.00681,0.0325,,2024
AUDUSD,1,2024-02-20 04:00:00,2024-02-20 11:00:00,0.65289,0.65482,0.65193,0.65482,0.887,19.3,171.0,171.0,7,take_profit,18.19561,0.00064,-0.11007,1.67724,tokyo,2024
AUDUSD,1,2024-02-20 23:00:00,2024-02-21 09:00:00,0.65541,0.65631,0.65409,0.65804,0.6632,9.0,59.69,59.69,10,time_exit,28.68414,0.00088,1.48127,1.93499,,2024
AUDUSD,1,2024-02-22 07:00:00,2024-02-22 09:00:00,0.65581,0.6585,0.65446,0.6585,0.6526,26.9,175.61,175.61,2,take_profit,12.69538,0.0009,0.92684,1.94752,tokyo,2024
AUDUSD,-1,2024-02-22 11:00:00,2024-02-22 15:00:00,0.65887,0.65591,0.66035,0.65591,0.6049,29.6,179.14,179.14,4,take_profit,19.44901,0.00099,3.52058,2.01878,london,2024
AUDUSD,-1,2024-02-22 18:00:00,2024-02-23 02:00:00,0.65454,0.65622,0.65622,0.65118,0.5444,-16.8,-91.36,-91.37,8,stop_loss,20.68181,0.00112,-1.05415,1.85279,new_york,2024
AUDUSD,1,2024-02-23 16:00:00,2024-02-23 17:00:00,0.65738,0.65591,0.65591,0.66031,0.617,-14.7,-90.44,-90.45,1,stop_loss,12.1752,0.00098,1.28975,2.0167,new_york,2024
AUDUSD,-1,2024-02-23 18:00:00,2024-02-26 04:00:00,0.656,0.65574,0.65747,0.65306,0.6083,2.6,15.82,15.81,10,time_exit,11.67334,0.00098,-0.17991,1.98892,new_york,2024
AUDUSD,1,2024-02-26 10:00:00,2024-02-26 16:00:00,0.65518,0.65394,0.65394,0.65766,0.7239,-12.4,-89.7,-89.7,6,stop_loss,26.9547,0.00083,-1.00608,1.8811,london,2024
AUDUSD,1,2024-02-27 06:00:00,2024-02-27 16:00:00,0.65388,0.65442,0.65266,0.65631,0.7306,5.4,39.45,39.45,10,time_exit,35.15181,0.00081,-1.25375,0.60282,tokyo,2024
AUDUSD,1,2024-02-28 00:00:00,2024-02-28 05:00:00,0.65325,0.65209,0.65209,0.65557,0.7704,-11.6,-89.2,-89.2,5,stop_loss,21.70285,0.00077,-0.50534,0.44656,tokyo,2024
AUDUSD,-1,2024-02-28 09:00:00,2024-02-28 19:00:00,0.65084,0.64961,0.65216,0.6482,0.669,12.3,82.29,82.28,10,time_exit,35.87784,0.00088,-3.81554,-0.1337,london,2024
AUDUSD,1,2024-02-29 14:00:00,2024-02-29 16:00:00,0.64984,0.65235,0.64859,0.65235,0.7111,25.1,178.26,178.26,2,take_profit,31.39852,0.00084,-1.94276,-2.13072,london,2024
AUDUSD,1,2024-03-01 06:00:00,2024-03-01 10:00:00,0.65138,0.64999,0.64999,0.65417,0.6519,-13.9,-90.91,-90.91,4,stop_loss,16.32132,0.00093,0.46522,-2.02593,tokyo,2024
AUDUSD,-1,2024-03-01 20:00:00,2024-03-04 06:00:00,0.65304,0.65199,0.65472,0.64968,0.5349,10.5,56.16,56.16,10,time_exit,16.65622,0.00112,1.85985,-1.45298,new_york,2024
AUDUSD,1,2024-03-05 07:00:00,2024-03-05 08:00:00,0.65015,0.64907,0.64907,0.65232,0.8355,-10.8,-90.56,-90.56,1,stop_loss,29.80924,0.00072,-1.65062,-1.34455,tokyo,2024
AUDUSD,-1,2024-03-05 17:00:00,2024-03-05 18:00:00,0.6498,0.65104,0.65104,0.64732,0.724,-12.4,-89.65,-89.65,1,stop_loss,37.7194,0.00083,-1.37736,-1.7558,new_york,2024
AUDUSD,1,2024-03-06 18:00:00,2024-03-07 04:00:00,0.65657,0.65746,0.655,0.65971,0.5657,8.9,50.35,50.35,10,time_exit,28.5225,0.00105,4.85123,-0.43036,new_york,2024
AUDUSD,-1,2024-03-08 02:00:00,2024-03-08 07:00:00,0.66214,0.66339,0.66339,0.65965,0.7158,-12.5,-89.27,-89.27,5,stop_loss,56.30601,0.00083,5.39145,4.37813,tokyo,2024
AUDUSD,1,2024-03-08 19:00:00,2024-03-11 05:00:00,0.66257,0.66095,0.66077,0.66618,0.4898,-16.2,-79.35,-79.35,10,time_exit,50.91521,0.0012,1.65298,4.22487,new_york,2024
AUDUSD,1,2024-03-13 15:00:00,2024-03-14 01:00:00,0.66128,0.66214,0.66004,0.66376,0.7058,8.6,60.7,60.7,10,time_exit,25.2932,0.00083,0.36602,3.26541,london,2024
AUDUSD,1,2024-03-14 02:00:00,2024-03-14 07:00:00,0.66214,0.66102,0.66102,0.66438,0.7879,-11.2,-88.19,-88.19,5,stop_loss,17.81678,0.00075,0.99966,3.64091,tokyo,2024
AUDUSD,-1,2024-03-15 05:00:00,2024-03-15 15:00:00,0.65638,0.65642,0.65778,0.65359,0.6257,-0.4,-2.5,-2.51,10,time_exit,41.78521,0.00093,-4.07023,1.26891,tokyo,2024
AUDUSD,1,2024-03-15 15:00:00,2024-03-15 20:00:00,0.65687,0.65557,0.65557,0.65948,0.6692,-13.0,-87.27,-87.28,5,stop_loss,49.58807,0.00087,-2.39386,0.21873,london,2024
AUDUSD,-1,2024-03-19 20:00:00,2024-03-20 06:00:00,0.65319,0.65366,0.65459,0.65039,0.6165,-4.7,-28.98,-28.98,10,time_exit,32.78867,0.00093,-1.64889,-2.58848,new_york,2024
AUDUSD,1,2024-03-20 22:00:00,2024-03-21 03:00:00,0.65772,0.66071,0.65623,0.66071,0.5761,29.9,172.22,172.22,5,take_profit,19.21477,0.001,4.04474,-2.56376,,2024
AUDUSD,1,2024-03-21 19:00:00,2024-03-22 04:00:00,0.65688,0.65511,0.65511,0.66042,0.4961,-17.7,-87.84,-87.84,9,stop_loss,34.56233,0.00118,-0.41664,0.34007,new_york,2024
AUDUSD,-1,2024-03-28 06:00:00,2024-03-28 10:00:00,0.65355,0.65087,0.65489,0.65087,0.6498,26.8,173.92,173.92,4,take_profit,16.46711,0.00089,0.57394,-1.64842,tokyo,2024
AUDUSD,-1,2024-03-28 23:00:00,2024-03-29 09:00:00,0.65164,0.65068,0.65308,0.64876,0.6163,9.6,59.16,59.16,10,time_exit,16.3728,0.00096,-0.56188,-1.9039,,2024
AUDUSD,-1,2024-03-29 11:00:00,2024-03-29 15:00:00,0.65091,0.65198,0.65198,0.64877,0.8355,-10.7,-89.29,-89.29,4,stop_loss,10.85967,0.00071,-1.30607,-2.62288,london,2024
AUDUSD,-1,2024-03-29 20:00:00,2024-04-01 01:00:00,0.65208,0.65324,0.65324,0.64976,0.7626,-11.6,-88.4,-88.4,5,stop_loss,14.84298,0.00077,0.24521,-2.16019,new_york,2024
AUDUSD,1,2024-04-03 05:00:00,2024-04-03 15:00:00,0.65092,0.6516,0.64966,0.65343,0.6968,6.8,47.38,47.38,10,time_exit,19.0449,0.00084,0.15345,-1.83182,tokyo,2024
AUDUSD,-1,2024-04-04 13:00:00,2024-04-04 15:00:00,0.66037,0.66164,0.66164,0.65782,0.6913,-12.7,-87.98,-87.98,2,stop_loss,39.95726,0.00085,6.62134,1.8431,london,2024
AUDUSD,-1,2024-04-05 03:00:00,2024-04-05 13:00:00,0.65877,0.65852,0.66015,0.65601,0.6312,2.5,15.78,15.78,10,time_exit,36.37455,0.00092,1.9117,3.16745,tokyo,2024
AUDUSD,1,2024-04-08 15:00:00,2024-04-09 01:00:00,0.65868,0.66043,0.65722,0.66161,0.5965,17.5,104.39,104.39,10,time_exit,14.50821,0.00098,1.04978,2.51402,london,2024
AUDUSD,-1,2024-04-09 22:00:00,2024-04-10 08:00:00,0.66211,0.66208,0.66353,0.65927,0.6209,0.3,1.86,1.86,10,time_exit,23.39916,0.00095,1.95906,3.66887,,2024
AUDUSD,-1,2024-04-12 09:00:00,2024-04-12 13:00:00,0.65252,0.6495,0.65403,0.6495,0.5843,30.2,176.66,176.66,4,take_profit,21.6095,0.00101,-1.88189,-1.49876,london,2024
AUDUSD,-1,2024-04-12 14:00:00,2024-04-12 20:00:00,0.64916,0.64588,0.6508,0.64588,0.5494,32.8,180.17,180.17,6,take_profit,27.82232,0.00109,-4.23004,-1.75229,london,2024
AUDUSD,-1,2024-04-15 04:00:00,2024-04-15 06:00:00,0.64707,0.64868,0.64868,0.64385,0.5704,-16.1,-91.9,-91.9,2,stop_loss,41.21358,0.00107,-3.51497,-3.44464,tokyo,2024
AUDUSD,1,2024-04-15 09:00:00,2024-04-15 15:00:00,0.64902,0.64738,0.64738,0.6523,0.554,-16.4,-90.97,-90.97,6,stop_loss,33.93658,0.00109,-1.25931,-3.51239,london,2024
AUDUSD,-1,2024-04-16 00:00:00,2024-04-16 10:00:00,0.64319,0.64176,0.64488,0.6398,0.5314,14.3,75.99,75.99,10,time_exit,27.5605,0.00113,-3.87351,-4.05639,tokyo,2024
AUDUSD,1,2024-04-17 07:00:00,2024-04-17 17:00:00,0.64159,0.64199,0.63991,0.64494,0.542,4.0,21.68,21.68,10,time_exit,32.57123,0.00112,-1.7067,-5.89738,tokyo,2024
AUDUSD,1,2024-04-17 17:00:00,2024-04-17 19:00:00,0.64319,0.64144,0.64144,0.64669,0.5198,-17.5,-91.05,-91.05,2,stop_loss,20.03544,0.00117,0.0801,-5.34597,new_york,2024
AUDUSD,-1,2024-04-18 02:00:00,2024-04-18 05:00:00,0.64378,0.64542,0.64542,0.64049,0.5481,-16.4,-90.14,-90.14,3,stop_loss,15.49671,0.0011,0.62575,-5.20131,tokyo,2024
AUDUSD,1,2024-04-18 18:00:00,2024-04-18 20:00:00,0.64326,0.64165,0.64165,0.64649,0.5527,-16.1,-89.23,-89.24,2,stop_loss,12.09813,0.00108,-0.405,-4.12939,new_york,2024
AUDUSD,1,2024-04-19 02:00:00,2024-04-19 04:00:00,0.6419,0.64051,0.64051,0.64468,0.6361,-13.9,-88.34,-88.34,2,stop_loss,18.70533,0.00093,-1.53481,-4.73281,tokyo,2024
AUDUSD,1,2024-04-19 09:00:00,2024-04-19 19:00:00,0.63969,0.64216,0.63768,0.64371,0.4348,24.7,107.4,107.39,10,time_exit,28.6798,0.00134,-2.00825,-3.54874,london,2024
AUDUSD,-1,2024-04-22 01:00:00,2024-04-22 03:00:00,0.64163,0.64337,0.64337,0.63815,0.5085,-17.4,-88.54,-88.54,2,stop_loss,15.50045,0.00116,-0.46682,-3.6587,tokyo,2024
AUDUSD,1,2024-04-22 14:00:00,2024-04-23 00:00:00,0.64384,0.64493,0.6423,0.64692,0.5689,10.9,62.01,62.01,10,time_exit,11.8291,0.00103,1.1526,-3.25198,london,2024
AUDUSD,1,2024-04-24 14:00:00,2024-04-24 18:00:00,0.64988,0.6485,0.6485,0.65264,0.6391,-13.8,-88.27,-88.27,4,stop_loss,28.40704,0.00092,2.49966,1.11625,london,2024
AUDUSD,1,2024-04-25 03:00:00,2024-04-25 10:00:00,0.6498,0.65235,0.64852,0.65235,0.6843,25.5,174.75,174.75,7,take_profit,15.75068,0.00085,1.59363,1.746,tokyo,2024
AUDUSD,1,2024-04-25 23:00:00,2024-04-26 09:00:00,0.65168,0.6546,0.64995,0.65514,0.5149,29.2,150.35,150.35,10,time_exit,14.47635,0.00115,1.47709,1.96568,,2024
AUDUSD,-1,2024-04-29 13:00:00,2024-04-29 23:00:00,0.65638,0.65659,0.65826,0.65263,0.483,-2.1,-10.14,-10.15,10,time_exit,20.48412,0.00125,2.25108,3.04433,london,2024
AUDUSD,1,2024-04-29 23:00:00,2024-04-30 04:00:00,0.65682,0.65524,0.65524,0.65997,0.5746,-15.8,-90.54,-90.54,5,stop_loss,16.00604,0.00105,2.22739,3.90327,,2024
AUDUSD,1,2024-04-30 22:00:00,2024-05-01 04:00:00,0.64826,0.64657,0.64657,0.65163,0.5317,-16.9,-89.63,-89.63,6,stop_loss,42.13002,0.00112,-4.171,1.90194,,2024
AUDUSD,1,2024-05-01 12:00:00,2024-05-01 21:00:00,0.648,0.6506,0.6467,0.6506,0.6822,26.0,177.47,177.47,9,take_profit,50.91471,0.00087,-2.9383,0.22844,london,2024
AUDUSD,-1,2024-05-02 04:00:00,2024-05-02 09:00:00,0.65225,0.65426,0.65426,0.64822,0.4496,-20.1,-90.51,-90.51,5,stop_loss,42.39661,0.00134,1.26142,0.15168,tokyo,2024
AUDUSD,1,2024-05-06 08:00:00,2024-05-06 18:00:00,0.66144,0.66223,0.65974,0.66484,0.5274,7.9,41.66,41.66,10,time_exit,32.81466,0.00113,2.89022,4.16124,tokyo,2024
AUDUSD,1,2024-05-07 16:00:00,2024-05-07 19:00:00,0.66188,0.66018,0.66018,0.66528,0.5298,-17.0,-90.01,-90.01,3,stop_loss,21.01054,0.00113,1.05638,4.34773,new_york,2024
AUDUSD,1,2024-05-08 02:00:00,2024-05-08 04:00:00,0.65919,0.65782,0.65782,0.66193,0.651,-13.7,-89.11,-89.11,2,stop_loss,18.40475,0.00091,-1.45018,4.72041,tokyo,2024
AUDUSD,1,2024-05-08 04:00:00,2024-05-08 11:00:00,0.65821,0.65685,0.65685,0.66094,0.6467,-13.6,-88.23,-88.23,7,stop_loss,20.0921,0.00091,-2.32458,4.52059,tokyo,2024
AUDUSD,-1,2024-05-08 12:00:00,2024-05-08 18:00:00,0.65654,0.65778,0.65778,0.65407,0.7058,-12.4,-87.34,-87.34,6,stop_loss,28.83033,0.00082,-3.59884,3.87134,london,2024
AUDUSD,1,2024-05-09 05:00:00,2024-05-09 09:00:00,0.65804,0.6569,0.6569,0.66032,0.7592,-11.4,-86.47,-86.47,4,stop_loss,15.99514,0.00076,-0.63208,2.68746,tokyo,2024
AUDUSD,1,2024-05-09 13:00:00,2024-05-09 15:00:00,0.65752,0.65986,0.65635,0.65986,0.7307,23.4,171.21,171.21,2,take_profit,13.4342,0.00078,-0.96194,2.17256,london,2024
AUDUSD,-1,2024-05-10 12:00:00,2024-05-10 16:00:00,0.66087,0.66202,0.66202,0.65857,0.7601,-11.5,-87.32,-87.32,4,stop_loss,19.96223,0.00077,1.2987,3.14986,london,2024
AUDUSD,-1,2024-05-16 20:00:00,2024-05-17 06:00:00,0.66783,0.66633,0.66965,0.66419,0.4751,15.0,71.27,71.26,10,time_exit,18.64188,0.00121,1.27113,3.68896,new_york,2024
AUDUSD,-1,2024-05-17 06:00:00,2024-05-17 16:00:00,0.66631,0.66745,0.66786,0.66322,0.5641,-11.4,-64.31,-64.31,10,time_exit,14.7362,0.00103,-0.38349,4.21535,tokyo,2024
AUDUSD,1,2024-05-17 20:00:00,2024-05-20 06:00:00,0.66856,0.67018,0.66706,0.67156,0.5762,16.2,93.34,93.34,10,time_exit,18.49139,0.001,1.80412,3.82276,new_york,2024
AUDUSD,1,2024-05-20 11:00:00,2024-05-20 15:00:00,0.66949,0.66817,0.66817,0.67213,0.6625,-13.2,-87.45,-87.45,4,stop_loss,28.14623,0.00088,1.55915,4.8345,london,2024
AUDUSD,1,2024-05-21 14:00:00,2024-05-22 00:00:00,0.66696,0.66671,0.66571,0.66946,0.6913,-2.5,-17.28,-17.28,10,time_exit,27.75725,0.00083,-0.37999,3.17475,london,2024
AUDUSD,1,2024-05-22 13:00:00,2024-05-22 14:00:00,0.66634,0.66502,0.66502,0.66898,0.6551,-13.2,-86.4,-86.4,1,stop_loss,17.50327,0.00088,-0.68374,2.13474,london,2024
AUDUSD,1,2024-05-23 21:00:00,2024-05-24 07:00:00,0.66058,0.66016,0.6588,0.66415,0.4797,-4.2,-20.15,-20.15,10,time_exit,30.16308,0.00119,-2.85452,-0.43889,new_york,2024
AUDUSD,-1,2024-05-27 09:00:00,2024-05-27 12:00:00,0.66346,0.66455,0.66455,0.66127,0.7807,-10.9,-85.33,-85.33,3,stop_loss,22.06514,0.00073,1.16815,-1.47296,london,2024
AUDUSD,-1,2024-05-27 12:00:00,2024-05-27 16:00:00,0.66414,0.66525,0.66525,0.66193,0.7634,-11.1,-84.47,-84.48,4,stop_loss,23.72536,0.00074,1.91953,-1.26639,london,2024
AUDUSD,-1,2024-05-28 05:00:00,2024-05-28 06:00:00,0.66622,0.66716,0.66716,0.66435,0.8927,-9.4,-83.64,-83.64,1,stop_loss,26.25296,0.00062,3.40388,0.23582,tokyo,2024
AUDUSD,1,2024-05-28 16:00:00,2024-05-28 17:00:00,0.66698,0.66596,0.66596,0.66902,0.8104,-10.2,-82.8,-82.8,1,stop_loss,22.16671,0.00068,2.98228,1.06962,new_york,2024
AUDUSD,1,2024-06-05 16:00:00,2024-06-05 17:00:00,0.66492,0.66361,0.66361,0.66755,0.6234,-13.1,-81.98,-81.98,1,stop_loss,13.01051,0.00088,-0.52658,0.74205,new_york,2024
AUDUSD,1,2024-06-06 17:00:00,2024-06-07 03:00:00,0.66495,0.66659,0.66341,0.66803,0.5266,16.4,86.36,86.36,10,time_exit,14.62774,0.00103,-0.33004,0.42982,new_york,2024
AUDUSD,-1,2024-06-10 04:00:00,2024-06-10 08:00:00,0.65793,0.65943,0.65943,0.65494,0.5481,-15.0,-82.02,-82.02,4,stop_loss,41.39035,0.001,-5.16245,-1.34318,tokyo,2024
AUDUSD,-1,2024-06-10 10:00:00,2024-06-10 18:00:00,0.65914,0.66047,0.66047,0.65648,0.6112,-13.3,-81.19,-81.2,8,stop_loss,40.47579,0.00089,-3.46236,-2.14152,london,2024
AUDUSD,1,2024-06-11 06:00:00,2024-06-11 16:00:00,0.65951,0.65932,0.6584,0.66174,0.721,-1.9,-13.7,-13.7,10,time_exit,20.57507,0.00074,-2.08697,-3.10303,tokyo,2024
AUDUSD,-1,2024-06-11 17:00:00,2024-06-11 20:00:00,0.65932,0.66064,0.66064,0.65667,0.6067,-13.2,-80.24,-80.24,3,stop_loss,15.40164,0.00088,-1.51977,-2.66682,new_york,2024
AUDUSD,-1,2024-06-13 03:00:00,2024-06-13 13:00:00,0.66633,0.66476,0.66826,0.66248,0.4127,15.7,64.79,64.79,10,time_exit,27.24667,0.00128,2.20055,0.23466,tokyo,2024
AUDUSD,-1,2024-06-14 19:00:00,2024-06-17 05:00:00,0.6615,0.66007,0.66329,0.65792,0.4468,14.3,63.89,63.89,10,time_exit,28.72102,0.00119,-1.16588,-0.26553,new_york,2024
AUDUSD,-1,2024-06-17 09:00:00,2024-06-17 19:00:00,0.66004,0.66062,0.66133,0.65746,0.6269,-5.8,-36.36,-36.36,10,time_exit,38.77498,0.00086,-2.32296,-1.01847,london,2024
AUDUSD,-1,2024-06-19 03:00:00,2024-06-19 10:00:00,0.66611,0.66748,0.66748,0.66337,0.5861,-13.7,-80.37,-80.37,7,stop_loss,29.09247,0.00091,3.56262,0.14413,tokyo,2024
AUDUSD,1,2024-06-21 01:00:00,2024-06-21 11:00:00,0.66548,0.66533,0.66424,0.66795,0.6432,-1.5,-9.65,-9.65,10,time_exit,15.00888,0.00082,-0.60467,2.16522,tokyo,2024
AUDUSD,1,2024-06-24 00:00:00,2024-06-24 10:00:00,0.66349,0.66532,0.66226,0.66595,0.6458,18.3,118.18,118.18,10,time_exit,19.6353,0.00082,-1.6051,1.27301,tokyo,2024
AUDUSD,-1,2024-06-24 15:00:00,2024-06-24 16:00:00,0.66432,0.66546,0.66546,0.66204,0.7063,-11.4,-80.64,-80.64,1,stop_loss,18.18256,0.00076,-0.78061,0.70035,london,2024
AUDUSD,-1,2024-06-25 18:00:00,2024-06-26 04:00:00,0.66389,0.66512,0.66512,0.66143,0.6481,-12.3,-79.84,-79.84,10,stop_loss,17.0443,0.00082,-1.76492,0.80965,new_york,2024
AUDUSD,1,2024-06-27 06:00:00,2024-06-27 16:00:00,0.6654,0.66602,0.66416,0.66789,0.6354,6.2,39.39,39.39,10,time_exit,22.21387,0.00083,-0.07571,0.63347,tokyo,2024
AUDUSD,1,2024-06-28 22:00:00,2024-07-01 08:00:00,0.66692,0.66668,0.66527,0.67021,0.4829,-2.4,-11.59,-11.59,10,time_exit,30.90739,0.0011,1.33992,0.33394,,2024
AUDUSD,1,2024-07-01 16:00:00,2024-07-01 17:00:00,0.66637,0.665,0.665,0.6691,0.5803,-13.7,-79.32,-79.33,1,stop_loss,26.67334,0.00091,-0.00804,1.02752,new_york,2024
AUDUSD,1,2024-07-02 01:00:00,2024-07-02 04:00:00,0.66584,0.66432,0.66432,0.66887,0.5183,-15.2,-78.53,-78.53,3,stop_loss,19.46975,0.00101,-0.3052,0.69132,tokyo,2024
AUDUSD,1,2024-07-02 04:00:00,2024-07-02 06:00:00,0.66493,0.66352,0.66352,0.66774,0.5528,-14.1,-77.74,-77.74,2,stop_loss,19.14966,0.00094,-1.19811,0.64775,tokyo,2024
AUDUSD,1,2024-07-02 19:00:00,2024-07-03 05:00:00,0.66579,0.66715,0.66433,0.66872,0.5257,13.6,71.5,71.49,10,time_exit,18.46489,0.00098,0.14225,0.26264,new_york,2024
AUDUSD,-1,2024-07-03 21:00:00,2024-07-04 07:00:00,0.67091,0.67133,0.67246,0.66781,0.5011,-4.2,-21.05,-21.05,10,time_exit,38.05414,0.00103,3.39562,1.34354,new_york,2024
AUDUSD,-1,2024-07-05 01:00:00,2024-07-05 03:00:00,0.67253,0.67336,0.67336,0.67088,0.9369,-8.3,-77.47,-77.47,2,stop_loss,47.24587,0.00055,3.50998,5.69718,tokyo,2024
AUDUSD,-1,2024-07-10 18:00:00,2024-07-11 03:00:00,0.67422,0.67527,0.67527,0.67211,0.7286,-10.5,-76.7,-76.7,9,stop_loss,8.32639,0.0007,0.34672,3.77689,new_york,2024
AUDUSD,-1,2024-07-12 12:00:00,2024-07-12 18:00:00,0.67768,0.67917,0.67917,0.67471,0.5111,-14.9,-75.93,-75.93,6,stop_loss,29.96222,0.00099,1.83053,2.9353,london,2024
AUDUSD,1,2024-07-15 14:00:00,2024-07-15 19:00:00,0.67804,0.67684,0.67684,0.68043,0.6284,-12.0,-75.16,-75.17,5,stop_loss,17.69579,0.0008,1.18399,3.80129,london,2024
AUDUSD,1,2024-07-15 19:00:00,2024-07-15 20:00:00,0.67772,0.67649,0.67649,0.68017,0.6075,-12.3,-74.42,-74.42,1,stop_loss,13.45232,0.00082,0.62417,3.62398,new_york,2024
AUDUSD,-1,2024-07-16 09:00:00,2024-07-16 16:00:00,0.67399,0.67167,0.67515,0.67167,0.6359,23.2,147.33,147.33,7,take_profit,30.18025,0.00077,-3.14116,2.6087,london,2024
AUDUSD,1,2024-07-16 21:00:00,2024-07-17 07:00:00,0.6731,0.6737,0.67181,0.67569,0.5808,6.0,34.85,34.85,10,time_exit,44.21992,0.00086,-2.47357,1.09828,new_york,2024
AUDUSD,-1,2024-07-17 15:00:00,2024-07-18 01:00:00,0.67409,0.67291,0.67538,0.6715,0.5838,11.8,68.89,68.89,10,time_exit,25.94457,0.00086,-0.50455,0.37159,london,2024
AUDUSD,1,2024-07-18 08:00:00,2024-07-18 18:00:00,0.67374,0.67247,0.67247,0.67627,0.6014,-12.7,-76.19,-76.19,10,stop_loss,31.17502,0.00084,-0.09452,-0.24678,tokyo,2024
AUDUSD,-1,2024-07-19 10:00:00,2024-07-19 20:00:00,0.67022,0.6688,0.67135,0.66796,0.666,14.2,94.57,94.57,10,time_exit,49.98177,0.00075,-2.67087,-1.66195,london,2024
AUDUSD,-1,2024-07-22 04:00:00,2024-07-22 05:00:00,0.66903,0.66653,0.67028,0.66653,0.6103,25.0,152.74,152.74,1,take_profit,44.25228,0.00083,-1.86234,-2.60399,tokyo,2024
AUDUSD,-1,2024-07-22 05:00:00,2024-07-22 15:00:00,0.66725,0.66452,0.66862,0.66452,0.5704,27.3,155.78,155.78,10,take_profit,43.92926,0.00091,-3.47606,-2.46838,tokyo,2024
AUDUSD,-1,2024-07-24 19:00:00,2024-07-25 03:00:00,0.65989,0.65725,0.66121,0.65725,0.6011,26.4,158.9,158.9,8,take_profit,51.82753,0.00088,-2.53228,-6.5711,new_york,2024
AUDUSD,-1,2024-07-25 22:00:00,2024-07-26 08:00:00,0.65428,0.65542,0.656,0.65085,0.4723,-11.4,-53.84,-53.84,10,time_exit,50.95664,0.00114,-2.78138,-6.5395,,2024
AUDUSD,1,2024-07-29 00:00:00,2024-07-29 10:00:00,0.65474,0.65436,0.65343,0.65736,0.6148,-3.8,-23.36,-23.36,10,time_exit,18.73396,0.00087,-1.7078,-7.57344,tokyo,2024
AUDUSD,1,2024-07-29 19:00:00,2024-07-30 05:00:00,0.65385,0.65473,0.65247,0.65661,0.5811,8.8,51.14,51.13,10,time_exit,16.71291,0.00092,-1.70461,-6.48044,new_york,2024
AUDUSD,-1,2024-07-30 06:00:00,2024-07-30 10:00:00,0.65474,0.65608,0.65608,0.65206,0.6023,-13.4,-80.78,-80.79,4,stop_loss,16.05554,0.00089,-0.5062,-6.16672,tokyo,2024
AUDUSD,-1,2024-07-30 19:00:00,2024-07-31 04:00:00,0.65348,0.65114,0.65465,0.65114,0.6823,23.4,159.94,159.94,9,take_profit,23.83919,0.00078,-1.80253,-6.47327,new_york,2024
AUDUSD,1,2024-07-31 13:00:00,2024-07-31 17:00:00,0.64975,0.65344,0.6479,0.65344,0.4419,36.9,163.15,163.15,4,take_profit,42.91069,0.00123,-2.73568,-4.44119,london,2024
AUDUSD,1,2024-08-01 18:00:00,2024-08-01 19:00:00,0.65278,0.65069,0.65069,0.65695,0.3988,-20.9,-83.19,-83.2,1,stop_loss,15.74712,0.00139,-0.33497,-2.87606,new_york,2024
AUDUSD,1,2024-08-02 02:00:00,2024-08-02 12:00:00,0.64936,0.65099,0.64731,0.65345,0.4027,16.3,65.64,65.64,10,time_exit,21.18715,0.00136,-2.25284,-3.13914,tokyo,2024
AUDUSD,-1,2024-08-02 16:00:00,2024-08-05 02:00:00,0.65306,0.64978,0.65513,0.64891,0.4001,32.8,131.23,131.23,10,time_exit,15.28501,0.00138,0.85398,-2.9549,new_york,2024
AUDUSD,1,2024-08-05 07:00:00,2024-08-05 08:00:00,0.65014,0.64791,0.64791,0.65461,0.3774,-22.3,-84.35,-84.35,1,stop_loss,14.32983,0.00149,-0.88747,-2.57061,tokyo,2024
AUDUSD,-1,2024-08-06 01:00:00,2024-08-06 03:00:00,0.64941,0.65283,0.65283,0.64257,0.2441,-34.2,-83.48,-83.48,2,stop_loss,18.97793,0.00228,0.09128,-2.05359,tokyo,2024
AUDUSD,1,2024-08-07 05:00:00,2024-08-07 15:00:00,0.65405,0.6564,0.6515,0.65914,0.3246,23.5,76.28,76.28,10,time_exit,17.30632,0.0017,1.94556,-1.47805,tokyo,2024
AUDUSD,1,2024-08-08 16:00:00,2024-08-08 21:00:00,0.65498,0.6592,0.65287,0.6592,0.3957,42.2,166.83,166.83,5,take_profit,21.22116,0.00141,0.93872,-0.01477,new_york,2024
AUDUSD,-1,2024-08-09 18:00:00,2024-08-12 04:00:00,0.65822,0.65837,0.66002,0.65461,0.4718,-1.5,-7.08,-7.08,10,time_exit,22.8216,0.0012,1.18259,1.6882,new_york,2024
AUDUSD,1,2024-08-13 16:00:00,2024-08-13 22:00:00,0.66074,0.66366,0.65928,0.66366,0.5817,29.2,170.03,170.02,6,take_profit,10.99933,0.00097,1.98158,2.56818,new_york,2024
AUDUSD,1,2024-08-14 04:00:00,2024-08-14 05:00:00,0.66409,0.66262,0.66262,0.66704,0.5882,-14.7,-86.71,-86.72,1,stop_loss,25.98162,0.00098,3.79492,3.37921,tokyo,2024
AUDUSD,-1,2024-08-14 05:00:00,2024-08-14 15:00:00,0.66384,0.6623,0.6653,0.66092,0.5872,15.4,90.43,90.43,10,time_exit,26.37259,0.00097,3.43969,3.47802,tokyo,2024
AUDUSD,-1,2024-08-16 19:00:00,2024-08-16 20:00:00,0.66488,0.66635,0.66635,0.66195,0.5922,-14.7,-86.76,-86.76,1,stop_loss,18.94443,0.00098,2.67142,2.90438,new_york,2024
AUDUSD,1,2024-08-19 13:00:00,2024-08-19 17:00:00,0.66864,0.67146,0.66723,0.67146,0.6086,28.2,171.79,171.78,4,take_profit,31.29269,0.00094,3.6672,4.64986,london,2024
AUDUSD,-1,2024-08-20 03:00:00,2024-08-20 13:00:00,0.6734,0.67321,0.67466,0.67088,0.6961,1.9,13.23,13.22,10,time_exit,46.1745,0.00084,6.25806,6.99482,tokyo,2024
AUDUSD,-1,2024-08-21 07:00:00,2024-08-21 17:00:00,0.67448,0.67384,0.67559,0.67226,0.7909,6.4,50.62,50.62,10,time_exit,32.92424,0.00074,3.37173,9.38932,tokyo,2024
AUDUSD,1,2024-08-21 23:00:00,2024-08-22 05:00:00,0.67423,0.67273,0.67273,0.67722,0.5898,-15.0,-88.25,-88.25,6,stop_loss,20.77728,0.001,1.18209,6.66963,,2024
AUDUSD,1,2024-08-26 16:00:00,2024-08-27 02:00:00,0.67754,0.6773,0.67621,0.68021,0.6556,-2.4,-15.73,-15.74,10,time_exit,35.81152,0.00089,1.9345,6.02123,new_york,2024
AUDUSD,1,2024-08-27 15:00:00,2024-08-28 01:00:00,0.67822,0.67886,0.67694,0.68077,0.6828,6.4,43.7,43.7,10,time_exit,16.27259,0.00085,1.43664,5.90913,london,2024
AUDUSD,-1,2024-08-28 02:00:00,2024-08-28 04:00:00,0.67886,0.68004,0.68004,0.67651,0.7454,-11.8,-87.65,-87.65,2,stop_loss,17.01302,0.00078,1.67218,6.25694,tokyo,2024
AUDUSD,-1,2024-08-28 18:00:00,2024-08-29 04:00:00,0.67908,0.67902,0.6806,0.67603,0.5698,0.6,3.42,3.42,10,time_exit,19.39176,0.00102,0.85227,4.55839,new_york,2024
AUDUSD,-1,2024-08-30 08:00:00,2024-08-30 11:00:00,0.68002,0.68141,0.68141,0.67725,0.6257,-13.9,-86.8,-86.8,3,stop_loss,14.11295,0.00092,0.5388,4.31446,tokyo,2024
AUDUSD,1,2024-08-30 12:00:00,2024-08-30 15:00:00,0.68074,0.67938,0.67938,0.68347,0.6298,-13.6,-85.93,-85.93,3,stop_loss,13.42694,0.00091,1.17278,4.3453,london,2024
AUDUSD,-1,2024-08-30 23:00:00,2024-09-02 09:00:00,0.67673,0.67793,0.6783,0.67359,0.5419,-12.0,-65.03,-65.03,10,time_exit,22.59946,0.00105,-2.15863,2.90069,,2024
AUDUSD,1,2024-09-02 13:00:00,2024-09-02 23:00:00,0.6783,0.67905,0.67687,0.68115,0.5922,7.5,44.42,44.41,10,time_exit,17.88415,0.00095,0.10898,2.20514,london,2024
AUDUSD,-1,2024-09-03 20:00:00,2024-09-04 06:00:00,0.67172,0.66998,0.67342,0.66832,0.4988,17.4,86.79,86.79,10,time_exit,30.56839,0.00113,-3.93615,0.0953,new_york,2024
AUDUSD,1,2024-09-04 14:00:00,2024-09-04 17:00:00,0.6715,0.67485,0.66982,0.67485,0.5117,33.5,171.48,171.47,3,take_profit,35.30233,0.00112,-1.68655,-1.61666,london,2024
AUDUSD,-1,2024-09-05 04:00:00,2024-09-05 14:00:00,0.67226,0.67244,0.67386,0.66905,0.5455,-1.8,-9.82,-9.82,10,time_exit,18.80502,0.00107,-0.59354,-1.79669,tokyo,2024
AUDUSD,-1,2024-09-09 09:00:00,2024-09-09 19:00:00,0.66679,0.66698,0.66862,0.66313,0.4777,-1.9,-9.08,-9.08,10,time_exit,16.62741,0.00122,-3.04048,-2.30188,london,2024
AUDUSD,-1,2024-09-10 04:00:00,2024-09-10 07:00:00,0.66501,0.66647,0.66647,0.66209,0.5967,-14.6,-87.26,-87.27,3,stop_loss,18.29055,0.00097,-3.13336,-4.06607,tokyo,2024
AUDUSD,1,2024-09-10 07:00:00,2024-09-10 17:00:00,0.66586,0.66444,0.66444,0.6687,0.6083,-14.2,-86.39,-86.39,10,stop_loss,19.61353,0.00095,-2.03982,-4.27662,tokyo,2024
AUDUSD,-1,2024-09-12 17:00:00,2024-09-12 18:00:00,0.66775,0.66943,0.66943,0.6644,0.5098,-16.8,-85.52,-85.52,1,stop_loss,11.34406,0.00112,0.63785,-2.20962,new_york,2024
AUDUSD,-1,2024-09-12 18:00:00,2024-09-12 20:00:00,0.66908,0.67082,0.67082,0.6656,0.4861,-17.4,-84.68,-84.68,2,stop_loss,10.68462,0.00116,1.69051,-2.05518,new_york,2024
AUDUSD,1,2024-09-13 00:00:00,2024-09-13 10:00:00,0.67223,0.67203,0.6706,0.67548,0.5152,-2.0,-10.3,-10.31,10,time_exit,17.47455,0.00108,3.92081,-1.45271,tokyo,2024
AUDUSD,1,2024-09-13 13:00:00,2024-09-13 14:00:00,0.67124,0.66985,0.66985,0.67402,0.6032,-13.9,-83.72,-83.73,1,stop_loss,21.53197,0.00093,1.65099,-0.23471,london,2024
AUDUSD,-1,2024-09-16 09:00:00,2024-09-16 11:00:00,0.67272,0.67399,0.67399,0.67018,0.6519,-12.7,-82.89,-82.89,2,stop_loss,13.00122,0.00085,2.5647,0.46249,london,2024
AUDUSD,-1,2024-09-17 07:00:00,2024-09-17 09:00:00,0.6747,0.67584,0.67584,0.67242,0.7191,-11.4,-82.06,-82.06,2,stop_loss,23.02086,0.00076,2.42049,2.45477,tokyo,2024
AUDUSD,-1,2024-09-17 10:00:00,2024-09-17 20:00:00,0.67583,0.67528,0.67702,0.67345,0.6819,5.5,37.5,37.5,10,time_exit,20.61058,0.00079,3.42869,2.50444,london,2024
AUDUSD,1,2024-09-18 08:00:00,2024-09-18 10:00:00,0.67509,0.67765,0.67381,0.67765,0.6379,25.6,163.21,163.21,2,take_profit,17.57143,0.00085,0.42475,3.1491,tokyo,2024
AUDUSD,-1,2024-09-18 22:00:00,2024-09-18 23:00:00,0.67865,0.67475,0.6806,0.67475,0.4274,39.0,166.5,166.5,1,take_profit,19.88777,0.0013,2.12336,2.4215,,2024
AUDUSD,-1,2024-09-20 11:00:00,2024-09-20 21:00:00,0.68136,0.68122,0.68319,0.6777,0.464,1.4,6.5,6.49,10,time_exit,12.31156,0.00122,1.34906,3.75749,london,2024
AUDUSD,1,2024-09-23 05:00:00,2024-09-23 15:00:00,0.68159,0.68377,0.6799,0.68496,0.5035,21.8,109.76,109.76,10,time_exit,7.49923,0.00112,1.13185,3.77608,tokyo,2024
AUDUSD,1,2024-09-26 19:00:00,2024-09-27 00:00:00,0.68997,0.68776,0.68776,0.6944,0.3888,-22.1,-86.07,-86.07,5,stop_loss,25.01202,0.00148,2.7319,2.92695,new_york,2024
AUDUSD,1,2024-09-27 04:00:00,2024-09-27 08:00:00,0.68872,0.68682,0.68682,0.69252,0.4487,-19.0,-85.21,-85.21,4,stop_loss,21.15775,0.00127,1.40111,3.69881,tokyo,2024
AUDUSD,-1,2024-09-30 11:00:00,2024-09-30 21:00:00,0.69304,0.69188,0.69485,0.68942,0.4665,11.6,54.11,54.11,10,time_exit,21.34843,0.00121,2.53361,4.51008,london,2024
AUDUSD,-1,2024-10-01 20:00:00,2024-10-01 22:00:00,0.6873,0.68975,0.68975,0.68239,0.346,-24.5,-84.91,-84.91,2,stop_loss,27.58199,0.00164,-2.17131,2.65614,new_york,2024
AUDUSD,-1,2024-10-02 10:00:00,2024-10-02 20:00:00,0.68927,0.68874,0.69151,0.68479,0.3754,5.3,19.9,19.89,10,time_exit,26.74417,0.00149,-0.53995,2.16326,london,2024
AUDUSD,1,2024-10-02 23:00:00,2024-10-03 04:00:00,0.68874,0.68675,0.68675,0.69271,0.4243,-19.9,-84.25,-84.25,5,stop_loss,21.67439,0.00132,-0.67196,1.91171,,2024
AUDUSD,1,2024-10-03 06:00:00,2024-10-03 11:00:00,0.68683,0.68503,0.68503,0.69043,0.463,-18.0,-83.4,-83.41,5,stop_loss,25.78164,0.0012,-1.97615,1.71225,tokyo,2024
AUDUSD,1,2024-10-03 14:00:00,2024-10-04 00:00:00,0.68464,0.68396,0.68289,0.68814,0.472,-6.8,-32.1,-32.1,10,time_exit,32.20564,0.00117,-3.13165,1.04437,london,2024
AUDUSD,-1,2024-10-09 10:00:00,2024-10-09 20:00:00,0.67333,0.67162,0.6753,0.66939,0.417,17.1,71.31,71.3,10,time_exit,33.40362,0.00131,-1.66325,-4.39209,london,2024
AUDUSD,-1,2024-10-10 00:00:00,2024-10-10 06:00:00,0.67154,0.67317,0.67317,0.66829,0.5102,-16.3,-82.97,-82.97,6,stop_loss,24.57804,0.00108,-2.10485,-5.56794,tokyo,2024
AUDUSD,1,2024-10-11 13:00:00,2024-10-11 23:00:00,0.67355,0.67512,0.67199,0.67667,0.527,15.7,82.74,82.74,10,time_exit,12.96045,0.00104,0.00336,-4.2584,london,2024
AUDUSD,1,2024-10-14 22:00:00,2024-10-15 08:00:00,0.67181,0.67086,0.67013,0.67518,0.4931,-9.5,-46.84,-46.85,10,time_exit,21.07855,0.00112,-1.26463,-3.0749,,2024
AUDUSD,-1,2024-10-16 03:00:00,2024-10-16 05:00:00,0.66775,0.66935,0.66935,0.66455,0.515,-16.0,-82.49,-82.5,2,stop_loss,36.39256,0.00107,-3.66309,-3.39845,tokyo,2024
AUDUSD,1,2024-10-16 12:00:00,2024-10-16 15:00:00,0.66894,0.66736,0.66736,0.67211,0.5158,-15.8,-81.67,-81.67,3,stop_loss,36.07319,0.00106,-1.83994,-3.67646,london,2024
AUDUSD,-1,2024-10-16 20:00:00,2024-10-17 03:00:00,0.66672,0.66824,0.66824,0.66367,0.5307,-15.2,-80.84,-80.84,7,stop_loss,40.11561,0.00102,-3.16876,-4.20028,new_york,2024
AUDUSD,-1,2024-10-17 08:00:00,2024-10-17 18:00:00,0.66895,0.67066,0.67066,0.66553,0.4678,-17.1,-80.05,-80.05,10,stop_loss,36.62613,0.00114,-0.16821,-3.78928,tokyo,2024
AUDUSD,1,2024-10-18 04:00:00,2024-10-18 14:00:00,0.66982,0.67119,0.66836,0.67273,0.5442,13.7,74.56,74.55,10,time_exit,14.26829,0.00097,0.52838,-3.52389,tokyo,2024
AUDUSD,1,2024-10-18 17:00:00,2024-10-21 00:00:00,0.67103,0.66973,0.66973,0.67363,0.6145,-13.0,-79.99,-79.99,7,stop_loss,19.39,0.00087,1.19686,-2.89826,new_york,2024
AUDUSD,1,2024-10-21 18:00:00,2024-10-21 19:00:00,0.6672,0.66568,0.66568,0.67024,0.5208,-15.2,-79.19,-79.19,1,stop_loss,21.9166,0.00101,-2.59177,-2.08556,new_york,2024
AUDUSD,-1,2024-10-22 10:00:00,2024-10-22 20:00:00,0.66835,0.6689,0.66978,0.66549,0.549,-5.5,-30.2,-30.2,10,time_exit,27.97732,0.00095,0.03135,-2.95313,london,2024
AUDUSD,1,2024-10-24 02:00:00,2024-10-24 10:00:00,0.66323,0.66578,0.66196,0.66578,0.613,25.5,156.2,156.19,8,take_profit,38.55747,0.00085,-3.28073,-4.0912,tokyo,2024
AUDUSD,1,2024-10-29 17:00:00,2024-10-30 03:00:00,0.65584,0.65614,0.65444,0.65864,0.568,3.0,17.04,17.04,10,time_exit,40.83281,0.00093,-3.41953,-5.61047,new_york,2024
AUDUSD,1,2024-10-30 06:00:00,2024-10-30 07:00:00,0.65558,0.65422,0.65422,0.6583,0.5867,-13.6,-79.82,-79.82,1,stop_loss,27.78766,0.00091,-2.37434,-6.06593,tokyo,2024
AUDUSD,-1,2024-10-30 18:00:00,2024-10-31 04:00:00,0.65792,0.65664,0.65977,0.65422,0.4275,12.8,54.72,54.72,10,time_exit,24.67607,0.00123,0.42081,-4.14696,new_york,2024
AUDUSD,-1,2024-11-01 17:00:00,2024-11-04 00:00:00,0.65814,0.6597,0.6597,0.65502,0.5093,-15.6,-79.57,-79.57,7,stop_loss,14.29695,0.00104,0.96515,-3.19702,new_york,2024
AUDUSD,-1,2024-11-05 15:00:00,2024-11-05 16:00:00,0.6624,0.66374,0.66374,0.65973,0.5891,-13.4,-78.77,-78.77,1,stop_loss,21.55382,0.00089,3.35397,-0.79532,london,2024
AUDUSD,1,2024-11-07 04:00:00,2024-11-07 09:00:00,0.65819,0.66328,0.65565,0.66328,0.3067,50.9,155.98,155.97,5,take_profit,18.17726,0.0017,-0.04604,-0.79187,tokyo,2024
AUDUSD,1,2024-11-11 14:00:00,2024-11-11 15:00:00,0.65853,0.65687,0.65687,0.66185,0.4791,-16.6,-79.56,-79.56,1,stop_loss,38.15974,0.00111,-1.83439,-0.11909,london,2024
AUDUSD,1,2024-11-12 00:00:00,2024-11-12 04:00:00,0.65718,0.65576,0.65576,0.66002,0.5537,-14.2,-78.75,-78.75,4,stop_loss,41.91804,0.00095,-2.11137,-0.96615,tokyo,2024
AUDUSD,1,2024-11-13 17:00:00,2024-11-14 00:00:00,0.64995,0.648,0.648,0.65386,0.3992,-19.5,-77.96,-77.97,7,stop_loss,25.28903,0.0013,-3.52667,-2.77527,new_york,2024
AUDUSD,-1,2024-11-14 03:00:00,2024-11-14 12:00:00,0.64919,0.64548,0.65105,0.64548,0.4159,37.1,154.37,154.37,9,take_profit,24.39296,0.00124,-2.82092,-3.70118,tokyo,2024
AUDUSD,1,2024-11-15 08:00:00,2024-11-15 16:00:00,0.64628,0.64454,0.64454,0.64977,0.4517,-17.4,-78.73,-78.74,8,stop_loss,29.86075,0.00116,-1.81285,-5.31841,tokyo,2024
AUDUSD,1,2024-11-20 14:00:00,2024-11-20 16:00:00,0.65021,0.6487,0.6487,0.65323,0.5167,-15.1,-77.95,-77.95,2,stop_loss,17.26753,0.00101,-0.67506,-1.06097,london,2024
AUDUSD,1,2024-11-21 04:00:00,2024-11-21 14:00:00,0.65153,0.6525,0.65012,0.65434,0.5487,9.7,53.22,53.22,10,time_exit,16.87008,0.00094,0.95107,-1.18014,tokyo,2024
AUDUSD,1,2024-11-21 16:00:00,2024-11-21 18:00:00,0.65261,0.65103,0.65103,0.65576,0.4926,-15.8,-77.7,-77.7,2,stop_loss,15.08081,0.00105,1.47671,-0.65075,new_york,2024
AUDUSD,-1,2024-11-25 08:00:00,2024-11-25 18:00:00,0.65201,0.64906,0.65386,0.64831,0.4157,29.5,122.63,122.63,10,time_exit,19.91582,0.00123,0.63721,-0.24456,tokyo,2024
AUDUSD,-1,2024-11-26 03:00:00,2024-11-26 04:00:00,0.6442,0.64648,0.64648,0.63964,0.3428,-22.8,-78.15,-78.15,1,stop_loss,17.33111,0.00152,-4.11195,-0.53295,tokyo,2024
AUDUSD,1,2024-11-26 20:00:00,2024-11-27 06:00:00,0.64552,0.64754,0.64326,0.65004,0.3426,20.2,69.21,69.2,10,time_exit,17.32851,0.00151,-2.43403,-1.037,new_york,2024
AUDUSD,1,2024-11-27 12:00:00,2024-11-27 22:00:00,0.64872,0.64981,0.64687,0.65241,0.4228,10.9,46.09,46.08,10,time_exit,14.04849,0.00123,0.24286,-1.50012,london,2024
AUDUSD,-1,2024-11-28 00:00:00,2024-11-28 03:00:00,0.64913,0.65074,0.65074,0.64592,0.4889,-16.1,-78.51,-78.51,3,stop_loss,12.22762,0.00107,0.90908,-1.31064,tokyo,2024
AUDUSD,-1,2024-11-28 11:00:00,2024-11-28 21:00:00,0.64982,0.65025,0.65148,0.6465,0.4689,-4.3,-20.16,-20.16,10,time_exit,10.07672,0.00111,0.8013,-1.00764,london,2024
AUDUSD,-1,2024-11-28 21:00:00,2024-11-29 03:00:00,0.65018,0.65152,0.65152,0.64749,0.577,-13.4,-77.53,-77.53,6,stop_loss,7.77445,0.0009,1.00223,-0.84697,new_york,2024
AUDUSD,1,2024-11-29 09:00:00,2024-11-29 11:00:00,0.65214,0.65077,0.65077,0.65488,0.5593,-13.7,-76.75,-76.76,2,stop_loss,10.09653,0.00091,2.37295,-0.23708,london,2024
AUDUSD,1,2024-11-29 16:00:00,2024-12-02 02:00:00,0.6504,0.6496,0.64895,0.6533,0.5245,-8.0,-41.96,-41.96,10,time_exit,10.02096,0.00097,0.29142,-0.06903,new_york,2024
AUDUSD,1,2024-12-09 09:00:00,2024-12-09 10:00:00,0.63884,0.64205,0.63723,0.64205,0.4706,32.1,151.14,151.14,1,take_profit,20.37889,0.00107,-2.38833,-3.79373,london,2024
AUDUSD,1,2024-12-09 15:00:00,2024-12-10 01:00:00,0.64464,0.64374,0.64278,0.64835,0.4155,-9.0,-37.4,-37.4,10,time_exit,27.27616,0.00124,2.19446,-2.77424,london,2024
AUDUSD,1,2024-12-13 08:00:00,2024-12-13 18:00:00,0.63638,0.63567,0.63468,0.63978,0.4508,-7.1,-32.01,-32.01,10,time_exit,28.99068,0.00113,-1.57571,-2.90064,tokyo,2024
AUDUSD,-1,2024-12-17 22:00:00,2024-12-18 08:00:00,0.63355,0.63217,0.63488,0.6309,0.5764,13.8,79.54,79.54,10,time_exit,25.63484,0.00088,-2.46174,-3.61263,,2024
AUDUSD,1,2024-12-18 13:00:00,2024-12-18 18:00:00,0.63144,0.63016,0.63016,0.634,0.6023,-12.8,-77.18,-77.18,5,stop_loss,39.87565,0.00085,-3.12038,-4.52982,london,2024
AUDUSD,-1,2024-12-20 00:00:00,2024-12-20 10:00:00,0.62304,0.62471,0.62471,0.61969,0.4563,-16.7,-76.41,-76.41,10,stop_loss,27.55047,0.00112,-2.94445,-6.3418,tokyo,2024
AUDUSD,-1,2024-12-20 15:00:00,2024-12-20 17:00:00,0.62342,0.62505,0.62505,0.62016,0.4634,-16.3,-75.64,-75.64,2,stop_loss,22.53281,0.00109,-1.76845,-6.73581,london,2024
AUDUSD,1,2024-12-20 18:00:00,2024-12-23 04:00:00,0.62466,0.6258,0.62287,0.62825,0.4176,11.4,47.61,47.6,10,time_exit,21.36829,0.0012,-0.45245,-6.04396,new_york,2024
AUDUSD,1,2024-12-23 17:00:00,2024-12-24 03:00:00,0.62291,0.62367,0.62133,0.62606,0.4782,7.6,36.34,36.34,10,time_exit,17.51796,0.00105,-2.1294,-5.53949,new_york,2024
AUDUSD,1,2024-12-26 07:00:00,2024-12-26 11:00:00,0.62392,0.6225,0.6225,0.62676,0.5335,-14.2,-75.72,-75.72,4,stop_loss,13.64739,0.00095,-0.24563,-4.83324,tokyo,2024
AUDUSD,1,2024-12-27 11:00:00,2024-12-27 17:00:00,0.62178,0.62049,0.62049,0.62436,0.5818,-12.9,-74.97,-74.97,6,stop_loss,29.09394,0.00086,-1.1479,-5.0754,london,2024
AUDUSD,1,2024-12-30 22:00:00,2024-12-31 08:00:00,0.62237,0.62078,0.62078,0.62554,0.4677,-15.9,-74.22,-74.22,10,stop_loss,17.48295,0.00106,-0.23308,-2.95587,,2024
