symbol,direction,entry_dt,exit_dt,entry,exit,stop_loss,take_profit,size,pnl_pips,pnl_gross,pnl,bars_held,exit_reason,adx_entry,atr_entry,ema_distance,trend_gap,session,year
EURUSD,-1,2019-01-22 15:00:00,2019-01-22 19:00:00,1.13548,1.13664,1.13664,1.13316,0.8612,-11.6,-100.0,-100.0,4,stop_loss,20.93107,0.00077,-2.03034,-4.81132,london,2019
EURUSD,1,2019-01-22 23:00:00,2019-01-23 09:00:00,1.13523,1.13653,1.13383,1.13803,0.7074,13.0,91.96,91.96,10,time_exit,21.04473,0.00093,-1.60778,-3.93122,,2019
EURUSD,1,2019-01-24 18:00:00,2019-01-24 19:00:00,1.1354,1.13274,1.13274,1.14071,0.376,-26.6,-99.91,-99.91,1,stop_loss,24.54753,0.00177,-0.79381,-1.34217,new_york,2019
EURUSD,1,2019-01-24 19:00:00,2019-01-24 20:00:00,1.13216,1.12932,1.12932,1.13784,0.3483,-28.4,-98.92,-98.93,1,stop_loss,25.07523,0.00189,-2.35757,-1.31498,new_york,2019
EURUSD,-1,2019-01-25 17:00:00,2019-01-25 18:00:00,1.13791,1.14017,1.14017,1.1334,0.4341,-22.6,-97.93,-97.93,1,stop_loss,20.81369,0.0015,2.36132,-2.28027,new_york,2019
EURUSD,1,2019-01-28 07:00:00,2019-01-28 10:00:00,1.1419,1.14007,1.14007,1.14555,0.5309,-18.3,-96.95,-96.95,3,stop_loss,39.91095,0.00122,3.80214,-0.77924,london,2019
EURUSD,-1,2019-01-29 19:00:00,2019-01-30 04:00:00,1.14246,1.14424,1.14424,1.1389,0.5385,-17.8,-95.98,-95.98,9,stop_loss,26.01748,0.00119,0.82653,1.60893,new_york,2019
EURUSD,-1,2019-01-31 21:00:00,2019-02-01 07:00:00,1.1444,1.14365,1.14666,1.13988,0.4207,7.5,31.55,31.55,10,time_exit,33.17749,0.00151,-1.05,2.60223,new_york,2019
EURUSD,-1,2019-02-01 07:00:00,2019-02-01 11:00:00,1.14422,1.14575,1.14575,1.14116,0.6228,-15.3,-95.34,-95.34,4,stop_loss,30.56655,0.00102,-1.23691,3.12572,london,2019
EURUSD,-1,2019-02-01 15:00:00,2019-02-01 18:00:00,1.14687,1.1484,1.1484,1.14381,0.6169,-15.3,-94.38,-94.39,3,stop_loss,25.84582,0.00102,1.30435,2.93348,london,2019
EURUSD,1,2019-02-01 18:00:00,2019-02-04 04:00:00,1.14686,1.14535,1.14493,1.15073,0.4831,-15.1,-72.95,-72.95,10,time_exit,25.46678,0.00129,0.87877,2.36449,new_york,2019
EURUSD,-1,2019-02-04 12:00:00,2019-02-04 22:00:00,1.14455,1.14344,1.14594,1.14177,0.6672,11.1,74.06,74.06,10,time_exit,14.89286,0.00093,-0.99414,2.54208,london,2019
EURUSD,-1,2019-02-05 22:00:00,2019-02-06 08:00:00,1.14094,1.13902,1.14237,1.13809,0.6553,19.2,125.82,125.82,10,time_exit,33.90652,0.00095,-2.42028,0.22156,,2019
EURUSD,1,2019-02-07 02:00:00,2019-02-07 10:00:00,1.13656,1.13533,1.13533,1.13901,0.772,-12.3,-94.71,-94.71,8,stop_loss,47.86691,0.00082,-4.12967,-2.47581,,2019
EURUSD,1,2019-02-11 17:00:00,2019-02-11 18:00:00,1.12916,1.12758,1.12758,1.13231,0.5945,-15.8,-93.77,-93.77,1,stop_loss,30.29863,0.00105,-3.78766,-4.53089,new_york,2019
EURUSD,-1,2019-02-11 20:00:00,2019-02-12 06:00:00,1.12705,1.12761,1.12878,1.1236,0.5374,-5.6,-30.09,-30.1,10,time_exit,33.84056,0.00115,-4.72749,-4.43075,new_york,2019
EURUSD,1,2019-02-12 22:00:00,2019-02-13 08:00:00,1.1332,1.13322,1.13141,1.13678,0.5167,0.2,1.03,1.03,10,time_exit,28.42479,0.00119,2.37027,-4.37523,,2019
EURUSD,1,2019-02-15 02:00:00,2019-02-15 09:00:00,1.1295,1.12759,1.12759,1.13332,0.4846,-19.1,-92.54,-92.54,7,stop_loss,15.71121,0.00127,0.29656,-3.12726,,2019
EURUSD,1,2019-02-15 11:00:00,2019-02-15 14:00:00,1.12763,1.12606,1.12606,1.13078,0.5824,-15.7,-91.61,-91.61,3,stop_loss,12.65448,0.00105,-1.24032,-3.58925,london,2019
EURUSD,1,2019-02-18 00:00:00,2019-02-18 10:00:00,1.12918,1.13077,1.12707,1.13339,0.4308,15.9,68.5,68.5,10,time_exit,16.59238,0.0014,0.51152,-2.55925,,2019
EURUSD,-1,2019-02-18 15:00:00,2019-02-19 01:00:00,1.13309,1.13116,1.13483,1.12962,0.5265,19.3,101.61,101.61,10,time_exit,19.72932,0.00116,2.83958,-1.88575,london,2019
EURUSD,-1,2019-02-20 14:00:00,2019-02-20 18:00:00,1.13358,1.13533,1.13533,1.13007,0.5268,-17.5,-92.39,-92.39,4,stop_loss,23.69141,0.00117,0.91557,0.31445,london,2019
EURUSD,1,2019-02-21 12:00:00,2019-02-21 22:00:00,1.13274,1.13384,1.13053,1.13716,0.4135,11.0,45.48,45.48,10,time_exit,13.60632,0.00147,-0.57339,0.6732,london,2019
EURUSD,-1,2019-02-21 23:00:00,2019-02-22 09:00:00,1.13383,1.13465,1.13592,1.12965,0.4397,-8.2,-36.06,-36.06,10,time_exit,10.56593,0.00139,0.02201,0.74715,,2019
EURUSD,-1,2019-02-22 12:00:00,2019-02-22 17:00:00,1.13397,1.13547,1.13547,1.13097,0.61,-15.0,-91.57,-91.57,5,stop_loss,9.13362,0.001,0.1073,0.97589,london,2019
EURUSD,-1,2019-02-25 19:00:00,2019-02-25 21:00:00,1.13446,1.13607,1.13607,1.13123,0.5619,-16.1,-90.65,-90.65,2,stop_loss,12.65092,0.00108,0.04235,1.0089,new_york,2019
EURUSD,1,2019-02-25 21:00:00,2019-02-26 07:00:00,1.13555,1.1359,1.13392,1.13882,0.5491,3.5,19.22,19.22,10,time_exit,12.2422,0.00109,0.98872,1.01602,new_york,2019
EURUSD,-1,2019-02-27 03:00:00,2019-02-27 13:00:00,1.13908,1.13968,1.14065,1.13595,0.574,-6.0,-34.44,-34.44,10,time_exit,17.15378,0.00104,2.53908,2.03042,,2019
EURUSD,1,2019-02-27 15:00:00,2019-02-27 18:00:00,1.13832,1.1368,1.1368,1.14136,0.5901,-15.2,-89.59,-89.59,3,stop_loss,16.15456,0.00101,1.07542,2.42897,london,2019
EURUSD,-1,2019-02-28 04:00:00,2019-02-28 11:00:00,1.13773,1.13921,1.13921,1.13477,0.5997,-14.8,-88.7,-88.7,7,stop_loss,11.38591,0.00099,0.40377,2.25867,,2019
EURUSD,1,2019-02-28 18:00:00,2019-03-01 04:00:00,1.13868,1.13665,1.13665,1.14273,0.4334,-20.3,-87.81,-87.81,10,stop_loss,15.37885,0.00135,0.51729,1.77026,new_york,2019
EURUSD,1,2019-03-01 19:00:00,2019-03-01 21:00:00,1.13749,1.13555,1.13555,1.14137,0.4475,-19.4,-86.92,-86.92,2,stop_loss,17.75574,0.00129,-0.1506,1.30259,new_york,2019
EURUSD,-1,2019-03-04 13:00:00,2019-03-04 23:00:00,1.13376,1.13398,1.13536,1.13057,0.5389,-2.2,-11.86,-11.86,10,time_exit,16.80724,0.00106,-2.89326,0.76107,london,2019
EURUSD,-1,2019-03-05 16:00:00,2019-03-05 17:00:00,1.13308,1.13002,1.13461,1.13002,0.562,30.6,171.87,171.87,1,take_profit,25.51717,0.00102,-1.25534,-0.9581,new_york,2019
EURUSD,1,2019-03-05 21:00:00,2019-03-06 07:00:00,1.13061,1.12978,1.12872,1.1344,0.4629,-8.3,-38.42,-38.42,10,time_exit,25.65669,0.00126,-2.45984,-1.12756,new_york,2019
EURUSD,-1,2019-03-06 12:00:00,2019-03-06 16:00:00,1.13011,1.13152,1.13152,1.12729,0.6187,-14.1,-87.28,-87.28,4,stop_loss,24.68004,0.00094,-2.09577,-2.48391,london,2019
EURUSD,1,2019-03-07 11:00:00,2019-03-07 14:00:00,1.13112,1.12998,1.12998,1.1334,0.7564,-11.4,-86.4,-86.4,3,stop_loss,20.46619,0.00076,-0.23696,-3.11321,london,2019
EURUSD,-1,2019-03-08 14:00:00,2019-03-08 15:00:00,1.1215,1.12323,1.12323,1.11803,0.4934,-17.3,-85.53,-85.53,1,stop_loss,44.86277,0.00116,-2.91535,-5.24158,london,2019
EURUSD,1,2019-03-12 19:00:00,2019-03-13 05:00:00,1.12764,1.12845,1.12552,1.13188,0.3994,8.1,32.35,32.35,10,time_exit,28.89354,0.00141,1.5471,-2.11743,new_york,2019
EURUSD,1,2019-03-15 09:00:00,2019-03-15 15:00:00,1.13166,1.13039,1.13039,1.1342,0.6702,-12.7,-85.01,-85.01,6,stop_loss,16.03725,0.00085,1.3707,1.18551,london,2019
EURUSD,1,2019-03-15 18:00:00,2019-03-15 19:00:00,1.13356,1.13181,1.13181,1.13707,0.4801,-17.5,-84.15,-84.16,1,stop_loss,18.85559,0.00117,2.1814,1.10331,new_york,2019
EURUSD,-1,2019-03-15 21:00:00,2019-03-18 07:00:00,1.13204,1.13384,1.13384,1.12844,0.4635,-18.0,-83.32,-83.32,10,stop_loss,17.81505,0.0012,0.75103,1.12338,new_york,2019
EURUSD,-1,2019-03-20 19:00:00,2019-03-20 21:00:00,1.13524,1.13657,1.13657,1.13257,0.6189,-13.3,-82.49,-82.49,2,stop_loss,13.96516,0.00089,0.71073,2.76374,new_york,2019
EURUSD,-1,2019-03-20 22:00:00,2019-03-21 08:00:00,1.14457,1.14198,1.14678,1.14014,0.369,25.9,95.57,95.57,10,time_exit,16.50664,0.00148,6.44366,1.83995,,2019
EURUSD,1,2019-03-21 08:00:00,2019-03-21 11:00:00,1.1426,1.14066,1.14066,1.14648,0.4256,-19.4,-82.61,-82.62,3,stop_loss,39.87192,0.00129,3.89268,3.26717,london,2019
EURUSD,-1,2019-03-22 08:00:00,2019-03-22 11:00:00,1.13778,1.13439,1.13947,1.13439,0.4826,33.9,163.57,163.57,3,take_profit,23.42316,0.00113,0.07197,2.97926,london,2019
EURUSD,-1,2019-03-22 13:00:00,2019-03-22 23:00:00,1.13048,1.13003,1.13306,1.12532,0.3232,4.5,14.54,14.54,10,time_exit,25.79605,0.00172,-3.89718,1.63913,london,2019
EURUSD,1,2019-03-28 11:00:00,2019-03-28 15:00:00,1.12383,1.12218,1.12218,1.12713,0.5072,-16.5,-83.57,-83.57,4,stop_loss,22.42726,0.0011,-2.80759,-3.3166,london,2019
EURUSD,-1,2019-03-28 17:00:00,2019-03-28 18:00:00,1.12174,1.12368,1.12368,1.11785,0.4259,-19.4,-82.74,-82.74,1,stop_loss,29.75652,0.0013,-3.46041,-3.04653,new_york,2019
EURUSD,-1,2019-04-01 23:00:00,2019-04-02 09:00:00,1.12101,1.12009,1.12258,1.11786,0.5202,9.2,47.86,47.86,10,time_exit,19.313,0.00105,-1.86407,-3.86841,,2019
EURUSD,1,2019-04-02 18:00:00,2019-04-03 04:00:00,1.11912,1.12214,1.11761,1.12214,0.5464,30.2,164.76,164.76,10,take_profit,25.82119,0.00101,-2.36098,-4.33716,new_york,2019
EURUSD,1,2019-04-04 00:00:00,2019-04-04 10:00:00,1.12318,1.12406,1.12169,1.12616,0.5645,8.8,49.68,49.67,10,time_exit,34.55526,0.00099,0.85023,-2.5569,,2019
EURUSD,-1,2019-04-08 06:00:00,2019-04-08 11:00:00,1.12253,1.12363,1.12363,1.12032,0.7654,-11.0,-84.53,-84.53,5,stop_loss,11.8804,0.00074,0.25005,-2.21012,,2019
EURUSD,1,2019-04-09 06:00:00,2019-04-09 16:00:00,1.12663,1.12793,1.12551,1.12887,0.746,13.0,96.98,96.98,10,time_exit,43.74735,0.00075,3.11831,0.03268,,2019
EURUSD,-1,2019-04-10 00:00:00,2019-04-10 10:00:00,1.12621,1.12658,1.12747,1.1237,0.6735,-3.7,-24.92,-24.92,10,time_exit,33.71433,0.00084,0.72474,1.18588,,2019
EURUSD,1,2019-04-11 06:00:00,2019-04-11 15:00:00,1.12757,1.12629,1.12629,1.13013,0.6586,-12.8,-84.41,-84.41,9,stop_loss,16.11785,0.00085,1.18606,1.52656,,2019
EURUSD,1,2019-04-15 20:00:00,2019-04-16 04:00:00,1.13066,1.12938,1.12938,1.13321,0.6544,-12.8,-83.56,-83.56,8,stop_loss,22.71538,0.00085,0.97118,3.10592,new_york,2019
EURUSD,-1,2019-04-17 08:00:00,2019-04-17 10:00:00,1.13032,1.13154,1.13154,1.12788,0.6789,-12.2,-82.73,-82.73,2,stop_loss,25.29903,0.00081,0.87968,2.04964,london,2019
EURUSD,1,2019-04-18 08:00:00,2019-04-18 10:00:00,1.12948,1.12847,1.12847,1.1315,0.8122,-10.1,-81.9,-81.9,2,stop_loss,17.6682,0.00067,-0.53013,2.13627,london,2019
EURUSD,-1,2019-04-22 19:00:00,2019-04-23 05:00:00,1.12581,1.12496,1.1266,1.12423,1.0254,8.5,87.16,87.16,10,time_exit,25.03816,0.00053,1.42823,-3.08926,new_york,2019
EURUSD,-1,2019-04-23 08:00:00,2019-04-23 11:00:00,1.12499,1.12573,1.12573,1.1235,1.1028,-7.4,-81.95,-81.95,3,stop_loss,25.475,0.0005,-0.45427,-2.65936,london,2019
EURUSD,-1,2019-04-23 19:00:00,2019-04-23 23:00:00,1.12123,1.12271,1.12271,1.11827,0.5487,-14.8,-81.13,-81.13,4,stop_loss,30.27188,0.00099,-3.38177,-1.67349,new_york,2019
EURUSD,1,2019-04-26 21:00:00,2019-04-29 07:00:00,1.11571,1.11584,1.1138,1.11954,0.4197,1.3,5.46,5.45,10,time_exit,32.04598,0.00128,0.15646,-4.26493,new_york,2019
EURUSD,-1,2019-04-30 03:00:00,2019-04-30 11:00:00,1.11849,1.11965,1.11965,1.11616,0.6901,-11.6,-80.37,-80.37,8,stop_loss,27.91005,0.00078,2.79409,-4.43166,,2019
EURUSD,1,2019-04-30 12:00:00,2019-04-30 22:00:00,1.12068,1.12163,1.1193,1.12345,0.5747,9.5,54.6,54.59,10,time_exit,29.37987,0.00092,3.82358,-2.81624,london,2019
EURUSD,1,2019-05-01 00:00:00,2019-05-01 10:00:00,1.12137,1.12273,1.11986,1.1244,0.5295,13.6,72.01,72.01,10,time_exit,35.73024,0.00101,2.7256,-1.09908,,2019
EURUSD,1,2019-05-01 15:00:00,2019-05-01 16:00:00,1.12366,1.12255,1.12255,1.12589,0.7255,-11.1,-80.83,-80.84,1,stop_loss,34.12865,0.00074,4.45551,0.21332,london,2019
EURUSD,-1,2019-05-02 00:00:00,2019-05-02 10:00:00,1.11948,1.12137,1.12137,1.1157,0.4238,-18.9,-80.03,-80.03,10,stop_loss,33.35415,0.00126,-1.15621,0.42309,,2019
EURUSD,-1,2019-05-03 00:00:00,2019-05-03 10:00:00,1.11712,1.11681,1.11869,1.11398,0.5049,3.1,15.65,15.65,10,time_exit,31.05892,0.00105,-2.5914,-0.30593,,2019
EURUSD,1,2019-05-03 11:00:00,2019-05-03 12:00:00,1.11681,1.11557,1.11557,1.1193,0.6378,-12.4,-79.38,-79.38,1,stop_loss,39.43169,0.00083,-2.51811,-1.17735,london,2019
EURUSD,1,2019-05-06 22:00:00,2019-05-07 08:00:00,1.12034,1.12144,1.11871,1.1236,0.4822,11.0,53.04,53.04,10,time_exit,13.56773,0.00109,1.23112,-0.49802,,2019
EURUSD,1,2019-05-07 18:00:00,2019-05-07 19:00:00,1.11878,1.11722,1.11722,1.12191,0.506,-15.6,-79.12,-79.12,1,stop_loss,15.41156,0.00104,-0.63918,-0.16017,new_york,2019
EURUSD,1,2019-05-09 05:00:00,2019-05-09 11:00:00,1.11907,1.11776,1.11776,1.12169,0.5976,-13.1,-78.32,-78.33,6,stop_loss,15.44294,0.00087,-0.54206,-0.05098,,2019
EURUSD,1,2019-05-13 07:00:00,2019-05-13 15:00:00,1.12297,1.1254,1.12175,1.1254,0.6382,24.3,155.1,155.1,8,take_profit,11.78365,0.00081,0.70348,2.11615,london,2019
EURUSD,-1,2019-05-13 18:00:00,2019-05-14 04:00:00,1.12427,1.12327,1.12586,1.12109,0.4974,10.0,49.74,49.74,10,time_exit,13.29511,0.00106,1.28448,1.79459,new_york,2019
EURUSD,1,2019-05-14 19:00:00,2019-05-15 05:00:00,1.12071,1.1207,1.1192,1.12372,0.5286,-0.1,-0.53,-0.53,10,time_exit,23.44297,0.001,-2.15144,1.43369,new_york,2019
EURUSD,1,2019-05-15 21:00:00,2019-05-16 07:00:00,1.12076,1.12098,1.11912,1.12403,0.4867,2.2,10.71,10.71,10,time_exit,30.78833,0.00109,-0.44904,0.0385,new_york,2019
EURUSD,1,2019-05-16 22:00:00,2019-05-17 08:00:00,1.11703,1.11733,1.11568,1.11974,0.5884,3.0,17.65,17.65,10,time_exit,22.79089,0.0009,-3.57764,-0.72934,,2019
EURUSD,-1,2019-05-17 22:00:00,2019-05-20 08:00:00,1.11591,1.1153,1.11719,1.11335,0.6229,6.1,38.0,37.99,10,time_exit,39.14225,0.00085,-2.77894,-2.13331,,2019
EURUSD,1,2019-05-20 22:00:00,2019-05-21 08:00:00,1.11673,1.11562,1.11562,1.11894,0.7261,-11.1,-80.25,-80.26,10,stop_loss,20.26211,0.00074,-0.33185,-3.09533,,2019
EURUSD,1,2019-05-21 15:00:00,2019-05-21 17:00:00,1.11462,1.11681,1.11353,1.11681,0.7264,21.9,158.91,158.91,2,take_profit,22.81638,0.00073,-2.39516,-3.24156,london,2019
EURUSD,-1,2019-05-22 04:00:00,2019-05-22 13:00:00,1.11609,1.11732,1.11732,1.11363,0.6581,-12.3,-81.03,-81.03,9,stop_loss,27.43523,0.00082,-0.23076,-2.60134,,2019
EURUSD,1,2019-05-22 19:00:00,2019-05-23 05:00:00,1.11566,1.11517,1.11428,1.11843,0.5795,-4.9,-28.4,-28.4,10,time_exit,19.13976,0.00092,-0.55049,-2.07339,new_york,2019
EURUSD,-1,2019-05-23 17:00:00,2019-05-23 18:00:00,1.1133,1.11472,1.11472,1.11046,0.562,-14.2,-79.94,-79.94,1,stop_loss,26.23025,0.00095,-2.04143,-2.30259,new_york,2019
EURUSD,1,2019-05-24 02:00:00,2019-05-24 12:00:00,1.11823,1.11901,1.1167,1.12128,0.5186,7.8,40.45,40.45,10,time_exit,20.36311,0.00102,2.20814,-1.43135,,2019
EURUSD,-1,2019-05-27 04:00:00,2019-05-27 14:00:00,1.12071,1.11958,1.12192,1.1183,0.6597,11.3,74.55,74.54,10,time_exit,32.51977,0.0008,2.82153,0.64265,,2019
EURUSD,1,2019-05-28 06:00:00,2019-05-28 16:00:00,1.11823,1.11915,1.11741,1.11986,0.985,9.2,90.62,90.62,10,time_exit,19.483,0.00054,-1.52742,1.42029,,2019
EURUSD,1,2019-05-29 15:00:00,2019-05-29 17:00:00,1.11514,1.11403,1.11403,1.11735,0.734,-11.1,-81.2,-81.21,2,stop_loss,36.80091,0.00074,-3.0359,-0.77915,london,2019
EURUSD,-1,2019-05-30 17:00:00,2019-05-30 18:00:00,1.11235,1.11359,1.11359,1.10988,0.6502,-12.4,-80.38,-80.38,1,stop_loss,47.24298,0.00082,-3.1481,-2.46677,new_york,2019
EURUSD,-1,2019-05-31 15:00:00,2019-05-31 16:00:00,1.11434,1.11553,1.11553,1.11195,0.6673,-11.9,-79.59,-79.59,1,stop_loss,27.04839,0.0008,0.15496,-2.63989,london,2019
EURUSD,-1,2019-06-03 11:00:00,2019-06-03 14:00:00,1.11728,1.11878,1.11878,1.11427,0.5238,-15.0,-78.79,-78.8,3,stop_loss,36.51324,0.001,1.47274,-0.62332,london,2019
EURUSD,1,2019-06-03 17:00:00,2019-06-03 20:00:00,1.12025,1.12383,1.11846,1.12383,0.4356,35.8,156.0,156.0,3,take_profit,33.61235,0.00119,3.15224,-0.12313,new_york,2019
EURUSD,-1,2019-06-04 02:00:00,2019-06-04 09:00:00,1.12455,1.1264,1.1264,1.12084,0.4289,-18.5,-79.56,-79.56,7,stop_loss,47.612,0.00124,4.84909,1.14083,,2019
EURUSD,-1,2019-06-05 14:00:00,2019-06-05 15:00:00,1.12608,1.12793,1.12793,1.12238,0.4262,-18.5,-78.76,-78.76,1,stop_loss,40.20875,0.00123,1.62593,3.5563,london,2019
EURUSD,1,2019-06-07 16:00:00,2019-06-10 02:00:00,1.1317,1.13192,1.1295,1.13609,0.3551,2.2,7.81,7.81,10,time_exit,16.91013,0.00146,3.8396,2.70869,new_york,2019
EURUSD,1,2019-06-10 07:00:00,2019-06-10 10:00:00,1.13111,1.12931,1.12931,1.13472,0.4326,-18.0,-78.05,-78.05,3,stop_loss,26.82126,0.0012,1.79536,4.48219,london,2019
EURUSD,1,2019-06-10 12:00:00,2019-06-10 22:00:00,1.12966,1.1318,1.12791,1.13316,0.4419,21.4,94.57,94.56,10,time_exit,21.05502,0.00117,0.40058,4.54412,london,2019
EURUSD,1,2019-06-11 08:00:00,2019-06-11 15:00:00,1.13174,1.13034,1.13034,1.13453,0.5607,-14.0,-78.23,-78.23,7,stop_loss,9.05395,0.00093,1.50919,5.50547,london,2019
EURUSD,-1,2019-06-12 13:00:00,2019-06-12 19:00:00,1.13291,1.13036,1.13419,1.13036,0.6065,25.5,154.87,154.86,6,take_profit,24.99494,0.00085,1.05185,5.7842,london,2019
EURUSD,1,2019-06-12 19:00:00,2019-06-12 20:00:00,1.13102,1.12934,1.12934,1.13438,0.4696,-16.8,-78.99,-78.99,1,stop_loss,19.28767,0.00112,-0.83577,4.10315,new_york,2019
EURUSD,-1,2019-06-14 02:00:00,2019-06-14 12:00:00,1.12782,1.12706,1.1291,1.12527,0.6132,7.6,46.6,46.6,10,time_exit,28.30806,0.00085,-1.94284,2.08908,,2019
EURUSD,-1,2019-06-14 14:00:00,2019-06-14 15:00:00,1.12644,1.12376,1.12778,1.12376,0.5863,26.8,157.33,157.33,1,take_profit,22.75736,0.00089,-2.56057,1.17573,london,2019
EURUSD,1,2019-06-17 14:00:00,2019-06-17 15:00:00,1.12197,1.12441,1.12075,1.12441,0.6576,24.4,160.46,160.46,1,take_profit,43.16365,0.00081,-2.99716,-2.48273,london,2019
EURUSD,-1,2019-06-20 16:00:00,2019-06-21 02:00:00,1.13026,1.12944,1.13238,1.12602,0.3862,8.2,31.67,31.67,10,time_exit,55.9537,0.00141,4.19325,-0.15148,new_york,2019
EURUSD,1,2019-06-21 05:00:00,2019-06-21 09:00:00,1.13065,1.12887,1.12887,1.13421,0.4613,-17.8,-82.15,-82.15,4,stop_loss,39.18586,0.00119,3.60243,1.04482,,2019
EURUSD,1,2019-06-21 10:00:00,2019-06-21 15:00:00,1.12868,1.13196,1.12704,1.13196,0.4955,32.8,162.68,162.68,5,take_profit,33.85056,0.00109,1.59414,1.45273,london,2019
EURUSD,1,2019-06-25 18:00:00,2019-06-25 19:00:00,1.13823,1.13663,1.13663,1.14144,0.5176,-16.0,-82.96,-82.96,1,stop_loss,29.72203,0.00107,0.79417,6.24241,new_york,2019
EURUSD,1,2019-06-26 00:00:00,2019-06-26 10:00:00,1.13662,1.13643,1.13459,1.14068,0.4042,-1.9,-7.68,-7.68,10,time_exit,31.90583,0.00135,-0.47666,4.60133,,2019
EURUSD,-1,2019-06-26 17:00:00,2019-06-26 18:00:00,1.13505,1.1368,1.1368,1.13156,0.4699,-17.5,-82.06,-82.06,1,stop_loss,35.01273,0.00116,-1.39323,4.13534,new_york,2019
EURUSD,1,2019-06-26 19:00:00,2019-06-26 21:00:00,1.1391,1.13707,1.13707,1.14315,0.4011,-20.3,-81.24,-81.24,2,stop_loss,31.25194,0.00135,1.69846,3.56897,new_york,2019
EURUSD,-1,2019-06-27 04:00:00,2019-06-27 14:00:00,1.13728,1.13753,1.13878,1.13429,0.5372,-2.5,-13.43,-13.43,10,time_exit,18.68734,0.001,0.33861,4.50936,,2019
EURUSD,-1,2019-06-27 23:00:00,2019-06-28 09:00:00,1.13684,1.13785,1.13839,1.13375,0.5196,-10.1,-52.48,-52.48,10,time_exit,10.92518,0.00103,0.01332,3.54405,,2019
EURUSD,-1,2019-06-28 09:00:00,2019-06-28 10:00:00,1.13635,1.13744,1.13744,1.13418,0.7346,-10.9,-79.77,-79.77,1,stop_loss,8.84189,0.00072,-0.62378,4.52727,london,2019
EURUSD,-1,2019-06-28 12:00:00,2019-06-28 19:00:00,1.13905,1.13653,1.14031,1.13653,0.6278,25.2,157.92,157.92,7,take_profit,14.82753,0.00084,2.42239,3.9672,london,2019
EURUSD,-1,2019-06-28 19:00:00,2019-07-01 05:00:00,1.13748,1.13522,1.13906,1.13432,0.5094,22.6,115.12,115.12,10,time_exit,15.47347,0.00105,0.18983,3.13475,new_york,2019
EURUSD,-1,2019-07-02 16:00:00,2019-07-03 02:00:00,1.1298,1.12904,1.13144,1.12652,0.4978,7.6,37.83,37.83,10,time_exit,34.45209,0.00109,-1.82187,-1.22274,new_york,2019
EURUSD,1,2019-07-05 01:00:00,2019-07-05 09:00:00,1.12853,1.12767,1.12767,1.13026,0.9508,-8.6,-82.07,-82.07,8,stop_loss,7.97109,0.00058,-0.46427,-4.09587,,2019
EURUSD,1,2019-07-05 12:00:00,2019-07-05 15:00:00,1.12623,1.1254,1.1254,1.12788,0.9843,-8.3,-81.25,-81.25,3,stop_loss,17.42112,0.00055,-3.96982,-4.33992,london,2019
EURUSD,1,2019-07-08 08:00:00,2019-07-08 09:00:00,1.12312,1.12199,1.12199,1.12538,0.7132,-11.3,-80.44,-80.44,1,stop_loss,50.39638,0.00075,-3.01998,-5.3233,london,2019
EURUSD,1,2019-07-09 03:00:00,2019-07-09 11:00:00,1.12151,1.12043,1.12043,1.12367,0.7358,-10.8,-79.63,-79.64,8,stop_loss,41.10737,0.00072,-2.69488,-6.41796,,2019
EURUSD,1,2019-07-09 16:00:00,2019-07-10 02:00:00,1.12047,1.12043,1.11934,1.12272,0.7004,-0.4,-2.8,-2.8,10,time_exit,35.39853,0.00075,-2.53713,-6.43353,new_york,2019
EURUSD,1,2019-07-10 09:00:00,2019-07-10 11:00:00,1.12097,1.12256,1.12017,1.12256,0.9903,15.9,157.62,157.62,2,take_profit,27.26049,0.00053,-1.0901,-8.72816,london,2019
EURUSD,1,2019-07-10 21:00:00,2019-07-11 07:00:00,1.12542,1.12757,1.12375,1.12876,0.4815,21.5,103.52,103.52,10,time_exit,39.01663,0.00111,2.73768,-3.14535,new_york,2019
EURUSD,1,2019-07-11 09:00:00,2019-07-11 16:00:00,1.12698,1.12567,1.12567,1.1296,0.6226,-13.1,-81.43,-81.43,7,stop_loss,51.91687,0.00087,3.53491,-2.33576,london,2019
EURUSD,1,2019-07-15 01:00:00,2019-07-15 11:00:00,1.12678,1.12728,1.12546,1.12943,0.6087,5.0,30.44,30.43,10,time_exit,19.06387,0.00088,1.05653,-0.32498,,2019
EURUSD,-1,2019-07-19 11:00:00,2019-07-19 13:00:00,1.12647,1.12324,1.12808,1.12324,0.5015,32.3,161.84,161.84,2,take_profit,19.66044,0.00108,1.95849,-0.31122,london,2019
EURUSD,-1,2019-07-19 19:00:00,2019-07-22 05:00:00,1.12204,1.12177,1.12383,1.11846,0.4611,2.7,12.45,12.45,10,time_exit,23.51843,0.00119,-1.67946,-0.45512,new_york,2019
EURUSD,-1,2019-07-24 04:00:00,2019-07-24 14:00:00,1.11484,1.11411,1.11599,1.11255,0.7208,7.3,52.62,52.62,10,time_exit,63.77474,0.00076,-4.98598,-4.73418,,2019
EURUSD,-1,2019-07-24 17:00:00,2019-07-25 03:00:00,1.1149,1.11363,1.11632,1.11206,0.5868,12.7,74.52,74.52,10,time_exit,51.36194,0.00095,-2.1798,-4.61532,new_york,2019
EURUSD,-1,2019-07-26 13:00:00,2019-07-26 18:00:00,1.11419,1.11133,1.11562,1.11133,0.586,28.6,167.86,167.86,5,take_profit,24.64062,0.00095,-0.59114,-4.22928,london,2019
EURUSD,-1,2019-07-29 09:00:00,2019-07-29 17:00:00,1.11272,1.11384,1.11384,1.11047,0.7611,-11.2,-85.61,-85.61,8,stop_loss,17.08553,0.00075,-1.3442,-5.31652,london,2019
EURUSD,1,2019-07-30 01:00:00,2019-07-30 04:00:00,1.11455,1.1134,1.1134,1.11684,0.7399,-11.5,-84.75,-84.75,3,stop_loss,19.56107,0.00076,1.23323,-4.53982,,2019
EURUSD,1,2019-07-30 08:00:00,2019-07-30 15:00:00,1.11371,1.11572,1.11271,1.11572,0.8363,20.1,167.81,167.8,7,take_profit,16.35201,0.00067,-0.04069,-4.69426,london,2019
EURUSD,1,2019-07-31 00:00:00,2019-07-31 10:00:00,1.1154,1.11524,1.11416,1.11787,0.6918,-1.6,-11.07,-11.07,10,time_exit,17.22895,0.00082,1.56968,-2.77332,,2019
EURUSD,1,2019-08-02 09:00:00,2019-08-02 19:00:00,1.10796,1.11142,1.10603,1.11182,0.4426,34.6,153.14,153.14,10,time_exit,25.93683,0.00129,-0.50688,-3.63051,london,2019
EURUSD,-1,2019-08-05 16:00:00,2019-08-05 17:00:00,1.1177,1.11974,1.11974,1.11361,0.4259,-20.4,-87.01,-87.01,1,stop_loss,30.02403,0.00136,4.5648,-1.08731,new_york,2019
EURUSD,1,2019-08-06 14:00:00,2019-08-06 15:00:00,1.12024,1.11808,1.11808,1.12456,0.3985,-21.6,-86.13,-86.13,1,stop_loss,31.35579,0.00144,2.24391,1.7209,london,2019
EURUSD,1,2019-08-06 15:00:00,2019-08-07 01:00:00,1.11848,1.12016,1.11626,1.12293,0.3835,16.8,64.43,64.43,10,time_exit,29.38617,0.00148,0.95491,1.68531,london,2019
EURUSD,-1,2019-08-07 19:00:00,2019-08-08 05:00:00,1.12354,1.12102,1.12589,1.11884,0.3658,25.2,92.18,92.18,10,time_exit,20.55641,0.00157,2.71303,2.14024,new_york,2019
EURUSD,1,2019-08-08 13:00:00,2019-08-08 14:00:00,1.12117,1.11944,1.11944,1.12463,0.5016,-17.3,-86.84,-86.84,1,stop_loss,13.13279,0.00115,0.85954,2.94765,london,2019
EURUSD,1,2019-08-08 15:00:00,2019-08-08 16:00:00,1.11881,1.12241,1.11701,1.12241,0.477,36.0,171.94,171.93,1,take_profit,13.42429,0.0012,-1.08252,2.73974,london,2019
EURUSD,1,2019-08-08 19:00:00,2019-08-08 23:00:00,1.1207,1.1182,1.1182,1.12569,0.3514,-25.0,-87.69,-87.69,4,stop_loss,12.78466,0.00166,0.34065,1.90684,new_york,2019
EURUSD,-1,2019-08-09 04:00:00,2019-08-09 14:00:00,1.11928,1.12034,1.12136,1.11512,0.4178,-10.6,-44.29,-44.29,10,time_exit,13.46113,0.00139,-0.36683,1.91817,,2019
EURUSD,1,2019-08-09 17:00:00,2019-08-12 03:00:00,1.1193,1.12054,1.11759,1.12272,0.5044,12.4,62.55,62.54,10,time_exit,10.09742,0.00114,-0.39488,2.01739,new_york,2019
EURUSD,-1,2019-08-12 10:00:00,2019-08-12 11:00:00,1.12014,1.11773,1.12135,1.11773,0.7219,24.1,173.99,173.99,1,take_profit,11.7333,0.0008,-0.05284,2.78468,london,2019
EURUSD,1,2019-08-12 16:00:00,2019-08-13 02:00:00,1.12095,1.12162,1.11911,1.12462,0.483,6.7,32.36,32.36,10,time_exit,16.60389,0.00122,0.85515,1.55134,new_york,2019
EURUSD,1,2019-08-13 06:00:00,2019-08-13 15:00:00,1.11912,1.12226,1.11755,1.12226,0.5676,31.4,178.13,178.12,9,take_profit,22.85944,0.00105,-1.26364,1.93068,,2019
EURUSD,-1,2019-08-14 00:00:00,2019-08-14 10:00:00,1.11706,1.118,1.11899,1.1132,0.4704,-9.4,-44.22,-44.22,10,time_exit,18.34462,0.00129,-1.96819,0.87859,,2019
EURUSD,-1,2019-08-14 11:00:00,2019-08-14 17:00:00,1.118,1.11502,1.11949,1.11502,0.6066,29.8,180.78,180.78,6,take_profit,15.83589,0.00099,-0.85862,0.45705,london,2019
EURUSD,1,2019-08-15 05:00:00,2019-08-15 15:00:00,1.11429,1.11422,1.11277,1.11732,0.6082,-0.7,-4.26,-4.26,10,time_exit,28.01693,0.00101,-2.56764,-0.97268,,2019
EURUSD,1,2019-08-15 19:00:00,2019-08-16 05:00:00,1.11038,1.10998,1.10836,1.11442,0.4558,-4.0,-18.23,-18.23,10,time_exit,30.76962,0.00135,-3.88888,-1.34185,new_york,2019
EURUSD,1,2019-08-16 15:00:00,2019-08-19 01:00:00,1.10806,1.10952,1.10658,1.11103,0.6204,14.6,90.58,90.58,10,time_exit,43.61895,0.00099,-4.35361,-3.69171,london,2019
EURUSD,1,2019-08-19 07:00:00,2019-08-19 17:00:00,1.10911,1.10952,1.1078,1.11174,0.7074,4.1,29.0,29.0,10,time_exit,19.34065,0.00088,-1.99091,-4.73404,london,2019
EURUSD,-1,2019-08-20 05:00:00,2019-08-20 15:00:00,1.10864,1.10776,1.10971,1.1065,0.8693,8.8,76.5,76.5,10,time_exit,15.89017,0.00071,-1.57575,-5.69609,,2019
EURUSD,-1,2019-08-22 09:00:00,2019-08-22 10:00:00,1.10813,1.10911,1.10911,1.10616,0.9547,-9.8,-93.94,-93.94,1,stop_loss,15.2745,0.00066,-1.61538,-4.1686,london,2019
EURUSD,1,2019-08-23 02:00:00,2019-08-23 06:00:00,1.10823,1.10674,1.10674,1.11121,0.6243,-14.9,-93.0,-93.0,4,stop_loss,13.96987,0.00099,-0.58269,-2.59783,,2019
EURUSD,-1,2019-08-23 15:00:00,2019-08-23 16:00:00,1.1057,1.10702,1.10702,1.10307,0.6993,-13.2,-92.08,-92.08,1,stop_loss,22.44766,0.00088,-2.59477,-3.24638,london,2019
EURUSD,-1,2019-08-26 15:00:00,2019-08-27 01:00:00,1.11162,1.11,1.11356,1.10773,0.4689,16.2,75.96,75.96,10,time_exit,25.68283,0.0013,0.38776,-0.13862,london,2019
EURUSD,-1,2019-08-27 04:00:00,2019-08-27 14:00:00,1.11035,1.11013,1.11178,1.10749,0.6438,2.2,14.16,14.16,10,time_exit,23.66265,0.00095,-0.51425,-0.37687,,2019
EURUSD,-1,2019-08-28 01:00:00,2019-08-28 11:00:00,1.10924,1.10888,1.11047,1.10677,0.7466,3.6,26.88,26.88,10,time_exit,23.2512,0.00082,-1.36727,-0.78465,,2019
EURUSD,-1,2019-08-28 16:00:00,2019-08-29 02:00:00,1.10814,1.10858,1.10927,1.10588,0.8178,-4.4,-35.98,-35.99,10,time_exit,22.29906,0.00075,-1.9933,-1.35848,new_york,2019
EURUSD,1,2019-08-29 11:00:00,2019-08-29 12:00:00,1.10822,1.10729,1.10729,1.11007,0.9928,-9.3,-91.96,-91.96,1,stop_loss,14.90632,0.00062,-1.06131,-2.22179,london,2019
EURUSD,1,2019-09-06 16:00:00,2019-09-09 00:00:00,1.10402,1.10246,1.10246,1.10714,0.5834,-15.6,-91.03,-91.03,8,stop_loss,25.00228,0.00104,1.09532,-0.35926,new_york,2019
EURUSD,1,2019-09-09 03:00:00,2019-09-09 13:00:00,1.10202,1.10256,1.10056,1.10494,0.6181,5.4,33.38,33.38,10,time_exit,17.19643,0.00097,-1.00131,-0.26422,,2019
EURUSD,1,2019-09-10 06:00:00,2019-09-10 14:00:00,1.10454,1.10331,1.10331,1.10701,0.7332,-12.3,-90.47,-90.47,8,stop_loss,21.63478,0.00082,0.82208,0.48509,,2019
EURUSD,-1,2019-09-11 10:00:00,2019-09-11 11:00:00,1.10476,1.1024,1.10594,1.1024,0.7575,23.6,179.12,179.12,1,take_profit,24.19499,0.00079,0.5531,0.77397,london,2019
EURUSD,-1,2019-09-12 05:00:00,2019-09-12 11:00:00,1.10136,1.10249,1.10249,1.09911,0.8114,-11.3,-91.34,-91.35,6,stop_loss,28.84887,0.00075,-1.5357,-0.95991,,2019
EURUSD,-1,2019-09-13 10:00:00,2019-09-13 20:00:00,1.10958,1.10764,1.11178,1.10517,0.4105,19.4,79.64,79.64,10,time_exit,20.33363,0.00147,3.63029,0.48504,london,2019
EURUSD,-1,2019-09-13 20:00:00,2019-09-16 06:00:00,1.10758,1.10708,1.11005,1.10263,0.3688,5.0,18.44,18.44,10,time_exit,18.37226,0.00165,1.15528,1.00192,new_york,2019
EURUSD,-1,2019-09-17 11:00:00,2019-09-17 16:00:00,1.10166,1.10338,1.10338,1.09821,0.53,-17.2,-91.42,-91.42,5,stop_loss,34.3808,0.00115,-1.3249,-0.55106,london,2019
EURUSD,1,2019-09-17 20:00:00,2019-09-18 06:00:00,1.10697,1.10658,1.10496,1.11099,0.4508,-3.9,-17.58,-17.58,10,time_exit,28.36423,0.00134,2.70133,-0.33232,new_york,2019
EURUSD,-1,2019-09-18 06:00:00,2019-09-18 12:00:00,1.10668,1.10394,1.10805,1.10394,0.6586,27.4,180.64,180.64,6,take_profit,31.86027,0.00091,2.32657,0.49262,,2019
EURUSD,1,2019-09-19 14:00:00,2019-09-19 18:00:00,1.10654,1.10492,1.10492,1.10977,0.5697,-16.2,-92.13,-92.14,4,stop_loss,25.07392,0.00108,1.76213,0.33418,london,2019
EURUSD,-1,2019-09-20 18:00:00,2019-09-23 04:00:00,1.10112,1.10224,1.10279,1.09779,0.5473,-11.2,-61.3,-61.3,10,time_exit,20.01745,0.00111,-3.09739,0.15312,new_york,2019
EURUSD,-1,2019-09-23 17:00:00,2019-09-24 03:00:00,1.09891,1.09916,1.10072,1.09528,0.4994,-2.5,-12.48,-12.49,10,time_exit,41.22874,0.00121,-2.57753,-1.30206,new_york,2019
EURUSD,-1,2019-09-24 05:00:00,2019-09-24 14:00:00,1.09875,1.10007,1.10007,1.09612,0.6867,-13.2,-90.47,-90.47,9,stop_loss,35.92631,0.00088,-2.53556,-2.43955,,2019
EURUSD,-1,2019-09-25 13:00:00,2019-09-25 17:00:00,1.09982,1.09718,1.10114,1.09718,0.6792,26.4,179.14,179.14,4,take_profit,22.24206,0.00088,-0.75989,-2.09203,london,2019
EURUSD,-1,2019-09-27 16:00:00,2019-09-27 18:00:00,1.09372,1.09536,1.09536,1.09043,0.5559,-16.4,-91.35,-91.36,2,stop_loss,30.31073,0.0011,-0.48545,-4.28491,new_york,2019
EURUSD,1,2019-10-01 16:00:00,2019-10-01 18:00:00,1.08958,1.09239,1.08818,1.09239,0.6443,28.1,180.89,180.89,2,take_profit,30.88389,0.00094,-1.61386,-5.28071,new_york,2019
EURUSD,-1,2019-10-02 23:00:00,2019-10-03 09:00:00,1.09614,1.0942,1.09772,1.09298,0.5837,19.4,113.24,113.24,10,time_exit,24.0098,0.00105,3.02796,-2.26468,,2019
EURUSD,1,2019-10-03 16:00:00,2019-10-03 17:00:00,1.0962,1.09957,1.09451,1.09957,0.5539,33.7,186.78,186.78,1,take_profit,25.09204,0.00112,1.71134,-0.98774,new_york,2019
EURUSD,-1,2019-10-04 04:00:00,2019-10-04 14:00:00,1.09792,1.09813,1.09951,1.09475,0.6009,-2.1,-12.62,-12.62,10,time_exit,27.43553,0.00106,2.28081,-0.11251,,2019
EURUSD,1,2019-10-04 18:00:00,2019-10-07 04:00:00,1.09792,1.0987,1.096,1.10176,0.4956,7.8,38.66,38.65,10,time_exit,21.70923,0.00128,1.20813,0.38869,new_york,2019
EURUSD,-1,2019-10-08 01:00:00,2019-10-08 09:00:00,1.09709,1.0985,1.0985,1.09427,0.6778,-14.1,-95.52,-95.52,8,stop_loss,16.4302,0.00094,-0.47996,1.15606,,2019
EURUSD,1,2019-10-09 00:00:00,2019-10-09 10:00:00,1.09565,1.09784,1.09412,1.09871,0.6174,21.9,135.21,135.21,10,time_exit,29.64994,0.00102,-1.56296,0.57793,,2019
EURUSD,1,2019-10-09 14:00:00,2019-10-10 00:00:00,1.09814,1.09731,1.09673,1.10095,0.682,-8.3,-56.61,-56.61,10,time_exit,29.12739,0.00094,1.20063,0.44167,london,2019
EURUSD,1,2019-10-10 06:00:00,2019-10-10 10:00:00,1.09902,1.10166,1.0977,1.10166,0.722,26.4,190.69,190.69,4,take_profit,18.67226,0.00088,1.80536,0.76452,,2019
EURUSD,1,2019-10-11 15:00:00,2019-10-11 17:00:00,1.10542,1.10369,1.10369,1.10887,0.5637,-17.3,-97.25,-97.25,2,stop_loss,21.4015,0.00115,4.25016,2.10075,london,2019
EURUSD,1,2019-10-14 05:00:00,2019-10-14 15:00:00,1.10286,1.10244,1.10116,1.10627,0.5651,-4.2,-23.73,-23.74,10,time_exit,16.61485,0.00114,0.83359,2.68523,,2019
EURUSD,-1,2019-10-14 21:00:00,2019-10-15 07:00:00,1.10259,1.10285,1.10408,1.0996,0.6429,-2.6,-16.72,-16.72,10,time_exit,10.9532,0.001,0.29005,2.87641,new_york,2019
EURUSD,-1,2019-10-15 11:00:00,2019-10-15 16:00:00,1.10208,1.09915,1.10355,1.09915,0.6544,29.3,191.77,191.76,5,take_profit,10.85978,0.00098,-0.46363,2.71676,london,2019
EURUSD,-1,2019-10-21 03:00:00,2019-10-21 11:00:00,1.11561,1.11719,1.11719,1.11246,0.6207,-15.8,-97.79,-97.79,8,stop_loss,43.0165,0.00105,3.26306,6.24787,,2019
EURUSD,-1,2019-10-22 17:00:00,2019-10-22 21:00:00,1.11344,1.11475,1.11475,1.11082,0.7377,-13.1,-96.81,-96.81,4,stop_loss,20.58742,0.00087,-0.98861,6.48252,new_york,2019
EURUSD,1,2019-10-23 01:00:00,2019-10-23 11:00:00,1.11247,1.11184,1.11087,1.11567,0.5987,-6.3,-37.72,-37.72,10,time_exit,25.88352,0.00107,-1.42867,4.70101,,2019
EURUSD,1,2019-10-24 00:00:00,2019-10-24 10:00:00,1.11305,1.11566,1.11174,1.11566,0.7315,26.1,190.95,190.94,10,take_profit,27.5714,0.00087,0.10452,3.77893,,2019
EURUSD,-1,2019-10-28 01:00:00,2019-10-28 09:00:00,1.10791,1.10909,1.10909,1.10554,0.8226,-11.8,-97.38,-97.39,8,stop_loss,23.22218,0.00079,-3.41705,0.60019,,2019
EURUSD,-1,2019-10-28 09:00:00,2019-10-28 11:00:00,1.10877,1.10968,1.10968,1.10695,1.0588,-9.1,-96.4,-96.41,2,stop_loss,23.09297,0.00061,-1.94014,-0.04806,london,2019
EURUSD,-1,2019-10-29 08:00:00,2019-10-29 13:00:00,1.10929,1.10753,1.11017,1.10753,1.0833,17.6,190.89,190.89,5,take_profit,13.48831,0.00059,-0.74685,-0.26236,london,2019
EURUSD,-1,2019-10-30 19:00:00,2019-10-30 21:00:00,1.1123,1.10953,1.11369,1.10953,0.7022,27.7,194.71,194.7,2,take_profit,27.66137,0.00092,1.78026,0.56365,new_york,2019
EURUSD,-1,2019-11-01 00:00:00,2019-11-01 10:00:00,1.11512,1.11636,1.11694,1.11148,0.5461,-12.4,-67.72,-67.72,10,time_exit,16.74508,0.00121,1.06389,2.00651,,2019
EURUSD,1,2019-11-01 17:00:00,2019-11-04 03:00:00,1.11492,1.11672,1.11319,1.11838,0.5695,18.0,102.51,102.51,10,time_exit,15.61092,0.00115,0.19458,2.26359,new_york,2019
EURUSD,-1,2019-11-04 17:00:00,2019-11-05 03:00:00,1.1148,1.11256,1.1162,1.112,0.7127,22.4,159.64,159.64,10,time_exit,14.36526,0.00093,-1.03856,2.94586,new_york,2019
EURUSD,-1,2019-11-06 00:00:00,2019-11-06 10:00:00,1.10743,1.10886,1.10886,1.10457,0.7078,-14.3,-101.24,-101.24,10,stop_loss,51.77897,0.00095,-4.85105,-0.52502,,2019
EURUSD,1,2019-11-11 11:00:00,2019-11-11 21:00:00,1.10291,1.10336,1.10205,1.10464,1.1589,4.5,52.15,52.15,10,time_exit,42.04203,0.00058,-1.9073,-7.36184,london,2019
EURUSD,1,2019-11-12 16:00:00,2019-11-12 17:00:00,1.10202,1.10089,1.10089,1.10427,0.8938,-11.3,-100.75,-100.75,1,stop_loss,16.48148,0.00075,-1.7197,-4.83998,new_york,2019
EURUSD,-1,2019-11-13 05:00:00,2019-11-13 15:00:00,1.10153,1.10076,1.10262,1.09936,0.9177,7.7,70.66,70.66,10,time_exit,27.01728,0.00072,-1.24421,-5.25808,,2019
EURUSD,-1,2019-11-14 09:00:00,2019-11-14 10:00:00,1.09949,1.10049,1.10049,1.09749,1.0038,-10.0,-100.45,-100.45,1,stop_loss,24.5538,0.00067,-2.54745,-5.54876,london,2019
EURUSD,-1,2019-11-15 01:00:00,2019-11-15 11:00:00,1.10216,1.1019,1.10332,1.09985,0.8599,2.6,22.36,22.36,10,time_exit,19.70176,0.00077,1.32873,-4.10849,,2019
EURUSD,-1,2019-11-19 12:00:00,2019-11-19 14:00:00,1.10684,1.10781,1.10781,1.1049,1.0284,-9.7,-99.67,-99.67,2,stop_loss,27.46,0.00065,1.38461,1.5465,london,2019
EURUSD,1,2019-11-19 21:00:00,2019-11-20 03:00:00,1.10829,1.1072,1.1072,1.11047,0.9037,-10.9,-98.67,-98.67,6,stop_loss,21.87332,0.00073,2.4913,1.77915,new_york,2019
EURUSD,1,2019-11-20 13:00:00,2019-11-20 14:00:00,1.10662,1.10568,1.10568,1.10849,1.0446,-9.4,-97.69,-97.69,1,stop_loss,25.65841,0.00062,-0.32509,2.13526,london,2019
EURUSD,-1,2019-11-20 22:00:00,2019-11-21 08:00:00,1.107,1.10746,1.10827,1.10447,0.7633,-4.6,-35.11,-35.11,10,time_exit,21.36539,0.00084,0.31421,1.38528,,2019
EURUSD,-1,2019-11-22 00:00:00,2019-11-22 08:00:00,1.10585,1.10706,1.10706,1.10342,0.7932,-12.1,-96.36,-96.36,8,stop_loss,23.31729,0.00081,-1.50219,1.35472,,2019
EURUSD,1,2019-11-26 08:00:00,2019-11-26 18:00:00,1.10148,1.10117,1.10055,1.10333,1.0286,-3.1,-31.89,-31.89,10,time_exit,22.45802,0.00062,-1.84747,-3.26707,london,2019
EURUSD,1,2019-11-27 09:00:00,2019-11-27 10:00:00,1.10117,1.10037,1.10037,1.10276,1.1929,-8.0,-95.08,-95.08,1,stop_loss,16.62286,0.00053,-1.58987,-3.69733,london,2019
EURUSD,-1,2019-11-29 19:00:00,2019-12-02 05:00:00,1.1019,1.10179,1.10317,1.09936,0.7397,1.1,8.14,8.13,10,time_exit,22.45913,0.00085,1.22357,-1.97435,new_york,2019
EURUSD,1,2019-12-02 07:00:00,2019-12-02 13:00:00,1.10186,1.10096,1.10096,1.10365,1.0519,-9.0,-94.21,-94.21,6,stop_loss,21.03012,0.0006,1.06827,-2.06291,london,2019
EURUSD,1,2019-12-02 18:00:00,2019-12-03 04:00:00,1.10708,1.10727,1.10564,1.10997,0.6465,1.9,12.28,12.28,10,time_exit,21.81433,0.00096,5.58284,-0.77482,new_york,2019
EURUSD,-1,2019-12-03 21:00:00,2019-12-04 07:00:00,1.10826,1.10752,1.10964,1.10551,0.6788,7.4,50.23,50.23,10,time_exit,41.60048,0.00092,2.70633,2.23842,new_york,2019
EURUSD,1,2019-12-04 09:00:00,2019-12-04 15:00:00,1.10753,1.10924,1.10668,1.10924,1.0985,17.1,187.78,187.78,6,take_profit,28.06311,0.00057,1.65009,4.19352,london,2019
EURUSD,-1,2019-12-06 04:00:00,2019-12-06 14:00:00,1.11066,1.10898,1.11168,1.10862,0.9388,16.8,157.72,157.72,10,time_exit,23.84051,0.00068,2.72623,4.32433,,2019
EURUSD,-1,2019-12-09 03:00:00,2019-12-09 10:00:00,1.10564,1.10686,1.10686,1.10319,0.7959,-12.2,-97.34,-97.34,7,stop_loss,44.51817,0.00082,-2.79824,2.05999,,2019
EURUSD,1,2019-12-10 17:00:00,2019-12-11 03:00:00,1.10806,1.10954,1.10709,1.11001,0.9887,14.8,146.33,146.33,10,time_exit,19.90208,0.00065,1.34386,1.16369,new_york,2019
EURUSD,-1,2019-12-11 12:00:00,2019-12-11 16:00:00,1.10837,1.1092,1.1092,1.10672,1.1837,-8.3,-97.84,-97.84,4,stop_loss,22.83506,0.00055,0.41894,2.30253,london,2019
EURUSD,1,2019-12-12 00:00:00,2019-12-12 10:00:00,1.11294,1.11357,1.11124,1.11634,0.5703,6.3,35.93,35.93,10,time_exit,24.75289,0.00113,3.60692,1.49032,,2019
EURUSD,1,2019-12-12 13:00:00,2019-12-12 15:00:00,1.11289,1.11525,1.11171,1.11525,0.8237,23.6,194.44,194.44,2,take_profit,33.63009,0.00079,2.6044,3.5904,london,2019
EURUSD,-1,2019-12-13 12:00:00,2019-12-13 17:00:00,1.11804,1.11384,1.12014,1.11384,0.4718,42.0,198.34,198.34,5,take_profit,37.34995,0.0014,3.09338,3.00317,london,2019
EURUSD,-1,2019-12-13 21:00:00,2019-12-16 07:00:00,1.11193,1.1135,1.11429,1.10721,0.4282,-15.7,-67.23,-67.23,10,time_exit,33.15873,0.00157,-1.31917,2.57423,new_york,2019
EURUSD,1,2019-12-17 05:00:00,2019-12-17 10:00:00,1.11442,1.11313,1.11313,1.11699,0.7804,-12.9,-100.47,-100.47,5,stop_loss,15.60239,0.00086,0.58861,3.41124,,2019
EURUSD,1,2019-12-19 01:00:00,2019-12-19 11:00:00,1.11159,1.11364,1.11033,1.11411,0.7909,20.5,162.13,162.13,10,time_exit,20.57676,0.00084,-2.01599,1.60343,,2019
EURUSD,1,2019-12-23 06:00:00,2019-12-23 15:00:00,1.10812,1.10709,1.10709,1.11019,0.9772,-10.3,-101.08,-101.09,9,stop_loss,42.46422,0.00069,-3.06204,-1.69454,,2019
EURUSD,1,2019-12-23 21:00:00,2019-12-24 07:00:00,1.10898,1.10896,1.10784,1.11125,0.8799,-0.2,-1.76,-1.76,10,time_exit,23.82819,0.00076,-0.57698,-2.053,new_york,2019
EURUSD,1,2019-12-24 08:00:00,2019-12-24 09:00:00,1.10896,1.10816,1.10816,1.11056,1.2539,-8.0,-100.06,-100.06,1,stop_loss,14.16941,0.00053,-0.5884,-2.82918,london,2019
EURUSD,-1,2019-12-26 10:00:00,2019-12-26 15:00:00,1.10904,1.10985,1.10985,1.10741,1.2191,-8.1,-99.06,-99.06,5,stop_loss,15.73796,0.00054,0.24146,-2.61001,london,2019
EURUSD,1,2019-12-26 19:00:00,2019-12-27 05:00:00,1.11022,1.11188,1.10925,1.11216,1.0093,16.6,167.54,167.54,10,time_exit,16.77602,0.00065,1.80158,-1.84332,new_york,2019
EURUSD,-1,2019-12-27 12:00:00,2019-12-27 13:00:00,1.11387,1.11488,1.11488,1.11186,0.9904,-10.1,-99.75,-99.75,1,stop_loss,35.26898,0.00067,5.36396,-0.22452,london,2019
EURUSD,1,2020-01-02 00:00:00,2020-01-02 10:00:00,1.12119,1.1212,1.11975,1.12407,0.6859,0.1,0.69,0.68,10,time_exit,35.02312,0.00096,2.6864,5.36396,,2020
EURUSD,1,2020-01-08 04:00:00,2020-01-08 10:00:00,1.11558,1.11407,1.11407,1.11861,0.6527,-15.1,-98.75,-98.76,6,stop_loss,30.29321,0.00101,-1.25433,0.48801,,2020
EURUSD,1,2020-01-09 04:00:00,2020-01-09 11:00:00,1.11174,1.11026,1.11026,1.11471,0.6586,-14.8,-97.76,-97.77,7,stop_loss,32.86724,0.00099,-2.32987,-1.5147,,2020
EURUSD,-1,2020-01-09 21:00:00,2020-01-10 07:00:00,1.11051,1.1109,1.11206,1.1074,0.6231,-3.9,-24.3,-24.3,10,time_exit,31.71474,0.00104,-1.94922,-2.23015,new_york,2020
EURUSD,-1,2020-01-10 10:00:00,2020-01-10 13:00:00,1.1107,1.10876,1.11167,1.10876,0.9957,19.4,193.09,193.09,3,take_profit,26.82354,0.00065,-1.70955,-3.91876,london,2020
EURUSD,-1,2020-01-10 17:00:00,2020-01-10 18:00:00,1.11008,1.11148,1.11148,1.10727,0.7015,-14.0,-98.47,-98.48,1,stop_loss,30.33739,0.00094,-1.2901,-2.92362,new_york,2020
EURUSD,1,2020-01-13 11:00:00,2020-01-13 12:00:00,1.11281,1.11175,1.11175,1.11492,0.9231,-10.6,-97.5,-97.5,1,stop_loss,22.65281,0.0007,1.41874,-2.72729,london,2020
EURUSD,-1,2020-01-13 19:00:00,2020-01-14 05:00:00,1.11374,1.11357,1.11512,1.11098,0.6996,1.7,11.89,11.89,10,time_exit,27.7022,0.00092,1.9071,-1.78675,new_york,2020
EURUSD,1,2020-01-15 05:00:00,2020-01-15 10:00:00,1.11293,1.112,1.112,1.11479,1.0373,-9.3,-96.63,-96.63,5,stop_loss,17.78324,0.00062,0.21059,-1.1443,,2020
EURUSD,1,2020-01-15 20:00:00,2020-01-16 06:00:00,1.11576,1.11512,1.11446,1.11836,0.7349,-6.4,-47.03,-47.04,10,time_exit,22.63846,0.00087,2.63824,-0.14223,new_york,2020
EURUSD,-1,2020-01-16 17:00:00,2020-01-17 03:00:00,1.11416,1.1137,1.11556,1.11136,0.6807,4.6,31.31,31.31,10,time_exit,26.04741,0.00093,-0.36546,0.63188,new_york,2020
EURUSD,1,2020-01-20 06:00:00,2020-01-20 11:00:00,1.10958,1.10864,1.10864,1.11147,1.0127,-9.4,-95.51,-95.51,5,stop_loss,40.81413,0.00063,-3.44605,-2.24249,,2020
EURUSD,-1,2020-01-20 22:00:00,2020-01-21 08:00:00,1.10917,1.10942,1.11006,1.10738,1.0594,-2.5,-26.49,-26.49,10,time_exit,42.04081,0.0006,-1.98478,-3.64227,,2020
EURUSD,1,2020-01-23 08:00:00,2020-01-23 15:00:00,1.10832,1.11045,1.10726,1.11045,0.8862,21.3,188.57,188.57,7,take_profit,15.19692,0.00071,-0.9253,-2.81729,london,2020
EURUSD,1,2020-01-24 05:00:00,2020-01-24 11:00:00,1.10528,1.10407,1.10407,1.1077,0.7965,-12.1,-96.18,-96.18,6,stop_loss,16.65557,0.00081,-2.7017,-3.3095,,2020
EURUSD,-1,2020-01-24 22:00:00,2020-01-27 08:00:00,1.10296,1.10278,1.10423,1.10042,0.7488,1.8,13.48,13.48,10,time_exit,27.5356,0.00085,-3.04944,-4.2135,,2020
EURUSD,-1,2020-01-27 20:00:00,2020-01-28 06:00:00,1.10153,1.10225,1.10288,1.09883,0.7076,-7.2,-50.95,-50.95,10,time_exit,21.86462,0.0009,-2.4778,-4.52805,new_york,2020
EURUSD,1,2020-01-28 19:00:00,2020-01-29 05:00:00,1.10075,1.10142,1.09968,1.10289,0.8857,6.7,59.34,59.34,10,time_exit,20.56407,0.00071,-2.25795,-5.83942,new_york,2020
EURUSD,-1,2020-01-29 17:00:00,2020-01-29 19:00:00,1.0996,1.10061,1.10061,1.09759,0.9478,-10.1,-95.44,-95.44,2,stop_loss,25.67791,0.00067,-2.81448,-5.8788,new_york,2020
EURUSD,-1,2020-01-31 03:00:00,2020-01-31 13:00:00,1.10322,1.10374,1.10439,1.10088,0.8068,-5.2,-41.95,-41.96,10,time_exit,27.02806,0.00078,1.4642,-3.04468,,2020
EURUSD,1,2020-01-31 13:00:00,2020-01-31 15:00:00,1.10306,1.10541,1.10189,1.10541,0.8006,23.5,188.12,188.12,2,take_profit,20.11495,0.00078,1.04581,-2.59649,london,2020
EURUSD,-1,2020-02-03 02:00:00,2020-02-03 11:00:00,1.10892,1.10599,1.11038,1.10599,0.6559,29.3,191.87,191.87,9,take_profit,51.29574,0.00098,4.54336,-0.21198,,2020
EURUSD,-1,2020-02-05 18:00:00,2020-02-06 04:00:00,1.10022,1.09977,1.10153,1.09759,0.7448,4.5,33.52,33.51,10,time_exit,46.15984,0.00088,-4.26254,-0.89548,new_york,2020
EURUSD,1,2020-02-06 07:00:00,2020-02-06 10:00:00,1.09958,1.10134,1.0987,1.10134,1.1148,17.6,196.4,196.39,3,take_profit,59.76951,0.00059,-4.62918,-3.14863,london,2020
EURUSD,1,2020-02-10 21:00:00,2020-02-11 07:00:00,1.09138,1.09124,1.09001,1.09412,0.7318,-1.4,-10.25,-10.25,10,time_exit,43.85286,0.00091,-4.63306,-5.24339,new_york,2020
EURUSD,-1,2020-02-11 12:00:00,2020-02-11 15:00:00,1.09138,1.08931,1.09241,1.08931,0.9684,20.7,200.11,200.11,3,take_profit,54.23181,0.00069,-3.26367,-7.96415,london,2020
EURUSD,-1,2020-02-11 16:00:00,2020-02-11 17:00:00,1.09036,1.09157,1.09157,1.08794,0.8445,-12.1,-102.06,-102.06,1,stop_loss,50.91608,0.00081,-3.58832,-6.88658,new_york,2020
EURUSD,-1,2020-02-13 04:00:00,2020-02-13 10:00:00,1.0873,1.08847,1.08847,1.08497,0.8665,-11.7,-101.04,-101.04,6,stop_loss,46.27677,0.00078,-4.16922,-7.2884,,2020
EURUSD,1,2020-02-13 11:00:00,2020-02-13 12:00:00,1.0887,1.08763,1.08763,1.09084,0.9338,-10.7,-100.03,-100.03,1,stop_loss,46.08918,0.00071,-1.52438,-8.15649,london,2020
EURUSD,1,2020-02-13 14:00:00,2020-02-13 17:00:00,1.08578,1.08451,1.08451,1.08832,0.7789,-12.7,-99.03,-99.03,3,stop_loss,41.41487,0.00085,-4.36302,-6.93241,london,2020
EURUSD,-1,2020-02-14 03:00:00,2020-02-14 13:00:00,1.08382,1.08372,1.08512,1.08122,0.7541,1.0,7.54,7.54,10,time_exit,53.33164,0.00087,-4.21416,-7.58905,,2020
EURUSD,-1,2020-02-17 10:00:00,2020-02-17 20:00:00,1.08408,1.08329,1.08514,1.08196,0.9276,7.9,73.28,73.28,10,time_exit,29.61358,0.00071,-1.28289,-9.06025,london,2020
EURUSD,-1,2020-02-18 19:00:00,2020-02-19 05:00:00,1.08146,1.0799,1.08306,1.07827,0.6195,15.6,96.64,96.64,10,time_exit,23.88183,0.00106,-1.75103,-5.33598,new_york,2020
EURUSD,1,2020-02-24 22:00:00,2020-02-25 08:00:00,1.08433,1.08519,1.08209,1.08881,0.446,8.6,38.36,38.35,10,time_exit,22.71483,0.00149,1.1735,-1.08554,,2020
EURUSD,-1,2020-02-27 10:00:00,2020-02-27 11:00:00,1.09215,1.09418,1.09418,1.08809,0.4941,-20.3,-100.2,-100.2,1,stop_loss,36.99172,0.00135,3.12858,1.61297,london,2020
EURUSD,-1,2020-02-28 01:00:00,2020-02-28 10:00:00,1.10024,1.10258,1.10258,1.09557,0.4245,-23.4,-99.19,-99.2,9,stop_loss,61.9785,0.00156,5.08686,3.1776,,2020
EURUSD,-1,2020-02-28 13:00:00,2020-02-28 14:00:00,1.10342,1.09866,1.1058,1.09866,0.4128,47.6,196.38,196.38,1,take_profit,55.59897,0.00159,4.98369,4.20054,london,2020
EURUSD,1,2020-02-28 15:00:00,2020-02-28 16:00:00,1.09876,1.09599,1.09599,1.1043,0.3619,-27.7,-100.16,-100.16,1,stop_loss,49.86405,0.00185,1.58932,3.64735,london,2020
EURUSD,-1,2020-03-02 09:00:00,2020-03-02 10:00:00,1.10419,1.10694,1.10694,1.09868,0.3601,-27.5,-99.17,-99.17,1,stop_loss,27.12764,0.00184,2.48842,4.51595,london,2020
EURUSD,1,2020-03-02 10:00:00,2020-03-02 14:00:00,1.10634,1.11229,1.10336,1.11229,0.3299,59.5,196.37,196.37,4,take_profit,27.40428,0.00198,3.24859,4.23615,london,2020
EURUSD,1,2020-03-02 21:00:00,2020-03-02 23:00:00,1.11638,1.11246,1.11246,1.12422,0.2555,-39.2,-100.15,-100.15,2,stop_loss,45.62879,0.00261,4.54475,4.13537,new_york,2020
EURUSD,1,2020-03-05 13:00:00,2020-03-05 20:00:00,1.11701,1.12177,1.11463,1.12177,0.4163,47.6,198.28,198.28,7,take_profit,14.49959,0.00159,2.1596,6.36094,london,2020
EURUSD,-1,2020-03-06 04:00:00,2020-03-06 10:00:00,1.12457,1.12759,1.12759,1.11854,0.3352,-30.2,-101.1,-101.1,6,stop_loss,34.10126,0.00201,3.74547,5.52388,,2020
EURUSD,1,2020-03-10 09:00:00,2020-03-10 19:00:00,1.13414,1.1306,1.12829,1.14584,0.1711,-35.4,-60.57,-60.57,10,time_exit,33.00286,0.0039,-0.6057,4.54023,london,2020
EURUSD,-1,2020-03-11 21:00:00,2020-03-12 04:00:00,1.12845,1.13266,1.13266,1.12003,0.2364,-42.1,-99.5,-99.51,7,stop_loss,18.03275,0.00281,-1.68671,3.6419,new_york,2020
EURUSD,-1,2020-03-13 09:00:00,2020-03-13 18:00:00,1.12026,1.10934,1.12572,1.10934,0.1804,109.2,196.95,196.95,9,take_profit,14.59007,0.00364,-1.09985,0.3806,london,2020
EURUSD,1,2020-03-13 18:00:00,2020-03-16 04:00:00,1.1108,1.11016,1.10518,1.12204,0.1788,-6.4,-11.44,-11.45,10,time_exit,21.35639,0.00375,-2.87115,-0.18283,new_york,2020
EURUSD,-1,2020-03-16 10:00:00,2020-03-16 11:00:00,1.11397,1.12021,1.12021,1.1015,0.1609,-62.4,-100.35,-100.35,1,stop_loss,16.79321,0.00416,-0.71915,-0.89123,london,2020
EURUSD,-1,2020-03-16 20:00:00,2020-03-17 06:00:00,1.11614,1.11791,1.12298,1.10245,0.1452,-17.7,-25.7,-25.7,10,time_exit,14.44017,0.00456,-0.1385,-0.76977,new_york,2020
EURUSD,-1,2020-03-18 04:00:00,2020-03-18 08:00:00,1.09924,1.10367,1.10367,1.09039,0.2238,-44.3,-99.09,-99.09,4,stop_loss,35.5749,0.00295,-3.2396,-2.72262,,2020
EURUSD,-1,2020-03-18 21:00:00,2020-03-18 23:00:00,1.08479,1.09052,1.09052,1.07334,0.1713,-57.3,-98.09,-98.09,2,stop_loss,41.73876,0.00382,-4.39719,-3.11045,new_york,2020
EURUSD,-1,2020-03-19 15:00:00,2020-03-19 16:00:00,1.07494,1.08176,1.08176,1.0613,0.1424,-68.2,-97.15,-97.15,1,stop_loss,28.53793,0.00455,-4.21929,-3.31019,london,2020
EURUSD,-1,2020-03-19 19:00:00,2020-03-20 05:00:00,1.06996,1.07349,1.07796,1.05395,0.1201,-35.3,-42.4,-42.4,10,time_exit,30.44228,0.00534,-4.06148,-3.05503,new_york,2020
EURUSD,1,2020-03-20 12:00:00,2020-03-20 13:00:00,1.07873,1.07202,1.07202,1.09214,0.1427,-67.1,-95.71,-95.71,1,stop_loss,27.39582,0.00447,-0.72367,-4.53409,london,2020
EURUSD,1,2020-03-20 18:00:00,2020-03-20 21:00:00,1.07198,1.06473,1.06473,1.08649,0.1307,-72.5,-94.81,-94.81,3,stop_loss,19.13366,0.00484,-1.59408,-4.28474,new_york,2020
EURUSD,-1,2020-03-24 21:00:00,2020-03-25 05:00:00,1.07564,1.08191,1.08191,1.0631,0.1497,-62.7,-93.84,-93.84,8,stop_loss,22.42475,0.00418,-0.55008,-3.02921,new_york,2020
EURUSD,-1,2020-03-25 17:00:00,2020-03-25 19:00:00,1.0799,1.0847,1.0847,1.0703,0.1935,-48.0,-92.91,-92.91,2,stop_loss,10.32883,0.0032,0.12149,-2.8968,new_york,2020
EURUSD,1,2020-03-25 19:00:00,2020-03-26 03:00:00,1.0835,1.09328,1.07861,1.09328,0.188,97.8,183.94,183.94,8,take_profit,9.94625,0.00326,1.16897,-2.74189,new_york,2020
EURUSD,1,2020-03-31 07:00:00,2020-03-31 11:00:00,1.10266,1.09877,1.09877,1.11045,0.2409,-38.9,-93.81,-93.81,4,stop_loss,19.39938,0.0026,-0.26082,2.62215,london,2020
EURUSD,-1,2020-03-31 13:00:00,2020-03-31 18:00:00,1.09763,1.10125,1.10125,1.09039,0.2566,-36.2,-92.87,-92.87,5,stop_loss,27.38412,0.00241,-2.04619,2.41994,london,2020
EURUSD,-1,2020-04-02 07:00:00,2020-04-02 15:00:00,1.0939,1.08766,1.09702,1.08766,0.2945,62.4,183.87,183.87,8,take_profit,26.41466,0.00208,-1.61779,0.23314,london,2020
EURUSD,1,2020-04-02 19:00:00,2020-04-02 21:00:00,1.08619,1.08218,1.08218,1.09421,0.2338,-40.1,-93.76,-93.76,2,stop_loss,23.74265,0.00267,-3.17797,-0.53943,new_york,2020
EURUSD,1,2020-04-03 01:00:00,2020-04-03 10:00:00,1.0852,1.08139,1.08139,1.09282,0.2437,-38.1,-92.85,-92.85,9,stop_loss,27.93997,0.00254,-2.88413,-1.14404,,2020
EURUSD,1,2020-04-07 12:00:00,2020-04-07 22:00:00,1.0868,1.09048,1.08384,1.09271,0.3108,36.8,114.37,114.37,10,time_exit,27.29621,0.00197,2.20038,-3.37293,london,2020
EURUSD,1,2020-04-09 01:00:00,2020-04-09 11:00:00,1.08551,1.08694,1.08297,1.09059,0.3663,14.3,52.38,52.38,10,time_exit,14.47187,0.00169,-0.32689,-1.51217,,2020
EURUSD,1,2020-04-09 21:00:00,2020-04-10 07:00:00,1.09448,1.09379,1.09125,1.10094,0.2896,-6.9,-19.98,-19.98,10,time_exit,23.41079,0.00215,3.13456,-0.41546,new_york,2020
EURUSD,1,2020-04-10 17:00:00,2020-04-13 03:00:00,1.09452,1.09299,1.09262,1.09832,0.491,-15.3,-75.12,-75.13,10,time_exit,29.81913,0.00127,2.77603,1.1695,new_york,2020
EURUSD,1,2020-04-13 04:00:00,2020-04-13 09:00:00,1.09299,1.09619,1.09139,1.09619,0.5794,32.0,185.24,185.24,5,take_profit,19.6489,0.00107,0.95149,1.88837,,2020
EURUSD,-1,2020-04-15 14:00:00,2020-04-15 15:00:00,1.09078,1.08617,1.09309,1.08617,0.4096,46.1,188.93,188.93,1,take_profit,31.61444,0.00154,-2.72253,1.89573,london,2020
EURUSD,1,2020-04-20 23:00:00,2020-04-21 05:00:00,1.08568,1.08331,1.08331,1.09042,0.4063,-23.7,-96.37,-96.37,6,stop_loss,8.67477,0.00158,-0.80757,-1.42054,,2020
EURUSD,1,2020-04-21 05:00:00,2020-04-21 11:00:00,1.0846,1.08256,1.08256,1.08868,0.4678,-20.4,-95.4,-95.4,6,stop_loss,7.89658,0.00136,-1.57165,-1.66971,,2020
EURUSD,1,2020-04-22 00:00:00,2020-04-22 10:00:00,1.08563,1.08558,1.083,1.09088,0.3597,-0.5,-1.8,-1.8,10,time_exit,17.68252,0.00175,0.08851,-1.52281,,2020
EURUSD,1,2020-04-22 11:00:00,2020-04-22 17:00:00,1.08558,1.08345,1.08345,1.08984,0.4434,-21.3,-94.42,-94.42,6,stop_loss,16.37963,0.00142,0.06736,-1.71214,london,2020
EURUSD,-1,2020-04-23 06:00:00,2020-04-23 08:00:00,1.08115,1.08309,1.08309,1.07728,0.4828,-19.4,-93.49,-93.49,2,stop_loss,23.53212,0.00129,-2.29688,-2.31297,,2020
EURUSD,1,2020-04-23 09:00:00,2020-04-23 10:00:00,1.08296,1.0811,1.0811,1.08668,0.4969,-18.6,-92.55,-92.55,1,stop_loss,21.99265,0.00124,-0.7395,-2.48609,london,2020
EURUSD,1,2020-04-23 19:00:00,2020-04-23 20:00:00,1.08142,1.07819,1.07819,1.08789,0.2832,-32.3,-91.62,-91.62,1,stop_loss,22.90057,0.00216,-0.48873,-1.763,new_york,2020
EURUSD,-1,2020-04-23 20:00:00,2020-04-24 06:00:00,1.08138,1.07713,1.08449,1.07515,0.2914,42.5,123.85,123.84,10,time_exit,22.46606,0.00208,-0.48793,-1.8286,new_york,2020
EURUSD,1,2020-04-24 09:00:00,2020-04-24 10:00:00,1.07636,1.07405,1.07405,1.08097,0.3986,-23.1,-91.93,-91.93,1,stop_loss,22.43778,0.00154,-2.58956,-3.1172,london,2020
EURUSD,-1,2020-04-28 07:00:00,2020-04-28 10:00:00,1.08242,1.08406,1.08406,1.07914,0.5549,-16.4,-91.02,-91.02,3,stop_loss,12.75411,0.00109,0.14423,-1.57873,london,2020
EURUSD,-1,2020-04-28 18:00:00,2020-04-29 04:00:00,1.08324,1.08461,1.08582,1.07808,0.349,-13.7,-47.81,-47.82,10,time_exit,18.02093,0.00172,-0.0088,-0.48414,new_york,2020
EURUSD,1,2020-05-01 02:00:00,2020-05-01 12:00:00,1.0943,1.09818,1.09122,1.10045,0.2913,38.8,113.02,113.02,10,time_exit,25.13281,0.00205,2.81841,1.42471,,2020
EURUSD,-1,2020-05-01 12:00:00,2020-05-01 17:00:00,1.09764,1.10012,1.10012,1.09268,0.3658,-24.8,-90.76,-90.76,5,stop_loss,34.163,0.00165,4.15141,2.57368,london,2020
EURUSD,1,2020-05-04 04:00:00,2020-05-04 11:00:00,1.09472,1.09247,1.09247,1.09923,0.3987,-22.5,-89.86,-89.86,7,stop_loss,34.0504,0.0015,0.4885,3.87106,,2020
EURUSD,-1,2020-05-04 11:00:00,2020-05-04 21:00:00,1.09366,1.0907,1.0958,1.08939,0.4165,29.6,123.28,123.28,10,time_exit,25.39898,0.00142,-0.2313,3.80371,london,2020
EURUSD,-1,2020-05-05 20:00:00,2020-05-06 06:00:00,1.08406,1.08347,1.08717,1.07783,0.2897,5.9,17.09,17.09,10,time_exit,30.20932,0.00208,-2.81114,0.53987,new_york,2020
EURUSD,-1,2020-05-06 21:00:00,2020-05-07 07:00:00,1.0809,1.07991,1.08331,1.07609,0.3756,9.9,37.18,37.18,10,time_exit,28.83054,0.0016,-2.52531,-1.48931,new_york,2020
EURUSD,-1,2020-05-07 10:00:00,2020-05-07 18:00:00,1.07921,1.08095,1.08095,1.07573,0.5221,-17.4,-90.74,-90.74,8,stop_loss,27.92112,0.00116,-3.10036,-3.09552,london,2020
EURUSD,-1,2020-05-14 11:00:00,2020-05-14 21:00:00,1.08046,1.07834,1.08211,1.07715,0.543,21.2,115.12,115.11,10,time_exit,27.32566,0.0011,-2.23528,-1.06887,london,2020
EURUSD,1,2020-05-15 11:00:00,2020-05-15 14:00:00,1.0816,1.07989,1.07989,1.08502,0.5327,-17.1,-90.98,-90.98,3,stop_loss,13.29287,0.00114,0.38526,-1.79485,london,2020
EURUSD,-1,2020-05-15 23:00:00,2020-05-18 09:00:00,1.08173,1.08196,1.08395,1.0773,0.4066,-2.3,-9.35,-9.35,10,time_exit,13.72583,0.00148,0.26266,-1.15994,,2020
EURUSD,1,2020-05-18 10:00:00,2020-05-18 11:00:00,1.08196,1.08032,1.08032,1.08523,0.55,-16.4,-89.97,-89.97,1,stop_loss,10.04697,0.00109,0.34842,-1.24562,london,2020
EURUSD,-1,2020-05-19 15:00:00,2020-05-20 01:00:00,1.09482,1.09242,1.09732,1.08983,0.3569,24.0,85.66,85.65,10,time_exit,51.17078,0.00166,4.11698,1.97225,london,2020
EURUSD,-1,2020-05-20 09:00:00,2020-05-20 14:00:00,1.09431,1.09617,1.09617,1.09059,0.4829,-18.6,-89.93,-89.93,5,stop_loss,39.42522,0.00124,2.7632,3.78348,london,2020
EURUSD,1,2020-05-21 15:00:00,2020-05-21 16:00:00,1.0994,1.09735,1.09735,1.10349,0.435,-20.5,-89.03,-89.03,1,stop_loss,37.04505,0.00136,3.083,4.55498,london,2020
EURUSD,1,2020-05-21 20:00:00,2020-05-22 06:00:00,1.0955,1.09348,1.09287,1.10076,0.335,-20.2,-67.67,-67.67,10,time_exit,31.18227,0.00175,0.04896,3.46412,new_york,2020
EURUSD,-1,2020-05-22 17:00:00,2020-05-25 03:00:00,1.08963,1.09017,1.0917,1.08549,0.4221,-5.4,-22.79,-22.8,10,time_exit,33.66521,0.00138,-2.94467,2.68962,new_york,2020
EURUSD,-1,2020-05-26 16:00:00,2020-05-26 18:00:00,1.09709,1.099,1.099,1.09326,0.4556,-19.1,-87.25,-87.25,2,stop_loss,36.44022,0.00128,3.99439,1.29935,new_york,2020
EURUSD,-1,2020-05-27 20:00:00,2020-05-27 23:00:00,1.0975,1.10087,1.10087,1.09077,0.2565,-33.7,-86.35,-86.35,3,stop_loss,28.92275,0.00224,0.66659,1.70602,new_york,2020
EURUSD,-1,2020-05-28 02:00:00,2020-05-28 12:00:00,1.10131,1.10098,1.10423,1.09546,0.2925,3.3,9.65,9.65,10,time_exit,22.01828,0.00195,2.2761,2.18348,,2020
EURUSD,-1,2020-05-28 20:00:00,2020-05-29 06:00:00,1.10822,1.10898,1.11105,1.10256,0.3023,-7.6,-22.97,-22.98,10,time_exit,28.79363,0.00189,4.42157,2.97397,new_york,2020
EURUSD,1,2020-05-29 09:00:00,2020-05-29 15:00:00,1.11007,1.11442,1.1079,1.11442,0.3928,43.5,170.73,170.72,6,take_profit,36.08839,0.00145,4.63128,5.09755,london,2020
EURUSD,-1,2020-06-01 04:00:00,2020-06-01 09:00:00,1.11217,1.11473,1.11473,1.10706,0.3408,-25.6,-87.08,-87.08,5,stop_loss,23.27374,0.0017,2.69791,5.24585,,2020
EURUSD,-1,2020-06-01 21:00:00,2020-06-02 07:00:00,1.11294,1.11256,1.11558,1.10766,0.3264,3.8,12.4,12.4,10,time_exit,15.88147,0.00176,1.58399,5.27615,new_york,2020
EURUSD,-1,2020-06-02 11:00:00,2020-06-02 12:00:00,1.11278,1.11476,1.11476,1.10882,0.4357,-19.8,-86.33,-86.33,1,stop_loss,8.91165,0.00132,1.11617,6.71835,london,2020
EURUSD,1,2020-06-03 16:00:00,2020-06-03 18:00:00,1.11912,1.1242,1.11658,1.1242,0.3366,50.8,170.94,170.93,2,take_profit,32.31511,0.00169,1.48608,5.96075,new_york,2020
EURUSD,-1,2020-06-05 01:00:00,2020-06-05 08:00:00,1.13352,1.13704,1.13704,1.12647,0.2473,-35.2,-87.16,-87.16,7,stop_loss,44.56807,0.00235,4.02832,5.1648,,2020
EURUSD,1,2020-06-05 12:00:00,2020-06-05 15:00:00,1.13323,1.13006,1.13006,1.13957,0.2721,-31.7,-86.3,-86.3,3,stop_loss,48.75545,0.00211,2.59829,6.38002,london,2020
EURUSD,1,2020-06-08 23:00:00,2020-06-09 09:00:00,1.12972,1.12713,1.12713,1.1349,0.3301,-25.9,-85.43,-85.43,10,stop_loss,14.35038,0.00173,0.30494,6.00235,,2020
EURUSD,1,2020-06-12 00:00:00,2020-06-12 10:00:00,1.1294,1.13218,1.1256,1.13701,0.2224,27.8,61.83,61.83,10,time_exit,20.08155,0.00254,-2.00486,3.13143,,2020
EURUSD,-1,2020-06-15 13:00:00,2020-06-15 16:00:00,1.12494,1.12804,1.12804,1.11874,0.2746,-31.0,-85.19,-85.19,3,stop_loss,24.33481,0.00207,-1.65855,0.66802,london,2020
EURUSD,-1,2020-06-16 01:00:00,2020-06-16 11:00:00,1.13248,1.13364,1.13549,1.12647,0.2806,-11.6,-32.55,-32.55,10,time_exit,25.96187,0.002,1.93491,0.70861,,2020
EURUSD,-1,2020-06-16 17:00:00,2020-06-17 03:00:00,1.12702,1.12674,1.13021,1.12064,0.2633,2.8,7.37,7.37,10,time_exit,28.54065,0.00213,-1.56978,1.1259,new_york,2020
EURUSD,1,2020-06-17 05:00:00,2020-06-17 12:00:00,1.12652,1.12389,1.12389,1.13178,0.3196,-26.3,-84.09,-84.09,7,stop_loss,32.81602,0.00175,-1.28531,0.58194,,2020
EURUSD,-1,2020-06-17 17:00:00,2020-06-18 03:00:00,1.12201,1.12412,1.12503,1.11596,0.2754,-21.1,-58.11,-58.11,10,time_exit,26.67776,0.00202,-2.65642,-0.05298,new_york,2020
EURUSD,1,2020-06-18 05:00:00,2020-06-18 15:00:00,1.12353,1.12276,1.12109,1.1284,0.3393,-7.7,-26.13,-26.13,10,time_exit,23.00258,0.00162,-1.48399,-0.67437,,2020
EURUSD,-1,2020-06-19 05:00:00,2020-06-19 15:00:00,1.1206,1.12278,1.12278,1.11624,0.3779,-21.8,-82.41,-82.41,10,stop_loss,34.1011,0.00145,-2.00694,-1.73646,,2020
EURUSD,1,2020-06-19 23:00:00,2020-06-22 09:00:00,1.11864,1.11942,1.11585,1.12422,0.2927,7.8,22.83,22.83,10,time_exit,30.80193,0.00186,-1.76069,-1.73492,,2020
EURUSD,-1,2020-06-23 06:00:00,2020-06-23 10:00:00,1.12751,1.1298,1.1298,1.12294,0.358,-22.9,-81.81,-81.81,4,stop_loss,29.41912,0.00152,2.79303,-0.85226,,2020
EURUSD,1,2020-06-24 11:00:00,2020-06-24 12:00:00,1.12984,1.12776,1.12776,1.134,0.3897,-20.8,-81.01,-81.01,1,stop_loss,29.24814,0.00139,0.98213,1.71998,london,2020
EURUSD,-1,2020-06-26 21:00:00,2020-06-29 07:00:00,1.12311,1.12418,1.12543,1.11847,0.3459,-10.7,-37.01,-37.01,10,time_exit,22.66414,0.00155,-0.03891,-1.10073,new_york,2020
EURUSD,-1,2020-06-29 07:00:00,2020-06-29 08:00:00,1.12396,1.1258,1.1258,1.12028,0.4333,-18.4,-79.83,-79.83,1,stop_loss,16.26191,0.00123,0.68934,-1.29407,london,2020
EURUSD,1,2020-06-29 20:00:00,2020-06-30 06:00:00,1.12274,1.12378,1.12029,1.12763,0.3231,10.4,33.6,33.6,10,time_exit,23.04752,0.00163,-0.85156,-0.41884,new_york,2020
EURUSD,1,2020-06-30 21:00:00,2020-07-01 07:00:00,1.12375,1.12182,1.12102,1.12921,0.2909,-19.3,-56.14,-56.15,10,time_exit,24.30858,0.00182,0.25008,-0.60487,new_york,2020
EURUSD,1,2020-07-01 21:00:00,2020-07-02 07:00:00,1.12545,1.12649,1.12295,1.13045,0.3149,10.4,32.75,32.75,10,time_exit,17.28273,0.00167,1.2813,-0.47882,new_york,2020
EURUSD,1,2020-07-03 16:00:00,2020-07-06 02:00:00,1.12293,1.12468,1.12104,1.12671,0.4185,17.5,73.24,73.24,10,time_exit,21.8108,0.00126,-1.01351,-0.13834,new_york,2020
EURUSD,1,2020-07-06 20:00:00,2020-07-07 06:00:00,1.13066,1.13104,1.12858,1.13482,0.3838,3.8,14.58,14.58,10,time_exit,40.24231,0.00139,2.56166,1.35471,new_york,2020
EURUSD,-1,2020-07-08 12:00:00,2020-07-08 16:00:00,1.1279,1.12981,1.12981,1.12408,0.4189,-19.1,-80.0,-80.0,4,stop_loss,17.21505,0.00127,-0.30711,1.42275,london,2020
EURUSD,1,2020-07-10 09:00:00,2020-07-10 16:00:00,1.12696,1.13054,1.12517,1.13054,0.443,35.8,158.4,158.4,7,take_profit,29.4841,0.00119,-2.68116,1.63827,london,2020
EURUSD,-1,2020-07-10 23:00:00,2020-07-13 04:00:00,1.13006,1.13207,1.13207,1.12603,0.4014,-20.1,-80.79,-80.8,5,stop_loss,17.69976,0.00134,0.0675,1.19004,,2020
EURUSD,-1,2020-07-14 05:00:00,2020-07-14 12:00:00,1.13433,1.13619,1.13619,1.1306,0.429,-18.6,-79.97,-79.98,7,stop_loss,15.98786,0.00124,1.31344,2.40588,,2020
EURUSD,-1,2020-07-14 18:00:00,2020-07-15 04:00:00,1.13994,1.14121,1.14233,1.13516,0.3316,-12.7,-42.11,-42.12,10,time_exit,18.7312,0.00159,3.66645,2.27485,new_york,2020
EURUSD,-1,2020-07-15 19:00:00,2020-07-16 05:00:00,1.14056,1.14033,1.14289,1.13589,0.3374,2.3,7.76,7.76,10,time_exit,31.27759,0.00156,1.16593,3.794,new_york,2020
EURUSD,-1,2020-07-16 05:00:00,2020-07-16 12:00:00,1.14141,1.13814,1.14304,1.13814,0.4825,32.7,157.68,157.68,7,take_profit,18.37836,0.00109,1.6916,5.41798,,2020
EURUSD,1,2020-07-17 01:00:00,2020-07-17 11:00:00,1.13797,1.14165,1.13566,1.14259,0.3478,36.8,127.99,127.99,10,time_exit,20.83298,0.00154,-1.18458,3.2362,,2020
EURUSD,1,2020-07-17 13:00:00,2020-07-17 23:00:00,1.14132,1.14246,1.13933,1.14529,0.4114,11.4,46.9,46.9,10,time_exit,18.76029,0.00132,1.33127,3.21689,london,2020
EURUSD,-1,2020-07-20 05:00:00,2020-07-20 07:00:00,1.14168,1.14388,1.14388,1.13728,0.3738,-22.0,-82.16,-82.16,2,stop_loss,21.27859,0.00147,0.36517,3.22581,,2020
EURUSD,-1,2020-07-21 11:00:00,2020-07-21 17:00:00,1.14428,1.14669,1.14669,1.13947,0.3379,-24.1,-81.35,-81.35,6,stop_loss,12.91189,0.0016,0.49828,3.10261,london,2020
EURUSD,1,2020-07-24 11:00:00,2020-07-24 13:00:00,1.16096,1.15844,1.15844,1.16601,0.319,-25.2,-80.53,-80.53,2,stop_loss,14.12281,0.00168,1.85279,5.90467,london,2020
EURUSD,1,2020-07-24 15:00:00,2020-07-24 23:00:00,1.16012,1.16551,1.15743,1.16551,0.2959,53.9,159.45,159.45,8,take_profit,12.09175,0.0018,1.12607,5.41986,london,2020
EURUSD,-1,2020-07-29 00:00:00,2020-07-29 09:00:00,1.1715,1.17428,1.17428,1.16594,0.2924,-27.8,-81.31,-81.31,9,stop_loss,23.82718,0.00185,0.35637,6.78519,,2020
EURUSD,-1,2020-07-30 22:00:00,2020-07-31 02:00:00,1.18386,1.18689,1.18689,1.1778,0.2655,-30.3,-80.5,-80.5,4,stop_loss,25.77664,0.00202,3.75461,5.52775,,2020
EURUSD,1,2020-08-03 19:00:00,2020-08-04 05:00:00,1.17498,1.17722,1.17161,1.18173,0.2363,22.4,52.93,52.93,10,time_exit,39.71566,0.00225,-1.33451,3.30112,new_york,2020
EURUSD,-1,2020-08-05 14:00:00,2020-08-05 15:00:00,1.18337,1.18618,1.18618,1.17775,0.2855,-28.1,-80.22,-80.22,1,stop_loss,25.62576,0.00187,2.14267,3.17231,london,2020
EURUSD,1,2020-08-05 20:00:00,2020-08-06 06:00:00,1.18732,1.18726,1.18392,1.19412,0.2337,-0.6,-1.4,-1.4,10,time_exit,36.38918,0.00227,2.70715,3.06112,new_york,2020
EURUSD,1,2020-08-14 23:00:00,2020-08-17 09:00:00,1.18362,1.18621,1.18128,1.18831,0.3387,25.9,87.72,87.72,10,time_exit,15.87884,0.00156,1.49243,1.48046,,2020
EURUSD,-1,2020-08-18 12:00:00,2020-08-18 15:00:00,1.19104,1.19316,1.19316,1.18679,0.3781,-21.2,-80.3,-80.3,3,stop_loss,20.33225,0.00142,3.57025,3.23873,london,2020
EURUSD,-1,2020-08-18 16:00:00,2020-08-18 17:00:00,1.19365,1.19598,1.19598,1.18899,0.3409,-23.3,-79.49,-79.49,1,stop_loss,26.49474,0.00155,4.42556,3.20162,new_york,2020
EURUSD,-1,2020-08-18 21:00:00,2020-08-19 07:00:00,1.19317,1.19311,1.19577,1.18797,0.3026,0.6,1.82,1.81,10,time_exit,33.58306,0.00173,2.99156,3.24184,new_york,2020
EURUSD,1,2020-08-19 14:00:00,2020-08-19 17:00:00,1.19376,1.19171,1.19171,1.19785,0.3847,-20.5,-78.7,-78.71,3,stop_loss,35.36791,0.00136,2.15973,4.89435,london,2020
EURUSD,1,2020-08-19 21:00:00,2020-08-19 22:00:00,1.18823,1.18555,1.18555,1.19359,0.2907,-26.8,-77.94,-77.94,1,stop_loss,30.2197,0.00179,-1.43765,3.47543,new_york,2020
EURUSD,-1,2020-08-20 07:00:00,2020-08-20 17:00:00,1.18473,1.18415,1.18726,1.17968,0.3053,5.8,17.71,17.71,10,time_exit,37.3818,0.00168,-2.38433,2.46906,london,2020
EURUSD,-1,2020-08-20 23:00:00,2020-08-21 09:00:00,1.18617,1.18705,1.18899,1.18053,0.274,-8.8,-24.11,-24.11,10,time_exit,24.24964,0.00188,-0.32766,1.17324,,2020
EURUSD,1,2020-08-21 11:00:00,2020-08-21 12:00:00,1.18404,1.18178,1.18178,1.18855,0.3416,-22.6,-77.08,-77.08,1,stop_loss,14.74613,0.0015,-1.82013,1.29696,london,2020
EURUSD,1,2020-08-21 12:00:00,2020-08-21 13:00:00,1.18127,1.17873,1.17873,1.18634,0.3008,-25.4,-76.3,-76.31,1,stop_loss,17.12044,0.00169,-3.12925,1.04688,london,2020
EURUSD,-1,2020-08-21 22:00:00,2020-08-24 08:00:00,1.17882,1.18038,1.18171,1.17304,0.2616,-15.6,-40.81,-40.81,10,time_exit,38.81524,0.00193,-2.60638,-0.177,,2020
EURUSD,-1,2020-08-25 11:00:00,2020-08-25 21:00:00,1.18269,1.18344,1.18465,1.17877,0.3829,-7.5,-28.72,-28.72,10,time_exit,17.16377,0.00131,1.04706,-1.32391,london,2020
EURUSD,-1,2020-08-26 00:00:00,2020-08-26 10:00:00,1.18342,1.18078,1.18566,1.17894,0.3344,26.4,88.28,88.28,10,time_exit,16.11777,0.00149,1.08085,-0.80737,,2020
EURUSD,1,2020-08-26 18:00:00,2020-08-27 04:00:00,1.18178,1.18293,1.17929,1.18677,0.3038,11.5,34.94,34.93,10,time_exit,16.54364,0.00166,0.0788,-0.67129,new_york,2020
EURUSD,1,2020-08-27 19:00:00,2020-08-28 05:00:00,1.18232,1.18356,1.17822,1.19051,0.1857,12.4,23.03,23.02,10,time_exit,15.22986,0.00273,0.06836,-0.2145,new_york,2020
EURUSD,-1,2020-08-28 12:00:00,2020-08-28 22:00:00,1.19093,1.18984,1.19408,1.18463,0.2422,10.9,26.4,26.4,10,time_exit,30.51599,0.0021,3.59636,0.20263,london,2020
EURUSD,-1,2020-08-31 01:00:00,2020-08-31 11:00:00,1.19077,1.1908,1.19378,1.18474,0.254,-0.3,-0.76,-0.76,10,time_exit,38.53498,0.00201,2.41568,1.06784,,2020
EURUSD,1,2020-08-31 21:00:00,2020-09-01 06:00:00,1.19434,1.19967,1.19167,1.19967,0.2872,53.3,153.12,153.12,9,take_profit,38.87581,0.00178,2.7344,2.36396,new_york,2020
EURUSD,1,2020-09-01 15:00:00,2020-09-01 17:00:00,1.19876,1.19604,1.19604,1.20419,0.2875,-27.2,-78.1,-78.11,2,stop_loss,37.6167,0.00181,3.00031,3.41008,london,2020
EURUSD,1,2020-09-04 22:00:00,2020-09-07 08:00:00,1.18514,1.18298,1.18216,1.1911,0.2593,-21.6,-56.01,-56.01,10,time_exit,14.89518,0.00199,0.30272,-0.80922,,2020
EURUSD,-1,2020-09-07 16:00:00,2020-09-08 02:00:00,1.18225,1.18188,1.18424,1.17828,0.3863,3.7,14.29,14.29,10,time_exit,12.8205,0.00132,-1.19837,-1.3845,new_york,2020
EURUSD,-1,2020-09-08 22:00:00,2020-09-09 08:00:00,1.17818,1.17802,1.18069,1.17315,0.306,1.6,4.9,4.89,10,time_exit,34.48225,0.00168,-1.88962,-1.78758,,2020
EURUSD,1,2020-09-09 10:00:00,2020-09-09 15:00:00,1.17665,1.18053,1.17471,1.18053,0.397,38.8,153.9,153.9,5,take_profit,41.44542,0.00129,-2.48793,-2.86612,london,2020
EURUSD,-1,2020-09-14 07:00:00,2020-09-14 11:00:00,1.18473,1.18667,1.18667,1.18084,0.4036,-19.4,-78.48,-78.48,4,stop_loss,12.73236,0.0013,0.94158,0.12738,london,2020
EURUSD,1,2020-09-15 15:00:00,2020-09-15 16:00:00,1.18913,1.18739,1.18739,1.1926,0.4473,-17.4,-77.71,-77.71,1,stop_loss,20.70455,0.00116,2.29341,1.763,london,2020
EURUSD,1,2020-09-16 00:00:00,2020-09-16 10:00:00,1.18469,1.18612,1.18287,1.18832,0.4238,14.3,60.6,60.6,10,time_exit,23.66465,0.00121,-1.20265,1.32665,,2020
EURUSD,1,2020-09-16 15:00:00,2020-09-16 16:00:00,1.18676,1.185,1.185,1.19027,0.4416,-17.6,-77.53,-77.53,1,stop_loss,24.38541,0.00117,0.80221,1.02202,london,2020
EURUSD,-1,2020-09-16 22:00:00,2020-09-17 06:00:00,1.17999,1.17421,1.18288,1.17421,0.2655,57.8,153.49,153.49,8,take_profit,31.28376,0.00193,-2.68616,0.32998,,2020
EURUSD,-1,2020-09-17 10:00:00,2020-09-17 11:00:00,1.17745,1.18035,1.18035,1.17166,0.2704,-29.0,-78.3,-78.3,1,stop_loss,52.34922,0.00193,-2.62225,-0.68595,london,2020
EURUSD,-1,2020-09-18 22:00:00,2020-09-21 08:00:00,1.18536,1.18631,1.18779,1.1805,0.319,-9.5,-30.31,-30.31,10,time_exit,24.79489,0.00162,0.84799,0.06053,,2020
EURUSD,1,2020-09-23 13:00:00,2020-09-23 15:00:00,1.17144,1.16893,1.16893,1.17647,0.3072,-25.1,-77.22,-77.22,2,stop_loss,45.74821,0.00168,-1.27012,-3.67316,london,2020
EURUSD,1,2020-09-23 19:00:00,2020-09-23 22:00:00,1.16777,1.16516,1.16516,1.173,0.2925,-26.1,-76.43,-76.43,3,stop_loss,37.4784,0.00174,-2.71371,-3.76399,new_york,2020
EURUSD,-1,2020-09-25 13:00:00,2020-09-25 23:00:00,1.16438,1.16307,1.16654,1.16006,0.3504,13.1,45.9,45.9,10,time_exit,16.18501,0.00144,-2.11003,-5.02843,london,2020
EURUSD,1,2020-09-28 12:00:00,2020-09-28 15:00:00,1.16388,1.16773,1.16196,1.16773,0.3956,38.5,152.26,152.26,3,take_profit,19.68296,0.00128,-0.56922,-5.85893,london,2020
EURUSD,-1,2020-09-29 19:00:00,2020-09-29 20:00:00,1.17166,1.17412,1.17412,1.16674,0.316,-24.6,-77.66,-77.66,1,stop_loss,35.48293,0.00164,2.6189,-2.28036,new_york,2020
EURUSD,-1,2020-09-30 15:00:00,2020-09-30 17:00:00,1.17072,1.173,1.173,1.16616,0.3369,-22.8,-76.88,-76.88,2,stop_loss,26.64527,0.00152,0.15457,-0.65372,london,2020
EURUSD,-1,2020-09-30 19:00:00,2020-10-01 06:00:00,1.17222,1.17437,1.17515,1.16636,0.2597,-21.5,-55.84,-55.84,10,time_exit,23.46936,0.00195,0.82009,-0.43482,new_york,2020
EURUSD,-1,2020-10-05 07:00:00,2020-10-05 11:00:00,1.17282,1.17474,1.17474,1.16899,0.3943,-19.2,-75.54,-75.54,4,stop_loss,15.75725,0.00128,0.38494,0.19128,london,2020
EURUSD,-1,2020-10-05 16:00:00,2020-10-05 17:00:00,1.17641,1.1784,1.1784,1.17242,0.3749,-19.9,-74.78,-74.79,1,stop_loss,19.50636,0.00133,2.52187,0.56058,new_york,2020
EURUSD,-1,2020-10-05 19:00:00,2020-10-06 05:00:00,1.17845,1.1791,1.1806,1.17415,0.3448,-6.5,-22.41,-22.41,10,time_exit,27.50377,0.00143,3.32841,0.83459,new_york,2020
EURUSD,1,2020-10-06 06:00:00,2020-10-06 10:00:00,1.1791,1.17756,1.17756,1.18219,0.4781,-15.4,-73.82,-73.83,4,stop_loss,36.76523,0.00103,3.59159,2.22396,,2020
EURUSD,-1,2020-10-07 00:00:00,2020-10-07 10:00:00,1.17332,1.17592,1.17592,1.16813,0.2814,-26.0,-73.09,-73.09,10,stop_loss,31.11543,0.00173,-1.81945,1.51828,,2020
EURUSD,-1,2020-10-08 11:00:00,2020-10-08 16:00:00,1.17663,1.17352,1.17819,1.17352,0.465,31.1,144.7,144.7,5,take_profit,21.90053,0.00104,0.31065,1.76705,london,2020
EURUSD,-1,2020-10-13 11:00:00,2020-10-13 12:00:00,1.17806,1.17949,1.17949,1.1752,0.5158,-14.3,-73.8,-73.8,1,stop_loss,21.20833,0.00095,-2.03191,2.9778,london,2020
EURUSD,-1,2020-10-13 19:00:00,2020-10-14 05:00:00,1.17379,1.17432,1.17577,1.16983,0.3692,-5.3,-19.57,-19.57,10,time_exit,24.78738,0.00132,-4.04829,1.56135,new_york,2020
EURUSD,-1,2020-10-14 05:00:00,2020-10-14 15:00:00,1.17431,1.17585,1.17585,1.17123,0.4737,-15.4,-72.86,-72.86,10,stop_loss,30.87031,0.00103,-3.21911,0.69489,,2020
EURUSD,-1,2020-10-19 13:00:00,2020-10-19 14:00:00,1.17561,1.1774,1.1774,1.17204,0.4036,-17.9,-72.13,-72.14,1,stop_loss,16.42421,0.00119,2.90387,-1.86291,london,2020
EURUSD,-1,2020-10-21 13:00:00,2020-10-21 15:00:00,1.18449,1.18632,1.18632,1.18084,0.3908,-18.3,-71.41,-71.41,2,stop_loss,52.18394,0.00122,3.25744,3.03006,london,2020
EURUSD,-1,2020-10-22 11:00:00,2020-10-22 12:00:00,1.18613,1.1828,1.18779,1.1828,0.4252,33.3,141.4,141.4,1,take_profit,28.1704,0.00111,2.42136,4.40015,london,2020
EURUSD,-1,2020-10-22 22:00:00,2020-10-23 08:00:00,1.18188,1.18037,1.18365,1.17834,0.4076,15.1,61.55,61.55,10,time_exit,25.9295,0.00118,-1.06632,3.51467,,2020
EURUSD,1,2020-10-23 13:00:00,2020-10-23 17:00:00,1.18465,1.18273,1.18273,1.18849,0.3786,-19.2,-72.73,-72.73,4,stop_loss,32.41457,0.00128,1.74023,2.40626,london,2020
EURUSD,1,2020-10-23 17:00:00,2020-10-26 03:00:00,1.1839,1.18445,1.18195,1.18779,0.3699,5.5,20.34,20.34,10,time_exit,29.97834,0.0013,0.88999,2.46477,new_york,2020
EURUSD,1,2020-10-26 20:00:00,2020-10-27 06:00:00,1.18242,1.18207,1.18055,1.18616,0.3862,-3.5,-13.52,-13.52,10,time_exit,20.43118,0.00125,-0.45507,2.02675,new_york,2020
EURUSD,-1,2020-10-29 13:00:00,2020-10-29 16:00:00,1.17257,1.16909,1.17431,1.16909,0.4138,34.8,144.15,144.14,3,take_profit,24.75488,0.00116,-3.55402,-2.09579,london,2020
EURUSD,-1,2020-11-02 03:00:00,2020-11-02 13:00:00,1.16418,1.16512,1.16615,1.16025,0.3741,-9.4,-35.17,-35.17,10,time_exit,30.0209,0.00131,-3.54317,-4.9517,,2020
EURUSD,1,2020-11-03 03:00:00,2020-11-03 10:00:00,1.16424,1.16735,1.16269,1.16735,0.471,31.1,146.33,146.32,7,take_profit,22.96136,0.00104,-1.41408,-6.90113,,2020
EURUSD,-1,2020-11-03 19:00:00,2020-11-04 01:00:00,1.17237,1.17445,1.17445,1.16821,0.3585,-20.8,-74.63,-74.64,6,stop_loss,41.20583,0.00139,3.71941,-3.60453,new_york,2020
EURUSD,-1,2020-11-11 04:00:00,2020-11-11 12:00:00,1.18271,1.17772,1.18521,1.17772,0.2959,49.9,147.74,147.74,8,take_profit,11.34654,0.00166,0.08598,2.21272,,2020
EURUSD,1,2020-11-12 13:00:00,2020-11-12 15:00:00,1.18102,1.17903,1.17903,1.185,0.3784,-19.9,-75.35,-75.35,2,stop_loss,24.22022,0.00133,1.19269,0.50901,london,2020
EURUSD,-1,2020-11-13 09:00:00,2020-11-13 10:00:00,1.18072,1.18227,1.18227,1.17762,0.481,-15.5,-74.6,-74.6,1,stop_loss,11.08041,0.00103,0.62799,0.94592,london,2020
EURUSD,1,2020-11-16 12:00:00,2020-11-16 13:00:00,1.1845,1.18293,1.18293,1.18764,0.4702,-15.7,-73.86,-73.87,1,stop_loss,35.68533,0.00105,1.84584,2.31066,london,2020
EURUSD,1,2020-11-17 22:00:00,2020-11-18 08:00:00,1.18642,1.1877,1.18463,1.19,0.4082,12.8,52.25,52.25,10,time_exit,19.52193,0.00119,1.02751,2.87305,,2020
EURUSD,1,2020-11-20 05:00:00,2020-11-20 11:00:00,1.18731,1.18578,1.18578,1.19036,0.4826,-15.3,-73.64,-73.64,6,stop_loss,23.7608,0.00102,1.66247,2.13543,,2020
EURUSD,1,2020-11-23 03:00:00,2020-11-23 13:00:00,1.18719,1.19025,1.18566,1.19025,0.4768,30.6,145.79,145.79,10,take_profit,14.78415,0.00102,1.03494,2.02555,,2020
EURUSD,-1,2020-11-23 23:00:00,2020-11-24 09:00:00,1.18381,1.1848,1.18606,1.17932,0.3311,-9.9,-32.78,-32.78,10,time_exit,23.75566,0.0015,-1.64043,1.16235,,2020
EURUSD,1,2020-11-25 06:00:00,2020-11-25 13:00:00,1.19065,1.18883,1.18883,1.19428,0.4078,-18.2,-74.03,-74.03,7,stop_loss,19.37158,0.00121,2.8001,1.67971,,2020
EURUSD,-1,2020-11-26 11:00:00,2020-11-26 21:00:00,1.19154,1.19149,1.19335,1.18792,0.4046,0.5,2.02,2.02,10,time_exit,33.24406,0.00121,1.10205,2.85495,london,2020
EURUSD,1,2020-11-26 21:00:00,2020-11-27 07:00:00,1.19136,1.19268,1.18963,1.19482,0.4239,13.2,55.95,55.95,10,time_exit,20.83631,0.00115,0.91755,2.76621,new_york,2020
EURUSD,-1,2020-11-27 17:00:00,2020-11-27 18:00:00,1.19432,1.19583,1.19583,1.1913,0.4886,-15.1,-73.87,-73.87,1,stop_loss,13.42623,0.00101,2.87171,3.36129,new_york,2020
EURUSD,-1,2020-11-27 21:00:00,2020-11-30 01:00:00,1.19559,1.19717,1.19717,1.19243,0.4635,-15.8,-73.14,-73.14,4,stop_loss,20.59538,0.00105,3.41558,3.49367,new_york,2020
EURUSD,1,2020-12-03 17:00:00,2020-12-03 20:00:00,1.21601,1.2136,1.2136,1.22084,0.2999,-24.1,-72.41,-72.42,3,stop_loss,49.9603,0.00161,4.77899,6.33401,new_york,2020
EURUSD,-1,2020-12-03 21:00:00,2020-12-04 07:00:00,1.21396,1.21501,1.21636,1.20916,0.2986,-10.5,-31.35,-31.35,10,time_exit,48.45405,0.0016,2.9204,6.57119,new_york,2020
EURUSD,-1,2020-12-07 17:00:00,2020-12-08 03:00:00,1.21507,1.2107,1.21762,1.20998,0.2802,43.7,122.45,122.45,10,time_exit,31.17892,0.0017,1.43627,5.02399,new_york,2020
EURUSD,1,2020-12-09 08:00:00,2020-12-09 13:00:00,1.21311,1.21158,1.21158,1.21617,0.4745,-15.3,-72.6,-72.6,5,stop_loss,13.79535,0.00102,1.32105,5.15105,london,2020
EURUSD,1,2020-12-10 08:00:00,2020-12-10 15:00:00,1.20962,1.2129,1.20798,1.2129,0.4388,32.8,143.74,143.74,7,take_profit,21.30025,0.00109,-0.58607,2.83429,london,2020
EURUSD,1,2020-12-10 21:00:00,2020-12-11 07:00:00,1.21253,1.21553,1.20966,1.21827,0.2553,30.0,76.59,76.59,10,time_exit,23.67004,0.00191,0.95782,1.58937,new_york,2020
EURUSD,-1,2020-12-11 07:00:00,2020-12-11 10:00:00,1.21555,1.2115,1.21757,1.2115,0.3658,40.5,148.11,148.11,3,take_profit,35.45309,0.00135,2.58994,2.7597,london,2020
EURUSD,-1,2020-12-14 02:00:00,2020-12-14 09:00:00,1.21333,1.21542,1.21542,1.20914,0.361,-20.9,-75.55,-75.55,7,stop_loss,19.74446,0.0014,0.83233,2.24812,,2020
EURUSD,-1,2020-12-15 01:00:00,2020-12-15 11:00:00,1.2145,1.2158,1.2166,1.2103,0.3559,-13.0,-46.27,-46.27,10,time_exit,14.40333,0.0014,0.59007,2.50346,,2020
EURUSD,1,2020-12-15 15:00:00,2020-12-16 01:00:00,1.21252,1.21544,1.21032,1.21691,0.3386,29.2,98.87,98.87,10,time_exit,12.62721,0.00146,-1.1751,2.35398,london,2020
EURUSD,-1,2020-12-16 07:00:00,2020-12-16 10:00:00,1.21648,1.21819,1.21819,1.21307,0.4417,-17.1,-75.32,-75.32,3,stop_loss,10.25106,0.00114,1.45317,2.93791,london,2020
EURUSD,-1,2020-12-16 10:00:00,2020-12-16 11:00:00,1.21548,1.21713,1.21713,1.21217,0.4509,-16.5,-74.57,-74.57,1,stop_loss,10.12439,0.0011,0.47048,3.02884,london,2020
EURUSD,1,2020-12-16 16:00:00,2020-12-16 19:00:00,1.21878,1.21662,1.21662,1.22309,0.3423,-21.6,-73.81,-73.81,3,stop_loss,21.54571,0.00144,1.94144,2.70611,new_york,2020
EURUSD,-1,2020-12-16 22:00:00,2020-12-16 23:00:00,1.21625,1.21888,1.21888,1.211,0.2783,-26.3,-73.08,-73.08,1,stop_loss,19.94289,0.00175,-0.05125,2.23234,,2020
EURUSD,1,2020-12-17 00:00:00,2020-12-17 10:00:00,1.21988,1.2235,1.21703,1.22558,0.2538,36.2,91.88,91.87,10,time_exit,18.80887,0.0019,1.78474,2.10068,,2020
EURUSD,1,2020-12-18 18:00:00,2020-12-21 01:00:00,1.2235,1.22137,1.22137,1.22776,0.3441,-21.3,-73.28,-73.28,7,stop_loss,21.78079,0.00142,0.26121,4.61199,new_york,2020
EURUSD,-1,2020-12-21 02:00:00,2020-12-21 12:00:00,1.22118,1.21661,1.22347,1.21661,0.3171,45.7,145.06,145.06,10,take_profit,16.92597,0.00152,-1.3741,4.03102,,2020
EURUSD,-1,2020-12-21 16:00:00,2020-12-21 18:00:00,1.21913,1.22305,1.22305,1.21128,0.1885,-39.2,-73.97,-73.97,2,stop_loss,21.58943,0.00262,-0.80729,1.48959,new_york,2020
EURUSD,1,2020-12-23 16:00:00,2020-12-24 02:00:00,1.21762,1.22022,1.215,1.22286,0.2795,26.0,72.67,72.67,10,time_exit,14.66628,0.00175,-1.1674,0.72416,new_york,2020
EURUSD,1,2020-12-30 04:00:00,2020-12-30 09:00:00,1.22907,1.22681,1.22681,1.23359,0.3273,-22.6,-73.97,-73.98,5,stop_loss,38.36425,0.00151,3.65583,1.99022,,2020
EURUSD,1,2020-12-31 10:00:00,2020-12-31 11:00:00,1.22965,1.22774,1.22774,1.23348,0.3825,-19.1,-73.23,-73.23,1,stop_loss,33.12415,0.00128,1.79084,3.64492,london,2020
EURUSD,-1,2021-01-04 09:00:00,2021-01-04 10:00:00,1.22563,1.22805,1.22805,1.22078,0.2992,-24.2,-72.51,-72.51,1,stop_loss,19.52899,0.00162,-0.39305,1.88299,london,2021
EURUSD,-1,2021-01-05 22:00:00,2021-01-06 08:00:00,1.23036,1.23166,1.23266,1.22576,0.3119,-13.0,-40.55,-40.55,10,time_exit,15.40729,0.00153,2.06639,1.75849,,2021
EURUSD,1,2021-01-08 05:00:00,2021-01-08 09:00:00,1.226,1.22346,1.22346,1.23108,0.2811,-25.4,-71.36,-71.36,4,stop_loss,25.96157,0.00169,-1.40857,1.0683,,2021
EURUSD,1,2021-01-08 09:00:00,2021-01-08 10:00:00,1.22635,1.22412,1.22412,1.23082,0.3164,-22.3,-70.67,-70.67,1,stop_loss,27.26942,0.00149,-1.14008,1.00559,london,2021
EURUSD,1,2021-01-11 10:00:00,2021-01-11 15:00:00,1.21786,1.21512,1.21512,1.22333,0.2557,-27.4,-69.95,-69.95,5,stop_loss,35.39024,0.00182,-3.09648,-1.05019,london,2021
EURUSD,-1,2021-01-13 08:00:00,2021-01-13 13:00:00,1.2209,1.21718,1.22276,1.21718,0.3722,37.2,138.5,138.5,5,take_profit,27.84134,0.00124,1.6442,-2.8589,london,2021
EURUSD,-1,2021-01-14 04:00:00,2021-01-14 14:00:00,1.2166,1.2126,1.2186,1.2126,0.3533,40.0,141.29,141.29,10,take_profit,26.33369,0.00133,-0.81053,-2.79774,,2021
EURUSD,-1,2021-01-14 16:00:00,2021-01-14 18:00:00,1.21198,1.21436,1.21436,1.20722,0.303,-23.8,-72.05,-72.05,2,stop_loss,29.96797,0.00159,-2.90918,-2.57346,new_york,2021
EURUSD,1,2021-01-15 06:00:00,2021-01-15 10:00:00,1.21494,1.21284,1.21284,1.21915,0.339,-21.0,-71.33,-71.33,4,stop_loss,16.48084,0.0014,-0.71894,-2.84335,,2021
EURUSD,1,2021-01-20 22:00:00,2021-01-21 08:00:00,1.21072,1.21312,1.20848,1.2152,0.3154,24.0,75.7,75.69,10,time_exit,37.02117,0.00149,-0.56449,-1.98591,,2021
EURUSD,-1,2021-01-22 01:00:00,2021-01-22 11:00:00,1.21674,1.21872,1.21872,1.21278,0.3602,-19.8,-71.38,-71.38,10,stop_loss,26.84963,0.00132,2.5561,-0.76666,,2021
EURUSD,1,2021-01-25 06:00:00,2021-01-25 11:00:00,1.2175,1.21581,1.21581,1.22088,0.4175,-16.9,-70.65,-70.65,5,stop_loss,19.92478,0.00113,1.46507,0.71955,,2021
EURUSD,-1,2021-01-26 10:00:00,2021-01-26 11:00:00,1.21114,1.21277,1.21277,1.20788,0.4288,-16.3,-69.95,-69.95,1,stop_loss,36.2659,0.00109,-3.32113,-0.16028,london,2021
EURUSD,1,2021-01-26 11:00:00,2021-01-26 17:00:00,1.21382,1.2175,1.21198,1.2175,0.3765,36.8,138.5,138.5,6,take_profit,36.54411,0.00123,-0.71428,-0.16249,london,2021
EURUSD,1,2021-01-26 21:00:00,2021-01-27 07:00:00,1.21637,1.21629,1.21425,1.22062,0.3327,-0.8,-2.66,-2.66,10,time_exit,24.52312,0.00142,1.10743,-0.06749,new_york,2021
EURUSD,-1,2021-01-27 10:00:00,2021-01-27 11:00:00,1.21552,1.21256,1.217,1.21256,0.477,29.6,141.22,141.22,1,take_profit,12.41604,0.00099,0.19378,0.27834,london,2021
EURUSD,1,2021-01-27 18:00:00,2021-01-28 04:00:00,1.20911,1.20943,1.20659,1.21414,0.2863,3.2,9.16,9.16,10,time_exit,29.15262,0.00168,-3.001,-0.35913,new_york,2021
EURUSD,-1,2021-01-28 05:00:00,2021-01-28 15:00:00,1.20943,1.21199,1.21199,1.20431,0.2817,-25.6,-72.13,-72.13,10,stop_loss,37.80693,0.00171,-1.97748,-0.87387,,2021
EURUSD,1,2021-01-29 07:00:00,2021-01-29 14:00:00,1.20997,1.21389,1.20801,1.21389,0.3645,39.2,142.79,142.79,7,take_profit,20.80985,0.00131,-1.40399,-1.37001,london,2021
EURUSD,-1,2021-02-01 23:00:00,2021-02-02 03:00:00,1.20568,1.20789,1.20789,1.20125,0.3291,-22.1,-72.82,-72.82,4,stop_loss,29.8143,0.00148,-3.29186,-1.4764,,2021
EURUSD,1,2021-02-02 06:00:00,2021-02-02 12:00:00,1.20818,1.20639,1.20639,1.21176,0.4031,-17.9,-72.1,-72.1,6,stop_loss,24.55395,0.00119,-1.31728,-2.17603,,2021
EURUSD,-1,2021-02-03 00:00:00,2021-02-03 10:00:00,1.20433,1.20315,1.20651,1.19997,0.3278,11.8,38.68,38.68,10,time_exit,27.00209,0.00145,-1.76727,-2.86763,,2021
EURUSD,1,2021-02-03 20:00:00,2021-02-04 06:00:00,1.20269,1.2019,1.20069,1.2067,0.3581,-7.9,-28.29,-28.29,10,time_exit,31.6313,0.00134,-1.51644,-3.66362,new_york,2021
EURUSD,-1,2021-02-08 02:00:00,2021-02-08 12:00:00,1.20486,1.20325,1.2067,1.20117,0.3874,16.1,62.37,62.37,10,time_exit,44.56688,0.00123,3.25749,-3.84651,,2021
EURUSD,-1,2021-02-10 10:00:00,2021-02-10 20:00:00,1.21307,1.213,1.21436,1.21049,0.5594,0.7,3.92,3.91,10,time_exit,42.02626,0.00086,5.04826,2.36451,london,2021
EURUSD,1,2021-02-10 21:00:00,2021-02-11 07:00:00,1.213,1.21265,1.21124,1.21652,0.4102,-3.5,-14.36,-14.36,10,time_exit,35.46865,0.00117,2.39433,2.4354,new_york,2021
EURUSD,-1,2021-02-15 00:00:00,2021-02-15 07:00:00,1.21242,1.214,1.214,1.20925,0.4543,-15.8,-72.0,-72.0,7,stop_loss,14.55473,0.00106,0.08726,2.33783,,2021
EURUSD,1,2021-02-15 07:00:00,2021-02-15 17:00:00,1.2132,1.21314,1.21182,1.21596,0.5161,-0.6,-3.1,-3.1,10,time_exit,12.30194,0.00092,1.32901,2.69876,london,2021
EURUSD,-1,2021-02-15 23:00:00,2021-02-16 03:00:00,1.21308,1.21427,1.21427,1.2107,0.5996,-11.9,-71.24,-71.24,4,stop_loss,15.79022,0.00079,0.65991,3.1724,,2021
EURUSD,-1,2021-02-18 06:00:00,2021-02-18 10:00:00,1.20368,1.20525,1.20525,1.20054,0.4499,-15.7,-70.54,-70.54,4,stop_loss,50.78872,0.00105,-3.83678,-1.7187,,2021
EURUSD,-1,2021-02-19 06:00:00,2021-02-19 09:00:00,1.20848,1.20997,1.20997,1.2055,0.4692,-14.9,-69.83,-69.83,3,stop_loss,19.52634,0.00099,0.65988,-1.27752,,2021
EURUSD,1,2021-02-22 12:00:00,2021-02-22 15:00:00,1.21083,1.21462,1.20893,1.21462,0.3643,37.9,138.25,138.24,3,take_profit,23.50313,0.00126,0.09608,0.67564,london,2021
EURUSD,-1,2021-02-23 15:00:00,2021-02-23 17:00:00,1.21427,1.21615,1.21615,1.21051,0.3751,-18.8,-70.52,-70.52,2,stop_loss,22.02379,0.00125,0.14454,2.2725,london,2021
EURUSD,-1,2021-02-24 18:00:00,2021-02-24 19:00:00,1.21223,1.21447,1.21447,1.20775,0.3116,-22.4,-69.8,-69.8,1,stop_loss,22.07367,0.00149,-1.65369,1.70819,new_york,2021
EURUSD,1,2021-02-26 05:00:00,2021-02-26 09:00:00,1.21724,1.21424,1.21424,1.22323,0.2307,-30.0,-69.11,-69.11,4,stop_loss,27.82092,0.002,-0.16557,1.80601,,2021
EURUSD,-1,2021-02-26 14:00:00,2021-02-26 16:00:00,1.2107,1.21378,1.21378,1.20454,0.222,-30.8,-68.41,-68.41,2,stop_loss,32.38381,0.00205,-2.78677,1.19661,london,2021
EURUSD,1,2021-03-04 05:00:00,2021-03-04 11:00:00,1.20541,1.20332,1.20332,1.20958,0.3248,-20.9,-67.73,-67.74,6,stop_loss,17.23105,0.00139,-0.99788,-1.99549,,2021
EURUSD,-1,2021-03-04 19:00:00,2021-03-04 20:00:00,1.20438,1.20026,1.20644,1.20026,0.3259,41.2,134.11,134.11,1,take_profit,24.13061,0.00137,-0.99018,-2.2967,new_york,2021
EURUSD,-1,2021-03-08 09:00:00,2021-03-08 18:00:00,1.18926,1.18467,1.19156,1.18467,0.2979,45.9,136.78,136.78,9,take_profit,49.85968,0.00153,-4.09156,-5.53652,london,2021
EURUSD,1,2021-03-08 20:00:00,2021-03-09 06:00:00,1.18568,1.18576,1.18319,1.19066,0.2804,0.8,2.24,2.24,10,time_exit,52.18311,0.00166,-4.05554,-5.9053,new_york,2021
EURUSD,1,2021-03-09 08:00:00,2021-03-09 10:00:00,1.1854,1.18933,1.18343,1.18933,0.3548,39.3,139.58,139.57,2,take_profit,42.58092,0.00131,-3.23392,-8.10249,london,2021
EURUSD,-1,2021-03-10 04:00:00,2021-03-10 12:00:00,1.18852,1.19044,1.19044,1.18468,0.3709,-19.2,-71.17,-71.18,8,stop_loss,27.26263,0.00128,-0.75981,-6.87655,,2021
EURUSD,1,2021-03-11 08:00:00,2021-03-11 10:00:00,1.19274,1.19607,1.19107,1.19607,0.423,33.3,140.93,140.93,2,take_profit,19.08679,0.00111,1.9204,-5.25217,london,2021
EURUSD,-1,2021-03-12 11:00:00,2021-03-12 18:00:00,1.19331,1.1953,1.1953,1.18932,0.3603,-19.9,-71.88,-71.88,7,stop_loss,21.01518,0.00133,-0.86752,-1.48632,london,2021
EURUSD,-1,2021-03-16 16:00:00,2021-03-16 18:00:00,1.19229,1.18849,1.19419,1.18849,0.3749,38.0,142.32,142.32,2,take_profit,18.77444,0.00127,-0.83141,-1.44265,new_york,2021
EURUSD,1,2021-03-17 09:00:00,2021-03-17 19:00:00,1.1898,1.19015,1.18837,1.19265,0.5092,3.5,17.82,17.82,10,time_exit,31.23284,0.00095,-2.05168,-2.76641,london,2021
EURUSD,1,2021-03-18 09:00:00,2021-03-18 10:00:00,1.19647,1.19442,1.19442,1.20057,0.3548,-20.5,-72.77,-72.77,1,stop_loss,33.21078,0.00137,2.14195,-0.56506,london,2021
EURUSD,-1,2021-03-18 19:00:00,2021-03-19 05:00:00,1.19261,1.19087,1.19505,1.18774,0.2957,17.4,51.45,51.45,10,time_exit,22.39978,0.00162,-0.60224,-0.41311,new_york,2021
EURUSD,-1,2021-03-19 12:00:00,2021-03-19 16:00:00,1.1923,1.18832,1.19429,1.18832,0.3642,39.8,145.1,145.09,4,take_profit,16.42182,0.00133,-0.29805,-0.88635,london,2021
EURUSD,1,2021-03-19 18:00:00,2021-03-22 04:00:00,1.18863,1.18846,1.18642,1.19306,0.3341,-1.7,-5.68,-5.68,10,time_exit,17.47403,0.00148,-2.26432,-1.11214,new_york,2021
EURUSD,-1,2021-03-22 07:00:00,2021-03-22 14:00:00,1.18952,1.19141,1.19141,1.18574,0.3913,-18.9,-73.95,-73.95,7,stop_loss,14.60581,0.00126,-1.15585,-1.70656,london,2021
EURUSD,-1,2021-03-24 06:00:00,2021-03-24 11:00:00,1.18453,1.18127,1.18616,1.18127,0.4497,32.6,146.41,146.41,5,take_profit,42.22857,0.00109,-3.89291,-2.7544,,2021
EURUSD,-1,2021-03-24 21:00:00,2021-03-25 07:00:00,1.18273,1.18208,1.18474,1.17872,0.3722,6.5,24.19,24.19,10,time_exit,45.95673,0.00134,-2.61351,-3.23433,new_york,2021
EURUSD,-1,2021-03-26 04:00:00,2021-03-26 14:00:00,1.17821,1.1774,1.18002,1.1746,0.4146,8.1,33.58,33.58,10,time_exit,43.18174,0.0012,-2.58906,-5.27598,,2021
EURUSD,1,2021-03-30 10:00:00,2021-03-30 13:00:00,1.17473,1.17314,1.17314,1.1779,0.4742,-15.9,-75.24,-75.24,3,stop_loss,21.95395,0.00106,-2.91385,-5.4104,london,2021
EURUSD,-1,2021-03-31 04:00:00,2021-03-31 10:00:00,1.17225,1.1737,1.1737,1.16935,0.5146,-14.5,-74.5,-74.5,6,stop_loss,40.59289,0.00097,-2.87486,-6.93133,,2021
EURUSD,-1,2021-03-31 11:00:00,2021-03-31 17:00:00,1.17316,1.1747,1.1747,1.17008,0.4784,-15.4,-73.74,-73.74,6,stop_loss,35.7501,0.00103,-0.98091,-6.66988,london,2021
EURUSD,-1,2021-04-02 18:00:00,2021-04-05 04:00:00,1.17579,1.17698,1.17751,1.17235,0.425,-11.9,-50.58,-50.58,10,time_exit,24.58582,0.00115,-0.18477,-2.33319,new_york,2021
EURUSD,1,2021-04-06 14:00:00,2021-04-06 17:00:00,1.1808,1.18437,1.17902,1.18437,0.4067,35.7,145.01,145.01,3,take_profit,28.98762,0.00119,1.58661,0.18265,london,2021
EURUSD,-1,2021-04-08 04:00:00,2021-04-08 10:00:00,1.18665,1.1883,1.1883,1.18335,0.4476,-16.5,-73.96,-73.97,6,stop_loss,31.73588,0.0011,1.02136,3.77709,,2021
EURUSD,-1,2021-04-09 05:00:00,2021-04-09 15:00:00,1.19105,1.18792,1.19262,1.18792,0.4677,31.3,146.43,146.43,10,take_profit,32.0361,0.00104,2.62138,4.92888,,2021
EURUSD,1,2021-04-12 00:00:00,2021-04-12 10:00:00,1.18898,1.18731,1.18731,1.19232,0.4478,-16.7,-74.68,-74.68,10,stop_loss,18.2631,0.00111,1.02498,4.23335,,2021
EURUSD,1,2021-04-13 03:00:00,2021-04-13 05:00:00,1.19118,1.1897,1.1897,1.19414,0.4992,-14.8,-73.93,-73.93,2,stop_loss,12.12371,0.00099,1.32147,4.26486,,2021
EURUSD,-1,2021-04-13 14:00:00,2021-04-13 15:00:00,1.18912,1.1907,1.1907,1.18597,0.4644,-15.8,-73.19,-73.2,1,stop_loss,15.70669,0.00105,-0.59096,3.49821,london,2021
EURUSD,-1,2021-04-13 22:00:00,2021-04-14 08:00:00,1.19466,1.1966,1.1966,1.19078,0.3736,-19.4,-72.46,-72.46,10,stop_loss,25.17516,0.00129,3.06893,3.15847,,2021
EURUSD,-1,2021-04-14 22:00:00,2021-04-15 03:00:00,1.19711,1.19882,1.19882,1.1937,0.4202,-17.1,-71.73,-71.74,5,stop_loss,40.11507,0.00114,2.57292,4.85048,,2021
EURUSD,1,2021-04-15 03:00:00,2021-04-15 13:00:00,1.19832,1.19686,1.19686,1.20124,0.4865,-14.6,-71.03,-71.03,10,stop_loss,39.53122,0.00097,3.54259,5.92136,,2021
EURUSD,1,2021-04-16 00:00:00,2021-04-16 10:00:00,1.19616,1.19878,1.19431,1.19987,0.3794,26.2,99.4,99.4,10,time_exit,21.38951,0.00124,0.36791,4.477,,2021
EURUSD,1,2021-04-16 18:00:00,2021-04-19 04:00:00,1.19794,1.19601,1.19601,1.2018,0.369,-19.3,-71.3,-71.3,10,stop_loss,22.1561,0.00129,0.9381,3.90117,new_york,2021
EURUSD,-1,2021-04-20 14:00:00,2021-04-21 00:00:00,1.20491,1.20343,1.20679,1.20115,0.3759,14.8,55.63,55.63,10,time_exit,43.75177,0.00125,2.19578,5.39189,london,2021
EURUSD,-1,2021-04-23 00:00:00,2021-04-23 09:00:00,1.20146,1.20361,1.20361,1.19715,0.3302,-21.5,-71.16,-71.16,9,stop_loss,19.16879,0.00144,-0.83526,2.82284,,2021
EURUSD,-1,2021-04-27 03:00:00,2021-04-27 13:00:00,1.20795,1.20838,1.20944,1.20498,0.474,-4.3,-20.38,-20.38,10,time_exit,18.2305,0.00099,0.451,5.30462,,2021
EURUSD,-1,2021-04-27 15:00:00,2021-04-28 01:00:00,1.20882,1.20885,1.21049,1.20547,0.4193,-0.3,-1.26,-1.26,10,time_exit,22.58316,0.00112,1.23716,4.1171,london,2021
EURUSD,-1,2021-04-30 09:00:00,2021-04-30 13:00:00,1.21179,1.20914,1.21312,1.20914,0.5299,26.5,140.43,140.43,4,take_profit,11.74822,0.00088,0.70659,5.13741,london,2021
EURUSD,-1,2021-04-30 21:00:00,2021-05-03 07:00:00,1.20221,1.2021,1.2042,1.19823,0.3601,1.1,3.96,3.96,10,time_exit,43.17228,0.00133,-5.44255,2.08712,new_york,2021
EURUSD,-1,2021-05-03 10:00:00,2021-05-03 12:00:00,1.20378,1.20553,1.20553,1.20028,0.409,-17.5,-71.67,-71.67,2,stop_loss,63.31346,0.00117,-2.45036,0.40931,london,2021
EURUSD,-1,2021-05-03 16:00:00,2021-05-03 17:00:00,1.20429,1.20606,1.20606,1.20076,0.4015,-17.7,-70.94,-70.94,1,stop_loss,45.36832,0.00118,-1.63372,0.1246,new_york,2021
EURUSD,-1,2021-05-05 13:00:00,2021-05-05 23:00:00,1.20038,1.20054,1.20196,1.19722,0.4446,-1.6,-7.11,-7.12,10,time_exit,29.59513,0.00105,-2.32501,-1.96271,london,2021
EURUSD,-1,2021-05-06 01:00:00,2021-05-06 10:00:00,1.20069,1.20222,1.20222,1.19764,0.46,-15.3,-70.16,-70.16,9,stop_loss,24.20024,0.00102,-1.30345,-2.47796,,2021
EURUSD,-1,2021-05-06 12:00:00,2021-05-06 15:00:00,1.20395,1.2056,1.2056,1.20065,0.4207,-16.5,-69.47,-69.47,3,stop_loss,23.62984,0.0011,2.15308,-2.20691,london,2021
EURUSD,1,2021-05-06 23:00:00,2021-05-07 09:00:00,1.20637,1.20578,1.20464,1.20983,0.3971,-5.9,-23.43,-23.43,10,time_exit,37.46337,0.00115,2.96274,-1.04279,,2021
EURUSD,1,2021-05-07 20:00:00,2021-05-10 06:00:00,1.21511,1.2155,1.21215,1.22103,0.2314,3.9,9.02,9.02,10,time_exit,47.89623,0.00197,4.37284,0.74925,new_york,2021
EURUSD,1,2021-05-11 07:00:00,2021-05-11 16:00:00,1.21399,1.21788,1.21205,1.21788,0.353,38.9,137.26,137.26,9,take_profit,25.57791,0.0013,0.77806,3.7879,london,2021
EURUSD,1,2021-05-11 19:00:00,2021-05-11 22:00:00,1.21692,1.21468,1.21468,1.22139,0.3131,-22.4,-70.01,-70.01,3,stop_loss,16.12362,0.00149,1.90822,3.44593,new_york,2021
EURUSD,1,2021-05-12 05:00:00,2021-05-12 06:00:00,1.21353,1.2119,1.2119,1.21679,0.4251,-16.3,-69.29,-69.3,1,stop_loss,15.69633,0.00109,-0.7013,4.41932,,2021
EURUSD,1,2021-05-13 01:00:00,2021-05-13 11:00:00,1.2071,1.20623,1.20467,1.21197,0.2819,-8.7,-24.53,-24.53,10,time_exit,37.68884,0.00162,-3.00895,1.37517,,2021
EURUSD,-1,2021-05-13 20:00:00,2021-05-14 06:00:00,1.20797,1.20855,1.21054,1.20284,0.2663,-5.8,-15.45,-15.45,10,time_exit,21.4827,0.00171,-1.02538,0.23038,new_york,2021
EURUSD,1,2021-05-17 15:00:00,2021-05-18 01:00:00,1.21466,1.21531,1.21278,1.21841,0.3634,6.5,23.62,23.62,10,time_exit,31.37146,0.00125,1.8198,1.65224,london,2021
EURUSD,1,2021-05-19 02:00:00,2021-05-19 11:00:00,1.22238,1.22083,1.22083,1.22548,0.4412,-15.5,-68.44,-68.44,9,stop_loss,39.66285,0.00103,4.395,4.87569,,2021
EURUSD,1,2021-05-19 13:00:00,2021-05-19 14:00:00,1.22108,1.21931,1.21931,1.22462,0.3826,-17.7,-67.75,-67.75,1,stop_loss,33.73711,0.00118,1.32117,4.81631,london,2021
EURUSD,1,2021-05-20 13:00:00,2021-05-20 22:00:00,1.21873,1.22272,1.21673,1.22272,0.3358,39.9,134.14,134.14,9,take_profit,20.9371,0.00133,-0.31527,3.14011,london,2021
EURUSD,1,2021-05-21 11:00:00,2021-05-21 14:00:00,1.22166,1.22006,1.22006,1.22487,0.4263,-16.0,-68.42,-68.42,3,stop_loss,33.18807,0.00107,0.58664,4.32925,london,2021
EURUSD,-1,2021-05-26 08:00:00,2021-05-26 14:00:00,1.22597,1.2229,1.2275,1.2229,0.4419,30.7,135.47,135.47,6,take_profit,23.80566,0.00102,2.54414,3.96187,london,2021
EURUSD,1,2021-05-27 16:00:00,2021-05-28 02:00:00,1.21862,1.21928,1.2166,1.22266,0.3419,6.6,22.57,22.56,10,time_exit,28.69477,0.00135,-1.80562,1.03346,new_york,2021
EURUSD,1,2021-05-31 09:00:00,2021-05-31 17:00:00,1.21941,1.22255,1.21784,1.22255,0.4413,31.4,138.62,138.62,8,take_profit,9.99365,0.00105,-0.00646,-0.00727,london,2021
EURUSD,-1,2021-06-01 07:00:00,2021-06-01 17:00:00,1.22302,1.22431,1.22431,1.22045,0.5498,-12.9,-70.7,-70.71,10,stop_loss,24.95103,0.00086,2.43965,1.21974,london,2021
EURUSD,-1,2021-06-01 19:00:00,2021-06-02 05:00:00,1.22406,1.22236,1.22586,1.22046,0.3887,17.0,66.08,66.08,10,time_exit,18.97502,0.0012,1.87535,1.28638,new_york,2021
EURUSD,1,2021-06-02 11:00:00,2021-06-02 12:00:00,1.22005,1.21863,1.21863,1.22288,0.4985,-14.2,-70.66,-70.66,1,stop_loss,14.96051,0.00094,-1.89128,1.37976,london,2021
EURUSD,-1,2021-06-07 18:00:00,2021-06-08 04:00:00,1.21877,1.21873,1.22066,1.21499,0.3703,0.4,1.48,1.48,10,time_exit,26.31588,0.00126,2.06023,-1.56053,new_york,2021
EURUSD,-1,2021-06-08 16:00:00,2021-06-08 17:00:00,1.21758,1.21907,1.21907,1.21459,0.4685,-14.9,-69.97,-69.97,1,stop_loss,18.0322,0.001,0.1639,-0.78611,new_york,2021
EURUSD,-1,2021-06-09 00:00:00,2021-06-09 09:00:00,1.21728,1.2186,1.2186,1.21464,0.5242,-13.2,-69.26,-69.27,9,stop_loss,13.97128,0.00088,-0.2665,-0.72603,,2021
EURUSD,-1,2021-06-09 09:00:00,2021-06-09 11:00:00,1.21779,1.21879,1.21879,1.2158,0.6883,-10.0,-68.58,-68.58,2,stop_loss,13.38129,0.00066,0.28843,-0.80855,london,2021
EURUSD,-1,2021-06-09 17:00:00,2021-06-09 18:00:00,1.2215,1.21896,1.22277,1.21896,0.5341,25.4,135.77,135.77,1,take_profit,26.50725,0.00085,4.0591,-0.17879,new_york,2021
EURUSD,1,2021-06-10 03:00:00,2021-06-10 05:00:00,1.21786,1.2167,1.2167,1.22018,0.5968,-11.6,-69.25,-69.25,2,stop_loss,21.1873,0.00077,-0.21779,-0.21747,,2021
EURUSD,-1,2021-06-11 18:00:00,2021-06-14 04:00:00,1.21093,1.21005,1.21299,1.20682,0.3335,8.8,29.35,29.35,10,time_exit,35.85904,0.00137,-4.26351,-0.69134,new_york,2021
EURUSD,1,2021-06-15 12:00:00,2021-06-15 13:00:00,1.21304,1.21175,1.21175,1.21562,0.5346,-12.9,-68.84,-68.85,1,stop_loss,19.77634,0.00086,0.2706,-3.24083,london,2021
EURUSD,-1,2021-06-15 13:00:00,2021-06-15 23:00:00,1.21234,1.21255,1.21365,1.20973,0.5222,-2.1,-10.97,-10.97,10,time_exit,19.51971,0.00087,-0.54958,-3.18279,london,2021
EURUSD,1,2021-06-16 05:00:00,2021-06-16 15:00:00,1.21222,1.21186,1.21108,1.21449,0.5991,-3.6,-21.57,-21.57,10,time_exit,9.66543,0.00076,-0.48842,-3.33387,,2021
EURUSD,1,2021-06-16 16:00:00,2021-06-16 21:00:00,1.21187,1.2106,1.2106,1.21441,0.5345,-12.7,-67.83,-67.83,5,stop_loss,12.72639,0.00085,-0.79667,-2.72309,new_york,2021
EURUSD,-1,2021-06-16 23:00:00,2021-06-17 09:00:00,1.20046,1.1987,1.20301,1.19537,0.2637,17.6,46.41,46.41,10,time_exit,24.13402,0.0017,-6.50373,-1.70137,,2021
EURUSD,-1,2021-06-17 17:00:00,2021-06-18 03:00:00,1.193,1.19075,1.19567,1.18766,0.2532,22.5,56.97,56.97,10,time_exit,59.93694,0.00178,-6.18301,-4.25379,new_york,2021
EURUSD,-1,2021-06-18 14:00:00,2021-06-18 15:00:00,1.19158,1.18702,1.19386,1.18702,0.2991,45.6,136.36,136.36,1,take_profit,48.41473,0.00152,-3.38291,-7.24529,london,2021
EURUSD,1,2021-06-18 17:00:00,2021-06-21 03:00:00,1.18671,1.18726,1.18406,1.192,0.2629,5.5,14.46,14.46,10,time_exit,48.98286,0.00176,-5.15776,-6.43444,new_york,2021
EURUSD,1,2021-06-21 04:00:00,2021-06-21 06:00:00,1.18724,1.185,1.185,1.19171,0.3118,-22.4,-69.7,-69.7,2,stop_loss,51.23696,0.00149,-3.62863,-8.3207,,2021
EURUSD,-1,2021-06-22 21:00:00,2021-06-23 07:00:00,1.19349,1.19193,1.19556,1.18935,0.3334,15.6,52.01,52.01,10,time_exit,20.12862,0.00138,1.9506,-6.684,new_york,2021
EURUSD,1,2021-06-23 09:00:00,2021-06-23 16:00:00,1.19266,1.19575,1.19112,1.19575,0.4505,30.9,139.04,139.04,7,take_profit,19.76334,0.00103,0.96677,-7.35798,london,2021
EURUSD,-1,2021-06-24 01:00:00,2021-06-24 11:00:00,1.19278,1.19253,1.19451,1.18933,0.4106,2.5,10.26,10.26,10,time_exit,17.58518,0.00115,0.07196,-5.00038,,2021
EURUSD,-1,2021-06-28 00:00:00,2021-06-28 10:00:00,1.19338,1.19419,1.195,1.19013,0.4375,-8.1,-35.44,-35.44,10,time_exit,16.92287,0.00108,-0.09034,-2.73811,,2021
EURUSD,-1,2021-06-28 12:00:00,2021-06-28 14:00:00,1.19414,1.1911,1.19566,1.1911,0.465,30.4,141.32,141.32,2,take_profit,13.98185,0.00101,0.57629,-2.71357,london,2021
EURUSD,-1,2021-06-28 14:00:00,2021-06-28 15:00:00,1.19386,1.19087,1.19536,1.19087,0.4821,29.9,144.15,144.15,1,take_profit,14.23869,0.001,0.29595,-2.68952,london,2021
EURUSD,1,2021-06-29 06:00:00,2021-06-29 13:00:00,1.19141,1.18995,1.18995,1.19432,0.5046,-14.6,-73.51,-73.51,7,stop_loss,13.17362,0.00097,-1.59755,-2.78102,,2021
EURUSD,1,2021-06-29 17:00:00,2021-06-30 03:00:00,1.18915,1.19002,1.18734,1.19276,0.4028,8.7,35.04,35.04,10,time_exit,23.9011,0.0012,-2.40468,-2.56051,new_york,2021
EURUSD,-1,2021-06-30 12:00:00,2021-06-30 17:00:00,1.18862,1.18558,1.19014,1.18558,0.4814,30.4,146.26,146.26,5,take_profit,13.02198,0.00101,-2.28642,-3.25507,london,2021
EURUSD,1,2021-07-01 10:00:00,2021-07-01 11:00:00,1.18547,1.18402,1.18402,1.18837,0.5149,-14.5,-74.59,-74.6,1,stop_loss,38.93203,0.00097,-2.51391,-4.85624,london,2021
EURUSD,1,2021-07-02 04:00:00,2021-07-02 10:00:00,1.18429,1.18279,1.18279,1.18728,0.4936,-15.0,-73.84,-73.84,6,stop_loss,23.23062,0.001,-2.31377,-4.8298,,2021
EURUSD,-1,2021-07-07 00:00:00,2021-07-07 10:00:00,1.18234,1.18255,1.18402,1.17898,0.4349,-2.1,-9.13,-9.13,10,time_exit,28.16048,0.00112,-2.38925,-2.99345,,2021
EURUSD,-1,2021-07-07 17:00:00,2021-07-08 03:00:00,1.1805,1.1791,1.18231,1.17687,0.4028,14.0,56.39,56.39,10,time_exit,22.35444,0.00121,-2.56922,-3.13881,new_york,2021
EURUSD,1,2021-07-08 14:00:00,2021-07-09 00:00:00,1.18406,1.18446,1.18224,1.18769,0.4053,4.0,16.21,16.21,10,time_exit,23.55642,0.00121,1.84319,-3.49767,london,2021
EURUSD,1,2021-07-12 19:00:00,2021-07-13 05:00:00,1.18577,1.18734,1.18388,1.18955,0.3902,15.7,61.26,61.26,10,time_exit,21.4738,0.00126,0.2143,-0.32772,new_york,2021
EURUSD,-1,2021-07-14 02:00:00,2021-07-14 11:00:00,1.17782,1.17977,1.17977,1.17391,0.3807,-19.5,-74.36,-74.36,9,stop_loss,46.23535,0.0013,-4.22164,-1.43435,,2021
EURUSD,1,2021-07-15 09:00:00,2021-07-15 10:00:00,1.1842,1.18283,1.18283,1.18693,0.5385,-13.7,-73.61,-73.61,1,stop_loss,27.54688,0.00091,2.07655,-2.06741,london,2021
EURUSD,-1,2021-07-16 21:00:00,2021-07-19 07:00:00,1.18113,1.18064,1.18277,1.17785,0.4445,4.9,21.78,21.78,10,time_exit,24.05673,0.00109,-0.21059,-1.77593,new_york,2021
EURUSD,-1,2021-07-20 21:00:00,2021-07-21 07:00:00,1.1779,1.17723,1.17991,1.17387,0.3629,6.7,24.31,24.31,10,time_exit,14.37849,0.00134,-0.9472,-1.88769,new_york,2021
EURUSD,1,2021-07-21 22:00:00,2021-07-22 08:00:00,1.18,1.1793,1.17828,1.18345,0.4254,-7.0,-29.78,-29.78,10,time_exit,17.20926,0.00115,1.33961,-2.0946,,2021
EURUSD,1,2021-07-22 10:00:00,2021-07-22 11:00:00,1.17948,1.17814,1.17814,1.18217,0.5432,-13.4,-73.03,-73.03,1,stop_loss,15.2461,0.0009,0.73129,-2.09704,london,2021
EURUSD,-1,2021-07-22 19:00:00,2021-07-23 05:00:00,1.17672,1.17743,1.17918,1.1718,0.2941,-7.1,-20.88,-20.88,10,time_exit,14.11678,0.00164,-1.39002,-0.98208,new_york,2021
EURUSD,-1,2021-07-23 07:00:00,2021-07-23 11:00:00,1.17698,1.17863,1.17863,1.17369,0.4379,-16.5,-72.09,-72.09,4,stop_loss,8.35893,0.0011,-1.18448,-1.75202,london,2021
EURUSD,-1,2021-07-23 21:00:00,2021-07-26 07:00:00,1.17703,1.17786,1.17872,1.17364,0.4211,-8.3,-34.95,-34.95,10,time_exit,6.7261,0.00113,-0.54534,-1.87153,new_york,2021
EURUSD,1,2021-07-26 10:00:00,2021-07-26 12:00:00,1.17721,1.17978,1.17593,1.17978,0.5537,25.7,142.06,142.05,2,take_profit,7.64189,0.00086,-0.36967,-2.25758,london,2021
EURUSD,1,2021-07-26 18:00:00,2021-07-27 04:00:00,1.18078,1.18033,1.17887,1.1846,0.3797,-4.5,-17.09,-17.09,10,time_exit,16.92665,0.00127,2.15997,-1.11198,new_york,2021
EURUSD,1,2021-07-27 07:00:00,2021-07-27 09:00:00,1.18056,1.17925,1.17925,1.18319,0.5503,-13.1,-72.28,-72.28,2,stop_loss,20.33268,0.00088,1.69597,-0.61176,london,2021
EURUSD,-1,2021-07-28 16:00:00,2021-07-28 20:00:00,1.17988,1.1817,1.1817,1.17624,0.3932,-18.2,-71.55,-71.55,4,stop_loss,14.95004,0.00121,-0.68852,0.55094,new_york,2021
EURUSD,-1,2021-08-02 16:00:00,2021-08-03 02:00:00,1.18736,1.1874,1.18911,1.18387,0.4057,-0.4,-1.62,-1.62,10,time_exit,17.988,0.00116,0.13768,3.00451,new_york,2021
EURUSD,-1,2021-08-03 03:00:00,2021-08-03 13:00:00,1.18741,1.18877,1.18877,1.18469,0.5214,-13.6,-70.82,-70.83,10,stop_loss,16.71368,0.00091,0.20705,3.50009,,2021
EURUSD,1,2021-08-03 15:00:00,2021-08-03 16:00:00,1.18927,1.18793,1.18793,1.19195,0.5239,-13.4,-70.12,-70.12,1,stop_loss,16.38421,0.00089,1.96727,3.38869,london,2021
EURUSD,-1,2021-08-04 04:00:00,2021-08-04 06:00:00,1.1862,1.1875,1.1875,1.18361,0.5359,-13.0,-69.41,-69.41,2,stop_loss,17.09628,0.00086,-1.09414,2.78074,,2021
EURUSD,-1,2021-08-04 07:00:00,2021-08-04 11:00:00,1.18735,1.1849,1.18858,1.1849,0.5602,24.5,137.44,137.44,4,take_profit,15.86487,0.00082,0.23588,2.86052,london,2021
EURUSD,1,2021-08-04 19:00:00,2021-08-05 05:00:00,1.18422,1.1836,1.182,1.18866,0.3159,-6.2,-19.59,-19.59,10,time_exit,20.08439,0.00148,-1.83194,1.29067,new_york,2021
EURUSD,-1,2021-08-06 17:00:00,2021-08-09 03:00:00,1.1774,1.17508,1.17905,1.17411,0.4246,23.2,98.51,98.51,10,time_exit,36.17673,0.0011,-5.21427,-1.01132,new_york,2021
EURUSD,1,2021-08-09 04:00:00,2021-08-09 14:00:00,1.1751,1.17628,1.1736,1.17809,0.4738,11.8,55.91,55.91,10,time_exit,53.55726,0.001,-5.40149,-2.88392,,2021
EURUSD,-1,2021-08-10 05:00:00,2021-08-10 15:00:00,1.17328,1.17162,1.17447,1.17091,0.6016,16.6,99.87,99.86,10,time_exit,39.88213,0.00079,-4.46257,-5.88568,,2021
EURUSD,1,2021-08-11 04:00:00,2021-08-11 14:00:00,1.1713,1.17156,1.17028,1.17333,0.7125,2.6,18.52,18.52,10,time_exit,43.3954,0.00068,-4.14202,-8.12883,,2021
EURUSD,-1,2021-08-11 19:00:00,2021-08-11 20:00:00,1.17366,1.17519,1.17519,1.1706,0.4744,-15.3,-72.62,-72.62,1,stop_loss,38.53865,0.00102,0.39962,-5.20165,new_york,2021
EURUSD,1,2021-08-11 21:00:00,2021-08-12 07:00:00,1.17474,1.17398,1.17317,1.17788,0.4585,-7.6,-34.85,-34.85,10,time_exit,39.84864,0.00105,1.28336,-4.89503,new_york,2021
EURUSD,1,2021-08-12 19:00:00,2021-08-13 05:00:00,1.1735,1.17408,1.17214,1.17623,0.5248,5.8,30.44,30.44,10,time_exit,25.07056,0.00091,-0.18633,-4.32237,new_york,2021
EURUSD,-1,2021-08-16 10:00:00,2021-08-16 20:00:00,1.17856,1.17772,1.17963,1.17643,0.6745,8.4,56.66,56.66,10,time_exit,43.20226,0.00071,2.63915,-0.88252,london,2021
EURUSD,1,2021-08-18 00:00:00,2021-08-18 10:00:00,1.17099,1.1724,1.1695,1.17397,0.4862,14.1,68.55,68.55,10,time_exit,36.59405,0.00099,-4.72368,-1.36356,,2021
EURUSD,-1,2021-08-19 04:00:00,2021-08-19 14:00:00,1.16875,1.16994,1.1705,1.16525,0.4183,-11.9,-49.78,-49.78,10,time_exit,26.52545,0.00117,-3.24691,-2.54484,,2021
EURUSD,1,2021-08-20 06:00:00,2021-08-20 15:00:00,1.16796,1.16665,1.16665,1.17058,0.5539,-13.1,-72.6,-72.61,9,stop_loss,21.34857,0.00087,-2.08096,-4.64839,,2021
EURUSD,1,2021-08-20 23:00:00,2021-08-23 09:00:00,1.17021,1.17136,1.16867,1.17329,0.4668,11.5,53.68,53.68,10,time_exit,20.71607,0.00103,1.02684,-3.73319,,2021
EURUSD,-1,2021-08-23 22:00:00,2021-08-24 08:00:00,1.17483,1.17411,1.17644,1.17161,0.4495,7.2,32.36,32.36,10,time_exit,36.61574,0.00107,3.43973,-1.57395,,2021
EURUSD,-1,2021-08-25 09:00:00,2021-08-25 11:00:00,1.17426,1.17544,1.17544,1.17189,0.6151,-11.8,-72.74,-72.75,2,stop_loss,25.22546,0.00079,0.79698,0.44483,london,2021
EURUSD,1,2021-08-26 03:00:00,2021-08-26 09:00:00,1.17717,1.17586,1.17586,1.17979,0.5501,-13.1,-72.01,-72.02,6,stop_loss,20.2639,0.00087,2.79539,1.21847,,2021
EURUSD,-1,2021-08-26 19:00:00,2021-08-27 05:00:00,1.17622,1.17526,1.17788,1.1729,0.4294,9.6,41.22,41.22,10,time_exit,13.76116,0.00111,0.65441,1.27726,new_york,2021
EURUSD,1,2021-08-30 09:00:00,2021-08-30 15:00:00,1.17996,1.17863,1.17863,1.18262,0.5397,-13.3,-71.71,-71.71,6,stop_loss,19.71538,0.00089,2.57106,2.78857,london,2021
EURUSD,-1,2021-08-30 19:00:00,2021-08-31 05:00:00,1.17948,1.18079,1.18105,1.17633,0.4508,-13.1,-59.05,-59.06,10,time_exit,14.01371,0.00105,1.10242,2.56731,new_york,2021
EURUSD,1,2021-09-01 18:00:00,2021-09-02 04:00:00,1.18543,1.18393,1.18367,1.18894,0.4008,-15.0,-60.12,-60.12,10,time_exit,23.50291,0.00117,3.74078,2.8006,new_york,2021
EURUSD,-1,2021-09-02 15:00:00,2021-09-02 16:00:00,1.18472,1.1859,1.1859,1.18235,0.59,-11.8,-69.79,-69.79,1,stop_loss,35.62608,0.00079,2.20304,4.99573,london,2021
EURUSD,1,2021-09-06 20:00:00,2021-09-07 06:00:00,1.18713,1.18786,1.1859,1.18958,0.5632,7.3,41.11,41.11,10,time_exit,20.55465,0.00082,0.45398,5.2446,new_york,2021
EURUSD,1,2021-09-07 10:00:00,2021-09-07 11:00:00,1.18713,1.18619,1.18619,1.18901,0.7385,-9.4,-69.51,-69.51,1,stop_loss,17.44122,0.00063,0.16203,6.25857,london,2021
EURUSD,1,2021-09-08 10:00:00,2021-09-08 11:00:00,1.18335,1.1822,1.1822,1.18566,0.5965,-11.5,-68.82,-68.82,1,stop_loss,25.36654,0.00077,-2.97982,2.78527,london,2021
EURUSD,1,2021-09-08 15:00:00,2021-09-08 16:00:00,1.18225,1.18088,1.18088,1.18498,0.4982,-13.7,-68.13,-68.13,1,stop_loss,29.68334,0.00091,-3.01288,1.72533,london,2021
EURUSD,-1,2021-09-09 04:00:00,2021-09-09 10:00:00,1.18144,1.18262,1.18262,1.17909,0.5734,-11.8,-67.45,-67.45,6,stop_loss,29.87954,0.00078,-2.91694,0.6104,,2021
EURUSD,-1,2021-09-10 13:00:00,2021-09-10 23:00:00,1.18359,1.18104,1.18492,1.18092,0.5006,25.5,127.65,127.65,10,time_exit,13.50675,0.00089,0.56978,-0.01372,london,2021
EURUSD,-1,2021-09-13 16:00:00,2021-09-13 17:00:00,1.17826,1.17965,1.17965,1.17549,0.4908,-13.9,-68.05,-68.05,1,stop_loss,35.45571,0.00092,-3.12429,-1.46114,new_york,2021
EURUSD,-1,2021-09-14 01:00:00,2021-09-14 10:00:00,1.18111,1.18239,1.18239,1.17854,0.5251,-12.8,-67.37,-67.38,9,stop_loss,21.41602,0.00086,0.13133,-1.55066,,2021
EURUSD,-1,2021-09-14 20:00:00,2021-09-15 06:00:00,1.1822,1.18062,1.18389,1.17882,0.3943,15.8,62.3,62.3,10,time_exit,16.75183,0.00113,0.68586,-0.71008,new_york,2021
EURUSD,-1,2021-09-21 07:00:00,2021-09-21 14:00:00,1.17321,1.17445,1.17445,1.17072,0.5413,-12.4,-67.31,-67.32,7,stop_loss,22.42494,0.00083,-0.54577,-5.18232,london,2021
EURUSD,1,2021-09-21 18:00:00,2021-09-22 04:00:00,1.17245,1.1728,1.17095,1.17545,0.4441,3.5,15.54,15.54,10,time_exit,16.16185,0.001,-1.10171,-3.91823,new_york,2021
EURUSD,1,2021-09-22 11:00:00,2021-09-22 21:00:00,1.17286,1.17159,1.17159,1.1754,0.525,-12.7,-66.8,-66.81,10,stop_loss_ambiguous,19.05774,0.00085,-0.19718,-4.31406,london,2021
EURUSD,-1,2021-09-27 19:00:00,2021-09-28 05:00:00,1.17015,1.16934,1.17188,1.16669,0.3821,8.1,30.95,30.95,10,time_exit,32.49483,0.00115,-1.27049,-2.13544,new_york,2021
EURUSD,1,2021-09-28 05:00:00,2021-09-28 09:00:00,1.16878,1.16753,1.16753,1.17128,0.5309,-12.5,-66.44,-66.44,4,stop_loss,33.0995,0.00083,-2.60787,-3.24826,,2021
EURUSD,-1,2021-10-01 04:00:00,2021-10-01 09:00:00,1.15657,1.15846,1.15846,1.15279,0.3477,-18.9,-65.78,-65.78,5,stop_loss,46.36844,0.00126,-3.59549,-5.54253,,2021
EURUSD,1,2021-10-01 10:00:00,2021-10-01 20:00:00,1.15875,1.15998,1.15709,1.16206,0.3929,12.3,48.33,48.32,10,time_exit,42.16245,0.0011,-1.49798,-6.4055,london,2021
EURUSD,1,2021-10-06 02:00:00,2021-10-06 07:00:00,1.15987,1.1585,1.1585,1.16262,0.4773,-13.7,-65.61,-65.61,5,stop_loss,17.6975,0.00092,-0.56317,-4.13241,,2021
EURUSD,1,2021-10-06 11:00:00,2021-10-06 12:00:00,1.15564,1.15423,1.15423,1.15846,0.4598,-14.1,-64.94,-64.94,1,stop_loss,25.59398,0.00094,-4.41305,-4.1241,london,2021
EURUSD,-1,2021-10-06 16:00:00,2021-10-07 02:00:00,1.15452,1.15552,1.15599,1.15157,0.4364,-10.0,-43.64,-43.64,10,time_exit,38.98693,0.00098,-4.33584,-4.50286,new_york,2021
EURUSD,-1,2021-10-08 09:00:00,2021-10-08 11:00:00,1.15422,1.15539,1.15539,1.15188,0.5466,-11.7,-63.86,-63.86,2,stop_loss,15.04934,0.00078,-2.51017,-5.73048,london,2021
EURUSD,-1,2021-10-11 10:00:00,2021-10-11 12:00:00,1.15828,1.15571,1.15956,1.15571,0.4927,25.7,126.46,126.45,2,take_profit,24.50865,0.00086,1.88779,-3.63558,london,2021
EURUSD,-1,2021-10-12 01:00:00,2021-10-12 09:00:00,1.15546,1.15686,1.15686,1.15266,0.46,-14.0,-64.48,-64.49,8,stop_loss,16.76976,0.00093,-1.15252,-3.00623,,2021
EURUSD,-1,2021-10-13 15:00:00,2021-10-13 18:00:00,1.15644,1.15769,1.15769,1.15393,0.5097,-12.5,-63.84,-63.84,3,stop_loss,24.40067,0.00084,1.46744,-3.20964,london,2021
EURUSD,-1,2021-10-14 09:00:00,2021-10-14 10:00:00,1.15893,1.16024,1.16024,1.1563,0.4815,-13.1,-63.21,-63.21,1,stop_loss,22.74899,0.00088,2.15481,-1.11099,london,2021
EURUSD,1,2021-10-14 12:00:00,2021-10-14 15:00:00,1.16162,1.16021,1.16021,1.16443,0.4447,-14.1,-62.57,-62.58,3,stop_loss,25.25188,0.00094,4.41504,-0.66354,london,2021
EURUSD,1,2021-10-15 16:00:00,2021-10-18 02:00:00,1.15924,1.15966,1.15781,1.16211,0.4322,4.2,18.15,18.15,10,time_exit,19.07557,0.00096,-0.08554,0.73053,new_york,2021
EURUSD,-1,2021-10-18 05:00:00,2021-10-18 15:00:00,1.15906,1.16052,1.16052,1.15615,0.4265,-14.6,-62.13,-62.13,10,stop_loss,13.77128,0.00097,-0.4007,0.74128,,2021
EURUSD,1,2021-10-19 16:00:00,2021-10-19 19:00:00,1.16459,1.16304,1.16304,1.16769,0.3967,-15.5,-61.51,-61.51,3,stop_loss,43.95967,0.00103,2.5485,2.18136,new_york,2021
EURUSD,-1,2021-10-21 02:00:00,2021-10-21 06:00:00,1.16523,1.16665,1.16665,1.16238,0.4279,-14.2,-60.88,-60.89,4,stop_loss,21.43313,0.00095,1.65124,2.83464,,2021
EURUSD,-1,2021-10-21 09:00:00,2021-10-21 19:00:00,1.16521,1.1636,1.1665,1.16262,0.4655,16.1,74.95,74.94,10,time_exit,22.48709,0.00086,1.22195,3.33213,london,2021
EURUSD,-1,2021-10-22 01:00:00,2021-10-22 09:00:00,1.16251,1.1638,1.1638,1.15993,0.4734,-12.9,-61.04,-61.04,8,stop_loss,28.04358,0.00086,-1.5603,2.59931,,2021
EURUSD,-1,2021-10-22 18:00:00,2021-10-25 04:00:00,1.16457,1.16428,1.16592,1.16187,0.4469,2.9,12.96,12.96,10,time_exit,19.86021,0.0009,1.02164,1.96165,new_york,2021
EURUSD,-1,2021-10-26 19:00:00,2021-10-27 05:00:00,1.15902,1.15988,1.16069,1.15569,0.3634,-8.6,-31.25,-31.25,10,time_exit,31.99102,0.00111,-2.46409,-0.16579,new_york,2021
EURUSD,1,2021-10-28 00:00:00,2021-10-28 10:00:00,1.16028,1.16086,1.1587,1.16345,0.3803,5.8,22.06,22.06,10,time_exit,14.32766,0.00106,-0.40422,-0.73594,,2021
EURUSD,1,2021-11-01 19:00:00,2021-11-02 05:00:00,1.15914,1.16001,1.1573,1.16282,0.3283,8.7,28.56,28.56,10,time_exit,31.6811,0.00123,-0.08569,-1.49794,new_york,2021
EURUSD,-1,2021-11-03 02:00:00,2021-11-03 12:00:00,1.15791,1.15936,1.15936,1.15502,0.4201,-14.5,-60.74,-60.74,10,stop_loss,20.83485,0.00096,-1.40994,-1.44797,,2021
EURUSD,-1,2021-11-03 15:00:00,2021-11-03 21:00:00,1.15875,1.16005,1.16005,1.15615,0.4619,-13.0,-60.13,-60.13,6,stop_loss,15.4504,0.00087,-0.24657,-1.66135,london,2021
EURUSD,-1,2021-11-04 22:00:00,2021-11-05 08:00:00,1.15526,1.15532,1.15709,1.15159,0.3245,-0.6,-1.95,-1.95,10,time_exit,31.17359,0.00122,-2.0423,-1.58956,,2021
EURUSD,1,2021-11-05 11:00:00,2021-11-05 12:00:00,1.15604,1.15467,1.15467,1.15879,0.4334,-13.7,-59.52,-59.52,1,stop_loss,26.19256,0.00092,-0.77581,-2.6185,london,2021
EURUSD,-1,2021-11-05 15:00:00,2021-11-05 18:00:00,1.15336,1.15479,1.15479,1.1505,0.4122,-14.3,-58.93,-58.93,3,stop_loss,26.98598,0.00095,-3.14398,-2.72912,london,2021
EURUSD,1,2021-11-05 19:00:00,2021-11-08 05:00:00,1.15523,1.15579,1.15327,1.15915,0.2979,5.6,16.68,16.68,10,time_exit,29.9097,0.00131,-0.46544,-2.19907,new_york,2021
EURUSD,1,2021-11-08 07:00:00,2021-11-08 17:00:00,1.15612,1.1594,1.15448,1.1594,0.3565,32.8,117.0,117.0,10,take_profit,15.1192,0.00109,0.17799,-2.27157,london,2021
EURUSD,-1,2021-11-10 06:00:00,2021-11-10 13:00:00,1.15843,1.15568,1.15981,1.15568,0.4335,27.5,119.33,119.33,7,take_profit,8.24792,0.00092,0.05705,-0.12456,,2021
EURUSD,1,2021-11-12 03:00:00,2021-11-12 13:00:00,1.1441,1.14499,1.14247,1.14736,0.3733,8.9,33.22,33.22,10,time_exit,49.6395,0.00109,-4.83751,-5.20548,,2021
EURUSD,1,2021-11-12 13:00:00,2021-11-12 23:00:00,1.14418,1.14438,1.14266,1.14721,0.4035,2.0,8.07,8.07,10,time_exit,40.49957,0.00101,-3.53353,-6.21143,london,2021
EURUSD,1,2021-11-15 07:00:00,2021-11-15 10:00:00,1.14556,1.14426,1.14426,1.14817,0.4701,-13.0,-61.27,-61.27,3,stop_loss,21.22782,0.00087,-0.80343,-7.18656,london,2021
EURUSD,-1,2021-11-16 00:00:00,2021-11-16 10:00:00,1.13674,1.1375,1.13879,1.13263,0.2954,-7.6,-22.45,-22.45,10,time_exit,37.69133,0.00137,-5.38167,-4.99361,,2021
EURUSD,1,2021-11-16 21:00:00,2021-11-17 05:00:00,1.13273,1.13058,1.13058,1.13703,0.2814,-21.5,-60.44,-60.44,8,stop_loss,54.22193,0.00143,-4.72951,-6.03191,new_york,2021
EURUSD,1,2021-11-19 07:00:00,2021-11-19 10:00:00,1.1352,1.13383,1.13383,1.13795,0.4354,-13.7,-59.83,-59.83,3,stop_loss,19.9365,0.00092,0.47791,-7.49022,london,2021
EURUSD,1,2021-11-22 01:00:00,2021-11-22 09:00:00,1.1285,1.12609,1.12609,1.13332,0.2459,-24.1,-59.22,-59.23,8,stop_loss,39.38295,0.00161,-2.43946,-4.59517,,2021
EURUSD,-1,2021-11-22 14:00:00,2021-11-23 00:00:00,1.12767,1.12377,1.13002,1.12297,0.2494,39.0,97.27,97.26,10,time_exit,42.3227,0.00157,-1.71929,-5.03472,london,2021
EURUSD,1,2021-11-24 10:00:00,2021-11-24 11:00:00,1.12456,1.12307,1.12307,1.12753,0.4011,-14.9,-59.62,-59.62,1,stop_loss,15.07677,0.00099,-1.07501,-7.88437,london,2021
EURUSD,1,2021-11-24 15:00:00,2021-11-24 16:00:00,1.12076,1.11878,1.11878,1.12472,0.2982,-19.8,-59.02,-59.02,1,stop_loss,24.71036,0.00132,-3.07465,-6.06972,london,2021
EURUSD,-1,2021-11-25 07:00:00,2021-11-25 14:00:00,1.12143,1.12296,1.12296,1.11838,0.3829,-15.3,-58.43,-58.43,7,stop_loss,30.11032,0.00102,-1.31031,-8.09946,london,2021
EURUSD,1,2021-11-26 00:00:00,2021-11-26 08:00:00,1.12058,1.12299,1.11937,1.12299,0.4799,24.1,115.68,115.67,8,take_profit,15.22103,0.0008,-1.51434,-9.23789,,2021
EURUSD,-1,2021-11-30 13:00:00,2021-11-30 17:00:00,1.13623,1.13204,1.13833,1.13204,0.2816,41.9,118.0,118.0,4,take_profit,34.8038,0.0014,5.26922,-0.10193,london,2021
EURUSD,-1,2021-11-30 21:00:00,2021-12-01 07:00:00,1.13104,1.13368,1.13486,1.1234,0.1575,-26.4,-41.58,-41.58,10,time_exit,33.72318,0.00255,0.46031,0.22259,new_york,2021
EURUSD,1,2021-12-01 22:00:00,2021-12-02 08:00:00,1.13176,1.13218,1.12896,1.13736,0.2133,4.2,8.96,8.96,10,time_exit,12.953,0.00187,-0.00838,0.88854,,2021
EURUSD,1,2021-12-02 16:00:00,2021-12-02 17:00:00,1.1344,1.13247,1.13247,1.13827,0.3094,-19.3,-59.86,-59.86,1,stop_loss,9.7921,0.00129,-0.11239,1.18942,new_york,2021
EURUSD,1,2021-12-02 21:00:00,2021-12-03 07:00:00,1.13038,1.12992,1.12821,1.13472,0.273,-4.6,-12.56,-12.56,10,time_exit,10.58162,0.00145,-0.95895,0.95766,new_york,2021
EURUSD,-1,2021-12-08 01:00:00,2021-12-08 04:00:00,1.12681,1.12856,1.12856,1.1233,0.3371,-17.5,-59.13,-59.13,3,stop_loss,24.48356,0.00117,-0.74641,-1.39645,,2021
EURUSD,-1,2021-12-08 20:00:00,2021-12-09 06:00:00,1.13485,1.13361,1.13729,1.12996,0.2395,12.4,29.7,29.7,10,time_exit,30.38845,0.00163,3.65464,-0.29333,new_york,2021
EURUSD,-1,2021-12-13 01:00:00,2021-12-13 11:00:00,1.13108,1.12724,1.133,1.12724,0.3064,38.4,117.67,117.67,10,take_profit,29.07719,0.00128,0.70834,0.17402,,2021
EURUSD,1,2021-12-14 13:00:00,2021-12-14 16:00:00,1.13156,1.12983,1.12983,1.13503,0.346,-17.3,-60.01,-60.01,3,stop_loss,18.56211,0.00116,2.25333,-0.50237,london,2021
EURUSD,-1,2021-12-16 08:00:00,2021-12-16 09:00:00,1.12857,1.13031,1.13031,1.12509,0.3412,-17.4,-59.41,-59.41,1,stop_loss,16.44396,0.00116,0.66338,-0.85827,london,2021
EURUSD,-1,2021-12-16 09:00:00,2021-12-16 10:00:00,1.12917,1.13089,1.13089,1.12574,0.3425,-17.2,-58.82,-58.82,1,stop_loss,15.91721,0.00114,1.14962,-0.82641,london,2021
EURUSD,1,2021-12-20 19:00:00,2021-12-20 21:00:00,1.12964,1.12751,1.12751,1.13391,0.2729,-21.3,-58.23,-58.24,2,stop_loss,25.37477,0.00142,1.07142,-0.5892,new_york,2021
EURUSD,-1,2021-12-21 06:00:00,2021-12-21 10:00:00,1.12825,1.12981,1.12981,1.12512,0.3689,-15.6,-57.64,-57.64,4,stop_loss,14.86369,0.00104,0.16582,-0.75265,,2021
EURUSD,-1,2021-12-21 15:00:00,2021-12-21 17:00:00,1.12945,1.12614,1.13111,1.12614,0.3446,33.1,114.13,114.13,2,take_profit,15.34531,0.0011,1.02499,-0.49026,london,2021
EURUSD,1,2021-12-21 23:00:00,2021-12-22 08:00:00,1.12827,1.12657,1.12657,1.13168,0.3418,-17.0,-58.21,-58.21,9,stop_loss,15.04144,0.00114,0.14185,-0.57247,,2021
EURUSD,1,2021-12-23 01:00:00,2021-12-23 11:00:00,1.13235,1.13207,1.13059,1.13586,0.3284,-2.8,-9.2,-9.2,10,time_exit,34.71263,0.00117,2.38864,0.48595,,2021
EURUSD,-1,2021-12-23 22:00:00,2021-12-24 08:00:00,1.13341,1.13297,1.13526,1.12972,0.3114,4.4,13.7,13.7,10,time_exit,22.36887,0.00123,1.756,1.26545,,2021
EURUSD,-1,2021-12-27 04:00:00,2021-12-27 10:00:00,1.13184,1.13336,1.13336,1.12881,0.3804,-15.2,-57.67,-57.67,6,stop_loss,16.33773,0.00101,-0.18171,1.64986,,2021
EURUSD,-1,2021-12-27 12:00:00,2021-12-27 16:00:00,1.13086,1.13238,1.13238,1.12782,0.3757,-15.2,-57.1,-57.1,4,stop_loss,13.02784,0.00101,-1.08169,1.46969,london,2021
EURUSD,-1,2021-12-29 02:00:00,2021-12-29 11:00:00,1.13132,1.12804,1.13296,1.12804,0.3448,32.8,113.05,113.05,9,take_profit,20.83988,0.00109,-0.45585,0.79247,,2021
EURUSD,-1,2021-12-29 14:00:00,2021-12-29 15:00:00,1.1301,1.13175,1.13175,1.1268,0.3497,-16.5,-57.66,-57.66,1,stop_loss,31.45141,0.0011,-0.84472,0.19921,london,2021
EURUSD,1,2021-12-29 18:00:00,2021-12-30 04:00:00,1.13493,1.1345,1.13275,1.13929,0.262,-4.3,-11.27,-11.27,10,time_exit,29.91633,0.00145,2.4912,0.28461,new_york,2021
EURUSD,1,2021-12-31 06:00:00,2021-12-31 16:00:00,1.1316,1.13438,1.12971,1.13537,0.3019,27.8,83.93,83.93,10,time_exit,9.68105,0.00126,-0.50133,0.61682,,2021
EURUSD,1,2022-01-03 11:00:00,2022-01-03 16:00:00,1.13464,1.13253,1.13253,1.13885,0.2745,-21.1,-57.82,-57.82,5,stop_loss,15.38765,0.0014,0.65014,1.16702,london,2022
EURUSD,1,2022-01-04 03:00:00,2022-01-04 09:00:00,1.13057,1.12869,1.12869,1.13433,0.3047,-18.8,-57.22,-57.23,6,stop_loss,21.75162,0.00125,-1.54257,0.39508,,2022
EURUSD,-1,2022-01-05 01:00:00,2022-01-05 10:00:00,1.12822,1.13027,1.13027,1.12412,0.2763,-20.5,-56.65,-56.65,9,stop_loss,15.10516,0.00137,-1.6058,-0.70065,,2022
EURUSD,1,2022-01-05 18:00:00,2022-01-05 21:00:00,1.1337,1.13172,1.13172,1.13765,0.2839,-19.8,-56.09,-56.09,3,stop_loss,26.97527,0.00132,2.40761,-0.54675,new_york,2022
EURUSD,-1,2022-01-06 15:00:00,2022-01-07 01:00:00,1.13134,1.1295,1.1334,1.12723,0.2701,18.4,49.7,49.7,10,time_exit,14.82699,0.00137,0.32892,-0.28198,london,2022
EURUSD,1,2022-01-07 10:00:00,2022-01-07 17:00:00,1.13055,1.13358,1.12903,1.13358,0.3697,30.3,112.07,112.06,7,take_profit,7.03415,0.00101,0.17415,-0.65611,london,2022
EURUSD,1,2022-01-07 22:00:00,2022-01-10 04:00:00,1.13628,1.13434,1.13434,1.14017,0.2939,-19.4,-57.16,-57.16,6,stop_loss,25.37649,0.0013,3.72688,0.14843,,2022
EURUSD,1,2022-01-10 11:00:00,2022-01-10 14:00:00,1.13359,1.13205,1.13205,1.13667,0.3677,-15.4,-56.57,-56.58,3,stop_loss,23.03847,0.00103,0.94279,0.94512,london,2022
EURUSD,-1,2022-01-10 21:00:00,2022-01-11 04:00:00,1.13226,1.13429,1.13429,1.1282,0.2759,-20.3,-56.02,-56.02,7,stop_loss,16.39456,0.00135,-0.10187,0.5245,new_york,2022
EURUSD,1,2022-01-17 16:00:00,2022-01-18 02:00:00,1.14016,1.14187,1.1383,1.14389,0.2977,17.1,50.91,50.9,10,time_exit,29.11728,0.00124,-1.92748,3.21746,new_york,2022
EURUSD,-1,2022-01-18 07:00:00,2022-01-18 15:00:00,1.14015,1.13688,1.14179,1.13688,0.3419,32.7,111.93,111.93,8,take_profit,21.31367,0.00109,-1.49222,2.66572,london,2022
EURUSD,-1,2022-01-18 18:00:00,2022-01-19 04:00:00,1.13432,1.13226,1.13634,1.13029,0.2829,20.6,58.28,58.28,10,time_exit,35.25042,0.00134,-4.62707,1.27179,new_york,2022
EURUSD,1,2022-01-19 07:00:00,2022-01-19 17:00:00,1.13302,1.13445,1.13133,1.13641,0.3405,14.3,48.69,48.69,10,time_exit,55.47888,0.00113,-3.82811,-0.65291,london,2022
EURUSD,1,2022-01-19 21:00:00,2022-01-20 07:00:00,1.13483,1.13499,1.13302,1.13845,0.3216,1.6,5.15,5.14,10,time_exit,28.70189,0.00121,-0.92454,-1.33707,new_york,2022
EURUSD,-1,2022-01-20 19:00:00,2022-01-21 05:00:00,1.13354,1.1326,1.13565,1.12933,0.2764,9.4,25.98,25.98,10,time_exit,18.91748,0.0014,-1.22267,-1.2463,new_york,2022
EURUSD,1,2022-01-21 21:00:00,2022-01-24 07:00:00,1.13444,1.13257,1.13257,1.13817,0.3133,-18.7,-58.45,-58.45,10,stop_loss,20.50285,0.00124,0.38028,-1.71006,new_york,2022
EURUSD,-1,2022-01-24 09:00:00,2022-01-24 15:00:00,1.13234,1.12955,1.13373,1.12955,0.4155,27.9,115.74,115.74,6,take_profit,18.6187,0.00093,-1.49732,-2.21233,london,2022
EURUSD,-1,2022-01-24 15:00:00,2022-01-24 17:00:00,1.12976,1.1315,1.1315,1.12627,0.3385,-17.4,-59.04,-59.04,2,stop_loss,24.82529,0.00116,-2.99729,-1.96981,london,2022
EURUSD,1,2022-01-25 04:00:00,2022-01-25 10:00:00,1.13169,1.13002,1.13002,1.13503,0.3498,-16.7,-58.44,-58.44,6,stop_loss,15.49679,0.00111,-0.87799,-2.16693,,2022
EURUSD,1,2022-01-25 21:00:00,2022-01-26 07:00:00,1.12968,1.13046,1.12789,1.13325,0.3241,7.8,25.28,25.28,10,time_exit,23.95813,0.00119,-0.96087,-2.78312,new_york,2022
EURUSD,-1,2022-01-27 08:00:00,2022-01-27 12:00:00,1.12199,1.11884,1.12357,1.11884,0.3688,31.5,116.23,116.23,4,take_profit,38.10019,0.00105,-5.1761,-4.41297,london,2022
EURUSD,1,2022-01-27 17:00:00,2022-01-27 19:00:00,1.1161,1.11392,1.11392,1.12045,0.2722,-21.8,-59.26,-59.26,2,stop_loss,58.14642,0.00145,-5.87205,-4.35561,new_york,2022
EURUSD,1,2022-01-28 06:00:00,2022-01-28 09:00:00,1.11533,1.11369,1.11369,1.11861,0.3583,-16.4,-58.68,-58.68,3,stop_loss,70.66813,0.00109,-4.73885,-7.66891,,2022
EURUSD,-1,2022-02-02 09:00:00,2022-02-02 10:00:00,1.12693,1.12842,1.12842,1.12395,0.3898,-14.9,-58.09,-58.09,1,stop_loss,36.75137,0.00099,2.91669,-1.04472,london,2022
EURUSD,1,2022-02-02 11:00:00,2022-02-02 14:00:00,1.12897,1.13218,1.12737,1.13218,0.3589,32.1,115.03,115.03,3,take_profit,37.10267,0.00107,4.28609,-0.70999,london,2022
EURUSD,1,2022-02-03 02:00:00,2022-02-03 12:00:00,1.12995,1.12833,1.12833,1.1332,0.3613,-16.2,-58.66,-58.66,10,stop_loss,36.05482,0.00108,2.54005,1.19479,,2022
EURUSD,-1,2022-02-03 15:00:00,2022-02-03 16:00:00,1.12915,1.13089,1.13089,1.12568,0.3345,-17.4,-58.08,-58.08,1,stop_loss,20.41295,0.00116,0.97414,1.48295,london,2022
EURUSD,1,2022-02-03 23:00:00,2022-02-04 09:00:00,1.14303,1.14674,1.13995,1.14919,0.1866,37.1,69.23,69.23,10,time_exit,43.77475,0.00205,5.44245,2.11937,,2022
EURUSD,-1,2022-02-07 03:00:00,2022-02-07 13:00:00,1.1453,1.14433,1.14771,1.14047,0.241,9.7,23.38,23.37,10,time_exit,32.48817,0.00161,2.71615,5.62727,,2022
EURUSD,-1,2022-02-10 02:00:00,2022-02-10 11:00:00,1.1421,1.14378,1.14378,1.13874,0.3475,-16.8,-58.42,-58.42,9,stop_loss,10.82085,0.00112,-0.36818,4.59708,,2022
EURUSD,-1,2022-02-10 13:00:00,2022-02-10 15:00:00,1.14359,1.1406,1.14509,1.1406,0.3863,29.9,115.68,115.67,2,take_profit,10.8246,0.001,0.98266,4.72633,london,2022
EURUSD,1,2022-02-10 22:00:00,2022-02-10 23:00:00,1.14497,1.1419,1.1419,1.1511,0.1924,-30.7,-58.99,-59.0,1,stop_loss,15.17042,0.00204,0.81101,2.34257,,2022
EURUSD,-1,2022-02-11 01:00:00,2022-02-11 11:00:00,1.14276,1.13864,1.14574,1.13679,0.1958,41.2,80.67,80.67,10,time_exit,15.3972,0.00199,-0.2495,2.31979,,2022
EURUSD,1,2022-02-14 20:00:00,2022-02-14 21:00:00,1.13104,1.12817,1.12817,1.13679,0.206,-28.7,-59.22,-59.22,1,stop_loss,34.42596,0.00192,-2.63529,-0.78513,new_york,2022
EURUSD,1,2022-02-16 04:00:00,2022-02-16 10:00:00,1.1352,1.13904,1.13328,1.13904,0.305,38.4,117.23,117.23,6,take_profit,12.79521,0.00128,0.44548,-1.4462,,2022
EURUSD,1,2022-02-17 02:00:00,2022-02-17 05:00:00,1.13728,1.13516,1.13516,1.14152,0.282,-21.2,-59.8,-59.8,3,stop_loss,19.80926,0.00141,0.80546,-0.32117,,2022
EURUSD,1,2022-02-17 07:00:00,2022-02-17 17:00:00,1.13422,1.13694,1.13157,1.13952,0.2232,27.2,60.71,60.71,10,time_exit,22.38496,0.00177,-1.10952,-0.22979,london,2022
EURUSD,1,2022-02-21 18:00:00,2022-02-21 21:00:00,1.13362,1.13139,1.13139,1.13808,0.268,-22.3,-59.8,-59.8,3,stop_loss,20.54625,0.00149,-1.00023,-0.6219,new_york,2022
EURUSD,1,2022-02-21 21:00:00,2022-02-22 05:00:00,1.13174,1.12943,1.12943,1.13636,0.2564,-23.1,-59.21,-59.21,8,stop_loss,20.47932,0.00154,-2.0609,-0.68211,new_york,2022
EURUSD,1,2022-02-22 07:00:00,2022-02-22 12:00:00,1.12988,1.13397,1.12784,1.13397,0.2867,40.9,117.24,117.23,5,take_profit,30.2282,0.00136,-2.66414,-1.4324,london,2022
EURUSD,1,2022-02-23 00:00:00,2022-02-23 10:00:00,1.13245,1.13474,1.12993,1.1375,0.2369,22.9,54.25,54.25,10,time_exit,19.63226,0.00168,-0.47444,-1.0463,,2022
EURUSD,-1,2022-02-23 22:00:00,2022-02-24 04:00:00,1.13077,1.12667,1.13282,1.12667,0.2944,41.0,120.64,120.64,6,take_profit,19.17114,0.00137,-1.69441,-1.15467,,2022
EURUSD,1,2022-02-24 04:00:00,2022-02-24 05:00:00,1.12932,1.12727,1.12727,1.13342,0.3001,-20.5,-61.53,-61.54,1,stop_loss,26.25025,0.00137,-2.24622,-1.46796,,2022
EURUSD,1,2022-02-28 00:00:00,2022-02-28 02:00:00,1.11255,1.11936,1.10915,1.11936,0.1789,68.1,121.82,121.82,2,take_profit,26.8646,0.00227,1.56534,-2.67534,,2022
EURUSD,-1,2022-02-28 02:00:00,2022-02-28 12:00:00,1.11804,1.12286,1.12286,1.10841,0.129,-48.2,-62.14,-62.14,10,stop_loss,27.66671,0.00321,-1.57109,-1.97857,,2022
EURUSD,1,2022-02-28 12:00:00,2022-02-28 22:00:00,1.11782,1.12104,1.11376,1.12594,0.1515,32.2,48.78,48.78,10,time_exit,23.56174,0.00271,-1.17294,-2.6729,london,2022
EURUSD,-1,2022-03-01 02:00:00,2022-03-01 12:00:00,1.12144,1.11815,1.12486,1.1146,0.1814,32.9,59.68,59.68,10,time_exit,17.63654,0.00228,0.08735,-2.68058,,2022
EURUSD,1,2022-03-01 15:00:00,2022-03-01 17:00:00,1.11609,1.11301,1.11301,1.12226,0.203,-30.8,-62.6,-62.6,2,stop_loss,14.047,0.00206,-2.22269,-2.83893,london,2022
EURUSD,-1,2022-03-02 11:00:00,2022-03-02 14:00:00,1.10855,1.11145,1.11145,1.10274,0.2133,-29.0,-61.96,-61.96,3,stop_loss,36.9457,0.00194,-3.72782,-4.15027,london,2022
EURUSD,-1,2022-03-03 14:00:00,2022-03-03 19:00:00,1.10868,1.10349,1.11127,1.10349,0.2365,51.9,122.68,122.68,5,take_profit,23.85709,0.00173,-1.93025,-4.96057,london,2022
EURUSD,-1,2022-03-04 15:00:00,2022-03-07 01:00:00,1.09375,1.08743,1.09691,1.08743,0.198,63.2,125.14,125.14,10,take_profit,49.71975,0.00211,-5.90167,-5.0263,london,2022
EURUSD,-1,2022-03-07 07:00:00,2022-03-07 14:00:00,1.08794,1.09182,1.09182,1.08019,0.1646,-38.8,-63.82,-63.82,7,stop_loss,64.60001,0.00258,-4.01532,-5.60948,london,2022
EURUSD,1,2022-03-07 22:00:00,2022-03-08 08:00:00,1.0848,1.08606,1.07981,1.09477,0.1267,12.6,15.96,15.96,10,time_exit,38.152,0.00332,-2.53139,-4.81509,,2022
EURUSD,-1,2022-03-08 08:00:00,2022-03-08 10:00:00,1.08598,1.08959,1.08959,1.07876,0.1754,-36.1,-63.35,-63.35,2,stop_loss,23.85917,0.00241,-2.087,-6.66694,london,2022
EURUSD,1,2022-03-09 08:00:00,2022-03-09 12:00:00,1.09161,1.09813,1.08835,1.09813,0.1925,65.2,125.43,125.43,4,take_profit,25.0949,0.00217,0.44796,-5.90798,london,2022
EURUSD,-1,2022-03-10 07:00:00,2022-03-10 14:00:00,1.1054,1.10867,1.10867,1.09886,0.1958,-32.7,-63.99,-63.99,7,stop_loss,44.7844,0.00218,3.1471,-2.21839,london,2022
EURUSD,1,2022-03-11 02:00:00,2022-03-11 10:00:00,1.10135,1.0975,1.0975,1.10905,0.1645,-38.5,-63.35,-63.35,8,stop_loss,21.76721,0.00257,0.40551,-1.11825,,2022
EURUSD,1,2022-03-14 11:00:00,2022-03-14 19:00:00,1.09319,1.09921,1.09018,1.09921,0.2084,60.2,125.37,125.37,8,take_profit,17.3404,0.00201,-1.29262,-2.54796,london,2022
EURUSD,-1,2022-03-14 19:00:00,2022-03-15 05:00:00,1.09792,1.09713,1.10146,1.09084,0.1807,7.9,14.28,14.27,10,time_exit,18.80826,0.00236,0.88766,-1.97052,new_york,2022
EURUSD,-1,2022-03-15 08:00:00,2022-03-15 10:00:00,1.09826,1.10113,1.10113,1.09252,0.2234,-28.7,-64.09,-64.09,2,stop_loss,14.36765,0.00191,1.25245,-2.13156,london,2022
EURUSD,-1,2022-03-16 16:00:00,2022-03-16 17:00:00,1.09894,1.10205,1.10205,1.09271,0.2037,-31.1,-63.44,-63.44,1,stop_loss,17.22842,0.00208,0.85586,-1.03837,new_york,2022
EURUSD,1,2022-03-16 23:00:00,2022-03-17 09:00:00,1.10447,1.10361,1.1003,1.1128,0.1508,-8.6,-12.97,-12.97,10,time_exit,20.59029,0.00278,2.33372,-0.50272,,2022
EURUSD,-1,2022-03-17 22:00:00,2022-03-18 08:00:00,1.11005,1.10841,1.11341,1.10333,0.1866,16.4,30.6,30.6,10,time_exit,24.42593,0.00224,3.14564,1.02432,,2022
EURUSD,1,2022-03-22 23:00:00,2022-03-23 09:00:00,1.10302,1.10307,1.10054,1.10799,0.2536,0.5,1.27,1.27,10,time_exit,18.47651,0.00166,0.43264,0.11577,,2022
EURUSD,1,2022-03-23 12:00:00,2022-03-23 13:00:00,1.10163,1.09963,1.09963,1.10563,0.3153,-20.0,-63.01,-63.01,1,stop_loss,14.87993,0.00133,-0.62122,0.21039,london,2022
EURUSD,-1,2022-03-24 00:00:00,2022-03-24 10:00:00,1.10029,1.09783,1.10247,1.09592,0.2857,24.6,70.28,70.28,10,time_exit,23.4559,0.00146,-0.54906,-0.34979,,2022
EURUSD,1,2022-03-24 14:00:00,2022-03-24 16:00:00,1.0988,1.09673,1.09673,1.10294,0.305,-20.7,-63.09,-63.09,2,stop_loss,23.03093,0.00138,-1.08449,-0.87053,london,2022
EURUSD,-1,2022-03-24 21:00:00,2022-03-25 04:00:00,1.09939,1.10194,1.10194,1.09429,0.2451,-25.5,-62.44,-62.44,7,stop_loss,18.60867,0.0017,-0.34399,-0.79487,new_york,2022
EURUSD,-1,2022-03-25 17:00:00,2022-03-28 03:00:00,1.10116,1.09686,1.10331,1.09686,0.2875,43.0,123.65,123.65,10,take_profit,17.91303,0.00143,0.23427,-0.37092,new_york,2022
EURUSD,-1,2022-03-28 09:00:00,2022-03-28 11:00:00,1.09512,1.09694,1.09694,1.09148,0.3469,-18.2,-63.06,-63.06,2,stop_loss,32.28443,0.00121,-3.33535,-1.33174,london,2022
EURUSD,1,2022-03-29 03:00:00,2022-03-29 12:00:00,1.09917,1.1038,1.09686,1.1038,0.2698,46.3,124.87,124.86,9,take_profit,16.10628,0.00154,0.38041,-1.12833,,2022
EURUSD,1,2022-03-29 15:00:00,2022-03-30 01:00:00,1.10849,1.10919,1.10483,1.1158,0.1742,7.0,12.19,12.19,10,time_exit,18.55673,0.00244,3.67954,-0.35293,london,2022
EURUSD,1,2022-03-30 09:00:00,2022-03-30 16:00:00,1.11128,1.11637,1.10873,1.11637,0.2505,50.9,127.59,127.58,7,take_profit,35.85863,0.0017,3.75854,1.74411,london,2022
EURUSD,1,2022-03-31 01:00:00,2022-03-31 11:00:00,1.11577,1.11316,1.11316,1.12099,0.2493,-26.1,-65.08,-65.08,10,stop_loss,35.7367,0.00174,3.52671,3.33446,,2022
EURUSD,-1,2022-04-04 00:00:00,2022-04-04 10:00:00,1.10321,1.10314,1.10551,1.09862,0.2807,0.7,1.96,1.96,10,time_exit,36.32458,0.00153,-1.66327,1.21892,,2022
EURUSD,-1,2022-04-04 10:00:00,2022-04-04 13:00:00,1.10394,1.10041,1.10571,1.10041,0.3648,35.3,128.9,128.9,3,take_profit,28.97968,0.00118,-2.15896,0.87662,london,2022
EURUSD,-1,2022-04-06 19:00:00,2022-04-07 05:00:00,1.09104,1.09117,1.09341,1.08631,0.2777,-1.3,-3.61,-3.61,10,time_exit,34.22387,0.00158,-1.97569,-4.0653,new_york,2022
EURUSD,1,2022-04-07 07:00:00,2022-04-07 11:00:00,1.09073,1.08875,1.08875,1.0947,0.3311,-19.8,-65.7,-65.7,4,stop_loss,23.77736,0.00132,-1.50292,-5.06844,london,2022
EURUSD,1,2022-04-11 05:00:00,2022-04-11 15:00:00,1.08905,1.09052,1.08651,1.09412,0.2563,14.7,37.68,37.67,10,time_exit,16.57937,0.00169,0.24454,-3.89303,,2022
EURUSD,-1,2022-04-11 19:00:00,2022-04-12 05:00:00,1.08757,1.08716,1.09045,1.08182,0.2275,4.1,9.33,9.33,10,time_exit,15.39488,0.00192,-0.76659,-2.84249,new_york,2022
EURUSD,-1,2022-04-12 19:00:00,2022-04-13 05:00:00,1.08527,1.08351,1.08794,1.07993,0.2456,17.6,43.23,43.22,10,time_exit,14.3323,0.00178,-1.51644,-2.81347,new_york,2022
EURUSD,-1,2022-04-13 10:00:00,2022-04-13 14:00:00,1.0822,1.08433,1.08433,1.07794,0.3097,-21.3,-65.94,-65.94,4,stop_loss,22.40341,0.00142,-2.50833,-4.11816,london,2022
EURUSD,1,2022-04-14 02:00:00,2022-04-14 12:00:00,1.08898,1.09138,1.08666,1.09362,0.2814,24.0,67.54,67.53,10,time_exit,25.986,0.00155,1.93728,-3.09867,,2022
EURUSD,1,2022-04-15 12:00:00,2022-04-15 22:00:00,1.08187,1.08085,1.07959,1.08642,0.2898,-10.2,-29.56,-29.56,10,time_exit,35.8635,0.00152,-1.4023,-3.22219,london,2022
EURUSD,1,2022-04-18 02:00:00,2022-04-18 03:00:00,1.08205,1.08052,1.08052,1.08511,0.4297,-15.3,-65.67,-65.67,1,stop_loss,26.6314,0.00102,-0.66393,-5.03194,,2022
EURUSD,-1,2022-04-18 12:00:00,2022-04-18 14:00:00,1.0792,1.08088,1.08088,1.07583,0.3863,-16.8,-65.0,-65.01,2,stop_loss,25.25014,0.00112,-2.27976,-4.76638,london,2022
EURUSD,-1,2022-04-18 16:00:00,2022-04-18 19:00:00,1.08051,1.07706,1.08223,1.07706,0.3732,34.5,128.72,128.72,3,take_profit,21.61266,0.00115,-0.86326,-4.61188,new_york,2022
EURUSD,1,2022-04-19 18:00:00,2022-04-20 04:00:00,1.07856,1.0797,1.07636,1.08295,0.2987,11.4,34.05,34.05,10,time_exit,23.4801,0.00146,-0.78599,-3.57269,new_york,2022
EURUSD,-1,2022-04-21 15:00:00,2022-04-22 01:00:00,1.08804,1.08397,1.09103,1.08206,0.2209,40.7,89.91,89.9,10,time_exit,31.56248,0.00199,1.86883,-0.16879,london,2022
EURUSD,-1,2022-04-22 06:00:00,2022-04-22 11:00:00,1.08406,1.07942,1.08638,1.07942,0.2885,46.4,133.78,133.78,5,take_profit,14.79558,0.00155,-0.15694,-0.1777,,2022
EURUSD,-1,2022-04-22 11:00:00,2022-04-22 16:00:00,1.08073,1.08316,1.08316,1.07587,0.2805,-24.3,-68.23,-68.23,5,stop_loss,14.11092,0.00162,-2.14002,-0.2495,london,2022
EURUSD,1,2022-04-25 04:00:00,2022-04-25 05:00:00,1.08023,1.07777,1.07777,1.08515,0.2746,-24.6,-67.55,-67.55,1,stop_loss,13.00868,0.00164,-1.12778,-1.06459,,2022
EURUSD,1,2022-04-25 17:00:00,2022-04-26 03:00:00,1.07228,1.07303,1.06907,1.07869,0.2085,7.5,15.64,15.64,10,time_exit,29.24496,0.00214,-3.20266,-1.68478,new_york,2022
EURUSD,1,2022-04-26 04:00:00,2022-04-26 09:00:00,1.07301,1.07058,1.07058,1.07787,0.2758,-24.3,-67.02,-67.02,5,stop_loss,35.11627,0.00162,-2.0606,-3.20238,,2022
EURUSD,1,2022-04-26 09:00:00,2022-04-26 10:00:00,1.07316,1.07104,1.07104,1.0774,0.3132,-21.2,-66.35,-66.36,1,stop_loss,27.87665,0.00141,-1.83185,-3.81518,london,2022
EURUSD,1,2022-04-26 22:00:00,2022-04-27 08:00:00,1.06448,1.06506,1.06185,1.06974,0.2496,5.8,14.48,14.47,10,time_exit,43.97492,0.00175,-4.36777,-4.14522,,2022
EURUSD,1,2022-04-28 11:00:00,2022-04-28 12:00:00,1.05548,1.05199,1.05199,1.06246,0.1888,-34.9,-65.85,-65.85,1,stop_loss,61.76842,0.00233,-2.00449,-5.41965,london,2022
EURUSD,-1,2022-04-29 12:00:00,2022-04-29 22:00:00,1.05691,1.05486,1.06019,1.05035,0.1986,20.5,40.71,40.71,10,time_exit,33.22978,0.00219,0.9361,-6.02844,london,2022
EURUSD,-1,2022-05-02 21:00:00,2022-05-03 03:00:00,1.04934,1.05234,1.05234,1.04334,0.2186,-30.0,-65.59,-65.59,6,stop_loss,10.90809,0.002,-2.05544,-5.23732,new_york,2022
EURUSD,-1,2022-05-03 14:00:00,2022-05-03 15:00:00,1.05045,1.05318,1.05318,1.04499,0.2378,-27.3,-64.92,-64.93,1,stop_loss,11.11753,0.00182,-0.97101,-5.32233,london,2022
EURUSD,1,2022-05-06 09:00:00,2022-05-06 10:00:00,1.05228,1.04943,1.04943,1.05798,0.2256,-28.5,-64.28,-64.28,1,stop_loss,23.79896,0.0019,-1.40898,-1.94544,london,2022
EURUSD,1,2022-05-06 22:00:00,2022-05-09 05:00:00,1.05473,1.05068,1.05068,1.06283,0.1571,-40.5,-63.64,-63.64,7,stop_loss,14.67613,0.0027,-0.21096,-1.10515,,2022
EURUSD,1,2022-05-10 10:00:00,2022-05-10 17:00:00,1.05602,1.05352,1.05352,1.06102,0.2518,-25.0,-63.0,-63.01,7,stop_loss,29.66029,0.00167,0.52862,-1.2104,london,2022
EURUSD,-1,2022-05-11 11:00:00,2022-05-11 12:00:00,1.05522,1.05727,1.05727,1.05112,0.3042,-20.5,-62.36,-62.36,1,stop_loss,14.03768,0.00137,0.58775,-1.51468,london,2022
EURUSD,-1,2022-05-12 08:00:00,2022-05-12 10:00:00,1.05179,1.04701,1.05418,1.04701,0.2586,47.8,123.49,123.49,2,take_profit,20.23076,0.00159,-1.05852,-1.4715,london,2022
EURUSD,-1,2022-05-12 19:00:00,2022-05-13 05:00:00,1.0375,1.03897,1.04158,1.02934,0.1544,-14.7,-22.7,-22.7,10,time_exit,48.04313,0.00272,-4.50071,-1.76332,new_york,2022
EURUSD,1,2022-05-16 00:00:00,2022-05-16 10:00:00,1.04078,1.04131,1.03801,1.04632,0.2265,5.3,12.0,12.0,10,time_exit,34.99089,0.00185,-0.91745,-4.40558,,2022
EURUSD,1,2022-05-18 09:00:00,2022-05-18 10:00:00,1.05391,1.05163,1.05163,1.05848,0.2754,-22.8,-62.88,-62.88,1,stop_loss,41.2413,0.00152,3.05302,-0.01246,london,2022
EURUSD,1,2022-05-23 04:00:00,2022-05-23 11:00:00,1.05829,1.06323,1.05582,1.06323,0.2518,49.4,124.49,124.49,7,take_profit,17.4555,0.00165,1.82265,2.12522,,2022
EURUSD,1,2022-05-23 11:00:00,2022-05-23 12:00:00,1.0601,1.0647,1.0578,1.0647,0.276,46.0,126.95,126.95,1,take_profit,20.61521,0.00153,2.45186,2.62426,london,2022
EURUSD,1,2022-05-24 21:00:00,2022-05-25 07:00:00,1.07321,1.07055,1.07016,1.0793,0.2127,-26.6,-56.58,-56.58,10,time_exit,52.15535,0.00203,3.39275,4.51445,new_york,2022
EURUSD,1,2022-05-26 04:00:00,2022-05-26 08:00:00,1.07042,1.06785,1.06785,1.07555,0.2501,-25.7,-64.2,-64.2,4,stop_loss,26.27699,0.00171,1.36922,4.50478,,2022
EURUSD,1,2022-05-27 08:00:00,2022-05-27 10:00:00,1.07546,1.07337,1.07337,1.07965,0.3034,-20.9,-63.56,-63.56,2,stop_loss,32.54899,0.0014,3.27209,5.5606,london,2022
EURUSD,1,2022-05-27 19:00:00,2022-05-30 05:00:00,1.07075,1.07454,1.0679,1.07644,0.221,37.9,83.76,83.76,10,time_exit,22.19607,0.0019,-0.32924,3.83411,new_york,2022
EURUSD,-1,2022-05-30 14:00:00,2022-05-31 00:00:00,1.0775,1.07778,1.07981,1.07288,0.2759,-2.8,-7.73,-7.73,10,time_exit,29.56307,0.00154,2.89845,4.67102,london,2022
EURUSD,-1,2022-05-31 04:00:00,2022-05-31 13:00:00,1.07454,1.07075,1.07643,1.07075,0.3364,37.9,127.34,127.34,9,take_profit,26.44471,0.00126,-0.2923,5.976,,2022
EURUSD,1,2022-06-01 06:00:00,2022-06-01 16:00:00,1.07168,1.07085,1.06934,1.07636,0.2775,-8.3,-23.03,-23.03,10,time_exit,31.56496,0.00156,-1.19667,3.14726,,2022
EURUSD,-1,2022-06-02 08:00:00,2022-06-02 09:00:00,1.06575,1.06788,1.06788,1.0615,0.3042,-21.3,-64.72,-64.72,1,stop_loss,33.25994,0.00142,-2.60468,0.71866,london,2022
EURUSD,-1,2022-06-03 04:00:00,2022-06-03 14:00:00,1.07596,1.07288,1.07787,1.07213,0.3346,30.8,103.06,103.05,10,time_exit,44.99325,0.00128,3.7788,1.59625,,2022
EURUSD,-1,2022-06-07 05:00:00,2022-06-07 11:00:00,1.06803,1.06998,1.06998,1.06413,0.3334,-19.5,-65.1,-65.1,6,stop_loss,32.90554,0.0013,-2.56865,0.85779,,2022
EURUSD,1,2022-06-07 19:00:00,2022-06-08 05:00:00,1.06968,1.06908,1.06687,1.0753,0.2294,-6.0,-13.76,-13.77,10,time_exit,22.40998,0.00187,-0.15912,-0.00104,new_york,2022
EURUSD,1,2022-06-13 22:00:00,2022-06-14 08:00:00,1.04251,1.04385,1.03938,1.04878,0.2053,13.4,27.51,27.51,10,time_exit,55.88976,0.00209,-4.85315,-5.10261,,2022
EURUSD,1,2022-06-15 08:00:00,2022-06-15 09:00:00,1.04268,1.04795,1.04004,1.04795,0.2449,52.7,129.18,129.18,1,take_profit,15.75347,0.00176,-1.53785,-6.81863,london,2022
EURUSD,1,2022-06-16 11:00:00,2022-06-16 16:00:00,1.03969,1.04709,1.03599,1.04709,0.1782,74.0,131.79,131.78,5,take_profit,15.68275,0.00247,-1.84498,-4.03863,london,2022
EURUSD,1,2022-06-17 14:00:00,2022-06-17 15:00:00,1.05201,1.04849,1.04849,1.05904,0.191,-35.2,-67.18,-67.18,1,stop_loss,24.54748,0.00234,1.23924,-1.85038,london,2022
EURUSD,-1,2022-06-20 07:00:00,2022-06-20 17:00:00,1.05286,1.05351,1.05582,1.04695,0.2251,-6.5,-14.63,-14.63,10,time_exit,16.75147,0.00197,1.85334,-1.81578,london,2022
EURUSD,1,2022-06-22 08:00:00,2022-06-22 10:00:00,1.04967,1.04756,1.04756,1.0539,0.3141,-21.1,-66.38,-66.38,2,stop_loss,19.11971,0.00141,-2.00725,-0.27924,london,2022
EURUSD,-1,2022-06-22 12:00:00,2022-06-22 15:00:00,1.05077,1.05328,1.05328,1.04574,0.2613,-25.1,-65.71,-65.71,3,stop_loss,23.78806,0.00168,-0.77582,-0.39469,london,2022
EURUSD,-1,2022-06-23 18:00:00,2022-06-24 04:00:00,1.05288,1.05292,1.0566,1.04545,0.1751,-0.4,-0.7,-0.7,10,time_exit,29.39715,0.00248,-0.3543,0.19162,new_york,2022
EURUSD,1,2022-06-27 15:00:00,2022-06-28 01:00:00,1.05669,1.058,1.0542,1.06168,0.2607,13.1,34.15,34.15,10,time_exit,23.94887,0.00166,1.00204,0.77136,london,2022
EURUSD,-1,2022-06-28 14:00:00,2022-06-28 15:00:00,1.05782,1.05337,1.06004,1.05337,0.2939,44.5,130.76,130.76,1,take_profit,19.61954,0.00148,0.58277,1.53567,london,2022
EURUSD,1,2022-06-29 07:00:00,2022-06-29 08:00:00,1.05301,1.05095,1.05095,1.05713,0.3238,-20.6,-66.7,-66.71,1,stop_loss,28.49399,0.00137,-1.40224,0.3767,london,2022
EURUSD,-1,2022-06-29 15:00:00,2022-06-29 17:00:00,1.05223,1.04699,1.05485,1.04699,0.2519,52.4,132.08,132.08,2,take_profit,29.19618,0.00175,-0.92066,-0.16344,london,2022
EURUSD,1,2022-06-30 00:00:00,2022-06-30 10:00:00,1.04403,1.04455,1.04134,1.04941,0.2505,5.2,13.03,13.02,10,time_exit,38.82966,0.00179,-4.12412,-1.08217,,2022
EURUSD,1,2022-06-30 20:00:00,2022-07-01 06:00:00,1.04827,1.04547,1.04481,1.05519,0.195,-28.0,-54.6,-54.6,10,time_exit,31.46269,0.00231,0.39876,-1.90647,new_york,2022
EURUSD,1,2022-07-04 03:00:00,2022-07-04 13:00:00,1.04324,1.04519,1.04046,1.0488,0.2408,19.5,46.96,46.95,10,time_exit,26.90015,0.00185,-0.8681,-2.6645,,2022
EURUSD,-1,2022-07-05 05:00:00,2022-07-05 10:00:00,1.04353,1.03999,1.0453,1.03999,0.3811,35.4,134.83,134.83,5,take_profit,14.03716,0.00118,-0.21107,-3.82789,,2022
EURUSD,1,2022-07-05 19:00:00,2022-07-06 05:00:00,1.02539,1.02655,1.02204,1.03209,0.2052,11.6,23.8,23.8,10,time_exit,41.62143,0.00223,-6.19983,-3.21946,new_york,2022
EURUSD,1,2022-07-06 18:00:00,2022-07-07 04:00:00,1.01934,1.01856,1.01583,1.02636,0.1964,-7.8,-15.32,-15.32,10,time_exit,53.81298,0.00234,-4.47189,-5.12962,new_york,2022
EURUSD,-1,2022-07-08 19:00:00,2022-07-11 05:00:00,1.01784,1.01496,1.02193,1.00966,0.1682,28.8,48.44,48.44,10,time_exit,25.68051,0.00273,-0.15105,-5.11819,new_york,2022
EURUSD,-1,2022-07-11 05:00:00,2022-07-11 15:00:00,1.01396,1.00805,1.01692,1.00805,0.2345,59.1,138.64,138.64,10,take_profit,21.68755,0.00197,-1.93463,-6.58257,,2022
EURUSD,-1,2022-07-18 13:00:00,2022-07-18 17:00:00,1.01556,1.01885,1.01885,1.00898,0.2149,-32.9,-70.7,-70.7,4,stop_loss,39.41485,0.00219,3.79037,-2.41252,london,2022
EURUSD,1,2022-07-18 21:00:00,2022-07-19 07:00:00,1.01547,1.01281,1.0116,1.02321,0.181,-26.6,-48.15,-48.15,10,time_exit,40.99861,0.00258,2.27383,-1.23203,new_york,2022
EURUSD,-1,2022-07-19 09:00:00,2022-07-19 10:00:00,1.01475,1.01764,1.01764,1.00896,0.2402,-28.9,-69.51,-69.51,1,stop_loss,26.22942,0.00193,1.85423,-0.89247,london,2022
EURUSD,1,2022-07-21 10:00:00,2022-07-21 11:00:00,1.02059,1.01761,1.01761,1.02655,0.2308,-29.8,-68.82,-68.82,1,stop_loss,19.58881,0.00199,0.4589,1.6973,london,2022
EURUSD,-1,2022-07-22 06:00:00,2022-07-22 16:00:00,1.01958,1.02302,1.02302,1.01269,0.1978,-34.4,-68.13,-68.13,10,stop_loss,18.4522,0.0023,-0.24698,1.34938,,2022
EURUSD,-1,2022-07-25 11:00:00,2022-07-25 12:00:00,1.0193,1.02246,1.02246,1.01298,0.2135,-31.6,-67.45,-67.45,1,stop_loss,10.71704,0.00211,-0.37359,1.09626,london,2022
EURUSD,1,2022-07-25 16:00:00,2022-07-25 17:00:00,1.02456,1.02088,1.02088,1.03192,0.1814,-36.8,-66.78,-66.78,1,stop_loss,11.35114,0.00245,1.56868,1.08091,new_york,2022
EURUSD,-1,2022-07-26 10:00:00,2022-07-26 13:00:00,1.02124,1.01626,1.02373,1.01626,0.2654,49.8,132.21,132.21,3,take_profit,8.67988,0.00166,-0.20452,1.69783,london,2022
EURUSD,-1,2022-07-29 00:00:00,2022-07-29 09:00:00,1.01972,1.0236,1.0236,1.01195,0.1737,-38.8,-67.45,-67.45,9,stop_loss,16.61452,0.00259,0.95015,-0.13703,,2022
EURUSD,1,2022-07-29 13:00:00,2022-07-29 16:00:00,1.02028,1.01663,1.01663,1.02758,0.1828,-36.5,-66.75,-66.75,3,stop_loss,24.04924,0.00243,0.62831,0.31763,london,2022
EURUSD,-1,2022-07-29 23:00:00,2022-08-01 09:00:00,1.0221,1.02334,1.02598,1.01433,0.1701,-12.4,-21.09,-21.09,10,time_exit,15.19132,0.00259,1.08467,0.42256,,2022
EURUSD,1,2022-08-01 19:00:00,2022-08-02 05:00:00,1.02684,1.02747,1.02345,1.03361,0.1945,6.3,12.25,12.25,10,time_exit,15.3659,0.00226,2.21858,1.1836,new_york,2022
EURUSD,1,2022-08-08 13:00:00,2022-08-08 23:00:00,1.01876,1.01937,1.01632,1.02365,0.2701,6.1,16.48,16.47,10,time_exit,23.97011,0.00163,-0.39703,-0.13057,london,2022
EURUSD,1,2022-08-09 10:00:00,2022-08-09 11:00:00,1.02056,1.02385,1.01892,1.02385,0.4025,32.9,132.34,132.34,1,take_profit,10.20273,0.0011,0.88948,-0.05833,london,2022
EURUSD,1,2022-08-09 11:00:00,2022-08-09 21:00:00,1.02148,1.0205,1.01975,1.02495,0.3891,-9.8,-38.13,-38.13,10,time_exit,11.46649,0.00116,1.57449,-0.00678,london,2022
EURUSD,-1,2022-08-10 06:00:00,2022-08-10 13:00:00,1.02182,1.02351,1.02351,1.01844,0.3971,-16.9,-67.11,-67.11,7,stop_loss,11.88667,0.00113,0.92047,0.64605,,2022
EURUSD,1,2022-08-11 08:00:00,2022-08-11 10:00:00,1.02833,1.03278,1.02611,1.03278,0.2987,44.5,132.86,132.86,2,take_profit,36.99656,0.00148,1.70962,2.6402,london,2022
EURUSD,1,2022-08-11 20:00:00,2022-08-12 06:00:00,1.03301,1.03173,1.03015,1.03872,0.2373,-12.8,-30.37,-30.38,10,time_exit,40.96783,0.0019,2.28711,2.88649,new_york,2022
EURUSD,-1,2022-08-15 17:00:00,2022-08-16 03:00:00,1.01984,1.01537,1.02248,1.01456,0.2557,44.7,114.3,114.3,10,time_exit,47.60625,0.00176,-3.39633,0.78239,new_york,2022
EURUSD,1,2022-08-17 09:00:00,2022-08-17 10:00:00,1.01818,1.01633,1.01633,1.02188,0.3712,-18.5,-68.61,-68.61,1,stop_loss,21.73761,0.00123,-0.22171,-2.70405,london,2022
EURUSD,-1,2022-08-18 11:00:00,2022-08-18 14:00:00,1.01614,1.01828,1.01828,1.01186,0.3172,-21.4,-67.91,-67.92,3,stop_loss,18.05303,0.00143,-1.03725,-2.19579,london,2022
EURUSD,1,2022-08-25 08:00:00,2022-08-25 14:00:00,0.9999,0.9973,0.9973,1.00511,0.2583,-26.0,-67.24,-67.24,6,stop_loss,25.0105,0.00174,1.75727,-5.06957,london,2022
EURUSD,-1,2022-08-26 21:00:00,2022-08-29 07:00:00,0.99698,0.99165,1.00076,0.98942,0.1761,53.3,93.86,93.86,10,time_exit,21.44125,0.00252,-0.49873,-2.05393,new_york,2022
EURUSD,-1,2022-08-29 08:00:00,2022-08-29 10:00:00,0.99166,0.99439,0.99439,0.9862,0.2474,-27.3,-67.51,-67.51,2,stop_loss,20.46213,0.00182,-2.79418,-3.14232,london,2022
EURUSD,-1,2022-08-29 13:00:00,2022-08-29 14:00:00,0.99625,0.99913,0.99913,0.99049,0.2323,-28.8,-66.85,-66.85,1,stop_loss,18.4644,0.00192,-0.00288,-3.01134,london,2022
EURUSD,-1,2022-08-30 21:00:00,2022-08-31 07:00:00,1.00174,1.00401,1.00532,0.99458,0.1848,-22.7,-41.95,-41.95,10,time_exit,18.13991,0.00239,0.88185,-0.85353,new_york,2022
EURUSD,-1,2022-09-01 02:00:00,2022-09-01 12:00:00,1.00508,1.00287,1.00817,0.99889,0.2125,22.1,46.96,46.96,10,time_exit,18.61759,0.00206,1.56412,-0.02007,,2022
EURUSD,1,2022-09-01 13:00:00,2022-09-01 15:00:00,1.00287,1.00008,1.00008,1.00845,0.2373,-27.9,-66.22,-66.22,2,stop_loss,14.00324,0.00186,0.4165,0.06471,london,2022
EURUSD,-1,2022-09-05 03:00:00,2022-09-05 13:00:00,0.99079,0.99338,0.99441,0.98355,0.1811,-25.9,-46.9,-46.91,10,time_exit,27.18061,0.00241,-2.9119,-1.03434,,2022
EURUSD,1,2022-09-05 14:00:00,2022-09-06 00:00:00,0.99338,0.99273,0.98984,1.00046,0.1839,-6.5,-11.95,-11.96,10,time_exit,30.91333,0.00236,-0.89795,-1.64175,london,2022
EURUSD,1,2022-09-06 01:00:00,2022-09-06 09:00:00,0.99296,0.99764,0.99062,0.99764,0.2777,46.8,129.91,129.91,8,take_profit,21.17635,0.00156,-1.1376,-2.67427,,2022
EURUSD,-1,2022-09-09 13:00:00,2022-09-09 23:00:00,1.00871,1.00406,1.01192,1.00228,0.2062,46.5,95.88,95.88,10,time_exit,30.64145,0.00214,3.79555,1.16862,london,2022
EURUSD,-1,2022-09-12 13:00:00,2022-09-12 23:00:00,1.01471,1.01218,1.01867,1.00678,0.1696,25.3,42.91,42.91,10,time_exit,29.78186,0.00264,3.41003,2.07903,london,2022
EURUSD,-1,2022-09-13 17:00:00,2022-09-14 03:00:00,1.00325,0.99789,1.00747,0.9948,0.1601,53.6,85.81,85.81,10,time_exit,28.2841,0.00282,-2.57082,2.5506,new_york,2022
EURUSD,-1,2022-09-14 15:00:00,2022-09-15 01:00:00,0.99922,0.99823,1.00247,0.99272,0.2109,9.9,20.88,20.88,10,time_exit,31.93409,0.00217,-2.0125,0.55624,london,2022
EURUSD,-1,2022-09-15 18:00:00,2022-09-16 04:00:00,0.99967,0.99983,1.00255,0.99391,0.2386,-1.6,-3.82,-3.82,10,time_exit,23.1735,0.00192,-0.27341,-0.65618,new_york,2022
EURUSD,1,2022-09-20 06:00:00,2022-09-20 11:00:00,1.00335,1.00112,1.00112,1.00782,0.3075,-22.3,-68.67,-68.67,5,stop_loss,27.44857,0.00149,1.91118,-0.20743,,2022
EURUSD,-1,2022-09-20 12:00:00,2022-09-20 15:00:00,1.001,0.99601,1.00349,0.99601,0.2726,49.9,135.99,135.98,3,take_profit,25.36689,0.00166,0.06056,-0.00275,london,2022
EURUSD,1,2022-09-20 15:00:00,2022-09-20 16:00:00,0.99871,0.99615,0.99615,1.00383,0.2709,-25.6,-69.36,-69.36,1,stop_loss,21.57498,0.00171,-1.21738,-0.04683,london,2022
EURUSD,-1,2022-09-20 19:00:00,2022-09-21 05:00:00,0.99936,0.99643,1.00219,0.9937,0.2427,29.3,71.11,71.11,10,time_exit,23.59434,0.00189,-0.58837,-0.1681,new_york,2022
EURUSD,-1,2022-09-22 15:00:00,2022-09-23 01:00:00,0.98664,0.98325,0.99065,0.97862,0.173,33.9,58.65,58.65,10,time_exit,40.74134,0.00267,-1.15305,-2.58523,london,2022
EURUSD,-1,2022-09-23 11:00:00,2022-09-23 17:00:00,0.97753,0.97129,0.98065,0.97129,0.2244,62.4,139.93,139.93,6,take_profit,22.87818,0.00208,-4.06268,-3.95378,london,2022
EURUSD,-1,2022-09-27 10:00:00,2022-09-27 19:00:00,0.96446,0.95717,0.96811,0.95717,0.1957,72.9,142.71,142.71,9,take_profit,30.20152,0.00243,-1.391,-6.44839,london,2022
EURUSD,-1,2022-09-27 22:00:00,2022-09-28 08:00:00,0.95998,0.95559,0.96407,0.9518,0.178,43.9,78.14,78.14,10,time_exit,20.62483,0.00273,-1.98764,-5.73497,,2022
EURUSD,1,2022-09-28 21:00:00,2022-09-29 05:00:00,0.97307,0.96785,0.96785,0.98352,0.1408,-52.2,-73.56,-73.56,8,stop_loss,33.38041,0.00348,3.14516,-4.15111,new_york,2022
EURUSD,1,2022-09-29 16:00:00,2022-09-29 18:00:00,0.96883,0.97748,0.9645,0.97748,0.1683,86.5,145.65,145.65,2,take_profit,25.64649,0.00288,0.95043,-3.22985,new_york,2022
EURUSD,1,2022-09-29 23:00:00,2022-09-30 09:00:00,0.98008,0.97995,0.97557,0.98909,0.1649,-1.3,-2.14,-2.15,10,time_exit,29.24648,0.003,3.7284,-2.20549,,2022
EURUSD,1,2022-10-05 07:00:00,2022-10-05 10:00:00,0.99696,0.994,0.994,1.00287,0.2512,-29.6,-74.26,-74.26,3,stop_loss,45.75863,0.00197,4.04179,3.98314,london,2022
EURUSD,1,2022-10-07 20:00:00,2022-10-10 06:00:00,0.97612,0.97377,0.97232,0.98373,0.1933,-23.5,-45.43,-45.43,10,time_exit,43.25935,0.00254,-2.53224,-0.05264,new_york,2022
EURUSD,-1,2022-10-10 09:00:00,2022-10-10 17:00:00,0.9717,0.97448,0.97448,0.96614,0.2626,-27.8,-73.06,-73.07,8,stop_loss,44.01416,0.00185,-3.94222,-1.39977,london,2022
EURUSD,-1,2022-10-11 02:00:00,2022-10-11 12:00:00,0.97084,0.96995,0.97372,0.96507,0.251,8.9,22.34,22.34,10,time_exit,27.73965,0.00192,-2.02088,-2.66092,,2022
EURUSD,-1,2022-10-13 02:00:00,2022-10-13 12:00:00,0.97077,0.97357,0.97357,0.96517,0.2589,-28.0,-72.55,-72.55,10,stop_loss,10.64582,0.00187,-0.19086,-2.77974,,2022
EURUSD,1,2022-10-18 08:00:00,2022-10-18 11:00:00,0.98575,0.98291,0.98291,0.99143,0.2529,-28.4,-71.83,-71.83,3,stop_loss,32.92556,0.00189,3.70023,1.11018,london,2022
EURUSD,1,2022-10-20 00:00:00,2022-10-20 10:00:00,0.97726,0.97868,0.9745,0.98279,0.2572,14.2,36.52,36.52,10,time_exit,32.57638,0.00184,-1.96643,1.2527,,2022
EURUSD,1,2022-10-20 13:00:00,2022-10-20 15:00:00,0.97832,0.98321,0.97587,0.98321,0.2921,48.9,142.97,142.97,2,take_profit,24.62925,0.00163,-0.71869,0.66966,london,2022
EURUSD,1,2022-10-24 09:00:00,2022-10-24 19:00:00,0.98433,0.98707,0.98024,0.99252,0.1781,27.4,48.8,48.8,10,time_exit,24.25545,0.00273,1.11989,0.74753,london,2022
EURUSD,1,2022-10-25 10:00:00,2022-10-25 16:00:00,0.98615,0.99175,0.98335,0.99175,0.2621,56.0,146.8,146.79,6,take_profit,34.96203,0.00187,0.66459,2.14386,london,2022
EURUSD,1,2022-10-27 01:00:00,2022-10-27 11:00:00,1.00814,1.00602,1.00505,1.01432,0.2422,-21.2,-51.35,-51.35,10,time_exit,50.55537,0.00206,5.14121,5.21631,,2022
EURUSD,-1,2022-10-28 08:00:00,2022-10-28 11:00:00,0.9985,0.99275,1.00138,0.99275,0.2585,57.5,148.73,148.73,3,take_profit,25.76389,0.00192,-0.60171,4.70852,london,2022
EURUSD,-1,2022-10-31 10:00:00,2022-10-31 16:00:00,0.99524,0.99005,0.99784,0.99005,0.2921,51.9,151.68,151.68,6,take_profit,15.30028,0.00173,-1.00125,3.01865,london,2022
EURUSD,1,2022-11-01 01:00:00,2022-11-01 09:00:00,0.98828,0.99349,0.98567,0.99349,0.2969,52.1,154.7,154.7,8,take_profit,32.09726,0.00174,-3.26474,1.30229,,2022
EURUSD,1,2022-11-01 10:00:00,2022-11-01 17:00:00,0.99324,0.99095,0.99095,0.99782,0.3449,-22.9,-78.91,-78.91,7,stop_loss,27.53993,0.00153,0.35594,0.8869,london,2022
EURUSD,1,2022-11-03 18:00:00,2022-11-03 19:00:00,0.97856,0.97482,0.97482,0.98605,0.2086,-37.4,-78.1,-78.1,1,stop_loss,17.96404,0.0025,-2.14811,-1.92915,new_york,2022
EURUSD,1,2022-11-04 22:00:00,2022-11-07 00:00:00,0.99485,0.99033,0.99033,1.00388,0.1712,-45.2,-77.32,-77.32,2,stop_loss,39.0432,0.00301,4.10752,-1.39532,,2022
EURUSD,1,2022-11-07 03:00:00,2022-11-07 13:00:00,0.99328,0.99814,0.98894,1.00196,0.1764,48.6,85.73,85.73,10,time_exit,43.19451,0.00289,3.01452,-0.85805,,2022
EURUSD,-1,2022-11-08 01:00:00,2022-11-08 11:00:00,1.00184,1.00036,1.00478,0.99596,0.2635,14.8,39.0,39.0,10,time_exit,43.10287,0.00196,4.46552,1.89535,,2022
EURUSD,1,2022-11-08 20:00:00,2022-11-08 21:00:00,1.00882,1.00571,1.00571,1.01504,0.2501,-31.1,-77.8,-77.8,1,stop_loss,29.11043,0.00207,5.34695,3.05471,new_york,2022
EURUSD,1,2022-11-09 13:00:00,2022-11-09 16:00:00,1.00456,1.00184,1.00184,1.01,0.283,-27.2,-77.04,-77.04,3,stop_loss,23.82254,0.00181,1.35189,4.57702,london,2022
EURUSD,-1,2022-11-10 09:00:00,2022-11-10 11:00:00,1.00315,0.99812,1.00567,0.99812,0.3032,50.3,152.55,152.55,2,take_profit,10.93339,0.00168,0.53921,4.11458,london,2022
EURUSD,-1,2022-11-11 17:00:00,2022-11-11 18:00:00,1.02831,1.03314,1.03314,1.01865,0.1611,-48.3,-77.78,-77.78,1,stop_loss,44.19896,0.00322,4.31296,4.21647,new_york,2022
EURUSD,-1,2022-11-11 22:00:00,2022-11-14 08:00:00,1.03622,1.0325,1.04071,1.02724,0.1715,37.2,63.8,63.8,10,time_exit,44.40642,0.00299,5.91544,5.17669,,2022
EURUSD,-1,2022-11-16 04:00:00,2022-11-16 09:00:00,1.03439,1.03934,1.03934,1.02449,0.1569,-49.5,-77.65,-77.65,5,stop_loss,19.15973,0.0033,0.2762,5.21497,,2022
EURUSD,-1,2022-11-18 13:00:00,2022-11-18 23:00:00,1.03692,1.03225,1.04021,1.03035,0.2339,46.7,109.23,109.23,10,time_exit,13.14526,0.00219,0.14923,5.0992,london,2022
EURUSD,1,2022-11-21 10:00:00,2022-11-21 19:00:00,1.02553,1.02245,1.02245,1.0317,0.2529,-30.8,-77.97,-77.98,9,stop_loss,33.72777,0.00206,-3.92485,3.38214,london,2022
EURUSD,1,2022-11-21 19:00:00,2022-11-22 05:00:00,1.02376,1.02616,1.02069,1.0299,0.2512,24.0,60.29,60.29,10,time_exit,44.47224,0.00205,-3.42408,2.11942,new_york,2022
EURUSD,-1,2022-11-23 13:00:00,2022-11-23 15:00:00,1.0312,1.03387,1.03387,1.02587,0.2918,-26.7,-77.79,-77.79,2,stop_loss,39.26017,0.00178,0.80924,1.47368,london,2022
EURUSD,-1,2022-11-24 05:00:00,2022-11-24 15:00:00,1.0432,1.04231,1.04608,1.03743,0.2671,8.9,23.77,23.77,10,time_exit,54.555,0.00192,4.78471,2.71049,,2022
EURUSD,-1,2022-11-28 16:00:00,2022-11-28 18:00:00,1.04628,1.03891,1.04996,1.03891,0.2097,73.7,154.51,154.51,2,take_profit,32.65593,0.00246,2.51873,2.44778,new_york,2022
EURUSD,1,2022-12-01 11:00:00,2022-12-01 17:00:00,1.04443,1.05292,1.04019,1.05292,0.1857,84.9,157.6,157.6,6,take_profit,26.85518,0.00283,2.01073,1.07852,london,2022
EURUSD,1,2022-12-02 04:00:00,2022-12-02 14:00:00,1.05134,1.05378,1.04747,1.05908,0.2075,24.4,50.63,50.63,10,time_exit,24.82285,0.00258,2.74375,2.48285,,2022
EURUSD,1,2022-12-07 07:00:00,2022-12-07 14:00:00,1.04638,1.0511,1.04402,1.0511,0.3428,47.2,161.76,161.75,7,take_profit,19.07736,0.00157,-1.8193,2.86463,london,2022
EURUSD,1,2022-12-08 07:00:00,2022-12-08 17:00:00,1.05012,1.05452,1.04764,1.05507,0.3331,44.0,146.56,146.56,10,time_exit,12.96185,0.00165,0.15669,2.41287,london,2022
EURUSD,1,2022-12-09 02:00:00,2022-12-09 12:00:00,1.05555,1.05585,1.0531,1.06046,0.3423,3.0,10.27,10.27,10,time_exit,27.29997,0.00164,2.21235,2.90876,,2022
EURUSD,1,2022-12-12 10:00:00,2022-12-12 13:00:00,1.05266,1.05733,1.05032,1.05733,0.3598,46.7,168.1,168.1,3,take_profit,28.95588,0.00156,-0.39793,2.64394,london,2022
EURUSD,-1,2022-12-15 06:00:00,2022-12-15 16:00:00,1.06548,1.0682,1.0682,1.06004,0.3151,-27.2,-85.73,-85.73,10,stop_loss,22.09163,0.00181,1.4059,4.31536,,2022
EURUSD,1,2022-12-16 04:00:00,2022-12-16 14:00:00,1.06419,1.06218,1.06086,1.07086,0.2546,-20.1,-51.17,-51.18,10,time_exit,16.07751,0.00222,0.39906,2.93274,,2022
EURUSD,1,2022-12-16 17:00:00,2022-12-16 18:00:00,1.06434,1.06087,1.06087,1.07128,0.2433,-34.7,-84.37,-84.37,1,stop_loss,13.36074,0.00231,0.36497,2.53066,new_york,2022
EURUSD,1,2022-12-16 21:00:00,2022-12-19 07:00:00,1.0615,1.06075,1.05806,1.06837,0.2432,-7.5,-18.24,-18.24,10,time_exit,11.21135,0.00229,-0.72011,2.34291,new_york,2022
EURUSD,-1,2022-12-19 12:00:00,2022-12-19 22:00:00,1.06187,1.06045,1.06478,1.05605,0.2866,14.2,40.7,40.7,10,time_exit,15.93417,0.00194,-0.19746,2.03547,london,2022
EURUSD,1,2022-12-21 14:00:00,2022-12-22 00:00:00,1.06059,1.06049,1.0581,1.06557,0.3363,-1.0,-3.36,-3.36,10,time_exit,11.21526,0.00166,-0.75673,1.3747,london,2022
EURUSD,1,2022-12-22 03:00:00,2022-12-22 13:00:00,1.0618,1.06155,1.05948,1.06644,0.3605,-2.5,-9.01,-9.01,10,time_exit,8.21931,0.00155,0.17817,1.15535,,2022
EURUSD,1,2022-12-22 22:00:00,2022-12-23 08:00:00,1.05925,1.06068,1.05645,1.06485,0.2985,14.3,42.69,42.68,10,time_exit,18.14765,0.00187,-1.24044,0.79238,,2022
EURUSD,1,2022-12-23 18:00:00,2022-12-27 04:00:00,1.06136,1.06475,1.05858,1.06692,0.3023,33.9,102.48,102.48,10,time_exit,12.05009,0.00185,0.09138,0.51654,new_york,2022
EURUSD,1,2022-12-27 09:00:00,2022-12-27 10:00:00,1.06639,1.06419,1.06419,1.0708,0.3859,-22.0,-85.09,-85.09,1,stop_loss,22.39181,0.00147,2.7499,1.12274,london,2022
EURUSD,-1,2022-12-27 14:00:00,2022-12-28 00:00:00,1.06543,1.06406,1.06782,1.06065,0.3525,13.7,48.29,48.29,10,time_exit,24.05834,0.00159,1.56741,1.25438,london,2022
EURUSD,-1,2022-12-29 20:00:00,2022-12-30 06:00:00,1.06821,1.06552,1.07092,1.06278,0.3122,26.9,83.98,83.98,10,time_exit,23.97119,0.00181,2.43603,0.93166,new_york,2022
EURUSD,1,2023-01-02 04:00:00,2023-01-02 09:00:00,1.06984,1.06717,1.06717,1.07518,0.3207,-26.7,-85.55,-85.55,5,stop_loss,21.90821,0.00178,1.61789,1.86101,,2023
EURUSD,1,2023-01-02 23:00:00,2023-01-03 09:00:00,1.06656,1.0644,1.0644,1.07089,0.3916,-21.6,-84.7,-84.7,10,stop_loss,28.17386,0.00144,-0.46786,1.99881,,2023
EURUSD,1,2023-01-03 19:00:00,2023-01-04 05:00:00,1.0558,1.0569,1.05213,1.06314,0.2284,11.0,25.12,25.12,10,time_exit,35.58601,0.00245,-3.04787,-0.18475,new_york,2023
EURUSD,-1,2023-01-04 13:00:00,2023-01-04 23:00:00,1.06208,1.06041,1.06505,1.05613,0.2828,16.7,47.23,47.23,10,time_exit,24.41204,0.00198,0.89444,-1.17547,london,2023
EURUSD,-1,2023-01-06 02:00:00,2023-01-06 12:00:00,1.0521,1.05076,1.05464,1.04701,0.3325,13.4,44.56,44.55,10,time_exit,29.60504,0.0017,-3.45908,-1.9766,,2023
EURUSD,1,2023-01-06 12:00:00,2023-01-06 14:00:00,1.05076,1.04841,1.04841,1.05546,0.362,-23.5,-85.01,-85.01,2,stop_loss,31.65275,0.00157,-3.33845,-2.83613,london,2023
EURUSD,-1,2023-01-06 19:00:00,2023-01-09 01:00:00,1.06189,1.06584,1.06584,1.05399,0.2132,-39.5,-84.19,-84.19,6,stop_loss,31.62499,0.00263,2.41033,-1.68758,new_york,2023
EURUSD,1,2023-01-09 10:00:00,2023-01-09 15:00:00,1.06731,1.07268,1.06462,1.07268,0.3101,53.7,166.65,166.65,5,take_profit,47.58579,0.00179,3.8889,-0.26052,london,2023
EURUSD,1,2023-01-10 03:00:00,2023-01-10 13:00:00,1.07275,1.0735,1.0701,1.07805,0.321,7.5,24.07,24.07,10,time_exit,54.93121,0.00177,3.65269,2.10946,,2023
EURUSD,-1,2023-01-10 14:00:00,2023-01-10 16:00:00,1.07348,1.07587,1.07587,1.0687,0.3568,-23.9,-85.22,-85.23,2,stop_loss,43.70948,0.00159,2.87839,3.24896,london,2023
EURUSD,1,2023-01-10 18:00:00,2023-01-11 04:00:00,1.07282,1.07268,1.07004,1.07838,0.3035,-1.4,-4.25,-4.25,10,time_exit,37.70925,0.00185,1.77282,2.90658,new_york,2023
EURUSD,-1,2023-01-11 06:00:00,2023-01-11 07:00:00,1.07336,1.07548,1.07548,1.06911,0.397,-21.2,-84.33,-84.33,1,stop_loss,26.73912,0.00142,1.65135,4.14202,,2023
EURUSD,-1,2023-01-12 05:00:00,2023-01-12 15:00:00,1.07675,1.0789,1.0789,1.07244,0.3875,-21.5,-83.49,-83.49,10,stop_loss,19.09739,0.00144,2.12137,4.46797,,2023
EURUSD,1,2023-01-12 18:00:00,2023-01-13 04:00:00,1.08069,1.08448,1.07666,1.08874,0.2054,37.9,77.85,77.84,10,time_exit,24.44198,0.00268,2.06865,2.49044,new_york,2023
EURUSD,1,2023-01-16 13:00:00,2023-01-16 23:00:00,1.08304,1.08223,1.08031,1.0885,0.3058,-8.1,-24.77,-24.77,10,time_exit,19.5142,0.00182,0.47016,4.58955,london,2023
EURUSD,1,2023-01-17 12:00:00,2023-01-17 16:00:00,1.08176,1.0861,1.07959,1.0861,0.3831,43.4,166.39,166.39,4,take_profit,19.14185,0.00145,-0.30354,4.60142,london,2023
EURUSD,1,2023-01-17 17:00:00,2023-01-17 18:00:00,1.08637,1.08372,1.08372,1.09167,0.3201,-26.5,-84.86,-84.86,1,stop_loss,18.70817,0.00177,2.12371,3.74695,new_york,2023
EURUSD,-1,2023-01-18 18:00:00,2023-01-19 04:00:00,1.08335,1.07937,1.08721,1.07562,0.2174,39.8,86.53,86.52,10,time_exit,25.77628,0.00258,0.58026,1.85517,new_york,2023
EURUSD,-1,2023-01-19 14:00:00,2023-01-20 00:00:00,1.08219,1.08304,1.08487,1.07683,0.3166,-8.5,-26.91,-26.91,10,time_exit,16.28124,0.00179,0.65457,1.89197,london,2023
EURUSD,1,2023-01-23 08:00:00,2023-01-23 14:00:00,1.08922,1.08709,1.08709,1.09347,0.3978,-21.3,-84.59,-84.6,6,stop_loss,34.74937,0.00142,3.44143,3.12661,london,2023
EURUSD,1,2023-01-24 05:00:00,2023-01-24 11:00:00,1.08789,1.08586,1.08586,1.09195,0.413,-20.3,-83.76,-83.77,6,stop_loss,18.86465,0.00135,1.27704,3.53534,,2023
EURUSD,1,2023-01-25 10:00:00,2023-01-25 13:00:00,1.08807,1.08594,1.08594,1.09234,0.3886,-21.3,-82.92,-82.92,3,stop_loss,10.73597,0.00142,0.31316,3.2178,london,2023
EURUSD,1,2023-01-25 15:00:00,2023-01-25 17:00:00,1.08738,1.09205,1.08504,1.09205,0.3513,46.7,164.18,164.18,2,take_profit,12.50003,0.00156,-0.07125,2.76021,london,2023
EURUSD,-1,2023-01-25 19:00:00,2023-01-26 05:00:00,1.09006,1.09131,1.0929,1.08437,0.2945,-12.5,-36.81,-36.81,10,time_exit,13.35773,0.0019,1.15297,2.2749,new_york,2023
EURUSD,1,2023-01-27 17:00:00,2023-01-27 18:00:00,1.08665,1.08433,1.08433,1.09129,0.3596,-23.2,-83.35,-83.35,1,stop_loss,17.00216,0.00155,-1.26895,1.86901,new_york,2023
EURUSD,-1,2023-01-30 02:00:00,2023-01-30 11:00:00,1.08719,1.08939,1.08939,1.08279,0.3747,-22.0,-82.52,-82.52,9,stop_loss,22.94588,0.00147,-0.45137,1.48998,,2023
EURUSD,-1,2023-02-01 04:00:00,2023-02-01 09:00:00,1.08574,1.08776,1.08776,1.0817,0.4045,-20.2,-81.71,-81.71,5,stop_loss,16.1662,0.00135,-0.14357,0.13483,,2023
EURUSD,-1,2023-02-01 12:00:00,2023-02-01 15:00:00,1.08808,1.08996,1.08996,1.08431,0.4293,-18.8,-80.89,-80.89,3,stop_loss,16.79573,0.00126,1.63656,0.35001,london,2023
EURUSD,1,2023-02-02 03:00:00,2023-02-02 12:00:00,1.1019,1.09885,1.09885,1.10799,0.2628,-30.5,-80.06,-80.06,9,stop_loss,47.27563,0.00203,5.77055,1.54445,,2023
EURUSD,1,2023-02-03 03:00:00,2023-02-03 13:00:00,1.08968,1.09292,1.08667,1.0957,0.2634,32.4,85.34,85.34,10,time_exit,39.91993,0.00201,-1.62451,2.06084,,2023
EURUSD,-1,2023-02-03 21:00:00,2023-02-06 07:00:00,1.08117,1.07968,1.08522,1.07308,0.1981,14.9,29.52,29.51,10,time_exit,41.93184,0.0027,-3.42268,0.60049,new_york,2023
EURUSD,-1,2023-02-06 21:00:00,2023-02-07 07:00:00,1.07264,1.07404,1.07542,1.06708,0.2894,-14.0,-40.52,-40.52,10,time_exit,58.02732,0.00185,-4.98235,-2.38592,new_york,2023
EURUSD,1,2023-02-08 03:00:00,2023-02-08 13:00:00,1.07318,1.0735,1.07014,1.07926,0.263,3.2,8.42,8.41,10,time_exit,28.52138,0.00203,-0.92188,-3.72751,,2023
EURUSD,1,2023-02-08 13:00:00,2023-02-08 16:00:00,1.07464,1.07214,1.07214,1.07964,0.3201,-25.0,-80.1,-80.1,3,stop_loss,22.87641,0.00167,-0.07214,-4.23714,london,2023
EURUSD,1,2023-02-09 00:00:00,2023-02-09 10:00:00,1.071,1.07556,1.06872,1.07556,0.3475,45.6,158.62,158.61,10,take_profit,14.95795,0.00152,-1.70508,-4.51687,,2023
EURUSD,-1,2023-02-13 02:00:00,2023-02-13 12:00:00,1.06773,1.06804,1.06978,1.06363,0.3949,-3.1,-12.24,-12.24,10,time_exit,24.60084,0.00137,-2.6906,-4.40135,,2023
EURUSD,1,2023-02-15 13:00:00,2023-02-15 15:00:00,1.07157,1.06917,1.06917,1.07636,0.3371,-24.0,-80.77,-80.78,2,stop_loss,29.23287,0.0016,-0.53946,-1.61915,london,2023
EURUSD,1,2023-02-15 16:00:00,2023-02-16 02:00:00,1.0683,1.06894,1.0657,1.07351,0.307,6.4,19.65,19.65,10,time_exit,27.14844,0.00174,-2.20089,-1.57768,new_york,2023
EURUSD,-1,2023-02-17 06:00:00,2023-02-17 16:00:00,1.06526,1.06405,1.06731,1.06116,0.3912,12.1,47.34,47.33,10,time_exit,32.93331,0.00137,-2.7124,-2.80659,,2023
EURUSD,-1,2023-02-21 20:00:00,2023-02-22 06:00:00,1.06608,1.06586,1.06872,1.0608,0.3052,2.2,6.71,6.71,10,time_exit,14.54573,0.00176,-0.65043,-1.67913,new_york,2023
EURUSD,1,2023-02-22 08:00:00,2023-02-22 11:00:00,1.06576,1.06393,1.06393,1.06941,0.4421,-18.3,-80.7,-80.71,3,stop_loss,11.39535,0.00122,-0.60779,-2.57012,london,2023
EURUSD,1,2023-02-22 19:00:00,2023-02-22 21:00:00,1.06229,1.06003,1.06003,1.06681,0.3534,-22.6,-79.89,-79.89,2,stop_loss,12.52805,0.00151,-2.19021,-2.28995,new_york,2023
EURUSD,1,2023-02-23 10:00:00,2023-02-23 11:00:00,1.06166,1.05995,1.05995,1.06508,0.4629,-17.1,-79.08,-79.08,1,stop_loss,15.51178,0.00114,-1.88083,-3.68826,london,2023
EURUSD,-1,2023-02-23 14:00:00,2023-02-24 00:00:00,1.0604,1.05941,1.06231,1.05658,0.4094,9.9,40.53,40.53,10,time_exit,21.04861,0.00127,-2.22505,-3.49166,london,2023
EURUSD,-1,2023-02-24 17:00:00,2023-02-27 03:00:00,1.05482,1.05593,1.05698,1.05051,0.3652,-11.1,-40.54,-40.54,10,time_exit,21.98149,0.00144,-3.84537,-3.71665,new_york,2023
EURUSD,1,2023-02-27 10:00:00,2023-02-27 16:00:00,1.05481,1.0585,1.05296,1.0585,0.4241,36.9,156.58,156.58,6,take_profit,38.09068,0.00123,-2.24153,-5.18594,london,2023
EURUSD,-1,2023-02-28 14:00:00,2023-02-28 15:00:00,1.06092,1.06292,1.06292,1.05692,0.399,-20.0,-79.88,-79.88,1,stop_loss,24.1509,0.00133,1.4695,-2.90375,london,2023
EURUSD,1,2023-03-01 02:00:00,2023-03-01 09:00:00,1.0577,1.0618,1.05565,1.0618,0.386,41.0,158.15,158.15,7,take_profit,19.47584,0.00137,-1.08619,-2.41151,,2023
EURUSD,-1,2023-03-01 09:00:00,2023-03-01 10:00:00,1.06072,1.0627,1.0627,1.05675,0.4067,-19.8,-80.66,-80.66,1,stop_loss,16.6189,0.00132,1.21613,-2.35867,london,2023
EURUSD,-1,2023-03-02 03:00:00,2023-03-02 12:00:00,1.06604,1.06154,1.06829,1.06154,0.3545,45.0,159.66,159.66,9,take_profit,28.08556,0.0015,2.12062,-0.03229,,2023
EURUSD,-1,2023-03-02 19:00:00,2023-03-03 05:00:00,1.05942,1.06063,1.06198,1.05429,0.3177,-12.1,-38.44,-38.44,10,time_exit,32.23141,0.00171,-1.84908,-0.17109,new_york,2023
EURUSD,1,2023-03-03 19:00:00,2023-03-06 05:00:00,1.06158,1.06458,1.05919,1.06636,0.3394,30.0,101.82,101.82,10,time_exit,18.45714,0.00159,0.08112,-0.55648,new_york,2023
EURUSD,1,2023-03-06 07:00:00,2023-03-06 13:00:00,1.06431,1.06242,1.06242,1.06808,0.4348,-18.9,-82.07,-82.07,6,stop_loss,14.74322,0.00126,1.61765,-0.20921,london,2023
EURUSD,1,2023-03-07 23:00:00,2023-03-08 09:00:00,1.05508,1.05437,1.05234,1.06056,0.2963,-7.1,-21.04,-21.04,10,time_exit,37.80686,0.00183,-4.72498,0.22116,,2023
EURUSD,-1,2023-03-08 16:00:00,2023-03-08 17:00:00,1.05413,1.05607,1.05607,1.05025,0.418,-19.4,-81.04,-81.04,1,stop_loss,52.77454,0.00129,-3.72982,-2.26413,new_york,2023
EURUSD,1,2023-03-08 18:00:00,2023-03-09 04:00:00,1.05526,1.05454,1.05291,1.05997,0.3409,-7.2,-24.54,-24.55,10,time_exit,46.74221,0.00157,-2.17449,-1.95562,new_york,2023
EURUSD,-1,2023-03-09 09:00:00,2023-03-09 11:00:00,1.05509,1.05672,1.05672,1.05183,0.4914,-16.3,-79.99,-79.99,2,stop_loss,18.59922,0.00109,-1.61011,-3.56673,london,2023
EURUSD,1,2023-03-10 08:00:00,2023-03-10 15:00:00,1.05866,1.06235,1.05681,1.06235,0.4291,36.9,158.36,158.36,7,take_profit,30.07682,0.00123,0.84691,-2.07188,london,2023
EURUSD,-1,2023-03-10 19:00:00,2023-03-13 00:00:00,1.06588,1.06937,1.06937,1.05891,0.2317,-34.9,-80.77,-80.77,5,stop_loss,31.61146,0.00232,2.91041,-0.51313,new_york,2023
EURUSD,-1,2023-03-13 06:00:00,2023-03-13 16:00:00,1.073,1.06994,1.07699,1.06503,0.2006,30.6,61.38,61.38,10,time_exit,40.40113,0.00266,4.12557,0.38769,,2023
EURUSD,-1,2023-03-14 09:00:00,2023-03-14 15:00:00,1.07075,1.07322,1.07322,1.06581,0.3262,-24.7,-80.58,-80.58,6,stop_loss,22.15134,0.00165,1.53929,2.88688,london,2023
EURUSD,-1,2023-03-17 03:00:00,2023-03-17 06:00:00,1.06136,1.06437,1.06437,1.05535,0.2653,-30.1,-79.78,-79.78,3,stop_loss,23.4562,0.002,-0.57733,-0.62256,,2023
EURUSD,1,2023-03-20 07:00:00,2023-03-20 10:00:00,1.06693,1.06434,1.06434,1.07212,0.3046,-25.9,-78.97,-78.98,3,stop_loss,18.2226,0.00173,1.22877,0.34922,london,2023
EURUSD,-1,2023-03-20 21:00:00,2023-03-21 07:00:00,1.07162,1.07122,1.07453,1.06581,0.269,4.0,10.76,10.76,10,time_exit,18.14851,0.00194,2.4076,1.06003,new_york,2023
EURUSD,1,2023-03-21 07:00:00,2023-03-21 13:00:00,1.07159,1.0755,1.06963,1.0755,0.4,39.1,156.56,156.56,6,take_profit,16.55679,0.0013,2.27275,2.33408,london,2023
EURUSD,-1,2023-03-22 02:00:00,2023-03-22 12:00:00,1.07701,1.07889,1.07889,1.07326,0.4259,-18.8,-79.86,-79.87,10,stop_loss,29.5119,0.00125,3.61536,4.13959,,2023
EURUSD,1,2023-03-23 21:00:00,2023-03-23 22:00:00,1.08688,1.08401,1.08401,1.09261,0.2758,-28.7,-79.05,-79.05,1,stop_loss,54.59711,0.00191,1.72529,5.38298,new_york,2023
EURUSD,1,2023-03-24 05:00:00,2023-03-24 11:00:00,1.08251,1.07989,1.07989,1.08775,0.2988,-26.2,-78.26,-78.26,6,stop_loss,34.09686,0.00175,-0.57285,5.41104,,2023
EURUSD,-1,2023-03-24 14:00:00,2023-03-24 16:00:00,1.0728,1.07607,1.07607,1.06625,0.2368,-32.7,-77.49,-77.5,2,stop_loss,33.28001,0.00218,-4.39498,3.56606,london,2023
EURUSD,1,2023-03-24 16:00:00,2023-03-27 02:00:00,1.07493,1.07778,1.07145,1.08189,0.2204,28.5,62.81,62.81,10,time_exit,37.45063,0.00232,-2.9331,3.09054,new_york,2023
EURUSD,1,2023-03-28 15:00:00,2023-03-29 01:00:00,1.08313,1.08415,1.08129,1.08681,0.4209,10.2,42.93,42.93,10,time_exit,38.19321,0.00123,2.61242,3.09556,london,2023
EURUSD,1,2023-03-29 16:00:00,2023-03-29 17:00:00,1.08536,1.08337,1.08337,1.08935,0.3902,-19.9,-77.77,-77.77,1,stop_loss,28.10801,0.00133,2.04996,3.56475,new_york,2023
EURUSD,-1,2023-03-29 17:00:00,2023-03-30 03:00:00,1.08468,1.08377,1.08681,1.08043,0.3621,9.1,32.95,32.95,10,time_exit,26.57054,0.00142,1.37861,3.35048,new_york,2023
EURUSD,1,2023-03-30 03:00:00,2023-03-30 10:00:00,1.08428,1.08237,1.08237,1.0881,0.4052,-19.1,-77.32,-77.32,7,stop_loss,18.31735,0.00127,0.88874,3.60094,,2023
EURUSD,1,2023-03-30 10:00:00,2023-03-30 13:00:00,1.08454,1.0881,1.08276,1.0881,0.4305,35.6,153.08,153.08,3,take_profit,14.81424,0.00119,1.16102,3.69898,london,2023
EURUSD,-1,2023-03-30 18:00:00,2023-03-31 04:00:00,1.09127,1.09082,1.09369,1.08643,0.3223,4.5,14.5,14.5,10,time_exit,27.33406,0.00161,4.01889,3.18387,new_york,2023
EURUSD,-1,2023-03-31 13:00:00,2023-03-31 23:00:00,1.08838,1.08419,1.09047,1.08419,0.3738,41.9,156.45,156.45,10,take_profit,26.66238,0.0014,0.56031,4.40167,london,2023
EURUSD,1,2023-04-03 04:00:00,2023-04-03 13:00:00,1.08138,1.08654,1.0788,1.08654,0.3092,51.6,159.56,159.56,9,take_profit,33.20713,0.00172,-2.90035,2.56263,,2023
EURUSD,1,2023-04-04 00:00:00,2023-04-04 10:00:00,1.08965,1.09252,1.08723,1.0945,0.3358,28.7,96.37,96.37,10,time_exit,37.45647,0.00162,2.44044,2.28013,,2023
EURUSD,1,2023-04-06 00:00:00,2023-04-06 10:00:00,1.09019,1.09068,1.08782,1.09493,0.3477,4.9,17.04,17.04,10,time_exit,25.96521,0.00158,-0.89486,3.51203,,2023
EURUSD,-1,2023-04-07 00:00:00,2023-04-07 10:00:00,1.092,1.09155,1.09392,1.08816,0.4295,4.5,19.33,19.33,10,time_exit,18.50064,0.00128,0.44654,3.10273,,2023
EURUSD,-1,2023-04-07 12:00:00,2023-04-07 15:00:00,1.09155,1.08905,1.0928,1.08905,0.6604,25.0,165.42,165.41,3,take_profit,11.71545,0.00083,-0.03255,4.30407,london,2023
EURUSD,1,2023-04-07 23:00:00,2023-04-10 08:00:00,1.09056,1.08911,1.08911,1.09346,0.5816,-14.5,-84.36,-84.36,9,stop_loss,21.55174,0.00097,-0.83279,3.17115,,2023
EURUSD,1,2023-04-12 04:00:00,2023-04-12 14:00:00,1.09254,1.09225,1.09095,1.09572,0.5252,-2.9,-15.23,-15.23,10,time_exit,28.09566,0.00106,2.40286,1.19691,,2023
EURUSD,-1,2023-04-12 14:00:00,2023-04-12 15:00:00,1.09248,1.09413,1.09413,1.08917,0.5041,-16.5,-83.36,-83.36,1,stop_loss,27.2561,0.0011,1.45572,1.59827,london,2023
EURUSD,1,2023-04-13 02:00:00,2023-04-13 12:00:00,1.0995,1.10232,1.09754,1.10341,0.4216,28.2,118.89,118.89,10,time_exit,45.92234,0.0013,4.4413,2.74624,,2023
EURUSD,-1,2023-04-17 21:00:00,2023-04-18 07:00:00,1.09238,1.09369,1.09472,1.0877,0.3576,-13.1,-46.85,-46.85,10,time_exit,44.81939,0.00156,-3.8369,2.04635,new_york,2023
EURUSD,-1,2023-04-19 13:00:00,2023-04-19 16:00:00,1.093,1.095,1.095,1.08901,0.4169,-20.0,-83.26,-83.26,3,stop_loss,20.17651,0.00133,-2.60241,0.85328,london,2023
EURUSD,1,2023-04-21 06:00:00,2023-04-21 09:00:00,1.09653,1.09481,1.09481,1.09998,0.4785,-17.2,-82.43,-82.43,3,stop_loss,12.4513,0.00115,0.08383,0.69316,,2023
EURUSD,-1,2023-04-21 14:00:00,2023-04-21 15:00:00,1.09652,1.09846,1.09846,1.09263,0.4198,-19.4,-81.59,-81.6,1,stop_loss,17.81788,0.0013,0.20303,0.46894,london,2023
EURUSD,1,2023-04-21 17:00:00,2023-04-24 03:00:00,1.09558,1.09947,1.09321,1.10031,0.3413,38.9,132.77,132.76,10,time_exit,17.04305,0.00158,-0.50393,0.43794,new_york,2023
EURUSD,1,2023-04-25 17:00:00,2023-04-25 18:00:00,1.09994,1.09792,1.09792,1.10397,0.4071,-20.2,-82.12,-82.12,1,stop_loss,31.43484,0.00134,-1.29833,2.68555,new_york,2023
EURUSD,1,2023-04-26 04:00:00,2023-04-26 10:00:00,1.09782,1.10123,1.09611,1.10123,0.4767,34.1,162.58,162.58,6,take_profit,38.27132,0.00114,-2.01737,1.90067,,2023
EURUSD,-1,2023-04-26 18:00:00,2023-04-27 04:00:00,1.10439,1.10457,1.10737,1.09842,0.2779,-1.8,-5.0,-5.0,10,time_exit,40.94474,0.00199,1.60303,1.32891,new_york,2023
EURUSD,-1,2023-05-02 05:00:00,2023-05-02 10:00:00,1.09885,1.10062,1.10062,1.09531,0.4677,-17.7,-82.86,-82.86,5,stop_loss,21.03185,0.00118,-0.94987,-0.03198,,2023
EURUSD,-1,2023-05-02 20:00:00,2023-05-03 05:00:00,1.09999,1.10252,1.10252,1.09493,0.324,-25.3,-82.04,-82.04,9,stop_loss,15.6796,0.00169,0.66514,-0.45734,new_york,2023
EURUSD,-1,2023-05-03 05:00:00,2023-05-03 11:00:00,1.1023,1.10425,1.10425,1.09841,0.4171,-19.5,-81.22,-81.22,6,stop_loss,20.85376,0.0013,2.19439,-0.2234,,2023
EURUSD,1,2023-05-03 17:00:00,2023-05-03 21:00:00,1.10313,1.10697,1.10121,1.10697,0.4192,38.4,160.8,160.8,4,take_profit,28.06533,0.00128,1.75971,0.60518,new_york,2023
EURUSD,-1,2023-05-04 16:00:00,2023-05-05 02:00:00,1.10094,1.10229,1.10395,1.09493,0.2728,-13.5,-36.83,-36.83,10,time_exit,35.29059,0.002,-1.57266,1.35257,new_york,2023
EURUSD,-1,2023-05-08 00:00:00,2023-05-08 09:00:00,1.10204,1.10451,1.10451,1.09711,0.3311,-24.7,-81.64,-81.65,9,stop_loss,21.54358,0.00164,-0.46108,0.63066,,2023
EURUSD,1,2023-05-09 00:00:00,2023-05-09 10:00:00,1.10038,1.09845,1.09845,1.10424,0.4193,-19.3,-80.82,-80.82,10,stop_loss,16.36835,0.00129,-1.75981,0.63918,,2023
EURUSD,-1,2023-05-09 20:00:00,2023-05-10 04:00:00,1.09553,1.09741,1.09741,1.09176,0.4245,-18.8,-80.02,-80.02,8,stop_loss,43.07705,0.00126,-3.46966,-0.9778,new_york,2023
EURUSD,1,2023-05-10 16:00:00,2023-05-10 17:00:00,1.10008,1.09788,1.09788,1.10448,0.3603,-22.0,-79.22,-79.22,1,stop_loss,34.94144,0.00147,1.37536,-1.52373,new_york,2023
EURUSD,-1,2023-05-11 06:00:00,2023-05-11 09:00:00,1.09806,1.09422,1.09998,1.09422,0.4082,38.4,156.84,156.83,3,take_profit,26.91472,0.00128,0.0106,-1.52006,,2023
EURUSD,1,2023-05-11 22:00:00,2023-05-12 08:00:00,1.09187,1.09243,1.08957,1.09646,0.3485,5.6,19.52,19.51,10,time_exit,28.51509,0.00153,-2.4747,-2.18375,,2023
EURUSD,-1,2023-05-16 04:00:00,2023-05-16 10:00:00,1.08819,1.08941,1.08941,1.08575,0.6564,-12.2,-80.19,-80.19,6,stop_loss,15.79718,0.00081,-0.3897,-7.25836,,2023
EURUSD,-1,2023-05-16 14:00:00,2023-05-16 17:00:00,1.08952,1.08654,1.09101,1.08654,0.5332,29.8,158.76,158.76,3,take_profit,14.23807,0.00099,1.02762,-5.39029,london,2023
EURUSD,-1,2023-05-17 02:00:00,2023-05-17 10:00:00,1.08625,1.08339,1.08768,1.08339,0.5665,28.6,161.93,161.93,8,take_profit,23.95687,0.00095,-1.67771,-5.46866,,2023
EURUSD,1,2023-05-19 07:00:00,2023-05-19 12:00:00,1.07684,1.07998,1.07527,1.07998,0.5262,31.4,165.17,165.17,5,take_profit,43.95654,0.00105,-3.95383,-6.948,london,2023
EURUSD,-1,2023-05-19 15:00:00,2023-05-19 20:00:00,1.08086,1.08282,1.08282,1.07695,0.4305,-19.6,-84.25,-84.25,5,stop_loss,32.53632,0.0013,0.3978,-5.48339,london,2023
EURUSD,1,2023-05-22 03:00:00,2023-05-22 10:00:00,1.0822,1.08024,1.08024,1.08612,0.4257,-19.6,-83.4,-83.41,7,stop_loss,25.07774,0.00131,1.22609,-4.72017,,2023
EURUSD,-1,2023-05-22 21:00:00,2023-05-23 07:00:00,1.08182,1.08103,1.08382,1.07782,0.4128,7.9,32.61,32.61,10,time_exit,15.44417,0.00133,0.5828,-3.64214,new_york,2023
EURUSD,1,2023-05-24 05:00:00,2023-05-24 13:00:00,1.07731,1.0758,1.0758,1.08032,0.5504,-15.1,-82.9,-82.9,8,stop_loss,28.69203,0.001,-1.81286,-4.78956,,2023
EURUSD,1,2023-05-24 16:00:00,2023-05-24 17:00:00,1.07896,1.07692,1.07692,1.08305,0.4013,-20.4,-82.06,-82.06,1,stop_loss,19.51171,0.00136,0.22016,-3.42556,new_york,2023
EURUSD,-1,2023-05-25 02:00:00,2023-05-25 10:00:00,1.07546,1.07164,1.07737,1.07164,0.425,38.2,162.47,162.47,8,take_profit,18.27653,0.00127,-1.65673,-3.89886,,2023
EURUSD,-1,2023-05-25 14:00:00,2023-05-26 00:00:00,1.07227,1.07275,1.07408,1.06865,0.4572,-4.8,-21.95,-21.95,10,time_exit,30.15805,0.00121,-3.12371,-4.57435,london,2023
EURUSD,-1,2023-05-26 08:00:00,2023-05-26 14:00:00,1.07398,1.07541,1.07541,1.07112,0.5785,-14.3,-82.64,-82.64,6,stop_loss,20.07461,0.00095,-0.36155,-6.05347,london,2023
EURUSD,-1,2023-05-26 16:00:00,2023-05-26 17:00:00,1.0742,1.07042,1.07609,1.07042,0.433,37.8,163.64,163.64,1,take_profit,16.73061,0.00126,-0.00838,-4.28207,new_york,2023
EURUSD,1,2023-05-29 03:00:00,2023-05-29 13:00:00,1.07213,1.07152,1.07033,1.07572,0.4648,-6.1,-28.35,-28.35,10,time_exit,11.37013,0.0012,-1.10367,-4.47236,,2023
EURUSD,-1,2023-05-30 00:00:00,2023-05-30 03:00:00,1.0707,1.07177,1.07177,1.06857,0.781,-10.7,-83.18,-83.18,3,stop_loss,13.9855,0.00071,-2.28971,-7.05711,,2023
EURUSD,-1,2023-05-30 09:00:00,2023-05-30 11:00:00,1.06862,1.07005,1.07005,1.06576,0.576,-14.3,-82.34,-82.34,2,stop_loss,16.6869,0.00095,-3.5895,-5.17963,london,2023
EURUSD,-1,2023-05-30 23:00:00,2023-05-31 08:00:00,1.07297,1.06907,1.07492,1.06907,0.4177,39.0,163.05,163.05,9,take_profit,12.18288,0.0013,0.73531,-3.28354,,2023
EURUSD,-1,2023-05-31 10:00:00,2023-05-31 16:00:00,1.06842,1.07025,1.07025,1.06477,0.4552,-18.3,-83.15,-83.15,6,stop_loss,19.40659,0.00122,-2.6889,-3.31868,london,2023
EURUSD,-1,2023-05-31 21:00:00,2023-05-31 22:00:00,1.06632,1.06884,1.06884,1.06129,0.3271,-25.2,-82.31,-82.31,1,stop_loss,29.12092,0.00168,-2.18973,-2.91347,new_york,2023
EURUSD,-1,2023-06-05 11:00:00,2023-06-05 17:00:00,1.06898,1.07061,1.07061,1.06571,0.4987,-16.3,-81.5,-81.5,6,stop_loss,38.23062,0.00109,-2.69174,-1.61483,london,2023
EURUSD,1,2023-06-05 22:00:00,2023-06-06 08:00:00,1.07138,1.0725,1.06949,1.07515,0.4277,11.2,47.9,47.9,10,time_exit,31.04582,0.00126,0.07814,-1.6063,,2023
EURUSD,1,2023-06-06 19:00:00,2023-06-07 05:00:00,1.06944,1.0693,1.06747,1.07337,0.4128,-1.4,-5.78,-5.78,10,time_exit,24.02326,0.00131,-0.94467,-1.58289,new_york,2023
EURUSD,1,2023-06-08 07:00:00,2023-06-08 14:00:00,1.07084,1.07375,1.06938,1.07375,0.5565,29.1,162.19,162.19,7,take_profit,11.25959,0.00097,0.60557,-1.71315,london,2023
EURUSD,-1,2023-06-08 21:00:00,2023-06-09 07:00:00,1.07782,1.07753,1.07972,1.07403,0.4363,2.9,12.65,12.65,10,time_exit,34.88693,0.00126,4.48969,-0.07617,new_york,2023
EURUSD,1,2023-06-09 11:00:00,2023-06-09 12:00:00,1.07755,1.07628,1.07628,1.08009,0.6536,-12.7,-82.84,-82.85,1,stop_loss,43.13056,0.00085,3.47909,1.94308,london,2023
EURUSD,-1,2023-06-09 23:00:00,2023-06-12 09:00:00,1.0744,1.07491,1.07595,1.0713,0.529,-5.1,-26.98,-26.98,10,time_exit,24.0876,0.00103,-0.57519,1.66923,,2023
EURUSD,-1,2023-06-12 21:00:00,2023-06-13 05:00:00,1.07536,1.07721,1.07721,1.07167,0.4427,-18.5,-81.75,-81.75,8,stop_loss,17.59765,0.00123,0.07981,1.26996,new_york,2023
EURUSD,1,2023-06-15 01:00:00,2023-06-15 05:00:00,1.08318,1.08098,1.08098,1.08758,0.3679,-22.0,-80.93,-80.93,4,stop_loss,28.1378,0.00147,1.94088,2.74352,,2023
EURUSD,1,2023-06-20 01:00:00,2023-06-20 11:00:00,1.09211,1.0938,1.09076,1.09481,0.5934,16.9,100.28,100.28,10,time_exit,19.08231,0.0009,0.41349,8.43998,,2023
EURUSD,1,2023-06-21 10:00:00,2023-06-21 17:00:00,1.09102,1.09378,1.08964,1.09378,0.5883,27.6,162.26,162.26,7,take_profit,19.46589,0.00092,-0.81336,5.86248,london,2023
EURUSD,1,2023-06-22 08:00:00,2023-06-22 16:00:00,1.09875,1.09727,1.09727,1.10171,0.5599,-14.8,-82.75,-82.75,8,stop_loss,40.11166,0.00099,3.9778,6.54484,london,2023
EURUSD,1,2023-06-26 00:00:00,2023-06-26 10:00:00,1.0905,1.09022,1.08854,1.09442,0.4178,-2.8,-11.7,-11.7,10,time_exit,36.23494,0.00131,-2.11533,1.85927,,2023
EURUSD,-1,2023-06-26 15:00:00,2023-06-27 01:00:00,1.09172,1.09109,1.09345,1.08825,0.4716,6.3,29.71,29.71,10,time_exit,22.11765,0.00116,0.28754,1.29651,london,2023
EURUSD,-1,2023-06-27 02:00:00,2023-06-27 04:00:00,1.09109,1.09252,1.09252,1.08823,0.5738,-14.3,-82.1,-82.1,2,stop_loss,15.8686,0.00095,-0.2043,1.28545,,2023
EURUSD,-1,2023-06-27 08:00:00,2023-06-27 10:00:00,1.09234,1.09382,1.09382,1.08938,0.5492,-14.8,-81.29,-81.29,2,stop_loss,18.11978,0.00099,0.92601,1.26904,london,2023
EURUSD,1,2023-06-27 19:00:00,2023-06-28 05:00:00,1.096,1.09492,1.09394,1.10013,0.3899,-10.8,-42.11,-42.11,10,time_exit,24.40189,0.00138,2.46436,1.43227,new_york,2023
EURUSD,1,2023-06-29 05:00:00,2023-06-29 07:00:00,1.09066,1.08894,1.08894,1.09411,0.4644,-17.2,-80.06,-80.06,2,stop_loss,31.76201,0.00115,-1.96254,1.24212,,2023
EURUSD,1,2023-06-30 07:00:00,2023-06-30 10:00:00,1.08714,1.08536,1.08536,1.0907,0.4451,-17.8,-79.25,-79.26,3,stop_loss,30.27057,0.00119,-2.22642,-0.83457,london,2023
EURUSD,1,2023-06-30 22:00:00,2023-07-03 08:00:00,1.09113,1.09034,1.08899,1.0954,0.3674,-7.9,-29.02,-29.03,10,time_exit,32.66369,0.00142,1.29679,-0.8219,,2023
EURUSD,-1,2023-07-04 05:00:00,2023-07-04 15:00:00,1.09108,1.09006,1.09259,1.08806,0.5182,10.2,52.86,52.85,10,time_exit,21.49077,0.00101,0.78001,-0.18726,,2023
EURUSD,-1,2023-07-05 13:00:00,2023-07-05 19:00:00,1.08943,1.08593,1.09118,1.08593,0.4498,35.0,157.4,157.4,6,take_profit,17.23257,0.00117,0.13168,-0.71099,london,2023
EURUSD,-1,2023-07-05 20:00:00,2023-07-06 06:00:00,1.08608,1.08402,1.0881,1.08204,0.3969,20.6,81.76,81.76,10,time_exit,15.24018,0.00135,-2.08595,-0.77647,new_york,2023
EURUSD,-1,2023-07-07 14:00:00,2023-07-07 15:00:00,1.08924,1.09124,1.09124,1.08524,0.405,-20.0,-81.09,-81.09,1,stop_loss,10.69133,0.00133,0.9463,-0.80426,london,2023
EURUSD,1,2023-07-10 18:00:00,2023-07-11 04:00:00,1.09746,1.10095,1.0955,1.10137,0.4102,34.9,143.16,143.16,10,time_exit,23.83718,0.0013,3.27417,1.95351,new_york,2023
EURUSD,1,2023-07-11 11:00:00,2023-07-11 14:00:00,1.10082,1.09917,1.09917,1.10413,0.494,-16.5,-81.71,-81.71,3,stop_loss,36.97502,0.0011,3.57139,4.25441,london,2023
EURUSD,1,2023-07-11 15:00:00,2023-07-12 01:00:00,1.09838,1.10121,1.09659,1.10196,0.4524,28.3,128.03,128.03,10,time_exit,31.98889,0.00119,0.86892,4.05921,london,2023
EURUSD,-1,2023-07-12 02:00:00,2023-07-12 04:00:00,1.10121,1.10276,1.10276,1.09812,0.5318,-15.5,-82.17,-82.17,2,stop_loss,17.81295,0.00103,2.82842,4.87769,,2023
EURUSD,-1,2023-07-12 06:00:00,2023-07-12 15:00:00,1.1031,1.10458,1.10458,1.10014,0.5488,-14.8,-81.34,-81.34,9,stop_loss,18.98125,0.00099,4.27364,5.32537,,2023
EURUSD,1,2023-07-12 16:00:00,2023-07-12 17:00:00,1.10585,1.10973,1.10391,1.10973,0.4148,38.8,161.07,161.07,1,take_profit,21.08334,0.00129,4.33472,4.40071,new_york,2023
EURUSD,1,2023-07-13 06:00:00,2023-07-13 15:00:00,1.1146,1.11824,1.11278,1.11824,0.4514,36.4,164.27,164.27,9,take_profit,49.76218,0.00121,7.23691,7.31717,,2023
EURUSD,-1,2023-07-13 17:00:00,2023-07-13 20:00:00,1.11944,1.12166,1.12166,1.11501,0.3781,-22.2,-83.79,-83.8,3,stop_loss,53.65519,0.00148,6.67469,7.18755,new_york,2023
EURUSD,1,2023-07-14 03:00:00,2023-07-14 10:00:00,1.12234,1.12052,1.12052,1.12598,0.4556,-18.2,-82.95,-82.95,7,stop_loss,61.58664,0.00121,7.22441,10.26354,,2023
EURUSD,-1,2023-07-14 11:00:00,2023-07-14 12:00:00,1.12215,1.12405,1.12405,1.11835,0.4326,-19.0,-82.12,-82.12,1,stop_loss,48.60393,0.00127,4.81811,10.50046,london,2023
EURUSD,1,2023-07-18 02:00:00,2023-07-18 10:00:00,1.12396,1.1272,1.12234,1.1272,0.5023,32.4,162.59,162.59,8,take_profit,17.49574,0.00108,1.96596,11.53995,,2023
EURUSD,-1,2023-07-19 19:00:00,2023-07-20 03:00:00,1.11942,1.12175,1.12175,1.11476,0.3562,-23.3,-82.93,-82.93,8,stop_loss,23.70201,0.00155,-1.92809,5.43799,new_york,2023
EURUSD,1,2023-07-20 06:00:00,2023-07-20 09:00:00,1.12251,1.12075,1.12075,1.12603,0.4658,-17.6,-82.09,-82.09,3,stop_loss,27.6533,0.00117,0.57753,6.10539,,2023
EURUSD,1,2023-07-20 19:00:00,2023-07-21 05:00:00,1.11349,1.11396,1.11103,1.11842,0.3299,4.7,15.51,15.5,10,time_exit,35.75223,0.00164,-4.46829,3.38389,new_york,2023
EURUSD,1,2023-07-21 08:00:00,2023-07-21 11:00:00,1.11397,1.11233,1.11233,1.11725,0.4963,-16.4,-81.43,-81.43,3,stop_loss,53.33782,0.00109,-3.53471,2.55361,london,2023
EURUSD,-1,2023-07-24 16:00:00,2023-07-25 02:00:00,1.10878,1.10629,1.11122,1.1039,0.3302,24.9,82.22,82.22,10,time_exit,38.28213,0.00163,-2.71515,-0.56782,new_york,2023
EURUSD,-1,2023-07-25 21:00:00,2023-07-26 07:00:00,1.10394,1.10482,1.10594,1.09994,0.4074,-8.8,-35.85,-35.85,10,time_exit,32.58995,0.00133,-3.23717,-2.93445,new_york,2023
EURUSD,-1,2023-08-01 16:00:00,2023-08-01 17:00:00,1.09567,1.09763,1.09763,1.09174,0.4127,-19.6,-81.07,-81.07,1,stop_loss,23.43202,0.00131,-3.51881,-3.80964,new_york,2023
EURUSD,1,2023-08-01 20:00:00,2023-08-02 00:00:00,1.0972,1.1017,1.09495,1.1017,0.3566,45.0,160.52,160.52,4,take_profit,24.3657,0.0015,-1.73098,-3.40552,new_york,2023
EURUSD,1,2023-08-02 03:00:00,2023-08-02 05:00:00,1.10078,1.09843,1.09843,1.10548,0.3481,-23.5,-81.88,-81.88,2,stop_loss,23.97595,0.00157,0.68108,-3.09658,,2023
EURUSD,1,2023-08-02 08:00:00,2023-08-02 15:00:00,1.09893,1.09677,1.09677,1.10324,0.3757,-21.6,-81.05,-81.05,7,stop_loss,18.40796,0.00144,-0.4311,-3.27901,london,2023
EURUSD,-1,2023-08-02 19:00:00,2023-08-03 05:00:00,1.09383,1.09352,1.0963,1.0889,0.3253,3.1,10.08,10.08,10,time_exit,22.29773,0.00164,-2.86856,-3.00869,new_york,2023
EURUSD,-1,2023-08-03 09:00:00,2023-08-03 19:00:00,1.09386,1.0957,1.0957,1.09018,0.437,-18.4,-80.35,-80.35,10,stop_loss,31.10735,0.00123,-2.14261,-4.63737,london,2023
EURUSD,-1,2023-08-03 19:00:00,2023-08-04 05:00:00,1.09466,1.09556,1.09733,1.08933,0.2984,-9.0,-26.86,-26.86,10,time_exit,23.23728,0.00178,-0.42805,-3.35452,new_york,2023
EURUSD,1,2023-08-04 09:00:00,2023-08-04 15:00:00,1.09522,1.09867,1.0935,1.09867,0.46,34.5,158.55,158.55,6,take_profit,21.07444,0.00115,-0.0781,-4.58147,london,2023
EURUSD,-1,2023-08-04 23:00:00,2023-08-07 09:00:00,1.10077,1.09803,1.10325,1.09582,0.3264,27.4,89.43,89.43,10,time_exit,32.93819,0.00165,2.32979,-2.05782,,2023
EURUSD,1,2023-08-07 22:00:00,2023-08-08 04:00:00,1.10067,1.09868,1.09868,1.10465,0.411,-19.9,-81.75,-81.75,6,stop_loss,19.77765,0.00133,1.67677,-1.27901,,2023
EURUSD,-1,2023-08-08 18:00:00,2023-08-09 04:00:00,1.09457,1.09687,1.09687,1.08998,0.3526,-23.0,-80.93,-80.93,10,stop_loss,22.58227,0.00153,-2.2151,-1.17177,new_york,2023
EURUSD,1,2023-08-09 06:00:00,2023-08-09 16:00:00,1.09685,1.09802,1.09514,1.10026,0.4695,11.7,54.93,54.93,10,time_exit,21.59078,0.00114,-0.24162,-1.90983,,2023
EURUSD,1,2023-08-10 19:00:00,2023-08-10 20:00:00,1.10152,1.099,1.099,1.10657,0.3198,-25.2,-80.68,-80.68,1,stop_loss,40.86225,0.00168,1.48525,-0.10979,new_york,2023
EURUSD,1,2023-08-15 11:00:00,2023-08-15 15:00:00,1.09233,1.09053,1.09053,1.09593,0.4433,-18.0,-79.87,-79.87,4,stop_loss,24.43589,0.0012,-0.85403,-2.91289,london,2023
EURUSD,-1,2023-08-15 17:00:00,2023-08-16 03:00:00,1.09402,1.09032,1.0964,1.08927,0.3329,37.0,123.17,123.17,10,time_exit,20.52421,0.00158,0.43697,-2.09352,new_york,2023
EURUSD,1,2023-08-17 08:00:00,2023-08-17 15:00:00,1.08685,1.08996,1.08529,1.08996,0.5158,31.1,160.59,160.59,7,take_profit,26.14891,0.00104,-3.16364,-4.16882,london,2023
EURUSD,-1,2023-08-21 04:00:00,2023-08-21 12:00:00,1.08798,1.08957,1.08957,1.08479,0.5142,-15.9,-81.9,-81.9,8,stop_loss,10.70706,0.00106,0.02985,-3.83251,,2023
EURUSD,1,2023-08-22 16:00:00,2023-08-22 17:00:00,1.0866,1.08466,1.08466,1.09048,0.418,-19.4,-81.08,-81.08,1,stop_loss,18.86236,0.00129,-2.102,-1.51371,new_york,2023
EURUSD,-1,2023-08-23 03:00:00,2023-08-23 08:00:00,1.08468,1.08619,1.08619,1.08166,0.5309,-15.1,-80.28,-80.28,5,stop_loss,33.56853,0.00101,-3.0448,-2.883,,2023
EURUSD,-1,2023-08-24 05:00:00,2023-08-24 15:00:00,1.0861,1.08262,1.08784,1.08262,0.4561,34.8,158.94,158.94,10,take_profit,23.41256,0.00116,0.09247,-2.84603,,2023
EURUSD,-1,2023-08-24 15:00:00,2023-08-24 22:00:00,1.08423,1.08078,1.08596,1.08078,0.4693,34.5,162.12,162.12,7,take_profit,17.11821,0.00115,-1.49494,-2.63453,london,2023
EURUSD,1,2023-08-29 01:00:00,2023-08-29 11:00:00,1.08189,1.08103,1.08035,1.08497,0.5363,-8.6,-46.12,-46.12,10,time_exit,12.92827,0.00103,0.74083,-3.98874,,2023
EURUSD,-1,2023-08-30 13:00:00,2023-08-30 15:00:00,1.0889,1.09091,1.09091,1.08488,0.4092,-20.1,-82.22,-82.23,2,stop_loss,19.62392,0.00134,3.32988,-0.49563,london,2023
EURUSD,1,2023-08-31 19:00:00,2023-09-01 05:00:00,1.08386,1.0844,1.0816,1.08838,0.3603,5.4,19.46,19.45,10,time_exit,33.68635,0.00151,-2.82104,1.11177,new_york,2023
EURUSD,-1,2023-09-01 09:00:00,2023-09-01 15:00:00,1.08453,1.08611,1.08611,1.08136,0.5152,-15.8,-81.59,-81.59,6,stop_loss,28.17645,0.00106,-1.824,0.31704,london,2023
EURUSD,-1,2023-09-05 05:00:00,2023-09-05 09:00:00,1.07887,1.07642,1.08009,1.07642,0.6607,24.5,161.55,161.55,4,take_profit,11.106,0.00082,-2.32522,-3.89488,,2023
EURUSD,-1,2023-09-05 10:00:00,2023-09-05 14:00:00,1.07668,1.07379,1.07812,1.07379,0.5708,28.9,164.8,164.8,4,take_profit,12.01095,0.00096,-3.79549,-3.4673,london,2023
EURUSD,1,2023-09-06 11:00:00,2023-09-06 17:00:00,1.07291,1.07124,1.07124,1.07624,0.5046,-16.7,-84.04,-84.04,6,stop_loss,41.33959,0.00111,-2.48682,-5.0826,london,2023
EURUSD,1,2023-09-06 19:00:00,2023-09-07 05:00:00,1.0713,1.07278,1.06931,1.07527,0.4187,14.8,61.97,61.97,10,time_exit,30.51136,0.00132,-2.74157,-4.33089,new_york,2023
EURUSD,1,2023-09-08 07:00:00,2023-09-08 12:00:00,1.07164,1.07019,1.07019,1.07453,0.5799,-14.5,-83.83,-83.83,5,stop_loss,29.72986,0.00096,-0.2535,-6.1269,london,2023
EURUSD,1,2023-09-08 15:00:00,2023-09-08 17:00:00,1.06992,1.07292,1.06842,1.07292,0.5524,30.0,165.98,165.97,2,take_profit,22.79123,0.001,-1.69812,-5.64204,london,2023
EURUSD,-1,2023-09-12 04:00:00,2023-09-12 10:00:00,1.07438,1.07155,1.0758,1.07155,0.5979,28.3,169.28,169.27,6,take_profit,37.29379,0.00094,1.53579,-3.1481,,2023
EURUSD,-1,2023-09-13 08:00:00,2023-09-13 15:00:00,1.07524,1.07182,1.07695,1.07182,0.5051,34.2,172.69,172.69,7,take_profit,30.37714,0.00114,1.5028,-1.59657,london,2023
EURUSD,1,2023-09-15 09:00:00,2023-09-15 19:00:00,1.06562,1.06724,1.06382,1.06922,0.4895,16.2,79.3,79.3,10,time_exit,47.60304,0.0012,-2.89857,-3.46865,london,2023
EURUSD,1,2023-09-18 02:00:00,2023-09-18 12:00:00,1.06642,1.06728,1.06475,1.06976,0.5319,8.6,45.74,45.74,10,time_exit,21.19248,0.00111,-1.15661,-4.00092,,2023
EURUSD,1,2023-09-19 04:00:00,2023-09-19 14:00:00,1.06886,1.07088,1.06734,1.0719,0.5885,20.2,118.88,118.88,10,time_exit,12.77569,0.00101,1.09337,-3.31646,,2023
EURUSD,1,2023-09-19 18:00:00,2023-09-20 04:00:00,1.06896,1.06863,1.06718,1.07252,0.5089,-3.3,-16.79,-16.8,10,time_exit,15.65623,0.00119,0.56125,-2.13589,new_york,2023
EURUSD,-1,2023-09-21 11:00:00,2023-09-21 21:00:00,1.06552,1.06618,1.06767,1.06123,0.4209,-6.6,-27.78,-27.78,10,time_exit,34.3855,0.00143,-1.24978,-1.70148,london,2023
EURUSD,-1,2023-09-22 23:00:00,2023-09-25 09:00:00,1.0644,1.06463,1.06638,1.06044,0.4549,-2.3,-10.46,-10.46,10,time_exit,20.66789,0.00132,-0.99425,-2.04563,,2023
EURUSD,-1,2023-09-25 10:00:00,2023-09-25 16:00:00,1.06462,1.06163,1.06612,1.06163,0.6015,29.9,179.91,179.91,6,take_profit,19.49688,0.001,-0.72901,-2.65702,london,2023
EURUSD,-1,2023-09-26 07:00:00,2023-09-26 12:00:00,1.0586,1.06013,1.06013,1.05553,0.5978,-15.3,-91.74,-91.75,5,stop_loss,49.45155,0.00102,-3.49677,-4.22085,london,2023
EURUSD,-1,2023-09-26 23:00:00,2023-09-27 09:00:00,1.05702,1.05692,1.0588,1.05346,0.5102,1.0,5.1,5.1,10,time_exit,44.85501,0.00119,-2.82838,-4.16206,,2023
EURUSD,-1,2023-09-27 10:00:00,2023-09-27 14:00:00,1.05693,1.05387,1.05846,1.05387,0.5938,30.6,181.76,181.75,4,take_profit,47.64824,0.00102,-2.06271,-5.27039,london,2023
EURUSD,1,2023-09-28 13:00:00,2023-09-28 15:00:00,1.05394,1.0518,1.0518,1.05821,0.434,-21.4,-92.7,-92.7,2,stop_loss,44.06022,0.00142,-0.07653,-5.16022,london,2023
EURUSD,1,2023-09-28 23:00:00,2023-09-29 09:00:00,1.05642,1.05901,1.05386,1.06155,0.3578,25.9,92.67,92.67,10,time_exit,26.94577,0.00171,1.14292,-3.71912,,2023
EURUSD,-1,2023-10-02 12:00:00,2023-10-02 16:00:00,1.05621,1.05231,1.05816,1.05231,0.4759,39.0,185.41,185.41,4,take_profit,18.38143,0.0013,-0.48244,-2.31248,london,2023
EURUSD,-1,2023-10-03 01:00:00,2023-10-03 11:00:00,1.04791,1.04853,1.04992,1.04389,0.4708,-6.2,-29.19,-29.19,10,time_exit,38.1525,0.00134,-4.72933,-3.40405,,2023
EURUSD,-1,2023-10-04 22:00:00,2023-10-05 04:00:00,1.05032,1.05279,1.05279,1.04537,0.3809,-24.7,-94.27,-94.27,6,stop_loss,22.95255,0.00165,0.55461,-3.28621,,2023
EURUSD,1,2023-10-05 06:00:00,2023-10-05 10:00:00,1.0523,1.05028,1.05028,1.05635,0.4609,-20.2,-93.32,-93.32,4,stop_loss,23.47681,0.00135,1.74637,-3.40834,,2023
EURUSD,1,2023-10-06 23:00:00,2023-10-09 00:00:00,1.05898,1.05589,1.05589,1.06516,0.299,-30.9,-92.39,-92.39,1,stop_loss,19.77586,0.00206,2.48282,-0.28075,,2023
EURUSD,-1,2023-10-09 08:00:00,2023-10-09 18:00:00,1.05502,1.05398,1.05753,1.05,0.3641,10.4,37.87,37.86,10,time_exit,12.6866,0.00167,0.26266,-0.01708,london,2023
EURUSD,-1,2023-10-10 14:00:00,2023-10-10 18:00:00,1.0592,1.0614,1.0614,1.05481,0.4184,-22.0,-91.84,-91.84,4,stop_loss,17.40966,0.00146,2.26092,0.63669,london,2023
EURUSD,1,2023-10-12 02:00:00,2023-10-12 12:00:00,1.06194,1.06182,1.05981,1.0662,0.4269,-1.2,-5.12,-5.12,10,time_exit,14.16377,0.00142,1.58237,2.10408,,2023
EURUSD,1,2023-10-16 05:00:00,2023-10-16 15:00:00,1.05221,1.05417,1.05037,1.0559,0.4927,19.6,96.57,96.57,10,time_exit,25.79837,0.00123,-1.8222,-1.28509,,2023
EURUSD,-1,2023-10-20 01:00:00,2023-10-20 11:00:00,1.05811,1.05879,1.06035,1.05362,0.4092,-6.8,-27.83,-27.83,10,time_exit,33.59951,0.0015,1.4809,0.12972,,2023
EURUSD,-1,2023-10-25 20:00:00,2023-10-26 06:00:00,1.05746,1.05469,1.05936,1.05366,0.4824,27.7,133.62,133.62,10,time_exit,31.9857,0.00127,-2.08727,1.0842,new_york,2023
EURUSD,-1,2023-10-30 15:00:00,2023-10-30 16:00:00,1.05854,1.06045,1.06045,1.05471,0.4854,-19.1,-92.89,-92.89,1,stop_loss,17.50408,0.00128,1.47523,-0.61393,london,2023
EURUSD,1,2023-10-31 11:00:00,2023-10-31 12:00:00,1.06212,1.06563,1.06036,1.06563,0.5237,35.1,183.94,183.94,1,take_profit,20.86553,0.00117,2.68461,0.78661,london,2023
EURUSD,1,2023-11-02 10:00:00,2023-11-02 13:00:00,1.06,1.06362,1.05819,1.06362,0.5189,36.2,187.61,187.61,3,take_profit,27.50605,0.00121,1.81427,-0.12793,london,2023
EURUSD,-1,2023-11-03 02:00:00,2023-11-03 12:00:00,1.06174,1.06382,1.06382,1.05757,0.459,-20.8,-95.67,-95.68,10,stop_loss,30.21665,0.00139,1.18768,1.0249,,2023
EURUSD,1,2023-11-03 14:00:00,2023-11-03 15:00:00,1.06431,1.06758,1.06267,1.06758,0.5792,32.7,189.45,189.45,1,take_profit,26.67898,0.00109,2.86866,1.87828,london,2023
EURUSD,1,2023-11-03 19:00:00,2023-11-06 05:00:00,1.07323,1.07345,1.07048,1.07873,0.3515,2.2,7.73,7.73,10,time_exit,38.67148,0.00183,5.63726,1.75132,new_york,2023
EURUSD,1,2023-11-06 07:00:00,2023-11-06 17:00:00,1.07356,1.07438,1.07171,1.07726,0.5224,8.2,42.84,42.83,10,time_exit,50.00989,0.00123,5.49201,4.52989,london,2023
EURUSD,1,2023-11-07 17:00:00,2023-11-08 03:00:00,1.06763,1.06918,1.06591,1.07107,0.5652,15.5,87.61,87.6,10,time_exit,39.59331,0.00115,-1.96627,4.94714,new_york,2023
EURUSD,1,2023-11-08 06:00:00,2023-11-08 10:00:00,1.069,1.06747,1.06747,1.07206,0.6412,-15.3,-98.01,-98.01,4,stop_loss,24.61728,0.00102,-0.59938,4.70649,,2023
EURUSD,1,2023-11-08 18:00:00,2023-11-09 04:00:00,1.07052,1.07097,1.06872,1.07412,0.5392,4.5,24.26,24.26,10,time_exit,25.39765,0.0012,1.27931,3.18643,new_york,2023
EURUSD,-1,2023-11-09 04:00:00,2023-11-09 14:00:00,1.07122,1.06904,1.07282,1.06801,0.6068,21.8,132.28,132.28,10,time_exit,17.56072,0.00107,1.50613,3.64613,,2023
EURUSD,-1,2023-11-14 05:00:00,2023-11-14 11:00:00,1.06979,1.07116,1.07116,1.06706,0.7213,-13.7,-98.59,-98.59,6,stop_loss,13.53016,0.00091,0.89918,1.85301,,2023
EURUSD,1,2023-11-16 01:00:00,2023-11-16 11:00:00,1.08487,1.0851,1.08272,1.08918,0.4532,2.3,10.42,10.42,10,time_exit,35.54478,0.00144,2.11511,6.12004,,2023
EURUSD,-1,2023-11-16 17:00:00,2023-11-17 03:00:00,1.08762,1.0853,1.08979,1.08328,0.4503,23.2,104.47,104.47,10,time_exit,24.15712,0.00145,3.00999,5.92438,new_york,2023
EURUSD,1,2023-11-17 06:00:00,2023-11-17 09:00:00,1.08541,1.08366,1.08366,1.08891,0.5639,-17.5,-98.75,-98.75,3,stop_loss,15.17727,0.00117,1.04905,6.98725,,2023
EURUSD,-1,2023-11-17 15:00:00,2023-11-17 16:00:00,1.08633,1.08824,1.08824,1.08251,0.5124,-19.1,-97.77,-97.77,1,stop_loss,12.77756,0.00127,1.36484,6.09992,london,2023
EURUSD,-1,2023-11-17 17:00:00,2023-11-17 19:00:00,1.08693,1.08901,1.08901,1.08276,0.4647,-20.8,-96.79,-96.79,2,stop_loss,13.04832,0.00139,1.54813,5.57688,new_york,2023
EURUSD,1,2023-11-21 23:00:00,2023-11-22 09:00:00,1.09119,1.09147,1.08921,1.09516,0.483,2.8,13.52,13.52,10,time_exit,36.12285,0.00132,-0.96351,6.58931,,2023
EURUSD,1,2023-11-22 12:00:00,2023-11-22 16:00:00,1.09026,1.08817,1.08817,1.09444,0.4592,-20.9,-95.95,-95.95,4,stop_loss,34.18014,0.00139,-1.13229,5.16746,london,2023
EURUSD,-1,2023-11-22 17:00:00,2023-11-23 03:00:00,1.08722,1.08952,1.08952,1.08262,0.4132,-23.0,-94.99,-94.99,10,stop_loss,35.7245,0.00153,-2.58962,4.26706,new_york,2023
EURUSD,-1,2023-11-23 15:00:00,2023-11-24 01:00:00,1.09035,1.0904,1.09217,1.08672,0.5177,-0.5,-2.59,-2.59,10,time_exit,25.58887,0.00121,-0.24503,3.96026,london,2023
EURUSD,1,2023-11-24 17:00:00,2023-11-27 03:00:00,1.09366,1.09468,1.09201,1.09697,0.5687,10.2,58.01,58.01,10,time_exit,18.59579,0.0011,2.56124,3.5005,new_york,2023
EURUSD,1,2023-11-27 10:00:00,2023-11-27 16:00:00,1.09471,1.09314,1.09314,1.09784,0.6037,-15.7,-94.59,-94.59,6,stop_loss,25.69312,0.00104,2.08058,4.25318,london,2023
EURUSD,-1,2023-11-28 02:00:00,2023-11-28 12:00:00,1.09592,1.0952,1.09744,1.09288,0.6166,7.2,44.4,44.39,10,time_exit,20.21737,0.00101,2.30014,4.43364,,2023
EURUSD,-1,2023-11-29 06:00:00,2023-11-29 16:00:00,1.09983,1.09767,1.10177,1.09595,0.4846,21.6,104.67,104.67,10,time_exit,32.07155,0.00129,2.53907,4.17498,,2023
EURUSD,1,2023-11-30 09:00:00,2023-11-30 10:00:00,1.09786,1.09611,1.09611,1.10137,0.5429,-17.5,-95.15,-95.15,1,stop_loss,11.67196,0.00117,0.43173,3.94002,london,2023
EURUSD,-1,2023-11-30 17:00:00,2023-12-01 03:00:00,1.09085,1.0907,1.09358,1.08539,0.3448,1.5,5.17,5.17,10,time_exit,22.32708,0.00182,-2.79799,1.77388,new_york,2023
EURUSD,-1,2023-12-05 20:00:00,2023-12-06 06:00:00,1.07921,1.07944,1.08189,1.07385,0.3517,-2.3,-8.09,-8.09,10,time_exit,35.38709,0.00179,-2.97405,-2.4832,new_york,2023
EURUSD,-1,2023-12-06 08:00:00,2023-12-06 18:00:00,1.08012,1.07893,1.08202,1.07633,0.4968,11.9,59.12,59.12,10,time_exit,31.66271,0.00126,-1.93742,-4.19338,london,2023
EURUSD,-1,2023-12-11 18:00:00,2023-12-11 20:00:00,1.07442,1.07638,1.07638,1.07051,0.4842,-19.6,-94.76,-94.76,2,stop_loss,13.92406,0.0013,-2.02223,-3.76552,new_york,2023
EURUSD,-1,2023-12-12 05:00:00,2023-12-12 08:00:00,1.07617,1.07764,1.07764,1.07323,0.6391,-14.7,-93.81,-93.81,3,stop_loss,10.40424,0.00098,-0.56057,-4.73861,,2023
EURUSD,-1,2023-12-12 14:00:00,2023-12-12 15:00:00,1.07964,1.08124,1.08124,1.07644,0.5807,-16.0,-92.87,-92.87,1,stop_loss,18.47246,0.00107,2.30137,-3.64688,london,2023
EURUSD,-1,2023-12-12 18:00:00,2023-12-13 04:00:00,1.07843,1.07875,1.08075,1.07379,0.3963,-3.2,-12.68,-12.68,10,time_exit,17.23068,0.00155,0.685,-2.33769,new_york,2023
EURUSD,1,2023-12-13 12:00:00,2023-12-13 21:00:00,1.07874,1.08173,1.07724,1.08173,0.6133,29.9,183.63,183.63,9,take_profit,10.6763,0.001,0.55149,-2.45378,london,2023
EURUSD,1,2023-12-13 21:00:00,2023-12-13 22:00:00,1.07836,1.08191,1.07659,1.08191,0.5283,35.5,187.29,187.28,1,take_profit,14.97681,0.00118,0.21651,-1.78126,new_york,2023
EURUSD,-1,2023-12-14 15:00:00,2023-12-14 16:00:00,1.09236,1.09483,1.09483,1.08742,0.3866,-24.7,-95.52,-95.53,1,stop_loss,45.83623,0.00165,4.87388,1.40305,london,2023
EURUSD,-1,2023-12-14 22:00:00,2023-12-15 08:00:00,1.09922,1.09873,1.10235,1.09295,0.3017,4.9,14.78,14.78,10,time_exit,46.73946,0.00209,5.43626,2.24735,,2023
EURUSD,-1,2023-12-20 18:00:00,2023-12-20 22:00:00,1.09737,1.09348,1.09931,1.09348,0.4872,38.9,189.43,189.43,4,take_profit,23.2582,0.0013,1.69658,3.99323,new_york,2023
EURUSD,1,2023-12-21 15:00:00,2023-12-22 01:00:00,1.09806,1.10058,1.09621,1.10176,0.5225,25.2,131.67,131.67,10,time_exit,17.13717,0.00123,2.3108,3.42216,london,2023
EURUSD,1,2023-12-22 04:00:00,2023-12-22 14:00:00,1.09983,1.10187,1.09783,1.10382,0.4904,20.4,100.04,100.04,10,time_exit,25.78078,0.00133,2.04139,3.77139,,2023
EURUSD,1,2023-12-26 02:00:00,2023-12-26 12:00:00,1.10187,1.10164,1.09984,1.10592,0.4879,-2.3,-11.22,-11.22,10,time_exit,15.8897,0.00135,1.72485,4.18891,,2023
EURUSD,-1,2023-12-26 21:00:00,2023-12-27 07:00:00,1.10367,1.10434,1.10508,1.10086,0.7023,-6.7,-47.05,-47.06,10,time_exit,12.49949,0.00094,2.79052,6.08178,new_york,2023
EURUSD,-1,2023-12-29 09:00:00,2023-12-29 19:00:00,1.10733,1.10642,1.10905,1.10389,0.5716,9.1,52.02,52.01,10,time_exit,29.53259,0.00115,-0.2501,5.67506,london,2023
EURUSD,1,2024-01-02 01:00:00,2024-01-02 04:00:00,1.10435,1.10213,1.10213,1.10878,0.4463,-22.2,-98.86,-98.86,3,stop_loss,17.25772,0.00148,-1.46278,3.2406,,2024
EURUSD,1,2024-01-02 16:00:00,2024-01-03 02:00:00,1.09524,1.09496,1.09268,1.10035,0.3828,-2.8,-10.72,-10.72,10,time_exit,28.69522,0.0017,-5.07415,1.33987,new_york,2024
EURUSD,-1,2024-01-03 21:00:00,2024-01-04 05:00:00,1.09059,1.09282,1.09282,1.08613,0.4385,-22.3,-97.76,-97.76,8,stop_loss,34.34196,0.00149,-4.1444,-1.9848,new_york,2024
EURUSD,-1,2024-01-08 07:00:00,2024-01-08 15:00:00,1.09342,1.09547,1.09547,1.08932,0.4724,-20.5,-96.78,-96.79,8,stop_loss,12.80983,0.00137,-0.60244,-2.11893,london,2024
EURUSD,-1,2024-01-09 19:00:00,2024-01-10 05:00:00,1.09345,1.09294,1.09552,1.08932,0.4638,5.1,23.65,23.65,10,time_exit,10.67202,0.00138,-0.8734,-1.31737,new_york,2024
EURUSD,1,2024-01-10 10:00:00,2024-01-10 17:00:00,1.09264,1.09565,1.09113,1.09565,0.6376,30.1,192.12,192.12,7,take_profit,17.59433,0.001,-1.25221,-2.07466,london,2024
EURUSD,1,2024-01-11 03:00:00,2024-01-11 11:00:00,1.0978,1.09626,1.09626,1.10087,0.6376,-15.4,-97.98,-97.99,8,stop_loss,16.89186,0.00102,2.72753,-0.94441,,2024
EURUSD,-1,2024-01-12 08:00:00,2024-01-12 15:00:00,1.09758,1.09363,1.09955,1.09363,0.4912,39.5,194.02,194.01,7,take_profit,11.27805,0.00132,0.806,0.1725,london,2024
EURUSD,-1,2024-01-15 06:00:00,2024-01-15 16:00:00,1.09641,1.09434,1.09819,1.09285,0.5552,20.7,114.93,114.92,10,time_exit,10.93642,0.00119,0.30759,-0.10376,,2024
EURUSD,-1,2024-01-17 23:00:00,2024-01-18 04:00:00,1.08809,1.09028,1.09028,1.08372,0.458,-21.9,-100.08,-100.08,5,stop_loss,33.43147,0.00146,-0.47217,-2.94856,,2024
EURUSD,-1,2024-01-18 17:00:00,2024-01-19 02:00:00,1.08595,1.08809,1.08809,1.08168,0.4637,-21.4,-99.08,-99.08,9,stop_loss,21.37444,0.00142,-1.8627,-2.60984,new_york,2024
EURUSD,-1,2024-01-19 06:00:00,2024-01-19 16:00:00,1.0889,1.08804,1.09066,1.08537,0.556,8.6,47.82,47.81,10,time_exit,16.36369,0.00118,0.67012,-3.06042,,2024
EURUSD,1,2024-01-22 08:00:00,2024-01-22 10:00:00,1.09016,1.08875,1.08875,1.09297,0.7014,-14.1,-98.58,-98.58,2,stop_loss,10.2417,0.00094,1.41884,-2.42288,london,2024
EURUSD,1,2024-01-24 14:00:00,2024-01-24 16:00:00,1.08928,1.09305,1.0874,1.09305,0.5177,37.7,195.17,195.17,2,take_profit,25.46986,0.00126,1.52926,-1.79056,london,2024
EURUSD,-1,2024-01-24 16:00:00,2024-01-24 21:00:00,1.09249,1.08829,1.09459,1.08829,0.4739,42.0,199.1,199.1,5,take_profit,27.44584,0.0014,3.46362,-1.42551,new_york,2024
EURUSD,-1,2024-01-25 06:00:00,2024-01-25 10:00:00,1.0878,1.08953,1.08953,1.08435,0.5884,-17.3,-101.52,-101.52,4,stop_loss,19.23704,0.00115,-0.23057,-1.26415,,2024
EURUSD,1,2024-01-25 23:00:00,2024-01-26 09:00:00,1.08399,1.08181,1.08181,1.08835,0.4608,-21.8,-100.52,-100.52,10,stop_loss,26.06107,0.00145,-2.2313,-1.27153,,2024
EURUSD,-1,2024-01-29 20:00:00,2024-01-29 22:00:00,1.08117,1.08289,1.08289,1.07772,0.5773,-17.2,-99.51,-99.51,2,stop_loss,25.4943,0.00115,-2.64063,-2.66429,new_york,2024
EURUSD,1,2024-01-30 12:00:00,2024-01-30 22:00:00,1.0827,1.08447,1.08114,1.08581,0.6333,17.7,112.09,112.09,10,time_exit,14.91889,0.00104,-0.76958,-2.98635,london,2024
EURUSD,1,2024-02-02 02:00:00,2024-02-02 12:00:00,1.08743,1.08845,1.08537,1.09155,0.4835,10.2,49.32,49.32,10,time_exit,26.22017,0.00137,2.82094,-1.10892,,2024
EURUSD,-1,2024-02-02 16:00:00,2024-02-05 02:00:00,1.08065,1.07726,1.08314,1.07567,0.4017,33.9,136.18,136.17,10,time_exit,37.30626,0.00166,-2.6697,-0.13254,new_york,2024
EURUSD,1,2024-02-05 15:00:00,2024-02-05 17:00:00,1.07496,1.07309,1.07309,1.07871,0.5418,-18.7,-101.49,-101.49,2,stop_loss,51.69042,0.00125,-4.46964,-2.61129,london,2024
EURUSD,1,2024-02-08 12:00:00,2024-02-08 13:00:00,1.07831,1.07699,1.07699,1.08095,0.7621,-13.2,-100.47,-100.48,1,stop_loss,15.67389,0.00088,1.4427,-3.29058,london,2024
EURUSD,-1,2024-02-13 13:00:00,2024-02-13 14:00:00,1.07724,1.07857,1.07857,1.07458,0.7482,-13.3,-99.48,-99.48,1,stop_loss,19.9908,0.00089,-0.18303,-1.47352,london,2024
EURUSD,-1,2024-02-13 18:00:00,2024-02-14 04:00:00,1.07169,1.07098,1.07407,1.06692,0.4131,7.1,29.33,29.33,10,time_exit,25.12813,0.00159,-3.19951,-1.06883,new_york,2024
EURUSD,-1,2024-02-15 03:00:00,2024-02-15 13:00:00,1.07342,1.07356,1.07465,1.07097,0.8061,-1.4,-11.29,-11.29,10,time_exit,22.24949,0.00082,0.33473,-4.16047,,2024
EURUSD,1,2024-02-20 03:00:00,2024-02-20 11:00:00,1.07697,1.07937,1.07577,1.07937,0.8206,24.0,197.3,197.3,8,take_profit,11.86167,0.0008,-0.06799,0.46598,,2024
EURUSD,-1,2024-02-22 01:00:00,2024-02-22 07:00:00,1.08193,1.08347,1.08347,1.07886,0.6552,-15.4,-100.63,-100.64,6,stop_loss,18.60412,0.00102,1.66446,2.09497,,2024
EURUSD,1,2024-02-26 03:00:00,2024-02-26 12:00:00,1.08168,1.08433,1.08035,1.08433,0.7515,26.5,199.26,199.25,9,take_profit,9.76368,0.00088,-0.65429,2.66111,,2024
EURUSD,1,2024-02-27 05:00:00,2024-02-27 15:00:00,1.08516,1.08482,1.08407,1.08734,0.9305,-3.4,-31.64,-31.64,10,time_exit,17.93812,0.00073,2.07487,3.79022,,2024
EURUSD,1,2024-02-28 14:00:00,2024-02-28 19:00:00,1.08157,1.08425,1.08023,1.08425,0.7553,26.8,202.59,202.59,5,take_profit,36.99684,0.00089,-2.28611,2.06517,london,2024
EURUSD,1,2024-02-29 01:00:00,2024-02-29 11:00:00,1.08381,1.08505,1.0824,1.08662,0.7348,12.4,91.12,91.11,10,time_exit,24.00301,0.00094,0.30336,1.71124,,2024
EURUSD,1,2024-02-29 20:00:00,2024-03-01 06:00:00,1.07999,1.08136,1.07796,1.08405,0.514,13.7,70.42,70.42,10,time_exit,21.24036,0.00135,-2.44689,0.85459,new_york,2024
EURUSD,1,2024-03-01 11:00:00,2024-03-01 17:00:00,1.0811,1.08383,1.07974,1.08383,0.7699,27.3,209.89,209.89,6,take_profit,19.17546,0.00091,-1.29531,0.35275,london,2024
EURUSD,-1,2024-03-05 10:00:00,2024-03-05 17:00:00,1.08465,1.08572,1.08572,1.08251,0.9992,-10.7,-107.04,-107.05,7,stop_loss,10.23348,0.00071,0.26389,2.13158,london,2024
EURUSD,1,2024-03-06 20:00:00,2024-03-07 06:00:00,1.09025,1.09037,1.08867,1.0934,0.6724,1.2,8.07,8.07,10,time_exit,27.5986,0.00105,3.7758,2.20674,new_york,2024
EURUSD,-1,2024-03-07 16:00:00,2024-03-07 17:00:00,1.08723,1.08873,1.08873,1.08423,0.7065,-15.0,-106.05,-106.05,1,stop_loss,23.50377,0.001,-0.89619,3.14205,new_york,2024
EURUSD,1,2024-03-07 17:00:00,2024-03-08 02:00:00,1.09158,1.09544,1.08965,1.09544,0.5435,38.6,209.97,209.97,9,take_profit,22.05752,0.00129,2.54652,2.49484,new_york,2024
EURUSD,1,2024-03-08 12:00:00,2024-03-08 15:00:00,1.09352,1.0921,1.0921,1.09637,0.7528,-14.2,-107.09,-107.09,3,stop_loss_ambiguous,20.6875,0.00095,2.13112,5.09758,london,2024
EURUSD,-1,2024-03-08 15:00:00,2024-03-08 16:00:00,1.09319,1.0946,1.0946,1.09038,0.7539,-14.1,-106.02,-106.02,1,stop_loss,18.96868,0.00094,1.57242,5.1668,london,2024
EURUSD,1,2024-03-12 13:00:00,2024-03-12 15:00:00,1.09304,1.09193,1.09193,1.09525,0.9488,-11.1,-104.96,-104.96,2,stop_loss,21.06851,0.00074,-0.09591,5.12043,london,2024
EURUSD,-1,2024-03-13 11:00:00,2024-03-13 14:00:00,1.09268,1.09373,1.09373,1.09058,0.9917,-10.5,-103.91,-103.91,3,stop_loss,31.1698,0.0007,-0.11636,4.00694,london,2024
EURUSD,-1,2024-03-14 08:00:00,2024-03-14 16:00:00,1.09425,1.09209,1.09533,1.09209,0.9505,21.6,205.74,205.74,8,take_profit,17.87457,0.00072,0.73806,4.05781,london,2024
EURUSD,1,2024-03-14 19:00:00,2024-03-15 05:00:00,1.08877,1.08733,1.08722,1.09186,0.6783,-14.4,-97.68,-97.68,10,time_exit,28.68604,0.00103,-4.3932,2.24279,new_york,2024
EURUSD,1,2024-03-18 13:00:00,2024-03-18 16:00:00,1.08994,1.08895,1.08895,1.09191,1.0535,-9.9,-103.95,-103.95,3,stop_loss,24.96812,0.00066,0.54716,-0.89913,london,2024
EURUSD,-1,2024-03-18 17:00:00,2024-03-18 20:00:00,1.08892,1.08675,1.09001,1.08675,0.9469,21.7,205.83,205.83,3,take_profit,21.97634,0.00072,-0.92145,-0.78759,new_york,2024
EURUSD,1,2024-03-18 21:00:00,2024-03-19 07:00:00,1.08686,1.08707,1.08565,1.08929,0.8641,2.1,18.15,18.14,10,time_exit,23.91295,0.00081,-3.03654,-0.92167,new_york,2024
EURUSD,-1,2024-03-19 10:00:00,2024-03-19 11:00:00,1.08677,1.08475,1.08778,1.08475,1.0397,20.2,210.3,210.29,1,take_profit,31.32179,0.00067,-2.43065,-1.92931,london,2024
EURUSD,1,2024-03-19 12:00:00,2024-03-19 22:00:00,1.08475,1.08649,1.08357,1.08711,0.9097,17.4,158.29,158.29,10,time_exit,35.20794,0.00079,-4.31958,-1.86163,london,2024
EURUSD,1,2024-03-20 23:00:00,2024-03-21 09:00:00,1.0921,1.09378,1.09036,1.09557,0.627,16.8,105.34,105.33,10,time_exit,28.76393,0.00116,4.60767,-1.57147,,2024
EURUSD,-1,2024-03-21 17:00:00,2024-03-22 03:00:00,1.08856,1.08652,1.09062,1.08444,0.534,20.4,108.94,108.93,10,time_exit,33.071,0.00137,-0.67688,0.22557,new_york,2024
EURUSD,-1,2024-03-26 00:00:00,2024-03-26 08:00:00,1.0836,1.08472,1.08472,1.08136,0.9908,-11.2,-110.98,-110.98,8,stop_loss,24.15011,0.00075,0.39468,-4.14035,,2024
EURUSD,1,2024-03-27 05:00:00,2024-03-27 15:00:00,1.08235,1.08189,1.08124,1.08456,0.9933,-4.6,-45.69,-45.69,10,time_exit,22.28097,0.00074,-1.79641,-2.97574,,2024
EURUSD,-1,2024-03-28 18:00:00,2024-03-29 04:00:00,1.08004,1.07763,1.08182,1.07648,0.6146,24.1,148.12,148.12,10,time_exit,23.31609,0.00119,-1.50794,-2.29108,new_york,2024
EURUSD,1,2024-03-29 16:00:00,2024-04-01 02:00:00,1.07972,1.07933,1.07823,1.08271,0.7429,-3.9,-28.97,-28.98,10,time_exit,29.58638,0.001,-0.07476,-3.56222,new_york,2024
EURUSD,1,2024-04-01 06:00:00,2024-04-01 16:00:00,1.07879,1.07758,1.07758,1.08122,0.9114,-12.1,-110.6,-110.6,10,stop_loss,19.21063,0.00081,-0.82304,-4.10291,,2024
EURUSD,1,2024-04-02 19:00:00,2024-04-03 05:00:00,1.0769,1.07743,1.07535,1.08,0.7053,5.3,37.38,37.38,10,time_exit,35.22266,0.00103,0.84204,-4.28252,new_york,2024
EURUSD,1,2024-04-03 07:00:00,2024-04-03 10:00:00,1.07774,1.07664,1.07664,1.07994,0.999,-11.0,-109.87,-109.87,3,stop_loss,36.24532,0.00073,1.79288,-4.99543,london,2024
EURUSD,-1,2024-04-03 23:00:00,2024-04-04 09:00:00,1.08337,1.08401,1.08487,1.08038,0.7272,-6.4,-46.54,-46.54,10,time_exit,41.65394,0.001,5.23166,-1.88842,,2024
EURUSD,1,2024-04-04 16:00:00,2024-04-04 21:00:00,1.08698,1.08558,1.08558,1.08977,0.7755,-14.0,-108.31,-108.31,5,stop_loss,53.34984,0.00093,5.90751,0.75738,new_york,2024
EURUSD,1,2024-04-08 02:00:00,2024-04-08 12:00:00,1.08281,1.08281,1.08111,1.08621,0.6311,0.0,0.0,-0.0,10,time_exit,16.3653,0.00113,-0.0946,1.17581,,2024
EURUSD,1,2024-04-08 12:00:00,2024-04-08 16:00:00,1.08236,1.08527,1.0809,1.08527,0.7366,29.1,214.45,214.45,4,take_profit,11.33754,0.00097,-0.6776,1.3146,london,2024
EURUSD,-1,2024-04-10 05:00:00,2024-04-10 13:00:00,1.08545,1.08658,1.08658,1.08318,0.9657,-11.3,-109.37,-109.38,8,stop_loss,16.29627,0.00076,0.33613,2.86482,,2024
EURUSD,-1,2024-04-10 14:00:00,2024-04-10 15:00:00,1.08646,1.08442,1.08748,1.08442,1.0631,20.4,216.56,216.56,1,take_profit,16.86269,0.00068,1.65194,3.06503,london,2024
EURUSD,-1,2024-04-10 22:00:00,2024-04-11 08:00:00,1.07364,1.0743,1.07599,1.06893,0.4694,-6.6,-30.98,-30.98,10,time_exit,38.18544,0.00157,-5.8453,0.0419,,2024
EURUSD,-1,2024-04-11 11:00:00,2024-04-11 17:00:00,1.07432,1.07112,1.07592,1.07112,0.6874,32.0,220.25,220.24,6,take_profit,48.53465,0.00107,-4.691,-2.21907,london,2024
EURUSD,-1,2024-04-11 19:00:00,2024-04-12 05:00:00,1.07214,1.07267,1.07442,1.06758,0.4929,-5.3,-26.12,-26.13,10,time_exit,44.58141,0.00152,-3.59195,-2.2816,new_york,2024
EURUSD,-1,2024-04-12 16:00:00,2024-04-15 02:00:00,1.06384,1.06461,1.06583,1.05987,0.564,-7.7,-43.43,-43.43,10,time_exit,48.72342,0.00132,-6.94917,-4.46446,new_york,2024
EURUSD,-1,2024-04-15 22:00:00,2024-04-16 08:00:00,1.06252,1.06185,1.06454,1.05847,0.5518,6.7,36.97,36.97,10,time_exit,32.22678,0.00135,-3.33807,-6.06192,,2024
EURUSD,-1,2024-04-17 20:00:00,2024-04-17 21:00:00,1.06499,1.06707,1.06707,1.06083,0.538,-20.8,-112.01,-112.02,1,stop_loss,14.48703,0.00139,0.96384,-5.0164,new_york,2024
EURUSD,1,2024-04-18 06:00:00,2024-04-18 15:00:00,1.06781,1.06617,1.06617,1.0711,0.6748,-16.4,-110.89,-110.89,9,stop_loss,26.17179,0.0011,2.74167,-5.0006,,2024
EURUSD,-1,2024-04-23 19:00:00,2024-04-24 05:00:00,1.06948,1.07102,1.07177,1.0649,0.479,-15.4,-73.77,-73.77,10,time_exit,23.90388,0.00153,2.20287,-1.0453,new_york,2024
EURUSD,1,2024-04-25 20:00:00,2024-04-26 06:00:00,1.07313,1.07232,1.07093,1.07752,0.4966,-8.1,-40.22,-40.23,10,time_exit,23.32414,0.00146,2.10354,0.88701,new_york,2024
EURUSD,-1,2024-04-30 00:00:00,2024-04-30 10:00:00,1.07164,1.07052,1.07344,1.06805,0.6048,11.2,67.74,67.74,10,time_exit,9.07095,0.0012,0.55128,1.18845,,2024
EURUSD,-1,2024-04-30 19:00:00,2024-05-01 05:00:00,1.06839,1.06589,1.07063,1.06391,0.4885,25.0,122.12,122.12,10,time_exit,21.76783,0.00149,-1.77887,0.65045,new_york,2024
EURUSD,-1,2024-05-01 17:00:00,2024-05-01 21:00:00,1.06822,1.06954,1.06954,1.06559,0.8403,-13.2,-110.53,-110.53,4,stop_loss,36.87202,0.00088,-0.40204,-0.99927,new_york,2024
EURUSD,1,2024-05-02 01:00:00,2024-05-02 11:00:00,1.07079,1.07043,1.06825,1.07587,0.4307,-3.6,-15.51,-15.51,10,time_exit,34.22539,0.00169,1.1715,-0.36622,,2024
EURUSD,1,2024-05-02 17:00:00,2024-05-02 21:00:00,1.06869,1.07291,1.06658,1.07291,0.5183,42.2,218.54,218.54,4,take_profit,28.30261,0.00141,-0.77979,0.09752,new_york,2024
EURUSD,1,2024-05-03 18:00:00,2024-05-06 04:00:00,1.07658,1.07703,1.07409,1.08157,0.4468,4.5,20.11,20.1,10,time_exit,32.16446,0.00166,2.47991,1.15766,new_york,2024
EURUSD,1,2024-05-07 18:00:00,2024-05-07 20:00:00,1.07779,1.07641,1.07641,1.08056,0.807,-13.8,-111.66,-111.66,2,stop_loss,17.63555,0.00092,1.64464,3.59937,new_york,2024
EURUSD,-1,2024-05-08 06:00:00,2024-05-08 13:00:00,1.07414,1.07533,1.07533,1.07177,0.9318,-11.9,-110.54,-110.54,7,stop_loss,19.92763,0.00079,-2.20498,3.36602,,2024
EURUSD,-1,2024-05-09 13:00:00,2024-05-09 15:00:00,1.07306,1.07405,1.07405,1.07107,1.1018,-9.9,-109.44,-109.44,2,stop_loss,16.05361,0.00066,-2.63295,1.89924,london,2024
EURUSD,-1,2024-05-10 11:00:00,2024-05-10 21:00:00,1.07813,1.07738,1.07918,1.07603,1.033,7.5,77.48,77.47,10,time_exit,28.99443,0.0007,2.55658,2.94097,london,2024
EURUSD,1,2024-05-13 06:00:00,2024-05-13 14:00:00,1.07714,1.07934,1.07604,1.07934,0.9909,22.0,218.25,218.25,8,take_profit,13.60632,0.00073,0.38889,2.77518,,2024
EURUSD,1,2024-05-13 20:00:00,2024-05-14 06:00:00,1.07936,1.07878,1.07808,1.08191,0.8727,-5.8,-50.62,-50.62,10,time_exit,22.97131,0.00085,2.00429,2.75002,new_york,2024
EURUSD,1,2024-05-15 13:00:00,2024-05-15 15:00:00,1.08282,1.08493,1.08176,1.08493,1.0486,21.1,221.6,221.6,2,take_profit,10.78838,0.0007,3.14179,4.89491,london,2024
EURUSD,-1,2024-05-21 19:00:00,2024-05-22 05:00:00,1.08541,1.08591,1.08667,1.0829,0.8988,-5.0,-44.94,-44.94,10,time_exit,20.97058,0.00084,-0.98087,3.66217,new_york,2024
EURUSD,1,2024-05-22 21:00:00,2024-05-22 22:00:00,1.08371,1.0824,1.0824,1.08633,0.8582,-13.1,-112.57,-112.57,1,stop_loss,30.0376,0.00087,-1.72581,1.91338,new_york,2024
EURUSD,1,2024-05-23 19:00:00,2024-05-23 20:00:00,1.08264,1.08099,1.08099,1.08595,0.6744,-16.5,-111.44,-111.45,1,stop_loss,24.07833,0.0011,-1.27835,0.53326,new_york,2024
EURUSD,-1,2024-05-27 11:00:00,2024-05-27 12:00:00,1.0851,1.08598,1.08598,1.08335,1.2576,-8.8,-110.33,-110.33,1,stop_loss,38.7329,0.00058,1.89695,0.86421,london,2024
EURUSD,-1,2024-05-27 21:00:00,2024-05-28 04:00:00,1.08576,1.08691,1.08691,1.08345,0.9465,-11.5,-109.22,-109.22,7,stop_loss,25.68372,0.00077,1.56147,1.14799,new_york,2024
EURUSD,-1,2024-05-28 12:00:00,2024-05-28 14:00:00,1.08702,1.08805,1.08805,1.08496,1.049,-10.3,-108.13,-108.13,2,stop_loss,20.68483,0.00069,2.04014,2.18956,london,2024
EURUSD,1,2024-05-30 13:00:00,2024-05-30 17:00:00,1.0813,1.08401,1.07994,1.08401,0.7897,27.1,214.08,214.08,4,take_profit,41.8232,0.0009,-1.5018,-1.22365,london,2024
EURUSD,-1,2024-05-31 09:00:00,2024-05-31 11:00:00,1.08197,1.08312,1.08312,1.07968,0.9521,-11.5,-109.19,-109.19,2,stop_loss,25.06097,0.00076,-0.97633,-1.14743,london,2024
EURUSD,1,2024-05-31 23:00:00,2024-06-03 09:00:00,1.08512,1.08565,1.08339,1.08859,0.6235,5.3,33.05,33.04,10,time_exit,23.49331,0.00116,1.27714,-0.0952,,2024
EURUSD,-1,2024-06-03 16:00:00,2024-06-03 17:00:00,1.08444,1.08586,1.08586,1.0816,0.7644,-14.2,-108.43,-108.43,1,stop_loss,14.1452,0.00095,0.27863,0.27638,new_york,2024
EURUSD,1,2024-06-05 14:00:00,2024-06-05 16:00:00,1.08686,1.08896,1.08581,1.08896,1.0227,21.0,214.68,214.68,2,take_profit,14.89494,0.0007,-0.96494,2.7995,london,2024
EURUSD,-1,2024-06-07 04:00:00,2024-06-07 14:00:00,1.08896,1.08984,1.09028,1.08632,0.8309,-8.8,-73.12,-73.12,10,time_exit,16.21098,0.00088,0.92729,2.00258,,2024
EURUSD,1,2024-06-07 16:00:00,2024-06-07 17:00:00,1.08332,1.08135,1.08135,1.08726,0.5526,-19.7,-108.76,-108.76,1,stop_loss,15.3819,0.00131,-3.83394,1.29604,new_york,2024
EURUSD,-1,2024-06-10 23:00:00,2024-06-11 09:00:00,1.07632,1.07683,1.07805,1.07286,0.6226,-5.1,-31.75,-31.75,10,time_exit,42.09317,0.00115,-3.05642,-3.65332,,2024
EURUSD,-1,2024-06-11 10:00:00,2024-06-11 11:00:00,1.07683,1.07449,1.078,1.07449,0.9159,23.4,214.7,214.7,1,take_profit,22.78739,0.00078,-2.3933,-5.85412,london,2024
EURUSD,-1,2024-06-13 00:00:00,2024-06-13 10:00:00,1.08085,1.08145,1.08297,1.07661,0.5168,-6.0,-31.01,-31.01,10,time_exit,35.12676,0.00141,2.15759,-2.33686,,2024
EURUSD,1,2024-06-14 03:00:00,2024-06-14 09:00:00,1.07376,1.07205,1.07205,1.07717,0.6399,-17.1,-109.19,-109.19,6,stop_loss,28.08317,0.00114,-3.26158,-2.57385,,2024
EURUSD,-1,2024-06-17 04:00:00,2024-06-17 14:00:00,1.0704,1.07096,1.07199,1.06722,0.6803,-5.6,-38.1,-38.1,10,time_exit,38.69802,0.00106,-2.53359,-4.88725,,2024
EURUSD,1,2024-06-17 14:00:00,2024-06-18 00:00:00,1.07102,1.07318,1.06951,1.07404,0.7145,21.6,154.33,154.33,10,time_exit,33.97568,0.00101,-1.1853,-5.27627,london,2024
EURUSD,-1,2024-06-20 05:00:00,2024-06-20 10:00:00,1.07457,1.07273,1.07549,1.07273,1.1861,18.4,218.53,218.53,5,take_profit,12.95888,0.00061,1.11385,-2.97539,,2024
EURUSD,-1,2024-06-20 22:00:00,2024-06-21 08:00:00,1.07105,1.0718,1.07244,1.06827,0.8017,-7.5,-60.13,-60.13,10,time_exit,36.78647,0.00093,-2.14291,-2.31617,,2024
EURUSD,-1,2024-06-21 11:00:00,2024-06-21 12:00:00,1.06779,1.06921,1.06921,1.06496,0.7825,-14.2,-110.84,-110.84,1,stop_loss,30.38459,0.00094,-4.55367,-2.68951,london,2024
EURUSD,1,2024-06-24 05:00:00,2024-06-24 12:00:00,1.06909,1.07195,1.06766,1.07195,0.7678,28.6,219.46,219.46,7,take_profit,40.26185,0.00095,-1.52606,-3.33393,,2024
EURUSD,-1,2024-06-25 07:00:00,2024-06-25 14:00:00,1.07387,1.07185,1.07488,1.07185,1.1076,20.2,223.85,223.85,7,take_profit,27.08275,0.00067,2.78929,-2.17248,london,2024
EURUSD,-1,2024-06-25 17:00:00,2024-06-25 21:00:00,1.07026,1.07159,1.07159,1.06759,0.8565,-13.3,-114.17,-114.17,4,stop_loss,24.93835,0.00089,-2.0482,-1.43053,new_york,2024
EURUSD,-1,2024-06-26 16:00:00,2024-06-26 17:00:00,1.06773,1.06909,1.06909,1.06501,0.83,-13.6,-113.03,-113.03,1,stop_loss,35.07588,0.00091,-3.541,-1.96637,new_york,2024
EURUSD,1,2024-06-26 21:00:00,2024-06-27 07:00:00,1.06858,1.06944,1.06703,1.07169,0.7199,8.6,61.91,61.91,10,time_exit,32.25706,0.00104,-1.78877,-1.99878,new_york,2024
EURUSD,1,2024-07-01 08:00:00,2024-07-01 17:00:00,1.07548,1.07381,1.07381,1.07882,0.6735,-16.7,-112.51,-112.51,9,stop_loss,32.92551,0.00111,3.57333,-0.21858,london,2024
EURUSD,1,2024-07-01 17:00:00,2024-07-01 18:00:00,1.07572,1.07387,1.07387,1.07941,0.6037,-18.5,-111.39,-111.39,1,stop_loss,38.8164,0.00123,2.22913,0.53657,new_york,2024
EURUSD,-1,2024-07-02 06:00:00,2024-07-02 16:00:00,1.07352,1.07424,1.07492,1.07072,0.7886,-7.2,-56.78,-56.78,10,time_exit,18.23507,0.00093,0.53064,0.84034,,2024
EURUSD,1,2024-07-02 18:00:00,2024-07-03 04:00:00,1.07433,1.07421,1.07271,1.07756,0.6784,-1.2,-8.14,-8.14,10,time_exit,18.24673,0.00108,1.29712,0.58686,new_york,2024
EURUSD,-1,2024-07-04 14:00:00,2024-07-04 18:00:00,1.08011,1.08129,1.08129,1.07776,0.9322,-11.8,-109.63,-109.63,4,stop_loss,29.96892,0.00078,3.84823,3.87472,london,2024
EURUSD,1,2024-07-05 02:00:00,2024-07-05 10:00:00,1.08117,1.08284,1.08033,1.08284,1.2963,16.7,217.05,217.05,8,take_profit,38.62454,0.00056,4.71554,6.65761,,2024
EURUSD,-1,2024-07-05 16:00:00,2024-07-08 00:00:00,1.08298,1.08034,1.0843,1.08034,0.8382,26.4,221.4,221.4,8,take_profit,45.2612,0.00088,3.23842,4.92479,new_york,2024
EURUSD,1,2024-07-08 02:00:00,2024-07-08 12:00:00,1.08245,1.08383,1.08074,1.08587,0.6603,13.8,91.12,91.12,10,time_exit,31.01039,0.00114,1.25272,4.00583,,2024
EURUSD,1,2024-07-08 14:00:00,2024-07-09 00:00:00,1.08299,1.08247,1.08138,1.0862,0.7086,-5.2,-36.85,-36.85,10,time_exit,20.75076,0.00107,1.14195,4.2753,london,2024
EURUSD,1,2024-07-09 01:00:00,2024-07-09 11:00:00,1.08247,1.08226,1.08126,1.08489,0.9378,-2.1,-19.69,-19.7,10,time_exit,18.11232,0.00081,0.2649,5.50789,,2024
EURUSD,-1,2024-07-10 00:00:00,2024-07-10 10:00:00,1.08134,1.08163,1.08254,1.07893,0.9413,-2.9,-27.3,-27.3,10,time_exit,20.97424,0.0008,-0.83886,4.19626,,2024
EURUSD,1,2024-07-11 05:00:00,2024-07-11 15:00:00,1.08394,1.08586,1.08298,1.08586,1.1755,19.2,225.98,225.98,10,take_profit,12.8215,0.00064,2.46519,4.30833,,2024
EURUSD,-1,2024-07-11 19:00:00,2024-07-12 05:00:00,1.08699,1.08659,1.08883,1.08332,0.6278,4.0,25.11,25.11,10,time_exit,35.76959,0.00122,2.6563,2.75985,new_york,2024
EURUSD,1,2024-07-15 13:00:00,2024-07-15 19:00:00,1.0913,1.09006,1.09006,1.09379,0.9287,-12.4,-115.5,-115.51,6,stop_loss,20.83045,0.00083,3.88737,5.87254,london,2024
EURUSD,-1,2024-07-15 19:00:00,2024-07-16 05:00:00,1.09121,1.0891,1.09258,1.08847,0.8331,21.1,175.78,175.78,10,time_exit,25.4007,0.00091,2.70884,5.53273,new_york,2024
EURUSD,-1,2024-07-17 04:00:00,2024-07-17 10:00:00,1.08977,1.09091,1.09091,1.08749,1.0178,-11.4,-116.11,-116.11,6,stop_loss,12.6483,0.00076,0.64243,5.23477,,2024
EURUSD,1,2024-07-17 12:00:00,2024-07-17 19:00:00,1.0942,1.09271,1.09271,1.09719,0.7696,-14.9,-114.95,-114.95,7,stop_loss,12.62678,0.001,4.4843,4.02245,london,2024
EURUSD,1,2024-07-18 09:00:00,2024-07-18 10:00:00,1.09371,1.09269,1.09269,1.09575,1.1156,-10.2,-113.79,-113.79,1,stop_loss,18.26726,0.00068,2.60828,6.93154,london,2024
EURUSD,-1,2024-07-19 02:00:00,2024-07-19 12:00:00,1.08976,1.08805,1.09096,1.08735,0.9356,17.1,159.99,159.99,10,time_exit,25.67016,0.0008,-2.31359,4.64441,,2024
EURUSD,1,2024-07-22 07:00:00,2024-07-22 09:00:00,1.08917,1.08804,1.08804,1.09143,1.0089,-11.3,-114.25,-114.25,2,stop_loss,28.93669,0.00075,-0.70367,2.09303,london,2024
EURUSD,1,2024-07-23 01:00:00,2024-07-23 10:00:00,1.08899,1.08786,1.08786,1.09125,1.0027,-11.3,-113.12,-113.12,9,stop_loss,25.42448,0.00075,-0.2299,1.2724,,2024
EURUSD,-1,2024-07-23 23:00:00,2024-07-24 09:00:00,1.08509,1.08434,1.08629,1.08268,0.9294,7.5,69.71,69.7,10,time_exit,49.53549,0.0008,-3.28478,-0.30176,,2024
EURUSD,1,2024-07-24 14:00:00,2024-07-25 00:00:00,1.08428,1.08401,1.08302,1.08679,0.8965,-2.7,-24.21,-24.21,10,time_exit,49.3244,0.00084,-2.37041,-1.47362,london,2024
EURUSD,1,2024-07-29 01:00:00,2024-07-29 10:00:00,1.0856,1.08435,1.08435,1.0881,0.9003,-12.5,-112.44,-112.44,9,stop_loss,11.50981,0.00083,0.16798,-1.17002,,2024
EURUSD,-1,2024-07-30 03:00:00,2024-07-30 11:00:00,1.08192,1.08304,1.08304,1.07968,0.9959,-11.2,-111.32,-111.32,8,stop_loss,36.24194,0.00075,-2.78216,-2.38217,,2024
EURUSD,-1,2024-07-31 04:00:00,2024-07-31 13:00:00,1.082,1.08318,1.08318,1.07964,0.9353,-11.8,-110.2,-110.2,9,stop_loss,31.01817,0.00079,-0.66185,-3.00495,,2024
EURUSD,-1,2024-08-01 06:00:00,2024-08-01 11:00:00,1.08263,1.07947,1.08421,1.07947,0.6912,31.6,218.19,218.19,5,take_profit,13.92276,0.00105,0.08434,-1.71618,,2024
EURUSD,-1,2024-08-06 22:00:00,2024-08-07 08:00:00,1.09287,1.09104,1.09497,1.08867,0.5298,18.3,96.95,96.95,10,time_exit,18.15767,0.0014,0.52673,3.28777,,2024
EURUSD,-1,2024-08-07 16:00:00,2024-08-08 02:00:00,1.09221,1.09275,1.09384,1.08895,0.6893,-5.4,-37.22,-37.22,10,time_exit,16.69118,0.00109,0.10651,3.51058,new_york,2024
EURUSD,-1,2024-08-08 08:00:00,2024-08-08 09:00:00,1.09317,1.09443,1.09443,1.09066,0.8907,-12.6,-111.87,-111.87,1,stop_loss,11.30445,0.00084,0.94472,4.12837,london,2024
EURUSD,-1,2024-08-08 12:00:00,2024-08-08 15:00:00,1.09371,1.09112,1.095,1.09112,0.8555,25.9,221.5,221.5,3,take_profit,15.67354,0.00086,1.28203,4.03944,london,2024
EURUSD,-1,2024-08-08 23:00:00,2024-08-09 09:00:00,1.09161,1.09275,1.09327,1.08828,0.6785,-11.4,-77.35,-77.35,10,time_exit,21.32576,0.00111,-0.48596,2.52238,,2024
EURUSD,1,2024-08-09 16:00:00,2024-08-12 02:00:00,1.09119,1.09128,1.08993,1.09372,0.8882,0.9,7.99,7.99,10,time_exit,17.15432,0.00084,-0.96952,2.68806,new_york,2024
EURUSD,1,2024-08-14 09:00:00,2024-08-14 11:00:00,1.09909,1.10147,1.0979,1.10147,0.945,23.8,224.56,224.56,2,take_profit,31.47338,0.00079,4.34005,4.54926,london,2024
EURUSD,1,2024-08-15 13:00:00,2024-08-15 15:00:00,1.1012,1.10002,1.10002,1.10357,0.9676,-11.8,-114.52,-114.52,2,stop_loss,14.26987,0.00079,2.12295,6.55521,london,2024
EURUSD,-1,2024-08-16 19:00:00,2024-08-16 20:00:00,1.09963,1.10103,1.10103,1.09684,0.8127,-14.0,-113.38,-113.38,1,stop_loss,19.82242,0.00093,0.89124,3.66339,new_york,2024
EURUSD,1,2024-08-16 20:00:00,2024-08-19 01:00:00,1.10038,1.10316,1.09899,1.10316,0.8089,27.8,224.48,224.48,5,take_profit,18.68802,0.00093,1.65028,3.69683,new_york,2024
EURUSD,1,2024-08-19 21:00:00,2024-08-20 07:00:00,1.1077,1.10772,1.10617,1.11077,0.7459,0.2,1.49,1.49,10,time_exit,43.67228,0.00102,5.23685,4.88028,new_york,2024
EURUSD,-1,2024-08-20 10:00:00,2024-08-20 15:00:00,1.10813,1.10929,1.10929,1.10581,0.9851,-11.6,-114.51,-114.51,5,stop_loss,41.9187,0.00077,4.43407,7.76881,london,2024
EURUSD,1,2024-08-21 02:00:00,2024-08-21 09:00:00,1.11286,1.1114,1.1114,1.11577,0.7783,-14.6,-113.36,-113.36,7,stop_loss,53.81218,0.00097,5.40705,7.39155,,2024
EURUSD,1,2024-08-23 10:00:00,2024-08-23 14:00:00,1.11285,1.11147,1.11147,1.1156,0.8155,-13.8,-112.23,-112.23,4,stop_loss,16.06704,0.00092,0.71928,6.97255,london,2024
EURUSD,1,2024-08-26 21:00:00,2024-08-27 07:00:00,1.11698,1.11686,1.11522,1.1205,0.6321,-1.2,-7.59,-7.59,10,time_exit,22.69007,0.00117,0.91474,5.84188,new_york,2024
EURUSD,-1,2024-08-27 23:00:00,2024-08-28 08:00:00,1.11844,1.11541,1.11996,1.11541,0.7323,30.3,222.05,222.04,9,take_profit,12.665,0.00101,1.9421,5.60728,,2024
EURUSD,-1,2024-08-28 16:00:00,2024-08-28 17:00:00,1.1112,1.11301,1.11301,1.10759,0.6272,-18.1,-113.24,-113.24,1,stop_loss,30.2912,0.0012,-3.86081,3.57236,new_york,2024
EURUSD,1,2024-08-30 03:00:00,2024-08-30 13:00:00,1.10802,1.10794,1.10633,1.1114,0.6639,-0.8,-5.31,-5.31,10,time_exit,53.80933,0.00113,-2.94181,0.1136,,2024
EURUSD,-1,2024-09-02 04:00:00,2024-09-02 09:00:00,1.10536,1.10698,1.10698,1.10212,0.6917,-16.2,-112.07,-112.07,5,stop_loss,40.21025,0.00108,-2.57204,-1.88178,,2024
EURUSD,-1,2024-09-02 17:00:00,2024-09-03 03:00:00,1.1068,1.10607,1.10832,1.10377,0.7311,7.3,53.37,53.37,10,time_exit,26.99405,0.00101,-0.52685,-2.31254,new_york,2024
EURUSD,1,2024-09-09 22:00:00,2024-09-10 08:00:00,1.1043,1.10396,1.10258,1.10774,0.6485,-3.4,-22.05,-22.05,10,time_exit,25.29062,0.00115,-2.56491,-0.82649,,2024
EURUSD,-1,2024-09-11 05:00:00,2024-09-11 08:00:00,1.10369,1.10499,1.10499,1.10109,0.8549,-13.0,-111.25,-111.25,3,stop_loss,22.48881,0.00087,-0.56762,-3.05596,,2024
EURUSD,-1,2024-09-12 04:00:00,2024-09-12 08:00:00,1.10069,1.10207,1.10207,1.09792,0.7965,-13.8,-110.15,-110.15,4,stop_loss,26.53548,0.00092,-2.5631,-3.14593,,2024
EURUSD,-1,2024-09-12 10:00:00,2024-09-12 11:00:00,1.10084,1.10212,1.10212,1.09828,0.8514,-12.8,-109.04,-109.04,1,stop_loss,24.61258,0.00085,-2.16271,-3.50216,london,2024
EURUSD,-1,2024-09-12 14:00:00,2024-09-12 16:00:00,1.1022,1.10356,1.10356,1.09949,0.7956,-13.6,-107.95,-107.95,2,stop_loss,20.8026,0.0009,-0.34734,-3.31552,london,2024
EURUSD,-1,2024-09-12 19:00:00,2024-09-12 21:00:00,1.10403,1.1057,1.1057,1.1007,0.6411,-16.7,-106.87,-106.87,2,stop_loss,21.40538,0.00111,1.25515,-2.48576,new_york,2024
EURUSD,-1,2024-09-13 01:00:00,2024-09-13 05:00:00,1.10737,1.10898,1.10898,1.10415,0.6568,-16.1,-105.8,-105.8,4,stop_loss,32.87321,0.00107,3.64407,-1.87036,,2024
EURUSD,-1,2024-09-16 10:00:00,2024-09-16 12:00:00,1.11147,1.11282,1.11282,1.10877,0.7763,-13.5,-104.74,-104.74,2,stop_loss,31.39858,0.0009,4.48235,1.16885,london,2024
EURUSD,-1,2024-09-16 18:00:00,2024-09-17 04:00:00,1.11239,1.11279,1.11395,1.10928,0.6667,-4.0,-26.67,-26.67,10,time_exit,43.30634,0.00104,3.48712,1.86413,new_york,2024
EURUSD,-1,2024-09-18 14:00:00,2024-09-18 21:00:00,1.11301,1.11428,1.11428,1.11047,0.8149,-12.7,-103.43,-103.43,7,stop_loss,19.17965,0.00085,1.31529,3.5678,london,2024
EURUSD,1,2024-09-19 09:00:00,2024-09-19 19:00:00,1.11311,1.11556,1.11063,1.11807,0.4132,24.5,101.23,101.23,10,time_exit,16.51503,0.00165,0.8277,1.43914,london,2024
EURUSD,1,2024-09-20 00:00:00,2024-09-20 10:00:00,1.11613,1.11628,1.11384,1.12072,0.4507,1.5,6.76,6.76,10,time_exit,18.20792,0.00153,1.83199,2.06585,,2024
EURUSD,1,2024-09-24 05:00:00,2024-09-24 11:00:00,1.11076,1.114,1.10914,1.114,0.639,32.4,206.96,206.96,6,take_profit,25.55917,0.00108,-2.38698,1.38107,,2024
EURUSD,1,2024-09-24 20:00:00,2024-09-25 06:00:00,1.11586,1.11965,1.11397,1.11965,0.557,37.9,211.08,211.08,10,take_profit,23.06044,0.00126,1.98856,1.04226,new_york,2024
EURUSD,1,2024-09-27 01:00:00,2024-09-27 09:00:00,1.11754,1.11545,1.11545,1.12173,0.5144,-20.9,-107.65,-107.65,8,stop_loss,19.68059,0.0014,1.24128,1.41753,,2024
EURUSD,1,2024-09-27 23:00:00,2024-09-30 09:00:00,1.1164,1.11682,1.114,1.12119,0.4446,4.2,18.67,18.67,10,time_exit,14.04536,0.0016,0.10975,1.17378,,2024
EURUSD,-1,2024-09-30 22:00:00,2024-10-01 08:00:00,1.11324,1.11376,1.11588,1.10796,0.4045,-5.2,-21.03,-21.04,10,time_exit,15.8777,0.00176,-1.85863,0.94097,,2024
EURUSD,-1,2024-10-01 16:00:00,2024-10-02 02:00:00,1.10712,1.10646,1.1094,1.10256,0.4677,6.6,30.87,30.87,10,time_exit,31.52408,0.00152,-4.60002,-0.19208,new_york,2024
EURUSD,-1,2024-10-04 12:00:00,2024-10-04 15:00:00,1.10256,1.09989,1.10389,1.09989,0.8007,26.7,213.73,213.73,3,take_profit,22.00162,0.00089,-2.03298,-5.71936,london,2024
EURUSD,-1,2024-10-08 00:00:00,2024-10-08 09:00:00,1.0973,1.09882,1.09882,1.09426,0.7173,-15.2,-109.01,-109.01,9,stop_loss,24.79161,0.00101,-1.64966,-6.67971,,2024
EURUSD,-1,2024-10-09 03:00:00,2024-10-09 13:00:00,1.09755,1.09657,1.09889,1.09487,0.8054,9.8,78.93,78.93,10,time_exit,21.8618,0.00089,-0.90041,-6.32588,,2024
EURUSD,-1,2024-10-10 09:00:00,2024-10-10 15:00:00,1.09392,1.09498,1.09498,1.0918,1.0246,-10.6,-108.7,-108.7,6,stop_loss_ambiguous,43.32086,0.00071,-2.82043,-8.18731,london,2024
EURUSD,1,2024-10-10 22:00:00,2024-10-11 08:00:00,1.09221,1.09355,1.0902,1.09623,0.536,13.4,71.82,71.82,10,time_exit,53.8927,0.00134,-1.84609,-4.45106,,2024
EURUSD,-1,2024-10-11 14:00:00,2024-10-11 15:00:00,1.09351,1.09499,1.09499,1.09055,0.7316,-14.8,-108.33,-108.33,1,stop_loss,36.96166,0.00099,-0.7606,-5.43019,london,2024
EURUSD,1,2024-10-11 21:00:00,2024-10-14 01:00:00,1.09434,1.09275,1.09275,1.09751,0.6765,-15.9,-107.25,-107.25,4,stop_loss,27.56649,0.00106,0.15179,-4.776,new_york,2024
EURUSD,-1,2024-10-16 16:00:00,2024-10-16 20:00:00,1.08889,1.08628,1.09019,1.08628,0.8144,26.1,212.34,212.34,4,take_profit,22.55338,0.00087,-1.20362,-5.66926,new_york,2024
EURUSD,-1,2024-10-17 19:00:00,2024-10-18 05:00:00,1.08366,1.0839,1.08558,1.07982,0.5634,-2.4,-13.52,-13.52,10,time_exit,27.2604,0.00128,-2.60167,-4.45059,new_york,2024
EURUSD,-1,2024-10-21 09:00:00,2024-10-21 17:00:00,1.08599,1.08387,1.08705,1.08387,1.0203,21.2,216.32,216.32,8,take_profit,33.36631,0.00071,0.30161,-6.35463,london,2024
EURUSD,-1,2024-10-22 11:00:00,2024-10-22 12:00:00,1.08367,1.08148,1.08476,1.08148,1.0095,21.9,220.65,220.65,1,take_profit,30.53319,0.00073,-0.10141,-6.62141,london,2024
EURUSD,1,2024-10-23 07:00:00,2024-10-23 10:00:00,1.08023,1.07905,1.07905,1.08259,0.9533,-11.8,-112.53,-112.53,3,stop_loss,31.47804,0.00079,-2.13431,-6.6119,london,2024
EURUSD,1,2024-10-23 10:00:00,2024-10-23 11:00:00,1.07926,1.07809,1.07809,1.0816,0.9516,-11.7,-111.4,-111.4,1,stop_loss,28.76994,0.00078,-3.12361,-6.67082,london,2024
EURUSD,1,2024-10-23 13:00:00,2024-10-23 14:00:00,1.07824,1.07699,1.07699,1.08075,0.8793,-12.5,-110.29,-110.3,1,stop_loss,32.02063,0.00084,-3.69138,-6.36961,london,2024
EURUSD,-1,2024-10-23 17:00:00,2024-10-24 03:00:00,1.0775,1.07892,1.07892,1.07466,0.7682,-14.2,-109.19,-109.19,10,stop_loss,37.70832,0.00095,-3.38328,-5.86693,new_york,2024
EURUSD,1,2024-10-24 04:00:00,2024-10-24 10:00:00,1.07888,1.0776,1.0776,1.08144,0.843,-12.8,-108.1,-108.1,6,stop_loss,28.40288,0.00085,-1.0368,-6.61506,,2024
EURUSD,1,2024-10-24 14:00:00,2024-10-24 22:00:00,1.0799,1.08273,1.07848,1.08273,0.7554,28.3,214.03,214.03,8,take_profit,18.93235,0.00094,0.32512,-5.544,london,2024
EURUSD,-1,2024-10-25 06:00:00,2024-10-25 15:00:00,1.0826,1.08378,1.08378,1.08025,0.9279,-11.8,-109.16,-109.16,9,stop_loss,18.47908,0.00078,2.52174,-4.76156,,2024
EURUSD,-1,2024-10-28 09:00:00,2024-10-28 10:00:00,1.07879,1.08005,1.08005,1.07628,0.8597,-12.6,-108.07,-108.07,1,stop_loss,25.12149,0.00084,-2.03521,-3.59172,london,2024
EURUSD,1,2024-10-29 00:00:00,2024-10-29 10:00:00,1.0812,1.08096,1.07986,1.08389,0.796,-2.4,-19.1,-19.11,10,time_exit,28.47249,0.0009,0.2649,-2.54999,,2024
EURUSD,-1,2024-10-30 06:00:00,2024-10-30 11:00:00,1.08182,1.08323,1.08323,1.07901,0.7595,-14.1,-106.8,-106.8,5,stop_loss,18.47089,0.00094,0.82412,-1.71328,,2024
EURUSD,-1,2024-10-31 00:00:00,2024-10-31 10:00:00,1.08558,1.0859,1.08753,1.08167,0.5411,-3.2,-17.32,-17.32,10,time_exit,28.44337,0.0013,2.26858,-0.13253,,2024
EURUSD,-1,2024-10-31 16:00:00,2024-11-01 02:00:00,1.08798,1.08841,1.08966,1.08461,0.6271,-4.3,-26.97,-26.97,10,time_exit,20.74118,0.00112,3.37329,0.79281,new_york,2024
EURUSD,-1,2024-11-01 20:00:00,2024-11-04 00:00:00,1.08526,1.08718,1.08718,1.08142,0.5481,-19.2,-105.29,-105.29,4,stop_loss,19.10336,0.00128,-0.58047,1.40822,new_york,2024
EURUSD,1,2024-11-04 14:00:00,2024-11-04 15:00:00,1.09135,1.08957,1.08957,1.09491,0.5854,-17.8,-104.23,-104.23,1,stop_loss,29.64853,0.00119,3.44647,2.03178,london,2024
EURUSD,-1,2024-11-05 22:00:00,2024-11-06 02:00:00,1.0931,1.09,1.09465,1.09,0.6652,31.0,206.39,206.38,4,take_profit,31.52661,0.00103,3.97,2.81547,,2024
EURUSD,1,2024-11-06 02:00:00,2024-11-06 03:00:00,1.09341,1.09181,1.09181,1.09661,0.6586,-16.0,-105.26,-105.26,1,stop_loss,32.95285,0.00107,3.61454,3.01552,,2024
EURUSD,-1,2024-11-06 04:00:00,2024-11-06 05:00:00,1.08364,1.07809,1.08642,1.07809,0.3753,55.5,208.4,208.4,1,take_profit,35.76493,0.00185,-2.95185,1.51884,,2024
EURUSD,-1,2024-11-06 12:00:00,2024-11-06 22:00:00,1.07553,1.07352,1.08019,1.0662,0.2279,20.1,45.81,45.81,10,time_exit,48.02702,0.00311,-3.16081,-0.03283,london,2024
EURUSD,1,2024-11-07 15:00:00,2024-11-08 01:00:00,1.07754,1.07955,1.07462,1.08338,0.3658,20.1,73.53,73.52,10,time_exit,25.76627,0.00195,-0.19142,-2.4563,london,2024
EURUSD,1,2024-11-08 16:00:00,2024-11-08 18:00:00,1.0753,1.07282,1.07282,1.08027,0.4326,-24.8,-107.47,-107.47,2,stop_loss,19.68095,0.00166,-1.79106,-2.13926,new_york,2024
EURUSD,1,2024-11-08 20:00:00,2024-11-11 06:00:00,1.07092,1.0714,1.06813,1.0765,0.3811,4.8,18.29,18.29,10,time_exit,26.24329,0.00186,-3.51919,-2.14371,new_york,2024
EURUSD,-1,2024-11-11 16:00:00,2024-11-12 02:00:00,1.06481,1.06579,1.06716,1.06011,0.4539,-9.8,-44.48,-44.48,10,time_exit,44.60976,0.00157,-5.302,-3.99633,new_york,2024
EURUSD,-1,2024-11-13 02:00:00,2024-11-13 12:00:00,1.06166,1.0615,1.06339,1.05821,0.6146,1.6,9.83,9.83,10,time_exit,49.29662,0.00115,-3.28677,-8.04912,,2024
EURUSD,-1,2024-11-15 20:00:00,2024-11-18 06:00:00,1.05487,1.05408,1.0576,1.0494,0.3887,7.9,30.71,30.71,10,time_exit,17.92758,0.00182,-0.6813,-5.29462,new_york,2024
EURUSD,-1,2024-11-18 09:00:00,2024-11-18 11:00:00,1.05428,1.05643,1.05643,1.04997,0.4949,-21.5,-106.55,-106.55,2,stop_loss,10.92506,0.00144,-0.65206,-6.33286,london,2024
EURUSD,1,2024-11-19 02:00:00,2024-11-19 09:00:00,1.05946,1.05746,1.05746,1.06346,0.5276,-20.0,-105.47,-105.47,7,stop_loss,30.67074,0.00133,2.24221,-5.07844,,2024
EURUSD,1,2024-11-20 12:00:00,2024-11-20 16:00:00,1.05556,1.05347,1.05347,1.05974,0.4997,-20.9,-104.43,-104.43,4,stop_loss,16.11053,0.00139,-1.68297,-2.82623,london,2024
EURUSD,1,2024-11-21 02:00:00,2024-11-21 10:00:00,1.05457,1.05265,1.05265,1.05841,0.5391,-19.2,-103.39,-103.39,8,stop_loss,27.89216,0.00128,-1.29561,-3.59272,,2024
EURUSD,1,2024-11-21 16:00:00,2024-11-21 17:00:00,1.0533,1.05119,1.05119,1.05752,0.4847,-21.1,-102.34,-102.34,1,stop_loss,27.97478,0.00141,-1.29749,-3.39067,new_york,2024
EURUSD,-1,2024-11-25 04:00:00,2024-11-25 14:00:00,1.04779,1.04887,1.05129,1.04079,0.2895,-10.8,-31.27,-31.27,10,time_exit,44.79527,0.00233,0.20404,-3.51107,,2024
EURUSD,1,2024-11-25 16:00:00,2024-11-25 17:00:00,1.05285,1.04956,1.04956,1.05942,0.3075,-32.9,-101.02,-101.02,1,stop_loss,27.93909,0.00219,2.33695,-3.17947,new_york,2024
EURUSD,1,2024-11-26 23:00:00,2024-11-27 09:00:00,1.04811,1.04982,1.045,1.05433,0.3214,17.1,54.96,54.96,10,time_exit,13.12743,0.00207,-0.08589,-2.29506,,2024
EURUSD,-1,2024-12-02 02:00:00,2024-12-02 10:00:00,1.05441,1.04967,1.05678,1.04967,0.4247,47.4,201.11,201.1,8,take_profit,12.75056,0.00158,-0.71985,0.9066,,2024
EURUSD,-1,2024-12-02 11:00:00,2024-12-02 13:00:00,1.05022,1.05259,1.05259,1.04547,0.4319,-23.7,-102.55,-102.56,2,stop_loss,26.66732,0.00158,-2.70851,0.35304,london,2024
EURUSD,-1,2024-12-04 11:00:00,2024-12-04 17:00:00,1.04913,1.0515,1.0515,1.04438,0.4278,-23.7,-101.53,-101.53,6,stop_loss,17.2389,0.00158,-1.31695,-0.89391,london,2024
EURUSD,-1,2024-12-05 18:00:00,2024-12-06 04:00:00,1.05723,1.05771,1.05975,1.05219,0.3989,-4.8,-19.15,-19.15,10,time_exit,21.50606,0.00168,2.89445,-0.11187,new_york,2024
EURUSD,-1,2024-12-06 14:00:00,2024-12-06 15:00:00,1.05869,1.06056,1.06056,1.05494,0.5351,-18.7,-100.33,-100.33,1,stop_loss,21.59669,0.00125,2.62705,1.51205,london,2024
EURUSD,-1,2024-12-06 20:00:00,2024-12-09 06:00:00,1.05512,1.05349,1.05783,1.04971,0.3671,16.3,59.84,59.84,10,time_exit,22.16846,0.0018,-0.38245,1.14307,new_york,2024
EURUSD,1,2024-12-09 06:00:00,2024-12-09 12:00:00,1.05373,1.05811,1.05154,1.05811,0.4563,43.8,199.83,199.83,6,take_profit,14.18878,0.00146,-1.3828,1.246,,2024
EURUSD,-1,2024-12-09 18:00:00,2024-12-10 03:00:00,1.05912,1.05458,1.06139,1.05458,0.449,45.4,203.83,203.82,9,take_profit,19.22584,0.00151,1.99753,1.23952,new_york,2024
EURUSD,-1,2024-12-17 20:00:00,2024-12-18 06:00:00,1.04998,1.05031,1.0519,1.04614,0.5421,-3.3,-17.89,-17.89,10,time_exit,12.41651,0.00128,-0.2068,-0.84773,new_york,2024
EURUSD,-1,2024-12-20 03:00:00,2024-12-20 10:00:00,1.03652,1.03882,1.03882,1.03193,0.4522,-23.0,-103.78,-103.79,7,stop_loss,30.11943,0.00153,-3.1106,-4.05306,,2024
EURUSD,1,2024-12-23 02:00:00,2024-12-23 10:00:00,1.04338,1.04078,1.04078,1.04858,0.395,-26.0,-102.75,-102.76,8,stop_loss,31.01535,0.00173,1.45014,-2.93826,,2024
EURUSD,-1,2024-12-24 21:00:00,2024-12-26 07:00:00,1.03921,1.03979,1.04088,1.03587,0.6099,-5.8,-35.37,-35.38,10,time_exit,9.58627,0.00111,-0.87421,-3.4491,new_york,2024
EURUSD,-1,2024-12-26 08:00:00,2024-12-26 17:00:00,1.03979,1.04114,1.04114,1.03709,0.7509,-13.5,-101.37,-101.37,9,stop_loss,7.36174,0.0009,-0.27623,-3.9285,london,2024
EURUSD,-1,2024-12-27 17:00:00,2024-12-30 03:00:00,1.04265,1.04254,1.04427,1.03942,0.6205,1.1,6.83,6.82,10,time_exit,22.41951,0.00108,1.2704,-1.59754,new_york,2024
EURUSD,-1,2024-12-31 09:00:00,2024-12-31 11:00:00,1.04038,1.04209,1.04209,1.03695,0.5862,-17.1,-100.42,-100.42,2,stop_loss,20.03099,0.00114,-0.72301,-1.12646,london,2024
EURUSD,1,2024-12-31 13:00:00,2024-12-31 14:00:00,1.04129,1.03951,1.03951,1.04486,0.5571,-17.8,-99.41,-99.41,1,stop_loss,16.25771,0.00119,0.02884,-1.00803,london,2024
