symbol,direction,entry_dt,exit_dt,entry,exit,stop_loss,take_profit,size,pnl_pips,pnl_gross,pnl,bars_held,exit_reason,adx_entry,atr_entry,ema_distance,trend_gap,session,year
EURUSD,-1,2019-01-17 11:00:00,2019-01-17 21:00:00,1.13958,1.13896,1.14132,1.13611,0.5759,6.2,35.71,35.7,10,time_exit,24.82065,0.00116,-1.25327,-3.02194,london,2019
EURUSD,1,2019-01-18 13:00:00,2019-01-18 16:00:00,1.14068,1.13923,1.13923,1.14358,0.6914,-14.5,-100.36,-100.36,3,stop_loss,19.83756,0.00097,0.78509,-3.51264,london,2019
EURUSD,1,2019-01-21 22:00:00,2019-01-22 06:00:00,1.13688,1.13566,1.13566,1.13932,0.8132,-12.2,-99.35,-99.35,8,stop_loss,16.26049,0.00081,-1.24881,-4.56588,,2019
EURUSD,-1,2019-01-22 15:00:00,2019-01-22 19:00:00,1.13548,1.13664,1.13664,1.13316,0.8471,-11.6,-98.36,-98.37,4,stop_loss,20.93107,0.00077,-2.03034,-4.81132,london,2019
EURUSD,-1,2019-01-24 03:00:00,2019-01-24 10:00:00,1.13872,1.13604,1.14006,1.13604,0.7273,26.8,194.76,194.76,7,take_profit,14.93197,0.00089,1.73282,-2.74061,,2019
EURUSD,-1,2019-01-24 13:00:00,2019-01-24 15:00:00,1.1344,1.1309,1.13615,1.1309,0.5675,35.0,198.66,198.65,2,take_profit,21.43911,0.00117,-2.3923,-1.89631,london,2019
EURUSD,-1,2019-01-25 08:00:00,2019-01-25 13:00:00,1.13222,1.13434,1.13434,1.12798,0.4777,-21.2,-101.3,-101.3,5,stop_loss,25.10057,0.00141,-1.54086,-2.64036,london,2019
EURUSD,-1,2019-01-29 04:00:00,2019-01-29 09:00:00,1.14249,1.14397,1.14397,1.13952,0.6757,-14.8,-100.3,-100.3,5,stop_loss,29.65602,0.00099,2.38117,1.17746,,2019
EURUSD,-1,2019-01-31 16:00:00,2019-01-31 18:00:00,1.14945,1.1455,1.15142,1.1455,0.5032,39.5,198.59,198.58,2,take_profit,38.84406,0.00132,2.6188,3.14186,new_york,2019
EURUSD,-1,2019-02-01 09:00:00,2019-02-01 11:00:00,1.14421,1.14571,1.14571,1.14121,0.6748,-15.0,-101.27,-101.28,2,stop_loss,30.64217,0.001,-1.15273,3.03679,london,2019
EURUSD,1,2019-02-01 18:00:00,2019-02-04 04:00:00,1.14686,1.14535,1.14493,1.15073,0.5184,-15.1,-78.28,-78.28,10,time_exit,25.46678,0.00129,0.87877,2.36449,new_york,2019
EURUSD,-1,2019-02-05 13:00:00,2019-02-05 14:00:00,1.14174,1.14295,1.14295,1.13933,0.8256,-12.1,-99.49,-99.49,1,stop_loss,31.67285,0.0008,-2.85444,1.07308,london,2019
EURUSD,-1,2019-02-06 16:00:00,2019-02-07 02:00:00,1.13868,1.13645,1.14009,1.13587,0.7008,22.3,156.28,156.28,10,time_exit,39.62941,0.00094,-2.87498,-1.17749,new_york,2019
EURUSD,1,2019-02-12 09:00:00,2019-02-12 10:00:00,1.12842,1.12722,1.12722,1.13082,0.8355,-12.0,-100.05,-100.06,1,stop_loss,33.45203,0.0008,-2.74448,-7.25759,london,2019
EURUSD,-1,2019-02-14 11:00:00,2019-02-14 12:00:00,1.12597,1.12791,1.12791,1.12209,0.5107,-19.4,-99.04,-99.05,1,stop_loss,26.23532,0.00129,-2.58316,-3.46261,london,2019
EURUSD,-1,2019-02-14 23:00:00,2019-02-15 09:00:00,1.12916,1.12792,1.13142,1.12464,0.4342,12.4,53.84,53.84,10,time_exit,17.48325,0.00151,0.07011,-2.74911,,2019
EURUSD,-1,2019-02-15 12:00:00,2019-02-15 15:00:00,1.12832,1.12513,1.12991,1.12513,0.6188,31.9,197.21,197.21,3,take_profit,13.11019,0.00106,-0.5523,-3.52464,london,2019
EURUSD,1,2019-02-19 00:00:00,2019-02-19 06:00:00,1.13077,1.1293,1.1293,1.13371,0.6847,-14.7,-100.56,-100.57,6,stop_loss,12.65102,0.00098,0.84884,-1.7134,,2019
EURUSD,1,2019-02-25 07:00:00,2019-02-25 17:00:00,1.13399,1.13464,1.13256,1.13685,0.6961,6.5,45.25,45.24,10,time_exit,8.84538,0.00095,0.07054,0.87385,london,2019
EURUSD,1,2019-02-25 18:00:00,2019-02-26 04:00:00,1.13464,1.13634,1.13303,1.13786,0.6211,17.0,105.59,105.58,10,time_exit,13.20103,0.00107,0.21181,1.01952,new_york,2019
EURUSD,-1,2019-02-26 20:00:00,2019-02-26 21:00:00,1.13796,1.13975,1.13975,1.13438,0.564,-17.9,-101.07,-101.07,1,stop_loss,9.62421,0.00119,2.00766,1.34719,new_york,2019
EURUSD,-1,2019-02-27 01:00:00,2019-02-27 11:00:00,1.13925,1.1395,1.14091,1.13593,0.6024,-2.5,-15.06,-15.06,10,time_exit,15.82229,0.00111,2.78341,1.79627,,2019
EURUSD,1,2019-02-27 23:00:00,2019-02-28 09:00:00,1.13711,1.13818,1.13544,1.14046,0.5966,10.7,63.84,63.83,10,time_exit,14.05529,0.00112,-0.17896,2.07447,,2019
EURUSD,-1,2019-03-01 22:00:00,2019-03-04 00:00:00,1.13581,1.13764,1.13764,1.13215,0.5491,-18.3,-100.56,-100.56,2,stop_loss,15.5928,0.00122,-1.40738,1.23965,,2019
EURUSD,-1,2019-03-04 14:00:00,2019-03-05 00:00:00,1.13331,1.13354,1.13495,1.13002,0.6057,-2.3,-13.93,-13.93,10,time_exit,18.95724,0.0011,-3.08671,0.6381,london,2019
EURUSD,1,2019-03-05 10:00:00,2019-03-05 17:00:00,1.13268,1.13137,1.13137,1.1353,0.7597,-13.1,-99.41,-99.41,7,stop_loss,30.67441,0.00087,-2.37724,-0.83951,london,2019
EURUSD,1,2019-03-05 18:00:00,2019-03-06 04:00:00,1.13065,1.12953,1.12881,1.13433,0.5346,-11.2,-59.88,-59.88,10,time_exit,24.5432,0.00123,-2.85758,-0.90917,new_york,2019
EURUSD,-1,2019-03-06 16:00:00,2019-03-06 17:00:00,1.13048,1.13201,1.13201,1.12743,0.6404,-15.3,-97.81,-97.81,1,stop_loss,22.88442,0.00102,-1.32528,-2.39275,new_york,2019
EURUSD,1,2019-03-07 01:00:00,2019-03-07 11:00:00,1.13082,1.13094,1.1294,1.13366,0.6817,1.2,8.18,8.18,10,time_exit,23.28279,0.00095,-0.86093,-2.53761,,2019
EURUSD,-1,2019-03-07 20:00:00,2019-03-07 21:00:00,1.12253,1.11811,1.12474,1.11811,0.4386,44.2,193.82,193.81,1,take_profit,35.52669,0.00147,-4.89556,-2.24481,new_york,2019
EURUSD,1,2019-03-11 15:00:00,2019-03-11 18:00:00,1.12433,1.12294,1.12294,1.12711,0.71,-13.9,-98.86,-98.86,3,stop_loss,22.13616,0.00093,0.20649,-5.56491,london,2019
EURUSD,-1,2019-03-11 22:00:00,2019-03-12 01:00:00,1.12401,1.1257,1.1257,1.12063,0.5789,-16.9,-97.86,-97.86,3,stop_loss,17.84986,0.00113,-0.0422,-4.32582,,2019
EURUSD,-1,2019-03-13 09:00:00,2019-03-13 13:00:00,1.12866,1.13004,1.13004,1.12589,0.6996,-13.8,-96.89,-96.89,4,stop_loss,23.47278,0.00092,1.91052,-1.73704,london,2019
EURUSD,-1,2019-03-14 00:00:00,2019-03-14 10:00:00,1.13266,1.13238,1.13459,1.12881,0.4977,2.8,13.94,13.93,10,time_exit,33.53913,0.00128,3.33533,-0.13542,,2019
EURUSD,-1,2019-03-14 12:00:00,2019-03-14 16:00:00,1.13264,1.1296,1.13416,1.1296,0.6319,30.4,192.11,192.11,4,take_profit,34.31382,0.00101,2.51543,0.87499,london,2019
EURUSD,1,2019-03-15 00:00:00,2019-03-15 10:00:00,1.13026,1.13255,1.12878,1.13322,0.6622,22.9,151.64,151.64,10,time_exit,17.83107,0.00099,0.32231,0.83892,,2019
EURUSD,1,2019-03-19 04:00:00,2019-03-19 14:00:00,1.13379,1.13554,1.13257,1.13624,0.8138,17.5,142.41,142.41,10,time_exit,17.44379,0.00082,0.99822,2.65224,,2019
EURUSD,1,2019-03-21 21:00:00,2019-03-22 07:00:00,1.13527,1.13778,1.13303,1.13975,0.451,25.1,113.2,113.2,10,time_exit,32.2715,0.00149,-1.80128,2.65787,new_york,2019
EURUSD,-1,2019-03-25 20:00:00,2019-03-26 06:00:00,1.13117,1.13161,1.13302,1.12747,0.5517,-4.4,-24.27,-24.28,10,time_exit,20.27569,0.00123,-1.03872,-0.67431,new_york,2019
EURUSD,1,2019-03-26 16:00:00,2019-03-26 22:00:00,1.12878,1.12714,1.12714,1.13206,0.6206,-16.4,-101.81,-101.81,6,stop_loss,14.73357,0.00109,-2.72142,-1.05672,new_york,2019
EURUSD,-1,2019-03-27 05:00:00,2019-03-27 11:00:00,1.12556,1.12724,1.12724,1.12219,0.5983,-16.8,-100.8,-100.8,6,stop_loss,26.63998,0.00112,-3.96998,-1.99598,,2019
EURUSD,1,2019-03-27 21:00:00,2019-03-28 07:00:00,1.1254,1.12548,1.12324,1.12972,0.4617,0.8,3.69,3.69,10,time_exit,26.27624,0.00144,-1.98374,-2.16666,new_york,2019
EURUSD,1,2019-03-28 14:00:00,2019-03-28 15:00:00,1.12519,1.12347,1.12347,1.12863,0.5807,-17.2,-99.82,-99.83,1,stop_loss,23.89434,0.00115,-1.3459,-3.20184,london,2019
EURUSD,-1,2019-03-28 20:00:00,2019-03-29 06:00:00,1.12274,1.12285,1.12487,1.11849,0.465,-1.1,-5.11,-5.12,10,time_exit,32.5651,0.00142,-2.21255,-2.87813,new_york,2019
EURUSD,1,2019-03-29 07:00:00,2019-03-29 12:00:00,1.12285,1.12129,1.12129,1.12598,0.6313,-15.6,-98.76,-98.77,5,stop_loss,37.71827,0.00104,-1.87022,-4.23788,london,2019
EURUSD,1,2019-04-01 05:00:00,2019-04-01 15:00:00,1.12261,1.12348,1.12109,1.12565,0.6442,8.7,56.05,56.04,10,time_exit,19.82,0.00101,-0.86085,-4.3848,,2019
EURUSD,-1,2019-04-02 11:00:00,2019-04-02 20:00:00,1.11995,1.12129,1.12129,1.11728,0.7363,-13.4,-98.35,-98.35,9,stop_loss,25.60103,0.00089,-2.31074,-4.82781,london,2019
EURUSD,1,2019-04-02 20:00:00,2019-04-03 06:00:00,1.11969,1.12217,1.11816,1.12274,0.6378,24.8,158.17,158.17,10,time_exit,26.38668,0.00102,-1.60507,-4.33001,new_york,2019
EURUSD,-1,2019-04-03 18:00:00,2019-04-03 19:00:00,1.12297,1.12463,1.12463,1.11966,0.597,-16.6,-98.93,-98.94,1,stop_loss,37.03543,0.0011,0.84819,-2.7335,new_york,2019
EURUSD,-1,2019-04-04 00:00:00,2019-04-04 03:00:00,1.12318,1.12467,1.12467,1.1202,0.6581,-14.9,-97.96,-97.96,3,stop_loss,34.55526,0.00099,0.85023,-2.5569,,2019
EURUSD,-1,2019-04-04 16:00:00,2019-04-05 02:00:00,1.12175,1.12223,1.12311,1.11904,0.715,-4.8,-34.32,-34.32,10,time_exit,24.07702,0.0009,-1.35104,-2.01516,new_york,2019
EURUSD,1,2019-04-09 12:00:00,2019-04-09 20:00:00,1.128,1.12675,1.12675,1.1305,0.7727,-12.5,-96.63,-96.63,8,stop_loss,44.92157,0.00083,3.85073,0.49255,london,2019
EURUSD,-1,2019-04-10 02:00:00,2019-04-10 12:00:00,1.12664,1.1278,1.1278,1.12431,0.8215,-11.6,-95.66,-95.66,10,stop_loss,29.43336,0.00078,1.12571,1.31541,,2019
EURUSD,1,2019-04-11 16:00:00,2019-04-12 02:00:00,1.126,1.12602,1.12459,1.12882,0.6711,0.2,1.34,1.34,10,time_exit,13.43328,0.00094,-0.96481,1.51615,new_york,2019
EURUSD,1,2019-04-12 06:00:00,2019-04-12 14:00:00,1.12896,1.13194,1.12747,1.13194,0.6354,29.8,189.43,189.43,8,take_profit,24.32084,0.00099,2.15818,1.19258,,2019
EURUSD,1,2019-04-15 04:00:00,2019-04-15 14:00:00,1.13039,1.13079,1.1291,1.13298,0.7469,4.0,29.88,29.87,10,time_exit,26.54592,0.00086,1.84286,2.6371,,2019
EURUSD,-1,2019-04-16 18:00:00,2019-04-17 04:00:00,1.13002,1.12933,1.13157,1.12692,0.625,6.9,43.13,43.12,10,time_exit,22.36082,0.00103,-0.04556,2.18579,new_york,2019
EURUSD,1,2019-04-17 04:00:00,2019-04-17 09:00:00,1.12865,1.13125,1.12735,1.13125,0.7478,26.0,194.69,194.69,5,take_profit,30.28408,0.00087,-1.02807,1.94058,,2019
EURUSD,1,2019-04-17 20:00:00,2019-04-18 06:00:00,1.12962,1.12941,1.12814,1.13257,0.6723,-2.1,-14.12,-14.12,10,time_exit,20.70887,0.00098,-0.34901,1.74937,new_york,2019
EURUSD,1,2019-04-22 03:00:00,2019-04-22 05:00:00,1.12443,1.1237,1.1237,1.12588,1.3649,-7.3,-99.15,-99.15,2,stop_loss,29.28576,0.00048,-1.94048,-3.46873,,2019
EURUSD,-1,2019-04-22 16:00:00,2019-04-22 17:00:00,1.12493,1.12564,1.12564,1.12351,1.3819,-7.1,-98.16,-98.16,1,stop_loss,23.35182,0.00047,-0.12769,-3.63493,new_york,2019
EURUSD,-1,2019-04-22 20:00:00,2019-04-23 06:00:00,1.12583,1.12531,1.12661,1.12427,1.2437,5.2,64.67,64.67,10,time_exit,26.24658,0.00052,1.44395,-3.05107,new_york,2019
EURUSD,1,2019-04-24 16:00:00,2019-04-24 19:00:00,1.12034,1.11891,1.11891,1.12319,0.6855,-14.3,-97.83,-97.83,3,stop_loss,39.95683,0.00095,-2.62108,-2.63721,new_york,2019
EURUSD,-1,2019-04-29 05:00:00,2019-04-29 09:00:00,1.11492,1.11633,1.11633,1.11211,0.6885,-14.1,-96.85,-96.85,4,stop_loss,29.91953,0.00094,-0.4548,-5.48192,,2019
EURUSD,-1,2019-05-01 10:00:00,2019-05-01 11:00:00,1.12164,1.12266,1.12266,1.11959,0.9374,-10.2,-95.87,-95.87,1,stop_loss,31.28372,0.00068,2.80867,-0.48445,london,2019
EURUSD,-1,2019-05-02 04:00:00,2019-05-02 14:00:00,1.1206,1.12044,1.12221,1.11739,0.5911,1.6,9.46,9.46,10,time_exit,31.34918,0.00107,-0.2139,0.41202,,2019
EURUSD,1,2019-05-02 18:00:00,2019-05-03 04:00:00,1.11818,1.1175,1.11636,1.12182,0.5227,-6.8,-35.54,-35.55,10,time_exit,25.87833,0.00121,-1.89576,0.10704,new_york,2019
EURUSD,-1,2019-05-03 11:00:00,2019-05-03 15:00:00,1.11681,1.11432,1.11805,1.11432,0.7606,24.9,189.32,189.32,4,take_profit,39.43169,0.00083,-2.51811,-1.17735,london,2019
EURUSD,-1,2019-05-03 17:00:00,2019-05-03 18:00:00,1.11661,1.11818,1.11818,1.11347,0.6148,-15.7,-96.55,-96.55,1,stop_loss,44.48453,0.00105,-1.56446,-1.33083,new_york,2019
EURUSD,1,2019-05-03 22:00:00,2019-05-06 00:00:00,1.11937,1.1176,1.1176,1.12291,0.5404,-17.7,-95.59,-95.59,2,stop_loss,37.2666,0.00118,0.81224,-1.02155,,2019
EURUSD,-1,2019-05-07 00:00:00,2019-05-07 07:00:00,1.11994,1.12143,1.12143,1.11697,0.6362,-14.9,-94.63,-94.63,7,stop_loss,12.98299,0.00099,0.80753,-0.47735,,2019
EURUSD,-1,2019-05-08 14:00:00,2019-05-09 00:00:00,1.12038,1.1194,1.12184,1.11747,0.6433,9.8,63.04,63.04,10,time_exit,11.65535,0.00097,0.85136,-0.03945,london,2019
EURUSD,1,2019-05-09 05:00:00,2019-05-09 11:00:00,1.11907,1.11776,1.11776,1.12169,0.7196,-13.1,-94.31,-94.32,6,stop_loss,15.44294,0.00087,-0.54206,-0.05098,,2019
EURUSD,-1,2019-05-09 22:00:00,2019-05-10 08:00:00,1.12243,1.12272,1.12443,1.11843,0.4664,-2.9,-13.53,-13.53,10,time_exit,22.48131,0.00133,1.73788,0.29007,,2019
EURUSD,-1,2019-05-10 11:00:00,2019-05-10 15:00:00,1.12259,1.12404,1.12404,1.11968,0.6418,-14.5,-93.24,-93.24,4,stop_loss,20.53083,0.00097,1.56895,1.04209,london,2019
EURUSD,-1,2019-05-13 09:00:00,2019-05-13 12:00:00,1.12302,1.12413,1.12413,1.1208,0.833,-11.1,-92.31,-92.31,3,stop_loss,11.03417,0.00074,0.77713,2.32057,london,2019
EURUSD,-1,2019-05-17 04:00:00,2019-05-17 14:00:00,1.11751,1.11668,1.11866,1.11522,0.7979,8.3,66.23,66.22,10,time_exit,31.9605,0.00076,-2.79905,-1.38712,,2019
EURUSD,-1,2019-05-20 04:00:00,2019-05-20 14:00:00,1.1164,1.11602,1.11756,1.11408,0.7922,3.8,30.1,30.1,10,time_exit,36.91801,0.00077,-1.86731,-2.6381,,2019
EURUSD,1,2019-05-22 22:00:00,2019-05-23 08:00:00,1.11597,1.11497,1.11464,1.11863,0.6952,-10.0,-69.52,-69.52,10,time_exit,17.02104,0.00089,-0.19335,-2.11977,,2019
EURUSD,-1,2019-05-23 17:00:00,2019-05-23 18:00:00,1.1133,1.11472,1.11472,1.11046,0.6443,-14.2,-91.65,-91.65,1,stop_loss,26.23025,0.00095,-2.04143,-2.30259,new_york,2019
EURUSD,1,2019-05-24 17:00:00,2019-05-27 03:00:00,1.11964,1.12071,1.11806,1.1228,0.5737,10.7,61.39,61.38,10,time_exit,21.32435,0.00105,2.31487,-0.38512,new_york,2019
EURUSD,-1,2019-05-28 05:00:00,2019-05-28 11:00:00,1.1184,1.11921,1.11921,1.11678,1.1296,-8.1,-91.35,-91.35,6,stop_loss,18.49196,0.00054,-1.32436,1.49351,,2019
EURUSD,1,2019-05-28 15:00:00,2019-05-28 17:00:00,1.11937,1.11836,1.11836,1.12139,0.894,-10.1,-90.43,-90.43,2,stop_loss,19.63731,0.00067,0.58963,0.95654,london,2019
EURUSD,1,2019-05-28 23:00:00,2019-05-29 09:00:00,1.11652,1.11569,1.11522,1.11912,0.6887,-8.3,-57.16,-57.16,10,time_exit,29.48364,0.00087,-2.33672,0.31894,,2019
EURUSD,1,2019-05-29 12:00:00,2019-05-29 16:00:00,1.11548,1.11439,1.11439,1.11765,0.8191,-10.9,-88.96,-88.96,4,stop_loss,34.14304,0.00072,-2.95803,-0.56267,london,2019
EURUSD,1,2019-05-31 16:00:00,2019-05-31 17:00:00,1.11561,1.11427,1.11427,1.11829,0.6577,-13.4,-88.06,-88.06,1,stop_loss,27.55162,0.00089,1.52113,-2.28183,new_york,2019
EURUSD,-1,2019-05-31 23:00:00,2019-06-03 09:00:00,1.1173,1.11638,1.11904,1.11382,0.5005,9.2,46.05,46.04,10,time_exit,36.19239,0.00116,2.21585,-1.3492,,2019
EURUSD,-1,2019-06-03 13:00:00,2019-06-03 14:00:00,1.11732,1.1189,1.1189,1.11416,0.554,-15.8,-87.65,-87.65,1,stop_loss,33.83667,0.00105,1.30474,-0.48192,london,2019
EURUSD,1,2019-06-04 07:00:00,2019-06-04 15:00:00,1.12535,1.12378,1.12378,1.12848,0.5543,-15.7,-86.77,-86.77,8,stop_loss,53.68056,0.00104,5.37084,2.10684,london,2019
EURUSD,1,2019-06-07 01:00:00,2019-06-07 11:00:00,1.12761,1.12653,1.12511,1.13261,0.3437,-10.8,-37.12,-37.12,10,time_exit,24.66441,0.00167,1.44719,2.3376,,2019
EURUSD,1,2019-06-10 09:00:00,2019-06-10 19:00:00,1.13046,1.13164,1.12878,1.13382,0.5085,11.8,60.0,60.0,10,time_exit,23.65654,0.00112,1.22366,4.79708,london,2019
EURUSD,-1,2019-06-11 01:00:00,2019-06-11 10:00:00,1.13129,1.13297,1.13297,1.12793,0.5129,-16.8,-86.14,-86.14,9,stop_loss,11.07244,0.00112,1.18952,4.64311,,2019
EURUSD,1,2019-06-11 19:00:00,2019-06-12 05:00:00,1.13154,1.1328,1.1298,1.13501,0.4913,12.6,61.9,61.9,10,time_exit,10.61061,0.00116,0.65169,4.23256,new_york,2019
EURUSD,-1,2019-06-18 00:00:00,2019-06-18 05:00:00,1.12178,1.12319,1.12319,1.11896,0.6086,-14.1,-85.89,-85.9,5,stop_loss,27.18065,0.00094,-2.14203,-2.41827,,2019
EURUSD,-1,2019-06-18 23:00:00,2019-06-19 09:00:00,1.11942,1.11959,1.12125,1.11576,0.4644,-1.7,-7.89,-7.9,10,time_exit,17.28266,0.00122,-2.08618,-2.49664,,2019
EURUSD,-1,2019-06-19 23:00:00,2019-06-20 03:00:00,1.12288,1.12466,1.12466,1.11932,0.4775,-17.8,-84.95,-84.95,4,stop_loss,19.8168,0.00119,1.41828,-2.40878,,2019
EURUSD,1,2019-06-20 07:00:00,2019-06-20 12:00:00,1.12712,1.1304,1.12548,1.1304,0.5131,32.8,168.19,168.19,5,take_profit,39.80683,0.00109,4.47389,-1.72507,london,2019
EURUSD,-1,2019-06-21 20:00:00,2019-06-21 21:00:00,1.13408,1.13627,1.13627,1.12971,0.3924,-21.9,-85.79,-85.79,1,stop_loss,35.86313,0.00146,3.77244,1.79673,new_york,2019
EURUSD,-1,2019-06-24 10:00:00,2019-06-24 14:00:00,1.13784,1.13954,1.13954,1.13443,0.4987,-17.0,-84.93,-84.93,4,stop_loss,50.17063,0.00114,4.71068,4.39312,london,2019
EURUSD,1,2019-06-25 11:00:00,2019-06-25 19:00:00,1.13886,1.13735,1.13735,1.14188,0.5564,-15.1,-84.08,-84.08,8,stop_loss,44.84032,0.00101,1.83759,6.80605,london,2019
EURUSD,1,2019-06-26 01:00:00,2019-06-26 11:00:00,1.13685,1.13586,1.1349,1.14075,0.4264,-9.9,-42.21,-42.22,10,time_exit,33.00689,0.0013,-0.35118,4.73103,,2019
EURUSD,-1,2019-06-27 18:00:00,2019-06-28 04:00:00,1.13694,1.1367,1.13861,1.1336,0.4952,2.4,11.88,11.88,10,time_exit,14.45554,0.00111,0.1049,3.42671,new_york,2019
EURUSD,1,2019-06-28 22:00:00,2019-07-01 00:00:00,1.13771,1.13594,1.13594,1.14124,0.4693,-17.7,-82.93,-82.93,2,stop_loss,16.70349,0.00118,0.43046,2.69347,,2019
EURUSD,1,2019-07-02 15:00:00,2019-07-03 01:00:00,1.12962,1.12901,1.12798,1.13289,0.5016,-6.1,-30.6,-30.6,10,time_exit,36.66626,0.00109,-2.06599,-1.18196,london,2019
EURUSD,-1,2019-07-05 06:00:00,2019-07-05 10:00:00,1.12817,1.12661,1.12895,1.12661,1.0509,15.6,163.59,163.59,4,take_profit,9.51443,0.00052,-1.01467,-4.46353,,2019
EURUSD,1,2019-07-08 01:00:00,2019-07-08 11:00:00,1.12272,1.12314,1.12138,1.12541,0.6208,4.2,26.07,26.07,10,time_exit,47.2742,0.0009,-3.93313,-4.04447,,2019
EURUSD,1,2019-07-08 11:00:00,2019-07-08 13:00:00,1.12316,1.12196,1.12196,1.12555,0.7003,-12.0,-83.69,-83.69,2,stop_loss,49.26135,0.0008,-2.42225,-5.15474,london,2019
EURUSD,1,2019-07-09 04:00:00,2019-07-09 11:00:00,1.12156,1.1205,1.1205,1.12369,0.7796,-10.6,-82.86,-82.86,7,stop_loss,39.6098,0.00071,-2.56878,-6.54861,,2019
EURUSD,-1,2019-07-09 20:00:00,2019-07-10 06:00:00,1.12084,1.12072,1.12202,1.11847,0.6935,1.2,8.32,8.32,10,time_exit,33.3428,0.00079,-1.64169,-6.10628,new_york,2019
EURUSD,1,2019-07-12 20:00:00,2019-07-15 06:00:00,1.12676,1.12724,1.12528,1.12971,0.556,4.8,26.69,26.69,10,time_exit,21.90529,0.00098,1.32225,-0.51621,new_york,2019
EURUSD,1,2019-07-16 14:00:00,2019-07-16 15:00:00,1.12233,1.12111,1.12111,1.12476,0.6775,-12.2,-82.38,-82.38,1,stop_loss,31.82309,0.00081,-4.29042,-0.31197,london,2019
EURUSD,-1,2019-07-17 23:00:00,2019-07-18 03:00:00,1.12252,1.12373,1.12373,1.1201,0.6746,-12.1,-81.55,-81.55,4,stop_loss,34.29395,0.00081,-0.3461,-2.49091,,2019
EURUSD,-1,2019-07-18 13:00:00,2019-07-18 14:00:00,1.12319,1.12103,1.12427,1.12103,0.7486,21.6,161.46,161.46,1,take_profit,30.49893,0.00072,0.13259,-2.13373,london,2019
EURUSD,-1,2019-07-22 06:00:00,2019-07-22 16:00:00,1.12177,1.12239,1.12325,1.11882,0.5579,-6.2,-34.59,-34.59,10,time_exit,31.86761,0.00098,-1.52187,-1.05593,,2019
EURUSD,1,2019-07-23 14:00:00,2019-07-23 15:00:00,1.11812,1.11696,1.11696,1.12044,0.708,-11.6,-82.0,-82.0,1,stop_loss,45.46936,0.00077,-3.86718,-2.8379,london,2019
EURUSD,-1,2019-07-23 17:00:00,2019-07-24 03:00:00,1.11605,1.11484,1.11736,1.11344,0.6218,12.1,75.24,75.24,10,time_exit,50.40785,0.00087,-5.23967,-2.86375,new_york,2019
EURUSD,1,2019-07-26 03:00:00,2019-07-26 13:00:00,1.11448,1.11316,1.11265,1.11814,0.4482,-13.2,-59.16,-59.16,10,time_exit,20.11489,0.00122,-0.3672,-3.54115,,2019
EURUSD,-1,2019-07-29 17:00:00,2019-07-29 18:00:00,1.11265,1.11388,1.11388,1.11019,0.6613,-12.3,-81.35,-81.35,1,stop_loss,21.47785,0.00082,-0.83386,-4.83276,new_york,2019
EURUSD,1,2019-07-31 01:00:00,2019-07-31 11:00:00,1.11547,1.11444,1.11428,1.11785,0.6771,-10.3,-69.74,-69.74,10,time_exit,17.88573,0.00079,1.43525,-2.812,,2019
EURUSD,1,2019-07-31 17:00:00,2019-07-31 18:00:00,1.11418,1.11311,1.11311,1.11632,0.7445,-10.7,-79.84,-79.84,1,stop_loss,12.22999,0.00071,-0.72429,-2.31624,new_york,2019
EURUSD,-1,2019-08-01 07:00:00,2019-08-01 17:00:00,1.10457,1.10579,1.10673,1.10026,0.3664,-12.2,-44.7,-44.7,10,time_exit,44.47943,0.00144,-4.99866,-2.45546,london,2019
EURUSD,-1,2019-08-01 21:00:00,2019-08-02 07:00:00,1.10828,1.10825,1.11061,1.10362,0.3373,0.3,1.01,1.01,10,time_exit,47.45805,0.00155,-0.36414,-3.27078,new_york,2019
EURUSD,1,2019-08-06 03:00:00,2019-08-06 06:00:00,1.12421,1.12207,1.12207,1.12849,0.3669,-21.4,-78.6,-78.6,3,stop_loss,46.73234,0.00143,6.60912,0.70983,,2019
EURUSD,-1,2019-08-06 16:00:00,2019-08-06 18:00:00,1.11798,1.12016,1.12016,1.11363,0.3576,-21.8,-77.81,-77.81,2,stop_loss,27.91805,0.00145,0.60628,1.72334,new_york,2019
EURUSD,1,2019-08-07 14:00:00,2019-08-07 16:00:00,1.11846,1.12175,1.11681,1.12175,0.4679,32.9,154.08,154.08,2,take_profit,17.68129,0.0011,-0.24321,2.80477,london,2019
EURUSD,-1,2019-08-07 22:00:00,2019-08-08 08:00:00,1.12146,1.12122,1.12383,1.11671,0.3311,2.4,7.95,7.94,10,time_exit,21.51812,0.00158,1.18173,2.19512,,2019
EURUSD,1,2019-08-08 10:00:00,2019-08-08 14:00:00,1.12066,1.11901,1.11901,1.12397,0.4757,-16.5,-78.65,-78.65,4,stop_loss,13.75583,0.0011,0.57492,3.06888,london,2019
EURUSD,-1,2019-08-08 17:00:00,2019-08-08 18:00:00,1.11967,1.12186,1.12186,1.1153,0.356,-21.9,-77.86,-77.87,1,stop_loss,13.53673,0.00146,-0.28466,2.20993,new_york,2019
EURUSD,-1,2019-08-09 13:00:00,2019-08-09 18:00:00,1.1204,1.12213,1.12213,1.11694,0.4461,-17.3,-77.09,-77.1,5,stop_loss,12.03635,0.00115,0.61198,2.04402,london,2019
EURUSD,1,2019-08-09 20:00:00,2019-08-12 06:00:00,1.12112,1.12059,1.11918,1.12499,0.3943,-5.3,-20.9,-20.9,10,time_exit,11.51124,0.00129,0.94744,1.82226,new_york,2019
EURUSD,1,2019-08-14 12:00:00,2019-08-14 16:00:00,1.11765,1.11616,1.11616,1.12063,0.5109,-14.9,-76.11,-76.11,4,stop_loss,15.07911,0.00099,-1.15407,0.41746,london,2019
EURUSD,-1,2019-08-15 15:00:00,2019-08-15 16:00:00,1.1151,1.11221,1.11654,1.11221,0.5223,28.9,150.7,150.7,1,take_profit,22.94433,0.00096,-1.18859,-1.40539,london,2019
EURUSD,1,2019-08-19 17:00:00,2019-08-19 21:00:00,1.10956,1.10819,1.10819,1.11231,0.5594,-13.7,-76.86,-76.86,4,stop_loss,21.62689,0.00092,-1.07774,-4.32869,new_york,2019
EURUSD,-1,2019-08-20 18:00:00,2019-08-20 20:00:00,1.10895,1.11025,1.11025,1.10634,0.584,-13.0,-76.09,-76.09,2,stop_loss,16.3047,0.00087,-0.19081,-4.63967,new_york,2019
EURUSD,-1,2019-08-21 15:00:00,2019-08-22 01:00:00,1.11029,1.10913,1.11146,1.10796,0.6455,11.6,74.88,74.88,10,time_exit,11.70173,0.00078,1.06071,-3.90099,london,2019
EURUSD,1,2019-08-23 17:00:00,2019-08-23 18:00:00,1.10668,1.10949,1.10527,1.10949,0.5412,28.1,152.16,152.16,1,take_profit,21.17477,0.00094,-1.27518,-3.06963,new_york,2019
EURUSD,1,2019-08-26 04:00:00,2019-08-26 10:00:00,1.11433,1.11222,1.11222,1.11854,0.3686,-21.1,-77.59,-77.59,6,stop_loss,36.86969,0.0014,2.99882,-0.69495,,2019
EURUSD,1,2019-08-27 19:00:00,2019-08-28 05:00:00,1.10941,1.10882,1.10798,1.11226,0.5386,-5.9,-31.78,-31.78,10,time_exit,17.59619,0.00095,-1.30867,-0.47567,new_york,2019
EURUSD,-1,2019-08-29 10:00:00,2019-08-29 16:00:00,1.10806,1.1063,1.10894,1.1063,0.8695,17.6,153.0,153.0,6,take_profit,14.52001,0.00059,-1.36753,-2.3282,london,2019
EURUSD,1,2019-08-30 17:00:00,2019-08-30 18:00:00,1.10444,1.10325,1.10325,1.10681,0.6584,-11.9,-78.03,-78.03,1,stop_loss,25.20568,0.00079,-2.159,-3.55195,new_york,2019
EURUSD,-1,2019-09-02 16:00:00,2019-09-03 02:00:00,1.09658,1.09644,1.09807,1.0936,0.5189,1.4,7.26,7.26,10,time_exit,46.24154,0.00099,-4.78859,-5.47218,new_york,2019
EURUSD,-1,2019-09-03 19:00:00,2019-09-04 05:00:00,1.0967,1.09752,1.09868,1.09274,0.3907,-8.2,-32.04,-32.04,10,time_exit,40.88312,0.00132,-0.42994,-5.15119,new_york,2019
EURUSD,1,2019-09-04 23:00:00,2019-09-05 09:00:00,1.10325,1.10224,1.10158,1.1066,0.46,-10.1,-46.46,-46.46,10,time_exit,50.51095,0.00112,3.59471,-3.35582,,2019
EURUSD,-1,2019-09-05 18:00:00,2019-09-06 04:00:00,1.1043,1.10304,1.10643,1.10004,0.3592,12.6,45.26,45.26,10,time_exit,47.70836,0.00142,1.68408,-0.89072,new_york,2019
EURUSD,1,2019-09-06 20:00:00,2019-09-09 03:00:00,1.10354,1.10176,1.10176,1.10709,0.4333,-17.8,-76.99,-76.99,7,stop_loss,25.47617,0.00118,0.37014,-0.16668,new_york,2019
EURUSD,1,2019-09-11 21:00:00,2019-09-12 07:00:00,1.10082,1.10139,1.09935,1.10377,0.5173,5.7,29.49,29.48,10,time_exit,34.31318,0.00098,-2.2754,-0.36512,new_york,2019
EURUSD,-1,2019-09-13 14:00:00,2019-09-16 00:00:00,1.10914,1.10722,1.11143,1.10456,0.3341,19.2,64.15,64.15,10,time_exit,23.8008,0.00153,2.69957,0.81864,london,2019
EURUSD,1,2019-09-16 03:00:00,2019-09-16 11:00:00,1.10832,1.10633,1.10633,1.11231,0.3872,-19.9,-77.16,-77.16,8,stop_loss,12.58572,0.00133,1.64697,1.40946,,2019
EURUSD,1,2019-09-16 22:00:00,2019-09-17 08:00:00,1.10063,1.10122,1.09868,1.10454,0.3911,5.9,23.07,23.07,10,time_exit,30.5186,0.0013,-3.21879,0.451,,2019
EURUSD,1,2019-09-17 22:00:00,2019-09-18 08:00:00,1.1066,1.1066,1.10472,1.11036,0.4077,0.0,0.0,-0.0,10,time_exit,29.7451,0.00125,2.39087,-0.19966,,2019
EURUSD,-1,2019-09-19 03:00:00,2019-09-19 09:00:00,1.10293,1.10473,1.10473,1.09932,0.4247,-18.0,-76.61,-76.61,6,stop_loss,29.85163,0.0012,-1.43741,0.33501,,2019
EURUSD,-1,2019-09-19 16:00:00,2019-09-20 02:00:00,1.10671,1.10447,1.10835,1.10342,0.4618,22.4,103.44,103.44,10,time_exit,23.95768,0.0011,1.74237,0.43218,new_york,2019
EURUSD,1,2019-09-20 09:00:00,2019-09-20 13:00:00,1.10554,1.10434,1.10434,1.10795,0.6389,-12.0,-76.89,-76.89,4,stop_loss,14.73131,0.0008,0.70615,0.6475,london,2019
EURUSD,1,2019-09-23 02:00:00,2019-09-23 10:00:00,1.10178,1.10014,1.10014,1.10506,0.4642,-16.4,-76.13,-76.13,8,stop_loss,29.14332,0.00109,-1.77392,-0.40855,,2019
EURUSD,-1,2019-09-23 11:00:00,2019-09-23 13:00:00,1.09696,1.09867,1.09867,1.09354,0.4411,-17.1,-75.36,-75.36,2,stop_loss,32.75224,0.00114,-5.3267,-0.80519,london,2019
EURUSD,-1,2019-09-23 18:00:00,2019-09-24 04:00:00,1.09948,1.09875,1.10134,1.09575,0.4001,7.3,29.21,29.21,10,time_exit,40.99507,0.00124,-1.97663,-1.31445,new_york,2019
EURUSD,1,2019-09-30 04:00:00,2019-09-30 12:00:00,1.09369,1.09236,1.09236,1.09635,0.5622,-13.3,-74.9,-74.9,8,stop_loss,20.46041,0.00089,-0.59824,-4.72054,,2019
EURUSD,-1,2019-10-01 03:00:00,2019-10-01 13:00:00,1.08994,1.09006,1.09124,1.08733,0.5688,-1.2,-6.83,-6.83,10,time_exit,29.80582,0.00087,-2.76379,-5.31583,,2019
EURUSD,1,2019-10-08 09:00:00,2019-10-08 17:00:00,1.09763,1.09652,1.09652,1.09984,0.6704,-11.1,-74.08,-74.08,8,stop_loss,17.81131,0.00074,0.18358,1.32717,london,2019
EURUSD,-1,2019-10-08 17:00:00,2019-10-08 18:00:00,1.0974,1.09474,1.09873,1.09474,0.5514,26.6,146.67,146.67,1,take_profit,18.74657,0.00089,-0.40436,1.22284,new_york,2019
EURUSD,1,2019-10-09 00:00:00,2019-10-09 10:00:00,1.09565,1.09784,1.09412,1.09871,0.4884,21.9,106.96,106.96,10,time_exit,29.64994,0.00102,-1.56296,0.57793,,2019
EURUSD,1,2019-10-09 18:00:00,2019-10-10 04:00:00,1.09798,1.09878,1.09655,1.10084,0.53,8.0,42.4,42.4,10,time_exit,23.62756,0.00095,0.85999,0.51318,new_york,2019
EURUSD,-1,2019-10-10 05:00:00,2019-10-10 09:00:00,1.09878,1.10012,1.10012,1.09609,0.5673,-13.4,-76.29,-76.29,4,stop_loss,17.83889,0.0009,1.53282,0.70372,,2019
EURUSD,1,2019-10-11 14:00:00,2019-10-14 00:00:00,1.10352,1.10359,1.10199,1.10658,0.4929,0.7,3.45,3.45,10,time_exit,18.98484,0.00102,3.12009,2.24145,london,2019
EURUSD,1,2019-10-14 18:00:00,2019-10-15 04:00:00,1.10246,1.103,1.10087,1.10563,0.4762,5.4,25.71,25.71,10,time_exit,12.02181,0.00106,0.20254,2.75038,new_york,2019
EURUSD,-1,2019-10-15 18:00:00,2019-10-16 04:00:00,1.10346,1.10286,1.10565,1.09908,0.3466,6.0,20.8,20.79,10,time_exit,15.7211,0.00146,0.83415,1.55252,new_york,2019
EURUSD,-1,2019-10-16 10:00:00,2019-10-16 18:00:00,1.10464,1.10623,1.10623,1.10147,0.4791,-15.9,-76.03,-76.03,8,stop_loss,12.30557,0.00106,1.79914,2.14775,london,2019
EURUSD,1,2019-10-17 00:00:00,2019-10-17 10:00:00,1.10715,1.10779,1.10522,1.11101,0.3899,6.4,24.95,24.95,10,time_exit,29.10911,0.00129,2.49331,2.22695,,2019
EURUSD,1,2019-10-17 11:00:00,2019-10-17 12:00:00,1.10778,1.11077,1.10628,1.11077,0.5045,29.9,151.05,151.05,1,take_profit,36.37163,0.001,2.54833,3.46954,london,2019
EURUSD,-1,2019-10-17 14:00:00,2019-10-18 00:00:00,1.1113,1.1127,1.11336,1.10718,0.3741,-14.0,-52.37,-52.38,10,time_exit,41.48872,0.00137,3.95844,2.78215,london,2019
EURUSD,1,2019-10-18 03:00:00,2019-10-18 13:00:00,1.11247,1.1132,1.11086,1.11569,0.4746,7.3,34.65,34.64,10,time_exit,48.02879,0.00107,3.68021,4.84014,,2019
EURUSD,-1,2019-10-18 20:00:00,2019-10-21 06:00:00,1.11582,1.11601,1.11751,1.11245,0.4556,-1.9,-8.66,-8.66,10,time_exit,42.22222,0.00112,4.32821,5.41095,new_york,2019
EURUSD,-1,2019-10-21 10:00:00,2019-10-21 11:00:00,1.11574,1.11707,1.11707,1.11308,0.577,-13.3,-76.77,-76.77,1,stop_loss,37.658,0.00089,3.02503,7.61027,london,2019
EURUSD,1,2019-10-22 22:00:00,2019-10-23 08:00:00,1.11236,1.11251,1.11071,1.11565,0.4617,1.5,6.93,6.92,10,time_exit,22.28369,0.0011,-1.63149,4.8258,,2019
EURUSD,-1,2019-10-25 03:00:00,2019-10-25 11:00:00,1.11037,1.11186,1.11186,1.1074,0.5121,-14.9,-76.08,-76.08,8,stop_loss,12.63182,0.00099,-1.88157,2.0134,,2019
EURUSD,1,2019-10-25 11:00:00,2019-10-25 15:00:00,1.11136,1.1102,1.1102,1.11369,0.6475,-11.6,-75.32,-75.32,4,stop_loss,10.59099,0.00078,-0.54919,1.9611,london,2019
EURUSD,-1,2019-10-28 00:00:00,2019-10-28 10:00:00,1.10795,1.10917,1.10917,1.10551,0.6108,-12.2,-74.56,-74.56,10,stop_loss,22.283,0.00081,-3.32631,0.68989,,2019
EURUSD,-1,2019-10-28 19:00:00,2019-10-29 05:00:00,1.10933,1.1097,1.11047,1.10705,0.6476,-3.7,-23.96,-23.96,10,time_exit,17.4225,0.00076,-0.48974,-0.25467,new_york,2019
EURUSD,-1,2019-10-29 22:00:00,2019-10-30 08:00:00,1.11108,1.11098,1.11234,1.10855,0.5823,1.0,5.82,5.82,10,time_exit,21.36511,0.00084,1.58422,-0.1347,,2019
EURUSD,1,2019-10-30 15:00:00,2019-10-30 21:00:00,1.1114,1.11022,1.11022,1.11376,0.6249,-11.8,-73.63,-73.64,6,stop_loss,29.65502,0.00079,1.12036,0.55851,london,2019
EURUSD,1,2019-10-30 23:00:00,2019-10-31 09:00:00,1.11438,1.11641,1.11245,1.11825,0.3767,20.3,76.47,76.47,10,time_exit,26.31719,0.00129,2.66718,0.56273,,2019
EURUSD,-1,2019-10-31 12:00:00,2019-10-31 14:00:00,1.11748,1.11455,1.11894,1.11455,0.5034,29.3,147.3,147.3,2,take_profit,19.659,0.00098,4.49209,2.19497,london,2019
EURUSD,-1,2019-10-31 23:00:00,2019-11-01 09:00:00,1.1153,1.11618,1.1172,1.1115,0.3958,-8.8,-34.83,-34.83,10,time_exit,17.27076,0.00127,1.17927,1.91004,,2019
EURUSD,1,2019-11-01 23:00:00,2019-11-04 09:00:00,1.11692,1.11734,1.1153,1.12016,0.4615,4.2,19.38,19.38,10,time_exit,11.35837,0.00108,1.68942,2.55367,,2019
EURUSD,-1,2019-11-05 02:00:00,2019-11-05 12:00:00,1.1128,1.11218,1.1141,1.1102,0.5768,6.2,35.76,35.76,10,time_exit,31.14858,0.00087,-2.58057,2.2852,,2019
EURUSD,1,2019-11-06 05:00:00,2019-11-06 15:00:00,1.10776,1.1088,1.10654,1.1102,0.6184,10.4,64.31,64.31,10,time_exit,54.0149,0.00081,-4.22299,-1.33875,,2019
EURUSD,-1,2019-11-07 12:00:00,2019-11-07 13:00:00,1.1078,1.10903,1.10903,1.10535,0.6202,-12.3,-75.98,-75.98,1,stop_loss,37.42597,0.00082,-0.68204,-3.18497,london,2019
EURUSD,-1,2019-11-12 11:00:00,2019-11-12 12:00:00,1.10244,1.10331,1.10331,1.1007,0.8651,-8.7,-75.22,-75.22,1,stop_loss,14.38602,0.00058,-1.91014,-6.28313,london,2019
EURUSD,1,2019-11-12 22:00:00,2019-11-13 08:00:00,1.10116,1.10134,1.09987,1.10374,0.5773,1.8,10.39,10.39,10,time_exit,23.88121,0.00086,-1.98504,-4.36821,,2019
EURUSD,-1,2019-11-14 06:00:00,2019-11-14 10:00:00,1.10036,1.10142,1.10142,1.09824,0.7049,-10.6,-74.57,-74.57,4,stop_loss,22.13702,0.00071,-1.41224,-5.21794,,2019
EURUSD,-1,2019-11-14 14:00:00,2019-11-14 16:00:00,1.09904,1.10024,1.10024,1.09664,0.6139,-12.0,-73.82,-73.82,2,stop_loss,20.87582,0.0008,-2.43038,-4.56866,london,2019
EURUSD,-1,2019-11-15 08:00:00,2019-11-15 13:00:00,1.10218,1.10314,1.10314,1.10026,0.763,-9.6,-73.09,-73.09,5,stop_loss,21.31609,0.00064,1.13426,-4.251,london,2019
EURUSD,1,2019-11-15 16:00:00,2019-11-18 02:00:00,1.1042,1.10558,1.10308,1.10645,0.6435,13.8,88.8,88.8,10,time_exit,20.70669,0.00075,3.17276,-2.99642,new_york,2019
EURUSD,1,2019-11-18 12:00:00,2019-11-18 18:00:00,1.1062,1.10823,1.10518,1.10823,0.7211,20.3,146.48,146.48,6,take_profit,40.48018,0.00068,3.3119,-0.58118,london,2019
EURUSD,1,2019-11-19 05:00:00,2019-11-19 15:00:00,1.10722,1.10776,1.10625,1.10916,0.7691,5.4,41.53,41.53,10,time_exit,37.84551,0.00065,2.66498,1.14019,,2019
EURUSD,-1,2019-11-21 06:00:00,2019-11-21 10:00:00,1.10756,1.10852,1.10852,1.10564,0.7846,-9.6,-75.13,-75.13,4,stop_loss,20.15666,0.00064,0.89997,1.95333,,2019
EURUSD,1,2019-11-21 10:00:00,2019-11-21 14:00:00,1.10728,1.10898,1.10643,1.10898,0.8737,17.0,148.74,148.74,4,take_profit,18.34224,0.00057,0.39574,2.20138,london,2019
EURUSD,-1,2019-11-22 02:00:00,2019-11-22 10:00:00,1.10657,1.10776,1.10776,1.10418,0.6361,-11.9,-75.86,-75.87,8,stop_loss,23.92277,0.0008,-0.59524,1.30287,,2019
EURUSD,1,2019-11-22 19:00:00,2019-11-25 05:00:00,1.10282,1.10196,1.10127,1.10591,0.4856,-8.6,-41.76,-41.76,10,time_exit,19.57454,0.00103,-3.44695,0.38423,new_york,2019
EURUSD,1,2019-11-25 06:00:00,2019-11-25 15:00:00,1.10196,1.10083,1.10083,1.10423,0.6585,-11.3,-74.68,-74.68,9,stop_loss,36.8746,0.00076,-3.8935,-0.90674,,2019
EURUSD,1,2019-11-26 03:00:00,2019-11-26 13:00:00,1.1009,1.10172,1.09983,1.10304,0.6901,8.2,56.59,56.59,10,time_exit,28.59345,0.00071,-2.82203,-2.65819,,2019
EURUSD,1,2019-11-28 16:00:00,2019-11-29 02:00:00,1.10082,1.10104,1.09992,1.10261,0.8324,2.2,18.31,18.31,10,time_exit,16.77433,0.0006,-0.34981,-3.43828,new_york,2019
EURUSD,-1,2019-11-29 04:00:00,2019-11-29 13:00:00,1.10116,1.09981,1.10184,1.09981,1.1038,13.5,149.37,149.37,9,take_profit,13.31941,0.00045,0.41243,-4.11489,,2019
EURUSD,1,2019-12-02 13:00:00,2019-12-02 15:00:00,1.10116,1.10288,1.1003,1.10288,0.8838,17.2,152.35,152.35,2,take_profit,18.09144,0.00057,-0.22021,-1.93843,london,2019
EURUSD,-1,2019-12-03 13:00:00,2019-12-03 16:00:00,1.10728,1.10854,1.10854,1.10476,0.6158,-12.6,-77.7,-77.7,3,stop_loss,45.77708,0.00084,2.83238,1.82552,london,2019
EURUSD,-1,2019-12-04 03:00:00,2019-12-04 13:00:00,1.10818,1.10688,1.10922,1.1061,0.7411,13.0,96.34,96.34,10,time_exit,37.62279,0.00069,2.73899,3.32722,,2019
EURUSD,-1,2019-12-06 03:00:00,2019-12-06 13:00:00,1.11031,1.10934,1.11136,1.10821,0.7409,9.7,71.87,71.87,10,time_exit,23.18661,0.0007,2.25402,4.15692,,2019
EURUSD,-1,2019-12-06 19:00:00,2019-12-09 05:00:00,1.10515,1.10546,1.10665,1.10216,0.5254,-3.1,-16.29,-16.29,10,time_exit,34.66313,0.001,-3.63213,2.48067,new_york,2019
EURUSD,1,2019-12-09 20:00:00,2019-12-10 06:00:00,1.10568,1.10668,1.10454,1.10797,0.6852,10.0,68.52,68.52,10,time_exit,25.54596,0.00076,-2.0611,1.2618,new_york,2019
EURUSD,1,2019-12-10 08:00:00,2019-12-10 13:00:00,1.10672,1.10827,1.10595,1.10827,1.0229,15.5,158.25,158.25,5,take_profit,16.64055,0.00052,-0.5397,1.3127,london,2019
EURUSD,1,2019-12-11 06:00:00,2019-12-11 09:00:00,1.10926,1.10835,1.10835,1.11107,0.8915,-9.1,-80.72,-80.72,3,stop_loss,29.67294,0.0006,2.03291,2.0717,,2019
EURUSD,-1,2019-12-11 19:00:00,2019-12-11 21:00:00,1.10914,1.11033,1.11033,1.10676,0.6702,-11.9,-79.9,-79.9,2,stop_loss,18.43859,0.00079,1.15616,1.55568,new_york,2019
EURUSD,-1,2019-12-13 00:00:00,2019-12-13 01:00:00,1.11285,1.11466,1.11466,1.10924,0.438,-18.1,-79.11,-79.11,1,stop_loss,23.80548,0.0012,1.52684,2.40543,,2019
EURUSD,-1,2019-12-13 01:00:00,2019-12-13 11:00:00,1.11834,1.11803,1.12106,1.1129,0.2882,3.1,8.93,8.93,10,time_exit,26.56526,0.00181,3.69027,1.69525,,2019
EURUSD,1,2019-12-17 01:00:00,2019-12-17 11:00:00,1.11387,1.115,1.1124,1.11681,0.5327,11.3,60.2,60.19,10,time_exit,14.5655,0.00098,-0.04454,3.1041,,2019
EURUSD,-1,2019-12-17 11:00:00,2019-12-17 12:00:00,1.1138,1.11499,1.11499,1.11142,0.6643,-11.9,-79.0,-79.01,1,stop_loss,17.66092,0.00079,-0.27531,3.58039,london,2019
EURUSD,-1,2019-12-18 08:00:00,2019-12-18 15:00:00,1.1135,1.11124,1.11463,1.11124,0.6924,22.6,156.44,156.43,7,take_profit,15.4116,0.00075,-1.17606,3.33845,london,2019
EURUSD,-1,2019-12-18 20:00:00,2019-12-19 06:00:00,1.11181,1.11258,1.11326,1.1089,0.5484,-7.7,-42.23,-42.23,10,time_exit,21.11019,0.00097,-1.88874,1.75165,new_york,2019
EURUSD,-1,2019-12-19 21:00:00,2019-12-20 07:00:00,1.11274,1.11195,1.11429,1.10963,0.5111,7.9,40.38,40.37,10,time_exit,15.80458,0.00104,-0.1199,0.79986,new_york,2019
EURUSD,1,2019-12-20 19:00:00,2019-12-23 05:00:00,1.10756,1.10812,1.10621,1.11027,0.5889,5.6,32.98,32.98,10,time_exit,34.44404,0.0009,-4.53123,-0.20714,new_york,2019
EURUSD,-1,2019-12-23 07:00:00,2019-12-23 10:00:00,1.10784,1.10884,1.10884,1.10583,0.7982,-10.0,-80.09,-80.09,3,stop_loss,41.66294,0.00067,-3.4351,-1.8342,london,2019
EURUSD,-1,2019-12-23 16:00:00,2019-12-23 17:00:00,1.10802,1.1091,1.1091,1.10586,0.7352,-10.8,-79.29,-79.29,1,stop_loss,29.49631,0.00072,-2.10104,-2.1558,new_york,2019
EURUSD,-1,2019-12-24 03:00:00,2019-12-24 12:00:00,1.1091,1.10722,1.11004,1.10722,0.8332,18.8,156.99,156.99,9,take_profit,19.68534,0.00063,-0.42006,-2.40819,,2019
EURUSD,1,2019-12-27 17:00:00,2019-12-27 19:00:00,1.11582,1.11811,1.11467,1.11811,0.6983,22.9,160.13,160.13,2,take_profit,47.11426,0.00076,6.08325,0.67557,new_york,2019
EURUSD,-1,2019-12-30 03:00:00,2019-12-30 04:00:00,1.11877,1.12013,1.12013,1.11604,0.5992,-13.6,-81.67,-81.67,1,stop_loss,60.95291,0.00091,5.91459,2.26752,,2019
EURUSD,-1,2019-12-30 22:00:00,2019-12-31 08:00:00,1.12021,1.12059,1.1218,1.11702,0.5076,-3.8,-19.29,-19.29,10,time_exit,54.36561,0.00106,3.07845,3.85299,,2019
EURUSD,1,2019-12-31 12:00:00,2019-12-31 15:00:00,1.12136,1.12376,1.12016,1.12376,0.6716,24.0,161.33,161.33,3,take_profit,35.45067,0.0008,3.5669,5.81486,london,2019
EURUSD,-1,2020-01-03 04:00:00,2020-01-03 11:00:00,1.11736,1.11437,1.11885,1.11437,0.5507,29.9,164.55,164.55,7,take_profit,27.22403,0.001,-1.70904,3.36419,,2020
EURUSD,-1,2020-01-06 13:00:00,2020-01-06 23:00:00,1.11962,1.11969,1.12104,1.11679,0.5923,-0.7,-4.15,-4.15,10,time_exit,17.29898,0.00094,2.61038,1.37231,london,2020
EURUSD,1,2020-01-07 00:00:00,2020-01-07 07:00:00,1.11968,1.11835,1.11835,1.12235,0.6288,-13.3,-83.87,-83.87,7,stop_loss,22.59501,0.00089,1.97807,1.91489,,2020
EURUSD,-1,2020-01-09 11:00:00,2020-01-09 21:00:00,1.11173,1.11062,1.11303,1.10913,0.639,11.1,70.93,70.93,10,time_exit,28.63353,0.00087,-1.96148,-2.11925,london,2020
EURUSD,-1,2020-01-09 23:00:00,2020-01-10 09:00:00,1.11063,1.1107,1.11206,1.10778,0.5874,-0.7,-4.11,-4.11,10,time_exit,31.11426,0.00095,-1.84352,-2.49607,,2020
EURUSD,1,2020-01-13 04:00:00,2020-01-13 14:00:00,1.11214,1.11248,1.11099,1.11444,0.7287,3.4,24.78,24.77,10,time_exit,23.38604,0.00077,0.82328,-2.99458,,2020
EURUSD,-1,2020-01-17 07:00:00,2020-01-17 13:00:00,1.11322,1.11119,1.11424,1.11119,0.8268,20.3,167.91,167.91,6,take_profit,13.39189,0.00068,-1.28969,0.33637,london,2020
EURUSD,1,2020-01-21 05:00:00,2020-01-21 10:00:00,1.10958,1.10875,1.10875,1.11123,1.0353,-8.3,-85.63,-85.63,5,stop_loss,28.72396,0.00055,-1.02656,-3.94772,,2020
EURUSD,-1,2020-01-21 21:00:00,2020-01-22 07:00:00,1.10924,1.10845,1.11041,1.1069,0.7257,7.9,57.33,57.33,10,time_exit,19.22498,0.00078,-0.97067,-2.51306,new_york,2020
EURUSD,1,2020-01-22 08:00:00,2020-01-22 09:00:00,1.10845,1.10756,1.10756,1.11023,0.9605,-8.9,-85.35,-85.35,1,stop_loss,23.46546,0.00059,-1.64134,-3.64827,london,2020
EURUSD,-1,2020-01-22 22:00:00,2020-01-23 08:00:00,1.10918,1.10851,1.11047,1.10661,0.6569,6.7,44.01,44.01,10,time_exit,17.29696,0.00086,0.21954,-2.53889,,2020
EURUSD,1,2020-01-23 18:00:00,2020-01-24 04:00:00,1.10462,1.10528,1.10284,1.10818,0.4773,6.6,31.5,31.5,10,time_exit,13.57555,0.00119,-3.39086,-1.71785,new_york,2020
EURUSD,-1,2020-01-24 20:00:00,2020-01-27 06:00:00,1.10272,1.10278,1.10409,1.09999,0.6241,-0.6,-3.74,-3.75,10,time_exit,27.12829,0.00091,-3.34603,-3.81721,new_york,2020
EURUSD,-1,2020-01-28 23:00:00,2020-01-29 09:00:00,1.10218,1.10058,1.10321,1.10012,0.8253,16.0,132.05,132.05,10,time_exit,18.12672,0.00069,-0.08375,-5.95069,,2020
EURUSD,-1,2020-01-29 18:00:00,2020-01-29 21:00:00,1.0999,1.101,1.101,1.0977,0.7867,-11.0,-86.54,-86.54,3,stop_loss,25.03604,0.00073,-2.06917,-5.39087,new_york,2020
EURUSD,-1,2020-01-30 20:00:00,2020-01-31 06:00:00,1.10378,1.10245,1.10509,1.10117,0.6563,13.3,87.29,87.29,10,time_exit,25.46664,0.00087,2.35596,-3.2385,new_york,2020
EURUSD,1,2020-01-31 14:00:00,2020-01-31 16:00:00,1.10372,1.10615,1.1025,1.10615,0.7109,24.3,173.09,173.09,2,take_profit,21.41594,0.00081,1.77472,-2.42683,london,2020
EURUSD,-1,2020-02-03 06:00:00,2020-02-03 16:00:00,1.10812,1.10548,1.10944,1.10548,0.6688,26.4,176.56,176.56,10,take_profit,49.5907,0.00088,3.52186,0.23439,,2020
EURUSD,-1,2020-02-05 14:00:00,2020-02-05 17:00:00,1.1022,1.09993,1.10334,1.09993,0.7924,22.7,180.07,180.07,3,take_profit,42.15057,0.00076,-3.02787,-0.55141,london,2020
EURUSD,1,2020-02-06 01:00:00,2020-02-06 11:00:00,1.09996,1.0999,1.09888,1.10212,0.851,-0.6,-5.11,-5.11,10,time_exit,54.55544,0.00072,-4.21024,-1.98751,,2020
EURUSD,1,2020-02-07 17:00:00,2020-02-07 18:00:00,1.09714,1.0957,1.0957,1.10003,0.6358,-14.4,-91.79,-91.79,1,stop_loss,50.46605,0.00096,-1.71996,-3.70362,new_york,2020
EURUSD,1,2020-02-10 03:00:00,2020-02-10 13:00:00,1.09528,1.09492,1.094,1.09785,0.7082,-3.6,-25.5,-25.5,10,time_exit,45.44009,0.00086,-2.57296,-4.86474,,2020
EURUSD,1,2020-02-13 16:00:00,2020-02-13 17:00:00,1.08549,1.08406,1.08406,1.08835,0.6343,-14.3,-90.62,-90.62,1,stop_loss,41.88048,0.00095,-3.90032,-6.25995,new_york,2020
EURUSD,1,2020-02-14 23:00:00,2020-02-17 09:00:00,1.08374,1.08407,1.08239,1.08643,0.6662,3.3,21.98,21.98,10,time_exit,33.93569,0.0009,-2.1165,-7.35963,,2020
EURUSD,1,2020-02-19 01:00:00,2020-02-19 11:00:00,1.07949,1.08032,1.07808,1.08232,0.6358,8.3,52.77,52.77,10,time_exit,29.15142,0.00094,-3.34477,-6.2787,,2020
EURUSD,1,2020-02-20 02:00:00,2020-02-20 04:00:00,1.08098,1.07967,1.07967,1.08361,0.6883,-13.1,-90.46,-90.46,2,stop_loss,21.34759,0.00088,0.09714,-6.4679,,2020
EURUSD,1,2020-02-20 07:00:00,2020-02-20 09:00:00,1.07986,1.07853,1.07853,1.08252,0.6744,-13.3,-89.56,-89.56,2,stop_loss,18.39111,0.00089,-0.9804,-6.22766,london,2020
EURUSD,1,2020-02-21 17:00:00,2020-02-24 00:00:00,1.08372,1.08179,1.08179,1.08757,0.4603,-19.3,-88.65,-88.65,7,stop_loss,17.58045,0.00128,2.82588,-3.31837,new_york,2020
EURUSD,-1,2020-02-24 04:00:00,2020-02-24 14:00:00,1.08283,1.08184,1.0848,1.07888,0.4445,9.9,44.01,44.0,10,time_exit,24.23668,0.00132,0.89076,-2.07626,,2020
EURUSD,1,2020-02-24 20:00:00,2020-02-24 21:00:00,1.0871,1.08491,1.08491,1.09148,0.4025,-21.9,-88.21,-88.21,1,stop_loss,21.43277,0.00146,3.25198,-1.2502,new_york,2020
EURUSD,-1,2020-02-26 07:00:00,2020-02-26 10:00:00,1.08676,1.08836,1.08836,1.08355,0.5443,-16.0,-87.33,-87.33,3,stop_loss,18.46424,0.00107,1.29103,0.58687,london,2020
EURUSD,-1,2020-03-02 18:00:00,2020-03-02 19:00:00,1.1131,1.11695,1.11695,1.10541,0.2248,-38.5,-86.46,-86.46,1,stop_loss,39.1789,0.00256,3.98505,3.87376,new_york,2020
EURUSD,-1,2020-03-03 18:00:00,2020-03-04 04:00:00,1.11797,1.11654,1.12193,1.11004,0.2159,14.3,30.87,30.87,10,time_exit,25.2455,0.00264,3.20909,4.57373,new_york,2020
EURUSD,1,2020-03-04 20:00:00,2020-03-05 06:00:00,1.11233,1.11385,1.10895,1.11908,0.2545,15.2,38.68,38.68,10,time_exit,22.56784,0.00225,-0.30878,5.12519,new_york,2020
EURUSD,-1,2020-03-05 07:00:00,2020-03-05 11:00:00,1.11384,1.11596,1.11596,1.1096,0.4071,-21.2,-86.29,-86.29,4,stop_loss,13.35732,0.00141,0.39031,7.43044,london,2020
EURUSD,1,2020-03-05 16:00:00,2020-03-05 23:00:00,1.11868,1.12382,1.11611,1.12382,0.3323,51.4,170.85,170.84,7,take_profit,19.82357,0.00171,2.6369,5.96414,new_york,2020
EURUSD,-1,2020-03-09 03:00:00,2020-03-09 04:00:00,1.13878,1.14346,1.14346,1.12943,0.1863,-46.8,-87.14,-87.14,1,stop_loss,40.40812,0.00312,4.31127,4.63429,,2020
EURUSD,1,2020-03-09 11:00:00,2020-03-09 12:00:00,1.14386,1.13742,1.13742,1.15675,0.1339,-64.4,-86.28,-86.28,1,stop_loss,46.72907,0.0043,3.35349,3.79615,london,2020
EURUSD,-1,2020-03-09 16:00:00,2020-03-10 02:00:00,1.1436,1.13991,1.14983,1.13114,0.1371,36.9,50.59,50.59,10,time_exit,46.55899,0.00415,2.86859,4.12525,new_york,2020
EURUSD,1,2020-03-10 11:00:00,2020-03-10 19:00:00,1.13819,1.13228,1.13228,1.15001,0.1453,-59.1,-85.9,-85.91,8,stop_loss,31.43225,0.00394,0.43254,4.39849,london,2020
EURUSD,1,2020-03-11 13:00:00,2020-03-11 18:00:00,1.1304,1.12623,1.12623,1.13874,0.2039,-41.7,-85.05,-85.05,5,stop_loss,16.83594,0.00278,-1.33302,4.23913,london,2020
EURUSD,1,2020-03-12 12:00:00,2020-03-12 13:00:00,1.12677,1.12287,1.12287,1.13457,0.216,-39.0,-84.19,-84.19,1,stop_loss,17.48393,0.0026,-1.70994,2.85965,london,2020
EURUSD,1,2020-03-13 15:00:00,2020-03-13 17:00:00,1.11548,1.11013,1.11013,1.12619,0.1557,-53.5,-83.36,-83.36,2,stop_loss,16.80207,0.00357,-2.05628,0.07828,london,2020
EURUSD,-1,2020-03-13 21:00:00,2020-03-16 00:00:00,1.10808,1.11392,1.11392,1.09639,0.1412,-58.4,-82.52,-82.53,3,stop_loss,25.82465,0.0039,-3.05738,-0.46675,new_york,2020
EURUSD,-1,2020-03-16 13:00:00,2020-03-16 23:00:00,1.11929,1.11814,1.12589,1.1061,0.1238,11.5,14.24,14.23,10,time_exit,19.34578,0.0044,0.45362,-0.76302,london,2020
EURUSD,1,2020-03-19 17:00:00,2020-03-19 18:00:00,1.08044,1.07288,1.07288,1.09556,0.1082,-75.6,-81.81,-81.81,1,stop_loss,28.89476,0.00504,-2.51956,-3.08644,new_york,2020
EURUSD,1,2020-03-24 04:00:00,2020-03-24 14:00:00,1.0796,1.08652,1.0736,1.0916,0.135,69.2,93.42,93.42,10,time_exit,15.82481,0.004,1.21694,-4.39394,,2020
EURUSD,1,2020-03-24 20:00:00,2020-03-25 06:00:00,1.07905,1.08092,1.07276,1.09164,0.1302,18.7,24.35,24.35,10,time_exit,24.039,0.0042,0.24484,-3.03051,new_york,2020
EURUSD,-1,2020-03-25 09:00:00,2020-03-25 19:00:00,1.08165,1.08502,1.08642,1.07211,0.1724,-33.7,-58.1,-58.1,10,time_exit,13.33151,0.00318,0.92626,-3.35884,london,2020
EURUSD,-1,2020-03-26 00:00:00,2020-03-26 03:00:00,1.08826,1.09274,1.09274,1.0793,0.1821,-44.8,-81.61,-81.61,3,stop_loss,16.40816,0.00299,2.37101,-2.52616,,2020
EURUSD,1,2020-03-27 00:00:00,2020-03-27 10:00:00,1.10303,1.10215,1.09866,1.11176,0.185,-8.8,-16.28,-16.28,10,time_exit,42.12136,0.00291,4.28612,0.25049,,2020
EURUSD,-1,2020-03-27 20:00:00,2020-03-27 22:00:00,1.1078,1.11266,1.11266,1.09808,0.1659,-48.6,-80.63,-80.63,2,stop_loss,29.37827,0.00324,3.15022,1.58465,new_york,2020
EURUSD,-1,2020-03-27 23:00:00,2020-03-30 09:00:00,1.11229,1.10621,1.117,1.10286,0.1694,60.8,103.0,102.99,10,time_exit,30.74119,0.00314,4.16442,1.9501,,2020
EURUSD,1,2020-03-30 09:00:00,2020-03-30 13:00:00,1.11003,1.10573,1.10573,1.11863,0.1879,-43.0,-80.84,-80.84,4,stop_loss,29.17396,0.00287,2.49172,2.84886,london,2020
EURUSD,-1,2020-04-01 04:00:00,2020-04-01 11:00:00,1.10315,1.09515,1.10715,1.09515,0.2002,80.0,160.12,160.12,7,take_profit,20.47299,0.00267,0.59407,1.64428,,2020
EURUSD,1,2020-04-06 03:00:00,2020-04-06 13:00:00,1.08054,1.08005,1.07729,1.08704,0.2514,-4.9,-12.32,-12.32,10,time_exit,30.81866,0.00217,-2.13579,-3.26016,,2020
EURUSD,1,2020-04-06 14:00:00,2020-04-06 16:00:00,1.08008,1.07697,1.07697,1.08631,0.2619,-31.1,-81.54,-81.54,2,stop_loss,23.33679,0.00208,-1.77884,-3.53654,london,2020
EURUSD,1,2020-04-06 16:00:00,2020-04-07 02:00:00,1.07923,1.0799,1.07601,1.08567,0.2508,6.7,16.8,16.8,10,time_exit,24.30584,0.00215,-1.95385,-3.46445,new_york,2020
EURUSD,1,2020-04-07 13:00:00,2020-04-07 23:00:00,1.08742,1.0892,1.08445,1.09337,0.2719,17.8,48.4,48.4,10,time_exit,28.48156,0.00198,2.39191,-3.24619,london,2020
EURUSD,1,2020-04-09 07:00:00,2020-04-09 09:00:00,1.08667,1.08434,1.08434,1.09133,0.3494,-23.3,-81.37,-81.37,2,stop_loss,12.7789,0.00155,0.34913,-1.52755,london,2020
EURUSD,1,2020-04-09 16:00:00,2020-04-10 02:00:00,1.09042,1.09224,1.08749,1.09628,0.2747,18.2,50.0,49.99,10,time_exit,12.87409,0.00195,2.04379,-0.99394,new_york,2020
EURUSD,1,2020-04-10 02:00:00,2020-04-10 12:00:00,1.09271,1.0945,1.08976,1.0986,0.275,17.9,49.22,49.22,10,time_exit,27.26868,0.00196,2.07619,-0.09357,,2020
EURUSD,1,2020-04-14 07:00:00,2020-04-14 09:00:00,1.0947,1.09268,1.09268,1.09874,0.4041,-20.2,-81.54,-81.54,2,stop_loss,18.3465,0.00135,1.7447,1.31419,london,2020
EURUSD,1,2020-04-14 09:00:00,2020-04-14 11:00:00,1.09389,1.09197,1.09197,1.09774,0.4199,-19.2,-80.73,-80.73,2,stop_loss,17.48659,0.00128,1.09314,1.43063,london,2020
EURUSD,1,2020-04-15 16:00:00,2020-04-15 18:00:00,1.08605,1.0916,1.08327,1.0916,0.2878,55.5,159.85,159.85,2,take_profit,35.95719,0.00185,-4.54927,1.34892,new_york,2020
EURUSD,-1,2020-04-16 17:00:00,2020-04-16 19:00:00,1.08788,1.0819,1.09087,1.0819,0.2728,59.8,163.07,163.06,2,take_profit,25.97759,0.00199,-1.53715,-0.19344,new_york,2020
EURUSD,1,2020-04-17 11:00:00,2020-04-17 16:00:00,1.08287,1.08849,1.08006,1.08849,0.2961,56.2,166.3,166.29,5,take_profit,27.93031,0.00187,-2.8249,-1.18215,london,2020
EURUSD,1,2020-04-17 16:00:00,2020-04-20 02:00:00,1.08645,1.08638,1.08352,1.09232,0.2891,-0.7,-2.02,-2.03,10,time_exit,28.40642,0.00196,-0.49586,-1.35438,new_york,2020
EURUSD,1,2020-04-20 02:00:00,2020-04-20 09:00:00,1.08678,1.08418,1.08418,1.09198,0.326,-26.0,-84.79,-84.79,7,stop_loss,15.74072,0.00173,-0.36516,-1.38407,,2020
EURUSD,1,2020-04-20 18:00:00,2020-04-21 03:00:00,1.08811,1.08552,1.08552,1.09329,0.3242,-25.9,-83.95,-83.95,9,stop_loss,9.85074,0.00173,0.61167,-1.32833,new_york,2020
EURUSD,-1,2020-04-21 06:00:00,2020-04-21 12:00:00,1.08311,1.08525,1.08525,1.07883,0.3887,-21.4,-83.1,-83.1,6,stop_loss,9.90288,0.00143,-2.44479,-1.6513,,2020
EURUSD,1,2020-04-22 09:00:00,2020-04-22 17:00:00,1.08556,1.08356,1.08356,1.08956,0.4111,-20.0,-82.28,-82.28,8,stop_loss,14.04072,0.00133,0.06555,-1.87079,london,2020
EURUSD,1,2020-04-22 22:00:00,2020-04-23 08:00:00,1.082,1.08294,1.07965,1.08669,0.3471,9.4,32.63,32.63,10,time_exit,22.66829,0.00156,-1.95568,-1.60142,,2020
EURUSD,-1,2020-04-24 01:00:00,2020-04-24 11:00:00,1.07771,1.0756,1.08089,1.07136,0.2574,21.1,54.31,54.31,10,time_exit,21.11375,0.00212,-1.81174,-1.99624,,2020
EURUSD,1,2020-04-24 12:00:00,2020-04-24 15:00:00,1.0756,1.08087,1.07296,1.08087,0.3124,52.7,164.65,164.65,3,take_profit,26.14667,0.00176,-2.30912,-2.92266,london,2020
EURUSD,-1,2020-04-24 17:00:00,2020-04-24 23:00:00,1.07964,1.08263,1.08263,1.07366,0.281,-29.9,-83.98,-83.98,6,stop_loss,20.75281,0.00199,0.06694,-2.49809,new_york,2020
EURUSD,1,2020-04-27 14:00:00,2020-04-27 17:00:00,1.0852,1.083,1.083,1.08959,0.3785,-22.0,-83.12,-83.12,3,stop_loss,27.0065,0.00146,2.59019,-1.85831,london,2020
EURUSD,1,2020-04-27 19:00:00,2020-04-28 05:00:00,1.08286,1.08274,1.08057,1.08744,0.3591,-1.2,-4.31,-4.31,10,time_exit,23.07636,0.00153,0.59612,-1.43597,new_york,2020
EURUSD,1,2020-04-28 07:00:00,2020-04-28 11:00:00,1.08242,1.0857,1.08078,1.0857,0.5015,32.8,164.52,164.52,4,take_profit,12.75411,0.00109,0.14423,-1.57873,london,2020
EURUSD,-1,2020-04-30 09:00:00,2020-04-30 10:00:00,1.08643,1.08832,1.08832,1.08264,0.4431,-18.9,-83.91,-83.91,1,stop_loss,11.36822,0.00126,0.9279,0.58772,london,2020
EURUSD,-1,2020-05-01 15:00:00,2020-05-01 17:00:00,1.09731,1.0997,1.0997,1.09254,0.3481,-23.9,-83.05,-83.05,2,stop_loss,38.53683,0.00159,3.60548,2.96968,london,2020
EURUSD,1,2020-05-05 08:00:00,2020-05-05 10:00:00,1.09067,1.08894,1.08894,1.09413,0.4759,-17.3,-82.23,-82.24,2,stop_loss,28.61758,0.00115,-1.49542,2.85709,london,2020
EURUSD,-1,2020-05-05 17:00:00,2020-05-06 03:00:00,1.08777,1.0837,1.09082,1.08166,0.2666,40.7,108.51,108.5,10,time_exit,34.62219,0.00204,-1.32324,0.83962,new_york,2020
EURUSD,1,2020-05-06 12:00:00,2020-05-06 22:00:00,1.08022,1.07936,1.07786,1.08495,0.3489,-8.6,-30.01,-30.01,10,time_exit,24.16863,0.00158,-4.23913,-0.71047,london,2020
EURUSD,1,2020-05-07 06:00:00,2020-05-07 12:00:00,1.08001,1.0782,1.0782,1.08362,0.4547,-18.1,-82.18,-82.18,6,stop_loss,29.29958,0.0012,-2.79815,-2.74264,,2020
EURUSD,-1,2020-05-07 16:00:00,2020-05-07 19:00:00,1.07943,1.0816,1.0816,1.07509,0.3753,-21.7,-81.37,-81.37,3,stop_loss,22.7011,0.00145,-1.84171,-2.69938,new_york,2020
EURUSD,1,2020-05-08 19:00:00,2020-05-11 00:00:00,1.08537,1.08277,1.08277,1.09057,0.3099,-26.0,-80.55,-80.55,5,stop_loss,16.92443,0.00173,1.29332,-1.29797,new_york,2020
EURUSD,-1,2020-05-12 03:00:00,2020-05-12 10:00:00,1.08094,1.08271,1.08271,1.0774,0.4503,-17.7,-79.75,-79.75,7,stop_loss,17.82698,0.00118,-1.40434,-1.74477,,2020
EURUSD,1,2020-05-13 15:00:00,2020-05-13 16:00:00,1.08768,1.08576,1.08576,1.09152,0.4115,-19.2,-78.96,-78.96,1,stop_loss,22.20534,0.00128,2.75135,-0.30711,london,2020
EURUSD,1,2020-05-18 10:00:00,2020-05-18 11:00:00,1.08196,1.08032,1.08032,1.08523,0.4778,-16.4,-78.16,-78.16,1,stop_loss,10.04697,0.00109,0.34842,-1.24562,london,2020
EURUSD,-1,2020-05-19 17:00:00,2020-05-20 03:00:00,1.09345,1.09382,1.09597,1.0884,0.3067,-3.7,-11.35,-11.35,10,time_exit,51.77996,0.00168,2.9547,2.12433,new_york,2020
EURUSD,1,2020-05-20 22:00:00,2020-05-21 04:00:00,1.09856,1.09638,1.09638,1.10292,0.3544,-21.8,-77.27,-77.27,6,stop_loss,54.88232,0.00145,3.63681,4.00899,,2020
EURUSD,1,2020-05-22 01:00:00,2020-05-22 08:00:00,1.09468,1.09239,1.09239,1.09925,0.3346,-22.9,-76.49,-76.49,7,stop_loss,23.30157,0.00152,-0.44624,3.77132,,2020
EURUSD,-1,2020-05-22 12:00:00,2020-05-22 22:00:00,1.08993,1.09039,1.09192,1.08595,0.3807,-4.6,-17.51,-17.51,10,time_exit,26.63475,0.00133,-3.46553,3.4308,london,2020
EURUSD,-1,2020-05-26 10:00:00,2020-05-26 11:00:00,1.09184,1.09308,1.09308,1.08936,0.6086,-12.4,-75.56,-75.56,1,stop_loss,21.84437,0.00083,1.17884,1.09192,london,2020
EURUSD,1,2020-05-26 14:00:00,2020-05-26 17:00:00,1.0954,1.09876,1.09372,1.09876,0.4448,33.6,149.6,149.6,3,take_profit,31.89,0.00112,3.44813,1.2014,london,2020
EURUSD,-1,2020-05-26 23:00:00,2020-05-27 09:00:00,1.0982,1.09574,1.10031,1.09397,0.3611,24.6,88.83,88.83,10,time_exit,48.1608,0.00141,3.33145,1.86763,,2020
EURUSD,1,2020-05-28 10:00:00,2020-05-28 11:00:00,1.102,1.09947,1.09947,1.10707,0.3046,-25.3,-77.18,-77.18,1,stop_loss,22.60742,0.00169,2.25621,2.88443,london,2020
EURUSD,-1,2020-06-01 08:00:00,2020-06-01 18:00:00,1.11335,1.11227,1.11566,1.10872,0.3301,10.8,35.65,35.65,10,time_exit,23.66325,0.00154,3.17999,5.97698,london,2020
EURUSD,1,2020-06-04 18:00:00,2020-06-05 04:00:00,1.13437,1.13289,1.13031,1.1425,0.189,-14.8,-27.97,-27.97,10,time_exit,29.78148,0.00271,4.93773,3.92933,new_york,2020
EURUSD,1,2020-06-08 23:00:00,2020-06-09 09:00:00,1.12972,1.12713,1.12713,1.1349,0.2955,-25.9,-76.48,-76.48,10,stop_loss,14.35038,0.00173,0.30494,6.00235,,2020
EURUSD,-1,2020-06-10 04:00:00,2020-06-10 08:00:00,1.13397,1.13623,1.13623,1.12944,0.3345,-22.6,-75.73,-75.73,4,stop_loss,21.73143,0.00151,2.0563,5.91966,,2020
EURUSD,-1,2020-06-10 11:00:00,2020-06-10 14:00:00,1.13598,1.13817,1.13817,1.1316,0.3427,-21.9,-74.97,-74.98,3,stop_loss,25.3002,0.00146,2.83084,6.20727,london,2020
EURUSD,1,2020-06-11 04:00:00,2020-06-11 07:00:00,1.13867,1.13515,1.13515,1.14571,0.2109,-35.2,-74.21,-74.21,3,stop_loss,33.77475,0.00235,1.78213,4.03159,,2020
EURUSD,-1,2020-06-11 08:00:00,2020-06-11 11:00:00,1.13512,1.13842,1.13842,1.12853,0.2228,-33.0,-73.47,-73.47,3,stop_loss,31.53146,0.0022,0.11365,4.25991,london,2020
EURUSD,-1,2020-06-11 22:00:00,2020-06-12 08:00:00,1.1301,1.13111,1.13408,1.12214,0.1828,-10.1,-18.46,-18.46,10,time_exit,19.07214,0.00265,-1.96038,3.17254,,2020
EURUSD,-1,2020-06-16 10:00:00,2020-06-16 14:00:00,1.13462,1.1296,1.13713,1.1296,0.2889,50.2,145.09,145.09,4,take_profit,35.52868,0.00167,2.68566,1.43501,london,2020
EURUSD,-1,2020-06-17 02:00:00,2020-06-17 10:00:00,1.12591,1.12873,1.12873,1.12028,0.2628,-28.2,-73.99,-74.0,8,stop_loss,34.27416,0.00188,-1.6804,0.6738,,2020
EURUSD,1,2020-06-17 11:00:00,2020-06-17 12:00:00,1.12667,1.12422,1.12422,1.13156,0.2996,-24.5,-73.27,-73.28,1,stop_loss,26.51727,0.00163,-1.07331,0.42312,london,2020
EURUSD,-1,2020-06-18 19:00:00,2020-06-19 05:00:00,1.12152,1.12108,1.12429,1.11598,0.2621,4.4,11.53,11.53,10,time_exit,25.30318,0.00185,-1.88808,-0.87132,new_york,2020
EURUSD,1,2020-06-19 19:00:00,2020-06-22 05:00:00,1.11884,1.11913,1.11564,1.12523,0.2274,2.9,6.59,6.59,10,time_exit,31.0532,0.00213,-1.69532,-1.38217,new_york,2020
EURUSD,-1,2020-06-22 15:00:00,2020-06-22 16:00:00,1.12133,1.12358,1.12358,1.11683,0.323,-22.5,-72.72,-72.73,1,stop_loss,22.18743,0.0015,0.26731,-2.25803,london,2020
EURUSD,-1,2020-06-22 21:00:00,2020-06-23 07:00:00,1.12585,1.12618,1.12815,1.12124,0.3125,-3.3,-10.31,-10.31,10,time_exit,26.78663,0.00154,2.63691,-1.66823,new_york,2020
EURUSD,1,2020-06-23 19:00:00,2020-06-24 05:00:00,1.13226,1.13179,1.12955,1.13768,0.2652,-4.7,-12.46,-12.47,10,time_exit,33.4556,0.00181,3.47128,0.44481,new_york,2020
EURUSD,1,2020-06-25 09:00:00,2020-06-25 10:00:00,1.12481,1.12302,1.12302,1.12839,0.401,-17.9,-71.76,-71.76,1,stop_loss,39.95252,0.00119,-1.90985,0.786,london,2020
EURUSD,-1,2020-06-29 23:00:00,2020-06-30 09:00:00,1.12364,1.1213,1.12593,1.11906,0.3102,23.4,72.59,72.58,10,time_exit,22.44186,0.00153,-0.25856,-0.4793,,2020
EURUSD,-1,2020-06-30 18:00:00,2020-07-01 04:00:00,1.12328,1.12386,1.12594,1.11795,0.2694,-5.8,-15.63,-15.63,10,time_exit,27.85345,0.00178,0.02766,-0.67453,new_york,2020
EURUSD,1,2020-07-01 22:00:00,2020-07-02 08:00:00,1.12452,1.12636,1.12203,1.1295,0.2879,18.4,52.97,52.97,10,time_exit,17.18725,0.00166,0.68224,-0.4561,,2020
EURUSD,1,2020-07-03 06:00:00,2020-07-03 10:00:00,1.12451,1.12263,1.12263,1.12827,0.3833,-18.8,-72.14,-72.15,4,stop_loss,17.17384,0.00125,-0.10738,0.12309,,2020
EURUSD,-1,2020-07-07 19:00:00,2020-07-08 05:00:00,1.12978,1.12789,1.13207,1.1252,0.3122,18.9,59.01,59.0,10,time_exit,21.33704,0.00153,0.70394,1.64126,new_york,2020
EURUSD,-1,2020-07-08 09:00:00,2020-07-08 10:00:00,1.12762,1.12934,1.12934,1.12418,0.4181,-17.2,-72.02,-72.02,1,stop_loss,18.71114,0.00115,-0.60035,1.63756,london,2020
EURUSD,1,2020-07-09 05:00:00,2020-07-09 13:00:00,1.13382,1.13193,1.13193,1.13759,0.3779,-18.9,-71.29,-71.29,8,stop_loss,27.78991,0.00126,2.7762,2.36116,,2020
EURUSD,1,2020-07-10 02:00:00,2020-07-10 08:00:00,1.12875,1.12663,1.12663,1.13299,0.3331,-21.2,-70.57,-70.57,6,stop_loss,24.76481,0.00141,-1.57701,1.94646,,2020
EURUSD,-1,2020-07-14 01:00:00,2020-07-14 11:00:00,1.13434,1.13505,1.13642,1.13017,0.3352,-7.1,-23.8,-23.8,10,time_exit,19.81011,0.00139,1.39985,2.07295,,2020
EURUSD,1,2020-07-16 09:00:00,2020-07-16 11:00:00,1.1403,1.13875,1.13875,1.1434,0.4492,-15.5,-69.64,-69.64,2,stop_loss,16.13118,0.00103,0.62675,5.58277,london,2020
EURUSD,1,2020-07-16 20:00:00,2020-07-16 21:00:00,1.14092,1.13846,1.13846,1.14583,0.2805,-24.6,-68.93,-68.93,1,stop_loss,18.0368,0.00164,0.46425,3.37632,new_york,2020
EURUSD,1,2020-07-17 07:00:00,2020-07-17 14:00:00,1.13918,1.14296,1.13729,1.14296,0.361,37.8,136.5,136.5,7,take_profit,20.09754,0.00126,-0.28681,3.58091,london,2020
EURUSD,-1,2020-07-17 16:00:00,2020-07-17 17:00:00,1.1419,1.14391,1.14391,1.13788,0.3464,-20.1,-69.61,-69.61,1,stop_loss,20.87403,0.00134,1.52432,3.25565,new_york,2020
EURUSD,-1,2020-07-21 09:00:00,2020-07-21 10:00:00,1.14437,1.14657,1.14657,1.13998,0.3139,-22.0,-68.92,-68.92,1,stop_loss,13.55261,0.00146,0.67598,3.42973,london,2020
EURUSD,-1,2020-07-21 20:00:00,2020-07-22 05:00:00,1.15162,1.15454,1.15454,1.14578,0.2338,-29.2,-68.22,-68.22,9,stop_loss,16.11049,0.00195,3.72491,2.68046,new_york,2020
EURUSD,-1,2020-07-22 18:00:00,2020-07-23 04:00:00,1.15936,1.15743,1.1625,1.15309,0.2153,19.3,41.55,41.55,10,time_exit,35.99361,0.00209,4.19282,4.00339,new_york,2020
EURUSD,-1,2020-07-24 04:00:00,2020-07-24 14:00:00,1.16141,1.16012,1.16402,1.1562,0.2607,12.9,33.63,33.63,10,time_exit,16.58732,0.00174,2.63077,5.68487,,2020
EURUSD,1,2020-07-27 04:00:00,2020-07-27 14:00:00,1.16887,1.17436,1.16613,1.17436,0.2489,54.9,136.57,136.57,10,take_profit,28.36968,0.00183,4.50752,5.65342,,2020
EURUSD,-1,2020-07-28 00:00:00,2020-07-28 10:00:00,1.17513,1.17108,1.17799,1.1694,0.2433,40.5,98.54,98.53,10,time_exit,45.04111,0.00191,3.93352,6.92812,,2020
EURUSD,-1,2020-07-28 22:00:00,2020-07-29 08:00:00,1.1724,1.17346,1.1754,1.1664,0.2355,-10.6,-24.96,-24.96,10,time_exit,23.14027,0.002,0.71279,6.39989,,2020
EURUSD,-1,2020-07-31 04:00:00,2020-07-31 05:00:00,1.1866,1.18943,1.18943,1.18094,0.2489,-28.3,-70.4,-70.4,1,stop_loss,35.24304,0.00189,4.44771,6.33144,,2020
EURUSD,-1,2020-07-31 05:00:00,2020-07-31 15:00:00,1.18832,1.18438,1.19119,1.18258,0.2428,39.4,95.66,95.66,10,time_exit,37.03804,0.00191,5.07391,6.33069,,2020
EURUSD,1,2020-08-04 04:00:00,2020-08-04 10:00:00,1.17538,1.18016,1.17299,1.18016,0.2956,47.8,141.3,141.3,6,take_profit,31.14338,0.00159,-1.22682,3.96436,,2020
EURUSD,-1,2020-08-04 17:00:00,2020-08-04 18:00:00,1.17244,1.17529,1.17529,1.16673,0.2524,-28.5,-72.05,-72.05,1,stop_loss,22.21616,0.0019,-2.40935,2.79774,new_york,2020
EURUSD,1,2020-08-04 18:00:00,2020-08-05 04:00:00,1.17567,1.181,1.17259,1.18184,0.2314,53.3,123.34,123.33,10,time_exit,21.25414,0.00206,-0.63805,2.5448,new_york,2020
EURUSD,1,2020-08-05 15:00:00,2020-08-06 01:00:00,1.1855,1.18725,1.18264,1.19123,0.2535,17.5,44.36,44.36,10,time_exit,26.90994,0.00191,3.09253,3.17656,london,2020
EURUSD,-1,2020-08-06 03:00:00,2020-08-06 09:00:00,1.18722,1.18983,1.18983,1.18201,0.2801,-26.1,-73.02,-73.02,6,stop_loss,34.35252,0.00174,2.70819,4.27021,,2020
EURUSD,-1,2020-08-06 16:00:00,2020-08-06 19:00:00,1.18488,1.18797,1.18797,1.1787,0.2339,-30.9,-72.3,-72.3,3,stop_loss,30.57804,0.00206,0.44605,3.64633,new_york,2020
EURUSD,1,2020-08-07 06:00:00,2020-08-07 12:00:00,1.18386,1.181,1.181,1.18958,0.2504,-28.6,-71.57,-71.57,6,stop_loss,24.57166,0.00191,-0.69683,3.87678,,2020
EURUSD,-1,2020-08-07 18:00:00,2020-08-10 04:00:00,1.17885,1.17933,1.18251,1.17152,0.1934,-4.8,-9.28,-9.29,10,time_exit,24.11939,0.00244,-2.09411,2.32029,new_york,2020
EURUSD,1,2020-08-10 23:00:00,2020-08-11 09:00:00,1.17434,1.17336,1.17191,1.1792,0.2914,-9.8,-28.56,-28.56,10,time_exit,26.44304,0.00162,-2.93396,0.68545,,2020
EURUSD,-1,2020-08-11 16:00:00,2020-08-11 21:00:00,1.17976,1.17444,1.18242,1.17444,0.2647,53.2,140.93,140.93,5,take_profit,22.67344,0.00177,1.27183,-0.07819,new_york,2020
EURUSD,-1,2020-08-14 11:00:00,2020-08-14 15:00:00,1.18016,1.18231,1.18231,1.17585,0.3336,-21.5,-71.88,-71.89,4,stop_loss,17.46442,0.00144,-0.17726,1.32824,london,2020
EURUSD,-1,2020-08-14 18:00:00,2020-08-17 04:00:00,1.18288,1.18464,1.18555,1.17753,0.2661,-17.6,-46.83,-46.84,10,time_exit,14.95728,0.00178,1.22319,1.11996,new_york,2020
EURUSD,1,2020-08-17 05:00:00,2020-08-17 15:00:00,1.18464,1.1857,1.18267,1.18857,0.3596,10.6,38.12,38.12,10,time_exit,16.62955,0.00131,2.04192,2.05009,,2020
EURUSD,-1,2020-08-17 17:00:00,2020-08-18 03:00:00,1.18732,1.18906,1.18973,1.1825,0.295,-17.4,-51.33,-51.33,10,time_exit,16.95291,0.00161,2.45078,2.10644,new_york,2020
EURUSD,-1,2020-08-18 09:00:00,2020-08-18 11:00:00,1.18922,1.19096,1.19096,1.18575,0.4066,-17.4,-70.57,-70.57,2,stop_loss,16.00323,0.00116,3.19427,3.77324,london,2020
EURUSD,-1,2020-08-19 07:00:00,2020-08-19 17:00:00,1.19299,1.19004,1.1951,1.18877,0.3313,29.5,97.73,97.73,10,time_exit,38.75799,0.00141,2.21406,4.58167,london,2020
EURUSD,-1,2020-08-19 17:00:00,2020-08-19 18:00:00,1.19435,1.19004,1.1965,1.19004,0.3289,43.1,141.67,141.67,1,take_profit,32.66258,0.00144,2.24592,4.67707,new_york,2020
EURUSD,-1,2020-08-20 03:00:00,2020-08-20 13:00:00,1.18438,1.18399,1.18715,1.17884,0.2606,3.9,10.16,10.16,10,time_exit,36.14714,0.00185,-2.75978,2.64607,,2020
EURUSD,1,2020-08-24 03:00:00,2020-08-24 13:00:00,1.17984,1.18324,1.17747,1.18457,0.3058,34.0,103.97,103.97,10,time_exit,37.11293,0.00158,-2.05918,-0.55285,,2020
EURUSD,1,2020-08-24 19:00:00,2020-08-25 05:00:00,1.1803,1.1805,1.17791,1.18507,0.3077,2.0,6.15,6.15,10,time_exit,24.38352,0.00159,-1.28728,-0.77376,new_york,2020
EURUSD,1,2020-08-26 03:00:00,2020-08-26 07:00:00,1.18342,1.18148,1.18148,1.1873,0.3785,-19.4,-73.46,-73.46,4,stop_loss,18.01362,0.00129,1.13012,-0.80048,,2020
EURUSD,1,2020-08-26 13:00:00,2020-08-26 14:00:00,1.18166,1.17969,1.17969,1.18559,0.3697,-19.7,-72.71,-72.72,1,stop_loss,15.1111,0.00131,-0.1614,-0.7647,london,2020
EURUSD,-1,2020-08-28 03:00:00,2020-08-28 06:00:00,1.18207,1.18521,1.18521,1.1758,0.2295,-31.4,-72.0,-72.0,3,stop_loss,18.6688,0.00209,0.01494,-0.28674,,2020
EURUSD,1,2020-08-28 10:00:00,2020-08-28 20:00:00,1.18671,1.18867,1.18384,1.19246,0.248,19.6,48.61,48.61,10,time_exit,26.11907,0.00192,2.0316,0.00627,london,2020
EURUSD,1,2020-08-31 00:00:00,2020-08-31 10:00:00,1.18938,1.18925,1.18632,1.1955,0.2343,-1.3,-3.05,-3.05,10,time_exit,38.3898,0.00204,2.41176,0.98874,,2020
EURUSD,1,2020-08-31 18:00:00,2020-08-31 22:00:00,1.19606,1.19319,1.19319,1.20179,0.2502,-28.7,-71.74,-71.74,4,stop_loss,36.07975,0.00191,3.78388,2.00478,new_york,2020
EURUSD,-1,2020-09-01 14:00:00,2020-09-01 19:00:00,1.19874,1.19326,1.20148,1.19326,0.2592,54.8,142.04,142.03,5,take_profit,37.95067,0.00183,3.07443,3.32365,london,2020
EURUSD,1,2020-09-02 14:00:00,2020-09-02 16:00:00,1.18613,1.18337,1.18337,1.19164,0.2628,-27.6,-72.42,-72.42,2,stop_loss,31.5442,0.00184,-3.03484,2.02502,london,2020
EURUSD,1,2020-09-02 20:00:00,2020-09-03 06:00:00,1.18479,1.18209,1.18175,1.19088,0.2356,-27.0,-63.61,-63.61,10,time_exit,36.43838,0.00203,-2.66098,1.18286,new_york,2020
EURUSD,-1,2020-09-04 14:00:00,2020-09-04 16:00:00,1.18472,1.1799,1.18713,1.1799,0.2946,48.2,142.14,142.14,2,take_profit,10.2969,0.00161,-0.33797,-0.7358,london,2020
EURUSD,-1,2020-09-07 12:00:00,2020-09-07 22:00:00,1.18325,1.18136,1.18532,1.17911,0.3502,18.9,66.19,66.19,10,time_exit,11.2766,0.00138,-0.62336,-1.23214,london,2020
EURUSD,1,2020-09-08 21:00:00,2020-09-09 01:00:00,1.1793,1.17677,1.17677,1.18435,0.2895,-25.3,-73.16,-73.17,4,stop_loss,32.99429,0.00168,-1.29075,-1.73742,new_york,2020
EURUSD,1,2020-09-09 23:00:00,2020-09-10 09:00:00,1.18038,1.18262,1.17792,1.1853,0.2947,22.4,66.01,66.01,10,time_exit,35.33604,0.00164,0.45853,-2.06838,,2020
EURUSD,1,2020-09-10 16:00:00,2020-09-10 19:00:00,1.18877,1.18624,1.18624,1.19382,0.2893,-25.3,-73.08,-73.09,3,stop_loss,38.4308,0.00168,4.47684,-1.02398,new_york,2020
EURUSD,1,2020-09-14 07:00:00,2020-09-14 16:00:00,1.18473,1.18862,1.18279,1.18862,0.3721,38.9,144.72,144.71,9,take_profit,12.73236,0.0013,0.94158,0.12738,london,2020
EURUSD,-1,2020-09-15 01:00:00,2020-09-15 06:00:00,1.18654,1.18831,1.18831,1.183,0.4174,-17.7,-73.79,-73.79,5,stop_loss,18.94347,0.00118,1.28707,0.99747,,2020
EURUSD,-1,2020-09-15 10:00:00,2020-09-15 16:00:00,1.18882,1.18567,1.1904,1.18567,0.4632,31.5,146.13,146.13,6,take_profit,22.12091,0.00105,2.70708,1.67449,london,2020
EURUSD,-1,2020-09-15 22:00:00,2020-09-16 08:00:00,1.18541,1.18463,1.18735,1.18153,0.384,7.8,29.95,29.95,10,time_exit,22.69624,0.00129,-0.63927,1.33731,,2020
EURUSD,1,2020-09-16 20:00:00,2020-09-16 21:00:00,1.18332,1.18098,1.18098,1.18799,0.3201,-23.4,-74.82,-74.82,1,stop_loss,27.12825,0.00156,-1.3848,0.57283,new_york,2020
EURUSD,-1,2020-09-17 19:00:00,2020-09-18 01:00:00,1.18229,1.18528,1.18528,1.17631,0.2477,-29.9,-74.08,-74.08,6,stop_loss,33.79554,0.00199,0.17634,-0.81051,new_york,2020
EURUSD,-1,2020-09-21 03:00:00,2020-09-21 06:00:00,1.18456,1.18662,1.18662,1.18043,0.3553,-20.6,-73.33,-73.33,3,stop_loss,19.22498,0.00138,0.34713,0.12395,,2020
EURUSD,1,2020-09-23 03:00:00,2020-09-23 04:00:00,1.17061,1.16832,1.16832,1.17519,0.3169,-22.9,-72.6,-72.6,1,stop_loss,46.59466,0.00153,-3.3671,-3.33512,,2020
EURUSD,-1,2020-09-23 18:00:00,2020-09-24 04:00:00,1.16743,1.16616,1.17001,1.16228,0.2789,12.7,35.42,35.42,10,time_exit,38.53851,0.00172,-3.07294,-3.76961,new_york,2020
EURUSD,1,2020-09-24 22:00:00,2020-09-25 08:00:00,1.16664,1.16684,1.16397,1.17199,0.2703,2.0,5.41,5.4,10,time_exit,22.99709,0.00178,-0.78422,-4.43705,,2020
EURUSD,-1,2020-09-25 10:00:00,2020-09-25 14:00:00,1.16762,1.16386,1.1695,1.16386,0.3844,37.6,144.57,144.57,4,take_profit,16.3617,0.00125,0.00782,-5.82667,london,2020
EURUSD,1,2020-09-28 08:00:00,2020-09-28 14:00:00,1.16316,1.16688,1.1613,1.16688,0.3965,37.2,147.44,147.44,6,take_profit,20.97891,0.00124,-1.4877,-6.14323,london,2020
EURUSD,-1,2020-09-28 17:00:00,2020-09-29 03:00:00,1.16703,1.16768,1.16919,1.16271,0.3484,-6.5,-22.65,-22.65,10,time_exit,22.09614,0.00144,1.396,-4.81996,new_york,2020
EURUSD,-1,2020-09-29 18:00:00,2020-09-30 04:00:00,1.17311,1.17455,1.17546,1.16841,0.3193,-14.4,-45.98,-45.98,10,time_exit,33.86357,0.00157,3.78607,-2.49534,new_york,2020
EURUSD,1,2020-10-02 19:00:00,2020-10-05 05:00:00,1.17059,1.17321,1.16789,1.17599,0.276,26.2,72.31,72.31,10,time_exit,16.32665,0.0018,-1.05597,0.21991,new_york,2020
EURUSD,1,2020-10-08 09:00:00,2020-10-08 11:00:00,1.17747,1.17601,1.17601,1.1804,0.5138,-14.6,-75.23,-75.23,2,stop_loss,21.61643,0.00098,1.26871,1.85669,london,2020
EURUSD,-1,2020-10-08 14:00:00,2020-10-09 00:00:00,1.17602,1.17579,1.17762,1.17281,0.4642,2.3,10.68,10.67,10,time_exit,18.29694,0.00107,-0.22635,1.63815,london,2020
EURUSD,1,2020-10-09 01:00:00,2020-10-09 11:00:00,1.17619,1.1792,1.17468,1.1792,0.4952,30.1,149.17,149.17,10,take_profit,16.99569,0.001,-0.2248,1.38519,,2020
EURUSD,-1,2020-10-12 07:00:00,2020-10-12 17:00:00,1.1817,1.18139,1.18327,1.17856,0.4847,3.1,15.03,15.02,10,time_exit,27.25309,0.00105,2.34884,3.03597,london,2020
EURUSD,-1,2020-10-12 19:00:00,2020-10-13 05:00:00,1.18043,1.17966,1.18224,1.17682,0.4223,7.7,32.52,32.52,10,time_exit,17.77803,0.0012,0.43782,2.72452,new_york,2020
EURUSD,1,2020-10-13 18:00:00,2020-10-14 04:00:00,1.17444,1.17431,1.17246,1.1784,0.3866,-1.3,-5.03,-5.03,10,time_exit,22.61732,0.00132,-3.7946,1.70066,new_york,2020
EURUSD,-1,2020-10-14 23:00:00,2020-10-15 09:00:00,1.17517,1.17369,1.17694,1.17162,0.4315,14.8,63.86,63.86,10,time_exit,19.73151,0.00118,-0.87336,-0.29549,,2020
EURUSD,1,2020-10-15 15:00:00,2020-10-15 16:00:00,1.17084,1.16895,1.16895,1.17462,0.4079,-18.9,-77.15,-77.15,1,stop_loss,20.15711,0.00126,-3.25639,-0.94132,london,2020
EURUSD,-1,2020-10-16 23:00:00,2020-10-19 09:00:00,1.17188,1.17046,1.17361,1.16841,0.4408,14.2,62.59,62.59,10,time_exit,16.16166,0.00116,-0.35379,-2.11784,,2020
EURUSD,-1,2020-10-20 13:00:00,2020-10-20 17:00:00,1.18064,1.18252,1.18252,1.17688,0.4095,-18.8,-77.01,-77.01,4,stop_loss,35.08992,0.00125,4.05193,0.38637,london,2020
EURUSD,-1,2020-10-22 16:00:00,2020-10-23 02:00:00,1.18262,1.18146,1.18456,1.17875,0.3936,11.6,45.66,45.66,10,time_exit,26.53193,0.00129,-0.59891,3.55738,new_york,2020
EURUSD,1,2020-10-28 16:00:00,2020-10-29 02:00:00,1.17268,1.17483,1.17064,1.17676,0.3762,21.5,80.88,80.88,10,time_exit,43.25399,0.00136,-5.01624,-0.509,new_york,2020
EURUSD,-1,2020-10-29 02:00:00,2020-10-29 12:00:00,1.17486,1.17257,1.17671,1.17115,0.4183,22.9,95.79,95.79,10,time_exit,37.76943,0.00124,-2.46488,-1.43328,,2020
EURUSD,1,2020-10-29 21:00:00,2020-10-30 07:00:00,1.1658,1.16816,1.16347,1.17045,0.3372,23.6,79.58,79.58,10,time_exit,42.71843,0.00155,-5.53801,-2.52558,new_york,2020
EURUSD,1,2020-11-03 06:00:00,2020-11-03 10:00:00,1.16516,1.16808,1.1637,1.16808,0.5432,29.2,158.51,158.51,4,take_profit,18.82376,0.00097,-0.48883,-7.18216,,2020
EURUSD,-1,2020-11-03 12:00:00,2020-11-03 13:00:00,1.16968,1.1714,1.1714,1.16623,0.469,-17.2,-80.83,-80.84,1,stop_loss,23.23594,0.00115,3.25352,-5.52804,london,2020
EURUSD,-1,2020-11-03 23:00:00,2020-11-04 00:00:00,1.17024,1.17226,1.17226,1.16619,0.3954,-20.2,-80.02,-80.02,1,stop_loss,40.18863,0.00135,1.89624,-3.30473,,2020
EURUSD,1,2020-11-05 03:00:00,2020-11-05 11:00:00,1.17293,1.17986,1.16947,1.17986,0.2287,69.3,158.45,158.45,8,take_profit,23.03419,0.00231,1.48168,-0.91338,,2020
EURUSD,-1,2020-11-06 03:00:00,2020-11-06 10:00:00,1.18048,1.1841,1.1841,1.17323,0.2231,-36.2,-80.82,-80.82,7,stop_loss,30.94094,0.00242,1.84226,1.13348,,2020
EURUSD,1,2020-11-06 11:00:00,2020-11-06 21:00:00,1.18433,1.18819,1.18128,1.19043,0.2622,38.6,101.21,101.21,10,time_exit,26.93011,0.00203,3.18606,1.88683,london,2020
EURUSD,-1,2020-11-10 13:00:00,2020-11-10 14:00:00,1.17802,1.18119,1.18119,1.17169,0.2559,-31.7,-81.0,-81.0,1,stop_loss,16.55333,0.00211,-2.53663,2.33024,london,2020
EURUSD,-1,2020-11-10 18:00:00,2020-11-11 04:00:00,1.18208,1.1825,1.18544,1.17536,0.2388,-4.2,-10.03,-10.03,10,time_exit,16.45443,0.00224,-0.39673,1.95764,new_york,2020
EURUSD,1,2020-11-16 10:00:00,2020-11-16 11:00:00,1.1856,1.1842,1.1842,1.18839,0.574,-14.0,-80.1,-80.11,1,stop_loss,34.96209,0.00093,3.49632,2.47479,london,2020
EURUSD,1,2020-11-17 04:00:00,2020-11-17 10:00:00,1.186,1.18442,1.18442,1.18917,0.5006,-15.8,-79.3,-79.3,6,stop_loss,22.17562,0.00106,2.34015,2.59945,,2020
EURUSD,1,2020-11-17 17:00:00,2020-11-18 03:00:00,1.18716,1.18529,1.18529,1.19091,0.4191,-18.7,-78.52,-78.52,10,stop_loss,24.20355,0.00125,1.84581,2.69246,new_york,2020
EURUSD,1,2020-11-18 11:00:00,2020-11-18 14:00:00,1.18783,1.18635,1.18635,1.1908,0.524,-14.8,-77.73,-77.73,3,stop_loss,17.7903,0.00099,2.02053,3.50742,london,2020
EURUSD,-1,2020-11-19 17:00:00,2020-11-19 19:00:00,1.18312,1.18487,1.18487,1.17961,0.4385,-17.5,-76.95,-76.95,2,stop_loss,31.2612,0.00117,-1.6404,1.6887,new_york,2020
EURUSD,1,2020-11-20 09:00:00,2020-11-20 10:00:00,1.1884,1.18692,1.18692,1.19136,0.5141,-14.8,-76.18,-76.18,1,stop_loss,24.67362,0.00099,2.42443,2.40011,london,2020
EURUSD,1,2020-11-23 03:00:00,2020-11-23 13:00:00,1.18719,1.19025,1.18566,1.19025,0.4933,30.6,150.84,150.84,10,take_profit,14.78415,0.00102,1.03494,2.02555,,2020
EURUSD,-1,2020-11-23 19:00:00,2020-11-24 05:00:00,1.18258,1.18448,1.18502,1.1777,0.3155,-19.0,-59.95,-59.95,10,time_exit,20.60963,0.00163,-2.5072,1.29294,new_york,2020
EURUSD,1,2020-11-25 04:00:00,2020-11-25 14:00:00,1.18981,1.18957,1.18789,1.19364,0.3985,-2.4,-9.56,-9.57,10,time_exit,17.63023,0.00128,2.21104,1.4613,,2020
EURUSD,1,2020-11-25 14:00:00,2020-11-25 17:00:00,1.18824,1.19242,1.18615,1.19242,0.3648,41.8,152.47,152.46,3,take_profit,20.59047,0.00139,0.16842,1.72429,london,2020
EURUSD,-1,2020-11-26 15:00:00,2020-11-26 21:00:00,1.1896,1.19158,1.19158,1.18564,0.3926,-19.8,-77.75,-77.75,6,stop_loss,26.47952,0.00132,-0.47183,2.5113,london,2020
EURUSD,1,2020-11-27 12:00:00,2020-11-27 17:00:00,1.19229,1.19495,1.19096,1.19495,0.5792,26.6,153.94,153.94,5,take_profit,13.74721,0.00089,1.37136,3.70551,london,2020
EURUSD,1,2020-11-30 05:00:00,2020-11-30 15:00:00,1.19688,1.19864,1.19551,1.19962,0.5739,17.6,101.01,101.0,10,time_exit,35.7103,0.00091,3.94927,4.73239,,2020
EURUSD,1,2020-12-01 04:00:00,2020-12-01 14:00:00,1.19494,1.19674,1.19304,1.19874,0.4186,18.0,75.35,75.35,10,time_exit,29.59291,0.00127,0.12774,3.44031,,2020
EURUSD,1,2020-12-02 12:00:00,2020-12-02 17:00:00,1.20537,1.2099,1.2031,1.2099,0.3541,45.3,160.58,160.58,5,take_profit,44.39276,0.00151,2.6744,4.97877,london,2020
EURUSD,-1,2020-12-03 01:00:00,2020-12-03 10:00:00,1.21126,1.21351,1.21351,1.20677,0.3645,-22.5,-81.88,-81.89,9,stop_loss,47.46571,0.0015,4.6189,5.83453,,2020
EURUSD,-1,2020-12-04 02:00:00,2020-12-04 10:00:00,1.21451,1.21656,1.21656,1.21042,0.396,-20.5,-81.06,-81.07,8,stop_loss,41.05322,0.00136,3.13534,7.83516,,2020
EURUSD,-1,2020-12-04 12:00:00,2020-12-04 22:00:00,1.2167,1.21297,1.21857,1.21297,0.4298,37.3,160.5,160.5,10,take_profit,35.0292,0.00124,3.88077,8.71307,london,2020
EURUSD,-1,2020-12-09 06:00:00,2020-12-09 08:00:00,1.21212,1.21373,1.21373,1.2089,0.5079,-16.1,-81.85,-81.86,2,stop_loss,12.2487,0.00107,0.42842,4.91631,,2020
EURUSD,1,2020-12-09 18:00:00,2020-12-09 19:00:00,1.2083,1.20603,1.20603,1.21285,0.3564,-22.7,-81.04,-81.05,1,stop_loss,17.26339,0.00152,-2.24719,3.10167,new_york,2020
EURUSD,1,2020-12-11 10:00:00,2020-12-11 17:00:00,1.21308,1.21098,1.21098,1.21728,0.3816,-21.0,-80.22,-80.22,7,stop_loss,35.29572,0.0014,0.51612,2.7379,london,2020
EURUSD,1,2020-12-15 02:00:00,2020-12-15 12:00:00,1.21488,1.21587,1.21287,1.2189,0.3949,9.9,39.1,39.09,10,time_exit,13.65071,0.00134,0.86457,2.61593,,2020
EURUSD,1,2020-12-16 17:00:00,2020-12-16 18:00:00,1.21959,1.21738,1.21738,1.22402,0.3605,-22.1,-79.83,-79.83,1,stop_loss,22.44801,0.00148,2.35002,2.68044,new_york,2020
EURUSD,-1,2020-12-17 23:00:00,2020-12-18 09:00:00,1.22626,1.2248,1.2284,1.22198,0.369,14.6,53.87,53.87,10,time_exit,32.76046,0.00143,3.72017,4.31194,,2020
EURUSD,1,2020-12-18 17:00:00,2020-12-21 01:00:00,1.2238,1.22175,1.22175,1.22791,0.3872,-20.5,-79.55,-79.55,8,stop_loss,22.62391,0.00137,0.49353,4.82015,new_york,2020
EURUSD,1,2020-12-23 07:00:00,2020-12-23 15:00:00,1.21879,1.2162,1.2162,1.22397,0.3042,-25.9,-78.77,-78.77,8,stop_loss,18.90951,0.00173,-0.75447,0.99965,london,2020
EURUSD,1,2020-12-24 10:00:00,2020-12-24 16:00:00,1.22054,1.21855,1.21855,1.22451,0.3926,-19.9,-77.99,-77.99,6,stop_loss,16.77024,0.00132,0.58394,0.86614,london,2020
EURUSD,-1,2020-12-24 16:00:00,2020-12-28 02:00:00,1.21884,1.22076,1.22076,1.215,0.4023,-19.2,-77.19,-77.2,7,stop_loss,12.55226,0.00128,-0.65841,0.79555,new_york,2020
EURUSD,1,2020-12-28 13:00:00,2020-12-28 23:00:00,1.22136,1.22148,1.2191,1.22588,0.3383,1.2,4.06,4.06,10,time_exit,24.15948,0.00151,0.6554,0.90728,london,2020
EURUSD,-1,2020-12-29 09:00:00,2020-12-29 14:00:00,1.22424,1.22608,1.22608,1.22057,0.4167,-18.4,-76.47,-76.47,5,stop_loss,26.17631,0.00122,2.31274,1.5114,london,2020
EURUSD,-1,2020-12-29 19:00:00,2020-12-30 02:00:00,1.22519,1.22743,1.22743,1.2207,0.3373,-22.4,-75.7,-75.71,7,stop_loss,34.98905,0.0015,1.71175,1.69918,new_york,2020
EURUSD,1,2020-12-30 09:00:00,2020-12-30 10:00:00,1.22818,1.22625,1.22625,1.23204,0.3882,-19.3,-74.94,-74.95,1,stop_loss,43.35741,0.00129,2.90194,2.71789,london,2020
EURUSD,-1,2020-12-30 22:00:00,2020-12-31 08:00:00,1.22887,1.22916,1.23128,1.22405,0.3079,-2.9,-8.93,-8.93,10,time_exit,35.65996,0.00161,1.75409,2.614,,2020
EURUSD,-1,2020-12-31 17:00:00,2020-12-31 18:00:00,1.22694,1.22218,1.22932,1.22218,0.3115,47.6,148.2,148.19,1,take_profit,23.77586,0.00159,-0.35986,2.80048,new_york,2020
EURUSD,-1,2021-01-05 03:00:00,2021-01-05 10:00:00,1.22558,1.22777,1.22777,1.2212,0.3448,-21.9,-75.58,-75.58,7,stop_loss,16.75162,0.00146,-0.61839,1.81498,,2021
EURUSD,-1,2021-01-06 14:00:00,2021-01-06 17:00:00,1.23376,1.22838,1.23645,1.22838,0.2784,53.8,149.66,149.65,3,take_profit,31.8169,0.00179,2.62583,2.01656,london,2021
EURUSD,1,2021-01-07 23:00:00,2021-01-08 03:00:00,1.22658,1.22388,1.22388,1.23199,0.2824,-27.0,-76.34,-76.34,4,stop_loss,25.25533,0.0018,-1.34601,1.32833,,2021
EURUSD,-1,2021-01-08 22:00:00,2021-01-11 08:00:00,1.22148,1.219,1.22498,1.21448,0.2159,24.8,53.54,53.54,10,time_exit,27.59152,0.00233,-2.08141,0.04361,,2021
EURUSD,-1,2021-01-13 03:00:00,2021-01-13 13:00:00,1.22078,1.21649,1.22292,1.21649,0.3552,42.9,152.22,152.22,10,take_profit,25.12097,0.00143,1.71461,-2.89431,,2021
EURUSD,-1,2021-01-18 07:00:00,2021-01-18 17:00:00,1.20702,1.20748,1.20891,1.20324,0.4111,-4.6,-18.91,-18.91,10,time_exit,37.18407,0.00126,-3.84057,-4.67186,london,2021
EURUSD,-1,2021-01-19 00:00:00,2021-01-19 02:00:00,1.20748,1.20902,1.20902,1.20439,0.5014,-15.4,-77.43,-77.43,2,stop_loss,28.47557,0.00103,-1.91294,-6.33728,,2021
EURUSD,1,2021-01-22 12:00:00,2021-01-22 22:00:00,1.21738,1.21683,1.21536,1.22141,0.3803,-5.5,-20.92,-20.92,10,time_exit,27.3579,0.00134,2.02094,0.02072,london,2021
EURUSD,1,2021-01-25 00:00:00,2021-01-25 10:00:00,1.21668,1.21732,1.21475,1.22053,0.3969,6.4,25.4,25.4,10,time_exit,24.66568,0.00128,1.21416,0.50461,,2021
EURUSD,-1,2021-01-25 20:00:00,2021-01-26 06:00:00,1.21446,1.21304,1.21652,1.21035,0.3729,14.2,52.95,52.95,10,time_exit,28.0063,0.00137,-0.84676,0.38155,new_york,2021
EURUSD,-1,2021-01-26 15:00:00,2021-01-26 16:00:00,1.21443,1.21637,1.21637,1.21055,0.3982,-19.4,-77.24,-77.24,1,stop_loss,34.66444,0.00129,-0.06527,-0.2505,london,2021
EURUSD,-1,2021-01-27 03:00:00,2021-01-27 11:00:00,1.21624,1.2128,1.21796,1.2128,0.4442,34.4,152.92,152.92,8,take_profit,17.58976,0.00115,0.97443,0.12368,,2021
EURUSD,-1,2021-01-28 05:00:00,2021-01-28 15:00:00,1.20943,1.21199,1.21199,1.20431,0.3046,-25.6,-77.99,-77.99,10,stop_loss,37.80693,0.00171,-1.97748,-0.87387,,2021
EURUSD,1,2021-01-29 21:00:00,2021-02-01 07:00:00,1.21296,1.21302,1.21053,1.21782,0.3177,0.6,1.91,1.9,10,time_exit,20.74494,0.00162,0.43695,-0.74751,new_york,2021
EURUSD,1,2021-02-02 02:00:00,2021-02-02 12:00:00,1.20678,1.20483,1.20483,1.21067,0.3966,-19.5,-77.23,-77.23,10,stop_loss,30.49248,0.0013,-2.5203,-1.89738,,2021
EURUSD,1,2021-02-02 18:00:00,2021-02-03 04:00:00,1.20274,1.20466,1.20044,1.20734,0.3324,19.2,63.82,63.82,10,time_exit,25.10299,0.00153,-3.4288,-2.31918,new_york,2021
EURUSD,-1,2021-02-05 00:00:00,2021-02-05 10:00:00,1.19609,1.19775,1.19775,1.19278,0.4654,-16.6,-77.09,-77.09,10,stop_loss,50.92798,0.0011,-4.53422,-5.55738,,2021
EURUSD,1,2021-02-05 13:00:00,2021-02-05 15:00:00,1.1974,1.20048,1.19586,1.20048,0.4951,30.8,152.64,152.64,2,take_profit,43.30031,0.00103,-1.86216,-6.46525,london,2021
EURUSD,1,2021-02-08 03:00:00,2021-02-08 13:00:00,1.20325,1.20298,1.2013,1.20715,0.399,-2.7,-10.77,-10.77,10,time_exit,42.89124,0.0013,1.77026,-3.54725,,2021
EURUSD,1,2021-02-08 18:00:00,2021-02-09 04:00:00,1.20469,1.20798,1.20258,1.20892,0.3677,32.9,120.97,120.97,10,time_exit,29.9623,0.00141,1.76599,-2.20014,new_york,2021
EURUSD,-1,2021-02-11 03:00:00,2021-02-11 08:00:00,1.21143,1.21288,1.21288,1.20854,0.5464,-14.5,-78.96,-78.96,5,stop_loss,24.38408,0.00096,0.88276,3.07483,,2021
EURUSD,-1,2021-02-12 04:00:00,2021-02-12 10:00:00,1.21273,1.21027,1.21396,1.21027,0.636,24.6,156.33,156.33,6,take_profit,18.14894,0.00082,0.83337,4.00294,,2021
EURUSD,-1,2021-02-12 23:00:00,2021-02-15 05:00:00,1.21184,1.2135,1.2135,1.20852,0.4801,-16.6,-79.72,-79.72,6,stop_loss,15.36617,0.00111,0.10475,2.25104,,2021
EURUSD,1,2021-02-15 07:00:00,2021-02-15 17:00:00,1.2132,1.21314,1.21182,1.21596,0.5715,-0.6,-3.43,-3.43,10,time_exit,12.30194,0.00092,1.32901,2.69876,london,2021
EURUSD,1,2021-02-16 18:00:00,2021-02-17 01:00:00,1.21193,1.20982,1.20982,1.21615,0.3742,-21.1,-78.89,-78.89,7,stop_loss,22.68394,0.00141,-0.88286,1.76752,new_york,2021
EURUSD,-1,2021-02-17 10:00:00,2021-02-17 15:00:00,1.20741,1.20418,1.20902,1.20418,0.4842,32.3,156.21,156.21,5,take_profit,30.69916,0.00108,-3.7744,0.86253,london,2021
EURUSD,1,2021-02-18 07:00:00,2021-02-18 10:00:00,1.20372,1.20673,1.20221,1.20673,0.5289,30.1,159.33,159.33,3,take_profit,50.92075,0.001,-3.79888,-1.88694,london,2021
EURUSD,1,2021-02-19 08:00:00,2021-02-19 10:00:00,1.20943,1.21231,1.20799,1.21231,0.5646,28.8,162.53,162.53,2,take_profit,19.77642,0.00096,1.54923,-1.20334,london,2021
EURUSD,1,2021-02-19 13:00:00,2021-02-19 16:00:00,1.21432,1.21256,1.21256,1.21785,0.4696,-17.6,-82.88,-82.89,3,stop_loss,30.10419,0.00118,4.7264,-0.43024,london,2021
EURUSD,1,2021-02-22 04:00:00,2021-02-22 09:00:00,1.21266,1.21088,1.21088,1.21622,0.4615,-17.8,-82.06,-82.06,5,stop_loss,28.73628,0.00119,1.8889,0.60151,,2021
EURUSD,1,2021-02-23 22:00:00,2021-02-24 08:00:00,1.21442,1.2157,1.2123,1.21866,0.3833,12.8,49.06,49.06,10,time_exit,16.41168,0.00141,0.11014,1.96926,,2021
EURUSD,-1,2021-02-24 19:00:00,2021-02-24 22:00:00,1.21418,1.21649,1.21649,1.20955,0.3531,-23.1,-81.73,-81.73,3,stop_loss,21.95265,0.00154,-0.31725,1.62699,new_york,2021
EURUSD,-1,2021-02-26 00:00:00,2021-02-26 10:00:00,1.21707,1.21496,1.22002,1.21117,0.2745,21.1,57.92,57.92,10,time_exit,28.81496,0.00197,-0.02188,2.00888,,2021
EURUSD,-1,2021-02-26 13:00:00,2021-02-26 23:00:00,1.2114,1.20736,1.21436,1.20549,0.2755,40.4,111.3,111.3,10,time_exit,30.73909,0.00197,-2.6672,1.34869,london,2021
EURUSD,-1,2021-03-01 00:00:00,2021-03-01 02:00:00,1.207,1.2101,1.2101,1.2008,0.2663,-31.0,-82.59,-82.59,2,stop_loss,41.40589,0.00207,-3.28034,0.28226,,2021
EURUSD,1,2021-03-01 04:00:00,2021-03-01 10:00:00,1.20842,1.20557,1.20557,1.21412,0.2867,-28.5,-81.77,-81.77,6,stop_loss,39.14305,0.0019,-2.5741,-0.02495,,2021
EURUSD,1,2021-03-02 07:00:00,2021-03-02 10:00:00,1.20209,1.20003,1.20003,1.2062,0.3938,-20.6,-80.96,-80.96,3,stop_loss,37.36948,0.00137,-4.00936,-2.76877,london,2021
EURUSD,-1,2021-03-02 13:00:00,2021-03-02 16:00:00,1.20237,1.20458,1.20458,1.19794,0.3619,-22.1,-80.15,-80.15,3,stop_loss,42.45306,0.00148,-2.63611,-3.07253,london,2021
EURUSD,1,2021-03-03 00:00:00,2021-03-03 10:00:00,1.20906,1.20755,1.207,1.21317,0.386,-15.1,-58.29,-58.29,10,time_exit,32.55971,0.00137,1.91935,-2.86786,,2021
EURUSD,1,2021-03-04 15:00:00,2021-03-04 19:00:00,1.20322,1.2012,1.2012,1.20727,0.3891,-20.2,-78.76,-78.76,4,stop_loss,22.16048,0.00135,-2.09548,-2.25491,london,2021
EURUSD,-1,2021-03-05 04:00:00,2021-03-05 14:00:00,1.19606,1.19353,1.19843,1.19132,0.3288,25.3,83.19,83.18,10,time_exit,42.15546,0.00158,-4.46019,-3.01219,,2021
EURUSD,-1,2021-03-08 02:00:00,2021-03-08 10:00:00,1.19263,1.18781,1.19504,1.18781,0.327,48.2,157.6,157.6,8,take_profit,55.82147,0.00161,-2.70453,-4.94352,,2021
EURUSD,1,2021-03-09 04:00:00,2021-03-09 09:00:00,1.18384,1.18791,1.18181,1.18791,0.3951,40.7,160.76,160.76,5,take_profit,50.00414,0.00136,-4.77053,-7.77573,,2021
EURUSD,1,2021-03-10 10:00:00,2021-03-10 16:00:00,1.18842,1.19179,1.18673,1.19179,0.4864,33.7,163.99,163.99,6,take_profit,22.10957,0.00112,-0.65016,-7.57989,london,2021
EURUSD,1,2021-03-15 10:00:00,2021-03-15 17:00:00,1.1935,1.19159,1.19159,1.19731,0.4385,-19.1,-83.63,-83.64,7,stop_loss,15.39137,0.00127,-0.71117,-1.2483,london,2021
EURUSD,1,2021-03-15 23:00:00,2021-03-16 09:00:00,1.19297,1.19295,1.19089,1.19713,0.398,-0.2,-0.8,-0.8,10,time_exit,23.86094,0.00139,-0.49481,-1.38732,,2021
EURUSD,1,2021-03-17 16:00:00,2021-03-17 21:00:00,1.19116,1.19485,1.18931,1.19485,0.4486,36.9,165.58,165.57,5,take_profit,27.48811,0.00123,-0.1951,-2.19123,new_york,2021
EURUSD,-1,2021-03-22 02:00:00,2021-03-22 11:00:00,1.18846,1.19061,1.19061,1.18417,0.3937,-21.5,-84.45,-84.46,9,stop_loss,13.75133,0.00143,-2.08011,-1.32934,,2021
EURUSD,-1,2021-03-24 10:00:00,2021-03-24 11:00:00,1.1847,1.18161,1.18624,1.18161,0.5417,30.9,167.19,167.19,1,take_profit,45.74231,0.00103,-3.3323,-3.2319,london,2021
EURUSD,1,2021-03-25 03:00:00,2021-03-25 13:00:00,1.1813,1.18141,1.17966,1.18459,0.519,1.1,5.71,5.71,10,time_exit,45.00399,0.0011,-3.55897,-4.40781,,2021
EURUSD,1,2021-03-26 07:00:00,2021-03-26 17:00:00,1.17812,1.17902,1.17652,1.18132,0.5328,9.0,47.95,47.95,10,time_exit,39.70571,0.00107,-2.66826,-6.02546,london,2021
EURUSD,-1,2021-03-30 02:00:00,2021-03-30 10:00:00,1.17677,1.17335,1.17848,1.17335,0.5011,34.2,171.6,171.6,8,take_profit,20.96282,0.00114,-1.38207,-5.06245,,2021
EURUSD,-1,2021-04-01 12:00:00,2021-04-01 13:00:00,1.17277,1.17463,1.17463,1.16904,0.4694,-18.6,-87.53,-87.53,1,stop_loss,16.27352,0.00124,-0.55377,-4.67956,london,2021
EURUSD,-1,2021-04-01 13:00:00,2021-04-01 16:00:00,1.17399,1.17594,1.17594,1.1701,0.4451,-19.5,-86.66,-86.66,3,stop_loss,15.7545,0.0013,0.39349,-4.4255,london,2021
EURUSD,-1,2021-04-02 02:00:00,2021-04-02 12:00:00,1.17802,1.17789,1.17978,1.1745,0.4879,1.3,6.34,6.34,10,time_exit,25.46957,0.00117,2.789,-3.52951,,2021
EURUSD,-1,2021-04-02 19:00:00,2021-04-05 05:00:00,1.17597,1.17664,1.17762,1.17267,0.5196,-6.7,-34.81,-34.82,10,time_exit,24.95028,0.0011,-0.02759,-2.40299,new_york,2021
EURUSD,1,2021-04-05 08:00:00,2021-04-05 10:00:00,1.17591,1.17459,1.17459,1.17855,0.6484,-13.2,-85.5,-85.5,2,stop_loss,17.72805,0.00088,-0.27128,-2.5232,london,2021
EURUSD,1,2021-04-05 11:00:00,2021-04-05 15:00:00,1.17427,1.17701,1.1729,1.17701,0.6185,27.4,169.3,169.29,4,take_profit,21.0654,0.00091,-1.87653,-2.49398,london,2021
EURUSD,-1,2021-04-06 02:00:00,2021-04-06 12:00:00,1.18143,1.18127,1.18287,1.17854,0.5981,1.6,9.57,9.57,10,time_exit,34.73621,0.00096,3.96665,-0.83477,,2021
EURUSD,1,2021-04-07 17:00:00,2021-04-07 21:00:00,1.18916,1.18739,1.18739,1.19269,0.4894,-17.7,-86.43,-86.43,4,stop_loss,49.26991,0.00118,4.05231,3.19747,new_york,2021
EURUSD,1,2021-04-07 23:00:00,2021-04-08 09:00:00,1.18722,1.18815,1.18529,1.19108,0.4438,9.3,41.27,41.27,10,time_exit,44.02784,0.00129,1.57999,3.20827,,2021
EURUSD,1,2021-04-08 12:00:00,2021-04-08 13:00:00,1.18813,1.18659,1.18659,1.1912,0.5594,-15.4,-85.98,-85.98,1,stop_loss,21.84434,0.00102,2.00854,4.14238,london,2021
EURUSD,1,2021-04-09 04:00:00,2021-04-09 06:00:00,1.1919,1.19037,1.19037,1.19497,0.5546,-15.3,-85.12,-85.12,2,stop_loss,32.50262,0.00102,3.61377,4.99585,,2021
EURUSD,1,2021-04-09 15:00:00,2021-04-09 16:00:00,1.18951,1.18784,1.18784,1.19285,0.5047,-16.7,-84.28,-84.28,1,stop_loss,23.65349,0.00111,0.72506,4.42542,london,2021
EURUSD,1,2021-04-13 00:00:00,2021-04-13 06:00:00,1.19102,1.18936,1.18936,1.19433,0.5037,-16.6,-83.43,-83.43,6,stop_loss,14.9733,0.0011,1.30702,3.81332,,2021
EURUSD,-1,2021-04-13 15:00:00,2021-04-13 16:00:00,1.18963,1.19122,1.19122,1.18645,0.5202,-15.9,-82.6,-82.6,1,stop_loss,15.9533,0.00106,-0.10069,3.4348,london,2021
EURUSD,1,2021-04-14 03:00:00,2021-04-14 13:00:00,1.19541,1.19532,1.19376,1.19872,0.4945,-0.9,-4.45,-4.45,10,time_exit,31.58089,0.0011,3.53458,4.05559,,2021
EURUSD,-1,2021-04-16 00:00:00,2021-04-16 10:00:00,1.19616,1.19801,1.19801,1.19245,0.441,-18.5,-81.73,-81.73,10,stop_loss,21.38951,0.00124,0.36791,4.477,,2021
EURUSD,1,2021-04-16 14:00:00,2021-04-19 00:00:00,1.19888,1.19731,1.19697,1.20269,0.4246,-15.7,-66.66,-66.66,10,time_exit,18.62505,0.00127,1.87046,3.97504,london,2021
EURUSD,-1,2021-04-19 05:00:00,2021-04-19 08:00:00,1.1944,1.19603,1.19603,1.19115,0.4932,-16.3,-80.24,-80.24,3,stop_loss,22.80652,0.00108,-2.28765,4.23388,,2021
EURUSD,1,2021-04-19 12:00:00,2021-04-19 22:00:00,1.2025,1.20374,1.20049,1.20652,0.3952,12.4,49.0,49.0,10,time_exit,25.18897,0.00134,3.96546,3.36765,london,2021
EURUSD,-1,2021-04-20 16:00:00,2021-04-20 17:00:00,1.20346,1.2055,1.2055,1.19939,0.3927,-20.4,-79.93,-79.94,1,stop_loss,39.73134,0.00136,0.8366,4.97088,new_york,2021
EURUSD,1,2021-04-21 22:00:00,2021-04-22 08:00:00,1.2029,1.20338,1.20115,1.20639,0.4533,4.8,21.76,21.76,10,time_exit,17.67927,0.00116,0.35586,4.34239,,2021
EURUSD,1,2021-04-22 13:00:00,2021-04-22 16:00:00,1.20419,1.20256,1.20256,1.20745,0.487,-16.3,-79.34,-79.34,3,stop_loss,14.8944,0.00109,1.04588,4.36783,london,2021
EURUSD,1,2021-04-23 15:00:00,2021-04-23 21:00:00,1.20582,1.20904,1.20421,1.20904,0.4886,32.2,157.11,157.11,6,take_profit,21.70062,0.00107,2.44865,3.53861,london,2021
EURUSD,1,2021-04-26 19:00:00,2021-04-27 05:00:00,1.20829,1.20658,1.20644,1.21199,0.4325,-17.1,-73.96,-73.96,10,time_exit,26.63021,0.00123,0.94243,4.35452,new_york,2021
EURUSD,1,2021-04-27 16:00:00,2021-04-28 02:00:00,1.20818,1.20893,1.20648,1.21158,0.467,7.5,35.03,35.02,10,time_exit,21.14915,0.00113,0.637,4.03555,new_york,2021
EURUSD,-1,2021-04-28 13:00:00,2021-04-28 17:00:00,1.20664,1.20814,1.20814,1.20364,0.5323,-15.0,-79.72,-79.73,4,stop_loss,20.27534,0.001,-1.00424,3.81835,london,2021
EURUSD,1,2021-04-29 00:00:00,2021-04-29 10:00:00,1.21223,1.21158,1.20981,1.21707,0.3262,-6.5,-21.2,-21.2,10,time_exit,24.74498,0.00161,2.63976,2.42325,,2021
EURUSD,1,2021-04-29 12:00:00,2021-04-29 22:00:00,1.21156,1.21289,1.20961,1.21547,0.403,13.3,53.6,53.6,10,time_exit,26.50451,0.0013,1.13965,3.61066,london,2021
EURUSD,1,2021-04-30 17:00:00,2021-04-30 18:00:00,1.2075,1.20587,1.20587,1.21075,0.4874,-16.3,-79.25,-79.25,1,stop_loss,30.04561,0.00108,-2.81801,3.45403,new_york,2021
EURUSD,1,2021-04-30 19:00:00,2021-05-03 00:00:00,1.203,1.20096,1.20096,1.20709,0.3841,-20.4,-78.47,-78.48,5,stop_loss,36.96087,0.00136,-5.14563,2.39668,new_york,2021
EURUSD,-1,2021-05-03 01:00:00,2021-05-03 11:00:00,1.20235,1.20431,1.20431,1.19843,0.396,-19.6,-77.68,-77.68,10,stop_loss,53.46227,0.00131,-4.61281,1.43526,,2021
EURUSD,1,2021-05-03 13:00:00,2021-05-03 23:00:00,1.20512,1.20631,1.20334,1.20868,0.4315,11.9,51.35,51.35,10,time_exit,54.25656,0.00119,-1.06894,0.24014,london,2021
EURUSD,-1,2021-05-06 08:00:00,2021-05-06 09:00:00,1.20023,1.20165,1.20165,1.1974,0.5469,-14.2,-77.41,-77.41,1,stop_loss,23.77267,0.00094,-1.30203,-2.77135,london,2021
EURUSD,1,2021-05-06 20:00:00,2021-05-07 06:00:00,1.20497,1.20679,1.20312,1.20867,0.4138,18.2,75.31,75.31,10,time_exit,35.86372,0.00123,1.94282,-1.23205,new_york,2021
EURUSD,-1,2021-05-07 08:00:00,2021-05-07 10:00:00,1.20639,1.20771,1.20771,1.20376,0.588,-13.2,-77.4,-77.4,2,stop_loss,40.96973,0.00088,2.71474,-0.39043,london,2021
EURUSD,1,2021-05-10 00:00:00,2021-05-10 10:00:00,1.21596,1.21482,1.2134,1.22108,0.299,-11.4,-34.09,-34.09,10,time_exit,54.57877,0.00171,4.91438,1.46337,,2021
EURUSD,-1,2021-05-12 04:00:00,2021-05-12 14:00:00,1.21382,1.21185,1.21552,1.21042,0.4484,19.7,88.33,88.33,10,time_exit,14.62861,0.00113,-0.45251,4.2977,,2021
EURUSD,1,2021-05-12 15:00:00,2021-05-12 16:00:00,1.21187,1.21013,1.21013,1.21534,0.4446,-17.4,-77.16,-77.17,1,stop_loss,19.51388,0.00116,-1.65082,3.42368,london,2021
EURUSD,1,2021-05-13 03:00:00,2021-05-13 11:00:00,1.20778,1.20553,1.20553,1.21229,0.3388,-22.5,-76.38,-76.38,8,stop_loss,38.83319,0.0015,-2.50507,1.29378,,2021
EURUSD,-1,2021-05-17 05:00:00,2021-05-17 11:00:00,1.21326,1.21495,1.21495,1.20988,0.447,-16.9,-75.64,-75.64,6,stop_loss,36.04442,0.00113,1.57746,1.38214,,2021
EURUSD,-1,2021-05-18 14:00:00,2021-05-18 15:00:00,1.22077,1.22244,1.22244,1.21743,0.4479,-16.7,-74.87,-74.88,1,stop_loss,38.3153,0.00111,4.90408,3.26727,london,2021
EURUSD,-1,2021-05-18 19:00:00,2021-05-18 20:00:00,1.2202,1.22212,1.22212,1.21635,0.3851,-19.2,-74.13,-74.13,1,stop_loss,41.96989,0.00128,2.96224,3.32711,new_york,2021
EURUSD,1,2021-05-19 01:00:00,2021-05-19 11:00:00,1.22246,1.22083,1.22083,1.22572,0.4502,-16.3,-73.39,-73.39,10,stop_loss,40.16974,0.00109,4.38969,4.55755,,2021
EURUSD,1,2021-05-21 13:00:00,2021-05-21 14:00:00,1.22261,1.22096,1.22096,1.22592,0.4395,-16.5,-72.64,-72.65,1,stop_loss,29.54157,0.0011,1.33788,4.19675,london,2021
EURUSD,1,2021-05-24 02:00:00,2021-05-24 12:00:00,1.21792,1.22117,1.21588,1.222,0.3524,32.5,114.53,114.53,10,time_exit,27.78011,0.00136,-1.56603,2.40368,,2021
EURUSD,1,2021-05-25 19:00:00,2021-05-26 05:00:00,1.22328,1.22499,1.22136,1.22712,0.3808,17.1,65.12,65.11,10,time_exit,26.72378,0.00128,0.81837,2.89302,new_york,2021
EURUSD,-1,2021-05-26 06:00:00,2021-05-26 15:00:00,1.22498,1.2218,1.22657,1.2218,0.4634,31.8,147.44,147.44,9,take_profit,22.71635,0.00106,1.72494,3.74467,,2021
EURUSD,-1,2021-05-26 22:00:00,2021-05-27 08:00:00,1.2193,1.21956,1.22129,1.21531,0.3771,-2.6,-9.8,-9.81,10,time_exit,27.10832,0.00133,-2.6737,2.35315,,2021
EURUSD,-1,2021-05-27 10:00:00,2021-05-27 11:00:00,1.21985,1.22143,1.22143,1.21668,0.4739,-15.8,-75.09,-75.09,1,stop_loss,34.51116,0.00106,-1.57184,1.71292,london,2021
EURUSD,-1,2021-05-27 13:00:00,2021-05-27 23:00:00,1.21933,1.21945,1.22122,1.21556,0.394,-1.2,-4.73,-4.73,10,time_exit,32.94182,0.00126,-1.52025,1.25586,london,2021
EURUSD,-1,2021-05-28 20:00:00,2021-05-31 06:00:00,1.22006,1.2199,1.22243,1.21532,0.3138,1.6,5.02,5.02,10,time_exit,20.32586,0.00158,0.49576,-0.07644,new_york,2021
EURUSD,-1,2021-06-01 09:00:00,2021-06-01 10:00:00,1.22249,1.22376,1.22376,1.21996,0.5874,-12.7,-74.35,-74.35,1,stop_loss,22.83885,0.00084,1.71948,1.31214,london,2021
EURUSD,-1,2021-06-04 10:00:00,2021-06-04 15:00:00,1.2113,1.2127,1.2127,1.2085,0.5266,-14.0,-73.6,-73.6,5,stop_loss,42.66133,0.00093,-5.22061,-3.01333,london,2021
EURUSD,-1,2021-06-04 22:00:00,2021-06-07 08:00:00,1.21652,1.2158,1.21852,1.21253,0.365,7.2,26.28,26.28,10,time_exit,41.1966,0.00133,0.66039,-2.13916,,2021
EURUSD,1,2021-06-07 19:00:00,2021-06-08 05:00:00,1.21985,1.21831,1.21794,1.22368,0.3821,-15.4,-58.84,-58.85,10,time_exit,27.84682,0.00128,2.7672,-1.44076,new_york,2021
EURUSD,-1,2021-06-08 22:00:00,2021-06-09 08:00:00,1.21798,1.21779,1.21936,1.21522,0.5262,1.9,10.0,10.0,10,time_exit,15.74315,0.00092,0.46543,-0.69552,,2021
EURUSD,1,2021-06-09 23:00:00,2021-06-10 07:00:00,1.21772,1.21633,1.21633,1.22051,0.5209,-13.9,-72.65,-72.65,8,stop_loss,24.26753,0.00093,-0.34056,-0.16507,,2021
EURUSD,1,2021-06-11 09:00:00,2021-06-11 11:00:00,1.21881,1.21737,1.21737,1.2217,0.4982,-14.4,-71.92,-71.92,2,stop_loss,18.6073,0.00096,1.06554,-0.26025,london,2021
EURUSD,-1,2021-06-15 09:00:00,2021-06-15 10:00:00,1.21277,1.21383,1.21383,1.21065,0.6716,-10.6,-71.19,-71.19,1,stop_loss,14.73481,0.00071,-0.00346,-4.14883,london,2021
EURUSD,-1,2021-06-18 03:00:00,2021-06-18 13:00:00,1.19131,1.19158,1.19363,1.18667,0.3037,-2.7,-8.2,-8.2,10,time_exit,59.67187,0.00155,-5.46497,-6.39183,,2021
EURUSD,-1,2021-06-18 16:00:00,2021-06-21 02:00:00,1.18877,1.18704,1.19132,1.18367,0.2763,17.3,47.8,47.8,10,time_exit,48.22435,0.0017,-4.37888,-6.58347,new_york,2021
EURUSD,1,2021-06-22 22:00:00,2021-06-23 08:00:00,1.19357,1.19267,1.19153,1.19765,0.3472,-9.0,-31.25,-31.25,10,time_exit,20.89252,0.00136,1.93494,-6.64871,,2021
EURUSD,-1,2021-06-23 15:00:00,2021-06-23 16:00:00,1.19411,1.19589,1.19589,1.19055,0.3968,-17.8,-70.56,-70.57,1,stop_loss,19.22689,0.00119,1.67055,-5.73976,london,2021
EURUSD,1,2021-06-23 22:00:00,2021-06-24 08:00:00,1.19292,1.1923,1.19102,1.19672,0.3676,-6.2,-22.79,-22.79,10,time_exit,20.73727,0.00127,0.17617,-4.67549,,2021
EURUSD,1,2021-06-25 07:00:00,2021-06-25 16:00:00,1.19401,1.19672,1.19265,1.19672,0.5138,27.1,139.28,139.28,9,take_profit,12.80373,0.0009,0.96454,-4.39763,london,2021
EURUSD,1,2021-06-25 19:00:00,2021-06-28 05:00:00,1.19396,1.19216,1.19216,1.19756,0.3944,-18.0,-71.02,-71.02,10,stop_loss,21.72825,0.0012,0.16423,-2.56583,new_york,2021
EURUSD,1,2021-06-28 09:00:00,2021-06-28 14:00:00,1.19264,1.1913,1.1913,1.19531,0.5262,-13.4,-70.32,-70.32,5,stop_loss,14.66125,0.00089,-1.03542,-3.20884,london,2021
EURUSD,1,2021-06-29 02:00:00,2021-06-29 06:00:00,1.19249,1.19091,1.19091,1.19564,0.4418,-15.8,-69.61,-69.61,4,stop_loss,13.39678,0.00105,-0.6158,-2.54809,,2021
EURUSD,1,2021-06-29 21:00:00,2021-06-30 07:00:00,1.18969,1.18997,1.18785,1.19337,0.3748,2.8,10.49,10.49,10,time_exit,23.51823,0.00123,-1.67796,-2.59129,new_york,2021
EURUSD,-1,2021-06-30 22:00:00,2021-07-01 08:00:00,1.18478,1.18435,1.18661,1.18111,0.3762,4.3,16.18,16.17,10,time_exit,30.26565,0.00122,-3.89826,-3.26253,,2021
EURUSD,-1,2021-07-01 09:00:00,2021-07-01 10:00:00,1.18435,1.1857,1.1857,1.18166,0.5142,-13.5,-69.19,-69.19,1,stop_loss,39.10971,0.0009,-4.07685,-5.19788,london,2021
EURUSD,1,2021-07-01 16:00:00,2021-07-01 17:00:00,1.18785,1.18614,1.18614,1.19126,0.4015,-17.1,-68.5,-68.5,1,stop_loss,31.96592,0.00114,0.24433,-4.10778,new_york,2021
EURUSD,-1,2021-07-02 01:00:00,2021-07-02 11:00:00,1.18497,1.18278,1.18661,1.1817,0.4145,21.9,90.78,90.77,10,time_exit,23.09991,0.00109,-1.74733,-4.36409,,2021
EURUSD,1,2021-07-05 09:00:00,2021-07-05 19:00:00,1.18532,1.18678,1.18376,1.18844,0.4401,14.6,64.25,64.25,10,time_exit,21.11564,0.00104,-0.22882,-4.05025,london,2021
EURUSD,-1,2021-07-06 21:00:00,2021-07-07 07:00:00,1.18233,1.18237,1.18422,1.17855,0.3674,-0.4,-1.47,-1.47,10,time_exit,27.45572,0.00126,-2.40977,-2.53721,new_york,2021
EURUSD,-1,2021-07-08 01:00:00,2021-07-08 10:00:00,1.17938,1.18121,1.18121,1.17573,0.3797,-18.3,-69.34,-69.34,9,stop_loss,23.61577,0.00122,-2.62887,-3.4884,,2021
EURUSD,1,2021-07-08 10:00:00,2021-07-08 12:00:00,1.17973,1.18279,1.1782,1.18279,0.4484,30.6,137.3,137.3,2,take_profit,19.31957,0.00102,-1.87597,-4.4636,london,2021
EURUSD,-1,2021-07-09 07:00:00,2021-07-09 12:00:00,1.18393,1.18545,1.18545,1.18088,0.4596,-15.2,-70.02,-70.02,5,stop_loss,27.0055,0.00102,0.84639,-2.68698,london,2021
EURUSD,-1,2021-07-09 15:00:00,2021-07-09 17:00:00,1.18558,1.18727,1.18727,1.1822,0.4103,-16.9,-69.33,-69.33,2,stop_loss,23.15447,0.00113,1.93589,-2.02188,london,2021
EURUSD,1,2021-07-13 00:00:00,2021-07-13 10:00:00,1.18608,1.18515,1.18452,1.1892,0.4403,-9.3,-40.95,-40.95,10,time_exit,17.57324,0.00104,0.42812,-0.32498,,2021
EURUSD,1,2021-07-13 21:00:00,2021-07-14 07:00:00,1.17878,1.17837,1.17645,1.18344,0.2929,-4.1,-12.01,-12.01,10,time_exit,35.59174,0.00155,-3.72805,-0.65542,new_york,2021
EURUSD,-1,2021-07-15 08:00:00,2021-07-15 09:00:00,1.18309,1.18442,1.18442,1.18043,0.5129,-13.3,-68.1,-68.11,1,stop_loss,27.4886,0.00089,0.97099,-2.21542,london,2021
EURUSD,-1,2021-07-15 09:00:00,2021-07-15 14:00:00,1.1842,1.18147,1.18557,1.18147,0.4932,27.3,134.83,134.83,5,take_profit,27.54688,0.00091,2.07655,-2.06741,london,2021
EURUSD,1,2021-07-16 06:00:00,2021-07-16 14:00:00,1.18079,1.17941,1.17941,1.18355,0.4986,-13.8,-68.77,-68.77,8,stop_loss,23.25751,0.00092,-1.09326,-2.06219,,2021
EURUSD,1,2021-07-19 13:00:00,2021-07-19 15:00:00,1.1779,1.17639,1.17639,1.18091,0.4518,-15.1,-68.08,-68.09,2,stop_loss,26.60887,0.001,-2.70235,-2.15438,london,2021
EURUSD,1,2021-07-20 05:00:00,2021-07-20 08:00:00,1.17973,1.17819,1.17819,1.18282,0.4363,-15.4,-67.41,-67.41,3,stop_loss,14.04636,0.00103,-0.38334,-2.12756,,2021
EURUSD,1,2021-07-20 12:00:00,2021-07-20 15:00:00,1.1788,1.17725,1.17725,1.1819,0.4306,-15.5,-66.73,-66.73,3,stop_loss,12.22045,0.00103,-0.94539,-2.22262,london,2021
EURUSD,-1,2021-07-23 20:00:00,2021-07-26 06:00:00,1.17683,1.17787,1.17859,1.1733,0.3747,-10.4,-38.97,-38.97,10,time_exit,6.76362,0.00118,-0.71585,-1.80122,new_york,2021
EURUSD,-1,2021-07-26 12:00:00,2021-07-26 16:00:00,1.1784,1.17999,1.17999,1.17522,0.4127,-15.9,-65.67,-65.67,4,stop_loss,10.10276,0.00106,0.75386,-1.73904,london,2021
EURUSD,-1,2021-07-26 21:00:00,2021-07-27 07:00:00,1.18107,1.18023,1.18277,1.17767,0.3824,8.4,32.12,32.12,10,time_exit,20.64942,0.00113,2.35583,-0.98479,new_york,2021
EURUSD,-1,2021-07-29 01:00:00,2021-07-29 10:00:00,1.18444,1.18675,1.18675,1.17982,0.2825,-23.1,-65.32,-65.32,9,stop_loss,19.95833,0.00154,2.08587,0.63646,,2021
EURUSD,-1,2021-07-30 22:00:00,2021-07-30 23:00:00,1.18562,1.18734,1.18734,1.18218,0.3765,-17.2,-64.69,-64.69,1,stop_loss,20.31655,0.00115,-0.89042,3.26604,,2021
EURUSD,-1,2021-08-03 23:00:00,2021-08-04 09:00:00,1.18664,1.18788,1.18812,1.18368,0.4331,-12.4,-53.7,-53.71,10,time_exit,18.06254,0.00099,-0.65662,2.65633,,2021
EURUSD,-1,2021-08-05 15:00:00,2021-08-06 01:00:00,1.18552,1.18323,1.1871,1.18236,0.4019,22.9,92.04,92.03,10,time_exit,21.81069,0.00105,0.25675,0.4338,london,2021
EURUSD,1,2021-08-06 15:00:00,2021-08-06 16:00:00,1.18074,1.17946,1.17946,1.1833,0.5031,-12.8,-64.42,-64.42,1,stop_loss,30.08649,0.00085,-3.34698,-0.94061,london,2021
EURUSD,-1,2021-08-06 21:00:00,2021-08-09 07:00:00,1.17602,1.17633,1.17762,1.17281,0.3978,-3.1,-12.33,-12.33,10,time_exit,47.56775,0.00107,-5.66149,-1.72738,new_york,2021
EURUSD,-1,2021-08-09 07:00:00,2021-08-09 17:00:00,1.17591,1.17444,1.17729,1.17316,0.4621,14.7,67.93,67.93,10,time_exit,50.58367,0.00092,-4.37518,-3.46512,london,2021
EURUSD,-1,2021-08-10 11:00:00,2021-08-10 21:00:00,1.17316,1.17225,1.17434,1.1708,0.546,9.1,49.69,49.68,10,time_exit,39.11114,0.00079,-3.80759,-6.20028,london,2021
EURUSD,1,2021-08-12 01:00:00,2021-08-12 11:00:00,1.17409,1.17469,1.17272,1.17682,0.4745,6.0,28.47,28.47,10,time_exit,38.06067,0.00091,0.59228,-5.32335,,2021
EURUSD,-1,2021-08-16 07:00:00,2021-08-16 14:00:00,1.17901,1.1769,1.18006,1.1769,0.6182,21.1,130.22,130.22,7,take_profit,46.37695,0.0007,3.70319,-1.21855,london,2021
EURUSD,-1,2021-08-17 13:00:00,2021-08-17 15:00:00,1.17717,1.1747,1.1784,1.1747,0.5386,24.7,132.81,132.81,2,take_profit,16.22411,0.00082,-0.02481,-0.21095,london,2021
EURUSD,1,2021-08-18 06:00:00,2021-08-18 14:00:00,1.17197,1.17063,1.17063,1.17465,0.5056,-13.4,-67.73,-67.74,8,stop_loss,42.57946,0.00089,-2.94975,-2.16428,,2021
EURUSD,-1,2021-08-24 07:00:00,2021-08-24 15:00:00,1.17378,1.175,1.175,1.17135,0.5509,-12.2,-67.06,-67.06,8,stop_loss,33.15782,0.00081,2.09449,-1.08249,london,2021
EURUSD,1,2021-08-26 06:00:00,2021-08-26 15:00:00,1.17649,1.17529,1.17529,1.17889,0.5525,-12.0,-66.39,-66.4,9,stop_loss,18.45504,0.0008,1.91174,1.47997,,2021
EURUSD,1,2021-08-27 20:00:00,2021-08-30 06:00:00,1.18007,1.18042,1.17791,1.1844,0.3038,3.5,10.63,10.63,10,time_exit,12.47422,0.00144,2.78444,1.05316,new_york,2021
EURUSD,1,2021-08-31 05:00:00,2021-08-31 08:00:00,1.18035,1.18265,1.1792,1.18265,0.5735,23.0,131.66,131.66,3,take_profit,13.43845,0.00077,1.95177,3.68413,,2021
EURUSD,-1,2021-09-01 17:00:00,2021-09-02 03:00:00,1.18439,1.1845,1.18601,1.18116,0.4156,-1.1,-4.57,-4.57,10,time_exit,21.13876,0.00108,3.27621,2.94989,new_york,2021
EURUSD,-1,2021-09-03 02:00:00,2021-09-03 12:00:00,1.18745,1.18703,1.18861,1.18513,0.5781,4.2,24.28,24.28,10,time_exit,40.01253,0.00077,4.01346,5.82348,,2021
EURUSD,-1,2021-09-06 06:00:00,2021-09-06 16:00:00,1.18741,1.18676,1.18875,1.18473,0.5028,6.5,32.68,32.68,10,time_exit,32.10883,0.00089,0.62217,5.61387,,2021
EURUSD,1,2021-09-07 00:00:00,2021-09-07 10:00:00,1.187,1.18764,1.18601,1.18899,0.6804,6.4,43.55,43.54,10,time_exit,17.52085,0.00066,0.34117,6.24407,,2021
EURUSD,-1,2021-09-08 23:00:00,2021-09-09 09:00:00,1.18177,1.18158,1.18323,1.17886,0.4675,1.9,8.88,8.88,10,time_exit,30.12416,0.00097,-2.45686,0.87323,,2021
EURUSD,1,2021-09-10 04:00:00,2021-09-10 11:00:00,1.18242,1.18498,1.18114,1.18498,0.533,25.6,136.4,136.39,7,take_profit,14.37835,0.00085,-0.6391,-0.12873,,2021
EURUSD,-1,2021-09-13 15:00:00,2021-09-13 16:00:00,1.1774,1.17872,1.17872,1.17476,0.5278,-13.2,-69.56,-69.56,1,stop_loss,35.22057,0.00088,-4.38888,-1.45165,london,2021
EURUSD,-1,2021-09-13 17:00:00,2021-09-13 18:00:00,1.18003,1.18152,1.18152,1.17705,0.4622,-14.9,-68.87,-68.87,1,stop_loss,33.79105,0.00099,-1.10071,-1.37968,new_york,2021
EURUSD,1,2021-09-15 05:00:00,2021-09-15 15:00:00,1.18084,1.18115,1.17943,1.18366,0.4831,3.1,14.98,14.97,10,time_exit,14.32393,0.00094,-0.3736,-0.95858,,2021
EURUSD,-1,2021-09-20 04:00:00,2021-09-20 14:00:00,1.17237,1.17054,1.17369,1.16973,0.5172,18.3,94.65,94.65,10,time_exit,39.68253,0.00088,-4.44762,-3.93483,,2021
EURUSD,-1,2021-09-21 13:00:00,2021-09-21 23:00:00,1.17372,1.17256,1.17503,1.1711,0.5286,11.6,61.32,61.32,10,time_exit,18.57634,0.00087,0.15113,-4.70109,london,2021
EURUSD,1,2021-09-22 02:00:00,2021-09-22 12:00:00,1.17244,1.17286,1.17115,1.17503,0.5402,4.2,22.69,22.69,10,time_exit,16.46683,0.00086,-0.99986,-4.40404,,2021
EURUSD,1,2021-09-23 03:00:00,2021-09-23 10:00:00,1.16873,1.17245,1.16687,1.17245,0.3769,37.2,140.22,140.21,7,take_profit,27.59305,0.00124,-2.84449,-2.96886,,2021
EURUSD,1,2021-09-24 16:00:00,2021-09-27 02:00:00,1.17067,1.17227,1.1692,1.17362,0.4853,16.0,77.65,77.65,10,time_exit,20.63108,0.00098,-2.29184,-2.12819,new_york,2021
EURUSD,-1,2021-09-27 06:00:00,2021-09-27 11:00:00,1.17188,1.1692,1.17322,1.1692,0.5404,26.8,144.58,144.58,5,take_profit,21.84333,0.00089,-0.62875,-2.40827,,2021
EURUSD,-1,2021-09-27 11:00:00,2021-09-27 14:00:00,1.16946,1.17085,1.17085,1.16668,0.5312,-13.9,-73.74,-73.74,3,stop_loss,24.07162,0.00093,-3.00894,-2.36444,london,2021
EURUSD,-1,2021-09-27 23:00:00,2021-09-28 09:00:00,1.16983,1.16764,1.17137,1.16676,0.4753,21.9,104.09,104.09,10,time_exit,31.00553,0.00102,-1.51419,-2.47378,,2021
EURUSD,1,2021-09-29 12:00:00,2021-09-29 14:00:00,1.16637,1.1649,1.1649,1.1693,0.5048,-14.7,-74.05,-74.05,2,stop_loss,16.15315,0.00098,-2.61421,-3.35131,london,2021
EURUSD,-1,2021-09-30 00:00:00,2021-09-30 10:00:00,1.15982,1.16048,1.16167,1.15612,0.3962,-6.6,-26.15,-26.15,10,time_exit,48.68195,0.00123,-5.29335,-3.90599,,2021
EURUSD,-1,2021-09-30 17:00:00,2021-10-01 03:00:00,1.15854,1.15657,1.16046,1.1547,0.3804,19.7,74.94,74.94,10,time_exit,55.34707,0.00128,-3.47561,-4.9384,new_york,2021
EURUSD,-1,2021-10-01 11:00:00,2021-10-01 14:00:00,1.15789,1.15958,1.15958,1.1545,0.4358,-16.9,-73.79,-73.79,3,stop_loss,39.8448,0.00113,-2.14925,-6.27271,london,2021
EURUSD,1,2021-10-01 16:00:00,2021-10-01 17:00:00,1.16038,1.15864,1.15864,1.16386,0.4199,-17.4,-73.05,-73.05,1,stop_loss,32.34397,0.00116,0.27441,-5.96531,new_york,2021
EURUSD,1,2021-10-04 10:00:00,2021-10-04 15:00:00,1.16068,1.16355,1.15925,1.16355,0.5048,28.7,144.63,144.63,5,take_profit,15.6907,0.00096,0.75056,-6.12674,london,2021
EURUSD,1,2021-10-04 20:00:00,2021-10-05 04:00:00,1.1619,1.16031,1.16031,1.16508,0.4637,-15.9,-73.76,-73.76,8,stop_loss,23.14324,0.00106,1.15192,-4.50304,new_york,2021
EURUSD,1,2021-10-05 16:00:00,2021-10-05 17:00:00,1.16002,1.15867,1.15867,1.16273,0.5394,-13.5,-73.02,-73.03,1,stop_loss,19.64827,0.0009,-0.60488,-4.44465,new_york,2021
EURUSD,1,2021-10-05 18:00:00,2021-10-06 04:00:00,1.15925,1.1591,1.15777,1.1622,0.4894,-1.5,-7.34,-7.34,10,time_exit,22.61996,0.00098,-1.26297,-4.06229,new_york,2021
EURUSD,1,2021-10-06 05:00:00,2021-10-06 09:00:00,1.1591,1.15781,1.15781,1.16168,0.5603,-12.9,-72.22,-72.23,4,stop_loss,17.62716,0.00086,-1.32754,-4.37551,,2021
EURUSD,-1,2021-10-07 00:00:00,2021-10-07 10:00:00,1.15574,1.15688,1.15725,1.15271,0.4724,-11.4,-53.85,-53.86,10,time_exit,37.80815,0.00101,-2.05314,-4.79705,,2021
EURUSD,1,2021-10-07 23:00:00,2021-10-08 09:00:00,1.15539,1.15459,1.154,1.15816,0.5117,-8.0,-40.94,-40.94,10,time_exit,16.03596,0.00092,-1.25254,-4.98052,,2021
EURUSD,1,2021-10-08 10:00:00,2021-10-08 12:00:00,1.15459,1.15691,1.15343,1.15691,0.6078,23.2,141.12,141.11,2,take_profit,16.2266,0.00077,-1.94289,-5.76869,london,2021
EURUSD,-1,2021-10-11 02:00:00,2021-10-11 09:00:00,1.15695,1.1584,1.1584,1.15404,0.4955,-14.5,-71.97,-71.97,7,stop_loss,22.78776,0.00097,0.53895,-3.68806,,2021
EURUSD,1,2021-10-11 13:00:00,2021-10-11 23:00:00,1.15554,1.15535,1.15407,1.15847,0.4859,-1.9,-9.23,-9.23,10,time_exit,23.38709,0.00098,-1.15501,-3.09322,london,2021
EURUSD,-1,2021-10-15 11:00:00,2021-10-15 21:00:00,1.16118,1.16055,1.16237,1.15879,0.5964,6.3,37.57,37.57,10,time_exit,21.90392,0.0008,2.65772,0.72514,london,2021
EURUSD,-1,2021-10-18 14:00:00,2021-10-18 15:00:00,1.15908,1.16062,1.16062,1.156,0.4643,-15.4,-71.53,-71.53,1,stop_loss,16.65863,0.00103,-0.05412,0.4159,london,2021
EURUSD,-1,2021-10-18 18:00:00,2021-10-18 19:00:00,1.16015,1.16184,1.16184,1.15678,0.4201,-16.9,-70.82,-70.82,1,stop_loss,18.13864,0.00112,0.83222,0.45637,new_york,2021
EURUSD,-1,2021-10-19 15:00:00,2021-10-20 01:00:00,1.16568,1.16353,1.16722,1.16261,0.4561,21.5,98.06,98.06,10,time_exit,44.44172,0.00102,3.74911,2.14342,london,2021
EURUSD,1,2021-10-20 03:00:00,2021-10-20 10:00:00,1.16313,1.16174,1.16174,1.16591,0.5114,-13.9,-71.08,-71.08,7,stop_loss,24.77993,0.00093,0.59518,2.65028,,2021
EURUSD,-1,2021-10-22 11:00:00,2021-10-22 18:00:00,1.16422,1.16536,1.16536,1.16194,0.6172,-11.4,-70.37,-70.37,7,stop_loss,26.60157,0.00076,0.86498,2.38461,london,2021
EURUSD,-1,2021-10-25 13:00:00,2021-10-25 23:00:00,1.16268,1.16104,1.16453,1.15898,0.3762,16.4,61.7,61.69,10,time_exit,14.34357,0.00123,-1.16947,1.43813,london,2021
EURUSD,-1,2021-10-26 18:00:00,2021-10-27 04:00:00,1.15932,1.15988,1.16097,1.15602,0.4254,-5.6,-23.82,-23.82,10,time_exit,31.18918,0.0011,-2.31368,-0.0924,new_york,2021
EURUSD,-1,2021-10-28 01:00:00,2021-10-28 11:00:00,1.16016,1.15899,1.16165,1.15718,0.4708,11.7,55.08,55.08,10,time_exit,13.6176,0.00099,-0.52965,-0.79175,,2021
EURUSD,-1,2021-10-29 17:00:00,2021-10-29 18:00:00,1.16194,1.15796,1.16393,1.15796,0.3552,39.8,141.2,141.19,1,take_profit,26.41277,0.00133,-1.74073,1.31288,new_york,2021
EURUSD,1,2021-11-01 09:00:00,2021-11-01 19:00:00,1.15634,1.15919,1.15457,1.15989,0.4061,28.5,115.74,115.74,10,time_exit,45.53788,0.00118,-3.24761,-1.10541,london,2021
EURUSD,-1,2021-11-03 10:00:00,2021-11-03 12:00:00,1.15827,1.15939,1.15939,1.15603,0.6527,-11.2,-73.17,-73.18,2,stop_loss,19.10286,0.00075,-0.97215,-1.9849,london,2021
EURUSD,1,2021-11-03 21:00:00,2021-11-03 22:00:00,1.15833,1.1613,1.15685,1.1613,0.488,29.7,144.87,144.87,1,take_profit,18.60289,0.00099,-0.43339,-1.50759,new_york,2021
EURUSD,1,2021-11-05 08:00:00,2021-11-05 12:00:00,1.15576,1.15432,1.15432,1.15865,0.5118,-14.4,-73.89,-73.89,4,stop_loss,29.38827,0.00096,-1.19038,-2.45184,london,2021
EURUSD,-1,2021-11-08 09:00:00,2021-11-08 14:00:00,1.15636,1.1579,1.1579,1.15327,0.4741,-15.4,-73.15,-73.16,5,stop_loss,14.05011,0.00103,0.38498,-2.35449,london,2021
EURUSD,-1,2021-11-09 06:00:00,2021-11-09 07:00:00,1.15853,1.15993,1.15993,1.15573,0.5168,-14.0,-72.42,-72.42,1,stop_loss,11.41452,0.00093,1.43322,-1.19567,,2021
EURUSD,1,2021-11-10 05:00:00,2021-11-10 09:00:00,1.15853,1.1571,1.1571,1.16138,0.5025,-14.3,-71.7,-71.7,4,stop_loss,8.20031,0.00095,0.17291,-0.12305,,2021
EURUSD,-1,2021-11-16 10:00:00,2021-11-16 16:00:00,1.13797,1.13464,1.13963,1.13464,0.4268,33.3,141.94,141.94,6,take_profit,47.70434,0.00111,-3.60783,-6.9171,london,2021
EURUSD,-1,2021-11-17 01:00:00,2021-11-17 05:00:00,1.13217,1.12823,1.13414,1.12823,0.3673,39.4,144.8,144.8,4,take_profit,58.25219,0.00131,-4.72389,-6.9544,,2021
EURUSD,1,2021-11-17 18:00:00,2021-11-18 04:00:00,1.13078,1.13343,1.12825,1.13584,0.2919,26.5,77.35,77.35,10,time_exit,51.5572,0.00169,-2.35009,-6.03297,new_york,2021
EURUSD,-1,2021-11-19 13:00:00,2021-11-19 14:00:00,1.13009,1.12615,1.13206,1.12615,0.3787,39.4,149.25,149.25,1,take_profit,24.29215,0.00131,-3.23573,-5.15193,london,2021
EURUSD,1,2021-11-19 18:00:00,2021-11-19 20:00:00,1.13178,1.12892,1.12892,1.1375,0.2661,-28.6,-76.11,-76.12,2,stop_loss,33.59832,0.00191,-0.87221,-3.72619,new_york,2021
EURUSD,-1,2021-11-24 01:00:00,2021-11-24 11:00:00,1.12493,1.12132,1.12674,1.12132,0.417,36.1,150.69,150.69,10,take_profit,17.81383,0.0012,-1.1265,-6.68686,,2021
EURUSD,-1,2021-11-25 00:00:00,2021-11-25 05:00:00,1.11966,1.12162,1.12162,1.11574,0.3922,-19.6,-76.85,-76.85,5,stop_loss,39.15827,0.00131,-2.52649,-6.41208,,2021
EURUSD,1,2021-11-25 07:00:00,2021-11-25 17:00:00,1.12143,1.12099,1.1199,1.12448,0.4986,-4.4,-21.94,-21.94,10,time_exit,30.11032,0.00102,-1.31031,-8.09946,london,2021
EURUSD,1,2021-11-26 02:00:00,2021-11-26 09:00:00,1.12093,1.12331,1.11974,1.12331,0.6369,23.8,151.73,151.73,7,take_profit,13.40016,0.00079,-1.33181,-9.25427,,2021
EURUSD,-1,2021-11-26 20:00:00,2021-11-26 23:00:00,1.13039,1.13288,1.13288,1.1254,0.3102,-24.9,-77.38,-77.39,3,stop_loss,52.12954,0.00166,3.61442,-2.67126,new_york,2021
EURUSD,-1,2021-11-29 17:00:00,2021-11-29 23:00:00,1.12609,1.12823,1.12823,1.1218,0.3573,-21.4,-76.6,-76.61,6,stop_loss,26.85781,0.00143,-0.36592,-1.49281,new_york,2021
EURUSD,1,2021-11-30 13:00:00,2021-11-30 14:00:00,1.13623,1.13413,1.13413,1.14042,0.362,-21.0,-75.84,-75.85,1,stop_loss,34.8038,0.0014,5.26922,-0.10193,london,2021
EURUSD,-1,2021-12-01 15:00:00,2021-12-01 16:00:00,1.13136,1.13429,1.13429,1.1255,0.2563,-29.3,-75.09,-75.09,1,stop_loss,12.38056,0.00195,-0.01194,0.74958,london,2021
EURUSD,-1,2021-12-02 04:00:00,2021-12-02 19:00:00,1.13282,1.13024,1.13507,1.12832,0.3307,25.8,85.32,85.32,10,time_exit,9.62884,0.0015,0.69755,1.05304,,2021
EURUSD,1,2021-12-02 20:00:00,2021-12-03 06:00:00,1.13024,1.12976,1.128,1.13473,0.3352,-4.8,-16.09,-16.09,10,time_exit,10.23537,0.0015,-1.05953,0.96464,new_york,2021
EURUSD,1,2021-12-06 00:00:00,2021-12-06 09:00:00,1.13043,1.128,1.128,1.13529,0.3088,-24.3,-75.02,-75.02,9,stop_loss,14.01884,0.00162,0.15728,0.26243,,2021
EURUSD,1,2021-12-06 10:00:00,2021-12-06 20:00:00,1.12752,1.1283,1.12574,1.13108,0.4167,7.8,32.5,32.5,10,time_exit,13.33091,0.00119,-2.2271,-0.02921,london,2021
EURUSD,-1,2021-12-07 16:00:00,2021-12-07 21:00:00,1.12402,1.12599,1.12599,1.12007,0.3779,-19.7,-74.6,-74.61,5,stop_loss,20.24983,0.00132,-3.45263,-0.84459,new_york,2021
EURUSD,-1,2021-12-08 05:00:00,2021-12-08 15:00:00,1.12912,1.13074,1.13074,1.12588,0.4561,-16.2,-73.86,-73.86,10,stop_loss,20.79051,0.00108,1.2945,-1.42542,,2021
EURUSD,-1,2021-12-08 19:00:00,2021-12-08 22:00:00,1.13285,1.13524,1.13524,1.12807,0.306,-23.9,-73.13,-73.13,3,stop_loss,27.98339,0.00159,2.6349,-0.418,new_york,2021
EURUSD,-1,2021-12-09 09:00:00,2021-12-09 17:00:00,1.13281,1.12973,1.13435,1.12973,0.4696,30.8,144.77,144.76,8,take_profit,32.77474,0.00103,1.85293,0.93111,london,2021
EURUSD,-1,2021-12-10 00:00:00,2021-12-10 10:00:00,1.1293,1.12859,1.13098,1.12594,0.4396,7.1,31.21,31.21,10,time_exit,33.24494,0.00112,-1.12475,0.50932,,2021
EURUSD,-1,2021-12-10 21:00:00,2021-12-13 07:00:00,1.13152,1.12973,1.13365,1.12726,0.3483,17.9,62.35,62.34,10,time_exit,31.58086,0.00142,1.12343,0.04628,new_york,2021
EURUSD,-1,2021-12-13 23:00:00,2021-12-14 09:00:00,1.12838,1.12708,1.13029,1.12456,0.3913,13.0,50.87,50.87,10,time_exit,17.00793,0.00127,-0.71719,-0.2938,,2021
EURUSD,1,2021-12-14 09:00:00,2021-12-14 12:00:00,1.12774,1.13065,1.12628,1.13065,0.5165,29.1,150.55,150.55,3,take_profit,17.27304,0.00097,-1.17239,-0.67619,london,2021
EURUSD,-1,2021-12-14 15:00:00,2021-12-14 17:00:00,1.13097,1.12751,1.1327,1.12751,0.4433,34.6,153.58,153.58,2,take_profit,21.0395,0.00115,1.55677,-0.37248,london,2021
EURUSD,1,2021-12-16 17:00:00,2021-12-17 03:00:00,1.13269,1.13211,1.12997,1.13812,0.2884,-5.8,-16.73,-16.73,10,time_exit,19.74421,0.00181,2.0766,-0.03541,new_york,2021
EURUSD,1,2021-12-17 17:00:00,2021-12-17 18:00:00,1.13067,1.12832,1.12832,1.13538,0.3321,-23.5,-78.15,-78.16,1,stop_loss,17.79488,0.00157,-0.30282,0.87751,new_york,2021
EURUSD,-1,2021-12-20 22:00:00,2021-12-21 08:00:00,1.12742,1.12783,1.12951,1.12323,0.3695,-4.1,-15.15,-15.15,10,time_exit,21.84466,0.0014,-0.4861,-0.59205,,2021
EURUSD,-1,2021-12-22 02:00:00,2021-12-22 12:00:00,1.12876,1.12929,1.13044,1.1254,0.4593,-5.3,-24.34,-24.34,10,time_exit,13.83468,0.00112,0.53011,-0.53842,,2021
EURUSD,-1,2021-12-27 03:00:00,2021-12-27 10:00:00,1.13178,1.13334,1.13334,1.12866,0.4931,-15.6,-76.97,-76.98,7,stop_loss,16.42923,0.00104,-0.21249,1.62375,,2021
EURUSD,-1,2021-12-27 11:00:00,2021-12-27 16:00:00,1.13125,1.13277,1.13277,1.12821,0.5013,-15.2,-76.21,-76.21,5,stop_loss,13.04236,0.00101,-0.75063,1.51736,london,2021
EURUSD,-1,2021-12-28 11:00:00,2021-12-28 16:00:00,1.13232,1.12974,1.13361,1.12974,0.5849,25.8,150.89,150.89,5,take_profit,11.56354,0.00086,0.12619,1.59348,london,2021
EURUSD,1,2021-12-28 17:00:00,2021-12-29 03:00:00,1.13066,1.13002,1.12916,1.13367,0.5116,-6.4,-32.74,-32.74,10,time_exit,12.98451,0.001,-1.61467,1.31922,new_york,2021
EURUSD,-1,2021-12-29 05:00:00,2021-12-29 11:00:00,1.1307,1.12746,1.13232,1.12746,0.4732,32.4,153.25,153.24,6,take_profit,22.78477,0.00108,-0.88927,0.68394,,2021
EURUSD,1,2021-12-30 19:00:00,2021-12-31 05:00:00,1.13168,1.1316,1.1291,1.13685,0.3025,-0.8,-2.42,-2.42,10,time_exit,16.64966,0.00172,-0.38824,0.55628,new_york,2021
EURUSD,1,2022-01-03 14:00:00,2022-01-03 16:00:00,1.13557,1.13344,1.13344,1.13982,0.3676,-21.3,-78.13,-78.14,2,stop_loss,16.6603,0.00142,1.15223,1.2215,london,2022
EURUSD,-1,2022-01-05 06:00:00,2022-01-05 12:00:00,1.12958,1.13136,1.13136,1.12602,0.434,-17.8,-77.35,-77.35,6,stop_loss,12.28425,0.00119,-0.48338,-0.96286,,2022
EURUSD,1,2022-01-05 18:00:00,2022-01-05 21:00:00,1.1337,1.13172,1.13172,1.13765,0.3876,-19.8,-76.58,-76.58,3,stop_loss,26.97527,0.00132,2.40761,-0.54675,new_york,2022
EURUSD,1,2022-01-11 21:00:00,2022-01-12 07:00:00,1.13668,1.13733,1.13459,1.14086,0.3624,6.5,23.56,23.55,10,time_exit,13.18172,0.00139,2.39455,0.86833,new_york,2022
EURUSD,-1,2022-01-12 08:00:00,2022-01-12 15:00:00,1.13732,1.13872,1.13872,1.13453,0.5445,-14.0,-76.05,-76.06,7,stop_loss,26.287,0.00093,2.88063,2.16839,london,2022
EURUSD,-1,2022-01-12 16:00:00,2022-01-12 18:00:00,1.14099,1.14295,1.14295,1.13707,0.3845,-19.6,-75.28,-75.28,2,stop_loss,20.34706,0.00131,4.37515,1.77982,new_york,2022
EURUSD,1,2022-01-13 02:00:00,2022-01-13 10:00:00,1.14395,1.14742,1.14222,1.14742,0.4298,34.7,149.07,149.07,8,take_profit,41.03557,0.00116,5.07723,3.55254,,2022
EURUSD,1,2022-01-13 20:00:00,2022-01-14 06:00:00,1.14614,1.14738,1.14406,1.15029,0.366,12.4,45.38,45.38,10,time_exit,43.67837,0.00138,2.96534,4.42863,new_york,2022
EURUSD,-1,2022-01-17 16:00:00,2022-01-18 02:00:00,1.14016,1.14187,1.14202,1.13643,0.4106,-17.1,-70.21,-70.21,10,time_exit,29.11728,0.00124,-1.92748,3.21746,new_york,2022
EURUSD,-1,2022-01-19 12:00:00,2022-01-19 18:00:00,1.13399,1.13567,1.13567,1.13064,0.4518,-16.8,-75.78,-75.78,6,stop_loss,47.73994,0.00112,-2.35479,-1.09642,london,2022
EURUSD,1,2022-01-20 20:00:00,2022-01-20 22:00:00,1.13273,1.13061,1.13061,1.13697,0.3541,-21.2,-75.01,-75.01,2,stop_loss,17.67082,0.00141,-1.72571,-1.27922,new_york,2022
EURUSD,-1,2022-01-21 05:00:00,2022-01-21 15:00:00,1.13345,1.135,1.13543,1.12949,0.3746,-15.5,-58.06,-58.06,10,time_exit,21.48492,0.00132,-0.43421,-1.85524,,2022
EURUSD,-1,2022-01-21 15:00:00,2022-01-21 16:00:00,1.13378,1.1356,1.1356,1.13014,0.4045,-18.2,-73.68,-73.68,1,stop_loss,16.60199,0.00121,0.04816,-1.98352,london,2022
EURUSD,1,2022-01-26 00:00:00,2022-01-26 10:00:00,1.13015,1.12847,1.12847,1.13352,0.4332,-16.8,-72.95,-72.95,10,stop_loss,20.01222,0.00112,-0.54141,-2.9001,,2022
EURUSD,1,2022-01-27 01:00:00,2022-01-27 05:00:00,1.12407,1.12218,1.12218,1.12785,0.382,-18.9,-72.23,-72.23,4,stop_loss,25.18762,0.00126,-3.8844,-3.01377,,2022
EURUSD,1,2022-01-28 02:00:00,2022-01-28 10:00:00,1.11448,1.11258,1.11258,1.11828,0.3767,-19.0,-71.5,-71.5,8,stop_loss,71.37495,0.00127,-5.53094,-6.30958,,2022
EURUSD,1,2022-01-31 13:00:00,2022-01-31 14:00:00,1.11676,1.11503,1.11503,1.12021,0.4101,-17.3,-70.78,-70.78,1,stop_loss,26.50316,0.00115,-0.23773,-7.16745,london,2022
EURUSD,-1,2022-01-31 16:00:00,2022-01-31 17:00:00,1.11931,1.12143,1.12143,1.11507,0.3308,-21.2,-70.07,-70.07,1,stop_loss,24.18472,0.00141,1.61488,-5.66872,new_york,2022
EURUSD,1,2022-02-02 12:00:00,2022-02-02 14:00:00,1.12933,1.13265,1.12767,1.13265,0.4183,33.2,138.75,138.75,2,take_profit,37.44901,0.00111,4.29208,-0.5485,london,2022
EURUSD,-1,2022-02-02 15:00:00,2022-02-03 01:00:00,1.1325,1.12995,1.13435,1.1288,0.383,25.5,97.67,97.66,10,time_exit,42.02782,0.00123,5.77241,0.00504,london,2022
EURUSD,1,2022-02-03 14:00:00,2022-02-03 15:00:00,1.12801,1.13103,1.1265,1.13103,0.4748,30.2,143.48,143.48,1,take_profit,21.09768,0.00101,0.03333,1.68676,london,2022
EURUSD,1,2022-02-04 00:00:00,2022-02-04 10:00:00,1.14361,1.14603,1.14064,1.14956,0.2461,24.2,59.56,59.55,10,time_exit,45.99355,0.00198,5.82253,2.35235,,2022
EURUSD,-1,2022-02-08 21:00:00,2022-02-09 07:00:00,1.14226,1.14223,1.14442,1.13795,0.3423,0.3,1.03,1.02,10,time_exit,14.82266,0.00144,0.02075,4.58546,new_york,2022
EURUSD,1,2022-02-09 19:00:00,2022-02-10 02:00:00,1.14344,1.14153,1.14153,1.14727,0.3857,-19.1,-73.78,-73.78,7,stop_loss,13.64542,0.00128,0.75845,4.2985,new_york,2022
EURUSD,-1,2022-02-14 09:00:00,2022-02-14 17:00:00,1.13444,1.12943,1.13695,1.12943,0.2916,50.1,146.1,146.1,8,take_profit,32.0275,0.00167,-2.50585,0.2002,london,2022
EURUSD,1,2022-02-16 02:00:00,2022-02-16 12:00:00,1.13553,1.1381,1.13347,1.13966,0.3609,25.7,92.75,92.75,10,time_exit,14.04927,0.00138,0.69746,-1.41147,,2022
EURUSD,1,2022-02-18 21:00:00,2022-02-21 07:00:00,1.13301,1.13626,1.13092,1.1372,0.3603,32.5,117.1,117.1,10,time_exit,22.72202,0.0014,-2.00974,-0.41744,new_york,2022
EURUSD,1,2022-02-22 18:00:00,2022-02-23 04:00:00,1.13355,1.13226,1.13091,1.13883,0.29,-12.9,-37.41,-37.41,10,time_exit,25.52376,0.00176,0.08544,-1.03794,new_york,2022
EURUSD,1,2022-02-23 09:00:00,2022-02-23 19:00:00,1.13224,1.13125,1.13038,1.13596,0.4102,-9.9,-40.61,-40.61,10,time_exit,13.15958,0.00124,-0.72519,-1.40923,london,2022
EURUSD,-1,2022-02-23 23:00:00,2022-02-24 04:00:00,1.13052,1.12652,1.13252,1.12652,0.3787,40.0,151.65,151.65,5,take_profit,19.84229,0.00133,-1.86029,-1.22651,,2022
EURUSD,1,2022-02-24 21:00:00,2022-02-25 07:00:00,1.11908,1.12255,1.11469,1.12786,0.1763,34.7,61.18,61.17,10,time_exit,53.45085,0.00293,-2.30947,-2.1294,new_york,2022
EURUSD,-1,2022-02-25 13:00:00,2022-02-25 14:00:00,1.11803,1.12152,1.12152,1.11105,0.2234,-34.9,-77.96,-77.96,1,stop_loss,26.79858,0.00233,-2.17002,-3.10645,london,2022
EURUSD,-1,2022-02-28 00:00:00,2022-02-28 01:00:00,1.11255,1.11595,1.11595,1.10574,0.2267,-34.0,-77.19,-77.19,1,stop_loss,26.8646,0.00227,1.56534,-2.67534,,2022
EURUSD,1,2022-02-28 20:00:00,2022-03-01 06:00:00,1.1205,1.11965,1.11604,1.12943,0.1712,-8.5,-14.55,-14.55,10,time_exit,19.98142,0.00298,-0.21195,-2.2105,new_york,2022
EURUSD,1,2022-03-01 16:00:00,2022-03-01 17:00:00,1.11605,1.11287,1.11287,1.12241,0.2397,-31.8,-76.24,-76.24,1,stop_loss,15.53239,0.00212,-2.06143,-2.78788,new_york,2022
EURUSD,1,2022-03-02 17:00:00,2022-03-03 03:00:00,1.10935,1.10978,1.10601,1.11603,0.2259,4.3,9.71,9.71,10,time_exit,41.51012,0.00223,-2.3269,-3.80284,new_york,2022
EURUSD,1,2022-03-03 03:00:00,2022-03-03 13:00:00,1.11025,1.10868,1.10694,1.11686,0.2287,-15.7,-35.91,-35.91,10,time_exit,25.13627,0.0022,-1.44992,-3.8382,,2022
EURUSD,1,2022-03-03 13:00:00,2022-03-03 17:00:00,1.10866,1.10598,1.10598,1.11403,0.2802,-26.8,-75.23,-75.23,4,stop_loss,23.05732,0.00179,-1.95207,-4.78312,london,2022
EURUSD,-1,2022-03-04 13:00:00,2022-03-04 14:00:00,1.10012,1.09475,1.10281,1.09475,0.2773,53.7,148.95,148.95,1,take_profit,46.54315,0.00179,-3.90082,-5.66025,london,2022
EURUSD,-1,2022-03-07 09:00:00,2022-03-07 14:00:00,1.08736,1.0911,1.0911,1.07987,0.2029,-37.4,-75.98,-75.99,5,stop_loss,61.87959,0.0025,-4.06073,-5.93959,london,2022
EURUSD,1,2022-03-08 20:00:00,2022-03-08 23:00:00,1.09422,1.08948,1.08948,1.10369,0.1588,-47.4,-75.19,-75.2,3,stop_loss,21.1817,0.00316,1.2186,-4.63314,new_york,2022
EURUSD,1,2022-03-11 00:00:00,2022-03-11 10:00:00,1.09814,1.09781,1.09414,1.10613,0.1863,-3.3,-6.15,-6.15,10,time_exit,23.96135,0.00266,-0.54795,-1.09337,,2022
EURUSD,1,2022-03-11 22:00:00,2022-03-14 08:00:00,1.09093,1.09113,1.08694,1.09891,0.1864,2.0,3.73,3.73,10,time_exit,17.74033,0.00266,-2.82412,-1.38452,,2022
EURUSD,-1,2022-03-14 10:00:00,2022-03-14 11:00:00,1.09176,1.09465,1.09465,1.08597,0.2572,-28.9,-74.44,-74.44,1,stop_loss,18.42153,0.00193,-2.11858,-2.63327,london,2022
EURUSD,1,2022-03-15 02:00:00,2022-03-15 10:00:00,1.09362,1.10004,1.09041,1.10004,0.2296,64.2,147.4,147.39,8,take_profit,15.84839,0.00214,-0.99742,-2.07922,,2022
EURUSD,-1,2022-03-16 05:00:00,2022-03-16 11:00:00,1.09671,1.09947,1.09947,1.09119,0.2724,-27.6,-75.16,-75.16,6,stop_loss,14.3399,0.00184,0.11869,-1.59491,,2022
EURUSD,-1,2022-03-16 11:00:00,2022-03-16 12:00:00,1.09582,1.09825,1.09825,1.09096,0.3064,-24.3,-74.41,-74.41,1,stop_loss,12.835,0.00162,-0.4829,-1.65726,london,2022
EURUSD,-1,2022-03-17 23:00:00,2022-03-18 09:00:00,1.10986,1.10837,1.11306,1.10346,0.2303,14.9,34.31,34.31,10,time_exit,24.24256,0.00213,3.0975,1.15942,,2022
EURUSD,1,2022-03-18 15:00:00,2022-03-21 01:00:00,1.10226,1.10446,1.09955,1.10768,0.2731,22.0,60.08,60.08,10,time_exit,18.36944,0.00181,-1.6419,1.8956,london,2022
EURUSD,1,2022-03-21 03:00:00,2022-03-21 13:00:00,1.10426,1.10455,1.10176,1.10926,0.2987,2.9,8.66,8.66,10,time_exit,12.48046,0.00167,-0.41935,1.71484,,2022
EURUSD,1,2022-03-22 14:00:00,2022-03-23 00:00:00,1.10034,1.10299,1.09783,1.10535,0.298,26.5,78.97,78.97,10,time_exit,27.40407,0.00167,-1.16181,0.11823,london,2022
EURUSD,-1,2022-03-23 14:00:00,2022-03-24 00:00:00,1.10021,1.10058,1.10234,1.09596,0.355,-3.7,-13.13,-13.14,10,time_exit,16.35078,0.00142,-1.45712,0.09326,london,2022
EURUSD,1,2022-03-25 14:00:00,2022-03-25 16:00:00,1.10144,1.09944,1.09944,1.10544,0.3765,-20.0,-75.35,-75.35,2,stop_loss,20.18012,0.00133,0.49647,-0.43138,london,2022
EURUSD,1,2022-03-28 02:00:00,2022-03-28 04:00:00,1.09813,1.09619,1.09619,1.102,0.3855,-19.4,-74.6,-74.61,2,stop_loss,21.37692,0.00129,-1.60727,-0.71858,,2022
EURUSD,1,2022-03-30 18:00:00,2022-03-31 04:00:00,1.11626,1.11763,1.11293,1.12293,0.2216,13.7,30.36,30.36,10,time_exit,38.63845,0.00222,3.85497,2.1203,new_york,2022
EURUSD,1,2022-03-31 07:00:00,2022-03-31 11:00:00,1.11642,1.11418,1.11418,1.1209,0.3312,-22.4,-74.16,-74.17,4,stop_loss,37.20601,0.00149,3.52435,4.39473,london,2022
EURUSD,1,2022-04-01 16:00:00,2022-04-04 02:00:00,1.10441,1.10457,1.10168,1.10988,0.2685,1.6,4.3,4.29,10,time_exit,33.62441,0.00182,-2.30219,1.61286,new_york,2022
EURUSD,1,2022-04-04 23:00:00,2022-04-05 09:00:00,1.09698,1.09758,1.09495,1.10103,0.3624,6.0,21.74,21.74,10,time_exit,49.41804,0.00135,-4.83207,-0.897,,2022
EURUSD,1,2022-04-05 20:00:00,2022-04-06 06:00:00,1.09143,1.09005,1.08907,1.09614,0.3128,-13.8,-43.17,-43.17,10,time_exit,49.61142,0.00157,-5.04031,-2.42141,new_york,2022
EURUSD,-1,2022-04-07 07:00:00,2022-04-07 09:00:00,1.09073,1.09271,1.09271,1.08676,0.3691,-19.8,-73.24,-73.24,2,stop_loss,23.77736,0.00132,-1.50292,-5.06844,london,2022
EURUSD,1,2022-04-08 10:00:00,2022-04-08 16:00:00,1.08617,1.08406,1.08406,1.09039,0.344,-21.1,-72.5,-72.5,6,stop_loss,25.23565,0.00141,-2.433,-5.12606,london,2022
EURUSD,-1,2022-04-11 10:00:00,2022-04-11 11:00:00,1.08822,1.09058,1.09058,1.0835,0.3043,-23.6,-71.78,-71.78,1,stop_loss,13.71097,0.00157,-0.23866,-4.00207,london,2022
EURUSD,-1,2022-04-12 02:00:00,2022-04-12 12:00:00,1.08806,1.08737,1.09029,1.08361,0.3191,6.9,22.02,22.02,10,time_exit,12.00891,0.00148,-0.53334,-3.50837,,2022
EURUSD,-1,2022-04-12 18:00:00,2022-04-13 03:00:00,1.08728,1.08209,1.08988,1.08209,0.2746,51.9,142.58,142.58,9,take_profit,14.86641,0.00173,-0.46058,-2.87229,new_york,2022
EURUSD,-1,2022-04-13 07:00:00,2022-04-13 17:00:00,1.08374,1.08475,1.0858,1.07962,0.3532,-10.1,-35.67,-35.68,10,time_exit,22.71138,0.00137,-1.68676,-4.21355,london,2022
EURUSD,1,2022-04-18 16:00:00,2022-04-18 18:00:00,1.08051,1.07879,1.07879,1.08396,0.4196,-17.2,-72.36,-72.36,2,stop_loss,21.61266,0.00115,-0.86326,-4.61188,new_york,2022
EURUSD,-1,2022-04-19 09:00:00,2022-04-19 10:00:00,1.07744,1.07911,1.07911,1.0741,0.429,-16.7,-71.63,-71.63,1,stop_loss,26.23618,0.00111,-2.06297,-5.12643,london,2022
EURUSD,1,2022-04-19 12:00:00,2022-04-19 13:00:00,1.08107,1.0791,1.0791,1.085,0.3608,-19.7,-70.91,-70.91,1,stop_loss,24.4314,0.00131,1.01244,-4.21607,london,2022
EURUSD,-1,2022-04-20 10:00:00,2022-04-20 11:00:00,1.08134,1.08316,1.08316,1.0777,0.3857,-18.2,-70.21,-70.22,1,stop_loss,25.97482,0.00121,1.17669,-3.55577,london,2022
EURUSD,-1,2022-04-20 11:00:00,2022-04-20 12:00:00,1.08092,1.08273,1.08273,1.07729,0.3832,-18.1,-69.5,-69.5,1,stop_loss,26.00399,0.00121,0.82488,-3.50849,london,2022
EURUSD,-1,2022-04-21 17:00:00,2022-04-22 03:00:00,1.0872,1.08372,1.09022,1.08116,0.2277,34.8,79.24,79.24,10,time_exit,29.90473,0.00201,1.30768,-0.05409,new_york,2022
EURUSD,-1,2022-04-25 13:00:00,2022-04-25 23:00:00,1.07309,1.07117,1.07605,1.06716,0.2349,19.2,45.1,45.1,10,time_exit,26.44265,0.00198,-3.57318,-1.51664,london,2022
EURUSD,1,2022-04-26 06:00:00,2022-04-26 09:00:00,1.073,1.07069,1.07069,1.07762,0.3035,-23.1,-70.05,-70.06,3,stop_loss,32.37211,0.00154,-2.01456,-3.43886,,2022
EURUSD,-1,2022-04-27 15:00:00,2022-04-27 17:00:00,1.05846,1.05236,1.06151,1.05236,0.2274,61.0,138.72,138.72,2,take_profit,49.52337,0.00203,-4.4438,-4.59617,london,2022
EURUSD,1,2022-04-28 07:00:00,2022-04-28 15:00:00,1.05091,1.04801,1.04801,1.05671,0.2438,-29.0,-70.74,-70.74,8,stop_loss,60.97082,0.00193,-5.44299,-6.27582,london,2022
EURUSD,1,2022-04-29 00:00:00,2022-04-29 10:00:00,1.04977,1.05699,1.04616,1.05699,0.194,72.2,140.03,140.03,10,take_profit,47.22372,0.00241,-2.65306,-5.74662,,2022
EURUSD,-1,2022-04-29 19:00:00,2022-04-29 20:00:00,1.05404,1.05767,1.05767,1.04679,0.197,-36.3,-71.42,-71.42,1,stop_loss,26.1478,0.00242,-0.33107,-5.09631,new_york,2022
EURUSD,-1,2022-05-02 20:00:00,2022-05-03 06:00:00,1.05094,1.05185,1.05397,1.04489,0.2337,-9.1,-21.27,-21.27,10,time_exit,11.12433,0.00202,-1.32325,-5.18281,new_york,2022
EURUSD,-1,2022-05-03 10:00:00,2022-05-03 11:00:00,1.04977,1.05214,1.05214,1.04503,0.2972,-23.7,-70.5,-70.5,1,stop_loss,9.46778,0.00158,-1.66308,-6.26818,london,2022
EURUSD,-1,2022-05-03 23:00:00,2022-05-04 09:00:00,1.05252,1.05138,1.05564,1.04628,0.2238,11.4,25.51,25.51,10,time_exit,18.75478,0.00208,-0.03955,-4.12185,,2022
EURUSD,-1,2022-05-04 11:00:00,2022-05-04 15:00:00,1.05243,1.05471,1.05471,1.04788,0.3077,-22.8,-70.07,-70.07,4,stop_loss,17.46903,0.00152,0.02845,-5.10463,london,2022
EURUSD,-1,2022-05-05 23:00:00,2022-05-06 09:00:00,1.05507,1.04864,1.05875,1.04771,0.1886,64.3,121.27,121.27,10,time_exit,34.76744,0.00245,-0.25915,-1.42674,,2022
EURUSD,1,2022-05-06 18:00:00,2022-05-06 22:00:00,1.05817,1.05371,1.05371,1.06709,0.1583,-44.6,-70.57,-70.57,4,stop_loss,17.00158,0.00297,0.9972,-1.07142,new_york,2022
EURUSD,1,2022-05-09 21:00:00,2022-05-10 07:00:00,1.05583,1.05758,1.05233,1.06282,0.1999,17.5,34.98,34.98,10,time_exit,21.54206,0.00233,0.71939,-1.32282,new_york,2022
EURUSD,1,2022-05-11 00:00:00,2022-05-11 10:00:00,1.05266,1.05521,1.04996,1.05806,0.26,25.5,66.3,66.3,10,time_exit,14.33251,0.0018,-0.97396,-1.13966,,2022
EURUSD,1,2022-05-12 08:00:00,2022-05-12 09:00:00,1.05179,1.0494,1.0494,1.05657,0.2969,-23.9,-70.89,-70.89,1,stop_loss,20.23076,0.00159,-1.05852,-1.4715,london,2022
EURUSD,-1,2022-05-12 11:00:00,2022-05-12 14:00:00,1.04595,1.03993,1.04896,1.03993,0.233,60.2,140.34,140.34,3,take_profit,25.85576,0.00201,-3.48255,-1.32878,london,2022
EURUSD,-1,2022-05-13 00:00:00,2022-05-13 10:00:00,1.03794,1.04151,1.04151,1.03079,0.2003,-35.7,-71.58,-71.58,10,stop_loss,57.85666,0.00238,-3.9731,-2.61901,,2022
EURUSD,1,2022-05-16 03:00:00,2022-05-16 13:00:00,1.03986,1.04357,1.0373,1.04499,0.2763,37.1,102.51,102.51,10,time_exit,30.56813,0.00171,-1.38484,-4.73863,,2022
EURUSD,1,2022-05-17 03:00:00,2022-05-17 11:00:00,1.04392,1.04845,1.04166,1.04845,0.3175,45.3,143.75,143.74,8,take_profit,16.01008,0.00151,1.15606,-4.18368,,2022
EURUSD,-1,2022-05-18 01:00:00,2022-05-18 11:00:00,1.05508,1.04948,1.05788,1.04948,0.2617,56.0,146.64,146.64,10,take_profit,48.48615,0.00187,4.07239,-0.76387,,2022
EURUSD,-1,2022-05-19 00:00:00,2022-05-19 03:00:00,1.04636,1.04879,1.04879,1.04151,0.3083,-24.3,-74.79,-74.79,3,stop_loss,27.69024,0.00162,-2.08584,0.05379,,2022
EURUSD,-1,2022-05-23 10:00:00,2022-05-23 11:00:00,1.06061,1.06288,1.06288,1.05608,0.3266,-22.7,-74.03,-74.03,1,stop_loss,19.85917,0.00151,2.9333,2.6128,london,2022
EURUSD,1,2022-05-23 12:00:00,2022-05-23 22:00:00,1.0646,1.06868,1.06195,1.0699,0.2767,40.8,112.89,112.89,10,time_exit,22.90021,0.00177,4.49381,2.39275,london,2022
EURUSD,-1,2022-05-24 06:00:00,2022-05-24 09:00:00,1.06643,1.06878,1.06878,1.06173,0.317,-23.5,-74.42,-74.42,3,stop_loss,42.69983,0.00157,2.66015,4.69462,,2022
EURUSD,-1,2022-05-24 18:00:00,2022-05-25 04:00:00,1.07268,1.07122,1.07584,1.06637,0.2334,14.6,34.08,34.07,10,time_exit,49.33347,0.0021,3.45766,4.15574,new_york,2022
EURUSD,-1,2022-05-25 15:00:00,2022-05-25 17:00:00,1.066,1.06844,1.06844,1.06111,0.303,-24.4,-74.02,-74.03,2,stop_loss,36.38715,0.00163,-1.4178,5.48258,london,2022
EURUSD,-1,2022-05-25 20:00:00,2022-05-25 21:00:00,1.06547,1.06818,1.06818,1.06006,0.2707,-27.1,-73.28,-73.28,1,stop_loss,34.3844,0.0018,-1.35369,4.55031,new_york,2022
EURUSD,1,2022-05-26 00:00:00,2022-05-26 10:00:00,1.06808,1.06891,1.06535,1.07355,0.2654,8.3,22.03,22.03,10,time_exit,27.74913,0.00182,-0.02287,4.32912,,2022
EURUSD,-1,2022-05-27 03:00:00,2022-05-27 04:00:00,1.07328,1.07547,1.07547,1.0689,0.3323,-21.9,-72.77,-72.77,1,stop_loss,25.18063,0.00146,2.28193,5.06937,,2022
EURUSD,1,2022-05-27 14:00:00,2022-05-27 16:00:00,1.06986,1.07447,1.06756,1.07447,0.3127,46.1,144.09,144.09,2,take_profit,27.2651,0.00154,-0.93676,4.94196,london,2022
EURUSD,-1,2022-05-27 22:00:00,2022-05-30 07:00:00,1.07321,1.07592,1.07592,1.06779,0.2711,-27.1,-73.5,-73.5,9,stop_loss,20.05341,0.00181,0.97979,3.93762,,2022
EURUSD,-1,2022-05-30 17:00:00,2022-05-31 03:00:00,1.07713,1.07454,1.07958,1.07223,0.2969,25.9,76.9,76.9,10,time_exit,29.36937,0.00163,2.2654,4.44252,new_york,2022
EURUSD,1,2022-05-31 11:00:00,2022-05-31 13:00:00,1.07364,1.07164,1.07164,1.07764,0.3676,-20.0,-73.51,-73.51,2,stop_loss,26.926,0.00133,-0.82896,5.21056,london,2022
EURUSD,-1,2022-05-31 18:00:00,2022-05-31 21:00:00,1.07122,1.07448,1.07448,1.0647,0.2231,-32.6,-72.78,-72.78,3,stop_loss,37.41958,0.00217,-1.22201,2.66195,new_york,2022
EURUSD,-1,2022-06-01 16:00:00,2022-06-01 17:00:00,1.07262,1.06762,1.07512,1.06762,0.2885,50.0,144.11,144.11,1,take_profit,24.73947,0.00167,-0.21944,2.42485,new_york,2022
EURUSD,1,2022-06-02 00:00:00,2022-06-02 10:00:00,1.06453,1.06858,1.06174,1.07011,0.2633,40.5,106.64,106.63,10,time_exit,31.951,0.00186,-3.0765,1.23799,,2022
EURUSD,1,2022-06-02 13:00:00,2022-06-02 18:00:00,1.06886,1.07317,1.06671,1.07317,0.3462,43.1,149.13,149.13,5,take_profit,27.80321,0.00144,-0.22617,0.53431,london,2022
EURUSD,1,2022-06-03 00:00:00,2022-06-03 10:00:00,1.07461,1.07563,1.07241,1.079,0.3462,10.2,35.31,35.31,10,time_exit,40.3132,0.00146,2.87236,1.08107,,2022
EURUSD,1,2022-06-03 11:00:00,2022-06-03 13:00:00,1.07564,1.07391,1.07391,1.07911,0.4406,-17.3,-76.4,-76.41,2,stop_loss,45.964,0.00116,2.99362,2.30206,london,2022
EURUSD,-1,2022-06-06 03:00:00,2022-06-06 11:00:00,1.07256,1.07457,1.07457,1.06855,0.3772,-20.1,-75.65,-75.65,8,stop_loss,22.20707,0.00134,0.10417,1.80491,,2022
EURUSD,1,2022-06-07 03:00:00,2022-06-07 09:00:00,1.06897,1.06699,1.06699,1.07293,0.3786,-19.8,-74.89,-74.9,6,stop_loss,29.80681,0.00132,-2.0207,1.01392,,2022
EURUSD,1,2022-06-08 18:00:00,2022-06-09 04:00:00,1.07318,1.07115,1.07062,1.0783,0.2894,-20.3,-58.75,-58.75,10,time_exit,21.17031,0.00171,1.67286,0.15044,new_york,2022
EURUSD,1,2022-06-10 10:00:00,2022-06-10 12:00:00,1.06298,1.06074,1.06074,1.06746,0.3283,-22.4,-73.54,-73.54,2,stop_loss,27.84068,0.00149,-2.7669,-1.42419,london,2022
EURUSD,-1,2022-06-13 03:00:00,2022-06-13 13:00:00,1.0491,1.04687,1.05183,1.04363,0.2664,22.3,59.41,59.41,10,time_exit,48.14521,0.00182,-6.22744,-3.54058,,2022
EURUSD,1,2022-06-14 15:00:00,2022-06-14 17:00:00,1.04422,1.04098,1.04098,1.0507,0.2264,-32.4,-73.39,-73.39,2,stop_loss,31.8536,0.00216,-1.70382,-5.6418,london,2022
EURUSD,1,2022-06-15 00:00:00,2022-06-15 09:00:00,1.04155,1.04778,1.03843,1.04778,0.2331,62.3,145.33,145.33,9,take_profit,20.71606,0.00208,-2.10735,-5.97113,,2022
EURUSD,-1,2022-06-15 14:00:00,2022-06-15 15:00:00,1.04821,1.04093,1.05185,1.04093,0.2037,72.8,148.27,148.26,1,take_profit,21.46657,0.00243,0.9341,-4.48789,london,2022
EURUSD,-1,2022-06-20 06:00:00,2022-06-20 16:00:00,1.05185,1.05186,1.05491,1.04573,0.247,-0.1,-0.25,-0.25,10,time_exit,16.64534,0.00204,1.3678,-1.82614,,2022
EURUSD,-1,2022-06-21 14:00:00,2022-06-22 00:00:00,1.05522,1.05344,1.05765,1.05037,0.3115,17.8,55.45,55.45,10,time_exit,19.86207,0.00162,1.98011,-0.49108,london,2022
EURUSD,-1,2022-06-23 02:00:00,2022-06-23 10:00:00,1.05674,1.05172,1.05925,1.05172,0.3032,50.2,152.3,152.3,8,take_profit,24.09285,0.00167,1.77139,0.36977,,2022
EURUSD,1,2022-06-23 12:00:00,2022-06-23 22:00:00,1.04936,1.05272,1.04612,1.05583,0.24,33.6,80.64,80.64,10,time_exit,26.83331,0.00216,-2.28315,0.42153,london,2022
EURUSD,-1,2022-06-24 03:00:00,2022-06-24 12:00:00,1.05194,1.05488,1.05488,1.04605,0.2665,-29.4,-78.48,-78.48,9,stop_loss,19.69697,0.00196,-0.61644,0.00547,,2022
EURUSD,1,2022-06-27 18:00:00,2022-06-28 04:00:00,1.05969,1.05748,1.05701,1.06504,0.2905,-22.1,-64.2,-64.2,10,time_exit,23.08873,0.00178,2.41113,0.85019,new_york,2022
EURUSD,-1,2022-06-28 13:00:00,2022-06-28 15:00:00,1.05858,1.05409,1.06083,1.05409,0.3432,44.9,154.15,154.15,2,take_profit,19.9289,0.0015,1.11516,1.51876,london,2022
EURUSD,-1,2022-06-28 15:00:00,2022-06-28 17:00:00,1.05694,1.05228,1.05927,1.05228,0.3376,46.6,157.2,157.2,2,take_profit,18.47293,0.00155,-0.00353,1.45263,london,2022
EURUSD,1,2022-06-29 16:00:00,2022-06-29 17:00:00,1.05212,1.04943,1.04943,1.0575,0.2981,-26.9,-80.17,-80.17,1,stop_loss,28.40579,0.00179,-0.93194,-0.18613,new_york,2022
EURUSD,-1,2022-06-30 07:00:00,2022-06-30 13:00:00,1.0452,1.04078,1.04741,1.04078,0.3595,44.2,158.75,158.75,6,take_profit,42.83456,0.00147,-3.14105,-2.06813,london,2022
EURUSD,-1,2022-07-01 17:00:00,2022-07-01 21:00:00,1.03995,1.04302,1.04302,1.03381,0.2638,-30.7,-80.95,-80.95,4,stop_loss,21.05823,0.00205,-3.09687,-2.12048,new_york,2022
EURUSD,1,2022-07-04 00:00:00,2022-07-04 10:00:00,1.04193,1.04306,1.03886,1.04806,0.2613,11.3,29.53,29.52,10,time_exit,28.06169,0.00204,-1.27876,-2.40363,,2022
EURUSD,1,2022-07-05 08:00:00,2022-07-05 10:00:00,1.04378,1.04212,1.04212,1.04711,0.4834,-16.6,-80.45,-80.46,2,stop_loss,12.01667,0.00111,0.0458,-3.97439,london,2022
EURUSD,-1,2022-07-06 06:00:00,2022-07-06 13:00:00,1.02657,1.02149,1.02911,1.02149,0.3135,50.8,159.31,159.3,7,take_profit,52.76836,0.00169,-4.74094,-5.74267,,2022
EURUSD,1,2022-07-07 14:00:00,2022-07-07 18:00:00,1.01906,1.016,1.016,1.02517,0.2657,-30.6,-81.23,-81.23,4,stop_loss,26.93842,0.00204,-2.43721,-6.71526,london,2022
EURUSD,-1,2022-07-07 23:00:00,2022-07-08 09:00:00,1.01661,1.01603,1.01948,1.01087,0.2804,5.8,16.26,16.26,10,time_exit,27.74076,0.00191,-2.68837,-7.37444,,2022
EURUSD,1,2022-07-12 22:00:00,2022-07-13 08:00:00,1.00449,1.00372,1.0014,1.01068,0.2605,-7.7,-20.06,-20.06,10,time_exit,34.26175,0.00206,-1.51619,-7.18313,,2022
EURUSD,1,2022-07-14 13:00:00,2022-07-14 14:00:00,1.00466,1.00115,1.00115,1.01168,0.229,-35.1,-80.4,-80.4,1,stop_loss,13.11408,0.00234,-0.02994,-5.03106,london,2022
EURUSD,1,2022-07-15 02:00:00,2022-07-15 12:00:00,1.00188,1.0044,0.99815,1.00933,0.2135,25.2,53.8,53.8,10,time_exit,11.32873,0.00248,-0.58561,-4.56816,,2022
EURUSD,-1,2022-07-19 11:00:00,2022-07-19 21:00:00,1.02415,1.0232,1.02772,1.01701,0.2245,9.5,21.33,21.33,10,time_exit,28.97711,0.00238,5.15732,-0.48569,london,2022
EURUSD,-1,2022-07-20 19:00:00,2022-07-21 05:00:00,1.02149,1.02094,1.02531,1.01384,0.21,5.5,11.55,11.55,10,time_exit,26.69246,0.00255,0.63871,1.58598,new_york,2022
EURUSD,-1,2022-07-21 15:00:00,2022-07-21 16:00:00,1.01903,1.02214,1.02214,1.01281,0.2587,-31.1,-80.46,-80.46,1,stop_loss,16.90841,0.00207,-0.25816,1.50111,london,2022
EURUSD,-1,2022-07-25 10:00:00,2022-07-25 11:00:00,1.01964,1.02263,1.02263,1.01366,0.2662,-29.9,-79.63,-79.63,1,stop_loss,11.46489,0.00199,-0.23012,1.18151,london,2022
EURUSD,1,2022-07-25 23:00:00,2022-07-26 09:00:00,1.02255,1.02125,1.01928,1.02908,0.2415,-13.0,-31.4,-31.4,10,time_exit,8.91468,0.00218,0.67087,1.26838,,2022
EURUSD,1,2022-07-26 16:00:00,2022-07-26 18:00:00,1.01483,1.01153,1.01153,1.02144,0.2377,-33.0,-78.55,-78.55,2,stop_loss,18.45056,0.0022,-2.62202,0.87995,new_york,2022
EURUSD,-1,2022-07-27 13:00:00,2022-07-27 14:00:00,1.01431,1.01678,1.01678,1.00938,0.3152,-24.7,-77.75,-77.75,1,stop_loss,26.66255,0.00164,-1.35942,-0.68027,london,2022
EURUSD,1,2022-07-28 06:00:00,2022-07-28 12:00:00,1.02051,1.01705,1.01705,1.02743,0.2226,-34.6,-76.98,-76.98,6,stop_loss,25.7802,0.00231,1.54451,-0.26234,,2022
EURUSD,1,2022-07-29 21:00:00,2022-08-01 07:00:00,1.02098,1.0224,1.01676,1.02942,0.1807,14.2,25.66,25.66,10,time_exit,17.2059,0.00281,0.67869,0.33519,new_york,2022
EURUSD,-1,2022-08-02 11:00:00,2022-08-02 21:00:00,1.02251,1.0173,1.02547,1.01659,0.2585,52.1,134.68,134.68,10,time_exit,16.6492,0.00197,-0.71062,1.85835,london,2022
EURUSD,-1,2022-08-03 13:00:00,2022-08-03 17:00:00,1.01866,1.01343,1.02127,1.01343,0.2976,52.3,155.62,155.62,4,take_profit,30.20846,0.00174,-0.9814,0.25722,london,2022
EURUSD,-1,2022-08-05 01:00:00,2022-08-05 11:00:00,1.02461,1.02238,1.027,1.01983,0.3318,22.3,73.99,73.99,10,time_exit,23.14148,0.00159,2.98281,0.13707,,2022
EURUSD,-1,2022-08-08 13:00:00,2022-08-08 16:00:00,1.01876,1.0212,1.0212,1.01387,0.3278,-24.4,-80.1,-80.1,3,stop_loss,23.97011,0.00163,-0.39703,-0.13057,london,2022
EURUSD,1,2022-08-09 10:00:00,2022-08-09 11:00:00,1.02056,1.02385,1.01892,1.02385,0.4824,32.9,158.61,158.61,1,take_profit,10.20273,0.0011,0.88948,-0.05833,london,2022
EURUSD,-1,2022-08-09 16:00:00,2022-08-10 02:00:00,1.02374,1.02082,1.02587,1.01947,0.3791,29.2,110.7,110.7,10,time_exit,20.65053,0.00142,2.42007,0.32248,new_york,2022
EURUSD,1,2022-08-11 05:00:00,2022-08-11 11:00:00,1.02882,1.03371,1.02638,1.03371,0.3354,48.9,163.97,163.97,6,take_profit,39.37638,0.00163,2.0622,2.31386,,2022
EURUSD,1,2022-08-11 13:00:00,2022-08-11 21:00:00,1.03362,1.03107,1.03107,1.03873,0.3274,-25.5,-83.64,-83.64,8,stop_loss,38.60359,0.0017,3.92886,2.67543,london,2022
EURUSD,-1,2022-08-12 01:00:00,2022-08-12 11:00:00,1.03211,1.03021,1.03471,1.0269,0.3179,19.0,60.4,60.4,10,time_exit,33.18072,0.00174,1.70938,3.27541,,2022
EURUSD,-1,2022-08-15 16:00:00,2022-08-16 02:00:00,1.02007,1.01616,1.02257,1.01507,0.3333,39.1,130.32,130.32,10,time_exit,47.9092,0.00167,-3.5896,0.94347,new_york,2022
EURUSD,-1,2022-08-17 00:00:00,2022-08-17 10:00:00,1.01705,1.01665,1.01934,1.01247,0.3697,4.0,14.79,14.79,10,time_exit,35.04933,0.00153,-1.2413,-2.14661,,2022
EURUSD,-1,2022-08-18 03:00:00,2022-08-18 13:00:00,1.01777,1.01736,1.01993,1.01346,0.3933,4.1,16.13,16.12,10,time_exit,20.08285,0.00144,-0.04992,-2.23625,,2022
EURUSD,1,2022-08-22 22:00:00,2022-08-23 08:00:00,0.99333,0.99198,0.99081,0.99837,0.3375,-13.5,-45.56,-45.56,10,time_exit,54.68359,0.00168,-6.13044,-5.9268,,2022
EURUSD,1,2022-08-24 23:00:00,2022-08-25 09:00:00,0.99716,1.00111,0.9939,1.00369,0.2592,39.5,102.38,102.38,10,time_exit,19.73297,0.00218,0.35951,-4.60252,,2022
EURUSD,1,2022-08-26 06:00:00,2022-08-26 09:00:00,0.99686,0.99475,0.99475,1.00108,0.4053,-21.1,-85.58,-85.58,3,stop_loss,23.08582,0.00141,-0.2838,-4.847,,2022
EURUSD,1,2022-08-26 19:00:00,2022-08-26 20:00:00,0.99972,0.99596,0.99596,1.00725,0.2251,-37.6,-84.73,-84.73,1,stop_loss,24.08439,0.00251,0.55786,-2.08484,new_york,2022
EURUSD,-1,2022-08-30 15:00:00,2022-08-31 01:00:00,1.00249,1.00172,1.00558,0.99632,0.2718,7.7,20.93,20.93,10,time_exit,23.86317,0.00206,1.62785,-1.24099,london,2022
EURUSD,1,2022-08-31 01:00:00,2022-08-31 11:00:00,1.00166,0.99858,0.99858,1.00782,0.2729,-30.8,-84.1,-84.1,10,stop_loss,13.86263,0.00205,0.79621,-0.8423,,2022
EURUSD,-1,2022-08-31 22:00:00,2022-09-01 08:00:00,1.00445,1.00178,1.00808,0.99719,0.2293,26.7,61.22,61.22,10,time_exit,18.93461,0.00242,1.28056,-0.19264,,2022
EURUSD,1,2022-09-01 08:00:00,2022-09-01 15:00:00,1.00141,0.99873,0.99873,1.00676,0.3133,-26.8,-83.86,-83.87,7,stop_loss,15.81534,0.00178,-0.30155,0.01125,london,2022
EURUSD,-1,2022-09-02 07:00:00,2022-09-02 10:00:00,0.99619,0.9985,0.9985,0.99156,0.3589,-23.1,-83.01,-83.01,3,stop_loss,27.59958,0.00154,-1.71588,-1.38635,london,2022
EURUSD,1,2022-09-02 10:00:00,2022-09-02 15:00:00,0.99742,1.00178,0.99524,1.00178,0.3767,43.6,164.38,164.38,5,take_profit,23.60387,0.00145,-0.84367,-1.52687,london,2022
EURUSD,-1,2022-09-05 08:00:00,2022-09-05 10:00:00,0.99052,0.99368,0.99368,0.98421,0.2657,-31.6,-83.84,-83.84,2,stop_loss,31.94592,0.0021,-2.90453,-1.53839,london,2022
EURUSD,1,2022-09-05 15:00:00,2022-09-06 01:00:00,0.99171,0.99415,0.98817,0.99879,0.2344,24.4,57.19,57.19,10,time_exit,29.86587,0.00236,-1.54185,-1.67136,london,2022
EURUSD,1,2022-09-06 04:00:00,2022-09-06 06:00:00,0.99684,0.99439,0.99439,1.00173,0.3416,-24.5,-83.56,-83.56,2,stop_loss,20.07512,0.00163,1.37274,-2.43707,,2022
EURUSD,-1,2022-09-07 08:00:00,2022-09-07 10:00:00,0.98928,0.99176,0.99176,0.98433,0.3342,-24.8,-82.72,-82.72,2,stop_loss,29.27591,0.00165,-1.84145,-2.79915,london,2022
EURUSD,1,2022-09-07 11:00:00,2022-09-07 12:00:00,0.99237,0.9896,0.9896,0.99791,0.2959,-27.7,-81.91,-81.91,1,stop_loss,25.75475,0.00185,0.12904,-2.49523,london,2022
EURUSD,1,2022-09-08 04:00:00,2022-09-08 14:00:00,0.99852,1.00197,0.99559,1.00438,0.277,34.5,95.57,95.56,10,time_exit,33.79352,0.00195,2.2231,-1.21895,,2022
EURUSD,-1,2022-09-09 03:00:00,2022-09-09 04:00:00,1.00098,1.00378,1.00378,0.99539,0.2933,-28.0,-82.04,-82.04,1,stop_loss,17.23345,0.00186,2.048,0.03945,,2022
EURUSD,-1,2022-09-13 18:00:00,2022-09-14 04:00:00,1.00152,0.99802,1.00577,0.99302,0.1912,35.0,66.92,66.92,10,time_exit,29.53639,0.00283,-3.06062,2.4184,new_york,2022
EURUSD,-1,2022-09-14 20:00:00,2022-09-15 06:00:00,0.99975,0.99742,1.00307,0.9931,0.2464,23.3,57.41,57.41,10,time_exit,28.92522,0.00222,-1.41981,0.27546,new_york,2022
EURUSD,1,2022-09-15 23:00:00,2022-09-16 09:00:00,0.99946,0.99925,0.99676,1.00485,0.3057,-2.1,-6.42,-6.42,10,time_exit,20.76126,0.0018,-0.34992,-0.70963,,2022
EURUSD,1,2022-09-16 18:00:00,2022-09-16 20:00:00,1.00309,0.99973,0.99973,1.00981,0.2451,-33.6,-82.38,-82.39,2,stop_loss,19.21271,0.00224,1.69915,-0.73901,new_york,2022
EURUSD,-1,2022-09-16 22:00:00,2022-09-19 08:00:00,1.00026,0.99811,1.00353,0.99372,0.2493,21.5,53.6,53.6,10,time_exit,20.56301,0.00218,0.40323,-0.67306,,2022
EURUSD,1,2022-09-20 05:00:00,2022-09-20 11:00:00,1.00237,1.00012,1.00012,1.00687,0.3653,-22.5,-82.12,-82.12,6,stop_loss,26.87931,0.0015,1.34883,-0.26654,,2022
EURUSD,1,2022-09-21 03:00:00,2022-09-21 09:00:00,0.99712,0.99473,0.99473,1.00189,0.3406,-23.9,-81.28,-81.28,6,stop_loss,26.14546,0.00159,-1.53139,-0.59716,,2022
EURUSD,1,2022-09-23 13:00:00,2022-09-23 17:00:00,0.97622,0.97289,0.97289,0.98288,0.2416,-33.3,-80.48,-80.49,4,stop_loss,27.46935,0.00222,-4.03492,-3.8891,london,2022
EURUSD,1,2022-09-26 05:00:00,2022-09-26 15:00:00,0.96541,0.96697,0.95973,0.97677,0.1402,15.6,21.87,21.87,10,time_exit,55.51253,0.00379,-3.22388,-3.3531,,2022
EURUSD,1,2022-09-29 06:00:00,2022-09-29 10:00:00,0.96812,0.96417,0.96417,0.97602,0.2022,-39.5,-79.88,-79.88,4,stop_loss,38.20837,0.00263,1.23952,-4.27877,,2022
EURUSD,-1,2022-09-29 16:00:00,2022-09-29 17:00:00,0.96883,0.97316,0.97316,0.96018,0.1828,-43.3,-79.1,-79.1,1,stop_loss,25.64649,0.00288,0.95043,-3.22985,new_york,2022
EURUSD,-1,2022-09-29 21:00:00,2022-09-30 01:00:00,0.97808,0.9828,0.9828,0.96865,0.166,-47.2,-78.3,-78.31,4,stop_loss,27.50403,0.00314,3.19671,-2.36443,new_york,2022
EURUSD,-1,2022-09-30 12:00:00,2022-09-30 14:00:00,0.98331,0.97522,0.98736,0.97522,0.1916,80.9,155.06,155.06,2,take_profit,35.33232,0.0027,3.41762,-0.818,london,2022
EURUSD,1,2022-10-03 15:00:00,2022-10-04 01:00:00,0.97684,0.9829,0.97247,0.98558,0.1809,60.6,109.63,109.62,10,time_exit,15.10259,0.00291,-0.2459,0.19553,london,2022
EURUSD,1,2022-10-05 10:00:00,2022-10-05 11:00:00,0.99775,0.99476,0.99476,1.00372,0.2684,-29.9,-80.15,-80.16,1,stop_loss,45.42284,0.00199,3.93737,4.15907,london,2022
EURUSD,1,2022-10-05 11:00:00,2022-10-05 14:00:00,0.99404,0.99082,0.99082,1.00048,0.2463,-32.2,-79.36,-79.36,3,stop_loss,43.74208,0.00215,1.86027,3.87323,london,2022
EURUSD,1,2022-10-07 00:00:00,2022-10-07 10:00:00,0.97895,0.97986,0.97548,0.9859,0.2262,9.1,20.58,20.58,10,time_exit,37.16809,0.00232,-3.53043,1.62784,,2022
EURUSD,1,2022-10-11 04:00:00,2022-10-11 05:00:00,0.97202,0.96924,0.96924,0.97758,0.2836,-27.8,-78.79,-78.79,1,stop_loss,24.71675,0.00185,-1.31937,-2.80229,,2022
EURUSD,-1,2022-10-12 00:00:00,2022-10-12 10:00:00,0.97061,0.97074,0.97422,0.9634,0.2162,-1.3,-2.81,-2.81,10,time_exit,17.44831,0.0024,-0.93691,-2.2344,,2022
EURUSD,1,2022-10-12 11:00:00,2022-10-12 17:00:00,0.97072,0.96741,0.96741,0.97733,0.2357,-33.1,-77.95,-77.95,6,stop_loss,13.61005,0.0022,-0.57865,-2.41116,london,2022
EURUSD,-1,2022-10-13 00:00:00,2022-10-13 10:00:00,0.97023,0.97058,0.97332,0.96405,0.2496,-3.5,-8.74,-8.74,10,time_exit,11.87567,0.00206,-0.45281,-2.55293,,2022
EURUSD,1,2022-10-13 10:00:00,2022-10-13 12:00:00,0.96903,0.97385,0.96662,0.97385,0.3199,48.2,154.19,154.19,2,take_profit,9.23556,0.00161,-1.16041,-3.10723,london,2022
EURUSD,-1,2022-10-13 12:00:00,2022-10-13 14:00:00,0.97141,0.97387,0.97387,0.96648,0.3191,-24.6,-78.64,-78.64,2,stop_loss,8.63835,0.00164,0.33703,-2.97294,london,2022
EURUSD,-1,2022-10-17 04:00:00,2022-10-17 14:00:00,0.97462,0.97408,0.9782,0.96747,0.2176,5.4,11.75,11.75,10,time_exit,9.87806,0.00238,0.25423,-0.65414,,2022
EURUSD,1,2022-10-19 14:00:00,2022-10-20 00:00:00,0.9781,0.97733,0.9751,0.9841,0.2601,-7.7,-20.03,-20.03,10,time_exit,23.12416,0.002,-2.21114,1.9337,london,2022
EURUSD,-1,2022-10-20 09:00:00,2022-10-20 13:00:00,0.97834,0.98069,0.98069,0.97365,0.3314,-23.5,-77.77,-77.77,4,stop_loss,31.28035,0.00156,-0.82447,0.80408,london,2022
EURUSD,1,2022-10-20 21:00:00,2022-10-21 07:00:00,0.97848,0.97711,0.97498,0.98549,0.2197,-13.7,-30.1,-30.1,10,time_exit,25.36815,0.00234,-0.56755,0.53987,new_york,2022
EURUSD,1,2022-10-26 15:00:00,2022-10-26 21:00:00,1.00214,1.0086,0.99891,1.0086,0.2374,64.6,153.39,153.39,6,take_profit,47.56882,0.00215,4.27517,3.88272,london,2022
EURUSD,-1,2022-10-27 22:00:00,2022-10-28 08:00:00,0.99628,0.99739,1.00015,0.98853,0.2019,-11.1,-22.41,-22.41,10,time_exit,32.6391,0.00258,-1.65676,4.14255,,2022
EURUSD,-1,2022-10-28 23:00:00,2022-10-31 09:00:00,0.9966,0.99523,0.99991,0.98998,0.2356,13.7,32.28,32.28,10,time_exit,21.10511,0.00221,-0.49768,2.9072,,2022
EURUSD,1,2022-11-01 06:00:00,2022-11-01 16:00:00,0.99066,0.99518,0.9884,0.99518,0.3463,45.2,156.66,156.65,10,take_profit,31.9616,0.00151,-1.53003,1.02398,,2022
EURUSD,1,2022-11-02 03:00:00,2022-11-02 13:00:00,0.98783,0.99016,0.98506,0.99338,0.2879,23.3,67.08,67.08,10,time_exit,18.0288,0.00185,-1.81993,-0.02063,,2022
EURUSD,1,2022-11-02 19:00:00,2022-11-02 21:00:00,0.98746,0.99302,0.98468,0.99302,0.2896,55.6,161.14,161.14,2,take_profit,10.94246,0.00185,-1.46901,-0.3747,new_york,2022
EURUSD,-1,2022-11-04 17:00:00,2022-11-04 18:00:00,0.98665,0.99057,0.99057,0.97881,0.2096,-39.2,-82.16,-82.17,1,stop_loss,23.208,0.00261,2.43252,-2.32885,new_york,2022
EURUSD,-1,2022-11-07 19:00:00,2022-11-07 21:00:00,0.99966,1.00322,1.00322,0.99254,0.2284,-35.6,-81.33,-81.33,2,stop_loss,40.60955,0.00237,3.87963,0.84111,new_york,2022
EURUSD,1,2022-11-08 19:00:00,2022-11-08 21:00:00,1.00875,1.00556,1.00556,1.01512,0.2528,-31.9,-80.52,-80.52,2,stop_loss,27.1308,0.00212,5.38828,2.85277,new_york,2022
EURUSD,-1,2022-11-10 21:00:00,2022-11-10 23:00:00,1.01581,1.02115,1.02115,1.00513,0.1492,-53.4,-79.7,-79.71,2,stop_loss,28.57435,0.00356,3.26677,2.12193,new_york,2022
EURUSD,1,2022-11-11 20:00:00,2022-11-14 06:00:00,1.03421,1.03124,1.02943,1.04376,0.1652,-29.7,-49.06,-49.07,10,time_exit,43.70514,0.00318,5.37949,4.61892,new_york,2022
EURUSD,1,2022-11-14 21:00:00,2022-11-15 02:00:00,1.03531,1.0314,1.0314,1.04314,0.2004,-39.1,-78.42,-78.43,5,stop_loss,22.04221,0.00261,3.20465,6.84232,new_york,2022
EURUSD,-1,2022-11-15 09:00:00,2022-11-15 10:00:00,1.03408,1.03683,1.03683,1.02858,0.2822,-27.5,-77.66,-77.66,1,stop_loss,13.41129,0.00183,2.67666,9.46448,london,2022
EURUSD,1,2022-11-16 18:00:00,2022-11-16 20:00:00,1.04036,1.03575,1.03575,1.04957,0.1669,-46.1,-76.88,-76.88,2,stop_loss,20.54988,0.00307,1.40371,5.46932,new_york,2022
EURUSD,1,2022-11-17 09:00:00,2022-11-17 12:00:00,1.03876,1.03566,1.03566,1.04497,0.2451,-31.0,-76.1,-76.1,3,stop_loss,12.04938,0.00207,0.80921,7.32323,london,2022
EURUSD,1,2022-11-18 16:00:00,2022-11-18 17:00:00,1.03647,1.03308,1.03308,1.04324,0.2225,-33.9,-75.37,-75.37,1,stop_loss,12.57001,0.00226,-0.04622,4.79448,new_york,2022
EURUSD,1,2022-11-21 17:00:00,2022-11-21 19:00:00,1.0256,1.02254,1.02254,1.03172,0.2438,-30.6,-74.59,-74.59,2,stop_loss,44.90912,0.00204,-2.81354,2.38503,new_york,2022
EURUSD,1,2022-11-22 02:00:00,2022-11-22 12:00:00,1.02454,1.02804,1.02211,1.0294,0.3037,35.0,106.3,106.29,10,time_exit,40.96408,0.00162,-2.81657,1.75837,,2022
EURUSD,-1,2022-11-23 17:00:00,2022-11-23 21:00:00,1.03698,1.04,1.04,1.03094,0.248,-30.2,-74.9,-74.9,4,stop_loss,37.61017,0.00201,3.15243,1.45919,new_york,2022
EURUSD,1,2022-11-24 13:00:00,2022-11-24 23:00:00,1.04056,1.04114,1.03759,1.0465,0.2496,5.8,14.48,14.47,10,time_exit,51.72391,0.00198,2.13705,3.26203,london,2022
EURUSD,1,2022-11-29 21:00:00,2022-11-30 07:00:00,1.0338,1.03488,1.0299,1.0416,0.1904,10.8,20.56,20.56,10,time_exit,16.07933,0.0026,-1.37832,1.04705,new_york,2022
EURUSD,-1,2022-11-30 22:00:00,2022-12-01 08:00:00,1.04133,1.0456,1.04622,1.03156,0.1525,-42.7,-65.12,-65.12,10,time_exit,16.45609,0.00326,1.67828,0.36813,,2022
EURUSD,1,2022-12-01 10:00:00,2022-12-01 15:00:00,1.04044,1.04835,1.03649,1.04835,0.1868,79.1,147.71,147.7,5,take_profit,28.08047,0.00264,0.69822,1.1028,london,2022
EURUSD,-1,2022-12-05 16:00:00,2022-12-05 21:00:00,1.05656,1.04882,1.06043,1.04882,0.1946,77.4,150.72,150.71,5,take_profit,13.3972,0.00258,1.71936,3.64699,new_york,2022
EURUSD,1,2022-12-08 18:00:00,2022-12-09 04:00:00,1.05452,1.05744,1.05173,1.0601,0.2755,29.2,80.45,80.44,10,time_exit,14.51839,0.00186,2.09265,2.21633,new_york,2022
EURUSD,-1,2022-12-12 08:00:00,2022-12-12 10:00:00,1.05163,1.05384,1.05384,1.04721,0.3512,-22.1,-77.64,-77.64,2,stop_loss,31.5107,0.00147,-1.15133,2.88474,london,2022
EURUSD,1,2022-12-12 10:00:00,2022-12-12 13:00:00,1.05266,1.05733,1.05032,1.05733,0.3291,46.7,153.76,153.76,3,take_profit,28.95588,0.00156,-0.39793,2.64394,london,2022
EURUSD,1,2022-12-14 12:00:00,2022-12-14 16:00:00,1.06622,1.06348,1.06348,1.07171,0.2858,-27.4,-78.41,-78.42,4,stop_loss,33.39472,0.00183,3.77439,3.5074,london,2022
EURUSD,1,2022-12-14 23:00:00,2022-12-15 09:00:00,1.06792,1.06445,1.06445,1.07485,0.224,-34.7,-77.64,-77.64,10,stop_loss,30.46028,0.00231,2.72279,3.19776,,2022
EURUSD,1,2022-12-16 19:00:00,2022-12-19 05:00:00,1.06092,1.06086,1.05729,1.06819,0.2115,-0.6,-1.27,-1.27,10,time_exit,12.11394,0.00242,-0.98939,2.31531,new_york,2022
EURUSD,1,2022-12-20 00:00:00,2022-12-20 10:00:00,1.0605,1.06338,1.05777,1.06597,0.2809,28.8,80.9,80.9,10,time_exit,13.64753,0.00182,-0.50014,1.72642,,2022
EURUSD,-1,2022-12-20 16:00:00,2022-12-20 17:00:00,1.06156,1.06468,1.06468,1.05532,0.2491,-31.2,-77.66,-77.66,1,stop_loss,17.60374,0.00208,-0.00463,1.27762,new_york,2022
EURUSD,1,2022-12-20 19:00:00,2022-12-20 21:00:00,1.06351,1.06006,1.06006,1.0704,0.223,-34.5,-76.87,-76.87,2,stop_loss,18.90529,0.0023,0.74373,1.19888,new_york,2022
EURUSD,1,2022-12-21 02:00:00,2022-12-21 12:00:00,1.06253,1.06191,1.05964,1.0683,0.2636,-6.2,-16.34,-16.35,10,time_exit,16.12487,0.00192,0.3571,1.34384,,2022
EURUSD,1,2022-12-22 00:00:00,2022-12-22 10:00:00,1.06046,1.06566,1.05786,1.06566,0.2921,52.0,151.9,151.9,10,take_profit,8.88662,0.00173,-0.69537,1.08996,,2022
EURUSD,1,2022-12-23 09:00:00,2022-12-23 19:00:00,1.06066,1.06203,1.05863,1.06471,0.3821,13.7,52.35,52.35,10,time_exit,9.60848,0.00135,-0.31618,0.72214,london,2022
EURUSD,-1,2022-12-27 03:00:00,2022-12-27 09:00:00,1.06428,1.06669,1.06669,1.05946,0.3235,-24.1,-77.99,-77.99,6,stop_loss,14.13442,0.00161,1.64769,0.73109,,2022
EURUSD,-1,2022-12-28 13:00:00,2022-12-28 14:00:00,1.06341,1.06534,1.06534,1.05956,0.4008,-19.3,-77.21,-77.21,1,stop_loss,11.40625,0.00128,-0.12279,1.55235,london,2022
EURUSD,1,2022-12-29 03:00:00,2022-12-29 13:00:00,1.06342,1.06382,1.06112,1.06802,0.3321,4.0,13.28,13.28,10,time_exit,9.11067,0.00153,0.14611,0.95744,,2022
EURUSD,1,2023-01-02 19:00:00,2023-01-03 05:00:00,1.06554,1.06725,1.06315,1.07032,0.3203,17.1,54.77,54.77,10,time_exit,22.83872,0.00159,-1.19939,1.99102,new_york,2023
EURUSD,1,2023-01-03 11:00:00,2023-01-03 13:00:00,1.05514,1.05197,1.05197,1.06149,0.243,-31.7,-77.12,-77.12,2,stop_loss,26.69098,0.00212,-5.30095,0.91668,london,2023
EURUSD,-1,2023-01-04 03:00:00,2023-01-04 09:00:00,1.05584,1.05878,1.05878,1.04997,0.2601,-29.4,-76.34,-76.34,6,stop_loss,29.99287,0.00196,-2.68603,-1.0204,,2023
EURUSD,1,2023-01-05 07:00:00,2023-01-05 15:00:00,1.06044,1.05789,1.05789,1.06553,0.2968,-25.5,-75.58,-75.58,8,stop_loss,15.10676,0.0017,-0.14339,-0.99836,london,2023
EURUSD,1,2023-01-06 00:00:00,2023-01-06 10:00:00,1.05224,1.05186,1.04942,1.05789,0.2649,-3.8,-10.07,-10.07,10,time_exit,27.53402,0.00188,-3.3258,-1.62058,,2023
EURUSD,-1,2023-01-09 14:00:00,2023-01-09 15:00:00,1.06842,1.0713,1.0713,1.06267,0.2598,-28.8,-74.72,-74.72,1,stop_loss,48.76641,0.00192,3.63683,0.19287,london,2023
EURUSD,-1,2023-01-09 16:00:00,2023-01-09 18:00:00,1.07252,1.07562,1.07562,1.06631,0.2383,-31.0,-73.97,-73.98,2,stop_loss,50.52693,0.00207,4.99608,0.43139,new_york,2023
EURUSD,1,2023-01-12 08:00:00,2023-01-12 15:00:00,1.07627,1.07427,1.07427,1.08026,0.3669,-20.0,-73.23,-73.23,7,stop_loss_ambiguous,21.35978,0.00133,1.7104,4.87553,london,2023
EURUSD,1,2023-01-12 19:00:00,2023-01-13 05:00:00,1.08224,1.08457,1.07825,1.09022,0.1817,23.3,42.34,42.33,10,time_exit,27.15471,0.00266,2.56887,2.56599,new_york,2023
EURUSD,1,2023-01-13 09:00:00,2023-01-13 13:00:00,1.08462,1.08186,1.08186,1.09013,0.2646,-27.6,-72.93,-72.93,4,stop_loss,39.37212,0.00184,2.75769,4.75639,london,2023
EURUSD,1,2023-01-16 15:00:00,2023-01-17 01:00:00,1.08152,1.08298,1.07889,1.08678,0.2747,14.6,40.11,40.1,10,time_exit,20.05347,0.00175,-0.36548,4.66881,london,2023
EURUSD,1,2023-01-17 10:00:00,2023-01-17 17:00:00,1.08283,1.08074,1.08074,1.08701,0.3476,-20.9,-72.6,-72.6,7,stop_loss,19.24862,0.00139,0.45557,4.87876,london,2023
EURUSD,-1,2023-01-20 15:00:00,2023-01-20 17:00:00,1.08182,1.08428,1.08428,1.0769,0.2921,-24.6,-71.87,-71.88,2,stop_loss,21.7,0.00164,-0.17327,2.06951,london,2023
EURUSD,1,2023-01-23 03:00:00,2023-01-23 13:00:00,1.0885,1.08814,1.08616,1.09317,0.3046,-3.6,-10.97,-10.97,10,time_exit,25.20085,0.00156,3.39013,2.43509,,2023
EURUSD,1,2023-01-25 09:00:00,2023-01-25 10:00:00,1.09066,1.08874,1.08874,1.0945,0.3696,-19.2,-71.03,-71.03,1,stop_loss,11.54533,0.00128,2.32095,3.59798,london,2023
EURUSD,-1,2023-01-26 08:00:00,2023-01-26 15:00:00,1.09184,1.08792,1.0938,1.08792,0.3589,39.2,140.65,140.65,7,take_profit,17.9781,0.00131,1.95906,3.68614,london,2023
EURUSD,1,2023-01-26 17:00:00,2023-01-26 18:00:00,1.08871,1.08616,1.08616,1.09381,0.2812,-25.5,-71.73,-71.74,1,stop_loss,15.83544,0.0017,-0.51697,2.71404,new_york,2023
EURUSD,-1,2023-01-27 01:00:00,2023-01-27 11:00:00,1.08904,1.08838,1.09139,1.08433,0.3017,6.6,19.91,19.91,10,time_exit,17.88001,0.00157,-0.1125,2.52053,,2023
EURUSD,-1,2023-01-27 11:00:00,2023-01-27 16:00:00,1.08903,1.08499,1.09105,1.08499,0.3526,40.4,142.42,142.42,5,take_profit,17.59181,0.00135,0.18399,2.4527,london,2023
EURUSD,-1,2023-01-30 14:00:00,2023-01-30 20:00:00,1.08966,1.08504,1.09197,1.08504,0.3147,46.2,145.29,145.29,6,take_profit,20.03657,0.00154,1.12219,1.29612,london,2023
EURUSD,-1,2023-01-31 07:00:00,2023-01-31 10:00:00,1.08463,1.081,1.08645,1.081,0.4081,36.3,148.21,148.2,3,take_profit,25.31364,0.00121,-1.85681,0.78218,london,2023
EURUSD,1,2023-01-31 11:00:00,2023-01-31 15:00:00,1.08034,1.08469,1.07816,1.08469,0.3473,43.5,151.17,151.17,4,take_profit,29.03468,0.00145,-4.1103,0.33541,london,2023
EURUSD,-1,2023-02-01 00:00:00,2023-02-01 10:00:00,1.08605,1.08846,1.08846,1.08124,0.3204,-24.1,-77.09,-77.09,10,stop_loss,18.92395,0.0016,0.18148,0.11101,,2023
EURUSD,1,2023-02-03 12:00:00,2023-02-03 15:00:00,1.09299,1.09026,1.09026,1.09846,0.2792,-27.3,-76.31,-76.31,3,stop_loss,38.46027,0.00182,0.48703,1.72524,london,2023
EURUSD,1,2023-02-06 19:00:00,2023-02-07 05:00:00,1.07212,1.07384,1.06924,1.07787,0.2627,17.2,45.18,45.18,10,time_exit,57.21538,0.00192,-5.51431,-2.02694,new_york,2023
EURUSD,1,2023-02-08 00:00:00,2023-02-08 10:00:00,1.0723,1.07522,1.06874,1.07941,0.2137,29.2,62.4,62.4,10,time_exit,33.30162,0.00237,-1.08331,-3.20282,,2023
EURUSD,-1,2023-02-09 06:00:00,2023-02-09 10:00:00,1.07296,1.07489,1.07489,1.06909,0.3963,-19.3,-76.63,-76.63,4,stop_loss,13.62662,0.00129,-0.51094,-5.23654,,2023
EURUSD,-1,2023-02-10 08:00:00,2023-02-10 09:00:00,1.07261,1.07442,1.07442,1.069,0.42,-18.1,-75.87,-75.88,1,stop_loss,18.4086,0.0012,-1.21635,-4.13355,london,2023
EURUSD,-1,2023-02-13 01:00:00,2023-02-13 11:00:00,1.06787,1.06771,1.06998,1.06365,0.3557,1.6,5.69,5.69,10,time_exit,24.34063,0.00141,-2.80217,-4.23272,,2023
EURUSD,1,2023-02-13 18:00:00,2023-02-14 04:00:00,1.07193,1.07321,1.06954,1.07672,0.3139,12.8,40.18,40.18,10,time_exit,21.55063,0.0016,1.31949,-3.85663,new_york,2023
EURUSD,-1,2023-02-16 20:00:00,2023-02-17 06:00:00,1.06926,1.0638,1.07199,1.0638,0.2769,54.6,151.14,151.14,10,take_profit,21.73679,0.00182,-0.46912,-1.82591,new_york,2023
EURUSD,-1,2023-02-20 10:00:00,2023-02-20 20:00:00,1.07018,1.06836,1.07205,1.06644,0.4121,18.2,75.0,75.0,10,time_exit,24.96623,0.00125,1.85786,-2.80629,london,2023
EURUSD,-1,2023-02-21 03:00:00,2023-02-21 11:00:00,1.06772,1.06495,1.0691,1.06495,0.562,27.7,155.65,155.65,8,take_profit,14.69367,0.00092,-0.44029,-2.99768,,2023
EURUSD,-1,2023-02-21 22:00:00,2023-02-22 08:00:00,1.06488,1.06566,1.06753,1.05958,0.2996,-7.8,-23.37,-23.37,10,time_exit,13.12653,0.00177,-1.224,-1.7265,,2023
EURUSD,1,2023-02-23 17:00:00,2023-02-23 18:00:00,1.06074,1.05854,1.05854,1.06513,0.3604,-22.0,-79.15,-79.15,1,stop_loss,20.2417,0.00146,-1.54892,-3.08129,new_york,2023
EURUSD,1,2023-02-24 04:00:00,2023-02-24 10:00:00,1.06014,1.05813,1.05813,1.06417,0.3891,-20.1,-78.35,-78.35,6,stop_loss,17.12407,0.00134,-1.20946,-3.64695,,2023
EURUSD,1,2023-02-28 15:00:00,2023-02-28 19:00:00,1.06175,1.05975,1.05975,1.06575,0.3874,-20.0,-77.58,-77.58,4,stop_loss,24.61118,0.00133,2.02321,-2.81239,london,2023
EURUSD,1,2023-03-01 13:00:00,2023-03-01 23:00:00,1.06682,1.0669,1.06427,1.07191,0.3015,0.8,2.41,2.41,10,time_exit,26.36426,0.0017,4.01053,-1.38411,london,2023
EURUSD,1,2023-03-02 01:00:00,2023-03-02 05:00:00,1.06692,1.06456,1.06456,1.07163,0.3262,-23.6,-76.83,-76.83,4,stop_loss,29.69419,0.00157,2.7269,-0.17529,,2023
EURUSD,-1,2023-03-02 16:00:00,2023-03-02 17:00:00,1.05859,1.06101,1.06101,1.05375,0.3144,-24.2,-76.05,-76.05,1,stop_loss,27.90849,0.00161,-2.65452,-0.03564,new_york,2023
EURUSD,1,2023-03-02 20:00:00,2023-03-03 06:00:00,1.05798,1.06087,1.0554,1.06314,0.2921,28.9,84.42,84.41,10,time_exit,33.87455,0.00172,-2.56083,-0.24647,new_york,2023
EURUSD,-1,2023-03-03 20:00:00,2023-03-06 04:00:00,1.06248,1.06484,1.06484,1.05776,0.3226,-23.6,-76.13,-76.13,8,stop_loss,17.81202,0.00157,0.59184,-0.53947,new_york,2023
EURUSD,-1,2023-03-06 05:00:00,2023-03-06 15:00:00,1.06454,1.06546,1.06659,1.06043,0.3668,-9.2,-33.75,-33.75,10,time_exit,13.67872,0.00137,1.79389,-0.29656,,2023
EURUSD,1,2023-03-08 14:00:00,2023-03-09 00:00:00,1.05379,1.05429,1.05184,1.0577,0.3841,5.0,19.2,19.2,10,time_exit,54.70241,0.0013,-4.24537,-2.07186,london,2023
EURUSD,-1,2023-03-09 09:00:00,2023-03-09 11:00:00,1.05509,1.05672,1.05672,1.05183,0.4622,-16.3,-75.24,-75.24,2,stop_loss,18.59922,0.00109,-1.61011,-3.56673,london,2023
EURUSD,-1,2023-03-09 23:00:00,2023-03-10 09:00:00,1.05792,1.06008,1.06008,1.0536,0.345,-21.6,-74.47,-74.47,10,stop_loss,26.55436,0.00144,0.63553,-2.27266,,2023
EURUSD,-1,2023-03-13 11:00:00,2023-03-13 15:00:00,1.07255,1.0656,1.07602,1.0656,0.2123,69.5,147.5,147.5,4,take_profit,45.37242,0.00232,3.74438,0.99559,london,2023
EURUSD,-1,2023-03-14 13:00:00,2023-03-14 15:00:00,1.07112,1.07384,1.07384,1.06568,0.2766,-27.2,-75.2,-75.2,2,stop_loss,17.84124,0.00181,1.44593,2.6359,london,2023
EURUSD,1,2023-03-15 01:00:00,2023-03-15 11:00:00,1.07322,1.07315,1.0704,1.07887,0.2636,-0.7,-1.85,-1.85,10,time_exit,26.96903,0.00188,1.63184,2.8624,,2023
EURUSD,-1,2023-03-16 02:00:00,2023-03-16 08:00:00,1.05784,1.06128,1.06128,1.05096,0.2164,-34.4,-74.45,-74.45,6,stop_loss,42.29255,0.00229,-3.32054,0.35647,,2023
EURUSD,-1,2023-03-16 11:00:00,2023-03-16 16:00:00,1.06256,1.05678,1.06545,1.05678,0.2549,57.8,147.39,147.39,5,take_profit,28.25458,0.00193,-0.68527,-0.21151,london,2023
EURUSD,-1,2023-03-20 00:00:00,2023-03-20 10:00:00,1.06884,1.06554,1.07154,1.06343,0.2781,33.0,91.77,91.77,10,time_exit,18.12086,0.0018,1.439,-0.03997,,2023
EURUSD,1,2023-03-21 00:00:00,2023-03-21 10:00:00,1.07181,1.0719,1.06927,1.0769,0.2992,0.9,2.69,2.69,10,time_exit,18.78526,0.0017,2.83384,1.44248,,2023
EURUSD,-1,2023-03-22 09:00:00,2023-03-22 12:00:00,1.07725,1.07882,1.07882,1.0741,0.4834,-15.7,-76.1,-76.11,3,stop_loss,30.3911,0.00105,3.48205,5.36537,london,2023
EURUSD,-1,2023-03-23 09:00:00,2023-03-23 19:00:00,1.09046,1.08956,1.09288,1.08562,0.3114,9.0,28.03,28.02,10,time_exit,61.2574,0.00161,6.24861,5.61973,london,2023
EURUSD,1,2023-03-24 01:00:00,2023-03-24 11:00:00,1.08336,1.08038,1.08038,1.08933,0.2534,-29.8,-75.63,-75.63,10,stop_loss,42.53673,0.00199,-0.16817,4.9711,,2023
EURUSD,1,2023-03-24 17:00:00,2023-03-27 03:00:00,1.07572,1.07611,1.07223,1.08269,0.2148,3.9,8.38,8.38,10,time_exit,38.15349,0.00232,-2.49959,2.97899,new_york,2023
EURUSD,1,2023-03-27 06:00:00,2023-03-27 10:00:00,1.07699,1.07453,1.07453,1.08191,0.3047,-24.6,-74.95,-74.96,4,stop_loss,34.34084,0.00164,-1.49171,2.82246,,2023
EURUSD,1,2023-03-29 09:00:00,2023-03-29 12:00:00,1.08319,1.08615,1.08171,1.08615,0.5007,29.6,148.41,148.41,3,take_profit,34.0178,0.00099,1.21403,4.62951,london,2023
EURUSD,1,2023-03-31 00:00:00,2023-03-31 10:00:00,1.09056,1.08848,1.08848,1.09473,0.3631,-20.8,-75.7,-75.7,10,stop_loss,30.99287,0.00139,3.30072,4.10816,,2023
EURUSD,-1,2023-04-03 17:00:00,2023-04-04 03:00:00,1.08978,1.09012,1.09247,1.0844,0.2784,-3.4,-9.47,-9.47,10,time_exit,33.35026,0.00179,1.78605,1.76287,new_york,2023
EURUSD,-1,2023-04-04 11:00:00,2023-04-04 17:00:00,1.09252,1.09476,1.09476,1.08803,0.3337,-22.4,-74.85,-74.85,6,stop_loss,33.44137,0.0015,3.26607,2.82742,london,2023
EURUSD,-1,2023-04-05 08:00:00,2023-04-05 17:00:00,1.09548,1.0917,1.09737,1.0917,0.3919,37.8,148.2,148.19,9,take_profit,39.60419,0.00126,3.03564,4.87984,london,2023
EURUSD,-1,2023-04-06 04:00:00,2023-04-06 10:00:00,1.0894,1.09147,1.09147,1.08526,0.3654,-20.7,-75.57,-75.57,6,stop_loss,23.66489,0.00138,-1.79355,3.71947,,2023
EURUSD,1,2023-04-06 14:00:00,2023-04-07 00:00:00,1.08998,1.0918,1.08807,1.0938,0.3919,18.2,71.33,71.32,10,time_exit,19.18294,0.00127,-0.95446,3.27025,london,2023
EURUSD,1,2023-04-07 02:00:00,2023-04-07 12:00:00,1.09167,1.09138,1.08994,1.09512,0.4378,-2.9,-12.7,-12.7,10,time_exit,17.06632,0.00115,0.14978,3.39936,,2023
EURUSD,1,2023-04-10 09:00:00,2023-04-10 15:00:00,1.08996,1.08865,1.08865,1.09258,0.5748,-13.1,-75.4,-75.4,6,stop_loss,28.09202,0.00087,-1.17696,2.84863,london,2023
EURUSD,1,2023-04-10 23:00:00,2023-04-11 09:00:00,1.08628,1.08842,1.08451,1.08982,0.4216,21.4,90.22,90.22,10,time_exit,35.55713,0.00118,-2.51088,0.79515,,2023
EURUSD,-1,2023-04-13 00:00:00,2023-04-13 10:00:00,1.09913,1.09993,1.10129,1.0948,0.3493,-8.0,-27.94,-27.95,10,time_exit,44.02169,0.00144,4.10166,2.28836,,2023
EURUSD,1,2023-04-14 18:00:00,2023-04-14 19:00:00,1.10062,1.09827,1.09827,1.10532,0.3202,-23.5,-75.28,-75.28,1,stop_loss,44.39244,0.00157,-1.01652,4.83071,new_york,2023
EURUSD,-1,2023-04-18 05:00:00,2023-04-18 09:00:00,1.0934,1.09512,1.09512,1.08996,0.4335,-17.2,-74.52,-74.53,4,stop_loss,43.8195,0.00115,-3.07096,1.60042,,2023
EURUSD,-1,2023-04-18 09:00:00,2023-04-18 10:00:00,1.09421,1.09575,1.09575,1.09113,0.4794,-15.4,-73.77,-73.78,1,stop_loss,37.58789,0.00103,-2.10804,1.39088,london,2023
EURUSD,-1,2023-04-19 23:00:00,2023-04-20 09:00:00,1.0955,1.0967,1.09752,1.09147,0.3621,-12.0,-43.45,-43.45,10,time_exit,16.12336,0.00134,-0.4228,0.54808,,2023
EURUSD,1,2023-04-24 19:00:00,2023-04-25 05:00:00,1.10259,1.10538,1.10033,1.10712,0.3207,27.9,89.48,89.47,10,time_exit,20.44455,0.00151,2.66033,1.33485,new_york,2023
EURUSD,-1,2023-04-25 05:00:00,2023-04-25 13:00:00,1.10567,1.10224,1.10738,1.10224,0.4287,34.3,146.99,146.98,8,take_profit,40.61344,0.00114,4.38851,2.90089,,2023
EURUSD,1,2023-04-25 18:00:00,2023-04-26 04:00:00,1.09768,1.09756,1.0955,1.10204,0.3436,-1.2,-4.12,-4.13,10,time_exit,32.34595,0.00145,-2.61991,2.37854,new_york,2023
EURUSD,-1,2023-04-26 08:00:00,2023-04-26 09:00:00,1.09812,1.09968,1.09968,1.095,0.48,-15.6,-74.93,-74.93,1,stop_loss,38.64546,0.00104,-1.58641,1.74619,london,2023
EURUSD,1,2023-04-26 11:00:00,2023-04-26 13:00:00,1.10193,1.10563,1.10008,1.10563,0.4012,37.0,148.35,148.35,2,take_profit,35.17185,0.00123,1.68165,1.48325,london,2023
EURUSD,1,2023-05-01 18:00:00,2023-05-02 04:00:00,1.09812,1.09881,1.09579,1.10279,0.3243,6.9,22.38,22.37,10,time_exit,15.85687,0.00156,-2.02218,0.66723,new_york,2023
EURUSD,1,2023-05-03 02:00:00,2023-05-03 11:00:00,1.10062,1.1046,1.09863,1.1046,0.3817,39.8,151.79,151.78,9,take_profit,17.74312,0.00133,1.12319,-0.39231,,2023
EURUSD,1,2023-05-03 21:00:00,2023-05-04 07:00:00,1.10489,1.10816,1.10292,1.10883,0.3932,32.7,128.58,128.57,10,time_exit,28.14712,0.00131,2.65505,0.9002,new_york,2023
EURUSD,1,2023-05-04 07:00:00,2023-05-04 10:00:00,1.10814,1.106,1.106,1.11242,0.3677,-21.4,-78.69,-78.69,3,stop_loss,44.64577,0.00143,3.36557,1.67316,london,2023
EURUSD,1,2023-05-04 23:00:00,2023-05-05 09:00:00,1.10145,1.10456,1.09829,1.10776,0.2468,31.1,76.75,76.75,10,time_exit,31.64066,0.0021,-0.95374,0.99008,,2023
EURUSD,1,2023-05-05 10:00:00,2023-05-05 12:00:00,1.10455,1.10234,1.10234,1.10897,0.3559,-22.1,-78.66,-78.67,2,stop_loss,19.45493,0.00147,0.80953,1.22111,london,2023
EURUSD,1,2023-05-09 14:00:00,2023-05-09 15:00:00,1.09798,1.09633,1.09633,1.10129,0.4713,-16.5,-77.89,-77.89,1,stop_loss,31.24482,0.0011,-2.7897,-0.37556,london,2023
EURUSD,-1,2023-05-09 18:00:00,2023-05-10 04:00:00,1.09561,1.09713,1.09754,1.09174,0.3985,-15.2,-60.57,-60.57,10,time_exit,39.39396,0.00129,-3.62383,-0.75243,new_york,2023
EURUSD,1,2023-05-10 05:00:00,2023-05-10 11:00:00,1.09716,1.09544,1.09544,1.10059,0.4455,-17.2,-76.49,-76.49,6,stop_loss,42.51624,0.00114,-1.48286,-1.6503,,2023
EURUSD,-1,2023-05-10 17:00:00,2023-05-11 03:00:00,1.0986,1.09928,1.10101,1.09379,0.3148,-6.8,-21.41,-21.41,10,time_exit,34.34077,0.0016,0.3211,-1.36886,new_york,2023
EURUSD,-1,2023-05-11 22:00:00,2023-05-12 08:00:00,1.09187,1.09243,1.09417,1.08728,0.329,-5.6,-18.42,-18.43,10,time_exit,28.51509,0.00153,-2.4747,-2.18375,,2023
EURUSD,-1,2023-05-12 13:00:00,2023-05-12 17:00:00,1.0911,1.08742,1.09294,1.08742,0.4095,36.8,150.68,150.68,4,take_profit,19.85887,0.00123,-2.31851,-3.31649,london,2023
EURUSD,1,2023-05-17 05:00:00,2023-05-17 08:00:00,1.087,1.08563,1.08563,1.08973,0.5619,-13.7,-76.84,-76.84,3,stop_loss,24.03809,0.00091,-0.80933,-5.63634,,2023
EURUSD,-1,2023-05-19 07:00:00,2023-05-19 09:00:00,1.07684,1.07841,1.07841,1.0737,0.4847,-15.7,-76.07,-76.08,2,stop_loss,43.95654,0.00105,-3.95383,-6.948,london,2023
EURUSD,1,2023-05-19 17:00:00,2023-05-22 03:00:00,1.07952,1.08236,1.07745,1.08365,0.3644,28.4,103.49,103.49,10,time_exit,31.30652,0.00138,-0.59993,-5.10218,new_york,2023
EURUSD,-1,2023-05-22 07:00:00,2023-05-22 17:00:00,1.08208,1.07985,1.08382,1.0786,0.4382,22.3,97.72,97.72,10,time_exit,25.56456,0.00116,1.05666,-4.93907,london,2023
EURUSD,1,2023-05-24 18:00:00,2023-05-25 04:00:00,1.07627,1.07438,1.07405,1.0807,0.349,-18.9,-65.96,-65.96,10,time_exit,17.99092,0.00148,-1.5115,-3.17822,new_york,2023
EURUSD,1,2023-05-26 12:00:00,2023-05-26 17:00:00,1.07316,1.07163,1.07163,1.07622,0.5018,-15.3,-76.67,-76.67,5,stop_loss,16.8579,0.00102,-1.00811,-5.5299,london,2023
EURUSD,1,2023-05-26 22:00:00,2023-05-29 08:00:00,1.07294,1.07364,1.07083,1.07715,0.3603,7.0,25.22,25.22,10,time_exit,14.31471,0.0014,-0.57635,-3.86577,,2023
EURUSD,-1,2023-05-30 06:00:00,2023-05-30 08:00:00,1.07214,1.06989,1.07326,1.06989,0.678,22.5,152.31,152.31,2,take_profit,14.42032,0.00075,-0.2001,-6.52858,,2023
EURUSD,-1,2023-05-31 20:00:00,2023-05-31 21:00:00,1.0638,1.06611,1.06611,1.05918,0.336,-23.1,-77.68,-77.68,1,stop_loss,29.56242,0.00154,-4.10937,-3.12976,new_york,2023
EURUSD,-1,2023-06-01 00:00:00,2023-06-01 10:00:00,1.06897,1.06703,1.0714,1.06412,0.317,19.4,61.5,61.5,10,time_exit,24.57054,0.00162,-0.59614,-3.01953,,2023
EURUSD,-1,2023-06-08 06:00:00,2023-06-08 11:00:00,1.07066,1.07217,1.07217,1.06763,0.5124,-15.1,-77.51,-77.52,5,stop_loss,11.2762,0.00101,0.4485,-1.68477,,2023
EURUSD,-1,2023-06-09 16:00:00,2023-06-12 02:00:00,1.0767,1.075,1.07828,1.07353,0.4847,17.0,82.4,82.4,10,time_exit,34.29525,0.00106,1.64951,1.71515,new_york,2023
EURUSD,-1,2023-06-14 13:00:00,2023-06-14 15:00:00,1.08045,1.08219,1.08219,1.07697,0.4458,-17.4,-77.55,-77.55,2,stop_loss,22.36729,0.00116,1.91322,2.47584,london,2023
EURUSD,1,2023-06-15 03:00:00,2023-06-15 04:00:00,1.08428,1.08222,1.08222,1.08839,0.3736,-20.6,-76.78,-76.78,1,stop_loss,24.81546,0.00137,2.69408,3.02204,,2023
EURUSD,-1,2023-06-16 23:00:00,2023-06-19 09:00:00,1.09352,1.09295,1.09569,1.08918,0.3504,5.7,19.97,19.97,10,time_exit,34.36403,0.00145,2.1146,6.0497,,2023
EURUSD,1,2023-06-19 11:00:00,2023-06-19 12:00:00,1.09294,1.09132,1.09132,1.09619,0.469,-16.2,-76.21,-76.21,1,stop_loss,18.87061,0.00108,1.16769,7.95431,london,2023
EURUSD,-1,2023-06-20 04:00:00,2023-06-20 10:00:00,1.09204,1.09332,1.09332,1.08947,0.5876,-12.8,-75.46,-75.46,6,stop_loss,17.42195,0.00086,0.19518,8.65015,,2023
EURUSD,-1,2023-06-20 12:00:00,2023-06-20 17:00:00,1.0938,1.09048,1.09546,1.09048,0.4506,33.2,149.39,149.39,5,take_profit,18.3513,0.00111,1.57152,6.31389,london,2023
EURUSD,-1,2023-06-20 17:00:00,2023-06-21 03:00:00,1.09164,1.0916,1.09353,1.08786,0.4032,0.4,1.61,1.61,10,time_exit,16.08706,0.00126,-0.36061,5.29731,new_york,2023
EURUSD,1,2023-06-21 04:00:00,2023-06-21 14:00:00,1.0916,1.09244,1.09005,1.0947,0.491,8.4,41.24,41.24,10,time_exit,20.92524,0.00103,-0.26516,5.61803,,2023
EURUSD,-1,2023-06-23 17:00:00,2023-06-26 01:00:00,1.08834,1.09067,1.09067,1.08368,0.3286,-23.3,-76.63,-76.63,8,stop_loss,44.24627,0.00155,-3.23735,2.20836,new_york,2023
EURUSD,1,2023-06-29 09:00:00,2023-06-29 13:00:00,1.08938,1.09274,1.0877,1.09274,0.451,33.6,151.73,151.72,4,take_profit,38.41743,0.00112,-2.60524,0.86002,london,2023
EURUSD,-1,2023-06-30 02:00:00,2023-06-30 12:00:00,1.08656,1.08457,1.08848,1.08273,0.404,19.9,80.4,80.39,10,time_exit,31.64151,0.00128,-3.03442,-0.41795,,2023
EURUSD,1,2023-07-04 10:00:00,2023-07-04 11:00:00,1.09148,1.09,1.09,1.09445,0.5266,-14.8,-78.18,-78.18,1,stop_loss,17.28496,0.00099,1.17174,-0.16244,london,2023
EURUSD,1,2023-07-06 20:00:00,2023-07-07 06:00:00,1.08727,1.08878,1.08459,1.09263,0.2888,15.1,43.61,43.61,10,time_exit,18.25346,0.00179,-0.05487,-1.00339,new_york,2023
EURUSD,-1,2023-07-11 13:00:00,2023-07-11 23:00:00,1.10065,1.10086,1.10233,1.09728,0.4625,-2.1,-9.71,-9.71,10,time_exit,34.4937,0.00112,3.10504,4.28138,london,2023
EURUSD,1,2023-07-12 14:00:00,2023-07-12 15:00:00,1.10222,1.10506,1.1008,1.10506,0.5478,28.4,155.47,155.47,1,take_profit,20.10076,0.00095,2.44375,5.90903,london,2023
EURUSD,1,2023-07-12 17:00:00,2023-07-13 03:00:00,1.10971,1.11426,1.10743,1.11426,0.3485,45.5,158.6,158.59,10,take_profit,24.07822,0.00152,6.06822,3.90258,new_york,2023
EURUSD,1,2023-07-13 05:00:00,2023-07-13 15:00:00,1.11452,1.11825,1.11266,1.11825,0.4339,37.3,161.74,161.74,10,take_profit,48.8085,0.00124,7.27319,6.99807,,2023
EURUSD,1,2023-07-17 01:00:00,2023-07-17 11:00:00,1.12287,1.1238,1.12094,1.12672,0.4283,9.3,39.83,39.83,10,time_exit,25.31717,0.00128,3.02995,10.63722,,2023
EURUSD,1,2023-07-20 03:00:00,2023-07-20 13:00:00,1.12052,1.12042,1.11877,1.12401,0.4749,-1.0,-4.75,-4.75,10,time_exit,32.71425,0.00116,-1.08324,6.31224,,2023
EURUSD,1,2023-07-20 14:00:00,2023-07-20 15:00:00,1.12038,1.11856,1.11856,1.12402,0.4553,-18.2,-82.84,-82.84,1,stop_loss,25.83828,0.00121,-1.03405,5.3636,london,2023
EURUSD,-1,2023-07-20 16:00:00,2023-07-20 17:00:00,1.11823,1.11419,1.12025,1.11419,0.4056,40.4,164.04,164.04,1,take_profit,28.38154,0.00135,-2.39176,4.63631,new_york,2023
EURUSD,1,2023-07-21 20:00:00,2023-07-24 06:00:00,1.11236,1.11255,1.11046,1.11617,0.4395,1.9,8.35,8.35,10,time_exit,52.26958,0.00127,-2.73051,0.83103,new_york,2023
EURUSD,1,2023-07-25 15:00:00,2023-07-25 16:00:00,1.10492,1.10302,1.10302,1.10872,0.4404,-19.0,-83.74,-83.74,1,stop_loss,30.42363,0.00127,-3.44629,-2.63202,london,2023
EURUSD,1,2023-07-27 02:00:00,2023-07-27 10:00:00,1.10849,1.113,1.10624,1.113,0.3678,45.1,165.8,165.8,8,take_profit,22.36556,0.0015,0.75196,-2.26874,,2023
EURUSD,-1,2023-08-01 11:00:00,2023-08-01 21:00:00,1.09795,1.09739,1.09977,1.0943,0.4639,5.6,25.98,25.98,10,time_exit,19.34826,0.00122,-2.43667,-3.89568,london,2023
EURUSD,1,2023-08-02 00:00:00,2023-08-02 10:00:00,1.09841,1.099,1.09635,1.10254,0.4111,5.9,24.25,24.25,10,time_exit,22.93832,0.00138,-0.78911,-3.74069,,2023
EURUSD,-1,2023-08-02 16:00:00,2023-08-03 02:00:00,1.09597,1.09436,1.09816,1.09159,0.3888,16.1,62.6,62.59,10,time_exit,15.47013,0.00146,-2.1785,-3.18108,new_york,2023
EURUSD,-1,2023-08-03 09:00:00,2023-08-03 19:00:00,1.09386,1.0957,1.0957,1.09018,0.466,-18.4,-85.68,-85.69,10,stop_loss,31.10735,0.00123,-2.14261,-4.63737,london,2023
EURUSD,-1,2023-08-07 08:00:00,2023-08-07 18:00:00,1.09966,1.0999,1.10154,1.09591,0.4523,-2.4,-10.86,-10.86,10,time_exit,29.08941,0.00125,1.36971,-1.90032,london,2023
EURUSD,-1,2023-08-10 11:00:00,2023-08-10 12:00:00,1.10084,1.10245,1.10245,1.09761,0.5252,-16.1,-84.73,-84.73,1,stop_loss,23.17063,0.00108,2.90985,-1.1364,london,2023
EURUSD,-1,2023-08-14 11:00:00,2023-08-14 15:00:00,1.09521,1.09152,1.09705,1.09152,0.4552,36.9,167.76,167.76,4,take_profit,30.55701,0.00123,-1.00834,-1.51355,london,2023
EURUSD,-1,2023-08-15 02:00:00,2023-08-15 10:00:00,1.09072,1.0928,1.0928,1.08655,0.4104,-20.8,-85.56,-85.56,8,stop_loss,29.83926,0.00139,-2.51521,-2.26726,,2023
EURUSD,-1,2023-08-15 16:00:00,2023-08-15 17:00:00,1.09218,1.09433,1.09433,1.08788,0.3943,-21.5,-84.71,-84.71,1,stop_loss,21.98362,0.00143,-0.78191,-2.35278,new_york,2023
EURUSD,1,2023-08-16 00:00:00,2023-08-16 10:00:00,1.09033,1.09234,1.08819,1.09461,0.3919,20.1,78.77,78.77,10,time_exit,18.45871,0.00143,-1.70488,-2.38678,,2023
EURUSD,1,2023-08-16 14:00:00,2023-08-16 16:00:00,1.09183,1.09018,1.09018,1.09513,0.5133,-16.5,-84.64,-84.65,2,stop_loss,17.19456,0.0011,-0.39282,-3.0975,london,2023
EURUSD,-1,2023-08-17 15:00:00,2023-08-17 16:00:00,1.08946,1.09119,1.09119,1.086,0.4849,-17.3,-83.78,-83.78,1,stop_loss,19.85035,0.00115,-0.14687,-3.81716,london,2023
EURUSD,-1,2023-08-17 22:00:00,2023-08-18 03:00:00,1.0857,1.0879,1.0879,1.0813,0.3774,-22.0,-82.94,-82.94,5,stop_loss,18.63889,0.00147,-2.39966,-3.00684,,2023
EURUSD,1,2023-08-18 19:00:00,2023-08-21 05:00:00,1.08742,1.08814,1.08543,1.09141,0.4119,7.2,29.66,29.65,10,time_exit,13.66805,0.00133,-0.53264,-3.23268,new_york,2023
EURUSD,-1,2023-08-21 17:00:00,2023-08-22 03:00:00,1.08876,1.09004,1.09061,1.08506,0.4452,-12.8,-56.99,-56.99,10,time_exit,14.88272,0.00123,0.3038,-2.66191,new_york,2023
EURUSD,1,2023-08-22 22:00:00,2023-08-23 08:00:00,1.08524,1.08624,1.08333,1.08906,0.4287,10.0,42.87,42.87,10,time_exit,28.27054,0.00127,-2.48106,-1.98442,,2023
EURUSD,-1,2023-08-25 05:00:00,2023-08-25 14:00:00,1.07892,1.08061,1.08061,1.07553,0.4855,-16.9,-82.29,-82.29,9,stop_loss,37.31121,0.00113,-4.41284,-3.60534,,2023
EURUSD,-1,2023-08-28 01:00:00,2023-08-28 10:00:00,1.07972,1.082,1.082,1.07516,0.3571,-22.8,-81.46,-81.46,9,stop_loss,28.59482,0.00152,-1.17364,-3.28542,,2023
EURUSD,-1,2023-08-29 06:00:00,2023-08-29 12:00:00,1.08356,1.08061,1.08504,1.08061,0.5463,29.5,161.27,161.27,6,take_profit,16.11013,0.00098,2.14634,-3.71744,,2023
EURUSD,-1,2023-08-29 17:00:00,2023-08-29 18:00:00,1.08038,1.08223,1.08223,1.07668,0.4449,-18.5,-82.24,-82.25,1,stop_loss,18.39008,0.00123,-0.7927,-2.72507,new_york,2023
EURUSD,1,2023-08-30 12:00:00,2023-08-30 15:00:00,1.08677,1.09047,1.08492,1.09047,0.4407,37.0,162.87,162.86,3,take_profit,19.23542,0.00123,2.00732,-0.65579,london,2023
EURUSD,-1,2023-08-31 04:00:00,2023-08-31 10:00:00,1.09331,1.08972,1.09511,1.08972,0.4625,35.9,166.11,166.11,6,take_profit,35.96299,0.0012,4.47222,1.56428,,2023
EURUSD,-1,2023-09-05 07:00:00,2023-09-05 09:00:00,1.07884,1.07646,1.08003,1.07646,0.7116,23.8,169.43,169.43,2,take_profit,10.71896,0.00079,-2.23385,-4.06283,london,2023
EURUSD,1,2023-09-05 22:00:00,2023-09-06 08:00:00,1.07217,1.07381,1.0702,1.07611,0.4382,16.4,71.86,71.86,10,time_exit,42.33089,0.00131,-4.15844,-3.70349,,2023
EURUSD,1,2023-09-06 12:00:00,2023-09-06 17:00:00,1.07342,1.07171,1.07171,1.07683,0.5104,-17.1,-87.14,-87.14,5,stop_loss,39.3969,0.00114,-1.89192,-4.96661,london,2023
EURUSD,1,2023-09-07 15:00:00,2023-09-07 17:00:00,1.07053,1.06906,1.06906,1.07346,0.5885,-14.7,-86.26,-86.27,2,stop_loss,24.89253,0.00098,-2.81686,-5.95174,london,2023
EURUSD,-1,2023-09-11 04:00:00,2023-09-11 07:00:00,1.07133,1.07304,1.07304,1.06791,0.4995,-17.1,-85.4,-85.4,3,stop_loss,22.22953,0.00114,0.00347,-4.52724,,2023
EURUSD,-1,2023-09-11 09:00:00,2023-09-11 17:00:00,1.07292,1.07461,1.07461,1.06953,0.4988,-16.9,-84.54,-84.55,8,stop_loss,28.90649,0.00113,1.1582,-4.19115,london,2023
EURUSD,1,2023-09-12 04:00:00,2023-09-12 10:00:00,1.07438,1.07296,1.07296,1.07721,0.5913,-14.2,-83.7,-83.71,6,stop_loss,37.29379,0.00094,1.53579,-3.1481,,2023
EURUSD,1,2023-09-12 17:00:00,2023-09-12 23:00:00,1.07176,1.07525,1.07002,1.07525,0.4751,34.9,165.73,165.73,6,take_profit,27.26815,0.00116,-0.89104,-2.35041,new_york,2023
EURUSD,1,2023-09-13 07:00:00,2023-09-13 12:00:00,1.07473,1.07297,1.07297,1.07824,0.4814,-17.6,-84.51,-84.51,5,stop_loss,30.48184,0.00117,1.07875,-1.61528,london,2023
EURUSD,1,2023-09-14 06:00:00,2023-09-14 15:00:00,1.07407,1.07241,1.07241,1.07738,0.5052,-16.6,-83.67,-83.67,9,stop_loss,21.2977,0.0011,0.39006,-1.27203,,2023
EURUSD,1,2023-09-15 13:00:00,2023-09-15 15:00:00,1.0663,1.06452,1.06452,1.06986,0.4655,-17.8,-82.84,-82.84,2,stop_loss,39.43267,0.00119,-2.0121,-3.62297,london,2023
EURUSD,-1,2023-09-15 23:00:00,2023-09-18 09:00:00,1.06598,1.06585,1.0678,1.06235,0.4512,1.3,5.87,5.86,10,time_exit,25.3076,0.00121,-1.58071,-3.67217,,2023
EURUSD,-1,2023-09-19 00:00:00,2023-09-19 10:00:00,1.06912,1.06946,1.07075,1.06585,0.5022,-3.4,-17.07,-17.08,10,time_exit,15.79371,0.00109,1.56558,-3.36643,,2023
EURUSD,1,2023-09-19 15:00:00,2023-09-19 16:00:00,1.07088,1.06931,1.06931,1.07403,0.5202,-15.7,-81.89,-81.9,1,stop_loss,13.94925,0.00105,2.59089,-2.58304,london,2023
EURUSD,-1,2023-09-19 22:00:00,2023-09-20 08:00:00,1.06773,1.06807,1.06942,1.06436,0.4807,-3.4,-16.34,-16.35,10,time_exit,14.39746,0.00112,-0.46977,-2.16829,,2023
EURUSD,-1,2023-09-21 01:00:00,2023-09-21 05:00:00,1.0663,1.0619,1.0685,1.0619,0.368,44.0,161.81,161.81,4,take_profit,28.87149,0.00147,-1.71942,-1.00403,,2023
EURUSD,-1,2023-09-21 06:00:00,2023-09-21 09:00:00,1.06271,1.06496,1.06496,1.05821,0.3669,-22.5,-82.53,-82.54,3,stop_loss,32.84988,0.0015,-3.50911,-1.36748,,2023
EURUSD,1,2023-09-21 13:00:00,2023-09-21 15:00:00,1.06534,1.06323,1.06323,1.06955,0.3879,-21.1,-81.71,-81.71,2,stop_loss,31.38724,0.0014,-1.30633,-1.77545,london,2023
EURUSD,-1,2023-09-22 11:00:00,2023-09-22 17:00:00,1.06471,1.06685,1.06685,1.06043,0.3777,-21.4,-80.9,-80.9,6,stop_loss,18.14309,0.00143,-1.08951,-1.88277,london,2023
EURUSD,1,2023-09-25 00:00:00,2023-09-25 10:00:00,1.0643,1.06379,1.0624,1.06809,0.4221,-5.1,-21.53,-21.53,10,time_exit,21.07618,0.00126,-0.82969,-2.1386,,2023
EURUSD,1,2023-09-25 17:00:00,2023-09-25 18:00:00,1.06021,1.05827,1.05827,1.06408,0.4127,-19.4,-79.87,-79.87,1,stop_loss,28.65523,0.00129,-3.48465,-2.28774,new_york,2023
EURUSD,1,2023-09-25 21:00:00,2023-09-26 07:00:00,1.05951,1.05927,1.05746,1.0636,0.3865,-2.4,-9.28,-9.28,10,time_exit,37.98647,0.00136,-3.17971,-2.54705,new_york,2023
EURUSD,-1,2023-09-26 09:00:00,2023-09-26 12:00:00,1.05876,1.06029,1.06029,1.0557,0.5169,-15.3,-78.97,-78.97,3,stop_loss,49.30992,0.00102,-3.09751,-4.33309,london,2023
EURUSD,-1,2023-09-29 19:00:00,2023-10-02 05:00:00,1.05836,1.0568,1.06081,1.05347,0.3197,15.6,49.87,49.87,10,time_exit,22.52121,0.00163,0.96665,-2.22378,new_york,2023
EURUSD,-1,2023-10-02 15:00:00,2023-10-02 19:00:00,1.05316,1.04906,1.05521,1.04906,0.3839,41.0,157.37,157.37,4,take_profit,21.06483,0.00137,-2.4561,-2.32789,london,2023
EURUSD,1,2023-10-03 10:00:00,2023-10-03 17:00:00,1.0473,1.04563,1.04563,1.05064,0.4805,-16.7,-80.26,-80.27,7,stop_loss,47.09645,0.00111,-4.21617,-5.12088,london,2023
EURUSD,1,2023-10-04 23:00:00,2023-10-05 09:00:00,1.05154,1.05072,1.04905,1.05651,0.3195,-8.2,-26.2,-26.2,10,time_exit,22.50683,0.00166,1.2374,-3.20038,,2023
EURUSD,-1,2023-10-05 12:00:00,2023-10-05 14:00:00,1.05043,1.05238,1.05238,1.04654,0.4067,-19.5,-79.2,-79.2,2,stop_loss,21.23486,0.0013,0.11871,-3.17485,london,2023
EURUSD,1,2023-10-06 21:00:00,2023-10-09 00:00:00,1.05882,1.05547,1.05547,1.06551,0.2342,-33.5,-78.39,-78.4,3,stop_loss,19.13568,0.00223,2.41765,-0.41396,new_york,2023
EURUSD,1,2023-10-09 06:00:00,2023-10-09 09:00:00,1.05616,1.05345,1.05345,1.06158,0.2863,-27.1,-77.62,-77.62,3,stop_loss,13.50824,0.00181,0.89912,-0.03508,,2023
EURUSD,-1,2023-10-09 11:00:00,2023-10-09 16:00:00,1.0523,1.05486,1.05486,1.04718,0.3001,-25.6,-76.83,-76.83,5,stop_loss,13.97841,0.00171,-1.26986,-0.05696,london,2023
EURUSD,-1,2023-10-10 19:00:00,2023-10-11 05:00:00,1.06172,1.06078,1.06411,1.05693,0.3178,9.4,29.87,29.87,10,time_exit,17.36566,0.0016,3.21666,0.86636,new_york,2023
EURUSD,-1,2023-10-11 06:00:00,2023-10-11 10:00:00,1.06078,1.06265,1.06265,1.05704,0.4079,-18.7,-76.38,-76.38,4,stop_loss,14.60288,0.00125,2.22696,1.79973,,2023
EURUSD,1,2023-10-11 21:00:00,2023-10-12 07:00:00,1.05926,1.0631,1.05687,1.06404,0.3166,38.4,121.57,121.57,10,time_exit,16.10102,0.00159,0.00219,1.77089,new_york,2023
EURUSD,1,2023-10-13 03:00:00,2023-10-13 13:00:00,1.05362,1.0518,1.0518,1.05726,0.4218,-18.2,-76.82,-76.82,10,stop_loss,40.22003,0.00121,-3.8422,0.98143,,2023
EURUSD,1,2023-10-13 15:00:00,2023-10-13 17:00:00,1.05248,1.05055,1.05055,1.05634,0.3939,-19.3,-76.05,-76.05,2,stop_loss,37.11707,0.00129,-3.22188,-0.07415,london,2023
EURUSD,1,2023-10-17 01:00:00,2023-10-17 09:00:00,1.05582,1.05417,1.05417,1.05912,0.4568,-16.5,-75.3,-75.3,8,stop_loss,30.98277,0.0011,1.3299,-1.18272,,2023
EURUSD,-1,2023-10-17 23:00:00,2023-10-18 09:00:00,1.0577,1.0579,1.06007,1.05296,0.3148,-2.0,-6.3,-6.3,10,time_exit,27.8189,0.00158,1.49638,-0.24018,,2023
EURUSD,1,2023-10-19 02:00:00,2023-10-19 12:00:00,1.05373,1.05445,1.05181,1.05757,0.388,7.2,27.94,27.93,10,time_exit,15.30943,0.00128,-1.34167,-0.23827,,2023
EURUSD,-1,2023-10-19 15:00:00,2023-10-19 16:00:00,1.05578,1.05738,1.05738,1.05259,0.4682,-16.0,-74.75,-74.76,1,stop_loss,13.10242,0.00106,0.85396,-0.61672,london,2023
EURUSD,1,2023-10-20 00:00:00,2023-10-20 10:00:00,1.05819,1.05707,1.05585,1.06287,0.3164,-11.2,-35.44,-35.44,10,time_exit,32.58008,0.00156,1.48496,0.08198,,2023
EURUSD,-1,2023-10-20 14:00:00,2023-10-20 20:00:00,1.05854,1.06037,1.06037,1.05488,0.4021,-18.3,-73.66,-73.66,6,stop_loss,31.96399,0.00122,1.44543,0.59414,london,2023
EURUSD,-1,2023-10-20 20:00:00,2023-10-23 06:00:00,1.05897,1.0575,1.06106,1.05479,0.3486,14.7,51.24,51.24,10,time_exit,24.05909,0.00139,1.26936,0.70673,new_york,2023
EURUSD,1,2023-10-23 16:00:00,2023-10-23 19:00:00,1.06098,1.06474,1.0591,1.06474,0.3902,37.6,146.87,146.87,3,take_profit,23.35817,0.00125,2.16017,1.22976,new_york,2023
EURUSD,1,2023-10-23 20:00:00,2023-10-24 06:00:00,1.06644,1.06826,1.06416,1.071,0.3286,18.2,59.81,59.8,10,time_exit,31.96852,0.00152,4.86262,1.36508,new_york,2023
EURUSD,1,2023-10-24 19:00:00,2023-10-25 05:00:00,1.05938,1.06036,1.05692,1.0643,0.3072,9.8,30.11,30.1,10,time_exit,39.50635,0.00164,-1.94982,2.35641,new_york,2023
EURUSD,-1,2023-10-25 18:00:00,2023-10-26 04:00:00,1.05851,1.0555,1.06037,1.05478,0.4066,30.1,122.39,122.38,10,time_exit,34.17613,0.00124,-1.43747,1.23928,new_york,2023
EURUSD,-1,2023-10-26 08:00:00,2023-10-26 16:00:00,1.05457,1.05598,1.05598,1.05174,0.5445,-14.1,-77.03,-77.03,8,stop_loss,37.89564,0.00094,-4.17101,0.08816,london,2023
EURUSD,1,2023-10-30 05:00:00,2023-10-30 15:00:00,1.05638,1.06008,1.05453,1.06008,0.4121,37.0,152.52,152.52,10,take_profit,15.45432,0.00123,-0.1717,-0.74904,,2023
EURUSD,-1,2023-10-30 22:00:00,2023-10-31 08:00:00,1.06178,1.05987,1.06401,1.05732,0.3487,19.1,66.6,66.6,10,time_exit,25.25379,0.00149,2.7098,0.04105,,2023
EURUSD,-1,2023-11-01 08:00:00,2023-11-01 16:00:00,1.05672,1.05306,1.05855,1.05306,0.4284,36.6,156.91,156.9,8,take_profit,25.15708,0.00122,-1.79651,0.50583,london,2023
EURUSD,-1,2023-11-01 22:00:00,2023-11-01 23:00:00,1.0542,1.05661,1.05661,1.04938,0.3323,-24.1,-80.01,-80.01,1,stop_loss,22.37002,0.00161,-1.78955,-0.4735,,2023
EURUSD,1,2023-11-02 08:00:00,2023-11-02 13:00:00,1.05961,1.06344,1.05769,1.06344,0.4132,38.3,158.44,158.44,5,take_profit,26.39379,0.00128,1.54689,-0.22426,london,2023
EURUSD,1,2023-11-03 18:00:00,2023-11-06 04:00:00,1.072,1.0733,1.06927,1.07746,0.2959,13.0,38.47,38.46,10,time_exit,36.04477,0.00182,5.22521,1.60612,new_york,2023
EURUSD,-1,2023-11-07 23:00:00,2023-11-08 09:00:00,1.06947,1.06804,1.07131,1.0658,0.4421,14.3,63.22,63.22,10,time_exit,32.53894,0.00122,-0.16643,4.24853,,2023
EURUSD,-1,2023-11-09 00:00:00,2023-11-09 10:00:00,1.07071,1.07017,1.07239,1.06735,0.4868,5.4,26.29,26.29,10,time_exit,22.68484,0.00112,1.32577,3.47133,,2023
EURUSD,-1,2023-11-10 08:00:00,2023-11-10 12:00:00,1.06692,1.06852,1.06852,1.06372,0.5126,-16.0,-82.07,-82.08,4,stop_loss,27.70305,0.00107,-1.8273,2.24925,london,2023
EURUSD,-1,2023-11-15 03:00:00,2023-11-15 13:00:00,1.08696,1.08661,1.0892,1.08248,0.3629,3.5,12.7,12.7,10,time_exit,56.67478,0.00149,7.36079,4.18881,,2023
EURUSD,-1,2023-11-15 23:00:00,2023-11-16 09:00:00,1.08429,1.0841,1.08658,1.07971,0.3551,1.9,6.75,6.74,10,time_exit,38.38628,0.00153,1.85709,5.74223,,2023
EURUSD,-1,2023-11-20 01:00:00,2023-11-20 06:00:00,1.09087,1.09287,1.09287,1.08686,0.4065,-20.0,-81.45,-81.45,5,stop_loss,24.50759,0.00134,3.48452,6.11734,,2023
EURUSD,1,2023-11-20 21:00:00,2023-11-21 07:00:00,1.09454,1.0956,1.0926,1.09843,0.4147,10.6,43.96,43.96,10,time_exit,47.28984,0.0013,3.63804,7.05876,new_york,2023
EURUSD,-1,2023-11-21 10:00:00,2023-11-21 19:00:00,1.0954,1.0922,1.097,1.0922,0.5071,32.0,162.16,162.16,9,take_profit,54.18249,0.00107,3.19647,8.97603,london,2023
EURUSD,1,2023-11-21 21:00:00,2023-11-22 07:00:00,1.09087,1.09074,1.08882,1.09498,0.4027,-1.3,-5.24,-5.24,10,time_exit,37.31635,0.00137,-1.23916,6.5447,new_york,2023
EURUSD,1,2023-11-23 20:00:00,2023-11-24 06:00:00,1.09059,1.09037,1.08888,1.09402,0.482,-2.2,-10.6,-10.61,10,time_exit,19.21154,0.00114,0.00338,3.966,new_york,2023
EURUSD,1,2023-11-24 07:00:00,2023-11-24 16:00:00,1.09037,1.09283,1.08914,1.09283,0.6699,24.6,165.07,165.07,9,take_profit,13.82904,0.00082,-0.15091,4.8456,london,2023
EURUSD,-1,2023-11-27 02:00:00,2023-11-27 08:00:00,1.09396,1.09551,1.09551,1.09086,0.5429,-15.5,-84.2,-84.2,6,stop_loss,26.60126,0.00103,2.04499,4.10144,,2023
EURUSD,-1,2023-11-27 17:00:00,2023-11-27 21:00:00,1.09286,1.09455,1.09455,1.08948,0.4935,-16.9,-83.34,-83.35,4,stop_loss,24.65458,0.00113,-0.21356,3.98828,new_york,2023
EURUSD,1,2023-11-28 12:00:00,2023-11-28 16:00:00,1.09537,1.09807,1.09402,1.09807,0.6103,27.0,165.04,165.04,4,take_profit,17.21617,0.0009,1.41765,4.89822,london,2023
EURUSD,-1,2023-12-01 13:00:00,2023-12-01 16:00:00,1.08907,1.08497,1.09112,1.08497,0.4109,41.0,168.34,168.33,3,take_profit,25.92444,0.00137,-2.57964,0.28708,london,2023
EURUSD,-1,2023-12-01 16:00:00,2023-12-01 20:00:00,1.08674,1.08896,1.08896,1.08229,0.3859,-22.2,-85.85,-85.85,4,stop_loss,29.19919,0.00148,-3.5712,-0.00122,new_york,2023
EURUSD,-1,2023-12-05 06:00:00,2023-12-05 16:00:00,1.08404,1.08024,1.08594,1.08024,0.4469,38.0,170.0,170.0,10,take_profit,34.13885,0.00127,-1.96121,-2.71869,,2023
EURUSD,1,2023-12-07 00:00:00,2023-12-07 10:00:00,1.0762,1.07802,1.07433,1.07994,0.4639,18.2,84.43,84.43,10,time_exit,24.5972,0.00125,-3.27202,-4.77887,,2023
EURUSD,1,2023-12-07 13:00:00,2023-12-07 19:00:00,1.07712,1.08057,1.0754,1.08057,0.5078,34.5,175.06,175.05,6,take_profit,20.97949,0.00115,-1.66901,-5.42634,london,2023
EURUSD,1,2023-12-08 15:00:00,2023-12-08 16:00:00,1.07774,1.07597,1.07597,1.08128,0.5044,-17.7,-89.29,-89.29,1,stop_loss,12.41714,0.00118,-0.90041,-4.21822,london,2023
EURUSD,-1,2023-12-08 19:00:00,2023-12-11 02:00:00,1.07449,1.07718,1.07718,1.06911,0.3287,-26.9,-88.4,-88.4,7,stop_loss,17.71794,0.00179,-2.11112,-2.8878,new_york,2023
EURUSD,1,2023-12-11 15:00:00,2023-12-11 17:00:00,1.07611,1.07432,1.07432,1.07968,0.4896,-17.9,-87.51,-87.51,2,stop_loss,10.86374,0.00119,-0.97242,-4.10746,london,2023
EURUSD,1,2023-12-11 23:00:00,2023-12-12 09:00:00,1.07643,1.07777,1.07457,1.08015,0.4654,13.4,62.36,62.36,10,time_exit,12.98483,0.00124,-0.2574,-3.91716,,2023
EURUSD,-1,2023-12-19 22:00:00,2023-12-20 08:00:00,1.09763,1.0959,1.09948,1.09394,0.4723,17.3,81.71,81.71,10,time_exit,33.43519,0.00123,3.16494,4.15771,,2023
EURUSD,1,2023-12-21 13:00:00,2023-12-21 15:00:00,1.0954,1.09871,1.09374,1.09871,0.5314,33.1,176.15,176.15,2,take_profit,13.6446,0.0011,0.36332,3.73471,london,2023
EURUSD,1,2023-12-22 13:00:00,2023-12-22 19:00:00,1.10192,1.10015,1.10015,1.10546,0.5069,-17.7,-89.83,-89.83,6,stop_loss,20.23,0.00118,3.27068,4.46991,london,2023
EURUSD,-1,2023-12-26 00:00:00,2023-12-26 01:00:00,1.10017,1.10218,1.10218,1.09615,0.4419,-20.1,-88.93,-88.93,1,stop_loss,16.3402,0.00134,1.4845,4.21473,,2023
EURUSD,-1,2023-12-26 18:00:00,2023-12-26 20:00:00,1.10248,1.10392,1.10392,1.0996,0.6106,-14.4,-88.04,-88.04,2,stop_loss,11.47497,0.00096,1.8372,5.86335,new_york,2023
EURUSD,1,2023-12-27 15:00:00,2023-12-27 16:00:00,1.10684,1.1096,1.10546,1.1096,0.6326,27.6,174.33,174.33,1,take_profit,21.37167,0.00092,4.30677,6.56729,london,2023
EURUSD,1,2023-12-29 01:00:00,2023-12-29 11:00:00,1.10611,1.10492,1.10398,1.11036,0.4181,-11.9,-49.75,-49.76,10,time_exit,38.14844,0.00142,-1.20715,5.09217,,2023
EURUSD,1,2024-01-02 23:00:00,2024-01-03 09:00:00,1.09431,1.09605,1.09193,1.09908,0.371,17.4,64.55,64.55,10,time_exit,40.92002,0.00159,-4.68053,0.34088,,2024
EURUSD,-1,2024-01-03 20:00:00,2024-01-04 05:00:00,1.09066,1.09292,1.09292,1.08614,0.3938,-22.6,-89.05,-89.05,9,stop_loss,35.73429,0.00151,-4.19305,-1.85077,new_york,2024
EURUSD,-1,2024-01-04 16:00:00,2024-01-05 02:00:00,1.09472,1.0951,1.0968,1.09056,0.4241,-3.8,-16.12,-16.12,10,time_exit,23.85271,0.00139,-0.27192,-2.53399,new_york,2024
EURUSD,1,2024-01-05 03:00:00,2024-01-05 08:00:00,1.0951,1.09341,1.09341,1.09849,0.5195,-16.9,-88.01,-88.01,5,stop_loss,14.97365,0.00113,0.06406,-2.83022,,2024
EURUSD,1,2024-01-05 09:00:00,2024-01-05 10:00:00,1.09279,1.09131,1.09131,1.09575,0.5894,-14.8,-87.13,-87.13,1,stop_loss,14.65338,0.00099,-2.04042,-3.22383,london,2024
EURUSD,-1,2024-01-05 10:00:00,2024-01-05 15:00:00,1.09229,1.08931,1.09378,1.08931,0.5791,29.8,172.52,172.51,5,take_profit,15.82706,0.00099,-2.39075,-3.2406,london,2024
EURUSD,1,2024-01-08 06:00:00,2024-01-08 16:00:00,1.0933,1.09603,1.09117,1.09756,0.413,27.3,112.75,112.75,10,time_exit,12.77922,0.00142,-0.68051,-2.04057,,2024
EURUSD,-1,2024-01-09 01:00:00,2024-01-09 11:00:00,1.09488,1.09442,1.09677,1.0911,0.4713,4.6,21.68,21.68,10,time_exit,9.95173,0.00126,0.14307,-1.63197,,2024
EURUSD,1,2024-01-11 05:00:00,2024-01-11 11:00:00,1.09782,1.09636,1.09636,1.10074,0.6117,-14.6,-89.33,-89.33,6,stop_loss,18.71349,0.00097,2.66537,-0.80681,,2024
EURUSD,1,2024-01-11 14:00:00,2024-01-11 15:00:00,1.09792,1.09639,1.09639,1.10098,0.5785,-15.3,-88.44,-88.44,1,stop_loss,20.98713,0.00102,1.89678,-0.19979,london,2024
EURUSD,-1,2024-01-12 09:00:00,2024-01-12 14:00:00,1.09771,1.09392,1.0996,1.09392,0.462,37.9,175.09,175.09,5,take_profit,10.62677,0.00126,0.76905,0.20142,london,2024
EURUSD,-1,2024-01-12 16:00:00,2024-01-12 17:00:00,1.09554,1.09777,1.09777,1.09107,0.4,-22.3,-89.31,-89.31,1,stop_loss,14.78123,0.00149,-0.53535,0.06394,new_york,2024
EURUSD,-1,2024-01-12 17:00:00,2024-01-15 03:00:00,1.09757,1.09548,1.09999,1.09274,0.3657,20.9,76.43,76.43,10,time_exit,14.06868,0.00161,0.72333,0.0805,new_york,2024
EURUSD,1,2024-01-15 03:00:00,2024-01-15 12:00:00,1.09534,1.09337,1.09337,1.09927,0.4536,-19.7,-89.17,-89.17,9,stop_loss,11.90715,0.00131,-0.52875,-0.10389,,2024
EURUSD,1,2024-01-16 10:00:00,2024-01-16 11:00:00,1.09184,1.09033,1.09033,1.09486,0.5838,-15.1,-88.28,-88.28,1,stop_loss,34.57901,0.00101,-2.6747,-1.13157,london,2024
EURUSD,1,2024-01-16 20:00:00,2024-01-17 06:00:00,1.0863,1.0871,1.08387,1.09115,0.36,8.0,28.8,28.8,10,time_exit,49.89558,0.00162,-3.79346,-1.56387,new_york,2024
EURUSD,-1,2024-01-18 06:00:00,2024-01-18 15:00:00,1.08953,1.086,1.09129,1.086,0.4972,35.3,175.36,175.36,9,take_profit,25.76417,0.00118,0.59837,-3.36873,,2024
EURUSD,1,2024-01-19 02:00:00,2024-01-19 12:00:00,1.088,1.0881,1.08596,1.09208,0.4385,1.0,4.38,4.38,10,time_exit,20.46685,0.00136,-0.02276,-2.80149,,2024
EURUSD,1,2024-01-22 16:00:00,2024-01-23 02:00:00,1.08917,1.08761,1.08761,1.09228,0.575,-15.6,-89.48,-89.48,10,stop_loss,11.44072,0.00104,0.18211,-1.9175,new_york,2024
EURUSD,1,2024-01-26 16:00:00,2024-01-29 00:00:00,1.08721,1.08509,1.08509,1.09145,0.4182,-21.2,-88.58,-88.59,8,stop_loss,23.91886,0.00141,0.80258,-1.64749,new_york,2024
EURUSD,1,2024-01-30 04:00:00,2024-01-30 08:00:00,1.0835,1.08194,1.08194,1.08662,0.5614,-15.6,-87.69,-87.7,4,stop_loss,20.72567,0.00104,-0.36028,-2.93059,,2024
EURUSD,1,2024-01-30 15:00:00,2024-01-30 16:00:00,1.08477,1.08311,1.08311,1.08809,0.5236,-16.6,-86.82,-86.82,1,stop_loss,16.07211,0.00111,1.0707,-2.65964,london,2024
EURUSD,1,2024-02-02 14:00:00,2024-02-02 15:00:00,1.08838,1.0866,1.0866,1.09195,0.4822,-17.8,-85.96,-85.96,1,stop_loss,36.31819,0.00119,2.64483,-0.14303,london,2024
EURUSD,-1,2024-02-05 05:00:00,2024-02-05 15:00:00,1.07789,1.07376,1.07996,1.07376,0.4116,41.3,170.19,170.19,10,take_profit,45.69066,0.00138,-3.34361,-1.49667,,2024
EURUSD,1,2024-02-06 13:00:00,2024-02-06 23:00:00,1.07293,1.07542,1.07147,1.07585,0.5952,24.9,148.2,148.2,10,time_exit,41.0272,0.00097,-4.04399,-5.20182,london,2024
EURUSD,1,2024-02-07 08:00:00,2024-02-07 18:00:00,1.07628,1.07677,1.07505,1.07873,0.7196,4.9,35.26,35.26,10,time_exit,15.53431,0.00082,0.2703,-5.74738,london,2024
EURUSD,1,2024-02-08 00:00:00,2024-02-08 10:00:00,1.07696,1.07774,1.07553,1.07982,0.6194,7.8,48.31,48.31,10,time_exit,18.5665,0.00095,0.89549,-3.91677,,2024
EURUSD,1,2024-02-08 18:00:00,2024-02-09 04:00:00,1.07613,1.07763,1.07437,1.07966,0.5054,15.0,75.81,75.81,10,time_exit,22.74134,0.00118,-0.5885,-2.45418,new_york,2024
EURUSD,1,2024-02-12 00:00:00,2024-02-12 09:00:00,1.07767,1.08047,1.07627,1.08047,0.6426,28.0,179.73,179.73,9,take_profit,21.24566,0.00093,1.1095,-1.80556,,2024
EURUSD,1,2024-02-13 02:00:00,2024-02-13 11:00:00,1.0772,1.07575,1.07575,1.08011,0.6304,-14.5,-91.67,-91.67,9,stop_loss,19.56212,0.00097,-0.54035,-1.23503,,2024
EURUSD,1,2024-02-13 15:00:00,2024-02-13 16:00:00,1.07856,1.07721,1.07721,1.08127,0.6701,-13.5,-90.75,-90.76,1,stop_loss,18.62458,0.0009,1.22604,-1.36781,london,2024
EURUSD,-1,2024-02-14 17:00:00,2024-02-14 18:00:00,1.07162,1.07318,1.07318,1.0685,0.5768,-15.6,-89.85,-89.85,1,stop_loss,35.75751,0.00104,-1.57917,-3.53199,new_york,2024
EURUSD,-1,2024-02-14 23:00:00,2024-02-15 09:00:00,1.07275,1.07331,1.07415,1.06994,0.634,-5.6,-35.5,-35.51,10,time_exit,26.19143,0.00094,-0.41355,-3.76589,,2024
EURUSD,1,2024-02-16 06:00:00,2024-02-16 15:00:00,1.07601,1.07474,1.07474,1.07854,0.6995,-12.7,-88.59,-88.59,9,stop_loss,41.86454,0.00084,1.48608,-1.75643,,2024
EURUSD,1,2024-02-19 20:00:00,2024-02-20 04:00:00,1.07761,1.07629,1.07629,1.08025,0.6652,-13.2,-87.71,-87.71,8,stop_loss,11.59609,0.00088,0.91668,0.27142,new_york,2024
EURUSD,-1,2024-02-20 17:00:00,2024-02-21 03:00:00,1.08291,1.0812,1.08457,1.07959,0.5229,17.1,89.42,89.41,10,time_exit,25.51685,0.00111,4.57847,0.83502,new_york,2024
EURUSD,1,2024-02-21 17:00:00,2024-02-21 20:00:00,1.0813,1.08004,1.08004,1.08382,0.6952,-12.6,-87.72,-87.72,3,stop_loss,23.19012,0.00084,1.90203,2.31925,new_york,2024
EURUSD,1,2024-02-23 07:00:00,2024-02-23 17:00:00,1.08256,1.08207,1.08111,1.08545,0.6001,-4.9,-29.4,-29.41,10,time_exit,12.87238,0.00096,0.48349,2.83708,london,2024
EURUSD,1,2024-02-23 21:00:00,2024-02-26 07:00:00,1.08266,1.08232,1.08117,1.08565,0.5791,-3.4,-19.69,-19.69,10,time_exit,10.58508,0.001,0.34969,2.54852,new_york,2024
EURUSD,-1,2024-02-26 15:00:00,2024-02-27 01:00:00,1.08496,1.08504,1.08622,1.08245,0.6877,-0.8,-5.5,-5.5,10,time_exit,21.13114,0.00084,2.77812,2.84166,london,2024
EURUSD,-1,2024-02-27 11:00:00,2024-02-27 17:00:00,1.08576,1.08352,1.08688,1.08352,0.7691,22.4,172.61,172.61,6,take_profit,15.86693,0.00075,2.32717,3.83391,london,2024
EURUSD,1,2024-02-28 05:00:00,2024-02-28 07:00:00,1.08376,1.08263,1.08263,1.08601,0.7815,-11.3,-88.03,-88.03,2,stop_loss,19.2055,0.00075,-0.76845,3.46247,,2024
EURUSD,-1,2024-02-29 06:00:00,2024-02-29 11:00:00,1.08369,1.08497,1.08497,1.08114,0.6827,-12.8,-87.14,-87.14,5,stop_loss,23.62607,0.00085,0.20096,1.79608,,2024
EURUSD,-1,2024-03-01 05:00:00,2024-03-01 15:00:00,1.08185,1.08129,1.08342,1.07871,0.5487,5.6,30.73,30.73,10,time_exit,23.24136,0.00105,-0.73023,0.53758,,2024
EURUSD,1,2024-03-05 19:00:00,2024-03-06 03:00:00,1.0861,1.08467,1.08467,1.08897,0.6039,-14.3,-86.58,-86.58,8,stop_loss,15.28317,0.00096,1.46726,1.64319,new_york,2024
EURUSD,1,2024-03-07 07:00:00,2024-03-07 10:00:00,1.09036,1.08912,1.08912,1.09284,0.6914,-12.4,-85.71,-85.71,3,stop_loss,31.92904,0.00083,3.35569,3.6469,london,2024
EURUSD,1,2024-03-07 14:00:00,2024-03-07 15:00:00,1.0894,1.08811,1.08811,1.09198,0.6581,-12.9,-84.86,-84.86,1,stop_loss,24.00043,0.00086,1.48659,3.71905,london,2024
EURUSD,-1,2024-03-08 02:00:00,2024-03-08 12:00:00,1.09512,1.09336,1.09677,1.09182,0.5088,17.6,89.55,89.55,10,time_exit,24.48528,0.0011,4.51938,3.87008,,2024
EURUSD,-1,2024-03-08 21:00:00,2024-03-11 07:00:00,1.09371,1.09387,1.09579,1.08955,0.4087,-1.6,-6.54,-6.54,10,time_exit,24.7671,0.00139,0.95851,3.64158,new_york,2024
EURUSD,-1,2024-03-13 07:00:00,2024-03-13 14:00:00,1.09279,1.09384,1.09384,1.09069,0.8073,-10.5,-84.84,-84.84,7,stop_loss,32.88602,0.0007,0.03743,4.17159,london,2024
EURUSD,1,2024-03-13 22:00:00,2024-03-14 08:00:00,1.09509,1.09397,1.09373,1.0978,0.6194,-11.2,-69.37,-69.37,10,time_exit,24.93828,0.0009,2.04957,3.164,,2024
EURUSD,-1,2024-03-15 05:00:00,2024-03-15 12:00:00,1.08772,1.08895,1.08895,1.08526,0.6774,-12.3,-83.3,-83.3,7,stop_loss,51.86651,0.00082,-4.82342,1.13838,,2024
EURUSD,1,2024-03-18 10:00:00,2024-03-18 19:00:00,1.08891,1.08796,1.08796,1.09081,0.8662,-9.5,-82.46,-82.46,9,stop_loss,29.32201,0.00063,-1.08177,-0.9529,london,2024
EURUSD,-1,2024-03-19 08:00:00,2024-03-19 11:00:00,1.08707,1.0851,1.08806,1.0851,0.828,19.7,163.28,163.28,3,take_profit,29.93874,0.00066,-2.24969,-1.84613,london,2024
EURUSD,1,2024-03-19 23:00:00,2024-03-20 09:00:00,1.08649,1.08704,1.08526,1.08894,0.6794,5.5,37.37,37.37,10,time_exit,28.12609,0.00082,-0.94854,-2.35707,,2024
EURUSD,-1,2024-03-20 17:00:00,2024-03-20 18:00:00,1.08446,1.08558,1.08558,1.08222,0.7459,-11.2,-83.64,-83.64,1,stop_loss,28.53811,0.00075,-2.66286,-2.92182,new_york,2024
EURUSD,1,2024-03-20 23:00:00,2024-03-21 09:00:00,1.0921,1.09378,1.09036,1.09557,0.477,16.8,80.14,80.13,10,time_exit,28.76393,0.00116,4.60767,-1.57147,,2024
EURUSD,-1,2024-03-22 01:00:00,2024-03-22 10:00:00,1.086,1.08246,1.08777,1.08246,0.473,35.4,167.24,167.24,9,take_profit,40.10286,0.00118,-2.19799,-0.31355,,2024
EURUSD,-1,2024-03-25 08:00:00,2024-03-25 14:00:00,1.08131,1.08262,1.08262,1.07869,0.6518,-13.1,-85.29,-85.29,6,stop_loss,44.57713,0.00087,-2.86516,-3.83578,london,2024
EURUSD,-1,2024-03-26 05:00:00,2024-03-26 09:00:00,1.08406,1.08505,1.08505,1.08207,0.8489,-9.9,-84.43,-84.43,4,stop_loss,22.11585,0.00066,0.81863,-4.34478,,2024
EURUSD,-1,2024-03-28 01:00:00,2024-03-28 10:00:00,1.08261,1.08039,1.08372,1.08039,0.7524,22.2,167.17,167.17,9,take_profit,18.14897,0.00074,-0.52004,-3.04784,,2024
EURUSD,1,2024-03-29 18:00:00,2024-04-01 04:00:00,1.07946,1.07868,1.07802,1.08233,0.5941,-7.8,-46.34,-46.34,10,time_exit,27.64888,0.00096,-0.33603,-3.64194,new_york,2024
EURUSD,1,2024-04-01 12:00:00,2024-04-01 15:00:00,1.07899,1.07783,1.07783,1.08131,0.7304,-11.6,-84.8,-84.8,3,stop_loss,18.81051,0.00077,-0.40935,-4.17906,london,2024
EURUSD,-1,2024-04-01 16:00:00,2024-04-01 17:00:00,1.07819,1.0759,1.07933,1.0759,0.7344,22.9,167.9,167.9,1,take_profit,15.91728,0.00076,-1.27746,-4.21635,new_york,2024
EURUSD,1,2024-04-03 03:00:00,2024-04-03 13:00:00,1.07681,1.07756,1.07561,1.07921,0.715,7.5,53.63,53.62,10,time_exit,34.58752,0.0008,0.69325,-4.92784,,2024
EURUSD,1,2024-04-03 23:00:00,2024-04-04 09:00:00,1.08337,1.08401,1.08187,1.08636,0.5761,6.4,36.87,36.87,10,time_exit,41.65394,0.001,5.23166,-1.88842,,2024
EURUSD,-1,2024-04-04 09:00:00,2024-04-04 10:00:00,1.08419,1.08529,1.08529,1.08198,0.7832,-11.0,-86.54,-86.54,1,stop_loss,49.03832,0.00074,5.57893,-0.43914,london,2024
EURUSD,-1,2024-04-04 14:00:00,2024-04-04 16:00:00,1.08599,1.08725,1.08725,1.08348,0.6813,-12.6,-85.66,-85.66,2,stop_loss,52.85328,0.00084,5.84509,0.50627,london,2024
EURUSD,-1,2024-04-05 04:00:00,2024-04-05 14:00:00,1.08417,1.08352,1.08557,1.08138,0.6079,6.5,39.51,39.51,10,time_exit,38.63578,0.00093,1.53834,1.61804,,2024
EURUSD,-1,2024-04-05 14:00:00,2024-04-05 15:00:00,1.08345,1.08472,1.08472,1.08091,0.6714,-12.7,-85.21,-85.21,1,stop_loss_ambiguous,27.03886,0.00085,0.72072,1.74087,london,2024
EURUSD,1,2024-04-08 00:00:00,2024-04-08 10:00:00,1.08357,1.08323,1.08176,1.08719,0.4665,-3.4,-15.86,-15.86,10,time_exit,17.87733,0.00121,0.6473,1.11018,,2024
EURUSD,-1,2024-04-08 13:00:00,2024-04-08 16:00:00,1.08281,1.08426,1.08426,1.07992,0.5818,-14.5,-84.19,-84.19,3,stop_loss,11.80339,0.00096,-0.20673,1.30297,london,2024
EURUSD,1,2024-04-11 03:00:00,2024-04-11 13:00:00,1.07412,1.07299,1.07222,1.07793,0.4377,-11.3,-49.46,-49.46,10,time_exit,44.33278,0.00127,-5.60994,-0.84179,,2024
EURUSD,-1,2024-04-12 14:00:00,2024-04-15 00:00:00,1.0647,1.06324,1.06655,1.061,0.4475,14.6,65.34,65.33,10,time_exit,44.2684,0.00123,-7.33268,-4.44937,london,2024
EURUSD,-1,2024-04-15 06:00:00,2024-04-15 16:00:00,1.06507,1.06371,1.06682,1.06156,0.4761,13.6,64.75,64.75,10,time_exit,51.88929,0.00117,-3.62258,-6.61013,,2024
EURUSD,-1,2024-04-15 21:00:00,2024-04-16 07:00:00,1.0629,1.06141,1.06499,1.05873,0.4035,14.9,60.12,60.12,10,time_exit,32.28356,0.00139,-3.10461,-5.84066,new_york,2024
EURUSD,1,2024-04-16 07:00:00,2024-04-16 14:00:00,1.06114,1.06428,1.05957,1.06428,0.5398,31.4,169.52,169.52,7,take_profit,34.96141,0.00105,-4.15933,-8.18662,london,2024
EURUSD,-1,2024-04-17 09:00:00,2024-04-17 10:00:00,1.06119,1.06286,1.06286,1.05784,0.5167,-16.7,-86.45,-86.46,1,stop_loss,15.2563,0.00112,-2.07759,-7.07418,london,2024
EURUSD,-1,2024-04-18 00:00:00,2024-04-18 10:00:00,1.06721,1.06812,1.06917,1.06328,0.4357,-9.1,-39.65,-39.65,10,time_exit,21.41104,0.00131,2.38283,-4.8235,,2024
EURUSD,-1,2024-04-18 20:00:00,2024-04-19 04:00:00,1.06534,1.06193,1.06704,1.06193,0.4997,34.1,170.39,170.39,8,take_profit,25.18969,0.00114,-0.32301,-3.65307,new_york,2024
EURUSD,-1,2024-04-19 10:00:00,2024-04-19 15:00:00,1.0645,1.06631,1.06631,1.06088,0.4799,-18.1,-86.89,-86.9,5,stop_loss,29.57359,0.00121,-0.29393,-3.48685,london,2024
EURUSD,1,2024-04-23 08:00:00,2024-04-23 09:00:00,1.06553,1.06435,1.06435,1.06789,0.7295,-11.8,-86.02,-86.03,1,stop_loss,14.22805,0.00079,0.23999,-3.05496,london,2024
EURUSD,-1,2024-04-23 16:00:00,2024-04-23 17:00:00,1.06721,1.06906,1.06906,1.06351,0.4609,-18.5,-85.16,-85.16,1,stop_loss,18.22687,0.00123,1.28122,-1.62776,new_york,2024
EURUSD,1,2024-04-24 07:00:00,2024-04-24 10:00:00,1.07062,1.06915,1.06915,1.07356,0.5741,-14.7,-84.31,-84.31,3,stop_loss,37.67372,0.00098,2.89261,-0.23427,london,2024
EURUSD,1,2024-04-24 11:00:00,2024-04-24 21:00:00,1.06884,1.06932,1.06741,1.07169,0.5854,4.8,28.1,28.1,10,time_exit,33.29243,0.00095,0.80671,-0.0123,london,2024
EURUSD,1,2024-04-25 12:00:00,2024-04-25 15:00:00,1.07259,1.07126,1.07126,1.07526,0.6278,-13.3,-83.76,-83.76,3,stop_loss,23.95251,0.00089,3.5145,1.0669,london,2024
EURUSD,1,2024-04-25 17:00:00,2024-04-26 03:00:00,1.07008,1.07275,1.0681,1.07403,0.4196,26.7,112.03,112.03,10,time_exit,27.63734,0.00132,0.20994,0.86046,new_york,2024
EURUSD,1,2024-04-26 17:00:00,2024-04-26 18:00:00,1.07075,1.06879,1.06879,1.07467,0.4289,-19.6,-84.04,-84.04,1,stop_loss,16.10524,0.00131,-0.57221,1.5419,new_york,2024
EURUSD,-1,2024-04-29 01:00:00,2024-04-29 04:00:00,1.06944,1.07147,1.07147,1.06538,0.41,-20.3,-83.2,-83.2,3,stop_loss,15.59272,0.00135,-1.09628,1.06528,,2024
EURUSD,1,2024-04-29 06:00:00,2024-04-29 12:00:00,1.07176,1.07,1.07,1.07527,0.4691,-17.6,-82.36,-82.36,6,stop_loss,12.68365,0.00117,0.6952,1.18664,,2024
EURUSD,1,2024-04-30 14:00:00,2024-04-30 15:00:00,1.07283,1.0711,1.0711,1.07628,0.4724,-17.3,-81.53,-81.54,1,stop_loss,17.07727,0.00115,1.34359,1.04922,london,2024
EURUSD,-1,2024-05-02 03:00:00,2024-05-02 13:00:00,1.07171,1.07039,1.07409,1.06695,0.3388,13.2,44.72,44.72,10,time_exit,36.37612,0.00159,1.69516,-0.27911,,2024
EURUSD,1,2024-05-03 19:00:00,2024-05-06 05:00:00,1.07692,1.07654,1.07443,1.0819,0.3257,-3.8,-12.38,-12.38,10,time_exit,32.74543,0.00166,2.58164,1.22591,new_york,2024
EURUSD,-1,2024-05-08 03:00:00,2024-05-08 13:00:00,1.075,1.0749,1.07623,1.07254,0.6586,1.0,6.59,6.58,10,time_exit,17.86885,0.00082,-1.32121,3.52946,,2024
EURUSD,-1,2024-05-08 13:00:00,2024-05-08 23:00:00,1.07514,1.07482,1.07628,1.07287,0.7133,3.2,22.83,22.82,10,time_exit,19.34542,0.00076,-0.48562,2.91699,london,2024
EURUSD,-1,2024-05-09 04:00:00,2024-05-09 14:00:00,1.07433,1.07241,1.07529,1.07241,0.8469,19.2,162.69,162.69,10,take_profit,9.93747,0.00064,-1.30856,2.60234,,2024
EURUSD,-1,2024-05-09 20:00:00,2024-05-10 06:00:00,1.0776,1.07761,1.07913,1.07453,0.5405,-0.1,-0.54,-0.54,10,time_exit,22.07203,0.00102,2.45895,1.35025,new_york,2024
EURUSD,1,2024-05-10 06:00:00,2024-05-10 16:00:00,1.07741,1.07875,1.07629,1.07964,0.7428,13.4,99.54,99.53,10,time_exit,29.66756,0.00074,1.83606,2.59382,,2024
EURUSD,1,2024-05-10 23:00:00,2024-05-13 09:00:00,1.07719,1.07703,1.07587,1.07982,0.6374,-1.6,-10.2,-10.2,10,time_exit,19.51607,0.00088,0.4466,2.43846,,2024
EURUSD,-1,2024-05-13 10:00:00,2024-05-13 11:00:00,1.07702,1.07803,1.07803,1.07501,0.8327,-10.1,-83.86,-83.86,1,stop_loss,11.42415,0.00067,0.20196,2.95947,london,2024
EURUSD,1,2024-05-13 21:00:00,2024-05-14 07:00:00,1.07918,1.07856,1.07792,1.0817,0.6581,-6.2,-40.8,-40.8,10,time_exit,22.25045,0.00084,1.75277,2.80617,new_york,2024
EURUSD,-1,2024-05-16 08:00:00,2024-05-16 16:00:00,1.08849,1.0858,1.08984,1.0858,0.6131,26.9,165.22,165.22,8,take_profit,47.85777,0.0009,4.65656,6.00719,london,2024
EURUSD,-1,2024-05-17 02:00:00,2024-05-17 11:00:00,1.08679,1.08449,1.08794,1.08449,0.7334,23.0,168.53,168.53,9,take_profit,21.84381,0.00077,1.45819,7.088,,2024
EURUSD,1,2024-05-20 04:00:00,2024-05-20 14:00:00,1.08752,1.08636,1.08636,1.08984,0.7397,-11.6,-85.95,-85.95,10,stop_loss,22.51569,0.00077,1.81036,5.81435,,2024
EURUSD,-1,2024-05-21 11:00:00,2024-05-21 12:00:00,1.08646,1.08736,1.08736,1.08467,0.9501,-9.0,-85.09,-85.09,1,stop_loss,20.44405,0.0006,0.31555,5.62731,london,2024
EURUSD,1,2024-05-22 04:00:00,2024-05-22 11:00:00,1.08576,1.08475,1.08475,1.08779,0.8299,-10.1,-84.23,-84.23,7,stop_loss,26.55191,0.00068,-0.36969,3.91288,,2024
EURUSD,1,2024-05-23 05:00:00,2024-05-23 10:00:00,1.08278,1.08168,1.08168,1.08498,0.7569,-11.0,-83.4,-83.4,5,stop_loss,31.57147,0.00073,-2.27556,1.35257,,2024
EURUSD,1,2024-05-24 00:00:00,2024-05-24 10:00:00,1.08146,1.08244,1.07989,1.0846,0.526,9.8,51.55,51.55,10,time_exit,30.06376,0.00105,-1.8891,0.17653,,2024
EURUSD,1,2024-05-24 12:00:00,2024-05-24 15:00:00,1.08248,1.08487,1.08128,1.08487,0.6941,23.9,166.16,166.15,3,take_profit,29.75843,0.0008,-0.28257,-0.52328,london,2024
EURUSD,-1,2024-05-24 21:00:00,2024-05-27 07:00:00,1.08522,1.08486,1.08661,1.08244,0.6093,3.6,21.93,21.93,10,time_exit,37.32624,0.00093,2.12433,0.01266,new_york,2024
EURUSD,1,2024-05-27 15:00:00,2024-05-27 16:00:00,1.08575,1.08464,1.08464,1.08797,0.7653,-11.1,-84.96,-84.96,1,stop_loss,38.69283,0.00074,2.02243,0.94709,london,2024
EURUSD,-1,2024-05-30 01:00:00,2024-05-30 11:00:00,1.08034,1.08184,1.08184,1.07734,0.5605,-15.0,-84.1,-84.1,10,stop_loss,41.4015,0.001,-3.86118,-0.02651,,2024
EURUSD,-1,2024-05-30 13:00:00,2024-05-30 15:00:00,1.0813,1.08266,1.08266,1.07859,0.6143,-13.6,-83.27,-83.27,2,stop_loss,41.8232,0.0009,-1.5018,-1.22365,london,2024
EURUSD,-1,2024-06-03 18:00:00,2024-06-03 19:00:00,1.08701,1.08866,1.08866,1.08372,0.501,-16.5,-82.44,-82.44,1,stop_loss,15.65087,0.0011,2.43845,0.33432,new_york,2024
EURUSD,1,2024-06-03 22:00:00,2024-06-04 08:00:00,1.08973,1.09032,1.08805,1.09309,0.4863,5.9,28.69,28.69,10,time_exit,23.92661,0.00112,4.20944,0.77175,,2024
EURUSD,1,2024-06-04 11:00:00,2024-06-04 12:00:00,1.08903,1.08778,1.08778,1.09152,0.6576,-12.5,-81.9,-81.9,1,stop_loss,39.63145,0.00083,2.19612,2.75118,london,2024
EURUSD,-1,2024-06-04 16:00:00,2024-06-04 17:00:00,1.08647,1.08786,1.08786,1.08368,0.5817,-13.9,-81.07,-81.07,1,stop_loss,34.22957,0.00093,-0.7283,2.29019,new_york,2024
EURUSD,-1,2024-06-05 08:00:00,2024-06-05 14:00:00,1.08808,1.08605,1.0891,1.08605,0.7905,20.3,160.53,160.53,6,take_profit,14.72373,0.00068,0.73641,3.11556,london,2024
EURUSD,-1,2024-06-05 15:00:00,2024-06-05 16:00:00,1.08683,1.0879,1.0879,1.08468,0.7621,-10.7,-81.87,-81.87,1,stop_loss,16.56247,0.00072,-0.95947,2.67876,london,2024
EURUSD,-1,2024-06-06 17:00:00,2024-06-07 03:00:00,1.08853,1.08896,1.09018,1.08523,0.4914,-4.3,-21.13,-21.13,10,time_exit,12.48286,0.0011,0.70152,1.50515,new_york,2024
EURUSD,-1,2024-06-07 03:00:00,2024-06-07 13:00:00,1.08918,1.08889,1.09053,1.08647,0.5974,2.9,17.32,17.32,10,time_exit,16.70816,0.0009,1.1836,1.94172,,2024
EURUSD,-1,2024-06-07 17:00:00,2024-06-10 00:00:00,1.08195,1.07791,1.08397,1.07791,0.4012,40.4,162.03,162.03,7,take_profit,18.34609,0.00135,-4.57508,1.11125,new_york,2024
EURUSD,1,2024-06-10 07:00:00,2024-06-10 13:00:00,1.07557,1.07383,1.07383,1.07906,0.4736,-17.4,-82.63,-82.64,6,stop_loss,51.47706,0.00116,-7.27718,-1.33996,london,2024
EURUSD,-1,2024-06-10 23:00:00,2024-06-11 09:00:00,1.07632,1.07683,1.07805,1.07286,0.473,-5.1,-24.12,-24.13,10,time_exit,42.09317,0.00115,-3.05642,-3.65332,,2024
EURUSD,-1,2024-06-13 17:00:00,2024-06-13 19:00:00,1.07874,1.07477,1.08073,1.07477,0.4106,39.7,163.15,163.14,2,take_profit,19.95847,0.00132,-0.21426,-1.51621,new_york,2024
EURUSD,-1,2024-06-14 19:00:00,2024-06-17 05:00:00,1.0699,1.07042,1.07206,1.06557,0.3847,-5.2,-20.0,-20.01,10,time_exit,46.13458,0.00144,-3.0383,-3.28001,new_york,2024
EURUSD,-1,2024-06-17 13:00:00,2024-06-17 19:00:00,1.07114,1.07263,1.07263,1.06816,0.5571,-14.9,-83.0,-83.0,6,stop_loss,34.47581,0.00099,-1.13773,-5.35632,london,2024
EURUSD,-1,2024-06-18 01:00:00,2024-06-18 11:00:00,1.07312,1.07195,1.07435,1.07065,0.6655,11.7,77.86,77.86,10,time_exit,23.56621,0.00082,1.05208,-5.67385,,2024
EURUSD,1,2024-06-19 07:00:00,2024-06-19 10:00:00,1.07379,1.07272,1.07272,1.07593,0.7754,-10.7,-82.95,-82.95,3,stop_loss,24.23096,0.00071,0.95191,-4.10597,london,2024
EURUSD,-1,2024-06-20 03:00:00,2024-06-20 10:00:00,1.07471,1.07279,1.07567,1.07279,0.8571,19.2,164.23,164.23,7,take_profit,12.48272,0.00064,1.39891,-2.98921,,2024
EURUSD,1,2024-06-24 12:00:00,2024-06-24 16:00:00,1.07135,1.07396,1.07005,1.07396,0.6421,26.1,167.53,167.53,4,take_profit,33.24611,0.00087,1.06379,-3.48373,london,2024
EURUSD,-1,2024-06-25 09:00:00,2024-06-25 10:00:00,1.07417,1.07226,1.07513,1.07226,0.8941,19.1,170.86,170.86,1,take_profit,27.66241,0.00064,3.18474,-2.06505,london,2024
EURUSD,1,2024-06-25 21:00:00,2024-06-26 07:00:00,1.07136,1.07106,1.07,1.07407,0.643,-3.0,-19.29,-19.29,10,time_exit,27.55658,0.0009,-0.5453,-1.5281,new_york,2024
EURUSD,-1,2024-06-27 19:00:00,2024-06-28 05:00:00,1.07072,1.06941,1.07235,1.06747,0.5351,13.1,70.1,70.1,10,time_exit,20.79114,0.00108,0.72993,-1.80421,new_york,2024
EURUSD,1,2024-06-28 19:00:00,2024-07-01 03:00:00,1.07113,1.07471,1.06934,1.07471,0.49,35.8,175.32,175.32,8,take_profit,13.89193,0.00119,0.87688,-1.19885,new_york,2024
EURUSD,-1,2024-07-01 08:00:00,2024-07-01 09:00:00,1.07548,1.07715,1.07715,1.07214,0.5352,-16.7,-89.41,-89.41,1,stop_loss,32.92551,0.00111,3.57333,-0.21858,london,2024
EURUSD,-1,2024-07-01 09:00:00,2024-07-01 10:00:00,1.07558,1.07722,1.07722,1.07231,0.5411,-16.4,-88.51,-88.52,1,stop_loss,35.04901,0.00109,3.59408,-0.11151,london,2024
EURUSD,1,2024-07-01 13:00:00,2024-07-01 17:00:00,1.07573,1.07378,1.07378,1.07963,0.4489,-19.5,-87.62,-87.62,4,stop_loss,41.59016,0.0013,2.60634,0.29281,london,2024
EURUSD,-1,2024-07-02 16:00:00,2024-07-02 22:00:00,1.07319,1.07461,1.07461,1.07036,0.6122,-14.2,-86.75,-86.75,6,stop_loss,19.29633,0.00094,0.393,0.59281,new_york,2024
EURUSD,-1,2024-07-03 04:00:00,2024-07-03 10:00:00,1.07481,1.07604,1.07604,1.07235,0.6984,-12.3,-85.88,-85.88,6,stop_loss,14.21491,0.00082,1.71478,1.11318,,2024
EURUSD,1,2024-07-04 07:00:00,2024-07-04 17:00:00,1.07853,1.08084,1.07729,1.08101,0.6847,23.1,158.17,158.16,10,time_exit,27.41549,0.00083,2.69108,3.1922,london,2024
EURUSD,-1,2024-07-08 19:00:00,2024-07-09 05:00:00,1.08347,1.08265,1.08498,1.08045,0.5744,8.2,47.1,47.1,10,time_exit,16.61313,0.00101,1.34495,4.59515,new_york,2024
EURUSD,1,2024-07-09 09:00:00,2024-07-09 10:00:00,1.08289,1.08187,1.08187,1.08492,0.8567,-10.2,-87.08,-87.08,1,stop_loss,14.98162,0.00068,0.71543,6.19974,london,2024
EURUSD,1,2024-07-10 04:00:00,2024-07-10 14:00:00,1.08122,1.08258,1.08018,1.0833,0.8284,13.6,112.66,112.66,10,time_exit,22.58447,0.00069,-1.04572,4.55833,,2024
EURUSD,-1,2024-07-12 20:00:00,2024-07-15 06:00:00,1.09047,1.08942,1.0919,1.08761,0.61,10.5,64.05,64.05,10,time_exit,38.81366,0.00095,4.15385,4.71242,new_york,2024
EURUSD,-1,2024-07-16 07:00:00,2024-07-16 12:00:00,1.08932,1.09043,1.09043,1.0871,0.7938,-11.1,-87.97,-87.98,5,stop_loss,16.18009,0.00074,0.3712,6.3712,london,2024
EURUSD,1,2024-07-17 18:00:00,2024-07-18 04:00:00,1.09326,1.09344,1.09169,1.09639,0.5558,1.8,10.0,10.0,10,time_exit,21.86012,0.00104,2.5609,4.20238,new_york,2024
EURUSD,1,2024-07-18 08:00:00,2024-07-18 16:00:00,1.09337,1.09233,1.09233,1.09544,0.8424,-10.4,-87.19,-87.19,8,stop_loss,18.76781,0.00069,2.18265,6.82065,london,2024
EURUSD,-1,2024-07-18 20:00:00,2024-07-19 04:00:00,1.09162,1.08896,1.09295,1.08896,0.6493,26.6,172.65,172.65,8,take_profit,15.98799,0.00089,-0.52562,4.87537,new_york,2024
EURUSD,-1,2024-07-19 11:00:00,2024-07-19 21:00:00,1.0888,1.08789,1.08988,1.08664,0.814,9.1,74.07,74.07,10,time_exit,37.94196,0.00072,-2.79822,3.92909,london,2024
EURUSD,1,2024-07-19 23:00:00,2024-07-22 02:00:00,1.08795,1.09024,1.0868,1.09024,0.7753,22.9,177.57,177.56,3,take_profit,39.38472,0.00076,-2.5654,2.4526,,2024
EURUSD,-1,2024-07-22 17:00:00,2024-07-23 03:00:00,1.08806,1.08898,1.08929,1.08559,0.7348,-9.2,-67.6,-67.6,10,time_exit,26.97774,0.00082,-1.52892,1.40534,new_york,2024
EURUSD,1,2024-07-24 14:00:00,2024-07-25 00:00:00,1.08428,1.08401,1.08302,1.08679,0.7152,-2.7,-19.31,-19.31,10,time_exit,49.3244,0.00084,-2.37041,-1.47362,london,2024
EURUSD,1,2024-07-29 07:00:00,2024-07-29 10:00:00,1.08624,1.08507,1.08507,1.08858,0.7661,-11.7,-89.69,-89.69,3,stop_loss,17.88498,0.00078,0.81168,-1.04719,london,2024
EURUSD,1,2024-07-29 18:00:00,2024-07-30 04:00:00,1.08155,1.08176,1.08012,1.0844,0.6222,2.1,13.07,13.06,10,time_exit,30.23583,0.00095,-3.40709,-1.39286,new_york,2024
EURUSD,-1,2024-07-31 21:00:00,2024-08-01 06:00:00,1.08167,1.08346,1.08346,1.07809,0.4963,-17.9,-88.92,-88.93,9,stop_loss,21.70076,0.00119,-0.74451,-1.66892,new_york,2024
EURUSD,-1,2024-08-01 14:00:00,2024-08-01 15:00:00,1.07844,1.08018,1.08018,1.07495,0.5052,-17.4,-88.03,-88.04,1,stop_loss,20.52566,0.00116,-3.04045,-1.79637,london,2024
EURUSD,1,2024-08-02 03:00:00,2024-08-02 12:00:00,1.07864,1.08206,1.07693,1.08206,0.5095,34.2,174.32,174.31,9,take_profit,10.71683,0.00114,-1.87614,-2.33489,,2024
EURUSD,1,2024-08-02 18:00:00,2024-08-05 04:00:00,1.09225,1.09189,1.08979,1.09716,0.362,-3.6,-13.03,-13.03,10,time_exit,27.43617,0.00164,6.34305,-0.90305,new_york,2024
EURUSD,-1,2024-08-05 13:00:00,2024-08-05 15:00:00,1.09515,1.098,1.098,1.08945,0.3113,-28.5,-88.77,-88.77,2,stop_loss,45.13833,0.0019,4.05716,1.35061,london,2024
EURUSD,-1,2024-08-06 11:00:00,2024-08-06 21:00:00,1.09269,1.09286,1.09491,1.08825,0.3958,-1.7,-6.73,-6.73,10,time_exit,27.65883,0.00148,0.396,3.45873,london,2024
EURUSD,-1,2024-08-07 13:00:00,2024-08-07 17:00:00,1.09137,1.09297,1.09297,1.08817,0.5487,-16.0,-87.82,-87.82,4,stop_loss,18.34593,0.00107,-0.66505,3.67709,london,2024
EURUSD,1,2024-08-07 17:00:00,2024-08-08 03:00:00,1.09188,1.09283,1.09022,1.0952,0.5231,9.5,49.69,49.69,10,time_exit,16.49163,0.00111,-0.17721,3.39981,new_york,2024
EURUSD,1,2024-08-09 16:00:00,2024-08-12 02:00:00,1.09119,1.09128,1.08993,1.09372,0.6921,0.9,6.23,6.23,10,time_exit,17.15432,0.00084,-0.96952,2.68806,new_york,2024
EURUSD,1,2024-08-12 18:00:00,2024-08-13 04:00:00,1.09314,1.0935,1.09181,1.09581,0.6559,3.6,23.61,23.61,10,time_exit,9.78094,0.00089,1.1842,2.0341,new_york,2024
EURUSD,1,2024-08-13 04:00:00,2024-08-13 12:00:00,1.09301,1.09186,1.09186,1.09532,0.761,-11.5,-87.74,-87.74,8,stop_loss,8.00771,0.00077,0.76019,2.44531,,2024
EURUSD,1,2024-08-13 19:00:00,2024-08-13 21:00:00,1.09535,1.09831,1.09387,1.09831,0.5871,29.6,173.72,173.72,2,take_profit,17.37648,0.00099,2.33506,2.08535,new_york,2024
EURUSD,-1,2024-08-14 03:00:00,2024-08-14 11:00:00,1.0996,1.10107,1.10107,1.09665,0.6015,-14.7,-88.59,-88.6,8,stop_loss,30.75677,0.00098,4.98871,3.14916,,2024
EURUSD,-1,2024-08-16 06:00:00,2024-08-16 13:00:00,1.09815,1.09945,1.09945,1.09554,0.673,-13.0,-87.71,-87.72,7,stop_loss,30.67817,0.00087,-0.63879,4.35794,,2024
EURUSD,-1,2024-08-16 18:00:00,2024-08-16 20:00:00,1.09906,1.10048,1.10048,1.09622,0.6118,-14.2,-86.83,-86.84,2,stop_loss,20.6705,0.00095,0.30938,3.61007,new_york,2024
EURUSD,1,2024-08-19 06:00:00,2024-08-19 16:00:00,1.10309,1.10446,1.10184,1.10559,0.6886,13.7,94.34,94.34,10,time_exit,29.55366,0.00083,3.60272,4.77221,,2024
EURUSD,1,2024-08-19 17:00:00,2024-08-19 18:00:00,1.10445,1.1072,1.10307,1.1072,0.6314,27.5,173.82,173.82,1,take_profit,38.88204,0.00092,3.22052,4.96638,new_york,2024
EURUSD,1,2024-08-20 10:00:00,2024-08-20 16:00:00,1.10813,1.11045,1.10697,1.11045,0.7626,23.2,177.29,177.29,6,take_profit,41.9187,0.00077,4.43407,7.76881,london,2024
EURUSD,1,2024-08-21 20:00:00,2024-08-22 06:00:00,1.11464,1.11448,1.11278,1.11836,0.4866,-1.6,-7.79,-7.79,10,time_exit,33.59759,0.00124,3.70043,6.19401,new_york,2024
EURUSD,-1,2024-08-22 06:00:00,2024-08-22 10:00:00,1.11433,1.11589,1.11589,1.11122,0.5806,-15.6,-90.33,-90.33,4,stop_loss,30.05473,0.00104,2.51674,7.82348,,2024
EURUSD,-1,2024-08-23 05:00:00,2024-08-23 15:00:00,1.11276,1.11142,1.11436,1.10955,0.558,13.4,74.77,74.77,10,time_exit,21.22826,0.00107,0.62996,6.21923,,2024
EURUSD,1,2024-08-23 15:00:00,2024-08-23 17:00:00,1.11191,1.1148,1.11046,1.1148,0.6241,28.9,180.38,180.37,2,take_profit,15.79987,0.00096,-0.24873,6.28542,london,2024
EURUSD,1,2024-08-23 22:00:00,2024-08-26 08:00:00,1.11875,1.11793,1.11644,1.12336,0.3988,-8.2,-32.7,-32.7,10,time_exit,27.14914,0.00154,3.61614,4.16764,,2024
EURUSD,-1,2024-08-27 10:00:00,2024-08-27 12:00:00,1.11619,1.11748,1.11748,1.1136,0.7081,-12.9,-91.66,-91.66,2,stop_loss,12.06794,0.00086,0.07279,7.14547,london,2024
EURUSD,-1,2024-08-28 10:00:00,2024-08-28 15:00:00,1.1148,1.11174,1.11633,1.11174,0.5937,30.6,181.5,181.5,5,take_profit,18.74348,0.00102,-1.76939,5.05017,london,2024
EURUSD,1,2024-08-28 15:00:00,2024-08-29 01:00:00,1.11207,1.11242,1.11033,1.11554,0.533,3.5,18.66,18.65,10,time_exit,27.78053,0.00116,-3.42617,3.87472,london,2024
EURUSD,1,2024-08-29 14:00:00,2024-08-29 15:00:00,1.10975,1.10774,1.10774,1.11377,0.4618,-20.1,-92.75,-92.75,1,stop_loss,34.63065,0.00134,-2.84162,1.43404,london,2024
EURUSD,1,2024-08-30 03:00:00,2024-08-30 13:00:00,1.10802,1.10794,1.10633,1.1114,0.5437,-0.8,-4.35,-4.35,10,time_exit,53.80933,0.00113,-2.94181,0.1136,,2024
EURUSD,1,2024-08-30 13:00:00,2024-08-30 15:00:00,1.1083,1.10672,1.10672,1.11145,0.5819,-15.8,-91.78,-91.78,2,stop_loss,45.49222,0.00105,-1.78401,-0.67674,london,2024
EURUSD,1,2024-08-30 19:00:00,2024-09-02 05:00:00,1.10599,1.10516,1.10398,1.11002,0.4514,-8.3,-37.47,-37.47,10,time_exit,38.07489,0.00134,-2.62867,-0.85263,new_york,2024
EURUSD,-1,2024-09-03 07:00:00,2024-09-03 12:00:00,1.10582,1.10353,1.10697,1.10353,0.7887,22.9,180.97,180.97,5,take_profit,18.8093,0.00076,-1.61528,-2.91666,london,2024
EURUSD,1,2024-09-03 16:00:00,2024-09-03 20:00:00,1.1048,1.10338,1.10338,1.10764,0.6493,-14.2,-92.29,-92.29,4,stop_loss,26.09454,0.00095,-1.66932,-2.66517,new_york,2024
EURUSD,-1,2024-09-04 18:00:00,2024-09-05 04:00:00,1.10899,1.1079,1.11068,1.10561,0.541,10.9,58.97,58.97,10,time_exit,13.74254,0.00113,2.95178,-2.10771,new_york,2024
EURUSD,-1,2024-09-05 07:00:00,2024-09-05 11:00:00,1.10772,1.10908,1.10908,1.10501,0.6777,-13.6,-91.96,-91.96,4,stop_loss,21.63581,0.0009,1.23707,-1.58836,london,2024
EURUSD,1,2024-09-06 07:00:00,2024-09-06 15:00:00,1.11153,1.1102,1.1102,1.11419,0.684,-13.3,-91.03,-91.03,8,stop_loss_ambiguous,38.50231,0.00089,3.01934,0.44011,london,2024
EURUSD,-1,2024-09-10 07:00:00,2024-09-10 17:00:00,1.10385,1.10187,1.1051,1.10135,0.7217,19.8,142.9,142.89,10,time_exit,26.74008,0.00083,-2.74167,-1.99114,london,2024
EURUSD,1,2024-09-11 10:00:00,2024-09-11 15:00:00,1.10451,1.10317,1.10317,1.1072,0.6808,-13.4,-91.56,-91.56,5,stop_loss,22.9548,0.0009,0.39704,-2.81047,london,2024
EURUSD,-1,2024-09-12 19:00:00,2024-09-12 21:00:00,1.10403,1.1057,1.1057,1.1007,0.5438,-16.7,-90.65,-90.65,2,stop_loss,21.40538,0.00111,1.25515,-2.48576,new_york,2024
EURUSD,1,2024-09-13 06:00:00,2024-09-13 16:00:00,1.10869,1.10946,1.10718,1.11172,0.5933,7.7,45.68,45.68,10,time_exit,42.41336,0.00101,4.35161,-1.27384,,2024
EURUSD,1,2024-09-13 18:00:00,2024-09-13 23:00:00,1.10891,1.1073,1.1073,1.11213,0.56,-16.1,-90.2,-90.2,5,stop_loss,42.64327,0.00107,2.66291,0.08719,new_york,2024
EURUSD,-1,2024-09-16 22:00:00,2024-09-17 08:00:00,1.1121,1.11269,1.11361,1.10909,0.5929,-5.9,-34.98,-34.98,10,time_exit,43.63442,0.001,2.76897,2.24211,,2024
EURUSD,1,2024-09-17 10:00:00,2024-09-17 11:00:00,1.11211,1.11454,1.1109,1.11454,0.7321,24.3,177.87,177.87,1,take_profit,37.5176,0.00081,1.87848,3.57199,london,2024
EURUSD,1,2024-09-17 14:00:00,2024-09-17 15:00:00,1.11344,1.11204,1.11204,1.11624,0.648,-14.0,-90.72,-90.72,1,stop_loss,35.14227,0.00093,2.54171,3.35503,london,2024
EURUSD,-1,2024-09-18 01:00:00,2024-09-18 03:00:00,1.11131,1.11276,1.11276,1.1084,0.6177,-14.5,-89.82,-89.82,2,stop_loss,22.85572,0.00097,-0.07083,3.11587,,2024
EURUSD,1,2024-09-18 16:00:00,2024-09-18 17:00:00,1.11223,1.11094,1.11094,1.1148,0.6916,-12.9,-88.92,-88.92,1,stop_loss,17.44901,0.00086,0.34893,3.48186,new_york,2024
EURUSD,1,2024-09-23 05:00:00,2024-09-23 10:00:00,1.11591,1.1143,1.1143,1.11913,0.5471,-16.1,-88.03,-88.03,5,stop_loss,12.79735,0.00107,0.57672,3.34715,,2024
EURUSD,1,2024-09-24 20:00:00,2024-09-25 06:00:00,1.11586,1.11965,1.11397,1.11965,0.4599,37.9,174.28,174.28,10,take_profit,23.06044,0.00126,1.98856,1.04226,new_york,2024
EURUSD,-1,2024-09-26 00:00:00,2024-09-26 09:00:00,1.11327,1.1152,1.1152,1.10941,0.4602,-19.3,-88.88,-88.88,9,stop_loss,34.38257,0.00129,-2.03574,1.95245,,2024
EURUSD,1,2024-09-26 17:00:00,2024-09-26 18:00:00,1.11401,1.11815,1.11194,1.11815,0.4251,41.4,175.98,175.98,1,take_profit,20.45778,0.00138,-0.79477,1.16698,new_york,2024
EURUSD,1,2024-09-27 10:00:00,2024-09-27 11:00:00,1.11509,1.11321,1.11321,1.11885,0.4776,-18.8,-89.76,-89.76,1,stop_loss,16.10661,0.00125,-0.74463,1.59041,london,2024
EURUSD,-1,2024-09-27 17:00:00,2024-09-30 03:00:00,1.11857,1.11709,1.12113,1.11346,0.3475,14.8,51.43,51.43,10,time_exit,19.68221,0.0017,1.38608,1.1474,new_york,2024
EURUSD,-1,2024-10-01 01:00:00,2024-10-01 11:00:00,1.11356,1.11031,1.116,1.10868,0.3659,32.5,118.92,118.92,10,time_exit,18.55264,0.00163,-1.61062,0.82908,,2024
EURUSD,1,2024-10-02 23:00:00,2024-10-03 08:00:00,1.1049,1.10286,1.10286,1.10898,0.4443,-20.4,-90.56,-90.56,9,stop_loss,33.57219,0.00136,-2.51916,-2.85709,,2024
EURUSD,1,2024-10-03 13:00:00,2024-10-03 17:00:00,1.10359,1.10197,1.10197,1.10682,0.5543,-16.2,-89.65,-89.65,4,stop_loss,34.31936,0.00108,-2.59091,-4.38668,london,2024
EURUSD,1,2024-10-03 22:00:00,2024-10-04 08:00:00,1.1026,1.10334,1.10073,1.10633,0.4753,7.4,35.17,35.17,10,time_exit,32.48203,0.00124,-2.22105,-4.06066,,2024
EURUSD,-1,2024-10-04 17:00:00,2024-10-07 03:00:00,1.09733,1.09699,1.09942,1.09314,0.4254,3.4,14.46,14.46,10,time_exit,25.43024,0.0014,-4.51061,-3.85687,new_york,2024
EURUSD,-1,2024-10-07 12:00:00,2024-10-07 20:00:00,1.09701,1.09853,1.09853,1.09396,0.5857,-15.2,-89.25,-89.26,8,stop_loss,36.07234,0.00102,-3.03873,-6.72845,london,2024
EURUSD,-1,2024-10-09 03:00:00,2024-10-09 13:00:00,1.09755,1.09657,1.09889,1.09487,0.6595,9.8,64.63,64.63,10,time_exit,21.8618,0.00089,-0.90041,-6.32588,,2024
EURUSD,1,2024-10-09 15:00:00,2024-10-09 17:00:00,1.09541,1.094,1.094,1.09824,0.6291,-14.1,-89.01,-89.01,2,stop_loss,29.77198,0.00094,-2.38491,-5.83707,london,2024
EURUSD,1,2024-10-09 23:00:00,2024-10-10 09:00:00,1.09386,1.09369,1.09247,1.09663,0.6362,-1.7,-10.82,-10.82,10,time_exit,40.66296,0.00092,-3.1765,-6.1826,,2024
EURUSD,-1,2024-10-11 09:00:00,2024-10-11 11:00:00,1.09356,1.09497,1.09497,1.09074,0.6251,-14.1,-88.02,-88.02,2,stop_loss,46.61209,0.00094,-0.78226,-5.98345,london,2024
EURUSD,1,2024-10-11 19:00:00,2024-10-14 02:00:00,1.09413,1.09243,1.09243,1.09752,0.5138,-17.0,-87.14,-87.14,7,stop_loss,29.2736,0.00113,-0.02697,-4.56759,new_york,2024
EURUSD,-1,2024-10-14 10:00:00,2024-10-14 19:00:00,1.09251,1.09016,1.09368,1.09016,0.7346,23.5,172.53,172.53,9,take_profit,17.95435,0.00078,-1.38226,-6.20188,london,2024
EURUSD,-1,2024-10-15 12:00:00,2024-10-15 20:00:00,1.09104,1.08824,1.09244,1.08824,0.6289,28.0,175.97,175.97,8,take_profit,29.33896,0.00093,-0.65302,-5.40074,london,2024
EURUSD,1,2024-10-17 18:00:00,2024-10-18 04:00:00,1.08287,1.08352,1.08099,1.08663,0.4772,6.5,31.02,31.02,10,time_exit,25.97873,0.00125,-3.39747,-4.51239,new_york,2024
EURUSD,1,2024-10-18 05:00:00,2024-10-18 15:00:00,1.08352,1.08594,1.08209,1.08639,0.6276,24.2,151.88,151.88,10,time_exit,31.47165,0.00096,-2.22496,-6.39278,,2024
EURUSD,1,2024-10-21 07:00:00,2024-10-21 09:00:00,1.08663,1.08555,1.08555,1.08879,0.8481,-10.8,-91.58,-91.58,2,stop_loss,35.62781,0.00072,1.20358,-6.37859,london,2024
EURUSD,-1,2024-10-22 10:00:00,2024-10-22 11:00:00,1.08256,1.08354,1.08354,1.08061,0.9287,-9.8,-90.66,-90.66,1,stop_loss,31.45078,0.00065,-1.82382,-7.48402,london,2024
EURUSD,-1,2024-10-23 02:00:00,2024-10-23 12:00:00,1.07984,1.07824,1.0811,1.07732,0.7109,16.0,113.74,113.74,10,time_exit,31.10943,0.00084,-2.99063,-6.09165,,2024
EURUSD,1,2024-10-23 14:00:00,2024-10-23 15:00:00,1.07776,1.07653,1.07653,1.08022,0.7402,-12.3,-90.89,-90.9,1,stop_loss,33.31319,0.00082,-4.1979,-6.56958,london,2024
EURUSD,-1,2024-10-24 03:00:00,2024-10-24 07:00:00,1.07805,1.07932,1.07932,1.07552,0.711,-12.7,-89.98,-89.98,4,stop_loss,30.20297,0.00084,-2.07715,-6.73763,,2024
EURUSD,-1,2024-10-24 18:00:00,2024-10-24 20:00:00,1.07979,1.08139,1.08139,1.0766,0.5577,-16.0,-89.08,-89.08,2,stop_loss,17.19342,0.00106,0.17285,-4.70852,new_york,2024
EURUSD,-1,2024-10-28 22:00:00,2024-10-29 08:00:00,1.08121,1.08112,1.0826,1.07842,0.6325,0.9,5.69,5.69,10,time_exit,28.0149,0.00093,0.32426,-2.53542,,2024
EURUSD,1,2024-10-31 16:00:00,2024-10-31 17:00:00,1.08798,1.0863,1.0863,1.09135,0.5243,-16.8,-88.24,-88.25,1,stop_loss,20.74118,0.00112,3.37329,0.79281,new_york,2024
EURUSD,-1,2024-11-01 17:00:00,2024-11-01 23:00:00,1.087,1.08326,1.08887,1.08326,0.4669,37.4,174.73,174.73,6,take_profit,21.45078,0.00125,0.69913,1.55352,new_york,2024
EURUSD,-1,2024-11-04 06:00:00,2024-11-04 16:00:00,1.09016,1.08998,1.09217,1.08614,0.4436,1.8,7.98,7.98,10,time_exit,23.39069,0.00134,2.8913,1.38423,,2024
EURUSD,1,2024-11-05 15:00:00,2024-11-05 18:00:00,1.08957,1.09202,1.08835,1.09202,0.7294,24.5,178.39,178.38,3,take_profit,21.04281,0.00082,1.78682,2.98544,london,2024
EURUSD,1,2024-11-07 23:00:00,2024-11-08 09:00:00,1.08025,1.07797,1.0769,1.08695,0.2716,-22.8,-61.92,-61.93,10,time_exit,23.21391,0.00223,0.80839,-1.80439,,2024
EURUSD,-1,2024-11-08 21:00:00,2024-11-11 07:00:00,1.07066,1.07175,1.07346,1.06507,0.3232,-10.9,-35.23,-35.23,10,time_exit,28.10149,0.00186,-3.50123,-2.22671,new_york,2024
EURUSD,-1,2024-11-12 05:00:00,2024-11-12 14:00:00,1.06435,1.06075,1.06615,1.06075,0.5,36.0,180.0,180.0,9,take_profit,49.61827,0.0012,-4.627,-6.44582,,2024
EURUSD,-1,2024-11-13 15:00:00,2024-11-13 16:00:00,1.06311,1.05893,1.0652,1.05893,0.4388,41.8,183.63,183.62,1,take_profit,31.78798,0.00139,-0.65513,-6.52743,london,2024
EURUSD,-1,2024-11-13 16:00:00,2024-11-13 17:00:00,1.06366,1.05912,1.06593,1.05912,0.4124,45.4,187.29,187.29,1,take_profit,30.76868,0.00151,-0.24996,-5.96237,new_york,2024
EURUSD,1,2024-11-14 04:00:00,2024-11-14 10:00:00,1.0556,1.05328,1.05328,1.06024,0.4118,-23.2,-95.5,-95.51,6,stop_loss,32.9383,0.00155,-3.63748,-6.46303,,2024
EURUSD,-1,2024-11-14 20:00:00,2024-11-15 06:00:00,1.05593,1.05426,1.05888,1.05003,0.3206,16.7,53.54,53.54,10,time_exit,29.69398,0.00197,-1.06517,-5.44485,new_york,2024
EURUSD,1,2024-11-15 07:00:00,2024-11-15 15:00:00,1.05426,1.05875,1.05201,1.05875,0.4235,44.9,190.18,190.18,8,take_profit,24.86436,0.0015,-1.45664,-7.15465,london,2024
EURUSD,-1,2024-11-15 20:00:00,2024-11-18 06:00:00,1.05487,1.05408,1.0576,1.0494,0.3549,7.9,28.04,28.04,10,time_exit,17.92758,0.00182,-0.6813,-5.29462,new_york,2024
EURUSD,-1,2024-11-18 15:00:00,2024-11-18 16:00:00,1.05472,1.05704,1.05704,1.05008,0.4197,-23.2,-97.27,-97.28,1,stop_loss,11.55613,0.00155,-0.28564,-5.56615,london,2024
EURUSD,1,2024-11-20 15:00:00,2024-11-20 16:00:00,1.05585,1.05371,1.05371,1.06013,0.4505,-21.4,-96.3,-96.31,1,stop_loss,20.63876,0.00143,-1.25023,-2.82768,london,2024
EURUSD,-1,2024-11-21 15:00:00,2024-11-21 18:00:00,1.05276,1.0488,1.05474,1.0488,0.481,39.6,190.66,190.66,3,take_profit,27.52105,0.00132,-1.84738,-3.606,london,2024
EURUSD,-1,2024-11-27 08:00:00,2024-11-27 09:00:00,1.04769,1.04986,1.04986,1.04335,0.4481,-21.7,-97.25,-97.25,1,stop_loss,8.82226,0.00145,-0.45666,-2.9781,london,2024
EURUSD,-1,2024-11-28 02:00:00,2024-11-28 12:00:00,1.0562,1.05507,1.05879,1.05102,0.3717,11.3,42.0,42.0,10,time_exit,31.11855,0.00173,2.5432,-0.69123,,2024
EURUSD,-1,2024-11-28 22:00:00,2024-11-29 06:00:00,1.05567,1.05763,1.05763,1.05175,0.4935,-19.6,-96.7,-96.7,8,stop_loss,12.90156,0.00131,1.62807,0.14361,,2024
EURUSD,1,2024-11-29 08:00:00,2024-11-29 14:00:00,1.05681,1.05504,1.05504,1.06034,0.5419,-17.7,-95.73,-95.73,6,stop_loss,12.0446,0.00118,1.99016,0.70607,london,2024
EURUSD,-1,2024-11-29 23:00:00,2024-12-02 01:00:00,1.05824,1.05383,1.06044,1.05383,0.4301,44.1,189.52,189.52,2,take_profit,11.507,0.00147,1.87075,0.97147,,2024
EURUSD,1,2024-12-02 22:00:00,2024-12-03 08:00:00,1.04904,1.04879,1.04624,1.05464,0.3451,-2.5,-8.63,-8.63,10,time_exit,33.27759,0.00187,-1.97416,-0.41671,,2024
EURUSD,1,2024-12-03 18:00:00,2024-12-04 04:00:00,1.05166,1.05004,1.04913,1.05671,0.3825,-16.2,-61.96,-61.97,10,time_exit,18.74581,0.00168,0.0745,-0.83465,new_york,2024
EURUSD,1,2024-12-05 23:00:00,2024-12-06 09:00:00,1.0584,1.05837,1.05601,1.06318,0.4013,-0.3,-1.2,-1.21,10,time_exit,25.57908,0.00159,3.21001,0.32227,,2024
EURUSD,1,2024-12-09 00:00:00,2024-12-09 10:00:00,1.05555,1.05675,1.05311,1.06043,0.3929,12.0,47.15,47.15,10,time_exit,18.27749,0.00163,0.58568,1.22468,,2024
EURUSD,1,2024-12-10 01:00:00,2024-12-10 11:00:00,1.05545,1.0535,1.0535,1.05935,0.4946,-19.5,-96.42,-96.43,10,stop_loss,15.53749,0.0013,-0.45599,1.3132,,2024
EURUSD,-1,2024-12-10 17:00:00,2024-12-11 03:00:00,1.05197,1.05347,1.05375,1.04841,0.5364,-15.0,-80.46,-80.46,10,time_exit,19.8482,0.00119,-2.69683,0.69857,new_york,2024
EURUSD,1,2024-12-13 20:00:00,2024-12-16 06:00:00,1.04964,1.05159,1.04726,1.0544,0.3978,19.5,77.57,77.57,10,time_exit,20.77127,0.00159,0.23439,-1.6214,new_york,2024
EURUSD,-1,2024-12-16 15:00:00,2024-12-16 17:00:00,1.04906,1.05105,1.05105,1.04508,0.4793,-19.9,-95.42,-95.43,2,stop_loss,15.28048,0.00133,-0.62041,-1.28791,london,2024
EURUSD,1,2024-12-17 00:00:00,2024-12-17 10:00:00,1.05105,1.04883,1.04883,1.0555,0.425,-22.2,-94.46,-94.47,10,stop_loss,10.35894,0.00148,0.65254,-0.91733,,2024
EURUSD,1,2024-12-17 10:00:00,2024-12-17 20:00:00,1.04975,1.04936,1.04791,1.05343,0.5086,-3.9,-19.84,-19.84,10,time_exit,12.70172,0.00123,-0.60111,-0.82574,london,2024
EURUSD,-1,2024-12-18 11:00:00,2024-12-18 21:00:00,1.04935,1.04628,1.05089,1.04628,0.6079,30.7,186.64,186.64,10,take_profit,13.01845,0.00102,-0.67106,-1.04537,london,2024
EURUSD,-1,2024-12-18 21:00:00,2024-12-18 22:00:00,1.04864,1.04477,1.05058,1.04477,0.492,38.7,190.41,190.4,1,take_profit,15.24195,0.00129,-0.69087,-1.00614,new_york,2024
EURUSD,1,2024-12-19 11:00:00,2024-12-19 17:00:00,1.04085,1.03812,1.03812,1.0463,0.3562,-27.3,-97.09,-97.1,6,stop_loss,29.581,0.00182,-2.02389,-2.54316,london,2024
EURUSD,-1,2024-12-19 19:00:00,2024-12-20 05:00:00,1.03568,1.0362,1.03855,1.02995,0.3353,-5.2,-17.44,-17.44,10,time_exit,23.61527,0.00191,-3.86559,-2.78564,new_york,2024
EURUSD,-1,2024-12-20 06:00:00,2024-12-20 09:00:00,1.0362,1.03824,1.03824,1.03213,0.4712,-20.4,-95.95,-95.95,3,stop_loss,31.31189,0.00136,-3.32711,-4.73921,,2024
EURUSD,-1,2024-12-20 21:00:00,2024-12-23 07:00:00,1.04368,1.04403,1.04642,1.03821,0.3473,-3.5,-12.16,-12.16,10,time_exit,28.11026,0.00182,1.84508,-3.16908,new_york,2024
EURUSD,1,2024-12-24 11:00:00,2024-12-24 21:00:00,1.03954,1.0393,1.03792,1.04279,0.5847,-2.4,-14.03,-14.03,10,time_exit,13.03485,0.00108,-0.93659,-3.63909,london,2024
EURUSD,-1,2024-12-26 05:00:00,2024-12-26 15:00:00,1.03989,1.04027,1.04139,1.0369,0.6333,-3.8,-24.07,-24.07,10,time_exit,7.53844,0.001,-0.15847,-3.63846,,2024
EURUSD,1,2024-12-27 08:00:00,2024-12-27 13:00:00,1.04093,1.04334,1.03973,1.04334,0.7855,24.1,188.99,188.98,5,take_profit,15.14245,0.0008,0.25769,-2.88043,london,2024
EURUSD,-1,2024-12-27 13:00:00,2024-12-27 14:00:00,1.04187,1.04324,1.04324,1.03913,0.7023,-13.7,-96.38,-96.38,1,stop_loss,15.11779,0.00091,1.06962,-2.26725,london,2024
EURUSD,-1,2024-12-30 15:00:00,2024-12-30 16:00:00,1.04495,1.04156,1.04664,1.04156,0.5632,33.9,190.85,190.84,1,take_profit,12.57515,0.00113,2.39202,-0.62798,london,2024
EURUSD,1,2024-12-30 19:00:00,2024-12-31 05:00:00,1.03859,1.04086,1.03598,1.04382,0.3722,22.7,84.49,84.49,10,time_exit,19.77685,0.00174,-1.82043,-0.59561,new_york,2024
EURUSD,-1,2024-12-31 08:00:00,2024-12-31 11:00:00,1.04039,1.04216,1.04216,1.03685,0.554,-17.7,-98.17,-98.18,3,stop_loss,19.83897,0.00118,-0.71897,-1.07835,london,2024
EURUSD,-1,2024-12-31 11:00:00,2024-12-31 15:00:00,1.04184,1.03837,1.04358,1.03837,0.5596,34.7,194.37,194.37,4,take_profit,18.0447,0.00116,0.51859,-1.07369,london,2024
