symbol,direction,entry_dt,exit_dt,entry,exit,stop_loss,take_profit,size,pnl_pips,pnl_gross,pnl,bars_held,exit_reason,adx_entry,atr_entry,ema_distance,trend_gap,session,year
GBPJPY,1,2019-01-14 11:00:00,2019-01-14 17:00:00,138.748,139.51164,138.36618,139.51164,0.2878,76.4,200.0,199.68,6,take_profit,16.69723,0.25455,0.14339,1.02282,london,2019
GBPJPY,1,2019-01-14 18:00:00,2019-01-14 19:00:00,139.854,139.34351,139.34351,140.87499,0.2196,-51.0,-102.01,-102.33,1,stop_loss,19.08283,0.34033,3.07337,0.92117,new_york,2019
GBPJPY,1,2019-01-15 13:00:00,2019-01-15 18:00:00,139.342,138.85826,138.85826,140.30948,0.2294,-48.4,-100.98,-101.3,5,stop_loss,36.26398,0.32249,0.22174,1.78906,london,2019
GBPJPY,1,2019-01-15 18:00:00,2019-01-15 19:00:00,138.994,138.50315,138.50315,139.97571,0.2238,-49.1,-99.97,-100.28,1,stop_loss,26.7299,0.32724,-0.82142,1.66146,new_york,2019
GBPJPY,-1,2019-01-16 11:00:00,2019-01-16 15:00:00,139.647,140.2408,140.2408,138.45939,0.1831,-59.4,-98.94,-99.26,4,stop_loss,15.74341,0.39587,0.82211,1.274,london,2019
GBPJPY,1,2019-01-16 20:00:00,2019-01-17 06:00:00,140.059,140.302,139.4619,141.2532,0.1803,24.3,39.87,39.55,10,time_exit,20.23394,0.39807,1.35218,1.52224,new_york,2019
GBPJPY,-1,2019-01-18 06:00:00,2019-01-18 16:00:00,141.874,141.37,142.30872,141.00456,0.2486,50.4,114.02,113.7,10,time_exit,38.95574,0.28981,4.20977,4.05783,,2019
GBPJPY,1,2019-01-18 22:00:00,2019-01-21 02:00:00,141.31,140.88957,140.88957,142.15086,0.2601,-42.0,-99.51,-99.83,4,stop_loss,23.84707,0.28029,0.75613,4.65205,,2019
GBPJPY,-1,2019-01-23 20:00:00,2019-01-24 02:00:00,143.029,143.45951,143.45951,142.16798,0.2514,-43.1,-98.49,-98.81,6,stop_loss,35.42032,0.28701,3.66866,4.29273,new_york,2019
GBPJPY,-1,2019-01-24 04:00:00,2019-01-24 14:00:00,143.212,142.881,143.58651,142.46299,0.2861,33.1,86.18,85.86,10,time_exit,41.50284,0.24967,3.58459,5.54346,,2019
GBPJPY,-1,2019-01-28 06:00:00,2019-01-28 16:00:00,144.36,143.901,144.76181,143.55639,0.269,45.9,112.36,112.04,10,time_exit,32.53678,0.26787,2.22298,6.40098,,2019
GBPJPY,-1,2019-01-29 17:00:00,2019-01-29 21:00:00,144.194,143.39258,144.59471,143.39258,0.2728,80.1,198.95,198.63,4,take_profit,20.15789,0.26714,1.2008,4.77217,new_york,2019
GBPJPY,-1,2019-01-30 08:00:00,2019-01-30 16:00:00,143.103,143.50745,143.50745,142.29409,0.2757,-40.4,-101.47,-101.79,8,stop_loss,29.15127,0.26964,-1.76252,3.30272,london,2019
GBPJPY,-1,2019-01-31 10:00:00,2019-01-31 17:00:00,142.824,143.15035,143.15035,142.1713,0.3383,-32.6,-100.47,-100.79,7,stop_loss,13.6762,0.21757,-1.73671,2.00038,london,2019
GBPJPY,1,2019-02-01 08:00:00,2019-02-01 11:00:00,142.635,142.287,142.287,143.33101,0.314,-34.8,-99.44,-99.76,3,stop_loss,11.99938,0.232,-1.08415,0.60815,london,2019
GBPJPY,-1,2019-02-01 12:00:00,2019-02-01 16:00:00,142.089,142.47208,142.47208,141.32285,0.2824,-38.3,-98.44,-98.76,4,stop_loss,11.89701,0.25538,-2.95084,0.39755,london,2019
GBPJPY,-1,2019-02-04 16:00:00,2019-02-04 17:00:00,143.592,143.90671,143.90671,142.96258,0.3403,-31.5,-97.46,-97.78,1,stop_loss,24.55691,0.20981,2.08493,1.40218,new_york,2019
GBPJPY,1,2019-02-05 07:00:00,2019-02-05 13:00:00,143.268,143.00212,143.00212,143.79975,0.3988,-26.6,-96.49,-96.81,6,stop_loss,14.89699,0.17725,-0.02879,1.87883,london,2019
GBPJPY,-1,2019-02-05 19:00:00,2019-02-06 05:00:00,142.39,142.209,142.7408,141.68841,0.2992,18.1,49.28,48.96,10,time_exit,22.21586,0.23386,-3.14688,0.80308,new_york,2019
GBPJPY,-1,2019-02-06 17:00:00,2019-02-07 03:00:00,142.305,142.003,142.62259,141.66982,0.3322,30.2,91.3,90.98,10,time_exit,41.30214,0.21173,-1.44135,-0.91658,new_york,2019
GBPJPY,-1,2019-02-07 08:00:00,2019-02-07 12:00:00,142.194,141.6474,142.4673,141.6474,0.3897,54.7,193.84,193.52,4,take_profit,26.54199,0.1822,-1.20437,-1.66817,london,2019
GBPJPY,1,2019-02-07 19:00:00,2019-02-08 05:00:00,142.26,142.139,141.83279,143.11441,0.2543,-12.1,-28.0,-28.32,10,time_exit,23.48266,0.2848,-0.10037,-1.2624,new_york,2019
GBPJPY,-1,2019-02-12 14:00:00,2019-02-12 16:00:00,142.093,142.39242,142.39242,141.49416,0.3618,-29.9,-98.58,-98.9,2,stop_loss,13.45799,0.19961,-0.20706,-1.30285,london,2019
GBPJPY,-1,2019-02-13 07:00:00,2019-02-13 08:00:00,142.706,142.95477,142.95477,142.20845,0.431,-24.9,-97.57,-97.89,1,stop_loss,24.83047,0.16585,2.36225,-0.55728,london,2019
GBPJPY,1,2019-02-15 20:00:00,2019-02-18 06:00:00,142.282,142.751,141.87715,143.0917,0.2622,46.9,111.9,111.59,10,time_exit,25.54377,0.2699,1.56838,-1.40414,new_york,2019
GBPJPY,1,2019-02-18 21:00:00,2019-02-19 03:00:00,142.934,142.67655,142.67655,143.44891,0.4171,-25.7,-97.72,-98.04,6,stop_loss,39.68186,0.17164,2.86609,0.53911,new_york,2019
GBPJPY,1,2019-02-20 01:00:00,2019-02-20 11:00:00,144.411,144.458,144.05623,145.12054,0.2996,4.7,12.81,12.5,10,time_exit,43.80572,0.23651,5.10432,2.50714,,2019
GBPJPY,1,2019-02-27 06:00:00,2019-02-27 13:00:00,146.487,147.21757,146.12171,147.21757,0.2914,73.1,193.73,193.41,7,take_profit,52.29192,0.24352,2.74579,5.59757,,2019
GBPJPY,-1,2019-02-27 22:00:00,2019-02-28 08:00:00,147.769,147.339,148.20861,146.88979,0.247,43.0,96.65,96.33,10,time_exit,52.55579,0.29307,4.4185,5.53491,,2019
GBPJPY,-1,2019-03-01 20:00:00,2019-03-04 04:00:00,147.853,148.26097,148.26097,147.03706,0.2687,-40.8,-99.76,-100.07,8,stop_loss,36.98564,0.27198,0.64026,6.37561,new_york,2019
GBPJPY,1,2019-03-05 17:00:00,2019-03-06 03:00:00,146.929,146.957,146.53414,147.71872,0.2749,2.8,7.0,6.69,10,time_exit,25.08366,0.26324,-2.05532,3.59926,new_york,2019
GBPJPY,-1,2019-03-06 15:00:00,2019-03-06 23:00:00,146.971,147.30322,147.30322,146.30656,0.3269,-33.2,-98.83,-99.15,8,stop_loss,17.58101,0.22148,-1.1127,2.64395,london,2019
GBPJPY,-1,2019-03-07 00:00:00,2019-03-07 10:00:00,147.19,147.133,147.51629,146.53743,0.3295,5.7,17.09,16.77,10,time_exit,12.5025,0.21752,0.20667,2.3121,,2019
GBPJPY,-1,2019-03-08 23:00:00,2019-03-11 09:00:00,144.604,144.371,145.0742,143.66359,0.229,23.3,48.55,48.24,10,time_exit,34.4387,0.31347,-3.88681,-1.79613,,2019
GBPJPY,-1,2019-03-12 12:00:00,2019-03-12 13:00:00,147.304,146.29014,147.81093,146.29014,0.2135,101.4,196.98,196.66,1,take_profit,43.18899,0.33795,3.7218,-0.4169,london,2019
GBPJPY,1,2019-03-13 07:00:00,2019-03-13 14:00:00,145.556,146.73119,144.9684,146.73119,0.1879,117.5,200.95,200.63,7,take_profit,22.03799,0.39173,-0.75545,-0.64901,london,2019
GBPJPY,1,2019-03-13 21:00:00,2019-03-13 23:00:00,146.866,147.9324,146.3328,147.9324,0.2112,106.6,204.95,204.63,2,take_profit,30.25629,0.35547,2.026,-0.03074,new_york,2019
GBPJPY,1,2019-03-15 22:00:00,2019-03-18 08:00:00,148.097,148.176,147.63417,149.02266,0.2481,7.9,17.84,17.52,10,time_exit,15.26243,0.30855,1.19648,2.83212,,2019
GBPJPY,-1,2019-03-18 17:00:00,2019-03-19 03:00:00,147.499,147.618,147.90381,146.68938,0.2842,-11.9,-30.78,-31.09,10,time_exit,18.40455,0.26987,-1.45799,3.0629,new_york,2019
GBPJPY,-1,2019-03-19 05:00:00,2019-03-19 14:00:00,147.656,148.02072,148.02072,146.92656,0.3145,-36.5,-104.38,-104.7,9,stop_loss,23.04036,0.24315,-0.4884,2.681,,2019
GBPJPY,1,2019-03-19 19:00:00,2019-03-20 05:00:00,147.745,148.015,147.37524,148.48452,0.3071,27.0,75.45,75.14,10,time_exit,14.31564,0.24651,-0.02933,2.22638,new_york,2019
GBPJPY,-1,2019-03-22 11:00:00,2019-03-22 12:00:00,145.57,144.65401,146.02799,144.65401,0.2497,91.6,208.14,207.82,1,take_profit,26.80941,0.30533,-1.21423,-2.60125,london,2019
GBPJPY,-1,2019-03-22 17:00:00,2019-03-25 03:00:00,145.07,144.782,145.65957,143.89086,0.1979,28.8,51.87,51.55,10,time_exit,26.65773,0.39305,-1.7035,-2.2709,new_york,2019
GBPJPY,1,2019-03-25 09:00:00,2019-03-25 19:00:00,145.113,145.01,144.63367,146.07165,0.2445,-10.3,-22.92,-23.24,10,time_exit,19.70509,0.31955,-1.00058,-3.04107,london,2019
GBPJPY,1,2019-03-27 06:00:00,2019-03-27 16:00:00,145.8,145.97,145.36956,146.66089,0.2717,17.0,42.03,41.71,10,time_exit,19.90399,0.28696,0.41883,-1.51962,,2019
GBPJPY,1,2019-03-27 21:00:00,2019-03-28 00:00:00,146.054,145.52916,145.52916,147.10367,0.2237,-52.5,-106.84,-107.16,3,stop_loss,14.90409,0.34989,0.80098,-0.88453,new_york,2019
GBPJPY,1,2019-03-29 03:00:00,2019-03-29 13:00:00,144.413,144.847,143.93075,145.3775,0.241,43.4,95.18,94.86,10,time_exit,39.47849,0.3215,-2.27965,-2.03704,,2019
GBPJPY,1,2019-03-29 17:00:00,2019-03-29 18:00:00,144.861,144.29049,144.29049,146.00202,0.2056,-57.1,-106.74,-107.06,1,stop_loss,24.13982,0.38034,-0.25642,-1.8388,new_york,2019
GBPJPY,-1,2019-04-01 00:00:00,2019-04-01 09:00:00,144.756,145.34449,145.34449,143.57902,0.1973,-58.8,-105.66,-105.98,9,stop_loss,23.57118,0.39233,-0.91732,-2.01455,,2019
GBPJPY,1,2019-04-01 23:00:00,2019-04-02 00:00:00,146.059,145.6126,145.6126,146.95181,0.2575,-44.6,-104.6,-104.92,1,stop_loss,38.04101,0.2976,2.92716,-1.09921,,2019
GBPJPY,-1,2019-04-03 05:00:00,2019-04-03 09:00:00,146.41,146.84878,146.84878,145.53244,0.2593,-43.9,-103.54,-103.85,4,stop_loss,28.99065,0.29252,2.87041,0.05401,,2019
GBPJPY,-1,2019-04-03 13:00:00,2019-04-03 23:00:00,146.941,146.688,147.38742,146.04816,0.2523,25.3,58.09,57.77,10,time_exit,34.95128,0.29761,3.55239,0.81028,london,2019
GBPJPY,-1,2019-04-04 02:00:00,2019-04-04 12:00:00,146.855,146.585,147.29815,145.9687,0.2556,27.0,62.8,62.48,10,time_exit,18.93939,0.29543,2.14314,1.51682,,2019
GBPJPY,1,2019-04-05 15:00:00,2019-04-05 16:00:00,145.967,145.66372,145.66372,146.57355,0.3758,-30.3,-103.71,-104.03,1,stop_loss,18.29445,0.20218,-1.19107,1.38737,london,2019
GBPJPY,1,2019-04-05 18:00:00,2019-04-08 04:00:00,145.383,145.484,145.02558,146.09785,0.3157,10.1,29.02,28.7,10,time_exit,22.11748,0.23828,-3.13114,0.89492,new_york,2019
GBPJPY,-1,2019-04-08 04:00:00,2019-04-08 14:00:00,145.489,145.42,145.80436,144.85829,0.3588,6.9,22.53,22.21,10,time_exit,29.77025,0.21024,-2.11381,0.26107,,2019
GBPJPY,1,2019-04-09 00:00:00,2019-04-09 10:00:00,145.56,145.406,145.29648,146.08704,0.4303,-15.4,-60.3,-60.62,10,time_exit,29.65358,0.17568,-0.39745,-0.60194,,2019
GBPJPY,-1,2019-04-09 19:00:00,2019-04-10 05:00:00,144.934,145.101,145.33472,144.13256,0.2813,-16.7,-42.75,-43.07,10,time_exit,19.66921,0.26715,-2.36521,-0.70338,new_york,2019
GBPJPY,1,2019-04-11 10:00:00,2019-04-11 20:00:00,145.416,145.757,145.11958,146.00885,0.3787,34.1,117.51,117.2,10,time_exit,11.32577,0.19762,0.31295,-1.19712,london,2019
GBPJPY,1,2019-04-12 11:00:00,2019-04-12 14:00:00,146.101,146.59409,145.85445,146.59409,0.4605,49.3,206.63,206.31,3,take_profit,29.95528,0.16436,2.70291,0.12573,london,2019
GBPJPY,-1,2019-04-16 16:00:00,2019-04-17 02:00:00,146.288,146.041,146.57131,145.72138,0.4088,24.7,91.89,91.57,10,time_exit,20.75498,0.18887,-0.92694,2.29612,new_york,2019
GBPJPY,1,2019-04-17 11:00:00,2019-04-17 17:00:00,146.095,145.84425,145.84425,146.59651,0.4658,-25.1,-106.29,-106.61,6,stop_loss,21.73651,0.16717,-1.16914,1.45832,london,2019
GBPJPY,1,2019-04-17 22:00:00,2019-04-18 08:00:00,146.076,145.94,145.80251,146.62298,0.4228,-13.6,-52.33,-52.64,10,time_exit,18.26894,0.18233,-0.67705,0.8439,,2019
GBPJPY,1,2019-04-18 22:00:00,2019-04-19 08:00:00,145.378,145.431,145.1328,145.86839,0.4693,5.3,22.63,22.32,10,time_exit,41.86323,0.16346,-3.13839,-0.56217,,2019
GBPJPY,-1,2019-04-22 11:00:00,2019-04-22 21:00:00,145.42,145.312,145.57591,145.10818,0.7395,10.8,72.68,72.36,10,time_exit,20.44601,0.10394,-1.15343,-2.63234,london,2019
GBPJPY,1,2019-04-24 00:00:00,2019-04-24 09:00:00,144.711,144.48038,144.48038,145.17225,0.5034,-23.1,-105.65,-105.97,9,stop_loss,35.53488,0.15375,-3.19183,-2.64133,,2019
GBPJPY,-1,2019-04-24 18:00:00,2019-04-25 04:00:00,144.819,144.685,145.06752,144.32196,0.4625,13.4,56.4,56.08,10,time_exit,30.35466,0.16568,-0.82739,-3.06518,new_york,2019
GBPJPY,1,2019-04-25 09:00:00,2019-04-25 10:00:00,144.551,144.30149,144.30149,145.05002,0.4631,-25.0,-105.15,-105.47,1,stop_loss,22.89897,0.16634,-1.72804,-3.13708,london,2019
GBPJPY,-1,2019-04-25 15:00:00,2019-04-26 01:00:00,144.045,143.982,144.30338,143.52823,0.4427,6.3,25.38,25.06,10,time_exit,33.67022,0.17226,-3.79445,-3.44152,london,2019
GBPJPY,-1,2019-04-26 12:00:00,2019-04-26 18:00:00,144.207,144.43653,144.43653,143.74793,0.4996,-23.0,-104.35,-104.67,6,stop_loss,34.34797,0.15302,-0.85848,-4.69941,london,2019
GBPJPY,-1,2019-04-26 21:00:00,2019-04-29 07:00:00,144.324,144.422,144.55255,143.8669,0.4967,-9.8,-44.3,-44.61,10,time_exit,21.7321,0.15237,-0.02817,-4.35503,new_york,2019
GBPJPY,-1,2019-04-29 15:00:00,2019-04-29 19:00:00,144.418,144.61559,144.61559,144.02282,0.572,-19.8,-102.85,-103.17,4,stop_loss,17.70999,0.13173,0.39975,-3.9939,london,2019
GBPJPY,-1,2019-04-29 19:00:00,2019-04-30 05:00:00,144.521,144.465,144.72494,144.11313,0.5487,5.6,27.96,27.64,10,time_exit,16.91711,0.13596,0.99945,-3.60548,new_york,2019
GBPJPY,1,2019-04-30 08:00:00,2019-04-30 09:00:00,144.351,144.17156,144.17156,144.70989,0.6253,-17.9,-102.11,-102.43,1,stop_loss,20.56456,0.11963,-0.55704,-3.42106,london,2019
GBPJPY,-1,2019-04-30 11:00:00,2019-04-30 12:00:00,144.245,144.45388,144.45388,143.82724,0.5317,-20.9,-101.07,-101.39,1,stop_loss,27.33903,0.13925,-1.12415,-2.94293,london,2019
GBPJPY,1,2019-04-30 20:00:00,2019-05-01 06:00:00,145.227,145.466,144.92371,145.83358,0.3626,23.9,78.86,78.54,10,time_exit,27.22223,0.20219,3.21533,-1.22071,new_york,2019
GBPJPY,-1,2019-05-02 12:00:00,2019-05-02 18:00:00,145.607,145.09103,145.86499,145.09103,0.4296,51.6,201.71,201.39,6,take_profit,19.65036,0.17199,1.58245,1.69169,london,2019
GBPJPY,1,2019-05-03 09:00:00,2019-05-03 12:00:00,145.321,145.12647,145.12647,145.71006,0.5811,-19.5,-102.87,-103.19,3,stop_loss,20.74258,0.12969,-0.07659,1.79326,london,2019
GBPJPY,-1,2019-05-03 20:00:00,2019-05-06 00:00:00,146.233,145.52311,146.58794,145.52311,0.3153,71.0,203.68,203.36,4,take_profit,30.80799,0.23663,3.69743,0.97448,new_york,2019
GBPJPY,-1,2019-05-06 00:00:00,2019-05-06 01:00:00,145.4,145.7177,145.7177,144.76461,0.3593,-31.8,-103.88,-104.19,1,stop_loss,36.702,0.2118,4.22779,1.53366,,2019
GBPJPY,1,2019-05-07 00:00:00,2019-05-07 10:00:00,145.037,144.936,144.73249,145.64602,0.3711,-10.1,-34.11,-34.43,10,time_exit,17.9324,0.20301,-0.85795,0.72881,,2019
GBPJPY,1,2019-05-08 02:00:00,2019-05-08 05:00:00,144.11,143.81991,143.81991,144.69019,0.3882,-29.0,-102.48,-102.8,3,stop_loss,35.88689,0.1934,-3.56013,-1.32848,,2019
GBPJPY,1,2019-05-08 19:00:00,2019-05-09 03:00:00,143.309,142.97606,142.97606,143.97489,0.3348,-33.3,-101.44,-101.76,8,stop_loss,45.64176,0.22196,-3.9089,-2.91872,new_york,2019
GBPJPY,1,2019-05-09 15:00:00,2019-05-09 16:00:00,142.708,142.39326,142.39326,143.33748,0.3506,-31.5,-100.42,-100.74,1,stop_loss,49.79253,0.20983,-3.80076,-4.70937,london,2019
GBPJPY,1,2019-05-10 00:00:00,2019-05-10 10:00:00,142.68,142.677,142.3519,143.3362,0.333,-0.3,-0.91,-1.23,10,time_exit,40.04279,0.21873,-2.46296,-4.87395,,2019
GBPJPY,-1,2019-05-14 01:00:00,2019-05-14 03:00:00,141.532,141.87553,141.87553,140.84495,0.318,-34.4,-99.41,-99.73,2,stop_loss,34.41361,0.22902,-4.25487,-4.97909,,2019
GBPJPY,1,2019-05-14 20:00:00,2019-05-15 06:00:00,141.639,141.561,141.30362,142.30976,0.3225,-7.8,-22.89,-23.21,10,time_exit,23.60112,0.22359,-2.24863,-5.32635,new_york,2019
GBPJPY,1,2019-05-15 19:00:00,2019-05-15 21:00:00,141.114,140.6818,140.6818,141.97839,0.2496,-43.2,-98.17,-98.49,2,stop_loss,38.80008,0.28813,-1.7066,-4.54797,new_york,2019
GBPJPY,1,2019-05-16 00:00:00,2019-05-16 10:00:00,140.732,140.35522,140.35522,141.48556,0.2835,-37.7,-97.2,-97.52,10,stop_loss,37.2116,0.25119,-2.83759,-5.42813,,2019
GBPJPY,1,2019-05-17 05:00:00,2019-05-17 06:00:00,140.627,140.38528,140.38528,141.11044,0.4374,-24.2,-96.21,-96.53,1,stop_loss,26.16954,0.16115,-1.41341,-8.66233,,2019
GBPJPY,1,2019-05-17 08:00:00,2019-05-17 09:00:00,140.348,140.10126,140.10126,140.84148,0.4242,-24.7,-95.25,-95.57,1,stop_loss,26.68443,0.16449,-2.7534,-8.47743,london,2019
GBPJPY,-1,2019-05-20 05:00:00,2019-05-20 15:00:00,140.384,139.99,140.72084,139.71033,0.3076,39.4,110.29,109.97,10,time_exit,26.16458,0.22456,-0.00506,-6.26275,,2019
GBPJPY,-1,2019-05-22 02:00:00,2019-05-22 12:00:00,140.416,139.974,140.80504,139.63792,0.2695,44.2,108.4,108.08,10,time_exit,27.16583,0.25936,0.28426,-3.45539,,2019
GBPJPY,1,2019-05-22 19:00:00,2019-05-23 04:00:00,139.759,139.36016,139.36016,140.55669,0.2658,-39.9,-96.47,-96.79,9,stop_loss,22.55986,0.2659,-1.5649,-3.30263,new_york,2019
GBPJPY,-1,2019-05-23 07:00:00,2019-05-23 10:00:00,139.551,138.96182,139.84559,138.96182,0.3563,58.9,191.03,190.71,3,take_profit,18.97153,0.19639,-2.1176,-4.72559,london,2019
GBPJPY,1,2019-05-24 01:00:00,2019-05-24 11:00:00,138.765,138.978,138.43522,139.42456,0.3246,21.3,62.92,62.6,10,time_exit,38.02179,0.21985,-3.06268,-5.18662,,2019
GBPJPY,1,2019-05-27 21:00:00,2019-05-28 07:00:00,138.839,138.832,138.57526,139.36649,0.4085,-0.7,-2.6,-2.92,10,time_exit,20.90808,0.17583,-1.4608,-5.24009,new_york,2019
GBPJPY,1,2019-05-29 00:00:00,2019-05-29 10:00:00,138.38,138.09287,138.09287,138.95427,0.3751,-28.7,-98.01,-98.33,10,stop_loss,16.57159,0.19142,-2.3526,-4.61756,,2019
GBPJPY,-1,2019-05-30 00:00:00,2019-05-30 09:00:00,138.34,138.68799,138.68799,137.64402,0.3064,-34.8,-97.03,-97.35,9,stop_loss,27.71982,0.23199,-0.47162,-3.98974,,2019
GBPJPY,-1,2019-05-31 18:00:00,2019-06-03 04:00:00,136.832,136.923,137.23343,136.02914,0.263,-9.1,-21.78,-22.1,10,time_exit,47.66256,0.26762,-3.803,-3.8958,new_york,2019
GBPJPY,1,2019-06-03 23:00:00,2019-06-04 09:00:00,136.809,136.814,136.48421,137.45858,0.3243,0.5,1.48,1.16,10,time_exit,20.62094,0.21653,-1.65294,-5.6008,,2019
GBPJPY,-1,2019-06-05 08:00:00,2019-06-05 11:00:00,137.329,137.55979,137.55979,136.86742,0.4564,-23.1,-95.85,-96.17,3,stop_loss,31.3656,0.15386,1.09893,-5.56063,london,2019
GBPJPY,-1,2019-06-05 17:00:00,2019-06-06 03:00:00,137.5,137.431,137.76773,136.96454,0.3895,6.9,24.46,24.14,10,time_exit,29.10819,0.17849,1.13104,-3.93782,new_york,2019
GBPJPY,-1,2019-06-06 19:00:00,2019-06-06 22:00:00,137.407,137.72142,137.72142,136.77816,0.3325,-31.4,-95.14,-95.45,3,stop_loss,19.78137,0.20961,0.25059,-2.33446,new_york,2019
GBPJPY,1,2019-06-06 22:00:00,2019-06-07 08:00:00,137.603,137.674,137.30063,138.20773,0.3423,7.1,22.12,21.8,10,time_exit,19.67879,0.20158,1.11472,-2.27566,,2019
GBPJPY,-1,2019-06-07 18:00:00,2019-06-10 00:00:00,137.817,138.1162,138.1162,137.2186,0.3467,-29.9,-94.4,-94.71,6,stop_loss,26.57717,0.19947,1.12138,-1.14802,new_york,2019
GBPJPY,1,2019-06-10 00:00:00,2019-06-10 03:00:00,138.164,137.90615,137.90615,138.6797,0.3982,-25.8,-93.44,-93.75,3,stop_loss,18.94974,0.1719,1.04817,-1.06221,,2019
GBPJPY,1,2019-06-10 07:00:00,2019-06-10 12:00:00,138.002,137.75926,137.75926,138.48748,0.4188,-24.3,-92.51,-92.83,5,stop_loss,24.9159,0.16183,1.7057,-0.6628,london,2019
GBPJPY,1,2019-06-17 04:00:00,2019-06-17 10:00:00,136.812,136.58089,136.58089,137.27421,0.4355,-23.1,-91.59,-91.91,6,stop_loss,50.91421,0.15407,-1.9962,-2.93179,,2019
GBPJPY,1,2019-06-17 21:00:00,2019-06-17 23:00:00,136.292,136.05504,136.05504,136.76592,0.4204,-23.7,-90.65,-90.97,2,stop_loss,37.94391,0.15797,-3.74531,-3.45157,new_york,2019
GBPJPY,-1,2019-06-17 23:00:00,2019-06-18 04:00:00,136.09,135.62397,136.32302,135.62397,0.4233,46.6,179.52,179.2,5,take_profit,40.2265,0.15534,-4.69448,-3.72442,,2019
GBPJPY,1,2019-06-18 21:00:00,2019-06-19 07:00:00,136.089,136.072,135.76278,136.74143,0.3084,-1.7,-4.77,-5.09,10,time_exit,41.27901,0.21748,-0.79878,-3.84078,new_york,2019
GBPJPY,1,2019-06-19 10:00:00,2019-06-19 12:00:00,135.842,136.36262,135.58169,136.36262,0.3862,52.1,182.97,182.65,2,take_profit,23.6142,0.17354,-2.25758,-4.35271,london,2019
GBPJPY,-1,2019-06-21 09:00:00,2019-06-21 10:00:00,136.124,136.41792,136.41792,135.53617,0.3489,-29.4,-93.32,-93.64,1,stop_loss,27.50754,0.19594,-1.59623,-1.93772,london,2019
GBPJPY,1,2019-06-21 11:00:00,2019-06-21 12:00:00,136.473,136.15538,136.15538,137.10824,0.3196,-31.8,-92.38,-92.69,1,stop_loss,26.09033,0.21175,0.20286,-1.7845,london,2019
GBPJPY,1,2019-06-25 07:00:00,2019-06-25 09:00:00,136.322,136.81776,136.07412,136.81776,0.4054,49.6,182.89,182.58,2,take_profit,14.667,0.16525,-1.90141,-0.74471,london,2019
GBPJPY,1,2019-06-25 21:00:00,2019-06-26 07:00:00,136.164,136.231,135.82708,136.83784,0.3043,6.7,18.55,18.23,10,time_exit,18.70026,0.22461,-1.49041,-0.91336,new_york,2019
GBPJPY,1,2019-06-26 14:00:00,2019-06-27 00:00:00,136.653,136.734,136.338,137.283,0.3261,8.1,24.04,23.72,10,time_exit,18.99166,0.21,1.41966,-1.27522,london,2019
GBPJPY,-1,2019-06-27 12:00:00,2019-06-27 18:00:00,137.056,136.5375,137.31525,136.5375,0.3972,51.8,187.41,187.09,6,take_profit,22.98251,0.17283,2.36458,-0.09111,london,2019
GBPJPY,-1,2019-07-01 08:00:00,2019-07-01 11:00:00,137.47,136.87037,137.76981,136.87037,0.3503,60.0,191.14,190.83,3,take_profit,30.27893,0.19988,2.76668,0.90999,london,2019
GBPJPY,-1,2019-07-02 06:00:00,2019-07-02 11:00:00,137.05,136.56957,137.29021,136.56957,0.4459,48.0,194.94,194.62,5,take_profit,10.472,0.16014,0.32981,1.23378,,2019
GBPJPY,-1,2019-07-02 19:00:00,2019-07-03 05:00:00,136.048,135.454,136.36505,135.41391,0.3446,59.4,186.27,185.95,10,time_exit,23.64402,0.21136,-3.78904,0.31423,new_york,2019
GBPJPY,1,2019-07-03 05:00:00,2019-07-03 09:00:00,135.485,135.21796,135.21796,136.01908,0.4168,-26.7,-101.29,-101.6,4,stop_loss,46.07592,0.17803,-5.79346,-1.00233,,2019
GBPJPY,1,2019-07-03 22:00:00,2019-07-04 08:00:00,135.648,135.639,135.37816,136.18769,0.4083,-0.9,-3.34,-3.66,10,time_exit,47.43908,0.1799,-2.01244,-2.74542,,2019
GBPJPY,1,2019-07-05 16:00:00,2019-07-05 17:00:00,135.787,135.60238,135.60238,136.15625,0.5966,-18.5,-100.23,-100.55,1,stop_loss,15.50217,0.12308,0.67209,-4.0407,new_york,2019
GBPJPY,-1,2019-07-08 03:00:00,2019-07-08 13:00:00,135.874,135.923,136.07657,135.46886,0.5383,-4.9,-24.0,-24.32,10,time_exit,20.83174,0.13505,0.91029,-3.04908,,2019
GBPJPY,-1,2019-07-08 15:00:00,2019-07-08 20:00:00,135.862,136.08243,136.08243,135.42114,0.4935,-22.0,-98.99,-99.31,5,stop_loss,15.69694,0.14695,0.6129,-2.38311,london,2019
GBPJPY,1,2019-07-08 22:00:00,2019-07-09 08:00:00,136.054,136.051,135.84165,136.4787,0.5071,-0.3,-1.38,-1.7,10,time_exit,18.66495,0.14157,1.59917,-2.03599,,2019
GBPJPY,-1,2019-07-11 13:00:00,2019-07-11 14:00:00,135.614,135.84953,135.84953,135.14295,0.4571,-23.6,-97.97,-98.29,1,stop_loss,26.44575,0.15702,0.1069,-1.9525,london,2019
GBPJPY,-1,2019-07-15 12:00:00,2019-07-15 19:00:00,135.435,134.97759,135.6637,134.97759,0.466,45.7,193.97,193.65,7,take_profit,16.89386,0.15247,-1.72798,-0.98123,london,2019
GBPJPY,-1,2019-07-16 01:00:00,2019-07-16 04:00:00,135.023,135.2119,135.2119,134.64521,0.5755,-18.9,-98.93,-99.24,3,stop_loss,34.12175,0.12593,-3.58852,-2.29897,,2019
GBPJPY,-1,2019-07-16 04:00:00,2019-07-16 10:00:00,135.101,134.74117,135.28092,134.74117,0.5982,36.0,195.88,195.56,6,take_profit,34.9118,0.11994,-2.73107,-2.62752,,2019
GBPJPY,1,2019-07-16 18:00:00,2019-07-17 04:00:00,134.451,134.311,134.14282,135.06736,0.3562,-14.0,-45.38,-45.7,10,time_exit,35.01689,0.20545,-3.16738,-2.46368,new_york,2019
GBPJPY,-1,2019-07-17 19:00:00,2019-07-18 04:00:00,134.42,133.92358,134.66821,133.92358,0.4402,49.6,198.86,198.54,9,take_profit,31.74743,0.16547,-1.14582,-4.31546,new_york,2019
GBPJPY,1,2019-07-18 23:00:00,2019-07-19 09:00:00,134.682,134.804,134.38609,135.27381,0.3766,12.2,41.81,41.49,10,time_exit,27.38518,0.19727,1.06574,-3.12649,,2019
GBPJPY,1,2019-07-22 08:00:00,2019-07-22 10:00:00,134.986,134.75,134.75,135.458,0.4742,-23.6,-101.84,-102.16,2,stop_loss,23.20718,0.15733,1.54669,-1.74169,london,2019
GBPJPY,1,2019-07-23 06:00:00,2019-07-23 11:00:00,134.637,134.42893,134.42893,135.05314,0.5324,-20.8,-100.81,-101.13,5,stop_loss,13.54738,0.13871,-0.33687,-1.8821,,2019
GBPJPY,1,2019-07-23 12:00:00,2019-07-23 14:00:00,134.451,134.88553,134.23373,134.88553,0.5048,43.5,199.61,199.29,2,take_profit,14.0198,0.14484,-1.49174,-1.77276,london,2019
GBPJPY,-1,2019-07-23 22:00:00,2019-07-24 08:00:00,134.695,134.504,134.97213,134.14075,0.4037,19.1,70.17,69.85,10,time_exit,10.80124,0.18475,0.23167,-1.31495,,2019
GBPJPY,1,2019-07-25 19:00:00,2019-07-26 05:00:00,135.419,135.16,135.10454,136.04793,0.3582,-25.9,-84.42,-84.74,10,time_exit,22.14672,0.20964,2.25819,0.18323,new_york,2019
GBPJPY,1,2019-07-26 19:00:00,2019-07-29 03:00:00,134.642,134.37431,134.37431,135.17738,0.4173,-26.8,-101.65,-101.97,8,stop_loss,18.73123,0.17846,-2.23001,0.47235,new_york,2019
GBPJPY,1,2019-07-29 04:00:00,2019-07-29 10:00:00,134.27,134.04203,134.04203,134.72593,0.4851,-22.8,-100.63,-100.95,6,stop_loss,31.51256,0.15198,-4.05494,-0.22574,,2019
GBPJPY,-1,2019-07-30 10:00:00,2019-07-30 12:00:00,131.954,132.32786,132.32786,131.20627,0.2928,-37.4,-99.62,-99.93,2,stop_loss,68.77335,0.24924,-6.35792,-3.69852,london,2019
GBPJPY,-1,2019-07-31 11:00:00,2019-07-31 15:00:00,132.053,132.32458,132.32458,131.50983,0.399,-27.2,-98.61,-98.93,4,stop_loss,40.43997,0.18106,-2.9791,-7.39136,london,2019
GBPJPY,-1,2019-07-31 23:00:00,2019-08-01 09:00:00,132.304,132.384,132.72182,131.46835,0.2568,-8.0,-18.7,-19.01,10,time_exit,31.28997,0.27855,-0.82182,-4.39238,,2019
GBPJPY,1,2019-08-02 11:00:00,2019-08-02 17:00:00,129.704,129.20633,129.20633,130.69934,0.2152,-49.8,-97.46,-97.78,6,stop_loss,57.46914,0.33178,-4.44715,-5.32639,london,2019
GBPJPY,-1,2019-08-07 03:00:00,2019-08-07 13:00:00,129.399,128.89,129.82421,128.54857,0.2493,50.9,115.47,115.15,10,time_exit,29.78854,0.28348,-0.1257,-6.18683,,2019
GBPJPY,-1,2019-08-08 08:00:00,2019-08-08 15:00:00,129.08,128.3003,129.46985,128.3003,0.2751,78.0,195.19,194.87,7,take_profit,13.81637,0.2599,-0.07497,-5.8661,london,2019
GBPJPY,-1,2019-08-12 18:00:00,2019-08-13 04:00:00,127.236,127.205,127.64732,126.41337,0.266,3.1,7.5,7.19,10,time_exit,32.62279,0.27421,-1.53093,-6.32944,new_york,2019
GBPJPY,-1,2019-08-13 16:00:00,2019-08-13 17:00:00,127.168,127.48218,127.48218,126.53965,0.3485,-31.4,-99.64,-99.96,1,stop_loss,14.04556,0.20945,-0.88603,-7.61693,new_york,2019
GBPJPY,1,2019-08-13 23:00:00,2019-08-14 03:00:00,128.64,128.15103,128.15103,129.61793,0.2217,-48.9,-98.65,-98.97,4,stop_loss,34.72233,0.32598,2.99439,-3.86648,,2019
GBPJPY,-1,2019-08-14 13:00:00,2019-08-14 14:00:00,128.497,127.7112,128.8899,127.7112,0.2731,78.6,195.29,194.97,1,take_profit,32.59541,0.26193,1.96724,-3.34822,london,2019
GBPJPY,-1,2019-08-15 00:00:00,2019-08-15 09:00:00,127.689,128.11097,128.11097,126.84507,0.2594,-42.2,-99.61,-99.93,9,stop_loss,20.46925,0.28131,-0.77004,-2.96131,,2019
GBPJPY,-1,2019-08-15 19:00:00,2019-08-16 05:00:00,128.514,128.334,129.01752,127.50696,0.2152,18.0,35.25,34.93,10,time_exit,28.17704,0.33568,1.39386,-1.76377,new_york,2019
GBPJPY,1,2019-08-20 22:00:00,2019-08-21 08:00:00,129.328,129.397,128.92431,130.13538,0.2693,6.9,16.91,16.59,10,time_exit,27.60549,0.26913,1.11337,0.66915,,2019
GBPJPY,-1,2019-08-22 05:00:00,2019-08-22 14:00:00,129.145,129.4091,129.4091,128.61679,0.4124,-26.4,-99.11,-99.43,9,stop_loss,11.37043,0.17607,-0.31322,1.34149,,2019
GBPJPY,-1,2019-08-22 21:00:00,2019-08-23 07:00:00,130.386,130.352,130.84015,129.47769,0.2374,3.4,7.35,7.03,10,time_exit,25.82555,0.30277,3.14302,1.23446,new_york,2019
GBPJPY,-1,2019-08-23 15:00:00,2019-08-23 18:00:00,130.49,129.81265,130.82868,129.81265,0.3186,67.7,196.38,196.06,3,take_profit,26.82865,0.22578,2.64756,2.75863,london,2019
GBPJPY,1,2019-08-26 17:00:00,2019-08-27 03:00:00,129.598,129.275,129.03341,130.72718,0.1949,-32.3,-57.29,-57.61,10,time_exit,23.33247,0.37639,0.0594,0.73518,new_york,2019
GBPJPY,1,2019-08-29 19:00:00,2019-08-30 05:00:00,129.881,129.715,129.49063,130.66173,0.2803,-16.6,-42.34,-42.66,10,time_exit,20.03548,0.26024,1.19365,0.45718,new_york,2019
GBPJPY,1,2019-08-30 06:00:00,2019-08-30 10:00:00,129.715,129.40569,129.40569,130.33363,0.3522,-30.9,-99.14,-99.45,4,stop_loss,20.36244,0.20621,0.37405,0.74447,,2019
GBPJPY,1,2019-08-30 18:00:00,2019-09-02 00:00:00,129.307,128.92939,128.92939,130.06223,0.2856,-37.8,-98.14,-98.46,6,stop_loss,15.19772,0.25174,-1.19978,0.45463,new_york,2019
GBPJPY,-1,2019-09-02 15:00:00,2019-09-03 01:00:00,128.451,128.137,128.81432,127.72436,0.2939,31.4,83.98,83.66,10,time_exit,35.08334,0.24221,-3.17544,-0.7179,london,2019
GBPJPY,1,2019-09-03 09:00:00,2019-09-03 10:00:00,127.615,127.29339,127.29339,128.25822,0.3349,-32.2,-98.01,-98.33,1,stop_loss,47.54707,0.21441,-4.73947,-2.56118,london,2019
GBPJPY,-1,2019-09-03 12:00:00,2019-09-03 13:00:00,127.171,127.61407,127.61407,126.28487,0.2406,-44.3,-97.01,-97.33,1,stop_loss,53.4329,0.29538,-4.37658,-2.223,london,2019
GBPJPY,-1,2019-09-03 23:00:00,2019-09-04 09:00:00,128.124,128.5998,128.5998,127.17241,0.2218,-47.6,-96.03,-96.35,10,stop_loss,32.43601,0.3172,-0.41756,-2.30679,,2019
GBPJPY,-1,2019-09-05 19:00:00,2019-09-06 05:00:00,131.949,132.007,132.449,130.949,0.209,-5.8,-11.03,-11.35,10,time_exit,53.30902,0.33333,5.85419,2.00069,new_york,2019
GBPJPY,1,2019-09-06 13:00:00,2019-09-06 23:00:00,131.596,131.346,131.21368,132.36064,0.273,-25.0,-62.11,-62.43,10,time_exit,45.68626,0.25488,2.56462,4.69693,london,2019
GBPJPY,-1,2019-09-09 02:00:00,2019-09-09 11:00:00,131.322,131.64663,131.64663,130.67274,0.3194,-32.5,-94.35,-94.67,9,stop_loss,25.44656,0.21642,0.9032,5.44686,,2019
GBPJPY,-1,2019-09-10 12:00:00,2019-09-10 14:00:00,132.246,132.64228,132.64228,131.45343,0.259,-39.6,-93.4,-93.72,2,stop_loss,27.62196,0.26419,1.15438,5.18425,london,2019
GBPJPY,-1,2019-09-10 21:00:00,2019-09-11 02:00:00,132.625,132.98993,132.98993,131.89514,0.2784,-36.5,-92.45,-92.77,5,stop_loss,26.21561,0.24329,2.07819,5.70437,new_york,2019
GBPJPY,1,2019-09-11 10:00:00,2019-09-11 14:00:00,133.159,132.86402,132.86402,133.74896,0.341,-29.5,-91.54,-91.85,4,stop_loss,34.73965,0.19665,3.47356,7.4358,london,2019
GBPJPY,-1,2019-09-12 09:00:00,2019-09-12 15:00:00,133.119,132.53807,133.40946,132.53807,0.3428,58.1,181.22,180.9,6,take_profit,20.2838,0.19364,1.59031,7.18549,london,2019
GBPJPY,-1,2019-09-13 03:00:00,2019-09-13 09:00:00,133.385,133.7822,133.7822,132.59059,0.2557,-39.7,-92.42,-92.74,6,stop_loss,12.61064,0.2648,1.39559,4.90585,,2019
GBPJPY,1,2019-09-13 18:00:00,2019-09-16 00:00:00,134.654,134.23062,134.23062,135.50077,0.2375,-42.3,-91.5,-91.82,6,stop_loss,33.47394,0.28226,4.06706,5.19508,new_york,2019
GBPJPY,-1,2019-09-16 23:00:00,2019-09-17 09:00:00,134.304,134.413,134.66526,133.58147,0.2755,-10.9,-27.33,-27.65,10,time_exit,22.74221,0.24084,0.85261,6.05767,,2019
GBPJPY,-1,2019-09-17 11:00:00,2019-09-17 15:00:00,134.05,134.36917,134.36917,133.41166,0.3109,-31.9,-90.3,-90.62,4,stop_loss,15.20523,0.21278,-0.63781,6.35673,london,2019
GBPJPY,1,2019-09-17 21:00:00,2019-09-18 07:00:00,135.269,135.098,134.89412,136.01877,0.262,-17.1,-40.77,-41.09,10,time_exit,23.58375,0.24992,3.67634,5.38163,new_york,2019
GBPJPY,1,2019-09-18 15:00:00,2019-09-18 22:00:00,134.736,135.33133,134.43833,135.33133,0.3285,59.5,177.97,177.65,7,take_profit,24.67635,0.19844,0.17389,6.84597,london,2019
GBPJPY,-1,2019-09-20 00:00:00,2019-09-20 09:00:00,135.258,135.64819,135.64819,134.47762,0.2556,-39.0,-90.76,-91.07,9,stop_loss,16.74505,0.26013,1.65246,4.20657,,2019
GBPJPY,-1,2019-09-23 08:00:00,2019-09-23 10:00:00,134.471,133.82975,134.79163,133.82975,0.3079,64.1,179.67,179.35,2,take_profit,23.1973,0.21375,-1.37301,3.2155,london,2019
GBPJPY,1,2019-09-24 13:00:00,2019-09-24 18:00:00,134.158,133.78723,133.78723,134.89954,0.2716,-37.1,-91.64,-91.96,5,stop_loss,26.46729,0.24718,0.45579,0.24758,london,2019
GBPJPY,-1,2019-09-25 20:00:00,2019-09-26 06:00:00,133.189,133.244,133.61384,132.33932,0.2347,-5.5,-11.75,-12.07,10,time_exit,22.59434,0.28323,-1.86644,-0.63893,new_york,2019
GBPJPY,1,2019-09-26 15:00:00,2019-09-27 01:00:00,132.932,132.884,132.61033,133.57535,0.3095,-4.8,-13.52,-13.84,10,time_exit,38.33876,0.21445,-1.91839,-1.89332,london,2019
GBPJPY,1,2019-09-27 07:00:00,2019-09-27 10:00:00,132.782,132.50068,132.50068,133.34463,0.3534,-28.1,-90.47,-90.79,3,stop_loss,31.66594,0.18754,-1.8201,-2.65507,london,2019
GBPJPY,1,2019-09-27 19:00:00,2019-09-27 20:00:00,133.03,132.68065,132.68065,133.7287,0.2817,-34.9,-89.55,-89.87,1,stop_loss,24.90348,0.2329,-0.08006,-2.11389,new_york,2019
GBPJPY,1,2019-09-30 22:00:00,2019-10-01 08:00:00,132.908,132.985,132.55588,133.61225,0.2767,7.7,19.39,19.07,10,time_exit,22.41387,0.23475,0.12441,-2.04179,,2019
GBPJPY,-1,2019-10-01 13:00:00,2019-10-01 15:00:00,133.117,132.5067,133.42215,132.5067,0.32,61.0,177.72,177.4,2,take_profit,25.17277,0.20343,0.98358,-1.88608,london,2019
GBPJPY,-1,2019-10-01 19:00:00,2019-10-01 20:00:00,131.854,132.23901,132.23901,131.08398,0.2587,-38.5,-90.64,-90.96,1,stop_loss,27.69378,0.25667,-3.72016,-1.71969,new_york,2019
GBPJPY,-1,2019-10-02 02:00:00,2019-10-02 12:00:00,132.383,131.826,132.83889,131.47121,0.2162,55.7,109.59,109.27,10,time_exit,19.03428,0.30393,-1.13712,-1.54561,,2019
GBPJPY,1,2019-10-04 05:00:00,2019-10-04 14:00:00,131.898,131.56825,131.56825,132.55749,0.3026,-33.0,-90.8,-91.12,9,stop_loss,12.39677,0.21983,-0.66225,-3.00489,,2019
GBPJPY,-1,2019-10-07 12:00:00,2019-10-07 13:00:00,131.41,131.69437,131.69437,130.84127,0.3474,-28.4,-89.9,-90.22,1,stop_loss,14.27847,0.18958,-1.9161,-3.47478,london,2019
GBPJPY,-1,2019-10-07 22:00:00,2019-10-08 08:00:00,131.961,132.066,132.27777,131.32746,0.3087,-10.5,-29.5,-29.81,10,time_exit,16.21489,0.21118,0.79366,-2.75183,,2019
GBPJPY,1,2019-10-08 14:00:00,2019-10-09 00:00:00,130.691,130.819,130.3394,131.3942,0.2772,12.8,32.29,31.97,10,time_exit,24.57229,0.2344,-4.51957,-2.25848,london,2019
GBPJPY,1,2019-10-10 03:00:00,2019-10-10 04:00:00,130.95,131.65769,130.59616,131.65769,0.2764,70.8,178.0,177.68,1,take_profit,24.75143,0.2359,-1.07004,-2.88359,,2019
GBPJPY,-1,2019-10-10 19:00:00,2019-10-10 20:00:00,133.631,134.21736,134.21736,132.45827,0.1701,-58.6,-90.76,-91.08,1,stop_loss,36.42297,0.39091,5.5456,-0.99577,new_york,2019
GBPJPY,1,2019-10-11 07:00:00,2019-10-11 12:00:00,134.299,135.24368,133.82666,135.24368,0.2091,94.5,179.75,179.44,5,take_profit,58.16078,0.31489,5.64099,1.2745,london,2019
GBPJPY,1,2019-10-14 00:00:00,2019-10-14 09:00:00,136.805,136.11258,136.11258,138.18985,0.1455,-69.2,-91.68,-92.0,9,stop_loss,73.75904,0.46162,5.66317,3.70441,,2019
GBPJPY,1,2019-10-16 07:00:00,2019-10-16 10:00:00,138.611,138.04299,138.04299,139.74702,0.1756,-56.8,-90.77,-91.08,3,stop_loss,41.64508,0.37867,3.33125,7.03461,london,2019
GBPJPY,-1,2019-10-17 07:00:00,2019-10-17 12:00:00,139.461,140.0142,140.0142,138.3546,0.1785,-55.3,-89.86,-90.18,5,stop_loss,20.91262,0.3688,2.55712,7.79199,london,2019
GBPJPY,-1,2019-10-18 07:00:00,2019-10-18 11:00:00,139.527,140.07888,140.07888,138.42324,0.1771,-55.2,-88.94,-89.26,4,stop_loss,16.13395,0.36792,0.85264,7.39431,london,2019
GBPJPY,1,2019-10-18 15:00:00,2019-10-21 01:00:00,139.934,139.852,139.40698,140.98803,0.1836,-8.2,-13.7,-14.02,10,time_exit,17.1327,0.35134,1.53445,7.52303,london,2019
GBPJPY,-1,2019-10-22 11:00:00,2019-10-22 21:00:00,140.486,140.85376,140.85376,139.75049,0.2627,-36.8,-87.91,-88.23,10,stop_loss_ambiguous,16.05976,0.24517,0.05358,9.60439,london,2019
GBPJPY,-1,2019-10-23 13:00:00,2019-10-23 15:00:00,139.302,139.83031,139.83031,138.24539,0.181,-52.8,-87.02,-87.34,2,stop_loss,33.23936,0.3522,-1.93301,4.19439,london,2019
GBPJPY,-1,2019-10-25 20:00:00,2019-10-28 06:00:00,139.414,139.412,139.77572,138.69057,0.2617,0.2,0.48,0.16,10,time_exit,9.37424,0.24114,-1.01626,2.60431,new_york,2019
GBPJPY,1,2019-10-29 02:00:00,2019-10-29 11:00:00,140.08,139.7837,139.7837,140.6726,0.3195,-29.6,-86.15,-86.47,9,stop_loss,45.80373,0.19753,1.75126,2.6868,,2019
GBPJPY,1,2019-11-01 16:00:00,2019-11-04 02:00:00,139.953,139.965,139.67834,140.50232,0.3412,1.2,3.73,3.41,10,time_exit,13.94296,0.18311,-0.46014,1.72081,new_york,2019
GBPJPY,1,2019-11-04 16:00:00,2019-11-05 00:00:00,140.056,139.83873,139.83873,140.49054,0.4315,-21.7,-85.31,-85.63,8,stop_loss,10.67815,0.14485,0.14832,1.72341,new_york,2019
GBPJPY,1,2019-11-05 02:00:00,2019-11-05 12:00:00,140.108,140.482,139.89498,140.53404,0.4357,37.4,148.29,147.97,10,time_exit,11.56194,0.14201,0.61815,1.51601,,2019
GBPJPY,-1,2019-11-05 18:00:00,2019-11-05 20:00:00,140.437,140.67944,140.67944,139.95213,0.3896,-24.2,-85.95,-86.27,2,stop_loss,26.48735,0.16162,1.79741,1.6865,new_york,2019
GBPJPY,-1,2019-11-14 02:00:00,2019-11-14 12:00:00,139.844,139.675,140.0993,139.33341,0.3662,16.9,56.32,56.0,10,time_exit,22.40602,0.1702,-0.58638,-0.2516,,2019
GBPJPY,-1,2019-11-18 13:00:00,2019-11-18 17:00:00,141.295,140.77142,141.55679,140.77142,0.3595,52.4,171.29,170.97,4,take_profit,57.30032,0.17453,5.67132,1.52665,london,2019
GBPJPY,-1,2019-11-19 03:00:00,2019-11-19 04:00:00,140.503,140.76281,140.76281,139.98337,0.3695,-26.0,-87.36,-87.68,1,stop_loss,29.30636,0.17321,-0.08965,2.17111,,2019
GBPJPY,-1,2019-11-19 08:00:00,2019-11-19 18:00:00,140.755,140.359,141.00472,140.25556,0.3805,39.6,137.12,136.8,10,time_exit,23.0977,0.16648,1.2578,2.28109,london,2019
GBPJPY,1,2019-11-19 19:00:00,2019-11-20 03:00:00,140.359,140.05547,140.05547,140.96605,0.318,-30.4,-87.83,-88.15,8,stop_loss,19.61633,0.20235,-1.11793,1.80115,new_york,2019
GBPJPY,1,2019-11-20 17:00:00,2019-11-21 02:00:00,140.343,140.02502,140.02502,140.97897,0.3005,-31.8,-86.95,-87.27,9,stop_loss,42.84758,0.21199,0.2392,0.45007,new_york,2019
GBPJPY,-1,2019-11-21 20:00:00,2019-11-22 06:00:00,140.149,140.315,140.46578,139.51544,0.2986,-16.6,-45.11,-45.43,10,time_exit,22.03662,0.21119,-0.91206,0.51162,new_york,2019
GBPJPY,-1,2019-11-22 10:00:00,2019-11-22 11:00:00,140.273,139.8244,140.4973,139.8244,0.4195,44.9,171.25,170.93,1,take_profit,13.01447,0.14953,-0.26603,0.49992,london,2019
GBPJPY,-1,2019-11-22 17:00:00,2019-11-25 03:00:00,139.605,139.785,139.8944,139.0262,0.3317,-18.0,-54.33,-54.65,10,time_exit,20.9147,0.19293,-2.97031,-0.14722,new_york,2019
GBPJPY,-1,2019-11-26 21:00:00,2019-11-27 07:00:00,140.275,140.231,140.54232,139.74036,0.3568,4.4,14.29,13.97,10,time_exit,23.14115,0.17821,0.26148,0.23425,new_york,2019
GBPJPY,1,2019-11-27 09:00:00,2019-11-27 13:00:00,140.22,140.62486,140.01757,140.62486,0.4719,40.5,173.86,173.54,4,take_profit,16.54964,0.13495,-0.14338,0.32475,london,2019
GBPJPY,1,2019-11-27 15:00:00,2019-11-27 20:00:00,140.65,141.12439,140.41281,141.12439,0.4108,47.4,177.34,177.02,5,take_profit,18.91177,0.15813,2.29534,0.48384,london,2019
GBPJPY,1,2019-11-27 22:00:00,2019-11-27 23:00:00,141.53,141.24038,141.24038,142.10923,0.3432,-29.0,-90.45,-90.77,1,stop_loss,34.4683,0.19308,5.48587,1.03358,,2019
GBPJPY,-1,2019-11-28 04:00:00,2019-11-28 14:00:00,141.521,141.411,141.86198,140.83904,0.2886,11.0,28.89,28.57,10,time_exit,41.0854,0.22732,3.71291,1.52151,,2019
GBPJPY,1,2019-11-28 23:00:00,2019-11-29 09:00:00,141.373,141.448,141.13722,141.84457,0.4186,7.5,28.57,28.25,10,time_exit,21.78827,0.15719,1.81338,3.55607,,2019
GBPJPY,-1,2019-11-29 13:00:00,2019-11-29 17:00:00,141.25,141.45835,141.45835,140.8333,0.4752,-20.8,-90.1,-90.42,4,stop_loss,13.8195,0.1389,0.33774,4.0725,london,2019
GBPJPY,1,2019-12-02 09:00:00,2019-12-02 12:00:00,141.603,141.39987,141.39987,142.00926,0.4826,-20.3,-89.21,-89.53,3,stop_loss,21.83288,0.13542,1.55563,4.37432,london,2019
GBPJPY,-1,2019-12-02 21:00:00,2019-12-03 07:00:00,141.033,141.282,141.32253,140.45394,0.3352,-24.9,-75.95,-76.27,10,time_exit,20.1625,0.19302,-1.80399,2.66875,new_york,2019
GBPJPY,-1,2019-12-03 17:00:00,2019-12-04 03:00:00,141.245,141.103,141.54612,140.64276,0.3195,14.2,41.29,40.97,10,time_exit,16.41466,0.20075,-0.44675,1.96515,new_york,2019
GBPJPY,-1,2019-12-04 23:00:00,2019-12-05 09:00:00,142.659,142.96923,142.96923,142.03854,0.3115,-31.0,-87.94,-88.26,10,stop_loss,43.1318,0.20682,4.77751,2.62363,,2019
GBPJPY,-1,2019-12-05 14:00:00,2019-12-06 00:00:00,143.026,143.096,143.28549,142.50701,0.3687,-7.0,-23.49,-23.8,10,time_exit,54.27626,0.173,4.77011,4.837,london,2019
GBPJPY,-1,2019-12-06 11:00:00,2019-12-06 15:00:00,142.636,142.88325,142.88325,142.14149,0.3859,-24.7,-86.83,-87.15,4,stop_loss,32.63909,0.16484,-0.16591,5.97036,london,2019
GBPJPY,-1,2019-12-09 20:00:00,2019-12-10 06:00:00,142.877,142.86,143.14341,142.34418,0.3546,1.7,5.49,5.17,10,time_exit,13.30179,0.17761,0.85634,4.23228,new_york,2019
GBPJPY,-1,2019-12-10 20:00:00,2019-12-10 21:00:00,143.356,143.62416,143.62416,142.81967,0.3525,-26.8,-86.02,-86.34,1,stop_loss,16.86776,0.17878,2.68407,3.89634,new_york,2019
GBPJPY,-1,2019-12-11 07:00:00,2019-12-11 15:00:00,142.87,143.16675,143.16675,142.2765,0.3153,-29.7,-85.14,-85.46,8,stop_loss,19.50422,0.19783,-0.25455,3.29807,london,2019
GBPJPY,1,2019-12-11 19:00:00,2019-12-12 05:00:00,143.182,143.562,142.89488,143.75625,0.3226,38.0,111.56,111.24,10,time_exit,16.10686,0.19142,1.2368,3.13266,new_york,2019
GBPJPY,-1,2019-12-12 20:00:00,2019-12-12 21:00:00,143.237,143.62631,143.62631,142.45837,0.2411,-38.9,-85.42,-85.73,1,stop_loss,22.95558,0.25954,0.19167,2.40239,new_york,2019
GBPJPY,1,2019-12-12 23:00:00,2019-12-13 00:00:00,143.997,145.02473,143.48313,145.02473,0.1808,102.8,169.09,168.77,1,take_profit,22.6661,0.34258,2.23044,1.85266,,2019
GBPJPY,1,2019-12-13 01:00:00,2019-12-13 11:00:00,147.314,147.091,146.40164,149.13871,0.1039,-22.3,-21.08,-21.4,10,time_exit,24.4286,0.60824,6.40866,1.25447,,2019
GBPJPY,1,2019-12-17 06:00:00,2019-12-17 09:00:00,145.657,145.22775,145.22775,146.5155,0.2202,-42.9,-86.01,-86.33,3,stop_loss,18.64538,0.28617,-0.48835,5.74416,,2019
GBPJPY,-1,2019-12-17 17:00:00,2019-12-18 03:00:00,144.193,143.359,144.72687,143.12525,0.1753,83.4,133.04,132.72,10,time_exit,37.66226,0.35592,-3.48601,3.40029,new_york,2019
GBPJPY,-1,2019-12-20 05:00:00,2019-12-20 13:00:00,142.34,142.69085,142.69085,141.6383,0.2709,-35.1,-86.49,-86.81,8,stop_loss,36.83864,0.2339,-3.3996,-2.52524,,2019
GBPJPY,-1,2019-12-20 13:00:00,2019-12-20 17:00:00,142.668,142.97903,142.97903,142.04595,0.3025,-31.1,-85.62,-85.94,4,stop_loss,28.51756,0.20735,-1.35528,-3.27608,london,2019
GBPJPY,1,2019-12-23 16:00:00,2019-12-24 02:00:00,141.374,141.591,141.01326,142.09548,0.2582,21.7,50.99,50.67,10,time_exit,19.56442,0.24049,-4.65787,-3.42434,new_york,2019
GBPJPY,1,2019-12-26 09:00:00,2019-12-26 12:00:00,142.366,142.12151,142.12151,142.85498,0.3832,-24.4,-85.26,-85.57,3,stop_loss,33.32514,0.16299,2.50019,-5.24042,london,2019
GBPJPY,1,2019-12-26 14:00:00,2019-12-26 17:00:00,142.048,142.51172,141.81614,142.51172,0.4001,46.4,168.83,168.52,3,take_profit,32.50376,0.15457,0.31644,-5.06586,london,2019
GBPJPY,-1,2019-12-30 12:00:00,2019-12-30 22:00:00,143.171,142.631,143.49757,142.51786,0.2897,54.0,142.36,142.04,10,time_exit,22.68797,0.21771,1.28187,0.20926,london,2019
GBPJPY,-1,2019-12-31 02:00:00,2019-12-31 12:00:00,142.757,143.008,143.05253,142.16595,0.3254,-25.1,-74.32,-74.64,10,time_exit,30.58533,0.19702,-0.78677,0.25627,,2019
GBPJPY,-1,2019-12-31 18:00:00,2020-01-02 07:00:00,143.92,143.692,144.30428,143.15144,0.2481,22.8,51.48,51.16,10,time_exit,34.2703,0.25619,3.74013,0.3443,new_york,2019
GBPJPY,-1,2020-01-03 03:00:00,2020-01-03 04:00:00,142.611,141.90811,142.96245,141.90811,0.2729,70.3,174.56,174.24,1,take_profit,35.04972,0.2343,-2.18156,0.53666,,2020
GBPJPY,1,2020-01-06 07:00:00,2020-01-06 12:00:00,141.39,142.16765,141.00117,142.16765,0.2516,77.8,178.05,177.73,5,take_profit,43.41088,0.25922,-2.1561,-2.55872,london,2020
GBPJPY,-1,2020-01-07 20:00:00,2020-01-08 01:00:00,142.494,141.58953,142.94623,141.58953,0.2206,90.4,181.57,181.25,5,take_profit,19.82084,0.30149,0.41016,-0.62361,new_york,2020
GBPJPY,1,2020-01-08 14:00:00,2020-01-09 00:00:00,142.52,142.857,141.92142,143.71716,0.17,33.7,52.13,51.82,10,time_exit,15.42162,0.39905,0.50188,-0.46981,london,2020
GBPJPY,-1,2020-01-09 12:00:00,2020-01-09 15:00:00,142.565,143.01359,143.01359,141.66783,0.2281,-44.9,-93.11,-93.43,3,stop_loss,12.55315,0.29906,-0.48266,0.39445,london,2020
GBPJPY,-1,2020-01-09 20:00:00,2020-01-10 06:00:00,143.04,143.257,143.47177,142.17646,0.2346,-21.7,-46.33,-46.64,10,time_exit,11.26298,0.28785,1.00759,0.46536,new_york,2020
GBPJPY,-1,2020-01-10 19:00:00,2020-01-13 05:00:00,143.002,142.928,143.35249,142.30103,0.2876,7.4,19.37,19.05,10,time_exit,14.46215,0.23366,-0.0341,1.1888,new_york,2020
GBPJPY,1,2020-01-13 17:00:00,2020-01-14 03:00:00,142.794,142.991,142.45583,143.47034,0.2987,19.7,53.55,53.23,10,time_exit,19.97753,0.22545,-0.30777,0.55811,new_york,2020
GBPJPY,-1,2020-01-14 06:00:00,2020-01-14 16:00:00,142.999,142.984,143.29059,142.41582,0.3484,1.5,4.76,4.44,10,time_exit,16.60952,0.19439,0.592,0.62085,,2020
GBPJPY,-1,2020-01-15 06:00:00,2020-01-15 16:00:00,143.136,143.264,143.40079,142.60641,0.3839,-12.8,-44.72,-45.04,10,time_exit,14.00418,0.17653,0.7514,1.01952,,2020
GBPJPY,-1,2020-01-15 20:00:00,2020-01-16 06:00:00,143.216,143.427,143.52451,142.59897,0.3279,-21.1,-62.96,-63.28,10,time_exit,14.8611,0.20568,0.85569,0.88923,new_york,2020
GBPJPY,-1,2020-01-16 12:00:00,2020-01-16 17:00:00,143.595,143.86647,143.86647,143.05207,0.37,-27.1,-91.4,-91.72,5,stop_loss,24.98038,0.18098,2.15132,1.49933,london,2020
GBPJPY,1,2020-01-20 12:00:00,2020-01-20 22:00:00,143.045,143.287,142.7828,143.5694,0.3793,24.2,83.53,83.21,10,time_exit,35.25704,0.1748,-2.27633,1.43272,london,2020
GBPJPY,1,2020-01-22 17:00:00,2020-01-23 03:00:00,144.235,144.041,143.9014,144.9022,0.3008,-19.4,-53.1,-53.42,10,time_exit,29.31123,0.2224,3.18009,1.12218,new_york,2020
GBPJPY,1,2020-01-23 04:00:00,2020-01-23 07:00:00,144.041,143.76281,143.76281,144.59737,0.3587,-27.8,-90.8,-91.12,3,stop_loss,33.09409,0.18546,1.30184,2.16559,,2020
GBPJPY,-1,2020-01-23 18:00:00,2020-01-24 04:00:00,143.498,143.643,143.83279,142.82842,0.295,-14.5,-38.93,-39.24,10,time_exit,19.04772,0.22319,-1.3769,1.57681,new_york,2020
GBPJPY,1,2020-01-28 21:00:00,2020-01-29 07:00:00,141.855,142.142,141.52156,142.52187,0.2949,28.7,77.02,76.7,10,time_exit,37.44427,0.22229,-2.08197,-3.00482,new_york,2020
GBPJPY,1,2020-01-31 01:00:00,2020-01-31 11:00:00,142.578,142.947,142.21132,143.31135,0.2705,36.9,90.83,90.51,10,time_exit,23.05439,0.24445,1.79454,-1.93361,,2020
GBPJPY,1,2020-01-31 11:00:00,2020-01-31 12:00:00,143.246,142.91878,142.91878,143.90045,0.3061,-32.7,-91.15,-91.47,1,stop_loss,30.69098,0.21815,3.92685,-1.13261,london,2020
GBPJPY,-1,2020-02-05 06:00:00,2020-02-05 10:00:00,142.525,142.83983,142.83983,141.89534,0.315,-31.5,-90.25,-90.56,4,stop_loss,26.76036,0.20989,1.56964,-1.07568,,2020
GBPJPY,-1,2020-02-05 19:00:00,2020-02-06 05:00:00,142.657,142.708,143.09219,141.78663,0.2256,-5.1,-10.47,-10.79,10,time_exit,21.70964,0.29012,0.79926,-0.1268,new_york,2020
GBPJPY,1,2020-02-06 11:00:00,2020-02-06 12:00:00,142.776,142.50493,142.50493,143.31813,0.3618,-27.1,-89.25,-89.56,1,stop_loss,12.82486,0.18071,1.20135,0.33167,london,2020
GBPJPY,-1,2020-02-06 17:00:00,2020-02-07 03:00:00,142.402,142.2,142.70501,141.79598,0.3204,20.2,58.9,58.58,10,time_exit,19.76142,0.20201,-0.66991,0.20164,new_york,2020
GBPJPY,1,2020-02-07 03:00:00,2020-02-07 12:00:00,142.132,141.87922,141.87922,142.63755,0.3866,-25.3,-88.93,-89.25,9,stop_loss,35.49232,0.16852,-1.67741,-0.29481,,2020
GBPJPY,-1,2020-02-07 14:00:00,2020-02-07 15:00:00,142.024,142.27695,142.27695,141.51809,0.3824,-25.3,-88.02,-88.34,1,stop_loss,37.74885,0.16864,-1.71748,-0.69318,london,2020
GBPJPY,1,2020-02-10 18:00:00,2020-02-11 04:00:00,141.818,141.933,141.48644,142.48113,0.2888,11.5,30.22,29.9,10,time_exit,24.26756,0.22104,-0.36798,-1.58104,new_york,2020
GBPJPY,-1,2020-02-12 15:00:00,2020-02-13 01:00:00,142.784,142.25645,143.04778,142.25645,0.3643,52.8,174.89,174.57,10,take_profit,32.09884,0.17585,3.13792,0.04079,london,2020
GBPJPY,1,2020-02-17 08:00:00,2020-02-17 13:00:00,143.324,143.10121,143.10121,143.76957,0.44,-22.3,-89.2,-89.52,5,stop_loss,16.33328,0.14852,1.95194,2.99463,london,2020
GBPJPY,-1,2020-02-17 20:00:00,2020-02-18 03:00:00,143.027,142.6118,143.2346,142.6118,0.4674,41.5,176.6,176.28,7,take_profit,16.70211,0.1384,-0.19907,2.9462,new_york,2020
GBPJPY,-1,2020-02-18 05:00:00,2020-02-18 12:00:00,142.57,142.76434,142.76434,142.18131,0.5092,-19.4,-90.05,-90.37,7,stop_loss,30.1874,0.12956,-3.13639,2.43792,,2020
GBPJPY,-1,2020-02-18 18:00:00,2020-02-19 04:00:00,143.145,143.014,143.4331,142.56881,0.3401,13.1,40.54,40.22,10,time_exit,29.00397,0.19206,1.16622,1.25793,new_york,2020
GBPJPY,1,2020-02-20 05:00:00,2020-02-20 11:00:00,143.686,144.36043,143.34879,144.36043,0.2919,67.4,179.15,178.83,6,take_profit,43.91705,0.22481,1.56546,2.01496,,2020
GBPJPY,-1,2020-02-20 11:00:00,2020-02-20 12:00:00,144.156,144.48602,144.48602,143.49597,0.3042,-33.0,-91.36,-91.67,1,stop_loss,47.10611,0.22001,3.16694,2.36455,london,2020
GBPJPY,1,2020-02-24 15:00:00,2020-02-24 16:00:00,143.863,143.45757,143.45757,144.67386,0.2451,-40.5,-90.43,-90.75,1,stop_loss,31.70156,0.27029,-1.22833,2.5353,london,2020
GBPJPY,1,2020-02-24 20:00:00,2020-02-25 06:00:00,142.777,143.367,142.33086,143.66928,0.2205,59.0,118.39,118.07,10,time_exit,39.23208,0.29743,-4.06267,1.6819,new_york,2020
GBPJPY,-1,2020-02-25 06:00:00,2020-02-25 16:00:00,143.417,143.328,143.81225,142.6265,0.2522,8.9,20.43,20.11,10,time_exit,31.99631,0.2635,-1.24752,1.06846,,2020
GBPJPY,1,2020-02-25 18:00:00,2020-02-26 04:00:00,143.354,143.576,142.9498,144.1624,0.2471,22.2,49.92,49.6,10,time_exit,20.90605,0.26947,-0.91489,0.55266,new_york,2020
GBPJPY,1,2020-02-26 10:00:00,2020-02-26 11:00:00,143.45,143.10682,143.10682,144.13635,0.2927,-34.3,-91.41,-91.73,1,stop_loss,14.47016,0.22878,-0.13451,0.19814,london,2020
GBPJPY,-1,2020-02-26 17:00:00,2020-02-27 03:00:00,142.927,142.47,143.34112,142.09877,0.2401,45.7,99.85,99.53,10,time_exit,17.01915,0.27608,-1.48493,-0.23161,new_york,2020
GBPJPY,-1,2020-02-27 06:00:00,2020-02-27 12:00:00,142.454,141.75229,142.80485,141.75229,0.2865,70.2,182.95,182.63,6,take_profit,21.75036,0.2339,-2.28386,-1.27655,,2020
GBPJPY,1,2020-02-28 18:00:00,2020-03-02 00:00:00,137.865,137.18027,137.18027,139.23445,0.1497,-68.5,-93.28,-93.6,6,stop_loss,56.52377,0.45648,-7.26816,-3.04712,new_york,2020
GBPJPY,1,2020-03-02 15:00:00,2020-03-03 01:00:00,137.471,138.546,136.70843,138.99615,0.1331,107.5,130.21,129.89,10,time_exit,46.47805,0.50838,-3.92439,-4.47632,london,2020
GBPJPY,-1,2020-03-03 13:00:00,2020-03-03 23:00:00,138.067,137.273,138.6569,136.88719,0.1745,79.4,126.08,125.76,10,time_exit,18.37758,0.39327,-1.40127,-6.07059,london,2020
GBPJPY,-1,2020-03-04 03:00:00,2020-03-04 13:00:00,137.674,137.527,138.27663,136.46874,0.1731,14.7,23.16,22.84,10,time_exit,23.55219,0.40175,-1.14291,-6.0033,,2020
GBPJPY,1,2020-03-05 07:00:00,2020-03-05 17:00:00,138.169,137.885,137.76012,138.98676,0.2557,-28.4,-66.08,-66.4,10,time_exit,22.33746,0.27259,0.57306,-6.90465,london,2020
GBPJPY,1,2020-03-06 23:00:00,2020-03-09 00:00:00,137.489,136.90985,136.90985,138.6473,0.1793,-57.9,-94.5,-94.81,1,stop_loss,21.14017,0.3861,0.09926,-4.22962,,2020
GBPJPY,1,2020-03-09 12:00:00,2020-03-09 16:00:00,134.657,133.58183,133.58183,136.80734,0.0956,-107.5,-93.54,-93.85,4,stop_loss,40.75298,0.71678,-2.50041,-2.99218,london,2020
GBPJPY,-1,2020-03-10 04:00:00,2020-03-10 07:00:00,134.935,135.95821,135.95821,132.88858,0.0995,-102.3,-92.65,-92.97,3,stop_loss,44.47224,0.68214,-0.69419,-3.72224,,2020
GBPJPY,1,2020-03-10 11:00:00,2020-03-10 18:00:00,135.693,134.67413,134.67413,137.73073,0.0989,-101.9,-91.7,-92.02,7,stop_loss,33.65219,0.67924,0.30036,-3.39856,london,2020
GBPJPY,-1,2020-03-11 05:00:00,2020-03-11 12:00:00,135.213,136.30687,136.30687,133.02526,0.0912,-109.4,-90.78,-91.1,7,stop_loss,16.5757,0.72925,-0.49347,-2.57527,,2020
GBPJPY,-1,2020-03-12 20:00:00,2020-03-13 06:00:00,132.625,131.739,133.70333,130.46835,0.0916,88.6,73.85,73.53,10,time_exit,31.65846,0.71888,-1.74893,-3.33141,new_york,2020
GBPJPY,1,2020-03-16 21:00:00,2020-03-17 07:00:00,129.624,130.618,128.20917,132.45367,0.0704,99.4,63.68,63.36,10,time_exit,35.21935,0.94322,-2.31034,-2.93007,new_york,2020
GBPJPY,1,2020-03-18 10:00:00,2020-03-18 13:00:00,129.492,128.71166,128.71166,131.05268,0.1284,-78.0,-91.18,-91.5,3,stop_loss,13.0021,0.52023,-1.57106,-5.41855,london,2020
GBPJPY,-1,2020-03-19 12:00:00,2020-03-19 14:00:00,125.667,126.98766,126.98766,123.02567,0.0751,-132.1,-90.26,-90.57,2,stop_loss,49.59903,0.88044,-2.18964,-4.51768,london,2020
GBPJPY,-1,2020-03-25 21:00:00,2020-03-25 22:00:00,131.262,132.39902,132.39902,128.98796,0.0864,-113.7,-89.4,-89.72,1,stop_loss,30.36567,0.75801,0.93323,0.3112,new_york,2020
GBPJPY,1,2020-03-27 10:00:00,2020-03-27 20:00:00,132.834,134.055,131.83776,134.82648,0.0976,122.1,108.44,108.13,10,time_exit,13.67061,0.66416,1.27316,1.62939,london,2020
GBPJPY,-1,2020-03-27 20:00:00,2020-03-30 06:00:00,134.042,132.874,135.0863,131.95339,0.0943,116.8,100.23,99.91,10,time_exit,11.33971,0.6962,2.40033,1.80401,new_york,2020
GBPJPY,1,2020-03-30 18:00:00,2020-03-31 03:00:00,134.195,133.29513,133.29513,135.99475,0.1106,-90.0,-90.57,-90.89,9,stop_loss,10.0017,0.59992,1.68384,2.56436,new_york,2020
GBPJPY,1,2020-04-01 07:00:00,2020-04-01 09:00:00,133.422,132.80635,132.80635,134.6533,0.16,-61.6,-89.64,-89.96,2,stop_loss,17.4278,0.41043,-0.35712,3.1412,london,2020
GBPJPY,1,2020-04-01 10:00:00,2020-04-01 20:00:00,132.768,132.967,132.15996,133.98409,0.1604,19.9,29.05,28.73,10,time_exit,21.72724,0.40536,-1.80565,2.97557,london,2020
GBPJPY,-1,2020-04-02 03:00:00,2020-04-02 12:00:00,132.823,133.37065,133.37065,131.72769,0.1787,-54.8,-89.06,-89.38,9,stop_loss,24.87705,0.3651,-1.01659,2.19063,,2020
GBPJPY,1,2020-04-03 00:00:00,2020-04-03 10:00:00,133.718,133.559,133.12693,134.90014,0.1639,-15.9,-23.71,-24.03,10,time_exit,15.74954,0.39405,1.07979,1.8343,,2020
GBPJPY,-1,2020-04-07 22:00:00,2020-04-08 08:00:00,134.299,134.339,134.94913,132.99874,0.1486,-4.0,-5.41,-5.73,10,time_exit,16.63933,0.43342,0.93522,1.69491,,2020
GBPJPY,1,2020-04-09 06:00:00,2020-04-09 16:00:00,134.971,135.522,134.53178,135.84943,0.2198,55.1,110.21,109.89,10,time_exit,22.80389,0.29281,1.95554,2.98008,,2020
GBPJPY,-1,2020-04-10 17:00:00,2020-04-13 03:00:00,135.267,134.836,135.58181,134.63738,0.3105,43.1,121.78,121.46,10,time_exit,12.38194,0.20987,1.31814,4.66067,new_york,2020
GBPJPY,-1,2020-04-13 20:00:00,2020-04-14 04:00:00,134.665,134.98481,134.98481,134.02539,0.3099,-32.0,-90.19,-90.51,8,stop_loss,24.91369,0.2132,-1.15362,3.23758,new_york,2020
GBPJPY,1,2020-04-14 04:00:00,2020-04-14 07:00:00,134.803,135.37713,134.51594,135.37713,0.3417,57.4,178.52,178.2,3,take_profit,26.30839,0.19138,-0.3384,3.16397,,2020
GBPJPY,-1,2020-04-14 23:00:00,2020-04-15 09:00:00,135.263,134.596,135.65254,134.48391,0.2569,66.7,155.93,155.61,10,time_exit,14.37095,0.2597,0.98401,2.28554,,2020
GBPJPY,1,2020-04-15 21:00:00,2020-04-16 07:00:00,134.716,134.674,134.23666,135.67468,0.2123,-4.2,-8.11,-8.43,10,time_exit,28.34562,0.31956,-0.25014,1.02427,new_york,2020
GBPJPY,-1,2020-04-16 10:00:00,2020-04-16 17:00:00,134.733,133.95745,135.12078,133.95745,0.2622,77.6,185.05,184.73,7,take_profit,15.1822,0.25852,-0.00172,0.93453,london,2020
GBPJPY,-1,2020-04-16 17:00:00,2020-04-17 00:00:00,134.376,134.72957,134.72957,133.66886,0.2933,-35.4,-94.37,-94.69,7,stop_loss,12.89353,0.23571,-1.22573,0.75025,new_york,2020
GBPJPY,-1,2020-04-17 13:00:00,2020-04-17 14:00:00,133.96,134.35238,134.35238,133.17524,0.2616,-39.2,-93.41,-93.73,1,stop_loss,21.14369,0.26159,-2.11084,0.16672,london,2020
GBPJPY,1,2020-04-17 14:00:00,2020-04-20 00:00:00,134.19,134.426,133.78333,135.00335,0.2499,23.6,53.67,53.35,10,time_exit,20.91285,0.27112,-1.1417,0.12448,london,2020
GBPJPY,-1,2020-04-21 18:00:00,2020-04-22 04:00:00,132.116,132.514,132.64278,131.06245,0.1941,-39.8,-70.3,-70.62,10,time_exit,38.29476,0.35118,-4.37517,-1.56358,new_york,2020
GBPJPY,-1,2020-04-23 06:00:00,2020-04-23 08:00:00,132.861,133.22739,133.22739,132.12823,0.2769,-36.6,-92.32,-92.64,2,stop_loss,14.43412,0.24426,-0.39472,-3.22378,,2020
GBPJPY,-1,2020-04-23 09:00:00,2020-04-23 16:00:00,133.221,132.50915,133.57693,132.50915,0.2822,71.2,182.8,182.49,7,take_profit,16.10724,0.23728,1.08568,-3.19827,london,2020
GBPJPY,-1,2020-04-23 20:00:00,2020-04-24 06:00:00,132.908,133.009,133.45923,131.80555,0.1858,-10.1,-17.08,-17.4,10,time_exit,16.80028,0.36748,-0.13115,-1.86395,new_york,2020
GBPJPY,-1,2020-04-24 20:00:00,2020-04-24 23:00:00,132.508,132.91688,132.91688,131.69024,0.2501,-40.9,-93.06,-93.38,3,stop_loss,12.09173,0.27259,-1.24209,-2.25096,new_york,2020
GBPJPY,1,2020-04-24 23:00:00,2020-04-27 09:00:00,132.818,133.301,132.42605,133.60191,0.2582,48.3,113.49,113.17,10,time_exit,10.49529,0.2613,-0.06782,-2.31495,,2020
GBPJPY,1,2020-04-27 11:00:00,2020-04-27 21:00:00,133.271,133.222,132.89093,134.03114,0.2696,-4.9,-12.02,-12.34,10,time_exit,21.42281,0.25338,1.22531,-1.76101,london,2020
GBPJPY,-1,2020-04-28 01:00:00,2020-04-28 11:00:00,133.267,133.463,133.57579,132.64942,0.3314,-19.6,-59.11,-59.43,10,time_exit,25.50745,0.20586,0.99518,-1.54648,,2020
GBPJPY,-1,2020-05-01 21:00:00,2020-05-04 07:00:00,133.432,132.804,133.9144,132.46719,0.2108,62.8,120.47,120.15,10,time_exit,21.30822,0.3216,-1.21607,1.14826,new_york,2020
GBPJPY,-1,2020-05-04 22:00:00,2020-05-05 08:00:00,132.77,132.936,133.15119,132.00761,0.2702,-16.6,-40.82,-41.13,10,time_exit,19.15717,0.25413,-1.85895,-0.37867,,2020
GBPJPY,1,2020-05-08 11:00:00,2020-05-08 17:00:00,131.748,132.41892,131.41254,132.41892,0.3057,67.1,186.64,186.32,6,take_profit,28.87154,0.22364,0.50541,-3.63754,london,2020
GBPJPY,1,2020-05-11 00:00:00,2020-05-11 03:00:00,132.199,132.86911,131.86395,132.86911,0.3121,67.0,190.32,190.0,3,take_profit,36.43071,0.22337,2.05589,-2.50695,,2020
GBPJPY,-1,2020-05-12 20:00:00,2020-05-13 06:00:00,131.967,131.531,132.3977,131.1056,0.2477,43.6,98.28,97.96,10,time_exit,17.94464,0.28713,-1.57015,-0.17623,new_york,2020
GBPJPY,-1,2020-05-13 06:00:00,2020-05-13 16:00:00,131.558,131.353,131.94837,130.77726,0.276,20.5,51.49,51.17,10,time_exit,32.92294,0.26025,-2.17652,-0.97981,,2020
GBPJPY,-1,2020-05-13 20:00:00,2020-05-14 06:00:00,130.832,130.55,131.29966,129.89668,0.2316,28.2,59.43,59.11,10,time_exit,24.86592,0.31177,-3.10001,-1.44884,new_york,2020
GBPJPY,1,2020-05-15 03:00:00,2020-05-15 04:00:00,131.33,130.92165,130.92165,132.14669,0.2668,-40.8,-99.14,-99.46,1,stop_loss,22.38304,0.27223,1.01152,-2.89404,,2020
GBPJPY,1,2020-05-15 19:00:00,2020-05-15 23:00:00,130.109,129.67961,129.67961,130.96778,0.2512,-42.9,-98.15,-98.47,4,stop_loss,25.8187,0.28626,-2.51862,-2.91053,new_york,2020
GBPJPY,1,2020-05-18 07:00:00,2020-05-18 15:00:00,129.718,130.44164,129.35618,130.44164,0.2951,72.4,194.33,194.01,8,take_profit,30.53396,0.24121,-2.87357,-4.29034,london,2020
GBPJPY,1,2020-05-19 16:00:00,2020-05-20 02:00:00,132.119,132.142,131.68761,132.98179,0.2525,2.3,5.28,4.97,10,time_exit,39.48213,0.2876,4.21196,-1.36078,new_york,2020
GBPJPY,-1,2020-05-20 09:00:00,2020-05-20 19:00:00,132.122,131.504,132.48128,131.40344,0.3033,61.8,170.57,170.25,10,time_exit,39.00306,0.23952,2.50796,0.35462,london,2020
GBPJPY,-1,2020-05-20 23:00:00,2020-05-21 09:00:00,131.539,131.447,131.90527,130.80646,0.3026,9.2,25.33,25.02,10,time_exit,19.51591,0.24418,-0.29753,0.56824,,2020
GBPJPY,1,2020-05-22 03:00:00,2020-05-22 06:00:00,131.56,131.24965,131.24965,132.18069,0.358,-31.0,-101.1,-101.42,3,stop_loss,11.13152,0.2069,-0.14832,0.45542,,2020
GBPJPY,1,2020-05-25 07:00:00,2020-05-25 17:00:00,131.181,131.345,130.89282,131.75737,0.3817,16.4,56.96,56.65,10,time_exit,15.02599,0.19212,-0.35746,-0.77628,london,2020
GBPJPY,-1,2020-05-25 22:00:00,2020-05-26 03:00:00,131.338,131.56393,131.56393,130.88615,0.4897,-22.6,-100.68,-101.0,5,stop_loss,14.06093,0.15062,0.57597,-0.83193,,2020
GBPJPY,-1,2020-05-26 15:00:00,2020-05-26 17:00:00,132.603,132.91035,132.91035,131.98829,0.3563,-30.7,-99.65,-99.97,2,stop_loss,38.35957,0.2049,4.91539,0.67148,london,2020
GBPJPY,-1,2020-05-27 05:00:00,2020-05-27 12:00:00,132.428,132.74651,132.74651,131.79098,0.3404,-31.9,-98.66,-98.98,7,stop_loss,37.07355,0.21234,1.83064,2.0145,,2020
GBPJPY,1,2020-05-27 12:00:00,2020-05-27 16:00:00,132.381,132.03749,132.03749,133.06802,0.3125,-34.4,-97.69,-98.0,4,stop_loss,24.38943,0.22901,1.12973,2.0061,london,2020
GBPJPY,1,2020-05-27 16:00:00,2020-05-27 17:00:00,132.404,131.98287,131.98287,133.24625,0.2523,-42.1,-96.69,-97.01,1,stop_loss,22.93997,0.28075,0.70283,1.79757,new_york,2020
GBPJPY,-1,2020-05-28 07:00:00,2020-05-28 09:00:00,132.075,132.40859,132.40859,131.40782,0.3153,-33.4,-95.71,-96.03,2,stop_loss,16.50166,0.22239,-0.34254,1.78497,london,2020
GBPJPY,1,2020-05-28 14:00:00,2020-05-28 17:00:00,131.874,132.57042,131.52579,132.57042,0.2991,69.6,189.55,189.23,3,take_profit,12.7896,0.23214,-1.14549,1.56089,london,2020
GBPJPY,-1,2020-05-29 07:00:00,2020-05-29 16:00:00,132.393,132.70738,132.70738,131.76423,0.3378,-31.4,-96.64,-96.96,9,stop_loss,14.96937,0.20959,0.28209,2.08763,london,2020
GBPJPY,1,2020-06-08 08:00:00,2020-06-08 12:00:00,139.111,138.6399,138.6399,140.0532,0.2232,-47.1,-95.69,-96.0,4,stop_loss,44.21014,0.31407,3.19421,8.04574,london,2020
GBPJPY,-1,2020-06-09 06:00:00,2020-06-09 10:00:00,137.575,136.5612,138.0819,136.5612,0.2054,101.4,189.49,189.17,4,take_profit,32.99495,0.33793,-1.50017,5.90814,,2020
GBPJPY,1,2020-06-10 07:00:00,2020-06-10 13:00:00,137.186,136.76529,136.76529,138.02743,0.2524,-42.1,-96.63,-96.95,6,stop_loss,22.01677,0.28048,-0.8829,4.05503,london,2020
GBPJPY,-1,2020-06-11 10:00:00,2020-06-11 17:00:00,135.702,134.75539,136.1753,134.75539,0.2221,94.7,191.32,191.0,7,take_profit,31.71742,0.31554,-3.46885,1.37568,london,2020
GBPJPY,1,2020-06-12 00:00:00,2020-06-12 01:00:00,134.639,134.16005,134.16005,135.5969,0.2238,-47.9,-97.54,-97.86,1,stop_loss,53.66808,0.3193,-4.31781,-0.48717,,2020
GBPJPY,-1,2020-06-12 07:00:00,2020-06-12 08:00:00,134.568,135.07994,135.07994,133.54412,0.2073,-51.2,-96.57,-96.89,1,stop_loss,59.56198,0.34129,-3.06666,-1.32581,london,2020
GBPJPY,1,2020-06-15 05:00:00,2020-06-15 08:00:00,134.28,133.70124,133.70124,135.43753,0.1815,-57.9,-95.59,-95.91,3,stop_loss,25.77448,0.38584,-2.04607,-1.91893,,2020
GBPJPY,-1,2020-06-15 17:00:00,2020-06-16 01:00:00,134.979,135.57258,135.57258,133.79184,0.1752,-59.4,-94.64,-94.95,8,stop_loss,18.51536,0.39572,0.4601,-2.13869,new_york,2020
GBPJPY,-1,2020-06-16 04:00:00,2020-06-16 05:00:00,135.554,136.10059,136.10059,134.46081,0.1884,-54.7,-93.71,-94.03,1,stop_loss,26.27221,0.3644,1.65977,-1.76778,,2020
GBPJPY,1,2020-06-16 11:00:00,2020-06-16 17:00:00,135.47,134.88553,134.88553,136.63894,0.1744,-58.4,-92.76,-93.08,6,stop_loss,33.53555,0.38965,0.71879,-1.09749,london,2020
GBPJPY,1,2020-06-16 22:00:00,2020-06-17 08:00:00,134.929,134.624,134.30588,136.17524,0.1619,-30.5,-44.94,-45.25,10,time_exit,22.18259,0.41541,-0.81042,-0.80203,,2020
GBPJPY,1,2020-06-22 09:00:00,2020-06-22 17:00:00,132.291,133.01984,131.92658,133.01984,0.2755,72.9,182.72,182.41,8,take_profit,26.65191,0.24295,-1.90561,-6.18413,london,2020
GBPJPY,1,2020-06-23 07:00:00,2020-06-23 14:00:00,133.699,133.24375,133.24375,134.6095,0.225,-45.5,-93.21,-93.53,7,stop_loss,21.32916,0.3035,2.23103,-3.34377,london,2020
GBPJPY,1,2020-06-24 00:00:00,2020-06-24 10:00:00,133.353,133.135,132.894,134.271,0.2209,-21.8,-43.82,-44.14,10,time_exit,13.96695,0.306,0.7043,-2.44809,,2020
GBPJPY,1,2020-06-25 05:00:00,2020-06-25 15:00:00,132.991,133.284,132.61502,133.74295,0.2684,29.3,71.56,71.24,10,time_exit,18.71567,0.25065,-0.5165,-2.43039,,2020
GBPJPY,-1,2020-06-25 19:00:00,2020-06-26 05:00:00,132.99,133.077,133.40361,132.16278,0.2459,-8.7,-19.47,-19.79,10,time_exit,14.77589,0.27574,-0.56583,-1.85818,new_york,2020
GBPJPY,-1,2020-06-26 16:00:00,2020-06-29 02:00:00,132.448,132.326,132.77698,131.79004,0.3084,12.2,34.24,33.92,10,time_exit,21.24547,0.21932,-2.5325,-2.35615,new_york,2020
GBPJPY,-1,2020-06-29 17:00:00,2020-06-30 03:00:00,132.268,132.465,132.59485,131.6143,0.3116,-19.7,-55.86,-56.18,10,time_exit,26.23272,0.2179,-1.40923,-3.1341,new_york,2020
GBPJPY,1,2020-07-01 08:00:00,2020-07-01 17:00:00,133.065,133.7789,132.70805,133.7789,0.2836,71.4,184.24,183.92,9,take_profit,32.26347,0.23797,0.53988,-0.81541,london,2020
GBPJPY,-1,2020-07-02 10:00:00,2020-07-02 13:00:00,134.281,134.59295,134.59295,133.65709,0.331,-31.2,-93.96,-94.28,3,stop_loss,25.53713,0.20797,3.41129,1.33428,london,2020
GBPJPY,-1,2020-07-03 06:00:00,2020-07-03 16:00:00,133.969,133.986,134.23103,133.44495,0.3901,-1.7,-6.03,-6.35,10,time_exit,15.51819,0.17468,0.44329,2.49169,,2020
GBPJPY,-1,2020-07-06 05:00:00,2020-07-06 15:00:00,134.438,134.476,134.68382,133.94636,0.4155,-3.8,-14.37,-14.69,10,time_exit,13.22515,0.16388,2.60997,2.62029,,2020
GBPJPY,-1,2020-07-06 19:00:00,2020-07-07 05:00:00,134.177,134.165,134.47228,133.58643,0.3454,1.2,3.77,3.45,10,time_exit,18.82034,0.19686,-0.07711,2.54155,new_york,2020
GBPJPY,1,2020-07-09 12:00:00,2020-07-09 17:00:00,135.616,135.34299,135.34299,136.16202,0.3737,-27.3,-92.84,-93.16,5,stop_loss,24.30553,0.18201,2.9212,4.30096,london,2020
GBPJPY,-1,2020-07-10 01:00:00,2020-07-10 08:00:00,135.127,134.56408,135.40846,134.56408,0.3588,56.3,183.8,183.48,7,take_profit,21.22669,0.18764,-0.41189,4.10903,,2020
GBPJPY,-1,2020-07-13 05:00:00,2020-07-13 08:00:00,135.101,135.37119,135.37119,134.56062,0.3812,-27.0,-93.73,-94.05,3,stop_loss,16.16281,0.18013,0.58026,2.53024,,2020
GBPJPY,1,2020-07-13 15:00:00,2020-07-13 22:00:00,134.981,134.69164,134.69164,135.55972,0.3524,-28.9,-92.79,-93.11,7,stop_loss,15.86619,0.19291,-0.27801,2.27434,london,2020
GBPJPY,-1,2020-07-14 07:00:00,2020-07-14 16:00:00,134.52,133.98531,134.78735,133.98531,0.3776,53.5,183.73,183.41,9,take_profit,21.04505,0.17823,-2.26506,1.63877,london,2020
GBPJPY,-1,2020-07-15 02:00:00,2020-07-15 12:00:00,134.85,134.77,135.15086,134.24828,0.3422,8.0,24.91,24.59,10,time_exit,22.38034,0.20057,0.6699,0.50849,,2020
GBPJPY,-1,2020-07-15 15:00:00,2020-07-16 01:00:00,135.019,134.601,135.30996,134.43707,0.3548,41.8,134.96,134.64,10,time_exit,13.16816,0.19398,1.22079,0.71015,london,2020
GBPJPY,1,2020-07-16 01:00:00,2020-07-16 05:00:00,134.614,134.32552,134.32552,135.19097,0.363,-28.8,-95.29,-95.61,4,stop_loss,17.92596,0.19232,-0.64366,0.48117,,2020
GBPJPY,1,2020-07-16 18:00:00,2020-07-16 23:00:00,134.96,134.63223,134.63223,135.61555,0.3163,-32.8,-94.34,-94.66,5,stop_loss,31.62552,0.21852,1.68627,-0.09479,new_york,2020
GBPJPY,-1,2020-07-16 23:00:00,2020-07-17 09:00:00,134.719,134.532,135.03469,134.08762,0.3251,18.7,55.32,55.0,10,time_exit,27.61316,0.21046,0.40221,0.05724,,2020
GBPJPY,1,2020-07-17 10:00:00,2020-07-17 15:00:00,134.531,134.28024,134.28024,135.03251,0.4117,-25.1,-93.94,-94.26,5,stop_loss,16.07395,0.16717,-0.7321,0.14753,london,2020
GBPJPY,1,2020-07-17 19:00:00,2020-07-20 05:00:00,134.355,134.455,134.05091,134.96319,0.3361,10.0,30.59,30.27,10,time_exit,23.91375,0.20273,-1.08444,-0.17166,new_york,2020
GBPJPY,1,2020-07-20 13:00:00,2020-07-20 18:00:00,135.003,135.58701,134.711,135.58701,0.3511,58.4,186.59,186.27,5,take_profit,20.92317,0.19467,2.16974,-0.11159,london,2020
GBPJPY,1,2020-07-21 20:00:00,2020-07-22 06:00:00,136.026,135.922,135.67317,136.73165,0.2964,-10.4,-28.05,-28.37,10,time_exit,46.17354,0.23522,2.0579,2.55832,new_york,2020
GBPJPY,-1,2020-07-22 12:00:00,2020-07-22 13:00:00,135.455,135.78177,135.78177,134.80146,0.3191,-32.7,-94.89,-95.21,1,stop_loss,24.12394,0.21785,-1.14246,2.85267,london,2020
GBPJPY,-1,2020-07-22 18:00:00,2020-07-23 04:00:00,136.46,136.417,136.8523,135.67541,0.2631,4.3,10.3,9.98,10,time_exit,21.78806,0.26153,2.61369,2.44286,new_york,2020
GBPJPY,1,2020-07-23 17:00:00,2020-07-24 03:00:00,136.248,135.90315,135.90315,136.93771,0.2996,-34.5,-94.02,-94.34,10,stop_loss,20.66562,0.2299,0.54272,3.17667,new_york,2020
GBPJPY,1,2020-07-24 18:00:00,2020-07-27 04:00:00,135.359,135.601,134.9729,136.13121,0.2649,24.2,58.34,58.02,10,time_exit,33.83685,0.2574,-1.84847,1.41827,new_york,2020
GBPJPY,1,2020-07-29 11:00:00,2020-07-29 15:00:00,135.902,136.42665,135.63967,136.42665,0.3924,52.5,187.35,187.03,4,take_profit,9.83091,0.17488,0.80597,1.06564,london,2020
GBPJPY,-1,2020-07-30 11:00:00,2020-07-30 13:00:00,136.438,136.71477,136.71477,135.88446,0.3793,-27.7,-95.53,-95.85,2,stop_loss,21.80885,0.18451,1.76876,2.05927,london,2020
GBPJPY,1,2020-07-31 10:00:00,2020-07-31 14:00:00,137.072,137.66494,136.77553,137.66494,0.3506,59.3,189.18,188.86,4,take_profit,25.17614,0.19765,2.1214,3.34025,london,2020
GBPJPY,1,2020-08-03 18:00:00,2020-08-04 04:00:00,138.253,138.789,137.80474,139.14953,0.2365,53.6,115.36,115.04,10,time_exit,28.86574,0.29884,1.14719,4.23268,new_york,2020
GBPJPY,1,2020-08-04 04:00:00,2020-08-04 11:00:00,138.691,138.36146,138.36146,139.35008,0.3255,-33.0,-97.61,-97.93,7,stop_loss,20.094,0.21969,2.52581,5.93985,,2020
GBPJPY,-1,2020-08-06 09:00:00,2020-08-06 10:00:00,138.474,138.73217,138.73217,137.95766,0.4113,-25.8,-96.63,-96.95,1,stop_loss,7.72418,0.17211,0.23691,5.48698,london,2020
GBPJPY,-1,2020-08-11 00:00:00,2020-08-11 04:00:00,138.512,138.76006,138.76006,138.01587,0.4238,-24.8,-95.67,-95.99,4,stop_loss,15.35997,0.16538,0.67973,2.82615,,2020
GBPJPY,-1,2020-08-11 06:00:00,2020-08-11 12:00:00,138.77,138.99318,138.99318,138.32364,0.4663,-22.3,-94.7,-95.02,6,stop_loss,17.14419,0.14879,2.10085,3.19948,,2020
GBPJPY,-1,2020-08-11 18:00:00,2020-08-12 04:00:00,139.3,139.007,139.59645,138.70709,0.3475,29.3,92.65,92.34,10,time_exit,30.59103,0.19764,3.24764,2.86517,new_york,2020
GBPJPY,1,2020-08-12 19:00:00,2020-08-13 05:00:00,139.401,139.401,139.07716,140.04867,0.3213,0.0,0.0,-0.32,10,time_exit,20.95454,0.21589,1.77921,3.13166,new_york,2020
GBPJPY,-1,2020-08-13 09:00:00,2020-08-13 11:00:00,139.451,139.69085,139.69085,138.9713,0.4338,-24.0,-94.68,-95.0,2,stop_loss,18.61094,0.1599,1.85998,4.26278,london,2020
GBPJPY,-1,2020-08-14 15:00:00,2020-08-17 01:00:00,139.789,139.602,140.05099,139.26502,0.3931,18.7,66.89,66.58,10,time_exit,16.69407,0.17466,1.44719,4.25136,london,2020
GBPJPY,1,2020-08-17 19:00:00,2020-08-18 05:00:00,138.864,138.699,138.58583,139.42035,0.3729,-16.5,-55.99,-56.31,10,time_exit,19.49274,0.18545,-3.08192,2.62364,new_york,2020
GBPJPY,1,2020-08-19 01:00:00,2020-08-19 11:00:00,139.548,139.566,139.28136,140.08129,0.3867,1.8,6.33,6.02,10,time_exit,30.13899,0.17776,1.71501,1.43363,,2020
GBPJPY,1,2020-08-20 21:00:00,2020-08-21 07:00:00,139.708,139.867,139.34386,140.43629,0.2833,15.9,40.99,40.67,10,time_exit,24.39487,0.24276,2.18071,0.46367,new_york,2020
GBPJPY,1,2020-08-24 12:00:00,2020-08-24 17:00:00,138.669,138.34732,138.34732,139.31236,0.3221,-32.2,-94.29,-94.61,5,stop_loss,25.67788,0.21445,-1.13886,-0.59331,london,2020
GBPJPY,1,2020-08-25 01:00:00,2020-08-25 10:00:00,138.448,139.04608,138.14896,139.04608,0.343,59.8,186.68,186.36,9,take_profit,20.82178,0.19936,-1.54233,-1.12912,,2020
GBPJPY,1,2020-08-25 18:00:00,2020-08-26 04:00:00,139.742,140.015,139.40593,140.41413,0.3113,27.3,77.34,77.02,10,time_exit,34.98843,0.22404,3.35899,-0.07195,new_york,2020
GBPJPY,1,2020-08-28 21:00:00,2020-08-31 07:00:00,140.566,140.94,140.17627,141.34546,0.2706,37.4,92.1,91.78,10,time_exit,23.83962,0.25982,0.78649,2.64836,new_york,2020
GBPJPY,1,2020-08-31 19:00:00,2020-09-01 05:00:00,141.572,141.633,141.12523,142.46555,0.2383,6.1,13.23,12.91,10,time_exit,18.34358,0.29785,2.69941,2.79299,new_york,2020
GBPJPY,1,2020-09-02 16:00:00,2020-09-02 17:00:00,141.743,141.40401,141.40401,142.42099,0.3145,-33.9,-97.02,-97.34,1,stop_loss,24.52434,0.226,0.28835,4.63306,new_york,2020
GBPJPY,-1,2020-09-02 17:00:00,2020-09-02 23:00:00,141.395,141.75328,141.75328,140.67844,0.2946,-35.8,-96.05,-96.37,6,stop_loss,25.94199,0.23885,-1.1216,4.30588,new_york,2020
GBPJPY,1,2020-09-03 02:00:00,2020-09-03 04:00:00,141.835,141.5115,141.5115,142.48199,0.323,-32.3,-95.08,-95.4,2,stop_loss,27.95263,0.21566,0.86367,4.30411,,2020
GBPJPY,-1,2020-09-03 04:00:00,2020-09-03 14:00:00,141.581,141.132,141.89276,140.95749,0.3318,44.9,135.57,135.25,10,time_exit,26.82021,0.20784,-0.33475,4.38417,,2020
GBPJPY,1,2020-09-04 01:00:00,2020-09-04 11:00:00,140.926,141.364,140.56721,141.64358,0.2925,43.8,116.58,116.27,10,time_exit,31.10376,0.23919,-1.73713,2.1973,,2020
GBPJPY,-1,2020-09-07 21:00:00,2020-09-08 07:00:00,139.937,139.611,140.31838,139.17424,0.2785,32.6,82.62,82.3,10,time_exit,39.49321,0.25425,-2.6084,-0.53433,new_york,2020
GBPJPY,-1,2020-09-08 14:00:00,2020-09-08 15:00:00,138.818,138.07637,139.18881,138.07637,0.2889,74.2,194.97,194.65,1,take_profit,52.74443,0.24721,-5.20439,-1.86005,london,2020
GBPJPY,1,2020-09-08 17:00:00,2020-09-08 23:00:00,138.103,137.67136,137.67136,138.96628,0.2531,-43.2,-99.42,-99.73,6,stop_loss,58.80832,0.28776,-6.22824,-2.08338,new_york,2020
GBPJPY,1,2020-09-09 06:00:00,2020-09-09 09:00:00,137.247,136.87132,136.87132,137.99835,0.2879,-37.6,-98.42,-98.74,3,stop_loss,71.67859,0.25045,-6.9014,-4.69193,,2020
GBPJPY,-1,2020-09-10 20:00:00,2020-09-11 06:00:00,136.221,136.192,136.81224,135.03853,0.1811,2.9,4.78,4.46,10,time_exit,31.23095,0.39416,-4.26391,-3.67723,new_york,2020
GBPJPY,-1,2020-09-11 10:00:00,2020-09-11 20:00:00,136.212,135.752,136.61636,135.40329,0.2649,46.0,110.89,110.57,10,time_exit,41.72255,0.26957,-3.29815,-6.74367,london,2020
GBPJPY,1,2020-09-14 07:00:00,2020-09-14 17:00:00,136.005,136.096,135.63059,136.75383,0.2894,9.1,23.97,23.65,10,time_exit,19.84425,0.24961,-1.64201,-7.74491,london,2020
GBPJPY,1,2020-09-15 21:00:00,2020-09-16 03:00:00,136.024,135.64069,135.64069,136.79063,0.2833,-38.3,-98.82,-99.14,6,stop_loss,19.5053,0.25554,-0.19537,-5.99275,new_york,2020
GBPJPY,1,2020-09-18 22:00:00,2020-09-21 08:00:00,135.139,135.121,134.76016,135.89669,0.2838,-1.8,-4.65,-4.97,10,time_exit,17.62604,0.25256,-1.89532,-3.98966,,2020
GBPJPY,-1,2020-09-21 21:00:00,2020-09-22 07:00:00,134.017,134.03,134.50186,133.04728,0.2216,-1.3,-2.62,-2.94,10,time_exit,30.58421,0.32324,-2.74175,-4.00017,new_york,2020
GBPJPY,1,2020-09-22 09:00:00,2020-09-22 10:00:00,133.78,133.42251,133.42251,134.49499,0.3005,-35.7,-97.76,-98.08,1,stop_loss,25.24891,0.23833,-3.33775,-5.7895,london,2020
GBPJPY,-1,2020-09-24 05:00:00,2020-09-24 13:00:00,134.163,134.5575,134.5575,133.374,0.2696,-39.5,-96.79,-97.1,8,stop_loss,16.88755,0.263,0.49842,-4.49262,,2020
GBPJPY,-1,2020-09-29 15:00:00,2020-09-30 01:00:00,135.884,135.918,136.26069,135.13063,0.2795,-3.4,-8.65,-8.97,10,time_exit,32.68196,0.25112,2.43155,0.83423,london,2020
GBPJPY,-1,2020-09-30 10:00:00,2020-09-30 16:00:00,135.568,135.90875,135.90875,134.88649,0.3087,-34.1,-95.72,-96.04,6,stop_loss,27.5554,0.22717,0.16793,1.50889,london,2020
GBPJPY,1,2020-10-02 18:00:00,2020-10-05 04:00:00,136.245,136.601,135.68303,137.36893,0.1853,35.6,60.03,59.71,10,time_exit,13.98328,0.37464,0.83338,1.06149,new_york,2020
GBPJPY,1,2020-10-05 12:00:00,2020-10-05 22:00:00,136.827,137.32,136.42843,137.62414,0.2629,49.3,117.94,117.63,10,time_exit,9.33114,0.26571,2.32439,1.98056,london,2020
GBPJPY,1,2020-10-06 18:00:00,2020-10-06 21:00:00,136.997,136.58791,136.58791,137.81517,0.2593,-40.9,-96.53,-96.85,3,stop_loss,18.89532,0.27272,0.70674,2.78396,new_york,2020
GBPJPY,1,2020-10-08 06:00:00,2020-10-08 13:00:00,137.077,136.76359,136.76359,137.70382,0.3351,-31.3,-95.57,-95.89,7,stop_loss,11.78728,0.20894,1.76014,2.37291,,2020
GBPJPY,1,2020-10-08 13:00:00,2020-10-08 23:00:00,136.966,137.134,136.64094,137.61612,0.3198,16.8,48.89,48.57,10,time_exit,14.52765,0.21671,0.73839,2.46973,london,2020
GBPJPY,1,2020-10-09 01:00:00,2020-10-09 11:00:00,137.049,137.06,136.75024,137.64651,0.3498,1.1,3.5,3.18,10,time_exit,11.70854,0.19917,0.7811,2.69825,,2020
GBPJPY,-1,2020-10-09 23:00:00,2020-10-12 09:00:00,137.715,137.628,138.02166,137.10167,0.3408,8.7,26.98,26.66,10,time_exit,16.14341,0.20444,2.8314,2.91891,,2020
GBPJPY,1,2020-10-15 01:00:00,2020-10-15 11:00:00,136.738,136.37906,136.37906,137.45589,0.292,-35.9,-95.38,-95.7,10,stop_loss,24.75538,0.2393,-0.47911,0.24142,,2020
GBPJPY,-1,2020-10-15 15:00:00,2020-10-16 01:00:00,136.077,135.948,136.49619,135.23863,0.2475,12.9,29.05,28.74,10,time_exit,23.24667,0.27946,-2.58813,0.02846,london,2020
GBPJPY,1,2020-10-16 03:00:00,2020-10-16 13:00:00,135.945,135.58172,135.58172,136.67157,0.2865,-36.3,-94.71,-95.03,10,stop_loss,20.6985,0.24219,-2.32387,-0.82513,,2020
GBPJPY,-1,2020-10-16 15:00:00,2020-10-16 19:00:00,135.92,136.37899,136.37899,135.00201,0.2245,-45.9,-93.77,-94.09,4,stop_loss,21.90873,0.306,-1.16465,-1.11069,london,2020
GBPJPY,1,2020-10-20 08:00:00,2020-10-20 18:00:00,136.599,136.705,136.2869,137.22319,0.3268,10.6,31.52,31.2,10,time_exit,13.30162,0.20806,0.38097,-0.3102,london,2020
GBPJPY,1,2020-10-21 02:00:00,2020-10-21 11:00:00,136.595,137.18827,136.29837,137.18827,0.345,59.3,186.26,185.94,9,take_profit,11.22009,0.19776,0.07048,-0.06321,,2020
GBPJPY,1,2020-10-21 20:00:00,2020-10-22 06:00:00,137.506,137.455,137.14901,138.21997,0.2924,-5.1,-13.57,-13.89,10,time_exit,25.0092,0.23799,3.04344,0.54308,new_york,2020
GBPJPY,1,2020-10-22 07:00:00,2020-10-22 10:00:00,137.455,137.18718,137.18718,137.99065,0.3892,-26.8,-94.86,-95.17,3,stop_loss,34.16459,0.17855,2.41279,1.62051,london,2020
GBPJPY,-1,2020-10-22 16:00:00,2020-10-23 02:00:00,137.066,137.193,137.35208,136.49385,0.3607,-12.7,-41.69,-42.0,10,time_exit,26.55216,0.19072,-0.14738,1.6398,new_york,2020
GBPJPY,-1,2020-10-23 18:00:00,2020-10-26 04:00:00,136.707,136.696,137.03492,136.05116,0.3133,1.1,3.14,2.82,10,time_exit,25.06441,0.21861,-1.40831,0.84136,new_york,2020
GBPJPY,1,2020-10-27 02:00:00,2020-10-27 11:00:00,136.513,136.25973,136.25973,137.01955,0.4057,-25.3,-93.5,-93.82,9,stop_loss,18.43605,0.16885,-1.19568,-0.32271,,2020
GBPJPY,-1,2020-10-27 12:00:00,2020-10-27 15:00:00,136.32,136.54939,136.54939,135.86121,0.4435,-22.9,-92.58,-92.9,3,stop_loss,28.87015,0.15293,-2.10605,-0.65279,london,2020
GBPJPY,-1,2020-10-27 15:00:00,2020-10-28 01:00:00,136.525,136.142,136.76956,136.03589,0.4118,38.3,143.52,143.21,10,time_exit,30.55867,0.16304,-0.5905,-0.71515,london,2020
GBPJPY,-1,2020-10-28 12:00:00,2020-10-28 14:00:00,135.601,135.05647,135.87326,135.05647,0.3757,54.5,186.17,185.85,2,take_profit,34.01943,0.18151,-4.05592,-1.59019,london,2020
GBPJPY,1,2020-10-29 09:00:00,2020-10-29 10:00:00,135.936,135.64443,135.64443,136.51913,0.3578,-29.2,-94.93,-95.25,1,stop_loss,23.89528,0.19438,0.30036,-2.7314,london,2020
GBPJPY,1,2020-11-02 00:00:00,2020-11-02 10:00:00,135.049,134.932,134.6575,135.832,0.2638,-11.7,-28.09,-28.41,10,time_exit,16.12464,0.261,0.57786,-2.43796,,2020
GBPJPY,-1,2020-11-03 15:00:00,2020-11-03 16:00:00,135.936,136.25329,136.25329,135.30142,0.3245,-31.7,-93.69,-94.01,1,stop_loss,23.59562,0.21153,2.35238,-1.81784,london,2020
GBPJPY,-1,2020-11-06 11:00:00,2020-11-06 21:00:00,135.841,135.849,136.21108,135.10085,0.2754,-0.8,-2.0,-2.32,10,time_exit,13.09483,0.24672,-0.0108,-0.08049,london,2020
GBPJPY,1,2020-11-10 07:00:00,2020-11-10 11:00:00,138.427,139.28089,138.00005,139.28089,0.2387,85.4,185.48,185.16,4,take_profit,50.00125,0.28463,4.10255,3.29218,london,2020
GBPJPY,-1,2020-11-10 16:00:00,2020-11-11 02:00:00,139.332,139.411,139.83008,138.33583,0.2087,-7.9,-15.0,-15.32,10,time_exit,54.54642,0.33206,4.55069,3.80361,new_york,2020
GBPJPY,1,2020-11-12 15:00:00,2020-11-12 17:00:00,138.433,138.05946,138.05946,139.18008,0.2778,-37.4,-94.43,-94.75,2,stop_loss,27.80436,0.24903,-2.30841,5.64359,london,2020
GBPJPY,1,2020-11-13 05:00:00,2020-11-13 09:00:00,137.569,138.26566,137.22067,138.26566,0.2949,69.7,186.95,186.64,4,take_profit,43.47779,0.23222,-4.21255,3.86777,,2020
GBPJPY,-1,2020-11-16 21:00:00,2020-11-17 07:00:00,137.929,138.108,138.33878,137.10944,0.2557,-17.9,-41.65,-41.97,10,time_exit,13.07532,0.27319,-0.83359,1.36715,new_york,2020
GBPJPY,-1,2020-11-18 13:00:00,2020-11-18 23:00:00,138.04,137.707,138.29772,137.52457,0.4048,33.3,122.67,122.35,10,time_exit,8.45736,0.17181,-0.11449,1.10711,london,2020
GBPJPY,1,2020-11-19 02:00:00,2020-11-19 03:00:00,137.678,137.42928,137.42928,138.17544,0.4248,-24.9,-96.15,-96.47,1,stop_loss,12.84839,0.16581,-1.85721,0.67498,,2020
GBPJPY,1,2020-11-19 17:00:00,2020-11-20 03:00:00,137.48,137.72,137.13414,138.17171,0.3025,24.0,66.07,65.75,10,time_exit,21.58423,0.23057,-1.25707,-0.21599,new_york,2020
GBPJPY,1,2020-11-20 06:00:00,2020-11-20 16:00:00,137.693,137.833,137.40389,138.27122,0.3643,14.0,46.41,46.09,10,time_exit,13.24728,0.19274,0.0152,-0.50658,,2020
GBPJPY,-1,2020-11-23 15:00:00,2020-11-23 21:00:00,138.909,139.21388,139.21388,138.29924,0.3471,-30.5,-96.3,-96.62,6,stop_loss,34.83755,0.20325,4.15154,0.91037,london,2020
GBPJPY,-1,2020-11-24 04:00:00,2020-11-24 14:00:00,139.364,139.272,139.64953,138.79295,0.367,9.2,30.73,30.41,10,time_exit,45.2917,0.19035,4.53063,2.47354,,2020
GBPJPY,1,2020-11-25 06:00:00,2020-11-25 10:00:00,139.596,139.3398,139.3398,140.10839,0.4103,-25.6,-95.66,-95.98,4,stop_loss,21.71743,0.1708,2.55266,4.63977,,2020
GBPJPY,-1,2020-11-27 07:00:00,2020-11-27 09:00:00,138.974,139.19569,139.19569,138.53062,0.4694,-22.2,-94.7,-95.02,2,stop_loss,28.94192,0.14779,-1.98804,3.50229,london,2020
GBPJPY,1,2020-12-02 07:00:00,2020-12-02 09:00:00,140.059,139.7516,139.7516,140.67379,0.3351,-30.7,-93.74,-94.06,2,stop_loss,28.98846,0.20493,2.61674,2.46617,london,2020
GBPJPY,1,2020-12-02 11:00:00,2020-12-02 15:00:00,139.588,139.22664,139.22664,140.31072,0.2822,-36.1,-92.8,-93.12,4,stop_loss,26.69021,0.24091,0.03941,2.18465,london,2020
GBPJPY,1,2020-12-02 20:00:00,2020-12-03 06:00:00,139.542,139.847,139.1335,140.35899,0.2471,30.5,68.58,68.26,10,time_exit,25.47778,0.27233,-0.00683,1.68302,new_york,2020
GBPJPY,1,2020-12-04 10:00:00,2020-12-04 11:00:00,139.649,140.25279,139.34711,140.25279,0.3369,60.4,185.11,184.79,1,take_profit,15.81819,0.20126,-0.42127,2.11327,london,2020
GBPJPY,1,2020-12-04 15:00:00,2020-12-07 00:00:00,140.001,139.60154,139.60154,140.79991,0.2597,-39.9,-94.4,-94.72,9,stop_loss,13.43172,0.2663,0.83487,1.63773,london,2020
GBPJPY,-1,2020-12-07 10:00:00,2020-12-07 11:00:00,139.296,138.5512,139.6684,138.5512,0.2758,74.5,186.93,186.61,1,take_profit,22.04619,0.24827,-2.13044,1.54302,london,2020
GBPJPY,1,2020-12-07 16:00:00,2020-12-08 02:00:00,138.591,138.916,138.0994,139.5742,0.2131,32.5,63.02,62.71,10,time_exit,36.79159,0.32773,-2.77489,0.38179,new_york,2020
GBPJPY,-1,2020-12-08 07:00:00,2020-12-08 15:00:00,138.877,139.2831,139.2831,138.0648,0.2596,-40.6,-95.94,-96.25,8,stop_loss,27.4389,0.27073,-1.38305,-0.2342,london,2020
GBPJPY,-1,2020-12-09 06:00:00,2020-12-09 10:00:00,139.292,139.64942,139.64942,138.57717,0.292,-35.7,-94.97,-95.29,4,stop_loss,12.82155,0.23828,0.64947,-0.4979,,2020
GBPJPY,-1,2020-12-10 20:00:00,2020-12-11 06:00:00,138.83,138.461,139.2807,137.92859,0.2293,36.9,77.0,76.68,10,time_exit,33.09406,0.30047,-1.31064,-0.21919,new_york,2020
GBPJPY,1,2020-12-11 23:00:00,2020-12-14 00:00:00,137.606,138.5195,137.14925,138.5195,0.2281,91.4,189.62,189.3,1,take_profit,39.02337,0.3045,-2.21764,-2.23078,,2020
GBPJPY,1,2020-12-15 19:00:00,2020-12-16 05:00:00,139.259,139.207,138.79426,140.18848,0.2286,-5.2,-10.82,-11.14,10,time_exit,14.71417,0.30983,1.79507,-0.60886,new_york,2020
GBPJPY,-1,2020-12-17 21:00:00,2020-12-18 07:00:00,140.416,139.899,140.79328,139.66144,0.2813,51.7,132.34,132.02,10,time_exit,17.33305,0.25152,2.69488,1.97519,new_york,2020
GBPJPY,1,2020-12-21 16:00:00,2020-12-21 21:00:00,137.86,138.97011,137.30495,138.97011,0.1938,111.0,195.78,195.46,5,take_profit,46.30342,0.37004,-2.72676,-0.78308,new_york,2020
GBPJPY,1,2020-12-22 18:00:00,2020-12-23 04:00:00,138.132,138.643,137.56156,139.27288,0.1924,51.1,89.47,89.15,10,time_exit,19.51983,0.38029,-1.49528,-0.8688,new_york,2020
GBPJPY,-1,2020-12-28 19:00:00,2020-12-29 05:00:00,139.637,139.902,140.07802,138.75496,0.251,-26.5,-60.53,-60.85,10,time_exit,21.74866,0.29401,-1.23661,1.86828,new_york,2020
GBPJPY,-1,2020-12-29 22:00:00,2020-12-30 08:00:00,139.768,139.889,140.1053,139.0934,0.3262,-12.1,-35.92,-36.24,10,time_exit,15.10115,0.22487,-0.52722,1.54461,,2020
GBPJPY,1,2020-12-30 09:00:00,2020-12-30 13:00:00,139.887,140.41029,139.62536,140.41029,0.419,52.3,199.52,199.21,4,take_profit,11.36262,0.17443,0.06201,1.76073,london,2020
GBPJPY,1,2020-12-31 03:00:00,2020-12-31 04:00:00,140.725,140.40982,140.40982,141.35536,0.3548,-31.5,-101.76,-102.08,1,stop_loss,28.09017,0.21012,2.72537,2.13188,,2020
GBPJPY,-1,2020-12-31 13:00:00,2020-12-31 18:00:00,140.891,141.21356,141.21356,140.24588,0.3432,-32.3,-100.74,-101.06,5,stop_loss,21.38335,0.21504,2.63589,2.45113,london,2020
GBPJPY,-1,2021-01-04 16:00:00,2021-01-05 02:00:00,140.382,139.946,140.77556,139.59488,0.2785,43.6,110.5,110.18,10,time_exit,19.00751,0.26237,-0.92977,2.32337,new_york,2021
GBPJPY,1,2021-01-05 16:00:00,2021-01-06 02:00:00,139.628,139.979,139.28774,140.30851,0.3257,35.1,104.03,103.71,10,time_exit,33.28335,0.22684,-2.30593,0.71709,new_york,2021
GBPJPY,-1,2021-01-07 11:00:00,2021-01-07 21:00:00,140.694,140.964,141.04157,139.99885,0.3221,-27.0,-79.14,-79.46,10,time_exit,12.49553,0.23172,2.10502,0.68532,london,2021
GBPJPY,1,2021-01-12 09:00:00,2021-01-12 11:00:00,141.182,141.63853,140.95373,141.63853,0.4866,45.7,202.15,201.84,2,take_profit,25.59235,0.15218,2.43419,2.36843,london,2021
GBPJPY,-1,2021-01-12 22:00:00,2021-01-13 08:00:00,141.867,141.782,142.14223,141.31654,0.4116,8.5,31.84,31.52,10,time_exit,48.46837,0.18349,3.79916,3.10406,,2021
GBPJPY,1,2021-01-13 16:00:00,2021-01-13 17:00:00,142.113,141.85923,141.85923,142.62055,0.4478,-25.4,-103.41,-103.73,1,stop_loss,45.97141,0.16918,3.34621,4.34609,new_york,2021
GBPJPY,-1,2021-01-18 04:00:00,2021-01-18 10:00:00,140.92,140.37676,141.19162,140.37676,0.4142,54.3,204.76,204.44,6,take_profit,48.0507,0.18108,-3.1562,1.71842,,2021
GBPJPY,1,2021-01-19 00:00:00,2021-01-19 04:00:00,140.848,141.27244,140.63578,141.27244,0.5407,42.4,208.84,208.52,4,take_profit,44.00836,0.14148,-1.46695,-0.21243,,2021
GBPJPY,-1,2021-01-20 07:00:00,2021-01-20 09:00:00,141.646,141.84024,141.84024,141.25752,0.6025,-19.4,-106.5,-106.82,2,stop_loss,26.71985,0.12949,1.79429,1.59302,london,2021
GBPJPY,-1,2021-01-21 00:00:00,2021-01-21 02:00:00,141.362,141.63788,141.63788,140.81025,0.42,-27.6,-105.44,-105.76,2,stop_loss,29.95299,0.18392,-0.49389,1.28392,,2021
GBPJPY,-1,2021-01-21 21:00:00,2021-01-22 07:00:00,141.961,141.982,142.22601,141.43099,0.4328,-2.1,-8.27,-8.59,10,time_exit,22.5871,0.17667,1.4265,1.87277,new_york,2021
GBPJPY,-1,2021-01-22 15:00:00,2021-01-22 19:00:00,141.741,141.99824,141.99824,141.22653,0.4455,-25.7,-104.28,-104.6,4,stop_loss,22.22431,0.17149,-0.43873,2.01256,london,2021
GBPJPY,-1,2021-01-22 21:00:00,2021-01-25 07:00:00,142.035,142.244,142.27709,141.55081,0.4686,-20.9,-89.12,-89.44,10,time_exit,17.90588,0.1614,1.23131,2.10185,new_york,2021
GBPJPY,-1,2021-01-25 19:00:00,2021-01-26 05:00:00,141.829,141.72,142.07972,141.32756,0.4486,10.9,44.5,44.18,10,time_exit,19.61396,0.16715,-0.80482,2.11842,new_york,2021
GBPJPY,1,2021-01-26 11:00:00,2021-01-26 14:00:00,141.554,142.03951,141.31124,142.03951,0.4653,48.6,205.58,205.26,3,take_profit,38.37074,0.16184,-1.77838,1.32877,london,2021
GBPJPY,1,2021-01-27 00:00:00,2021-01-27 10:00:00,142.315,142.51,142.09131,142.76239,0.5151,19.5,91.4,91.09,10,time_exit,30.78171,0.14913,2.28414,1.96152,,2021
GBPJPY,-1,2021-01-28 01:00:00,2021-01-28 11:00:00,142.512,142.363,142.80473,141.92653,0.397,14.9,53.83,53.51,10,time_exit,20.97666,0.19516,0.8254,2.25822,,2021
GBPJPY,-1,2021-02-02 08:00:00,2021-02-02 16:00:00,143.674,143.19463,143.91369,143.19463,0.4873,47.9,212.57,212.26,8,take_profit,17.46771,0.15979,1.24333,4.88533,london,2021
GBPJPY,-1,2021-02-02 17:00:00,2021-02-02 19:00:00,143.176,143.43029,143.43029,142.66742,0.4685,-25.4,-108.41,-108.73,2,stop_loss,14.6636,0.16953,-1.84308,4.26751,new_york,2021
GBPJPY,-1,2021-02-02 20:00:00,2021-02-03 06:00:00,143.427,143.493,143.67629,142.92841,0.4731,-6.6,-28.41,-28.73,10,time_exit,17.23091,0.1662,-0.27976,4.15826,new_york,2021
GBPJPY,1,2021-02-04 07:00:00,2021-02-04 10:00:00,143.086,142.87746,142.87746,143.50307,0.5641,-20.9,-107.05,-107.37,3,stop_loss,14.11284,0.13902,-2.03443,2.97945,london,2021
GBPJPY,-1,2021-02-04 13:00:00,2021-02-04 14:00:00,142.931,143.16071,143.16071,142.47159,0.5069,-23.0,-105.96,-106.28,1,stop_loss,19.4963,0.15314,-2.31782,2.1528,london,2021
GBPJPY,1,2021-02-05 14:00:00,2021-02-08 00:00:00,144.575,144.653,144.34353,145.03794,0.498,7.8,35.35,35.03,10,time_exit,40.34477,0.15431,4.33546,4.33924,london,2021
GBPJPY,-1,2021-02-08 16:00:00,2021-02-08 17:00:00,144.456,144.6714,144.6714,144.0252,0.537,-21.5,-105.26,-105.58,1,stop_loss,25.42184,0.1436,0.14078,5.96428,new_york,2021
GBPJPY,1,2021-02-08 18:00:00,2021-02-09 04:00:00,144.535,144.62,144.30102,145.00296,0.4894,8.5,37.86,37.54,10,time_exit,22.98517,0.15599,0.56275,5.43627,new_york,2021
GBPJPY,-1,2021-02-11 08:00:00,2021-02-11 18:00:00,144.825,144.783,144.99407,144.48686,0.6797,4.2,25.98,25.66,10,time_exit,17.22365,0.11271,1.50296,5.25481,london,2021
GBPJPY,-1,2021-02-12 05:00:00,2021-02-12 07:00:00,144.545,144.73205,144.73205,144.1709,0.6159,-18.7,-104.84,-105.16,2,stop_loss,18.21088,0.1247,-1.10657,3.98086,,2021
GBPJPY,1,2021-02-12 07:00:00,2021-02-12 11:00:00,144.549,144.90267,144.37216,144.90267,0.6449,35.4,207.56,207.24,4,take_profit,20.82354,0.11789,-1.04949,4.06282,london,2021
GBPJPY,-1,2021-02-12 11:00:00,2021-02-12 14:00:00,144.715,144.91355,144.91355,144.31789,0.5858,-19.9,-105.84,-106.16,3,stop_loss,17.16372,0.13237,0.30159,3.49524,london,2021
GBPJPY,-1,2021-02-12 15:00:00,2021-02-12 16:00:00,144.926,145.14347,145.14347,144.49105,0.5295,-21.7,-104.79,-105.11,1,stop_loss,22.03303,0.14498,1.58292,3.1749,london,2021
GBPJPY,1,2021-02-15 08:00:00,2021-02-15 11:00:00,146.015,146.47257,145.78622,146.47257,0.4983,45.8,207.49,207.17,3,take_profit,58.2972,0.15252,5.64472,4.6338,london,2021
GBPJPY,-1,2021-02-17 17:00:00,2021-02-18 03:00:00,146.742,146.626,147.05416,146.11767,0.3725,11.6,39.32,39.0,10,time_exit,23.6623,0.20811,-0.31963,6.21302,new_york,2021
GBPJPY,-1,2021-02-18 13:00:00,2021-02-18 14:00:00,147.239,147.51371,147.51371,146.68958,0.4248,-27.5,-106.19,-106.51,1,stop_loss,22.41337,0.18314,2.41412,5.7536,london,2021
GBPJPY,1,2021-02-19 10:00:00,2021-02-19 11:00:00,147.662,147.42601,147.42601,148.13398,0.4896,-23.6,-105.14,-105.46,1,stop_loss,24.21543,0.15733,2.67836,7.31159,london,2021
GBPJPY,-1,2021-02-22 22:00:00,2021-02-23 08:00:00,147.824,147.812,148.11756,147.23687,0.3896,1.2,4.25,3.94,10,time_exit,17.3411,0.19571,0.33435,5.72762,,2021
GBPJPY,1,2021-02-23 19:00:00,2021-02-24 02:00:00,148.262,148.85495,147.96553,148.85495,0.3859,59.3,208.22,207.91,7,take_profit,15.45831,0.19765,1.70158,5.19623,new_york,2021
GBPJPY,1,2021-02-24 19:00:00,2021-02-25 05:00:00,149.388,149.886,148.97161,150.22078,0.2803,49.8,127.03,126.71,10,time_exit,33.56007,0.27759,2.14905,5.00963,new_york,2021
GBPJPY,-1,2021-02-25 09:00:00,2021-02-25 10:00:00,149.965,150.23898,150.23898,149.41705,0.431,-27.4,-107.46,-107.77,1,stop_loss,32.45175,0.18265,4.08665,8.29345,london,2021
GBPJPY,-1,2021-02-25 23:00:00,2021-02-26 08:00:00,148.847,147.87026,149.33537,147.87026,0.2394,97.7,212.79,212.47,9,take_profit,30.43001,0.32558,-1.87324,4.51034,,2021
GBPJPY,-1,2021-02-26 22:00:00,2021-03-01 08:00:00,148.686,149.09,149.33222,147.39356,0.1845,-40.4,-67.83,-68.15,10,time_exit,29.86053,0.43081,-0.33058,1.75169,,2021
GBPJPY,1,2021-03-01 13:00:00,2021-03-01 16:00:00,148.895,148.38092,148.38092,149.92317,0.2305,-51.4,-107.83,-108.15,3,stop_loss,16.47697,0.34272,0.15495,1.92967,london,2021
GBPJPY,1,2021-03-02 12:00:00,2021-03-02 18:00:00,148.214,149.00157,147.82022,149.00157,0.2979,78.8,213.5,213.18,6,take_profit,17.07407,0.26252,-1.59832,1.45294,london,2021
GBPJPY,-1,2021-03-03 17:00:00,2021-03-04 03:00:00,149.319,149.199,149.6876,148.58181,0.3246,12.0,35.45,35.13,10,time_exit,13.09962,0.24573,1.46573,2.11563,new_york,2021
GBPJPY,1,2021-03-05 03:00:00,2021-03-05 13:00:00,149.874,149.49933,149.49933,150.62334,0.3204,-37.5,-109.24,-109.56,10,stop_loss,19.81705,0.24978,1.29483,2.9674,,2021
GBPJPY,-1,2021-03-08 04:00:00,2021-03-08 14:00:00,150.146,150.243,150.55403,149.32995,0.2912,-9.7,-25.7,-26.02,10,time_exit,11.36287,0.27202,1.31293,2.68832,,2021
GBPJPY,-1,2021-03-09 19:00:00,2021-03-10 05:00:00,150.833,150.863,151.18046,150.13807,0.3412,-3.0,-9.31,-9.63,10,time_exit,29.42412,0.23164,1.25203,4.23722,new_york,2021
GBPJPY,-1,2021-03-11 16:00:00,2021-03-12 02:00:00,151.619,151.90129,151.90129,151.05443,0.4196,-28.2,-107.79,-108.11,10,stop_loss,18.89911,0.18819,2.97633,5.04849,new_york,2021
GBPJPY,1,2021-03-12 05:00:00,2021-03-12 11:00:00,152.032,151.79644,151.79644,152.50312,0.4978,-23.6,-106.71,-107.03,6,stop_loss,33.51276,0.15704,4.3119,6.64554,,2021
GBPJPY,-1,2021-03-15 11:00:00,2021-03-15 18:00:00,151.989,151.504,152.2315,151.504,0.4787,48.5,211.28,210.96,7,take_profit,16.52549,0.16167,1.78077,6.16122,london,2021
GBPJPY,-1,2021-03-16 08:00:00,2021-03-16 11:00:00,151.432,150.9534,151.6713,150.9534,0.4948,47.9,215.5,215.18,3,take_profit,28.61699,0.15953,-1.52563,4.92348,london,2021
GBPJPY,-1,2021-03-16 17:00:00,2021-03-16 18:00:00,151.057,151.33308,151.33308,150.50485,0.4374,-27.6,-109.89,-110.21,1,stop_loss,37.1788,0.18405,-2.4917,3.27349,new_york,2021
GBPJPY,-1,2021-03-16 23:00:00,2021-03-17 09:00:00,151.466,151.72581,151.72581,150.94639,0.4601,-26.0,-108.78,-109.1,10,stop_loss,29.21338,0.1732,-0.15846,3.18807,,2021
GBPJPY,-1,2021-03-17 10:00:00,2021-03-17 20:00:00,151.796,151.389,152.02611,151.33578,0.5143,40.7,190.48,190.16,10,time_exit,18.35219,0.15341,1.82884,3.3353,london,2021
GBPJPY,1,2021-03-19 16:00:00,2021-03-19 17:00:00,151.238,150.87828,150.87828,151.95743,0.3348,-36.0,-109.59,-109.91,1,stop_loss,22.02582,0.23981,-1.99885,1.57115,new_york,2021
GBPJPY,1,2021-03-23 22:00:00,2021-03-23 23:00:00,149.606,149.23963,149.23963,150.33875,0.3254,-36.6,-108.49,-108.81,1,stop_loss,37.91946,0.24425,-3.39403,-2.16508,,2021
GBPJPY,1,2021-03-24 01:00:00,2021-03-24 02:00:00,149.346,148.99214,148.99214,150.05373,0.3336,-35.4,-107.42,-107.74,1,stop_loss,41.78533,0.23591,-4.0762,-2.56787,,2021
GBPJPY,1,2021-03-24 17:00:00,2021-03-24 21:00:00,149.262,148.85381,148.85381,150.07838,0.2863,-40.8,-106.35,-106.67,4,stop_loss,41.76199,0.27213,-1.54957,-3.4723,new_york,2021
GBPJPY,1,2021-03-24 21:00:00,2021-03-24 22:00:00,149.176,148.79414,148.79414,149.93972,0.3029,-38.2,-105.26,-105.57,1,stop_loss,31.764,0.25457,-1.76779,-3.73301,new_york,2021
GBPJPY,1,2021-03-25 03:00:00,2021-03-25 13:00:00,148.918,149.57617,148.58892,149.57617,0.348,65.8,208.43,208.11,10,take_profit,30.03549,0.21939,-2.4358,-4.65461,,2021
GBPJPY,1,2021-03-30 00:00:00,2021-03-30 10:00:00,151.065,151.626,150.7208,151.7534,0.3394,56.1,173.27,172.95,10,time_exit,21.41976,0.22947,1.08741,1.40035,,2021
GBPJPY,1,2021-03-31 00:00:00,2021-03-31 06:00:00,151.588,152.20733,151.27834,152.20733,0.3833,61.9,216.02,215.7,6,take_profit,18.16218,0.20644,1.87657,2.33241,,2021
GBPJPY,1,2021-04-02 14:00:00,2021-04-05 00:00:00,152.918,152.936,152.67642,153.40116,0.5012,1.8,8.21,7.89,10,time_exit,26.05895,0.16105,1.56484,6.40662,london,2021
GBPJPY,-1,2021-04-05 10:00:00,2021-04-05 11:00:00,153.025,153.24454,153.24454,152.58592,0.5519,-22.0,-110.26,-110.58,1,stop_loss,18.89207,0.14636,1.208,6.60835,london,2021
GBPJPY,1,2021-04-07 20:00:00,2021-04-08 06:00:00,150.768,150.955,150.30216,151.69967,0.2575,18.7,43.82,43.5,10,time_exit,50.67268,0.31056,-4.02959,-0.12124,new_york,2021
GBPJPY,-1,2021-04-09 18:00:00,2021-04-12 04:00:00,150.469,150.02,150.86018,149.68663,0.3078,44.9,125.76,125.45,10,time_exit,37.09919,0.26079,-0.52736,-3.21676,new_york,2021
GBPJPY,1,2021-04-14 10:00:00,2021-04-14 13:00:00,150.26,149.96691,149.96691,150.84617,0.4156,-29.3,-110.84,-111.16,3,stop_loss,30.37335,0.19539,0.39697,-3.51734,london,2021
GBPJPY,-1,2021-04-14 18:00:00,2021-04-15 04:00:00,150.22,149.964,150.56472,149.53056,0.3498,25.6,81.49,81.17,10,time_exit,23.10003,0.22981,0.24413,-2.83798,new_york,2021
GBPJPY,-1,2021-04-15 07:00:00,2021-04-15 17:00:00,149.968,149.976,150.23408,149.43584,0.4565,-0.8,-3.32,-3.64,10,time_exit,12.41059,0.17739,-0.91018,-3.33894,london,2021
GBPJPY,1,2021-04-16 01:00:00,2021-04-16 09:00:00,149.858,149.61331,149.61331,150.34739,0.4963,-24.5,-110.51,-110.83,8,stop_loss,16.18864,0.16313,-1.02932,-3.52573,,2021
GBPJPY,-1,2021-04-16 22:00:00,2021-04-19 08:00:00,150.514,150.342,150.78022,149.98156,0.4516,17.2,70.68,70.37,10,time_exit,23.05671,0.17748,2.69036,-2.48771,,2021
GBPJPY,1,2021-04-20 06:00:00,2021-04-20 16:00:00,151.428,151.13401,151.13401,152.01598,0.4115,-29.4,-110.09,-110.41,10,stop_loss,32.38953,0.19599,3.9192,0.49586,,2021
GBPJPY,-1,2021-04-21 08:00:00,2021-04-21 10:00:00,150.421,150.70071,150.70071,149.86157,0.4282,-28.0,-108.99,-109.31,2,stop_loss,35.89224,0.18648,-1.99667,0.74898,london,2021
GBPJPY,-1,2021-04-21 17:00:00,2021-04-21 18:00:00,150.276,150.61697,150.61697,149.59407,0.3478,-34.1,-107.92,-108.23,1,stop_loss,26.15589,0.22731,-1.94686,0.32017,new_york,2021
GBPJPY,-1,2021-04-22 00:00:00,2021-04-22 10:00:00,150.498,150.252,150.79558,149.90283,0.3945,24.6,88.31,87.99,10,time_exit,18.54153,0.19839,-0.92958,0.21279,,2021
GBPJPY,-1,2021-04-22 22:00:00,2021-04-23 08:00:00,149.569,149.576,149.90502,148.89695,0.3522,-0.7,-2.24,-2.56,10,time_exit,30.62355,0.22402,-3.41219,-0.93924,,2021
GBPJPY,-1,2021-04-23 08:00:00,2021-04-23 10:00:00,149.587,149.86871,149.86871,149.02358,0.42,-28.2,-107.67,-107.99,2,stop_loss,33.28438,0.18781,-2.51378,-2.04617,london,2021
GBPJPY,-1,2021-04-23 15:00:00,2021-04-26 01:00:00,149.664,149.679,149.97242,149.04716,0.3798,-1.5,-5.18,-5.5,10,time_exit,23.7599,0.20561,-1.5111,-2.04207,london,2021
GBPJPY,1,2021-04-26 20:00:00,2021-04-27 06:00:00,150.154,150.282,149.82816,150.80568,0.3593,12.8,41.85,41.53,10,time_exit,20.26612,0.21723,1.23336,-1.65198,new_york,2021
GBPJPY,1,2021-04-28 14:00:00,2021-04-29 00:00:00,151.047,151.327,150.77289,151.59523,0.4288,28.0,109.26,108.94,10,time_exit,31.072,0.18274,1.75276,1.59786,london,2021
GBPJPY,1,2021-04-29 02:00:00,2021-04-29 10:00:00,151.398,151.93539,151.12931,151.93539,0.4419,53.7,216.1,215.78,8,take_profit,33.78802,0.17913,2.37659,2.41438,,2021
GBPJPY,1,2021-04-30 04:00:00,2021-04-30 05:00:00,151.991,151.7222,151.7222,152.52859,0.4505,-26.9,-110.19,-110.51,1,stop_loss,36.12785,0.1792,2.49086,3.95328,,2021
GBPJPY,-1,2021-04-30 11:00:00,2021-04-30 18:00:00,151.514,150.984,151.779,150.984,0.4524,53.0,218.19,217.87,7,take_profit,26.25444,0.17667,-0.38496,3.87736,london,2021
GBPJPY,-1,2021-04-30 18:00:00,2021-05-03 04:00:00,151.302,151.296,151.61895,150.66811,0.3858,0.6,2.11,1.79,10,time_exit,27.53493,0.2113,-1.06577,2.84729,new_york,2021
GBPJPY,-1,2021-05-03 05:00:00,2021-05-03 10:00:00,151.296,151.59473,151.59473,150.69853,0.4094,-29.9,-111.29,-111.61,5,stop_loss,28.21483,0.19916,-0.34978,2.13437,,2021
GBPJPY,1,2021-05-04 03:00:00,2021-05-04 13:00:00,151.663,151.865,151.43415,152.12071,0.5291,20.2,97.26,96.94,10,time_exit,11.74403,0.15257,0.71185,3.0712,,2021
GBPJPY,-1,2021-05-05 07:00:00,2021-05-05 17:00:00,152.018,151.912,152.28759,151.47881,0.4531,10.6,43.71,43.39,10,time_exit,13.85002,0.17973,1.80823,2.50026,london,2021
GBPJPY,-1,2021-05-05 19:00:00,2021-05-06 05:00:00,152.021,151.924,152.32975,151.4035,0.3971,9.7,35.05,34.73,10,time_exit,11.56831,0.20583,1.01945,2.33437,new_york,2021
GBPJPY,-1,2021-05-11 05:00:00,2021-05-11 15:00:00,153.73,153.642,154.04137,153.10726,0.395,8.8,31.63,31.31,10,time_exit,42.3602,0.20758,3.86607,4.58303,,2021
GBPJPY,-1,2021-05-12 14:00:00,2021-05-12 15:00:00,153.705,153.97246,153.97246,153.17007,0.4612,-26.7,-112.25,-112.57,1,stop_loss,13.49713,0.17831,1.20241,5.77471,london,2021
GBPJPY,-1,2021-05-12 18:00:00,2021-05-13 04:00:00,154.167,154.129,154.49424,153.51252,0.3731,3.8,12.9,12.58,10,time_exit,18.66856,0.21816,2.75177,4.81574,new_york,2021
GBPJPY,1,2021-05-14 19:00:00,2021-05-17 00:00:00,154.158,153.88821,153.88821,154.69757,0.4531,-27.0,-111.24,-111.56,5,stop_loss,18.42848,0.17986,1.60984,4.44588,new_york,2021
GBPJPY,1,2021-05-17 14:00:00,2021-05-17 21:00:00,153.825,154.35043,153.56228,154.35043,0.4606,52.5,220.23,219.91,7,take_profit,18.15796,0.17514,-0.84039,4.15817,london,2021
GBPJPY,-1,2021-05-18 02:00:00,2021-05-18 03:00:00,154.368,154.6032,154.6032,153.8976,0.5248,-23.5,-112.32,-112.64,1,stop_loss,15.43024,0.1568,1.83947,4.60463,,2021
GBPJPY,-1,2021-05-19 01:00:00,2021-05-19 03:00:00,154.454,154.67857,154.67857,154.00485,0.5441,-22.5,-111.19,-111.51,2,stop_loss,18.84147,0.14972,0.30426,5.27189,,2021
GBPJPY,-1,2021-05-20 01:00:00,2021-05-20 11:00:00,154.106,153.696,154.4439,153.43021,0.358,41.0,133.57,133.25,10,time_exit,27.66449,0.22526,-1.09592,2.56446,,2021
GBPJPY,-1,2021-05-21 00:00:00,2021-05-21 10:00:00,154.335,154.145,154.59053,153.82394,0.4791,19.0,82.84,82.52,10,time_exit,21.4089,0.17035,0.97766,2.15406,,2021
GBPJPY,1,2021-05-25 21:00:00,2021-05-26 07:00:00,153.974,154.117,153.74711,154.42778,0.5436,14.3,70.74,70.42,10,time_exit,16.37462,0.15126,-0.74512,0.72468,new_york,2021
GBPJPY,-1,2021-05-27 04:00:00,2021-05-27 10:00:00,153.975,154.20586,154.20586,153.51327,0.5376,-23.1,-112.94,-113.26,6,stop_loss,10.98307,0.15391,-0.53573,0.42723,,2021
GBPJPY,-1,2021-05-27 19:00:00,2021-05-27 20:00:00,155.627,155.99588,155.99588,154.88924,0.3331,-36.9,-111.81,-112.13,1,stop_loss,30.26494,0.24592,5.53689,0.85582,new_york,2021
GBPJPY,1,2021-05-28 01:00:00,2021-05-28 11:00:00,155.96,155.974,155.63633,156.60733,0.3758,1.4,4.79,4.47,10,time_exit,47.11457,0.21578,6.19113,2.12777,,2021
GBPJPY,1,2021-05-28 22:00:00,2021-05-31 08:00:00,155.84,155.7,155.58663,156.34675,0.4803,-14.0,-61.19,-61.51,10,time_exit,29.61947,0.16892,2.95831,5.01617,,2021
GBPJPY,-1,2021-05-31 08:00:00,2021-05-31 18:00:00,155.667,155.597,155.88541,155.23018,0.5541,7.0,35.3,34.98,10,time_exit,22.60257,0.14561,1.29317,5.94313,london,2021
GBPJPY,-1,2021-05-31 23:00:00,2021-06-01 04:00:00,155.624,155.82911,155.82911,155.21377,0.5919,-20.5,-110.48,-110.8,5,stop_loss,28.86559,0.13674,0.89909,5.55924,,2021
GBPJPY,1,2021-06-01 09:00:00,2021-06-01 11:00:00,155.752,155.53966,155.53966,156.17669,0.566,-21.2,-109.37,-109.69,2,stop_loss,16.7683,0.14156,1.13459,5.27548,london,2021
GBPJPY,-1,2021-06-03 20:00:00,2021-06-04 06:00:00,155.474,155.398,155.71493,154.99215,0.4938,7.6,34.15,33.83,10,time_exit,18.9268,0.16062,0.45553,2.16537,new_york,2021
GBPJPY,-1,2021-06-04 07:00:00,2021-06-04 11:00:00,155.398,155.59871,155.59871,154.99657,0.5946,-20.1,-108.6,-108.92,4,stop_loss,15.07926,0.13381,-0.23852,2.47969,london,2021
GBPJPY,1,2021-06-04 11:00:00,2021-06-04 17:00:00,155.522,155.30794,155.30794,155.95011,0.552,-21.4,-107.53,-107.84,6,stop_loss,14.69014,0.1427,0.66924,2.24257,london,2021
GBPJPY,1,2021-06-10 22:00:00,2021-06-11 00:00:00,155.063,154.7963,154.7963,155.5964,0.4386,-26.7,-106.45,-106.76,2,stop_loss,31.55458,0.1778,1.38577,-0.7761,,2021
GBPJPY,1,2021-06-11 09:00:00,2021-06-11 10:00:00,155.068,154.86118,154.86118,155.48165,0.5599,-20.7,-105.38,-105.7,1,stop_loss,20.40261,0.13788,1.21351,-0.47111,london,2021
GBPJPY,-1,2021-06-11 22:00:00,2021-06-14 08:00:00,154.76,154.874,154.98658,154.30684,0.5059,-11.4,-52.48,-52.8,10,time_exit,17.89995,0.15105,-1.00145,-0.32901,,2021
GBPJPY,-1,2021-06-14 09:00:00,2021-06-14 11:00:00,154.874,154.51397,155.05401,154.51397,0.6336,36.0,207.58,207.27,2,take_profit,14.86166,0.12001,-0.16636,-0.46935,london,2021
GBPJPY,1,2021-06-14 18:00:00,2021-06-15 04:00:00,155.251,155.291,154.99279,155.76743,0.4505,4.0,16.4,16.08,10,time_exit,21.2552,0.17214,2.21293,-0.39493,new_york,2021
GBPJPY,1,2021-06-15 11:00:00,2021-06-15 12:00:00,155.336,155.14679,155.14679,155.71442,0.6157,-18.9,-106.01,-106.33,1,stop_loss,17.76607,0.12614,1.95334,0.74615,london,2021
GBPJPY,1,2021-06-15 14:00:00,2021-06-15 15:00:00,155.038,154.82467,154.82467,155.46466,0.5406,-21.3,-104.95,-105.27,1,stop_loss,17.38579,0.14222,-0.33305,0.63043,london,2021
GBPJPY,1,2021-06-17 07:00:00,2021-06-17 10:00:00,154.918,154.67792,154.67792,155.39816,0.4756,-24.0,-103.91,-104.22,3,stop_loss,23.24535,0.16005,-0.44444,-0.02269,london,2021
GBPJPY,1,2021-06-17 11:00:00,2021-06-17 15:00:00,154.539,154.28229,154.28229,155.05241,0.4403,-25.7,-102.86,-103.17,4,stop_loss,23.62287,0.17114,-2.47593,-0.1349,london,2021
GBPJPY,-1,2021-06-17 20:00:00,2021-06-18 02:00:00,153.285,153.67983,153.67983,152.49534,0.2834,-39.5,-101.82,-102.14,6,stop_loss,45.26812,0.26322,-5.27208,-0.8773,new_york,2021
GBPJPY,-1,2021-06-22 05:00:00,2021-06-22 15:00:00,153.438,153.69,153.78992,152.73416,0.3148,-25.2,-72.19,-72.51,10,time_exit,33.70211,0.23461,1.29385,-3.81008,,2021
GBPJPY,-1,2021-06-23 07:00:00,2021-06-23 09:00:00,154.292,154.57592,154.57592,153.72416,0.3874,-28.4,-100.09,-100.41,2,stop_loss,27.39018,0.18928,3.06417,-1.57693,london,2021
GBPJPY,-1,2021-06-23 20:00:00,2021-06-24 06:00:00,154.935,154.927,155.28285,154.23931,0.313,0.8,2.28,1.96,10,time_exit,30.12644,0.2319,3.27474,0.2717,new_york,2021
GBPJPY,-1,2021-06-24 07:00:00,2021-06-24 14:00:00,154.927,154.41807,155.18146,154.41807,0.428,50.9,198.22,197.9,7,take_profit,22.20319,0.16964,2.78305,1.50224,london,2021
GBPJPY,-1,2021-06-29 17:00:00,2021-06-30 03:00:00,152.985,153.161,153.27127,152.41247,0.388,-17.6,-62.14,-62.46,10,time_exit,36.39164,0.19084,-3.1241,-2.11795,new_york,2021
GBPJPY,1,2021-07-02 12:00:00,2021-07-02 14:00:00,153.327,153.0905,153.0905,153.79999,0.4668,-23.6,-100.46,-100.78,2,stop_loss,12.45436,0.15766,-1.20015,-1.2185,london,2021
GBPJPY,1,2021-07-05 02:00:00,2021-07-05 12:00:00,153.73,153.559,153.47273,154.24453,0.4248,-17.1,-66.1,-66.42,10,time_exit,16.18717,0.17151,1.35337,-1.03761,,2021
GBPJPY,-1,2021-07-05 22:00:00,2021-07-06 05:00:00,153.591,153.78392,153.78392,153.20516,0.5627,-19.3,-98.79,-99.1,7,stop_loss,8.11599,0.12861,0.22392,-0.82401,,2021
GBPJPY,-1,2021-07-06 12:00:00,2021-07-06 17:00:00,153.513,153.03655,153.75122,153.03655,0.4511,47.6,195.58,195.26,5,take_profit,11.1719,0.15882,-0.79935,-0.2176,london,2021
GBPJPY,-1,2021-07-07 13:00:00,2021-07-07 23:00:00,152.941,152.637,153.30435,152.21429,0.3017,30.4,83.46,83.14,10,time_exit,32.06659,0.24224,-0.51123,-1.68129,london,2021
GBPJPY,1,2021-07-08 06:00:00,2021-07-08 08:00:00,152.39,152.08066,152.08066,153.00867,0.3573,-30.9,-100.58,-100.9,2,stop_loss,26.51411,0.20622,-2.23615,-2.38854,,2021
GBPJPY,-1,2021-07-12 10:00:00,2021-07-12 13:00:00,153.039,152.43128,153.34286,152.43128,0.3601,60.8,199.14,198.83,3,take_profit,39.70626,0.20257,3.00034,-1.99045,london,2021
GBPJPY,-1,2021-07-13 12:00:00,2021-07-13 15:00:00,152.953,152.43096,153.21402,152.43096,0.4275,52.2,203.09,202.77,3,take_profit,22.70452,0.17401,0.43439,-0.08418,london,2021
GBPJPY,1,2021-07-14 04:00:00,2021-07-14 13:00:00,152.733,153.22028,152.48936,153.22028,0.4672,48.7,207.17,206.85,9,take_profit,26.75181,0.16243,-0.5491,-0.30857,,2021
GBPJPY,1,2021-07-15 17:00:00,2021-07-15 20:00:00,152.23,151.80868,151.80868,153.07264,0.2756,-42.1,-105.67,-105.98,3,stop_loss,28.00093,0.28088,-0.84066,-0.96945,new_york,2021
GBPJPY,1,2021-07-19 15:00:00,2021-07-19 16:00:00,150.409,149.96815,149.96815,151.2907,0.2607,-44.1,-104.59,-104.9,1,stop_loss,35.9534,0.2939,-4.00862,-2.50021,london,2021
GBPJPY,1,2021-07-19 18:00:00,2021-07-20 04:00:00,149.506,149.793,149.00644,150.50512,0.2278,28.7,59.49,59.18,10,time_exit,43.53514,0.33304,-5.62905,-2.59948,new_york,2021
GBPJPY,-1,2021-07-20 11:00:00,2021-07-20 16:00:00,149.503,148.6776,149.9157,148.6776,0.2773,82.5,208.28,207.97,5,take_profit,47.37343,0.27513,-3.68813,-4.80061,london,2021
GBPJPY,-1,2021-07-22 21:00:00,2021-07-23 07:00:00,151.757,151.699,152.16395,150.9431,0.2868,5.8,15.14,14.82,10,time_exit,27.80361,0.2713,3.08716,-1.37952,new_york,2021
GBPJPY,-1,2021-07-28 15:00:00,2021-07-29 01:00:00,152.781,152.851,153.0972,152.1486,0.3696,-7.0,-23.54,-23.86,10,time_exit,18.89988,0.2108,2.38934,2.21304,london,2021
GBPJPY,-1,2021-07-29 21:00:00,2021-07-30 07:00:00,152.955,152.767,153.24727,152.37046,0.399,18.8,68.26,67.94,10,time_exit,19.73799,0.19485,0.89311,3.45205,new_york,2021
GBPJPY,1,2021-07-30 13:00:00,2021-07-30 17:00:00,153.091,152.82463,152.82463,153.62374,0.4406,-26.6,-106.8,-107.12,4,stop_loss,16.7451,0.17758,1.55545,3.37189,london,2021
GBPJPY,1,2021-08-03 16:00:00,2021-08-03 17:00:00,151.798,151.50348,151.50348,152.38705,0.3945,-29.5,-105.73,-106.05,1,stop_loss,22.84539,0.19635,-1.73805,-0.29811,new_york,2021
GBPJPY,1,2021-08-03 20:00:00,2021-08-04 06:00:00,151.785,151.854,151.4323,152.49039,0.3261,6.9,20.48,20.16,10,time_exit,24.23891,0.23513,-1.13048,-0.52061,new_york,2021
GBPJPY,1,2021-08-04 10:00:00,2021-08-04 15:00:00,152.067,151.80994,151.80994,152.58111,0.4483,-25.7,-104.87,-105.19,5,stop_loss,16.77878,0.17137,0.71325,-1.04471,london,2021
GBPJPY,1,2021-08-04 15:00:00,2021-08-04 16:00:00,151.869,151.59342,151.59342,152.42015,0.414,-27.6,-103.82,-104.14,1,stop_loss,15.38239,0.18372,-0.50891,-0.86145,london,2021
GBPJPY,1,2021-08-05 17:00:00,2021-08-06 03:00:00,152.603,152.913,152.27312,153.26276,0.3424,31.0,96.59,96.27,10,time_exit,16.52071,0.21992,1.90567,0.13517,new_york,2021
GBPJPY,1,2021-08-06 17:00:00,2021-08-06 18:00:00,153.151,152.89544,152.89544,153.66211,0.4461,-25.6,-103.74,-104.06,1,stop_loss,19.92002,0.17037,3.11924,1.81224,new_york,2021
GBPJPY,1,2021-08-09 21:00:00,2021-08-10 07:00:00,152.734,152.737,152.48432,153.23336,0.452,0.3,1.23,0.92,10,time_exit,13.56176,0.16645,-0.14946,1.91619,new_york,2021
GBPJPY,-1,2021-08-10 12:00:00,2021-08-10 22:00:00,153.185,152.978,153.41785,152.7193,0.4847,20.7,91.3,90.98,10,time_exit,13.42978,0.15523,2.55014,1.91731,london,2021
GBPJPY,-1,2021-08-12 07:00:00,2021-08-12 17:00:00,153.104,152.76757,153.27222,152.76757,0.6769,33.6,207.24,206.92,10,take_profit,15.9696,0.11214,0.63074,3.01066,london,2021
GBPJPY,1,2021-08-12 20:00:00,2021-08-12 21:00:00,152.536,152.33448,152.33448,152.93903,0.5763,-20.2,-105.68,-106.0,1,stop_loss,22.35574,0.13434,-3.32021,1.92207,new_york,2021
GBPJPY,-1,2021-08-13 14:00:00,2021-08-13 15:00:00,152.173,152.36541,152.36541,151.78818,0.5975,-19.2,-104.62,-104.94,1,stop_loss,50.53175,0.12827,-3.97169,0.07841,london,2021
GBPJPY,1,2021-08-13 16:00:00,2021-08-13 17:00:00,152.4,152.1953,152.1953,152.8094,0.556,-20.5,-103.57,-103.89,1,stop_loss,49.4665,0.13647,-1.89053,-0.06081,new_york,2021
GBPJPY,1,2021-08-13 20:00:00,2021-08-16 00:00:00,152.078,151.86092,151.86092,152.51215,0.5191,-21.7,-102.54,-102.86,4,stop_loss,49.10756,0.14472,-3.51678,-0.4169,new_york,2021
GBPJPY,-1,2021-08-16 03:00:00,2021-08-16 06:00:00,151.977,151.51724,152.20688,151.51724,0.4853,46.0,203.04,202.72,3,take_profit,48.94711,0.15325,-3.05751,-1.03461,,2021
GBPJPY,1,2021-08-16 15:00:00,2021-08-16 16:00:00,151.665,151.39026,151.39026,152.21447,0.4141,-27.5,-103.53,-103.85,1,stop_loss,51.51236,0.18316,-2.44788,-2.04623,london,2021
GBPJPY,-1,2021-08-17 14:00:00,2021-08-18 00:00:00,150.734,150.526,151.02972,150.14257,0.3809,20.8,72.1,71.78,10,time_exit,49.50882,0.19714,-3.81863,-3.63375,london,2021
GBPJPY,1,2021-08-23 09:00:00,2021-08-23 14:00:00,150.119,150.68011,149.83845,150.68011,0.4043,56.1,206.44,206.12,5,take_profit,23.57406,0.18704,1.25606,-5.74571,london,2021
GBPJPY,-1,2021-08-24 06:00:00,2021-08-24 08:00:00,150.558,150.79983,150.79983,150.07434,0.4784,-24.2,-105.28,-105.6,2,stop_loss,18.65132,0.16122,1.97169,-3.92994,,2021
GBPJPY,-1,2021-08-24 14:00:00,2021-08-25 00:00:00,150.524,150.517,150.83092,149.91017,0.3732,0.7,2.38,2.06,10,time_exit,16.69338,0.20461,0.85971,-2.49177,london,2021
GBPJPY,1,2021-08-26 03:00:00,2021-08-26 13:00:00,151.373,151.248,151.12756,151.86388,0.4667,-12.5,-53.09,-53.41,10,time_exit,31.73337,0.16363,3.66351,-0.39906,,2021
GBPJPY,1,2021-08-27 13:00:00,2021-08-27 17:00:00,150.932,151.46418,150.66591,151.46418,0.4283,53.2,207.42,207.1,4,take_profit,26.48685,0.17739,0.36311,-0.03176,london,2021
GBPJPY,-1,2021-08-31 17:00:00,2021-09-01 03:00:00,151.193,151.4524,151.4524,150.67419,0.4481,-25.9,-105.78,-106.1,10,stop_loss,14.35099,0.17294,-0.07053,1.1063,new_york,2021
GBPJPY,-1,2021-09-02 18:00:00,2021-09-03 04:00:00,152.15,152.103,152.39007,151.66985,0.4793,4.7,20.5,20.18,10,time_exit,22.24371,0.16005,3.73237,2.0641,new_york,2021
GBPJPY,1,2021-09-03 08:00:00,2021-09-03 13:00:00,152.193,151.99064,151.99064,152.59771,0.5698,-20.2,-104.93,-105.24,5,stop_loss,35.51973,0.1349,2.84337,3.42993,london,2021
GBPJPY,1,2021-09-03 16:00:00,2021-09-03 17:00:00,152.15,151.90079,151.90079,152.64843,0.458,-24.9,-103.87,-104.19,1,stop_loss,29.49392,0.16614,1.56234,2.91612,new_york,2021
GBPJPY,1,2021-09-07 10:00:00,2021-09-07 13:00:00,152.029,151.83896,151.83896,152.40908,0.5946,-19.0,-102.83,-103.15,3,stop_loss,14.65269,0.12669,0.30817,2.93367,london,2021
GBPJPY,-1,2021-09-07 13:00:00,2021-09-07 23:00:00,151.886,152.005,152.09231,151.47337,0.5422,-11.9,-58.71,-59.03,10,time_exit,13.43149,0.13754,-0.71212,2.58447,london,2021
GBPJPY,-1,2021-09-08 11:00:00,2021-09-08 19:00:00,151.75,151.94124,151.94124,151.36752,0.5815,-19.1,-101.2,-101.52,8,stop_loss,12.03416,0.12749,-1.63942,2.12146,london,2021
GBPJPY,1,2021-09-08 19:00:00,2021-09-09 05:00:00,151.834,151.661,151.55781,152.38638,0.3986,-17.3,-62.75,-63.07,10,time_exit,24.94599,0.18413,-0.34293,1.11131,new_york,2021
GBPJPY,1,2021-09-10 11:00:00,2021-09-10 17:00:00,152.532,152.29165,152.29165,153.01269,0.4552,-24.0,-99.56,-99.88,6,stop_loss,20.48471,0.16023,3.69897,1.1184,london,2021
GBPJPY,-1,2021-09-10 18:00:00,2021-09-13 04:00:00,152.179,152.04,152.43619,151.66463,0.4211,13.9,53.26,52.95,10,time_exit,23.54637,0.17146,0.67281,1.5009,new_york,2021
GBPJPY,1,2021-09-13 17:00:00,2021-09-14 03:00:00,152.187,152.286,151.95119,152.65862,0.4618,9.9,41.6,41.29,10,time_exit,14.96392,0.15721,0.51312,1.47892,new_york,2021
GBPJPY,1,2021-09-14 13:00:00,2021-09-14 17:00:00,152.565,152.34216,152.34216,153.01067,0.4907,-22.3,-99.5,-99.82,4,stop_loss,13.58376,0.14856,2.18527,1.91751,london,2021
GBPJPY,1,2021-09-17 03:00:00,2021-09-17 11:00:00,151.353,151.85562,151.10169,151.85562,0.4307,50.3,197.0,196.68,8,take_profit,11.81104,0.16754,-0.17931,-1.81016,,2021
GBPJPY,1,2021-09-17 15:00:00,2021-09-17 16:00:00,151.757,151.4968,151.4968,152.2774,0.4243,-26.0,-100.47,-100.79,1,stop_loss,15.32343,0.17347,1.65228,-1.18604,london,2021
GBPJPY,-1,2021-09-17 20:00:00,2021-09-20 06:00:00,151.186,150.709,151.49831,150.56138,0.35,47.7,151.92,151.61,10,time_exit,17.04672,0.20821,-1.27921,-1.00544,new_york,2021
GBPJPY,1,2021-09-20 16:00:00,2021-09-20 19:00:00,149.687,149.32011,149.32011,150.42078,0.3024,-36.7,-100.96,-101.28,3,stop_loss,43.20451,0.24459,-4.92668,-2.30208,new_york,2021
GBPJPY,-1,2021-09-21 14:00:00,2021-09-21 16:00:00,149.869,149.14952,150.22874,149.14952,0.3054,71.9,199.95,199.64,2,take_profit,25.58221,0.23983,-1.32382,-3.80555,london,2021
GBPJPY,-1,2021-09-22 12:00:00,2021-09-22 18:00:00,149.35,149.69939,149.69939,148.65121,0.3207,-34.9,-101.97,-102.28,6,stop_loss,23.23889,0.23293,-1.44701,-4.55809,london,2021
GBPJPY,1,2021-09-24 17:00:00,2021-09-27 00:00:00,151.501,151.16489,151.16489,152.17323,0.33,-33.6,-100.93,-101.25,7,stop_loss,41.04905,0.22408,3.05534,0.46676,new_york,2021
GBPJPY,1,2021-09-27 06:00:00,2021-09-27 11:00:00,151.192,151.75319,150.9114,151.75319,0.3913,56.1,199.83,199.51,5,take_profit,22.41469,0.18706,0.82273,1.31305,,2021
GBPJPY,1,2021-09-27 14:00:00,2021-09-28 00:00:00,151.93,152.066,151.60642,152.57715,0.3461,13.6,42.83,42.51,10,time_exit,25.24329,0.21572,3.42546,1.56867,london,2021
GBPJPY,-1,2021-09-29 21:00:00,2021-09-30 07:00:00,150.362,150.528,150.74579,149.59443,0.2931,-16.6,-44.28,-44.59,10,time_exit,41.62038,0.25586,-2.35832,-0.19812,new_york,2021
GBPJPY,-1,2021-09-30 11:00:00,2021-09-30 15:00:00,150.388,150.73289,150.73289,149.69822,0.3247,-34.5,-101.91,-102.23,4,stop_loss,28.06562,0.22993,-1.46021,-0.91563,london,2021
GBPJPY,-1,2021-09-30 19:00:00,2021-10-01 05:00:00,150.189,149.684,150.60926,149.34847,0.2638,50.5,121.23,120.91,10,time_exit,21.78839,0.28018,-1.71161,-0.83637,new_york,2021
GBPJPY,-1,2021-10-04 06:00:00,2021-10-04 11:00:00,150.381,150.79115,150.79115,149.5607,0.2735,-41.0,-102.08,-102.4,5,stop_loss,16.61749,0.27343,0.17908,-1.28009,,2021
GBPJPY,-1,2021-10-05 15:00:00,2021-10-05 17:00:00,151.471,151.82962,151.82962,150.75375,0.3097,-35.9,-101.07,-101.39,2,stop_loss,22.58827,0.23908,2.47754,0.43896,london,2021
GBPJPY,-1,2021-10-08 19:00:00,2021-10-11 04:00:00,152.861,153.18454,153.18454,152.21392,0.3398,-32.4,-100.04,-100.36,9,stop_loss,30.96021,0.21569,4.24245,2.85526,new_york,2021
GBPJPY,1,2021-10-11 05:00:00,2021-10-11 09:00:00,153.31,153.92496,153.00252,153.92496,0.354,61.5,198.1,197.78,4,take_profit,31.29724,0.20499,5.09052,3.8333,,2021
GBPJPY,-1,2021-10-11 17:00:00,2021-10-12 03:00:00,154.32,154.119,154.7118,153.5364,0.2833,20.1,51.82,51.5,10,time_exit,48.23796,0.2612,5.40448,4.39624,new_york,2021
GBPJPY,1,2021-10-12 11:00:00,2021-10-12 15:00:00,153.906,154.56901,153.57449,154.56901,0.3366,66.3,203.08,202.77,4,take_profit,27.9336,0.221,1.76915,6.20656,london,2021
GBPJPY,1,2021-10-12 19:00:00,2021-10-13 02:00:00,154.653,154.21045,154.21045,155.5381,0.2572,-44.3,-103.58,-103.9,7,stop_loss,23.9155,0.29503,3.01226,4.89483,new_york,2021
GBPJPY,-1,2021-10-13 02:00:00,2021-10-13 10:00:00,154.328,154.68589,154.68589,153.61223,0.3148,-35.8,-102.52,-102.84,8,stop_loss,17.77118,0.23859,1.70372,6.10136,,2021
GBPJPY,-1,2021-10-13 14:00:00,2021-10-14 00:00:00,154.679,154.68,155.01811,154.00079,0.3289,-0.1,-0.3,-0.62,10,time_exit,13.63154,0.22607,2.34951,6.4468,london,2021
GBPJPY,1,2021-10-15 19:00:00,2021-10-18 04:00:00,157.236,156.8823,156.8823,157.94341,0.3153,-35.4,-101.49,-101.8,9,stop_loss,55.87462,0.2358,6.05849,7.97706,new_york,2021
GBPJPY,-1,2021-10-18 18:00:00,2021-10-19 03:00:00,156.738,157.1011,157.1011,156.0118,0.3041,-36.3,-100.48,-100.8,9,stop_loss,21.64372,0.24207,0.86967,8.11263,new_york,2021
GBPJPY,-1,2021-10-21 13:00:00,2021-10-21 23:00:00,157.387,157.244,157.78422,156.59255,0.2752,14.3,35.81,35.49,10,time_exit,24.16014,0.26482,-0.95834,5.95269,london,2021
GBPJPY,1,2021-10-22 04:00:00,2021-10-22 10:00:00,157.356,156.9698,156.9698,158.1284,0.284,-38.6,-99.81,-100.13,6,stop_loss,25.55717,0.25747,-0.31951,4.72698,,2021
GBPJPY,1,2021-10-26 12:00:00,2021-10-26 17:00:00,157.138,157.72696,156.84352,157.72696,0.3688,58.9,197.66,197.34,5,take_profit,20.64399,0.19632,2.03121,1.70465,london,2021
GBPJPY,-1,2021-10-27 13:00:00,2021-10-27 20:00:00,156.075,156.45797,156.45797,155.30906,0.2892,-38.3,-100.79,-101.11,7,stop_loss,26.70334,0.25531,-3.19227,1.34924,london,2021
GBPJPY,-1,2021-10-28 00:00:00,2021-10-28 10:00:00,156.37,156.306,156.76823,155.57353,0.2753,6.4,16.03,15.71,10,time_exit,22.95513,0.26549,-1.13571,0.55342,,2021
GBPJPY,-1,2021-11-01 17:00:00,2021-11-02 03:00:00,156.129,155.747,156.51708,155.35285,0.283,38.2,98.38,98.06,10,time_exit,13.05975,0.25872,-0.72399,-0.45401,new_york,2021
GBPJPY,-1,2021-11-02 03:00:00,2021-11-02 09:00:00,155.783,155.12161,156.11369,155.12161,0.3354,66.1,201.86,201.55,6,take_profit,15.50404,0.22046,-1.73977,-0.97034,,2021
GBPJPY,1,2021-11-03 05:00:00,2021-11-03 15:00:00,155.206,155.518,154.90103,155.81593,0.3709,31.2,105.31,104.99,10,time_exit,21.50524,0.20331,-1.5117,-2.90785,,2021
GBPJPY,1,2021-11-03 21:00:00,2021-11-04 02:00:00,155.639,156.22765,155.34467,156.22765,0.3882,58.9,207.95,207.63,5,take_profit,24.23109,0.19622,0.84561,-2.72594,new_york,2021
GBPJPY,-1,2021-11-05 07:00:00,2021-11-05 17:00:00,153.486,152.882,153.89889,152.66023,0.2823,60.4,155.16,154.84,10,time_exit,44.50578,0.27526,-4.23711,-3.49987,london,2021
GBPJPY,-1,2021-11-05 17:00:00,2021-11-08 03:00:00,152.934,153.045,153.37432,152.05337,0.2686,-11.1,-27.13,-27.45,10,time_exit,40.26865,0.29354,-4.18546,-4.16297,new_york,2021
GBPJPY,-1,2021-11-10 00:00:00,2021-11-10 09:00:00,152.984,153.31235,153.31235,152.32729,0.3592,-32.8,-107.33,-107.65,9,stop_loss,21.24776,0.2189,-1.19381,-5.33738,,2021
GBPJPY,1,2021-11-10 16:00:00,2021-11-10 20:00:00,153.226,152.87019,152.87019,153.93762,0.3282,-35.6,-106.27,-106.59,4,stop_loss,17.50461,0.23721,0.129,-4.46859,new_york,2021
GBPJPY,-1,2021-11-11 15:00:00,2021-11-12 01:00:00,152.766,152.418,153.11281,152.07238,0.3333,34.8,105.55,105.23,10,time_exit,15.19873,0.23121,-0.97823,-4.2441,london,2021
GBPJPY,-1,2021-11-12 13:00:00,2021-11-12 23:00:00,152.774,152.814,153.04654,152.22892,0.4284,-4.0,-15.59,-15.91,10,time_exit,14.90177,0.18169,-0.06057,-5.08161,london,2021
GBPJPY,-1,2021-11-15 03:00:00,2021-11-15 13:00:00,152.993,152.983,153.25085,152.47729,0.4521,1.0,4.11,3.8,10,time_exit,15.77104,0.1719,1.18102,-4.62843,,2021
GBPJPY,1,2021-11-15 19:00:00,2021-11-16 05:00:00,153.212,153.377,152.93579,153.76441,0.4222,16.5,63.39,63.07,10,time_exit,22.0188,0.18414,1.84338,-3.36996,new_york,2021
GBPJPY,-1,2021-11-17 13:00:00,2021-11-17 16:00:00,154.284,154.62457,154.62457,153.60286,0.3445,-34.1,-106.77,-107.08,3,stop_loss,33.91262,0.22705,2.32142,0.67339,london,2021
GBPJPY,-1,2021-11-19 10:00:00,2021-11-19 11:00:00,154.286,153.84269,154.50765,153.84269,0.524,44.3,211.39,211.07,1,take_profit,8.69965,0.14777,1.41472,1.94751,london,2021
GBPJPY,-1,2021-11-23 08:00:00,2021-11-23 09:00:00,154.11,153.57126,154.37937,153.57126,0.4398,53.9,215.62,215.3,1,take_profit,34.12125,0.17958,2.15402,0.14393,london,2021
GBPJPY,1,2021-11-24 05:00:00,2021-11-24 10:00:00,153.899,153.58706,153.58706,154.52288,0.3873,-31.2,-109.94,-110.26,5,stop_loss,15.24362,0.20796,0.48759,0.35225,,2021
GBPJPY,1,2021-11-24 14:00:00,2021-11-25 00:00:00,153.763,153.809,153.40521,154.47859,0.3343,4.6,13.99,13.68,10,time_exit,17.52714,0.23853,-0.03343,0.21456,london,2021
GBPJPY,1,2021-11-25 21:00:00,2021-11-26 01:00:00,153.702,153.47703,153.47703,154.15193,0.5324,-22.5,-108.99,-109.31,4,stop_loss,18.49617,0.14998,-0.48375,0.22593,new_york,2021
GBPJPY,-1,2021-11-26 12:00:00,2021-11-26 15:00:00,151.736,152.26176,152.26176,150.68449,0.2255,-52.6,-107.89,-108.21,3,stop_loss,47.1972,0.3505,-4.44588,-0.8969,london,2021
GBPJPY,1,2021-11-29 19:00:00,2021-11-30 05:00:00,151.182,151.404,150.6068,152.3324,0.2041,22.2,41.23,40.91,10,time_exit,30.90589,0.38347,-1.88472,-2.87177,new_york,2021
GBPJPY,-1,2021-11-30 14:00:00,2021-11-30 18:00:00,150.851,149.89048,151.33126,149.89048,0.2453,96.1,214.41,214.09,4,take_profit,28.93103,0.32017,-1.92164,-3.78717,london,2021
GBPJPY,-1,2021-11-30 22:00:00,2021-12-01 01:00:00,150.25,150.78891,150.78891,149.17218,0.223,-53.9,-109.36,-109.68,3,stop_loss,29.90257,0.35927,-2.47094,-3.77981,,2021
GBPJPY,1,2021-12-06 04:00:00,2021-12-06 14:00:00,149.623,150.115,149.17281,150.52339,0.2643,49.2,118.33,118.01,10,time_exit,21.94828,0.30013,-1.61361,-4.08074,,2021
GBPJPY,-1,2021-12-07 16:00:00,2021-12-08 02:00:00,150.47,150.376,150.83055,149.7489,0.3336,9.4,28.54,28.22,10,time_exit,22.68774,0.24037,0.34782,-2.72972,new_york,2021
GBPJPY,1,2021-12-08 02:00:00,2021-12-08 09:00:00,150.364,150.02106,150.02106,151.04987,0.3516,-34.3,-109.72,-110.04,7,stop_loss,22.53006,0.22862,-0.06661,-2.61341,,2021
GBPJPY,1,2021-12-08 10:00:00,2021-12-08 12:00:00,150.175,149.85767,149.85767,150.80966,0.3762,-31.7,-108.64,-108.95,2,stop_loss,23.28517,0.21155,-0.95974,-2.61208,london,2021
GBPJPY,-1,2021-12-08 12:00:00,2021-12-08 13:00:00,150.313,149.6562,150.6414,149.6562,0.3598,65.7,215.05,214.73,1,take_profit,24.55619,0.21893,-0.30366,-2.47606,london,2021
GBPJPY,1,2021-12-09 01:00:00,2021-12-09 10:00:00,150.17,149.73285,149.73285,151.04431,0.2757,-43.7,-109.68,-109.99,9,stop_loss,36.20438,0.29144,-0.6469,-1.6917,,2021
GBPJPY,1,2021-12-13 19:00:00,2021-12-14 05:00:00,150.093,149.76522,149.76522,150.74855,0.364,-32.8,-108.57,-108.89,10,stop_loss,11.39659,0.21852,-0.92125,-1.08041,new_york,2021
GBPJPY,1,2021-12-14 23:00:00,2021-12-15 09:00:00,150.383,150.697,150.11462,150.91976,0.4401,31.4,125.75,125.44,10,time_exit,11.43385,0.17892,0.75115,-1.09437,,2021
GBPJPY,1,2021-12-15 14:00:00,2021-12-15 16:00:00,150.916,150.65238,150.65238,151.44324,0.4533,-26.4,-108.74,-109.06,2,stop_loss,15.59618,0.17575,2.74045,-0.21955,london,2021
GBPJPY,-1,2021-12-16 09:00:00,2021-12-16 10:00:00,151.287,151.58705,151.58705,150.68689,0.3943,-30.0,-107.66,-107.98,1,stop_loss,19.69905,0.20004,2.6352,0.96204,london,2021
GBPJPY,-1,2021-12-16 15:00:00,2021-12-16 16:00:00,152.426,151.58863,152.84469,151.58863,0.2797,83.7,213.13,212.82,1,take_profit,26.14848,0.27912,5.21182,1.21029,london,2021
GBPJPY,1,2021-12-20 11:00:00,2021-12-20 21:00:00,149.759,150.119,149.41234,150.45232,0.3446,36.0,112.89,112.57,10,time_exit,40.19938,0.23111,-3.9815,-0.09066,london,2021
GBPJPY,-1,2021-12-20 21:00:00,2021-12-21 07:00:00,150.126,150.318,150.51565,149.3467,0.3097,-19.2,-54.11,-54.43,10,time_exit,31.53253,0.25977,-1.30286,-0.66467,new_york,2021
GBPJPY,-1,2021-12-21 10:00:00,2021-12-21 11:00:00,150.271,150.57164,150.57164,149.66971,0.3995,-30.1,-109.3,-109.62,1,stop_loss,21.81287,0.20043,-0.3851,-1.16067,london,2021
GBPJPY,1,2021-12-21 18:00:00,2021-12-22 04:00:00,150.959,151.27,150.6289,151.6192,0.3602,31.1,101.94,101.62,10,time_exit,20.48602,0.22007,2.36303,-0.66222,new_york,2021
GBPJPY,1,2021-12-24 02:00:00,2021-12-24 12:00:00,153.4,153.399,153.11469,153.97062,0.4206,-0.1,-0.38,-0.7,10,time_exit,46.53704,0.19021,4.43232,6.11281,,2021
GBPJPY,-1,2021-12-27 13:00:00,2021-12-27 15:00:00,153.741,154.0046,154.0046,153.2138,0.4552,-26.4,-109.19,-109.51,2,stop_loss,24.21162,0.17573,3.40263,6.97162,london,2021
GBPJPY,-1,2021-12-29 02:00:00,2021-12-29 12:00:00,154.189,154.40273,154.40273,153.76154,0.5558,-21.4,-108.1,-108.42,10,stop_loss,22.60581,0.14249,1.26163,9.59828,,2021
GBPJPY,-1,2021-12-29 18:00:00,2021-12-30 03:00:00,155.008,155.30507,155.30507,154.41386,0.3959,-29.7,-107.02,-107.34,9,stop_loss,19.80463,0.19805,4.04209,6.58057,new_york,2021
GBPJPY,-1,2021-12-30 13:00:00,2021-12-30 14:00:00,155.22,155.45461,155.45461,154.75077,0.4962,-23.5,-105.94,-106.26,1,stop_loss,31.18432,0.15641,3.38285,8.99005,london,2021
GBPJPY,1,2021-12-30 23:00:00,2021-12-31 09:00:00,155.306,155.521,155.03142,155.85516,0.4198,21.5,82.13,81.82,10,time_exit,31.51589,0.18305,2.10497,7.83545,,2021
GBPJPY,1,2021-12-31 11:00:00,2021-12-31 12:00:00,155.587,155.38126,155.38126,155.99848,0.5646,-20.6,-105.71,-106.03,1,stop_loss,31.34754,0.13716,3.54813,10.20709,london,2021
GBPJPY,-1,2021-12-31 12:00:00,2021-12-31 14:00:00,155.514,155.08305,155.72947,155.08305,0.5337,43.1,209.3,208.98,2,take_profit,31.38755,0.14365,2.77344,9.73355,london,2021
GBPJPY,1,2021-12-31 19:00:00,2022-01-03 09:00:00,155.875,155.708,155.54244,156.54012,0.3527,-16.7,-53.6,-53.92,10,time_exit,27.58944,0.22171,2.96895,6.2115,new_york,2021
GBPJPY,1,2022-01-03 09:00:00,2022-01-03 12:00:00,155.764,155.48695,155.48695,156.31811,0.4212,-27.7,-106.19,-106.51,3,stop_loss,28.08747,0.1847,2.09426,7.3593,london,2022
GBPJPY,-1,2022-01-03 17:00:00,2022-01-03 21:00:00,155.202,155.50782,155.50782,154.59036,0.3778,-30.6,-105.14,-105.46,4,stop_loss,23.20012,0.20388,-1.0098,6.26473,new_york,2022
GBPJPY,1,2022-01-04 01:00:00,2022-01-04 05:00:00,155.347,155.94293,155.04904,155.94293,0.3838,59.6,208.13,207.81,4,take_profit,20.73704,0.19864,-0.24406,5.88233,,2022
GBPJPY,-1,2022-01-04 23:00:00,2022-01-05 09:00:00,157.063,157.061,157.41309,156.36283,0.3332,0.2,0.61,0.29,10,time_exit,43.54547,0.23339,4.07239,6.14881,,2022
GBPJPY,1,2022-01-05 23:00:00,2022-01-06 04:00:00,157.344,156.97451,156.97451,158.08299,0.3157,-36.9,-106.15,-106.47,5,stop_loss,28.02179,0.24633,2.53865,6.21265,,2022
GBPJPY,-1,2022-01-06 12:00:00,2022-01-06 13:00:00,156.395,156.76858,156.76858,155.64784,0.3091,-37.4,-105.08,-105.4,1,stop_loss,25.08348,0.24905,-1.49552,5.52366,london,2022
GBPJPY,1,2022-01-06 19:00:00,2022-01-07 05:00:00,156.749,156.979,156.3288,157.5894,0.2721,23.0,56.95,56.63,10,time_exit,18.14218,0.28013,-0.02187,4.54125,new_york,2022
GBPJPY,1,2022-01-10 00:00:00,2022-01-10 10:00:00,156.944,157.173,156.67558,157.48085,0.4282,22.9,89.23,88.91,10,time_exit,10.98053,0.17895,0.89985,5.82249,,2022
GBPJPY,-1,2022-01-10 19:00:00,2022-01-11 01:00:00,156.202,156.52676,156.52676,155.55248,0.357,-32.5,-105.5,-105.82,6,stop_loss,29.97964,0.21651,-3.05247,3.8472,new_york,2022
GBPJPY,-1,2022-01-12 01:00:00,2022-01-12 11:00:00,157.193,157.202,157.47067,156.63766,0.4133,-0.9,-3.38,-3.7,10,time_exit,17.60304,0.18511,1.66809,3.49121,,2022
GBPJPY,-1,2022-01-12 13:00:00,2022-01-12 15:00:00,157.332,157.57951,157.57951,156.83698,0.4635,-24.8,-104.4,-104.71,2,stop_loss,16.81308,0.16501,1.81439,4.12388,london,2022
GBPJPY,1,2022-01-13 20:00:00,2022-01-14 05:00:00,156.405,156.03024,156.03024,157.15452,0.303,-37.5,-103.33,-103.65,9,stop_loss,20.37645,0.24984,-2.56699,1.98875,new_york,2022
GBPJPY,-1,2022-01-14 20:00:00,2022-01-14 23:00:00,155.845,156.23346,156.23346,155.06808,0.2894,-38.8,-102.3,-102.62,3,stop_loss,42.35717,0.25897,-2.39086,0.00227,new_york,2022
GBPJPY,1,2022-01-17 05:00:00,2022-01-17 15:00:00,156.453,156.361,156.11838,157.12223,0.3326,-9.2,-27.85,-28.16,10,time_exit,27.37752,0.22308,0.2271,-0.1919,,2022
GBPJPY,1,2022-01-18 01:00:00,2022-01-18 05:00:00,156.348,156.79474,156.12463,156.79474,0.4969,44.7,202.01,201.69,4,take_profit,12.32515,0.14891,-0.6091,-0.16981,,2022
GBPJPY,1,2022-01-20 02:00:00,2022-01-20 12:00:00,155.612,155.583,155.34502,156.14595,0.424,-2.9,-11.19,-11.51,10,time_exit,18.00386,0.17798,-1.72448,-1.80637,,2022
GBPJPY,1,2022-01-21 00:00:00,2022-01-21 01:00:00,155.147,154.86065,154.86065,155.71969,0.3949,-28.6,-102.9,-103.22,1,stop_loss,17.97922,0.1909,-2.99353,-2.03876,,2022
GBPJPY,1,2022-01-24 11:00:00,2022-01-24 12:00:00,153.755,153.43083,153.43083,154.40333,0.3453,-32.4,-101.86,-102.18,1,stop_loss,36.63891,0.21611,-4.13624,-4.40064,london,2022
GBPJPY,-1,2022-01-24 23:00:00,2022-01-25 09:00:00,153.721,153.55,154.14184,152.87933,0.2633,17.1,40.97,40.65,10,time_exit,46.52418,0.28056,-1.58924,-4.21405,,2022
GBPJPY,1,2022-01-26 08:00:00,2022-01-26 18:00:00,153.85,154.5218,153.5141,154.5218,0.3313,67.2,202.54,202.22,10,take_profit,10.98776,0.22393,0.15899,-4.71646,london,2022
GBPJPY,-1,2022-01-26 19:00:00,2022-01-26 22:00:00,154.534,153.90774,154.84713,153.90774,0.3625,62.6,206.59,206.27,3,take_profit,23.70536,0.20875,2.65665,-3.97409,new_york,2022
GBPJPY,-1,2022-01-27 23:00:00,2022-01-28 06:00:00,154.348,154.74765,154.74765,153.5487,0.2897,-40.0,-105.36,-105.68,7,stop_loss,14.433,0.26643,0.59461,-1.83927,,2022
GBPJPY,1,2022-02-01 02:00:00,2022-02-01 12:00:00,154.773,154.845,154.4255,155.468,0.3298,7.2,21.61,21.29,10,time_exit,16.75093,0.23167,0.32769,-0.03135,,2022
GBPJPY,1,2022-02-01 15:00:00,2022-02-01 17:00:00,154.589,155.19417,154.28642,155.19417,0.3795,60.5,208.99,208.67,2,take_profit,14.7127,0.20172,-0.56124,0.00219,london,2022
GBPJPY,-1,2022-02-04 03:00:00,2022-02-04 12:00:00,156.434,155.74992,156.77604,155.74992,0.3424,68.4,213.15,212.83,9,take_profit,39.68146,0.22803,3.66746,2.42693,,2022
GBPJPY,1,2022-02-08 01:00:00,2022-02-08 11:00:00,155.73,156.31279,155.43861,156.31279,0.41,58.3,217.44,217.12,10,take_profit,12.09781,0.19426,-0.19051,2.17175,,2022
GBPJPY,-1,2022-02-10 07:00:00,2022-02-10 10:00:00,156.45,156.68857,156.68857,155.97286,0.5108,-23.9,-110.89,-111.21,3,stop_loss,14.76185,0.15905,0.6365,3.51056,london,2022
GBPJPY,-1,2022-02-11 09:00:00,2022-02-11 10:00:00,156.938,157.2267,157.2267,156.36059,0.4178,-28.9,-109.76,-110.08,1,stop_loss,23.51678,0.19247,-0.01815,4.17397,london,2022
GBPJPY,-1,2022-02-11 18:00:00,2022-02-11 20:00:00,157.627,156.87929,158.00085,156.87929,0.3194,74.8,217.32,217.01,2,take_profit,19.47427,0.24924,2.28859,3.33055,new_york,2022
GBPJPY,1,2022-02-16 15:00:00,2022-02-16 16:00:00,156.79,156.48501,156.48501,157.39998,0.3994,-30.5,-110.85,-111.17,1,stop_loss,17.94822,0.20333,0.92599,1.23831,london,2022
GBPJPY,1,2022-02-17 10:00:00,2022-02-17 11:00:00,156.756,156.34229,156.34229,157.58341,0.2915,-41.4,-109.74,-110.06,1,stop_loss,19.91603,0.2758,0.34924,0.89114,london,2022
GBPJPY,1,2022-02-18 09:00:00,2022-02-18 15:00:00,156.845,156.52198,156.52198,157.49104,0.3696,-32.3,-108.64,-108.96,6,stop_loss,25.11721,0.21535,0.98105,0.82718,london,2022
GBPJPY,-1,2022-02-18 15:00:00,2022-02-21 01:00:00,156.784,156.12957,157.11122,156.12957,0.3612,65.4,215.11,214.79,10,take_profit,23.55697,0.21814,0.48656,0.92866,london,2022
GBPJPY,-1,2022-02-22 22:00:00,2022-02-23 08:00:00,156.398,156.392,156.79508,155.60384,0.3036,0.6,1.66,1.34,10,time_exit,24.02519,0.26472,0.73651,-0.61471,,2022
GBPJPY,1,2022-02-24 02:00:00,2022-02-24 05:00:00,155.626,155.33015,155.33015,156.2177,0.4075,-29.6,-109.71,-110.03,3,stop_loss,26.00198,0.19723,-2.67289,-0.8423,,2022
GBPJPY,1,2022-02-24 15:00:00,2022-02-24 21:00:00,153.769,154.82093,153.24304,154.82093,0.2269,105.2,217.2,216.88,6,take_profit,43.52768,0.35064,-4.94162,-1.74574,london,2022
GBPJPY,1,2022-03-01 02:00:00,2022-03-01 11:00:00,154.464,154.05738,154.05738,155.27724,0.2994,-40.7,-110.79,-111.1,9,stop_loss,15.63859,0.27108,-0.41024,-3.0108,,2022
GBPJPY,1,2022-03-01 16:00:00,2022-03-01 17:00:00,154.008,153.62054,153.62054,154.78291,0.311,-38.7,-109.65,-109.97,1,stop_loss,16.35202,0.2583,-1.60549,-3.17495,new_york,2022
GBPJPY,1,2022-03-02 15:00:00,2022-03-02 18:00:00,153.709,154.52382,153.30159,154.52382,0.2928,81.5,217.11,216.79,3,take_profit,23.94611,0.27161,0.01498,-4.11978,london,2022
GBPJPY,-1,2022-03-03 06:00:00,2022-03-03 08:00:00,154.854,155.22478,155.22478,154.11243,0.3282,-37.1,-110.74,-111.06,2,stop_loss,31.5784,0.24719,3.00365,-2.73724,,2022
GBPJPY,-1,2022-03-08 01:00:00,2022-03-08 10:00:00,151.143,151.63369,151.63369,150.16163,0.2455,-49.1,-109.62,-109.94,9,stop_loss,41.43031,0.32712,-3.3002,-4.7159,,2022
GBPJPY,1,2022-03-09 16:00:00,2022-03-10 02:00:00,152.364,152.738,151.9813,153.1294,0.3116,37.4,106.05,105.73,10,time_exit,27.73199,0.25513,1.66525,-4.62763,new_york,2022
GBPJPY,-1,2022-03-10 12:00:00,2022-03-10 22:00:00,152.672,151.92085,153.04757,151.92085,0.3206,75.1,219.14,218.83,10,take_profit,31.44446,0.25038,1.16986,-2.66656,london,2022
GBPJPY,-1,2022-03-14 07:00:00,2022-03-14 11:00:00,153.327,153.67276,153.67276,152.63549,0.3552,-34.6,-111.76,-112.08,4,stop_loss,40.08913,0.2305,2.38448,-0.69817,london,2022
GBPJPY,-1,2022-03-14 11:00:00,2022-03-14 12:00:00,153.501,153.82862,153.82862,152.84577,0.3711,-32.8,-110.64,-110.95,1,stop_loss,41.33438,0.21841,2.91142,-0.41207,london,2022
GBPJPY,1,2022-03-14 15:00:00,2022-03-15 01:00:00,153.609,153.852,153.24938,154.32823,0.3347,24.3,74.01,73.69,10,time_exit,45.41334,0.23974,2.56328,0.03284,london,2022
GBPJPY,1,2022-03-15 08:00:00,2022-03-15 10:00:00,154.352,154.02076,154.02076,155.01448,0.3658,-33.1,-110.26,-110.58,2,stop_loss,39.04442,0.22083,4.07739,1.45356,london,2022
GBPJPY,-1,2022-03-16 13:00:00,2022-03-16 14:00:00,154.535,154.85259,154.85259,153.89982,0.3777,-31.8,-109.16,-109.48,1,stop_loss,19.14508,0.21173,2.42198,2.88814,london,2022
GBPJPY,1,2022-03-16 17:00:00,2022-03-16 19:00:00,154.779,155.45287,154.44207,155.45287,0.3525,67.4,216.16,215.84,2,take_profit,23.85612,0.22462,2.88391,2.9663,new_york,2022
GBPJPY,-1,2022-03-16 22:00:00,2022-03-16 23:00:00,155.634,156.0689,156.0689,154.7642,0.2785,-43.5,-110.22,-110.54,1,stop_loss,35.35429,0.28993,4.44068,2.73229,,2022
GBPJPY,1,2022-03-17 13:00:00,2022-03-17 15:00:00,156.266,155.85672,155.85672,157.08455,0.293,-40.9,-109.13,-109.44,2,stop_loss,57.05401,0.27285,3.88066,4.68114,london,2022
GBPJPY,1,2022-03-18 04:00:00,2022-03-18 14:00:00,156.209,156.291,155.80681,157.01339,0.2952,8.2,22.03,21.71,10,time_exit,24.03883,0.26813,2.43592,5.00537,,2022
GBPJPY,1,2022-03-21 15:00:00,2022-03-21 17:00:00,156.609,157.20871,156.30915,157.20871,0.3967,60.0,216.49,216.17,2,take_profit,21.77262,0.1999,0.76149,7.53545,london,2022
GBPJPY,-1,2022-03-23 07:00:00,2022-03-23 11:00:00,160.853,159.8604,161.3493,159.8604,0.2445,99.3,220.85,220.53,4,take_profit,66.25326,0.33087,6.13592,7.70214,london,2022
GBPJPY,1,2022-03-24 01:00:00,2022-03-24 11:00:00,159.906,160.063,159.4572,160.8036,0.2757,15.7,39.39,39.07,10,time_exit,28.02752,0.2992,1.70008,8.4005,,2022
GBPJPY,-1,2022-03-24 20:00:00,2022-03-25 06:00:00,161.28,160.585,161.77692,160.28616,0.2499,69.5,158.05,157.73,10,time_exit,24.25637,0.33128,4.09063,7.3819,new_york,2022
GBPJPY,1,2022-03-29 02:00:00,2022-03-29 03:00:00,162.614,161.84188,161.84188,164.15823,0.1631,-77.2,-114.6,-114.92,1,stop_loss,22.97188,0.51474,2.06601,4.62548,,2022
GBPJPY,-1,2022-03-29 16:00:00,2022-03-30 02:00:00,161.497,161.21,162.43644,159.61811,0.1327,28.7,34.66,34.34,10,time_exit,13.86782,0.6263,-0.2568,3.42321,new_york,2022
GBPJPY,-1,2022-03-31 18:00:00,2022-04-01 03:00:00,159.749,160.37661,160.37661,158.49378,0.1992,-62.8,-113.77,-114.09,9,stop_loss,13.47869,0.41841,-1.40011,1.2889,new_york,2022
GBPJPY,1,2022-04-01 23:00:00,2022-04-04 09:00:00,160.687,160.998,160.23293,161.59514,0.2726,31.1,77.15,76.83,10,time_exit,13.53808,0.30271,0.52324,1.80361,,2022
GBPJPY,1,2022-04-04 20:00:00,2022-04-05 06:00:00,160.841,160.672,160.46807,161.58686,0.3342,-16.9,-51.4,-51.72,10,time_exit,10.55656,0.24862,0.53905,2.26811,new_york,2022
GBPJPY,1,2022-04-05 06:00:00,2022-04-05 10:00:00,160.757,161.42152,160.42474,161.42152,0.3733,66.5,225.74,225.42,4,take_profit,14.36869,0.22151,-0.06872,2.50666,,2022
GBPJPY,-1,2022-04-07 19:00:00,2022-04-07 21:00:00,161.676,162.06377,162.06377,160.90047,0.3263,-38.8,-115.14,-115.46,2,stop_loss,13.3471,0.25851,-0.25111,3.1606,new_york,2022
GBPJPY,1,2022-04-11 00:00:00,2022-04-11 03:00:00,161.569,162.20257,161.25222,162.20257,0.3954,63.4,227.97,227.65,3,take_profit,10.59523,0.21119,0.53638,3.35172,,2022
GBPJPY,-1,2022-04-11 13:00:00,2022-04-11 23:00:00,163.597,163.37,164.00206,162.78689,0.3154,22.7,65.15,64.83,10,time_exit,18.88687,0.27004,5.08978,3.17032,london,2022
GBPJPY,-1,2022-04-11 23:00:00,2022-04-12 09:00:00,163.315,163.574,163.6698,162.6054,0.3621,-25.9,-85.34,-85.66,10,time_exit,26.258,0.23653,2.75351,4.61297,,2022
GBPJPY,-1,2022-04-12 13:00:00,2022-04-12 23:00:00,163.405,163.034,163.76485,162.68529,0.3544,37.1,119.65,119.33,10,time_exit,13.04461,0.2399,1.81571,4.84376,london,2022
GBPJPY,-1,2022-04-13 07:00:00,2022-04-13 09:00:00,163.311,163.61897,163.61897,162.69506,0.4184,-30.8,-117.26,-117.58,2,stop_loss,20.2204,0.20531,1.18204,5.04501,london,2022
GBPJPY,1,2022-04-13 11:00:00,2022-04-13 14:00:00,163.834,163.49294,163.49294,164.51611,0.374,-34.1,-116.07,-116.39,3,stop_loss,21.28684,0.22737,3.03401,4.62655,london,2022
GBPJPY,-1,2022-04-13 18:00:00,2022-04-13 19:00:00,163.901,164.27961,164.27961,163.14378,0.3335,-37.9,-114.9,-115.22,1,stop_loss,21.17638,0.25241,2.38139,4.33968,new_york,2022
GBPJPY,1,2022-04-13 23:00:00,2022-04-14 03:00:00,164.748,164.3615,164.3615,165.521,0.3234,-38.7,-113.75,-114.06,4,stop_loss,26.84786,0.25767,4.778,4.65247,,2022
GBPJPY,-1,2022-04-14 15:00:00,2022-04-14 21:00:00,164.407,164.7676,164.7676,163.68581,0.3432,-36.1,-112.62,-112.94,6,stop_loss,17.21615,0.2404,1.56522,5.71104,london,2022
GBPJPY,-1,2022-04-19 10:00:00,2022-04-19 11:00:00,166.776,167.14573,167.14573,166.03654,0.3313,-37.0,-111.47,-111.79,1,stop_loss,36.19171,0.24649,6.03405,5.6783,london,2022
GBPJPY,-1,2022-04-19 21:00:00,2022-04-20 01:00:00,167.44,167.90363,167.90363,166.51274,0.2616,-46.4,-110.37,-110.69,4,stop_loss,40.08455,0.30909,4.74445,5.62647,new_york,2022
GBPJPY,1,2022-04-20 12:00:00,2022-04-20 13:00:00,167.303,166.7514,166.7514,168.4062,0.2177,-55.2,-109.28,-109.59,1,stop_loss,28.25922,0.36773,1.51037,5.51622,london,2022
GBPJPY,1,2022-04-20 22:00:00,2022-04-21 08:00:00,166.836,167.329,166.27681,167.95439,0.2126,49.3,95.38,95.06,10,time_exit,30.90934,0.3728,0.13133,4.99782,,2022
GBPJPY,-1,2022-04-21 12:00:00,2022-04-21 17:00:00,167.251,167.77733,167.77733,166.19835,0.2278,-52.6,-109.11,-109.42,5,stop_loss,17.4568,0.35088,0.641,5.09661,london,2022
GBPJPY,1,2022-04-22 17:00:00,2022-04-25 03:00:00,165.3,165.082,164.69941,166.50118,0.1976,-21.8,-39.2,-39.52,10,time_exit,31.69053,0.40039,-3.51282,2.71563,new_york,2022
GBPJPY,1,2022-04-25 20:00:00,2022-04-26 06:00:00,162.552,163.435,161.77011,164.11578,0.1513,88.3,121.57,121.26,10,time_exit,42.52574,0.52126,-4.25768,-0.8826,new_york,2022
GBPJPY,-1,2022-04-26 11:00:00,2022-04-26 15:00:00,162.58,161.2089,163.26555,161.2089,0.1745,137.1,217.72,217.4,4,take_profit,30.68521,0.45703,-3.05925,-2.06966,london,2022
GBPJPY,-1,2022-04-26 21:00:00,2022-04-27 07:00:00,160.615,160.631,161.31694,159.21112,0.1738,-1.6,-2.53,-2.85,10,time_exit,42.72638,0.46796,-5.34831,-3.14817,new_york,2022
GBPJPY,1,2022-04-28 15:00:00,2022-04-29 01:00:00,162.67,163.088,161.79544,164.41911,0.1395,41.8,53.06,52.74,10,time_exit,29.86612,0.58304,1.18169,-2.58939,london,2022
GBPJPY,1,2022-04-29 06:00:00,2022-04-29 16:00:00,163.068,163.288,162.48284,164.23832,0.2094,22.0,41.92,41.6,10,time_exit,19.22859,0.39011,1.57583,-2.49088,,2022
GBPJPY,-1,2022-05-02 06:00:00,2022-05-02 16:00:00,163.433,163.169,163.98347,162.33207,0.2234,26.4,53.67,53.35,10,time_exit,14.91788,0.36698,1.24611,-1.13925,,2022
GBPJPY,1,2022-05-03 05:00:00,2022-05-03 15:00:00,162.686,163.096,162.28399,163.49003,0.3074,41.0,114.69,114.37,10,time_exit,27.1798,0.26801,-0.95977,-1.37809,,2022
GBPJPY,1,2022-05-10 07:00:00,2022-05-10 11:00:00,161.082,160.4318,160.4318,162.3824,0.192,-65.0,-113.6,-113.92,4,stop_loss,17.24455,0.43347,-0.10369,-2.19134,london,2022
GBPJPY,-1,2022-05-12 15:00:00,2022-05-13 01:00:00,156.748,156.723,157.53008,155.18384,0.158,2.5,3.59,3.28,10,time_exit,49.50187,0.52139,-4.9226,-3.29106,london,2022
GBPJPY,1,2022-05-16 02:00:00,2022-05-16 05:00:00,158.529,157.90222,157.90222,159.78257,0.1972,-62.7,-112.48,-112.8,3,stop_loss,21.26067,0.41786,1.38216,-4.65028,,2022
GBPJPY,-1,2022-05-19 07:00:00,2022-05-19 15:00:00,159.435,158.03166,160.13667,158.03166,0.1744,140.3,222.72,222.4,8,take_profit,36.62354,0.46778,-0.24649,-0.56839,london,2022
GBPJPY,-1,2022-05-19 18:00:00,2022-05-20 04:00:00,159.116,159.581,160.00197,157.34406,0.1409,-46.5,-59.62,-59.94,10,time_exit,27.71262,0.59065,-0.26414,-0.73941,new_york,2022
GBPJPY,-1,2022-05-20 12:00:00,2022-05-20 22:00:00,159.942,159.672,160.71124,158.40351,0.1614,27.0,39.66,39.34,10,time_exit,14.04276,0.51283,1.15312,-0.60657,london,2022
GBPJPY,-1,2022-05-23 00:00:00,2022-05-23 03:00:00,159.586,160.28799,160.28799,158.18202,0.1775,-70.2,-113.39,-113.71,3,stop_loss,12.78908,0.46799,0.75106,-0.42915,,2022
GBPJPY,1,2022-05-23 22:00:00,2022-05-24 07:00:00,160.885,160.30027,160.30027,162.05446,0.211,-58.5,-112.27,-112.59,9,stop_loss,24.29131,0.38982,2.31472,0.51026,,2022
GBPJPY,-1,2022-05-24 09:00:00,2022-05-24 11:00:00,160.439,159.45322,160.93189,159.45322,0.2477,98.6,222.2,221.88,2,take_profit,17.20554,0.32859,0.69348,1.03711,london,2022
GBPJPY,1,2022-05-24 20:00:00,2022-05-25 06:00:00,158.648,159.298,157.93797,160.06806,0.1754,65.0,103.75,103.43,10,time_exit,26.62032,0.47335,-2.45943,0.03939,new_york,2022
GBPJPY,-1,2022-05-25 08:00:00,2022-05-25 10:00:00,159.163,159.70121,159.70121,158.08659,0.2335,-53.8,-114.36,-114.68,2,stop_loss,21.98856,0.3588,-0.96433,-0.55683,london,2022
GBPJPY,1,2022-05-26 09:00:00,2022-05-26 10:00:00,159.847,159.27824,159.27824,160.98452,0.2188,-56.9,-113.24,-113.56,1,stop_loss,27.17582,0.37917,0.35286,-0.00767,london,2022
GBPJPY,1,2022-05-26 12:00:00,2022-05-26 18:00:00,159.164,160.32867,158.58166,160.32867,0.2115,116.5,224.16,223.84,6,take_profit,24.23106,0.38822,-1.3215,-0.07083,london,2022
GBPJPY,-1,2022-05-26 21:00:00,2022-05-27 07:00:00,160.111,160.451,160.71381,158.90538,0.2084,-34.0,-64.48,-64.8,10,time_exit,18.51066,0.40187,0.8474,0.10006,new_york,2022
GBPJPY,-1,2022-05-31 09:00:00,2022-05-31 15:00:00,161.25,161.60348,161.60348,160.54304,0.3534,-35.3,-113.68,-114.0,6,stop_loss,40.96452,0.23565,1.24239,3.08184,london,2022
GBPJPY,1,2022-05-31 16:00:00,2022-06-01 02:00:00,161.609,162.308,161.18637,162.45427,0.2926,69.9,186.12,185.8,10,time_exit,27.53812,0.28176,2.00304,2.60861,new_york,2022
GBPJPY,-1,2022-06-03 14:00:00,2022-06-03 16:00:00,163.555,163.87063,163.87063,162.92373,0.3983,-31.6,-114.4,-114.72,2,stop_loss,21.81299,0.21042,3.19333,6.29358,london,2022
GBPJPY,-1,2022-06-07 03:00:00,2022-06-07 04:00:00,165.527,165.92861,165.92861,164.72378,0.3099,-40.2,-113.26,-113.58,1,stop_loss,46.80467,0.26774,5.57442,6.24803,,2022
GBPJPY,1,2022-06-07 08:00:00,2022-06-07 09:00:00,166.065,165.64144,165.64144,166.91212,0.2909,-42.4,-112.12,-112.44,1,stop_loss,55.70465,0.28237,6.05502,6.47191,london,2022
GBPJPY,-1,2022-06-07 14:00:00,2022-06-07 17:00:00,166.018,166.50627,166.50627,165.04146,0.2498,-48.8,-110.99,-111.31,3,stop_loss,52.40454,0.32551,4.1846,5.95391,london,2022
GBPJPY,-1,2022-06-09 07:00:00,2022-06-09 10:00:00,167.979,166.99044,168.47328,166.99044,0.2443,98.9,219.77,219.45,3,take_profit,31.86177,0.32952,2.25724,8.68561,london,2022
GBPJPY,-1,2022-06-09 11:00:00,2022-06-09 12:00:00,166.794,167.36405,167.36405,165.6539,0.2161,-57.0,-112.1,-112.42,1,stop_loss,30.7541,0.38003,-1.22151,7.30393,london,2022
GBPJPY,-1,2022-06-09 17:00:00,2022-06-10 03:00:00,167.82,167.498,168.48946,166.48108,0.1821,32.2,53.36,53.04,10,time_exit,28.73602,0.44631,1.13134,5.93006,new_york,2022
GBPJPY,1,2022-06-10 12:00:00,2022-06-10 13:00:00,167.088,166.50926,166.50926,168.24548,0.2117,-57.9,-111.49,-111.81,1,stop_loss,22.3837,0.38583,-0.94697,5.88496,london,2022
GBPJPY,-1,2022-06-10 19:00:00,2022-06-13 05:00:00,165.449,165.479,166.14469,164.05762,0.1743,-3.0,-4.76,-5.08,10,time_exit,36.23279,0.46379,-3.59974,4.04048,new_york,2022
GBPJPY,-1,2022-06-13 09:00:00,2022-06-13 11:00:00,165.745,164.67359,166.28071,164.67359,0.2263,107.1,220.64,220.32,2,take_profit,36.03541,0.35714,-2.01164,3.27239,london,2022
GBPJPY,1,2022-06-14 20:00:00,2022-06-15 06:00:00,161.902,162.4,161.13457,163.43685,0.1611,49.8,73.01,72.69,10,time_exit,37.95267,0.51162,-3.75728,-1.60704,new_york,2022
GBPJPY,-1,2022-06-15 06:00:00,2022-06-15 16:00:00,162.629,162.504,163.31176,161.26347,0.1823,12.5,20.74,20.42,10,time_exit,32.64084,0.45518,-1.57336,-2.37873,,2022
GBPJPY,1,2022-06-15 21:00:00,2022-06-16 07:00:00,162.533,163.259,161.86776,163.86348,0.1874,72.6,123.81,123.49,10,time_exit,18.74445,0.44349,-0.82768,-2.77753,new_york,2022
GBPJPY,1,2022-06-16 12:00:00,2022-06-16 14:00:00,161.567,160.82776,160.82776,163.04547,0.1705,-73.9,-114.7,-115.01,2,stop_loss,24.45959,0.49282,-2.74154,-2.13775,london,2022
GBPJPY,1,2022-06-16 15:00:00,2022-06-16 19:00:00,161.164,163.23602,160.12799,163.23602,0.1204,207.2,227.02,226.7,4,take_profit,28.34503,0.69067,-2.29643,-1.66536,london,2022
GBPJPY,1,2022-06-17 01:00:00,2022-06-17 05:00:00,163.465,165.41808,162.48846,165.41808,0.1303,195.3,231.58,231.26,4,take_profit,17.7832,0.65103,0.97472,-1.50644,,2022
GBPJPY,1,2022-06-17 21:00:00,2022-06-20 07:00:00,164.863,165.117,163.92154,166.74591,0.1379,25.4,31.87,31.56,10,time_exit,25.90979,0.62764,1.45179,-0.06783,new_york,2022
GBPJPY,1,2022-06-20 10:00:00,2022-06-20 20:00:00,164.998,165.315,164.28316,166.42769,0.1821,31.7,52.53,52.21,10,time_exit,21.28907,0.47656,1.27047,0.57043,london,2022
GBPJPY,1,2022-06-21 00:00:00,2022-06-21 10:00:00,165.34,166.29,164.81543,166.38915,0.2492,95.0,215.43,215.11,10,time_exit,12.49548,0.34972,1.86058,1.46986,,2022
GBPJPY,-1,2022-06-21 19:00:00,2022-06-21 23:00:00,167.262,167.80569,167.80569,166.17462,0.2448,-54.4,-121.12,-121.43,4,stop_loss,31.62298,0.36246,4.46644,2.8147,new_york,2022
GBPJPY,1,2022-06-22 09:00:00,2022-06-22 10:00:00,166.736,166.25733,166.25733,167.69333,0.2752,-47.9,-119.87,-120.19,1,stop_loss,28.23527,0.31911,1.37155,4.17168,london,2022
GBPJPY,-1,2022-06-23 06:00:00,2022-06-23 16:00:00,165.834,165.076,166.46343,164.57514,0.2072,75.8,142.92,142.6,10,time_exit,18.74401,0.41962,-1.68881,2.96956,,2022
GBPJPY,1,2022-06-27 02:00:00,2022-06-27 03:00:00,166.017,165.47452,165.47452,167.10195,0.2433,-54.2,-120.11,-120.42,1,stop_loss,11.36822,0.36165,0.53786,1.16263,,2022
GBPJPY,-1,2022-06-27 21:00:00,2022-06-28 07:00:00,166.236,166.025,166.74583,165.21633,0.2563,21.1,49.21,48.89,10,time_exit,18.68386,0.33989,0.96087,1.22311,new_york,2022
GBPJPY,1,2022-06-30 10:00:00,2022-06-30 11:00:00,165.622,165.18573,165.18573,166.49454,0.3007,-43.6,-119.38,-119.7,1,stop_loss,10.80208,0.29085,-0.7098,0.44583,london,2022
GBPJPY,-1,2022-07-01 12:00:00,2022-07-01 14:00:00,163.979,162.74493,164.59604,162.74493,0.2105,123.4,236.39,236.07,2,take_profit,31.20339,0.41136,-2.65581,-0.99599,london,2022
GBPJPY,1,2022-07-04 07:00:00,2022-07-04 16:00:00,163.392,164.65015,162.76292,164.65015,0.2106,125.8,241.12,240.8,9,take_profit,32.76027,0.41938,-1.69038,-2.36626,london,2022
GBPJPY,-1,2022-07-04 21:00:00,2022-07-05 02:00:00,164.184,164.69996,164.69996,163.15209,0.2619,-51.6,-122.97,-123.29,5,stop_loss,20.40127,0.34397,0.08825,-2.3921,new_york,2022
GBPJPY,1,2022-07-06 01:00:00,2022-07-06 04:00:00,162.4,161.7904,161.7904,163.6192,0.2194,-61.0,-121.71,-122.03,3,stop_loss,37.45482,0.4064,-2.89267,-2.57819,,2022
GBPJPY,-1,2022-07-06 20:00:00,2022-07-07 06:00:00,161.666,162.159,162.4664,160.06521,0.1655,-49.3,-74.25,-74.57,10,time_exit,28.26199,0.5336,-1.59559,-2.97653,new_york,2022
GBPJPY,-1,2022-07-07 12:00:00,2022-07-07 22:00:00,162.923,163.57511,163.57511,161.61879,0.2018,-65.2,-119.75,-120.07,10,stop_loss,16.51461,0.43474,1.30501,-3.33526,london,2022
GBPJPY,-1,2022-07-08 20:00:00,2022-07-11 04:00:00,163.663,164.36924,164.36924,162.25051,0.1845,-70.6,-118.57,-118.89,8,stop_loss,19.03043,0.47083,1.51723,-1.46355,new_york,2022
GBPJPY,-1,2022-07-11 08:00:00,2022-07-11 17:00:00,164.222,163.14447,164.76076,163.14447,0.2394,107.8,234.74,234.42,9,take_profit,17.93776,0.35918,2.4702,-0.94271,london,2022
GBPJPY,-1,2022-07-12 11:00:00,2022-07-12 21:00:00,162.597,162.729,163.1206,161.5498,0.2513,-13.2,-30.19,-30.5,10,time_exit,24.8417,0.34907,-2.03593,-0.83125,london,2022
GBPJPY,1,2022-07-13 08:00:00,2022-07-13 17:00:00,163.105,164.07015,162.62243,164.07015,0.2719,96.5,238.81,238.49,9,take_profit,19.32507,0.32172,0.51097,-1.47328,london,2022
GBPJPY,1,2022-07-14 03:00:00,2022-07-14 10:00:00,163.281,164.34299,162.75001,164.34299,0.2521,106.2,243.63,243.31,7,take_profit,22.02027,0.354,0.31866,-0.66013,,2022
GBPJPY,-1,2022-07-15 16:00:00,2022-07-18 02:00:00,164.173,164.43,164.72173,163.07554,0.2488,-25.7,-58.19,-58.51,10,time_exit,18.82572,0.36582,0.47856,0.92818,new_york,2022
GBPJPY,-1,2022-07-18 03:00:00,2022-07-18 10:00:00,164.431,164.84778,164.84778,163.59743,0.326,-41.7,-123.64,-123.96,7,stop_loss,13.58284,0.27786,1.12016,1.39737,,2022
GBPJPY,-1,2022-07-19 22:00:00,2022-07-20 08:00:00,165.791,166.009,166.26213,164.84875,0.2855,-21.8,-56.64,-56.96,10,time_exit,23.78469,0.31408,2.20718,2.69267,,2022
GBPJPY,1,2022-07-21 05:00:00,2022-07-21 11:00:00,165.782,165.35062,165.35062,166.64476,0.3104,-43.1,-121.85,-122.17,6,stop_loss,14.66532,0.28759,0.91256,3.04441,,2022
GBPJPY,-1,2022-07-22 15:00:00,2022-07-25 01:00:00,163.629,163.577,164.24906,162.38888,0.2138,5.2,10.12,9.8,10,time_exit,35.09268,0.41337,-3.26664,0.61587,london,2022
GBPJPY,1,2022-07-25 02:00:00,2022-07-25 05:00:00,163.577,163.03353,163.03353,164.66394,0.2441,-54.3,-120.72,-121.04,3,stop_loss,45.08713,0.36231,-2.39478,-0.42574,,2022
GBPJPY,1,2022-07-25 20:00:00,2022-07-26 06:00:00,164.735,164.763,164.17944,165.84613,0.2364,2.8,6.02,5.7,10,time_exit,34.69754,0.37038,1.29958,-0.65687,new_york,2022
GBPJPY,1,2022-07-27 17:00:00,2022-07-27 21:00:00,164.978,165.7902,164.5719,165.7902,0.3235,81.2,239.1,238.78,4,take_profit,23.3241,0.27073,1.15537,0.40264,new_york,2022
GBPJPY,1,2022-07-28 05:00:00,2022-07-28 12:00:00,164.791,164.24873,164.24873,165.87553,0.2471,-54.2,-121.93,-122.25,7,stop_loss,34.68005,0.36151,-0.60142,0.92181,,2022
GBPJPY,1,2022-07-29 06:00:00,2022-07-29 07:00:00,163.414,162.91695,162.91695,164.4081,0.2669,-49.7,-120.72,-121.04,1,stop_loss,27.57439,0.33137,-2.47122,-0.8085,,2022
GBPJPY,1,2022-08-01 18:00:00,2022-08-01 23:00:00,161.885,161.29482,161.29482,163.06535,0.2225,-59.0,-119.5,-119.81,5,stop_loss,31.94863,0.39345,-1.46513,-3.23874,new_york,2022
GBPJPY,1,2022-08-04 10:00:00,2022-08-04 14:00:00,163.005,162.48727,162.48727,164.04045,0.2511,-51.8,-118.3,-118.62,4,stop_loss,16.42427,0.34515,2.27755,-1.7774,london,2022
GBPJPY,-1,2022-08-08 22:00:00,2022-08-09 08:00:00,162.792,163.246,163.30283,161.77033,0.252,-45.4,-104.11,-104.43,10,time_exit,21.18218,0.34056,0.08421,0.11348,,2022
GBPJPY,-1,2022-08-10 11:00:00,2022-08-10 14:00:00,163.121,163.429,163.429,162.50501,0.4142,-30.8,-116.09,-116.41,3,stop_loss,6.42103,0.20533,0.3266,0.99168,london,2022
GBPJPY,1,2022-08-10 23:00:00,2022-08-11 09:00:00,162.405,162.181,161.87107,163.47286,0.2365,-22.4,-48.21,-48.53,10,time_exit,20.74341,0.35595,-1.35024,0.16011,,2022
GBPJPY,-1,2022-08-19 03:00:00,2022-08-19 04:00:00,162.019,162.43806,162.43806,161.18089,0.3001,-41.9,-114.44,-114.76,1,stop_loss,28.1044,0.27937,-1.24985,0.27058,,2022
GBPJPY,-1,2022-08-19 21:00:00,2022-08-22 04:00:00,161.794,162.25496,162.25496,160.87207,0.2701,-46.1,-113.3,-113.62,7,stop_loss,23.91282,0.30731,-1.44437,-0.08332,new_york,2022
GBPJPY,-1,2022-08-22 17:00:00,2022-08-23 03:00:00,161.791,161.596,162.31958,160.73385,0.2332,19.5,41.38,41.06,10,time_exit,24.10529,0.35238,-0.80956,-0.38718,new_york,2022
GBPJPY,1,2022-08-23 12:00:00,2022-08-23 22:00:00,161.6,161.821,161.08363,162.63275,0.2396,22.1,48.19,47.87,10,time_exit,24.6084,0.34425,-0.57419,-0.88326,london,2022
GBPJPY,-1,2022-08-26 02:00:00,2022-08-26 12:00:00,161.538,161.87396,161.87396,160.86607,0.3698,-33.6,-113.06,-113.38,10,stop_loss,11.52504,0.22398,-0.16643,-1.24911,,2022
GBPJPY,-1,2022-08-26 13:00:00,2022-08-26 16:00:00,161.965,162.30972,162.30972,161.27556,0.3568,-34.5,-111.93,-112.24,3,stop_loss,10.43745,0.22981,1.65689,-1.05661,london,2022
GBPJPY,-1,2022-08-29 15:00:00,2022-08-29 17:00:00,162.116,162.52209,162.52209,161.30382,0.2998,-40.6,-110.79,-111.11,2,stop_loss,23.07936,0.27073,1.62277,-0.44307,london,2022
GBPJPY,-1,2022-08-30 00:00:00,2022-08-30 10:00:00,162.448,162.484,162.83414,161.67572,0.3121,-3.6,-10.22,-10.54,10,time_exit,33.07267,0.25743,1.73599,0.19032,,2022
GBPJPY,1,2022-08-31 03:00:00,2022-08-31 10:00:00,161.772,161.40744,161.40744,162.50112,0.3303,-36.5,-109.58,-109.9,7,stop_loss,11.64817,0.24304,-0.60295,0.13885,,2022
GBPJPY,-1,2022-08-31 22:00:00,2022-09-01 01:00:00,161.136,161.56864,161.56864,160.27073,0.2755,-43.3,-108.46,-108.78,3,stop_loss,23.88561,0.28842,-1.7614,-0.57745,,2022
GBPJPY,-1,2022-09-01 02:00:00,2022-09-01 12:00:00,161.5,161.43,161.90783,160.68433,0.2894,7.0,18.43,18.12,10,time_exit,20.01279,0.27189,-0.37704,-0.65452,,2022
GBPJPY,-1,2022-09-01 14:00:00,2022-09-01 15:00:00,160.983,161.38906,161.38906,160.17088,0.2911,-40.6,-107.57,-107.88,1,stop_loss,17.35773,0.27071,-2.12154,-0.72602,london,2022
GBPJPY,-1,2022-09-06 09:00:00,2022-09-06 10:00:00,163.351,163.7837,163.7837,162.4856,0.2704,-43.3,-106.47,-106.79,1,stop_loss,31.13404,0.28847,4.92254,0.5044,london,2022
GBPJPY,-1,2022-09-07 11:00:00,2022-09-07 21:00:00,165.695,165.77,166.27646,164.53207,0.1992,-7.5,-13.6,-13.91,10,time_exit,53.62745,0.38764,4.99289,3.39622,london,2022
GBPJPY,-1,2022-09-08 01:00:00,2022-09-08 11:00:00,165.836,165.584,166.37973,164.74853,0.2128,25.2,48.8,48.48,10,time_exit,43.41589,0.36249,3.43535,4.74649,,2022
GBPJPY,-1,2022-09-09 09:00:00,2022-09-09 13:00:00,165.647,164.60367,166.16866,164.60367,0.2228,104.3,211.53,211.21,4,take_profit,15.11869,0.34778,0.72435,5.05395,london,2022
GBPJPY,1,2022-09-09 19:00:00,2022-09-12 05:00:00,165.224,165.845,164.63777,166.39647,0.2022,62.1,114.27,113.95,10,time_exit,20.83809,0.39082,-0.1386,3.85412,new_york,2022
GBPJPY,-1,2022-09-14 02:00:00,2022-09-14 08:00:00,166.463,165.4647,166.96215,165.4647,0.24,99.8,218.03,217.71,6,take_profit,24.55542,0.33277,0.45401,4.31215,,2022
GBPJPY,1,2022-09-14 13:00:00,2022-09-14 17:00:00,165.477,164.87964,164.87964,166.67171,0.2046,-59.7,-111.22,-111.54,4,stop_loss,23.36897,0.39824,-1.54951,2.81967,london,2022
GBPJPY,-1,2022-09-15 09:00:00,2022-09-15 10:00:00,165.291,165.72612,165.72612,164.42075,0.278,-43.5,-110.08,-110.4,1,stop_loss,28.2943,0.29008,-1.16401,2.0877,london,2022
GBPJPY,1,2022-09-16 11:00:00,2022-09-16 21:00:00,163.148,163.139,162.63313,164.17774,0.2326,-0.9,-1.9,-2.22,10,time_exit,32.11459,0.34325,-5.02312,-0.1217,london,2022
GBPJPY,-1,2022-09-19 11:00:00,2022-09-19 21:00:00,163.302,163.589,163.7079,162.4902,0.295,-28.7,-77.05,-77.36,10,time_exit,19.25011,0.2706,-2.0239,-2.5868,london,2022
GBPJPY,-1,2022-09-20 08:00:00,2022-09-20 09:00:00,163.76,164.10875,164.10875,163.06249,0.3409,-34.9,-108.19,-108.51,1,stop_loss,11.83927,0.2325,0.29948,-2.86597,london,2022
GBPJPY,-1,2022-09-21 06:00:00,2022-09-21 09:00:00,163.566,162.79708,163.95046,162.79708,0.3061,76.9,214.18,213.86,3,take_profit,17.28351,0.25631,-0.47295,-2.13159,,2022
GBPJPY,1,2022-09-21 09:00:00,2022-09-21 10:00:00,163.663,163.28629,163.28629,164.41642,0.3186,-37.7,-109.22,-109.54,1,stop_loss,15.38243,0.25114,-0.13727,-2.11333,london,2022
GBPJPY,1,2022-09-22 01:00:00,2022-09-22 05:00:00,162.44,161.91201,161.91201,163.49599,0.2251,-52.8,-108.16,-108.47,4,stop_loss,26.71268,0.352,-2.76445,-1.95067,,2022
GBPJPY,-1,2022-09-22 06:00:00,2022-09-22 09:00:00,162.512,163.19795,163.19795,161.1401,0.1715,-68.6,-107.05,-107.37,3,stop_loss,27.30543,0.4573,-1.45434,-1.70665,,2022
GBPJPY,-1,2022-09-23 01:00:00,2022-09-23 11:00:00,160.205,159.658,161.14492,158.32515,0.1239,54.7,61.67,61.36,10,time_exit,34.59937,0.62662,-2.93216,-2.38608,,2022
GBPJPY,-1,2022-09-23 21:00:00,2022-09-26 03:00:00,155.888,153.79011,156.93695,153.79011,0.1117,209.8,213.24,212.93,6,take_profit,45.72948,0.6993,-5.78981,-3.75459,new_york,2022
GBPJPY,-1,2022-09-27 00:00:00,2022-09-27 10:00:00,154.642,155.872,156.41154,151.10292,0.0675,-123.0,-75.55,-75.87,10,time_exit,34.07073,1.17969,-1.31773,-3.70816,,2022
GBPJPY,-1,2022-09-28 04:00:00,2022-09-28 13:00:00,154.752,155.6371,155.6371,152.98181,0.134,-88.5,-107.93,-108.25,9,stop_loss,15.15052,0.59006,-1.56146,-6.18824,,2022
GBPJPY,1,2022-09-29 01:00:00,2022-09-29 05:00:00,156.847,155.69,155.69,159.16101,0.1015,-115.7,-106.87,-107.19,4,stop_loss,27.69842,0.77134,1.71799,-3.94356,,2022
GBPJPY,1,2022-09-29 06:00:00,2022-09-29 16:00:00,155.772,157.72293,154.79653,157.72293,0.1192,195.1,211.62,211.3,10,take_profit,25.45628,0.65031,0.25397,-4.33117,,2022
GBPJPY,1,2022-09-30 23:00:00,2022-10-03 09:00:00,161.617,162.232,160.48953,163.87194,0.1052,61.5,58.88,58.56,10,time_exit,36.28194,0.75165,2.94825,0.66829,,2022
GBPJPY,1,2022-10-05 17:00:00,2022-10-06 03:00:00,163.355,164.3,162.58364,164.89772,0.1546,94.5,132.95,132.63,10,time_exit,25.40895,0.51424,-1.15795,5.12518,new_york,2022
GBPJPY,-1,2022-10-06 05:00:00,2022-10-06 13:00:00,164.318,162.88913,165.03243,162.88913,0.1689,142.9,219.62,219.3,8,take_profit,19.25087,0.47629,0.92803,4.82146,,2022
GBPJPY,-1,2022-10-07 11:00:00,2022-10-07 12:00:00,161.839,162.50503,162.50503,160.50694,0.1848,-66.6,-112.0,-112.32,1,stop_loss,32.45762,0.44402,-2.06804,2.14489,london,2022
GBPJPY,1,2022-10-10 03:00:00,2022-10-10 13:00:00,161.069,160.764,160.42669,162.35363,0.1897,-30.5,-52.65,-52.97,10,time_exit,39.91851,0.42821,-2.46624,0.85795,,2022
GBPJPY,-1,2022-10-11 02:00:00,2022-10-11 12:00:00,161.173,160.96,161.71089,160.09721,0.2255,21.3,43.71,43.39,10,time_exit,19.60512,0.3586,-0.85601,-0.37238,,2022
GBPJPY,-1,2022-10-11 23:00:00,2022-10-12 07:00:00,160.215,161.08809,161.08809,158.46882,0.1395,-87.3,-110.83,-111.15,8,stop_loss,19.24975,0.58206,-1.91596,-0.34391,,2022
GBPJPY,-1,2022-10-12 11:00:00,2022-10-12 12:00:00,160.391,161.27464,161.27464,158.62372,0.1364,-88.4,-109.68,-110.0,1,stop_loss,19.00586,0.58909,-0.93638,-0.76048,london,2022
GBPJPY,1,2022-10-12 13:00:00,2022-10-12 23:00:00,161.992,163.036,161.01085,163.9543,0.1216,104.4,115.52,115.21,10,time_exit,19.20848,0.6541,1.51276,-0.60323,london,2022
GBPJPY,1,2022-10-14 02:00:00,2022-10-14 12:00:00,166.822,165.94812,165.94812,168.56976,0.138,-87.4,-109.74,-110.06,10,stop_loss,58.71552,0.58259,5.25778,2.63041,,2022
GBPJPY,1,2022-10-14 18:00:00,2022-10-17 04:00:00,166.974,166.916,165.81239,169.29721,0.1028,-5.8,-5.43,-5.74,10,time_exit,38.63058,0.7744,2.50077,2.8168,new_york,2022
GBPJPY,1,2022-10-17 07:00:00,2022-10-17 15:00:00,166.986,168.66907,166.14447,168.66907,0.1418,168.3,217.18,216.86,8,take_profit,28.38487,0.56102,2.33839,4.22748,london,2022
GBPJPY,1,2022-10-19 02:00:00,2022-10-19 09:00:00,169.066,168.38518,168.38518,170.42764,0.1788,-68.1,-110.78,-111.09,7,stop_loss,14.95818,0.45388,1.79922,6.68617,,2022
GBPJPY,1,2022-10-20 03:00:00,2022-10-20 13:00:00,167.903,167.96,167.34978,169.00944,0.2178,5.7,11.3,10.98,10,time_exit,21.06193,0.36881,-1.11856,6.47406,,2022
GBPJPY,1,2022-10-25 15:00:00,2022-10-25 16:00:00,168.457,169.85864,167.75618,169.85864,0.1721,140.2,219.51,219.19,1,take_profit,16.31751,0.46721,0.31147,2.25462,london,2022
GBPJPY,-1,2022-10-25 18:00:00,2022-10-26 04:00:00,169.379,169.681,170.1736,167.7898,0.1548,-30.2,-42.54,-42.86,10,time_exit,18.71815,0.52973,1.79188,2.10048,new_york,2022
GBPJPY,-1,2022-10-27 00:00:00,2022-10-27 08:00:00,170.077,168.97125,170.62988,168.97125,0.2217,110.6,223.08,222.76,8,take_profit,21.14742,0.36858,2.05421,4.09611,,2022
GBPJPY,-1,2022-10-27 09:00:00,2022-10-27 12:00:00,168.872,169.4094,169.4094,167.79721,0.2326,-53.7,-113.75,-114.07,3,stop_loss,19.79735,0.35826,-1.94954,3.9664,london,2022
GBPJPY,1,2022-10-28 06:00:00,2022-10-28 16:00:00,169.433,170.61244,168.84328,170.61244,0.2098,117.9,225.18,224.86,10,take_profit,16.11734,0.39315,0.10989,2.62548,,2022
GBPJPY,-1,2022-10-28 17:00:00,2022-10-28 18:00:00,170.456,171.04387,171.04387,169.28026,0.2147,-58.8,-114.86,-115.17,1,stop_loss,21.36998,0.39191,2.35577,2.68472,new_york,2022
GBPJPY,-1,2022-10-31 00:00:00,2022-10-31 03:00:00,171.024,171.58035,171.58035,169.91131,0.2246,-55.6,-113.71,-114.03,3,stop_loss,26.80959,0.3709,3.49339,3.40006,,2022
GBPJPY,1,2022-11-01 04:00:00,2022-11-01 10:00:00,170.752,170.25868,170.25868,171.73865,0.2507,-49.3,-112.55,-112.86,6,stop_loss,23.63002,0.32888,0.25275,4.23548,,2022
GBPJPY,-1,2022-11-02 05:00:00,2022-11-02 15:00:00,169.525,169.291,170.07842,168.41817,0.2213,23.4,47.12,46.81,10,time_exit,26.91121,0.36894,-2.07631,2.2393,,2022
GBPJPY,-1,2022-11-03 07:00:00,2022-11-03 11:00:00,168.113,167.08362,168.62769,167.08362,0.2389,102.9,223.79,223.47,4,take_profit,51.28706,0.34313,-3.33987,-0.16759,london,2022
GBPJPY,1,2022-11-07 01:00:00,2022-11-07 10:00:00,166.362,167.685,165.7005,167.685,0.1896,132.3,228.27,227.95,9,take_profit,35.48891,0.441,-0.95037,-3.44769,,2022
GBPJPY,-1,2022-11-08 06:00:00,2022-11-08 11:00:00,168.807,167.8295,169.29575,167.8295,0.2618,97.7,232.88,232.56,5,take_profit,35.40751,0.32583,3.41614,-1.4333,,2022
GBPJPY,-1,2022-11-09 15:00:00,2022-11-10 01:00:00,166.999,166.195,167.61492,165.76717,0.2119,80.4,155.03,154.72,10,time_exit,25.55422,0.41061,-1.83524,-0.78732,london,2022
GBPJPY,1,2022-11-10 05:00:00,2022-11-10 15:00:00,166.545,166.819,166.02497,167.58506,0.2542,27.4,63.38,63.06,10,time_exit,38.08094,0.34669,-1.84196,-1.95216,,2022
GBPJPY,1,2022-11-11 05:00:00,2022-11-11 11:00:00,165.791,164.98201,164.98201,167.40897,0.1643,-80.9,-120.95,-121.27,6,stop_loss,27.23734,0.53932,-1.17868,-1.94139,,2022
GBPJPY,-1,2022-11-14 17:00:00,2022-11-15 03:00:00,164.962,164.806,165.72622,163.43355,0.1721,15.6,24.43,24.11,10,time_exit,28.21169,0.50948,-0.17873,-3.05002,new_york,2022
GBPJPY,-1,2022-11-15 11:00:00,2022-11-15 14:00:00,165.16,165.82392,165.82392,163.83216,0.1985,-66.4,-119.93,-120.25,3,stop_loss,15.54386,0.44261,0.40534,-3.02376,london,2022
GBPJPY,-1,2022-11-15 15:00:00,2022-11-15 21:00:00,165.844,164.43861,166.54669,164.43861,0.1857,140.5,237.49,237.17,6,take_profit,14.73812,0.46846,1.74877,-2.6746,london,2022
GBPJPY,-1,2022-11-18 08:00:00,2022-11-18 10:00:00,166.384,166.87259,166.87259,165.40682,0.2724,-48.9,-121.11,-121.43,2,stop_loss,16.04846,0.32573,1.17514,-0.36069,london,2022
GBPJPY,1,2022-11-22 05:00:00,2022-11-22 10:00:00,168.031,167.63316,167.63316,168.82667,0.3312,-39.8,-119.9,-120.22,5,stop_loss,32.48881,0.26522,3.56689,2.30233,,2022
GBPJPY,1,2022-11-28 00:00:00,2022-11-28 03:00:00,167.927,167.46788,167.46788,168.84524,0.2841,-45.9,-118.7,-119.02,3,stop_loss,14.41692,0.30608,0.65996,2.14588,,2022
GBPJPY,1,2022-11-28 14:00:00,2022-11-28 20:00:00,167.083,166.50048,166.50048,168.24805,0.2217,-58.3,-117.52,-117.84,6,stop_loss,32.68245,0.38835,-1.36589,0.64021,london,2022
GBPJPY,-1,2022-11-29 07:00:00,2022-11-29 17:00:00,166.443,165.979,166.97172,165.38557,0.2418,46.4,102.1,101.78,10,time_exit,28.32334,0.35248,-1.63522,-0.56391,london,2022
GBPJPY,-1,2022-12-06 22:00:00,2022-12-07 08:00:00,166.258,166.84631,166.84631,165.08138,0.2192,-58.8,-117.35,-117.67,10,stop_loss,13.5507,0.39221,-0.19768,-0.03096,,2022
GBPJPY,1,2022-12-07 08:00:00,2022-12-07 18:00:00,166.639,166.514,166.1597,167.5976,0.2664,-12.5,-30.3,-30.62,10,time_exit,10.97818,0.31953,0.91171,-0.00333,london,2022
GBPJPY,1,2022-12-09 02:00:00,2022-12-09 05:00:00,167.142,166.72742,166.72742,167.97116,0.3071,-41.5,-115.86,-116.18,3,stop_loss,12.67321,0.27639,1.29749,0.9873,,2022
GBPJPY,-1,2022-12-09 13:00:00,2022-12-09 16:00:00,166.745,167.20844,167.20844,165.81813,0.272,-46.3,-114.71,-115.03,3,stop_loss,10.56341,0.30896,-0.28122,0.86071,london,2022
GBPJPY,-1,2022-12-12 13:00:00,2022-12-12 15:00:00,167.93,168.39521,168.39521,166.99959,0.2682,-46.5,-113.54,-113.86,2,stop_loss,14.39829,0.31014,2.28253,1.51807,london,2022
GBPJPY,-1,2022-12-12 15:00:00,2022-12-12 18:00:00,168.317,168.79784,168.79784,167.35531,0.2569,-48.1,-112.41,-112.73,3,stop_loss,16.17808,0.32056,3.21874,1.60445,london,2022
GBPJPY,1,2022-12-12 21:00:00,2022-12-13 07:00:00,168.738,168.941,168.222,169.76999,0.237,20.3,43.78,43.46,10,time_exit,24.42847,0.344,3.37855,2.00917,new_york,2022
GBPJPY,1,2022-12-20 10:00:00,2022-12-20 17:00:00,161.036,159.85773,159.85773,163.39253,0.1042,-117.8,-111.73,-112.04,7,stop_loss,27.48285,0.78551,-5.89181,-1.42969,london,2022
GBPJPY,-1,2022-12-20 23:00:00,2022-12-21 09:00:00,160.388,160.516,161.45712,158.24975,0.1137,-12.8,-13.24,-13.56,10,time_exit,44.66762,0.71275,-4.33784,-3.54036,,2022
GBPJPY,1,2022-12-21 21:00:00,2022-12-22 07:00:00,159.715,159.853,158.95398,161.23703,0.1595,13.8,20.03,19.71,10,time_exit,29.75137,0.50734,-3.60427,-6.54013,new_york,2022
GBPJPY,1,2022-12-23 05:00:00,2022-12-23 15:00:00,159.685,159.911,159.17046,160.71407,0.2364,22.6,48.62,48.3,10,time_exit,18.35715,0.34302,-1.06029,-9.7675,,2022
GBPJPY,1,2022-12-27 21:00:00,2022-12-28 05:00:00,160.482,161.37029,160.03785,161.37029,0.275,88.8,222.3,221.98,8,take_profit,25.08144,0.2961,0.60927,-6.99868,new_york,2022
GBPJPY,1,2022-12-28 07:00:00,2022-12-28 16:00:00,161.092,161.92124,160.67738,161.92124,0.3005,82.9,226.76,226.44,9,take_profit,31.92603,0.27641,2.28598,-6.36944,london,2022
GBPJPY,-1,2022-12-28 16:00:00,2022-12-28 17:00:00,161.705,162.14007,162.14007,160.83486,0.2921,-43.5,-115.65,-115.96,1,stop_loss,41.29517,0.29005,3.31903,-4.85083,new_york,2022
GBPJPY,1,2022-12-29 17:00:00,2022-12-30 02:00:00,160.218,159.74881,159.74881,161.15637,0.2681,-46.9,-114.47,-114.79,9,stop_loss,24.53208,0.31279,-2.30854,-3.13596,new_york,2022
GBPJPY,1,2022-12-30 06:00:00,2022-12-30 09:00:00,159.807,159.39533,159.39533,160.63034,0.3025,-41.2,-113.32,-113.64,3,stop_loss,37.38519,0.27445,-3.03145,-3.9339,,2022
GBPJPY,1,2023-01-02 06:00:00,2023-01-02 14:00:00,158.137,157.51593,157.51593,159.37914,0.1985,-62.1,-112.19,-112.51,8,stop_loss,41.91153,0.41405,-2.99293,-4.0921,,2023
GBPJPY,1,2023-01-02 18:00:00,2023-01-03 01:00:00,157.499,158.34374,157.07663,158.34374,0.289,84.5,222.16,221.84,7,take_profit,41.78494,0.28158,-4.42205,-6.9227,new_york,2023
GBPJPY,1,2023-01-03 05:00:00,2023-01-03 10:00:00,156.929,156.40629,156.40629,157.97441,0.2382,-52.3,-113.3,-113.62,5,stop_loss,39.12781,0.34847,-3.82417,-6.00373,,2023
GBPJPY,-1,2023-01-04 21:00:00,2023-01-05 07:00:00,159.813,159.472,160.5048,158.42941,0.1781,34.1,55.27,54.95,10,time_exit,34.44067,0.4612,4.85072,-3.71325,new_york,2023
GBPJPY,1,2023-01-06 18:00:00,2023-01-09 04:00:00,159.534,159.393,158.89488,160.81224,0.1938,-14.1,-24.87,-25.18,10,time_exit,17.92149,0.42608,1.16329,-0.60066,new_york,2023
GBPJPY,1,2023-01-09 04:00:00,2023-01-09 09:00:00,159.586,160.58545,159.08627,160.58545,0.2473,99.9,224.92,224.6,5,take_profit,11.8653,0.33315,1.01011,-0.2566,,2023
GBPJPY,-1,2023-01-10 13:00:00,2023-01-10 23:00:00,160.631,160.687,161.08366,159.72569,0.2784,-5.6,-14.19,-14.51,10,time_exit,19.80064,0.30177,1.55276,1.69127,london,2023
GBPJPY,-1,2023-01-11 20:00:00,2023-01-12 06:00:00,160.579,159.936,161.02214,159.69272,0.2841,64.3,166.24,165.92,10,time_exit,15.28941,0.29543,-0.04931,2.19541,new_york,2023
GBPJPY,1,2023-01-12 15:00:00,2023-01-12 17:00:00,158.565,158.01379,158.01379,159.66741,0.2317,-55.1,-116.22,-116.54,2,stop_loss,38.31704,0.36747,-4.61929,0.80064,london,2023
GBPJPY,1,2023-01-13 18:00:00,2023-01-16 04:00:00,155.756,156.42,155.10878,157.05044,0.1953,66.4,118.01,117.69,10,time_exit,63.07659,0.43148,-5.6863,-2.62203,new_york,2023
GBPJPY,1,2023-01-16 04:00:00,2023-01-16 14:00:00,156.679,156.521,156.10321,157.83057,0.2218,-15.8,-31.89,-32.21,10,time_exit,47.28992,0.38386,-2.41744,-3.79036,,2023
GBPJPY,-1,2023-01-16 15:00:00,2023-01-17 01:00:00,156.52,156.669,157.09919,155.36162,0.2199,-14.9,-29.82,-30.13,10,time_exit,27.47197,0.38613,-1.8484,-4.0445,london,2023
GBPJPY,1,2023-01-17 22:00:00,2023-01-18 04:00:00,157.527,158.56514,157.00793,158.56514,0.2447,103.8,231.17,230.85,6,take_profit,24.74252,0.34605,0.97551,-3.34476,,2023
GBPJPY,1,2023-01-19 12:00:00,2023-01-19 22:00:00,158.309,159.089,157.66657,159.59386,0.2017,78.0,143.17,142.85,10,time_exit,22.19172,0.42829,-0.21787,-0.24853,london,2023
GBPJPY,1,2023-01-20 20:00:00,2023-01-23 06:00:00,160.696,161.01,160.16282,161.76235,0.2459,31.4,70.26,69.94,10,time_exit,36.18404,0.35545,3.53319,1.74094,new_york,2023
GBPJPY,-1,2023-01-23 23:00:00,2023-01-24 09:00:00,161.707,161.078,162.15262,160.81577,0.296,62.9,169.43,169.11,10,time_exit,36.01141,0.29708,3.79197,4.12928,,2023
GBPJPY,-1,2023-01-25 02:00:00,2023-01-25 12:00:00,160.573,159.901,161.0368,159.64541,0.2884,67.2,176.36,176.04,10,time_exit,19.67486,0.3092,-0.34058,3.14706,,2023
GBPJPY,-1,2023-01-26 07:00:00,2023-01-26 09:00:00,160.252,160.69707,160.69707,159.36187,0.3049,-44.5,-123.49,-123.81,2,stop_loss,21.36689,0.29671,-0.76363,2.03221,london,2023
GBPJPY,-1,2023-01-26 15:00:00,2023-01-26 16:00:00,160.834,161.31039,161.31039,159.88123,0.282,-47.6,-122.25,-122.57,1,stop_loss,20.49599,0.31759,0.89575,1.90902,london,2023
GBPJPY,-1,2023-01-27 15:00:00,2023-01-27 21:00:00,160.588,161.0243,161.0243,159.7154,0.3048,-43.6,-121.02,-121.33,6,stop_loss,20.12325,0.29087,-0.81696,2.23077,london,2023
GBPJPY,-1,2023-01-31 10:00:00,2023-01-31 15:00:00,160.721,160.0242,161.0694,160.0242,0.3779,69.7,239.62,239.3,5,take_profit,17.56164,0.23227,-0.95593,2.10607,london,2023
GBPJPY,-1,2023-02-01 02:00:00,2023-02-01 08:00:00,160.141,160.51061,160.51061,159.40178,0.3633,-37.0,-122.19,-122.51,6,stop_loss,27.10857,0.24641,-2.09135,0.89242,,2023
GBPJPY,-1,2023-02-01 14:00:00,2023-02-01 17:00:00,160.012,159.29625,160.36987,159.29625,0.3715,71.6,241.97,241.65,3,take_profit,22.60737,0.23858,-1.9149,0.25819,london,2023
GBPJPY,1,2023-02-01 22:00:00,2023-02-02 08:00:00,159.266,159.335,158.80769,160.18261,0.2959,6.9,18.58,18.26,10,time_exit,32.18916,0.30554,-2.93927,-0.54324,,2023
GBPJPY,-1,2023-02-02 21:00:00,2023-02-03 07:00:00,157.459,157.077,158.04578,156.28543,0.2314,38.2,80.44,80.12,10,time_exit,42.15871,0.39119,-4.4757,-2.00642,new_york,2023
GBPJPY,1,2023-02-03 07:00:00,2023-02-03 16:00:00,156.946,157.8873,156.47535,157.8873,0.2904,94.1,248.75,248.43,9,take_profit,52.39247,0.31377,-5.08788,-3.78557,london,2023
GBPJPY,-1,2023-02-06 01:00:00,2023-02-06 04:00:00,158.787,159.38709,159.38709,157.58682,0.2323,-60.0,-126.86,-127.17,3,stop_loss,36.41681,0.40006,1.43099,-3.0555,,2023
GBPJPY,-1,2023-02-07 02:00:00,2023-02-07 10:00:00,159.494,158.60164,159.94018,158.60164,0.3093,89.2,251.17,250.85,8,take_profit,37.08784,0.29745,2.03161,-1.63438,,2023
GBPJPY,-1,2023-02-07 23:00:00,2023-02-08 09:00:00,157.829,158.29055,158.29055,156.90591,0.305,-46.2,-128.1,-128.42,10,stop_loss,43.61453,0.3077,-2.47166,-2.00461,,2023
GBPJPY,1,2023-02-10 13:00:00,2023-02-10 23:00:00,158.554,158.423,157.97171,159.71858,0.2393,-13.1,-28.53,-28.85,10,time_exit,20.03287,0.38819,-0.83407,-0.34244,london,2023
GBPJPY,-1,2023-02-13 11:00:00,2023-02-13 13:00:00,159.539,159.94835,159.94835,158.7203,0.3396,-40.9,-126.5,-126.82,2,stop_loss,19.50173,0.2729,2.60052,-0.44451,london,2023
GBPJPY,1,2023-02-16 12:00:00,2023-02-16 15:00:00,161.382,161.0042,161.0042,162.1376,0.3643,-37.8,-125.25,-125.56,3,stop_loss,17.68085,0.25187,1.05815,4.05644,london,2023
GBPJPY,1,2023-02-21 04:00:00,2023-02-21 10:00:00,161.519,162.05682,161.25009,162.05682,0.5067,53.8,247.99,247.67,6,take_profit,17.15277,0.17927,0.88551,3.97289,,2023
GBPJPY,1,2023-02-22 09:00:00,2023-02-22 10:00:00,163.224,162.81317,162.81317,164.04565,0.3383,-41.1,-126.47,-126.79,1,stop_loss,39.44039,0.27388,2.50913,4.78671,london,2023
GBPJPY,1,2023-02-22 16:00:00,2023-02-22 17:00:00,162.874,162.46979,162.46979,163.68241,0.3404,-40.4,-125.21,-125.53,1,stop_loss,29.44603,0.26947,0.88821,4.79474,new_york,2023
GBPJPY,-1,2023-02-24 01:00:00,2023-02-24 10:00:00,161.87,162.2094,162.2094,161.19121,0.4013,-33.9,-123.94,-124.26,9,stop_loss,31.82249,0.22626,-2.32149,3.32146,,2023
GBPJPY,1,2023-02-24 11:00:00,2023-02-24 15:00:00,162.402,161.96377,161.96377,163.27845,0.3077,-43.8,-122.71,-123.03,4,stop_loss,40.26127,0.29215,0.55713,1.98867,london,2023
GBPJPY,-1,2023-02-27 23:00:00,2023-02-28 09:00:00,164.287,164.594,164.67917,163.50267,0.3404,-30.7,-95.1,-95.42,10,time_exit,37.50006,0.26144,4.75863,3.58365,,2023
GBPJPY,1,2023-02-28 09:00:00,2023-02-28 10:00:00,164.236,164.86439,163.9218,164.86439,0.4215,62.8,241.03,240.71,1,take_profit,43.53376,0.20946,3.78969,5.36743,london,2023
GBPJPY,-1,2023-03-01 17:00:00,2023-03-02 03:00:00,163.436,163.713,164.02982,162.24835,0.2275,-27.7,-57.35,-57.66,10,time_exit,26.6521,0.39588,-1.31143,2.69944,new_york,2023
GBPJPY,-1,2023-03-06 03:00:00,2023-03-06 11:00:00,163.398,163.72946,163.72946,162.73508,0.4056,-33.1,-122.34,-122.66,8,stop_loss,15.91421,0.22097,-0.42799,1.68258,,2023
GBPJPY,1,2023-03-06 15:00:00,2023-03-07 01:00:00,163.241,163.53,162.85272,164.01756,0.3428,28.9,90.15,89.83,10,time_exit,17.67496,0.25885,-0.78797,1.14532,london,2023
GBPJPY,-1,2023-03-07 20:00:00,2023-03-08 02:00:00,162.164,162.62571,162.62571,161.24057,0.2904,-46.2,-122.01,-122.33,6,stop_loss,21.29195,0.30781,-3.73596,0.39062,new_york,2023
GBPJPY,-1,2023-03-08 04:00:00,2023-03-08 06:00:00,162.428,162.82537,162.82537,161.63327,0.3341,-39.7,-120.81,-121.13,2,stop_loss,27.96584,0.26491,-2.29377,-0.33427,,2023
GBPJPY,1,2023-03-10 05:00:00,2023-03-10 11:00:00,162.938,163.97363,162.42019,163.97363,0.2538,103.6,239.19,238.87,6,take_profit,18.77873,0.34521,1.52418,-1.18079,,2023
GBPJPY,1,2023-03-13 02:00:00,2023-03-13 12:00:00,162.452,161.65983,161.65983,164.03634,0.1692,-79.2,-121.97,-122.29,10,stop_loss,20.90613,0.52811,-0.39602,-0.34952,,2023
GBPJPY,-1,2023-03-13 14:00:00,2023-03-13 20:00:00,161.194,162.08081,162.08081,159.42039,0.1496,-88.7,-120.73,-121.04,6,stop_loss,18.11672,0.5912,-2.19869,-0.46991,london,2023
GBPJPY,-1,2023-03-15 00:00:00,2023-03-15 10:00:00,163.162,163.86639,163.86639,161.75321,0.1865,-70.4,-119.55,-119.86,10,stop_loss,15.36828,0.4696,0.96593,-0.01052,,2023
GBPJPY,1,2023-03-17 07:00:00,2023-03-17 14:00:00,161.721,161.04576,161.04576,163.07147,0.1926,-67.5,-118.35,-118.66,7,stop_loss,15.2595,0.45016,0.75249,-1.67609,london,2023
GBPJPY,1,2023-03-20 21:00:00,2023-03-21 07:00:00,161.478,160.834,160.64297,163.14806,0.1542,-64.4,-90.37,-90.69,10,time_exit,17.37367,0.55669,0.88719,-1.37351,new_york,2023
GBPJPY,-1,2023-03-21 10:00:00,2023-03-21 11:00:00,161.367,161.94284,161.94284,160.21532,0.2219,-57.6,-116.28,-116.6,1,stop_loss,13.2222,0.38389,0.87843,-1.66755,london,2023
GBPJPY,-1,2023-03-21 15:00:00,2023-03-22 01:00:00,162.032,161.77,162.59685,160.90229,0.2239,26.2,53.38,53.06,10,time_exit,17.27184,0.37657,2.28612,-1.33171,london,2023
GBPJPY,-1,2023-03-28 21:00:00,2023-03-29 03:00:00,161.19,161.75198,161.75198,160.06604,0.2261,-56.2,-115.63,-115.95,6,stop_loss,16.24886,0.37465,0.49753,-0.41201,new_york,2023
GBPJPY,1,2023-03-29 04:00:00,2023-03-29 14:00:00,161.987,162.94165,161.50967,162.94165,0.2635,95.5,228.91,228.59,10,take_profit,12.62424,0.31822,2.66727,-0.15347,,2023
GBPJPY,1,2023-03-30 02:00:00,2023-03-30 12:00:00,163.359,163.883,162.91591,164.24519,0.2895,52.4,138.05,137.73,10,time_exit,37.01231,0.2954,3.70986,2.45092,,2023
GBPJPY,-1,2023-04-04 02:00:00,2023-04-04 06:00:00,164.329,164.76835,164.76835,163.4503,0.2954,-43.9,-118.1,-118.42,4,stop_loss,13.74813,0.2929,0.50034,4.30238,,2023
GBPJPY,-1,2023-04-07 07:00:00,2023-04-07 17:00:00,163.93,164.064,164.30554,163.17891,0.3422,-13.4,-41.73,-42.05,10,time_exit,12.25899,0.25036,0.30366,1.35722,london,2023
GBPJPY,-1,2023-04-07 20:00:00,2023-04-10 03:00:00,164.102,164.4473,164.4473,163.4114,0.3708,-34.5,-116.51,-116.83,7,stop_loss,16.56989,0.2302,0.89422,1.42691,new_york,2023
GBPJPY,-1,2023-04-10 08:00:00,2023-04-10 14:00:00,164.571,164.93075,164.93075,163.85149,0.3523,-36.0,-115.33,-115.65,6,stop_loss,24.38471,0.23984,2.06444,1.75138,london,2023
GBPJPY,-1,2023-04-10 23:00:00,2023-04-11 09:00:00,165.411,165.684,165.82362,164.58577,0.3041,-27.3,-75.55,-75.87,10,time_exit,31.34234,0.27508,3.42254,2.3319,,2023
GBPJPY,-1,2023-04-11 13:00:00,2023-04-11 17:00:00,165.577,165.95665,165.95665,164.8177,0.3283,-38.0,-113.42,-113.74,4,stop_loss,32.60188,0.2531,2.66458,3.3935,london,2023
GBPJPY,-1,2023-04-11 17:00:00,2023-04-11 18:00:00,165.653,166.0386,166.0386,164.88181,0.32,-38.6,-112.29,-112.6,1,stop_loss,31.40312,0.25706,2.52731,3.50373,new_york,2023
GBPJPY,-1,2023-04-12 01:00:00,2023-04-12 05:00:00,166.092,166.4189,166.4189,165.43821,0.3737,-32.7,-111.17,-111.49,4,stop_loss,40.37899,0.21793,3.65419,4.74231,,2023
GBPJPY,-1,2023-04-12 06:00:00,2023-04-12 14:00:00,166.432,165.78571,166.75515,165.78571,0.3743,64.6,220.14,219.82,8,take_profit,43.32803,0.21543,4.56873,5.118,,2023
GBPJPY,-1,2023-04-12 14:00:00,2023-04-12 19:00:00,165.923,166.28552,166.28552,165.19795,0.3403,-36.3,-112.26,-112.58,5,stop_loss,38.94537,0.24168,1.1025,4.83527,london,2023
GBPJPY,-1,2023-04-12 20:00:00,2023-04-13 06:00:00,166.281,166.405,166.7259,165.3912,0.2745,-12.4,-30.97,-31.29,10,time_exit,29.72055,0.2966,1.82354,3.89528,new_york,2023
GBPJPY,-1,2023-04-14 02:00:00,2023-04-14 12:00:00,166.017,165.743,166.41418,165.22265,0.3066,27.4,76.45,76.13,10,time_exit,18.68636,0.26478,-0.16932,3.98026,,2023
GBPJPY,-1,2023-04-17 10:00:00,2023-04-17 11:00:00,166.439,165.71476,166.80112,165.71476,0.3386,72.4,223.16,222.84,1,take_profit,14.30694,0.24141,1.56238,3.20654,london,2023
GBPJPY,1,2023-04-20 00:00:00,2023-04-20 10:00:00,167.528,167.17305,167.17305,168.2379,0.3523,-35.5,-113.8,-114.11,10,stop_loss,25.06342,0.23663,2.53425,4.11824,,2023
GBPJPY,-1,2023-04-20 13:00:00,2023-04-20 23:00:00,167.423,167.041,167.76004,166.74891,0.3673,38.2,127.68,127.36,10,time_exit,14.99355,0.2247,1.12123,4.40679,london,2023
GBPJPY,-1,2023-04-24 07:00:00,2023-04-24 13:00:00,167.081,167.43757,167.43757,166.36785,0.3511,-35.7,-113.93,-114.24,6,stop_loss,19.67478,0.23772,1.33648,1.72633,london,2023
GBPJPY,-1,2023-04-24 16:00:00,2023-04-25 02:00:00,167.504,167.591,167.92955,166.65291,0.2913,-8.7,-23.06,-23.38,10,time_exit,17.09634,0.2837,2.1639,1.64682,new_york,2023
GBPJPY,1,2023-04-25 12:00:00,2023-04-25 13:00:00,167.295,166.88361,166.88361,168.11778,0.3007,-41.1,-112.57,-112.89,1,stop_loss,13.32765,0.27426,0.11096,2.30789,london,2023
GBPJPY,1,2023-04-25 19:00:00,2023-04-25 21:00:00,166.064,165.56979,165.56979,167.05242,0.2478,-49.4,-111.44,-111.76,2,stop_loss,24.87067,0.32947,-3.02859,1.3417,new_york,2023
GBPJPY,-1,2023-04-26 08:00:00,2023-04-26 09:00:00,165.97,166.40366,166.40366,165.10267,0.2795,-43.4,-110.3,-110.62,1,stop_loss,35.35009,0.28911,-2.09597,0.16623,london,2023
GBPJPY,-1,2023-04-26 22:00:00,2023-04-27 08:00:00,166.336,166.89681,166.89681,165.21438,0.214,-56.1,-109.21,-109.53,10,stop_loss,19.11749,0.37387,-0.59283,0.07687,,2023
GBPJPY,1,2023-04-27 13:00:00,2023-04-27 23:00:00,166.49,167.39817,166.03591,167.39817,0.2616,90.8,216.2,215.88,10,take_profit,12.163,0.30272,-0.35427,0.18823,london,2023
GBPJPY,-1,2023-04-28 07:00:00,2023-04-28 08:00:00,167.028,167.59053,167.59053,165.90294,0.2154,-56.3,-110.26,-110.58,1,stop_loss,17.64748,0.37502,0.40302,0.64505,london,2023
GBPJPY,1,2023-05-02 07:00:00,2023-05-02 11:00:00,171.853,171.50268,171.50268,172.55365,0.3424,-35.0,-109.16,-109.47,4,stop_loss,34.92364,0.23355,4.76951,10.22322,london,2023
GBPJPY,-1,2023-05-02 13:00:00,2023-05-02 17:00:00,171.246,170.38501,171.67649,170.38501,0.2759,86.1,216.17,215.85,4,take_profit,32.71287,0.287,1.00499,8.38053,london,2023
GBPJPY,-1,2023-05-03 04:00:00,2023-05-03 13:00:00,170.277,169.4486,170.6912,169.4486,0.2925,82.8,220.5,220.18,9,take_profit,35.12092,0.27613,-1.71448,6.96211,,2023
GBPJPY,1,2023-05-05 21:00:00,2023-05-08 07:00:00,170.261,170.477,169.74935,171.2843,0.2415,21.6,47.47,47.15,10,time_exit,33.13011,0.3411,2.48979,1.06124,new_york,2023
GBPJPY,-1,2023-05-08 20:00:00,2023-05-09 06:00:00,170.27,170.251,170.67747,169.45505,0.3045,1.9,5.26,4.95,10,time_exit,35.03682,0.27165,0.60924,2.72319,new_york,2023
GBPJPY,1,2023-05-09 19:00:00,2023-05-10 05:00:00,170.524,170.695,170.13929,171.29342,0.3226,17.1,50.2,49.88,10,time_exit,15.6359,0.25647,1.2189,2.58186,new_york,2023
GBPJPY,-1,2023-05-10 17:00:00,2023-05-11 03:00:00,169.878,169.418,170.29859,169.03683,0.2964,46.0,124.07,123.75,10,time_exit,18.96634,0.28039,-2.00731,2.42277,new_york,2023
GBPJPY,-1,2023-05-11 11:00:00,2023-05-11 12:00:00,169.081,169.48015,169.48015,168.2827,0.3158,-39.9,-114.71,-115.03,1,stop_loss,38.8218,0.2661,-3.12499,0.76003,london,2023
GBPJPY,-1,2023-05-17 02:00:00,2023-05-17 12:00:00,170.261,170.411,170.64179,169.49942,0.3277,-15.0,-44.73,-45.05,10,time_exit,15.83984,0.25386,0.82758,1.45487,,2023
GBPJPY,-1,2023-05-18 03:00:00,2023-05-18 13:00:00,171.759,171.255,172.12224,171.03251,0.3421,50.4,156.9,156.58,10,time_exit,35.47639,0.24216,4.12673,3.22648,,2023
GBPJPY,-1,2023-05-19 01:00:00,2023-05-19 10:00:00,172.032,171.27266,172.41167,171.27266,0.3319,75.9,229.34,229.02,9,take_profit,23.23126,0.25311,2.68497,4.03595,,2023
GBPJPY,-1,2023-05-19 12:00:00,2023-05-19 13:00:00,171.46,171.81057,171.81057,170.75887,0.3666,-35.1,-116.95,-117.27,1,stop_loss,20.08807,0.23371,0.00524,4.24673,london,2023
GBPJPY,1,2023-05-22 22:00:00,2023-05-23 08:00:00,172.406,172.258,171.92939,173.35922,0.2669,-14.8,-35.95,-36.26,10,time_exit,17.3685,0.31774,1.95971,2.88125,,2023
GBPJPY,-1,2023-05-24 07:00:00,2023-05-24 09:00:00,172.009,172.3594,172.3594,171.30819,0.3619,-35.0,-115.4,-115.72,2,stop_loss,9.74701,0.2336,0.1632,3.27945,london,2023
GBPJPY,-1,2023-05-24 17:00:00,2023-05-24 19:00:00,171.866,172.39507,172.39507,170.80786,0.2373,-52.9,-114.25,-114.57,2,stop_loss,12.30239,0.35271,-0.23177,1.92879,new_york,2023
GBPJPY,1,2023-05-25 15:00:00,2023-05-25 16:00:00,172.551,172.09918,172.09918,173.45463,0.2751,-45.2,-113.11,-113.43,1,stop_loss,8.14585,0.30121,1.22257,2.33934,london,2023
GBPJPY,-1,2023-05-29 19:00:00,2023-05-30 05:00:00,173.417,173.197,173.73717,172.77665,0.3843,22.0,76.94,76.62,10,time_exit,19.22505,0.21345,1.62605,4.46863,new_york,2023
GBPJPY,1,2023-05-30 07:00:00,2023-05-30 09:00:00,173.187,173.73768,172.91166,173.73768,0.45,55.1,225.5,225.18,2,take_profit,15.3961,0.18356,-0.05575,5.08619,london,2023
GBPJPY,-1,2023-05-30 22:00:00,2023-05-31 08:00:00,173.301,172.835,173.78936,172.32427,0.2587,46.6,109.7,109.39,10,time_exit,14.13273,0.32558,-0.14726,2.79148,,2023
GBPJPY,1,2023-06-01 20:00:00,2023-06-02 06:00:00,173.95,173.955,173.43977,174.97045,0.25,0.5,1.14,0.82,10,time_exit,19.2578,0.34015,1.42851,1.97043,new_york,2023
GBPJPY,1,2023-06-02 14:00:00,2023-06-05 00:00:00,174.014,174.191,173.6726,174.6968,0.3737,17.7,60.19,59.87,10,time_exit,18.92795,0.2276,1.25545,3.27435,london,2023
GBPJPY,1,2023-06-06 22:00:00,2023-06-07 04:00:00,173.591,173.22597,173.22597,174.32106,0.3513,-36.5,-116.69,-117.01,6,stop_loss,19.54353,0.24335,0.03568,1.1841,,2023
GBPJPY,1,2023-06-08 05:00:00,2023-06-08 15:00:00,174.165,174.036,173.8193,174.8564,0.3672,-12.9,-43.11,-43.42,10,time_exit,27.16378,0.23047,1.78671,1.5141,,2023
GBPJPY,1,2023-06-09 08:00:00,2023-06-09 16:00:00,174.717,175.29431,174.42834,175.29431,0.4381,57.7,230.16,229.84,8,take_profit,23.28824,0.19244,2.81267,2.85117,london,2023
GBPJPY,1,2023-06-12 00:00:00,2023-06-12 10:00:00,175.104,175.63,174.76573,175.78053,0.3813,52.6,182.51,182.19,10,time_exit,29.07632,0.22551,2.8825,3.58936,,2023
GBPJPY,1,2023-06-13 07:00:00,2023-06-13 09:00:00,174.706,175.33007,174.39397,175.33007,0.4198,62.4,238.4,238.09,2,take_profit,28.30569,0.20802,-0.52631,3.19817,london,2023
GBPJPY,-1,2023-06-14 20:00:00,2023-06-14 23:00:00,176.915,177.25221,177.25221,176.24058,0.3962,-33.7,-121.58,-121.9,3,stop_loss,36.52828,0.22481,3.27205,5.89432,new_york,2023
GBPJPY,-1,2023-06-16 07:00:00,2023-06-16 09:00:00,179.53,180.01043,180.01043,178.56913,0.2753,-48.0,-120.36,-120.68,2,stop_loss,39.87815,0.32029,4.2787,6.86157,london,2023
GBPJPY,1,2023-06-16 21:00:00,2023-06-19 06:00:00,181.95,181.34569,181.34569,183.15862,0.2167,-60.4,-119.17,-119.49,9,stop_loss,53.71553,0.40287,6.44475,6.82943,new_york,2023
GBPJPY,-1,2023-06-19 08:00:00,2023-06-19 10:00:00,181.302,181.77577,181.77577,180.35445,0.2736,-47.4,-117.96,-118.28,2,stop_loss,46.82711,0.31585,3.4225,9.74363,london,2023
GBPJPY,1,2023-06-21 04:00:00,2023-06-21 12:00:00,180.791,180.36879,180.36879,181.63543,0.304,-42.2,-116.8,-117.12,8,stop_loss,32.67229,0.28148,0.11881,7.89683,,2023
GBPJPY,-1,2023-06-21 20:00:00,2023-06-22 06:00:00,181.051,180.983,181.58929,179.97442,0.236,6.8,14.6,14.29,10,time_exit,19.64111,0.35886,0.81127,5.28529,new_york,2023
GBPJPY,-1,2023-06-22 14:00:00,2023-06-22 18:00:00,181.623,182.03853,182.03853,180.79195,0.3061,-41.6,-115.75,-116.06,4,stop_loss,14.90763,0.27702,2.36326,6.15854,london,2023
GBPJPY,-1,2023-06-23 13:00:00,2023-06-23 18:00:00,182.159,182.8025,182.8025,180.87199,0.1957,-64.4,-114.6,-114.92,5,stop_loss,29.37366,0.429,1.29385,4.18349,london,2023
GBPJPY,-1,2023-06-23 23:00:00,2023-06-26 09:00:00,182.876,182.591,183.4602,181.70759,0.2134,28.5,55.35,55.03,10,time_exit,20.55439,0.38947,2.52796,4.7027,,2023
GBPJPY,-1,2023-06-27 03:00:00,2023-06-27 08:00:00,182.349,182.74757,182.74757,181.55187,0.3143,-39.9,-113.99,-114.31,5,stop_loss,14.97852,0.26571,0.35298,6.05924,,2023
GBPJPY,1,2023-06-27 15:00:00,2023-06-27 17:00:00,182.708,183.49408,182.31496,183.49408,0.3155,78.6,225.69,225.37,2,take_profit,14.95547,0.26203,1.03744,5.9567,london,2023
GBPJPY,1,2023-06-29 12:00:00,2023-06-29 22:00:00,182.419,182.699,182.04073,183.17554,0.3344,28.0,85.21,84.89,10,time_exit,18.82142,0.25218,-0.97902,4.24753,london,2023
GBPJPY,-1,2023-06-30 02:00:00,2023-06-30 04:00:00,182.566,182.89001,182.89001,181.91798,0.3933,-32.4,-115.96,-116.28,2,stop_loss,12.31237,0.21601,-0.35306,4.23046,,2023
GBPJPY,-1,2023-07-05 19:00:00,2023-07-06 05:00:00,183.697,183.254,184.09652,182.89796,0.3157,44.3,127.27,126.95,10,time_exit,12.90216,0.26635,0.57781,2.95843,new_york,2023
GBPJPY,1,2023-07-06 08:00:00,2023-07-06 10:00:00,182.895,182.50737,182.50737,183.67027,0.329,-38.8,-116.05,-116.37,2,stop_loss,21.97054,0.25842,-2.34884,2.5554,london,2023
GBPJPY,1,2023-07-06 12:00:00,2023-07-06 16:00:00,183.042,183.96163,182.58219,183.96163,0.2746,92.0,229.8,229.48,4,take_profit,27.41587,0.30654,-1.23637,1.8691,london,2023
GBPJPY,-1,2023-07-10 09:00:00,2023-07-10 14:00:00,182.699,181.71611,183.19044,181.71611,0.2621,98.3,234.43,234.11,5,take_profit,22.84731,0.32763,-0.70827,0.17516,london,2023
GBPJPY,-1,2023-07-12 16:00:00,2023-07-13 02:00:00,180.334,179.766,180.81893,179.36413,0.2709,56.8,140.02,139.7,10,time_exit,26.82086,0.32329,-2.91366,-2.87507,new_york,2023
GBPJPY,-1,2023-07-13 04:00:00,2023-07-13 09:00:00,179.989,180.47488,180.47488,179.01724,0.2735,-48.6,-120.93,-121.25,5,stop_loss,36.96644,0.32392,-2.27121,-3.73862,,2023
GBPJPY,-1,2023-07-17 01:00:00,2023-07-17 11:00:00,181.58,181.222,182.04201,180.65598,0.2848,35.8,92.78,92.46,10,time_exit,18.23705,0.30801,0.98929,-1.34844,,2023
GBPJPY,-1,2023-07-18 02:00:00,2023-07-18 12:00:00,181.384,181.058,181.86513,180.42174,0.2756,32.6,81.76,81.44,10,time_exit,12.73458,0.32075,0.10568,-0.80447,,2023
GBPJPY,1,2023-07-19 17:00:00,2023-07-20 03:00:00,180.261,180.522,179.67102,181.44096,0.2262,26.1,53.72,53.41,10,time_exit,15.30253,0.39332,-2.07003,-0.91391,new_york,2023
GBPJPY,1,2023-07-20 17:00:00,2023-07-21 03:00:00,180.062,180.245,179.63227,180.92146,0.312,18.3,51.96,51.64,10,time_exit,27.07408,0.28649,-1.78138,-2.1425,new_york,2023
GBPJPY,-1,2023-07-25 20:00:00,2023-07-26 06:00:00,181.648,181.723,182.09074,180.76251,0.3041,-7.5,-20.75,-21.07,10,time_exit,17.67627,0.29516,0.72753,0.40113,new_york,2023
GBPJPY,-1,2023-07-26 11:00:00,2023-07-26 21:00:00,181.507,181.397,181.89357,180.73386,0.3477,11.0,34.8,34.49,10,time_exit,21.76902,0.25771,-0.22021,0.73997,london,2023
GBPJPY,-1,2023-07-28 02:00:00,2023-07-28 06:00:00,178.133,178.98705,178.98705,176.42489,0.1578,-85.4,-122.64,-122.96,4,stop_loss,37.56319,0.56937,-4.69576,-0.71134,,2023
GBPJPY,-1,2023-07-28 14:00:00,2023-07-28 15:00:00,178.973,180.24819,180.24819,176.42261,0.1046,-127.5,-121.38,-121.7,1,stop_loss,30.42818,0.85013,-1.05103,-1.19768,london,2023
GBPJPY,1,2023-07-31 02:00:00,2023-07-31 10:00:00,181.016,182.77072,180.13864,182.77072,0.1505,175.5,240.32,240.0,8,take_profit,30.08871,0.58491,1.27364,-1.04828,,2023
GBPJPY,1,2023-08-01 17:00:00,2023-08-01 18:00:00,183.066,182.61869,182.61869,183.96062,0.3012,-44.7,-122.6,-122.92,1,stop_loss,34.95857,0.29821,2.65707,2.60249,new_york,2023
GBPJPY,1,2023-08-02 15:00:00,2023-08-03 01:00:00,182.268,182.169,181.75076,183.30248,0.2579,-9.9,-23.23,-23.55,10,time_exit,26.35041,0.34483,-0.63167,2.24741,london,2023
GBPJPY,-1,2023-08-03 06:00:00,2023-08-03 07:00:00,182.187,182.61851,182.61851,181.32397,0.3085,-43.2,-121.14,-121.46,1,stop_loss,25.00824,0.28768,-0.56323,1.99165,,2023
GBPJPY,1,2023-08-03 09:00:00,2023-08-03 10:00:00,182.389,181.94167,181.94167,183.28366,0.2946,-44.7,-119.92,-120.24,1,stop_loss,24.29717,0.29822,0.13906,1.86838,london,2023
GBPJPY,1,2023-08-03 15:00:00,2023-08-04 01:00:00,180.765,181.153,180.13786,182.01929,0.208,38.8,73.44,73.12,10,time_exit,30.08337,0.4181,-3.21369,0.8296,london,2023
GBPJPY,1,2023-08-04 08:00:00,2023-08-04 17:00:00,181.367,180.88337,180.88337,182.33427,0.2714,-48.4,-119.45,-119.76,9,stop_loss,19.53742,0.32242,-1.01554,0.01818,london,2023
GBPJPY,1,2023-08-07 17:00:00,2023-08-07 21:00:00,181.388,182.18802,180.98799,182.18802,0.3249,80.0,236.53,236.22,4,take_profit,16.95646,0.26667,0.5956,-1.03473,new_york,2023
GBPJPY,-1,2023-08-08 16:00:00,2023-08-08 18:00:00,181.777,182.25373,182.25373,180.82354,0.278,-47.7,-120.6,-120.92,2,stop_loss,31.34725,0.31782,-0.33552,0.6482,new_york,2023
GBPJPY,-1,2023-08-09 05:00:00,2023-08-09 15:00:00,182.764,182.534,183.18762,181.91676,0.3097,23.0,64.82,64.5,10,time_exit,18.10458,0.28241,2.20592,1.3309,,2023
GBPJPY,-1,2023-08-10 06:00:00,2023-08-10 08:00:00,182.912,183.23661,183.23661,182.26278,0.4064,-32.5,-120.05,-120.37,2,stop_loss,8.23423,0.21641,1.79573,2.50532,,2023
GBPJPY,1,2023-08-14 09:00:00,2023-08-14 18:00:00,183.662,184.34562,183.32019,184.34562,0.3821,68.4,237.7,237.38,9,take_profit,17.96589,0.22787,0.27889,4.06932,london,2023
GBPJPY,-1,2023-08-14 23:00:00,2023-08-15 09:00:00,184.431,184.79353,184.79353,183.70594,0.3674,-36.3,-121.21,-121.52,10,stop_loss,19.82743,0.24169,2.46694,4.06155,,2023
GBPJPY,1,2023-08-17 06:00:00,2023-08-17 12:00:00,186.189,185.85963,185.85963,186.84773,0.4004,-32.9,-120.01,-120.33,6,stop_loss,40.63289,0.21958,3.68601,6.71058,,2023
GBPJPY,1,2023-08-22 05:00:00,2023-08-22 11:00:00,186.534,186.19844,186.19844,187.20513,0.389,-33.6,-118.79,-119.1,6,stop_loss,36.64884,0.22371,3.08412,4.50668,,2023
GBPJPY,1,2023-08-24 05:00:00,2023-08-24 15:00:00,184.26,184.325,183.8521,185.0758,0.3168,6.5,18.74,18.42,10,time_exit,47.11013,0.27193,-2.29992,-0.12067,,2023
GBPJPY,1,2023-08-25 01:00:00,2023-08-25 06:00:00,183.777,183.40487,183.40487,184.52125,0.3478,-37.2,-117.78,-118.1,5,stop_loss,34.45654,0.24808,-2.86689,-1.21418,,2023
GBPJPY,-1,2023-08-25 08:00:00,2023-08-25 11:00:00,183.475,183.82615,183.82615,182.77271,0.3649,-35.1,-116.6,-116.92,3,stop_loss,35.59431,0.2341,-3.50152,-1.80022,london,2023
GBPJPY,-1,2023-08-25 11:00:00,2023-08-25 13:00:00,183.645,184.01842,184.01842,182.89817,0.3397,-37.3,-115.43,-115.75,2,stop_loss,33.58443,0.24894,-2.34514,-1.85919,london,2023
GBPJPY,1,2023-08-29 23:00:00,2023-08-30 09:00:00,184.462,184.831,184.06852,185.24896,0.3192,36.9,107.18,106.87,10,time_exit,22.4328,0.26232,-0.2279,-0.28222,,2023
GBPJPY,1,2023-08-30 21:00:00,2023-08-31 05:00:00,185.865,185.48619,185.48619,186.62263,0.3346,-37.9,-115.34,-115.66,8,stop_loss,36.25617,0.25254,3.92362,0.75197,new_york,2023
GBPJPY,1,2023-08-31 06:00:00,2023-08-31 11:00:00,185.487,185.15478,185.15478,186.15145,0.3777,-33.2,-114.19,-114.51,5,stop_loss,37.3623,0.22148,1.51469,1.68447,,2023
GBPJPY,1,2023-09-01 03:00:00,2023-09-01 13:00:00,184.343,184.385,183.95894,185.11112,0.3235,4.2,12.36,12.05,10,time_exit,36.93602,0.25604,-2.23973,0.5108,,2023
GBPJPY,1,2023-09-01 18:00:00,2023-09-04 04:00:00,184.265,184.116,183.813,185.169,0.2751,-14.9,-37.3,-37.62,10,time_exit,32.24671,0.30133,-1.11896,-0.34875,new_york,2023
GBPJPY,1,2023-09-04 17:00:00,2023-09-05 03:00:00,184.88,185.047,184.56382,185.51236,0.392,16.7,59.57,59.25,10,time_exit,29.09044,0.21079,1.80929,-0.64667,new_york,2023
GBPJPY,-1,2023-09-06 05:00:00,2023-09-06 15:00:00,185.319,184.897,185.66258,184.63185,0.3627,42.2,139.28,138.97,10,time_exit,16.07905,0.22905,1.05536,1.18896,,2023
GBPJPY,-1,2023-09-06 15:00:00,2023-09-06 16:00:00,185.171,184.39164,185.56068,184.39164,0.3237,77.9,229.57,229.26,1,take_profit,13.226,0.25979,0.25841,1.02539,london,2023
GBPJPY,1,2023-09-07 09:00:00,2023-09-07 10:00:00,184.415,184.07782,184.07782,185.08937,0.3815,-33.7,-117.06,-117.38,1,stop_loss,21.49877,0.22479,-1.82027,0.13143,london,2023
GBPJPY,-1,2023-09-07 21:00:00,2023-09-08 06:00:00,183.681,184.09939,184.09939,182.84422,0.3044,-41.8,-115.9,-116.21,9,stop_loss,36.94523,0.27893,-2.5527,-0.99945,new_york,2023
GBPJPY,-1,2023-09-08 06:00:00,2023-09-08 16:00:00,184.011,184.262,184.42969,183.17362,0.3011,-25.1,-68.77,-69.09,10,time_exit,34.26388,0.27913,-0.63587,-1.44224,,2023
GBPJPY,-1,2023-09-08 19:00:00,2023-09-11 00:00:00,184.24,183.45771,184.63115,183.45771,0.3204,78.2,228.09,227.77,5,take_profit,22.44362,0.26076,0.39092,-1.47388,new_york,2023
GBPJPY,1,2023-09-12 01:00:00,2023-09-12 11:00:00,183.372,182.95201,182.95201,184.21197,0.3044,-42.0,-116.34,-116.66,10,stop_loss,26.32918,0.27999,-1.06884,-2.13287,,2023
GBPJPY,-1,2023-09-14 06:00:00,2023-09-14 16:00:00,183.762,183.114,184.086,183.114,0.3906,64.8,230.33,230.01,10,take_profit,15.87794,0.216,-0.3863,-0.9872,,2023
GBPJPY,-1,2023-09-15 04:00:00,2023-09-15 08:00:00,183.011,183.33767,183.33767,182.35766,0.3951,-32.7,-117.45,-117.77,4,stop_loss,35.00267,0.21778,-2.07231,-2.01509,,2023
GBPJPY,-1,2023-09-18 21:00:00,2023-09-19 07:00:00,182.913,182.888,183.22952,182.27997,0.4037,2.5,9.18,8.87,10,time_exit,14.40525,0.21101,-1.10146,-2.33929,new_york,2023
GBPJPY,1,2023-09-21 01:00:00,2023-09-21 05:00:00,182.932,182.5762,182.5762,183.6436,0.3594,-35.6,-116.37,-116.68,4,stop_loss,16.15168,0.2372,-0.51032,-1.42587,,2023
GBPJPY,1,2023-09-25 05:00:00,2023-09-25 15:00:00,181.678,181.712,181.3198,182.3944,0.3534,3.4,10.93,10.62,10,time_exit,14.77745,0.2388,-0.82241,-3.62947,,2023
GBPJPY,-1,2023-09-26 21:00:00,2023-09-27 07:00:00,181.144,181.014,181.45701,180.51799,0.4048,13.0,47.89,47.57,10,time_exit,25.70768,0.20867,-2.12047,-3.69079,new_york,2023
GBPJPY,-1,2023-09-29 12:00:00,2023-09-29 13:00:00,182.383,182.7549,182.7549,181.6392,0.3421,-37.2,-115.78,-116.1,1,stop_loss,26.26081,0.24793,1.91042,-0.53624,london,2023
GBPJPY,-1,2023-10-03 03:00:00,2023-10-03 13:00:00,181.184,180.705,181.52115,180.50969,0.3736,47.9,162.85,162.53,10,time_exit,35.86062,0.22477,-3.2016,-0.68216,,2023
GBPJPY,1,2023-10-03 17:00:00,2023-10-03 18:00:00,181.327,180.94826,180.94826,182.08449,0.3373,-37.9,-116.25,-116.57,1,stop_loss,42.23513,0.2525,-0.73804,-1.60362,new_york,2023
GBPJPY,-1,2023-10-04 16:00:00,2023-10-05 02:00:00,181.171,180.817,181.72597,180.06107,0.2279,35.4,73.42,73.1,10,time_exit,43.61467,0.36998,1.129,-2.18489,new_york,2023
GBPJPY,-1,2023-10-05 12:00:00,2023-10-05 22:00:00,180.641,181.017,181.06514,179.79273,0.3001,-37.6,-102.68,-103.0,10,time_exit,19.85383,0.28276,-0.3529,-2.39737,london,2023
GBPJPY,-1,2023-10-06 14:00:00,2023-10-06 15:00:00,182.009,181.3283,182.34935,181.3283,0.3706,68.1,229.56,229.24,1,take_profit,19.83456,0.2269,4.42418,-1.46392,london,2023
GBPJPY,-1,2023-10-06 17:00:00,2023-10-06 18:00:00,181.525,181.99657,181.99657,180.58187,0.2728,-47.2,-117.07,-117.38,1,stop_loss,20.19057,0.31438,1.43844,-0.881,new_york,2023
GBPJPY,-1,2023-10-09 02:00:00,2023-10-09 12:00:00,182.183,181.744,182.71409,181.12083,0.2398,43.9,95.8,95.48,10,time_exit,21.88513,0.35406,1.91573,0.15597,,2023
GBPJPY,-1,2023-10-16 07:00:00,2023-10-16 09:00:00,181.703,182.02471,182.02471,181.05957,0.3991,-32.2,-116.84,-117.16,2,stop_loss,43.11195,0.21448,-2.55128,0.2924,london,2023
GBPJPY,-1,2023-10-16 14:00:00,2023-10-16 15:00:00,181.736,182.09306,182.09306,181.02188,0.356,-35.7,-115.67,-115.99,1,stop_loss,35.54645,0.23804,-1.72733,-0.08038,london,2023
GBPJPY,-1,2023-10-17 02:00:00,2023-10-17 11:00:00,182.675,181.98919,183.0179,181.98919,0.367,68.6,229.04,228.72,9,take_profit,25.61328,0.2286,1.77127,0.32739,,2023
GBPJPY,1,2023-10-18 11:00:00,2023-10-18 16:00:00,182.537,182.18589,182.18589,183.23921,0.3656,-35.1,-116.81,-117.13,5,stop_loss,24.07742,0.23407,0.96158,0.34447,london,2023
GBPJPY,1,2023-10-20 21:00:00,2023-10-23 07:00:00,182.227,182.165,181.83167,183.01766,0.3214,-6.2,-18.13,-18.45,10,time_exit,13.95943,0.26355,1.05802,-0.54365,new_york,2023
GBPJPY,1,2023-10-23 11:00:00,2023-10-23 12:00:00,182.403,182.10548,182.10548,182.99805,0.4264,-29.8,-115.45,-115.76,1,stop_loss,10.03911,0.19835,1.6708,-0.20109,london,2023
GBPJPY,1,2023-10-25 18:00:00,2023-10-25 20:00:00,182.045,181.70815,181.70815,182.71869,0.3729,-33.7,-114.3,-114.62,2,stop_loss,40.88874,0.22456,-1.50767,0.25453,new_york,2023
GBPJPY,-1,2023-10-26 23:00:00,2023-10-27 09:00:00,182.315,182.041,182.73812,181.46876,0.2939,27.4,73.28,72.96,10,time_exit,20.07636,0.28208,0.77227,-0.47015,,2023
GBPJPY,-1,2023-10-27 22:00:00,2023-10-30 08:00:00,181.118,181.276,181.50528,180.34344,0.3231,-15.8,-46.46,-46.77,10,time_exit,30.21746,0.25819,-3.32057,-0.73386,,2023
GBPJPY,-1,2023-10-31 18:00:00,2023-10-31 21:00:00,183.582,184.14215,184.14215,182.46171,0.2225,-56.0,-113.42,-113.73,3,stop_loss,36.86434,0.37343,3.87284,0.17042,new_york,2023
GBPJPY,-1,2023-11-01 05:00:00,2023-11-01 15:00:00,183.68,183.268,184.17117,182.69766,0.2512,41.2,94.18,93.86,10,time_exit,33.22183,0.32745,2.68944,1.59629,,2023
GBPJPY,-1,2023-11-01 16:00:00,2023-11-02 02:00:00,183.26,183.422,183.67987,182.42026,0.2963,-16.2,-43.68,-44.0,10,time_exit,19.77785,0.27991,0.67431,2.38895,new_york,2023
GBPJPY,1,2023-11-02 16:00:00,2023-11-03 02:00:00,183.218,183.44,182.7863,184.08141,0.2871,22.2,58.0,57.68,10,time_exit,14.00829,0.2878,0.17312,2.02863,new_york,2023
GBPJPY,1,2023-11-03 03:00:00,2023-11-03 13:00:00,183.438,183.605,183.09342,184.12716,0.3615,16.7,54.94,54.62,10,time_exit,13.49615,0.22972,0.74365,2.59293,,2023
GBPJPY,-1,2023-11-06 10:00:00,2023-11-06 11:00:00,185.4,185.71972,185.71972,184.76056,0.3915,-32.0,-113.9,-114.22,1,stop_loss,38.18768,0.21315,5.68181,4.97474,london,2023
GBPJPY,-1,2023-11-07 20:00:00,2023-11-08 06:00:00,184.742,184.875,185.08116,184.06367,0.3653,-13.3,-44.21,-44.53,10,time_exit,15.22118,0.22611,-0.89353,5.31438,new_york,2023
GBPJPY,-1,2023-11-08 22:00:00,2023-11-09 08:00:00,185.524,185.344,185.81984,184.93231,0.4172,18.0,68.34,68.02,10,time_exit,20.78777,0.19723,2.48466,5.02621,,2023
GBPJPY,-1,2023-11-09 17:00:00,2023-11-10 03:00:00,185.387,184.876,185.70722,184.74657,0.3877,51.1,180.28,179.97,10,time_exit,12.56156,0.21348,0.7083,4.48675,new_york,2023
GBPJPY,-1,2023-11-10 09:00:00,2023-11-10 19:00:00,185.071,185.156,185.316,184.58099,0.5149,-8.5,-39.83,-40.15,10,time_exit,21.40625,0.16334,-0.46455,4.60232,london,2023
GBPJPY,-1,2023-11-10 20:00:00,2023-11-13 03:00:00,185.155,185.46991,185.46991,184.52518,0.3992,-31.5,-114.4,-114.72,7,stop_loss,20.37358,0.20994,0.31434,3.01444,new_york,2023
GBPJPY,-1,2023-11-13 08:00:00,2023-11-13 10:00:00,185.62,185.87805,185.87805,185.1039,0.4822,-25.8,-113.23,-113.55,2,stop_loss,14.06784,0.17203,2.44274,3.72491,london,2023
GBPJPY,-1,2023-11-14 09:00:00,2023-11-14 11:00:00,186.235,186.46418,186.46418,185.77663,0.5375,-22.9,-112.1,-112.42,2,stop_loss,9.48059,0.15279,3.10687,5.63452,london,2023
GBPJPY,-1,2023-11-14 13:00:00,2023-11-14 15:00:00,186.443,186.72547,186.72547,185.87806,0.4317,-28.2,-110.97,-111.29,2,stop_loss,15.33986,0.18831,3.14346,4.80524,london,2023
GBPJPY,-1,2023-11-15 04:00:00,2023-11-15 14:00:00,187.988,187.409,188.36683,187.23034,0.3187,57.9,167.92,167.6,10,time_exit,41.94034,0.25255,5.01325,5.48378,,2023
GBPJPY,-1,2023-11-16 00:00:00,2023-11-16 10:00:00,187.879,187.584,188.21533,187.20634,0.3644,29.5,97.82,97.5,10,time_exit,19.4845,0.22422,2.87713,6.83238,,2023
GBPJPY,-1,2023-11-16 16:00:00,2023-11-17 00:00:00,187.429,186.77699,187.755,186.77699,0.3793,65.2,225.05,224.73,8,take_profit,22.50796,0.21734,0.0271,6.34259,new_york,2023
GBPJPY,1,2023-11-21 07:00:00,2023-11-21 17:00:00,184.746,185.288,184.31658,185.60484,0.2937,54.2,144.86,144.54,10,time_exit,34.20789,0.28628,-3.72066,-0.67078,london,2023
GBPJPY,-1,2023-11-22 09:00:00,2023-11-22 10:00:00,186.452,186.84343,186.84343,185.66915,0.3263,-39.1,-116.23,-116.55,1,stop_loss,20.97732,0.26095,2.77189,-0.68563,london,2023
GBPJPY,1,2023-11-22 20:00:00,2023-11-23 06:00:00,186.703,186.486,186.27996,187.54908,0.2988,-21.7,-59.0,-59.32,10,time_exit,28.55946,0.28203,2.36329,0.21754,new_york,2023
GBPJPY,1,2023-11-23 08:00:00,2023-11-23 11:00:00,186.407,187.05166,186.08467,187.05166,0.3902,64.5,228.91,228.59,3,take_profit,21.57929,0.21489,0.66885,0.96602,london,2023
GBPJPY,1,2023-11-23 19:00:00,2023-11-24 05:00:00,187.503,187.415,187.14037,188.22826,0.3538,-8.8,-28.33,-28.65,10,time_exit,31.28327,0.24175,3.69398,1.78993,new_york,2023
GBPJPY,1,2023-11-24 13:00:00,2023-11-24 17:00:00,187.905,188.56479,187.57511,188.56479,0.3879,66.0,232.9,232.58,4,take_profit,26.48421,0.21993,3.83657,3.02296,london,2023
GBPJPY,1,2023-11-24 18:00:00,2023-11-27 00:00:00,188.559,188.22666,188.22666,189.22367,0.3927,-33.2,-118.76,-119.08,6,stop_loss,34.88704,0.22156,5.82665,3.56186,new_york,2023
GBPJPY,-1,2023-11-27 05:00:00,2023-11-27 11:00:00,187.901,188.2237,188.2237,187.25559,0.4004,-32.3,-117.58,-117.9,6,stop_loss,33.75745,0.21514,1.2154,4.49962,,2023
GBPJPY,1,2023-11-28 11:00:00,2023-11-28 14:00:00,187.746,187.37049,187.37049,188.49702,0.3407,-37.6,-116.42,-116.74,3,stop_loss,31.68759,0.25034,0.51318,2.73792,london,2023
GBPJPY,1,2023-11-29 14:00:00,2023-11-29 18:00:00,187.309,186.86997,186.86997,188.18705,0.2885,-43.9,-115.26,-115.58,4,stop_loss,19.38078,0.29268,-0.11396,1.15966,london,2023
GBPJPY,1,2023-11-29 19:00:00,2023-11-30 01:00:00,186.992,186.51296,186.51296,187.95008,0.2617,-47.9,-114.08,-114.4,6,stop_loss,17.03438,0.31936,-1.01738,0.95631,new_york,2023
GBPJPY,-1,2023-12-01 00:00:00,2023-12-01 10:00:00,186.987,187.38747,187.38747,186.18606,0.3099,-40.0,-112.94,-113.25,10,stop_loss,22.79599,0.26698,0.34886,0.14083,,2023
GBPJPY,-1,2023-12-01 21:00:00,2023-12-04 02:00:00,186.547,185.67627,186.98236,185.67627,0.2822,87.1,223.61,223.29,5,take_profit,21.55035,0.29024,-1.51473,0.04162,new_york,2023
GBPJPY,1,2023-12-04 05:00:00,2023-12-04 15:00:00,185.917,185.616,185.47275,186.80549,0.2821,-30.1,-77.27,-77.59,10,time_exit,32.1921,0.29616,-2.88208,-0.50453,,2023
GBPJPY,1,2023-12-04 15:00:00,2023-12-04 16:00:00,185.812,185.39366,185.39366,186.64868,0.2975,-41.8,-113.26,-113.57,1,stop_loss,36.4144,0.27889,-2.43853,-1.18821,london,2023
GBPJPY,1,2023-12-04 23:00:00,2023-12-05 08:00:00,186.047,185.65944,185.65944,186.82213,0.3179,-38.8,-112.12,-112.44,9,stop_loss,35.73623,0.25838,-0.94481,-1.73143,,2023
GBPJPY,-1,2023-12-05 08:00:00,2023-12-05 09:00:00,185.827,185.14606,186.16747,185.14606,0.3583,68.1,222.02,221.7,1,take_profit,24.4955,0.22698,-1.56606,-2.14731,london,2023
GBPJPY,-1,2023-12-05 16:00:00,2023-12-06 02:00:00,185.495,185.516,185.90866,184.66769,0.3008,-2.1,-5.75,-6.07,10,time_exit,28.28869,0.27577,-1.89983,-2.06537,new_york,2023
GBPJPY,-1,2023-12-06 03:00:00,2023-12-06 13:00:00,185.516,185.529,185.88133,184.78535,0.3404,-1.3,-4.03,-4.35,10,time_exit,38.80848,0.24355,-1.13008,-2.75779,,2023
GBPJPY,-1,2023-12-07 01:00:00,2023-12-07 05:00:00,184.888,184.2497,185.20715,184.2497,0.3895,63.8,226.24,225.92,4,take_profit,32.04269,0.21277,-2.9227,-3.41942,,2023
GBPJPY,-1,2023-12-08 19:00:00,2023-12-11 03:00:00,181.638,182.59623,182.59623,179.72154,0.1323,-95.8,-115.36,-115.68,8,stop_loss,48.99099,0.63882,-1.01715,-3.82585,new_york,2023
GBPJPY,-1,2023-12-11 23:00:00,2023-12-12 09:00:00,183.585,182.728,184.11382,182.52737,0.2374,85.7,185.14,184.82,10,time_exit,27.72702,0.35254,1.96884,-4.03333,,2023
GBPJPY,1,2023-12-12 20:00:00,2023-12-13 06:00:00,182.733,182.818,182.19098,183.81703,0.2353,8.5,18.2,17.88,10,time_exit,22.73028,0.36134,-0.33118,-3.27838,new_york,2023
GBPJPY,-1,2023-12-13 14:00:00,2023-12-13 20:00:00,182.433,181.52507,182.88696,181.52507,0.2814,90.8,232.5,232.18,6,take_profit,15.58893,0.30264,-1.16073,-3.44887,london,2023
GBPJPY,-1,2023-12-14 04:00:00,2023-12-14 05:00:00,179.897,178.50006,180.59547,178.50006,0.1865,139.7,237.08,236.76,1,take_profit,46.51536,0.46565,-4.43956,-3.19645,,2023
GBPJPY,1,2023-12-14 19:00:00,2023-12-15 05:00:00,180.689,181.15,179.84769,182.37162,0.158,46.1,66.28,65.96,10,time_exit,43.27728,0.56087,-0.44314,-3.52878,new_york,2023
GBPJPY,1,2023-12-15 21:00:00,2023-12-18 07:00:00,180.226,180.507,179.52831,181.62138,0.1915,28.1,48.97,48.65,10,time_exit,25.82474,0.46513,-1.39658,-3.39891,new_york,2023
GBPJPY,1,2023-12-19 10:00:00,2023-12-19 12:00:00,182.625,184.14517,181.86492,184.14517,0.1765,152.0,244.16,243.84,2,take_profit,19.52875,0.50672,3.33396,-2.00636,london,2023
GBPJPY,1,2023-12-20 17:00:00,2023-12-21 00:00:00,181.74,181.15347,181.15347,182.91306,0.2333,-58.7,-124.52,-124.84,7,stop_loss,30.16293,0.39102,-0.85603,-0.22255,new_york,2023
GBPJPY,-1,2023-12-26 19:00:00,2023-12-27 02:00:00,181.063,181.38365,181.38365,180.4217,0.4225,-32.1,-123.28,-123.6,7,stop_loss,12.14295,0.21377,1.03302,-2.7904,new_york,2023
GBPJPY,-1,2023-12-27 03:00:00,2023-12-27 09:00:00,181.546,181.85626,181.85626,180.92548,0.4322,-31.0,-122.03,-122.35,6,stop_loss,17.22855,0.20684,2.8871,-2.29177,,2023
GBPJPY,1,2023-12-28 13:00:00,2023-12-28 17:00:00,180.039,179.56798,179.56798,180.98104,0.2819,-47.1,-120.83,-121.15,4,stop_loss,38.67148,0.31401,-3.31508,-0.91032,london,2023
GBPJPY,-1,2023-12-29 04:00:00,2023-12-29 14:00:00,180.204,179.947,180.67251,179.26697,0.2805,25.7,65.6,65.28,10,time_exit,44.8903,0.31234,-1.28523,-1.84898,,2023
GBPJPY,-1,2024-01-02 23:00:00,2024-01-03 08:00:00,179.131,179.63434,179.63434,178.12433,0.2625,-50.3,-120.23,-120.55,9,stop_loss,23.87147,0.33556,-2.16205,-2.5181,,2024
GBPJPY,1,2024-01-03 17:00:00,2024-01-04 03:00:00,180.848,181.612,180.38533,181.77334,0.2828,76.4,196.61,196.3,10,time_exit,29.50262,0.30845,3.09619,-2.16786,new_york,2024
GBPJPY,1,2024-01-04 12:00:00,2024-01-04 22:00:00,183.001,183.4,182.47822,184.04657,0.2544,39.9,92.37,92.05,10,time_exit,46.50888,0.34852,6.02449,0.39728,london,2024
GBPJPY,1,2024-01-05 06:00:00,2024-01-05 16:00:00,183.782,184.291,183.3851,184.57579,0.3376,50.9,156.37,156.05,10,time_exit,48.72886,0.2646,5.85777,3.87093,,2024
GBPJPY,1,2024-01-09 01:00:00,2024-01-09 03:00:00,183.847,183.46892,183.46892,184.60316,0.3589,-37.8,-123.48,-123.8,2,stop_loss,14.425,0.25205,1.62455,5.3643,,2024
GBPJPY,-1,2024-01-09 14:00:00,2024-01-09 18:00:00,183.16,183.60281,183.60281,182.27438,0.3034,-44.3,-122.26,-122.58,4,stop_loss,14.53138,0.29521,-0.8194,3.92346,london,2024
GBPJPY,-1,2024-01-10 20:00:00,2024-01-11 01:00:00,185.416,185.79882,185.79882,184.65035,0.3474,-38.3,-121.02,-121.34,5,stop_loss,32.95388,0.25522,5.5062,5.04136,new_york,2024
GBPJPY,1,2024-01-12 11:00:00,2024-01-12 15:00:00,185.137,184.6794,184.6794,186.05221,0.2877,-45.8,-119.8,-120.12,4,stop_loss,20.55131,0.30507,-0.11986,5.06164,london,2024
GBPJPY,1,2024-01-12 23:00:00,2024-01-15 09:00:00,184.664,185.35,184.23356,185.52488,0.3028,68.6,189.03,188.71,10,time_exit,17.86864,0.28696,-1.21431,4.37232,,2024
GBPJPY,-1,2024-01-15 11:00:00,2024-01-15 14:00:00,185.276,185.62663,185.62663,184.57474,0.3777,-35.1,-120.51,-120.83,3,stop_loss,18.68161,0.23375,1.03218,4.8383,london,2024
GBPJPY,-1,2024-01-16 07:00:00,2024-01-16 14:00:00,185.278,185.5858,185.5858,184.6624,0.4259,-30.8,-119.29,-119.61,7,stop_loss,22.08016,0.2052,0.14547,5.18953,london,2024
GBPJPY,1,2024-01-17 01:00:00,2024-01-17 09:00:00,185.904,186.60796,185.55202,186.60796,0.3687,70.4,236.19,235.87,8,take_profit,19.32479,0.23465,1.89052,4.46989,,2024
GBPJPY,-1,2024-01-17 20:00:00,2024-01-18 06:00:00,187.924,187.612,188.38995,186.99209,0.2841,31.2,80.66,80.34,10,time_exit,38.1081,0.31064,5.24751,4.6428,new_york,2024
GBPJPY,-1,2024-01-23 10:00:00,2024-01-23 20:00:00,188.056,188.116,188.6358,186.8964,0.2298,-6.0,-12.55,-12.87,10,time_exit,15.17189,0.38653,-0.00628,3.52556,london,2024
GBPJPY,-1,2024-01-24 10:00:00,2024-01-24 11:00:00,187.763,188.15016,188.15016,186.98869,0.3438,-38.7,-121.12,-121.44,1,stop_loss,21.60681,0.2581,-0.94633,4.02243,london,2024
GBPJPY,-1,2024-01-24 14:00:00,2024-01-25 00:00:00,187.94,187.596,188.39503,187.02994,0.2896,34.4,90.66,90.34,10,time_exit,19.46176,0.30335,-0.21826,3.27648,london,2024
GBPJPY,-1,2024-01-25 07:00:00,2024-01-25 17:00:00,187.817,187.42,188.19296,187.06508,0.3531,39.7,127.56,127.25,10,time_exit,15.95645,0.25064,-0.10326,2.9102,london,2024
GBPJPY,1,2024-01-26 16:00:00,2024-01-29 02:00:00,188.234,188.178,187.83296,189.03609,0.3345,-5.6,-17.05,-17.36,10,time_exit,15.46921,0.26736,1.62206,1.8822,new_york,2024
GBPJPY,1,2024-01-29 08:00:00,2024-01-29 11:00:00,188.026,187.73352,187.73352,188.61097,0.4581,-29.2,-121.93,-122.25,3,stop_loss,8.30519,0.19499,0.29775,2.77669,london,2024
GBPJPY,-1,2024-01-31 00:00:00,2024-01-31 10:00:00,187.386,187.14,187.73256,186.69287,0.3827,24.6,85.67,85.35,10,time_exit,29.90259,0.23104,0.15619,0.0804,,2024
GBPJPY,-1,2024-01-31 11:00:00,2024-01-31 13:00:00,187.158,187.50355,187.50355,186.4669,0.3865,-34.6,-121.53,-121.85,2,stop_loss,25.71452,0.23037,-0.87112,-0.13768,london,2024
GBPJPY,1,2024-02-01 08:00:00,2024-02-01 10:00:00,186.04,185.58636,185.58636,186.94728,0.2915,-45.4,-120.33,-120.65,2,stop_loss,36.165,0.30243,-2.5498,-1.29374,london,2024
GBPJPY,-1,2024-02-01 15:00:00,2024-02-02 01:00:00,186.255,186.677,186.81643,185.13213,0.2332,-42.2,-89.55,-89.87,10,time_exit,40.54266,0.37429,-0.80191,-1.46497,london,2024
GBPJPY,-1,2024-02-02 15:00:00,2024-02-02 16:00:00,186.987,187.38074,187.38074,186.19953,0.33,-39.4,-118.24,-118.56,1,stop_loss,27.60794,0.26249,1.43954,-1.4504,london,2024
GBPJPY,1,2024-02-07 01:00:00,2024-02-07 10:00:00,186.297,186.89093,186.00004,186.89093,0.4331,59.4,234.08,233.76,9,take_profit,18.35049,0.19798,-1.28854,-1.5548,,2024
GBPJPY,-1,2024-02-09 19:00:00,2024-02-12 05:00:00,188.605,188.482,188.91275,187.98949,0.4263,12.3,47.72,47.4,10,time_exit,41.62962,0.20517,2.79345,3.48715,new_york,2024
GBPJPY,-1,2024-02-13 20:00:00,2024-02-14 06:00:00,189.982,189.621,190.35021,189.24558,0.3577,36.1,117.51,117.19,10,time_exit,34.78568,0.24547,4.83719,3.75339,new_york,2024
GBPJPY,1,2024-02-14 09:00:00,2024-02-14 10:00:00,189.661,189.36562,189.36562,190.25176,0.4502,-29.5,-121.01,-121.33,1,stop_loss,19.74186,0.19692,2.50191,5.42153,london,2024
GBPJPY,-1,2024-02-15 08:00:00,2024-02-15 15:00:00,188.705,188.09623,189.00939,188.09623,0.4325,60.9,239.6,239.28,7,take_profit,23.14855,0.20292,-1.70844,3.7768,london,2024
GBPJPY,-1,2024-02-16 22:00:00,2024-02-19 08:00:00,189.383,189.335,189.69355,188.7619,0.4324,4.8,18.89,18.57,10,time_exit,15.05682,0.20703,1.74532,2.5906,,2024
GBPJPY,1,2024-02-19 10:00:00,2024-02-19 11:00:00,189.27,189.0248,189.0248,189.7604,0.5485,-24.5,-122.39,-122.71,1,stop_loss,12.65148,0.16347,1.00719,3.26676,london,2024
GBPJPY,1,2024-02-19 17:00:00,2024-02-20 03:00:00,188.971,189.103,188.71807,189.47686,0.5264,13.2,63.23,62.91,10,time_exit,13.83445,0.16862,-0.80693,2.94963,new_york,2024
GBPJPY,1,2024-02-20 08:00:00,2024-02-20 15:00:00,189.26,189.65944,189.06028,189.65944,0.6701,39.9,243.58,243.26,7,take_profit,9.64089,0.13315,1.04862,3.2967,london,2024
GBPJPY,1,2024-02-21 19:00:00,2024-02-22 05:00:00,189.696,190.097,189.41677,190.25446,0.4889,40.1,178.4,178.09,10,time_exit,13.47617,0.18615,1.92212,2.39632,new_york,2024
GBPJPY,1,2024-02-27 06:00:00,2024-02-27 12:00:00,190.731,190.48288,190.48288,191.22725,0.5581,-24.8,-126.01,-126.33,6,stop_loss,24.15225,0.16542,-0.31256,5.37208,,2024
GBPJPY,-1,2024-03-01 23:00:00,2024-03-04 08:00:00,190.027,190.37408,190.37408,189.33283,0.3949,-34.7,-124.73,-125.05,9,stop_loss,18.17585,0.23139,0.1097,-0.18111,,2024
GBPJPY,1,2024-03-05 01:00:00,2024-03-05 09:00:00,190.91,190.65359,190.65359,191.42282,0.5292,-25.6,-123.48,-123.8,8,stop_loss,24.93482,0.17094,2.75443,1.56387,,2024
GBPJPY,-1,2024-03-05 20:00:00,2024-03-06 06:00:00,190.787,190.453,191.08833,190.18435,0.4458,33.4,135.5,135.18,10,time_exit,18.17186,0.20088,0.80059,1.70977,new_york,2024
GBPJPY,-1,2024-03-06 10:00:00,2024-03-06 11:00:00,190.069,190.37435,190.37435,189.4583,0.4448,-30.5,-123.6,-123.92,1,stop_loss,23.48191,0.20357,-2.3534,1.18607,london,2024
GBPJPY,-1,2024-03-07 13:00:00,2024-03-07 16:00:00,188.676,189.11646,189.11646,187.79509,0.3053,-44.0,-122.37,-122.69,3,stop_loss,50.30784,0.29364,-4.13378,-0.9186,london,2024
GBPJPY,-1,2024-03-07 16:00:00,2024-03-07 17:00:00,188.435,188.87231,188.87231,187.56038,0.3044,-43.7,-121.14,-121.45,1,stop_loss,53.66348,0.29154,-4.47227,-1.29831,new_york,2024
GBPJPY,1,2024-03-08 11:00:00,2024-03-08 12:00:00,189.506,189.09545,189.09545,190.3271,0.321,-41.1,-119.93,-120.24,1,stop_loss,20.39511,0.2737,-0.27391,-1.53526,london,2024
GBPJPY,-1,2024-03-08 12:00:00,2024-03-08 17:00:00,188.742,189.24505,189.24505,187.73591,0.2593,-50.3,-118.7,-119.02,5,stop_loss,22.23866,0.33536,-2.39497,-1.31345,london,2024
GBPJPY,-1,2024-03-11 15:00:00,2024-03-12 01:00:00,188.449,188.275,188.85711,187.63277,0.3165,17.4,50.11,49.8,10,time_exit,30.79774,0.27208,-2.16796,-2.47075,london,2024
GBPJPY,-1,2024-03-12 15:00:00,2024-03-13 01:00:00,188.598,188.799,189.01813,187.75775,0.3087,-20.1,-56.46,-56.78,10,time_exit,25.43936,0.28008,-0.39082,-2.636,london,2024
GBPJPY,1,2024-03-13 12:00:00,2024-03-13 22:00:00,189.173,189.187,188.7691,189.98081,0.3196,1.4,4.07,3.75,10,time_exit,13.75816,0.26927,1.52697,-2.08365,london,2024
GBPJPY,-1,2024-03-15 05:00:00,2024-03-15 11:00:00,189.105,189.40233,189.40233,188.51034,0.4343,-29.7,-117.51,-117.83,6,stop_loss,17.79943,0.19822,0.33271,-1.08096,,2024
GBPJPY,1,2024-03-15 12:00:00,2024-03-15 22:00:00,189.436,189.9,189.06565,190.1767,0.3451,46.4,145.72,145.4,10,time_exit,15.94069,0.2469,1.58498,-0.79653,london,2024
GBPJPY,1,2024-03-19 13:00:00,2024-03-19 19:00:00,190.931,191.84608,190.47346,191.84608,0.2829,91.5,235.58,235.26,6,take_profit,27.88032,0.30503,3.11511,1.44713,london,2024
GBPJPY,1,2024-03-20 04:00:00,2024-03-20 14:00:00,192.234,192.568,191.86121,192.97957,0.3541,33.4,107.63,107.31,10,time_exit,50.76412,0.24852,5.8139,3.78317,,2024
GBPJPY,1,2024-03-22 00:00:00,2024-03-22 05:00:00,191.922,191.51077,191.51077,192.74445,0.3239,-41.1,-121.21,-121.53,5,stop_loss,28.02265,0.27415,-1.24615,5.21328,,2024
GBPJPY,1,2024-03-22 14:00:00,2024-03-25 00:00:00,190.787,190.734,190.34385,191.67329,0.2975,-5.3,-14.35,-14.67,10,time_exit,37.92284,0.29543,-3.74506,3.30405,london,2024
GBPJPY,-1,2024-03-26 04:00:00,2024-03-26 09:00:00,191.258,191.52317,191.52317,190.72765,0.4966,-26.5,-119.83,-120.15,5,stop_loss,27.82311,0.17678,0.02221,1.77806,,2024
GBPJPY,-1,2024-03-26 11:00:00,2024-03-26 13:00:00,191.434,191.67568,191.67568,190.95065,0.5394,-24.2,-118.63,-118.95,2,stop_loss,22.31957,0.16112,0.9273,1.96624,london,2024
GBPJPY,-1,2024-03-28 21:00:00,2024-03-29 07:00:00,191.066,190.926,191.40258,190.39284,0.3835,14.0,48.86,48.54,10,time_exit,13.30847,0.22439,-0.10404,0.23918,new_york,2024
GBPJPY,-1,2024-03-29 09:00:00,2024-03-29 19:00:00,190.97,191.003,191.24955,190.4109,0.4636,-3.3,-13.92,-14.24,10,time_exit,19.28696,0.18637,-0.45594,0.12347,london,2024
GBPJPY,-1,2024-04-01 22:00:00,2024-04-02 08:00:00,190.21,190.312,190.48909,189.65182,0.4638,-10.2,-43.05,-43.37,10,time_exit,31.04594,0.18606,-3.80105,-0.44436,,2024
GBPJPY,-1,2024-04-03 01:00:00,2024-04-03 11:00:00,190.666,190.89805,190.89805,190.2019,0.5558,-23.2,-117.36,-117.68,10,stop_loss,15.5177,0.1547,0.21326,-1.54626,,2024
GBPJPY,-1,2024-04-03 13:00:00,2024-04-03 15:00:00,190.796,191.02842,191.02842,190.33115,0.5493,-23.2,-116.18,-116.5,2,stop_loss,12.83225,0.15495,0.97646,-1.31078,london,2024
GBPJPY,1,2024-04-04 05:00:00,2024-04-04 15:00:00,191.814,192.088,191.5628,192.31641,0.5031,27.4,125.44,125.12,10,time_exit,40.22628,0.16747,4.2229,0.90282,,2024
GBPJPY,1,2024-04-05 02:00:00,2024-04-05 03:00:00,191.264,190.94537,190.94537,191.90126,0.401,-31.9,-116.27,-116.59,1,stop_loss,47.43382,0.21242,-1.11259,1.76549,,2024
GBPJPY,-1,2024-04-09 01:00:00,2024-04-09 09:00:00,192.08,192.33016,192.33016,191.57968,0.5056,-25.0,-115.1,-115.42,8,stop_loss,26.26836,0.16677,2.35413,2.31668,,2024
GBPJPY,-1,2024-04-09 16:00:00,2024-04-09 17:00:00,192.7,192.20681,192.9466,192.20681,0.5078,49.3,227.9,227.59,1,take_profit,30.77007,0.1644,4.40791,3.30057,new_york,2024
GBPJPY,1,2024-04-11 09:00:00,2024-04-11 11:00:00,191.871,192.54191,191.53555,192.54191,0.3807,67.1,232.43,232.11,2,take_profit,25.84822,0.22364,-0.72577,1.62964,london,2024
GBPJPY,1,2024-04-11 13:00:00,2024-04-11 23:00:00,191.998,192.394,191.62499,192.74402,0.3492,39.6,125.84,125.52,10,time_exit,23.30963,0.24867,-0.21325,1.46636,london,2024
GBPJPY,1,2024-04-12 00:00:00,2024-04-12 09:00:00,192.38,192.04047,192.04047,193.05905,0.3877,-34.0,-119.79,-120.11,9,stop_loss,16.52803,0.22635,1.32517,1.58132,,2024
GBPJPY,-1,2024-04-15 05:00:00,2024-04-15 08:00:00,191.317,191.78582,191.78582,190.37937,0.278,-46.9,-118.6,-118.92,3,stop_loss,31.03107,0.31254,-0.48677,-0.51175,,2024
GBPJPY,-1,2024-04-15 20:00:00,2024-04-16 06:00:00,192.217,191.834,192.70944,191.23212,0.262,38.3,91.31,91.0,10,time_exit,23.88156,0.32829,1.45461,0.16351,new_york,2024
GBPJPY,-1,2024-04-17 19:00:00,2024-04-18 05:00:00,192.366,192.161,192.74682,191.60436,0.3414,20.5,63.69,63.37,10,time_exit,14.65828,0.25388,0.40428,1.3992,new_york,2024
GBPJPY,1,2024-04-22 15:00:00,2024-04-23 01:00:00,190.59,191.207,190.14556,191.47889,0.2941,61.7,165.13,164.81,10,time_exit,28.1271,0.2963,-3.65559,-0.70176,london,2024
GBPJPY,1,2024-04-23 04:00:00,2024-04-23 09:00:00,191.232,190.91085,190.91085,191.8743,0.4127,-32.1,-120.61,-120.93,5,stop_loss,24.33637,0.2141,-0.96761,-1.61097,,2024
GBPJPY,-1,2024-04-24 14:00:00,2024-04-24 19:00:00,192.718,193.0497,193.0497,192.05459,0.3955,-33.2,-119.38,-119.7,5,stop_loss,34.19032,0.22114,2.50039,1.096,london,2024
GBPJPY,-1,2024-04-25 14:00:00,2024-04-25 16:00:00,194.552,193.78703,194.93448,193.78703,0.3396,76.5,236.4,236.08,2,take_profit,52.84836,0.25499,5.36935,3.47392,london,2024
GBPJPY,-1,2024-04-30 13:00:00,2024-04-30 23:00:00,196.851,197.127,197.66203,195.22893,0.1633,-27.6,-41.01,-41.33,10,time_exit,20.82203,0.54069,1.11665,3.62849,london,2024
GBPJPY,-1,2024-05-02 10:00:00,2024-05-02 17:00:00,194.646,192.6944,195.6218,192.6944,0.1353,195.2,240.29,239.97,7,take_profit,35.15317,0.65053,-2.28006,1.66366,london,2024
GBPJPY,1,2024-05-02 17:00:00,2024-05-02 18:00:00,192.906,191.99572,191.99572,194.72656,0.1479,-91.0,-122.51,-122.83,1,stop_loss,45.71911,0.60685,-4.40437,0.99938,new_york,2024
GBPJPY,1,2024-05-03 07:00:00,2024-05-03 17:00:00,192.063,191.811,191.3026,193.5838,0.1753,-25.2,-40.2,-40.52,10,time_exit,52.31134,0.50693,-4.06254,-0.96326,london,2024
GBPJPY,-1,2024-05-06 00:00:00,2024-05-06 02:00:00,191.804,192.32972,192.32972,190.75256,0.2527,-52.6,-120.89,-121.21,2,stop_loss,43.67485,0.35048,-3.42636,-3.23607,,2024
GBPJPY,-1,2024-05-06 03:00:00,2024-05-06 10:00:00,192.7,193.27956,193.27956,191.54087,0.227,-58.0,-119.72,-120.04,7,stop_loss,39.60581,0.38638,-0.70442,-3.02891,,2024
GBPJPY,-1,2024-05-08 04:00:00,2024-05-08 09:00:00,193.549,193.89439,193.89439,192.85822,0.377,-34.5,-118.49,-118.81,5,stop_loss,22.63723,0.23026,0.34297,-1.84403,,2024
GBPJPY,1,2024-05-10 08:00:00,2024-05-10 18:00:00,194.826,195.223,194.53873,195.40054,0.4487,39.7,162.1,161.78,10,time_exit,14.99017,0.19151,2.14747,1.57808,london,2024
GBPJPY,-1,2024-05-10 18:00:00,2024-05-10 19:00:00,194.959,195.27668,195.27668,194.32364,0.4114,-31.8,-118.93,-119.25,1,stop_loss,19.04332,0.21179,1.52856,2.03564,new_york,2024
GBPJPY,-1,2024-05-10 22:00:00,2024-05-13 08:00:00,195.239,195.244,195.5498,194.6174,0.4163,-0.5,-1.89,-2.21,10,time_exit,18.18556,0.2072,2.47142,2.32413,,2024
GBPJPY,-1,2024-05-13 20:00:00,2024-05-14 06:00:00,196.232,196.44,196.57779,195.54042,0.3741,-20.8,-70.81,-71.13,10,time_exit,22.07057,0.23053,4.71487,2.93084,new_york,2024
GBPJPY,1,2024-05-15 12:00:00,2024-05-15 15:00:00,196.31,195.97463,195.97463,196.98075,0.3834,-33.5,-117.01,-117.33,3,stop_loss,25.75767,0.22358,-0.29341,5.3643,london,2024
GBPJPY,1,2024-05-15 15:00:00,2024-05-16 01:00:00,196.362,196.115,195.97821,197.12958,0.3316,-24.7,-74.53,-74.85,10,time_exit,26.45967,0.25586,-0.10477,4.57807,london,2024
GBPJPY,-1,2024-05-17 07:00:00,2024-05-17 17:00:00,197.198,197.336,197.57619,196.44162,0.3344,-13.8,-41.99,-42.31,10,time_exit,28.99111,0.25213,2.81329,3.51917,london,2024
GBPJPY,-1,2024-05-20 17:00:00,2024-05-20 21:00:00,198.287,198.64332,198.64332,197.57437,0.3536,-35.6,-114.65,-114.97,4,stop_loss,25.33275,0.23754,3.63838,5.16005,new_york,2024
GBPJPY,-1,2024-05-23 06:00:00,2024-05-23 16:00:00,199.437,199.74977,199.74977,198.81145,0.3988,-31.3,-113.51,-113.83,10,stop_loss,22.12719,0.20852,2.56262,7.06803,,2024
GBPJPY,-1,2024-05-24 00:00:00,2024-05-24 10:00:00,199.182,199.409,199.56966,198.40667,0.3185,-22.7,-65.79,-66.11,10,time_exit,15.95505,0.25844,0.45196,5.4607,,2024
GBPJPY,-1,2024-05-27 01:00:00,2024-05-27 11:00:00,199.782,199.981,200.06695,199.2121,0.4308,-19.9,-78.01,-78.33,10,time_exit,17.22966,0.18997,1.64057,6.88281,,2024
GBPJPY,-1,2024-05-28 03:00:00,2024-05-28 13:00:00,200.312,200.462,200.53395,199.8681,0.5492,-15.0,-74.97,-75.28,10,time_exit,28.05116,0.14797,2.80361,8.7546,,2024
GBPJPY,-1,2024-05-29 14:00:00,2024-05-30 00:00:00,200.399,200.186,200.67186,199.85329,0.4437,21.3,86.0,85.68,10,time_exit,21.9064,0.1819,0.27808,6.55407,london,2024
GBPJPY,1,2024-05-30 15:00:00,2024-05-31 01:00:00,199.2,199.642,198.77846,200.04308,0.2894,44.2,116.4,116.08,10,time_exit,49.03559,0.28103,-2.84813,2.43044,london,2024
GBPJPY,1,2024-06-07 12:00:00,2024-06-07 15:00:00,198.683,199.64993,198.19953,199.64993,0.255,96.7,224.38,224.06,3,take_profit,22.00083,0.32231,-1.53743,-0.38131,london,2024
GBPJPY,-1,2024-06-07 17:00:00,2024-06-10 03:00:00,199.743,199.564,200.2829,198.6632,0.2329,17.9,37.94,37.62,10,time_exit,22.25069,0.35993,1.48419,-0.25745,new_york,2024
GBPJPY,1,2024-06-11 13:00:00,2024-06-11 15:00:00,200.235,199.876,199.876,200.953,0.3514,-35.9,-114.8,-115.12,2,stop_loss,18.6701,0.23933,2.00149,1.20175,london,2024
GBPJPY,1,2024-06-12 08:00:00,2024-06-12 14:00:00,200.315,200.8829,200.03105,200.8829,0.4398,56.8,227.28,226.96,6,take_profit,8.56191,0.1893,1.80972,2.03305,london,2024
GBPJPY,-1,2024-06-13 02:00:00,2024-06-13 10:00:00,200.623,201.04025,201.04025,199.7885,0.3053,-41.7,-115.92,-116.24,8,stop_loss,16.56238,0.27817,1.45896,1.75353,,2024
GBPJPY,1,2024-06-14 09:00:00,2024-06-14 10:00:00,201.526,201.02373,201.02373,202.53055,0.2511,-50.2,-114.77,-115.09,1,stop_loss,19.42428,0.33485,2.91209,1.70098,london,2024
GBPJPY,1,2024-06-17 21:00:00,2024-06-18 07:00:00,200.38,200.206,199.96313,201.21375,0.2995,-17.4,-47.42,-47.74,10,time_exit,14.74557,0.27792,1.36317,0.27243,new_york,2024
GBPJPY,1,2024-06-18 10:00:00,2024-06-18 14:00:00,200.637,200.3025,200.3025,201.306,0.3717,-33.4,-113.14,-113.46,4,stop_loss,12.19122,0.223,2.22555,0.72906,london,2024
GBPJPY,-1,2024-06-20 09:00:00,2024-06-20 11:00:00,200.939,201.18212,201.18212,200.45276,0.5062,-24.3,-111.99,-112.31,2,stop_loss,10.6545,0.16208,1.29744,2.82658,london,2024
GBPJPY,1,2024-06-20 15:00:00,2024-06-21 01:00:00,200.905,201.131,200.61534,201.48432,0.4206,22.6,86.5,86.18,10,time_exit,11.87772,0.19311,0.48474,2.54197,london,2024
GBPJPY,1,2024-06-24 03:00:00,2024-06-24 13:00:00,202.08,201.70915,201.70915,202.82171,0.3311,-37.1,-111.74,-112.06,10,stop_loss,18.62226,0.24724,3.30487,2.5844,,2024
GBPJPY,-1,2024-06-24 22:00:00,2024-06-25 08:00:00,202.596,202.395,202.99502,201.79797,0.3046,20.1,55.71,55.4,10,time_exit,16.76619,0.26601,3.10068,3.28747,,2024
GBPJPY,1,2024-06-26 17:00:00,2024-06-27 03:00:00,202.826,202.707,202.46195,203.5541,0.3356,-11.9,-36.34,-36.66,10,time_exit,11.66301,0.2427,1.54502,4.04299,new_york,2024
GBPJPY,1,2024-06-27 08:00:00,2024-06-27 16:00:00,202.602,203.22649,202.28976,203.22649,0.3899,62.4,221.57,221.26,8,take_profit,15.15014,0.20816,0.02006,4.524,london,2024
GBPJPY,-1,2024-07-01 03:00:00,2024-07-01 08:00:00,203.543,203.90036,203.90036,202.82828,0.3475,-35.7,-113.01,-113.32,5,stop_loss,14.88745,0.23824,1.7057,3.92862,,2024
GBPJPY,-1,2024-07-04 01:00:00,2024-07-04 11:00:00,205.818,205.677,206.16985,205.1143,0.3494,14.1,44.83,44.51,10,time_exit,35.98701,0.23457,3.12419,6.63161,,2024
GBPJPY,-1,2024-07-08 05:00:00,2024-07-08 09:00:00,205.511,205.89537,205.89537,204.74225,0.3211,-38.4,-112.31,-112.63,4,stop_loss,20.59295,0.25625,-0.50724,4.80765,,2024
GBPJPY,-1,2024-07-10 13:00:00,2024-07-10 16:00:00,206.97,207.21922,207.21922,206.47156,0.4903,-24.9,-111.2,-111.51,3,stop_loss,28.97103,0.16615,4.20238,6.44676,london,2024
GBPJPY,-1,2024-07-12 07:00:00,2024-07-12 17:00:00,205.537,204.869,206.33577,203.93946,0.1514,66.8,92.03,91.71,10,time_exit,58.83372,0.53251,-1.36034,1.09322,london,2024
GBPJPY,1,2024-07-12 21:00:00,2024-07-15 07:00:00,205.195,204.997,204.38211,206.82078,0.1501,-19.8,-27.05,-27.36,10,time_exit,49.58668,0.54193,-1.38783,0.52203,new_york,2024
GBPJPY,1,2024-07-19 16:00:00,2024-07-19 17:00:00,203.715,203.19485,203.19485,204.75529,0.2339,-52.0,-110.71,-111.03,1,stop_loss,13.94104,0.34676,0.06749,-2.70873,new_york,2024
GBPJPY,1,2024-07-22 12:00:00,2024-07-22 22:00:00,202.702,203.089,202.19055,203.7249,0.2355,38.7,82.94,82.62,10,time_exit,18.9646,0.34097,-2.09056,-2.82422,london,2024
GBPJPY,-1,2024-07-24 04:00:00,2024-07-24 05:00:00,200.971,200.12075,201.39612,200.12075,0.2855,85.0,220.9,220.58,1,take_profit,35.52442,0.28342,-3.70816,-5.4571,,2024
GBPJPY,1,2024-07-26 07:00:00,2024-07-26 17:00:00,197.787,196.96619,196.96619,199.42862,0.1508,-82.1,-112.64,-112.96,10,stop_loss,21.16231,0.54721,-1.04248,-5.46276,london,2024
GBPJPY,1,2024-07-26 18:00:00,2024-07-29 04:00:00,197.301,197.663,196.38267,199.13767,0.1334,36.2,43.94,43.63,10,time_exit,18.56328,0.61222,-1.60478,-4.46273,new_york,2024
GBPJPY,-1,2024-07-29 06:00:00,2024-07-29 16:00:00,197.649,197.962,198.42663,196.09374,0.1582,-31.3,-45.06,-45.38,10,time_exit,19.33051,0.51842,-0.93948,-4.87102,,2024
GBPJPY,-1,2024-07-29 19:00:00,2024-07-30 05:00:00,197.844,197.939,198.55414,196.42371,0.1725,-9.5,-14.91,-15.23,10,time_exit,18.66007,0.47343,-0.08174,-5.05524,new_york,2024
GBPJPY,1,2024-07-30 06:00:00,2024-07-30 09:00:00,197.937,199.0296,197.3907,199.0296,0.224,109.3,222.72,222.4,3,take_profit,13.76685,0.3642,0.04457,-5.81064,,2024
GBPJPY,1,2024-07-31 05:00:00,2024-07-31 06:00:00,195.722,194.93755,194.93755,197.2909,0.1591,-78.4,-113.57,-113.89,1,stop_loss_ambiguous,33.57088,0.52297,-3.42584,-3.80572,,2024
GBPJPY,1,2024-08-01 14:00:00,2024-08-01 20:00:00,191.723,190.70036,190.70036,193.76828,0.1208,-102.3,-112.42,-112.74,6,stop_loss,42.51556,0.68176,-3.37205,-5.39877,london,2024
GBPJPY,1,2024-08-06 10:00:00,2024-08-06 12:00:00,185.765,183.92693,183.92693,189.44114,0.0665,-183.8,-111.23,-111.55,2,stop_loss,29.44836,1.22538,-0.17683,-5.07343,london,2024
GBPJPY,-1,2024-08-07 07:00:00,2024-08-07 17:00:00,187.076,187.344,188.65017,183.92766,0.0769,-26.8,-18.75,-19.07,10,time_exit,18.57529,1.04945,1.8766,-5.34342,london,2024
GBPJPY,1,2024-08-07 20:00:00,2024-08-08 01:00:00,187.03,185.66519,185.66519,189.75962,0.0886,-136.5,-110.04,-110.36,5,stop_loss,23.21285,0.90987,1.22849,-4.78722,new_york,2024
GBPJPY,1,2024-08-13 22:00:00,2024-08-14 05:00:00,188.747,188.1341,188.1341,189.9728,0.1952,-61.3,-108.87,-109.19,7,stop_loss,16.5891,0.4086,1.33701,-1.18053,,2024
GBPJPY,1,2024-08-15 22:00:00,2024-08-16 08:00:00,191.659,191.757,191.08577,192.80546,0.2067,9.8,18.43,18.12,10,time_exit,35.71715,0.38215,5.63621,1.41132,,2024
GBPJPY,-1,2024-08-19 01:00:00,2024-08-19 02:00:00,191.02,191.51665,191.51665,190.02671,0.2389,-49.7,-107.97,-108.29,1,stop_loss,27.18601,0.3311,0.88508,3.55646,,2024
GBPJPY,1,2024-08-20 01:00:00,2024-08-20 04:00:00,190.339,189.73488,189.73488,191.54724,0.1945,-60.4,-106.93,-107.25,3,stop_loss,21.00282,0.40275,0.0735,1.61776,,2024
GBPJPY,-1,2024-08-22 06:00:00,2024-08-22 11:00:00,190.29,190.941,190.941,188.98799,0.1786,-65.1,-105.8,-106.12,5,stop_loss,21.6813,0.434,0.55011,0.54806,,2024
GBPJPY,1,2024-08-23 01:00:00,2024-08-23 04:00:00,191.392,190.77659,190.77659,192.62282,0.1871,-61.5,-104.78,-105.1,3,stop_loss,27.88908,0.41027,1.86746,1.45514,,2024
GBPJPY,-1,2024-08-27 05:00:00,2024-08-27 10:00:00,190.912,191.40745,191.40745,189.92109,0.23,-49.5,-103.7,-104.02,5,stop_loss,13.91573,0.3303,1.10232,0.83862,,2024
GBPJPY,1,2024-08-28 01:00:00,2024-08-28 11:00:00,190.792,190.972,190.32337,191.72925,0.2408,18.0,39.44,39.12,10,time_exit,11.99547,0.31242,-0.0781,1.28814,,2024
GBPJPY,-1,2024-08-29 06:00:00,2024-08-29 10:00:00,190.902,191.44487,191.44487,189.81625,0.2086,-54.3,-103.05,-103.37,4,stop_loss,23.5526,0.36192,0.17588,0.84452,,2024
GBPJPY,1,2024-08-29 17:00:00,2024-08-29 21:00:00,191.319,190.70141,190.70141,192.55417,0.1816,-61.8,-102.06,-102.38,4,stop_loss,18.09407,0.41172,1.02421,0.76823,new_york,2024
GBPJPY,1,2024-08-30 00:00:00,2024-08-30 10:00:00,190.88,191.176,190.33482,191.97035,0.2036,29.6,54.84,54.52,10,time_exit,15.35664,0.36345,-0.02137,0.8485,,2024
GBPJPY,-1,2024-09-02 06:00:00,2024-09-02 09:00:00,191.608,192.11092,192.11092,190.60216,0.2219,-50.3,-101.55,-101.87,3,stop_loss,20.95007,0.33528,0.78811,1.56658,,2024
GBPJPY,1,2024-09-03 16:00:00,2024-09-03 17:00:00,191.556,190.97327,190.97327,192.72146,0.1896,-58.3,-100.54,-100.86,1,stop_loss,27.79432,0.38849,-1.36809,2.06754,new_york,2024
GBPJPY,-1,2024-09-04 10:00:00,2024-09-04 11:00:00,189.917,190.5656,190.5656,188.6198,0.1686,-64.9,-99.51,-99.83,1,stop_loss,40.57574,0.4324,-3.26793,0.34683,london,2024
GBPJPY,1,2024-09-05 00:00:00,2024-09-05 02:00:00,188.929,188.31947,188.31947,190.14805,0.1776,-61.0,-98.51,-98.83,2,stop_loss,44.60481,0.40635,-4.07113,-0.89625,,2024
GBPJPY,1,2024-09-05 18:00:00,2024-09-05 20:00:00,189.358,188.59669,188.59669,190.88063,0.1408,-76.1,-97.55,-97.86,2,stop_loss,41.37741,0.50754,-0.67137,-1.84619,new_york,2024
GBPJPY,-1,2024-09-05 21:00:00,2024-09-06 07:00:00,188.925,188.444,189.68007,187.41485,0.1405,48.1,61.5,61.18,10,time_exit,34.32759,0.50338,-1.35215,-1.93859,new_york,2024
GBPJPY,1,2024-09-06 20:00:00,2024-09-09 06:00:00,186.895,187.45,185.92513,188.83475,0.1101,55.5,55.61,55.29,10,time_exit,30.08866,0.64658,-2.9002,-2.08025,new_york,2024
GBPJPY,-1,2024-09-09 17:00:00,2024-09-10 03:00:00,186.976,187.413,187.66088,185.60624,0.1568,-43.7,-62.35,-62.67,10,time_exit,17.50889,0.45659,-2.22125,-3.51257,new_york,2024
GBPJPY,-1,2024-09-10 17:00:00,2024-09-11 03:00:00,186.717,186.004,187.321,185.509,0.1767,71.3,114.65,114.33,10,time_exit,15.7079,0.40267,-1.99567,-3.88049,new_york,2024
GBPJPY,1,2024-09-11 05:00:00,2024-09-11 06:00:00,185.653,185.04871,185.04871,186.86158,0.1787,-60.4,-98.27,-98.59,1,stop_loss,30.2856,0.40286,-3.31126,-4.37596,,2024
GBPJPY,1,2024-09-13 18:00:00,2024-09-16 04:00:00,185.002,184.675,184.30064,186.40473,0.1524,-32.7,-45.35,-45.67,10,time_exit,22.25892,0.46758,-1.28544,-3.60022,new_york,2024
GBPJPY,-1,2024-09-16 23:00:00,2024-09-17 02:00:00,185.904,186.46929,186.46929,184.77341,0.1882,-56.5,-96.81,-97.13,3,stop_loss,23.72441,0.37686,1.79488,-3.9137,,2024
GBPJPY,1,2024-09-17 16:00:00,2024-09-17 23:00:00,186.232,187.26206,185.71697,187.26206,0.2045,103.0,191.69,191.37,7,take_profit,18.16144,0.34335,2.03221,-3.01139,new_york,2024
GBPJPY,1,2024-09-18 19:00:00,2024-09-18 21:00:00,187.329,186.75033,186.75033,188.48634,0.1856,-57.9,-97.73,-98.05,2,stop_loss,24.66912,0.38578,2.18495,-0.42899,new_york,2024
GBPJPY,-1,2024-09-20 01:00:00,2024-09-20 09:00:00,189.415,190.16405,190.16405,187.91691,0.142,-74.9,-96.79,-97.11,8,stop_loss,24.04392,0.49936,2.11485,2.20098,,2024
GBPJPY,-1,2024-09-20 22:00:00,2024-09-23 08:00:00,191.608,191.918,192.37704,190.06993,0.1369,-31.0,-38.62,-38.94,10,time_exit,28.92568,0.51269,3.60193,3.62431,,2024
GBPJPY,1,2024-09-23 17:00:00,2024-09-23 19:00:00,192.1,191.32587,191.32587,193.64826,0.1354,-77.4,-95.38,-95.7,2,stop_loss,24.56269,0.51609,2.71013,4.1944,new_york,2024
GBPJPY,-1,2024-09-25 16:00:00,2024-09-26 02:00:00,193.165,192.674,193.70322,192.08855,0.1928,49.1,86.14,85.83,10,time_exit,14.16491,0.35882,2.92227,6.08884,new_york,2024
GBPJPY,1,2024-09-26 20:00:00,2024-09-27 06:00:00,194.247,194.539,193.59587,195.54926,0.1608,29.2,42.73,42.41,10,time_exit,17.84025,0.43409,3.17432,4.95873,new_york,2024
GBPJPY,-1,2024-09-27 11:00:00,2024-09-27 21:00:00,191.407,190.312,192.4855,189.25,0.0975,109.5,97.15,96.84,10,time_exit,31.07605,0.719,-2.7817,3.08642,london,2024
GBPJPY,1,2024-09-30 03:00:00,2024-09-30 08:00:00,191.087,190.19283,190.19283,192.87534,0.1188,-89.4,-96.67,-96.99,5,stop_loss,30.71291,0.59611,-1.88054,1.77892,,2024
GBPJPY,1,2024-09-30 14:00:00,2024-10-01 00:00:00,191.184,191.997,190.33131,192.88939,0.1234,81.3,91.3,90.98,10,time_exit,22.47376,0.56846,-0.84482,0.99181,london,2024
GBPJPY,-1,2024-10-01 06:00:00,2024-10-01 09:00:00,192.682,193.35336,193.35336,191.33927,0.1582,-67.1,-96.65,-96.97,3,stop_loss,23.46566,0.44758,1.86144,1.37243,,2024
GBPJPY,1,2024-10-03 17:00:00,2024-10-04 03:00:00,192.278,192.559,191.51789,193.79823,0.1383,28.1,35.36,35.05,10,time_exit,31.23842,0.50674,-0.99245,1.90568,new_york,2024
GBPJPY,1,2024-10-04 04:00:00,2024-10-04 07:00:00,192.561,191.98638,191.98638,193.71025,0.1836,-57.5,-96.01,-96.32,3,stop_loss,17.06698,0.38308,-0.44286,2.16769,,2024
GBPJPY,-1,2024-10-04 21:00:00,2024-10-07 07:00:00,195.244,194.839,195.93719,193.85763,0.1507,40.5,55.54,55.22,10,time_exit,30.29648,0.46212,4.61637,2.13857,new_york,2024
GBPJPY,-1,2024-10-10 04:00:00,2024-10-10 07:00:00,195.006,195.4383,195.4383,194.14139,0.243,-43.2,-95.6,-95.91,3,stop_loss,15.82469,0.2882,1.95486,3.87515,,2024
GBPJPY,-1,2024-10-10 12:00:00,2024-10-10 15:00:00,194.894,194.06369,195.30916,194.06369,0.2505,83.0,189.27,188.96,3,take_profit,12.61411,0.27677,1.0399,4.14949,london,2024
GBPJPY,-1,2024-10-11 02:00:00,2024-10-11 12:00:00,194.106,194.60365,194.60365,193.11069,0.2132,-49.8,-96.55,-96.87,10,stop_loss,26.84043,0.33177,-0.94586,2.60664,,2024
GBPJPY,1,2024-10-14 22:00:00,2024-10-15 04:00:00,195.633,195.2857,195.2857,196.32759,0.3024,-34.7,-95.57,-95.89,6,stop_loss,27.47506,0.23153,3.00919,3.90941,,2024
GBPJPY,1,2024-10-15 06:00:00,2024-10-15 08:00:00,195.481,195.15197,195.15197,196.13906,0.316,-32.9,-94.62,-94.93,2,stop_loss,21.85871,0.21935,1.75161,4.32778,,2024
GBPJPY,1,2024-10-15 12:00:00,2024-10-15 22:00:00,195.037,195.016,194.63835,195.83429,0.2582,-2.1,-4.93,-5.25,10,time_exit,22.85334,0.26576,-0.25868,3.39237,london,2024
GBPJPY,-1,2024-10-16 14:00:00,2024-10-17 00:00:00,194.429,194.283,195.00704,193.27291,0.178,14.6,23.65,23.33,10,time_exit,37.00823,0.38536,-1.32677,1.48883,london,2024
GBPJPY,-1,2024-10-17 16:00:00,2024-10-17 19:00:00,194.913,195.33866,195.33866,194.06167,0.2423,-42.6,-93.86,-94.17,3,stop_loss,29.77534,0.28378,1.08666,0.7971,new_york,2024
GBPJPY,-1,2024-10-21 14:00:00,2024-10-21 20:00:00,195.251,195.65297,195.65297,194.44706,0.254,-40.2,-92.91,-93.23,6,stop_loss,15.86596,0.26798,0.7079,1.42186,london,2024
GBPJPY,1,2024-10-21 22:00:00,2024-10-22 08:00:00,195.686,196.061,195.2925,196.47299,0.2568,37.5,87.63,87.31,10,time_exit,16.08639,0.26233,1.96075,1.6492,,2024
GBPJPY,-1,2024-10-22 14:00:00,2024-10-22 23:00:00,195.75,196.20906,196.20906,194.83187,0.2222,-45.9,-92.82,-93.14,9,stop_loss,21.07915,0.30604,0.75627,1.98952,london,2024
GBPJPY,1,2024-10-23 09:00:00,2024-10-23 19:00:00,197.743,197.623,197.28395,198.66111,0.22,-12.0,-24.02,-24.34,10,time_exit,22.83052,0.30604,5.62707,2.80428,london,2024
GBPJPY,-1,2024-10-24 15:00:00,2024-10-25 01:00:00,197.256,196.782,197.77544,196.21712,0.1939,47.4,83.64,83.32,10,time_exit,22.00024,0.34629,0.93065,3.42628,london,2024
GBPJPY,-1,2024-10-25 20:00:00,2024-10-28 00:00:00,197.501,197.98656,197.98656,196.52987,0.2093,-48.6,-92.48,-92.8,4,stop_loss,14.76945,0.32371,1.38256,3.00922,new_york,2024
GBPJPY,-1,2024-10-28 15:00:00,2024-10-29 01:00:00,198.421,198.766,199.08292,197.09717,0.152,-34.5,-47.72,-48.04,10,time_exit,30.8386,0.44128,1.4353,2.96837,london,2024
GBPJPY,-1,2024-10-29 22:00:00,2024-10-30 08:00:00,199.523,199.207,200.00592,198.55717,0.2073,31.6,59.61,59.29,10,time_exit,20.16681,0.32194,2.73926,4.71646,,2024
GBPJPY,1,2024-10-30 17:00:00,2024-10-31 03:00:00,198.765,198.812,198.23708,199.82085,0.1908,4.7,8.16,7.84,10,time_exit,18.53884,0.35195,-0.37509,4.03116,new_york,2024
GBPJPY,-1,2024-10-31 12:00:00,2024-10-31 16:00:00,197.816,198.49451,198.49451,196.45898,0.1486,-67.9,-91.75,-92.07,4,stop_loss,26.60122,0.45234,-1.85693,2.2036,london,2024
GBPJPY,1,2024-10-31 21:00:00,2024-11-01 07:00:00,195.698,196.671,194.80132,197.49135,0.1113,97.3,98.55,98.23,10,time_exit,38.74062,0.59778,-4.15553,0.94542,new_york,2024
GBPJPY,1,2024-11-01 12:00:00,2024-11-01 17:00:00,196.97,198.21363,196.34818,198.21363,0.1623,124.4,183.68,183.36,5,take_profit,36.75344,0.41454,-0.94866,-0.16997,london,2024
GBPJPY,1,2024-11-04 09:00:00,2024-11-04 10:00:00,197.61,197.08817,197.08817,198.65365,0.1972,-52.2,-93.64,-93.96,1,stop_loss,18.78206,0.34788,0.59749,-0.10737,london,2024
GBPJPY,-1,2024-11-04 16:00:00,2024-11-04 17:00:00,196.924,197.46226,197.46226,195.84748,0.1893,-53.8,-92.72,-93.04,1,stop_loss,18.67348,0.35884,-1.03616,-0.31711,new_york,2024
GBPJPY,1,2024-11-05 21:00:00,2024-11-06 03:00:00,197.405,198.31729,196.94885,198.31729,0.2211,91.2,183.55,183.24,6,take_profit,10.68198,0.3041,0.02847,-0.01944,new_york,2024
GBPJPY,-1,2024-11-06 05:00:00,2024-11-06 15:00:00,198.823,198.502,199.42404,197.62093,0.1712,32.1,50.01,49.69,10,time_exit,16.07322,0.40069,3.22961,0.22883,,2024
GBPJPY,-1,2024-11-08 09:00:00,2024-11-08 17:00:00,198.118,197.10404,198.62498,197.10404,0.204,101.4,188.23,187.91,8,take_profit,18.50811,0.33799,-1.28093,1.71988,london,2024
GBPJPY,1,2024-11-11 03:00:00,2024-11-11 13:00:00,197.778,198.121,197.22761,198.87879,0.1917,34.3,59.84,59.52,10,time_exit,28.08568,0.36693,-0.36648,0.13476,,2024
GBPJPY,-1,2024-11-13 15:00:00,2024-11-13 16:00:00,197.454,196.67777,197.84212,196.67777,0.2735,77.6,193.19,192.87,1,take_profit,13.33624,0.25874,-0.16224,-0.89735,london,2024
GBPJPY,1,2024-11-13 23:00:00,2024-11-14 09:00:00,197.668,197.714,197.22747,198.54906,0.2458,4.6,10.29,9.97,10,time_exit,14.14847,0.29369,0.69107,-0.79581,,2024
GBPJPY,1,2024-11-14 22:00:00,2024-11-15 08:00:00,197.816,197.991,197.37395,198.70011,0.2452,17.5,39.05,38.73,10,time_exit,12.21179,0.2947,0.64837,-0.25887,,2024
GBPJPY,-1,2024-11-18 12:00:00,2024-11-18 22:00:00,195.479,195.956,196.20397,194.02906,0.1501,-47.7,-65.15,-65.47,10,time_exit,28.07533,0.48331,-1.65723,-1.98995,london,2024
GBPJPY,1,2024-11-20 15:00:00,2024-11-20 16:00:00,197.214,196.61422,196.61422,198.41357,0.1802,-60.0,-98.35,-98.67,1,stop_loss,25.67501,0.39986,2.43006,-1.25935,london,2024
GBPJPY,1,2024-11-20 22:00:00,2024-11-21 08:00:00,196.502,195.85295,195.85295,197.80011,0.1648,-64.9,-97.34,-97.66,10,stop_loss,19.76052,0.4327,0.3733,-0.92157,,2024
GBPJPY,1,2024-11-21 16:00:00,2024-11-22 00:00:00,195.092,194.41728,194.41728,196.44144,0.157,-67.5,-96.4,-96.72,8,stop_loss,28.51207,0.44981,-2.14395,-1.19943,new_york,2024
GBPJPY,-1,2024-11-22 05:00:00,2024-11-22 11:00:00,194.334,193.18725,194.90737,193.18725,0.1829,114.7,190.86,190.54,6,take_profit,40.36391,0.38225,-2.85204,-2.40009,,2024
GBPJPY,-1,2024-11-27 13:00:00,2024-11-27 15:00:00,190.975,191.52823,191.52823,189.86853,0.1933,-55.3,-97.32,-97.63,2,stop_loss,42.13719,0.36882,-4.51533,-5.1674,london,2024
GBPJPY,1,2024-11-27 21:00:00,2024-11-28 07:00:00,191.235,191.916,190.61456,192.47587,0.1707,68.1,105.78,105.47,10,time_exit,37.5536,0.41362,-2.50209,-4.89814,new_york,2024
GBPJPY,1,2024-11-28 15:00:00,2024-11-29 01:00:00,192.231,191.74285,191.74285,193.2073,0.2193,-48.8,-97.42,-97.74,10,stop_loss,17.7683,0.32543,0.34714,-5.49432,london,2024
GBPJPY,1,2024-12-02 01:00:00,2024-12-02 11:00:00,190.355,190.989,189.78764,191.48971,0.1868,63.4,107.77,107.45,10,time_exit,34.26012,0.37824,-2.27804,-4.93699,,2024
GBPJPY,-1,2024-12-04 11:00:00,2024-12-04 13:00:00,190.633,191.23076,191.23076,189.43748,0.1792,-59.8,-97.48,-97.8,2,stop_loss,20.89895,0.39851,1.7289,-4.31474,london,2024
GBPJPY,1,2024-12-05 19:00:00,2024-12-06 05:00:00,191.562,190.98065,190.98065,192.7247,0.1825,-58.1,-96.55,-96.87,10,stop_loss,16.53963,0.38757,1.81823,-1.73284,new_york,2024
GBPJPY,1,2024-12-06 14:00:00,2024-12-06 15:00:00,192.21,191.72317,191.72317,193.18367,0.2157,-48.7,-95.56,-95.88,1,stop_loss,16.24488,0.32456,3.08944,-0.96275,london,2024
GBPJPY,1,2024-12-06 20:00:00,2024-12-09 06:00:00,190.865,190.65,190.3008,191.99339,0.1843,-21.5,-36.06,-36.38,10,time_exit,17.1322,0.37613,-0.87337,-0.79845,new_york,2024
GBPJPY,1,2024-12-11 07:00:00,2024-12-11 09:00:00,193.481,193.09584,193.09584,194.25131,0.2689,-38.5,-94.25,-94.57,2,stop_loss,27.99321,0.25677,1.64721,3.72138,london,2024
GBPJPY,-1,2024-12-11 18:00:00,2024-12-12 04:00:00,194.294,194.409,194.96407,192.95387,0.153,-11.5,-16.01,-16.33,10,time_exit,25.77232,0.44671,1.98524,2.47723,new_york,2024
GBPJPY,1,2024-12-12 13:00:00,2024-12-12 15:00:00,194.112,193.59412,193.59412,195.14777,0.1976,-51.8,-93.12,-93.44,2,stop_loss,16.94004,0.34526,0.43567,3.73204,london,2024
GBPJPY,-1,2024-12-13 08:00:00,2024-12-13 13:00:00,193.627,194.09687,194.09687,192.68725,0.2156,-47.0,-92.19,-92.51,5,stop_loss,25.49412,0.31325,-0.3425,2.91655,london,2024
GBPJPY,1,2024-12-16 21:00:00,2024-12-17 07:00:00,195.602,195.355,195.11602,196.57395,0.2064,-24.7,-46.39,-46.71,10,time_exit,27.73529,0.32398,3.87039,3.2455,new_york,2024
GBPJPY,1,2024-12-17 21:00:00,2024-12-18 07:00:00,194.911,194.794,194.4148,195.90341,0.2011,-11.7,-21.41,-21.73,10,time_exit,20.62794,0.3308,-0.04969,3.62729,new_york,2024
GBPJPY,-1,2024-12-20 04:00:00,2024-12-20 14:00:00,196.434,196.04,197.1713,194.95941,0.135,39.4,48.4,48.08,10,time_exit,19.07871,0.49153,0.2686,3.21663,,2024
GBPJPY,-1,2024-12-23 22:00:00,2024-12-24 08:00:00,196.905,196.795,197.33125,196.05249,0.2348,11.0,23.5,23.18,10,time_exit,11.17461,0.28417,1.01768,4.38795,,2024
GBPJPY,1,2024-12-24 08:00:00,2024-12-24 16:00:00,196.735,197.47433,196.36534,197.47433,0.2714,73.9,182.59,182.28,8,take_profit,12.79295,0.24644,0.20494,4.79982,london,2024
GBPJPY,1,2024-12-24 21:00:00,2024-12-26 07:00:00,197.088,197.388,196.6829,197.8982,0.2526,30.0,68.96,68.64,10,time_exit,14.48042,0.27007,1.00728,4.17874,new_york,2024
GBPJPY,1,2024-12-26 09:00:00,2024-12-26 19:00:00,197.341,197.804,196.98001,198.06297,0.2856,46.3,120.33,120.01,10,time_exit,14.64092,0.24066,1.44815,4.67056,london,2024
GBPJPY,1,2024-12-30 19:00:00,2024-12-31 05:00:00,196.867,196.35,196.27618,198.04864,0.1767,-51.7,-83.13,-83.45,10,time_exit,29.56517,0.39388,-2.75024,2.92669,new_york,2024
