symbol,direction,entry_dt,exit_dt,entry,exit,stop_loss,take_profit,size,pnl_pips,pnl_gross,pnl,bars_held,exit_reason,adx_entry,atr_entry,ema_distance,trend_gap,session,year
GBPJPY,1,2019-01-14 14:00:00,2019-01-14 17:00:00,139.163,139.97011,138.75944,139.97011,0.2723,80.7,200.0,199.68,3,take_profit,15.90526,0.26904,1.57604,1.015,london,2019
GBPJPY,-1,2019-01-16 22:00:00,2019-01-17 08:00:00,140.182,140.03,140.7676,139.0108,0.1914,15.2,26.47,26.16,10,time_exit,22.65689,0.3904,1.5748,1.60412,,2019
GBPJPY,1,2019-01-18 13:00:00,2019-01-18 21:00:00,141.617,141.20384,141.20384,142.44332,0.272,-41.3,-102.27,-102.58,8,stop_loss,37.99588,0.27544,2.48673,4.70929,london,2019
GBPJPY,-1,2019-01-21 21:00:00,2019-01-22 07:00:00,141.319,140.87,141.66588,140.62524,0.3207,44.9,131.03,130.72,10,time_exit,20.64079,0.23125,0.93535,4.51851,new_york,2019
GBPJPY,-1,2019-01-23 05:00:00,2019-01-23 11:00:00,142.095,142.42412,142.42412,141.43675,0.3424,-32.9,-102.55,-102.87,6,stop_loss,19.83222,0.21942,3.20272,4.35145,,2019
GBPJPY,1,2019-01-23 19:00:00,2019-01-24 05:00:00,143.069,143.211,142.62684,143.95333,0.2523,14.2,32.6,32.28,10,time_exit,34.69048,0.29478,3.86024,4.11169,new_york,2019
GBPJPY,1,2019-01-24 05:00:00,2019-01-24 14:00:00,143.202,142.83517,142.83517,143.93565,0.3051,-36.7,-101.85,-102.16,9,stop_loss,41.53482,0.24455,3.47683,5.7091,,2019
GBPJPY,-1,2019-01-28 04:00:00,2019-01-28 14:00:00,144.398,143.928,144.81851,143.55697,0.2634,47.0,112.66,112.34,10,time_exit,35.4875,0.28034,2.42188,6.11686,,2019
GBPJPY,-1,2019-01-28 22:00:00,2019-01-29 08:00:00,143.883,143.761,144.27031,143.10838,0.2892,12.2,32.11,31.79,10,time_exit,20.62522,0.25821,0.11376,5.88527,,2019
GBPJPY,1,2019-01-29 20:00:00,2019-01-29 21:00:00,143.688,143.23832,143.23832,144.58736,0.2499,-45.0,-102.26,-102.58,1,stop_loss,18.67183,0.29979,-0.56351,4.08663,new_york,2019
GBPJPY,-1,2019-01-30 04:00:00,2019-01-30 14:00:00,143.073,143.269,143.5518,142.1154,0.2323,-19.6,-41.43,-41.75,10,time_exit,27.83529,0.3192,-1.84215,3.09963,,2019
GBPJPY,1,2019-01-30 14:00:00,2019-01-30 21:00:00,143.355,142.94073,142.94073,144.18353,0.2674,-41.4,-100.81,-101.12,7,stop_loss,26.86702,0.27618,-0.53105,2.83419,london,2019
GBPJPY,1,2019-01-31 04:00:00,2019-01-31 11:00:00,142.853,142.48978,142.48978,143.57945,0.3019,-36.3,-99.79,-100.11,7,stop_loss,16.20577,0.24215,-1.82992,2.20965,,2019
GBPJPY,-1,2019-02-01 12:00:00,2019-02-01 16:00:00,142.089,142.47208,142.47208,141.32285,0.2834,-38.3,-98.79,-99.11,4,stop_loss,11.89701,0.25538,-2.95084,0.39755,london,2019
GBPJPY,-1,2019-02-05 02:00:00,2019-02-05 12:00:00,143.266,143.063,143.57909,142.63982,0.3433,20.3,63.42,63.1,10,time_exit,18.83188,0.20873,0.08125,1.59292,,2019
GBPJPY,-1,2019-02-08 16:00:00,2019-02-11 02:00:00,142.392,142.051,142.70416,141.76768,0.3465,34.1,107.52,107.2,10,time_exit,15.95099,0.20811,0.73392,-1.55684,new_york,2019
GBPJPY,-1,2019-02-11 08:00:00,2019-02-11 11:00:00,142.235,142.4729,142.4729,141.75919,0.4596,-23.8,-99.5,-99.82,3,stop_loss,13.51487,0.1586,0.49841,-2.08815,london,2019
GBPJPY,-1,2019-02-11 14:00:00,2019-02-12 00:00:00,142.239,141.931,142.54867,141.61966,0.3496,30.8,97.99,97.67,10,time_exit,15.0308,0.20645,0.36659,-1.48792,london,2019
GBPJPY,-1,2019-02-12 14:00:00,2019-02-12 16:00:00,142.093,142.39242,142.39242,141.49416,0.3651,-29.9,-99.48,-99.8,2,stop_loss,13.45799,0.19961,-0.20706,-1.30285,london,2019
GBPJPY,1,2019-02-13 15:00:00,2019-02-13 18:00:00,142.896,142.53702,142.53702,143.61396,0.3015,-35.9,-98.49,-98.81,3,stop_loss,31.02432,0.23932,1.82973,0.07969,london,2019
GBPJPY,1,2019-02-18 15:00:00,2019-02-19 01:00:00,142.944,142.923,142.66157,143.50886,0.3794,-2.1,-7.25,-7.57,10,time_exit,43.26222,0.18829,3.36482,-0.0179,london,2019
GBPJPY,-1,2019-02-19 02:00:00,2019-02-19 10:00:00,142.923,143.14623,143.14623,142.47654,0.4796,-22.3,-97.43,-97.74,8,stop_loss,35.15628,0.14882,2.63414,1.02787,,2019
GBPJPY,1,2019-02-21 18:00:00,2019-02-22 00:00:00,144.631,144.19352,144.19352,145.50596,0.2423,-43.7,-96.46,-96.78,6,stop_loss,14.7769,0.29165,1.06907,3.57624,new_york,2019
GBPJPY,-1,2019-02-25 22:00:00,2019-02-26 08:00:00,145.598,145.561,145.97631,144.84139,0.2774,3.7,9.34,9.02,10,time_exit,30.86648,0.2522,3.67305,3.40248,,2019
GBPJPY,-1,2019-02-26 14:00:00,2019-02-26 17:00:00,146.504,145.65504,146.92848,145.65504,0.2474,84.9,191.13,190.81,3,take_profit,47.55533,0.28299,4.61278,3.8857,london,2019
GBPJPY,1,2019-02-27 15:00:00,2019-02-28 01:00:00,147.268,147.642,146.86551,148.07298,0.2661,37.4,90.56,90.25,10,time_exit,45.39633,0.26833,4.40722,5.36217,london,2019
GBPJPY,1,2019-02-28 15:00:00,2019-02-28 17:00:00,147.341,148.04188,146.99056,148.04188,0.3085,70.1,196.76,196.44,2,take_profit,29.47669,0.23363,1.65185,7.25464,london,2019
GBPJPY,-1,2019-02-28 23:00:00,2019-03-01 05:00:00,147.818,148.2137,148.2137,147.0266,0.2787,-39.6,-100.36,-100.68,6,stop_loss,31.55973,0.2638,2.37967,6.56649,,2019
GBPJPY,1,2019-03-01 12:00:00,2019-03-01 13:00:00,148.201,147.8829,147.8829,148.83721,0.3432,-31.8,-99.35,-99.67,1,stop_loss,41.41399,0.21207,3.12699,8.33664,london,2019
GBPJPY,1,2019-03-01 21:00:00,2019-03-04 07:00:00,147.771,148.114,147.37246,148.56809,0.2712,34.3,84.65,84.33,10,time_exit,35.09454,0.2657,0.32595,6.47139,new_york,2019
GBPJPY,1,2019-03-05 08:00:00,2019-03-05 14:00:00,147.282,147.00785,147.00785,147.8303,0.3976,-27.4,-99.19,-99.51,6,stop_loss,30.41156,0.18277,-1.6535,6.14338,london,2019
GBPJPY,-1,2019-03-06 02:00:00,2019-03-06 12:00:00,147.17,147.046,147.55502,146.39997,0.2803,12.4,31.63,31.31,10,time_exit,17.52806,0.25668,-0.88977,3.15662,,2019
GBPJPY,1,2019-03-06 18:00:00,2019-03-07 04:00:00,146.921,147.227,146.56727,147.62845,0.306,30.6,85.21,84.89,10,time_exit,15.61109,0.23582,-1.11365,2.30393,new_york,2019
GBPJPY,1,2019-03-07 09:00:00,2019-03-07 12:00:00,147.151,146.89272,146.89272,147.66757,0.4227,-25.8,-99.35,-99.67,3,stop_loss,8.6384,0.17219,-0.1098,2.66579,london,2019
GBPJPY,-1,2019-03-07 12:00:00,2019-03-07 14:00:00,147.058,146.51373,147.33013,146.51373,0.3972,54.4,196.73,196.41,2,take_profit,8.54008,0.18142,-0.57958,2.43575,london,2019
GBPJPY,-1,2019-03-11 06:00:00,2019-03-11 10:00:00,144.084,144.57034,144.57034,143.11131,0.2267,-48.6,-100.33,-100.65,4,stop_loss,38.13816,0.32423,-4.13138,-2.51108,,2019
GBPJPY,1,2019-03-11 20:00:00,2019-03-12 01:00:00,146.07,147.17037,145.51982,147.17037,0.1984,110.0,198.66,198.35,5,take_profit,28.00357,0.36679,2.36433,-2.32454,new_york,2019
GBPJPY,1,2019-03-13 04:00:00,2019-03-13 14:00:00,145.509,146.558,144.82602,146.87495,0.163,104.9,155.6,155.28,10,time_exit,25.15312,0.45532,-0.84466,-0.50746,,2019
GBPJPY,1,2019-03-15 08:00:00,2019-03-15 18:00:00,147.933,148.159,147.4118,148.97539,0.2169,22.6,44.61,44.29,10,time_exit,30.07877,0.34746,1.19978,2.40022,london,2019
GBPJPY,1,2019-03-18 09:00:00,2019-03-18 11:00:00,148.176,147.85054,147.85054,148.82693,0.3488,-32.5,-103.31,-103.62,2,stop_loss,13.88479,0.21698,1.21756,4.2051,london,2019
GBPJPY,-1,2019-03-21 05:00:00,2019-03-21 11:00:00,146.316,145.44289,146.75256,145.44289,0.2574,87.3,204.51,204.19,6,take_profit,37.19923,0.29104,-3.02019,-0.00921,,2019
GBPJPY,1,2019-03-21 19:00:00,2019-03-22 05:00:00,144.919,145.509,144.33396,146.08909,0.1959,59.0,105.18,104.86,10,time_exit,46.06021,0.39003,-3.98453,-1.3135,new_york,2019
GBPJPY,-1,2019-03-22 07:00:00,2019-03-22 12:00:00,145.554,144.54226,146.05987,144.54226,0.2288,101.2,210.65,210.33,5,take_profit,33.49891,0.33725,-1.33333,-2.30858,london,2019
GBPJPY,-1,2019-03-25 04:00:00,2019-03-25 11:00:00,144.783,145.3442,145.3442,143.6606,0.2104,-56.1,-107.45,-107.77,7,stop_loss,19.42267,0.37413,-2.01962,-2.52192,,2019
GBPJPY,-1,2019-03-25 13:00:00,2019-03-25 15:00:00,145.217,145.73164,145.73164,144.18773,0.2271,-51.5,-106.36,-106.67,2,stop_loss,17.5651,0.34309,-0.52776,-2.80357,london,2019
GBPJPY,-1,2019-03-26 15:00:00,2019-03-27 01:00:00,146.204,145.973,146.73935,145.1333,0.2162,23.1,45.45,45.13,10,time_exit,14.63058,0.3569,2.30507,-2.07243,london,2019
GBPJPY,1,2019-03-27 15:00:00,2019-03-27 17:00:00,146.063,145.63466,145.63466,146.91969,0.2713,-42.8,-105.75,-106.07,2,stop_loss,14.26051,0.28556,1.15528,-1.26845,london,2019
GBPJPY,-1,2019-03-29 11:00:00,2019-03-29 13:00:00,144.247,144.69834,144.69834,143.34432,0.2549,-45.1,-104.69,-105.01,2,stop_loss,25.69134,0.30089,-2.53468,-2.33462,london,2019
GBPJPY,1,2019-04-01 01:00:00,2019-04-01 11:00:00,144.57,145.312,143.98101,145.74798,0.1934,74.2,130.59,130.27,10,time_exit,21.897,0.39266,-0.46218,-2.00689,,2019
GBPJPY,-1,2019-04-02 00:00:00,2019-04-02 10:00:00,145.842,145.34,146.27934,144.96732,0.2637,50.2,120.46,120.14,10,time_exit,38.14445,0.29156,2.39613,-1.03784,,2019
GBPJPY,-1,2019-04-02 10:00:00,2019-04-02 20:00:00,145.372,145.77888,145.77888,144.55825,0.2867,-40.7,-106.15,-106.47,10,stop_loss,23.65798,0.27125,0.21799,-0.74986,london,2019
GBPJPY,1,2019-04-02 23:00:00,2019-04-03 09:00:00,146.232,146.987,145.74189,147.21222,0.2356,75.5,161.87,161.55,10,time_exit,22.42282,0.32674,2.58231,-0.38205,,2019
GBPJPY,1,2019-04-04 06:00:00,2019-04-04 12:00:00,146.815,146.42502,146.42502,147.59496,0.3007,-39.0,-106.71,-107.03,6,stop_loss,16.7668,0.25999,1.92427,1.91858,,2019
GBPJPY,1,2019-04-05 14:00:00,2019-04-05 15:00:00,145.984,145.67493,145.67493,146.60214,0.3756,-30.9,-105.64,-105.96,1,stop_loss,19.02852,0.20605,-1.14851,1.41102,london,2019
GBPJPY,1,2019-04-10 10:00:00,2019-04-10 17:00:00,145.303,145.03017,145.03017,145.84866,0.4212,-27.3,-104.57,-104.89,7,stop_loss,15.26624,0.18189,-0.25419,-1.70608,london,2019
GBPJPY,-1,2019-04-10 21:00:00,2019-04-11 07:00:00,145.381,145.554,145.71723,144.70853,0.3383,-17.3,-53.26,-53.58,10,time_exit,14.81859,0.22416,0.18157,-1.26508,new_york,2019
GBPJPY,-1,2019-04-16 00:00:00,2019-04-16 10:00:00,146.686,146.361,146.9377,146.1826,0.4496,32.5,132.97,132.65,10,time_exit,35.77647,0.1678,1.97662,2.88817,,2019
GBPJPY,-1,2019-04-16 12:00:00,2019-04-16 18:00:00,146.512,146.03681,146.7496,146.03681,0.4825,47.5,208.65,208.33,6,take_profit,21.79811,0.1584,0.26458,2.89804,london,2019
GBPJPY,1,2019-04-16 19:00:00,2019-04-17 05:00:00,146.082,146.128,145.79233,146.66134,0.4036,4.6,16.89,16.58,10,time_exit,23.41591,0.19311,-1.77904,2.05458,new_york,2019
GBPJPY,-1,2019-04-17 22:00:00,2019-04-18 08:00:00,146.076,145.94,146.34949,145.52902,0.4282,13.6,52.99,52.68,10,time_exit,18.26894,0.18233,-0.67705,0.8439,,2019
GBPJPY,1,2019-04-18 14:00:00,2019-04-18 22:00:00,145.57,145.31305,145.31305,146.0839,0.458,-25.7,-107.09,-107.41,8,stop_loss,27.93646,0.1713,-2.76742,0.12263,london,2019
GBPJPY,1,2019-04-19 10:00:00,2019-04-19 20:00:00,145.443,145.417,145.25384,145.82132,0.6159,-2.6,-14.57,-14.89,10,time_exit,45.90535,0.12611,-2.12798,-1.64068,london,2019
GBPJPY,1,2019-04-19 22:00:00,2019-04-22 08:00:00,145.441,145.43,145.28258,145.75783,0.7344,-1.1,-7.35,-7.67,10,time_exit,26.26786,0.10561,-1.69974,-2.34401,,2019
GBPJPY,1,2019-04-22 10:00:00,2019-04-22 15:00:00,145.429,145.26917,145.26917,145.74866,0.7274,-16.0,-105.8,-106.11,5,stop_loss,20.82218,0.10655,-1.08663,-2.55903,london,2019
GBPJPY,1,2019-04-23 03:00:00,2019-04-23 04:00:00,145.301,145.17269,145.17269,145.55762,0.8969,-12.8,-104.73,-105.04,1,stop_loss,29.14062,0.08554,-1.56208,-3.57659,,2019
GBPJPY,-1,2019-04-23 10:00:00,2019-04-23 11:00:00,145.239,145.39462,145.39462,144.92775,0.7321,-15.6,-103.68,-104.0,1,stop_loss,33.48462,0.10375,-1.32359,-3.15267,london,2019
GBPJPY,-1,2019-04-23 17:00:00,2019-04-24 03:00:00,145.047,144.819,145.27968,144.58164,0.4847,22.8,100.57,100.25,10,time_exit,28.38051,0.15512,-2.05441,-2.02266,new_york,2019
GBPJPY,1,2019-04-26 20:00:00,2019-04-29 00:00:00,144.356,144.1206,144.1206,144.8268,0.4838,-23.5,-103.64,-103.95,4,stop_loss,22.54534,0.15693,0.17544,-4.26996,new_york,2019
GBPJPY,-1,2019-04-29 04:00:00,2019-04-29 07:00:00,144.253,144.46043,144.46043,143.83814,0.5436,-20.7,-102.61,-102.93,3,stop_loss,20.45845,0.13829,-0.38013,-4.5933,,2019
GBPJPY,-1,2019-05-01 02:00:00,2019-05-01 10:00:00,145.292,145.55065,145.55065,144.7747,0.4315,-25.9,-101.56,-101.88,8,stop_loss,30.87334,0.17243,3.27324,-0.71241,,2019
GBPJPY,-1,2019-05-06 12:00:00,2019-05-06 22:00:00,145.119,145.233,145.54898,144.25904,0.257,-11.4,-26.66,-26.98,10,time_exit,22.11713,0.28665,-1.07724,0.82653,london,2019
GBPJPY,-1,2019-05-07 15:00:00,2019-05-08 01:00:00,144.457,144.11,144.77389,143.82322,0.3478,34.7,109.82,109.51,10,time_exit,18.84457,0.21126,-3.41082,0.06146,london,2019
GBPJPY,-1,2019-05-08 04:00:00,2019-05-08 12:00:00,143.983,143.41896,144.26502,143.41896,0.395,56.4,202.75,202.43,8,take_profit,37.70536,0.18801,-4.02522,-1.5714,,2019
GBPJPY,-1,2019-05-08 15:00:00,2019-05-09 01:00:00,143.197,143.211,143.51523,142.56054,0.3571,-1.4,-4.55,-4.87,10,time_exit,46.77547,0.21215,-5.35085,-2.61761,london,2019
GBPJPY,-1,2019-05-13 11:00:00,2019-05-13 16:00:00,142.637,142.10973,142.90064,142.10973,0.4308,52.7,206.71,206.39,5,take_profit,14.9884,0.17576,-1.70389,-5.46233,london,2019
GBPJPY,-1,2019-05-14 01:00:00,2019-05-14 03:00:00,141.532,141.87553,141.87553,140.84495,0.3372,-34.4,-105.41,-105.73,2,stop_loss,34.41361,0.22902,-4.25487,-4.97909,,2019
GBPJPY,1,2019-05-14 09:00:00,2019-05-14 11:00:00,142.074,141.75949,141.75949,142.70302,0.3646,-31.5,-104.35,-104.67,2,stop_loss,25.29239,0.20967,-1.2697,-5.58192,london,2019
GBPJPY,1,2019-05-15 08:00:00,2019-05-15 10:00:00,141.588,141.33935,141.33935,142.08531,0.4566,-24.9,-103.32,-103.64,2,stop_loss,27.46747,0.16577,-1.97741,-7.34162,london,2019
GBPJPY,1,2019-05-16 00:00:00,2019-05-16 10:00:00,140.732,140.35522,140.35522,141.48556,0.2983,-37.7,-102.28,-102.6,10,stop_loss,37.2116,0.25119,-2.83759,-5.42813,,2019
GBPJPY,1,2019-05-16 10:00:00,2019-05-16 20:00:00,140.565,140.568,140.27988,141.13525,0.3902,0.3,1.07,0.75,10,time_exit,34.98655,0.19008,-3.24824,-7.48077,london,2019
GBPJPY,1,2019-05-21 23:00:00,2019-05-22 09:00:00,140.375,139.964,139.93571,141.25359,0.2533,-41.1,-94.74,-95.06,10,time_exit,28.43182,0.29286,0.13692,-3.17768,,2019
GBPJPY,1,2019-05-22 21:00:00,2019-05-23 03:00:00,139.903,139.51092,139.51092,140.68715,0.2811,-39.2,-100.29,-100.61,6,stop_loss,20.45758,0.26138,-0.91908,-3.36933,new_york,2019
GBPJPY,1,2019-05-23 11:00:00,2019-05-23 17:00:00,139.115,138.79843,138.79843,139.74814,0.3447,-31.7,-99.3,-99.62,6,stop_loss,23.68731,0.21105,-3.54364,-4.57778,london,2019
GBPJPY,-1,2019-05-24 13:00:00,2019-05-24 15:00:00,139.213,138.55522,139.54189,138.55522,0.3285,65.8,196.63,196.32,2,take_profit,29.2311,0.21926,0.00383,-5.31928,london,2019
GBPJPY,1,2019-05-27 08:00:00,2019-05-27 12:00:00,139.385,139.09986,139.09986,139.95527,0.3864,-28.5,-100.26,-100.58,4,stop_loss,22.6236,0.19009,1.18751,-5.24124,london,2019
GBPJPY,-1,2019-05-27 17:00:00,2019-05-28 03:00:00,138.765,138.95,139.06258,138.16983,0.3666,-18.5,-61.72,-62.04,10,time_exit,21.21079,0.19839,-1.87012,-4.68272,new_york,2019
GBPJPY,1,2019-05-28 13:00:00,2019-05-28 23:00:00,138.412,138.375,138.13385,138.96829,0.3897,-3.7,-13.12,-13.44,10,time_exit,19.55975,0.18543,-2.81855,-4.84541,london,2019
GBPJPY,1,2019-05-30 04:00:00,2019-05-30 14:00:00,138.25,138.552,137.93022,138.88956,0.3385,30.2,93.03,92.71,10,time_exit,21.66454,0.21319,-0.96775,-4.24098,,2019
GBPJPY,-1,2019-05-31 20:00:00,2019-06-03 06:00:00,137.045,136.816,137.44942,136.23617,0.2702,22.9,56.31,55.99,10,time_exit,45.29552,0.26961,-2.7509,-3.95321,new_york,2019
GBPJPY,-1,2019-06-03 06:00:00,2019-06-03 16:00:00,136.82,136.81,137.15034,136.15933,0.3326,1.0,3.03,2.71,10,time_exit,41.16724,0.22022,-3.0215,-5.35686,,2019
GBPJPY,-1,2019-06-07 22:00:00,2019-06-10 00:00:00,137.795,138.07373,138.07373,137.23754,0.3943,-27.9,-100.01,-100.33,2,stop_loss,21.37582,0.18582,0.92698,-1.05176,,2019
GBPJPY,-1,2019-06-10 11:00:00,2019-06-10 14:00:00,138.085,137.63134,138.31183,137.63134,0.4797,45.4,198.04,197.72,3,take_profit,28.31791,0.15122,2.05781,-0.42464,london,2019
GBPJPY,1,2019-06-10 16:00:00,2019-06-11 02:00:00,137.483,137.514,137.21905,138.0109,0.4205,3.1,11.86,11.54,10,time_exit,24.90197,0.17597,-1.53592,-0.44649,new_york,2019
GBPJPY,-1,2019-06-12 11:00:00,2019-06-12 13:00:00,137.96,138.16736,138.16736,137.54527,0.5358,-20.7,-101.11,-101.42,2,stop_loss,16.64496,0.13824,0.39721,0.37456,london,2019
GBPJPY,-1,2019-06-12 13:00:00,2019-06-12 15:00:00,137.918,138.12729,138.12729,137.49942,0.5256,-20.9,-100.1,-100.42,2,stop_loss,15.38122,0.13953,0.07475,0.37163,london,2019
GBPJPY,1,2019-06-12 21:00:00,2019-06-13 05:00:00,137.669,137.39777,137.39777,138.21146,0.4015,-27.1,-99.1,-99.42,8,stop_loss,19.49011,0.18082,-1.30106,0.24262,new_york,2019
GBPJPY,1,2019-06-14 22:00:00,2019-06-17 08:00:00,136.615,136.775,136.38015,137.08471,0.459,16.0,66.83,66.51,10,time_exit,49.32952,0.15657,-4.00564,-2.46046,,2019
GBPJPY,1,2019-06-18 00:00:00,2019-06-18 04:00:00,136.033,135.80581,135.80581,136.48739,0.4777,-22.7,-98.76,-99.08,4,stop_loss,41.56824,0.15146,-5.0827,-3.93668,,2019
GBPJPY,1,2019-06-18 20:00:00,2019-06-19 06:00:00,136.138,136.242,135.80215,136.8097,0.3199,10.4,30.28,29.96,10,time_exit,44.36496,0.2239,-0.59316,-3.74425,new_york,2019
GBPJPY,1,2019-06-19 17:00:00,2019-06-20 03:00:00,136.649,136.436,136.36563,137.21574,0.3803,-21.3,-73.71,-74.03,10,time_exit,21.36224,0.18891,1.95849,-3.55139,new_york,2019
GBPJPY,-1,2019-06-20 16:00:00,2019-06-21 02:00:00,136.576,136.351,136.93513,135.85775,0.2978,22.5,60.97,60.66,10,time_exit,19.77203,0.23942,0.06744,-1.45143,new_york,2019
GBPJPY,1,2019-06-21 03:00:00,2019-06-21 07:00:00,136.349,136.0389,136.0389,136.9692,0.3471,-31.0,-97.95,-98.27,4,stop_loss,24.07821,0.20673,-0.73911,-1.70179,,2019
GBPJPY,-1,2019-06-21 17:00:00,2019-06-21 18:00:00,136.381,136.71721,136.71721,135.70858,0.3169,-33.6,-96.96,-97.27,1,stop_loss,19.67356,0.22414,0.03782,-1.76069,new_york,2019
GBPJPY,-1,2019-06-25 16:00:00,2019-06-26 02:00:00,136.254,136.01,136.58504,135.59192,0.3186,24.4,70.74,70.42,10,time_exit,13.76569,0.22069,-1.49274,-0.67545,new_york,2019
GBPJPY,-1,2019-06-26 02:00:00,2019-06-26 05:00:00,136.019,136.31811,136.31811,135.42078,0.3552,-29.9,-96.68,-97.0,3,stop_loss,23.03695,0.19941,-1.93458,-1.3196,,2019
GBPJPY,1,2019-06-26 18:00:00,2019-06-27 04:00:00,136.467,136.828,136.14587,137.10926,0.3275,36.1,107.59,107.27,10,time_exit,18.15801,0.21409,0.42265,-1.12433,new_york,2019
GBPJPY,-1,2019-06-28 14:00:00,2019-06-28 15:00:00,136.61,136.87067,136.87067,136.08866,0.408,-26.1,-96.78,-97.1,1,stop_loss,19.22987,0.17378,0.10527,-0.30764,london,2019
GBPJPY,1,2019-06-28 16:00:00,2019-07-01 00:00:00,136.914,137.45767,136.64216,137.45767,0.3874,54.4,191.66,191.34,8,take_profit,18.28159,0.18122,1.67484,-0.2162,new_york,2019
GBPJPY,1,2019-07-01 03:00:00,2019-07-01 04:00:00,137.568,137.24521,137.24521,138.21357,0.3327,-32.3,-97.73,-98.04,1,stop_loss,29.92964,0.21519,3.52573,0.4997,,2019
GBPJPY,1,2019-07-01 18:00:00,2019-07-02 04:00:00,137.041,137.08,136.69059,137.74181,0.3034,3.9,10.77,10.45,10,time_exit,20.38118,0.2336,0.3337,0.84134,new_york,2019
GBPJPY,-1,2019-07-03 13:00:00,2019-07-03 23:00:00,135.436,135.517,135.7106,134.8868,0.3876,-8.1,-28.57,-28.89,10,time_exit,57.4599,0.18307,-4.30506,-2.04481,london,2019
GBPJPY,-1,2019-07-04 06:00:00,2019-07-04 16:00:00,135.546,135.545,135.75627,135.12546,0.5047,0.1,0.46,0.14,10,time_exit,39.21206,0.14018,-2.47533,-3.85865,,2019
GBPJPY,-1,2019-07-05 00:00:00,2019-07-05 09:00:00,135.592,135.76233,135.76233,135.25134,0.623,-17.0,-96.57,-96.88,9,stop_loss,24.24846,0.11355,-1.2253,-4.91775,,2019
GBPJPY,-1,2019-07-08 03:00:00,2019-07-08 13:00:00,135.874,135.923,136.07657,135.46886,0.5186,-4.9,-23.12,-23.44,10,time_exit,20.83174,0.13505,0.91029,-3.04908,,2019
GBPJPY,-1,2019-07-08 20:00:00,2019-07-09 03:00:00,136.036,136.26366,136.26366,135.58068,0.4603,-22.8,-95.36,-95.68,7,stop_loss,16.98231,0.15177,1.51944,-2.03335,new_york,2019
GBPJPY,-1,2019-07-09 06:00:00,2019-07-09 11:00:00,136.138,135.75507,136.32947,135.75507,0.5419,38.3,188.83,188.52,5,take_profit,28.03538,0.12764,1.8126,-1.62081,,2019
GBPJPY,1,2019-07-10 07:00:00,2019-07-10 12:00:00,135.602,136.01846,135.39377,136.01846,0.5082,41.6,192.6,192.28,5,take_profit,21.51213,0.13882,-1.21208,-1.8251,london,2019
GBPJPY,-1,2019-07-11 07:00:00,2019-07-11 10:00:00,135.284,135.51297,135.51297,134.82606,0.4714,-22.9,-98.22,-98.54,3,stop_loss,29.12309,0.15265,-2.36571,-1.89239,london,2019
GBPJPY,-1,2019-07-12 11:00:00,2019-07-12 21:00:00,135.86,135.535,136.08107,135.41787,0.4833,32.5,142.94,142.62,10,time_exit,26.34929,0.14738,0.62344,-0.89474,london,2019
GBPJPY,1,2019-07-15 09:00:00,2019-07-15 10:00:00,135.789,135.5769,135.5769,136.2132,0.5112,-21.2,-98.67,-98.99,1,stop_loss,17.41498,0.1414,0.52826,-1.00444,london,2019
GBPJPY,1,2019-07-15 21:00:00,2019-07-16 07:00:00,135.022,135.143,134.8044,135.45719,0.4932,12.1,54.31,53.99,10,time_exit,30.63311,0.14506,-3.62006,-1.6961,new_york,2019
GBPJPY,-1,2019-07-17 03:00:00,2019-07-17 13:00:00,134.272,134.28,134.5113,133.79339,0.451,-0.8,-3.28,-3.6,10,time_exit,41.11784,0.15954,-3.76854,-3.93596,,2019
GBPJPY,-1,2019-07-18 01:00:00,2019-07-18 11:00:00,134.149,134.40508,134.40508,133.63684,0.4213,-25.6,-98.18,-98.5,10,stop_loss,25.06257,0.17072,-2.35849,-4.18004,,2019
GBPJPY,1,2019-07-24 17:00:00,2019-07-25 03:00:00,134.856,135.057,134.57356,135.42089,0.3781,20.1,69.16,68.84,10,time_exit,13.30374,0.1883,0.9694,-0.97116,new_york,2019
GBPJPY,1,2019-07-25 22:00:00,2019-07-26 08:00:00,135.414,135.225,135.11201,136.01799,0.3562,-18.9,-61.26,-61.58,10,time_exit,23.6276,0.20133,2.09275,0.35077,,2019
GBPJPY,1,2019-07-26 13:00:00,2019-07-26 16:00:00,135.116,134.88958,134.88958,135.56884,0.472,-22.6,-97.25,-97.57,3,stop_loss,16.94022,0.15095,0.18472,0.84323,london,2019
GBPJPY,-1,2019-07-30 13:00:00,2019-07-30 23:00:00,132.344,131.933,132.74549,131.54102,0.2635,41.1,98.55,98.23,10,time_exit,61.91369,0.26766,-3.90114,-3.75457,london,2019
GBPJPY,-1,2019-07-31 03:00:00,2019-07-31 13:00:00,131.987,132.075,132.31182,131.33736,0.3291,-8.8,-26.35,-26.67,10,time_exit,47.54152,0.21655,-3.84868,-5.87118,,2019
GBPJPY,1,2019-08-02 02:00:00,2019-08-02 04:00:00,130.323,129.82985,129.82985,131.30929,0.2162,-49.3,-97.02,-97.34,2,stop_loss,43.89571,0.32876,-4.51089,-4.38871,,2019
GBPJPY,1,2019-08-06 14:00:00,2019-08-07 00:00:00,129.587,129.502,129.05948,130.64204,0.2,-8.5,-15.47,-15.79,10,time_exit,30.93584,0.35168,0.5162,-5.74092,london,2019
GBPJPY,-1,2019-08-07 12:00:00,2019-08-07 22:00:00,129.009,128.988,129.44468,128.13763,0.2418,2.1,4.62,4.3,10,time_exit,19.42269,0.29046,-1.18999,-5.70968,london,2019
GBPJPY,-1,2019-08-12 15:00:00,2019-08-12 16:00:00,127.025,127.40044,127.40044,126.27411,0.2807,-37.5,-95.9,-96.22,1,stop_loss,39.75523,0.2503,-2.70025,-7.00832,london,2019
GBPJPY,1,2019-08-12 18:00:00,2019-08-13 04:00:00,127.236,127.205,126.82468,128.05863,0.2537,-3.1,-7.16,-7.48,10,time_exit,32.62279,0.27421,-1.53093,-6.32944,new_york,2019
GBPJPY,-1,2019-08-13 08:00:00,2019-08-13 16:00:00,127.208,127.50323,127.50323,126.61753,0.3531,-29.5,-94.86,-95.18,8,stop_loss,17.42989,0.19682,-1.28564,-8.3449,london,2019
GBPJPY,-1,2019-08-14 04:00:00,2019-08-14 12:00:00,128.173,128.61434,128.61434,127.29031,0.2339,-44.1,-93.94,-94.26,8,stop_loss,40.18762,0.29423,1.18252,-3.68055,,2019
GBPJPY,1,2019-08-14 18:00:00,2019-08-15 04:00:00,127.694,127.726,127.21374,128.65451,0.2128,3.2,6.2,5.88,10,time_exit,26.20459,0.32017,-0.89815,-2.61372,new_york,2019
GBPJPY,1,2019-08-15 06:00:00,2019-08-15 09:00:00,127.682,128.42943,127.30829,128.42943,0.2736,74.7,186.09,185.77,3,take_profit,16.64271,0.24914,-0.73456,-3.29885,,2019
GBPJPY,1,2019-08-15 20:00:00,2019-08-16 06:00:00,128.525,128.388,128.04105,129.49289,0.2155,-13.7,-26.87,-27.18,10,time_exit,28.57439,0.32263,1.43505,-1.77313,new_york,2019
GBPJPY,1,2019-08-16 19:00:00,2019-08-19 05:00:00,129.209,129.18,128.80836,130.01027,0.2595,-2.9,-6.85,-7.17,10,time_exit,31.37003,0.26709,2.62701,-0.54748,new_york,2019
GBPJPY,-1,2019-08-19 23:00:00,2019-08-20 09:00:00,129.366,128.905,129.64872,128.80057,0.3675,46.1,154.17,153.85,10,time_exit,18.97108,0.18848,1.91979,1.09337,,2019
GBPJPY,-1,2019-08-20 14:00:00,2019-08-20 15:00:00,128.377,128.652,128.652,127.82701,0.384,-27.5,-96.09,-96.41,1,stop_loss,26.11594,0.18333,-3.47294,0.9881,london,2019
GBPJPY,1,2019-08-21 08:00:00,2019-08-21 13:00:00,129.389,129.08154,129.08154,130.00392,0.34,-30.7,-95.13,-95.45,5,stop_loss,27.24116,0.20497,1.20834,1.18693,london,2019
GBPJPY,1,2019-08-22 06:00:00,2019-08-22 09:00:00,129.069,128.81165,128.81165,129.58369,0.4021,-25.7,-94.17,-94.48,3,stop_loss,11.23253,0.17156,-0.73445,1.34064,,2019
GBPJPY,-1,2019-08-23 06:00:00,2019-08-23 16:00:00,130.402,130.251,130.7307,129.74461,0.3117,15.1,42.83,42.51,10,time_exit,36.35504,0.21913,3.05967,2.53232,,2019
GBPJPY,-1,2019-08-28 04:00:00,2019-08-28 11:00:00,129.861,129.23642,130.17329,129.23642,0.3296,62.5,187.33,187.02,7,take_profit,24.18359,0.20819,0.72759,1.39471,,2019
GBPJPY,-1,2019-08-29 01:00:00,2019-08-29 11:00:00,129.438,129.612,129.81959,128.67482,0.2751,-17.4,-43.56,-43.88,10,time_exit,23.8352,0.25439,-0.622,0.62119,,2019
GBPJPY,1,2019-08-29 15:00:00,2019-08-30 01:00:00,129.825,129.751,129.44842,130.57817,0.2775,-7.4,-18.69,-19.01,10,time_exit,19.90794,0.25106,1.18089,0.35932,london,2019
GBPJPY,-1,2019-08-30 04:00:00,2019-08-30 14:00:00,129.675,129.558,130.00496,129.01509,0.316,11.7,33.64,33.33,10,time_exit,20.78023,0.21997,0.19217,0.6977,,2019
GBPJPY,-1,2019-09-02 14:00:00,2019-09-03 00:00:00,128.463,128.104,128.82069,127.74762,0.2926,35.9,95.59,95.27,10,time_exit,35.06877,0.23846,-3.30674,-0.63729,london,2019
GBPJPY,1,2019-09-03 00:00:00,2019-09-03 08:00:00,128.108,127.78146,127.78146,128.76108,0.3237,-32.7,-96.19,-96.51,8,stop_loss,43.97797,0.21769,-3.60417,-1.77594,,2019
GBPJPY,1,2019-09-03 10:00:00,2019-09-03 11:00:00,127.341,126.97551,126.97551,128.07199,0.2863,-36.5,-95.22,-95.54,1,stop_loss,49.35341,0.24366,-5.07149,-2.38571,london,2019
GBPJPY,1,2019-09-04 06:00:00,2019-09-04 11:00:00,128.363,129.17697,127.95601,129.17697,0.2545,81.4,188.51,188.19,5,take_profit,24.74471,0.27132,0.50679,-2.59801,,2019
GBPJPY,-1,2019-09-04 12:00:00,2019-09-04 13:00:00,129.061,129.48028,129.48028,128.22245,0.252,-41.9,-96.15,-96.47,1,stop_loss,30.67113,0.27952,2.64767,-2.12077,london,2019
GBPJPY,1,2019-09-05 00:00:00,2019-09-05 10:00:00,130.329,130.513,129.8793,131.22839,0.2326,18.4,38.95,38.63,10,time_exit,47.02828,0.2998,5.17122,-0.48254,,2019
GBPJPY,1,2019-09-06 03:00:00,2019-09-06 10:00:00,131.961,131.57536,131.57536,132.73228,0.2723,-38.6,-95.56,-95.88,7,stop_loss,52.1116,0.25709,5.67064,3.81037,,2019
GBPJPY,-1,2019-09-06 15:00:00,2019-09-09 01:00:00,131.69,131.322,132.07261,130.92478,0.2717,36.8,90.99,90.67,10,time_exit,43.31418,0.25507,2.73525,4.74888,london,2019
GBPJPY,1,2019-09-10 18:00:00,2019-09-11 04:00:00,132.528,132.85,132.13011,133.32377,0.2638,32.2,77.3,76.98,10,time_exit,26.77698,0.26526,1.73783,5.20646,new_york,2019
GBPJPY,-1,2019-09-11 05:00:00,2019-09-11 07:00:00,132.849,133.14866,133.14866,132.24968,0.3531,-30.0,-96.29,-96.61,2,stop_loss,30.41632,0.19977,2.60425,7.1317,,2019
GBPJPY,1,2019-09-11 20:00:00,2019-09-12 06:00:00,132.741,133.291,132.38633,133.45034,0.2953,55.0,147.8,147.48,10,time_exit,21.36691,0.23645,0.44147,6.07415,new_york,2019
GBPJPY,1,2019-09-12 11:00:00,2019-09-12 15:00:00,132.954,132.63858,132.63858,133.58484,0.3372,-31.5,-96.79,-97.11,4,stop_loss,18.56297,0.21028,0.55641,6.54924,london,2019
GBPJPY,-1,2019-09-13 05:00:00,2019-09-13 09:00:00,133.387,133.75847,133.75847,132.64406,0.2835,-37.1,-95.83,-96.15,4,stop_loss,11.27474,0.24765,1.3509,5.23477,,2019
GBPJPY,1,2019-09-16 15:00:00,2019-09-17 01:00:00,134.067,134.37,133.66167,134.87765,0.2572,30.3,70.92,70.6,10,time_exit,25.62312,0.27022,0.03078,5.72774,london,2019
GBPJPY,-1,2019-09-17 18:00:00,2019-09-18 04:00:00,135.088,135.177,135.47332,134.31736,0.2725,-8.9,-22.07,-22.39,10,time_exit,18.14566,0.25688,3.27439,5.08897,new_york,2019
GBPJPY,-1,2019-09-19 09:00:00,2019-09-19 19:00:00,134.686,134.861,135.03943,133.97914,0.2964,-17.5,-47.2,-47.52,10,time_exit,21.39787,0.23562,-0.6071,5.17005,london,2019
GBPJPY,-1,2019-09-19 19:00:00,2019-09-19 20:00:00,134.783,135.18104,135.18104,133.98692,0.2619,-39.8,-94.86,-95.18,1,stop_loss,14.43247,0.26536,-0.0835,4.09099,new_york,2019
GBPJPY,-1,2019-09-23 03:00:00,2019-09-23 11:00:00,134.243,133.50475,134.61212,133.50475,0.2796,73.8,187.84,187.52,8,take_profit,25.85658,0.24608,-2.40321,3.15422,,2019
GBPJPY,1,2019-09-23 14:00:00,2019-09-24 00:00:00,133.489,133.676,133.06649,134.33402,0.2491,18.7,42.39,42.07,10,time_exit,32.30386,0.28167,-3.78585,1.75551,london,2019
GBPJPY,-1,2019-09-24 13:00:00,2019-09-24 23:00:00,134.158,133.791,134.52877,133.41646,0.2851,36.7,95.21,94.9,10,time_exit,26.46729,0.24718,0.45579,0.24758,london,2019
GBPJPY,-1,2019-09-26 09:00:00,2019-09-26 12:00:00,133.131,132.60171,133.39564,132.60171,0.4034,52.9,194.3,193.98,3,take_profit,30.06333,0.17643,-2.03331,-1.79848,london,2019
GBPJPY,1,2019-09-27 00:00:00,2019-09-27 10:00:00,132.864,132.52336,132.52336,133.54528,0.3197,-34.1,-99.1,-99.42,10,stop_loss,29.35872,0.22709,-1.4336,-2.03927,,2019
GBPJPY,-1,2019-10-01 11:00:00,2019-10-01 15:00:00,133.203,132.65936,133.47482,132.65936,0.3966,54.4,196.2,195.88,4,take_profit,21.79795,0.18121,1.68111,-2.23761,london,2019
GBPJPY,-1,2019-10-02 05:00:00,2019-10-02 11:00:00,132.478,131.67953,132.87723,131.67953,0.2754,79.8,200.11,199.79,6,take_profit,16.28667,0.26616,-0.82159,-1.80137,,2019
GBPJPY,-1,2019-10-02 16:00:00,2019-10-03 02:00:00,131.777,131.856,132.22545,130.8801,0.2501,-7.9,-17.98,-18.3,10,time_exit,16.25721,0.29897,-2.33081,-1.97131,new_york,2019
GBPJPY,1,2019-10-03 19:00:00,2019-10-03 23:00:00,132.262,131.80668,131.80668,133.17265,0.2459,-45.5,-101.89,-102.21,4,stop_loss,19.2794,0.30355,0.52058,-2.24876,new_york,2019
GBPJPY,1,2019-10-07 11:00:00,2019-10-07 20:00:00,131.469,132.03233,131.18734,132.03233,0.3935,56.3,201.72,201.4,9,take_profit,13.0217,0.18778,-1.69924,-3.48387,london,2019
GBPJPY,1,2019-10-07 23:00:00,2019-10-08 09:00:00,131.903,131.839,131.59986,132.50929,0.3729,-6.4,-21.72,-22.04,10,time_exit,17.16114,0.2021,0.51157,-2.83133,,2019
GBPJPY,-1,2019-10-08 23:00:00,2019-10-09 09:00:00,130.884,130.752,131.26382,130.12435,0.297,13.2,35.68,35.36,10,time_exit,29.23846,0.25322,-2.2315,-2.75342,,2019
GBPJPY,-1,2019-10-09 20:00:00,2019-10-10 04:00:00,131.276,131.65615,131.65615,130.5157,0.2977,-38.0,-102.99,-103.3,8,stop_loss,27.79772,0.25343,0.16791,-2.77827,new_york,2019
GBPJPY,1,2019-10-10 04:00:00,2019-10-10 14:00:00,131.05,131.439,130.68918,131.77164,0.3106,38.9,109.95,109.63,10,time_exit,23.24968,0.24055,-0.6008,-2.818,,2019
GBPJPY,-1,2019-10-10 22:00:00,2019-10-11 08:00:00,134.287,134.515,134.93209,132.99681,0.1756,-22.8,-36.43,-36.75,10,time_exit,45.20475,0.43006,5.8564,-0.3555,,2019
GBPJPY,1,2019-10-14 02:00:00,2019-10-14 03:00:00,137.148,136.49067,136.49067,138.46266,0.1717,-65.7,-102.71,-103.02,1,stop_loss,71.07547,0.43822,5.60478,4.15553,,2019
GBPJPY,-1,2019-10-14 16:00:00,2019-10-14 17:00:00,136.014,136.58777,136.58777,134.86646,0.1947,-57.4,-101.66,-101.98,1,stop_loss,34.64451,0.38251,1.78048,5.29261,new_york,2019
GBPJPY,-1,2019-10-14 20:00:00,2019-10-15 00:00:00,136.212,136.86847,136.86847,134.89905,0.1685,-65.6,-100.66,-100.98,4,stop_loss,30.01537,0.43765,1.63754,4.71681,new_york,2019
GBPJPY,1,2019-10-17 23:00:00,2019-10-18 09:00:00,139.813,139.707,139.04823,141.34254,0.1432,-10.6,-13.81,-14.13,10,time_exit,20.02153,0.50985,1.56486,5.47959,,2019
GBPJPY,1,2019-10-18 21:00:00,2019-10-21 01:00:00,140.536,139.98049,139.98049,141.64701,0.1968,-55.6,-99.48,-99.8,4,stop_loss,14.77673,0.37034,2.68876,7.00861,new_york,2019
GBPJPY,-1,2019-10-22 21:00:00,2019-10-22 22:00:00,140.757,139.79031,141.24035,139.79031,0.2239,96.7,196.96,196.64,1,take_profit,16.8809,0.32223,0.90625,6.59147,new_york,2019
GBPJPY,-1,2019-10-23 09:00:00,2019-10-23 16:00:00,139.431,139.94391,139.94391,138.40517,0.2152,-51.3,-100.44,-100.76,7,stop_loss,33.49398,0.34194,-1.96152,4.74707,london,2019
GBPJPY,-1,2019-10-24 07:00:00,2019-10-24 09:00:00,140.261,140.60317,140.60317,139.57667,0.3194,-34.2,-99.45,-99.77,2,stop_loss,17.09284,0.22811,0.86352,5.67566,london,2019
GBPJPY,-1,2019-10-24 09:00:00,2019-10-24 10:00:00,140.263,140.57781,140.57781,139.63337,0.3437,-31.5,-98.46,-98.78,1,stop_loss,16.27677,0.20988,0.84223,6.10044,london,2019
GBPJPY,1,2019-10-24 19:00:00,2019-10-25 05:00:00,139.15,139.483,138.70938,140.03124,0.2431,33.3,73.67,73.35,10,time_exit,16.83627,0.29375,-2.96239,3.79329,new_york,2019
GBPJPY,1,2019-10-25 08:00:00,2019-10-25 14:00:00,139.524,139.19888,139.19888,140.17423,0.3319,-32.5,-98.19,-98.51,6,stop_loss,9.8452,0.21674,-1.37641,3.86809,london,2019
GBPJPY,1,2019-10-25 18:00:00,2019-10-28 04:00:00,139.397,139.399,139.036,140.11901,0.2959,0.2,0.54,0.22,10,time_exit,9.36305,0.24067,-1.15116,2.7094,new_york,2019
GBPJPY,-1,2019-10-28 14:00:00,2019-10-28 16:00:00,139.488,139.81067,139.81067,138.84267,0.3311,-32.3,-97.22,-97.54,2,stop_loss,15.5476,0.21511,-0.28661,2.12736,london,2019
GBPJPY,-1,2019-10-29 18:00:00,2019-10-30 04:00:00,140.281,140.074,140.65141,139.54018,0.2855,20.7,53.78,53.46,10,time_exit,35.43597,0.24694,1.69716,2.20302,new_york,2019
GBPJPY,-1,2019-10-30 10:00:00,2019-10-30 11:00:00,140.147,140.40112,140.40112,139.63875,0.4185,-25.4,-96.78,-97.1,1,stop_loss,15.26401,0.16942,1.08031,3.12586,london,2019
GBPJPY,1,2019-10-30 12:00:00,2019-10-30 22:00:00,140.171,140.41,139.883,140.74701,0.3656,23.9,79.51,79.2,10,time_exit,17.18227,0.192,0.95156,2.78972,london,2019
GBPJPY,-1,2019-10-31 02:00:00,2019-10-31 11:00:00,140.389,140.67973,140.67973,139.80754,0.3651,-29.1,-96.59,-96.91,9,stop_loss,25.59765,0.19382,1.39546,2.87666,,2019
GBPJPY,1,2019-11-01 00:00:00,2019-11-01 10:00:00,139.799,140.022,139.47217,140.45267,0.3215,22.3,65.24,64.92,10,time_exit,25.66459,0.21789,-1.44316,2.03203,,2019
GBPJPY,1,2019-11-01 10:00:00,2019-11-01 20:00:00,139.993,140.049,139.72452,140.52997,0.3941,5.6,20.08,19.76,10,time_exit,17.79727,0.17899,-0.34447,1.96181,london,2019
GBPJPY,-1,2019-11-07 06:00:00,2019-11-07 09:00:00,139.565,139.81313,139.81313,139.06875,0.4273,-24.8,-96.48,-96.8,3,stop_loss,32.19852,0.16542,-3.76107,1.14676,,2019
GBPJPY,-1,2019-11-08 10:00:00,2019-11-08 18:00:00,140.065,139.57198,140.31151,139.57198,0.4258,49.3,191.03,190.72,8,take_profit,12.69364,0.16434,-0.19004,0.52085,london,2019
GBPJPY,1,2019-11-12 19:00:00,2019-11-12 23:00:00,140.236,139.98769,139.98769,140.73261,0.4311,-24.8,-97.41,-97.73,4,stop_loss,17.94346,0.16554,0.83259,0.5326,new_york,2019
GBPJPY,1,2019-11-13 01:00:00,2019-11-13 11:00:00,140.004,139.969,139.75352,140.50497,0.4231,-3.5,-13.48,-13.79,10,time_exit,15.41657,0.16699,-0.54382,0.50711,,2019
GBPJPY,-1,2019-11-14 20:00:00,2019-11-15 02:00:00,139.532,139.82723,139.82723,138.94155,0.3585,-29.5,-96.31,-96.63,6,stop_loss,18.58169,0.19682,-1.10445,-0.85848,new_york,2019
GBPJPY,1,2019-11-15 22:00:00,2019-11-18 08:00:00,140.425,140.719,140.18111,140.91278,0.4296,29.4,114.94,114.62,10,time_exit,39.79415,0.16259,3.10542,-0.0457,,2019
GBPJPY,-1,2019-11-19 21:00:00,2019-11-20 07:00:00,140.188,140.067,140.47661,139.61077,0.3674,12.1,40.45,40.14,10,time_exit,22.50744,0.19241,-1.92017,1.74955,new_york,2019
GBPJPY,1,2019-11-21 20:00:00,2019-11-22 06:00:00,140.149,140.315,139.83222,140.78256,0.3361,16.6,50.77,50.45,10,time_exit,22.03662,0.21119,-0.91206,0.51162,new_york,2019
GBPJPY,1,2019-11-22 08:00:00,2019-11-22 11:00:00,140.348,140.12586,140.12586,140.79228,0.4818,-22.2,-97.39,-97.71,3,stop_loss,13.6339,0.14809,0.23722,0.51552,london,2019
GBPJPY,-1,2019-11-25 09:00:00,2019-11-25 10:00:00,139.94,140.17533,140.17533,139.46933,0.4502,-23.5,-96.41,-96.73,1,stop_loss,19.59536,0.15689,0.09086,-1.23266,london,2019
GBPJPY,-1,2019-11-25 12:00:00,2019-11-25 17:00:00,140.218,140.46146,140.46146,139.73108,0.4308,-24.3,-95.44,-95.76,5,stop_loss,21.73411,0.16231,1.62802,-1.03308,london,2019
GBPJPY,1,2019-11-26 10:00:00,2019-11-26 11:00:00,140.356,140.12258,140.12258,140.82284,0.4448,-23.3,-94.48,-94.8,1,stop_loss,40.29812,0.15561,0.612,0.4773,london,2019
GBPJPY,1,2019-11-27 23:00:00,2019-11-28 09:00:00,141.375,141.629,141.08721,141.95057,0.3572,25.4,82.56,82.24,10,time_exit,37.26539,0.19186,4.5681,1.16895,,2019
GBPJPY,-1,2019-11-28 22:00:00,2019-11-29 08:00:00,141.37,141.399,141.61584,140.87831,0.4218,-2.9,-11.13,-11.45,10,time_exit,23.21374,0.1639,1.79186,3.39132,,2019
GBPJPY,1,2019-11-29 17:00:00,2019-12-02 03:00:00,141.377,141.646,141.14728,141.83643,0.4509,26.9,110.38,110.06,10,time_exit,11.18548,0.15314,1.01125,3.64033,new_york,2019
GBPJPY,1,2019-12-03 01:00:00,2019-12-03 10:00:00,141.125,141.65018,140.86241,141.65018,0.399,52.5,190.69,190.37,9,take_profit,22.06387,0.17506,-1.20218,2.63524,,2019
GBPJPY,-1,2019-12-05 03:00:00,2019-12-05 09:00:00,142.691,142.95644,142.95644,142.16013,0.4026,-26.5,-97.25,-97.57,6,stop_loss,47.29893,0.17696,4.93479,3.55605,,2019
GBPJPY,-1,2019-12-10 12:00:00,2019-12-10 13:00:00,142.907,143.1454,143.1454,142.43021,0.4438,-23.8,-96.28,-96.6,1,stop_loss,9.69616,0.15893,0.83783,4.24265,london,2019
GBPJPY,1,2019-12-10 23:00:00,2019-12-11 00:00:00,143.455,143.16726,143.16726,144.03049,0.364,-28.8,-95.31,-95.63,1,stop_loss,23.63336,0.19183,2.66717,3.78277,,2019
GBPJPY,-1,2019-12-11 05:00:00,2019-12-11 15:00:00,142.837,143.15694,143.15694,142.19712,0.3241,-32.0,-94.36,-94.68,10,stop_loss,21.23985,0.21329,-0.4122,3.13703,,2019
GBPJPY,1,2019-12-12 13:00:00,2019-12-12 14:00:00,143.385,143.13467,143.13467,143.88566,0.41,-25.0,-93.4,-93.72,1,stop_loss,19.58232,0.16689,1.20401,3.97633,london,2019
GBPJPY,1,2019-12-12 18:00:00,2019-12-12 20:00:00,143.408,143.01758,143.01758,144.18884,0.2603,-39.0,-92.48,-92.8,2,stop_loss,23.31801,0.26028,0.85251,2.42034,new_york,2019
GBPJPY,-1,2019-12-12 21:00:00,2019-12-12 22:00:00,142.978,143.40647,143.40647,142.12106,0.2348,-42.8,-91.55,-91.87,1,stop_loss,24.47635,0.28565,-0.71056,2.13948,new_york,2019
GBPJPY,-1,2019-12-17 04:00:00,2019-12-17 10:00:00,145.478,144.54838,145.94281,144.54838,0.2143,93.0,181.29,180.97,6,take_profit,16.8551,0.30987,-1.08373,5.45352,,2019
GBPJPY,1,2019-12-17 20:00:00,2019-12-18 04:00:00,143.724,143.17011,143.17011,144.83177,0.1834,-55.4,-92.44,-92.76,8,stop_loss,42.12428,0.36926,-4.11441,2.79945,new_york,2019
GBPJPY,1,2019-12-18 10:00:00,2019-12-18 20:00:00,143.261,143.259,142.81438,144.15424,0.2252,-0.2,-0.41,-0.73,10,time_exit,45.75175,0.29775,-4.19142,1.29531,london,2019
GBPJPY,1,2019-12-19 15:00:00,2019-12-19 16:00:00,143.211,142.78247,142.78247,144.06805,0.2346,-42.9,-91.48,-91.8,1,stop_loss,26.83602,0.28568,-1.83589,-0.70124,london,2019
GBPJPY,-1,2019-12-19 21:00:00,2019-12-20 07:00:00,142.229,142.34,142.69319,141.30061,0.2144,-11.1,-21.66,-21.98,10,time_exit,33.28415,0.30946,-3.96786,-1.26104,new_york,2019
GBPJPY,-1,2019-12-23 04:00:00,2019-12-23 14:00:00,142.391,141.72089,142.72605,141.72089,0.2964,67.0,180.74,180.43,10,take_profit,16.74414,0.22337,-1.51393,-3.30595,,2019
GBPJPY,-1,2019-12-26 14:00:00,2019-12-26 15:00:00,142.048,142.27986,142.27986,141.58428,0.4368,-23.2,-92.16,-92.48,1,stop_loss,32.50376,0.15457,0.31644,-5.06586,london,2019
GBPJPY,1,2019-12-26 16:00:00,2019-12-27 02:00:00,142.324,142.418,142.07858,142.81483,0.4085,9.4,34.94,34.62,10,time_exit,30.99995,0.16361,1.8804,-4.61272,new_york,2019
GBPJPY,-1,2019-12-27 05:00:00,2019-12-27 08:00:00,142.313,142.57594,142.57594,141.78712,0.3828,-26.3,-91.59,-91.91,3,stop_loss,29.24646,0.17529,0.62748,-3.04243,,2019
GBPJPY,-1,2019-12-27 15:00:00,2019-12-30 01:00:00,143.471,143.272,143.78862,142.83576,0.3137,19.9,56.81,56.49,10,time_exit,31.03814,0.21175,4.86476,-1.45866,london,2019
GBPJPY,1,2019-12-31 02:00:00,2019-12-31 09:00:00,142.757,142.46147,142.46147,143.34805,0.3392,-29.6,-91.22,-91.54,7,stop_loss,30.58533,0.19702,-0.78677,0.25627,,2019
GBPJPY,1,2020-01-02 06:00:00,2020-01-02 15:00:00,143.602,143.21277,143.21277,144.38046,0.255,-38.9,-90.32,-90.64,9,stop_loss,40.48546,0.25949,1.26429,1.15763,,2020
GBPJPY,-1,2020-01-03 06:00:00,2020-01-03 09:00:00,142.112,141.28697,142.52452,141.28697,0.2382,82.5,178.84,178.52,3,take_profit,39.35512,0.27501,-3.23243,0.11548,,2020
GBPJPY,-1,2020-01-08 03:00:00,2020-01-08 04:00:00,141.431,141.92339,141.92339,140.44622,0.2035,-49.2,-91.18,-91.5,1,stop_loss,21.65579,0.32826,-2.65334,-0.68674,,2020
GBPJPY,1,2020-01-08 10:00:00,2020-01-08 12:00:00,142.601,142.0582,142.0582,143.68661,0.1828,-54.3,-90.29,-90.61,2,stop_loss,18.34053,0.36187,0.8821,-0.6213,london,2020
GBPJPY,-1,2020-01-13 09:00:00,2020-01-13 19:00:00,142.812,142.842,143.04987,142.33627,0.4129,-3.0,-11.27,-11.59,10,time_exit,14.64904,0.15858,-0.98496,1.34794,london,2020
GBPJPY,-1,2020-01-14 04:00:00,2020-01-14 14:00:00,142.993,142.805,143.29078,142.39744,0.3294,18.8,56.35,56.04,10,time_exit,14.86648,0.19852,0.62212,0.56908,,2020
GBPJPY,1,2020-01-16 04:00:00,2020-01-16 14:00:00,143.392,143.682,143.11842,143.93916,0.3608,29.0,95.22,94.9,10,time_exit,17.22206,0.18239,1.56576,1.18598,,2020
GBPJPY,1,2020-01-20 11:00:00,2020-01-20 21:00:00,142.913,143.237,142.65844,143.42212,0.3918,32.4,115.52,115.2,10,time_exit,33.60154,0.16971,-3.22993,1.56268,london,2020
GBPJPY,-1,2020-01-20 22:00:00,2020-01-21 08:00:00,143.237,142.936,143.45467,142.80166,0.4641,30.1,127.12,126.8,10,time_exit,25.69686,0.14511,-0.85343,1.16086,,2020
GBPJPY,-1,2020-01-21 21:00:00,2020-01-22 07:00:00,143.341,143.65133,143.65133,142.72034,0.33,-31.0,-93.19,-93.51,10,stop_loss,22.1678,0.20689,-0.05094,0.64746,new_york,2020
GBPJPY,-1,2020-01-23 08:00:00,2020-01-23 09:00:00,143.802,144.0517,144.0517,143.30259,0.406,-25.0,-92.26,-92.57,1,stop_loss,26.61297,0.16647,-0.08649,2.39167,london,2020
GBPJPY,1,2020-01-23 17:00:00,2020-01-24 03:00:00,143.496,143.586,143.17249,144.14301,0.3102,9.0,25.41,25.09,10,time_exit,17.76941,0.21567,-1.50164,1.69205,new_york,2020
GBPJPY,-1,2020-01-24 22:00:00,2020-01-27 01:00:00,142.904,142.20426,143.25387,142.20426,0.2876,70.0,183.13,182.81,3,take_profit,21.72456,0.23325,-2.76935,0.38959,,2020
GBPJPY,-1,2020-01-28 04:00:00,2020-01-28 10:00:00,142.431,141.79158,142.75071,141.79158,0.3211,63.9,186.84,186.52,6,take_profit,40.17684,0.21314,-1.29927,-2.20691,,2020
GBPJPY,1,2020-01-30 03:00:00,2020-01-30 06:00:00,141.889,141.64061,141.64061,142.38577,0.4215,-24.8,-95.27,-95.59,3,stop_loss,16.08901,0.16559,-1.22003,-3.87581,,2020
GBPJPY,1,2020-01-31 12:00:00,2020-01-31 22:00:00,142.946,143.083,142.59319,143.65163,0.2938,13.7,36.63,36.31,10,time_exit,30.2032,0.23521,2.27784,-0.97063,london,2020
GBPJPY,1,2020-02-04 08:00:00,2020-02-04 09:00:00,141.608,141.26372,141.26372,142.29656,0.3022,-34.4,-94.68,-95.0,1,stop_loss,44.32149,0.22952,-1.46636,-2.20182,london,2020
GBPJPY,-1,2020-02-05 08:00:00,2020-02-05 10:00:00,142.456,142.74919,142.74919,141.86963,0.3513,-29.3,-93.73,-94.05,2,stop_loss,24.02581,0.19546,1.2281,-1.04716,london,2020
GBPJPY,-1,2020-02-05 20:00:00,2020-02-06 06:00:00,142.741,142.729,143.1585,141.90601,0.2442,1.2,2.67,2.35,10,time_exit,20.52053,0.27833,1.09043,-0.09764,new_york,2020
GBPJPY,1,2020-02-07 00:00:00,2020-02-07 10:00:00,142.202,142.11,141.93386,142.73828,0.3804,-9.2,-31.85,-32.17,10,time_exit,31.63203,0.17876,-1.40556,-0.1518,,2020
GBPJPY,-1,2020-02-10 00:00:00,2020-02-10 04:00:00,141.36,141.63157,141.63157,140.81687,0.3743,-27.2,-92.5,-92.82,4,stop_loss,39.3419,0.18104,-3.67283,-1.38075,,2020
GBPJPY,-1,2020-02-10 15:00:00,2020-02-11 01:00:00,141.932,141.774,142.24109,141.31381,0.3255,15.8,46.8,46.48,10,time_exit,27.31782,0.20606,0.16479,-1.756,london,2020
GBPJPY,-1,2020-02-12 15:00:00,2020-02-13 01:00:00,142.784,142.25645,143.04778,142.25645,0.3834,52.8,184.06,183.74,10,take_profit,32.09884,0.17585,3.13792,0.04079,london,2020
GBPJPY,-1,2020-02-13 17:00:00,2020-02-13 18:00:00,143.124,143.47863,143.47863,142.41474,0.2909,-35.5,-93.88,-94.2,1,stop_loss,25.5286,0.23642,2.8968,0.59876,new_york,2020
GBPJPY,1,2020-02-14 10:00:00,2020-02-14 11:00:00,143.352,143.09147,143.09147,143.87306,0.3919,-26.1,-92.91,-93.23,1,stop_loss,36.9921,0.17369,2.88059,2.3,london,2020
GBPJPY,-1,2020-02-17 08:00:00,2020-02-17 16:00:00,143.324,142.87843,143.54679,142.87843,0.4537,44.6,183.96,183.64,8,take_profit,16.33328,0.14852,1.95194,2.99463,london,2020
GBPJPY,1,2020-02-21 11:00:00,2020-02-21 21:00:00,144.24,144.792,143.87918,144.96165,0.2858,55.2,143.56,143.24,10,time_exit,35.2179,0.24055,1.08955,3.10226,london,2020
GBPJPY,-1,2020-02-25 01:00:00,2020-02-25 03:00:00,143.019,143.42461,143.42461,142.20778,0.2581,-40.6,-95.27,-95.58,2,stop_loss,40.5233,0.27041,-2.97463,1.30332,,2020
GBPJPY,1,2020-02-25 15:00:00,2020-02-26 01:00:00,143.363,143.404,142.96455,144.1599,0.2601,4.1,9.7,9.39,10,time_exit,24.00884,0.26563,-1.01073,0.66077,london,2020
GBPJPY,1,2020-02-27 02:00:00,2020-02-27 10:00:00,142.459,142.07503,142.07503,143.22693,0.2702,-38.4,-94.41,-94.73,8,stop_loss,19.95669,0.25598,-2.42844,-0.94384,,2020
GBPJPY,-1,2020-02-27 13:00:00,2020-02-27 23:00:00,141.649,141.191,142.06094,140.82511,0.2493,45.8,103.9,103.58,10,time_exit,31.10848,0.27463,-4.16815,-1.53629,london,2020
GBPJPY,1,2020-02-28 21:00:00,2020-03-02 07:00:00,137.836,138.864,137.1027,139.3026,0.1416,102.8,132.46,132.15,10,time_exit,61.23755,0.48887,-6.11034,-3.30482,new_york,2020
GBPJPY,-1,2020-03-02 13:00:00,2020-03-02 22:00:00,137.658,138.43369,138.43369,136.10663,0.1357,-77.6,-95.79,-96.11,9,stop_loss,46.46958,0.51712,-3.81824,-4.24725,london,2020
GBPJPY,1,2020-03-04 21:00:00,2020-03-05 07:00:00,138.252,138.273,137.73411,139.28778,0.2013,2.1,3.85,3.53,10,time_exit,14.36397,0.34526,1.05654,-6.31587,new_york,2020
GBPJPY,-1,2020-03-05 07:00:00,2020-03-05 17:00:00,138.169,137.885,138.57788,137.35124,0.255,28.4,65.9,65.58,10,time_exit,22.33746,0.27259,0.57306,-6.90465,london,2020
GBPJPY,-1,2020-03-06 21:00:00,2020-03-09 01:00:00,137.133,136.02467,137.68716,136.02467,0.1894,110.8,191.02,190.71,4,take_profit,23.12824,0.36944,-0.92227,-4.46671,new_york,2020
GBPJPY,1,2020-03-09 18:00:00,2020-03-10 04:00:00,134.351,135.062,133.22221,136.60858,0.0949,71.1,61.4,61.08,10,time_exit,45.18418,0.75253,-2.12112,-3.14991,new_york,2020
GBPJPY,1,2020-03-11 17:00:00,2020-03-11 21:00:00,135.382,134.33548,134.33548,137.47504,0.103,-104.7,-98.09,-98.41,4,stop_loss,12.19384,0.69768,-0.18639,-2.44991,new_york,2020
GBPJPY,-1,2020-03-13 16:00:00,2020-03-16 00:00:00,133.775,131.64125,134.84187,131.64125,0.1,213.4,194.17,193.85,8,take_profit,25.31013,0.71125,0.78886,-3.36088,new_york,2020
GBPJPY,1,2020-03-16 11:00:00,2020-03-16 13:00:00,131.104,129.80425,129.80425,133.7035,0.0837,-130.0,-99.0,-99.32,2,stop_loss,23.19345,0.8665,-1.85248,-2.69688,london,2020
GBPJPY,-1,2020-03-17 02:00:00,2020-03-17 12:00:00,130.379,129.697,131.59623,127.94454,0.0885,68.2,54.92,54.61,10,time_exit,31.71915,0.81149,-1.34973,-3.53543,,2020
GBPJPY,1,2020-03-18 04:00:00,2020-03-18 10:00:00,130.077,129.14151,129.14151,131.94797,0.1158,-93.5,-98.58,-98.9,6,stop_loss,13.57212,0.62366,-0.58096,-4.62867,,2020
GBPJPY,-1,2020-03-19 08:00:00,2020-03-19 14:00:00,125.393,126.7254,126.7254,122.72819,0.0805,-133.2,-97.61,-97.92,6,stop_loss,53.03389,0.88827,-2.88475,-4.35033,london,2020
GBPJPY,1,2020-03-20 03:00:00,2020-03-20 13:00:00,127.898,129.673,126.53155,130.63091,0.0777,177.5,125.5,125.19,10,time_exit,26.85629,0.91097,0.41546,-3.81157,,2020
GBPJPY,-1,2020-03-23 03:00:00,2020-03-23 13:00:00,128.238,128.024,129.69607,125.32187,0.0737,21.4,14.35,14.03,10,time_exit,27.01898,0.97204,-0.358,-2.08832,,2020
GBPJPY,1,2020-03-23 22:00:00,2020-03-24 08:00:00,128.465,128.162,127.25275,130.88949,0.0888,-30.3,-24.48,-24.8,10,time_exit,12.31538,0.80816,0.04968,-2.2098,,2020
GBPJPY,1,2020-03-24 14:00:00,2020-03-25 00:00:00,130.197,130.778,129.18595,132.21909,0.1062,58.1,56.15,55.83,10,time_exit,14.80261,0.67403,2.49027,-2.14546,london,2020
GBPJPY,1,2020-03-25 00:00:00,2020-03-25 10:00:00,130.77,131.947,129.82265,132.66471,0.114,117.7,122.1,121.78,10,time_exit,32.04742,0.63157,2.37026,-1.2429,,2020
GBPJPY,1,2020-03-26 09:00:00,2020-03-26 19:00:00,131.069,133.03288,130.08706,133.03288,0.1114,196.4,199.09,198.77,10,take_profit,21.52436,0.65463,0.24708,0.69345,london,2020
GBPJPY,1,2020-03-26 19:00:00,2020-03-27 05:00:00,132.837,132.808,131.76286,134.98528,0.1038,-2.9,-2.74,-3.06,10,time_exit,15.91466,0.71609,2.34605,0.82719,new_york,2020
GBPJPY,1,2020-03-27 10:00:00,2020-03-27 20:00:00,132.834,134.055,131.83776,134.82648,0.1119,122.1,124.33,124.01,10,time_exit,13.67061,0.66416,1.27316,1.62939,london,2020
GBPJPY,1,2020-04-01 04:00:00,2020-04-01 09:00:00,133.455,132.80499,132.80499,134.75501,0.1736,-65.0,-102.69,-103.0,5,stop_loss,16.42193,0.43334,-0.3108,3.10105,,2020
GBPJPY,1,2020-04-02 19:00:00,2020-04-03 05:00:00,133.486,133.593,132.83911,134.77977,0.1727,10.7,16.82,16.5,10,time_exit,17.39283,0.43126,0.60882,1.63122,new_york,2020
GBPJPY,1,2020-04-06 02:00:00,2020-04-06 10:00:00,132.731,133.87201,132.16049,133.87201,0.1962,114.1,203.72,203.4,8,take_profit,20.83979,0.38034,-1.2688,1.26987,,2020
GBPJPY,-1,2020-04-07 16:00:00,2020-04-08 02:00:00,134.824,134.061,135.46681,133.53838,0.1776,76.3,123.31,122.99,10,time_exit,22.39346,0.42854,2.50628,1.57091,new_york,2020
GBPJPY,1,2020-04-08 08:00:00,2020-04-08 18:00:00,134.129,134.702,133.6282,135.13061,0.2306,57.3,120.24,119.92,10,time_exit,17.12952,0.33387,0.52382,2.11587,london,2020
GBPJPY,1,2020-04-08 22:00:00,2020-04-09 08:00:00,134.837,134.648,134.34655,135.8179,0.2382,-18.9,-40.97,-41.29,10,time_exit,17.30032,0.32697,1.9615,2.40313,,2020
GBPJPY,1,2020-04-09 08:00:00,2020-04-09 18:00:00,134.963,134.98,134.54123,135.80654,0.2759,1.7,4.27,3.95,10,time_exit,24.74631,0.28118,1.84253,3.16735,london,2020
GBPJPY,1,2020-04-10 13:00:00,2020-04-10 23:00:00,135.291,134.943,134.93746,135.99808,0.3293,-34.8,-104.28,-104.6,10,time_exit,11.65769,0.23569,1.60582,4.13511,london,2020
GBPJPY,-1,2020-04-14 06:00:00,2020-04-14 13:00:00,135.219,134.60955,135.52373,134.60955,0.3783,60.9,209.81,209.49,7,take_profit,23.57012,0.20315,1.61475,3.00644,,2020
GBPJPY,-1,2020-04-15 05:00:00,2020-04-15 10:00:00,135.118,134.40152,135.47624,134.40152,0.3282,71.6,213.99,213.67,5,take_profit,13.22674,0.23883,0.26527,2.48951,,2020
GBPJPY,-1,2020-04-15 11:00:00,2020-04-15 15:00:00,134.436,133.69589,134.80606,133.69589,0.324,74.0,218.22,217.9,4,take_profit,18.34216,0.2467,-2.29129,2.10374,london,2020
GBPJPY,1,2020-04-16 23:00:00,2020-04-17 00:00:00,134.116,134.89465,133.72667,134.89465,0.3142,77.9,222.63,222.32,1,take_profit,22.5663,0.25955,-1.58201,0.24665,,2020
GBPJPY,1,2020-04-17 03:00:00,2020-04-17 09:00:00,134.777,134.34774,134.34774,135.63552,0.2906,-42.9,-113.52,-113.84,6,stop_loss,22.3989,0.28617,0.80958,0.27891,,2020
GBPJPY,-1,2020-04-20 11:00:00,2020-04-20 21:00:00,134.245,133.944,134.56957,133.59586,0.3805,30.1,104.22,103.9,10,time_exit,15.2437,0.21638,-1.0199,0.02457,london,2020
GBPJPY,-1,2020-04-27 08:00:00,2020-04-27 18:00:00,133.336,133.175,133.72294,132.56213,0.3221,16.1,47.19,46.87,10,time_exit,17.39555,0.25796,1.6422,-1.92723,london,2020
GBPJPY,1,2020-04-28 01:00:00,2020-04-28 11:00:00,133.267,133.463,132.95821,133.88458,0.4053,19.6,72.29,71.97,10,time_exit,25.50745,0.20586,0.99518,-1.54648,,2020
GBPJPY,-1,2020-04-29 16:00:00,2020-04-29 20:00:00,132.515,132.84389,132.84389,131.85723,0.383,-32.9,-114.63,-114.95,4,stop_loss,24.94613,0.21926,-1.53805,-1.68897,new_york,2020
GBPJPY,1,2020-04-30 09:00:00,2020-04-30 13:00:00,132.868,133.45271,132.57565,133.45271,0.4265,58.5,226.93,226.61,4,take_profit,13.97272,0.1949,0.16403,-1.66414,london,2020
GBPJPY,1,2020-04-30 19:00:00,2020-05-01 05:00:00,134.789,134.609,134.24536,135.87629,0.2339,-18.0,-38.31,-38.63,10,time_exit,20.41834,0.36243,4.72455,-0.31646,new_york,2020
GBPJPY,1,2020-05-04 07:00:00,2020-05-04 12:00:00,133.008,132.60226,132.60226,133.81949,0.3124,-40.6,-115.35,-115.67,5,stop_loss,23.43528,0.2705,-2.1926,0.64477,london,2020
GBPJPY,1,2020-05-04 16:00:00,2020-05-05 02:00:00,132.779,132.775,132.33876,133.65949,0.285,-0.4,-1.04,-1.36,10,time_exit,22.34575,0.2935,-1.98783,-0.03743,new_york,2020
GBPJPY,1,2020-05-05 04:00:00,2020-05-05 14:00:00,132.772,132.865,132.46994,133.37611,0.4154,9.3,35.16,34.84,10,time_exit,18.90446,0.20137,-1.85296,-0.81223,,2020
GBPJPY,1,2020-05-05 14:00:00,2020-05-05 18:00:00,132.94,132.62403,132.62403,133.57194,0.3983,-31.6,-114.52,-114.84,4,stop_loss,15.38038,0.21065,-0.57715,-0.98333,london,2020
GBPJPY,1,2020-05-08 05:00:00,2020-05-08 15:00:00,131.844,131.962,131.45514,132.62173,0.3204,11.8,34.4,34.09,10,time_exit,28.86273,0.25924,1.00566,-3.47344,,2020
GBPJPY,-1,2020-05-11 02:00:00,2020-05-11 04:00:00,132.581,132.95012,132.95012,131.84276,0.3385,-36.9,-113.7,-114.02,2,stop_loss,35.50554,0.24608,2.79499,-2.09628,,2020
GBPJPY,-1,2020-05-11 13:00:00,2020-05-11 20:00:00,132.581,132.97665,132.97665,131.78969,0.3127,-39.6,-112.59,-112.9,7,stop_loss,35.74225,0.26377,1.39847,-0.89341,london,2020
GBPJPY,1,2020-05-12 13:00:00,2020-05-12 17:00:00,132.574,132.17741,132.17741,133.36718,0.3088,-39.7,-111.44,-111.76,4,stop_loss,17.22727,0.26439,0.5473,-0.16669,london,2020
GBPJPY,-1,2020-05-13 06:00:00,2020-05-13 16:00:00,131.558,131.353,131.94837,130.77726,0.3106,20.5,57.94,57.62,10,time_exit,32.92294,0.26025,-2.17652,-0.97981,,2020
GBPJPY,1,2020-05-13 21:00:00,2020-05-14 04:00:00,130.91,130.44874,130.44874,131.83251,0.2642,-46.1,-110.9,-111.21,7,stop_loss,24.7074,0.3075,-2.78546,-1.53919,new_york,2020
GBPJPY,-1,2020-05-14 05:00:00,2020-05-14 15:00:00,130.438,130.359,130.84773,129.61855,0.2945,7.9,21.17,20.85,10,time_exit,24.2016,0.27315,-3.88399,-2.29781,,2020
GBPJPY,1,2020-05-15 00:00:00,2020-05-15 09:00:00,131.123,130.69405,130.69405,131.98089,0.2818,-42.9,-110.0,-110.32,9,stop_loss,22.98572,0.28596,0.3809,-2.8859,,2020
GBPJPY,-1,2020-05-20 18:00:00,2020-05-21 04:00:00,131.811,131.336,132.22556,130.98187,0.2887,47.5,124.79,124.47,10,time_exit,23.8476,0.27638,0.66372,0.57518,new_york,2020
GBPJPY,-1,2020-05-21 07:00:00,2020-05-21 11:00:00,131.29,131.60358,131.60358,130.66285,0.386,-31.4,-110.15,-110.47,4,stop_loss,15.7388,0.20905,-1.38146,0.49638,london,2020
GBPJPY,-1,2020-05-26 02:00:00,2020-05-26 03:00:00,131.318,131.53382,131.53382,130.88637,0.5552,-21.6,-109.04,-109.36,1,stop_loss,13.23943,0.14388,0.42618,-0.81417,,2020
GBPJPY,1,2020-05-27 13:00:00,2020-05-27 15:00:00,132.844,132.46096,132.46096,133.61009,0.3097,-38.3,-107.95,-108.27,2,stop_loss,24.03647,0.25536,2.7154,1.86386,london,2020
GBPJPY,1,2020-05-28 01:00:00,2020-05-28 11:00:00,132.052,132.13,131.67475,132.80651,0.3113,7.8,22.1,21.78,10,time_exit,22.42693,0.2515,-0.32533,1.62282,,2020
GBPJPY,-1,2020-05-28 20:00:00,2020-05-29 06:00:00,132.782,132.393,133.16999,132.00602,0.3033,38.9,107.37,107.05,10,time_exit,17.18406,0.25866,2.19797,1.52612,new_york,2020
GBPJPY,-1,2020-05-29 07:00:00,2020-05-29 16:00:00,132.393,132.70738,132.70738,131.76423,0.378,-31.4,-108.14,-108.46,9,stop_loss,14.96937,0.20959,0.28209,2.08763,london,2020
GBPJPY,1,2020-05-29 20:00:00,2020-06-01 06:00:00,132.789,133.314,132.32074,133.72552,0.2513,52.5,120.06,119.74,10,time_exit,20.52217,0.31217,1.33079,1.33199,new_york,2020
GBPJPY,1,2020-06-01 20:00:00,2020-06-02 06:00:00,134.093,134.491,133.63664,135.00571,0.2607,39.8,94.42,94.1,10,time_exit,30.66525,0.30424,3.43141,2.57545,new_york,2020
GBPJPY,-1,2020-06-02 12:00:00,2020-06-02 15:00:00,135.278,135.72957,135.72957,134.37487,0.2657,-45.2,-109.18,-109.5,3,stop_loss,41.03962,0.30104,4.95867,3.9109,london,2020
GBPJPY,-1,2020-06-03 07:00:00,2020-06-03 17:00:00,136.657,137.053,137.14113,135.68874,0.2454,-39.6,-88.43,-88.75,10,time_exit,55.01921,0.32275,4.73168,5.86227,london,2020
GBPJPY,-1,2020-06-03 17:00:00,2020-06-03 18:00:00,136.624,137.124,137.124,135.62401,0.2357,-50.0,-107.24,-107.56,1,stop_loss,43.13892,0.33333,2.91695,6.24214,new_york,2020
GBPJPY,-1,2020-06-04 03:00:00,2020-06-04 13:00:00,137.054,136.487,137.45257,136.25686,0.2927,56.7,151.02,150.71,10,time_exit,34.50315,0.26571,3.54769,8.32538,,2020
GBPJPY,1,2020-06-05 05:00:00,2020-06-05 09:00:00,137.343,138.30231,136.86335,138.30231,0.2466,95.9,215.27,214.96,4,take_profit,24.23409,0.31977,1.88357,6.66484,,2020
GBPJPY,1,2020-06-05 20:00:00,2020-06-08 06:00:00,139.173,139.133,138.55876,140.40148,0.1964,-4.0,-7.15,-7.47,10,time_exit,41.0556,0.40949,4.01229,5.8356,new_york,2020
GBPJPY,-1,2020-06-09 10:00:00,2020-06-09 20:00:00,137.163,137.22,137.65274,136.18352,0.2462,-5.7,-12.77,-13.09,10,time_exit,36.94233,0.32649,-2.43282,5.60583,london,2020
GBPJPY,-1,2020-06-10 01:00:00,2020-06-10 11:00:00,137.071,136.982,137.57037,136.07226,0.2412,8.9,19.53,19.22,10,time_exit,27.23641,0.33291,-1.32185,3.80932,,2020
GBPJPY,-1,2020-06-12 19:00:00,2020-06-15 05:00:00,134.477,134.099,135.1291,133.17279,0.185,37.8,63.64,63.32,10,time_exit,33.13455,0.43474,-2.21387,-1.21228,new_york,2020
GBPJPY,1,2020-06-18 14:00:00,2020-06-18 15:00:00,133.728,133.24306,133.24306,134.69788,0.2502,-48.5,-110.41,-110.73,1,stop_loss,31.57767,0.32329,-2.38862,-2.19525,london,2020
GBPJPY,1,2020-06-18 15:00:00,2020-06-18 16:00:00,133.473,132.93377,132.93377,134.55146,0.2228,-53.9,-109.33,-109.65,1,stop_loss,30.15236,0.35949,-2.74007,-2.03805,london,2020
GBPJPY,-1,2020-06-22 10:00:00,2020-06-22 11:00:00,132.447,132.83071,132.83071,131.67958,0.3099,-38.4,-108.21,-108.53,1,stop_loss,24.83519,0.25581,-1.15292,-5.84989,london,2020
GBPJPY,1,2020-06-23 07:00:00,2020-06-23 14:00:00,133.699,133.24375,133.24375,134.6095,0.2586,-45.5,-107.13,-107.45,7,stop_loss,21.32916,0.3035,2.23103,-3.34377,london,2020
GBPJPY,-1,2020-06-24 04:00:00,2020-06-24 14:00:00,133.498,133.112,133.92749,132.63902,0.2714,38.6,95.33,95.01,10,time_exit,13.34898,0.28633,1.03291,-2.45995,,2020
GBPJPY,1,2020-06-26 11:00:00,2020-06-26 12:00:00,132.845,132.56327,132.56327,133.40845,0.4174,-28.2,-107.01,-107.33,1,stop_loss,9.7804,0.18782,-1.3982,-2.46996,london,2020
GBPJPY,1,2020-06-26 15:00:00,2020-06-26 17:00:00,132.548,132.21991,132.21991,133.20419,0.3548,-32.8,-105.93,-106.25,2,stop_loss,18.99931,0.21873,-2.19495,-2.30814,london,2020
GBPJPY,1,2020-06-29 12:00:00,2020-06-29 22:00:00,132.187,132.283,131.86316,132.83467,0.3559,9.6,31.09,30.77,10,time_exit,23.99891,0.21589,-2.17907,-3.01496,london,2020
GBPJPY,-1,2020-06-30 23:00:00,2020-07-01 09:00:00,133.775,133.346,134.18126,132.96247,0.2845,42.9,111.07,110.75,10,time_exit,28.86088,0.27084,4.0948,-1.55857,,2020
GBPJPY,-1,2020-07-02 09:00:00,2020-07-02 12:00:00,134.198,134.50683,134.50683,133.58033,0.3782,-30.9,-106.29,-106.61,3,stop_loss,24.85787,0.20589,3.17354,1.25529,london,2020
GBPJPY,-1,2020-07-03 14:00:00,2020-07-06 00:00:00,133.919,134.112,134.2057,133.3456,0.4033,-19.3,-70.83,-71.15,10,time_exit,14.53621,0.19113,0.06135,2.16748,london,2020
GBPJPY,1,2020-07-08 08:00:00,2020-07-08 11:00:00,135.006,134.71056,134.71056,135.59687,0.3887,-29.5,-104.5,-104.82,3,stop_loss,30.49979,0.19696,1.84294,3.30118,london,2020
GBPJPY,-1,2020-07-08 14:00:00,2020-07-08 16:00:00,134.823,135.1236,135.1236,134.22181,0.3782,-30.1,-103.45,-103.77,2,stop_loss,23.53261,0.2004,0.64281,3.22527,london,2020
GBPJPY,-1,2020-07-09 00:00:00,2020-07-09 08:00:00,135.242,135.55051,135.55051,134.62497,0.3648,-30.9,-102.42,-102.74,8,stop_loss,21.69955,0.20568,1.88855,3.45608,,2020
GBPJPY,1,2020-07-10 03:00:00,2020-07-10 04:00:00,135.181,134.91803,134.91803,135.70694,0.4237,-26.3,-101.39,-101.71,1,stop_loss,20.50883,0.17531,-0.14787,4.29246,,2020
GBPJPY,-1,2020-07-13 05:00:00,2020-07-13 08:00:00,135.101,135.37119,135.37119,134.56062,0.4083,-27.0,-100.39,-100.71,3,stop_loss,16.16281,0.18013,0.58026,2.53024,,2020
GBPJPY,-1,2020-07-13 18:00:00,2020-07-13 22:00:00,135.349,134.74306,135.65197,134.74306,0.3604,60.6,198.72,198.41,4,take_profit,17.04758,0.20198,1.427,2.20396,new_york,2020
GBPJPY,1,2020-07-14 05:00:00,2020-07-14 10:00:00,134.537,134.26113,134.26113,135.08874,0.4037,-27.6,-101.35,-101.66,5,stop_loss,18.95694,0.18391,-2.29726,1.76759,,2020
GBPJPY,-1,2020-07-14 14:00:00,2020-07-15 00:00:00,134.492,134.64,134.78825,133.8995,0.3722,-14.8,-50.13,-50.45,10,time_exit,23.63259,0.1975,-1.62932,0.97152,london,2020
GBPJPY,1,2020-07-15 06:00:00,2020-07-15 16:00:00,134.894,134.61366,134.61366,135.45468,0.3913,-28.0,-99.82,-100.14,10,stop_loss,18.02236,0.18689,0.85002,0.62088,,2020
GBPJPY,1,2020-07-16 02:00:00,2020-07-16 05:00:00,134.601,134.32691,134.32691,135.14918,0.3962,-27.4,-98.82,-99.14,3,stop_loss,18.48588,0.18273,-0.71924,0.47948,,2020
GBPJPY,-1,2020-07-16 05:00:00,2020-07-16 15:00:00,134.472,134.595,134.73714,133.94171,0.4055,-12.3,-45.39,-45.71,10,time_exit,22.13331,0.17676,-1.33255,0.37684,,2020
GBPJPY,-1,2020-07-20 05:00:00,2020-07-20 10:00:00,134.453,134.75463,134.75463,133.84974,0.3548,-30.2,-97.39,-97.71,5,stop_loss,18.85773,0.20109,-0.47759,-0.24143,,2020
GBPJPY,-1,2020-07-21 17:00:00,2020-07-21 18:00:00,136.043,136.37455,136.37455,135.3799,0.3195,-33.2,-96.4,-96.72,1,stop_loss,50.3134,0.22103,2.59555,2.55554,new_york,2020
GBPJPY,-1,2020-07-22 15:00:00,2020-07-22 16:00:00,135.841,136.18773,136.18773,135.14753,0.3025,-34.7,-95.45,-95.77,1,stop_loss,22.60319,0.23116,0.5503,2.62815,london,2020
GBPJPY,1,2020-07-23 09:00:00,2020-07-23 10:00:00,136.517,136.24923,136.24923,137.05255,0.3877,-26.8,-94.47,-94.79,1,stop_loss,19.46496,0.17852,2.3871,4.26915,london,2020
GBPJPY,1,2020-07-23 16:00:00,2020-07-24 02:00:00,135.869,136.01,135.54585,136.5153,0.3181,14.1,40.82,40.5,10,time_exit,20.74285,0.21543,-1.15643,3.40627,new_york,2020
GBPJPY,1,2020-07-24 05:00:00,2020-07-24 06:00:00,135.874,135.57691,135.57691,136.46817,0.3475,-29.7,-93.95,-94.26,1,stop_loss,19.90862,0.19806,-1.15941,3.19413,,2020
GBPJPY,1,2020-07-24 21:00:00,2020-07-27 07:00:00,135.394,135.565,135.01096,136.16008,0.2668,17.1,41.52,41.2,10,time_exit,36.54095,0.25536,-1.47667,1.20605,new_york,2020
GBPJPY,1,2020-07-28 12:00:00,2020-07-28 13:00:00,135.758,135.47365,135.47365,136.32671,0.361,-28.4,-93.41,-93.73,1,stop_loss,14.31326,0.18957,0.43274,0.85008,london,2020
GBPJPY,1,2020-07-29 11:00:00,2020-07-29 15:00:00,135.902,136.42665,135.63967,136.42665,0.3874,52.5,184.96,184.64,4,take_profit,9.83091,0.17488,0.80597,1.06564,london,2020
GBPJPY,-1,2020-07-29 16:00:00,2020-07-30 02:00:00,136.326,136.339,136.5929,135.7922,0.3883,-1.3,-4.59,-4.91,10,time_exit,18.93494,0.17793,2.74399,1.30862,new_york,2020
GBPJPY,1,2020-07-30 07:00:00,2020-07-30 10:00:00,136.393,136.14498,136.14498,136.88905,0.4177,-24.8,-94.28,-94.59,3,stop_loss,24.30751,0.16535,1.98876,2.16749,london,2020
GBPJPY,1,2020-07-31 05:00:00,2020-07-31 13:00:00,136.899,137.54672,136.57514,137.54672,0.3167,64.8,186.67,186.35,8,take_profit,32.08618,0.21591,1.46118,2.96431,,2020
GBPJPY,1,2020-07-31 14:00:00,2020-07-31 15:00:00,137.512,138.1729,137.18155,138.1729,0.3165,66.1,190.35,190.03,1,take_profit,26.97523,0.2203,3.38693,3.25403,london,2020
GBPJPY,1,2020-08-03 07:00:00,2020-08-03 12:00:00,138.557,138.13734,138.13734,139.39632,0.2542,-42.0,-97.08,-97.4,5,stop_loss,46.08258,0.27977,3.16923,4.37255,london,2020
GBPJPY,1,2020-08-03 23:00:00,2020-08-04 09:00:00,138.564,138.649,138.17331,139.34537,0.2703,8.5,20.91,20.59,10,time_exit,22.63696,0.26046,2.06341,4.94931,,2020
GBPJPY,-1,2020-08-06 16:00:00,2020-08-07 02:00:00,138.854,138.707,139.20812,138.14576,0.2989,14.7,39.98,39.67,10,time_exit,13.61697,0.23608,1.2409,4.10551,new_york,2020
GBPJPY,1,2020-08-07 13:00:00,2020-08-07 16:00:00,138.312,138.01657,138.01657,138.90286,0.3598,-29.5,-96.73,-97.05,3,stop_loss,19.22446,0.19695,-1.28157,3.9787,london,2020
GBPJPY,-1,2020-08-10 12:00:00,2020-08-10 22:00:00,138.555,138.531,138.82462,138.01576,0.3902,2.4,8.52,8.2,10,time_exit,16.46873,0.17975,0.98564,2.79297,london,2020
GBPJPY,1,2020-08-11 06:00:00,2020-08-11 16:00:00,138.77,139.21636,138.54682,139.21636,0.4718,44.6,191.64,191.32,10,take_profit,17.14419,0.14879,2.10085,3.19948,,2020
GBPJPY,1,2020-08-14 05:00:00,2020-08-14 10:00:00,139.661,139.38546,139.38546,140.21208,0.3898,-27.6,-97.74,-98.06,5,stop_loss,25.63061,0.18369,0.92196,4.28276,,2020
GBPJPY,-1,2020-08-17 20:00:00,2020-08-18 06:00:00,138.872,138.693,139.14927,138.31746,0.3835,17.9,62.47,62.15,10,time_exit,21.56691,0.18485,-2.92395,2.51695,new_york,2020
GBPJPY,-1,2020-08-18 08:00:00,2020-08-18 11:00:00,138.765,138.9951,138.9951,138.30481,0.4651,-23.0,-97.39,-97.7,3,stop_loss,35.2958,0.1534,-2.83395,1.70843,london,2020
GBPJPY,-1,2020-08-18 18:00:00,2020-08-19 04:00:00,139.389,139.602,139.68748,138.79203,0.3549,-21.3,-68.79,-69.11,10,time_exit,26.97913,0.19899,1.18891,1.02683,new_york,2020
GBPJPY,-1,2020-08-20 09:00:00,2020-08-20 13:00:00,138.825,139.09201,139.09201,138.29098,0.3939,-26.7,-95.71,-96.03,4,stop_loss,28.87225,0.17801,-2.07743,0.77339,london,2020
GBPJPY,1,2020-08-20 17:00:00,2020-08-20 18:00:00,138.829,139.46696,138.51002,139.46696,0.3264,63.8,189.49,189.17,1,take_profit,26.40037,0.21265,-1.36063,0.33309,new_york,2020
GBPJPY,1,2020-08-20 18:00:00,2020-08-21 04:00:00,139.204,139.82,138.84695,139.9181,0.2974,61.6,166.71,166.39,10,time_exit,25.06221,0.23803,0.34171,0.30502,new_york,2020
GBPJPY,1,2020-08-21 11:00:00,2020-08-21 12:00:00,139.564,139.28599,139.28599,140.12002,0.3886,-27.8,-98.31,-98.63,1,stop_loss,23.53758,0.18534,0.68366,1.4933,london,2020
GBPJPY,1,2020-08-21 12:00:00,2020-08-21 13:00:00,139.284,138.97988,138.97988,139.89223,0.3517,-30.4,-97.33,-97.65,1,stop_loss,23.37292,0.20274,-0.72168,1.32955,london,2020
GBPJPY,1,2020-08-24 11:00:00,2020-08-24 17:00:00,138.712,138.40607,138.40607,139.32385,0.3461,-30.6,-96.35,-96.67,6,stop_loss,26.71752,0.20395,-1.03555,-0.5933,london,2020
GBPJPY,-1,2020-08-27 10:00:00,2020-08-27 16:00:00,140.027,140.27402,140.27402,139.53295,0.4243,-24.7,-95.38,-95.7,6,stop_loss,29.53442,0.16468,1.80353,2.60583,london,2020
GBPJPY,-1,2020-09-01 00:00:00,2020-09-01 10:00:00,141.58,141.94315,141.94315,140.8537,0.2857,-36.3,-94.41,-94.73,10,stop_loss,27.99271,0.2421,2.61633,3.7081,,2020
GBPJPY,1,2020-09-01 21:00:00,2020-09-02 07:00:00,141.822,141.868,141.42764,142.61073,0.2605,4.6,10.9,10.59,10,time_exit,38.21072,0.26291,1.09432,4.37071,new_york,2020
GBPJPY,1,2020-09-02 08:00:00,2020-09-02 10:00:00,141.869,141.57813,141.57813,142.45075,0.3535,-29.1,-93.57,-93.89,2,stop_loss,20.30295,0.19392,1.1367,5.72713,london,2020
GBPJPY,1,2020-09-02 14:00:00,2020-09-02 16:00:00,141.916,141.59362,141.59362,142.56075,0.3158,-32.2,-92.64,-92.96,2,stop_loss,23.49205,0.21492,1.15033,4.94543,london,2020
GBPJPY,-1,2020-09-02 19:00:00,2020-09-02 23:00:00,141.351,141.73412,141.73412,140.58476,0.2631,-38.3,-91.73,-92.05,4,stop_loss,29.96421,0.25541,-1.12378,3.86021,new_york,2020
GBPJPY,1,2020-09-03 16:00:00,2020-09-03 18:00:00,141.169,140.82629,140.82629,141.85443,0.2911,-34.3,-90.79,-91.1,2,stop_loss,29.82264,0.22848,-1.59634,3.15651,new_york,2020
GBPJPY,1,2020-09-03 22:00:00,2020-09-04 08:00:00,140.762,140.935,140.37179,141.54241,0.2531,17.3,39.85,39.53,10,time_exit,32.21403,0.26014,-2.42295,2.2247,,2020
GBPJPY,1,2020-09-04 13:00:00,2020-09-04 14:00:00,141.229,140.87693,140.87693,141.93313,0.2818,-35.2,-90.28,-90.6,1,stop_loss,24.255,0.23471,0.03907,1.62081,london,2020
GBPJPY,-1,2020-09-08 10:00:00,2020-09-08 12:00:00,139.623,139.057,139.906,139.057,0.347,56.6,178.73,178.41,2,take_profit,47.41181,0.18867,-3.40784,-1.87211,london,2020
GBPJPY,-1,2020-09-08 13:00:00,2020-09-08 15:00:00,138.963,138.28248,139.30326,138.28248,0.2944,68.1,182.31,182.0,2,take_profit,50.67728,0.22684,-5.26398,-1.87295,london,2020
GBPJPY,-1,2020-09-09 03:00:00,2020-09-09 13:00:00,137.385,137.211,137.78253,136.58994,0.257,17.4,40.69,40.37,10,time_exit,68.52463,0.26502,-6.7886,-3.96664,,2020
GBPJPY,-1,2020-09-09 23:00:00,2020-09-10 09:00:00,138.047,138.044,138.54224,137.05652,0.2072,0.3,0.57,0.25,10,time_exit,45.7665,0.33016,-0.80863,-4.34423,,2020
GBPJPY,-1,2020-09-11 19:00:00,2020-09-14 05:00:00,135.753,136.056,136.27974,134.69952,0.1948,-30.3,-53.71,-54.03,10,time_exit,28.85426,0.35116,-2.85296,-5.44512,new_york,2020
GBPJPY,-1,2020-09-14 13:00:00,2020-09-14 16:00:00,136.212,136.56273,136.56273,135.51053,0.2909,-35.1,-92.85,-93.16,3,stop_loss,15.85198,0.23382,-0.58065,-7.99701,london,2020
GBPJPY,1,2020-09-14 21:00:00,2020-09-15 04:00:00,135.972,135.59197,135.59197,136.73206,0.2658,-38.0,-91.92,-92.24,7,stop_loss,15.6546,0.25335,-1.31175,-6.93745,new_york,2020
GBPJPY,-1,2020-09-16 14:00:00,2020-09-17 00:00:00,136.182,136.072,136.5226,135.50081,0.2936,11.0,29.39,29.07,10,time_exit,19.31345,0.22706,0.86658,-5.95262,london,2020
GBPJPY,1,2020-09-17 08:00:00,2020-09-17 14:00:00,135.803,135.45909,135.45909,136.49081,0.2917,-34.4,-91.29,-91.61,6,stop_loss,19.50616,0.22927,-0.87219,-4.89518,london,2020
GBPJPY,1,2020-09-17 14:00:00,2020-09-17 15:00:00,135.705,135.35031,135.35031,136.41437,0.28,-35.5,-90.37,-90.69,1,stop_loss,23.28573,0.23646,-1.0591,-4.6103,london,2020
GBPJPY,1,2020-09-17 19:00:00,2020-09-18 05:00:00,135.708,135.715,135.16039,136.80323,0.1795,0.7,1.14,0.82,10,time_exit,24.71891,0.36508,-0.31095,-3.1065,new_york,2020
GBPJPY,-1,2020-09-18 05:00:00,2020-09-18 15:00:00,135.77,135.374,136.18487,134.94027,0.237,39.6,85.41,85.09,10,time_exit,17.95645,0.27658,-0.16655,-3.72207,,2020
GBPJPY,-1,2020-09-21 08:00:00,2020-09-21 10:00:00,135.131,134.55048,135.42126,134.55048,0.3419,58.1,180.62,180.3,2,take_profit,16.16432,0.19351,-1.72875,-5.27842,london,2020
GBPJPY,1,2020-09-23 03:00:00,2020-09-23 09:00:00,133.868,133.44891,133.44891,134.70619,0.2415,-41.9,-92.1,-92.42,6,stop_loss,21.5229,0.2794,-0.97043,-5.19078,,2020
GBPJPY,-1,2020-09-23 10:00:00,2020-09-23 15:00:00,133.482,133.87956,133.87956,132.68689,0.2521,-39.8,-91.2,-91.52,5,stop_loss,17.60753,0.26504,-2.06244,-5.40474,london,2020
GBPJPY,-1,2020-09-28 01:00:00,2020-09-28 11:00:00,134.778,135.14884,135.14884,134.03633,0.2675,-37.1,-90.27,-90.59,10,stop_loss,11.87651,0.24722,1.91269,-2.37248,,2020
GBPJPY,1,2020-09-28 15:00:00,2020-09-28 19:00:00,136.002,135.53985,135.53985,136.92629,0.2125,-46.2,-89.37,-89.69,4,stop_loss,21.6991,0.3081,4.60783,-1.02637,london,2020
GBPJPY,-1,2020-09-29 06:00:00,2020-09-29 09:00:00,135.511,135.86834,135.86834,134.79632,0.2721,-35.7,-88.48,-88.8,3,stop_loss,28.6894,0.23823,2.03636,0.13729,,2020
GBPJPY,1,2020-09-29 21:00:00,2020-09-30 07:00:00,135.844,135.47,135.42191,136.68818,0.228,-37.4,-77.6,-77.92,10,time_exit,31.60258,0.28139,1.6427,0.97881,new_york,2020
GBPJPY,1,2020-09-30 08:00:00,2020-09-30 17:00:00,135.47,136.12602,135.14199,136.12602,0.2908,65.6,173.6,173.28,9,take_profit,29.00944,0.21867,-0.29015,1.61151,london,2020
GBPJPY,1,2020-10-01 20:00:00,2020-10-02 06:00:00,136.099,135.887,135.5182,137.26061,0.1675,-21.2,-32.31,-32.63,10,time_exit,24.15143,0.3872,0.34218,1.35169,new_york,2020
GBPJPY,-1,2020-10-02 22:00:00,2020-10-05 08:00:00,136.309,136.553,136.80051,135.32598,0.1972,-24.4,-43.79,-44.1,10,time_exit,11.08479,0.32767,0.99972,1.27753,,2020
GBPJPY,1,2020-10-06 13:00:00,2020-10-06 14:00:00,136.945,136.63288,136.63288,137.56925,0.309,-31.2,-87.77,-88.08,1,stop_loss,19.60641,0.20808,0.67001,3.83955,london,2020
GBPJPY,1,2020-10-08 11:00:00,2020-10-08 13:00:00,137.139,136.85271,136.85271,137.71158,0.3335,-28.6,-86.88,-87.2,2,stop_loss,13.42647,0.19086,1.86565,2.75764,london,2020
GBPJPY,-1,2020-10-08 19:00:00,2020-10-09 05:00:00,137.167,137.181,137.52244,136.45612,0.2659,-1.4,-3.39,-3.71,10,time_exit,12.39574,0.23696,1.40616,2.2144,new_york,2020
GBPJPY,-1,2020-10-09 16:00:00,2020-10-09 19:00:00,137.259,137.56045,137.56045,136.65609,0.3134,-30.1,-85.97,-86.29,3,stop_loss,10.60365,0.20097,1.2708,2.67691,new_york,2020
GBPJPY,-1,2020-10-12 04:00:00,2020-10-12 14:00:00,137.606,137.314,137.88007,137.05786,0.3413,29.2,90.69,90.37,10,time_exit,17.56359,0.18271,2.02496,3.50556,,2020
GBPJPY,-1,2020-10-12 17:00:00,2020-10-12 18:00:00,137.381,137.63639,137.63639,136.87022,0.3701,-25.5,-86.01,-86.33,1,stop_loss,13.19768,0.17026,0.31984,3.67749,new_york,2020
GBPJPY,-1,2020-10-14 01:00:00,2020-10-14 10:00:00,136.432,135.84606,136.72497,135.84606,0.3194,58.6,170.3,169.99,9,take_profit,35.81753,0.19531,-3.98783,1.80748,,2020
GBPJPY,-1,2020-10-14 17:00:00,2020-10-15 03:00:00,137.154,137.036,137.56182,136.33837,0.2341,11.8,25.14,24.82,10,time_exit,40.6165,0.27188,1.13746,0.19733,new_york,2020
GBPJPY,-1,2020-10-16 01:00:00,2020-10-16 11:00:00,136.018,136.081,136.41019,135.23361,0.2441,-6.3,-13.99,-14.31,10,time_exit,21.54217,0.26146,-2.05221,-0.64428,,2020
GBPJPY,1,2020-10-16 16:00:00,2020-10-19 02:00:00,136.016,136.278,135.53944,136.96913,0.2005,26.2,47.8,47.48,10,time_exit,21.5425,0.31771,-0.78438,-1.08298,new_york,2020
GBPJPY,-1,2020-10-20 01:00:00,2020-10-20 11:00:00,136.438,136.80985,136.80985,135.6943,0.2584,-37.2,-87.44,-87.76,10,stop_loss,18.35256,0.2479,-0.20999,-0.37251,,2020
GBPJPY,-1,2020-10-20 12:00:00,2020-10-20 22:00:00,136.814,136.502,137.14022,136.16157,0.2916,31.2,82.79,82.47,10,time_exit,11.34545,0.21748,1.26572,-0.21712,london,2020
GBPJPY,-1,2020-10-21 00:00:00,2020-10-21 10:00:00,136.607,136.9082,136.9082,136.0046,0.3188,-30.1,-87.38,-87.7,10,stop_loss,11.07882,0.2008,0.10223,-0.05073,,2020
GBPJPY,1,2020-10-22 04:00:00,2020-10-22 10:00:00,137.458,137.15943,137.15943,138.05514,0.3184,-29.9,-86.51,-86.83,6,stop_loss,32.8537,0.19905,2.4743,1.2735,,2020
GBPJPY,1,2020-10-22 17:00:00,2020-10-23 03:00:00,137.212,136.926,136.926,137.784,0.3291,-28.6,-85.65,-85.97,10,stop_loss,25.59045,0.19067,0.58903,1.64186,new_york,2020
GBPJPY,-1,2020-10-23 09:00:00,2020-10-23 10:00:00,136.752,136.9829,136.9829,136.2902,0.4035,-23.1,-84.78,-85.1,1,stop_loss,31.35822,0.15393,-2.05716,1.57161,london,2020
GBPJPY,1,2020-10-26 02:00:00,2020-10-26 12:00:00,136.555,136.854,136.24823,137.16855,0.3006,29.9,81.79,81.47,10,time_exit,22.34348,0.20452,-1.61119,0.37205,,2020
GBPJPY,1,2020-10-27 09:00:00,2020-10-27 10:00:00,136.569,136.36449,136.36449,136.97803,0.4554,-20.5,-84.75,-85.07,1,stop_loss,24.83701,0.13634,-0.70232,-0.62176,london,2020
GBPJPY,-1,2020-10-30 06:00:00,2020-10-30 08:00:00,135.059,134.46249,135.35725,134.46249,0.3091,59.7,167.79,167.47,2,take_profit,25.00846,0.19884,-2.15315,-3.48878,,2020
GBPJPY,-1,2020-11-02 07:00:00,2020-11-02 17:00:00,135.134,135.291,135.49617,134.40965,0.2596,-15.7,-37.09,-37.41,10,time_exit,16.88663,0.24145,-0.96471,-2.53607,london,2020
GBPJPY,-1,2020-11-02 20:00:00,2020-11-03 06:00:00,135.312,135.279,135.65381,134.62839,0.2739,3.3,8.23,7.91,10,time_exit,20.49603,0.22787,-0.04093,-2.49957,new_york,2020
GBPJPY,-1,2020-11-03 08:00:00,2020-11-03 10:00:00,135.328,135.57571,135.57571,134.83258,0.3783,-24.8,-85.28,-85.59,2,stop_loss,17.17255,0.16514,0.02168,-3.03952,london,2020
GBPJPY,-1,2020-11-04 09:00:00,2020-11-04 19:00:00,136.282,135.911,136.82018,135.20563,0.1724,37.1,58.2,57.89,10,time_exit,32.43007,0.35879,0.99713,0.02692,london,2020
GBPJPY,-1,2020-11-04 19:00:00,2020-11-05 05:00:00,135.916,135.126,136.49799,134.75201,0.1605,79.0,115.38,115.06,10,time_exit,20.70309,0.388,0.05147,-0.02811,new_york,2020
GBPJPY,-1,2020-11-06 08:00:00,2020-11-06 18:00:00,135.872,135.992,136.24303,135.12995,0.2552,-12.0,-27.87,-28.19,10,time_exit,14.40759,0.24735,0.15809,-0.11269,london,2020
GBPJPY,-1,2020-11-06 19:00:00,2020-11-09 05:00:00,135.992,136.274,136.38272,135.21055,0.2415,-28.2,-61.97,-62.29,10,time_exit,13.73388,0.26048,0.64151,-0.12082,new_york,2020
GBPJPY,-1,2020-11-09 06:00:00,2020-11-09 09:00:00,136.274,136.59071,136.59071,135.64058,0.2958,-31.7,-85.25,-85.57,3,stop_loss,15.34042,0.21114,1.76448,0.1306,,2020
GBPJPY,1,2020-11-09 17:00:00,2020-11-10 03:00:00,138.614,138.332,138.06973,139.70255,0.1704,-28.2,-43.73,-44.05,10,time_exit,32.85111,0.36285,6.33982,0.89425,new_york,2020
GBPJPY,1,2020-11-10 22:00:00,2020-11-11 08:00:00,139.542,139.661,139.07978,140.46645,0.1996,11.9,21.61,21.3,10,time_exit,52.96497,0.30815,4.40012,4.70024,,2020
GBPJPY,1,2020-11-11 19:00:00,2020-11-12 05:00:00,139.363,139.127,138.93757,140.21386,0.2174,-23.6,-46.69,-47.01,10,time_exit,34.26039,0.28362,1.29144,6.05941,new_york,2020
GBPJPY,-1,2020-11-12 06:00:00,2020-11-12 14:00:00,139.127,138.51343,139.43379,138.51343,0.2998,61.4,167.39,167.08,8,take_profit,19.94385,0.20452,0.11934,7.88937,,2020
GBPJPY,-1,2020-11-13 14:00:00,2020-11-16 00:00:00,138.232,138.02,138.57807,137.53986,0.2711,21.2,52.3,51.98,10,time_exit,32.00307,0.23071,-0.76704,3.13686,london,2020
GBPJPY,1,2020-11-16 12:00:00,2020-11-16 13:00:00,137.707,138.33914,137.39093,138.33914,0.2986,63.2,171.77,171.45,1,take_profit,16.49952,0.21071,-2.35813,2.1301,london,2020
GBPJPY,1,2020-11-18 00:00:00,2020-11-18 10:00:00,138.004,138.077,137.71856,138.57487,0.3372,7.3,22.4,22.08,10,time_exit,8.52166,0.19029,-0.39541,1.3295,,2020
GBPJPY,1,2020-11-19 16:00:00,2020-11-19 17:00:00,137.597,137.25558,137.25558,138.27985,0.2826,-34.1,-87.8,-88.12,1,stop_loss,22.55432,0.22762,-0.82452,-0.18182,new_york,2020
GBPJPY,1,2020-11-20 03:00:00,2020-11-20 13:00:00,137.635,137.829,137.32143,138.26213,0.3047,19.4,53.79,53.47,10,time_exit,14.2954,0.20904,-0.27477,-0.47628,,2020
GBPJPY,-1,2020-11-24 10:00:00,2020-11-24 17:00:00,139.351,139.61091,139.61091,138.83117,0.3698,-26.0,-87.47,-87.78,7,stop_loss,42.16257,0.17328,3.85832,3.29245,london,2020
GBPJPY,-1,2020-11-26 16:00:00,2020-11-27 02:00:00,139.031,139.009,139.29427,138.50447,0.3614,2.2,7.24,6.92,10,time_exit,21.20168,0.17551,-2.0939,4.03124,new_york,2020
GBPJPY,-1,2020-11-27 19:00:00,2020-11-30 01:00:00,138.473,138.79769,138.79769,137.82362,0.2933,-32.5,-86.66,-86.98,6,stop_loss,26.98177,0.21646,-2.96868,1.61597,new_york,2020
GBPJPY,1,2020-11-30 06:00:00,2020-11-30 15:00:00,138.602,139.22093,138.29254,139.22093,0.3046,61.9,171.56,171.24,9,take_profit,24.76208,0.20631,-1.49109,0.81879,,2020
GBPJPY,-1,2020-12-01 05:00:00,2020-12-01 09:00:00,139.365,139.70084,139.70084,138.69333,0.2863,-33.6,-87.5,-87.82,4,stop_loss,13.53897,0.22389,1.61179,0.90969,,2020
GBPJPY,-1,2020-12-01 17:00:00,2020-12-01 18:00:00,139.454,139.81898,139.81898,138.72404,0.2608,-36.5,-86.62,-86.94,1,stop_loss,14.31435,0.24332,1.20088,1.17079,new_york,2020
GBPJPY,-1,2020-12-02 21:00:00,2020-12-03 07:00:00,139.59,139.85,139.97832,138.81336,0.2427,-26.0,-57.42,-57.74,10,time_exit,24.63275,0.25888,0.1564,1.75762,new_york,2020
GBPJPY,-1,2020-12-04 02:00:00,2020-12-04 11:00:00,139.674,140.03323,140.03323,138.95554,0.2606,-35.9,-85.19,-85.51,9,stop_loss,15.80687,0.23949,-0.25307,1.92269,,2020
GBPJPY,-1,2020-12-07 20:00:00,2020-12-08 06:00:00,138.968,138.877,139.45728,137.98944,0.1894,9.1,15.68,15.37,10,time_exit,34.88959,0.32619,-1.28512,0.1142,new_york,2020
GBPJPY,-1,2020-12-08 09:00:00,2020-12-08 15:00:00,138.885,139.27952,139.27952,138.09597,0.2353,-39.5,-84.48,-84.79,6,stop_loss,26.49427,0.26301,-1.30224,-0.30676,london,2020
GBPJPY,-1,2020-12-10 09:00:00,2020-12-10 13:00:00,139.369,138.62,139.7435,138.62,0.2454,74.9,167.26,166.94,4,take_profit,18.10946,0.24967,-0.31341,0.41579,london,2020
GBPJPY,1,2020-12-11 04:00:00,2020-12-11 10:00:00,138.368,137.97405,137.97405,139.15591,0.2379,-39.4,-85.29,-85.6,6,stop_loss,34.28412,0.26264,-2.50093,-0.78286,,2020
GBPJPY,1,2020-12-11 10:00:00,2020-12-11 11:00:00,138.152,137.78329,137.78329,138.88942,0.2517,-36.9,-84.45,-84.77,1,stop_loss,30.21766,0.24581,-3.04257,-1.15244,london,2020
GBPJPY,1,2020-12-14 11:00:00,2020-12-14 16:00:00,139.132,138.65676,138.65676,140.08249,0.1933,-47.5,-83.6,-83.92,5,stop_loss,33.97499,0.31683,2.28278,-1.61801,london,2020
GBPJPY,1,2020-12-15 16:00:00,2020-12-16 02:00:00,138.921,139.348,138.51839,139.72622,0.2259,42.7,87.78,87.46,10,time_exit,15.9532,0.26841,0.95412,-0.83239,new_york,2020
GBPJPY,1,2020-12-16 19:00:00,2020-12-17 05:00:00,139.875,139.789,139.47466,140.67567,0.2296,-8.6,-17.97,-18.29,10,time_exit,18.86484,0.26689,2.40146,0.77955,new_york,2020
GBPJPY,-1,2020-12-18 05:00:00,2020-12-18 10:00:00,139.877,140.22814,140.22814,139.17471,0.2611,-35.1,-83.43,-83.75,5,stop_loss,18.95956,0.2341,0.31761,2.15716,,2020
GBPJPY,1,2020-12-21 06:00:00,2020-12-21 09:00:00,138.039,137.55307,137.55307,139.01086,0.1868,-48.6,-82.6,-82.92,3,stop_loss,33.73339,0.32395,-4.3262,0.40344,,2020
GBPJPY,1,2020-12-24 01:00:00,2020-12-24 10:00:00,139.75,140.75527,139.24737,140.75527,0.1788,100.5,163.56,163.25,9,take_profit,32.64084,0.33509,2.08356,0.04404,,2020
GBPJPY,1,2020-12-28 00:00:00,2020-12-28 10:00:00,140.248,140.19,139.79606,141.15188,0.2028,-5.8,-10.7,-11.02,10,time_exit,38.12232,0.30129,1.46309,1.86011,,2020
GBPJPY,-1,2020-12-29 23:00:00,2020-12-30 09:00:00,139.791,139.835,140.11557,139.14187,0.282,-4.4,-11.29,-11.61,10,time_exit,14.76467,0.21638,-0.41985,1.57646,,2020
GBPJPY,1,2021-01-06 06:00:00,2021-01-06 10:00:00,139.828,140.37191,139.55605,140.37191,0.3361,54.4,166.35,166.04,4,take_profit,23.50057,0.1813,-1.13966,0.33403,,2021
GBPJPY,-1,2021-01-06 21:00:00,2021-01-07 07:00:00,140.458,140.21,140.81332,139.74737,0.2624,24.8,59.22,58.9,10,time_exit,17.81332,0.23688,1.43678,0.46083,new_york,2021
GBPJPY,1,2021-01-07 15:00:00,2021-01-07 18:00:00,140.97,140.60825,140.60825,141.6935,0.2595,-36.2,-85.43,-85.74,3,stop_loss,19.00348,0.24117,2.80396,0.89058,london,2021
GBPJPY,-1,2021-01-08 14:00:00,2021-01-11 00:00:00,141.138,140.852,141.39286,140.62828,0.3647,28.6,94.92,94.6,10,time_exit,26.04609,0.16991,2.67042,2.55834,london,2021
GBPJPY,-1,2021-01-11 06:00:00,2021-01-11 16:00:00,140.684,140.436,140.95407,140.14385,0.348,24.8,78.54,78.22,10,time_exit,25.83033,0.18005,-0.61701,2.46476,,2021
GBPJPY,-1,2021-01-13 02:00:00,2021-01-13 10:00:00,141.792,142.0421,142.0421,141.2918,0.3792,-25.0,-86.3,-86.62,8,stop_loss,47.88268,0.16673,3.19169,3.67841,,2021
GBPJPY,-1,2021-01-14 14:00:00,2021-01-15 00:00:00,141.938,142.083,142.18579,141.44242,0.3789,-14.5,-50.0,-50.31,10,time_exit,20.34123,0.16519,1.37814,4.25558,london,2021
GBPJPY,1,2021-01-15 05:00:00,2021-01-15 08:00:00,142.042,141.8025,141.8025,142.52099,0.3897,-23.9,-84.93,-85.25,3,stop_loss,13.05568,0.15966,1.26337,4.35658,,2021
GBPJPY,-1,2021-01-15 17:00:00,2021-01-18 03:00:00,141.268,140.92,141.55379,140.69643,0.3233,34.8,102.38,102.06,10,time_exit,30.52599,0.19052,-2.41292,2.81001,new_york,2021
GBPJPY,-1,2021-01-19 16:00:00,2021-01-20 01:00:00,141.492,141.73293,141.73293,141.01014,0.3882,-24.1,-85.11,-85.43,9,stop_loss,37.3365,0.16062,1.61018,0.58985,new_york,2021
GBPJPY,1,2021-01-20 03:00:00,2021-01-20 11:00:00,141.706,142.12484,141.49658,142.12484,0.4421,41.9,168.5,168.19,8,take_profit,30.95548,0.13961,2.38697,1.3137,,2021
GBPJPY,-1,2021-01-21 07:00:00,2021-01-21 08:00:00,141.481,141.7283,141.7283,140.98641,0.3819,-24.7,-85.94,-86.26,1,stop_loss,21.05205,0.16486,-0.24777,1.37998,london,2021
GBPJPY,-1,2021-01-21 21:00:00,2021-01-22 07:00:00,141.961,141.982,142.22601,141.43099,0.3528,-2.1,-6.74,-7.06,10,time_exit,22.5871,0.17667,1.4265,1.87277,new_york,2021
GBPJPY,-1,2021-01-22 12:00:00,2021-01-22 18:00:00,141.675,141.94861,141.94861,141.12777,0.3414,-27.4,-85.0,-85.32,6,stop_loss,21.42093,0.18241,-0.86313,2.00884,london,2021
GBPJPY,-1,2021-01-29 02:00:00,2021-01-29 03:00:00,143.147,143.42519,143.42519,142.59062,0.3324,-27.8,-84.15,-84.47,1,stop_loss,25.34887,0.18546,2.73981,3.07859,,2021
GBPJPY,1,2021-01-29 09:00:00,2021-01-29 10:00:00,143.292,143.02403,143.02403,143.82795,0.3416,-26.8,-83.3,-83.62,1,stop_loss,26.8748,0.17865,2.81707,3.5783,london,2021
GBPJPY,1,2021-01-29 16:00:00,2021-01-29 19:00:00,143.816,143.48955,143.48955,144.4689,0.2776,-32.6,-82.47,-82.79,3,stop_loss,28.98138,0.21763,3.94135,3.30584,new_york,2021
GBPJPY,1,2021-02-04 00:00:00,2021-02-04 05:00:00,143.293,143.06599,143.06599,143.74702,0.3952,-22.7,-81.64,-81.96,5,stop_loss,12.08337,0.15134,-0.85088,3.17825,,2021
GBPJPY,1,2021-02-05 03:00:00,2021-02-05 13:00:00,144.404,144.575,144.12308,144.96583,0.3161,17.1,49.19,48.87,10,time_exit,36.62233,0.18728,4.07025,2.87305,,2021
GBPJPY,1,2021-02-05 18:00:00,2021-02-08 00:00:00,144.744,144.48922,144.48922,145.25356,0.3507,-25.5,-81.31,-81.63,6,stop_loss,45.87507,0.16985,4.17931,4.34188,new_york,2021
GBPJPY,1,2021-02-08 05:00:00,2021-02-08 13:00:00,144.798,144.56159,144.56159,145.27081,0.3741,-23.6,-80.48,-80.8,8,stop_loss,35.54552,0.1576,3.23521,5.33616,,2021
GBPJPY,-1,2021-02-08 19:00:00,2021-02-09 05:00:00,144.512,144.556,144.74512,144.04575,0.3756,-4.4,-15.04,-15.36,10,time_exit,22.0325,0.15542,0.41285,5.41451,new_york,2021
GBPJPY,1,2021-02-10 13:00:00,2021-02-10 22:00:00,144.95,144.74112,144.74112,145.36777,0.4184,-20.9,-79.53,-79.85,9,stop_loss,17.62511,0.13926,3.29457,4.19777,london,2021
GBPJPY,-1,2021-02-12 05:00:00,2021-02-12 07:00:00,144.545,144.73205,144.73205,144.1709,0.4625,-18.7,-78.73,-79.04,2,stop_loss,18.21088,0.1247,-1.10657,3.98086,,2021
GBPJPY,-1,2021-02-16 04:00:00,2021-02-16 12:00:00,147.068,146.57082,147.31659,146.57082,0.3445,49.7,155.86,155.54,8,take_profit,64.36039,0.16573,6.9574,6.60206,,2021
GBPJPY,-1,2021-02-17 09:00:00,2021-02-17 15:00:00,147.052,147.3025,147.3025,146.55099,0.3487,-25.1,-79.49,-79.81,6,stop_loss,31.91381,0.167,1.91514,8.04833,london,2021
GBPJPY,1,2021-02-17 17:00:00,2021-02-17 18:00:00,146.742,146.42984,146.42984,147.36633,0.277,-31.2,-78.69,-79.01,1,stop_loss,23.6623,0.20811,-0.31963,6.21302,new_york,2021
GBPJPY,-1,2021-02-17 19:00:00,2021-02-18 02:00:00,146.532,146.8639,146.8639,145.8682,0.2579,-33.2,-77.89,-78.21,7,stop_loss,22.93088,0.22127,-1.18161,5.68051,new_york,2021
GBPJPY,-1,2021-02-19 08:00:00,2021-02-19 15:00:00,147.522,147.75727,147.75727,147.05146,0.3602,-23.5,-77.12,-77.44,7,stop_loss,24.51836,0.15685,2.01619,7.3138,london,2021
GBPJPY,1,2021-02-19 15:00:00,2021-02-19 17:00:00,147.537,148.06264,147.27418,148.06264,0.3192,52.6,152.68,152.36,2,take_profit,20.10608,0.17521,1.46553,6.41471,london,2021
GBPJPY,1,2021-02-23 20:00:00,2021-02-24 02:00:00,148.301,148.88502,148.00899,148.88502,0.2931,58.4,155.77,155.45,6,take_profit,14.46041,0.19467,1.85725,5.27971,new_york,2021
GBPJPY,-1,2021-02-24 12:00:00,2021-02-24 22:00:00,149.798,149.667,150.19523,149.00353,0.2197,13.1,26.19,25.87,10,time_exit,36.19017,0.26482,4.69805,4.93749,london,2021
GBPJPY,1,2021-02-25 16:00:00,2021-02-25 19:00:00,150.129,149.80471,149.80471,150.77758,0.27,-32.4,-79.68,-80.0,3,stop_loss,28.45498,0.21619,3.10775,7.30049,new_york,2021
GBPJPY,1,2021-02-26 05:00:00,2021-02-26 08:00:00,148.458,147.96229,147.96229,149.44943,0.1749,-49.6,-78.9,-79.22,3,stop_loss,35.77789,0.33048,-2.5294,3.82696,,2021
GBPJPY,-1,2021-02-26 20:00:00,2021-03-01 06:00:00,148.719,148.784,149.42097,147.31507,0.1223,-6.5,-7.23,-7.55,10,time_exit,34.08041,0.46798,-0.26282,1.66712,new_york,2021
GBPJPY,-1,2021-03-02 13:00:00,2021-03-02 14:00:00,148.482,148.88837,148.88837,147.66926,0.211,-40.6,-78.03,-78.35,1,stop_loss,16.12193,0.27091,-0.54472,1.37733,london,2021
GBPJPY,1,2021-03-03 21:00:00,2021-03-04 02:00:00,149.427,149.05099,149.05099,150.17901,0.2257,-37.6,-77.23,-77.55,5,stop_loss,10.31801,0.25067,1.48948,2.19419,new_york,2021
GBPJPY,1,2021-03-04 10:00:00,2021-03-04 15:00:00,149.542,150.13249,149.24676,150.13249,0.2846,59.0,152.93,152.61,5,take_profit,11.05012,0.19683,1.96519,2.82111,london,2021
GBPJPY,-1,2021-03-05 10:00:00,2021-03-05 17:00:00,150.178,149.38637,150.57382,149.38637,0.2165,79.2,155.96,155.65,7,take_profit,16.1882,0.26388,1.88866,2.97222,london,2021
GBPJPY,-1,2021-03-08 21:00:00,2021-03-09 04:00:00,150.652,151.03427,151.03427,149.88747,0.2287,-38.2,-79.56,-79.87,7,stop_loss,19.74437,0.25484,2.54664,3.02317,new_york,2021
GBPJPY,1,2021-03-09 17:00:00,2021-03-09 18:00:00,151.195,150.86765,150.86765,151.84969,0.2643,-32.7,-78.73,-79.05,1,stop_loss,30.52427,0.21823,3.12541,4.46361,new_york,2021
GBPJPY,1,2021-03-09 18:00:00,2021-03-09 19:00:00,151.124,150.7955,150.7955,151.781,0.2608,-32.9,-77.96,-78.28,1,stop_loss,31.25406,0.219,2.70713,4.48613,new_york,2021
GBPJPY,1,2021-03-10 14:00:00,2021-03-11 00:00:00,150.922,151.02,150.63825,151.48949,0.2989,9.8,26.66,26.34,10,time_exit,18.68366,0.18916,1.06934,4.93549,london,2021
GBPJPY,1,2021-03-11 00:00:00,2021-03-11 07:00:00,150.958,151.5007,150.68665,151.5007,0.3136,54.3,154.87,154.56,7,take_profit,13.16853,0.1809,1.38392,4.99321,,2021
GBPJPY,1,2021-03-12 09:00:00,2021-03-12 13:00:00,151.889,151.65393,151.65393,152.35914,0.3692,-23.5,-78.98,-79.3,4,stop_loss,34.9576,0.15671,2.84732,6.80573,london,2021
GBPJPY,-1,2021-03-15 03:00:00,2021-03-15 13:00:00,151.998,151.945,152.27878,151.43644,0.306,5.3,14.76,14.44,10,time_exit,17.67133,0.18719,2.16887,5.30974,,2021
GBPJPY,1,2021-03-16 04:00:00,2021-03-16 05:00:00,151.661,151.41342,151.41342,152.15616,0.3477,-24.8,-78.34,-78.65,1,stop_loss,24.04519,0.16505,-0.29308,5.11109,,2021
GBPJPY,1,2021-03-16 19:00:00,2021-03-17 05:00:00,151.419,151.511,151.12638,152.00424,0.2912,9.2,24.38,24.06,10,time_exit,35.25329,0.19508,-0.41915,2.97476,new_york,2021
GBPJPY,1,2021-03-22 09:00:00,2021-03-22 16:00:00,150.749,150.40351,150.40351,151.43997,0.2474,-34.5,-77.78,-78.1,7,stop_loss,30.67388,0.23032,-2.09571,-0.06884,london,2021
GBPJPY,1,2021-03-23 00:00:00,2021-03-23 04:00:00,150.88,150.57432,150.57432,151.49135,0.2768,-30.6,-77.0,-77.31,4,stop_loss,18.76419,0.20378,-0.36792,-0.91739,,2021
GBPJPY,1,2021-03-23 10:00:00,2021-03-23 11:00:00,150.408,150.14514,150.14514,150.93372,0.3187,-26.3,-76.23,-76.55,1,stop_loss,19.93276,0.17524,-2.52201,-1.50453,london,2021
GBPJPY,-1,2021-03-24 21:00:00,2021-03-25 07:00:00,149.176,149.204,149.55786,148.41228,0.2172,-2.8,-5.53,-5.85,10,time_exit,31.764,0.25457,-1.76779,-3.73301,new_york,2021
GBPJPY,1,2021-03-26 18:00:00,2021-03-29 04:00:00,151.214,151.047,150.84746,151.94707,0.2261,-16.7,-34.36,-34.68,10,time_exit,53.95863,0.24436,4.52026,-0.95581,new_york,2021
GBPJPY,1,2021-03-29 14:00:00,2021-03-29 17:00:00,151.525,151.1524,151.1524,152.2702,0.2214,-37.3,-75.07,-75.39,3,stop_loss,33.86172,0.2484,3.34234,0.81394,london,2021
GBPJPY,1,2021-03-30 02:00:00,2021-03-30 11:00:00,151.152,151.79247,150.83177,151.79247,0.255,64.0,148.62,148.3,9,take_profit,19.18332,0.21349,1.13319,1.54007,,2021
GBPJPY,1,2021-03-30 16:00:00,2021-03-30 17:00:00,151.604,151.27448,151.27448,152.26304,0.2527,-33.0,-75.78,-76.09,1,stop_loss,26.05376,0.21968,1.91672,2.17128,new_york,2021
GBPJPY,1,2021-03-31 15:00:00,2021-04-01 01:00:00,152.488,152.668,152.16615,153.1317,0.2562,18.0,41.97,41.65,10,time_exit,40.68046,0.21457,3.9495,3.24661,london,2021
GBPJPY,1,2021-04-05 09:00:00,2021-04-05 19:00:00,152.946,153.054,152.72942,153.37916,0.3828,10.8,37.62,37.3,10,time_exit,18.93393,0.14439,0.72734,6.72826,london,2021
GBPJPY,-1,2021-04-06 13:00:00,2021-04-06 15:00:00,152.817,152.2924,153.0793,152.2924,0.3176,52.5,151.62,151.3,2,take_profit,16.79793,0.17487,-1.44121,5.02339,london,2021
GBPJPY,1,2021-04-07 07:00:00,2021-04-07 09:00:00,151.769,151.4855,151.4855,152.336,0.2998,-28.4,-77.34,-77.66,2,stop_loss,50.87031,0.189,-3.7253,1.70964,london,2021
GBPJPY,1,2021-04-07 10:00:00,2021-04-07 12:00:00,151.315,151.94461,151.00019,151.94461,0.2672,63.0,153.09,152.77,2,take_profit,51.70981,0.20987,-5.01196,1.13376,london,2021
GBPJPY,1,2021-04-08 09:00:00,2021-04-08 11:00:00,150.941,150.62719,150.62719,151.56862,0.2734,-31.4,-78.07,-78.39,2,stop_loss,49.38271,0.20921,-2.94241,-1.69927,london,2021
GBPJPY,-1,2021-04-08 19:00:00,2021-04-09 05:00:00,150.099,150.092,150.49411,149.30879,0.215,0.7,1.37,1.05,10,time_exit,55.79041,0.2634,-4.01615,-2.30907,new_york,2021
GBPJPY,1,2021-04-13 10:00:00,2021-04-13 11:00:00,150.773,150.51592,150.51592,151.28717,0.3305,-25.7,-77.32,-77.64,1,stop_loss,20.90395,0.17139,1.84155,-3.72161,london,2021
GBPJPY,1,2021-04-16 05:00:00,2021-04-16 09:00:00,149.755,149.51867,149.51867,150.22766,0.3559,-23.6,-76.54,-76.86,4,stop_loss,17.6906,0.15755,-1.42667,-3.66229,,2021
GBPJPY,1,2021-04-21 06:00:00,2021-04-21 11:00:00,150.354,150.95301,150.05449,150.95301,0.278,59.9,151.54,151.22,5,take_profit,34.30915,0.19967,-2.3597,0.83436,,2021
GBPJPY,-1,2021-04-22 01:00:00,2021-04-22 11:00:00,150.516,150.161,150.80465,149.9387,0.2942,35.5,95.04,94.72,10,time_exit,18.31491,0.19243,-0.79595,0.19295,,2021
GBPJPY,1,2021-04-23 15:00:00,2021-04-23 16:00:00,149.664,149.35558,149.35558,150.28084,0.2787,-30.8,-78.22,-78.54,1,stop_loss,23.7599,0.20561,-1.5111,-2.04207,london,2021
GBPJPY,-1,2021-04-28 02:00:00,2021-04-28 12:00:00,151.194,151.263,151.47431,150.63338,0.3036,-6.9,-19.06,-19.38,10,time_exit,34.95974,0.18687,3.91092,0.64273,,2021
GBPJPY,-1,2021-04-28 13:00:00,2021-04-28 21:00:00,151.263,151.51954,151.51954,150.74991,0.3309,-25.7,-77.25,-77.57,8,stop_loss,32.0385,0.17103,3.21217,1.66682,london,2021
GBPJPY,-1,2021-04-29 05:00:00,2021-04-29 09:00:00,151.532,151.78812,151.78812,151.01977,0.3281,-25.6,-76.47,-76.79,4,stop_loss,32.07435,0.17074,2.95287,2.69853,,2021
GBPJPY,-1,2021-04-29 16:00:00,2021-04-30 02:00:00,152.057,151.922,152.34747,151.47606,0.2864,13.5,35.18,34.87,10,time_exit,43.05945,0.19365,3.83898,3.18531,new_york,2021
GBPJPY,1,2021-04-30 21:00:00,2021-05-03 07:00:00,150.906,151.449,150.56376,151.59047,0.2442,54.3,120.67,120.35,10,time_exit,29.72256,0.22816,-2.51603,2.40583,new_york,2021
GBPJPY,-1,2021-05-03 15:00:00,2021-05-04 01:00:00,151.845,151.65,152.15062,151.23375,0.2778,19.5,49.3,48.98,10,time_exit,19.44944,0.20375,1.94215,2.19387,london,2021
GBPJPY,-1,2021-05-04 10:00:00,2021-05-04 14:00:00,151.87,151.43178,152.08911,151.43178,0.3899,43.8,155.48,155.16,4,take_profit,12.60103,0.14607,1.95369,3.14713,london,2021
GBPJPY,1,2021-05-04 20:00:00,2021-05-05 06:00:00,151.755,152.019,151.38743,152.49015,0.2371,26.4,56.96,56.64,10,time_exit,16.26137,0.24505,0.6975,1.70552,new_york,2021
GBPJPY,-1,2021-05-06 03:00:00,2021-05-06 13:00:00,151.908,151.626,152.14914,151.42573,0.3639,28.2,93.38,93.07,10,time_exit,9.40624,0.16076,0.46841,2.85903,,2021
GBPJPY,1,2021-05-07 07:00:00,2021-05-07 15:00:00,151.761,151.49119,151.49119,152.30062,0.3291,-27.0,-80.8,-81.12,8,stop_loss,33.71177,0.17987,0.13046,1.55955,london,2021
GBPJPY,-1,2021-05-07 18:00:00,2021-05-07 22:00:00,151.764,152.09565,152.09565,151.1007,0.265,-33.2,-79.98,-80.3,4,stop_loss,25.19207,0.2211,0.05402,1.16777,new_york,2021
GBPJPY,1,2021-05-07 23:00:00,2021-05-10 03:00:00,152.054,152.62841,151.76679,152.62841,0.3029,57.4,158.33,158.01,4,take_profit,18.72502,0.19147,1.35872,1.45428,,2021
GBPJPY,1,2021-05-14 15:00:00,2021-05-17 01:00:00,153.893,154.227,153.63464,154.40973,0.3435,33.4,104.4,104.08,10,time_exit,18.24264,0.17224,0.3847,4.63297,london,2021
GBPJPY,1,2021-05-17 01:00:00,2021-05-17 11:00:00,153.997,154.052,153.7398,154.5114,0.3495,5.5,17.49,17.17,10,time_exit,20.24816,0.17147,0.36098,4.63075,,2021
GBPJPY,1,2021-05-18 01:00:00,2021-05-18 11:00:00,154.361,154.699,154.11567,154.85166,0.3672,33.8,112.94,112.62,10,time_exit,16.10171,0.16355,1.78658,4.4046,,2021
GBPJPY,1,2021-05-19 09:00:00,2021-05-19 15:00:00,154.693,154.46829,154.46829,155.14242,0.4064,-22.5,-83.1,-83.42,6,stop_loss,15.06571,0.14981,1.56935,5.10233,london,2021
GBPJPY,-1,2021-05-20 11:00:00,2021-05-20 21:00:00,154.079,154.35191,154.35191,153.53317,0.3312,-27.3,-82.25,-82.57,10,stop_loss,27.17683,0.18194,-1.01406,2.50746,london,2021
GBPJPY,-1,2021-05-21 05:00:00,2021-05-21 13:00:00,154.321,154.54664,154.54664,153.86972,0.3966,-22.6,-81.43,-81.75,8,stop_loss,19.92644,0.15043,0.54631,2.45313,,2021
GBPJPY,1,2021-05-21 14:00:00,2021-05-21 17:00:00,154.497,154.24751,154.24751,154.99598,0.3551,-24.9,-80.62,-80.94,3,stop_loss,15.73459,0.16633,1.39557,2.1418,london,2021
GBPJPY,1,2021-05-21 18:00:00,2021-05-24 00:00:00,154.309,154.04733,154.04733,154.83234,0.3352,-26.2,-79.82,-80.14,6,stop_loss,13.1288,0.17445,0.18279,2.01318,new_york,2021
GBPJPY,1,2021-05-25 10:00:00,2021-05-25 15:00:00,154.303,154.10969,154.10969,154.68963,0.4491,-19.3,-79.0,-79.32,5,stop_loss,12.14114,0.12888,1.59995,1.02232,london,2021
GBPJPY,-1,2021-05-25 22:00:00,2021-05-26 06:00:00,153.812,154.04261,154.04261,153.35078,0.3727,-23.1,-78.21,-78.53,8,stop_loss,17.25172,0.15374,-1.72925,0.65322,,2021
GBPJPY,1,2021-05-26 19:00:00,2021-05-27 04:00:00,154.151,153.87817,153.87817,154.69665,0.3119,-27.3,-77.44,-77.75,9,stop_loss,13.57294,0.18188,0.55056,0.36816,new_york,2021
GBPJPY,1,2021-05-28 15:00:00,2021-05-31 01:00:00,155.847,155.858,155.5813,156.3784,0.317,1.1,3.17,2.85,10,time_exit,44.97915,0.17713,3.7598,4.4326,london,2021
GBPJPY,-1,2021-05-31 08:00:00,2021-05-31 18:00:00,155.667,155.597,155.88541,155.23018,0.3858,7.0,24.58,24.26,10,time_exit,22.60257,0.14561,1.29317,5.94313,london,2021
GBPJPY,1,2021-06-01 00:00:00,2021-06-01 10:00:00,155.642,155.71,155.43268,156.06064,0.4038,6.8,24.99,24.67,10,time_exit,26.96142,0.13955,1.1081,5.42708,,2021
GBPJPY,-1,2021-06-01 13:00:00,2021-06-01 20:00:00,155.438,154.92319,155.6954,154.92319,0.3295,51.5,154.36,154.04,7,take_profit,18.31206,0.1716,-0.8595,4.1977,london,2021
GBPJPY,1,2021-06-02 13:00:00,2021-06-02 23:00:00,155.259,155.26,155.02868,155.71964,0.3755,0.1,0.34,0.02,10,time_exit,25.36695,0.15355,-0.32388,2.51444,london,2021
GBPJPY,1,2021-06-03 00:00:00,2021-06-03 10:00:00,155.209,155.375,154.96745,155.6921,0.3581,16.6,54.09,53.78,10,time_exit,15.41894,0.16103,-0.28595,2.13535,,2021
GBPJPY,-1,2021-06-07 11:00:00,2021-06-07 14:00:00,154.67,154.91498,154.91498,154.18005,0.3555,-24.5,-79.25,-79.57,3,stop_loss,30.17634,0.16332,-3.2937,0.5801,london,2021
GBPJPY,1,2021-06-09 03:00:00,2021-06-09 11:00:00,154.889,155.28232,154.69234,155.28232,0.4384,39.3,156.91,156.59,8,take_profit,21.87712,0.13111,-0.48649,-0.64907,,2021
GBPJPY,1,2021-06-09 21:00:00,2021-06-10 07:00:00,154.709,154.584,154.4684,155.1902,0.3655,-12.5,-41.58,-41.89,10,time_exit,22.15978,0.1604,-1.42901,-0.52232,new_york,2021
GBPJPY,1,2021-06-10 11:00:00,2021-06-10 15:00:00,154.335,154.736,154.1345,154.736,0.4363,40.1,159.21,158.89,4,take_profit,27.24349,0.13367,-3.46458,-1.27861,london,2021
GBPJPY,-1,2021-06-11 00:00:00,2021-06-11 10:00:00,154.979,155.03,155.24115,154.4547,0.3403,-5.1,-15.79,-16.11,10,time_exit,29.13171,0.17477,0.8793,-0.73681,,2021
GBPJPY,1,2021-06-14 07:00:00,2021-06-14 09:00:00,154.899,154.70343,154.70343,155.29013,0.4553,-19.6,-81.03,-81.35,2,stop_loss,15.66249,0.13038,0.03244,-0.43604,london,2021
GBPJPY,1,2021-06-14 09:00:00,2021-06-14 10:00:00,154.874,154.69399,154.69399,155.23403,0.4897,-18.0,-80.22,-80.54,1,stop_loss,14.86166,0.12001,-0.16636,-0.46935,london,2021
GBPJPY,1,2021-06-14 12:00:00,2021-06-14 15:00:00,154.432,154.88342,154.20629,154.88342,0.3866,45.1,158.81,158.49,3,take_profit,19.96438,0.15047,-2.86373,-0.51631,london,2021
GBPJPY,1,2021-06-14 16:00:00,2021-06-14 21:00:00,154.851,155.3196,154.6167,155.3196,0.3799,46.9,162.0,161.68,5,take_profit,21.69312,0.1562,0.06257,-0.57427,new_york,2021
GBPJPY,-1,2021-06-15 00:00:00,2021-06-15 09:00:00,155.265,155.47478,155.47478,154.84544,0.4327,-21.0,-82.6,-82.92,9,stop_loss,20.72528,0.13985,2.29159,-0.00813,,2021
GBPJPY,1,2021-06-17 07:00:00,2021-06-17 10:00:00,154.918,154.67792,154.67792,155.39816,0.3743,-24.0,-81.77,-82.09,3,stop_loss,23.24535,0.16005,-0.44444,-0.02269,london,2021
GBPJPY,-1,2021-06-17 10:00:00,2021-06-17 13:00:00,154.846,154.37825,155.07988,154.37825,0.3804,46.8,161.92,161.6,3,take_profit,22.18003,0.15592,-0.85955,-0.06595,london,2021
GBPJPY,1,2021-06-17 22:00:00,2021-06-18 08:00:00,153.511,153.13717,153.13717,154.25866,0.2427,-37.4,-82.56,-82.88,10,stop_loss,49.71095,0.24922,-4.30017,-1.1794,,2021
GBPJPY,1,2021-06-18 10:00:00,2021-06-18 12:00:00,152.559,153.24385,152.21657,153.24385,0.2623,68.5,163.47,163.15,2,take_profit,54.82858,0.22828,-6.87467,-2.55057,london,2021
GBPJPY,-1,2021-06-21 12:00:00,2021-06-21 13:00:00,152.159,152.58975,152.58975,151.29749,0.2127,-43.1,-83.38,-83.69,1,stop_loss,46.07302,0.28717,-2.51417,-4.42953,london,2021
GBPJPY,1,2021-06-22 17:00:00,2021-06-23 03:00:00,153.754,154.49046,153.38577,154.49046,0.2463,73.6,165.06,164.75,10,take_profit,21.80413,0.24549,1.95396,-2.82802,new_york,2021
GBPJPY,-1,2021-06-23 18:00:00,2021-06-24 03:00:00,154.751,155.11035,155.11035,154.0323,0.2575,-35.9,-84.2,-84.52,9,stop_loss,32.911,0.23957,2.66223,0.06792,new_york,2021
GBPJPY,1,2021-06-25 01:00:00,2021-06-25 11:00:00,154.289,153.97427,153.97427,154.91846,0.291,-31.5,-83.34,-83.66,10,stop_loss,29.01702,0.20982,-0.78245,0.96822,,2021
GBPJPY,1,2021-06-25 11:00:00,2021-06-25 15:00:00,154.061,153.79965,153.79965,154.5837,0.3469,-26.1,-82.5,-82.82,4,stop_loss,28.89458,0.17423,-2.01199,0.90624,london,2021
GBPJPY,1,2021-06-25 18:00:00,2021-06-25 21:00:00,154.112,153.81155,153.81155,154.71291,0.2987,-30.0,-81.67,-81.99,3,stop_loss,39.07936,0.2003,-0.93699,0.32718,new_york,2021
GBPJPY,-1,2021-06-28 04:00:00,2021-06-28 09:00:00,153.772,154.05581,154.05581,153.20438,0.3131,-28.4,-80.86,-81.18,5,stop_loss,37.8615,0.18921,-2.0383,-0.21892,,2021
GBPJPY,1,2021-06-28 10:00:00,2021-06-28 11:00:00,154.12,153.84003,153.84003,154.67995,0.3142,-28.0,-80.05,-80.37,1,stop_loss,36.28215,0.18665,0.24899,-0.53466,london,2021
GBPJPY,-1,2021-06-30 02:00:00,2021-06-30 12:00:00,152.995,153.152,153.24891,152.48718,0.343,-15.7,-49.0,-49.32,10,time_exit,39.81047,0.16927,-2.42327,-2.91703,,2021
GBPJPY,1,2021-07-06 02:00:00,2021-07-06 11:00:00,153.698,153.49682,153.49682,154.10035,0.4302,-20.1,-78.76,-79.07,9,stop_loss,7.64617,0.13412,0.97099,-0.68468,,2021
GBPJPY,1,2021-07-06 11:00:00,2021-07-06 12:00:00,153.651,153.41799,153.41799,154.11702,0.3677,-23.3,-77.97,-78.28,1,stop_loss,10.88189,0.15534,0.05066,-0.19956,london,2021
GBPJPY,-1,2021-07-06 18:00:00,2021-07-07 04:00:00,152.681,152.445,153.00716,152.02869,0.26,23.6,55.84,55.52,10,time_exit,18.12942,0.21744,-3.99208,-0.4563,new_york,2021
GBPJPY,-1,2021-07-07 05:00:00,2021-07-07 08:00:00,152.445,152.74513,152.74513,151.84474,0.2846,-30.0,-77.73,-78.05,3,stop_loss,37.44918,0.20009,-3.78414,-1.66904,,2021
GBPJPY,1,2021-07-07 15:00:00,2021-07-07 17:00:00,153.077,152.71265,152.71265,153.80569,0.2321,-36.4,-76.95,-77.27,2,stop_loss,28.26405,0.2429,0.04754,-1.63859,london,2021
GBPJPY,1,2021-07-07 19:00:00,2021-07-08 05:00:00,152.564,152.39,152.15987,153.37227,0.2071,-17.4,-32.79,-33.11,10,time_exit,26.55799,0.26942,-1.63813,-1.57576,new_york,2021
GBPJPY,1,2021-07-08 11:00:00,2021-07-08 15:00:00,151.273,150.89143,150.89143,152.03613,0.2184,-38.2,-75.83,-76.15,4,stop_loss,36.00176,0.25438,-5.56592,-2.31166,london,2021
GBPJPY,1,2021-07-09 14:00:00,2021-07-09 17:00:00,151.924,152.64155,151.56522,152.64155,0.23,71.8,150.18,149.87,3,take_profit,31.99452,0.23918,0.29241,-4.07314,london,2021
GBPJPY,-1,2021-07-09 23:00:00,2021-07-12 09:00:00,152.959,153.039,153.33744,152.20212,0.2224,-8.0,-16.19,-16.51,10,time_exit,38.08807,0.25229,3.46652,-2.86248,,2021
GBPJPY,-1,2021-07-12 23:00:00,2021-07-13 09:00:00,153.189,153.158,153.50776,152.55147,0.2634,3.1,7.43,7.11,10,time_exit,26.25651,0.21251,2.58116,-0.96274,,2021
GBPJPY,1,2021-07-13 19:00:00,2021-07-14 05:00:00,152.807,152.744,152.50837,153.40427,0.2815,-6.3,-16.14,-16.46,10,time_exit,27.83626,0.19909,-0.13406,-0.21243,new_york,2021
GBPJPY,-1,2021-07-15 06:00:00,2021-07-15 08:00:00,151.881,152.15532,152.15532,151.33237,0.3058,-27.4,-76.34,-76.65,2,stop_loss,29.66593,0.18288,-4.09436,-0.9682,,2021
GBPJPY,-1,2021-07-15 08:00:00,2021-07-15 09:00:00,152.042,152.30535,152.30535,151.5153,0.3153,-26.3,-75.56,-75.88,1,stop_loss,33.00801,0.17557,-3.06399,-1.19075,london,2021
GBPJPY,-1,2021-07-15 14:00:00,2021-07-15 20:00:00,152.545,151.70436,152.96532,151.70436,0.1956,84.1,149.63,149.31,6,take_profit,32.4206,0.28021,0.24478,-0.97574,london,2021
GBPJPY,1,2021-07-20 00:00:00,2021-07-20 10:00:00,149.584,149.503,149.12849,150.49502,0.1841,-8.1,-13.57,-13.89,10,time_exit,48.54914,0.30367,-4.36976,-3.57752,,2021
GBPJPY,-1,2021-07-21 16:00:00,2021-07-21 17:00:00,150.245,150.68925,150.68925,149.35649,0.1884,-44.4,-76.16,-76.48,1,stop_loss,17.7086,0.29617,0.91273,-4.45377,new_york,2021
GBPJPY,-1,2021-07-22 20:00:00,2021-07-23 06:00:00,151.601,151.744,152.01745,150.76811,0.1989,-14.3,-25.88,-26.2,10,time_exit,28.02021,0.27763,2.57079,-1.45443,new_york,2021
GBPJPY,1,2021-07-23 18:00:00,2021-07-26 04:00:00,152.032,151.71712,151.71712,152.66176,0.2622,-31.5,-75.13,-75.45,10,stop_loss,17.08429,0.20992,3.03181,0.07255,new_york,2021
GBPJPY,1,2021-07-26 09:00:00,2021-07-26 10:00:00,151.795,151.53756,151.53756,152.30987,0.3175,-25.7,-74.38,-74.7,1,stop_loss,18.7517,0.17162,0.99207,0.99551,london,2021
GBPJPY,-1,2021-07-27 12:00:00,2021-07-27 14:00:00,151.672,151.99887,151.99887,151.01827,0.2475,-32.7,-73.62,-73.94,2,stop_loss,20.27858,0.21791,-1.73247,1.86079,london,2021
GBPJPY,-1,2021-07-28 03:00:00,2021-07-28 11:00:00,152.431,152.72976,152.72976,151.83349,0.2681,-29.9,-72.89,-73.21,8,stop_loss,17.74019,0.19917,1.52767,2.03002,,2021
GBPJPY,1,2021-07-29 20:00:00,2021-07-30 06:00:00,152.946,152.697,152.6414,153.5552,0.2603,-24.9,-58.98,-59.3,10,time_exit,20.91079,0.20307,0.84762,3.31926,new_york,2021
GBPJPY,1,2021-08-02 17:00:00,2021-08-02 18:00:00,152.265,151.97064,151.97064,152.85372,0.2672,-29.4,-71.57,-71.89,1,stop_loss,21.09557,0.19624,-1.75603,1.54552,new_york,2021
GBPJPY,-1,2021-08-04 07:00:00,2021-08-04 10:00:00,151.854,152.11265,152.11265,151.33671,0.301,-25.9,-70.85,-71.16,3,stop_loss,19.01433,0.17243,-0.51619,-1.07354,london,2021
GBPJPY,-1,2021-08-06 16:00:00,2021-08-09 02:00:00,153.081,152.896,153.33071,152.58157,0.3086,18.5,51.95,51.63,10,time_exit,18.26393,0.16648,2.91404,1.77507,new_york,2021
GBPJPY,1,2021-08-09 09:00:00,2021-08-09 16:00:00,152.808,152.61438,152.61438,153.19524,0.401,-19.4,-70.65,-70.97,7,stop_loss,16.72244,0.12908,0.46776,2.68566,london,2021
GBPJPY,-1,2021-08-09 18:00:00,2021-08-10 04:00:00,152.718,152.694,152.9949,152.16421,0.2776,2.4,6.06,5.74,10,time_exit,14.02072,0.1846,-0.22944,1.80302,new_york,2021
GBPJPY,1,2021-08-12 02:00:00,2021-08-12 12:00:00,153.135,153.094,152.95036,153.50429,0.4166,-4.1,-15.54,-15.86,10,time_exit,20.6899,0.1231,0.91298,2.81652,,2021
GBPJPY,-1,2021-08-13 14:00:00,2021-08-13 15:00:00,152.173,152.36541,152.36541,151.78818,0.3989,-19.2,-69.84,-70.16,1,stop_loss,50.53175,0.12827,-3.97169,0.07841,london,2021
GBPJPY,-1,2021-08-16 07:00:00,2021-08-16 14:00:00,151.524,151.76395,151.76395,151.0441,0.3166,-24.0,-69.13,-69.45,7,stop_loss,50.71771,0.15997,-5.034,-1.49183,london,2021
GBPJPY,1,2021-08-17 18:00:00,2021-08-18 04:00:00,150.561,150.578,150.23265,151.2177,0.2291,1.7,3.54,3.23,10,time_exit,48.65415,0.2189,-3.68235,-3.5535,new_york,2021
GBPJPY,1,2021-08-18 13:00:00,2021-08-18 20:00:00,150.759,151.30335,150.48683,151.30335,0.2765,54.4,136.97,136.65,7,take_profit,31.39074,0.18145,-1.12594,-5.02558,london,2021
GBPJPY,-1,2021-08-19 02:00:00,2021-08-19 10:00:00,151.044,150.51169,151.31016,150.51169,0.2884,53.2,139.7,139.38,8,take_profit,26.3173,0.17744,0.1217,-4.2907,,2021
GBPJPY,1,2021-08-20 23:00:00,2021-08-23 09:00:00,149.574,150.18114,149.27043,150.18114,0.2579,60.7,142.49,142.17,10,take_profit,31.5875,0.20238,-1.73827,-5.72306,,2021
GBPJPY,-1,2021-08-25 17:00:00,2021-08-25 18:00:00,150.793,151.04186,151.04186,150.29528,0.3208,-24.9,-72.65,-72.97,1,stop_loss,13.63884,0.16591,1.66357,-1.64628,new_york,2021
GBPJPY,1,2021-08-26 01:00:00,2021-08-26 11:00:00,151.305,151.332,151.04562,151.82375,0.3047,2.7,7.49,7.17,10,time_exit,30.45605,0.17292,3.37059,-0.60595,,2021
GBPJPY,1,2021-08-26 15:00:00,2021-08-26 17:00:00,151.229,150.96666,150.96666,151.75368,0.3016,-26.2,-72.0,-72.32,2,stop_loss,26.09345,0.17489,1.41142,0.5069,london,2021
GBPJPY,-1,2021-08-27 02:00:00,2021-08-27 11:00:00,150.796,151.05141,151.05141,150.28517,0.3067,-25.5,-71.29,-71.6,9,stop_loss,25.73586,0.17028,-0.82533,0.2708,,2021
GBPJPY,1,2021-08-30 01:00:00,2021-08-30 11:00:00,151.059,151.175,150.80726,151.56248,0.308,11.6,32.51,32.19,10,time_exit,29.9606,0.16783,0.36163,0.44322,,2021
GBPJPY,-1,2021-08-31 21:00:00,2021-09-01 07:00:00,151.299,151.406,151.56301,150.77098,0.295,-10.7,-28.72,-29.04,10,time_exit,14.45158,0.17601,0.49596,1.0718,new_york,2021
GBPJPY,1,2021-09-01 17:00:00,2021-09-02 00:00:00,151.607,151.36343,151.36343,152.09415,0.3185,-24.4,-70.6,-70.91,7,stop_loss,25.6202,0.16238,1.25463,1.73901,new_york,2021
GBPJPY,-1,2021-09-02 08:00:00,2021-09-02 10:00:00,151.517,151.72071,151.72071,151.10958,0.377,-20.4,-69.89,-70.21,2,stop_loss,16.89904,0.13581,0.42587,2.10317,london,2021
GBPJPY,-1,2021-09-02 12:00:00,2021-09-02 16:00:00,151.651,151.86064,151.86064,151.23172,0.3626,-21.0,-69.17,-69.49,4,stop_loss,16.06791,0.13976,1.17016,2.10217,london,2021
GBPJPY,1,2021-09-02 16:00:00,2021-09-02 17:00:00,151.684,152.09597,151.47802,152.09597,0.3654,41.2,136.99,136.67,1,take_profit,17.7228,0.13732,1.18742,2.21858,new_york,2021
GBPJPY,-1,2021-09-08 12:00:00,2021-09-08 14:00:00,151.616,151.82551,151.82551,151.19698,0.3664,-21.0,-69.86,-70.17,2,stop_loss,14.87784,0.13967,-2.35267,1.84555,london,2021
GBPJPY,-1,2021-09-08 14:00:00,2021-09-08 19:00:00,151.738,151.95084,151.95084,151.31233,0.357,-21.3,-69.14,-69.46,5,stop_loss,19.71193,0.14189,-1.31569,1.6766,london,2021
GBPJPY,1,2021-09-10 10:00:00,2021-09-10 17:00:00,152.362,152.1372,152.1372,152.81159,0.3346,-22.5,-68.45,-68.77,7,stop_loss,18.62967,0.14986,2.9819,1.08611,london,2021
GBPJPY,-1,2021-09-10 22:00:00,2021-09-13 08:00:00,152.161,152.091,152.40102,151.68096,0.3103,7.0,19.77,19.45,10,time_exit,18.62511,0.16001,0.44994,1.64762,,2021
GBPJPY,1,2021-09-13 08:00:00,2021-09-13 18:00:00,152.042,152.214,151.80902,152.50796,0.3206,17.2,50.18,49.86,10,time_exit,20.15831,0.15532,-0.23612,1.50039,london,2021
GBPJPY,-1,2021-09-14 16:00:00,2021-09-14 17:00:00,152.759,152.24515,153.01593,152.24515,0.2928,51.4,136.91,136.6,1,take_profit,13.90001,0.17128,2.73743,1.82857,new_york,2021
GBPJPY,-1,2021-09-15 09:00:00,2021-09-15 15:00:00,151.35,150.83007,151.60996,150.83007,0.2952,52.0,139.67,139.35,6,take_profit,39.05506,0.17331,-3.19688,-0.05087,london,2021
GBPJPY,1,2021-09-17 07:00:00,2021-09-17 17:00:00,151.544,151.31223,151.31223,152.00755,0.3377,-23.2,-71.23,-71.54,10,stop_loss,11.83441,0.15452,0.97493,-1.82188,london,2021
GBPJPY,1,2021-09-17 22:00:00,2021-09-20 05:00:00,151.005,150.70587,150.70587,151.60325,0.259,-29.9,-70.5,-70.82,7,stop_loss,18.18296,0.19942,-2.09361,-1.14756,,2021
GBPJPY,1,2021-09-20 21:00:00,2021-09-21 07:00:00,149.399,149.833,148.98977,150.21746,0.1874,43.4,74.01,73.69,10,time_exit,46.08695,0.27282,-4.57766,-2.61642,new_york,2021
GBPJPY,1,2021-09-21 07:00:00,2021-09-21 15:00:00,149.856,149.49673,149.49673,150.57455,0.2157,-35.9,-70.52,-70.84,8,stop_loss,38.76756,0.23952,-1.79747,-3.76072,london,2021
GBPJPY,1,2021-09-23 07:00:00,2021-09-23 12:00:00,149.799,150.36826,149.51437,150.36826,0.2696,56.9,139.66,139.34,5,take_profit,24.98724,0.18975,0.93576,-4.84553,london,2021
GBPJPY,-1,2021-09-23 16:00:00,2021-09-23 19:00:00,151.071,151.47788,151.47788,150.25723,0.1923,-40.7,-71.2,-71.52,3,stop_loss,39.28327,0.27126,4.55765,-2.52053,new_york,2021
GBPJPY,1,2021-09-27 23:00:00,2021-09-28 09:00:00,152.117,152.435,151.83351,152.68399,0.2733,31.8,79.09,78.77,10,time_exit,33.97436,0.189,3.45736,2.66973,,2021
GBPJPY,1,2021-10-01 20:00:00,2021-10-04 06:00:00,150.527,150.319,150.02408,151.53283,0.1558,-20.8,-29.49,-29.81,10,time_exit,22.91392,0.33528,0.73478,-1.27532,new_york,2021
GBPJPY,-1,2021-10-04 17:00:00,2021-10-05 03:00:00,151.393,150.811,151.82705,150.52489,0.1797,58.2,95.17,94.85,10,time_exit,18.96094,0.28937,3.01096,-0.60048,new_york,2021
GBPJPY,1,2021-10-08 14:00:00,2021-10-08 18:00:00,152.357,152.88364,152.09368,152.88364,0.3002,52.7,143.87,143.55,4,take_profit,31.81818,0.17555,3.06187,3.12718,london,2021
GBPJPY,-1,2021-10-08 19:00:00,2021-10-11 04:00:00,152.861,153.18454,153.18454,152.21392,0.2492,-32.4,-73.37,-73.69,9,stop_loss,30.96021,0.21569,4.24245,2.85526,new_york,2021
GBPJPY,-1,2021-10-11 16:00:00,2021-10-12 02:00:00,154.167,154.107,154.5429,153.41521,0.2124,6.0,11.6,11.28,10,time_exit,47.02164,0.2506,5.25646,4.45494,new_york,2021
GBPJPY,-1,2021-10-12 06:00:00,2021-10-12 12:00:00,154.035,154.35484,154.35484,153.39532,0.25,-32.0,-72.76,-73.08,6,stop_loss,35.19498,0.21323,2.94463,6.36745,,2021
GBPJPY,1,2021-10-13 14:00:00,2021-10-14 00:00:00,154.679,154.68,154.33989,155.35721,0.2334,0.1,0.21,-0.11,10,time_exit,13.63154,0.22607,2.34951,6.4468,london,2021
GBPJPY,-1,2021-10-14 02:00:00,2021-10-14 04:00:00,154.75,155.04976,155.04976,154.15048,0.264,-30.0,-72.01,-72.33,2,stop_loss,9.26853,0.19984,1.98475,7.19719,,2021
GBPJPY,1,2021-10-15 23:00:00,2021-10-18 05:00:00,156.958,156.62857,156.62857,157.61685,0.2378,-32.9,-71.29,-71.61,6,stop_loss,53.83323,0.21962,4.34577,8.8783,,2021
GBPJPY,-1,2021-10-18 10:00:00,2021-10-18 20:00:00,157.038,156.888,157.39196,156.33007,0.2191,15.0,29.91,29.59,10,time_exit,33.73688,0.23598,2.83735,8.49893,london,2021
GBPJPY,-1,2021-10-19 00:00:00,2021-10-19 07:00:00,156.882,157.1818,157.1818,156.2824,0.2598,-30.0,-70.88,-71.2,7,stop_loss,15.76519,0.19987,1.68188,9.53925,,2021
GBPJPY,1,2021-10-21 16:00:00,2021-10-21 19:00:00,157.344,156.90815,156.90815,158.21569,0.1769,-43.6,-70.16,-70.48,3,stop_loss,25.56309,0.29056,-0.93233,5.21679,new_york,2021
GBPJPY,1,2021-10-21 19:00:00,2021-10-22 05:00:00,157.086,157.303,156.62584,158.00633,0.1659,21.7,32.76,32.44,10,time_exit,27.03081,0.30678,-1.60037,4.68435,new_york,2021
GBPJPY,-1,2021-10-22 20:00:00,2021-10-25 03:00:00,156.067,156.54515,156.54515,155.11069,0.1604,-47.8,-69.79,-70.11,7,stop_loss,29.59565,0.31877,-3.48824,2.67274,new_york,2021
GBPJPY,-1,2021-10-25 13:00:00,2021-10-25 18:00:00,156.246,156.64954,156.64954,155.43891,0.1881,-40.4,-69.08,-69.39,5,stop_loss,22.16356,0.26903,-2.0683,1.72326,london,2021
GBPJPY,-1,2021-10-26 09:00:00,2021-10-26 10:00:00,156.801,157.07386,157.07386,156.25529,0.2754,-27.3,-68.38,-68.7,1,stop_loss,15.89877,0.1819,0.58998,1.72996,london,2021
GBPJPY,1,2021-10-26 13:00:00,2021-10-26 23:00:00,157.259,157.117,156.96477,157.84746,0.2529,-14.2,-32.68,-33.0,10,time_exit,22.88897,0.19615,2.53118,1.76621,london,2021
GBPJPY,-1,2021-10-27 10:00:00,2021-10-27 11:00:00,157.055,156.49616,157.33442,156.49616,0.265,55.9,134.76,134.45,1,take_profit,21.66087,0.18628,0.35664,2.2923,london,2021
GBPJPY,-1,2021-10-27 12:00:00,2021-10-27 17:00:00,156.032,156.40924,156.40924,155.27753,0.2002,-37.7,-68.73,-69.04,5,stop_loss,24.54695,0.25149,-3.552,1.48322,london,2021
GBPJPY,-1,2021-10-28 00:00:00,2021-10-28 10:00:00,156.37,156.306,156.76823,155.57353,0.1877,6.4,10.93,10.61,10,time_exit,22.95513,0.26549,-1.13571,0.55342,,2021
GBPJPY,-1,2021-10-28 13:00:00,2021-10-28 23:00:00,156.356,156.69463,156.69463,155.67873,0.2211,-33.9,-68.13,-68.45,10,stop_loss,19.25402,0.22576,-0.58305,0.0332,london,2021
GBPJPY,1,2021-10-28 23:00:00,2021-10-29 09:00:00,156.595,156.57,156.24112,157.30277,0.2094,-2.5,-4.76,-5.08,10,time_exit,13.19593,0.23592,0.52143,-0.01859,,2021
GBPJPY,1,2021-10-29 14:00:00,2021-10-29 17:00:00,156.791,156.45262,156.45262,157.46775,0.2189,-33.8,-67.4,-67.72,3,stop_loss,13.24526,0.22558,0.9955,0.28939,london,2021
GBPJPY,-1,2021-11-01 09:00:00,2021-11-01 19:00:00,156.346,155.968,156.69143,155.65515,0.2123,37.8,73.03,72.71,10,time_exit,16.43288,0.23028,-0.16507,-0.32353,london,2021
GBPJPY,-1,2021-11-01 23:00:00,2021-11-02 09:00:00,155.778,155.181,156.15032,155.03335,0.1991,59.7,108.17,107.85,10,time_exit,13.02785,0.24822,-1.84184,-0.68562,,2021
GBPJPY,1,2021-11-02 14:00:00,2021-11-03 00:00:00,154.883,155.134,154.50538,155.63824,0.1994,25.1,45.54,45.23,10,time_exit,34.64133,0.25175,-3.76365,-1.71726,london,2021
GBPJPY,-1,2021-11-04 22:00:00,2021-11-05 08:00:00,153.462,153.333,153.92938,152.52725,0.1622,12.9,19.04,18.72,10,time_exit,42.39143,0.31158,-5.41789,-2.13819,,2021
GBPJPY,1,2021-11-09 06:00:00,2021-11-09 16:00:00,152.981,152.878,152.64513,153.65275,0.2263,-10.3,-21.21,-21.53,10,time_exit,15.80221,0.22392,-2.26917,-5.50786,,2021
GBPJPY,1,2021-11-10 20:00:00,2021-11-10 21:00:00,153.331,152.94014,152.94014,154.11271,0.1939,-39.1,-68.97,-69.28,1,stop_loss,19.53972,0.26057,0.3766,-3.79491,new_york,2021
GBPJPY,-1,2021-11-11 02:00:00,2021-11-11 12:00:00,152.764,152.585,153.13428,152.02344,0.2026,17.9,33.0,32.68,10,time_exit,19.83205,0.24685,-1.4718,-4.08694,,2021
GBPJPY,1,2021-11-11 12:00:00,2021-11-11 20:00:00,152.784,152.43958,152.43958,153.47285,0.2188,-34.4,-68.58,-68.9,8,stop_loss,15.72555,0.22962,-1.07956,-4.27223,london,2021
GBPJPY,1,2021-11-12 08:00:00,2021-11-12 18:00:00,152.681,152.731,152.43951,153.16397,0.309,5.0,14.06,13.74,10,time_exit,13.8744,0.16099,-0.648,-6.00393,london,2021
GBPJPY,1,2021-11-15 04:00:00,2021-11-15 11:00:00,152.891,152.6311,152.6311,153.4108,0.2876,-26.0,-68.02,-68.34,7,stop_loss,16.67037,0.17327,0.54354,-4.52975,,2021
GBPJPY,1,2021-11-16 05:00:00,2021-11-16 10:00:00,153.354,153.86183,153.10008,153.86183,0.2915,50.8,134.71,134.39,5,take_profit,22.88645,0.16928,2.24993,-2.89518,,2021
GBPJPY,-1,2021-11-17 18:00:00,2021-11-18 04:00:00,154.207,153.905,154.57068,153.47964,0.2076,30.2,57.05,56.73,10,time_exit,31.60694,0.24245,1.43418,0.89584,new_york,2021
GBPJPY,-1,2021-11-18 12:00:00,2021-11-18 22:00:00,154.062,154.195,154.3795,153.42699,0.2397,-13.3,-29.01,-29.33,10,time_exit,17.10272,0.21167,0.64836,1.08249,london,2021
GBPJPY,-1,2021-11-19 07:00:00,2021-11-19 09:00:00,154.18,154.41002,154.41002,153.71997,0.3295,-23.0,-68.97,-69.29,2,stop_loss,8.32014,0.15334,0.82744,1.81544,london,2021
GBPJPY,1,2021-11-19 10:00:00,2021-11-19 11:00:00,154.286,154.06435,154.06435,154.72931,0.3385,-22.2,-68.28,-68.6,1,stop_loss,8.69965,0.14777,1.41472,1.94751,london,2021
GBPJPY,1,2021-11-19 11:00:00,2021-11-19 12:00:00,153.942,153.68593,153.68593,154.45414,0.29,-25.6,-67.58,-67.9,1,stop_loss,9.19269,0.17071,-0.74823,1.64619,london,2021
GBPJPY,1,2021-11-22 08:00:00,2021-11-22 18:00:00,153.456,153.826,153.11489,154.13822,0.2156,37.0,72.59,72.27,10,time_exit,24.81298,0.22741,-0.67601,-0.3349,london,2021
GBPJPY,1,2021-11-23 08:00:00,2021-11-23 09:00:00,154.11,153.84063,153.84063,154.64874,0.2759,-26.9,-67.63,-67.95,1,stop_loss,34.12125,0.17958,2.15402,0.14393,london,2021
GBPJPY,1,2021-11-24 21:00:00,2021-11-25 07:00:00,153.861,153.97,153.54083,154.50134,0.2298,10.9,22.79,22.48,10,time_exit,16.81776,0.21345,0.37252,0.25304,new_york,2021
GBPJPY,1,2021-11-25 08:00:00,2021-11-25 12:00:00,153.971,153.7457,153.7457,154.4216,0.3277,-22.5,-67.19,-67.51,4,stop_loss,13.57287,0.1502,0.99596,0.50982,london,2021
GBPJPY,1,2021-11-26 22:00:00,2021-11-29 08:00:00,150.927,151.093,150.3419,152.09719,0.1249,16.6,18.87,18.55,10,time_exit,57.64457,0.39006,-4.41425,-1.91484,,2021
GBPJPY,-1,2021-11-29 13:00:00,2021-11-29 23:00:00,151.487,151.175,152.09102,150.27895,0.1213,31.2,34.44,34.12,10,time_exit,37.36929,0.40268,-1.40843,-2.61648,london,2021
GBPJPY,1,2021-11-30 10:00:00,2021-11-30 15:00:00,150.854,150.39939,150.39939,151.76322,0.162,-45.5,-67.02,-67.34,5,stop_loss,25.56783,0.30307,-2.44442,-3.85745,london,2021
GBPJPY,1,2021-11-30 15:00:00,2021-11-30 17:00:00,150.645,150.1578,150.1578,151.61941,0.1497,-48.7,-66.37,-66.69,2,stop_loss,29.91881,0.3248,-2.42932,-3.77003,london,2021
GBPJPY,1,2021-11-30 18:00:00,2021-12-01 04:00:00,150.239,150.945,149.69808,151.32084,0.1334,70.6,85.7,85.39,10,time_exit,31.44846,0.36061,-3.00113,-3.5348,new_york,2021
GBPJPY,-1,2021-12-01 15:00:00,2021-12-01 18:00:00,151.013,150.08292,151.47804,150.08292,0.1572,93.0,133.05,132.73,3,take_profit,24.12754,0.31003,-0.06541,-3.90712,london,2021
GBPJPY,-1,2021-12-02 07:00:00,2021-12-02 19:00:00,150.24,150.68634,150.68634,149.34731,0.1671,-44.6,-67.87,-68.19,7,stop_loss,22.24991,0.29756,-1.19867,-4.48092,london,2021
GBPJPY,1,2021-12-03 01:00:00,2021-12-03 03:00:00,150.53,150.16529,150.16529,151.25942,0.2024,-36.5,-67.17,-67.49,2,stop_loss,12.91728,0.24314,-0.06972,-4.95615,,2021
GBPJPY,-1,2021-12-03 09:00:00,2021-12-03 17:00:00,150.526,149.89173,150.84313,149.89173,0.2305,63.4,133.04,132.72,8,take_profit,11.35048,0.21142,0.10772,-5.39809,london,2021
GBPJPY,-1,2021-12-06 10:00:00,2021-12-06 11:00:00,149.719,150.08048,150.08048,148.99603,0.2062,-36.1,-67.83,-68.15,1,stop_loss,17.77936,0.24099,-1.16057,-5.12233,london,2021
GBPJPY,1,2021-12-07 13:00:00,2021-12-07 16:00:00,150.565,150.22081,150.22081,151.25338,0.2144,-34.4,-67.15,-67.47,3,stop_loss,26.90701,0.22946,0.82417,-2.98142,london,2021
GBPJPY,1,2021-12-08 01:00:00,2021-12-08 09:00:00,150.382,150.02422,150.02422,151.09756,0.2042,-35.8,-66.48,-66.8,8,stop_loss,22.04925,0.23852,-0.02872,-2.52821,,2021
GBPJPY,-1,2021-12-09 14:00:00,2021-12-09 19:00:00,149.659,150.01387,150.01387,148.94926,0.2038,-35.5,-65.81,-66.13,5,stop_loss,43.99972,0.23658,-2.27037,-2.29841,london,2021
GBPJPY,-1,2021-12-13 05:00:00,2021-12-13 15:00:00,150.445,150.638,150.75496,149.82508,0.231,-19.3,-40.57,-40.89,10,time_exit,10.96267,0.20664,1.21625,-1.69209,,2021
GBPJPY,-1,2021-12-13 18:00:00,2021-12-14 04:00:00,150.262,150.007,150.5873,149.6114,0.2187,25.5,50.75,50.43,10,time_exit,10.40585,0.21687,-0.17765,-1.07102,new_york,2021
GBPJPY,1,2021-12-16 04:00:00,2021-12-16 14:00:00,151.219,151.92485,150.86608,151.92485,0.2032,70.6,130.52,130.2,10,take_profit,21.48031,0.23528,2.39922,0.52874,,2021
GBPJPY,1,2021-12-20 01:00:00,2021-12-20 04:00:00,150.472,150.10807,150.10807,151.19986,0.201,-36.4,-66.57,-66.89,3,stop_loss,22.98575,0.24262,-2.28845,0.88896,,2021
GBPJPY,1,2021-12-21 00:00:00,2021-12-21 10:00:00,149.934,150.418,149.59136,150.61928,0.2113,48.4,93.06,92.75,10,time_exit,26.90959,0.22843,-1.42782,-0.86058,,2021
GBPJPY,1,2021-12-22 15:00:00,2021-12-23 01:00:00,151.985,152.365,151.67222,152.61056,0.2347,38.0,81.16,80.84,10,time_exit,29.2674,0.20852,4.46066,1.43335,london,2021
GBPJPY,1,2021-12-23 02:00:00,2021-12-23 10:00:00,152.364,152.93402,152.07899,152.93402,0.2607,57.0,135.23,134.91,8,take_profit,38.31475,0.19001,4.37876,3.18603,,2021
GBPJPY,-1,2021-12-27 10:00:00,2021-12-27 14:00:00,153.501,153.75053,153.75053,153.00194,0.3037,-25.0,-68.96,-69.28,4,stop_loss,19.6632,0.16635,2.56705,7.27732,london,2021
GBPJPY,1,2021-12-28 06:00:00,2021-12-28 16:00:00,154.315,154.382,154.08205,154.7809,0.3221,6.7,19.64,19.32,10,time_exit,44.9209,0.1553,3.97652,9.11773,,2021
GBPJPY,1,2021-12-29 18:00:00,2021-12-30 04:00:00,155.008,155.264,154.71093,155.60214,0.2533,25.6,59.01,58.69,10,time_exit,19.80463,0.19805,4.04209,6.58057,new_york,2021
GBPJPY,-1,2021-12-30 07:00:00,2021-12-30 14:00:00,155.138,155.36077,155.36077,154.69246,0.3406,-22.3,-69.05,-69.37,7,stop_loss,37.75466,0.14851,3.76035,9.46971,london,2021
GBPJPY,-1,2021-12-30 19:00:00,2021-12-31 05:00:00,155.479,155.335,155.7597,154.91759,0.2676,14.4,35.07,34.75,10,time_exit,32.99912,0.18714,3.37978,7.67422,new_york,2021
GBPJPY,-1,2022-01-04 11:00:00,2022-01-04 13:00:00,156.288,156.60615,156.60615,155.65171,0.2373,-31.8,-68.7,-69.02,2,stop_loss,21.28978,0.2121,3.49294,5.50606,london,2022
GBPJPY,1,2022-01-04 21:00:00,2022-01-05 07:00:00,157.077,156.921,156.70966,157.81168,0.2035,-15.6,-28.89,-29.21,10,time_exit,42.9165,0.24489,4.29361,5.72174,new_york,2022
GBPJPY,-1,2022-01-05 15:00:00,2022-01-05 18:00:00,156.802,157.12149,157.12149,156.16303,0.233,-31.9,-67.74,-68.06,3,stop_loss,25.19293,0.21299,1.40764,6.9891,london,2022
GBPJPY,1,2022-01-10 02:00:00,2022-01-10 12:00:00,157.144,157.041,156.87127,157.68947,0.2701,-10.3,-25.32,-25.63,10,time_exit,10.69061,0.18182,1.32159,5.67316,,2022
GBPJPY,-1,2022-01-11 05:00:00,2022-01-11 11:00:00,156.726,157.03497,157.03497,156.10807,0.2376,-30.9,-66.8,-67.12,6,stop_loss,29.53947,0.20598,-0.05829,3.23074,,2022
GBPJPY,1,2022-01-12 01:00:00,2022-01-12 11:00:00,157.193,157.202,156.91533,157.74834,0.2617,0.9,2.14,1.82,10,time_exit,17.60304,0.18511,1.66809,3.49121,,2022
GBPJPY,-1,2022-01-12 16:00:00,2022-01-12 18:00:00,157.569,157.04616,157.83042,157.04616,0.278,52.3,132.27,131.95,2,take_profit,18.76226,0.17428,2.80311,3.98383,new_york,2022
GBPJPY,1,2022-01-13 21:00:00,2022-01-14 02:00:00,156.542,156.17376,156.17376,157.27849,0.2013,-36.8,-67.46,-67.77,5,stop_loss,21.86419,0.2455,-1.9699,1.94381,new_york,2022
GBPJPY,1,2022-01-18 06:00:00,2022-01-18 10:00:00,156.697,156.43828,156.43828,157.21444,0.2836,-25.9,-66.77,-67.09,4,stop_loss,14.92777,0.17248,1.51106,-0.06296,,2022
GBPJPY,-1,2022-01-18 20:00:00,2022-01-19 02:00:00,155.584,155.92442,155.92442,154.90316,0.2134,-34.0,-66.11,-66.43,6,stop_loss,28.81549,0.22695,-3.04271,-0.5653,new_york,2022
GBPJPY,1,2022-01-19 13:00:00,2022-01-19 18:00:00,156.055,155.74372,155.74372,156.67756,0.231,-31.1,-65.43,-65.75,5,stop_loss,26.1066,0.20752,0.18962,-1.37724,london,2022
GBPJPY,1,2022-01-19 23:00:00,2022-01-20 09:00:00,155.636,155.882,155.34739,156.21322,0.2467,24.6,55.23,54.91,10,time_exit,18.18998,0.19241,-1.66946,-1.57433,,2022
GBPJPY,1,2022-01-21 14:00:00,2022-01-21 17:00:00,154.341,154.01855,154.01855,154.98591,0.2227,-32.2,-65.35,-65.67,3,stop_loss,39.83863,0.21497,-4.33908,-3.06441,london,2022
GBPJPY,-1,2022-01-21 17:00:00,2022-01-24 03:00:00,154.241,154.444,154.56374,153.59552,0.2202,-20.3,-40.68,-41.0,10,time_exit,43.26227,0.21516,-4.28536,-3.34812,new_york,2022
GBPJPY,-1,2022-01-25 05:00:00,2022-01-25 11:00:00,153.356,153.73639,153.73639,152.59521,0.1857,-38.0,-64.28,-64.6,6,stop_loss,34.3849,0.2536,-2.73245,-4.73319,,2022
GBPJPY,1,2022-01-26 08:00:00,2022-01-26 18:00:00,153.85,154.5218,153.5141,154.5218,0.2081,67.2,127.22,126.9,10,take_profit,10.98776,0.22393,0.15899,-4.71646,london,2022
GBPJPY,1,2022-01-27 06:00:00,2022-01-27 16:00:00,154.054,154.522,153.69064,154.78073,0.1962,46.8,83.56,83.24,10,time_exit,18.96825,0.24224,-0.12458,-2.77048,,2022
GBPJPY,-1,2022-01-31 09:00:00,2022-01-31 12:00:00,154.986,155.29545,155.29545,154.3671,0.2334,-30.9,-65.73,-66.04,3,stop_loss,17.20587,0.2063,2.14914,-0.61932,london,2022
GBPJPY,1,2022-02-01 03:00:00,2022-02-01 13:00:00,154.728,154.678,154.39118,155.40165,0.2123,-5.0,-9.66,-9.98,10,time_exit,16.22135,0.22455,0.14084,-0.02773,,2022
GBPJPY,-1,2022-02-02 00:00:00,2022-02-02 10:00:00,155.058,155.014,155.35621,154.46157,0.2394,4.4,9.59,9.27,10,time_exit,14.39901,0.19881,1.57292,0.31067,,2022
GBPJPY,-1,2022-02-03 18:00:00,2022-02-04 04:00:00,156.357,156.426,156.76536,155.54028,0.1751,-6.9,-10.99,-11.31,10,time_exit,28.21656,0.27224,3.90093,1.34118,new_york,2022
GBPJPY,-1,2022-02-07 18:00:00,2022-02-08 02:00:00,155.673,156.02196,156.02196,154.97508,0.2045,-34.9,-64.94,-65.26,8,stop_loss,17.44497,0.23264,-0.49883,1.98809,new_york,2022
GBPJPY,1,2022-02-09 02:00:00,2022-02-09 12:00:00,156.507,156.8,156.23632,157.04835,0.261,29.3,69.59,69.27,10,time_exit,19.22367,0.18045,2.02725,3.18717,,2022
GBPJPY,-1,2022-02-14 10:00:00,2022-02-14 20:00:00,156.251,156.119,156.70943,155.33415,0.1558,13.2,18.71,18.4,10,time_exit,27.1475,0.30562,-1.78486,1.71476,london,2022
GBPJPY,1,2022-02-15 11:00:00,2022-02-15 16:00:00,156.806,156.38141,156.38141,157.65519,0.1687,-42.5,-65.18,-65.5,5,stop_loss,23.84572,0.28306,1.36603,0.60078,london,2022
GBPJPY,-1,2022-02-16 10:00:00,2022-02-16 11:00:00,156.794,157.06119,157.06119,156.25962,0.2653,-26.7,-64.51,-64.82,1,stop_loss,12.33093,0.17813,1.42351,1.21368,london,2022
GBPJPY,-1,2022-02-17 05:00:00,2022-02-17 06:00:00,156.921,156.31629,157.22335,156.31629,0.2321,60.5,127.72,127.4,1,take_profit,11.69324,0.20157,1.13649,1.40277,,2022
GBPJPY,1,2022-02-18 13:00:00,2022-02-18 15:00:00,156.782,156.44072,156.44072,157.46457,0.2097,-34.1,-65.13,-65.44,2,stop_loss,24.08139,0.22752,0.50545,0.87556,london,2022
GBPJPY,1,2022-02-21 20:00:00,2022-02-21 23:00:00,156.324,156.00969,156.00969,156.95263,0.2254,-31.4,-64.47,-64.79,3,stop_loss,18.43434,0.20954,-0.93222,0.2318,new_york,2022
GBPJPY,-1,2022-02-22 14:00:00,2022-02-22 17:00:00,155.978,156.36131,156.36131,155.21138,0.183,-38.3,-63.83,-64.15,3,stop_loss,30.4012,0.25554,-0.90648,-0.66943,london,2022
GBPJPY,-1,2022-02-22 17:00:00,2022-02-22 18:00:00,156.051,156.42544,156.42544,155.30213,0.1855,-37.4,-63.21,-63.53,1,stop_loss,28.63372,0.24962,-0.52508,-0.74052,new_york,2022
GBPJPY,1,2022-02-22 19:00:00,2022-02-23 05:00:00,156.286,156.362,155.88358,157.09083,0.1708,7.6,11.81,11.49,10,time_exit,26.86511,0.26828,0.34377,-0.64581,new_york,2022
GBPJPY,1,2022-02-24 01:00:00,2022-02-24 05:00:00,155.72,155.42343,155.42343,156.31314,0.2322,-29.7,-62.67,-62.98,4,stop_loss,25.42504,0.19771,-2.32509,-0.76667,,2022
GBPJPY,1,2022-02-24 19:00:00,2022-02-25 05:00:00,154.22,154.685,153.64732,155.36536,0.1191,46.5,50.4,50.08,10,time_exit,47.28557,0.38179,-2.64984,-2.05561,new_york,2022
GBPJPY,-1,2022-02-25 13:00:00,2022-02-25 14:00:00,154.389,154.82992,154.82992,153.50716,0.1559,-44.1,-62.55,-62.87,1,stop_loss,19.61338,0.29395,-1.63814,-3.07197,london,2022
GBPJPY,1,2022-02-28 03:00:00,2022-02-28 13:00:00,154.514,154.749,153.94383,155.65435,0.1193,23.5,25.51,25.19,10,time_exit,22.50936,0.38012,-0.80714,-2.15455,,2022
GBPJPY,-1,2022-03-02 04:00:00,2022-03-02 14:00:00,153.305,153.70536,153.70536,152.50428,0.1706,-40.0,-62.15,-62.47,10,stop_loss,33.07641,0.26691,-2.32877,-4.03144,,2022
GBPJPY,-1,2022-03-03 09:00:00,2022-03-03 16:00:00,155.208,154.50993,155.55703,154.50993,0.1938,69.8,123.11,122.79,7,take_profit,35.23747,0.23269,4.20613,-2.46375,london,2022
GBPJPY,-1,2022-03-03 20:00:00,2022-03-04 06:00:00,154.086,154.027,154.49235,153.2733,0.1698,5.9,9.12,8.8,10,time_exit,26.98179,0.2709,-0.99491,-1.56934,new_york,2022
GBPJPY,1,2022-03-04 19:00:00,2022-03-07 05:00:00,151.478,151.749,150.95245,152.52909,0.1314,27.1,32.4,32.09,10,time_exit,47.35491,0.35036,-6.49825,-2.16957,new_york,2022
GBPJPY,1,2022-03-07 11:00:00,2022-03-07 21:00:00,151.387,151.096,150.86275,152.4355,0.1324,-29.1,-35.06,-35.38,10,time_exit,55.17268,0.3495,-4.15397,-3.65858,london,2022
GBPJPY,1,2022-03-08 10:00:00,2022-03-08 20:00:00,151.137,151.98825,150.71138,151.98825,0.1622,85.1,125.65,125.33,10,take_profit,28.90666,0.28375,-2.92393,-5.61484,london,2022
GBPJPY,-1,2022-03-14 09:00:00,2022-03-14 11:00:00,153.361,153.69465,153.69465,152.6937,0.211,-33.4,-64.06,-64.38,2,stop_loss,40.24557,0.22243,2.44986,-0.57989,london,2022
GBPJPY,-1,2022-03-15 21:00:00,2022-03-16 07:00:00,154.334,154.289,154.78829,153.42541,0.1534,4.5,6.28,5.96,10,time_exit,25.87861,0.30286,2.01976,1.56268,new_york,2022
GBPJPY,-1,2022-03-18 02:00:00,2022-03-18 03:00:00,155.905,156.30087,156.30087,155.11326,0.1763,-39.6,-63.51,-63.83,1,stop_loss,25.94038,0.26391,1.48238,5.06712,,2022
GBPJPY,-1,2022-03-18 13:00:00,2022-03-18 17:00:00,156.257,156.60184,156.60184,155.56733,0.2003,-34.5,-62.85,-63.17,4,stop_loss,21.44945,0.22989,2.07285,6.03187,london,2022
GBPJPY,1,2022-03-22 15:00:00,2022-03-23 01:00:00,159.69,160.62667,159.22166,160.62667,0.146,93.7,124.45,124.13,10,take_profit,51.26409,0.31222,7.28097,5.89791,london,2022
GBPJPY,1,2022-03-23 05:00:00,2022-03-23 11:00:00,160.906,160.39671,160.39671,161.92458,0.1369,-50.9,-63.45,-63.77,6,stop_loss,67.11195,0.33953,6.62789,7.28213,,2022
GBPJPY,-1,2022-03-23 22:00:00,2022-03-24 08:00:00,159.948,160.105,160.46477,158.91446,0.1336,-15.7,-19.09,-19.41,10,time_exit,34.60765,0.34451,1.79578,7.36097,,2022
GBPJPY,-1,2022-03-24 09:00:00,2022-03-24 10:00:00,160.105,160.51396,160.51396,159.28707,0.1683,-40.9,-62.63,-62.95,1,stop_loss,21.44767,0.27264,2.08282,8.87742,london,2022
GBPJPY,1,2022-03-25 04:00:00,2022-03-25 06:00:00,160.972,160.53551,160.53551,161.84499,0.1561,-43.6,-62.0,-62.32,2,stop_loss,33.82954,0.291,2.34992,8.66102,,2022
GBPJPY,-1,2022-03-25 18:00:00,2022-03-28 04:00:00,161.167,161.7365,161.7365,160.02801,0.1184,-56.9,-61.36,-61.68,10,stop_loss,21.26127,0.37966,1.86636,6.08152,new_york,2022
GBPJPY,1,2022-03-29 04:00:00,2022-03-29 05:00:00,162.369,161.51511,161.51511,164.07678,0.0782,-85.4,-60.76,-61.08,1,stop_loss,21.92747,0.56926,1.35787,4.15915,,2022
GBPJPY,1,2022-03-30 19:00:00,2022-03-31 05:00:00,160.367,160.301,159.58972,161.92155,0.085,-6.6,-5.11,-5.42,10,time_exit,16.73362,0.51818,-0.86139,2.09285,new_york,2022
GBPJPY,1,2022-03-31 17:00:00,2022-04-01 03:00:00,159.584,160.421,158.96396,160.82409,0.1065,83.7,81.12,80.8,10,time_exit,12.97579,0.41336,-1.86937,1.36135,new_york,2022
GBPJPY,1,2022-04-01 13:00:00,2022-04-01 23:00:00,160.756,160.715,160.25192,161.76415,0.1328,-4.1,-4.95,-5.27,10,time_exit,16.57152,0.33605,1.05913,1.49793,london,2022
GBPJPY,1,2022-04-05 00:00:00,2022-04-05 03:00:00,160.995,160.66175,160.66175,161.6615,0.2007,-33.3,-60.86,-61.18,3,stop_loss,12.48491,0.22217,1.18934,2.57384,,2022
GBPJPY,-1,2022-04-06 07:00:00,2022-04-06 11:00:00,161.775,162.15824,162.15824,161.00852,0.1727,-38.3,-60.23,-60.55,4,stop_loss,34.69076,0.25549,1.93538,3.04009,london,2022
GBPJPY,1,2022-04-06 21:00:00,2022-04-07 03:00:00,161.873,161.51551,161.51551,162.58798,0.1833,-35.7,-59.63,-59.95,6,stop_loss,32.30136,0.23833,1.22468,3.70326,new_york,2022
GBPJPY,1,2022-04-08 00:00:00,2022-04-08 10:00:00,161.977,161.771,161.63531,162.66038,0.1899,-20.6,-35.6,-35.92,10,time_exit,12.01602,0.22779,1.28453,3.55869,,2022
GBPJPY,1,2022-04-12 20:00:00,2022-04-13 06:00:00,163.084,163.31,162.68802,163.87596,0.1628,22.6,33.48,33.16,10,time_exit,17.83724,0.26399,0.18869,4.27477,new_york,2022
GBPJPY,1,2022-04-14 01:00:00,2022-04-14 03:00:00,164.788,164.40309,164.40309,165.55782,0.1685,-38.5,-59.02,-59.34,2,stop_loss,28.66597,0.25661,4.64586,4.8656,,2022
GBPJPY,1,2022-04-15 04:00:00,2022-04-15 14:00:00,164.909,165.225,164.54976,165.62747,0.1787,31.6,51.39,51.07,10,time_exit,14.18619,0.23949,2.71528,5.71321,,2022
GBPJPY,1,2022-04-18 11:00:00,2022-04-18 21:00:00,164.744,165.183,164.41678,165.39844,0.1979,43.9,79.06,78.74,10,time_exit,16.01633,0.21815,-0.45514,6.24886,london,2022
GBPJPY,-1,2022-04-21 04:00:00,2022-04-21 06:00:00,167.27,167.80315,167.80315,166.20369,0.1231,-53.3,-59.72,-60.04,2,stop_loss,24.66691,0.35544,1.1361,5.09966,,2022
GBPJPY,1,2022-04-21 15:00:00,2022-04-22 01:00:00,167.118,167.244,166.61842,168.11716,0.13,12.6,14.91,14.59,10,time_exit,15.90955,0.33305,0.20218,5.2651,london,2022
GBPJPY,-1,2022-04-22 08:00:00,2022-04-22 09:00:00,166.981,166.03154,167.45573,166.03154,0.1372,94.9,118.54,118.22,1,take_profit,12.43835,0.31649,-0.66531,4.97631,london,2022
GBPJPY,1,2022-04-25 06:00:00,2022-04-25 09:00:00,164.279,163.66826,163.66826,165.50048,0.1088,-61.1,-60.47,-60.79,3,stop_loss,35.40991,0.40716,-4.18738,1.10593,,2022
GBPJPY,-1,2022-04-26 10:00:00,2022-04-26 15:00:00,162.907,161.57466,163.57317,161.57466,0.0987,133.2,119.67,119.35,5,take_profit,30.75431,0.44411,-2.55172,-2.05442,london,2022
GBPJPY,-1,2022-04-27 21:00:00,2022-04-28 06:00:00,161.027,161.73988,161.73988,159.60124,0.0941,-71.3,-61.04,-61.36,9,stop_loss,28.45111,0.47525,-1.2498,-4.47695,new_york,2022
GBPJPY,1,2022-04-29 00:00:00,2022-04-29 10:00:00,162.962,163.288,162.22852,164.42897,0.0905,32.6,26.85,26.53,10,time_exit,22.61075,0.48899,1.3065,-2.36778,,2022
GBPJPY,1,2022-05-03 07:00:00,2022-05-03 17:00:00,162.886,162.49783,162.49783,163.66233,0.1718,-38.8,-60.69,-61.0,10,stop_loss,25.44536,0.25878,-0.1871,-1.4242,london,2022
GBPJPY,-1,2022-05-04 19:00:00,2022-05-04 21:00:00,162.31,162.69445,162.69445,161.54109,0.1717,-38.4,-60.07,-60.39,2,stop_loss,13.63411,0.2563,-1.48871,-1.6111,new_york,2022
GBPJPY,-1,2022-05-05 07:00:00,2022-05-05 12:00:00,162.398,162.94004,162.94004,161.31392,0.1206,-54.2,-59.49,-59.81,5,stop_loss,16.95155,0.36136,-0.87345,-0.97421,london,2022
GBPJPY,1,2022-05-05 15:00:00,2022-05-06 01:00:00,161.123,160.981,160.38576,162.59748,0.0877,-14.2,-11.33,-11.65,10,time_exit,20.95656,0.49149,-3.06592,-0.78957,london,2022
GBPJPY,1,2022-05-06 19:00:00,2022-05-09 05:00:00,160.925,160.838,160.24416,162.28668,0.0948,-8.7,-7.51,-7.82,10,time_exit,26.64506,0.45389,-1.37685,-2.1611,new_york,2022
GBPJPY,1,2022-05-09 06:00:00,2022-05-09 14:00:00,160.838,161.90043,160.30679,161.90043,0.1214,106.2,117.37,117.05,8,take_profit,21.58674,0.35414,-1.52069,-2.83122,,2022
GBPJPY,-1,2022-05-09 15:00:00,2022-05-09 17:00:00,162.021,160.92914,162.56693,160.92914,0.1205,109.2,119.73,119.41,2,take_profit,21.96444,0.36395,1.83841,-2.55754,london,2022
GBPJPY,-1,2022-05-11 02:00:00,2022-05-11 12:00:00,160.526,160.568,161.05715,159.46369,0.1263,-4.2,-4.83,-5.15,10,time_exit,22.01909,0.3541,-0.87359,-2.80511,,2022
GBPJPY,-1,2022-05-11 12:00:00,2022-05-11 16:00:00,160.676,161.12667,161.12667,159.77466,0.1487,-45.1,-60.98,-61.3,4,stop_loss,18.78203,0.30045,-0.31972,-3.11242,london,2022
GBPJPY,-1,2022-05-12 05:00:00,2022-05-12 10:00:00,158.942,157.67439,159.5758,157.67439,0.1047,126.8,120.77,120.46,5,take_profit,33.94354,0.42254,-2.95363,-2.84407,,2022
GBPJPY,-1,2022-05-12 12:00:00,2022-05-12 13:00:00,156.568,157.31927,157.31927,155.06547,0.0901,-75.1,-61.6,-61.92,1,stop_loss,45.57509,0.50084,-6.09438,-3.0626,london,2022
GBPJPY,1,2022-05-17 06:00:00,2022-05-17 10:00:00,159.4,160.62857,158.78572,160.62857,0.1091,122.9,121.97,121.66,4,take_profit,22.49759,0.40952,2.27858,-2.81765,,2022
GBPJPY,-1,2022-05-17 19:00:00,2022-05-18 05:00:00,161.249,161.141,161.96535,159.8163,0.0954,10.8,9.38,9.06,10,time_exit,46.84091,0.47757,3.73023,-0.64102,new_york,2022
GBPJPY,-1,2022-05-18 05:00:00,2022-05-18 11:00:00,161.366,160.2504,161.9238,160.2504,0.1227,111.6,124.56,124.25,6,take_profit,37.45476,0.37187,3.28549,0.53825,,2022
GBPJPY,1,2022-05-18 18:00:00,2022-05-18 19:00:00,159.467,158.79657,158.79657,160.80786,0.1041,-67.0,-63.51,-63.83,1,stop_loss,30.18568,0.44695,-1.65662,0.48976,new_york,2022
GBPJPY,1,2022-05-19 00:00:00,2022-05-19 06:00:00,158.113,159.41084,157.46408,159.41084,0.1065,129.8,125.78,125.46,6,take_profit,39.754,0.43261,-3.55639,-0.15522,,2022
GBPJPY,-1,2022-05-19 08:00:00,2022-05-19 10:00:00,159.57,158.17861,160.26569,158.17861,0.1013,139.1,128.26,127.94,2,take_profit,34.27716,0.4638,0.04494,-0.56619,london,2022
GBPJPY,-1,2022-05-20 01:00:00,2022-05-20 11:00:00,159.41,159.942,160.17659,157.87682,0.0938,-53.2,-45.41,-45.73,10,time_exit,18.17673,0.51106,0.07112,-0.71004,,2022
GBPJPY,1,2022-05-20 23:00:00,2022-05-23 09:00:00,159.671,160.582,158.94801,161.11697,0.0987,91.1,81.82,81.5,10,time_exit,12.51412,0.48199,0.4727,-0.44331,,2022
GBPJPY,-1,2022-05-24 06:00:00,2022-05-24 11:00:00,160.486,159.45196,161.00302,159.45196,0.1398,103.4,131.55,131.23,5,take_profit,20.55642,0.34468,0.8677,0.95443,,2022
GBPJPY,1,2022-05-24 16:00:00,2022-05-24 17:00:00,158.933,158.25781,158.25781,160.28338,0.1092,-67.5,-67.09,-67.41,1,stop_loss,21.7743,0.45013,-2.43427,0.40571,new_york,2022
GBPJPY,-1,2022-05-25 11:00:00,2022-05-25 20:00:00,159.407,159.94444,159.94444,158.33211,0.1358,-53.7,-66.42,-66.73,9,stop_loss,19.09601,0.3583,-0.21944,-0.57889,london,2022
GBPJPY,-1,2022-05-27 02:00:00,2022-05-27 12:00:00,160.155,160.169,160.6697,159.1256,0.1403,-1.4,-1.79,-2.11,10,time_exit,15.04445,0.34313,0.90976,0.26779,,2022
GBPJPY,1,2022-05-27 15:00:00,2022-05-30 01:00:00,160.129,160.634,159.64519,161.09661,0.1493,50.5,68.61,68.29,10,time_exit,13.635,0.32254,0.31394,0.64522,london,2022
GBPJPY,-1,2022-05-30 04:00:00,2022-05-30 09:00:00,160.438,160.85424,160.85424,159.60552,0.1753,-41.6,-66.4,-66.72,5,stop_loss,11.59908,0.27749,0.83018,1.1182,,2022
GBPJPY,-1,2022-05-30 15:00:00,2022-05-30 16:00:00,161.056,161.44034,161.44034,160.28733,0.1879,-38.4,-65.72,-66.04,1,stop_loss,15.27108,0.25622,2.53496,1.63788,london,2022
GBPJPY,1,2022-06-01 06:00:00,2022-06-01 16:00:00,162.542,162.14928,162.14928,163.32744,0.1821,-39.3,-65.08,-65.4,10,stop_loss,40.95031,0.26181,3.67963,3.8834,,2022
GBPJPY,-1,2022-06-03 03:00:00,2022-06-03 13:00:00,163.435,163.556,163.76725,162.7705,0.213,-12.1,-23.45,-23.77,10,time_exit,21.81062,0.2215,3.61489,5.78472,,2022
GBPJPY,-1,2022-06-03 18:00:00,2022-06-06 04:00:00,163.695,162.91041,164.08729,162.91041,0.1798,78.5,128.37,128.05,10,take_profit,25.00494,0.26153,2.64403,5.19867,new_york,2022
GBPJPY,1,2022-06-06 09:00:00,2022-06-06 10:00:00,163.259,163.98339,162.89681,163.98339,0.1986,72.4,130.92,130.6,1,take_profit,19.91611,0.24146,0.39771,5.28223,london,2022
GBPJPY,-1,2022-06-09 00:00:00,2022-06-09 10:00:00,168.318,167.2797,168.83715,167.2797,0.1413,103.8,133.51,133.19,10,take_profit,41.69822,0.3461,4.05929,8.09726,,2022
GBPJPY,1,2022-06-09 11:00:00,2022-06-09 15:00:00,166.794,167.9341,166.22395,167.9341,0.1313,114.0,136.22,135.9,4,take_profit,30.7541,0.38003,-1.22151,7.30393,london,2022
GBPJPY,-1,2022-06-09 18:00:00,2022-06-10 04:00:00,168.451,167.549,169.16821,167.01658,0.1064,90.2,87.34,87.02,10,time_exit,27.80539,0.47814,2.28857,5.54986,new_york,2022
GBPJPY,1,2022-06-13 14:00:00,2022-06-13 15:00:00,164.051,163.42672,163.42672,165.29956,0.1238,-62.4,-70.33,-70.65,1,stop_loss,38.57868,0.41619,-4.8837,2.01958,london,2022
GBPJPY,-1,2022-06-14 16:00:00,2022-06-15 02:00:00,162.527,162.474,163.23561,161.10978,0.108,5.3,5.21,4.89,10,time_exit,32.94202,0.47241,-3.45227,-1.26978,new_york,2022
GBPJPY,-1,2022-06-15 16:00:00,2022-06-16 01:00:00,162.496,163.20429,163.20429,161.07942,0.1081,-70.8,-69.68,-69.99,9,stop_loss,25.21508,0.47219,-1.11578,-2.5491,new_york,2022
GBPJPY,1,2022-06-16 01:00:00,2022-06-16 10:00:00,162.89,162.20767,162.20767,164.25467,0.1111,-68.2,-68.98,-69.3,9,stop_loss,19.1165,0.45489,-0.01056,-2.61488,,2022
GBPJPY,-1,2022-06-17 15:00:00,2022-06-20 01:00:00,165.169,165.274,166.28223,162.94254,0.0674,-10.5,-6.44,-6.76,10,time_exit,29.66227,0.74215,1.97169,-0.31975,london,2022
GBPJPY,-1,2022-06-21 10:00:00,2022-06-21 11:00:00,165.914,166.37607,166.37607,164.98985,0.1622,-46.2,-68.2,-68.52,1,stop_loss,15.21183,0.30805,2.70605,2.19385,london,2022
GBPJPY,-1,2022-06-22 10:00:00,2022-06-22 20:00:00,166.869,167.136,167.37187,165.86326,0.1475,-26.7,-35.84,-36.16,10,time_exit,26.26262,0.33525,1.6699,3.98225,london,2022
GBPJPY,1,2022-06-22 21:00:00,2022-06-23 02:00:00,167.136,166.50034,166.50034,168.40732,0.1161,-63.6,-67.16,-67.48,5,stop_loss,18.69346,0.42377,1.55985,3.09884,new_york,2022
GBPJPY,1,2022-06-23 13:00:00,2022-06-23 23:00:00,165.113,165.481,164.38294,166.57312,0.1001,36.8,33.52,33.2,10,time_exit,27.43241,0.48671,-2.47232,2.04762,london,2022
GBPJPY,-1,2022-06-24 04:00:00,2022-06-24 12:00:00,165.513,166.11643,166.11643,164.30613,0.1217,-60.3,-66.83,-67.15,8,stop_loss,23.7582,0.40229,-0.84189,1.33713,,2022
GBPJPY,-1,2022-06-24 16:00:00,2022-06-27 02:00:00,165.983,165.88,166.63831,164.67238,0.1109,10.3,10.39,10.08,10,time_exit,18.73564,0.43687,0.51224,0.95474,new_york,2022
GBPJPY,1,2022-06-28 16:00:00,2022-06-28 22:00:00,166.429,165.91127,165.91127,167.46446,0.1406,-51.8,-66.24,-66.56,6,stop_loss,22.631,0.34515,0.88588,1.42586,new_york,2022
GBPJPY,-1,2022-06-28 22:00:00,2022-06-29 08:00:00,166.067,165.832,166.55825,165.08451,0.1467,23.5,31.37,31.05,10,time_exit,16.42741,0.3275,-0.19121,1.43276,,2022
GBPJPY,-1,2022-06-29 11:00:00,2022-06-29 21:00:00,165.885,165.452,166.38511,164.88478,0.1448,43.3,57.06,56.74,10,time_exit,12.00185,0.33341,-0.46819,1.04461,london,2022
GBPJPY,-1,2022-06-30 04:00:00,2022-06-30 14:00:00,165.634,165.074,166.06377,164.77446,0.1699,56.0,86.58,86.26,10,time_exit,11.09258,0.28651,-0.84419,0.61652,,2022
GBPJPY,1,2022-06-30 17:00:00,2022-07-01 03:00:00,165.253,165.238,164.75347,166.25206,0.1481,-1.5,-2.02,-2.34,10,time_exit,19.86698,0.33302,-1.30474,0.03438,new_york,2022
GBPJPY,-1,2022-07-01 19:00:00,2022-07-01 21:00:00,162.735,163.52797,163.52797,161.14907,0.0933,-79.3,-67.33,-67.64,2,stop_loss,42.80716,0.52864,-3.36775,-1.4889,new_york,2022
GBPJPY,1,2022-07-04 19:00:00,2022-07-05 05:00:00,164.261,164.909,163.71345,165.35609,0.1337,64.8,78.84,78.52,10,time_exit,22.42345,0.36503,0.3301,-2.31853,new_york,2022
GBPJPY,-1,2022-07-06 02:00:00,2022-07-06 09:00:00,162.284,161.10795,162.87202,161.10795,0.126,117.6,134.85,134.53,7,take_profit,37.52752,0.39202,-3.16798,-2.7427,,2022
GBPJPY,1,2022-07-07 05:00:00,2022-07-07 11:00:00,161.869,163.10464,161.25118,163.10464,0.1223,123.6,137.52,137.2,6,take_profit,17.69075,0.41188,-1.18673,-3.79665,,2022
GBPJPY,-1,2022-07-07 15:00:00,2022-07-07 17:00:00,162.479,163.16505,163.16505,161.10689,0.1123,-68.6,-70.11,-70.43,2,stop_loss,19.17167,0.45737,0.13622,-2.98651,london,2022
GBPJPY,1,2022-07-11 13:00:00,2022-07-11 17:00:00,163.65,163.09056,163.09056,164.76888,0.1364,-55.9,-69.44,-69.76,4,stop_loss,15.67087,0.37296,0.59184,-0.67923,london,2022
GBPJPY,1,2022-07-12 03:00:00,2022-07-12 04:00:00,163.514,163.02835,163.02835,164.48531,0.1555,-48.6,-68.72,-69.04,1,stop_loss,15.74913,0.32377,0.16758,-0.61996,,2022
GBPJPY,1,2022-07-19 11:00:00,2022-07-19 21:00:00,165.413,165.791,164.90981,166.41938,0.1486,37.8,51.12,50.8,10,time_exit,17.39008,0.33546,1.75887,2.16238,london,2022
GBPJPY,-1,2022-07-20 00:00:00,2022-07-20 03:00:00,165.612,166.05128,166.05128,164.73344,0.1715,-43.9,-68.56,-68.87,3,stop_loss,25.89875,0.29285,2.15802,2.97076,,2022
GBPJPY,1,2022-07-20 22:00:00,2022-07-21 08:00:00,165.44,165.774,164.92768,166.46463,0.1455,33.4,44.22,43.9,10,time_exit,20.37624,0.34154,-0.11529,2.65716,,2022
GBPJPY,-1,2022-07-25 15:00:00,2022-07-26 01:00:00,164.741,164.524,165.30322,163.61657,0.1335,21.7,26.36,26.04,10,time_exit,34.59433,0.37481,1.58422,-0.89217,london,2022
GBPJPY,-1,2022-07-26 22:00:00,2022-07-27 03:00:00,164.404,164.91333,164.91333,163.38535,0.1479,-50.9,-68.55,-68.87,5,stop_loss,18.20682,0.33955,0.1581,-0.39597,,2022
GBPJPY,-1,2022-07-27 17:00:00,2022-07-27 19:00:00,164.978,165.3841,165.3841,164.1658,0.1836,-40.6,-67.85,-68.17,2,stop_loss,23.3241,0.27073,1.15537,0.40264,new_york,2022
GBPJPY,-1,2022-07-29 00:00:00,2022-07-29 06:00:00,163.447,162.39992,163.97054,162.39992,0.141,104.7,134.35,134.03,6,take_profit,33.83856,0.34903,-2.70458,-0.42116,,2022
GBPJPY,1,2022-08-01 08:00:00,2022-08-01 18:00:00,161.533,161.826,160.95107,162.69686,0.1294,29.3,34.5,34.18,10,time_exit,36.2467,0.38795,-3.32231,-2.90278,london,2022
GBPJPY,-1,2022-08-02 02:00:00,2022-08-02 04:00:00,161.26,160.28726,161.74637,160.28726,0.1556,97.3,137.74,137.42,2,take_profit,29.41856,0.32425,-2.8691,-4.2329,,2022
GBPJPY,-1,2022-08-04 08:00:00,2022-08-04 09:00:00,162.516,163.03485,163.03485,161.47831,0.1488,-51.9,-70.26,-70.57,1,stop_loss,15.36869,0.3459,1.03,-1.93687,london,2022
GBPJPY,-1,2022-08-05 12:00:00,2022-08-05 15:00:00,161.621,162.15761,162.15761,160.54778,0.1424,-53.7,-69.54,-69.85,3,stop_loss,17.99697,0.35774,-1.02368,-1.77946,london,2022
GBPJPY,1,2022-08-08 10:00:00,2022-08-08 12:00:00,163.513,163.04195,163.04195,164.45511,0.1606,-47.1,-68.84,-69.16,2,stop_loss,27.69575,0.31404,3.05269,-0.37948,london,2022
GBPJPY,-1,2022-08-08 21:00:00,2022-08-09 07:00:00,162.876,163.028,163.40674,161.81451,0.1411,-15.2,-19.52,-19.84,10,time_exit,22.24831,0.35383,0.32741,0.10783,new_york,2022
GBPJPY,-1,2022-08-10 02:00:00,2022-08-10 12:00:00,163.124,163.147,163.49902,162.37396,0.1991,-2.3,-4.17,-4.49,10,time_exit,7.85753,0.25001,0.36606,0.81853,,2022
GBPJPY,1,2022-08-11 06:00:00,2022-08-11 10:00:00,162.367,161.90357,161.90357,163.29386,0.161,-46.3,-67.9,-68.22,4,stop_loss,24.15334,0.30895,-1.19146,-0.18031,,2022
GBPJPY,1,2022-08-12 03:00:00,2022-08-12 13:00:00,162.209,161.81932,161.81932,162.98835,0.1895,-39.0,-67.2,-67.52,10,stop_loss,22.60023,0.25978,-0.698,-1.07151,,2022
GBPJPY,1,2022-08-12 20:00:00,2022-08-15 03:00:00,162.027,161.58175,161.58175,162.91751,0.1642,-44.5,-66.53,-66.85,7,stop_loss,11.30194,0.29684,-0.91596,-0.98719,new_york,2022
GBPJPY,-1,2022-08-18 03:00:00,2022-08-18 11:00:00,162.561,163.01128,163.01128,161.66044,0.1608,-45.0,-65.89,-66.21,8,stop_loss,29.46777,0.30019,0.47077,0.47936,,2022
GBPJPY,1,2022-08-19 05:00:00,2022-08-19 15:00:00,162.285,162.104,161.85785,163.1393,0.1678,-18.1,-27.64,-27.96,10,time_exit,26.41394,0.28477,-0.26835,0.24,,2022
GBPJPY,1,2022-08-19 19:00:00,2022-08-22 05:00:00,161.785,162.437,161.30157,162.75186,0.1476,65.2,87.57,87.26,10,time_exit,22.55703,0.32229,-1.53452,0.00051,new_york,2022
GBPJPY,-1,2022-08-22 20:00:00,2022-08-23 06:00:00,161.849,161.504,162.35392,160.83916,0.1432,34.5,44.96,44.64,10,time_exit,23.0631,0.33661,-0.55704,-0.47612,new_york,2022
GBPJPY,1,2022-08-23 08:00:00,2022-08-23 09:00:00,161.491,161.0927,161.0927,162.28761,0.1828,-39.8,-66.26,-66.58,1,stop_loss,20.37917,0.26554,-1.47107,-0.94809,london,2022
GBPJPY,-1,2022-08-24 07:00:00,2022-08-24 17:00:00,161.551,161.623,161.94004,160.77292,0.1852,-7.2,-12.13,-12.45,10,time_exit,12.23601,0.25936,-0.74011,-1.1154,london,2022
GBPJPY,-1,2022-08-25 00:00:00,2022-08-25 10:00:00,161.68,161.609,162.06018,160.91963,0.1892,7.1,12.22,11.91,10,time_exit,15.3077,0.25346,0.44572,-1.35222,,2022
GBPJPY,1,2022-08-26 16:00:00,2022-08-26 18:00:00,162.004,161.64536,161.64536,162.72128,0.2009,-35.9,-65.57,-65.89,2,stop_loss,12.26416,0.23909,1.55034,-0.85247,new_york,2022
GBPJPY,-1,2022-09-07 15:00:00,2022-09-08 01:00:00,165.602,166.21526,166.21526,164.37549,0.1163,-61.3,-64.9,-65.22,10,stop_loss,51.86302,0.40884,3.8734,3.58253,london,2022
GBPJPY,-1,2022-09-08 05:00:00,2022-09-08 15:00:00,165.851,165.79,166.39434,164.76432,0.13,6.1,7.22,6.9,10,time_exit,42.20767,0.36223,2.91844,4.99971,,2022
GBPJPY,1,2022-09-08 15:00:00,2022-09-09 01:00:00,165.783,165.768,165.16298,167.02303,0.114,-1.5,-1.56,-1.87,10,time_exit,25.31949,0.41334,1.75939,4.4098,london,2022
GBPJPY,-1,2022-09-09 02:00:00,2022-09-09 12:00:00,165.771,164.992,166.24798,164.81703,0.1482,77.9,105.06,104.74,10,time_exit,13.85416,0.31799,1.61007,5.58546,,2022
GBPJPY,-1,2022-09-12 12:00:00,2022-09-12 22:00:00,166.825,166.768,167.34662,165.78177,0.1377,5.7,7.14,6.82,10,time_exit,22.89374,0.34774,3.45152,4.36259,london,2022
GBPJPY,1,2022-09-13 04:00:00,2022-09-13 14:00:00,166.6,166.646,166.18123,167.43754,0.1717,4.6,7.19,6.87,10,time_exit,24.88354,0.27918,1.71186,5.85446,,2022
GBPJPY,1,2022-09-15 02:00:00,2022-09-15 12:00:00,165.157,165.002,164.6846,166.1018,0.1524,-15.5,-21.5,-21.81,10,time_exit,28.02557,0.31493,-1.89329,2.38975,,2022
GBPJPY,1,2022-09-15 23:00:00,2022-09-16 03:00:00,164.54,164.10837,164.10837,165.40326,0.1662,-43.2,-65.28,-65.6,4,stop_loss,25.18475,0.28775,-2.68819,1.0684,,2022
GBPJPY,1,2022-09-20 03:00:00,2022-09-20 04:00:00,163.864,163.51116,163.51116,164.56968,0.2013,-35.3,-64.63,-64.95,1,stop_loss,14.11222,0.23523,0.71835,-2.95671,,2022
GBPJPY,1,2022-09-22 17:00:00,2022-09-23 03:00:00,159.613,160.079,158.27393,162.29113,0.0525,46.6,22.26,21.94,10,time_exit,30.94373,0.89271,-3.36592,-1.24058,new_york,2022
GBPJPY,1,2022-09-23 14:00:00,2022-09-23 17:00:00,157.852,156.90729,156.90729,159.74143,0.0747,-94.5,-64.22,-64.54,3,stop_loss,38.45342,0.62981,-4.92383,-3.21394,london,2022
GBPJPY,1,2022-09-23 20:00:00,2022-09-26 01:00:00,156.018,154.93902,154.93902,158.17596,0.0647,-107.9,-63.53,-63.85,5,stop_loss,44.22763,0.71932,-5.68322,-3.51359,new_york,2022
GBPJPY,1,2022-09-26 06:00:00,2022-09-26 14:00:00,151.765,155.3077,149.99365,155.3077,0.039,354.3,125.73,125.41,8,take_profit,61.22723,1.1809,-5.34221,-3.17133,,2022
GBPJPY,-1,2022-09-28 00:00:00,2022-09-28 10:00:00,155.365,154.702,156.36167,153.37165,0.0707,66.3,42.66,42.34,10,time_exit,14.5325,0.66445,-0.52117,-5.60202,,2022
GBPJPY,1,2022-09-29 03:00:00,2022-09-29 13:00:00,156.407,156.709,155.34261,158.53579,0.0667,30.2,18.33,18.01,10,time_exit,28.61546,0.7096,1.1707,-4.12187,,2022
GBPJPY,1,2022-09-30 17:00:00,2022-10-03 03:00:00,160.883,161.104,159.6489,163.35121,0.0577,22.1,11.6,11.29,10,time_exit,40.43701,0.82274,2.45465,0.13131,new_york,2022
GBPJPY,1,2022-10-03 08:00:00,2022-10-03 09:00:00,160.784,162.58523,159.88338,162.58523,0.0792,180.1,129.82,129.5,1,take_profit,27.24742,0.60041,1.37424,1.43721,london,2022
GBPJPY,-1,2022-10-04 00:00:00,2022-10-04 08:00:00,163.645,164.52404,164.52404,161.88693,0.0827,-87.9,-66.15,-66.47,8,stop_loss,38.95229,0.58602,3.91048,2.91231,,2022
GBPJPY,-1,2022-10-04 09:00:00,2022-10-04 18:00:00,164.51,165.24156,165.24156,163.04688,0.0984,-73.2,-65.51,-65.83,9,stop_loss,44.95339,0.48771,4.88976,4.31068,london,2022
GBPJPY,-1,2022-10-05 16:00:00,2022-10-06 02:00:00,163.559,164.024,164.32947,162.01807,0.0925,-46.5,-39.14,-39.46,10,time_exit,25.43625,0.51364,-0.78804,5.21837,new_york,2022
GBPJPY,-1,2022-10-07 01:00:00,2022-10-07 11:00:00,161.988,162.104,162.6958,160.5724,0.1001,-11.6,-10.57,-10.89,10,time_exit,29.96493,0.47187,-2.57513,2.97551,,2022
GBPJPY,1,2022-10-07 11:00:00,2022-10-07 15:00:00,161.839,161.17297,161.17297,163.17106,0.1062,-66.6,-64.37,-64.68,4,stop_loss,32.45762,0.44402,-2.06804,2.14489,london,2022
GBPJPY,-1,2022-10-07 15:00:00,2022-10-07 22:00:00,162.244,160.88057,162.92571,160.88057,0.1027,136.3,127.42,127.1,7,take_profit,28.48355,0.45448,-0.97101,1.90032,london,2022
GBPJPY,1,2022-10-12 21:00:00,2022-10-13 07:00:00,162.852,162.826,161.96846,164.61907,0.0808,-2.6,-1.91,-2.23,10,time_exit,25.66786,0.58902,2.45902,-0.1263,new_york,2022
GBPJPY,1,2022-10-17 17:00:00,2022-10-18 03:00:00,168.746,168.895,167.88211,170.47378,0.0826,14.9,11.2,10.88,10,time_exit,39.337,0.57593,4.04629,4.62761,new_york,2022
GBPJPY,1,2022-10-18 04:00:00,2022-10-18 12:00:00,168.894,168.17135,168.17135,170.3393,0.0989,-72.3,-65.04,-65.36,8,stop_loss,45.31838,0.48177,3.00876,6.47284,,2022
GBPJPY,1,2022-10-18 12:00:00,2022-10-18 22:00:00,168.589,168.977,167.82249,170.12202,0.0923,38.8,32.59,32.27,10,time_exit,34.69893,0.51101,1.40069,6.24598,london,2022
GBPJPY,1,2022-10-19 01:00:00,2022-10-19 11:00:00,168.961,168.25238,168.25238,170.37823,0.1004,-70.9,-64.74,-65.06,10,stop_loss,15.60655,0.47241,1.41607,6.4353,,2022
GBPJPY,-1,2022-10-21 02:00:00,2022-10-21 12:00:00,168.595,167.884,169.23433,167.31634,0.1101,71.1,71.24,70.92,10,time_exit,20.59299,0.42622,0.48045,4.59575,,2022
GBPJPY,1,2022-10-24 00:00:00,2022-10-24 02:00:00,168.244,166.94896,166.94896,170.83408,0.055,-129.5,-64.82,-65.14,2,stop_loss,20.38794,0.86336,-1.35132,1.43397,,2022
GBPJPY,-1,2022-10-24 23:00:00,2022-10-25 09:00:00,168.036,168.174,169.04792,166.01216,0.0697,-13.8,-8.75,-9.07,10,time_exit,18.30422,0.67461,-0.35821,1.78271,,2022
GBPJPY,1,2022-10-25 13:00:00,2022-10-25 23:00:00,168.591,169.713,167.87635,170.02029,0.0985,112.2,100.57,100.25,10,time_exit,18.61872,0.47643,0.63686,2.21618,london,2022
GBPJPY,1,2022-10-26 04:00:00,2022-10-26 14:00:00,169.439,170.095,168.85339,170.61022,0.1221,65.6,72.89,72.57,10,time_exit,25.38595,0.39041,1.51772,3.32604,,2022
GBPJPY,-1,2022-10-28 23:00:00,2022-10-31 03:00:00,171.253,171.83149,171.83149,170.09602,0.1249,-57.8,-65.75,-66.07,4,stop_loss,25.91235,0.38566,3.55385,3.19942,,2022
GBPJPY,1,2022-10-31 04:00:00,2022-10-31 08:00:00,172.04,171.4602,171.4602,173.1996,0.1234,-58.0,-65.11,-65.43,4,stop_loss,27.77451,0.38653,4.82774,3.57776,,2022
GBPJPY,-1,2022-11-02 11:00:00,2022-11-02 21:00:00,169.371,168.36824,169.87238,168.36824,0.1413,100.3,128.94,128.62,10,take_profit,29.22233,0.33425,-2.37389,2.03404,london,2022
GBPJPY,-1,2022-11-04 20:00:00,2022-11-04 21:00:00,166.225,166.86226,166.86226,164.95049,0.1134,-63.7,-65.76,-66.08,1,stop_loss,45.71411,0.42484,-1.18176,-3.74029,new_york,2022
GBPJPY,-1,2022-11-07 06:00:00,2022-11-07 10:00:00,166.79,167.36304,167.36304,165.64392,0.1248,-57.3,-65.08,-65.4,4,stop_loss,28.34134,0.38203,0.26539,-3.81468,,2022
GBPJPY,-1,2022-11-07 22:00:00,2022-11-08 08:00:00,169.034,168.515,169.606,167.89,0.1238,51.9,58.47,58.15,10,time_exit,33.26089,0.38133,4.63089,-2.19928,,2022
GBPJPY,-1,2022-11-08 10:00:00,2022-11-08 15:00:00,168.308,167.40282,168.76059,167.40282,0.1579,90.5,130.06,129.75,5,take_profit,30.7748,0.30173,1.65047,-1.20234,london,2022
GBPJPY,1,2022-11-09 16:00:00,2022-11-09 17:00:00,167.067,166.44783,166.44783,168.30535,0.1177,-61.9,-66.32,-66.64,1,stop_loss,25.89429,0.41278,-1.59106,-0.82385,new_york,2022
GBPJPY,-1,2022-11-10 03:00:00,2022-11-10 13:00:00,166.396,166.92379,166.92379,165.34041,0.1367,-52.8,-65.66,-65.97,10,stop_loss,39.19082,0.35186,-2.37205,-1.84595,,2022
GBPJPY,-1,2022-11-10 16:00:00,2022-11-10 17:00:00,166.818,165.7132,167.3704,165.7132,0.1293,110.5,129.99,129.68,1,take_profit,29.10195,0.36827,-0.48217,-2.00854,new_york,2022
GBPJPY,-1,2022-11-10 17:00:00,2022-11-11 03:00:00,165.64,165.848,166.34676,164.22647,0.1031,-20.8,-19.51,-19.83,10,time_exit,29.06565,0.47118,-2.76824,-1.63855,new_york,2022
GBPJPY,1,2022-11-11 19:00:00,2022-11-14 05:00:00,163.921,163.806,163.06647,165.63006,0.085,-11.5,-8.9,-9.21,10,time_exit,40.67195,0.56969,-3.02814,-2.57155,new_york,2022
GBPJPY,-1,2022-11-15 06:00:00,2022-11-15 14:00:00,165.188,165.81116,165.81116,163.94169,0.1164,-62.3,-66.01,-66.33,8,stop_loss,16.91935,0.41544,0.57551,-3.45982,,2022
GBPJPY,1,2022-11-15 21:00:00,2022-11-16 07:00:00,164.806,165.847,164.0233,166.3714,0.0917,104.1,86.87,86.55,10,time_exit,13.88532,0.5218,-0.64791,-2.10382,new_york,2022
GBPJPY,1,2022-11-17 04:00:00,2022-11-17 14:00:00,165.857,165.28591,165.28591,166.99919,0.1274,-57.1,-66.21,-66.53,10,stop_loss,7.79147,0.38073,0.56373,-1.25553,,2022
GBPJPY,1,2022-11-23 00:00:00,2022-11-23 10:00:00,167.828,168.03,167.46295,168.5581,0.1973,20.2,36.27,35.95,10,time_exit,15.93552,0.24337,1.38545,3.20821,,2022
GBPJPY,1,2022-11-24 03:00:00,2022-11-24 09:00:00,168.068,167.62807,167.62807,168.94785,0.1646,-44.0,-65.89,-66.21,6,stop_loss,19.42417,0.29328,0.23954,3.12991,,2022
GBPJPY,1,2022-11-24 12:00:00,2022-11-24 22:00:00,167.585,167.868,167.12641,168.50218,0.1563,28.3,40.25,39.93,10,time_exit,27.56726,0.30573,-1.16182,2.61942,london,2022
GBPJPY,1,2022-11-25 19:00:00,2022-11-25 20:00:00,168.435,167.98034,167.98034,169.34432,0.1586,-45.5,-65.62,-65.94,1,stop_loss,17.69683,0.30311,1.30682,2.21172,new_york,2022
GBPJPY,-1,2022-11-28 00:00:00,2022-11-28 03:00:00,167.927,167.00876,168.38612,167.00876,0.1555,91.8,129.94,129.62,3,take_profit,14.41692,0.30608,0.65996,2.14588,,2022
GBPJPY,1,2022-11-29 10:00:00,2022-11-29 11:00:00,166.427,165.88352,165.88352,167.51395,0.134,-54.3,-66.27,-66.59,1,stop_loss,26.93827,0.36232,-1.42801,-0.69133,london,2022
GBPJPY,-1,2022-12-01 09:00:00,2022-12-01 11:00:00,165.012,165.64318,165.64318,163.74964,0.1142,-63.1,-65.59,-65.91,2,stop_loss,23.8124,0.42079,-2.59944,-1.52999,london,2022
GBPJPY,-1,2022-12-02 05:00:00,2022-12-02 10:00:00,165.424,164.25588,166.00806,164.25588,0.1222,116.8,129.9,129.58,5,take_profit,13.4194,0.38937,-1.36187,-1.61088,,2022
GBPJPY,-1,2022-12-05 20:00:00,2022-12-06 04:00:00,166.438,167.02447,167.02447,165.26506,0.1241,-58.6,-66.23,-66.55,8,stop_loss,14.34948,0.39098,1.66835,-1.20467,new_york,2022
GBPJPY,-1,2022-12-06 09:00:00,2022-12-06 13:00:00,167.239,166.18616,167.76542,166.18616,0.1369,105.3,131.16,130.84,4,take_profit,19.42075,0.35095,2.9464,-0.34671,london,2022
GBPJPY,-1,2022-12-07 11:00:00,2022-12-07 21:00:00,167.043,166.469,167.55729,166.01443,0.1429,57.4,74.64,74.32,10,time_exit,15.17845,0.34286,1.86896,0.1169,london,2022
GBPJPY,-1,2022-12-08 11:00:00,2022-12-08 20:00:00,166.617,167.10576,167.10576,165.63948,0.152,-48.9,-67.61,-67.92,9,stop_loss,13.06622,0.32584,-0.07171,0.56384,london,2022
GBPJPY,1,2022-12-09 10:00:00,2022-12-09 12:00:00,167.111,166.67294,166.67294,167.98712,0.1679,-43.8,-66.93,-67.25,2,stop_loss,11.14929,0.29204,0.93461,0.95702,london,2022
GBPJPY,-1,2022-12-13 08:00:00,2022-12-13 15:00:00,168.932,168.02239,169.3868,168.02239,0.1601,91.0,132.52,132.2,7,take_profit,22.05776,0.3032,2.95632,3.13452,london,2022
GBPJPY,1,2022-12-14 07:00:00,2022-12-14 12:00:00,167.38,166.90592,166.90592,168.32816,0.1567,-47.4,-67.6,-67.92,5,stop_loss,32.25496,0.31605,-1.59334,1.99042,london,2022
GBPJPY,-1,2022-12-16 23:00:00,2022-12-19 09:00:00,166.242,165.599,166.81294,165.10011,0.1288,64.3,75.36,75.05,10,time_exit,23.79925,0.38063,-2.73114,-0.19683,,2022
GBPJPY,-1,2022-12-21 11:00:00,2022-12-21 16:00:00,159.877,160.68706,160.68706,158.25689,0.0918,-81.0,-67.67,-67.99,5,stop_loss,35.43923,0.54004,-4.61034,-5.59269,london,2022
GBPJPY,1,2022-12-28 08:00:00,2022-12-28 16:00:00,161.219,162.03316,160.81192,162.03316,0.1808,81.4,133.95,133.63,8,take_profit,33.83585,0.27139,2.68312,-6.3412,london,2022
GBPJPY,1,2022-12-29 19:00:00,2022-12-30 02:00:00,160.576,160.07645,160.07645,161.5751,0.1503,-50.0,-68.33,-68.64,7,stop_loss,26.55517,0.33303,-1.02475,-2.94904,new_york,2022
GBPJPY,-1,2023-01-02 07:00:00,2023-01-02 17:00:00,158.143,157.5,158.72935,156.9703,0.1267,64.3,74.14,73.82,10,time_exit,41.03442,0.3909,-3.03354,-4.38367,london,2023
GBPJPY,-1,2023-01-03 07:00:00,2023-01-03 11:00:00,156.452,155.42157,156.96722,155.42157,0.1458,103.0,136.72,136.4,4,take_profit,38.62488,0.34348,-4.88242,-6.25068,london,2023
GBPJPY,-1,2023-01-03 20:00:00,2023-01-04 01:00:00,156.486,157.17126,157.17126,155.11548,0.1118,-68.5,-69.72,-70.04,5,stop_loss,26.73472,0.45684,-2.05115,-5.19845,new_york,2023
GBPJPY,1,2023-01-04 12:00:00,2023-01-04 17:00:00,157.289,158.39786,156.73457,158.39786,0.1368,110.9,138.04,137.72,5,take_profit,17.78923,0.36962,0.3652,-5.97744,london,2023
GBPJPY,-1,2023-01-05 13:00:00,2023-01-05 15:00:00,159.317,159.88611,159.88611,158.17878,0.136,-56.9,-70.43,-70.75,2,stop_loss,34.37341,0.37941,2.32243,-2.29183,london,2023
GBPJPY,-1,2023-01-05 19:00:00,2023-01-06 05:00:00,158.963,159.55015,159.55015,157.78869,0.1305,-58.7,-69.73,-70.05,10,stop_loss,33.34179,0.39144,0.93278,-1.79196,new_york,2023
GBPJPY,1,2023-01-09 11:00:00,2023-01-09 21:00:00,160.644,160.557,160.11835,161.6953,0.1443,-8.7,-11.42,-11.74,10,time_exit,16.10824,0.35043,3.40497,0.1928,london,2023
GBPJPY,-1,2023-01-11 06:00:00,2023-01-11 16:00:00,160.981,161.0,161.3658,160.21141,0.1967,-1.9,-3.4,-3.72,10,time_exit,18.98981,0.25653,2.12599,2.41441,,2023
GBPJPY,-1,2023-01-11 16:00:00,2023-01-11 17:00:00,160.644,161.05846,161.05846,159.81509,0.1825,-41.4,-68.83,-69.15,1,stop_loss,17.31473,0.2763,0.27881,2.36195,new_york,2023
GBPJPY,1,2023-01-11 23:00:00,2023-01-12 01:00:00,160.972,160.54872,160.54872,161.81856,0.1769,-42.3,-68.14,-68.46,2,stop_loss,16.31723,0.28219,1.19743,2.3185,,2023
GBPJPY,1,2023-01-12 07:00:00,2023-01-12 11:00:00,159.936,159.45049,159.45049,160.90702,0.1527,-48.6,-67.46,-67.78,4,stop_loss,24.24042,0.32367,-1.87233,1.66538,london,2023
GBPJPY,1,2023-01-12 15:00:00,2023-01-12 17:00:00,158.565,158.01379,158.01379,159.66741,0.1332,-55.1,-66.81,-67.13,2,stop_loss,38.31704,0.36747,-4.61929,0.80064,london,2023
GBPJPY,-1,2023-01-13 10:00:00,2023-01-13 11:00:00,156.783,157.37168,157.37168,155.60564,0.1234,-58.9,-66.11,-66.42,1,stop_loss,63.00916,0.39245,-5.33811,-1.79628,london,2023
GBPJPY,-1,2023-01-16 11:00:00,2023-01-16 21:00:00,156.736,156.777,157.3265,155.555,0.1218,-4.1,-4.54,-4.86,10,time_exit,31.27882,0.39367,-1.53862,-3.92666,london,2023
GBPJPY,-1,2023-01-16 22:00:00,2023-01-17 08:00:00,156.777,156.908,157.25657,155.81786,0.1499,-13.1,-17.87,-18.19,10,time_exit,25.48852,0.31971,-1.09745,-4.79566,,2023
GBPJPY,-1,2023-01-18 16:00:00,2023-01-19 02:00:00,158.814,158.223,159.76134,156.91931,0.0757,59.1,40.71,40.39,10,time_exit,34.37875,0.63156,0.74314,-0.25715,new_york,2023
GBPJPY,1,2023-01-19 08:00:00,2023-01-19 18:00:00,157.809,158.862,157.12541,159.17619,0.1055,105.3,101.09,100.77,10,time_exit,21.64479,0.45573,-1.44503,-0.14259,london,2023
GBPJPY,1,2023-01-20 05:00:00,2023-01-20 13:00:00,159.498,160.41106,159.04147,160.41106,0.1604,91.3,133.27,132.96,8,take_profit,24.08915,0.30435,2.55625,0.42998,,2023
GBPJPY,-1,2023-01-23 18:00:00,2023-01-24 04:00:00,161.577,161.425,162.09225,160.54649,0.145,15.2,20.06,19.74,10,time_exit,33.88117,0.3435,3.57485,3.23191,new_york,2023
GBPJPY,-1,2023-01-26 03:00:00,2023-01-26 10:00:00,160.325,160.76842,160.76842,159.43816,0.1689,-44.3,-68.15,-68.47,7,stop_loss,20.78748,0.29561,-0.63755,2.19022,,2023
GBPJPY,1,2023-01-26 17:00:00,2023-01-27 02:00:00,161.266,160.73477,160.73477,162.32846,0.1396,-53.1,-67.49,-67.8,9,stop_loss,22.63607,0.35415,1.91013,1.76833,new_york,2023
GBPJPY,-1,2023-01-27 02:00:00,2023-01-27 12:00:00,161.126,160.646,161.60674,160.16452,0.1527,48.0,66.7,66.38,10,time_exit,29.73399,0.32049,0.9328,2.34162,,2023
GBPJPY,1,2023-01-27 16:00:00,2023-01-30 02:00:00,160.457,161.3097,160.03065,161.3097,0.1739,85.3,134.94,134.62,10,take_profit,20.69297,0.28423,-1.24268,2.22227,new_york,2023
GBPJPY,1,2023-01-30 13:00:00,2023-01-30 23:00:00,161.159,161.101,160.6578,162.16139,0.1509,-5.8,-7.96,-8.28,10,time_exit,16.22788,0.33413,0.86873,1.64707,london,2023
GBPJPY,-1,2023-01-31 11:00:00,2023-01-31 17:00:00,160.51,159.78132,160.87434,159.78132,0.2073,72.9,137.46,137.14,6,take_profit,19.13915,0.24289,-1.73268,1.94113,london,2023
GBPJPY,-1,2023-02-01 00:00:00,2023-02-01 09:00:00,160.201,160.59301,160.59301,159.41699,0.1965,-39.2,-70.1,-70.42,9,stop_loss,26.43118,0.26134,-1.68547,0.98062,,2023
GBPJPY,-1,2023-02-01 23:00:00,2023-02-02 09:00:00,159.413,159.188,159.87661,158.48579,0.1645,22.5,33.68,33.36,10,time_exit,31.55228,0.30907,-2.31611,-0.60224,,2023
GBPJPY,1,2023-02-03 06:00:00,2023-02-03 16:00:00,157.006,157.98971,156.51414,157.98971,0.1558,98.4,139.47,139.15,10,take_profit,51.69674,0.3279,-4.89038,-3.509,,2023
GBPJPY,-1,2023-02-03 18:00:00,2023-02-06 00:00:00,158.649,159.21825,159.21825,157.5105,0.1373,-56.9,-71.12,-71.44,6,stop_loss,39.28518,0.3795,1.25049,-3.48038,new_york,2023
GBPJPY,-1,2023-02-06 20:00:00,2023-02-07 06:00:00,159.484,159.265,160.0228,158.40641,0.1436,21.9,28.62,28.3,10,time_exit,41.35357,0.3592,2.075,-1.74897,new_york,2023
GBPJPY,-1,2023-02-07 14:00:00,2023-02-07 20:00:00,158.385,157.5017,158.82665,157.5017,0.1759,88.3,141.39,141.07,6,take_profit,31.88601,0.29443,-1.74739,-1.44933,london,2023
GBPJPY,1,2023-02-08 03:00:00,2023-02-08 13:00:00,157.757,158.229,157.31904,158.63292,0.1809,47.2,77.7,77.38,10,time_exit,44.78021,0.29197,-2.46373,-2.29462,,2023
GBPJPY,-1,2023-02-10 00:00:00,2023-02-10 09:00:00,159.404,158.65054,159.78073,158.65054,0.2126,75.3,145.77,145.45,9,take_profit,20.07861,0.25115,2.18439,-0.7325,,2023
GBPJPY,-1,2023-02-13 02:00:00,2023-02-13 05:00:00,158.534,158.98968,158.98968,157.62264,0.1793,-45.6,-74.35,-74.67,3,stop_loss,10.21747,0.30379,-0.5676,-0.75316,,2023
GBPJPY,1,2023-02-13 14:00:00,2023-02-13 17:00:00,159.991,160.85228,159.56036,160.85228,0.1878,86.1,147.19,146.87,3,take_profit,26.63922,0.28709,3.67095,-0.13248,london,2023
GBPJPY,-1,2023-02-13 20:00:00,2023-02-14 06:00:00,160.884,160.327,161.35641,159.93918,0.1746,55.7,88.5,88.18,10,time_exit,42.34907,0.31494,4.94314,0.78703,new_york,2023
GBPJPY,1,2023-02-14 12:00:00,2023-02-14 16:00:00,160.907,161.74595,160.48752,161.74595,0.1989,83.9,151.85,151.53,4,take_profit,32.37217,0.27965,3.61206,2.15757,london,2023
GBPJPY,-1,2023-02-22 05:00:00,2023-02-22 15:00:00,163.513,162.874,163.97096,162.59709,0.1858,63.9,108.04,107.72,10,time_exit,44.94757,0.3053,3.63438,4.13572,,2023
GBPJPY,-1,2023-02-24 18:00:00,2023-02-27 04:00:00,162.864,162.817,163.35988,161.87224,0.174,4.7,7.44,7.12,10,time_exit,28.28946,0.33059,1.65816,1.80814,new_york,2023
GBPJPY,1,2023-02-27 09:00:00,2023-02-27 15:00:00,162.719,163.46718,162.34491,163.46718,0.2309,74.8,157.21,156.89,6,take_profit,11.85739,0.24939,0.526,2.77612,london,2023
GBPJPY,-1,2023-03-01 09:00:00,2023-03-01 12:00:00,164.302,163.47717,164.71442,163.47717,0.2136,82.5,160.33,160.01,3,take_profit,26.38957,0.27494,0.91207,4.60062,london,2023
GBPJPY,1,2023-03-01 21:00:00,2023-03-02 07:00:00,163.422,163.795,162.8728,164.5204,0.1636,37.3,55.53,55.21,10,time_exit,26.74056,0.36613,-1.13969,2.66205,new_york,2023
GBPJPY,-1,2023-03-03 03:00:00,2023-03-03 13:00:00,163.516,163.231,163.89501,162.75799,0.2387,28.5,61.91,61.59,10,time_exit,23.27057,0.25267,-0.36502,2.24459,,2023
GBPJPY,1,2023-03-06 17:00:00,2023-03-07 03:00:00,163.32,163.739,162.93073,164.09855,0.2341,41.9,89.26,88.94,10,time_exit,17.30724,0.25952,-0.43051,1.07909,new_york,2023
GBPJPY,-1,2023-03-09 05:00:00,2023-03-09 15:00:00,162.323,162.081,162.70672,161.55555,0.2401,24.2,52.87,52.56,10,time_exit,22.43792,0.25582,-1.39752,-1.19285,,2023
GBPJPY,-1,2023-03-09 20:00:00,2023-03-10 04:00:00,162.45,162.85099,162.85099,161.64802,0.2312,-40.1,-84.37,-84.68,8,stop_loss,24.1048,0.26733,0.05226,-1.60675,new_york,2023
GBPJPY,-1,2023-03-13 11:00:00,2023-03-13 12:00:00,162.786,161.31823,163.51989,161.31823,0.125,146.8,166.96,166.64,1,take_profit,14.32365,0.48926,0.27656,-0.35162,london,2023
GBPJPY,-1,2023-03-14 20:00:00,2023-03-15 06:00:00,163.367,163.421,164.15817,161.78465,0.1183,-5.4,-5.81,-6.13,10,time_exit,16.84765,0.52745,1.43781,-0.16864,new_york,2023
GBPJPY,1,2023-03-15 09:00:00,2023-03-15 12:00:00,163.668,163.1494,163.1494,164.70521,0.1803,-51.9,-85.09,-85.41,3,stop_loss,16.65214,0.34574,2.14241,0.41577,london,2023
GBPJPY,1,2023-03-16 17:00:00,2023-03-16 20:00:00,159.971,161.85871,159.02714,161.85871,0.0981,188.8,168.52,168.2,3,take_profit,17.77433,0.62924,-1.98503,-1.58514,new_york,2023
GBPJPY,1,2023-03-20 13:00:00,2023-03-20 20:00:00,159.977,161.68255,159.12423,161.68255,0.1107,170.6,171.81,171.49,7,take_profit,24.21611,0.56852,-1.69154,-1.52585,london,2023
GBPJPY,1,2023-03-21 02:00:00,2023-03-21 12:00:00,161.338,161.986,160.66206,162.68989,0.1425,64.8,84.03,83.71,10,time_exit,13.29109,0.45063,0.6694,-1.52929,,2023
GBPJPY,1,2023-03-22 15:00:00,2023-03-22 16:00:00,163.043,162.4902,162.4902,164.1486,0.1759,-55.3,-88.49,-88.8,1,stop_loss,25.22312,0.36853,3.52165,0.00036,london,2023
GBPJPY,1,2023-03-23 23:00:00,2023-03-24 04:00:00,160.455,159.78921,159.78921,161.78658,0.1446,-66.6,-87.61,-87.93,5,stop_loss,20.21404,0.44386,-2.15327,-0.53039,,2023
GBPJPY,1,2023-03-24 21:00:00,2023-03-27 07:00:00,159.819,159.956,159.11789,161.22122,0.1359,13.7,16.94,16.62,10,time_exit,40.36711,0.46741,-1.22884,-1.87363,new_york,2023
GBPJPY,-1,2023-03-28 05:00:00,2023-03-28 10:00:00,160.991,161.48788,161.48788,159.99723,0.1922,-49.7,-86.91,-87.22,5,stop_loss,31.38612,0.33126,0.47012,-0.97092,,2023
GBPJPY,-1,2023-03-29 05:00:00,2023-03-29 09:00:00,162.126,162.6137,162.6137,161.15061,0.1938,-48.8,-86.01,-86.33,4,stop_loss,14.18802,0.32513,2.92781,-0.05953,,2023
GBPJPY,-1,2023-03-29 23:00:00,2023-03-30 09:00:00,163.54,163.301,164.00694,162.60612,0.2004,23.9,43.58,43.27,10,time_exit,37.00061,0.31129,4.61318,2.01741,,2023
GBPJPY,1,2023-03-31 06:00:00,2023-03-31 11:00:00,164.795,164.30398,164.30398,165.77704,0.1915,-49.1,-85.57,-85.89,5,stop_loss,29.97025,0.32735,3.86448,4.23876,,2023
GBPJPY,1,2023-03-31 22:00:00,2023-04-03 08:00:00,163.672,163.946,163.11369,164.78861,0.1668,27.4,41.59,41.27,10,time_exit,22.58138,0.3722,-0.86558,4.03402,,2023
GBPJPY,-1,2023-04-04 00:00:00,2023-04-04 06:00:00,164.298,164.76475,164.76475,163.36451,0.2004,-46.7,-85.12,-85.44,6,stop_loss,15.40802,0.31116,0.81329,4.09396,,2023
GBPJPY,-1,2023-04-04 16:00:00,2023-04-04 17:00:00,165.742,164.75145,166.23728,164.75145,0.187,99.1,168.56,168.24,1,take_profit,26.78763,0.33018,3.29323,4.34671,new_york,2023
GBPJPY,1,2023-04-05 01:00:00,2023-04-05 03:00:00,164.58,164.10053,164.10053,165.53895,0.197,-47.9,-85.96,-86.27,2,stop_loss,20.51308,0.31965,-0.3018,4.11914,,2023
GBPJPY,-1,2023-04-05 20:00:00,2023-04-06 06:00:00,163.269,163.244,163.84304,162.12093,0.1629,2.5,3.71,3.39,10,time_exit,21.70822,0.38269,-2.58799,2.0859,new_york,2023
GBPJPY,1,2023-04-06 10:00:00,2023-04-06 20:00:00,163.687,164.01,163.26182,164.53736,0.22,32.3,64.66,64.35,10,time_exit,27.06496,0.28345,-0.60781,1.47866,london,2023
GBPJPY,-1,2023-04-07 03:00:00,2023-04-07 09:00:00,163.762,164.15766,164.15766,162.97068,0.2382,-39.6,-85.76,-86.08,6,stop_loss,12.6583,0.26377,-0.34314,1.33043,,2023
GBPJPY,-1,2023-04-07 16:00:00,2023-04-10 02:00:00,164.019,164.208,164.39607,163.26485,0.2475,-18.9,-42.57,-42.89,10,time_exit,14.94293,0.25138,0.613,1.26482,new_york,2023
GBPJPY,1,2023-04-10 05:00:00,2023-04-10 10:00:00,164.684,164.3064,164.3064,165.43919,0.2459,-37.8,-84.49,-84.81,5,stop_loss,20.87765,0.25173,2.68498,1.51755,,2023
GBPJPY,-1,2023-04-10 12:00:00,2023-04-10 13:00:00,164.152,164.54063,164.54063,163.37473,0.2365,-38.9,-83.64,-83.96,1,stop_loss,22.74193,0.25909,0.14783,1.66403,london,2023
GBPJPY,1,2023-04-11 10:00:00,2023-04-11 11:00:00,165.69,165.34393,165.34393,166.38215,0.2629,-34.6,-82.79,-83.11,1,stop_loss,33.50471,0.23072,3.72455,3.58216,london,2023
GBPJPY,1,2023-04-11 16:00:00,2023-04-12 02:00:00,165.472,166.052,165.10105,166.2139,0.2428,58.0,128.15,127.83,10,time_exit,31.39585,0.2473,1.99837,3.59785,new_york,2023
GBPJPY,-1,2023-04-12 02:00:00,2023-04-12 05:00:00,166.08,166.39555,166.39555,165.44891,0.2899,-31.6,-83.24,-83.56,3,stop_loss,41.02829,0.21036,3.63717,4.97479,,2023
GBPJPY,-1,2023-04-12 09:00:00,2023-04-12 14:00:00,166.486,165.84098,166.80851,165.84098,0.2808,64.5,164.82,164.5,5,take_profit,46.50296,0.21501,4.31914,5.35314,london,2023
GBPJPY,1,2023-04-13 00:00:00,2023-04-13 10:00:00,166.195,166.223,165.75825,167.06851,0.2115,2.8,5.39,5.07,10,time_exit,23.6082,0.29117,1.3218,4.03643,,2023
GBPJPY,-1,2023-04-14 10:00:00,2023-04-14 20:00:00,166.032,165.929,166.37434,165.34732,0.27,10.3,25.31,24.99,10,time_exit,17.91799,0.22823,-0.12427,4.24969,london,2023
GBPJPY,1,2023-04-17 00:00:00,2023-04-17 10:00:00,166.024,166.406,165.66724,166.73752,0.2598,38.2,90.31,89.99,10,time_exit,16.30718,0.23784,0.04166,3.39494,,2023
GBPJPY,-1,2023-04-18 08:00:00,2023-04-18 10:00:00,166.49,166.82783,166.82783,165.81434,0.2773,-33.8,-85.25,-85.57,2,stop_loss,9.4263,0.22522,1.15127,3.27794,london,2023
GBPJPY,-1,2023-04-18 12:00:00,2023-04-18 22:00:00,166.857,166.603,167.20696,166.15708,0.265,25.4,61.25,60.93,10,time_exit,14.07889,0.23331,2.35761,3.27168,london,2023
GBPJPY,1,2023-04-19 17:00:00,2023-04-20 03:00:00,167.393,167.564,166.97117,168.23666,0.2215,17.1,34.47,34.15,10,time_exit,24.67742,0.28122,2.23055,3.13312,new_york,2023
GBPJPY,1,2023-04-21 00:00:00,2023-04-21 04:00:00,166.961,166.61845,166.61845,167.64611,0.2738,-34.3,-85.35,-85.67,4,stop_loss,20.50963,0.22837,-0.4747,3.81337,,2023
GBPJPY,1,2023-04-21 20:00:00,2023-04-24 06:00:00,166.721,167.081,166.30018,167.56264,0.2207,36.0,72.3,71.98,10,time_exit,31.41437,0.28055,0.09863,1.45172,new_york,2023
GBPJPY,1,2023-04-24 10:00:00,2023-04-24 12:00:00,166.683,167.40046,166.32427,167.40046,0.261,71.7,170.4,170.09,2,take_profit,18.50656,0.23915,-0.40547,1.71624,london,2023
GBPJPY,1,2023-04-24 19:00:00,2023-04-25 05:00:00,167.43,167.703,167.01135,168.2673,0.2281,27.3,56.67,56.35,10,time_exit,16.79812,0.2791,1.68261,1.80767,new_york,2023
GBPJPY,1,2023-04-26 00:00:00,2023-04-26 10:00:00,165.903,166.269,165.40862,166.89176,0.1945,36.6,64.78,64.46,10,time_exit,34.07644,0.32959,-2.67143,0.76036,,2023
GBPJPY,-1,2023-04-28 03:00:00,2023-04-28 04:00:00,167.061,167.49838,167.49838,166.18625,0.2214,-43.7,-88.12,-88.44,1,stop_loss,16.3417,0.29158,0.89311,0.66929,,2023
GBPJPY,1,2023-04-28 10:00:00,2023-04-28 17:00:00,169.095,170.61181,168.3366,170.61181,0.1264,151.7,174.47,174.15,7,take_profit,20.24068,0.5056,4.05764,0.72729,london,2023
GBPJPY,-1,2023-05-01 13:00:00,2023-05-01 17:00:00,171.256,171.75776,171.75776,170.25248,0.1949,-50.2,-88.99,-89.31,4,stop_loss,46.99627,0.33451,4.57866,6.06872,london,2023
GBPJPY,-1,2023-05-03 01:00:00,2023-05-03 11:00:00,170.262,169.886,170.73192,169.32216,0.206,37.6,70.48,70.17,10,time_exit,33.42781,0.31328,-1.81082,6.4689,,2023
GBPJPY,1,2023-05-04 10:00:00,2023-05-04 17:00:00,168.913,168.39713,168.39713,169.94473,0.1891,-51.6,-88.77,-89.09,7,stop_loss,23.73804,0.34391,-2.71805,2.43803,london,2023
GBPJPY,-1,2023-05-05 03:00:00,2023-05-05 09:00:00,168.776,169.29332,169.29332,167.74136,0.1867,-51.7,-87.89,-88.21,6,stop_loss,29.91659,0.34488,-1.59576,1.03356,,2023
GBPJPY,1,2023-05-09 00:00:00,2023-05-09 10:00:00,170.35,169.98048,169.98048,171.08905,0.2588,-37.0,-87.03,-87.34,10,stop_loss,28.3717,0.24635,1.42029,3.05115,,2023
GBPJPY,1,2023-05-09 14:00:00,2023-05-10 00:00:00,170.088,170.618,169.69658,170.87085,0.2418,53.0,116.62,116.3,10,time_exit,17.58287,0.26095,-0.41588,2.61953,london,2023
GBPJPY,1,2023-05-12 17:00:00,2023-05-15 03:00:00,168.687,169.165,168.25631,169.54837,0.2228,47.8,96.91,96.6,10,time_exit,26.11944,0.28712,-1.2444,-1.47639,new_york,2023
GBPJPY,-1,2023-05-16 06:00:00,2023-05-16 09:00:00,170.344,169.69947,170.66627,169.69947,0.301,64.5,176.54,176.23,3,take_profit,24.81759,0.21484,2.61455,1.11535,,2023
GBPJPY,-1,2023-05-16 11:00:00,2023-05-16 12:00:00,169.935,170.33163,170.33163,169.14174,0.2495,-39.7,-90.05,-90.37,1,stop_loss,25.81313,0.26442,0.39151,0.97418,london,2023
GBPJPY,-1,2023-05-16 16:00:00,2023-05-17 02:00:00,170.308,170.313,170.73891,169.44619,0.2273,-0.5,-1.03,-1.35,10,time_exit,24.65936,0.28727,1.43927,1.01372,new_york,2023
GBPJPY,1,2023-05-17 09:00:00,2023-05-17 10:00:00,170.501,170.17341,170.17341,171.15619,0.299,-32.8,-89.13,-89.45,1,stop_loss,12.96298,0.2184,1.6819,1.86503,london,2023
GBPJPY,-1,2023-05-17 21:00:00,2023-05-18 07:00:00,171.93,171.645,172.36241,171.06518,0.2242,28.5,58.15,57.83,10,time_exit,25.76028,0.28827,5.06938,2.09885,new_york,2023
GBPJPY,1,2023-05-18 15:00:00,2023-05-19 01:00:00,171.485,172.112,171.08975,172.2755,0.2469,62.7,140.87,140.56,10,time_exit,20.29836,0.2635,1.68823,3.37467,london,2023
GBPJPY,1,2023-05-19 09:00:00,2023-05-19 14:00:00,171.486,172.16025,171.14888,172.16025,0.294,67.4,180.39,180.07,5,take_profit,17.81033,0.22475,0.14387,4.56041,london,2023
GBPJPY,1,2023-05-22 02:00:00,2023-05-22 12:00:00,171.44,171.602,170.99911,172.32177,0.2293,16.2,33.8,33.48,10,time_exit,21.38566,0.29392,-0.63284,3.33158,,2023
GBPJPY,1,2023-05-22 16:00:00,2023-05-22 17:00:00,172.468,172.03607,172.03607,173.33186,0.2349,-43.2,-92.33,-92.65,1,stop_loss,23.19717,0.28795,2.80232,3.04244,new_york,2023
GBPJPY,1,2023-05-23 04:00:00,2023-05-23 10:00:00,172.332,171.93052,171.93052,173.13496,0.2502,-40.1,-91.41,-91.73,6,stop_loss,12.66078,0.26765,1.60236,3.53878,,2023
GBPJPY,1,2023-05-23 20:00:00,2023-05-24 06:00:00,172.131,172.007,171.63124,173.13053,0.199,-12.4,-22.46,-22.77,10,time_exit,17.41679,0.33318,0.5774,2.4975,new_york,2023
GBPJPY,-1,2023-05-24 09:00:00,2023-05-24 10:00:00,171.983,172.32329,172.32329,171.30242,0.2915,-34.0,-90.27,-90.59,1,stop_loss,8.79144,0.22686,0.02641,3.33,london,2023
GBPJPY,-1,2023-05-25 07:00:00,2023-05-25 17:00:00,172.336,172.404,172.78485,171.4383,0.2188,-6.8,-13.54,-13.86,10,time_exit,10.70827,0.29923,0.83988,2.28821,london,2023
GBPJPY,-1,2023-05-26 22:00:00,2023-05-29 08:00:00,173.673,173.388,174.08103,172.85694,0.2403,28.5,62.32,62.0,10,time_exit,26.38918,0.27202,3.81365,3.04139,,2023
GBPJPY,-1,2023-05-29 21:00:00,2023-05-30 07:00:00,173.489,173.392,173.7823,172.90239,0.3366,9.7,29.71,29.39,10,time_exit,17.00289,0.19554,1.97989,4.89895,new_york,2023
GBPJPY,1,2023-05-31 22:00:00,2023-06-01 08:00:00,173.041,173.594,172.53172,174.05957,0.1945,55.3,97.88,97.56,10,time_exit,14.90402,0.33952,-0.44764,1.78662,,2023
GBPJPY,1,2023-06-02 21:00:00,2023-06-05 07:00:00,174.305,174.16,173.9278,175.0594,0.2655,-14.5,-35.03,-35.35,10,time_exit,24.66982,0.25147,1.78532,3.13125,new_york,2023
GBPJPY,1,2023-06-05 07:00:00,2023-06-05 11:00:00,174.204,173.89746,173.89746,174.81708,0.3254,-30.7,-90.77,-91.09,4,stop_loss,24.69144,0.20436,1.09823,3.9123,london,2023
GBPJPY,1,2023-06-07 01:00:00,2023-06-07 04:00:00,173.434,173.11123,173.11123,174.07955,0.3059,-32.3,-89.85,-90.17,3,stop_loss,16.40948,0.21518,-0.66716,1.26244,,2023
GBPJPY,1,2023-06-07 15:00:00,2023-06-08 01:00:00,173.81,174.137,173.44193,174.54615,0.2656,32.7,79.03,78.72,10,time_exit,20.65991,0.24538,1.56778,0.5599,london,2023
GBPJPY,1,2023-06-08 13:00:00,2023-06-08 23:00:00,174.174,174.481,173.83495,174.85211,0.2909,30.7,81.27,80.95,10,time_exit,23.75547,0.22604,1.42345,1.74155,london,2023
GBPJPY,1,2023-06-12 08:00:00,2023-06-12 13:00:00,175.303,175.00176,175.00176,175.90549,0.3303,-30.1,-90.55,-90.86,5,stop_loss,18.8464,0.20083,2.24714,4.37817,london,2023
GBPJPY,-1,2023-06-12 14:00:00,2023-06-13 00:00:00,175.05,174.662,175.41609,174.31782,0.2691,38.8,95.01,94.7,10,time_exit,15.59032,0.24406,0.37009,3.71011,london,2023
GBPJPY,1,2023-06-13 07:00:00,2023-06-13 09:00:00,174.706,175.33007,174.39397,175.33007,0.319,62.4,181.16,180.84,2,take_profit,28.30569,0.20802,-0.52631,3.19817,london,2023
GBPJPY,1,2023-06-14 10:00:00,2023-06-14 20:00:00,176.689,176.759,176.35644,177.35413,0.3053,7.0,19.45,19.13,10,time_exit,47.58113,0.22171,3.93256,5.30084,london,2023
GBPJPY,-1,2023-06-14 20:00:00,2023-06-14 23:00:00,176.915,177.25221,177.25221,176.24058,0.3017,-33.7,-92.58,-92.9,3,stop_loss,36.52828,0.22481,3.27205,5.89432,new_york,2023
GBPJPY,1,2023-06-15 03:00:00,2023-06-15 04:00:00,177.35,178.02968,177.01016,178.02968,0.2964,68.0,183.33,183.01,1,take_profit,35.91342,0.22656,4.07914,6.24623,,2023
GBPJPY,-1,2023-06-15 07:00:00,2023-06-15 09:00:00,178.375,178.75548,178.75548,177.61404,0.27,-38.0,-93.48,-93.8,2,stop_loss,44.12915,0.25365,6.70488,6.08698,london,2023
GBPJPY,-1,2023-06-16 04:00:00,2023-06-16 05:00:00,179.136,179.51159,179.51159,178.38482,0.2708,-37.6,-92.56,-92.87,1,stop_loss,42.89205,0.25039,4.519,8.5781,,2023
GBPJPY,1,2023-06-20 20:00:00,2023-06-21 06:00:00,180.191,180.727,179.67948,181.21404,0.1968,53.6,95.99,95.67,10,time_exit,34.66113,0.34101,-1.96604,7.30118,new_york,2023
GBPJPY,1,2023-06-21 14:00:00,2023-06-21 17:00:00,180.1,181.18244,179.55878,181.18244,0.188,108.2,185.18,184.86,3,take_profit,23.88161,0.36081,-1.79317,5.54195,london,2023
GBPJPY,-1,2023-06-21 20:00:00,2023-06-22 06:00:00,181.051,180.983,181.58929,179.97442,0.1928,6.8,11.93,11.61,10,time_exit,19.64111,0.35886,0.81127,5.28529,new_york,2023
GBPJPY,-1,2023-06-22 22:00:00,2023-06-23 08:00:00,182.337,182.192,182.87487,181.26127,0.1932,14.5,25.49,25.17,10,time_exit,35.1516,0.35858,3.15562,4.93021,,2023
GBPJPY,-1,2023-06-23 19:00:00,2023-06-26 05:00:00,182.584,182.714,183.27615,181.19969,0.1505,-13.0,-17.8,-18.12,10,time_exit,22.86444,0.46144,1.82063,3.88153,new_york,2023
GBPJPY,-1,2023-06-26 12:00:00,2023-06-26 22:00:00,182.332,182.392,182.84043,181.31514,0.2045,-6.0,-11.17,-11.48,10,time_exit,13.19298,0.33895,0.47343,5.31569,london,2023
GBPJPY,-1,2023-06-27 20:00:00,2023-06-28 06:00:00,183.562,183.313,183.9941,182.6978,0.2403,24.9,54.45,54.13,10,time_exit,18.44894,0.28807,3.3339,5.56568,new_york,2023
GBPJPY,-1,2023-06-29 13:00:00,2023-06-29 23:00:00,182.578,182.594,182.95561,181.82279,0.2766,-1.6,-4.03,-4.35,10,time_exit,18.07574,0.25174,-0.33544,4.20243,london,2023
GBPJPY,-1,2023-06-30 11:00:00,2023-06-30 16:00:00,183.083,183.49826,183.49826,182.25248,0.2514,-41.5,-95.0,-95.32,5,stop_loss,15.72776,0.27684,1.5183,3.07049,london,2023
GBPJPY,1,2023-07-03 02:00:00,2023-07-03 12:00:00,183.288,183.195,182.88796,184.08807,0.2583,-9.3,-21.86,-22.18,10,time_exit,23.52796,0.26669,1.34984,3.42892,,2023
GBPJPY,1,2023-07-03 20:00:00,2023-07-04 06:00:00,183.704,183.544,183.28114,184.54971,0.2438,-16.0,-35.5,-35.82,10,time_exit,15.67373,0.2819,1.79812,3.37955,new_york,2023
GBPJPY,-1,2023-07-06 19:00:00,2023-07-07 05:00:00,183.261,183.284,183.83269,182.11763,0.1797,-2.3,-3.76,-4.08,10,time_exit,21.49988,0.38112,-0.46308,1.43942,new_york,2023
GBPJPY,1,2023-07-10 08:00:00,2023-07-10 09:00:00,183.164,182.69787,182.69787,184.09627,0.2202,-46.6,-93.4,-93.72,1,stop_loss,24.43153,0.31076,0.67732,0.2095,london,2023
GBPJPY,-1,2023-07-10 19:00:00,2023-07-11 05:00:00,181.698,181.083,182.27466,180.54468,0.1762,61.5,98.61,98.29,10,time_exit,30.76161,0.38444,-2.36681,-0.49652,new_york,2023
GBPJPY,1,2023-07-11 19:00:00,2023-07-12 04:00:00,181.262,180.70112,180.70112,182.38377,0.1831,-56.1,-93.46,-93.77,9,stop_loss,24.69831,0.37392,-1.6293,-1.71621,new_york,2023
GBPJPY,1,2023-07-12 21:00:00,2023-07-13 07:00:00,179.542,180.166,178.98866,180.64868,0.1838,62.4,104.37,104.05,10,time_exit,33.17785,0.36889,-3.97381,-2.9173,new_york,2023
GBPJPY,-1,2023-07-14 01:00:00,2023-07-14 04:00:00,181.261,180.25993,181.76153,180.25993,0.2054,100.1,187.11,186.79,3,take_profit,26.6592,0.33369,1.34826,-2.71009,,2023
GBPJPY,-1,2023-07-17 05:00:00,2023-07-17 10:00:00,181.286,181.7382,181.7382,180.38159,0.2319,-45.2,-95.43,-95.75,5,stop_loss,16.45518,0.30147,0.08162,-1.26562,,2023
GBPJPY,1,2023-07-17 13:00:00,2023-07-17 16:00:00,180.882,181.96843,180.33879,181.96843,0.1911,108.6,188.93,188.61,3,take_profit,18.80097,0.36214,-1.11863,-0.95102,london,2023
GBPJPY,1,2023-07-18 09:00:00,2023-07-18 11:00:00,181.217,180.78204,180.78204,182.08691,0.2435,-43.5,-96.38,-96.7,2,stop_loss,10.32197,0.28997,-0.47905,-0.81848,london,2023
GBPJPY,1,2023-07-20 03:00:00,2023-07-20 08:00:00,180.613,180.15333,180.15333,181.53235,0.2281,-46.0,-95.42,-95.73,5,stop_loss,15.17768,0.30645,-0.87293,-1.50796,,2023
GBPJPY,1,2023-07-21 15:00:00,2023-07-24 01:00:00,181.823,182.198,181.26612,182.93677,0.1864,37.5,63.61,63.29,10,time_exit,29.67649,0.37126,2.77278,-0.89734,london,2023
GBPJPY,-1,2023-07-24 20:00:00,2023-07-25 06:00:00,181.311,181.399,181.82928,180.27443,0.2016,-8.8,-16.14,-16.46,10,time_exit,23.54202,0.34552,-0.19511,0.30002,new_york,2023
GBPJPY,1,2023-07-25 13:00:00,2023-07-25 23:00:00,181.431,181.806,181.02096,182.25107,0.2544,37.5,86.81,86.5,10,time_exit,17.02119,0.27336,-0.00607,0.46233,london,2023
GBPJPY,1,2023-07-26 02:00:00,2023-07-26 09:00:00,181.717,181.32248,181.32248,182.50604,0.2668,-39.5,-95.78,-96.1,7,stop_loss,22.46231,0.26301,0.79327,0.63687,,2023
GBPJPY,1,2023-07-27 05:00:00,2023-07-27 15:00:00,181.117,181.465,180.63682,182.07736,0.217,34.8,68.72,68.4,10,time_exit,13.69969,0.32012,-1.14577,0.33632,,2023
GBPJPY,-1,2023-07-27 20:00:00,2023-07-27 21:00:00,181.168,180.06391,181.72004,180.06391,0.1901,110.4,191.0,190.68,1,take_profit,16.6267,0.36803,-0.81792,0.2288,new_york,2023
GBPJPY,1,2023-07-28 20:00:00,2023-07-31 06:00:00,181.322,182.143,180.16579,183.63441,0.0926,82.1,69.18,68.86,10,time_exit,28.32618,0.7708,1.7086,-1.10997,new_york,2023
GBPJPY,1,2023-07-31 18:00:00,2023-08-01 04:00:00,182.722,183.02,182.03587,184.09425,0.1571,29.8,42.6,42.28,10,time_exit,42.07425,0.45742,3.0393,0.47105,new_york,2023
GBPJPY,-1,2023-08-01 12:00:00,2023-08-01 22:00:00,183.011,183.164,183.43628,182.16044,0.2546,-15.3,-35.45,-35.77,10,time_exit,39.15509,0.28352,3.17976,2.51063,london,2023
GBPJPY,1,2023-08-02 17:00:00,2023-08-03 03:00:00,182.012,182.247,181.47493,183.08613,0.2008,23.5,42.94,42.62,10,time_exit,27.6337,0.35804,-1.24411,2.05854,new_york,2023
GBPJPY,1,2023-08-04 05:00:00,2023-08-04 09:00:00,181.661,181.17823,181.17823,182.62653,0.2244,-48.3,-98.58,-98.9,4,stop_loss,23.8328,0.32184,-0.1626,0.09664,,2023
GBPJPY,-1,2023-08-04 16:00:00,2023-08-07 02:00:00,181.287,180.867,181.75638,180.34825,0.2285,42.0,87.33,87.01,10,time_exit,17.45852,0.31292,-0.88422,-0.2397,new_york,2023
GBPJPY,-1,2023-08-07 15:00:00,2023-08-07 17:00:00,181.196,181.5951,181.5951,180.3978,0.2711,-39.9,-98.46,-98.78,2,stop_loss,16.99123,0.26607,-0.07647,-1.09455,london,2023
GBPJPY,1,2023-08-07 22:00:00,2023-08-08 05:00:00,182.073,182.8481,181.68545,182.8481,0.2764,77.5,194.96,194.64,7,take_profit,24.80176,0.25837,2.74044,-0.62513,,2023
GBPJPY,-1,2023-08-09 08:00:00,2023-08-09 18:00:00,182.689,182.555,183.06593,181.93514,0.2899,13.4,35.35,35.03,10,time_exit,14.85263,0.25129,1.93013,1.63071,london,2023
GBPJPY,-1,2023-08-09 21:00:00,2023-08-10 07:00:00,182.81,183.103,183.22853,181.97293,0.262,-29.3,-69.86,-70.18,10,time_exit,10.26162,0.27902,1.45992,1.78384,new_york,2023
GBPJPY,1,2023-08-10 11:00:00,2023-08-10 16:00:00,183.279,183.9555,182.94075,183.9555,0.3219,67.6,198.17,197.85,5,take_profit,15.5007,0.2255,2.83234,2.66391,london,2023
GBPJPY,-1,2023-08-15 20:00:00,2023-08-16 06:00:00,185.2,184.751,185.60336,184.39328,0.2753,44.9,112.48,112.17,10,time_exit,35.09874,0.26891,2.82669,4.47322,new_york,2023
GBPJPY,1,2023-08-16 19:00:00,2023-08-17 05:00:00,185.869,186.189,185.48537,186.63625,0.2927,32.0,85.23,84.92,10,time_exit,31.75795,0.25575,3.61011,5.0909,new_york,2023
GBPJPY,-1,2023-08-17 11:00:00,2023-08-17 21:00:00,186.214,186.006,186.54788,185.54624,0.3391,20.8,64.18,63.87,10,time_exit,43.28864,0.22259,3.01623,6.81953,london,2023
GBPJPY,-1,2023-08-18 23:00:00,2023-08-21 09:00:00,185.112,185.105,185.56996,184.19608,0.2487,0.7,1.58,1.27,10,time_exit,28.44603,0.30531,-0.92949,3.06384,,2023
GBPJPY,-1,2023-08-21 19:00:00,2023-08-22 03:00:00,186.271,186.67828,186.67828,185.45643,0.2797,-40.7,-103.66,-103.98,8,stop_loss,27.36619,0.27152,2.82238,3.12271,new_york,2023
GBPJPY,1,2023-08-23 06:00:00,2023-08-23 10:00:00,185.6,185.31218,185.31218,186.17564,0.3919,-28.8,-102.65,-102.96,4,stop_loss,31.74174,0.19188,-1.31042,4.04617,,2023
GBPJPY,1,2023-08-23 15:00:00,2023-08-24 01:00:00,183.676,184.159,183.17936,184.66927,0.2248,48.3,98.81,98.49,10,time_exit,43.85446,0.33109,-5.57643,1.39573,london,2023
GBPJPY,-1,2023-08-28 13:00:00,2023-08-28 20:00:00,184.311,184.60223,184.60223,183.72854,0.3871,-29.1,-102.59,-102.91,7,stop_loss,22.49939,0.19415,0.21638,-1.63865,london,2023
GBPJPY,-1,2023-08-28 21:00:00,2023-08-29 05:00:00,184.506,184.82098,184.82098,183.87604,0.3543,-31.5,-101.55,-101.87,8,stop_loss,17.15825,0.20999,0.89878,-1.22934,new_york,2023
GBPJPY,1,2023-08-29 12:00:00,2023-08-29 17:00:00,184.774,184.48256,184.48256,185.35687,0.3791,-29.1,-100.54,-100.86,5,stop_loss,14.66531,0.19429,1.36449,-0.46129,london,2023
GBPJPY,-1,2023-08-31 17:00:00,2023-08-31 18:00:00,185.247,184.44399,185.6485,184.44399,0.2724,80.3,199.05,198.73,1,take_profit,30.26799,0.26767,0.20972,1.35803,new_york,2023
GBPJPY,-1,2023-09-01 03:00:00,2023-09-01 13:00:00,184.343,184.385,184.72706,183.57488,0.2905,-4.2,-11.1,-11.42,10,time_exit,36.93602,0.25604,-2.23973,0.5108,,2023
GBPJPY,1,2023-09-01 16:00:00,2023-09-04 02:00:00,183.7,183.915,183.28458,184.53085,0.2682,21.5,52.47,52.15,10,time_exit,31.6139,0.27695,-3.40224,-0.30219,new_york,2023
GBPJPY,-1,2023-09-04 21:00:00,2023-09-05 07:00:00,185.018,185.181,185.30186,184.45029,0.3946,-16.3,-58.53,-58.85,10,time_exit,28.55206,0.18924,2.39395,-0.44933,new_york,2023
GBPJPY,-1,2023-09-05 08:00:00,2023-09-05 10:00:00,185.181,184.72494,185.40903,184.72494,0.4884,45.6,202.69,202.37,2,take_profit,20.21416,0.15202,2.90078,0.3174,london,2023
GBPJPY,1,2023-09-05 18:00:00,2023-09-06 04:00:00,185.407,185.318,185.01258,186.19584,0.288,-8.9,-23.33,-23.64,10,time_exit,19.01884,0.26295,2.27509,0.35741,new_york,2023
GBPJPY,-1,2023-09-06 07:00:00,2023-09-06 15:00:00,185.502,184.81849,185.84375,184.81849,0.3316,68.4,206.25,205.93,8,take_profit,14.97228,0.22784,1.72904,1.27527,london,2023
GBPJPY,-1,2023-09-07 02:00:00,2023-09-07 10:00:00,184.564,183.82433,184.93383,183.82433,0.3125,74.0,210.34,210.02,8,take_profit,19.77285,0.24656,-1.45686,0.4445,,2023
GBPJPY,-1,2023-09-07 14:00:00,2023-09-08 00:00:00,183.632,183.671,184.03434,182.82733,0.293,-3.9,-10.4,-10.72,10,time_exit,30.71859,0.26822,-3.81463,-0.35425,london,2023
GBPJPY,1,2023-09-08 01:00:00,2023-09-08 03:00:00,183.667,183.30129,183.30129,184.39842,0.3221,-36.6,-107.19,-107.51,2,stop_loss,35.35882,0.24381,-2.49083,-1.44108,,2023
GBPJPY,-1,2023-09-12 06:00:00,2023-09-12 16:00:00,183.6,183.557,184.0064,182.7872,0.2869,4.3,11.23,10.91,10,time_exit,23.74495,0.27093,-0.04918,-2.20939,,2023
GBPJPY,1,2023-09-13 18:00:00,2023-09-14 03:00:00,184.244,183.79718,183.79718,185.13764,0.2612,-44.7,-106.21,-106.52,9,stop_loss,19.41243,0.29788,1.69486,-1.08464,new_york,2023
GBPJPY,1,2023-09-14 14:00:00,2023-09-14 15:00:00,183.606,183.29343,183.29343,184.23115,0.3697,-31.3,-105.16,-105.48,1,stop_loss,13.68272,0.20838,-1.13826,-0.96054,london,2023
GBPJPY,-1,2023-09-15 02:00:00,2023-09-15 08:00:00,182.972,183.30858,183.30858,182.29883,0.3399,-33.7,-104.11,-104.43,6,stop_loss,33.64648,0.22439,-2.37917,-1.84832,,2023
GBPJPY,-1,2023-09-15 17:00:00,2023-09-18 03:00:00,183.31,183.16,183.67051,182.58898,0.3141,15.0,42.87,42.56,10,time_exit,24.16841,0.24034,-0.74654,-1.66935,new_york,2023
GBPJPY,1,2023-09-18 09:00:00,2023-09-18 11:00:00,183.016,182.73138,182.73138,183.58525,0.3995,-28.5,-103.47,-103.79,2,stop_loss,18.94607,0.18975,-1.45203,-2.36937,london,2023
GBPJPY,-1,2023-09-18 14:00:00,2023-09-19 00:00:00,183.112,182.822,183.41532,182.50535,0.3711,29.0,97.93,97.61,10,time_exit,18.92873,0.20222,-0.54451,-2.32881,london,2023
GBPJPY,1,2023-09-20 15:00:00,2023-09-21 01:00:00,182.896,182.893,182.56055,183.56689,0.3388,-0.3,-0.92,-1.24,10,time_exit,20.07196,0.22363,-0.76513,-1.62774,london,2023
GBPJPY,-1,2023-09-21 13:00:00,2023-09-21 14:00:00,182.067,181.27491,182.46305,181.27491,0.2869,79.2,206.8,206.48,1,take_profit,27.23128,0.26403,-3.12015,-1.59205,london,2023
GBPJPY,1,2023-09-22 18:00:00,2023-09-25 04:00:00,181.608,181.679,181.12355,182.57691,0.2392,7.1,15.45,15.14,10,time_exit,23.73779,0.32297,-1.25835,-2.66591,new_york,2023
GBPJPY,1,2023-09-25 08:00:00,2023-09-25 18:00:00,181.609,181.699,181.2938,182.23941,0.3682,9.0,30.16,29.84,10,time_exit,12.45286,0.21014,-1.11917,-4.11239,london,2023
GBPJPY,1,2023-09-26 06:00:00,2023-09-26 10:00:00,181.591,181.31824,181.31824,182.13652,0.4267,-27.3,-105.91,-106.23,4,stop_loss,8.38806,0.18184,-0.96537,-4.09055,,2023
GBPJPY,-1,2023-09-27 07:00:00,2023-09-27 09:00:00,180.931,181.1886,181.1886,180.41579,0.4473,-25.8,-104.86,-105.17,2,stop_loss,30.94378,0.17174,-2.79251,-4.77472,london,2023
GBPJPY,-1,2023-09-29 13:00:00,2023-09-29 17:00:00,182.802,182.0014,183.2023,182.0014,0.285,80.1,207.64,207.32,4,take_profit,25.93316,0.26687,3.17057,-0.39666,london,2023
GBPJPY,-1,2023-10-02 18:00:00,2023-10-03 04:00:00,181.613,181.006,182.03552,180.76795,0.2754,60.7,152.12,151.8,10,time_exit,20.34471,0.28168,-2.01892,0.18375,new_york,2023
GBPJPY,1,2023-10-03 15:00:00,2023-10-03 17:00:00,180.953,180.58764,180.58764,181.68373,0.323,-36.5,-107.39,-107.71,2,stop_loss,43.93617,0.24358,-2.41394,-1.60712,london,2023
GBPJPY,-1,2023-10-04 03:00:00,2023-10-04 12:00:00,180.168,180.72168,180.72168,179.06065,0.211,-55.4,-106.31,-106.63,9,stop_loss,57.39425,0.36912,-2.28104,-1.96029,,2023
GBPJPY,-1,2023-10-04 16:00:00,2023-10-05 02:00:00,181.171,180.817,181.72597,180.06107,0.2084,35.4,67.13,66.82,10,time_exit,43.61467,0.36998,1.129,-2.18489,new_york,2023
GBPJPY,1,2023-10-05 05:00:00,2023-10-05 15:00:00,180.364,180.662,179.90823,181.27553,0.2554,29.8,69.26,68.94,10,time_exit,23.3903,0.30384,-1.33834,-2.3073,,2023
GBPJPY,-1,2023-10-06 03:00:00,2023-10-06 10:00:00,180.942,181.29228,181.29228,180.24143,0.3344,-35.0,-106.59,-106.91,7,stop_loss,12.09663,0.23352,0.67655,-2.3482,,2023
GBPJPY,1,2023-10-06 13:00:00,2023-10-06 15:00:00,181.872,181.52936,181.52936,182.55729,0.3385,-34.3,-105.55,-105.87,2,stop_loss,17.09159,0.22843,3.97853,-1.60393,london,2023
GBPJPY,1,2023-10-06 21:00:00,2023-10-09 00:00:00,182.779,182.25806,182.25806,183.82088,0.2204,-52.1,-104.48,-104.8,3,stop_loss,22.2991,0.34729,4.29891,-0.30146,new_york,2023
GBPJPY,1,2023-10-09 13:00:00,2023-10-09 17:00:00,181.746,181.32778,181.32778,182.58244,0.2718,-41.8,-103.44,-103.76,4,stop_loss,15.27712,0.27881,0.35617,0.54012,london,2023
GBPJPY,-1,2023-10-10 14:00:00,2023-10-11 00:00:00,182.568,182.627,182.97425,181.75549,0.277,-5.9,-14.87,-15.19,10,time_exit,14.2555,0.27084,2.78431,0.89661,london,2023
GBPJPY,1,2023-10-12 10:00:00,2023-10-12 11:00:00,183.665,183.36524,183.36524,184.26453,0.3748,-30.0,-102.24,-102.56,1,stop_loss,23.75471,0.19984,3.16531,4.53358,london,2023
GBPJPY,-1,2023-10-12 21:00:00,2023-10-13 07:00:00,182.531,182.616,182.93595,181.7211,0.2747,-8.5,-21.25,-21.57,10,time_exit,23.03437,0.26997,-1.9301,3.04406,new_york,2023
GBPJPY,1,2023-10-13 20:00:00,2023-10-16 06:00:00,181.526,181.703,181.11952,182.33895,0.2731,17.7,43.99,43.67,10,time_exit,32.21667,0.27098,-3.9877,1.29328,new_york,2023
GBPJPY,1,2023-10-16 07:00:00,2023-10-16 17:00:00,181.703,182.34643,181.38129,182.34643,0.3465,64.3,202.88,202.56,10,take_profit,43.11195,0.21448,-2.55128,0.2924,london,2023
GBPJPY,-1,2023-10-17 08:00:00,2023-10-17 13:00:00,182.4,181.81601,182.69199,181.81601,0.3894,58.4,206.94,206.62,5,take_profit,18.84684,0.19466,0.4203,0.53693,london,2023
GBPJPY,1,2023-10-17 22:00:00,2023-10-18 08:00:00,182.354,182.273,181.91417,183.23366,0.2637,-8.1,-19.44,-19.76,10,time_exit,30.46871,0.29322,0.26763,0.21769,,2023
GBPJPY,-1,2023-10-18 09:00:00,2023-10-18 10:00:00,182.276,182.60427,182.60427,181.61946,0.3526,-32.8,-105.33,-105.65,1,stop_loss,27.53315,0.21885,-0.09115,0.31366,london,2023
GBPJPY,1,2023-10-19 05:00:00,2023-10-19 09:00:00,181.786,181.44544,181.44544,182.46712,0.3365,-34.1,-104.28,-104.6,4,stop_loss,25.29319,0.22704,-1.782,-0.09536,,2023
GBPJPY,-1,2023-10-20 16:00:00,2023-10-23 02:00:00,182.061,182.309,182.45726,181.26847,0.2863,-24.8,-64.61,-64.93,10,time_exit,15.17737,0.26418,0.57779,-0.68343,new_york,2023
GBPJPY,1,2023-10-23 11:00:00,2023-10-23 12:00:00,182.403,182.10548,182.10548,182.99805,0.3789,-29.8,-102.59,-102.9,1,stop_loss,10.03911,0.19835,1.6708,-0.20109,london,2023
GBPJPY,-1,2023-10-24 12:00:00,2023-10-24 16:00:00,183.363,182.6178,183.7356,182.6178,0.2995,74.5,203.1,202.78,4,take_profit,24.75604,0.2484,2.25726,1.85745,london,2023
GBPJPY,-1,2023-10-30 14:00:00,2023-10-30 15:00:00,181.464,181.84308,181.84308,180.70584,0.3003,-37.9,-103.59,-103.91,1,stop_loss,32.8837,0.25272,-0.73736,-1.52995,london,2023
GBPJPY,-1,2023-10-31 16:00:00,2023-10-31 19:00:00,183.521,184.03958,184.03958,182.48384,0.2173,-51.9,-102.55,-102.86,3,stop_loss,36.74056,0.34572,4.29999,-0.03228,new_york,2023
GBPJPY,1,2023-11-01 14:00:00,2023-11-01 16:00:00,183.532,183.10953,183.10953,184.37693,0.264,-42.2,-101.49,-101.81,2,stop_loss,21.983,0.28164,1.67986,2.36749,london,2023
GBPJPY,1,2023-11-01 20:00:00,2023-11-02 06:00:00,183.124,183.307,182.65833,184.05534,0.2371,18.3,39.48,39.17,10,time_exit,16.33469,0.31045,0.09704,2.10871,new_york,2023
GBPJPY,-1,2023-11-02 18:00:00,2023-11-02 21:00:00,183.087,183.53618,183.53618,182.18864,0.2468,-44.9,-100.88,-101.2,3,stop_loss,12.12566,0.29945,-0.26326,1.91264,new_york,2023
GBPJPY,1,2023-11-03 02:00:00,2023-11-03 12:00:00,183.53,183.59,183.16999,184.25001,0.3049,6.0,16.65,16.33,10,time_exit,13.92794,0.24,1.11583,2.48485,,2023
GBPJPY,1,2023-11-03 12:00:00,2023-11-03 15:00:00,183.395,183.95371,183.11565,183.95371,0.3935,55.9,200.06,199.75,3,take_profit,9.47055,0.18624,0.45286,3.08663,london,2023
GBPJPY,1,2023-11-06 17:00:00,2023-11-06 22:00:00,185.545,185.18661,185.18661,186.26178,0.3129,-35.8,-102.05,-102.37,5,stop_loss,44.05153,0.23893,4.18121,5.20618,new_york,2023
GBPJPY,-1,2023-11-07 00:00:00,2023-11-07 10:00:00,185.217,185.304,185.52385,184.6033,0.3617,-8.7,-28.64,-28.95,10,time_exit,31.39843,0.20457,2.41744,6.35094,,2023
GBPJPY,-1,2023-11-08 21:00:00,2023-11-09 07:00:00,185.616,185.445,185.91833,185.01134,0.3661,17.1,56.97,56.65,10,time_exit,20.01301,0.20155,2.992,4.89298,new_york,2023
GBPJPY,-1,2023-11-10 23:00:00,2023-11-13 06:00:00,185.257,185.5553,185.5553,184.66039,0.3731,-29.8,-101.28,-101.6,7,stop_loss,17.82075,0.19887,0.78559,3.15052,,2023
GBPJPY,-1,2023-11-16 18:00:00,2023-11-17 04:00:00,187.118,186.726,187.45103,186.45194,0.3309,39.2,118.04,117.72,10,time_exit,24.51,0.22202,-1.29047,6.02357,new_york,2023
GBPJPY,1,2023-11-17 14:00:00,2023-11-20 00:00:00,185.82,186.43,185.37809,186.70381,0.2523,61.0,140.05,139.73,10,time_exit,51.14122,0.2946,-3.82048,2.618,london,2023
GBPJPY,-1,2023-11-20 04:00:00,2023-11-20 10:00:00,186.413,185.5896,186.8247,185.5896,0.2745,82.3,205.68,205.36,6,take_profit,35.25016,0.27447,-0.9057,1.74169,,2023
GBPJPY,-1,2023-11-20 12:00:00,2023-11-20 22:00:00,185.401,185.516,185.87595,184.45109,0.2427,-11.5,-25.4,-25.72,10,time_exit,35.38105,0.31664,-3.24518,0.87481,london,2023
GBPJPY,-1,2023-11-20 23:00:00,2023-11-21 06:00:00,185.521,184.70829,185.92735,184.70829,0.283,81.3,209.3,208.98,7,take_profit,33.96707,0.2709,-1.93242,-0.10508,,2023
GBPJPY,-1,2023-11-21 14:00:00,2023-11-21 19:00:00,185.077,185.52757,185.52757,184.17586,0.2603,-45.1,-106.73,-107.05,5,stop_loss,33.16254,0.30038,-1.79135,-1.07473,london,2023
GBPJPY,1,2023-11-21 21:00:00,2023-11-22 07:00:00,185.736,186.32,185.30052,186.60697,0.2666,58.4,141.68,141.36,10,time_exit,26.06658,0.29032,0.84882,-1.18873,new_york,2023
GBPJPY,-1,2023-11-23 09:00:00,2023-11-23 10:00:00,186.462,186.77673,186.77673,185.83253,0.3739,-31.5,-107.09,-107.41,1,stop_loss,20.43689,0.20982,0.90082,1.00693,london,2023
GBPJPY,1,2023-11-23 23:00:00,2023-11-24 07:00:00,187.467,187.17062,187.17062,188.05975,0.393,-29.6,-105.99,-106.31,8,stop_loss,34.41484,0.19758,3.69057,2.58325,,2023
GBPJPY,1,2023-11-24 08:00:00,2023-11-24 10:00:00,187.249,187.81291,186.96704,187.81291,0.409,56.4,209.88,209.56,2,take_profit,27.28606,0.18797,1.69431,3.20158,london,2023
GBPJPY,1,2023-11-27 01:00:00,2023-11-27 03:00:00,188.434,188.11784,188.11784,189.06632,0.372,-31.6,-107.03,-107.34,2,stop_loss,39.31382,0.21077,4.06666,4.47083,,2023
GBPJPY,1,2023-11-29 02:00:00,2023-11-29 12:00:00,186.956,187.442,186.59718,187.67365,0.3245,48.6,143.51,143.19,10,time_exit,23.35178,0.23922,-2.2501,2.09853,,2023
GBPJPY,1,2023-11-29 22:00:00,2023-11-30 00:00:00,187.107,186.66938,186.66938,187.98224,0.2697,-43.8,-107.4,-107.72,2,stop_loss,16.1893,0.29175,-0.62993,0.94985,,2023
GBPJPY,1,2023-11-30 12:00:00,2023-11-30 16:00:00,186.469,187.31375,186.04662,187.31375,0.2766,84.5,212.63,212.31,4,take_profit,27.33431,0.28158,-1.98923,0.20869,london,2023
GBPJPY,1,2023-11-30 21:00:00,2023-12-01 07:00:00,187.088,187.213,186.63317,187.99765,0.262,12.5,29.8,29.48,10,time_exit,24.1731,0.30322,0.31277,0.09589,new_york,2023
GBPJPY,-1,2023-12-04 05:00:00,2023-12-04 15:00:00,185.917,185.616,186.36125,185.02851,0.269,30.1,73.68,73.36,10,time_exit,32.1921,0.29616,-2.88208,-0.50453,,2023
GBPJPY,-1,2023-12-04 15:00:00,2023-12-05 01:00:00,185.812,186.092,186.23034,184.97532,0.2875,-28.0,-73.26,-73.57,10,time_exit,36.4144,0.27889,-2.43853,-1.18821,london,2023
GBPJPY,-1,2023-12-06 00:00:00,2023-12-06 03:00:00,185.286,185.65313,185.65313,184.55174,0.3255,-36.7,-108.75,-109.06,3,stop_loss,36.05914,0.24475,-2.08612,-2.65612,,2023
GBPJPY,-1,2023-12-06 05:00:00,2023-12-06 15:00:00,185.722,185.302,186.08461,184.99678,0.3262,42.0,124.67,124.36,10,time_exit,36.32319,0.24174,-0.24379,-2.75498,,2023
GBPJPY,1,2023-12-06 20:00:00,2023-12-07 00:00:00,185.213,184.85599,184.85599,185.92702,0.3351,-35.7,-108.87,-109.19,4,stop_loss,28.03057,0.23801,-1.73104,-2.86993,new_york,2023
GBPJPY,-1,2023-12-08 07:00:00,2023-12-08 13:00:00,180.94,181.96081,181.96081,178.89838,0.116,-102.1,-107.76,-108.08,6,stop_loss,68.7568,0.68054,-2.92339,-3.31711,london,2023
GBPJPY,1,2023-12-08 13:00:00,2023-12-08 15:00:00,181.72,180.74969,180.74969,183.66061,0.1209,-97.0,-106.75,-107.07,2,stop_loss,58.505,0.64687,-1.29842,-3.68683,london,2023
GBPJPY,-1,2023-12-11 02:00:00,2023-12-11 08:00:00,182.014,182.73346,182.73346,180.57509,0.1614,-71.9,-105.67,-105.99,6,stop_loss,37.77591,0.47964,-0.36971,-4.8944,,2023
GBPJPY,-1,2023-12-11 17:00:00,2023-12-12 03:00:00,183.811,183.119,184.44859,182.53581,0.1802,69.2,113.48,113.16,10,time_exit,30.71357,0.42506,2.6107,-3.9268,new_york,2023
GBPJPY,1,2023-12-13 05:00:00,2023-12-13 15:00:00,182.701,182.25096,182.25096,183.60108,0.2581,-45.0,-105.7,-106.02,10,stop_loss,18.25426,0.30003,-0.41089,-3.68794,,2023
GBPJPY,1,2023-12-13 15:00:00,2023-12-13 16:00:00,182.37,181.92446,181.92446,183.26108,0.2581,-44.6,-104.64,-104.96,1,stop_loss,15.80166,0.29703,-1.32715,-3.51955,london,2023
GBPJPY,1,2023-12-19 18:00:00,2023-12-20 04:00:00,183.186,183.08,182.43461,184.68878,0.1515,-10.6,-14.61,-14.93,10,time_exit,23.64684,0.50093,3.00898,-0.80562,new_york,2023
GBPJPY,1,2023-12-20 06:00:00,2023-12-20 09:00:00,182.776,182.24418,182.24418,183.83965,0.2138,-53.2,-103.47,-103.79,3,stop_loss,13.4468,0.35455,1.60403,0.03282,,2023
GBPJPY,-1,2023-12-20 15:00:00,2023-12-20 17:00:00,181.443,182.04377,182.04377,180.24146,0.1873,-60.1,-102.4,-102.72,2,stop_loss,28.51263,0.40051,-1.66468,-0.14989,london,2023
GBPJPY,-1,2023-12-22 02:00:00,2023-12-22 04:00:00,180.125,180.58572,180.58572,179.20357,0.2418,-46.1,-101.38,-101.69,2,stop_loss,34.77596,0.30714,-2.96642,-2.41639,,2023
GBPJPY,1,2023-12-28 01:00:00,2023-12-28 02:00:00,181.269,180.8272,180.8272,182.1526,0.2497,-44.2,-100.39,-100.71,1,stop_loss,21.5204,0.29453,-0.16811,-0.43466,,2023
GBPJPY,1,2023-12-28 21:00:00,2023-12-29 07:00:00,180.037,180.357,179.49652,181.11795,0.202,32.0,58.82,58.5,10,time_exit,48.54943,0.36032,-2.01332,-1.38234,new_york,2023
GBPJPY,1,2024-01-03 05:00:00,2024-01-03 10:00:00,179.373,180.24913,178.93493,180.24913,0.2507,87.6,199.88,199.56,5,take_profit,25.49192,0.29204,-1.26432,-3.00624,,2024
GBPJPY,1,2024-01-04 16:00:00,2024-01-05 02:00:00,183.168,183.761,182.64256,184.21888,0.2132,59.3,115.05,114.73,10,time_exit,50.31835,0.35029,5.53465,1.07593,new_york,2024
GBPJPY,1,2024-01-05 09:00:00,2024-01-05 17:00:00,184.026,183.58741,183.58741,184.90319,0.2583,-43.9,-103.09,-103.41,8,stop_loss,46.8961,0.2924,5.53449,3.82084,london,2024
GBPJPY,1,2024-01-08 13:00:00,2024-01-08 23:00:00,183.464,183.869,183.01441,184.36317,0.2495,40.5,91.95,91.63,10,time_exit,20.49365,0.29972,0.59844,4.66063,london,2024
GBPJPY,-1,2024-01-09 10:00:00,2024-01-09 16:00:00,183.636,182.78257,184.06272,182.78257,0.2652,85.3,205.96,205.64,6,take_profit,16.71704,0.28448,0.76782,4.28556,london,2024
GBPJPY,1,2024-01-11 11:00:00,2024-01-11 12:00:00,185.664,185.31502,185.31502,186.36196,0.3307,-34.9,-105.02,-105.34,1,stop_loss,41.8513,0.23265,3.95307,6.91995,london,2024
GBPJPY,1,2024-01-11 12:00:00,2024-01-11 15:00:00,185.417,185.04613,185.04613,186.15874,0.3081,-37.1,-103.98,-104.3,3,stop_loss,40.11523,0.24725,2.62567,6.52662,london,2024
GBPJPY,-1,2024-01-12 03:00:00,2024-01-12 13:00:00,185.488,184.818,185.94671,184.57057,0.2466,67.0,150.35,150.03,10,time_exit,20.49833,0.30581,1.17359,5.35801,,2024
GBPJPY,-1,2024-01-15 22:00:00,2024-01-16 08:00:00,185.545,185.282,185.83874,184.95751,0.3907,26.3,93.51,93.19,10,time_exit,30.64341,0.19583,1.70863,5.81056,,2024
GBPJPY,-1,2024-01-16 12:00:00,2024-01-16 14:00:00,185.228,185.58309,185.58309,184.51783,0.3261,-35.5,-105.37,-105.69,2,stop_loss,17.28634,0.23672,-0.11359,4.309,london,2024
GBPJPY,-1,2024-01-17 18:00:00,2024-01-18 04:00:00,187.89,187.818,188.37013,186.92974,0.2387,7.2,15.64,15.32,10,time_exit,35.22729,0.32009,5.42395,4.27474,new_york,2024
GBPJPY,-1,2024-01-19 18:00:00,2024-01-19 23:00:00,187.792,188.21435,188.21435,186.9473,0.2718,-42.2,-104.46,-104.78,5,stop_loss,25.03051,0.28157,0.3237,6.07807,new_york,2024
GBPJPY,1,2024-01-23 19:00:00,2024-01-24 05:00:00,188.026,187.654,187.51571,189.04658,0.2227,-37.2,-75.39,-75.71,10,time_exit,14.24702,0.34019,-0.04928,3.63617,new_york,2024
GBPJPY,-1,2024-01-24 23:00:00,2024-01-25 09:00:00,187.701,188.011,188.15947,186.78405,0.2461,-31.0,-69.42,-69.74,10,time_exit,20.05615,0.30565,-0.61255,2.70508,,2024
GBPJPY,-1,2024-01-31 02:00:00,2024-01-31 08:00:00,187.036,187.40733,187.40733,186.29334,0.3017,-37.1,-101.95,-102.27,6,stop_loss,29.52062,0.24755,-1.44901,0.03071,,2024
GBPJPY,1,2024-02-01 01:00:00,2024-02-01 09:00:00,186.311,185.79278,185.79278,187.34745,0.214,-51.8,-100.92,-101.24,8,stop_loss,33.50587,0.34548,-2.08044,-0.71833,,2024
GBPJPY,1,2024-02-01 21:00:00,2024-02-02 07:00:00,186.487,186.692,185.86438,187.73224,0.1764,20.5,32.91,32.59,10,time_exit,29.57105,0.41508,0.13145,-1.47382,new_york,2024
GBPJPY,-1,2024-02-02 23:00:00,2024-02-05 09:00:00,187.41,187.329,187.87151,186.48697,0.2387,8.1,17.59,17.28,10,time_exit,32.86142,0.30768,1.87428,-0.62086,,2024
GBPJPY,1,2024-02-05 11:00:00,2024-02-05 12:00:00,187.389,187.00552,187.00552,188.15596,0.2878,-38.3,-100.43,-100.75,1,stop_loss,26.03871,0.25565,1.5545,-0.21407,london,2024
GBPJPY,1,2024-02-05 18:00:00,2024-02-06 04:00:00,186.394,186.4,185.9827,187.21661,0.2656,0.6,1.45,1.13,10,time_exit,25.54885,0.2742,-1.87294,-0.42993,new_york,2024
GBPJPY,1,2024-02-07 13:00:00,2024-02-07 16:00:00,187.043,186.74911,186.74911,187.63077,0.3718,-29.4,-99.43,-99.75,3,stop_loss,20.0697,0.19592,2.40205,-1.31048,london,2024
GBPJPY,1,2024-02-07 21:00:00,2024-02-08 07:00:00,187.027,187.71492,186.68304,187.71492,0.3145,68.8,196.88,196.56,10,take_profit,20.07977,0.22931,1.49444,-0.68338,new_york,2024
GBPJPY,1,2024-02-08 07:00:00,2024-02-08 12:00:00,187.518,188.12429,187.21486,188.12429,0.3639,60.6,200.77,200.45,5,take_profit,19.40698,0.2021,3.24952,-0.0826,london,2024
GBPJPY,1,2024-02-09 03:00:00,2024-02-09 13:00:00,188.435,188.364,188.14786,189.00927,0.3919,-7.1,-25.32,-25.64,10,time_exit,45.24906,0.19142,4.31823,2.60067,,2024
GBPJPY,1,2024-02-09 20:00:00,2024-02-12 00:00:00,188.625,188.32434,188.32434,189.22633,0.3733,-30.1,-102.14,-102.45,4,stop_loss,40.80897,0.20044,2.84785,3.6206,new_york,2024
GBPJPY,1,2024-02-12 17:00:00,2024-02-13 03:00:00,188.472,188.509,188.17461,189.06679,0.3736,3.7,12.58,12.26,10,time_exit,19.93313,0.19826,1.20689,3.52432,new_york,2024
GBPJPY,-1,2024-02-14 03:00:00,2024-02-14 09:00:00,189.673,188.99985,190.00957,188.99985,0.3305,67.3,202.45,202.13,6,take_profit,28.91154,0.22438,2.86195,4.58937,,2024
GBPJPY,-1,2024-02-16 00:00:00,2024-02-16 04:00:00,188.769,189.06403,189.06403,188.17894,0.3846,-29.5,-103.26,-103.57,4,stop_loss,21.84122,0.19669,0.26597,2.68752,,2024
GBPJPY,1,2024-02-16 06:00:00,2024-02-16 16:00:00,189.109,189.011,188.82888,189.66923,0.401,-9.8,-35.76,-36.08,10,time_exit,16.94077,0.18674,1.18623,2.77137,,2024
GBPJPY,1,2024-02-16 18:00:00,2024-02-19 04:00:00,189.067,189.159,188.77965,189.6417,0.3896,9.2,32.62,32.3,10,time_exit,13.36347,0.19157,0.54992,2.67008,new_york,2024
GBPJPY,1,2024-02-19 16:00:00,2024-02-20 02:00:00,188.951,189.157,188.68969,189.47361,0.4297,20.6,80.55,80.23,10,time_exit,12.65196,0.1742,-0.91626,2.90777,new_york,2024
GBPJPY,-1,2024-02-20 12:00:00,2024-02-20 15:00:00,189.396,189.62626,189.62626,188.93547,0.4915,-23.0,-102.99,-103.31,3,stop_loss,10.87746,0.15351,1.62993,2.87874,london,2024
GBPJPY,1,2024-02-21 03:00:00,2024-02-21 13:00:00,189.39,189.328,189.13949,189.89102,0.4473,-6.2,-25.24,-25.56,10,time_exit,11.20416,0.16701,0.83124,2.69569,,2024
GBPJPY,-1,2024-02-21 21:00:00,2024-02-22 00:00:00,189.712,189.9911,189.9911,189.1538,0.4004,-27.9,-101.69,-102.01,3,stop_loss,16.74001,0.18607,1.9083,2.45276,new_york,2024
GBPJPY,1,2024-02-22 13:00:00,2024-02-22 16:00:00,190.392,190.0358,190.0358,191.10441,0.3106,-35.6,-100.68,-101.0,3,stop_loss,40.30646,0.23747,2.82173,2.70507,london,2024
GBPJPY,-1,2024-02-23 19:00:00,2024-02-26 05:00:00,190.6,190.479,190.89187,190.01626,0.3753,12.1,41.32,41.01,10,time_exit,30.06645,0.19458,1.08023,4.65699,new_york,2024
GBPJPY,-1,2024-02-26 11:00:00,2024-02-26 12:00:00,190.805,191.07571,191.07571,190.26358,0.4063,-27.1,-100.09,-100.41,1,stop_loss,16.66751,0.18047,1.69718,4.68055,london,2024
GBPJPY,-1,2024-02-26 16:00:00,2024-02-27 02:00:00,191.27,190.9,191.58719,190.63562,0.3433,37.0,115.59,115.27,10,time_exit,25.3633,0.21146,3.13247,4.19089,new_york,2024
GBPJPY,-1,2024-02-29 10:00:00,2024-02-29 11:00:00,189.387,189.76867,189.76867,188.62366,0.2886,-38.2,-100.24,-100.56,1,stop_loss,26.00304,0.25445,-4.34843,1.27072,london,2024
GBPJPY,1,2024-02-29 15:00:00,2024-02-29 17:00:00,189.725,189.32146,189.32146,190.53207,0.2702,-40.4,-99.22,-99.54,2,stop_loss,25.4632,0.26902,-2.33494,0.78143,london,2024
GBPJPY,-1,2024-03-01 00:00:00,2024-03-01 01:00:00,189.16,189.52339,189.52339,188.43322,0.2971,-36.3,-98.25,-98.56,1,stop_loss,34.17777,0.24226,-2.80098,-0.14632,,2024
GBPJPY,1,2024-03-01 18:00:00,2024-03-04 04:00:00,189.946,190.204,189.53467,190.76866,0.2598,25.8,61.0,60.68,10,time_exit,19.88552,0.27422,-0.20033,-0.1795,new_york,2024
GBPJPY,1,2024-03-04 06:00:00,2024-03-04 16:00:00,190.172,190.82561,189.84519,190.82561,0.329,65.4,195.68,195.37,10,take_profit,17.94343,0.21787,0.71266,-0.14724,,2024
GBPJPY,1,2024-03-05 19:00:00,2024-03-05 21:00:00,190.833,190.52246,190.52246,191.45409,0.3532,-31.1,-99.81,-100.13,2,stop_loss,19.51652,0.20703,1.03555,1.65179,new_york,2024
GBPJPY,-1,2024-03-06 03:00:00,2024-03-06 13:00:00,190.448,190.482,190.77159,189.80082,0.3355,-3.4,-10.38,-10.7,10,time_exit,20.07739,0.21573,-0.71323,1.40986,,2024
GBPJPY,1,2024-03-06 23:00:00,2024-03-07 02:00:00,190.259,189.91274,189.91274,190.95153,0.3132,-34.6,-98.69,-99.01,3,stop_loss,27.0297,0.23084,-0.83601,0.61096,,2024
GBPJPY,-1,2024-03-13 00:00:00,2024-03-13 10:00:00,188.886,188.822,189.28691,188.08419,0.2678,6.4,15.6,15.28,10,time_exit,18.69372,0.26727,0.63045,-2.42556,,2024
GBPJPY,-1,2024-03-14 14:00:00,2024-03-14 16:00:00,189.283,188.66328,189.59286,188.66328,0.3471,62.0,195.74,195.43,2,take_profit,13.18758,0.20657,1.24113,-1.25765,london,2024
GBPJPY,1,2024-03-18 12:00:00,2024-03-18 19:00:00,190.067,189.76107,189.76107,190.67887,0.3585,-30.6,-99.81,-100.12,7,stop_loss,16.51976,0.20396,2.59026,0.84299,london,2024
GBPJPY,-1,2024-03-18 23:00:00,2024-03-19 06:00:00,189.868,190.15471,190.15471,189.29458,0.3787,-28.7,-98.81,-99.12,7,stop_loss,14.45611,0.19114,1.06132,1.27401,,2024
GBPJPY,1,2024-03-19 19:00:00,2024-03-20 05:00:00,191.589,192.375,191.15784,192.45132,0.2493,78.6,178.31,178.0,10,time_exit,38.20267,0.28744,4.63658,2.1359,new_york,2024
GBPJPY,-1,2024-03-21 10:00:00,2024-03-21 15:00:00,193.188,192.34199,193.61101,192.34199,0.2587,84.6,199.17,198.85,5,take_profit,33.97829,0.282,3.54125,5.63792,london,2024
GBPJPY,1,2024-03-25 06:00:00,2024-03-25 16:00:00,190.667,191.289,190.28857,191.42387,0.295,62.2,166.98,166.66,10,time_exit,50.93399,0.25229,-2.59793,1.74044,,2024
GBPJPY,-1,2024-03-27 02:00:00,2024-03-27 05:00:00,191.228,191.48384,191.48384,190.71632,0.4435,-25.6,-103.25,-103.57,3,stop_loss,22.78364,0.17056,-0.5415,1.72952,,2024
GBPJPY,1,2024-03-27 06:00:00,2024-03-27 07:00:00,191.464,191.19357,191.19357,192.00487,0.4154,-27.0,-102.23,-102.55,1,stop_loss,23.62924,0.18029,0.82656,1.54682,,2024
GBPJPY,-1,2024-03-28 05:00:00,2024-03-28 15:00:00,191.027,191.089,191.34671,190.38758,0.3478,-6.2,-19.62,-19.94,10,time_exit,20.20353,0.21314,-0.54476,0.50119,,2024
GBPJPY,-1,2024-04-01 14:00:00,2024-04-01 18:00:00,190.893,190.368,191.1555,190.368,0.4228,52.5,201.99,201.67,4,take_profit,15.40009,0.175,-0.92,0.10735,london,2024
GBPJPY,-1,2024-04-01 23:00:00,2024-04-02 09:00:00,190.282,190.347,190.55197,189.74205,0.4193,-6.5,-24.8,-25.12,10,time_exit,33.17083,0.17998,-3.39626,-0.55824,,2024
GBPJPY,1,2024-04-02 10:00:00,2024-04-02 20:00:00,190.35,190.585,190.10215,190.8457,0.4556,23.5,97.43,97.11,10,time_exit,36.65316,0.16523,-2.07209,-1.4122,london,2024
GBPJPY,-1,2024-04-03 18:00:00,2024-04-03 20:00:00,191.536,191.84019,191.84019,190.92762,0.3747,-30.4,-103.72,-104.04,2,stop_loss,19.57875,0.20279,4.05659,-0.68487,new_york,2024
GBPJPY,-1,2024-04-04 08:00:00,2024-04-04 10:00:00,191.931,192.15862,192.15862,191.47575,0.4958,-22.8,-102.7,-103.02,2,stop_loss,42.33064,0.15175,4.82203,1.41215,london,2024
GBPJPY,-1,2024-04-04 13:00:00,2024-04-04 21:00:00,192.182,191.67943,192.43329,191.67943,0.4446,50.3,203.33,203.02,8,take_profit,48.28982,0.16752,4.96,1.88507,london,2024
GBPJPY,1,2024-04-09 13:00:00,2024-04-09 17:00:00,192.533,192.30315,192.30315,192.99269,0.4958,-23.0,-103.7,-104.02,4,stop_loss,26.52757,0.15323,4.17767,3.25377,london,2024
GBPJPY,-1,2024-04-10 00:00:00,2024-04-10 10:00:00,192.368,192.63289,192.63289,191.83822,0.4259,-26.5,-102.66,-102.98,10,stop_loss,22.06482,0.17659,1.93013,3.20927,,2024
GBPJPY,1,2024-04-11 04:00:00,2024-04-11 11:00:00,191.617,192.40794,191.22153,192.40794,0.2824,79.1,203.26,202.94,7,take_profit,28.94778,0.26365,-1.7668,1.60272,,2024
GBPJPY,1,2024-04-11 16:00:00,2024-04-12 02:00:00,192.076,192.326,191.69713,192.83374,0.3006,25.0,68.39,68.07,10,time_exit,19.38731,0.25258,0.12015,1.38252,new_york,2024
GBPJPY,-1,2024-04-12 16:00:00,2024-04-12 18:00:00,190.373,190.78361,190.78361,189.55178,0.2792,-41.1,-104.32,-104.64,2,stop_loss,25.63216,0.27374,-5.72118,0.68251,new_york,2024
GBPJPY,1,2024-04-18 11:00:00,2024-04-18 21:00:00,192.412,192.262,192.07848,193.07904,0.3403,-15.0,-46.45,-46.77,10,time_exit,13.97616,0.22235,0.73171,1.3329,london,2024
GBPJPY,1,2024-04-19 05:00:00,2024-04-19 06:00:00,191.273,190.86172,190.86172,192.09557,0.2747,-41.1,-102.81,-103.13,1,stop_loss,16.27556,0.27419,-3.65662,0.94471,,2024
GBPJPY,-1,2024-04-19 16:00:00,2024-04-19 19:00:00,192.378,191.29064,192.92168,191.29064,0.2057,108.7,203.54,203.22,3,take_profit,18.3923,0.36245,0.56907,0.44436,new_york,2024
GBPJPY,1,2024-04-22 07:00:00,2024-04-22 10:00:00,191.53,191.09677,191.09677,192.39646,0.2633,-43.3,-103.8,-104.12,3,stop_loss,22.98523,0.28882,-1.14652,-0.27105,london,2024
GBPJPY,1,2024-04-22 15:00:00,2024-04-23 01:00:00,190.59,191.207,190.14556,191.47889,0.2541,61.7,142.67,142.35,10,time_exit,28.1271,0.2963,-3.65559,-0.70176,london,2024
GBPJPY,1,2024-04-23 13:00:00,2024-04-23 16:00:00,191.382,192.12774,191.00913,192.12774,0.3071,74.6,208.4,208.09,3,take_profit,22.19644,0.24858,0.02553,-1.44187,london,2024
GBPJPY,1,2024-04-23 17:00:00,2024-04-24 03:00:00,192.354,192.85,191.85774,193.34652,0.2353,49.6,106.21,105.89,10,time_exit,23.65896,0.33084,2.73597,-0.88351,new_york,2024
GBPJPY,-1,2024-04-24 11:00:00,2024-04-24 15:00:00,192.539,192.87032,192.87032,191.87635,0.356,-33.1,-107.34,-107.65,4,stop_loss,39.63666,0.22088,1.93045,0.94607,london,2024
GBPJPY,-1,2024-04-24 16:00:00,2024-04-24 20:00:00,192.785,193.13853,193.13853,192.07794,0.3303,-35.4,-106.26,-106.58,4,stop_loss,32.75299,0.23569,2.44489,1.14254,new_york,2024
GBPJPY,1,2024-04-25 00:00:00,2024-04-25 09:00:00,193.61,194.32871,193.25065,194.32871,0.3217,71.9,210.4,210.08,9,take_profit,40.20722,0.23957,4.72107,1.86188,,2024
GBPJPY,-1,2024-04-26 06:00:00,2024-04-26 07:00:00,194.476,194.83735,194.83735,193.7533,0.3263,-36.1,-107.3,-107.61,1,stop_loss,26.64695,0.2409,2.66534,4.989,,2024
GBPJPY,1,2024-04-26 11:00:00,2024-04-26 19:00:00,195.961,196.91385,195.48458,196.91385,0.245,95.3,212.44,212.12,8,take_profit,30.53435,0.31762,5.79406,4.264,london,2024
GBPJPY,-1,2024-04-26 23:00:00,2024-04-29 01:00:00,197.324,197.96337,197.96337,196.04527,0.1862,-63.9,-108.34,-108.65,2,stop_loss,18.96701,0.42624,5.33852,4.36021,,2024
GBPJPY,-1,2024-04-29 04:00:00,2024-04-29 05:00:00,197.985,198.68579,198.68579,196.58342,0.1682,-70.1,-107.26,-107.58,1,stop_loss,21.95323,0.46719,5.24259,4.54708,,2024
GBPJPY,1,2024-04-29 12:00:00,2024-04-29 22:00:00,195.134,196.012,193.45192,198.49816,0.0694,87.8,55.45,55.13,10,time_exit,29.23,1.12139,-0.74103,2.01242,london,2024
GBPJPY,-1,2024-04-30 13:00:00,2024-04-30 23:00:00,196.851,197.127,197.66203,195.22893,0.1446,-27.6,-36.32,-36.64,10,time_exit,20.82203,0.54069,1.11665,3.62849,london,2024
GBPJPY,1,2024-05-01 12:00:00,2024-05-01 14:00:00,197.412,197.00888,197.00888,198.21823,0.29,-40.3,-106.38,-106.7,2,stop_loss,8.58156,0.26874,2.5324,6.98744,london,2024
GBPJPY,-1,2024-05-01 21:00:00,2024-05-01 23:00:00,196.824,196.01453,197.22874,196.01453,0.2859,80.9,210.6,210.28,2,take_profit,14.26141,0.26982,-0.03927,6.52402,new_york,2024
GBPJPY,-1,2024-05-02 15:00:00,2024-05-03 01:00:00,193.653,192.19,194.57116,191.81667,0.1285,146.3,171.08,170.76,10,time_exit,42.30229,0.61211,-3.47334,1.26246,london,2024
GBPJPY,1,2024-05-03 04:00:00,2024-05-03 14:00:00,192.104,192.344,191.26943,193.77313,0.1437,24.0,31.38,31.07,10,time_exit,53.59337,0.55638,-4.10865,-0.53712,,2024
GBPJPY,-1,2024-05-06 22:00:00,2024-05-07 04:00:00,193.435,193.80998,193.80998,192.68503,0.3207,-37.5,-109.43,-109.75,6,stop_loss,21.99328,0.24999,1.17735,-3.40098,,2024
GBPJPY,1,2024-05-07 11:00:00,2024-05-07 21:00:00,193.222,193.533,192.80413,194.05775,0.2849,31.1,80.63,80.31,10,time_exit,21.19743,0.27858,-0.42465,-2.16872,london,2024
GBPJPY,1,2024-05-07 23:00:00,2024-05-08 09:00:00,193.436,193.906,193.05259,194.20283,0.3128,47.0,133.78,133.47,10,time_exit,18.87518,0.25561,-0.13121,-1.74814,,2024
GBPJPY,1,2024-05-08 11:00:00,2024-05-08 17:00:00,193.735,194.40835,193.39832,194.40835,0.3605,67.3,220.9,220.58,6,take_profit,15.76756,0.22445,0.84144,-1.51829,london,2024
GBPJPY,-1,2024-05-08 22:00:00,2024-05-09 08:00:00,194.442,194.371,194.74883,193.82833,0.4035,7.1,26.07,25.75,10,time_exit,23.32014,0.20456,3.14169,-0.61339,,2024
GBPJPY,-1,2024-05-10 12:00:00,2024-05-10 22:00:00,195.155,195.144,195.47464,194.51572,0.3882,1.1,3.89,3.57,10,time_exit,17.85671,0.21309,2.99658,1.69673,london,2024
GBPJPY,-1,2024-05-13 16:00:00,2024-05-13 17:00:00,195.564,195.87737,195.87737,194.93726,0.3961,-31.3,-112.96,-113.27,1,stop_loss,14.06523,0.20891,2.73857,2.80389,new_york,2024
GBPJPY,1,2024-05-14 10:00:00,2024-05-14 11:00:00,196.483,196.2092,196.2092,197.0306,0.4488,-27.4,-111.82,-112.14,1,stop_loss,40.42741,0.18253,4.61624,5.1175,london,2024
GBPJPY,-1,2024-05-14 14:00:00,2024-05-14 16:00:00,196.385,196.7248,196.7248,195.7054,0.358,-34.0,-110.7,-111.02,2,stop_loss,34.93605,0.22653,2.89475,4.24364,london,2024
GBPJPY,-1,2024-05-16 08:00:00,2024-05-16 11:00:00,195.307,195.85769,195.85769,194.20561,0.2187,-55.1,-109.6,-109.92,3,stop_loss,44.73454,0.36713,-2.36897,2.27265,london,2024
GBPJPY,1,2024-05-16 21:00:00,2024-05-17 07:00:00,196.781,197.179,196.29591,197.75119,0.2458,39.8,89.02,88.71,10,time_exit,30.15262,0.3234,1.69043,2.41248,new_york,2024
GBPJPY,1,2024-05-17 14:00:00,2024-05-17 20:00:00,197.145,197.82175,196.80662,197.82175,0.3552,67.7,218.75,218.43,6,take_profit,27.58189,0.22558,2.15071,4.20938,london,2024
GBPJPY,1,2024-05-17 22:00:00,2024-05-20 00:00:00,197.842,197.51329,197.51329,198.49943,0.373,-32.9,-111.57,-111.89,2,stop_loss,36.01433,0.21914,4.30984,4.79209,,2024
GBPJPY,-1,2024-05-20 15:00:00,2024-05-20 16:00:00,197.726,198.03775,198.03775,197.1025,0.3893,-31.2,-110.44,-110.76,1,stop_loss,25.35537,0.20783,1.80436,5.75908,london,2024
GBPJPY,-1,2024-05-20 18:00:00,2024-05-21 02:00:00,198.328,198.68115,198.68115,197.6217,0.3402,-35.3,-109.33,-109.65,8,stop_loss,25.67771,0.23543,3.69843,5.26716,new_york,2024
GBPJPY,-1,2024-05-23 04:00:00,2024-05-23 14:00:00,199.449,199.501,199.7762,198.79461,0.3635,-5.2,-17.2,-17.52,10,time_exit,21.5722,0.21813,2.72594,6.73925,,2024
GBPJPY,1,2024-05-23 21:00:00,2024-05-24 07:00:00,199.244,199.335,198.8364,200.05921,0.2914,9.1,24.13,23.81,10,time_exit,16.39943,0.27174,0.27826,5.3548,new_york,2024
GBPJPY,-1,2024-05-29 02:00:00,2024-05-29 12:00:00,200.603,200.545,200.84973,200.10953,0.4824,5.8,25.46,25.14,10,time_exit,19.54101,0.16449,2.22088,7.64854,,2024
GBPJPY,1,2024-05-30 02:00:00,2024-05-30 03:00:00,200.166,199.88868,199.88868,200.72065,0.4302,-27.7,-108.57,-108.89,1,stop_loss,35.10646,0.18488,-0.92408,5.67418,,2024
GBPJPY,-1,2024-05-30 05:00:00,2024-05-30 08:00:00,199.909,199.29721,200.21489,199.29721,0.3861,61.2,214.95,214.63,3,take_profit,40.48203,0.20393,-1.92092,4.82482,,2024
GBPJPY,1,2024-06-04 05:00:00,2024-06-04 08:00:00,200.367,199.94078,199.94078,201.21943,0.2826,-42.6,-109.61,-109.93,3,stop_loss,16.73789,0.28414,1.51436,1.24107,,2024
GBPJPY,1,2024-06-04 21:00:00,2024-06-05 07:00:00,197.754,198.743,197.15677,198.94846,0.1997,98.9,179.73,179.41,10,time_exit,44.19676,0.39815,-3.74978,-0.47921,new_york,2024
GBPJPY,-1,2024-06-06 00:00:00,2024-06-06 10:00:00,199.552,199.907,199.96974,198.71651,0.2902,-35.5,-93.75,-94.07,10,time_exit,28.88734,0.2785,1.67167,-0.62197,,2024
GBPJPY,1,2024-06-11 17:00:00,2024-06-12 03:00:00,199.781,200.152,199.40867,200.52567,0.3228,37.1,108.98,108.66,10,time_exit,17.11396,0.24822,-0.0545,1.2177,new_york,2024
GBPJPY,1,2024-06-12 06:00:00,2024-06-12 14:00:00,200.284,200.89482,199.97859,200.89482,0.3974,61.1,220.89,220.58,8,take_profit,9.01966,0.20361,1.66724,1.82462,,2024
GBPJPY,1,2024-06-12 14:00:00,2024-06-12 15:00:00,200.768,200.48019,200.48019,201.34361,0.4302,-28.8,-112.67,-112.99,1,stop_loss,15.80174,0.19187,3.46948,2.38704,london,2024
GBPJPY,1,2024-06-13 12:00:00,2024-06-13 13:00:00,201.266,200.89888,200.89888,202.00024,0.3339,-36.7,-111.55,-111.87,1,stop_loss,22.57923,0.24475,3.49206,2.37976,london,2024
GBPJPY,1,2024-06-14 14:00:00,2024-06-17 00:00:00,199.432,199.435,198.74729,200.80142,0.1772,0.3,0.48,0.17,10,time_exit,19.6765,0.45647,-2.31808,1.08832,london,2024
GBPJPY,-1,2024-06-17 10:00:00,2024-06-17 11:00:00,199.333,199.82023,199.82023,198.35854,0.249,-48.7,-110.4,-110.72,1,stop_loss,19.89607,0.32482,-2.01579,0.22163,london,2024
GBPJPY,-1,2024-06-17 14:00:00,2024-06-17 17:00:00,199.709,200.19697,200.19697,198.73305,0.2462,-48.8,-109.33,-109.64,3,stop_loss,19.60098,0.32532,-0.73231,0.11889,london,2024
GBPJPY,-1,2024-06-17 19:00:00,2024-06-18 05:00:00,200.218,200.169,200.66752,199.31897,0.2645,4.9,11.79,11.48,10,time_exit,15.24115,0.29968,0.8257,0.18291,new_york,2024
GBPJPY,1,2024-06-19 19:00:00,2024-06-20 00:00:00,200.951,200.66499,200.66499,201.52303,0.4162,-28.6,-108.33,-108.64,5,stop_loss,16.07286,0.19068,2.09813,2.01581,new_york,2024
GBPJPY,1,2024-06-24 08:00:00,2024-06-24 13:00:00,202.011,201.67726,201.67726,202.67849,0.3531,-33.4,-107.24,-107.56,5,stop_loss,18.47229,0.2225,2.83706,3.11579,london,2024
GBPJPY,1,2024-06-24 18:00:00,2024-06-25 03:00:00,202.648,202.19367,202.19367,203.55667,0.2568,-45.4,-106.17,-106.49,9,stop_loss,19.86968,0.30289,3.34701,2.66673,new_york,2024
GBPJPY,-1,2024-06-25 09:00:00,2024-06-25 19:00:00,202.395,202.537,202.74857,201.68785,0.3266,-14.2,-42.2,-42.52,10,time_exit,13.06275,0.23572,1.72676,3.98122,london,2024
GBPJPY,1,2024-06-26 09:00:00,2024-06-26 16:00:00,202.745,202.47029,202.47029,203.29442,0.4187,-27.5,-104.67,-104.99,7,stop_loss,10.09669,0.18314,2.18949,5.33298,london,2024
GBPJPY,-1,2024-06-26 17:00:00,2024-06-27 03:00:00,202.826,202.707,203.19005,202.0979,0.3128,11.9,33.87,33.55,10,time_exit,11.66301,0.2427,1.54502,4.04299,new_york,2024
GBPJPY,-1,2024-06-27 19:00:00,2024-06-28 05:00:00,203.305,203.341,203.6437,202.6276,0.3373,-3.6,-11.05,-11.37,10,time_exit,21.32541,0.2258,2.48817,4.20191,new_york,2024
GBPJPY,-1,2024-06-28 12:00:00,2024-06-28 16:00:00,203.324,202.73357,203.61921,202.73357,0.3866,59.0,207.72,207.4,4,take_profit,27.92826,0.19681,1.5236,5.05199,london,2024
GBPJPY,-1,2024-06-28 23:00:00,2024-07-01 03:00:00,203.346,203.72452,203.72452,202.58896,0.3075,-37.9,-105.92,-106.24,4,stop_loss,17.03319,0.25235,1.02201,3.70684,,2024
GBPJPY,1,2024-07-01 15:00:00,2024-07-02 01:00:00,204.234,204.154,203.88561,204.93078,0.3307,-8.0,-24.07,-24.39,10,time_exit,30.63636,0.23226,3.34739,4.54532,london,2024
GBPJPY,-1,2024-07-02 13:00:00,2024-07-02 15:00:00,204.235,204.54134,204.54134,203.62233,0.3753,-30.6,-104.62,-104.94,2,stop_loss,29.47965,0.20422,1.57445,5.6212,london,2024
GBPJPY,-1,2024-07-03 18:00:00,2024-07-04 04:00:00,205.888,205.752,206.24616,205.17169,0.3178,13.6,39.33,39.01,10,time_exit,49.77155,0.23877,4.5229,6.0878,new_york,2024
GBPJPY,-1,2024-07-04 05:00:00,2024-07-04 15:00:00,205.753,205.439,206.10267,205.05367,0.3267,31.4,93.35,93.03,10,time_exit,29.53788,0.23311,2.35261,6.78418,,2024
GBPJPY,1,2024-07-05 19:00:00,2024-07-08 05:00:00,205.846,205.38735,205.38735,206.76331,0.2513,-45.9,-104.89,-105.2,10,stop_loss,25.17087,0.30577,0.98218,4.21434,new_york,2024
GBPJPY,-1,2024-07-08 05:00:00,2024-07-08 09:00:00,205.511,205.89537,205.89537,204.74225,0.2969,-38.4,-103.85,-104.17,4,stop_loss,20.59295,0.25625,-0.50724,4.80765,,2024
GBPJPY,-1,2024-07-08 11:00:00,2024-07-08 14:00:00,206.175,206.57544,206.57544,205.37413,0.2821,-40.0,-102.8,-103.11,3,stop_loss,17.75622,0.26696,1.87402,4.44319,london,2024
GBPJPY,1,2024-07-08 22:00:00,2024-07-09 08:00:00,206.001,206.114,205.61933,206.76434,0.293,11.3,30.13,29.81,10,time_exit,17.64782,0.25445,0.48687,4.72669,,2024
GBPJPY,1,2024-07-09 23:00:00,2024-07-10 09:00:00,206.283,206.499,205.99522,206.85857,0.3897,21.6,76.6,76.28,10,time_exit,18.61527,0.19186,1.05003,5.60835,,2024
GBPJPY,-1,2024-07-10 09:00:00,2024-07-10 12:00:00,206.565,206.80024,206.80024,206.09453,0.4803,-23.5,-102.82,-103.13,3,stop_loss,24.59206,0.15682,2.33,6.75027,london,2024
GBPJPY,1,2024-07-11 17:00:00,2024-07-12 02:00:00,205.035,204.37445,204.37445,206.35609,0.1693,-66.1,-101.77,-102.08,9,stop_loss,60.93202,0.44036,-4.61914,2.97033,new_york,2024
GBPJPY,-1,2024-07-12 08:00:00,2024-07-12 13:00:00,205.432,206.19793,206.19793,203.90014,0.1446,-76.6,-100.79,-101.1,5,stop_loss,58.50609,0.51062,-1.56437,1.0811,london,2024
GBPJPY,1,2024-07-12 20:00:00,2024-07-15 06:00:00,205.039,204.953,204.18643,206.74415,0.1286,-8.6,-10.06,-10.38,10,time_exit,49.34562,0.56838,-1.64995,0.54345,new_york,2024
GBPJPY,-1,2024-07-15 09:00:00,2024-07-15 19:00:00,204.945,204.674,205.50996,203.81508,0.1938,27.1,47.79,47.47,10,time_exit,47.89951,0.37664,-1.75711,0.02866,london,2024
GBPJPY,1,2024-07-17 16:00:00,2024-07-17 19:00:00,204.04,203.47787,203.47787,205.16426,0.1957,-56.2,-100.11,-100.43,3,stop_loss,34.73606,0.37475,-2.77638,-0.8258,new_york,2024
GBPJPY,1,2024-07-18 15:00:00,2024-07-19 01:00:00,203.155,203.577,202.56759,204.32982,0.1854,42.2,71.2,70.88,10,time_exit,40.15974,0.39161,-1.96635,-2.58454,london,2024
GBPJPY,-1,2024-07-22 22:00:00,2024-07-23 06:00:00,203.004,202.04364,203.48418,202.04364,0.2285,96.0,199.69,199.37,8,take_profit,19.65835,0.32012,-0.63566,-3.17975,,2024
GBPJPY,-1,2024-07-24 08:00:00,2024-07-24 10:00:00,199.251,199.78251,199.78251,198.18797,0.2105,-53.2,-101.81,-102.13,2,stop_loss,40.1566,0.35434,-6.90541,-4.86282,london,2024
GBPJPY,-1,2024-07-24 12:00:00,2024-07-24 16:00:00,199.721,198.45647,200.35327,198.45647,0.1752,126.5,201.61,201.29,4,take_profit,43.87664,0.42151,-3.88586,-4.5217,london,2024
GBPJPY,-1,2024-07-25 09:00:00,2024-07-25 15:00:00,196.965,197.72047,197.72047,195.45405,0.1496,-75.5,-102.85,-103.17,6,stop_loss,57.65839,0.50365,-4.90925,-5.66418,london,2024
GBPJPY,1,2024-07-26 00:00:00,2024-07-26 10:00:00,197.821,197.995,196.93092,199.60116,0.1257,17.4,19.9,19.58,10,time_exit,32.31041,0.59339,-1.25201,-5.15404,,2024
GBPJPY,1,2024-07-26 12:00:00,2024-07-26 17:00:00,198.52,197.70353,197.70353,200.15295,0.1373,-81.6,-102.01,-102.33,5,stop_loss,18.41129,0.54432,0.44753,-5.33569,london,2024
GBPJPY,1,2024-07-30 13:00:00,2024-07-30 16:00:00,199.117,198.50366,198.50366,200.34369,0.1809,-61.3,-100.97,-101.29,3,stop_loss,20.34538,0.4089,2.37123,-4.42546,london,2024
GBPJPY,-1,2024-08-01 19:00:00,2024-08-02 05:00:00,191.59,190.287,192.71876,189.33249,0.0973,130.3,115.37,115.05,10,time_exit,32.10532,0.7525,-2.84987,-4.93315,new_york,2024
GBPJPY,-1,2024-08-02 19:00:00,2024-08-05 04:00:00,188.094,185.66907,189.30647,185.66907,0.0916,242.5,202.13,201.81,9,take_profit,46.66917,0.80831,-3.83387,-5.70836,new_york,2024
GBPJPY,-1,2024-08-05 20:00:00,2024-08-06 02:00:00,184.071,186.11856,186.11856,179.97589,0.0553,-204.8,-103.04,-103.36,6,stop_loss,51.5592,1.36504,-1.8496,-4.88884,new_york,2024
GBPJPY,1,2024-08-06 04:00:00,2024-08-06 12:00:00,185.694,183.82181,183.82181,189.43837,0.0599,-187.2,-102.05,-102.37,8,stop_loss,34.60191,1.24812,-0.27371,-5.25558,,2024
GBPJPY,-1,2024-08-07 13:00:00,2024-08-07 23:00:00,187.556,186.207,189.13697,184.39407,0.0702,134.9,86.18,85.86,10,time_exit,23.23194,1.05398,1.96512,-4.74472,london,2024
GBPJPY,-1,2024-08-08 20:00:00,2024-08-09 06:00:00,187.628,187.845,188.78301,185.31797,0.097,-21.7,-19.15,-19.47,10,time_exit,20.00945,0.77001,2.05716,-4.31738,new_york,2024
GBPJPY,1,2024-08-12 11:00:00,2024-08-12 16:00:00,187.988,189.08652,187.43874,189.08652,0.2035,109.9,203.43,203.11,5,take_profit,15.15477,0.36617,2.10683,-4.26963,london,2024
GBPJPY,1,2024-08-13 01:00:00,2024-08-13 09:00:00,187.828,188.9909,187.24655,188.9909,0.1961,116.3,207.52,207.2,8,take_profit,18.79321,0.38763,0.51568,-2.76316,,2024
GBPJPY,1,2024-08-13 23:00:00,2024-08-14 05:00:00,188.916,188.30799,188.30799,190.13202,0.1913,-60.8,-105.84,-106.16,6,stop_loss,15.68998,0.40534,1.69548,-1.12653,,2024
GBPJPY,-1,2024-08-14 15:00:00,2024-08-14 16:00:00,188.732,189.37484,189.37484,187.44631,0.1791,-64.3,-104.77,-105.09,1,stop_loss,20.10927,0.42856,0.4444,-0.40848,london,2024
GBPJPY,1,2024-08-15 23:00:00,2024-08-16 09:00:00,191.592,191.915,191.03925,192.6975,0.2062,32.3,60.61,60.29,10,time_exit,37.55464,0.3685,5.43593,1.61463,,2024
GBPJPY,1,2024-08-16 15:00:00,2024-08-16 16:00:00,191.118,190.59162,190.59162,192.17076,0.2178,-52.6,-104.33,-104.65,1,stop_loss,34.15952,0.35092,1.49432,3.40362,london,2024
GBPJPY,1,2024-08-21 08:00:00,2024-08-21 17:00:00,189.76,190.93051,189.17474,190.93051,0.1939,117.1,206.54,206.22,9,take_profit,22.94638,0.39017,-0.58234,0.62356,london,2024
GBPJPY,-1,2024-08-22 17:00:00,2024-08-23 03:00:00,191.687,191.309,192.40372,190.25357,0.1615,37.8,55.55,55.23,10,time_exit,29.2105,0.47781,2.83417,0.87714,new_york,2024
GBPJPY,1,2024-08-23 03:00:00,2024-08-23 04:00:00,191.461,190.88543,190.88543,192.61215,0.2022,-57.6,-105.91,-106.23,1,stop_loss,26.6219,0.38372,2.01609,1.64228,,2024
GBPJPY,1,2024-08-26 18:00:00,2024-08-27 04:00:00,190.336,190.913,189.72675,191.55451,0.1891,57.7,99.29,98.97,10,time_exit,20.55609,0.40617,-0.41394,0.64712,new_york,2024
GBPJPY,-1,2024-08-27 10:00:00,2024-08-27 11:00:00,191.082,191.55387,191.55387,190.13827,0.2464,-47.2,-105.8,-106.12,1,stop_loss,15.94005,0.31458,1.42519,1.03691,london,2024
GBPJPY,1,2024-08-27 19:00:00,2024-08-28 05:00:00,190.927,191.306,190.38357,192.01386,0.2118,37.9,73.05,72.73,10,time_exit,16.92085,0.36229,0.35541,1.14084,new_york,2024
GBPJPY,-1,2024-08-29 01:00:00,2024-08-29 07:00:00,190.524,191.06327,191.06327,189.44547,0.2149,-53.9,-105.46,-105.78,6,stop_loss,21.36239,0.35951,-0.95243,0.95036,,2024
GBPJPY,1,2024-08-29 13:00:00,2024-08-29 23:00:00,190.675,190.91,190.09751,191.82999,0.1987,23.5,42.49,42.17,10,time_exit,19.41222,0.385,-0.52993,0.81766,london,2024
GBPJPY,-1,2024-08-30 03:00:00,2024-08-30 10:00:00,190.751,191.26329,191.26329,189.72642,0.2249,-51.2,-104.85,-105.16,7,stop_loss,15.78871,0.34153,-0.44804,0.84645,,2024
GBPJPY,-1,2024-08-30 17:00:00,2024-08-30 19:00:00,191.371,191.84389,191.84389,190.42521,0.2412,-47.3,-103.8,-104.11,2,stop_loss,20.18073,0.31526,1.21372,1.00381,new_york,2024
GBPJPY,-1,2024-09-02 05:00:00,2024-09-02 11:00:00,191.93,192.42637,192.42637,190.93725,0.2275,-49.6,-102.76,-103.08,6,stop_loss,22.41964,0.33092,1.81322,1.57862,,2024
GBPJPY,-1,2024-09-02 15:00:00,2024-09-03 01:00:00,192.993,193.088,193.49764,191.98373,0.2215,-9.5,-19.15,-19.47,10,time_exit,24.2982,0.33642,4.00651,2.08609,london,2024
GBPJPY,1,2024-09-03 14:00:00,2024-09-03 16:00:00,191.536,190.97776,190.97776,192.65249,0.1998,-55.8,-101.5,-101.82,2,stop_loss,30.10008,0.37216,-1.5724,2.27052,london,2024
GBPJPY,-1,2024-09-03 17:00:00,2024-09-04 03:00:00,190.876,190.239,191.52468,189.57864,0.1703,63.7,98.72,98.4,10,time_exit,28.40902,0.43245,-2.72046,1.756,new_york,2024
GBPJPY,-1,2024-09-04 09:00:00,2024-09-04 19:00:00,190.356,189.433,190.98434,189.09933,0.1775,92.3,149.09,148.77,10,time_exit,39.30067,0.41889,-2.46061,0.4654,london,2024
GBPJPY,1,2024-09-04 21:00:00,2024-09-05 02:00:00,189.166,188.49944,188.49944,190.49912,0.1698,-66.7,-103.0,-103.31,5,stop_loss,41.89465,0.44437,-3.75192,-0.49511,new_york,2024
GBPJPY,-1,2024-09-05 08:00:00,2024-09-05 17:00:00,188.764,189.39537,189.39537,187.50125,0.1774,-63.1,-101.93,-102.24,9,stop_loss,48.19627,0.42092,-3.27578,-1.62566,london,2024
GBPJPY,-1,2024-09-06 15:00:00,2024-09-06 16:00:00,188.518,189.13071,189.13071,187.29259,0.181,-61.3,-100.92,-101.24,1,stop_loss,32.37014,0.40847,-1.2019,-3.02107,london,2024
GBPJPY,1,2024-09-06 23:00:00,2024-09-09 09:00:00,187.046,187.369,186.18293,188.77214,0.1272,32.3,37.39,37.07,10,time_exit,31.01796,0.57538,-2.65627,-2.52259,,2024
GBPJPY,1,2024-09-10 00:00:00,2024-09-10 10:00:00,187.174,187.971,186.57068,188.38065,0.1827,79.7,132.51,132.19,10,time_exit,21.15412,0.40222,-1.44491,-4.18296,,2024
GBPJPY,1,2024-09-10 14:00:00,2024-09-10 15:00:00,187.369,186.80211,186.80211,188.50277,0.197,-56.7,-101.63,-101.94,1,stop_loss,15.77533,0.37792,-0.60581,-4.10617,london,2024
GBPJPY,-1,2024-09-10 20:00:00,2024-09-11 06:00:00,186.174,185.153,186.82409,184.87381,0.17,102.1,157.95,157.63,10,time_exit,20.79755,0.4334,-2.74751,-3.76621,new_york,2024
GBPJPY,1,2024-09-11 07:00:00,2024-09-11 08:00:00,185.153,184.51472,184.51472,186.42955,0.1759,-63.8,-102.17,-102.49,1,stop_loss,34.17623,0.42552,-4.0217,-4.27514,london,2024
GBPJPY,-1,2024-09-12 19:00:00,2024-09-13 05:00:00,186.061,185.38,186.83775,184.50751,0.1431,68.1,88.68,88.36,10,time_exit,15.96514,0.51783,0.09877,-3.38458,new_york,2024
GBPJPY,-1,2024-09-16 13:00:00,2024-09-16 16:00:00,184.932,185.5238,185.5238,183.74839,0.1894,-59.2,-102.0,-102.32,3,stop_loss,29.58824,0.39454,-0.39859,-4.41399,london,2024
GBPJPY,-1,2024-09-17 15:00:00,2024-09-17 16:00:00,185.891,186.38484,186.38484,184.90332,0.2247,-49.4,-100.98,-101.3,1,stop_loss,17.55591,0.32923,1.17319,-3.23737,london,2024
GBPJPY,1,2024-09-17 16:00:00,2024-09-17 23:00:00,186.232,187.26206,185.71697,187.26206,0.2133,103.0,199.94,199.62,7,take_profit,18.16144,0.34335,2.03221,-3.01139,new_york,2024
GBPJPY,1,2024-09-19 07:00:00,2024-09-19 09:00:00,189.14,188.42136,188.42136,190.57729,0.1559,-71.9,-101.95,-102.27,2,stop_loss,25.17331,0.4791,4.13155,0.70177,london,2024
GBPJPY,-1,2024-09-19 11:00:00,2024-09-19 12:00:00,188.78,189.54068,189.54068,187.25865,0.1458,-76.1,-100.92,-101.24,1,stop_loss,23.38607,0.50712,2.73009,0.97713,london,2024
GBPJPY,-1,2024-09-19 12:00:00,2024-09-19 14:00:00,189.392,190.17056,190.17056,187.83489,0.1411,-77.9,-99.97,-100.29,2,stop_loss,23.31982,0.51904,3.69936,1.05788,london,2024
GBPJPY,-1,2024-09-23 09:00:00,2024-09-23 10:00:00,191.918,190.75946,192.49727,190.75946,0.1877,115.9,197.89,197.57,1,take_profit,31.27049,0.38618,3.60873,5.71059,london,2024
GBPJPY,-1,2024-09-24 11:00:00,2024-09-24 21:00:00,192.836,192.144,193.52787,191.45226,0.1603,69.2,100.94,100.63,10,time_exit,21.16959,0.46125,3.28677,4.85541,london,2024
GBPJPY,-1,2024-09-24 21:00:00,2024-09-25 07:00:00,192.205,192.214,192.90443,190.80614,0.1601,-0.9,-1.31,-1.63,10,time_exit,18.43888,0.46629,1.04745,4.94046,new_york,2024
GBPJPY,-1,2024-09-30 11:00:00,2024-09-30 17:00:00,190.762,191.65494,191.65494,188.97611,0.1254,-89.3,-101.9,-102.22,6,stop_loss,27.66335,0.5953,-1.64655,1.06541,london,2024
GBPJPY,-1,2024-09-30 18:00:00,2024-10-01 03:00:00,191.844,192.69019,192.69019,190.15161,0.131,-84.6,-100.87,-101.19,9,stop_loss,18.96597,0.56413,0.36647,0.92316,new_york,2024
GBPJPY,1,2024-10-01 13:00:00,2024-10-01 16:00:00,191.531,190.7907,190.7907,193.01161,0.1482,-74.0,-99.84,-100.16,3,stop_loss,23.78415,0.49354,-0.93513,1.36802,london,2024
GBPJPY,1,2024-10-01 16:00:00,2024-10-01 17:00:00,191.839,191.13193,191.13193,193.25314,0.1537,-70.7,-98.9,-99.21,1,stop_loss,22.11899,0.47138,-0.22956,1.3239,new_york,2024
GBPJPY,-1,2024-10-04 18:00:00,2024-10-04 20:00:00,194.728,195.43839,195.43839,193.30722,0.1514,-71.0,-97.87,-98.19,2,stop_loss,22.32985,0.47359,3.96031,1.73022,new_york,2024
GBPJPY,-1,2024-10-07 02:00:00,2024-10-07 10:00:00,195.37,194.11686,195.99657,194.11686,0.1699,125.3,193.75,193.43,8,take_profit,37.65721,0.41771,4.48993,2.91862,,2024
GBPJPY,-1,2024-10-08 17:00:00,2024-10-09 03:00:00,194.271,194.179,194.88027,193.05246,0.1783,9.2,14.93,14.61,10,time_exit,33.94819,0.40618,1.21335,2.37036,new_york,2024
GBPJPY,1,2024-10-09 04:00:00,2024-10-09 10:00:00,194.178,193.69858,193.69858,195.13685,0.2269,-47.9,-98.99,-99.31,6,stop_loss,20.87867,0.31962,0.8601,2.98238,,2024
GBPJPY,-1,2024-10-11 19:00:00,2024-10-14 05:00:00,194.895,194.909,195.38098,193.92304,0.2216,-1.4,-2.82,-3.14,10,time_exit,23.29603,0.32399,1.34465,2.35927,new_york,2024
GBPJPY,-1,2024-10-14 11:00:00,2024-10-14 16:00:00,195.092,195.44274,195.44274,194.39052,0.3069,-35.1,-97.95,-98.27,5,stop_loss,17.67017,0.23383,1.82386,3.39363,london,2024
GBPJPY,1,2024-10-14 17:00:00,2024-10-15 03:00:00,195.475,195.44,195.09278,196.23944,0.2788,-3.5,-8.88,-9.2,10,time_exit,22.0011,0.25481,2.70874,3.26819,new_york,2024
GBPJPY,1,2024-10-15 09:00:00,2024-10-15 10:00:00,195.202,194.86589,194.86589,195.87421,0.3167,-33.6,-96.86,-97.18,1,stop_loss,20.27997,0.22407,0.36557,4.1946,london,2024
GBPJPY,1,2024-10-16 09:00:00,2024-10-16 10:00:00,195.253,194.82121,194.82121,196.11659,0.2441,-43.2,-95.91,-96.23,1,stop_loss,28.78164,0.28786,0.56784,2.4926,london,2024
GBPJPY,-1,2024-10-18 21:00:00,2024-10-21 07:00:00,195.116,194.721,195.60222,194.14355,0.2146,39.5,77.14,76.82,10,time_exit,18.433,0.32415,0.05051,1.48685,new_york,2024
GBPJPY,-1,2024-10-22 03:00:00,2024-10-22 05:00:00,195.547,195.92349,195.92349,194.79402,0.2794,-37.6,-95.72,-96.04,2,stop_loss,16.54568,0.25099,1.12588,1.90902,,2024
GBPJPY,-1,2024-10-22 22:00:00,2024-10-23 03:00:00,196.056,196.51518,196.51518,195.13763,0.2268,-45.9,-94.77,-95.09,5,stop_loss,15.77733,0.30612,1.43779,2.06489,,2024
GBPJPY,1,2024-10-23 06:00:00,2024-10-23 11:00:00,197.099,197.98032,196.65834,197.98032,0.2339,88.1,187.59,187.27,5,take_profit,16.26761,0.29377,4.29397,2.53706,,2024
GBPJPY,-1,2024-10-23 14:00:00,2024-10-23 21:00:00,198.287,197.25354,198.80373,197.25354,0.2035,103.3,191.38,191.06,7,take_profit,33.15166,0.34449,5.60272,3.09735,london,2024
GBPJPY,-1,2024-10-24 21:00:00,2024-10-25 03:00:00,196.63,197.21249,197.21249,195.46503,0.1841,-58.2,-97.58,-97.9,6,stop_loss,18.79564,0.38832,-0.7879,2.88127,new_york,2024
GBPJPY,1,2024-10-25 10:00:00,2024-10-25 20:00:00,196.839,197.334,196.3443,197.82841,0.2146,49.5,96.67,96.35,10,time_exit,13.39471,0.3298,-0.23752,2.93663,london,2024
GBPJPY,1,2024-10-29 15:00:00,2024-10-29 17:00:00,199.565,199.07856,199.07856,200.53788,0.2204,-48.6,-97.56,-97.88,2,stop_loss,21.7686,0.32429,3.68628,4.3649,london,2024
GBPJPY,-1,2024-10-30 06:00:00,2024-10-30 13:00:00,199.409,198.5889,199.81905,198.5889,0.2588,82.0,193.14,192.82,7,take_profit,13.76738,0.27337,1.99378,5.71005,,2024
GBPJPY,-1,2024-10-31 16:00:00,2024-10-31 17:00:00,198.17,196.82692,198.84154,196.82692,0.1612,134.3,197.02,196.7,1,take_profit,28.58094,0.44769,-0.90442,2.00469,new_york,2024
GBPJPY,-1,2024-11-01 03:00:00,2024-11-01 07:00:00,196.01,196.73933,196.73933,194.55134,0.1514,-72.9,-100.48,-100.8,4,stop_loss,45.13914,0.48622,-3.52523,0.40562,,2024
GBPJPY,1,2024-11-01 08:00:00,2024-11-01 17:00:00,196.671,197.95233,196.03033,197.95233,0.1706,128.1,198.92,198.6,9,take_profit,42.0865,0.42711,-1.89024,0.02673,london,2024
GBPJPY,-1,2024-11-04 13:00:00,2024-11-04 17:00:00,196.784,197.33804,197.33804,195.67591,0.2012,-55.4,-101.44,-101.76,4,stop_loss,18.00452,0.36936,-1.54107,-0.19527,london,2024
GBPJPY,-1,2024-11-04 18:00:00,2024-11-05 04:00:00,197.298,197.279,197.8627,196.16859,0.1955,1.9,3.38,3.06,10,time_exit,17.2695,0.37647,0.03428,-0.31731,new_york,2024
GBPJPY,1,2024-11-06 13:00:00,2024-11-06 23:00:00,198.493,199.146,197.80224,199.87451,0.1598,65.3,94.96,94.64,10,time_exit,28.07264,0.4605,1.57462,0.55534,london,2024
GBPJPY,-1,2024-11-07 00:00:00,2024-11-07 10:00:00,198.972,199.124,199.57505,197.7659,0.1848,-15.2,-25.56,-25.88,10,time_exit,33.81306,0.40203,2.38316,1.32003,,2024
GBPJPY,-1,2024-11-11 22:00:00,2024-11-12 08:00:00,197.775,197.238,198.20196,196.92109,0.2604,53.7,127.25,126.93,10,time_exit,15.23372,0.28464,-0.72897,0.2989,,2024
GBPJPY,-1,2024-11-18 23:00:00,2024-11-19 09:00:00,195.957,195.834,196.53045,194.81011,0.1963,12.3,21.97,21.65,10,time_exit,18.68323,0.3823,-0.47346,-2.51524,,2024
GBPJPY,1,2024-11-19 16:00:00,2024-11-19 18:00:00,193.925,195.57721,193.0989,195.57721,0.1365,165.2,205.23,204.91,2,take_profit,24.33454,0.55074,-3.13849,-2.09965,new_york,2024
GBPJPY,-1,2024-11-19 19:00:00,2024-11-20 01:00:00,195.499,196.40599,196.40599,193.68502,0.1269,-90.7,-104.74,-105.06,6,stop_loss,24.69121,0.60466,-0.14598,-1.93516,new_york,2024
GBPJPY,-1,2024-11-21 01:00:00,2024-11-21 10:00:00,196.483,195.33116,197.05892,195.33116,0.1978,115.2,207.33,207.01,9,take_profit,16.23882,0.38395,0.29927,-0.95488,,2024
GBPJPY,-1,2024-11-21 18:00:00,2024-11-22 04:00:00,194.721,194.335,195.44564,193.27172,0.1603,38.6,56.31,55.99,10,time_exit,31.24302,0.48309,-2.55062,-1.25175,new_york,2024
GBPJPY,-1,2024-11-22 11:00:00,2024-11-22 21:00:00,193.971,193.896,194.58619,192.74061,0.1898,7.5,12.95,12.64,10,time_exit,40.75853,0.41013,-2.99115,-2.50991,london,2024
GBPJPY,1,2024-11-25 02:00:00,2024-11-25 04:00:00,194.123,193.51464,193.51464,195.33972,0.1922,-60.8,-106.4,-106.72,2,stop_loss,31.29198,0.40557,-1.06018,-3.27254,,2024
GBPJPY,1,2024-11-25 05:00:00,2024-11-25 15:00:00,193.755,194.121,193.11545,195.03411,0.181,36.6,60.28,59.97,10,time_exit,28.0645,0.42637,-1.68708,-3.15405,,2024
GBPJPY,-1,2024-11-26 09:00:00,2024-11-26 19:00:00,193.278,192.23,193.87665,192.08071,0.1945,104.8,185.49,185.17,10,time_exit,27.68805,0.3991,-1.45656,-3.59173,london,2024
GBPJPY,-1,2024-11-26 19:00:00,2024-11-27 05:00:00,192.536,191.662,193.12874,191.35051,0.1998,87.4,158.91,158.59,10,time_exit,24.56897,0.39516,-2.75377,-3.71256,new_york,2024
GBPJPY,1,2024-11-28 06:00:00,2024-11-28 16:00:00,192.004,192.074,191.44905,193.11391,0.2166,7.0,13.8,13.48,10,time_exit,24.62017,0.36997,-0.30511,-5.29306,,2024
GBPJPY,1,2024-11-28 16:00:00,2024-11-29 02:00:00,191.944,191.45557,191.45557,192.92085,0.2464,-48.8,-109.52,-109.84,10,stop_loss,16.53699,0.32562,-0.5194,-5.45241,new_york,2024
GBPJPY,-1,2024-12-02 20:00:00,2024-12-03 06:00:00,189.157,189.89737,189.89737,187.67626,0.1609,-74.0,-108.4,-108.72,10,stop_loss,30.76732,0.49358,-3.20894,-3.82426,new_york,2024
GBPJPY,-1,2024-12-04 11:00:00,2024-12-04 13:00:00,190.633,191.23076,191.23076,189.43748,0.1973,-59.8,-107.32,-107.64,2,stop_loss,20.89895,0.39851,1.7289,-4.31474,london,2024
GBPJPY,-1,2024-12-05 06:00:00,2024-12-05 15:00:00,191.006,191.54199,191.54199,189.93403,0.2178,-53.6,-106.23,-106.55,9,stop_loss,15.895,0.35732,1.24228,-2.81782,,2024
GBPJPY,1,2024-12-09 15:00:00,2024-12-09 17:00:00,192.353,193.33886,191.86007,193.33886,0.2345,98.6,210.38,210.06,2,take_profit,22.57421,0.32862,3.14781,-0.47512,london,2024
GBPJPY,1,2024-12-09 18:00:00,2024-12-09 22:00:00,193.241,192.68299,192.68299,194.35701,0.2113,-55.8,-107.3,-107.61,4,stop_loss,28.58503,0.372,4.66563,-0.03603,new_york,2024
GBPJPY,1,2024-12-12 00:00:00,2024-12-12 10:00:00,194.359,194.612,193.83663,195.40374,0.2234,25.3,51.43,51.11,10,time_exit,24.28793,0.34825,2.20521,3.4519,,2024
GBPJPY,1,2024-12-12 18:00:00,2024-12-13 04:00:00,193.245,193.621,192.59996,194.53508,0.1818,37.6,62.2,61.89,10,time_exit,22.52552,0.43003,-1.52948,2.75439,new_york,2024
GBPJPY,-1,2024-12-13 16:00:00,2024-12-16 02:00:00,194.156,194.228,194.68175,193.10451,0.2243,-7.2,-14.7,-15.01,10,time_exit,21.78224,0.3505,1.12157,2.47092,new_york,2024
GBPJPY,1,2024-12-17 08:00:00,2024-12-17 12:00:00,195.356,194.92205,194.92205,196.22389,0.2714,-43.4,-107.17,-107.49,4,stop_loss,31.10601,0.2893,2.10591,4.22902,london,2024
GBPJPY,1,2024-12-18 11:00:00,2024-12-18 15:00:00,194.835,195.73777,194.38362,195.73777,0.2583,90.3,212.2,211.88,4,take_profit,12.44448,0.30092,-0.45471,3.5749,london,2024
GBPJPY,-1,2024-12-18 15:00:00,2024-12-18 22:00:00,195.469,194.57159,195.9177,194.57159,0.2651,89.7,216.49,216.17,7,take_profit,15.40517,0.29914,1.5076,3.55475,london,2024
GBPJPY,-1,2024-12-18 23:00:00,2024-12-19 04:00:00,194.536,195.11828,195.11828,193.37145,0.2083,-58.2,-110.37,-110.69,5,stop_loss,20.81009,0.38818,-1.34073,2.61157,,2024
GBPJPY,-1,2024-12-20 00:00:00,2024-12-20 10:00:00,196.784,196.205,197.57096,195.21007,0.1526,57.9,80.4,80.08,10,time_exit,23.32304,0.52464,1.09583,3.00593,,2024
GBPJPY,1,2024-12-24 13:00:00,2024-12-24 16:00:00,196.831,197.52547,196.48377,197.52547,0.3484,69.4,220.18,219.86,3,take_profit,14.5653,0.23149,0.50929,4.92265,london,2024
GBPJPY,-1,2024-12-31 06:00:00,2024-12-31 12:00:00,196.349,196.84359,196.84359,195.35983,0.2495,-49.5,-112.29,-112.61,6,stop_loss,35.61926,0.32972,-3.52917,2.18782,,2024
