symbol,direction,entry_dt,exit_dt,entry,exit,stop_loss,take_profit,size,pnl_pips,pnl_gross,pnl,bars_held,exit_reason,adx_entry,atr_entry,ema_distance,trend_gap,session,year
GBPJPY,-1,2019-01-14 11:00:00,2019-01-14 13:00:00,138.748,139.12982,139.12982,137.98436,0.2878,-38.2,-100.0,-100.32,2,stop_loss,16.69723,0.25455,0.14339,1.02282,london,2019
GBPJPY,-1,2019-01-15 03:00:00,2019-01-15 05:00:00,139.587,140.03948,140.03948,138.68203,0.2404,-45.2,-98.99,-99.31,2,stop_loss,28.64303,0.30166,2.08485,1.30637,,2019
GBPJPY,1,2019-01-15 18:00:00,2019-01-15 19:00:00,138.994,138.50315,138.50315,139.97571,0.2194,-49.1,-98.0,-98.32,1,stop_loss,26.7299,0.32724,-0.82142,1.66146,new_york,2019
GBPJPY,-1,2019-01-15 23:00:00,2019-01-16 09:00:00,140.001,139.642,140.75555,138.4919,0.1413,35.9,46.16,45.84,10,time_exit,26.45287,0.50303,1.60498,0.92977,,2019
GBPJPY,-1,2019-01-16 18:00:00,2019-01-16 22:00:00,139.987,140.59717,140.59717,138.76666,0.1756,-61.0,-97.5,-97.82,4,stop_loss,18.50759,0.40678,1.24103,1.44228,new_york,2019
GBPJPY,-1,2019-01-18 01:00:00,2019-01-18 11:00:00,141.775,141.769,142.25353,140.81793,0.2216,0.6,1.21,0.89,10,time_exit,34.37349,0.31902,4.34578,3.23576,,2019
GBPJPY,1,2019-01-18 13:00:00,2019-01-18 21:00:00,141.617,141.20384,141.20384,142.44332,0.2567,-41.3,-96.51,-96.83,8,stop_loss,37.99588,0.27544,2.48673,4.70929,london,2019
GBPJPY,-1,2019-01-18 21:00:00,2019-01-21 07:00:00,141.402,140.978,141.82639,140.55323,0.2474,42.4,95.46,95.14,10,time_exit,24.35446,0.28292,1.10837,4.63195,new_york,2019
GBPJPY,1,2019-01-21 12:00:00,2019-01-21 18:00:00,140.769,141.44771,140.42964,141.44771,0.3125,67.9,193.01,192.69,6,take_profit,27.81187,0.22624,-1.27146,4.87635,london,2019
GBPJPY,1,2019-01-21 21:00:00,2019-01-22 05:00:00,141.319,140.97212,140.97212,142.01276,0.3118,-34.7,-98.42,-98.74,8,stop_loss,20.64079,0.23125,0.93535,4.51851,new_york,2019
GBPJPY,-1,2019-01-23 03:00:00,2019-01-23 04:00:00,141.751,142.07444,142.07444,141.10411,0.331,-32.3,-97.42,-97.74,1,stop_loss,17.4384,0.21563,1.92107,4.32222,,2019
GBPJPY,-1,2019-01-23 07:00:00,2019-01-23 11:00:00,142.069,142.39385,142.39385,141.4193,0.3263,-32.5,-96.46,-96.78,4,stop_loss,22.57593,0.21657,2.88485,4.49952,london,2019
GBPJPY,1,2019-01-23 11:00:00,2019-01-23 13:00:00,142.188,142.90212,141.83094,142.90212,0.2939,71.4,190.99,190.67,2,take_profit,23.58298,0.23804,2.71589,4.23387,london,2019
GBPJPY,-1,2019-01-24 09:00:00,2019-01-24 15:00:00,143.355,142.72948,143.66776,142.72948,0.3422,62.6,194.79,194.47,6,take_profit,42.65652,0.20851,4.15673,6.91512,london,2019
GBPJPY,-1,2019-01-30 00:00:00,2019-01-30 10:00:00,142.923,143.412,143.44905,141.87089,0.2075,-48.9,-92.34,-92.65,10,time_exit,23.50084,0.3507,-2.42371,3.14997,,2019
GBPJPY,-1,2019-01-30 18:00:00,2019-01-31 04:00:00,143.255,142.923,143.65184,142.46131,0.2725,33.2,82.33,82.01,10,time_exit,23.79441,0.26456,-0.81954,2.75973,new_york,2019
GBPJPY,1,2019-02-01 14:00:00,2019-02-01 17:00:00,142.232,142.98575,141.85513,142.98575,0.2893,75.4,198.43,198.12,3,take_profit,14.12347,0.25125,-2.23362,0.25014,london,2019
GBPJPY,-1,2019-02-04 06:00:00,2019-02-04 09:00:00,143.349,143.67541,143.67541,142.69619,0.3408,-32.6,-101.23,-101.55,3,stop_loss,19.06452,0.2176,1.77169,0.80339,,2019
GBPJPY,1,2019-02-04 10:00:00,2019-02-04 11:00:00,143.71,143.39936,143.39936,144.33127,0.3545,-31.1,-100.21,-100.53,1,stop_loss,23.05575,0.20709,3.18919,1.12056,london,2019
GBPJPY,1,2019-02-06 21:00:00,2019-02-07 03:00:00,142.285,141.96586,141.96586,142.92328,0.3416,-31.9,-99.21,-99.52,6,stop_loss,37.74975,0.21276,-1.27186,-1.065,new_york,2019
GBPJPY,-1,2019-02-07 06:00:00,2019-02-07 14:00:00,142.091,141.51993,142.37654,141.51993,0.3779,57.1,196.39,196.07,8,take_profit,29.278,0.19036,-1.79652,-1.5512,,2019
GBPJPY,-1,2019-02-12 04:00:00,2019-02-12 10:00:00,142.151,142.42527,142.42527,141.60246,0.4013,-27.4,-100.16,-100.48,6,stop_loss,10.70591,0.18285,0.19584,-1.64591,,2019
GBPJPY,1,2019-02-12 15:00:00,2019-02-12 20:00:00,141.977,142.57442,141.67829,142.57442,0.3648,59.7,198.32,198.01,5,take_profit,13.18771,0.19914,-0.75907,-1.31607,london,2019
GBPJPY,-1,2019-02-13 22:00:00,2019-02-14 08:00:00,142.625,142.91,142.98393,141.90714,0.3096,-28.5,-80.29,-80.61,10,time_exit,27.06805,0.23929,0.41733,0.27159,,2019
GBPJPY,1,2019-02-18 11:00:00,2019-02-18 21:00:00,142.805,142.959,142.53083,143.35334,0.4021,15.4,56.35,56.03,10,time_exit,41.3759,0.18278,3.29372,-0.45679,london,2019
GBPJPY,-1,2019-02-19 11:00:00,2019-02-19 15:00:00,143.192,143.45489,143.45489,142.66623,0.4217,-26.3,-100.88,-101.2,4,stop_loss,27.26758,0.17526,3.36767,1.09612,london,2019
GBPJPY,1,2019-02-19 20:00:00,2019-02-20 06:00:00,144.341,144.72,143.94992,145.12315,0.2806,37.9,96.78,96.46,10,time_exit,34.98092,0.26072,5.43937,1.56303,new_york,2019
GBPJPY,-1,2019-02-20 12:00:00,2019-02-20 17:00:00,144.458,144.7902,144.7902,143.7936,0.3336,-33.2,-100.85,-101.17,5,stop_loss,43.43958,0.22147,3.34671,4.03413,london,2019
GBPJPY,1,2019-02-22 16:00:00,2019-02-22 17:00:00,143.836,144.43819,143.5349,144.43819,0.3643,60.2,199.63,199.32,1,take_profit,20.85249,0.20073,-2.33042,4.1007,new_york,2019
GBPJPY,1,2019-02-25 06:00:00,2019-02-25 16:00:00,144.603,144.798,144.2865,145.23601,0.3535,19.5,62.73,62.41,10,time_exit,17.64612,0.211,0.8699,3.77754,,2019
GBPJPY,-1,2019-02-28 08:00:00,2019-02-28 16:00:00,147.432,147.74372,147.74372,146.80855,0.3611,-31.2,-102.43,-102.75,8,stop_loss,46.94901,0.20782,2.87456,8.29691,london,2019
GBPJPY,-1,2019-03-01 10:00:00,2019-03-01 16:00:00,148.25,148.55514,148.55514,147.63973,0.3652,-30.5,-101.41,-101.72,6,stop_loss,38.90963,0.20342,3.8003,8.65086,london,2019
GBPJPY,-1,2019-03-04 02:00:00,2019-03-04 12:00:00,148.171,147.85,148.58215,147.3487,0.2683,32.1,78.37,78.05,10,time_exit,27.35462,0.2741,1.62399,6.08144,,2019
GBPJPY,1,2019-03-04 18:00:00,2019-03-05 04:00:00,147.335,147.368,146.9515,148.102,0.2899,3.3,8.71,8.39,10,time_exit,24.24208,0.25567,-1.95669,5.81728,new_york,2019
GBPJPY,-1,2019-03-05 06:00:00,2019-03-05 10:00:00,147.161,147.45107,147.45107,146.58086,0.3836,-29.0,-101.26,-101.58,4,stop_loss,31.00905,0.19338,-2.33119,6.02767,,2019
GBPJPY,-1,2019-03-06 20:00:00,2019-03-07 06:00:00,147.045,147.156,147.40764,146.31971,0.3038,-11.1,-30.69,-31.01,10,time_exit,14.67618,0.24176,-0.49032,2.14128,new_york,2019
GBPJPY,1,2019-03-08 12:00:00,2019-03-08 15:00:00,145.405,144.99354,144.99354,146.22792,0.2669,-41.1,-99.93,-100.25,3,stop_loss,31.95599,0.27431,-3.57438,-0.66306,london,2019
GBPJPY,-1,2019-03-12 11:00:00,2019-03-12 13:00:00,147.275,146.2803,147.77235,146.2803,0.2186,99.5,197.87,197.55,2,take_profit,42.93538,0.33157,3.87294,-0.54592,london,2019
GBPJPY,-1,2019-03-14 00:00:00,2019-03-14 10:00:00,148.219,148.121,148.90749,146.84203,0.1611,9.8,14.37,14.05,10,time_exit,35.3981,0.45899,4.22635,0.21814,,2019
GBPJPY,1,2019-03-15 02:00:00,2019-03-15 12:00:00,147.97,148.053,147.3308,149.2484,0.1737,8.3,13.12,12.8,10,time_exit,35.36528,0.42613,1.38379,1.83097,,2019
GBPJPY,-1,2019-03-15 13:00:00,2019-03-15 23:00:00,148.056,148.224,148.57863,147.01074,0.2127,-16.8,-32.52,-32.84,10,time_exit,22.76524,0.34842,1.35085,2.41415,london,2019
GBPJPY,-1,2019-03-18 01:00:00,2019-03-18 11:00:00,148.179,147.911,148.58837,147.36026,0.2707,26.8,66.02,65.7,10,time_exit,14.12589,0.27291,1.47305,3.25124,,2019
GBPJPY,-1,2019-03-20 07:00:00,2019-03-20 14:00:00,147.953,147.41139,148.2238,147.41139,0.4119,54.2,203.01,202.69,7,take_profit,16.02161,0.18054,0.86707,2.88824,london,2019
GBPJPY,1,2019-03-21 00:00:00,2019-03-21 10:00:00,146.053,145.53691,145.53691,147.08518,0.2205,-51.6,-103.56,-103.87,10,stop_loss,32.68582,0.34406,-4.03299,0.50158,,2019
GBPJPY,1,2019-03-22 08:00:00,2019-03-22 11:00:00,145.49,145.00816,145.00816,146.45369,0.2338,-48.2,-102.52,-102.83,3,stop_loss,31.85687,0.32123,-1.53634,-2.44637,london,2019
GBPJPY,-1,2019-03-25 18:00:00,2019-03-26 04:00:00,145.338,145.349,145.91617,144.18167,0.1929,-1.1,-1.93,-2.25,10,time_exit,15.16893,0.38544,-0.13497,-2.38683,new_york,2019
GBPJPY,-1,2019-03-27 15:00:00,2019-03-27 22:00:00,146.063,146.49134,146.49134,145.20631,0.2603,-42.8,-101.46,-101.78,7,stop_loss,14.26051,0.28556,1.15528,-1.26845,london,2019
GBPJPY,1,2019-03-29 16:00:00,2019-03-29 17:00:00,145.086,144.51926,144.51926,146.21948,0.1947,-56.7,-100.41,-100.73,1,stop_loss,25.23154,0.37783,0.32684,-1.86169,new_york,2019
GBPJPY,1,2019-04-01 06:00:00,2019-04-01 16:00:00,144.812,145.448,144.317,145.80199,0.2207,63.6,127.73,127.41,10,time_exit,16.77774,0.33,0.22386,-2.32239,,2019
GBPJPY,-1,2019-04-01 21:00:00,2019-04-02 00:00:00,146.253,145.32078,146.71911,145.32078,0.2374,93.2,201.39,201.07,3,take_profit,35.74605,0.31074,3.67911,-1.26435,new_york,2019
GBPJPY,-1,2019-04-02 07:00:00,2019-04-02 17:00:00,145.554,145.049,145.97312,144.71576,0.2693,50.5,123.76,123.44,10,time_exit,26.91203,0.27941,0.92123,-0.79978,london,2019
GBPJPY,1,2019-04-04 14:00:00,2019-04-04 17:00:00,146.466,146.10747,146.10747,147.18305,0.3186,-35.9,-103.95,-104.26,3,stop_loss,13.34609,0.23902,0.1764,2.25275,london,2019
GBPJPY,-1,2019-04-09 09:00:00,2019-04-09 11:00:00,145.762,145.99327,145.99327,145.29946,0.4889,-23.1,-102.89,-103.21,2,stop_loss_ambiguous,20.60021,0.15418,0.54484,-0.76357,london,2019
GBPJPY,-1,2019-04-09 12:00:00,2019-04-09 15:00:00,145.941,145.28394,146.26953,145.28394,0.3407,65.7,203.71,203.39,3,take_profit,19.00653,0.21902,1.21938,-0.52147,london,2019
GBPJPY,1,2019-04-11 06:00:00,2019-04-11 11:00:00,145.468,145.15695,145.15695,146.0901,0.3671,-31.1,-103.91,-104.23,5,stop_loss,11.12011,0.20737,0.64277,-1.26625,,2019
GBPJPY,-1,2019-04-11 11:00:00,2019-04-11 17:00:00,145.519,145.82897,145.82897,144.89907,0.3647,-31.0,-102.87,-103.19,6,stop_loss,11.42424,0.20664,0.76179,-1.11023,london,2019
GBPJPY,-1,2019-04-12 02:00:00,2019-04-12 04:00:00,145.742,146.01763,146.01763,145.19074,0.406,-27.6,-101.83,-102.15,2,stop_loss,17.16951,0.18375,1.29862,-0.53762,,2019
GBPJPY,1,2019-04-12 15:00:00,2019-04-15 01:00:00,146.587,146.484,146.31805,147.1249,0.4119,-10.3,-38.61,-38.93,10,time_exit,38.82929,0.1793,4.55717,0.57536,london,2019
GBPJPY,1,2019-04-15 12:00:00,2019-04-15 22:00:00,146.66,146.679,146.38649,147.20702,0.4034,1.9,6.97,6.66,10,time_exit,38.35259,0.18234,2.40136,2.10541,london,2019
GBPJPY,1,2019-04-17 06:00:00,2019-04-17 16:00:00,146.128,145.993,145.86408,146.65584,0.4184,-13.5,-51.4,-51.72,10,time_exit,26.84041,0.17595,-1.0966,1.59019,,2019
GBPJPY,1,2019-04-22 18:00:00,2019-04-23 03:00:00,145.248,145.09947,145.09947,145.54505,0.7396,-14.9,-99.96,-100.28,9,stop_loss,22.55187,0.09902,-2.43681,-2.94781,new_york,2019
GBPJPY,1,2019-04-23 05:00:00,2019-04-23 12:00:00,145.117,145.43833,144.95634,145.43833,0.6769,32.1,197.93,197.61,7,take_profit,34.65707,0.10711,-2.69939,-2.99718,,2019
GBPJPY,1,2019-04-24 00:00:00,2019-04-24 09:00:00,144.711,144.48038,144.48038,145.17225,0.481,-23.1,-100.95,-101.26,9,stop_loss,35.53488,0.15375,-3.19183,-2.64133,,2019
GBPJPY,1,2019-04-24 13:00:00,2019-04-24 23:00:00,144.758,144.721,144.52198,145.23005,0.4652,-3.7,-15.66,-15.98,10,time_exit,35.68181,0.15735,-1.49085,-3.23434,london,2019
GBPJPY,1,2019-04-25 06:00:00,2019-04-25 10:00:00,144.639,144.36581,144.36581,145.18539,0.4013,-27.3,-99.77,-100.08,4,stop_loss,22.11707,0.18213,-1.28576,-2.80303,,2019
GBPJPY,1,2019-04-29 01:00:00,2019-04-29 10:00:00,144.183,144.64069,143.95416,144.64069,0.4743,45.8,197.54,197.23,9,take_profit,19.48645,0.15256,-0.84852,-4.25089,,2019
GBPJPY,-1,2019-04-29 10:00:00,2019-04-29 11:00:00,144.517,144.69502,144.69502,144.16095,0.6218,-17.8,-100.73,-101.05,1,stop_loss,17.6088,0.11868,1.6425,-4.91894,london,2019
GBPJPY,1,2019-05-01 03:00:00,2019-05-01 13:00:00,145.299,145.436,145.05089,145.79521,0.4417,13.7,55.07,54.75,10,time_exit,31.02118,0.1654,3.31342,-0.63438,,2019
GBPJPY,-1,2019-05-06 21:00:00,2019-05-07 07:00:00,145.231,145.216,145.56615,144.5607,0.3288,1.5,4.49,4.17,10,time_exit,20.39674,0.22343,-0.54886,0.73178,new_york,2019
GBPJPY,-1,2019-05-07 07:00:00,2019-05-07 14:00:00,145.158,144.58344,145.44528,144.58344,0.3837,57.5,200.62,200.3,7,take_profit,19.05496,0.19152,-0.64598,0.505,london,2019
GBPJPY,-1,2019-05-07 16:00:00,2019-05-08 02:00:00,144.425,144.089,144.73586,143.80327,0.3617,33.6,110.59,110.27,10,time_exit,20.27024,0.20724,-3.4936,-0.04438,new_york,2019
GBPJPY,1,2019-05-08 16:00:00,2019-05-09 02:00:00,143.246,143.128,142.91193,143.91414,0.3402,-11.8,-36.53,-36.85,10,time_exit,46.51595,0.22271,-4.69448,-2.61167,new_york,2019
GBPJPY,-1,2019-05-09 19:00:00,2019-05-09 20:00:00,142.565,142.89142,142.89142,141.91216,0.3469,-32.6,-103.04,-103.36,1,stop_loss,50.45816,0.21761,-3.67463,-4.82824,new_york,2019
GBPJPY,-1,2019-05-10 06:00:00,2019-05-10 16:00:00,142.965,142.925,143.30099,142.29303,0.3337,4.0,12.15,11.83,10,time_exit,30.72136,0.22399,-1.05399,-4.72304,,2019
GBPJPY,-1,2019-05-14 14:00:00,2019-05-14 17:00:00,142.052,141.40966,142.37317,141.40966,0.3495,64.2,204.29,203.98,3,take_profit,21.19937,0.21411,-1.02782,-5.43515,london,2019
GBPJPY,1,2019-05-17 15:00:00,2019-05-17 20:00:00,139.585,140.18403,139.28549,140.18403,0.3822,59.9,208.34,208.02,5,take_profit,37.69561,0.19968,-5.12625,-7.20863,london,2019
GBPJPY,-1,2019-05-22 13:00:00,2019-05-22 23:00:00,139.975,139.717,140.32011,139.28477,0.3383,25.8,79.43,79.11,10,time_exit,22.53726,0.23008,-1.45316,-3.60825,london,2019
GBPJPY,1,2019-05-23 04:00:00,2019-05-23 09:00:00,139.469,139.15719,139.15719,140.09262,0.3773,-31.2,-107.06,-107.38,5,stop_loss,17.11077,0.20787,-2.68643,-4.37894,,2019
GBPJPY,-1,2019-05-24 14:00:00,2019-05-27 00:00:00,139.19,139.061,139.53568,138.49863,0.3369,12.9,39.55,39.23,10,time_exit,28.895,0.23046,-0.08405,-5.01307,london,2019
GBPJPY,-1,2019-05-27 20:00:00,2019-05-28 06:00:00,138.898,138.781,139.17361,138.34678,0.4241,11.7,45.15,44.84,10,time_exit,21.00377,0.18374,-1.13387,-5.0219,new_york,2019
GBPJPY,-1,2019-05-31 01:00:00,2019-05-31 07:00:00,138.149,137.55321,138.4469,137.55321,0.394,59.6,213.62,213.3,6,take_profit,18.26307,0.1986,-1.37208,-3.8465,,2019
GBPJPY,-1,2019-05-31 10:00:00,2019-05-31 14:00:00,137.294,136.65011,137.61594,136.65011,0.3719,64.4,217.91,217.59,4,take_profit,38.66015,0.21463,-4.18753,-4.003,london,2019
GBPJPY,1,2019-06-05 11:00:00,2019-06-05 21:00:00,137.484,137.608,137.23493,137.98215,0.4903,12.4,55.33,55.01,10,time_exit,29.53006,0.16605,1.77517,-4.87849,london,2019
GBPJPY,-1,2019-06-07 05:00:00,2019-06-07 10:00:00,137.72,137.9901,137.9901,137.1798,0.4543,-27.0,-111.66,-111.98,5,stop_loss,23.75159,0.18007,1.53225,-2.11459,,2019
GBPJPY,-1,2019-06-10 21:00:00,2019-06-11 07:00:00,137.668,137.726,137.92985,137.1443,0.464,-5.8,-24.49,-24.81,10,time_exit,21.01164,0.17457,-0.41558,-0.48937,new_york,2019
GBPJPY,1,2019-06-12 23:00:00,2019-06-13 05:00:00,137.655,137.40365,137.40365,138.15769,0.4823,-25.1,-110.31,-110.63,6,stop_loss,18.9564,0.16756,-1.37585,0.1737,,2019
GBPJPY,1,2019-06-13 13:00:00,2019-06-13 23:00:00,137.424,137.371,137.19018,137.89165,0.5132,-5.3,-24.75,-25.07,10,time_exit,29.62042,0.15588,-1.93979,-0.59035,london,2019
GBPJPY,-1,2019-06-14 12:00:00,2019-06-14 18:00:00,137.053,136.63776,137.26062,136.63776,0.5766,41.5,217.88,217.56,6,take_profit,36.38652,0.13841,-3.14179,-1.66944,london,2019
GBPJPY,-1,2019-06-17 08:00:00,2019-06-17 18:00:00,136.781,136.37479,136.98411,136.37479,0.6012,40.6,222.24,221.92,10,take_profit,46.26335,0.1354,-2.14996,-3.46276,london,2019
GBPJPY,-1,2019-06-18 00:00:00,2019-06-18 04:00:00,136.033,135.57861,136.26019,135.57861,0.5482,45.4,226.68,226.36,4,take_profit,41.56824,0.15146,-5.0827,-3.93668,,2019
GBPJPY,1,2019-06-19 17:00:00,2019-06-20 03:00:00,136.649,136.436,136.36563,137.21574,0.4483,-21.3,-86.89,-87.21,10,time_exit,21.36224,0.18891,1.95849,-3.55139,new_york,2019
GBPJPY,-1,2019-06-20 11:00:00,2019-06-20 19:00:00,136.995,136.3556,137.3147,136.3556,0.3944,63.9,229.48,229.16,8,take_profit,17.49407,0.21313,2.38344,-1.97827,london,2019
GBPJPY,1,2019-06-21 02:00:00,2019-06-21 07:00:00,136.386,136.06174,136.06174,137.03452,0.3966,-32.4,-117.03,-117.35,5,stop_loss,23.47118,0.21617,-0.58303,-1.62207,,2019
GBPJPY,1,2019-06-24 02:00:00,2019-06-24 12:00:00,136.826,136.972,136.51277,137.45245,0.4065,14.6,54.01,53.69,10,time_exit,24.89599,0.20882,1.64098,-1.35995,,2019
GBPJPY,1,2019-06-26 13:00:00,2019-06-26 23:00:00,136.586,136.73,136.27769,137.20262,0.4149,14.4,54.37,54.05,10,time_exit,18.15444,0.20554,1.1837,-1.36062,london,2019
GBPJPY,1,2019-06-27 16:00:00,2019-06-27 17:00:00,137.117,136.83379,136.83379,137.68341,0.4537,-28.3,-116.93,-117.24,1,stop_loss,25.01955,0.1888,2.15232,0.17397,new_york,2019
GBPJPY,1,2019-06-28 05:00:00,2019-06-28 15:00:00,136.419,136.92714,136.16493,136.92714,0.5007,50.8,231.53,231.21,10,take_profit,19.20244,0.16938,-1.34478,-0.09805,,2019
GBPJPY,1,2019-06-28 19:00:00,2019-07-01 01:00:00,136.992,137.55881,136.7086,137.55881,0.4578,56.7,236.13,235.81,6,take_profit,21.10391,0.18894,1.7769,-0.01435,new_york,2019
GBPJPY,1,2019-07-02 02:00:00,2019-07-02 10:00:00,136.979,136.71073,136.71073,137.51555,0.4933,-26.8,-120.43,-120.75,8,stop_loss,12.51039,0.17885,-0.02478,1.09953,,2019
GBPJPY,1,2019-07-02 16:00:00,2019-07-02 17:00:00,136.618,136.34941,136.34941,137.15518,0.4878,-26.9,-119.23,-119.54,1,stop_loss,17.60763,0.17906,-1.68499,0.68866,new_york,2019
GBPJPY,-1,2019-07-02 17:00:00,2019-07-02 18:00:00,136.666,136.13377,136.93212,136.13377,0.4874,53.2,236.06,235.75,1,take_profit,18.44085,0.17741,-1.37941,0.64612,new_york,2019
GBPJPY,-1,2019-07-03 17:00:00,2019-07-04 03:00:00,135.584,135.561,135.86046,135.03109,0.4785,2.3,10.02,9.7,10,time_exit,55.99988,0.1843,-2.8477,-2.41037,new_york,2019
GBPJPY,1,2019-07-04 09:00:00,2019-07-04 13:00:00,135.639,135.44314,135.44314,136.03073,0.676,-19.6,-120.49,-120.81,4,stop_loss,33.71068,0.13058,-1.72189,-4.18486,london,2019
GBPJPY,1,2019-07-09 00:00:00,2019-07-09 09:00:00,136.066,135.86732,135.86732,136.46335,0.6597,-19.9,-119.27,-119.59,9,stop_loss,21.07653,0.13245,1.87106,-2.01773,,2019
GBPJPY,-1,2019-07-12 06:00:00,2019-07-12 16:00:00,135.862,135.61,136.08001,135.42599,0.5952,25.2,136.49,136.17,10,time_exit,24.85356,0.14534,0.8587,-1.11714,,2019
GBPJPY,1,2019-07-16 05:00:00,2019-07-16 10:00:00,135.075,134.88736,134.88736,135.45027,0.6995,-18.8,-119.44,-119.76,5,stop_loss,33.37346,0.12509,-2.7157,-2.57706,,2019
GBPJPY,1,2019-07-16 10:00:00,2019-07-16 11:00:00,135.026,134.84326,134.84326,135.39149,0.711,-18.3,-118.24,-118.56,1,stop_loss,25.784,0.12183,-2.7535,-2.84292,london,2019
GBPJPY,-1,2019-07-17 04:00:00,2019-07-17 14:00:00,134.312,134.383,134.54921,133.83758,0.5423,-7.1,-35.04,-35.36,10,time_exit,40.95231,0.15814,-3.39753,-4.03466,,2019
GBPJPY,-1,2019-07-17 23:00:00,2019-07-18 04:00:00,134.365,133.88434,134.60533,133.88434,0.5336,48.1,233.4,233.08,5,take_profit,25.34959,0.16022,-1.37526,-4.39404,,2019
GBPJPY,-1,2019-07-18 05:00:00,2019-07-18 10:00:00,133.923,134.17593,134.17593,133.41713,0.5171,-25.3,-119.02,-119.34,5,stop_loss,28.56856,0.16862,-3.31385,-4.38018,,2019
GBPJPY,1,2019-07-26 23:00:00,2019-07-29 02:00:00,134.638,134.40762,134.40762,135.09876,0.5621,-23.0,-117.84,-118.16,3,stop_loss,22.86143,0.15359,-2.21531,0.23685,,2019
GBPJPY,-1,2019-07-29 11:00:00,2019-07-29 15:00:00,134.046,133.5946,134.2717,133.5946,0.568,45.1,233.32,233.0,4,take_profit,40.95272,0.15047,-4.49223,-0.98917,london,2019
GBPJPY,-1,2019-08-01 05:00:00,2019-08-01 15:00:00,132.483,131.75962,132.84469,131.75962,0.3615,72.3,237.97,237.65,10,take_profit,23.43153,0.24113,0.00832,-4.94015,,2019
GBPJPY,-1,2019-08-02 08:00:00,2019-08-02 16:00:00,129.64,130.1667,130.1667,128.58659,0.2532,-52.7,-121.36,-121.68,8,stop_loss,54.26585,0.35114,-4.94379,-4.7645,london,2019
GBPJPY,-1,2019-08-05 00:00:00,2019-08-05 09:00:00,129.252,128.27794,129.73903,128.27794,0.2711,97.4,240.3,239.98,9,take_profit,41.26564,0.32469,-2.61818,-6.22959,,2019
GBPJPY,1,2019-08-06 00:00:00,2019-08-06 07:00:00,128.608,129.63526,128.09437,129.63526,0.2622,102.7,245.11,244.79,7,take_profit,26.46641,0.34242,-2.56244,-6.58723,,2019
GBPJPY,1,2019-08-06 17:00:00,2019-08-06 18:00:00,129.759,129.23261,129.23261,130.81177,0.2609,-52.6,-124.97,-125.29,1,stop_loss,31.98228,0.35092,0.91799,-5.51926,new_york,2019
GBPJPY,-1,2019-08-07 01:00:00,2019-08-07 11:00:00,129.501,129.011,129.95392,128.59516,0.3002,49.0,133.86,133.54,10,time_exit,30.90798,0.30195,0.21956,-5.92047,,2019
GBPJPY,-1,2019-08-12 00:00:00,2019-08-12 10:00:00,127.194,127.263,127.59377,126.39446,0.3438,-6.9,-21.59,-21.91,10,time_exit,50.21946,0.26651,-4.82857,-5.85081,,2019
GBPJPY,-1,2019-08-13 21:00:00,2019-08-14 07:00:00,128.608,128.468,129.14147,127.54106,0.2572,14.0,32.77,32.45,10,time_exit,30.31971,0.35565,2.87197,-3.78443,new_york,2019
GBPJPY,1,2019-08-15 10:00:00,2019-08-15 13:00:00,128.359,127.9248,127.9248,129.2274,0.3168,-43.4,-125.17,-125.49,3,stop_loss,17.59299,0.28947,1.70963,-2.72913,london,2019
GBPJPY,1,2019-08-20 06:00:00,2019-08-20 09:00:00,129.335,129.10194,129.10194,129.80112,0.5843,-23.3,-123.92,-124.24,3,stop_loss,18.51243,0.15537,1.69456,1.57029,,2019
GBPJPY,1,2019-08-20 11:00:00,2019-08-20 13:00:00,128.741,128.4868,128.4868,129.2494,0.5304,-25.4,-122.69,-123.01,2,stop_loss,19.76082,0.16947,-1.94945,1.3611,london,2019
GBPJPY,-1,2019-08-20 20:00:00,2019-08-21 06:00:00,129.391,129.468,129.83502,128.50296,0.3006,-7.7,-21.06,-21.38,10,time_exit,27.54223,0.29601,1.31112,0.55295,new_york,2019
GBPJPY,1,2019-08-22 16:00:00,2019-08-23 02:00:00,130.282,130.441,129.82024,131.20552,0.2885,15.9,41.74,41.42,10,time_exit,15.29152,0.30784,3.41589,0.74477,new_york,2019
GBPJPY,1,2019-08-23 04:00:00,2019-08-23 09:00:00,130.496,130.14254,130.14254,131.20291,0.3782,-35.3,-121.65,-121.96,5,stop_loss,34.97472,0.23564,3.4805,2.22036,,2019
GBPJPY,1,2019-08-23 18:00:00,2019-08-23 19:00:00,130.12,129.74482,129.74482,130.87037,0.3528,-37.5,-120.45,-120.77,1,stop_loss,23.09086,0.25012,0.75341,2.51787,new_york,2019
GBPJPY,1,2019-08-26 01:00:00,2019-08-26 05:00:00,128.599,129.59918,128.09891,129.59918,0.262,100.0,238.46,238.14,4,take_profit,32.76166,0.33339,-3.46245,1.38023,,2019
GBPJPY,-1,2019-08-26 19:00:00,2019-08-27 05:00:00,129.652,129.168,130.19438,128.56723,0.2464,48.4,108.52,108.21,10,time_exit,22.04461,0.36159,0.20593,0.75202,new_york,2019
GBPJPY,1,2019-08-28 19:00:00,2019-08-29 05:00:00,129.66,129.20909,129.20909,130.56182,0.299,-45.1,-122.69,-123.01,10,stop_loss,30.13528,0.30061,0.19976,0.57349,new_york,2019
GBPJPY,-1,2019-08-29 09:00:00,2019-08-29 11:00:00,129.265,129.56751,129.56751,128.65997,0.4412,-30.3,-121.46,-121.78,2,stop_loss,23.81957,0.20168,-1.2966,0.47167,london,2019
GBPJPY,-1,2019-08-29 14:00:00,2019-08-29 15:00:00,129.635,130.00697,130.00697,128.89105,0.3552,-37.2,-120.23,-120.55,1,stop_loss,20.50901,0.24798,0.49023,0.33065,london,2019
GBPJPY,-1,2019-08-30 00:00:00,2019-08-30 10:00:00,129.733,129.691,130.07329,129.05243,0.3844,4.2,14.69,14.37,10,time_exit,19.4268,0.22686,0.60012,0.65752,,2019
GBPJPY,1,2019-09-04 11:00:00,2019-09-04 21:00:00,129.069,129.87582,128.66559,129.87582,0.3247,80.7,238.4,238.08,10,take_profit,28.55431,0.26894,2.89385,-2.31098,london,2019
GBPJPY,-1,2019-09-05 17:00:00,2019-09-06 03:00:00,131.914,131.907,132.4332,130.87559,0.2573,0.7,1.64,1.32,10,time_exit,51.72607,0.34614,5.97923,1.61273,new_york,2019
GBPJPY,-1,2019-09-06 12:00:00,2019-09-06 22:00:00,131.641,131.445,131.99654,130.92993,0.3758,19.6,67.03,66.71,10,time_exit,46.88269,0.23702,3.05601,5.01667,london,2019
GBPJPY,-1,2019-09-12 12:00:00,2019-09-12 15:00:00,132.92,132.27615,133.24192,132.27615,0.4173,64.4,244.5,244.18,3,take_profit,17.33298,0.21462,0.37605,6.36449,london,2019
GBPJPY,-1,2019-09-13 07:00:00,2019-09-13 09:00:00,133.489,133.82874,133.82874,132.80953,0.4033,-34.0,-124.68,-125.0,2,stop_loss,10.45064,0.22649,1.80551,5.71407,london,2019
GBPJPY,1,2019-09-16 22:00:00,2019-09-17 08:00:00,134.228,134.366,133.85291,134.97818,0.3616,13.8,45.41,45.09,10,time_exit,23.24598,0.25006,0.54277,5.86772,,2019
GBPJPY,-1,2019-09-18 14:00:00,2019-09-18 17:00:00,134.837,135.12987,135.12987,134.25126,0.4648,-29.3,-123.88,-124.19,3,stop_loss,24.84824,0.19525,0.70124,7.02254,london,2019
GBPJPY,-1,2019-09-18 17:00:00,2019-09-18 22:00:00,135.01,135.32768,135.32768,134.37464,0.4242,-31.8,-122.63,-122.95,5,stop_loss,22.30534,0.21179,1.37591,6.35127,new_york,2019
GBPJPY,-1,2019-09-19 17:00:00,2019-09-19 20:00:00,134.925,135.3388,135.3388,134.0974,0.3224,-41.4,-121.4,-121.72,3,stop_loss,16.32838,0.27587,0.42462,4.00568,new_york,2019
GBPJPY,1,2019-09-19 23:00:00,2019-09-20 09:00:00,135.279,135.574,134.87161,136.09379,0.3242,29.5,87.03,86.71,10,time_exit,16.34232,0.2716,1.49999,4.0207,,2019
GBPJPY,-1,2019-09-20 21:00:00,2019-09-23 07:00:00,134.49,134.471,134.90364,133.66273,0.3216,1.9,5.56,5.24,10,time_exit,19.93838,0.27576,-1.84208,3.44657,new_york,2019
GBPJPY,1,2019-09-23 11:00:00,2019-09-23 21:00:00,133.579,133.637,133.1831,134.37081,0.3362,5.8,17.74,17.43,10,time_exit,26.54035,0.26394,-4.16551,2.28545,london,2019
GBPJPY,-1,2019-09-24 06:00:00,2019-09-24 12:00:00,133.713,134.01145,134.01145,133.1161,0.4466,-29.8,-121.29,-121.61,6,stop_loss,29.73264,0.19897,-2.10016,0.66065,,2019
GBPJPY,1,2019-09-25 23:00:00,2019-09-26 09:00:00,133.172,132.925,132.79915,133.9177,0.3539,-24.7,-79.55,-79.86,10,time_exit,25.53651,0.24857,-1.98261,-0.89321,,2019
GBPJPY,-1,2019-09-30 20:00:00,2019-10-01 06:00:00,132.91,132.997,133.2589,132.21219,0.3757,-8.7,-29.74,-30.06,10,time_exit,23.08537,0.2326,0.12066,-2.08888,new_york,2019
GBPJPY,-1,2019-10-01 06:00:00,2019-10-01 10:00:00,132.905,133.16525,133.16525,132.3845,0.5024,-26.0,-118.98,-119.3,4,stop_loss,18.03647,0.1735,0.18946,-2.5782,,2019
GBPJPY,-1,2019-10-01 15:00:00,2019-10-01 16:00:00,132.916,132.27404,133.23698,132.27404,0.4032,64.2,235.54,235.22,1,take_profit,26.57123,0.21399,-0.04116,-1.71994,london,2019
GBPJPY,1,2019-10-02 06:00:00,2019-10-02 10:00:00,132.415,132.031,132.031,133.18301,0.3438,-38.4,-120.14,-120.46,4,stop_loss,15.6297,0.256,-1.05712,-1.88639,,2019
GBPJPY,1,2019-10-03 22:00:00,2019-10-04 08:00:00,132.033,131.865,131.61786,132.86328,0.3148,-16.8,-48.13,-48.45,10,time_exit,17.81524,0.27676,-0.2605,-2.39604,,2019
GBPJPY,1,2019-10-08 03:00:00,2019-10-08 11:00:00,131.788,131.52035,131.52035,132.32331,0.4863,-26.8,-118.45,-118.76,8,stop_loss,16.67644,0.17844,-0.0352,-3.09067,,2019
GBPJPY,-1,2019-10-08 18:00:00,2019-10-09 04:00:00,130.812,130.856,131.1867,130.06259,0.3439,-4.4,-13.77,-14.09,10,time_exit,30.69667,0.2498,-3.10457,-2.5148,new_york,2019
GBPJPY,-1,2019-10-09 13:00:00,2019-10-09 23:00:00,131.304,131.16,131.70935,130.49329,0.3175,14.4,41.61,41.29,10,time_exit,27.68508,0.27024,0.28087,-2.80109,london,2019
GBPJPY,1,2019-10-10 11:00:00,2019-10-10 17:00:00,131.438,132.14785,131.08307,132.14785,0.3639,71.0,235.07,234.75,6,take_profit,27.15528,0.23662,0.77691,-2.48864,london,2019
GBPJPY,-1,2019-10-16 16:00:00,2019-10-16 18:00:00,138.984,139.81874,139.81874,137.31453,0.1578,-83.5,-119.87,-120.19,2,stop_loss,29.70992,0.55649,2.25642,4.86169,new_york,2019
GBPJPY,-1,2019-10-17 07:00:00,2019-10-17 12:00:00,139.461,140.0142,140.0142,138.3546,0.2357,-55.3,-118.65,-118.97,5,stop_loss,20.91262,0.3688,2.55712,7.79199,london,2019
GBPJPY,-1,2019-10-18 01:00:00,2019-10-18 11:00:00,140.003,140.229,140.70038,138.60824,0.1851,-22.6,-38.07,-38.39,10,time_exit,20.60076,0.46492,1.95651,6.01502,,2019
GBPJPY,1,2019-10-18 12:00:00,2019-10-18 16:00:00,140.229,139.69064,139.69064,141.30572,0.239,-53.8,-117.09,-117.41,4,stop_loss,14.85105,0.35891,2.56357,7.4067,london,2019
GBPJPY,-1,2019-10-21 15:00:00,2019-10-22 01:00:00,141.157,140.791,141.68016,140.11067,0.2435,36.6,81.1,80.78,10,time_exit,17.52173,0.34878,3.35838,7.1038,london,2019
GBPJPY,1,2019-10-22 06:00:00,2019-10-22 10:00:00,141.043,140.67399,140.67399,141.78102,0.3476,-36.9,-116.72,-117.04,4,stop_loss,15.80003,0.24601,2.65376,9.80563,,2019
GBPJPY,1,2019-10-23 16:00:00,2019-10-24 02:00:00,139.792,140.364,139.26692,140.84216,0.2419,57.2,125.91,125.6,10,time_exit,28.34315,0.35005,-0.4284,4.01157,new_york,2019
GBPJPY,1,2019-10-25 04:00:00,2019-10-25 14:00:00,139.566,139.17357,139.17357,140.35086,0.3271,-39.2,-116.81,-117.13,10,stop_loss,11.73785,0.26162,-1.18471,3.49204,,2019
GBPJPY,-1,2019-10-28 04:00:00,2019-10-28 10:00:00,139.431,139.72892,139.72892,138.83516,0.4266,-29.8,-115.66,-115.97,6,stop_loss,8.46624,0.19861,-0.8275,2.68838,,2019
GBPJPY,-1,2019-10-28 10:00:00,2019-10-28 11:00:00,139.532,139.77398,139.77398,139.04803,0.5199,-24.2,-114.48,-114.8,1,stop_loss,6.76137,0.16132,-0.16,2.94408,london,2019
GBPJPY,-1,2019-10-29 15:00:00,2019-10-29 16:00:00,139.986,140.32336,140.32336,139.31127,0.3692,-33.7,-113.34,-113.66,1,stop_loss,38.79526,0.22491,0.69243,2.36135,london,2019
GBPJPY,1,2019-10-30 20:00:00,2019-10-31 06:00:00,140.163,140.459,139.89224,140.70452,0.4554,29.6,122.67,122.35,10,time_exit,22.48273,0.18051,0.60254,3.00775,new_york,2019
GBPJPY,1,2019-11-01 15:00:00,2019-11-04 01:00:00,139.967,140.0,139.70583,140.48934,0.4773,3.3,14.33,14.01,10,time_exit,13.96151,0.17411,-0.40027,1.84275,london,2019
GBPJPY,1,2019-11-05 00:00:00,2019-11-05 09:00:00,139.866,140.2763,139.66085,140.2763,0.6083,41.0,227.12,226.8,9,take_profit,10.90493,0.13677,-1.15006,1.61721,,2019
GBPJPY,-1,2019-11-05 10:00:00,2019-11-05 12:00:00,140.286,140.48499,140.48499,139.88801,0.6397,-19.9,-115.84,-116.16,2,stop_loss,16.41231,0.13266,1.73767,1.69088,london,2019
GBPJPY,-1,2019-11-05 15:00:00,2019-11-05 20:00:00,140.387,140.62712,140.62712,139.90675,0.5248,-24.0,-114.68,-114.99,5,stop_loss,24.77466,0.16008,1.67853,1.62042,london,2019
GBPJPY,1,2019-11-06 03:00:00,2019-11-06 13:00:00,140.442,140.455,140.21961,140.88679,0.561,1.3,6.64,6.32,10,time_exit,29.02832,0.14826,1.11681,2.31175,,2019
GBPJPY,-1,2019-11-06 17:00:00,2019-11-06 20:00:00,140.329,139.89757,140.54472,139.89757,0.5786,43.1,227.16,226.84,3,take_profit,14.18057,0.14381,-0.13905,2.4162,new_york,2019
GBPJPY,-1,2019-11-07 06:00:00,2019-11-07 09:00:00,139.565,139.81313,139.81313,139.06875,0.5131,-24.8,-115.85,-116.17,3,stop_loss,32.19852,0.16542,-3.76107,1.14676,,2019
GBPJPY,1,2019-11-11 13:00:00,2019-11-11 14:00:00,139.69,140.14542,139.46229,140.14542,0.5535,45.5,229.39,229.07,1,take_profit,23.65234,0.15181,-0.70269,-0.89336,london,2019
GBPJPY,-1,2019-11-18 05:00:00,2019-11-18 09:00:00,140.654,140.87378,140.87378,140.21444,0.5849,-22.0,-116.98,-117.3,4,stop_loss,46.71376,0.14652,4.0333,0.65609,,2019
GBPJPY,1,2019-11-18 15:00:00,2019-11-18 16:00:00,141.298,141.02192,141.02192,141.85015,0.461,-27.6,-115.82,-116.13,1,stop_loss,57.79963,0.18405,4.99655,1.70622,london,2019
GBPJPY,1,2019-11-19 10:00:00,2019-11-19 16:00:00,140.773,140.52862,140.52862,141.26175,0.5156,-24.4,-114.66,-114.98,6,stop_loss,21.17727,0.16292,1.26151,2.37077,london,2019
GBPJPY,-1,2019-11-20 16:00:00,2019-11-20 17:00:00,140.046,140.3416,140.3416,139.4548,0.422,-29.6,-113.52,-113.83,1,stop_loss,45.97622,0.19707,-1.2393,0.4811,new_york,2019
GBPJPY,-1,2019-11-20 21:00:00,2019-11-21 07:00:00,140.227,140.368,140.56099,139.55903,0.3697,-14.1,-47.44,-47.75,10,time_exit,33.59558,0.22266,-0.28299,0.40401,new_york,2019
GBPJPY,1,2019-11-25 04:00:00,2019-11-25 14:00:00,139.786,140.165,139.52812,140.30177,0.4768,37.9,164.44,164.13,10,time_exit,24.40917,0.17192,-0.98563,-1.05979,,2019
GBPJPY,-1,2019-11-27 17:00:00,2019-11-27 18:00:00,140.679,140.91744,140.91744,140.20211,0.5232,-23.8,-113.53,-113.84,1,stop_loss,22.18309,0.15896,2.24437,0.61741,new_york,2019
GBPJPY,1,2019-11-27 21:00:00,2019-11-28 00:00:00,141.292,141.84748,141.01426,141.84748,0.4447,55.5,224.79,224.47,3,take_profit,31.45605,0.18516,4.70636,0.91262,new_york,2019
GBPJPY,1,2019-11-28 23:00:00,2019-11-29 09:00:00,141.373,141.448,141.13722,141.84457,0.5343,7.5,36.47,36.15,10,time_exit,21.78827,0.15719,1.81338,3.55607,,2019
GBPJPY,1,2019-12-03 18:00:00,2019-12-04 04:00:00,141.025,141.056,140.70757,141.65986,0.3981,3.1,11.23,10.91,10,time_exit,17.40715,0.21162,-1.40145,1.80292,new_york,2019
GBPJPY,1,2019-12-05 12:00:00,2019-12-05 17:00:00,143.082,142.82319,142.82319,143.59962,0.4887,-25.9,-115.1,-115.42,5,stop_loss,52.74246,0.17254,5.52165,4.62958,london,2019
GBPJPY,1,2019-12-09 07:00:00,2019-12-09 17:00:00,142.726,142.864,142.50358,143.17083,0.563,13.8,70.7,70.38,10,time_exit,17.9496,0.14828,0.37068,5.47517,london,2019
GBPJPY,-1,2019-12-11 05:00:00,2019-12-11 15:00:00,142.837,143.15694,143.15694,142.19712,0.3938,-32.0,-114.65,-114.97,10,stop_loss,21.23985,0.21329,-0.4122,3.13703,,2019
GBPJPY,1,2019-12-12 02:00:00,2019-12-12 12:00:00,143.287,143.385,143.03454,143.79192,0.4941,9.8,44.06,43.75,10,time_exit,16.1043,0.16831,1.56595,3.65424,,2019
GBPJPY,-1,2019-12-12 14:00:00,2019-12-12 15:00:00,143.199,142.62974,143.48363,142.62974,0.4399,56.9,227.88,227.56,1,take_profit,20.18809,0.18975,0.07562,3.46469,london,2019
GBPJPY,1,2019-12-12 18:00:00,2019-12-12 20:00:00,143.408,143.01758,143.01758,144.18884,0.3271,-39.0,-116.21,-116.53,2,stop_loss,23.31801,0.26028,0.85251,2.42034,new_york,2019
GBPJPY,-1,2019-12-13 01:00:00,2019-12-13 11:00:00,147.314,147.091,148.22636,145.48929,0.1386,22.3,28.13,27.81,10,time_exit,24.4286,0.60824,6.40866,1.25447,,2019
GBPJPY,-1,2019-12-16 06:00:00,2019-12-16 16:00:00,146.484,146.052,146.99887,145.45425,0.2462,43.2,96.79,96.47,10,time_exit,16.75562,0.34325,2.92567,5.36935,,2019
GBPJPY,1,2019-12-16 18:00:00,2019-12-17 00:00:00,146.17,145.6773,145.6773,147.15539,0.2594,-49.3,-116.3,-116.62,6,stop_loss,14.05271,0.32846,1.17116,5.62598,new_york,2019
GBPJPY,-1,2019-12-17 11:00:00,2019-12-17 18:00:00,144.684,143.6761,145.18795,143.6761,0.251,100.8,230.21,229.9,7,take_profit,23.86287,0.33597,-3.02906,4.44959,london,2019
GBPJPY,1,2019-12-18 18:00:00,2019-12-19 04:00:00,143.27,143.335,142.84237,144.12527,0.3018,6.5,17.85,17.53,10,time_exit,41.55206,0.28509,-3.20707,0.44636,new_york,2019
GBPJPY,-1,2019-12-19 20:00:00,2019-12-20 06:00:00,142.396,142.351,142.87109,141.44582,0.272,4.5,11.14,10.82,10,time_exit,31.83147,0.31673,-3.5078,-1.12521,new_york,2019
GBPJPY,1,2019-12-20 12:00:00,2019-12-20 22:00:00,142.577,142.364,142.26016,143.21067,0.4083,-21.3,-79.14,-79.46,10,time_exit,30.69432,0.21122,-1.82975,-3.2074,london,2019
GBPJPY,-1,2019-12-24 03:00:00,2019-12-24 13:00:00,141.596,141.601,141.89978,140.98844,0.4229,-0.5,-1.92,-2.24,10,time_exit,24.59586,0.20252,-2.6826,-4.89671,,2019
GBPJPY,1,2019-12-24 19:00:00,2019-12-26 03:00:00,141.639,142.13339,141.3918,142.13339,0.5196,49.4,233.77,233.45,5,take_profit,17.23673,0.1648,-1.39325,-6.23011,new_york,2019
GBPJPY,1,2019-12-27 11:00:00,2019-12-27 21:00:00,143.146,143.304,142.82447,143.78907,0.4075,15.8,58.59,58.27,10,time_exit,26.02913,0.21436,3.94639,-2.01366,london,2019
GBPJPY,-1,2019-12-30 09:00:00,2019-12-30 14:00:00,143.106,143.3996,143.3996,142.5188,0.4484,-29.4,-119.8,-120.12,5,stop_loss,22.87119,0.19573,1.24561,0.12822,london,2019
GBPJPY,1,2019-12-31 05:00:00,2019-12-31 13:00:00,142.656,143.22675,142.37062,143.22675,0.4567,57.1,237.2,236.88,8,take_profit,33.14239,0.19025,-1.19501,0.1501,,2019
GBPJPY,1,2019-12-31 17:00:00,2019-12-31 18:00:00,143.552,144.25784,143.19908,144.25784,0.3767,70.6,241.96,241.64,1,take_profit,32.42491,0.23528,2.65338,0.25337,new_york,2019
GBPJPY,1,2020-01-02 12:00:00,2020-01-02 15:00:00,143.825,143.47959,143.47959,144.51581,0.3926,-34.5,-123.4,-123.72,3,stop_loss,32.0378,0.23027,1.95083,1.55423,london,2020
GBPJPY,-1,2020-01-03 17:00:00,2020-01-06 03:00:00,141.458,141.186,141.93383,140.50634,0.2821,27.2,69.83,69.51,10,time_exit,50.42716,0.31722,-3.19764,-1.13926,new_york,2020
GBPJPY,-1,2020-01-06 13:00:00,2020-01-06 17:00:00,142.046,142.46781,142.46781,141.20238,0.3201,-42.2,-122.87,-123.19,4,stop_loss,35.2778,0.28121,0.60252,-2.40808,london,2020
GBPJPY,-1,2020-01-07 04:00:00,2020-01-07 10:00:00,142.825,143.15819,143.15819,142.15863,0.4011,-33.3,-121.61,-121.93,6,stop_loss,35.80234,0.22212,2.82128,-1.59972,,2020
GBPJPY,-1,2020-01-08 14:00:00,2020-01-09 00:00:00,142.52,142.857,143.11858,141.32284,0.221,-33.7,-67.77,-68.09,10,time_exit,15.42162,0.39905,0.50188,-0.46981,london,2020
GBPJPY,-1,2020-01-09 00:00:00,2020-01-09 08:00:00,142.841,143.36615,143.36615,141.79069,0.2505,-52.5,-119.71,-120.03,8,stop_loss,10.77926,0.3501,1.24998,-0.16615,,2020
GBPJPY,1,2020-01-09 14:00:00,2020-01-10 00:00:00,142.505,143.067,142.05308,143.40884,0.2882,56.2,147.39,147.07,10,time_exit,13.98755,0.30128,-0.67768,0.366,london,2020
GBPJPY,-1,2020-01-10 15:00:00,2020-01-13 00:00:00,143.449,142.78546,143.78077,142.78546,0.3974,66.4,239.96,239.64,9,take_profit,16.21149,0.22118,2.13307,1.22565,london,2020
GBPJPY,-1,2020-01-15 09:00:00,2020-01-15 11:00:00,143.286,142.78911,143.53444,142.78911,0.5413,49.7,244.76,244.44,2,take_profit,14.05986,0.16563,1.5421,1.17169,london,2020
GBPJPY,1,2020-01-20 02:00:00,2020-01-20 09:00:00,143.306,143.01217,143.01217,143.89366,0.4669,-29.4,-124.84,-125.16,7,stop_loss,27.73123,0.19589,-1.45986,2.01645,,2020
GBPJPY,-1,2020-01-22 06:00:00,2020-01-22 07:00:00,143.452,143.7174,143.7174,142.9212,0.5117,-26.5,-123.58,-123.9,1,stop_loss,16.4446,0.17693,0.51119,0.73124,,2020
GBPJPY,-1,2020-01-22 08:00:00,2020-01-22 13:00:00,143.687,143.94971,143.94971,143.16158,0.5117,-26.3,-122.33,-122.65,5,stop_loss,18.25038,0.17514,1.75921,0.79777,london,2020
GBPJPY,-1,2020-01-22 23:00:00,2020-01-23 08:00:00,144.324,143.72574,144.62313,143.72574,0.4449,59.8,242.21,241.89,9,take_profit,34.73285,0.19942,3.04203,1.77459,,2020
GBPJPY,-1,2020-01-24 09:00:00,2020-01-24 11:00:00,143.861,144.09566,144.09566,143.39168,0.5785,-23.5,-123.53,-123.85,2,stop_loss_ambiguous,13.89461,0.15644,0.78795,1.64508,london,2020
GBPJPY,1,2020-01-24 12:00:00,2020-01-24 17:00:00,143.467,143.11642,143.11642,144.16817,0.3833,-35.1,-122.28,-122.6,5,stop_loss,13.33675,0.23372,-1.17482,1.07717,london,2020
GBPJPY,1,2020-01-24 21:00:00,2020-01-27 00:00:00,142.868,142.51649,142.51649,143.57103,0.3785,-35.2,-121.07,-121.39,3,stop_loss,19.69228,0.23434,-3.02679,0.47647,new_york,2020
GBPJPY,1,2020-01-27 01:00:00,2020-01-27 11:00:00,142.369,142.602,142.00171,143.10359,0.3586,23.3,76.03,75.72,10,time_exit,27.47588,0.24486,-4.45247,0.06778,,2020
GBPJPY,-1,2020-01-28 03:00:00,2020-01-28 11:00:00,142.137,141.52524,142.44288,141.52524,0.4333,61.2,241.22,240.9,8,take_profit,41.74535,0.20392,-2.85519,-2.2881,,2020
GBPJPY,1,2020-01-28 12:00:00,2020-01-28 22:00:00,141.797,142.067,141.46505,142.46089,0.4073,27.0,100.07,99.76,10,time_exit,37.04125,0.2213,-3.37654,-2.49614,london,2020
GBPJPY,-1,2020-01-29 00:00:00,2020-01-29 10:00:00,142.177,142.01,142.49173,141.54755,0.433,16.7,65.8,65.48,10,time_exit,32.04576,0.20982,-0.46594,-3.18425,,2020
GBPJPY,1,2020-01-29 16:00:00,2020-01-30 02:00:00,141.784,141.889,141.51878,142.31444,0.5166,10.5,49.36,49.04,10,time_exit,19.84412,0.17681,-2.18318,-3.702,new_york,2020
GBPJPY,1,2020-01-30 13:00:00,2020-01-30 14:00:00,141.704,142.29023,141.41089,142.29023,0.4692,58.6,250.3,249.99,1,take_profit,22.9169,0.19541,-1.30163,-3.45713,london,2020
GBPJPY,-1,2020-01-30 21:00:00,2020-01-30 22:00:00,142.137,142.51334,142.51334,141.38433,0.3728,-37.6,-127.67,-127.99,1,stop_loss,22.46013,0.25089,0.28211,-2.16895,new_york,2020
GBPJPY,-1,2020-01-31 07:00:00,2020-01-31 10:00:00,142.887,143.22481,143.22481,142.21138,0.4111,-33.8,-126.38,-126.69,3,stop_loss,27.05134,0.22521,2.70741,-1.52359,london,2020
GBPJPY,-1,2020-01-31 13:00:00,2020-01-31 16:00:00,142.748,143.10883,143.10883,142.02635,0.381,-36.1,-125.1,-125.42,3,stop_loss,29.07138,0.24055,1.35707,-0.89829,london,2020
GBPJPY,1,2020-02-03 09:00:00,2020-02-03 10:00:00,142.754,142.4487,142.4487,143.36459,0.4458,-30.5,-123.85,-124.17,1,stop_loss,14.25267,0.20353,0.22606,0.05409,london,2020
GBPJPY,-1,2020-02-04 09:00:00,2020-02-04 11:00:00,141.536,141.87829,141.87829,140.85141,0.3937,-34.2,-122.63,-122.95,2,stop_loss,41.783,0.2282,-1.6907,-2.24405,london,2020
GBPJPY,1,2020-02-06 17:00:00,2020-02-06 18:00:00,142.402,142.09899,142.09899,143.00802,0.4402,-30.3,-121.38,-121.7,1,stop_loss,19.76142,0.20201,-0.66991,0.20164,new_york,2020
GBPJPY,1,2020-02-07 02:00:00,2020-02-07 11:00:00,142.187,141.9412,141.9412,142.6786,0.5373,-24.6,-120.18,-120.5,9,stop_loss,33.74669,0.16387,-1.4598,-0.25315,,2020
GBPJPY,-1,2020-02-07 12:00:00,2020-02-07 14:00:00,141.945,142.18696,142.18696,141.46108,0.5403,-24.2,-118.96,-119.28,2,stop_loss,36.47915,0.16131,-2.4594,-0.60753,london,2020
GBPJPY,1,2020-02-10 04:00:00,2020-02-10 14:00:00,141.55,141.932,141.26834,142.11332,0.4595,38.2,159.73,159.41,10,time_exit,42.28615,0.18777,-2.4542,-1.68225,,2020
GBPJPY,-1,2020-02-10 22:00:00,2020-02-11 08:00:00,141.688,141.98213,141.98213,141.09975,0.446,-29.4,-119.37,-119.69,10,stop_loss,19.61883,0.19608,-0.92568,-1.82812,,2020
GBPJPY,-1,2020-02-11 22:00:00,2020-02-12 08:00:00,142.275,142.331,142.55929,141.70642,0.4568,-5.6,-23.28,-23.6,10,time_exit,19.19653,0.18953,1.60127,-1.10012,,2020
GBPJPY,-1,2020-02-13 08:00:00,2020-02-13 10:00:00,142.237,142.47671,142.47671,141.75757,0.5407,-24.0,-117.95,-118.27,2,stop_loss,27.59113,0.15981,-0.83374,0.59396,london,2020
GBPJPY,-1,2020-02-14 15:00:00,2020-02-17 01:00:00,143.138,143.297,143.41274,142.58852,0.467,-15.9,-67.57,-67.89,10,time_exit,30.63377,0.18316,1.20751,2.27056,london,2020
GBPJPY,-1,2020-02-17 10:00:00,2020-02-17 20:00:00,143.226,142.966,143.44507,142.78787,0.5823,26.0,137.77,137.45,10,time_exit,14.93291,0.14604,1.20915,3.06307,london,2020
GBPJPY,-1,2020-02-18 09:00:00,2020-02-18 12:00:00,142.555,142.74973,142.74973,142.16555,0.6628,-19.5,-117.45,-117.77,3,stop_loss,36.63246,0.12982,-2.84627,2.03252,london,2020
GBPJPY,1,2020-02-21 06:00:00,2020-02-21 09:00:00,144.433,144.09589,144.09589,145.10723,0.379,-33.7,-116.27,-116.59,3,stop_loss,40.17348,0.22474,2.3385,3.2677,,2020
GBPJPY,-1,2020-02-24 21:00:00,2020-02-25 02:00:00,142.919,143.35888,143.35888,142.03924,0.2876,-44.0,-115.12,-115.44,5,stop_loss,40.61981,0.29325,-3.50021,1.58225,new_york,2020
GBPJPY,-1,2020-02-26 23:00:00,2020-02-27 09:00:00,142.575,142.274,142.98616,141.75267,0.3046,30.1,83.43,83.11,10,time_exit,19.39396,0.27411,-2.15083,-0.68354,,2020
GBPJPY,-1,2020-02-27 10:00:00,2020-02-27 13:00:00,142.273,141.55671,142.63115,141.55671,0.3522,71.6,229.57,229.26,3,take_profit,26.02529,0.23876,-2.57186,-1.5096,london,2020
GBPJPY,-1,2020-03-02 18:00:00,2020-03-02 19:00:00,137.546,138.26701,138.26701,136.10398,0.1784,-72.1,-117.05,-117.37,1,stop_loss,46.45929,0.48067,-3.51904,-4.93649,new_york,2020
GBPJPY,1,2020-03-03 12:00:00,2020-03-03 18:00:00,137.988,137.38745,137.38745,139.1891,0.2121,-60.1,-115.91,-116.23,6,stop_loss,19.55185,0.40037,-1.60495,-5.98056,london,2020
GBPJPY,1,2020-03-05 19:00:00,2020-03-05 20:00:00,137.87,137.4669,137.4669,138.6762,0.3128,-40.3,-114.74,-115.06,1,stop_loss,16.76856,0.26873,-0.59088,-6.17033,new_york,2020
GBPJPY,1,2020-03-05 23:00:00,2020-03-06 09:00:00,137.403,137.274,136.98156,138.24589,0.2962,-12.9,-34.77,-35.09,10,time_exit,17.67831,0.28096,-1.9958,-5.84583,,2020
GBPJPY,-1,2020-03-06 23:00:00,2020-03-09 00:00:00,137.489,136.3307,138.06815,136.3307,0.2149,115.8,226.52,226.2,1,take_profit,21.14017,0.3861,0.09926,-4.22962,,2020
GBPJPY,1,2020-03-09 03:00:00,2020-03-09 04:00:00,136.113,135.36782,135.36782,137.60337,0.1703,-74.5,-115.48,-115.8,1,stop_loss,24.6016,0.49679,-2.39081,-3.38004,,2020
GBPJPY,-1,2020-03-09 14:00:00,2020-03-10 00:00:00,133.967,133.979,135.02892,131.84317,0.1183,-1.2,-1.29,-1.61,10,time_exit,41.5726,0.70794,-3.27009,-3.14295,london,2020
GBPJPY,1,2020-03-11 01:00:00,2020-03-11 10:00:00,135.606,134.37276,134.37276,138.07248,0.1019,-123.3,-114.36,-114.68,9,stop_loss,21.24432,0.82216,0.03035,-2.35468,,2020
GBPJPY,-1,2020-03-12 09:00:00,2020-03-12 19:00:00,133.12,132.625,134.05805,131.2439,0.1326,49.5,59.73,59.41,10,time_exit,27.24123,0.62537,-2.52085,-3.24701,london,2020
GBPJPY,1,2020-03-13 02:00:00,2020-03-13 12:00:00,131.8,133.792,130.64799,134.10403,0.1085,199.2,196.68,196.36,10,time_exit,25.09215,0.76801,-2.23533,-3.28438,,2020
GBPJPY,-1,2020-03-13 16:00:00,2020-03-16 00:00:00,133.775,131.64125,134.84187,131.64125,0.1192,213.4,231.45,231.13,8,take_profit,25.31013,0.71125,0.78886,-3.36088,new_york,2020
GBPJPY,-1,2020-03-16 14:00:00,2020-03-17 00:00:00,130.22,129.929,131.53759,127.58482,0.0985,29.1,26.08,25.77,10,time_exit,27.29193,0.87839,-2.54117,-2.79983,london,2020
GBPJPY,1,2020-03-17 14:00:00,2020-03-18 00:00:00,129.495,129.84,128.4559,131.57321,0.1251,34.5,39.28,38.96,10,time_exit,17.61483,0.69274,-2.1902,-4.15121,london,2020
GBPJPY,-1,2020-03-19 07:00:00,2020-03-19 15:00:00,125.712,127.0719,127.0719,122.99221,0.0959,-136.0,-118.68,-119.0,8,stop_loss,52.68192,0.9066,-2.58993,-4.21826,london,2020
GBPJPY,1,2020-03-20 07:00:00,2020-03-20 16:00:00,128.077,130.56476,126.83312,130.56476,0.1038,248.8,234.99,234.67,9,take_profit,24.5019,0.82925,0.55626,-3.93871,london,2020
GBPJPY,1,2020-03-24 09:00:00,2020-03-24 13:00:00,128.163,130.08008,127.20446,130.08008,0.1374,191.7,239.7,239.38,4,take_profit,10.91866,0.63903,-0.31527,-2.57087,london,2020
GBPJPY,-1,2020-03-24 14:00:00,2020-03-24 18:00:00,130.197,131.20805,131.20805,128.17491,0.1329,-101.1,-122.27,-122.59,4,stop_loss,14.80261,0.67403,2.49027,-2.14546,london,2020
GBPJPY,1,2020-03-24 23:00:00,2020-03-25 09:00:00,130.958,131.756,129.9912,132.89161,0.1376,79.8,99.92,99.6,10,time_exit,31.51225,0.64454,2.73698,-1.30159,,2020
GBPJPY,-1,2020-03-27 20:00:00,2020-03-30 06:00:00,134.042,132.874,135.0863,131.95339,0.1284,116.8,136.47,136.16,10,time_exit,11.33971,0.6962,2.40033,1.80401,new_york,2020
GBPJPY,1,2020-03-31 14:00:00,2020-03-31 20:00:00,134.248,133.56206,133.56206,135.61988,0.1977,-68.6,-123.41,-123.72,6,stop_loss,20.8861,0.45729,1.65066,3.20891,london,2020
GBPJPY,1,2020-03-31 22:00:00,2020-04-01 08:00:00,133.897,133.16534,133.16534,135.36033,0.1834,-73.2,-122.11,-122.43,10,stop_loss,17.09848,0.48778,0.58531,2.95398,,2020
GBPJPY,1,2020-04-02 06:00:00,2020-04-02 16:00:00,133.112,132.56766,132.56766,134.20068,0.2441,-54.4,-120.91,-121.23,10,stop_loss,20.46841,0.36289,-0.19984,2.12127,,2020
GBPJPY,1,2020-04-02 17:00:00,2020-04-02 22:00:00,132.669,133.7778,132.1146,133.7778,0.2373,110.9,239.44,239.12,5,take_profit,18.6924,0.3696,-1.42559,1.88947,new_york,2020
GBPJPY,1,2020-04-08 12:00:00,2020-04-08 18:00:00,133.974,134.99685,133.46257,134.99685,0.2623,102.3,244.15,243.83,6,take_profit,17.1965,0.34095,0.00164,2.02331,london,2020
GBPJPY,-1,2020-04-09 04:00:00,2020-04-09 14:00:00,135.286,135.165,135.73738,134.38325,0.3032,12.1,33.39,33.07,10,time_exit,20.16666,0.30092,3.12255,2.82749,,2020
GBPJPY,1,2020-04-10 02:00:00,2020-04-10 12:00:00,135.166,135.309,134.696,136.106,0.2919,14.3,37.98,37.67,10,time_exit,19.88346,0.31333,1.15636,3.15177,,2020
GBPJPY,-1,2020-04-13 19:00:00,2020-04-14 04:00:00,134.661,134.9881,134.9881,134.0068,0.4208,-32.7,-125.26,-125.57,9,stop_loss,24.23247,0.21807,-1.19686,3.23191,new_york,2020
GBPJPY,-1,2020-04-16 02:00:00,2020-04-16 12:00:00,134.529,134.41,134.9531,133.6808,0.3213,11.9,34.79,34.48,10,time_exit,23.739,0.28273,-0.84082,1.01962,,2020
GBPJPY,1,2020-04-16 12:00:00,2020-04-16 17:00:00,134.476,134.0943,134.0943,135.2394,0.3579,-38.2,-124.32,-124.63,5,stop_loss,14.40639,0.25447,-0.96153,0.89614,london,2020
GBPJPY,1,2020-04-17 19:00:00,2020-04-20 05:00:00,134.4,134.605,133.97462,135.25076,0.318,20.5,59.32,59.0,10,time_exit,16.19549,0.28359,-0.23198,0.02917,new_york,2020
GBPJPY,1,2020-04-21 03:00:00,2020-04-21 05:00:00,133.946,133.61526,133.61526,134.60747,0.4109,-33.1,-123.67,-123.99,2,stop_loss,13.50848,0.22049,-1.49338,-0.57359,,2020
GBPJPY,1,2020-04-22 11:00:00,2020-04-22 21:00:00,132.755,132.677,132.32549,133.61402,0.3133,-7.8,-22.24,-22.56,10,time_exit,21.44331,0.28634,-1.0158,-3.066,london,2020
GBPJPY,-1,2020-04-23 19:00:00,2020-04-24 05:00:00,133.173,132.997,133.72924,132.06052,0.2414,17.6,38.66,38.34,10,time_exit,16.63469,0.37083,0.57935,-1.8617,new_york,2020
GBPJPY,-1,2020-04-24 20:00:00,2020-04-24 23:00:00,132.508,132.91688,132.91688,131.69024,0.3295,-40.9,-122.6,-122.92,3,stop_loss,12.09173,0.27259,-1.24209,-2.25096,new_york,2020
GBPJPY,-1,2020-04-27 10:00:00,2020-04-27 20:00:00,133.307,133.124,133.70281,132.51539,0.337,18.3,56.12,55.8,10,time_exit,20.44309,0.26387,1.33452,-1.74419,london,2020
GBPJPY,-1,2020-04-29 04:00:00,2020-04-29 12:00:00,132.814,132.28438,133.07881,132.28438,0.5059,53.0,243.82,243.5,8,take_profit,21.23021,0.17654,-1.2412,-1.54983,,2020
GBPJPY,-1,2020-04-29 19:00:00,2020-04-29 20:00:00,132.567,132.89603,132.89603,131.90894,0.4153,-32.9,-124.35,-124.67,1,stop_loss,21.70626,0.21935,-1.15572,-1.74523,new_york,2020
GBPJPY,-1,2020-04-29 22:00:00,2020-04-30 00:00:00,132.712,133.04519,133.04519,132.04562,0.406,-33.3,-123.1,-123.42,2,stop_loss,18.94195,0.22213,-0.43142,-1.71459,,2020
GBPJPY,1,2020-04-30 01:00:00,2020-04-30 11:00:00,132.921,133.046,132.56487,133.63327,0.3761,12.5,42.78,42.46,10,time_exit,17.14268,0.23742,0.43245,-1.52394,,2020
GBPJPY,1,2020-04-30 23:00:00,2020-05-01 01:00:00,135.166,134.61298,134.61298,136.27205,0.243,-55.3,-122.29,-122.61,2,stop_loss,29.9877,0.36868,4.94438,0.23101,,2020
GBPJPY,1,2020-05-01 01:00:00,2020-05-01 08:00:00,134.937,134.40448,134.40448,136.00204,0.2498,-53.3,-121.05,-121.37,7,stop_loss,33.30111,0.35501,4.1386,0.49375,,2020
GBPJPY,1,2020-05-01 20:00:00,2020-05-04 01:00:00,133.612,133.11903,133.11903,134.59794,0.2672,-49.3,-119.87,-120.19,5,stop_loss,21.60039,0.32865,-0.69087,1.17155,new_york,2020
GBPJPY,1,2020-05-04 17:00:00,2020-05-05 03:00:00,132.883,132.772,132.44377,133.76145,0.2969,-11.1,-29.99,-30.31,10,time_exit,22.04732,0.29282,-1.57634,-0.08516,new_york,2020
GBPJPY,1,2020-05-05 08:00:00,2020-05-05 18:00:00,132.853,132.58973,132.58973,133.37953,0.494,-26.3,-118.35,-118.67,10,stop_loss,17.83296,0.17551,-1.40389,-1.08666,london,2020
GBPJPY,-1,2020-05-06 04:00:00,2020-05-06 11:00:00,132.152,131.56085,132.44757,131.56085,0.4356,59.1,234.33,234.01,7,take_profit,26.08769,0.19705,-3.53262,-1.68083,,2020
GBPJPY,-1,2020-05-06 11:00:00,2020-05-06 12:00:00,132.117,131.59237,132.37932,131.59237,0.5007,52.5,239.04,238.72,1,take_profit,34.507,0.17488,-3.29818,-2.40002,london,2020
GBPJPY,1,2020-05-07 11:00:00,2020-05-07 16:00:00,131.606,131.22738,131.22738,132.36324,0.3538,-37.9,-121.9,-122.22,5,stop_loss,56.71001,0.25241,-0.41817,-3.8724,london,2020
GBPJPY,1,2020-05-07 23:00:00,2020-05-08 09:00:00,131.304,131.677,130.86938,132.17324,0.3051,37.3,103.56,103.24,10,time_exit,32.32791,0.28975,-0.95748,-3.3069,,2020
GBPJPY,1,2020-05-08 11:00:00,2020-05-08 17:00:00,131.748,132.41892,131.41254,132.41892,0.3987,67.1,243.42,243.1,6,take_profit,28.87154,0.22364,0.50541,-3.63754,london,2020
GBPJPY,1,2020-05-08 21:00:00,2020-05-11 07:00:00,132.384,132.898,132.01349,133.12503,0.3682,51.4,172.22,171.9,10,time_exit,33.12273,0.24701,2.41061,-2.53388,new_york,2020
GBPJPY,1,2020-05-12 05:00:00,2020-05-12 15:00:00,132.328,132.789,131.93627,133.11146,0.3531,46.1,148.13,147.81,10,time_exit,22.0072,0.26115,-0.25784,-0.27163,,2020
GBPJPY,-1,2020-05-13 04:00:00,2020-05-13 12:00:00,131.414,131.82841,131.82841,130.58518,0.3377,-41.4,-127.35,-127.67,8,stop_loss,31.87869,0.27627,-2.73961,-0.81425,,2020
GBPJPY,-1,2020-05-14 00:00:00,2020-05-14 10:00:00,130.87,130.277,131.30877,129.99246,0.3157,59.3,170.36,170.04,10,time_exit,24.34156,0.29251,-2.35634,-1.83586,,2020
GBPJPY,-1,2020-05-14 22:00:00,2020-05-14 23:00:00,130.762,131.17557,131.17557,129.93485,0.3395,-41.4,-127.77,-128.09,1,stop_loss,21.09603,0.27572,-0.96248,-3.08849,,2020
GBPJPY,1,2020-05-15 12:00:00,2020-05-15 14:00:00,130.671,130.29366,130.29366,131.42569,0.3683,-37.7,-126.47,-126.79,2,stop_loss,17.43272,0.25156,-1.3609,-2.98367,london,2020
GBPJPY,1,2020-05-15 15:00:00,2020-05-15 23:00:00,130.097,129.69687,129.69687,130.89727,0.3439,-40.0,-125.22,-125.54,8,stop_loss,20.62238,0.26676,-3.18773,-2.91401,london,2020
GBPJPY,1,2020-05-18 05:00:00,2020-05-18 15:00:00,129.681,130.46873,129.28713,130.46873,0.3458,78.8,247.88,247.56,10,take_profit,30.96654,0.26258,-3.00584,-3.85032,,2020
GBPJPY,1,2020-05-18 23:00:00,2020-05-19 09:00:00,130.929,131.71646,130.53527,131.71646,0.3529,78.7,252.88,252.57,10,take_profit,33.26136,0.26249,1.84718,-3.23913,,2020
GBPJPY,1,2020-05-19 22:00:00,2020-05-19 23:00:00,132.319,131.90265,131.90265,133.1517,0.3404,-41.6,-128.97,-129.29,1,stop_loss,46.29274,0.27757,4.09269,-0.60626,,2020
GBPJPY,1,2020-05-20 03:00:00,2020-05-20 10:00:00,132.143,131.7327,131.7327,132.96361,0.3419,-41.0,-127.66,-127.98,7,stop_loss,42.92471,0.27354,2.9575,-0.18377,,2020
GBPJPY,-1,2020-05-21 07:00:00,2020-05-21 11:00:00,131.29,131.60358,131.60358,130.66285,0.4429,-31.4,-126.38,-126.7,4,stop_loss,15.7388,0.20905,-1.38146,0.49638,london,2020
GBPJPY,1,2020-05-22 02:00:00,2020-05-22 07:00:00,131.532,131.20851,131.20851,132.17898,0.425,-32.3,-125.11,-125.43,5,stop_loss,11.93602,0.21566,-0.25475,0.44568,,2020
GBPJPY,-1,2020-05-25 14:00:00,2020-05-26 00:00:00,131.202,131.25,131.45984,130.68632,0.5279,-4.8,-23.06,-23.38,10,time_exit,14.13589,0.17189,-0.16981,-0.88575,london,2020
GBPJPY,1,2020-05-28 00:00:00,2020-05-28 10:00:00,132.066,132.173,131.66619,132.86562,0.3398,10.7,33.09,32.77,10,time_exit,22.95412,0.26654,-0.27073,1.5561,,2020
GBPJPY,-1,2020-06-01 11:00:00,2020-06-01 17:00:00,133.581,134.04466,134.04466,132.65368,0.2938,-46.4,-123.96,-124.28,6,stop_loss,26.86222,0.30911,2.64747,2.0252,london,2020
GBPJPY,-1,2020-06-01 22:00:00,2020-06-02 08:00:00,134.462,134.631,134.90098,133.58404,0.3072,-16.9,-47.24,-47.56,10,time_exit,33.49255,0.29265,4.48395,2.88253,,2020
GBPJPY,1,2020-06-03 19:00:00,2020-06-04 03:00:00,137.175,136.64977,136.64977,138.22546,0.2558,-52.5,-122.26,-122.58,8,stop_loss,41.56996,0.35015,4.03968,6.06385,new_york,2020
GBPJPY,1,2020-06-04 12:00:00,2020-06-04 15:00:00,136.511,136.11005,136.11005,137.31291,0.3317,-40.1,-121.03,-121.35,3,stop_loss,22.32225,0.2673,0.96674,7.9385,london,2020
GBPJPY,1,2020-06-08 05:00:00,2020-06-08 13:00:00,138.974,138.44495,138.44495,140.0321,0.2488,-52.9,-119.78,-120.1,8,stop_loss,44.23446,0.3527,2.82161,7.10433,,2020
GBPJPY,1,2020-06-08 17:00:00,2020-06-08 18:00:00,138.306,137.79734,137.79734,139.32331,0.2562,-50.9,-118.59,-118.91,1,stop_loss,32.2994,0.3391,0.10257,7.14957,new_york,2020
GBPJPY,-1,2020-06-09 09:00:00,2020-06-09 11:00:00,137.376,136.40264,137.86268,136.40264,0.2651,97.3,234.81,234.5,2,take_profit,36.21266,0.32445,-1.92237,5.77307,london,2020
GBPJPY,1,2020-06-11 08:00:00,2020-06-11 15:00:00,135.808,135.31215,135.31215,136.7997,0.2654,-49.6,-119.76,-120.07,7,stop_loss,27.5284,0.33057,-3.25798,1.54234,london,2020
GBPJPY,-1,2020-06-15 06:00:00,2020-06-15 11:00:00,134.103,134.67107,134.67107,132.96687,0.2293,-56.8,-118.53,-118.85,5,stop_loss,25.3295,0.37871,-2.45697,-2.01046,,2020
GBPJPY,-1,2020-06-17 09:00:00,2020-06-17 10:00:00,134.621,135.09987,135.09987,133.66326,0.2693,-47.9,-117.35,-117.67,1,stop_loss,20.98683,0.31925,-1.45716,-1.32759,london,2020
GBPJPY,1,2020-06-19 01:00:00,2020-06-19 11:00:00,132.823,132.724,132.35843,133.75214,0.2748,-9.9,-24.76,-25.08,10,time_exit,35.03667,0.30971,-3.46991,-3.42195,,2020
GBPJPY,-1,2020-06-19 17:00:00,2020-06-22 03:00:00,132.23,131.895,132.69541,131.29918,0.2737,33.5,83.44,83.12,10,time_exit,30.95661,0.31027,-3.57318,-4.16753,new_york,2020
GBPJPY,-1,2020-06-22 08:00:00,2020-06-22 10:00:00,132.457,132.81472,132.81472,131.74155,0.3587,-35.8,-116.77,-117.09,2,stop_loss,27.81724,0.23848,-1.32446,-6.30351,london,2020
GBPJPY,1,2020-06-22 21:00:00,2020-06-23 04:00:00,133.34,132.90585,132.90585,134.2083,0.2926,-43.4,-115.6,-115.92,7,stop_loss,19.44271,0.28943,1.90793,-4.5153,new_york,2020
GBPJPY,-1,2020-06-23 19:00:00,2020-06-24 05:00:00,133.367,133.373,133.91844,132.26412,0.228,-0.6,-1.24,-1.56,10,time_exit,15.81614,0.36763,0.60456,-2.21915,new_york,2020
GBPJPY,1,2020-06-24 16:00:00,2020-06-24 18:00:00,133.387,132.90103,132.90103,134.35895,0.2587,-48.6,-114.41,-114.72,2,stop_loss,12.98904,0.32398,0.4657,-1.85579,new_york,2020
GBPJPY,-1,2020-06-24 21:00:00,2020-06-25 07:00:00,132.869,133.0,133.35293,131.90114,0.2572,-13.1,-30.66,-30.98,10,time_exit,17.60402,0.32262,-0.99904,-1.87501,new_york,2020
GBPJPY,-1,2020-06-25 10:00:00,2020-06-25 11:00:00,133.124,133.46716,133.46716,132.43769,0.3618,-34.3,-112.98,-113.3,1,stop_loss,15.59867,0.22877,0.06291,-2.56426,london,2020
GBPJPY,-1,2020-06-26 16:00:00,2020-06-29 02:00:00,132.448,132.326,132.77698,131.79004,0.3736,12.2,41.48,41.16,10,time_exit,21.24547,0.21932,-2.5325,-2.35615,new_york,2020
GBPJPY,-1,2020-06-29 03:00:00,2020-06-29 04:00:00,132.326,132.6282,132.6282,131.7216,0.4082,-30.2,-112.26,-112.57,1,stop_loss,37.5168,0.20147,-2.05444,-3.22404,,2020
GBPJPY,-1,2020-06-30 03:00:00,2020-06-30 13:00:00,132.444,132.179,132.74538,131.84124,0.4052,26.5,97.71,97.4,10,time_exit,15.33104,0.20092,-0.22479,-3.37039,,2020
GBPJPY,-1,2020-07-01 02:00:00,2020-07-01 07:00:00,133.788,133.05962,134.15219,133.05962,0.3382,72.8,224.17,223.85,5,take_profit,34.8223,0.24279,4.07791,-1.28888,,2020
GBPJPY,1,2020-07-01 23:00:00,2020-07-02 09:00:00,134.103,134.281,133.71358,134.88185,0.3226,17.8,52.25,51.94,10,time_exit,26.70838,0.25962,3.23133,0.25716,,2020
GBPJPY,-1,2020-07-02 16:00:00,2020-07-03 02:00:00,134.419,134.006,134.75501,133.74699,0.3756,41.3,141.16,140.84,10,time_exit,31.45005,0.224,2.92743,1.77273,new_york,2020
GBPJPY,-1,2020-07-03 13:00:00,2020-07-03 20:00:00,133.817,134.09691,134.09691,133.25718,0.4564,-28.0,-116.25,-116.57,7,stop_loss,14.06569,0.18661,-0.47584,2.24045,london,2020
GBPJPY,1,2020-07-03 20:00:00,2020-07-06 06:00:00,134.054,134.524,133.79457,134.57286,0.4875,47.0,208.5,208.19,10,time_exit,12.54834,0.17295,0.72301,2.33532,new_york,2020
GBPJPY,-1,2020-07-06 08:00:00,2020-07-06 18:00:00,134.529,134.178,134.76204,134.06292,0.5525,35.1,176.47,176.16,10,time_exit,18.14554,0.15536,2.97513,2.94636,london,2020
GBPJPY,-1,2020-07-07 05:00:00,2020-07-07 10:00:00,134.16,134.41002,134.41002,133.65995,0.5227,-25.0,-118.93,-119.24,5,stop_loss,16.03386,0.16668,-0.11919,2.65978,,2020
GBPJPY,1,2020-07-08 08:00:00,2020-07-08 11:00:00,135.006,134.71056,134.71056,135.59687,0.438,-29.5,-117.75,-118.07,3,stop_loss,30.49979,0.19696,1.84294,3.30118,london,2020
GBPJPY,-1,2020-07-09 20:00:00,2020-07-10 06:00:00,135.312,134.734,135.62664,134.68271,0.4071,57.8,214.13,213.81,10,time_exit,26.11146,0.20976,0.50374,3.87598,new_york,2020
GBPJPY,1,2020-07-13 02:00:00,2020-07-13 12:00:00,135.072,135.001,134.79052,135.63495,0.4634,-7.1,-29.94,-30.26,10,time_exit,17.95838,0.18765,0.43584,2.47313,,2020
GBPJPY,-1,2020-07-13 19:00:00,2020-07-13 22:00:00,135.232,134.62542,135.53529,134.62542,0.429,60.7,236.8,236.49,3,take_profit,17.56722,0.20219,0.81362,2.20448,new_york,2020
GBPJPY,-1,2020-07-14 09:00:00,2020-07-14 16:00:00,134.543,134.00708,134.81096,134.00708,0.4953,53.6,241.55,241.23,7,take_profit,20.46376,0.17864,-2.00883,1.49513,london,2020
GBPJPY,-1,2020-07-15 23:00:00,2020-07-16 09:00:00,134.627,134.131,134.94052,133.99996,0.4317,49.6,194.85,194.53,10,time_exit,16.51912,0.20901,-0.57686,0.48714,,2020
GBPJPY,1,2020-07-16 15:00:00,2020-07-16 18:00:00,134.447,135.04157,134.14972,135.04157,0.4625,59.5,250.24,249.92,3,take_profit,35.63362,0.19819,-0.58789,-0.21582,london,2020
GBPJPY,1,2020-07-17 02:00:00,2020-07-17 10:00:00,134.734,134.43929,134.43929,135.32342,0.4759,-29.5,-127.63,-127.95,8,stop_loss,22.88264,0.19647,0.47989,0.07976,,2020
GBPJPY,1,2020-07-17 21:00:00,2020-07-20 07:00:00,134.388,134.404,134.10132,134.96136,0.4843,1.6,7.05,6.73,10,time_exit,23.91535,0.19112,-0.90405,-0.23314,new_york,2020
GBPJPY,-1,2020-07-20 08:00:00,2020-07-20 09:00:00,134.407,134.68598,134.68598,133.84903,0.4979,-27.9,-126.4,-126.72,1,stop_loss,16.50608,0.18599,-0.71118,-0.30806,london,2020
GBPJPY,-1,2020-07-21 15:00:00,2020-07-22 01:00:00,136.137,136.049,136.4495,135.51199,0.44,8.8,35.24,34.92,10,time_exit,51.91468,0.20834,3.45559,2.57269,london,2020
GBPJPY,1,2020-07-22 22:00:00,2020-07-23 08:00:00,136.602,136.511,136.24928,137.30744,0.391,-9.1,-32.38,-32.7,10,time_exit,23.87822,0.23515,3.0204,2.94919,,2020
GBPJPY,-1,2020-07-23 14:00:00,2020-07-24 00:00:00,136.198,136.043,136.50907,135.57586,0.4422,15.5,62.37,62.05,10,time_exit,18.46874,0.20738,0.31221,3.66539,london,2020
GBPJPY,1,2020-07-27 18:00:00,2020-07-28 04:00:00,135.599,135.771,135.22031,136.35637,0.365,17.2,57.13,56.81,10,time_exit,18.13089,0.25246,-0.10957,0.60024,new_york,2020
GBPJPY,1,2020-07-29 01:00:00,2020-07-29 11:00:00,135.837,136.035,135.54722,136.41655,0.4792,19.8,86.34,86.02,10,time_exit,14.25616,0.19318,0.5236,0.96419,,2020
GBPJPY,1,2020-07-30 13:00:00,2020-07-30 16:00:00,136.559,137.11332,136.28184,137.11332,0.5044,55.4,254.44,254.12,3,take_profit,19.56292,0.18477,2.24371,2.13939,london,2020
GBPJPY,1,2020-08-04 05:00:00,2020-08-04 11:00:00,138.789,138.46575,138.46575,139.4355,0.4411,-32.3,-129.75,-130.07,6,stop_loss,20.55175,0.2155,2.91535,6.08395,,2020
GBPJPY,1,2020-08-05 22:00:00,2020-08-06 08:00:00,138.538,138.478,138.222,139.16999,0.4467,-6.0,-24.39,-24.71,10,time_exit,11.85005,0.21066,0.76586,4.77642,,2020
GBPJPY,1,2020-08-06 09:00:00,2020-08-06 10:00:00,138.474,138.99034,138.21583,138.99034,0.5457,51.6,256.41,256.09,1,take_profit,7.72418,0.17211,0.23691,5.48698,london,2020
GBPJPY,-1,2020-08-06 21:00:00,2020-08-07 07:00:00,138.715,138.459,139.04523,138.05454,0.4351,25.6,101.36,101.04,10,time_exit,12.22723,0.22015,0.56416,4.29649,new_york,2020
GBPJPY,-1,2020-08-07 13:00:00,2020-08-07 23:00:00,138.312,138.232,138.60743,137.72114,0.4902,8.0,35.69,35.37,10,time_exit,19.22446,0.19695,-1.28157,3.9787,london,2020
GBPJPY,-1,2020-08-07 23:00:00,2020-08-10 09:00:00,138.338,138.229,138.63401,137.74599,0.4905,10.9,48.65,48.33,10,time_exit,22.63497,0.19734,-0.55754,3.18279,,2020
GBPJPY,1,2020-08-10 16:00:00,2020-08-11 02:00:00,138.503,138.601,138.2219,139.06521,0.5184,9.8,46.23,45.91,10,time_exit,14.12302,0.1874,0.65734,2.58188,new_york,2020
GBPJPY,1,2020-08-11 03:00:00,2020-08-11 13:00:00,138.601,138.925,138.36318,139.07664,0.6149,32.4,181.3,180.98,10,time_exit,13.9813,0.15855,1.13748,2.91729,,2020
GBPJPY,1,2020-08-13 07:00:00,2020-08-13 13:00:00,139.338,139.84612,139.08394,139.84612,0.5834,50.8,269.76,269.44,6,take_profit,18.06613,0.16937,1.23792,4.01044,london,2020
GBPJPY,1,2020-08-13 15:00:00,2020-08-13 18:00:00,140.067,139.78796,139.78796,140.62507,0.5418,-27.9,-137.58,-137.89,3,stop_loss,30.73424,0.18602,4.22888,3.96149,london,2020
GBPJPY,1,2020-08-14 04:00:00,2020-08-14 10:00:00,139.687,139.40273,139.40273,140.25555,0.5265,-28.4,-136.2,-136.52,6,stop_loss,27.0058,0.18952,1.0673,4.16541,,2020
GBPJPY,-1,2020-08-14 22:00:00,2020-08-17 08:00:00,139.491,139.543,139.76747,138.93805,0.5359,-5.2,-25.36,-25.68,10,time_exit,13.54204,0.18432,-0.32741,3.82087,,2020
GBPJPY,-1,2020-08-17 08:00:00,2020-08-17 14:00:00,139.53,139.04759,139.77121,139.04759,0.6131,48.2,269.15,268.83,6,take_profit,9.66692,0.1608,-0.14254,3.97001,london,2020
GBPJPY,1,2020-08-18 02:00:00,2020-08-18 05:00:00,138.927,138.68939,138.68939,139.40223,0.6348,-23.8,-137.26,-137.58,3,stop_loss,28.42729,0.15841,-2.41133,2.29552,,2020
GBPJPY,1,2020-08-19 14:00:00,2020-08-19 21:00:00,139.162,138.86496,138.86496,139.75608,0.5027,-29.7,-135.88,-136.2,7,stop_loss,28.05488,0.19803,-1.10126,1.62507,london,2020
GBPJPY,-1,2020-08-20 05:00:00,2020-08-20 15:00:00,138.936,138.776,139.22389,138.36021,0.5135,16.0,74.77,74.45,10,time_exit,27.88829,0.19193,-1.61349,0.95759,,2020
GBPJPY,-1,2020-08-20 21:00:00,2020-08-21 07:00:00,139.708,139.867,140.07214,138.97971,0.4082,-15.9,-59.06,-59.38,10,time_exit,24.39487,0.24276,2.18071,0.46367,new_york,2020
GBPJPY,1,2020-08-24 17:00:00,2020-08-25 03:00:00,138.444,138.628,138.08426,139.16347,0.4114,18.4,68.88,68.57,10,time_exit,20.38316,0.23982,-1.82097,-0.61357,new_york,2020
GBPJPY,1,2020-08-25 03:00:00,2020-08-25 10:00:00,138.548,139.09802,138.27299,139.09802,0.5409,55.0,270.73,270.41,7,take_profit,20.43404,0.18334,-1.02604,-1.27777,,2020
GBPJPY,1,2020-08-25 10:00:00,2020-08-25 12:00:00,138.886,139.40049,138.62875,139.40049,0.5898,51.4,276.14,275.82,2,take_profit,18.71384,0.1715,0.77399,-1.19533,london,2020
GBPJPY,-1,2020-08-25 18:00:00,2020-08-26 03:00:00,139.742,140.07807,140.07807,139.06987,0.4605,-33.6,-140.83,-141.15,9,stop_loss,34.98843,0.22404,3.35899,-0.07195,new_york,2020
GBPJPY,-1,2020-08-26 12:00:00,2020-08-26 16:00:00,139.755,140.00857,140.00857,139.24787,0.6042,-25.4,-139.42,-139.73,4,stop_loss,40.95552,0.16904,2.00306,1.6172,london,2020
GBPJPY,-1,2020-08-26 16:00:00,2020-08-26 17:00:00,139.737,139.98758,139.98758,139.23584,0.6053,-25.1,-138.02,-138.34,1,stop_loss,36.83482,0.16705,1.6413,1.78097,new_york,2020
GBPJPY,1,2020-08-28 04:00:00,2020-08-28 06:00:00,140.765,141.34941,140.47279,141.34941,0.5138,58.4,273.25,272.93,2,take_profit,32.07328,0.1948,3.25736,3.27091,,2020
GBPJPY,1,2020-08-28 13:00:00,2020-08-28 23:00:00,140.255,140.653,139.84584,141.07332,0.3743,39.8,135.56,135.25,10,time_exit,30.34742,0.27277,-0.43727,2.76848,london,2020
GBPJPY,1,2020-09-01 10:00:00,2020-09-01 13:00:00,141.701,142.32788,141.38756,142.32788,0.4933,62.7,281.41,281.09,3,take_profit,33.78533,0.20896,2.62715,4.69558,london,2020
GBPJPY,-1,2020-09-01 19:00:00,2020-09-02 05:00:00,142.184,141.885,142.57826,141.39548,0.4,29.9,108.84,108.52,10,time_exit,43.17828,0.26284,2.59201,4.37213,new_york,2020
GBPJPY,1,2020-09-03 17:00:00,2020-09-03 18:00:00,141.365,141.01409,141.01409,142.06683,0.4529,-35.1,-144.63,-144.94,1,stop_loss,28.83384,0.23394,-0.6683,3.03173,new_york,2020
GBPJPY,1,2020-09-07 08:00:00,2020-09-07 11:00:00,140.563,140.21379,140.21379,141.26142,0.4505,-34.9,-143.16,-143.48,3,stop_loss,23.48345,0.23281,-1.88395,0.7181,london,2020
GBPJPY,1,2020-09-07 17:00:00,2020-09-08 03:00:00,139.762,139.785,139.35852,140.56896,0.386,2.3,8.08,7.76,10,time_exit,39.42409,0.26899,-3.51607,-0.2197,new_york,2020
GBPJPY,1,2020-09-10 01:00:00,2020-09-10 11:00:00,137.965,138.045,137.51564,138.86372,0.3468,8.0,25.25,24.93,10,time_exit,41.32196,0.29957,-1.08547,-4.75449,,2020
GBPJPY,-1,2020-09-11 10:00:00,2020-09-11 20:00:00,136.212,135.752,136.61636,135.40329,0.3861,46.0,161.62,161.3,10,time_exit,41.72255,0.26957,-3.29815,-6.74367,london,2020
GBPJPY,1,2020-09-14 00:00:00,2020-09-14 10:00:00,135.616,136.119,135.17427,136.49946,0.3574,50.3,163.59,163.27,10,time_exit,24.25823,0.29449,-2.56914,-6.62119,,2020
GBPJPY,1,2020-09-14 19:00:00,2020-09-15 03:00:00,136.071,135.66686,135.66686,136.87927,0.3951,-40.4,-145.3,-145.62,8,stop_loss,15.88959,0.26942,-0.97139,-6.57571,new_york,2020
GBPJPY,-1,2020-09-15 22:00:00,2020-09-16 08:00:00,136.024,135.832,136.39879,135.27442,0.4218,19.2,73.7,73.38,10,time_exit,18.91513,0.24986,-0.19198,-6.07389,,2020
GBPJPY,-1,2020-09-18 22:00:00,2020-09-21 08:00:00,135.139,135.121,135.51784,134.38131,0.4194,1.8,6.87,6.55,10,time_exit,17.62604,0.25256,-1.89532,-3.98966,,2020
GBPJPY,-1,2020-09-22 06:00:00,2020-09-22 10:00:00,133.945,133.19129,134.32185,133.19129,0.4218,75.4,289.3,288.98,4,take_profit,25.30083,0.25124,-2.83866,-5.41453,,2020
GBPJPY,1,2020-09-23 17:00:00,2020-09-24 03:00:00,134.045,134.184,133.60724,134.92052,0.3703,13.9,46.84,46.52,10,time_exit,17.80605,0.29184,0.31063,-4.75725,new_york,2020
GBPJPY,1,2020-09-28 03:00:00,2020-09-28 04:00:00,134.764,134.40819,134.40819,135.47563,0.4571,-35.6,-148.0,-148.32,1,stop_loss,13.99313,0.23721,1.76725,-2.32456,,2020
GBPJPY,1,2020-09-28 07:00:00,2020-09-28 11:00:00,134.556,135.27745,134.19528,135.27745,0.4463,72.1,293.0,292.68,4,take_profit,10.95926,0.24048,0.77472,-2.12672,london,2020
GBPJPY,-1,2020-09-28 11:00:00,2020-09-28 12:00:00,134.807,135.16683,135.16683,134.08734,0.4564,-36.0,-149.45,-149.77,1,stop_loss,10.48013,0.23989,1.67475,-1.93869,london,2020
GBPJPY,1,2020-09-28 16:00:00,2020-09-29 02:00:00,135.748,135.741,135.27515,136.6937,0.3438,-0.7,-2.19,-2.51,10,time_exit,23.68548,0.31523,3.55276,-0.88494,new_york,2020
GBPJPY,-1,2020-09-29 05:00:00,2020-09-29 09:00:00,135.463,135.83721,135.83721,134.71457,0.4344,-37.4,-147.93,-148.25,4,stop_loss,28.68329,0.24948,1.80746,0.07259,,2020
GBPJPY,1,2020-09-30 09:00:00,2020-09-30 17:00:00,135.402,136.04524,135.08038,136.04524,0.5003,64.3,292.85,292.53,8,take_profit,27.75449,0.21441,-0.58903,1.60925,london,2020
GBPJPY,1,2020-10-01 16:00:00,2020-10-01 17:00:00,136.722,136.17437,136.17437,137.81726,0.2997,-54.8,-149.35,-149.67,1,stop_loss,31.96936,0.36509,2.11535,1.45675,new_york,2020
GBPJPY,-1,2020-10-02 06:00:00,2020-10-02 09:00:00,135.846,135.06138,136.23831,135.06138,0.4142,78.5,295.74,295.42,3,take_profit,14.92202,0.26154,-0.45783,1.81265,,2020
GBPJPY,-1,2020-10-05 11:00:00,2020-10-05 12:00:00,136.568,136.94104,136.94104,135.82193,0.4443,-37.3,-150.82,-151.14,1,stop_loss,9.34061,0.24869,1.53133,2.06099,london,2020
GBPJPY,-1,2020-10-06 07:00:00,2020-10-06 13:00:00,137.239,136.63791,137.53955,136.63791,0.5459,60.1,298.6,298.28,6,take_profit,19.89543,0.20036,2.61688,3.88502,london,2020
GBPJPY,1,2020-10-08 01:00:00,2020-10-08 11:00:00,136.833,137.281,136.47723,137.54455,0.4704,44.8,191.77,191.45,10,time_exit,13.49504,0.23718,0.78662,1.99653,,2020
GBPJPY,-1,2020-10-09 00:00:00,2020-10-09 10:00:00,137.13,137.269,137.42693,136.53614,0.5707,-13.9,-72.19,-72.51,10,time_exit,12.60479,0.19795,1.23223,2.71795,,2020
GBPJPY,-1,2020-10-09 12:00:00,2020-10-09 16:00:00,137.059,137.32404,137.32404,136.52893,0.6364,-26.5,-153.49,-153.81,4,stop_loss,9.85639,0.17669,0.41157,3.089,london,2020
GBPJPY,1,2020-10-09 16:00:00,2020-10-12 02:00:00,137.259,137.631,136.95755,137.86191,0.5539,37.2,187.51,187.19,10,time_exit,10.60365,0.20097,1.2708,2.67691,new_york,2020
GBPJPY,-1,2020-10-13 14:00:00,2020-10-13 16:00:00,137.658,137.15053,137.91173,137.15053,0.6662,50.7,307.65,307.33,2,take_profit,14.64407,0.16916,1.15871,3.50986,london,2020
GBPJPY,-1,2020-10-13 20:00:00,2020-10-14 06:00:00,136.754,136.374,137.07469,136.11262,0.5376,38.0,185.9,185.58,10,time_exit,23.74715,0.21379,-2.89457,2.32917,new_york,2020
GBPJPY,-1,2020-10-14 09:00:00,2020-10-14 12:00:00,136.187,136.45504,136.45504,135.65093,0.6508,-26.8,-158.74,-159.06,3,stop_loss,47.97334,0.17869,-4.36758,0.84585,london,2020
GBPJPY,-1,2020-10-15 02:00:00,2020-10-15 12:00:00,136.839,136.594,137.18613,136.14475,0.4975,24.5,110.92,110.6,10,time_exit,23.50456,0.23142,-0.07327,0.24492,,2020
GBPJPY,1,2020-10-16 04:00:00,2020-10-16 13:00:00,135.914,135.55577,135.55577,136.63046,0.4855,-35.8,-158.27,-158.59,9,stop_loss,20.81525,0.23882,-2.38897,-0.90122,,2020
GBPJPY,-1,2020-10-16 13:00:00,2020-10-16 23:00:00,136.162,136.068,136.51089,135.46422,0.4935,9.4,42.21,41.9,10,time_exit,21.24825,0.23259,-0.64632,-1.3705,london,2020
GBPJPY,-1,2020-10-19 15:00:00,2020-10-20 01:00:00,137.044,136.537,137.41285,136.30629,0.468,50.7,215.92,215.6,10,time_exit,19.17884,0.2459,2.71012,-0.76667,london,2020
GBPJPY,1,2020-10-20 03:00:00,2020-10-20 13:00:00,136.541,136.758,136.19043,137.24215,0.4992,21.7,98.58,98.26,10,time_exit,18.36272,0.23372,0.20185,-0.37533,,2020
GBPJPY,1,2020-10-22 01:00:00,2020-10-22 11:00:00,137.381,137.201,137.05531,138.03237,0.5406,-18.0,-88.55,-88.87,10,time_exit,31.9432,0.21712,2.18995,0.99266,,2020
GBPJPY,-1,2020-10-26 23:00:00,2020-10-27 09:00:00,136.509,136.566,136.78481,135.95739,0.6349,-5.7,-32.93,-33.25,10,time_exit,16.43925,0.18387,-1.23749,-0.19915,,2020
GBPJPY,1,2020-10-28 05:00:00,2020-10-28 10:00:00,136.115,135.87378,135.87378,136.59745,0.7244,-24.1,-159.02,-159.33,5,stop_loss,29.76502,0.16082,-2.25652,-1.23409,,2020
GBPJPY,-1,2020-10-29 11:00:00,2020-10-29 14:00:00,135.591,134.99339,135.8898,134.99339,0.5789,59.8,314.82,314.5,3,take_profit,22.12087,0.1992,-1.36904,-2.67185,london,2020
GBPJPY,-1,2020-10-29 17:00:00,2020-10-29 21:00:00,134.97,135.33965,135.33965,134.2307,0.4773,-37.0,-160.55,-160.87,4,stop_loss,27.42965,0.24643,-2.99043,-2.49,new_york,2020
GBPJPY,-1,2020-10-30 10:00:00,2020-10-30 11:00:00,134.614,134.9409,134.9409,133.9602,0.5343,-32.7,-158.94,-159.26,1,stop_loss,30.32942,0.21793,-3.49939,-3.43177,london,2020
GBPJPY,-1,2020-11-03 05:00:00,2020-11-03 10:00:00,135.434,135.70274,135.70274,134.89652,0.6435,-26.9,-157.37,-157.69,5,stop_loss,17.86972,0.17916,0.60758,-2.88388,,2020
GBPJPY,1,2020-11-04 02:00:00,2020-11-04 03:00:00,137.154,136.73181,136.73181,137.99837,0.4055,-42.2,-155.79,-156.11,1,stop_loss,40.13224,0.28146,4.81193,-0.30938,,2020
GBPJPY,1,2020-11-06 09:00:00,2020-11-06 13:00:00,135.919,135.56066,135.56066,136.63569,0.4729,-35.8,-154.21,-154.53,4,stop_loss,13.61965,0.2389,0.34226,-0.10509,london,2020
GBPJPY,1,2020-11-09 08:00:00,2020-11-09 10:00:00,136.45,136.13933,136.13933,137.07135,0.54,-31.1,-152.66,-152.98,2,stop_loss,18.4198,0.20712,2.46107,0.26975,london,2020
GBPJPY,-1,2020-11-10 04:00:00,2020-11-10 10:00:00,138.336,138.79853,138.79853,137.41095,0.3591,-46.3,-151.15,-151.46,6,stop_loss,50.94532,0.30835,3.93388,2.78498,,2020
GBPJPY,-1,2020-11-11 12:00:00,2020-11-11 22:00:00,139.835,139.309,140.24625,139.01251,0.3998,52.6,191.37,191.05,10,time_exit,46.56466,0.27416,3.7409,6.19587,london,2020
GBPJPY,-1,2020-11-12 01:00:00,2020-11-12 08:00:00,139.379,138.67234,139.73233,138.67234,0.4713,70.7,303.08,302.76,7,take_profit,23.2853,0.23555,1.27428,7.11824,,2020
GBPJPY,-1,2020-11-12 17:00:00,2020-11-13 02:00:00,138.482,137.69742,138.87429,137.69742,0.433,78.5,309.15,308.83,9,take_profit,30.07703,0.26153,-1.86798,5.16986,new_york,2020
GBPJPY,1,2020-11-13 06:00:00,2020-11-13 09:00:00,137.607,138.26997,137.27552,138.26997,0.5226,66.3,315.29,314.97,3,take_profit,43.9893,0.22099,-4.08782,3.89936,,2020
GBPJPY,1,2020-11-13 11:00:00,2020-11-13 15:00:00,138.226,137.8847,137.8847,138.90859,0.5178,-34.1,-160.82,-161.14,4,stop_loss,36.87774,0.22753,-0.84566,3.30935,london,2020
GBPJPY,1,2020-11-13 21:00:00,2020-11-16 07:00:00,137.951,138.224,137.61072,138.63155,0.5141,27.3,127.72,127.4,10,time_exit,26.36475,0.22685,-1.46805,2.57594,new_york,2020
GBPJPY,-1,2020-11-17 21:00:00,2020-11-18 07:00:00,138.044,137.972,138.35145,137.4291,0.5736,7.2,37.58,37.26,10,time_exit,9.02466,0.20497,-0.30332,1.27926,new_york,2020
GBPJPY,1,2020-11-18 18:00:00,2020-11-19 00:00:00,137.908,137.62905,137.62905,138.46591,0.6336,-27.9,-160.84,-161.16,6,stop_loss,8.1842,0.18597,-0.74789,0.91948,new_york,2020
GBPJPY,-1,2020-11-19 19:00:00,2020-11-19 22:00:00,137.341,137.68594,137.68594,136.65113,0.5073,-34.5,-159.24,-159.56,3,stop_loss,20.69163,0.22996,-1.73697,-0.31053,new_york,2020
GBPJPY,1,2020-11-23 03:00:00,2020-11-23 10:00:00,138.135,138.67001,137.86749,138.67001,0.6476,53.5,315.29,314.97,7,take_profit,17.76989,0.17834,1.82471,0.02028,,2020
GBPJPY,-1,2020-11-23 17:00:00,2020-11-23 21:00:00,138.925,139.22867,139.22867,138.31767,0.5818,-30.4,-160.77,-161.09,4,stop_loss,37.90174,0.20244,3.93355,1.1325,new_york,2020
GBPJPY,1,2020-11-24 19:00:00,2020-11-25 05:00:00,139.642,139.593,139.31985,140.28629,0.543,-4.9,-24.21,-24.53,10,time_exit,32.89998,0.21476,3.42178,3.19987,new_york,2020
GBPJPY,1,2020-11-25 18:00:00,2020-11-26 04:00:00,139.678,139.633,139.31995,140.39411,0.4878,-4.5,-19.98,-20.29,10,time_exit,16.85917,0.2387,1.80701,3.20465,new_york,2020
GBPJPY,-1,2020-11-27 11:00:00,2020-11-27 18:00:00,139.067,138.60141,139.2998,138.60141,0.7493,46.6,317.47,317.15,7,take_profit,26.48476,0.1552,-1.10415,3.06516,london,2020
GBPJPY,-1,2020-11-30 07:00:00,2020-11-30 09:00:00,138.549,138.84429,138.84429,137.95843,0.6025,-29.5,-161.9,-162.22,2,stop_loss,23.83072,0.19686,-1.76006,0.79595,london,2020
GBPJPY,-1,2020-11-30 09:00:00,2020-11-30 10:00:00,138.701,138.98069,138.98069,138.14162,0.6297,-28.0,-160.27,-160.59,1,stop_loss,21.42746,0.18646,-0.92736,0.74192,london,2020
GBPJPY,-1,2020-11-30 19:00:00,2020-12-01 05:00:00,139.218,139.504,139.64889,138.35622,0.4047,-28.6,-105.33,-105.65,10,time_exit,19.95076,0.28726,1.03346,0.55296,new_york,2020
GBPJPY,-1,2020-12-01 10:00:00,2020-12-01 14:00:00,139.622,139.01134,139.92733,139.01134,0.5673,61.1,315.25,314.93,4,take_profit,17.50799,0.20355,2.57971,1.28522,london,2020
GBPJPY,1,2020-12-03 05:00:00,2020-12-03 15:00:00,139.711,140.089,139.37322,140.38656,0.523,37.8,179.9,179.58,10,time_exit,15.54054,0.22519,0.60369,1.94716,,2020
GBPJPY,1,2020-12-04 04:00:00,2020-12-04 14:00:00,139.676,140.0,139.34035,140.3473,0.5322,32.4,156.91,156.6,10,time_exit,17.05668,0.22377,-0.24497,2.00443,,2020
GBPJPY,1,2020-12-07 00:00:00,2020-12-07 09:00:00,139.588,139.14673,139.14673,140.47054,0.4087,-44.1,-164.12,-164.43,9,stop_loss,17.98753,0.29418,0.23808,1.69136,,2020
GBPJPY,-1,2020-12-07 13:00:00,2020-12-07 16:00:00,138.308,138.7932,138.7932,137.33759,0.368,-48.5,-162.48,-162.8,3,stop_loss,31.42295,0.32347,-4.13865,0.74484,london,2020
GBPJPY,-1,2020-12-07 18:00:00,2020-12-07 19:00:00,138.52,139.0136,139.0136,137.5328,0.3581,-49.4,-160.85,-161.17,1,stop_loss,36.95798,0.32907,-2.75461,0.20354,new_york,2020
GBPJPY,1,2020-12-07 21:00:00,2020-12-08 07:00:00,138.787,138.972,138.26121,139.83859,0.3328,18.5,56.03,55.71,10,time_exit,34.8343,0.35053,-1.64508,0.05511,new_york,2020
GBPJPY,-1,2020-12-09 00:00:00,2020-12-09 08:00:00,139.075,139.51955,139.51955,138.18589,0.395,-44.5,-159.8,-160.11,8,stop_loss,16.17528,0.29637,-0.00342,-0.49394,,2020
GBPJPY,-1,2020-12-10 06:00:00,2020-12-10 13:00:00,139.622,138.79554,140.03523,138.79554,0.4207,82.6,316.4,316.08,7,take_profit,18.55622,0.27549,0.65904,0.36978,,2020
GBPJPY,1,2020-12-10 16:00:00,2020-12-11 02:00:00,138.644,138.328,138.19689,139.53821,0.3966,-31.6,-114.05,-114.36,10,time_exit,28.20505,0.29807,-2.25753,0.00364,new_york,2020
GBPJPY,1,2020-12-11 08:00:00,2020-12-11 09:00:00,138.466,138.12083,138.12083,139.15634,0.5101,-34.5,-160.22,-160.54,1,stop_loss,31.67726,0.23011,-2.08992,-1.10739,london,2020
GBPJPY,-1,2020-12-11 12:00:00,2020-12-11 22:00:00,137.524,137.61,137.97553,136.62093,0.386,-8.6,-30.21,-30.53,10,time_exit,33.67897,0.30102,-4.23139,-1.17931,london,2020
GBPJPY,1,2020-12-11 22:00:00,2020-12-14 00:00:00,137.569,138.51816,137.09442,138.51816,0.3666,94.9,316.64,316.33,2,take_profit,39.7293,0.31639,-2.35105,-2.1029,,2020
GBPJPY,1,2020-12-15 06:00:00,2020-12-15 10:00:00,138.905,138.56419,138.56419,139.58661,0.5206,-34.1,-161.46,-161.77,4,stop_loss,17.66433,0.2272,1.26186,-1.25359,,2020
GBPJPY,1,2020-12-15 11:00:00,2020-12-15 18:00:00,138.498,139.20731,138.14334,139.20731,0.4953,70.9,319.7,319.38,7,take_profit,15.66567,0.23644,-0.58968,-1.09383,london,2020
GBPJPY,-1,2020-12-16 02:00:00,2020-12-16 12:00:00,139.374,139.594,139.78596,138.55008,0.4349,-22.0,-87.07,-87.39,10,time_exit,15.80139,0.27464,1.85055,-0.21064,,2020
GBPJPY,-1,2020-12-17 11:00:00,2020-12-17 21:00:00,140.121,140.43795,140.43795,139.48711,0.5623,-31.7,-162.18,-162.5,10,stop_loss,18.89651,0.2113,2.83669,1.79294,london,2020
GBPJPY,1,2020-12-18 13:00:00,2020-12-18 15:00:00,139.882,139.50871,139.50871,140.62858,0.4726,-37.3,-160.54,-160.86,2,stop_loss,16.51788,0.24886,0.19517,1.96156,london,2020
GBPJPY,1,2020-12-21 22:00:00,2020-12-22 06:00:00,139.094,138.4701,138.4701,140.3418,0.2799,-62.4,-158.91,-159.23,8,stop_loss,39.62045,0.41593,0.88264,-0.90349,,2020
GBPJPY,1,2020-12-23 01:00:00,2020-12-23 11:00:00,138.455,138.803,137.97497,139.41506,0.3602,34.8,114.07,113.75,10,time_exit,19.51999,0.32002,-0.56227,-1.1061,,2020
GBPJPY,1,2020-12-23 13:00:00,2020-12-23 16:00:00,138.932,139.68806,138.55397,139.68806,0.4607,75.6,316.97,316.65,3,take_profit,13.25245,0.25202,1.01039,-1.12344,london,2020
GBPJPY,1,2020-12-24 03:00:00,2020-12-24 12:00:00,140.142,141.11648,139.65476,141.11648,0.3646,97.4,323.32,323.0,9,take_profit,34.96548,0.32483,3.13007,0.21482,,2020
GBPJPY,1,2020-12-28 12:00:00,2020-12-28 13:00:00,140.225,139.85446,139.85446,140.96608,0.489,-37.1,-164.89,-165.2,1,stop_loss,18.68567,0.24703,0.7251,2.52823,london,2020
GBPJPY,1,2020-12-29 01:00:00,2020-12-29 11:00:00,139.589,139.705,139.20818,140.35064,0.471,11.6,49.72,49.4,10,time_exit,24.75073,0.25388,-1.2891,1.8101,,2020
GBPJPY,1,2020-12-30 01:00:00,2020-12-30 11:00:00,139.793,140.166,139.4767,140.4256,0.5688,37.3,193.07,192.75,10,time_exit,13.9283,0.21087,-0.4588,1.56412,,2020
GBPJPY,1,2020-12-31 18:00:00,2021-01-04 00:00:00,141.119,140.73996,140.73996,141.87708,0.4802,-37.9,-165.63,-165.95,3,stop_loss,18.34846,0.25269,2.79891,2.24427,new_york,2020
GBPJPY,-1,2021-01-04 02:00:00,2021-01-04 11:00:00,141.247,140.47065,141.63517,140.47065,0.4642,77.6,327.95,327.63,9,take_profit,19.29862,0.25878,2.77993,2.41236,,2021
GBPJPY,-1,2021-01-05 10:00:00,2021-01-05 20:00:00,139.698,139.89,140.02558,139.04284,0.5611,-19.2,-98.04,-98.35,10,time_exit,32.39277,0.21839,-2.6707,1.25043,london,2021
GBPJPY,1,2021-01-06 10:00:00,2021-01-06 11:00:00,140.326,140.04155,140.04155,140.89489,0.6424,-28.4,-166.28,-166.6,1,stop_loss,20.77689,0.18963,1.51203,0.32195,london,2021
GBPJPY,-1,2021-01-12 13:00:00,2021-01-12 16:00:00,141.54,141.80549,141.80549,141.00902,0.6813,-26.5,-164.6,-164.92,3,stop_loss,33.58377,0.17699,3.60653,2.3318,london,2021
GBPJPY,1,2021-01-13 14:00:00,2021-01-13 16:00:00,142.134,141.8818,141.8818,142.6384,0.7101,-25.2,-162.97,-163.29,2,stop_loss,45.01031,0.16813,3.74877,4.26243,london,2021
GBPJPY,1,2021-01-13 19:00:00,2021-01-14 05:00:00,141.617,141.884,141.33755,142.17589,0.6344,26.7,154.14,153.82,10,time_exit,38.04598,0.1863,0.29275,3.89571,new_york,2021
GBPJPY,1,2021-01-14 12:00:00,2021-01-14 22:00:00,141.947,142.006,141.69327,142.45446,0.7054,5.9,37.87,37.55,10,time_exit,21.82888,0.16915,1.51867,4.14935,london,2021
GBPJPY,1,2021-01-15 05:00:00,2021-01-15 08:00:00,142.042,141.8025,141.8025,142.52099,0.749,-23.9,-163.24,-163.56,3,stop_loss,13.05568,0.15966,1.26337,4.35658,,2021
GBPJPY,-1,2021-01-15 09:00:00,2021-01-15 13:00:00,141.807,141.34393,142.03854,141.34393,0.767,46.3,323.21,322.89,4,take_profit,12.14535,0.15436,-0.36909,4.38004,london,2021
GBPJPY,-1,2021-01-18 05:00:00,2021-01-18 10:00:00,140.918,140.39342,141.18029,140.39342,0.6906,52.5,329.67,329.35,5,take_profit,49.44389,0.17486,-3.15129,1.66586,,2021
GBPJPY,1,2021-01-18 15:00:00,2021-01-19 01:00:00,140.446,140.859,140.17609,140.98581,0.6845,41.3,257.26,256.94,10,time_exit,60.40321,0.17994,-4.08061,0.3178,london,2021
GBPJPY,-1,2021-01-19 16:00:00,2021-01-20 01:00:00,141.492,141.73293,141.73293,141.01014,0.7786,-24.1,-170.7,-171.02,9,stop_loss,37.3365,0.16062,1.61018,0.58985,new_york,2021
GBPJPY,-1,2021-01-20 20:00:00,2021-01-21 03:00:00,141.334,141.6475,141.6475,140.70699,0.5923,-31.4,-168.98,-169.29,7,stop_loss,30.42901,0.209,-0.965,1.27033,new_york,2021
GBPJPY,1,2021-01-21 18:00:00,2021-01-22 04:00:00,142.135,142.022,141.85504,142.69492,0.6567,-11.3,-67.53,-67.85,10,time_exit,22.77415,0.18664,2.49212,1.67154,new_york,2021
GBPJPY,1,2021-01-25 07:00:00,2021-01-25 11:00:00,142.195,141.98906,141.98906,142.60688,0.8891,-20.6,-166.62,-166.94,4,stop_loss,14.03889,0.13729,2.01965,2.65599,london,2021
GBPJPY,-1,2021-01-26 09:00:00,2021-01-26 11:00:00,141.463,141.67605,141.67605,141.03691,0.8508,-21.3,-164.95,-165.27,2,stop_loss,33.95742,0.14203,-2.90601,1.72537,london,2021
GBPJPY,1,2021-01-27 01:00:00,2021-01-27 11:00:00,142.325,142.551,142.10368,142.76765,0.8108,22.6,166.75,166.43,10,time_exit,30.31415,0.14755,2.17249,2.02898,,2021
GBPJPY,1,2021-01-28 18:00:00,2021-01-29 04:00:00,143.108,143.295,142.7657,143.7926,0.5296,18.7,90.12,89.8,10,time_exit,18.64841,0.2282,2.88559,2.05747,new_york,2021
GBPJPY,-1,2021-01-29 08:00:00,2021-01-29 12:00:00,143.171,143.43755,143.43755,142.63791,0.6838,-26.7,-165.86,-166.18,4,stop_loss,26.77112,0.1777,2.25555,3.54645,london,2021
GBPJPY,-1,2021-02-01 14:00:00,2021-02-02 00:00:00,143.778,143.387,144.07666,143.18069,0.6042,39.1,214.98,214.66,10,time_exit,20.79643,0.1991,1.84968,4.42186,london,2021
GBPJPY,1,2021-02-02 05:00:00,2021-02-02 15:00:00,143.631,143.419,143.371,144.15101,0.7031,-21.2,-135.64,-135.96,10,time_exit,20.27561,0.17334,1.05264,4.52754,,2021
GBPJPY,1,2021-02-03 02:00:00,2021-02-03 12:00:00,143.458,143.24634,143.24634,143.88132,0.8566,-21.2,-164.99,-165.31,10,stop_loss,16.3268,0.14111,-0.09025,4.59307,,2021
GBPJPY,-1,2021-02-04 09:00:00,2021-02-04 14:00:00,143.078,143.28492,143.28492,142.66417,0.8674,-20.7,-163.33,-163.64,5,stop_loss,16.34207,0.13794,-1.91769,2.81793,london,2021
GBPJPY,-1,2021-02-05 19:00:00,2021-02-08 02:00:00,144.595,144.85483,144.85483,144.07533,0.6838,-26.0,-161.68,-162.0,7,stop_loss,45.42179,0.17322,3.11092,4.30986,new_york,2021
GBPJPY,-1,2021-02-10 02:00:00,2021-02-10 10:00:00,144.49,144.68432,144.68432,144.10137,0.9053,-19.4,-160.08,-160.4,8,stop_loss,17.1314,0.12954,0.58818,4.53031,,2021
GBPJPY,1,2021-02-11 16:00:00,2021-02-11 17:00:00,144.852,144.6706,144.6706,145.2148,0.96,-18.1,-158.47,-158.79,1,stop_loss,12.02345,0.12093,1.29025,4.74395,new_york,2021
GBPJPY,-1,2021-02-12 04:00:00,2021-02-12 10:00:00,144.659,144.84498,144.84498,144.28704,0.927,-18.6,-156.89,-157.21,6,stop_loss,17.07035,0.12399,-0.23892,4.07831,,2021
GBPJPY,-1,2021-02-15 16:00:00,2021-02-16 02:00:00,146.46,146.71194,146.71194,145.95611,0.6774,-25.2,-155.31,-155.62,10,stop_loss,68.97997,0.16796,5.79121,5.31111,new_york,2021
GBPJPY,-1,2021-02-17 17:00:00,2021-02-18 03:00:00,146.742,146.626,147.05416,146.11767,0.5413,11.6,57.14,56.82,10,time_exit,23.6623,0.20811,-0.31963,6.21302,new_york,2021
GBPJPY,1,2021-02-22 00:00:00,2021-02-22 03:00:00,147.656,148.24345,147.36228,148.24345,0.5774,58.7,308.67,308.35,3,take_profit,22.18837,0.19582,0.94162,5.8831,,2021
GBPJPY,1,2021-02-22 15:00:00,2021-02-22 16:00:00,148.069,147.77035,147.77035,148.66629,0.5792,-29.9,-157.41,-157.73,1,stop_loss,25.54197,0.1991,1.6925,5.94246,london,2021
GBPJPY,1,2021-02-22 18:00:00,2021-02-23 04:00:00,147.65,147.796,147.33019,148.28961,0.5354,14.6,71.13,70.81,10,time_exit,22.44994,0.2132,-0.40603,5.39705,new_york,2021
GBPJPY,-1,2021-02-23 05:00:00,2021-02-23 09:00:00,147.796,148.04298,148.04298,147.30205,0.6965,-24.7,-156.54,-156.86,4,stop_loss,12.03073,0.16465,0.23183,6.3491,,2021
GBPJPY,1,2021-02-24 22:00:00,2021-02-25 08:00:00,149.632,149.974,149.23611,150.42378,0.4302,34.2,133.89,133.57,10,time_exit,31.34874,0.26393,2.87544,5.33938,,2021
GBPJPY,-1,2021-02-25 10:00:00,2021-02-25 11:00:00,149.985,150.2678,150.2678,149.4194,0.6074,-28.3,-156.31,-156.63,1,stop_loss,31.26988,0.18853,3.85995,8.07232,london,2021
GBPJPY,1,2021-02-26 12:00:00,2021-02-26 13:00:00,148.472,147.89039,147.89039,149.63523,0.2924,-58.2,-154.76,-155.08,1,stop_loss,44.51859,0.38774,-1.36702,2.49661,london,2021
GBPJPY,1,2021-03-01 23:00:00,2021-03-02 04:00:00,148.636,148.19307,148.19307,149.52186,0.3801,-44.3,-153.2,-153.52,5,stop_loss,10.83666,0.29529,-0.48642,1.8718,,2021
GBPJPY,-1,2021-03-02 22:00:00,2021-03-03 08:00:00,149.077,149.129,149.45704,148.31692,0.4385,-5.2,-20.75,-21.07,10,time_exit,14.66318,0.25336,1.37778,1.62105,,2021
GBPJPY,1,2021-03-03 11:00:00,2021-03-03 21:00:00,149.253,149.287,148.94631,149.86637,0.5426,3.4,16.79,16.47,10,time_exit,11.29438,0.20446,1.8262,2.30358,london,2021
GBPJPY,-1,2021-03-04 10:00:00,2021-03-04 15:00:00,149.542,149.83724,149.83724,148.95151,0.5643,-29.5,-151.61,-151.93,5,stop_loss,11.05012,0.19683,1.96519,2.82111,london,2021
GBPJPY,1,2021-03-05 00:00:00,2021-03-05 03:00:00,149.999,149.59721,149.59721,150.80258,0.4105,-40.2,-150.09,-150.41,3,stop_loss,21.12594,0.26786,1.90501,2.70417,,2021
GBPJPY,1,2021-03-05 08:00:00,2021-03-05 12:00:00,150.119,149.73761,149.73761,150.88178,0.4281,-38.1,-148.58,-148.9,4,stop_loss,16.15363,0.25426,1.91813,3.00307,london,2021
GBPJPY,1,2021-03-08 08:00:00,2021-03-08 18:00:00,149.891,150.402,149.51136,150.65029,0.4258,51.1,198.0,197.68,10,time_exit,10.56564,0.2531,0.38265,2.79726,london,2021
GBPJPY,1,2021-03-10 13:00:00,2021-03-10 15:00:00,151.039,150.75362,150.75362,151.60976,0.574,-28.5,-149.07,-149.38,2,stop_loss,18.506,0.19025,1.72684,4.92384,london,2021
GBPJPY,-1,2021-03-15 04:00:00,2021-03-15 14:00:00,151.938,151.848,152.21137,151.39127,0.5932,9.0,48.58,48.26,10,time_exit,17.33574,0.18224,1.824,5.45501,,2021
GBPJPY,-1,2021-03-15 22:00:00,2021-03-16 08:00:00,151.59,151.451,151.89226,150.98549,0.5383,13.9,68.09,67.77,10,time_exit,20.61173,0.2015,-0.63528,4.47861,,2021
GBPJPY,-1,2021-03-17 23:00:00,2021-03-18 09:00:00,152.034,152.226,152.35896,151.38408,0.503,-19.2,-87.88,-88.2,10,time_exit,16.33917,0.21664,2.00611,2.34435,,2021
GBPJPY,-1,2021-03-18 14:00:00,2021-03-18 16:00:00,152.463,151.7757,152.80665,151.7757,0.4728,68.7,295.71,295.39,2,take_profit,15.94907,0.2291,2.68239,2.66504,london,2021
GBPJPY,-1,2021-03-19 02:00:00,2021-03-19 12:00:00,151.726,151.551,152.09719,150.98362,0.4465,17.5,71.11,70.79,10,time_exit,14.48637,0.24746,-0.49737,2.18352,,2021
GBPJPY,1,2021-03-22 08:00:00,2021-03-22 18:00:00,150.656,150.55,150.29848,151.37105,0.4657,-10.6,-44.92,-45.24,10,time_exit,31.4939,0.23835,-2.50638,-0.00488,london,2021
GBPJPY,-1,2021-03-23 02:00:00,2021-03-23 11:00:00,150.823,150.2567,151.10615,150.2567,0.5863,56.6,302.14,301.82,9,take_profit,17.15288,0.18877,-0.76824,-1.01779,,2021
GBPJPY,1,2021-03-23 12:00:00,2021-03-23 13:00:00,150.197,149.90094,149.90094,150.78912,0.5719,-29.6,-154.08,-154.4,1,stop_loss,21.57058,0.19737,-3.12579,-1.44507,london,2021
GBPJPY,1,2021-03-24 04:00:00,2021-03-24 07:00:00,149.161,148.79998,148.79998,149.88304,0.4643,-36.1,-152.54,-152.85,3,stop_loss,45.38224,0.24068,-4.22723,-2.83932,,2021
GBPJPY,1,2021-03-24 13:00:00,2021-03-24 22:00:00,149.159,148.7558,148.7558,149.96541,0.4116,-40.3,-151.02,-151.34,9,stop_loss,50.47794,0.2688,-2.33262,-3.36802,london,2021
GBPJPY,1,2021-03-25 00:00:00,2021-03-25 10:00:00,148.784,149.196,148.41984,149.51231,0.4511,41.2,169.13,168.81,10,time_exit,31.35335,0.24277,-3.1234,-4.08722,,2021
GBPJPY,1,2021-03-25 15:00:00,2021-03-26 01:00:00,149.449,149.987,149.09076,150.16548,0.4638,53.8,227.07,226.75,10,time_exit,22.6455,0.23883,0.25946,-3.97531,london,2021
GBPJPY,-1,2021-03-26 07:00:00,2021-03-26 11:00:00,150.35,150.63178,150.63178,149.78643,0.5984,-28.2,-153.44,-153.76,4,stop_loss,38.08317,0.18786,3.57519,-3.21301,london,2021
GBPJPY,-1,2021-03-30 18:00:00,2021-03-30 23:00:00,151.253,151.61103,151.61103,150.53695,0.4663,-35.8,-151.92,-152.24,5,stop_loss,23.55142,0.23868,0.24351,1.99589,new_york,2021
GBPJPY,-1,2021-03-31 03:00:00,2021-03-31 04:00:00,151.616,151.90059,151.90059,151.04682,0.5807,-28.5,-150.39,-150.71,1,stop_loss,18.76911,0.18973,1.76948,2.62527,,2021
GBPJPY,-1,2021-04-05 10:00:00,2021-04-05 11:00:00,153.025,153.24454,153.24454,152.58592,0.7452,-22.0,-148.88,-149.2,1,stop_loss,18.89207,0.14636,1.208,6.60835,london,2021
GBPJPY,-1,2021-04-08 19:00:00,2021-04-09 05:00:00,150.099,150.092,150.49411,149.30879,0.4099,0.7,2.61,2.29,10,time_exit,55.79041,0.2634,-4.01615,-2.30907,new_york,2021
GBPJPY,1,2021-04-09 21:00:00,2021-04-12 00:00:00,150.45,150.10571,150.10571,151.13857,0.4705,-34.4,-147.41,-147.73,3,stop_loss,31.01566,0.22952,-0.63169,-3.58742,new_york,2021
GBPJPY,-1,2021-04-12 16:00:00,2021-04-13 02:00:00,150.512,150.436,150.89554,149.74491,0.4181,7.6,28.92,28.6,10,time_exit,30.8174,0.2557,0.36049,-3.12452,new_york,2021
GBPJPY,1,2021-04-13 12:00:00,2021-04-13 14:00:00,150.375,150.08247,150.08247,150.96006,0.5493,-29.3,-146.22,-146.54,2,stop_loss,19.47826,0.19502,-0.38481,-3.2376,london,2021
GBPJPY,1,2021-04-15 01:00:00,2021-04-15 11:00:00,150.076,149.869,149.79334,150.64131,0.5628,-20.7,-106.01,-106.33,10,time_exit,17.06074,0.18844,-0.41766,-3.23324,,2021
GBPJPY,1,2021-04-16 04:00:00,2021-04-16 09:00:00,149.748,149.51899,149.51899,150.20601,0.6895,-22.9,-143.69,-144.01,5,stop_loss,17.77375,0.15267,-1.57823,-3.77205,,2021
GBPJPY,1,2021-04-16 10:00:00,2021-04-16 12:00:00,149.446,149.9369,149.20055,149.9369,0.6369,49.1,284.52,284.2,2,take_profit,20.14927,0.16363,-2.96436,-3.57311,london,2021
GBPJPY,-1,2021-04-16 17:00:00,2021-04-16 18:00:00,150.158,150.44868,150.44868,149.57665,0.5485,-29.1,-145.09,-145.41,1,stop_loss,19.48725,0.19378,1.07118,-2.74124,new_york,2021
GBPJPY,1,2021-04-20 06:00:00,2021-04-20 16:00:00,151.428,151.13401,151.13401,152.01598,0.5369,-29.4,-143.64,-143.96,10,stop_loss,32.38953,0.19599,3.9192,0.49586,,2021
GBPJPY,1,2021-04-21 01:00:00,2021-04-21 11:00:00,150.618,150.726,150.30676,151.24049,0.5021,10.8,49.35,49.03,10,time_exit,31.03076,0.2075,-1.27874,1.06085,,2021
GBPJPY,1,2021-04-21 14:00:00,2021-04-21 15:00:00,150.687,150.3615,150.3615,151.338,0.4817,-32.6,-142.68,-143.0,1,stop_loss,26.91917,0.217,-0.34707,0.50297,london,2021
GBPJPY,-1,2021-04-23 21:00:00,2021-04-26 07:00:00,149.678,149.751,150.01931,148.99537,0.4548,-7.3,-30.21,-30.53,10,time_exit,20.64092,0.22754,-0.86731,-2.05375,new_york,2021
GBPJPY,1,2021-04-27 07:00:00,2021-04-27 17:00:00,150.282,150.81788,150.01406,150.81788,0.5781,53.6,281.91,281.59,10,take_profit,25.6364,0.17863,1.38492,-1.21053,london,2021
GBPJPY,1,2021-04-27 22:00:00,2021-04-28 08:00:00,151.173,151.132,150.86252,151.79396,0.5089,-4.1,-18.99,-19.31,10,time_exit,33.18054,0.20699,4.03579,0.1403,,2021
GBPJPY,-1,2021-04-28 22:00:00,2021-04-29 08:00:00,151.548,151.607,151.82879,150.98642,0.5619,-5.9,-30.17,-30.49,10,time_exit,33.96661,0.18719,3.45952,2.10699,,2021
GBPJPY,1,2021-04-29 16:00:00,2021-04-29 19:00:00,152.057,151.76653,151.76653,152.63794,0.542,-29.0,-143.27,-143.58,3,stop_loss,43.05945,0.19365,3.83898,3.18531,new_york,2021
GBPJPY,-1,2021-04-30 19:00:00,2021-05-03 05:00:00,151.278,151.3,151.61945,150.5951,0.4565,-2.2,-9.14,-9.46,10,time_exit,28.0255,0.22763,-1.04757,2.58475,new_york,2021
GBPJPY,-1,2021-05-03 05:00:00,2021-05-03 10:00:00,151.296,151.59473,151.59473,150.69853,0.5214,-29.9,-141.74,-142.06,5,stop_loss,28.21483,0.19916,-0.34978,2.13437,,2021
GBPJPY,1,2021-05-03 12:00:00,2021-05-03 17:00:00,151.909,151.61245,151.61245,152.50211,0.52,-29.7,-140.33,-140.65,5,stop_loss,21.31169,0.1977,2.52625,2.16893,london,2021
GBPJPY,-1,2021-05-04 22:00:00,2021-05-05 08:00:00,151.841,152.053,152.17882,151.16537,0.4519,-21.2,-87.18,-87.5,10,time_exit,14.58374,0.22521,1.04037,1.8804,,2021
GBPJPY,1,2021-05-05 15:00:00,2021-05-06 00:00:00,152.047,151.75809,151.75809,152.62483,0.5251,-28.9,-138.05,-138.37,9,stop_loss,13.56344,0.19261,1.32244,2.49764,london,2021
GBPJPY,-1,2021-05-06 00:00:00,2021-05-06 03:00:00,151.774,152.03743,152.03743,151.24714,0.5701,-26.3,-136.66,-136.98,3,stop_loss,9.18749,0.17562,0.07832,2.67736,,2021
GBPJPY,1,2021-05-06 03:00:00,2021-05-06 13:00:00,151.908,151.66686,151.66686,152.39027,0.6165,-24.1,-135.28,-135.6,10,stop_loss,9.40624,0.16076,0.46841,2.85903,,2021
GBPJPY,-1,2021-05-06 13:00:00,2021-05-06 14:00:00,151.878,151.36454,152.13473,151.36454,0.5733,51.3,267.87,267.55,1,take_profit,9.61072,0.17115,0.01967,2.59417,london,2021
GBPJPY,1,2021-05-07 04:00:00,2021-05-07 14:00:00,151.643,151.807,151.34711,152.23477,0.5074,16.4,75.72,75.41,10,time_exit,36.87573,0.19726,-0.51387,1.46084,,2021
GBPJPY,-1,2021-05-07 18:00:00,2021-05-07 22:00:00,151.764,152.09565,152.09565,151.1007,0.4551,-33.2,-137.35,-137.67,4,stop_loss,25.19207,0.2211,0.05402,1.16777,new_york,2021
GBPJPY,-1,2021-05-10 16:00:00,2021-05-11 02:00:00,153.773,153.805,154.13458,153.04984,0.4133,-3.2,-12.04,-12.35,10,time_exit,37.53084,0.24105,5.84076,2.62918,new_york,2021
GBPJPY,-1,2021-05-11 05:00:00,2021-05-11 15:00:00,153.73,153.642,154.04137,153.10726,0.4795,8.8,38.4,38.08,10,time_exit,42.3602,0.20758,3.86607,4.58303,,2021
GBPJPY,-1,2021-05-11 21:00:00,2021-05-12 07:00:00,153.812,153.646,154.16244,153.11111,0.4272,16.6,64.53,64.21,10,time_exit,26.74769,0.23363,2.19013,4.54768,new_york,2021
GBPJPY,1,2021-05-17 14:00:00,2021-05-17 21:00:00,153.825,154.35043,153.56228,154.35043,0.5726,52.5,273.79,273.47,7,take_profit,18.15796,0.17514,-0.84039,4.15817,london,2021
GBPJPY,-1,2021-05-17 22:00:00,2021-05-18 04:00:00,154.421,154.68166,154.68166,153.89968,0.5886,-26.1,-139.62,-139.93,6,stop_loss,16.79089,0.17377,2.27003,4.08674,,2021
GBPJPY,1,2021-05-18 23:00:00,2021-05-19 09:00:00,154.525,154.602,154.28842,154.99815,0.642,7.7,44.98,44.67,10,time_exit,17.17557,0.15772,0.77341,5.07948,,2021
GBPJPY,-1,2021-05-20 17:00:00,2021-05-20 18:00:00,153.939,154.25198,154.25198,153.31304,0.4869,-31.3,-138.67,-138.99,1,stop_loss,29.3139,0.20865,-1.19429,1.79425,new_york,2021
GBPJPY,1,2021-05-21 13:00:00,2021-05-21 17:00:00,154.503,154.25613,154.25613,154.99675,0.6111,-24.7,-137.29,-137.6,4,stop_loss,15.38367,0.16458,1.50438,2.14286,london,2021
GBPJPY,-1,2021-05-21 19:00:00,2021-05-24 05:00:00,154.209,153.992,154.47362,153.67975,0.5644,21.7,111.45,111.13,10,time_exit,12.9643,0.17642,-0.37096,1.95962,new_york,2021
GBPJPY,1,2021-05-24 17:00:00,2021-05-25 03:00:00,154.063,154.117,153.80566,154.57768,0.5851,5.4,28.75,28.43,10,time_exit,18.50205,0.17156,-0.35467,1.02389,new_york,2021
GBPJPY,1,2021-05-25 03:00:00,2021-05-25 13:00:00,154.077,154.217,153.87363,154.48373,0.7419,14.0,94.52,94.2,10,time_exit,11.90828,0.13558,-0.02145,0.93793,,2021
GBPJPY,1,2021-05-26 15:00:00,2021-05-26 16:00:00,154.141,153.89836,153.89836,154.62627,0.6261,-24.3,-138.24,-138.56,1,stop_loss,16.19296,0.16176,0.56276,0.44047,london,2021
GBPJPY,1,2021-05-26 20:00:00,2021-05-27 06:00:00,154.049,153.935,153.7798,154.58739,0.5587,-11.4,-57.96,-58.28,10,time_exit,12.88333,0.17946,-0.00996,0.36911,new_york,2021
GBPJPY,-1,2021-05-27 06:00:00,2021-05-27 10:00:00,153.898,154.12164,154.12164,153.45072,0.6696,-22.4,-136.27,-136.59,4,stop_loss,13.57349,0.14909,-0.99242,0.37011,,2021
GBPJPY,1,2021-05-27 17:00:00,2021-05-27 19:00:00,155.141,155.78368,154.81966,155.78368,0.4613,64.3,269.78,269.47,2,take_profit,23.01173,0.21423,4.63219,0.59319,new_york,2021
GBPJPY,-1,2021-05-27 20:00:00,2021-05-28 06:00:00,155.78,155.992,156.14364,155.05273,0.4158,-21.2,-80.22,-80.53,10,time_exit,33.59736,0.24242,5.99884,1.04224,new_york,2021
GBPJPY,-1,2021-05-28 16:00:00,2021-05-31 02:00:00,155.835,155.844,156.09383,155.31734,0.5808,-0.9,-4.76,-5.08,10,time_exit,43.76632,0.17255,3.64701,4.61609,new_york,2021
GBPJPY,1,2021-06-01 04:00:00,2021-06-01 11:00:00,155.661,155.44974,155.44974,156.08351,0.7113,-21.1,-136.74,-137.06,7,stop_loss,21.16116,0.14084,0.85444,5.31414,,2021
GBPJPY,1,2021-06-01 12:00:00,2021-06-01 15:00:00,155.485,155.22176,155.22176,156.01148,0.5651,-26.3,-135.37,-135.69,3,stop_loss,17.20871,0.17549,-0.62402,4.17171,london,2021
GBPJPY,-1,2021-06-01 18:00:00,2021-06-02 04:00:00,155.046,155.153,155.33664,154.46471,0.5067,-10.7,-49.34,-49.66,10,time_exit,26.86432,0.19376,-2.48224,3.31439,new_york,2021
GBPJPY,1,2021-06-03 06:00:00,2021-06-03 14:00:00,155.394,155.79713,155.19244,155.79713,0.7279,40.3,267.03,266.71,8,take_profit,13.61696,0.13438,0.60787,2.44517,,2021
GBPJPY,1,2021-06-04 03:00:00,2021-06-04 04:00:00,155.595,155.39065,155.39065,156.0037,0.7324,-20.4,-136.19,-136.51,1,stop_loss,14.34404,0.13623,1.18121,2.55862,,2021
GBPJPY,1,2021-06-04 15:00:00,2021-06-04 16:00:00,155.572,155.36471,155.36471,155.98659,0.7147,-20.7,-134.82,-135.14,1,stop_loss,12.67391,0.1382,0.88396,2.32232,london,2021
GBPJPY,1,2021-06-07 14:00:00,2021-06-08 00:00:00,154.817,154.916,154.57006,155.31088,0.594,9.9,53.51,53.19,10,time_exit,32.41748,0.16463,-2.06552,0.33046,london,2021
GBPJPY,1,2021-06-08 16:00:00,2021-06-09 02:00:00,154.735,154.889,154.52558,155.15383,0.7032,15.4,98.55,98.23,10,time_exit,23.76382,0.13961,-1.75136,-0.52783,new_york,2021
GBPJPY,1,2021-06-09 09:00:00,2021-06-09 15:00:00,154.969,154.79364,154.79364,155.31972,0.8459,-17.5,-134.99,-135.31,6,stop_loss,20.08353,0.11691,0.10798,-0.64467,london,2021
GBPJPY,-1,2021-06-10 09:00:00,2021-06-10 10:00:00,154.583,154.23624,154.75638,154.23624,0.847,34.7,267.28,266.96,1,take_profit,23.62166,0.11559,-2.14057,-1.29637,london,2021
GBPJPY,1,2021-06-10 20:00:00,2021-06-11 06:00:00,155.01,155.11,154.72256,155.58488,0.5211,10.0,47.42,47.1,10,time_exit,31.49007,0.19163,1.11503,-0.81481,new_york,2021
GBPJPY,1,2021-06-11 23:00:00,2021-06-14 00:00:00,154.797,154.57857,154.57857,155.23386,0.6881,-21.8,-136.78,-137.09,1,stop_loss,18.29599,0.14562,-0.74735,-0.36065,,2021
GBPJPY,1,2021-06-15 12:00:00,2021-06-15 13:00:00,155.129,154.92352,154.92352,155.53997,0.7241,-20.5,-135.4,-135.72,1,stop_loss,16.70427,0.13699,0.27632,0.68864,london,2021
GBPJPY,1,2021-06-16 08:00:00,2021-06-16 18:00:00,155.053,155.019,154.87863,155.40174,0.8448,-3.4,-26.14,-26.46,10,time_exit,19.18409,0.11625,0.12243,0.37057,london,2021
GBPJPY,-1,2021-06-22 16:00:00,2021-06-22 17:00:00,153.691,154.06217,154.06217,152.94866,0.3961,-37.1,-133.79,-134.11,1,stop_loss,22.01862,0.24745,1.75896,-2.89345,new_york,2021
GBPJPY,-1,2021-06-23 06:00:00,2021-06-23 09:00:00,154.263,154.55988,154.55988,153.66925,0.4902,-29.7,-132.43,-132.75,3,stop_loss,27.74584,0.19792,2.90354,-1.61343,,2021
GBPJPY,1,2021-06-24 18:00:00,2021-06-25 04:00:00,154.009,154.517,153.62837,154.77026,0.3785,50.8,174.97,174.65,10,time_exit,24.60998,0.25375,-1.86594,0.96313,new_york,2021
GBPJPY,-1,2021-06-25 06:00:00,2021-06-25 11:00:00,154.453,153.91272,154.72314,153.91272,0.5405,54.0,265.74,265.42,5,take_profit,27.6371,0.18009,0.07056,1.04574,,2021
GBPJPY,1,2021-06-28 02:00:00,2021-06-28 04:00:00,153.884,153.60585,153.60585,154.44031,0.5354,-27.8,-135.52,-135.84,2,stop_loss,38.95151,0.18544,-1.59696,-0.13184,,2021
GBPJPY,-1,2021-06-28 07:00:00,2021-06-28 09:00:00,153.62,153.88899,153.88899,153.08201,0.5481,-26.9,-134.17,-134.48,2,stop_loss,38.80718,0.17933,-2.67924,-0.45981,london,2021
GBPJPY,1,2021-06-29 17:00:00,2021-06-30 03:00:00,152.985,153.161,152.69873,153.55753,0.5098,17.6,81.65,81.33,10,time_exit,36.39164,0.19084,-3.1241,-2.11795,new_york,2021
GBPJPY,1,2021-07-01 05:00:00,2021-07-01 15:00:00,153.435,153.839,153.16352,153.97797,0.5409,40.4,198.86,198.54,10,time_exit,19.15559,0.18099,0.48534,-2.22849,,2021
GBPJPY,1,2021-07-02 07:00:00,2021-07-02 11:00:00,153.615,153.38295,153.38295,154.0791,0.6422,-23.2,-135.61,-135.93,4,stop_loss,12.00103,0.1547,0.65578,-1.32215,london,2021
GBPJPY,-1,2021-07-05 11:00:00,2021-07-05 21:00:00,153.583,153.586,153.79564,153.15773,0.6938,-0.3,-1.89,-2.21,10,time_exit,12.77338,0.14176,0.36653,-0.97573,london,2021
GBPJPY,1,2021-07-06 02:00:00,2021-07-06 11:00:00,153.698,153.49682,153.49682,154.10035,0.7332,-20.1,-134.23,-134.54,9,stop_loss,7.64617,0.13412,0.97099,-0.68468,,2021
GBPJPY,1,2021-07-09 16:00:00,2021-07-09 20:00:00,152.215,152.93949,151.85276,152.93949,0.4031,72.4,265.76,265.44,4,take_profit,30.64587,0.2415,1.41041,-3.88553,new_york,2021
GBPJPY,1,2021-07-12 02:00:00,2021-07-12 10:00:00,153.156,152.79344,152.79344,153.88113,0.4108,-36.3,-135.54,-135.85,8,stop_loss,41.12164,0.24171,3.97086,-2.56691,,2021
GBPJPY,-1,2021-07-13 05:00:00,2021-07-13 12:00:00,153.301,152.77065,153.56617,152.77065,0.556,53.0,268.33,268.02,7,take_profit,24.57459,0.17678,3.01654,-0.56565,,2021
GBPJPY,-1,2021-07-14 12:00:00,2021-07-14 13:00:00,153.013,153.25859,153.25859,152.52182,0.6124,-24.6,-136.86,-137.18,1,stop_loss,23.33883,0.16373,1.17256,-0.2799,london,2021
GBPJPY,-1,2021-07-14 22:00:00,2021-07-15 08:00:00,152.373,152.153,152.65722,151.80456,0.5238,22.0,104.86,104.55,10,time_exit,22.68725,0.18948,-2.15894,-0.38485,,2021
GBPJPY,-1,2021-07-15 09:00:00,2021-07-15 10:00:00,152.156,151.61677,152.42561,151.61677,0.5565,53.9,273.07,272.75,1,take_profit,32.86918,0.17974,-2.29283,-1.22137,london,2021
GBPJPY,1,2021-07-15 19:00:00,2021-07-15 20:00:00,152.406,151.98413,151.98413,153.24974,0.3627,-42.2,-139.24,-139.56,1,stop_loss,25.22897,0.28125,-0.22118,-0.94885,new_york,2021
GBPJPY,-1,2021-07-15 22:00:00,2021-07-16 04:00:00,151.669,152.09572,152.09572,150.81556,0.355,-42.7,-137.85,-138.17,6,stop_loss,24.13901,0.28448,-2.55767,-1.09675,,2021
GBPJPY,-1,2021-07-20 23:00:00,2021-07-21 09:00:00,149.693,149.673,150.19336,148.69227,0.2997,2.0,5.45,5.14,10,time_exit,35.4301,0.33358,-1.28217,-4.34441,,2021
GBPJPY,-1,2021-07-21 11:00:00,2021-07-21 15:00:00,149.821,150.23569,150.23569,148.99162,0.3618,-41.5,-136.53,-136.85,4,stop_loss,23.68339,0.27646,-0.50923,-5.05487,london,2021
GBPJPY,-1,2021-07-21 21:00:00,2021-07-22 07:00:00,151.232,151.075,151.67501,150.34598,0.3353,15.7,47.9,47.59,10,time_exit,25.25927,0.29534,3.6343,-3.79441,new_york,2021
GBPJPY,1,2021-07-23 10:00:00,2021-07-23 20:00:00,151.632,152.088,151.36413,152.16774,0.5564,45.6,230.88,230.57,10,time_exit,17.79636,0.17858,2.25889,-0.63577,london,2021
GBPJPY,1,2021-07-23 23:00:00,2021-07-26 04:00:00,151.994,151.71958,151.71958,152.54283,0.5524,-27.4,-137.94,-138.26,5,stop_loss,20.98965,0.18294,2.66225,0.54434,,2021
GBPJPY,1,2021-07-26 06:00:00,2021-07-26 09:00:00,151.705,151.43318,151.43318,152.24865,0.5521,-27.2,-136.57,-136.89,3,stop_loss,18.59905,0.18122,0.52609,0.90802,,2021
GBPJPY,-1,2021-07-26 22:00:00,2021-07-27 08:00:00,152.474,152.347,152.80553,151.81093,0.4481,12.7,51.79,51.47,10,time_exit,18.72607,0.22102,2.75456,1.46157,,2021
GBPJPY,-1,2021-07-27 18:00:00,2021-07-28 04:00:00,152.403,152.51,152.80115,151.6067,0.3746,-10.7,-36.47,-36.79,10,time_exit,25.16445,0.26543,1.38308,1.40309,new_york,2021
GBPJPY,1,2021-07-29 11:00:00,2021-07-29 21:00:00,153.118,152.92,152.84035,153.6733,0.5357,-19.8,-96.52,-96.84,10,time_exit,17.73999,0.1851,2.87685,3.20047,london,2021
GBPJPY,-1,2021-08-02 03:00:00,2021-08-02 10:00:00,152.451,152.7217,152.7217,151.90959,0.5455,-27.1,-134.38,-134.7,7,stop_loss,25.19621,0.18047,-1.61563,2.57442,,2021
GBPJPY,1,2021-08-03 01:00:00,2021-08-03 11:00:00,151.74,151.856,151.45193,152.31613,0.5075,11.6,53.57,53.25,10,time_exit,28.62651,0.19204,-3.30569,0.61974,,2021
GBPJPY,-1,2021-08-03 11:00:00,2021-08-03 16:00:00,151.951,151.4245,152.21425,151.4245,0.5575,52.7,267.11,266.79,5,take_profit,28.84094,0.1755,-1.30064,-0.17993,london,2021
GBPJPY,-1,2021-08-04 23:00:00,2021-08-05 04:00:00,152.02,152.34331,152.34331,151.37338,0.463,-32.3,-136.22,-136.54,5,stop_loss,14.506,0.21554,0.131,-0.57133,,2021
GBPJPY,-1,2021-08-05 22:00:00,2021-08-06 08:00:00,152.903,152.873,153.21167,152.28566,0.4801,3.0,13.11,12.79,10,time_exit,22.26186,0.20578,2.86603,0.59708,,2021
GBPJPY,-1,2021-08-06 11:00:00,2021-08-06 15:00:00,152.742,152.96144,152.96144,152.30311,0.676,-21.9,-134.99,-135.31,4,stop_loss,21.60449,0.1463,1.36933,1.83739,london,2021
GBPJPY,-1,2021-08-09 01:00:00,2021-08-09 11:00:00,152.967,152.693,153.205,152.491,0.617,27.4,153.84,153.52,10,time_exit,15.90898,0.15867,1.35975,2.18894,,2021
GBPJPY,-1,2021-08-10 00:00:00,2021-08-10 03:00:00,152.608,152.83238,152.83238,152.15923,0.662,-22.4,-135.17,-135.49,3,stop_loss,11.89601,0.14959,0.0643,2.07662,,2021
GBPJPY,1,2021-08-12 07:00:00,2021-08-12 14:00:00,153.104,152.93578,152.93578,153.44043,0.8742,-16.8,-133.82,-134.14,7,stop_loss,15.9696,0.11214,0.63074,3.01066,london,2021
GBPJPY,1,2021-08-16 10:00:00,2021-08-16 16:00:00,151.395,151.1508,151.1508,151.8834,0.5961,-24.4,-132.47,-132.78,6,stop_loss,52.93691,0.1628,-5.18724,-1.84401,london,2021
GBPJPY,1,2021-08-16 18:00:00,2021-08-17 04:00:00,151.247,151.051,150.91042,151.92016,0.4282,-19.6,-76.37,-76.69,10,time_exit,50.75369,0.22439,-3.43058,-1.93594,new_york,2021
GBPJPY,-1,2021-08-17 04:00:00,2021-08-17 10:00:00,151.128,150.61402,151.38499,150.61402,0.5575,51.4,260.76,260.44,6,take_profit,48.23179,0.17133,-3.64765,-3.39467,,2021
GBPJPY,1,2021-08-17 14:00:00,2021-08-17 19:00:00,150.734,150.43828,150.43828,151.32543,0.4942,-29.6,-132.99,-133.31,5,stop_loss,49.50882,0.19714,-3.81863,-3.63375,london,2021
GBPJPY,-1,2021-08-18 02:00:00,2021-08-18 07:00:00,150.568,150.84242,150.84242,150.01917,0.5272,-27.4,-131.65,-131.97,5,stop_loss,45.49334,0.18294,-3.07798,-4.84412,,2021
GBPJPY,1,2021-08-19 06:00:00,2021-08-19 09:00:00,151.118,150.86377,150.86377,151.62645,0.5634,-25.4,-130.34,-130.66,3,stop_loss,24.26528,0.16948,0.54178,-4.28604,,2021
GBPJPY,1,2021-08-24 02:00:00,2021-08-24 11:00:00,150.57,150.30417,150.30417,151.10165,0.5334,-26.6,-129.03,-129.35,9,stop_loss,23.16831,0.17722,2.15277,-3.93974,,2021
GBPJPY,-1,2021-08-25 03:00:00,2021-08-25 11:00:00,150.598,150.87354,150.87354,150.04692,0.5094,-27.6,-127.73,-128.05,8,stop_loss,10.97178,0.18369,0.98359,-2.15761,,2021
GBPJPY,1,2021-08-25 13:00:00,2021-08-25 20:00:00,150.725,151.24502,150.46499,151.24502,0.5344,52.0,252.89,252.57,7,take_profit,10.32619,0.17334,1.40734,-1.80327,london,2021
GBPJPY,1,2021-08-26 00:00:00,2021-08-26 10:00:00,151.329,151.448,151.07275,151.8415,0.5531,11.9,59.9,59.58,10,time_exit,30.00486,0.17083,3.89631,-0.72446,,2021
GBPJPY,1,2021-08-26 13:00:00,2021-08-26 15:00:00,151.406,151.14914,151.14914,151.91972,0.5543,-25.7,-129.56,-129.88,2,stop_loss,26.79467,0.17124,2.5998,0.43381,london,2021
GBPJPY,-1,2021-08-27 16:00:00,2021-08-27 17:00:00,151.081,151.35475,151.35475,150.53351,0.5149,-27.4,-128.27,-128.59,1,stop_loss,25.15961,0.1825,1.04948,0.05477,new_york,2021
GBPJPY,-1,2021-08-27 18:00:00,2021-08-30 04:00:00,151.18,151.101,151.49601,150.54798,0.4416,7.9,31.75,31.43,10,time_exit,27.18537,0.21067,1.21434,0.14752,new_york,2021
GBPJPY,-1,2021-08-30 10:00:00,2021-08-30 20:00:00,151.16,151.188,151.37767,150.72466,0.6427,-2.8,-16.38,-16.69,10,time_exit,19.3758,0.14511,0.90177,0.69388,london,2021
GBPJPY,-1,2021-09-01 08:00:00,2021-09-01 09:00:00,151.406,151.59819,151.59819,151.02161,0.7269,-19.2,-127.13,-127.45,1,stop_loss,12.52032,0.12813,1.1496,1.57602,london,2021
GBPJPY,-1,2021-09-01 13:00:00,2021-09-01 23:00:00,151.709,151.499,151.95012,151.22677,0.5736,21.0,109.61,109.3,10,time_exit,22.41121,0.16074,2.31101,1.56373,london,2021
GBPJPY,1,2021-09-02 08:00:00,2021-09-02 16:00:00,151.517,151.92442,151.31329,151.92442,0.6848,40.7,253.89,253.57,8,take_profit,16.89904,0.13581,0.42587,2.10317,london,2021
GBPJPY,-1,2021-09-03 01:00:00,2021-09-03 05:00:00,152.07,152.27395,152.27395,151.66211,0.6977,-20.4,-129.49,-129.81,4,stop_loss,31.14484,0.13596,2.79142,2.98741,,2021
GBPJPY,-1,2021-09-06 10:00:00,2021-09-06 20:00:00,152.058,151.97,152.28607,151.60186,0.6177,8.8,49.47,49.15,10,time_exit,15.78827,0.15205,0.40857,3.12883,london,2021
GBPJPY,-1,2021-09-06 21:00:00,2021-09-07 07:00:00,151.97,151.96,152.17656,151.55689,0.6846,1.0,6.23,5.91,10,time_exit,14.46056,0.1377,-0.18557,3.09881,new_york,2021
GBPJPY,1,2021-09-07 20:00:00,2021-09-08 06:00:00,151.983,151.97,151.73134,152.48633,0.5622,-1.3,-6.65,-6.97,10,time_exit,15.50107,0.16778,0.22293,1.80934,new_york,2021
GBPJPY,-1,2021-09-08 06:00:00,2021-09-08 11:00:00,152.005,151.62352,152.19574,151.62352,0.7413,38.1,257.34,257.02,5,take_profit,9.82687,0.12716,0.30682,2.27942,,2021
GBPJPY,-1,2021-09-08 13:00:00,2021-09-08 14:00:00,151.632,151.8439,151.8439,151.2082,0.6806,-21.2,-131.24,-131.56,1,stop_loss,17.5184,0.14127,-2.13287,1.74159,london,2021
GBPJPY,-1,2021-09-13 06:00:00,2021-09-13 16:00:00,152.14,152.186,152.3744,151.67119,0.6091,-4.6,-25.5,-25.82,10,time_exit,20.2057,0.15627,0.41325,1.5106,,2021
GBPJPY,-1,2021-09-14 06:00:00,2021-09-14 10:00:00,152.435,152.63858,152.63858,152.02783,0.6999,-20.4,-129.66,-129.98,4,stop_loss,16.17517,0.13572,1.99509,1.8184,,2021
GBPJPY,-1,2021-09-15 08:00:00,2021-09-15 15:00:00,151.366,150.84508,151.62646,150.84508,0.5416,52.1,256.74,256.42,7,take_profit,37.77848,0.17364,-3.19431,0.04688,london,2021
GBPJPY,1,2021-09-16 06:00:00,2021-09-16 16:00:00,151.227,151.106,150.95722,151.76657,0.5333,-12.1,-58.72,-59.04,10,time_exit,19.86595,0.17986,-1.88074,-1.26348,,2021
GBPJPY,1,2021-09-20 11:00:00,2021-09-20 14:00:00,150.043,149.73958,149.73958,150.64983,0.4721,-30.3,-130.35,-130.67,3,stop_loss,33.30921,0.20228,-5.37581,-2.02324,london,2021
GBPJPY,1,2021-09-22 14:00:00,2021-09-23 00:00:00,149.353,149.493,149.00922,150.04055,0.4125,14.0,52.55,52.23,10,time_exit,20.75734,0.22918,-1.33406,-4.62928,london,2021
GBPJPY,1,2021-09-23 01:00:00,2021-09-23 11:00:00,149.512,150.18709,149.17445,150.18709,0.4218,67.5,259.13,258.81,10,take_profit,20.89444,0.22503,-0.52669,-4.37388,,2021
GBPJPY,-1,2021-09-24 03:00:00,2021-09-24 09:00:00,151.375,151.67968,151.67968,150.76564,0.4766,-30.5,-132.14,-132.46,6,stop_loss,51.26791,0.20312,4.91303,-1.13287,,2021
GBPJPY,1,2021-09-24 10:00:00,2021-09-24 11:00:00,151.697,151.41377,151.41377,152.26347,0.5076,-28.3,-130.83,-131.15,1,stop_loss,56.35904,0.18882,5.48269,-0.0524,london,2021
GBPJPY,1,2021-09-28 15:00:00,2021-09-28 16:00:00,151.531,151.20294,151.20294,152.18711,0.4338,-32.8,-129.5,-129.82,1,stop_loss,27.16806,0.2187,-1.0607,2.89678,london,2021
GBPJPY,1,2021-09-29 07:00:00,2021-09-29 10:00:00,150.93,150.60698,150.60698,151.57604,0.4362,-32.3,-128.22,-128.54,3,stop_loss,36.47513,0.21535,-2.08672,1.28158,london,2021
GBPJPY,-1,2021-09-30 08:00:00,2021-09-30 15:00:00,150.528,150.82974,150.82974,149.92451,0.4622,-30.2,-126.91,-127.23,7,stop_loss,30.67106,0.20116,-1.16366,-0.93728,london,2021
GBPJPY,-1,2021-09-30 17:00:00,2021-09-30 19:00:00,150.695,149.98527,151.04987,149.98527,0.3891,71.0,251.3,250.98,2,take_profit,23.65366,0.23658,-0.01341,-0.91551,new_york,2021
GBPJPY,-1,2021-10-01 03:00:00,2021-10-01 09:00:00,150.122,149.39553,150.48524,149.39553,0.3877,72.6,256.3,255.99,6,take_profit,20.2343,0.24216,-1.51137,-1.42887,,2021
GBPJPY,-1,2021-10-04 01:00:00,2021-10-04 10:00:00,150.211,150.63689,150.63689,149.35922,0.3373,-42.6,-130.72,-131.04,9,stop_loss,18.89765,0.28393,-0.34934,-1.36241,,2021
GBPJPY,-1,2021-10-04 15:00:00,2021-10-05 01:00:00,151.128,151.017,151.53752,150.30896,0.3473,11.1,35.08,34.76,10,time_exit,18.24765,0.27301,2.43248,-0.81822,london,2021
GBPJPY,-1,2021-10-05 01:00:00,2021-10-05 09:00:00,150.905,151.2935,151.2935,150.128,0.367,-38.9,-129.75,-130.07,8,stop_loss,15.28917,0.259,1.0465,-0.31539,,2021
GBPJPY,1,2021-10-05 10:00:00,2021-10-05 17:00:00,151.196,151.89239,150.8478,151.89239,0.4054,69.6,256.91,256.59,7,take_profit,14.86255,0.23213,1.85903,0.07973,london,2021
GBPJPY,-1,2021-10-06 11:00:00,2021-10-06 17:00:00,151.464,150.85268,151.76966,150.85268,0.4711,61.1,262.07,261.75,6,take_profit,39.55892,0.20377,0.10569,2.27544,london,2021
GBPJPY,1,2021-10-08 05:00:00,2021-10-08 15:00:00,152.292,152.218,152.03549,152.80502,0.5725,-7.4,-38.55,-38.87,10,time_exit,27.60582,0.17101,3.85348,2.65695,,2021
GBPJPY,-1,2021-10-11 08:00:00,2021-10-11 09:00:00,153.696,154.00751,154.00751,153.07299,0.4701,-31.2,-133.26,-133.58,1,stop_loss,36.3093,0.20767,6.13872,4.22221,london,2021
GBPJPY,-1,2021-10-11 10:00:00,2021-10-11 15:00:00,154.014,154.33793,154.33793,153.36613,0.4475,-32.4,-131.91,-132.23,5,stop_loss,40.37739,0.21596,6.81198,4.38815,london,2021
GBPJPY,1,2021-10-11 18:00:00,2021-10-12 00:00:00,154.376,153.99183,153.99183,155.14434,0.3736,-38.4,-130.61,-130.93,6,stop_loss,49.41429,0.25611,5.50573,4.60663,new_york,2021
GBPJPY,1,2021-10-12 03:00:00,2021-10-12 09:00:00,154.106,153.7778,153.7778,154.76241,0.4329,-32.8,-129.29,-129.61,6,stop_loss,40.28032,0.2188,3.58182,6.1027,,2021
GBPJPY,1,2021-10-12 11:00:00,2021-10-12 15:00:00,153.906,154.56901,153.57449,154.56901,0.4243,66.3,256.0,255.68,4,take_profit,27.9336,0.221,1.76915,6.20656,london,2021
GBPJPY,1,2021-10-12 19:00:00,2021-10-13 02:00:00,154.653,154.21045,154.21045,155.5381,0.3242,-44.3,-130.56,-130.88,7,stop_loss,23.9155,0.29503,3.01226,4.89483,new_york,2021
GBPJPY,1,2021-10-13 06:00:00,2021-10-13 16:00:00,154.38,154.693,154.04225,155.05549,0.4205,31.3,119.77,119.45,10,time_exit,14.28525,0.22516,1.82711,6.38875,,2021
GBPJPY,1,2021-10-15 01:00:00,2021-10-15 07:00:00,155.432,155.95901,155.16849,155.95901,0.5439,52.7,260.84,260.53,6,take_profit,31.69212,0.17567,2.52798,8.90259,,2021
GBPJPY,-1,2021-10-18 01:00:00,2021-10-18 11:00:00,157.125,156.906,157.4452,156.4846,0.4566,21.9,91.0,90.68,10,time_exit,51.36421,0.21347,4.85433,9.24262,,2021
GBPJPY,-1,2021-10-18 21:00:00,2021-10-19 07:00:00,156.887,157.22375,157.22375,156.2135,0.4371,-33.7,-133.95,-134.27,10,stop_loss,19.11006,0.2245,1.44806,8.6088,new_york,2021
GBPJPY,-1,2021-10-19 21:00:00,2021-10-20 03:00:00,157.78,158.09694,158.09694,157.14611,0.4598,-31.7,-132.62,-132.93,6,stop_loss,25.03275,0.2113,3.33021,8.85536,new_york,2021
GBPJPY,-1,2021-10-22 22:00:00,2021-10-25 03:00:00,156.028,156.47362,156.47362,155.13677,0.3237,-44.6,-131.26,-131.58,5,stop_loss,33.83282,0.29708,-3.57455,2.58862,,2021
GBPJPY,1,2021-10-25 11:00:00,2021-10-25 12:00:00,156.676,156.29291,156.29291,157.44219,0.3728,-38.3,-129.96,-130.28,1,stop_loss,23.04996,0.2554,-0.66143,1.96916,london,2021
GBPJPY,1,2021-10-26 15:00:00,2021-10-27 01:00:00,157.322,157.152,156.98983,157.98633,0.4256,-17.0,-65.84,-66.16,10,time_exit,28.74012,0.22144,2.30161,1.71714,london,2021
GBPJPY,-1,2021-10-27 12:00:00,2021-10-27 17:00:00,156.032,156.40924,156.40924,155.27753,0.3728,-37.7,-127.98,-128.3,5,stop_loss,24.54695,0.25149,-3.552,1.48322,london,2021
GBPJPY,-1,2021-10-27 18:00:00,2021-10-27 20:00:00,155.975,156.42813,156.42813,155.06873,0.3073,-45.3,-126.72,-127.03,2,stop_loss,27.94364,0.30209,-2.53794,0.7135,new_york,2021
GBPJPY,-1,2021-10-28 21:00:00,2021-10-29 03:00:00,156.487,156.85734,156.85734,155.74633,0.3722,-37.0,-125.43,-125.75,6,stop_loss,13.44326,0.24689,0.07927,-0.02913,new_york,2021
GBPJPY,-1,2021-10-29 12:00:00,2021-10-29 13:00:00,156.595,156.92768,156.92768,155.92965,0.4102,-33.3,-124.18,-124.5,1,stop_loss,13.66369,0.22178,0.2035,0.2335,london,2021
GBPJPY,-1,2021-11-01 08:00:00,2021-11-01 18:00:00,156.231,156.204,156.57854,155.53593,0.3887,2.7,9.55,9.23,10,time_exit,17.35522,0.23169,-0.66711,-0.31975,london,2021
GBPJPY,-1,2021-11-01 22:00:00,2021-11-02 08:00:00,155.68,155.242,156.0655,154.90899,0.3507,43.8,139.78,139.46,10,time_exit,12.34783,0.257,-2.2328,-0.61411,,2021
GBPJPY,-1,2021-11-02 19:00:00,2021-11-03 05:00:00,154.889,155.131,155.29602,154.07495,0.3359,-24.2,-73.97,-74.29,10,time_exit,30.1575,0.27135,-2.98241,-1.8646,new_york,2021
GBPJPY,-1,2021-11-03 13:00:00,2021-11-03 15:00:00,155.132,155.3942,155.3942,154.6076,0.5184,-26.2,-123.69,-124.01,2,stop_loss,18.69659,0.1748,-1.58967,-3.53162,london,2021
GBPJPY,1,2021-11-05 01:00:00,2021-11-05 11:00:00,153.535,153.11299,153.11299,154.37902,0.3188,-42.2,-122.43,-122.75,10,stop_loss,44.32664,0.28134,-5.07752,-2.77229,,2021
GBPJPY,1,2021-11-05 22:00:00,2021-11-08 08:00:00,152.871,153.175,152.44983,153.71334,0.3163,30.4,87.5,87.18,10,time_exit,34.98202,0.28078,-3.83098,-4.70228,,2021
GBPJPY,1,2021-11-10 01:00:00,2021-11-10 11:00:00,153.024,153.239,152.70678,153.65844,0.4229,21.5,82.74,82.42,10,time_exit,21.79127,0.21148,-1.20088,-5.50629,,2021
GBPJPY,-1,2021-11-10 13:00:00,2021-11-10 16:00:00,153.17,153.48409,153.48409,152.54182,0.43,-31.4,-122.9,-123.22,3,stop_loss,18.11087,0.20939,-0.19006,-5.16076,london,2021
GBPJPY,1,2021-11-11 08:00:00,2021-11-11 10:00:00,152.878,152.55097,152.55097,153.53206,0.4089,-32.7,-121.69,-122.01,2,stop_loss,15.53851,0.21802,-0.87941,-4.54989,london,2021
GBPJPY,-1,2021-11-11 14:00:00,2021-11-12 00:00:00,152.681,152.436,153.03037,151.98226,0.3789,24.5,84.48,84.16,10,time_exit,15.63945,0.23291,-1.36275,-4.22544,london,2021
GBPJPY,-1,2021-11-12 14:00:00,2021-11-15 00:00:00,152.749,152.866,153.01429,152.21842,0.5025,-11.7,-53.5,-53.82,10,time_exit,15.09479,0.17686,-0.18473,-5.17422,london,2021
GBPJPY,1,2021-11-15 05:00:00,2021-11-15 11:00:00,152.886,152.63341,152.63341,153.39117,0.5254,-25.3,-120.77,-121.08,6,stop_loss,17.50546,0.16839,0.52023,-4.5987,,2021
GBPJPY,-1,2021-11-16 15:00:00,2021-11-16 20:00:00,153.722,154.02107,154.02107,153.12387,0.4393,-29.9,-119.56,-119.87,5,stop_loss,27.02531,0.19938,2.78417,-1.53015,london,2021
GBPJPY,-1,2021-11-18 09:00:00,2021-11-18 19:00:00,154.072,154.199,154.39281,153.43038,0.4054,-12.7,-46.85,-47.17,10,time_exit,19.49944,0.21387,0.76794,1.03985,london,2021
GBPJPY,1,2021-11-19 16:00:00,2021-11-22 02:00:00,152.975,153.278,152.51311,153.89879,0.2805,30.3,77.34,77.02,10,time_exit,25.0029,0.30793,-2.9169,0.40091,new_york,2021
GBPJPY,-1,2021-11-24 04:00:00,2021-11-24 11:00:00,154.085,153.46043,154.39728,153.46043,0.4175,62.5,237.29,236.97,7,take_profit,16.17268,0.20819,1.41476,0.34042,,2021
GBPJPY,1,2021-11-24 21:00:00,2021-11-25 07:00:00,153.861,153.97,153.54083,154.50134,0.4154,10.9,41.2,40.89,10,time_exit,16.81776,0.21345,0.37252,0.25304,new_york,2021
GBPJPY,-1,2021-11-26 03:00:00,2021-11-26 08:00:00,152.986,152.38012,153.28894,152.38012,0.4405,60.6,242.87,242.55,5,take_profit,22.5181,0.20196,-3.5654,-0.09217,,2021
GBPJPY,1,2021-12-01 07:00:00,2021-12-01 11:00:00,151.203,150.73278,150.73278,152.14344,0.2894,-47.0,-123.83,-124.15,4,stop_loss,22.98372,0.31348,0.58111,-4.21565,london,2021
GBPJPY,-1,2021-12-02 20:00:00,2021-12-03 06:00:00,150.565,150.452,150.99324,149.70852,0.3146,11.3,32.35,32.03,10,time_exit,15.36775,0.28549,0.02605,-4.40909,new_york,2021
GBPJPY,1,2021-12-07 02:00:00,2021-12-07 12:00:00,150.481,150.565,150.14089,151.16121,0.3972,8.4,30.36,30.04,10,time_exit,22.68738,0.22674,1.47914,-4.17142,,2021
GBPJPY,1,2021-12-10 13:00:00,2021-12-10 17:00:00,150.017,149.73725,149.73725,150.57649,0.4841,-28.0,-123.24,-123.56,4,stop_loss,16.48896,0.1865,-0.3068,-2.73397,london,2021
GBPJPY,-1,2021-12-10 18:00:00,2021-12-10 19:00:00,150.031,150.38316,150.38316,149.32668,0.3807,-35.2,-122.0,-122.32,1,stop_loss,14.05507,0.23477,-0.17639,-2.07542,new_york,2021
GBPJPY,-1,2021-12-13 16:00:00,2021-12-13 19:00:00,150.642,150.0154,150.9553,150.0154,0.4236,62.7,241.54,241.22,3,take_profit,10.27491,0.20887,1.66221,-1.16587,new_york,2021
GBPJPY,1,2021-12-13 19:00:00,2021-12-14 05:00:00,150.093,149.76522,149.76522,150.74855,0.413,-32.8,-123.19,-123.51,10,stop_loss,11.39659,0.21852,-0.92125,-1.08041,new_york,2021
GBPJPY,-1,2021-12-14 14:00:00,2021-12-15 00:00:00,150.447,150.438,150.72304,149.89493,0.4855,0.9,3.98,3.66,10,time_exit,17.73048,0.18402,1.38285,-1.41515,london,2021
GBPJPY,1,2021-12-16 22:00:00,2021-12-17 08:00:00,151.196,151.316,150.74126,152.10547,0.2948,12.0,32.19,31.87,10,time_exit,19.43638,0.30316,0.29512,1.35999,,2021
GBPJPY,-1,2021-12-23 01:00:00,2021-12-23 08:00:00,152.28,152.57044,152.57044,151.69913,0.4628,-29.0,-122.32,-122.63,7,stop_loss,38.83731,0.19362,4.03338,3.02576,,2021
GBPJPY,1,2021-12-23 18:00:00,2021-12-24 04:00:00,153.402,153.351,153.05691,154.09217,0.3856,-5.1,-17.9,-18.21,10,time_exit,49.73863,0.23006,5.1686,4.31707,new_york,2021
GBPJPY,-1,2021-12-24 14:00:00,2021-12-27 04:00:00,153.412,153.432,153.68656,152.86287,0.4839,-2.0,-8.81,-9.13,10,time_exit,33.8083,0.18304,3.09079,6.74441,london,2021
GBPJPY,-1,2021-12-27 12:00:00,2021-12-27 15:00:00,153.686,153.95522,153.95522,153.14755,0.4931,-26.9,-120.81,-121.12,3,stop_loss,22.67818,0.17948,3.16668,6.79211,london,2021
GBPJPY,-1,2021-12-27 16:00:00,2021-12-27 18:00:00,154.055,154.32738,154.32738,153.51023,0.4825,-27.2,-119.6,-119.92,2,stop_loss,28.92144,0.18159,4.60079,6.88766,new_york,2021
GBPJPY,-1,2021-12-27 20:00:00,2021-12-28 06:00:00,154.414,154.298,154.69601,153.84999,0.4614,11.6,48.71,48.39,10,time_exit,38.64789,0.188,5.51315,6.97116,new_york,2021
GBPJPY,1,2021-12-28 06:00:00,2021-12-28 16:00:00,154.315,154.382,154.08205,154.7809,0.5608,6.7,34.19,33.87,10,time_exit,44.9209,0.1553,3.97652,9.11773,,2021
GBPJPY,-1,2021-12-29 02:00:00,2021-12-29 12:00:00,154.189,154.40273,154.40273,153.76154,0.613,-21.4,-119.22,-119.54,10,stop_loss,22.60581,0.14249,1.26163,9.59828,,2021
GBPJPY,1,2021-12-30 17:00:00,2021-12-31 03:00:00,155.488,155.366,155.22036,156.02329,0.4846,-12.2,-53.8,-54.12,10,time_exit,32.37829,0.17843,3.88685,7.9945,new_york,2021
GBPJPY,1,2021-12-31 05:00:00,2021-12-31 13:00:00,155.386,155.16098,155.16098,155.83604,0.5737,-22.5,-117.48,-117.8,8,stop_loss,28.42755,0.15001,2.51062,9.43945,,2021
GBPJPY,1,2021-12-31 14:00:00,2021-12-31 16:00:00,155.154,155.62787,154.91706,155.62787,0.5394,47.4,232.6,232.28,2,take_profit,29.31392,0.15796,0.14858,8.72776,london,2021
GBPJPY,-1,2022-01-03 06:00:00,2022-01-03 16:00:00,155.613,155.203,155.91391,155.01117,0.4332,41.0,161.63,161.31,10,time_exit,28.56524,0.20061,1.36969,6.83782,,2022
GBPJPY,1,2022-01-04 14:00:00,2022-01-05 00:00:00,156.747,157.075,156.40645,157.4281,0.388,32.8,115.81,115.49,10,time_exit,27.66658,0.22703,4.77663,5.37081,london,2022
GBPJPY,1,2022-01-05 11:00:00,2022-01-05 12:00:00,157.034,156.72836,156.72836,157.64529,0.4365,-30.6,-121.41,-121.72,1,stop_loss,31.26159,0.20376,2.79532,7.46196,london,2022
GBPJPY,1,2022-01-05 23:00:00,2022-01-06 04:00:00,157.344,156.97451,156.97451,158.08299,0.3574,-36.9,-120.17,-120.49,5,stop_loss,28.02179,0.24633,2.53865,6.21265,,2022
GBPJPY,1,2022-01-07 22:00:00,2022-01-10 08:00:00,157.106,157.262,156.82347,157.67106,0.4627,15.6,65.68,65.37,10,time_exit,9.60085,0.18835,1.22875,5.58153,,2022
GBPJPY,1,2022-01-11 08:00:00,2022-01-11 18:00:00,156.732,157.174,156.43853,157.31893,0.448,44.2,180.19,179.88,10,time_exit,24.49058,0.19564,-0.02736,3.29825,london,2022
GBPJPY,1,2022-01-14 13:00:00,2022-01-14 14:00:00,156.358,156.04262,156.04262,156.98877,0.4231,-31.5,-121.43,-121.75,1,stop_loss,36.31341,0.21026,-1.51432,0.7953,london,2022
GBPJPY,1,2022-01-14 16:00:00,2022-01-17 02:00:00,155.599,156.34455,155.22622,156.34455,0.3544,74.6,240.44,240.12,10,take_profit,38.15506,0.24852,-3.98947,0.39081,new_york,2022
GBPJPY,1,2022-01-19 03:00:00,2022-01-19 06:00:00,155.942,155.64662,155.64662,156.53276,0.4561,-29.5,-122.6,-122.92,3,stop_loss,30.44579,0.19692,-1.13069,-1.01742,,2022
GBPJPY,-1,2022-01-19 17:00:00,2022-01-20 03:00:00,156.01,155.644,156.32734,155.37533,0.4203,36.6,139.99,139.67,10,time_exit,24.0506,0.21156,-0.05559,-1.28035,new_york,2022
GBPJPY,1,2022-01-20 04:00:00,2022-01-20 14:00:00,155.644,155.517,155.36618,156.19965,0.4856,-12.7,-56.12,-56.44,10,time_exit,17.31528,0.18522,-1.37532,-1.78246,,2022
GBPJPY,1,2022-01-21 03:00:00,2022-01-21 13:00:00,154.605,154.28162,154.28162,155.25177,0.4153,-32.3,-122.21,-122.53,10,stop_loss,25.07726,0.21559,-4.77054,-2.0678,,2022
GBPJPY,-1,2022-01-24 10:00:00,2022-01-24 12:00:00,154.054,153.44741,154.35729,153.44741,0.4384,60.7,242.0,241.68,2,take_profit,36.10368,0.2022,-3.12752,-4.61473,london,2022
GBPJPY,1,2022-01-25 06:00:00,2022-01-25 16:00:00,153.326,153.38,152.95253,154.07295,0.3631,5.4,17.84,17.52,10,time_exit,33.84932,0.24898,-2.78971,-4.85791,,2022
GBPJPY,-1,2022-01-26 11:00:00,2022-01-26 15:00:00,154.051,154.38203,154.38203,153.38894,0.4102,-33.1,-123.57,-123.89,4,stop_loss,11.80136,0.22069,0.98983,-4.59344,london,2022
GBPJPY,1,2022-01-26 17:00:00,2022-01-26 22:00:00,154.415,154.10879,154.10879,155.02742,0.439,-30.6,-122.33,-122.65,5,stop_loss,21.29628,0.20414,2.33736,-4.304,new_york,2022
GBPJPY,-1,2022-01-27 16:00:00,2022-01-28 02:00:00,154.37,154.627,154.77085,153.5683,0.332,-25.7,-77.64,-77.96,10,time_exit,15.81759,0.26723,0.90421,-2.13964,new_york,2022
GBPJPY,1,2022-01-28 06:00:00,2022-01-28 16:00:00,154.574,154.64,154.23561,155.25078,0.3908,6.6,23.47,23.15,10,time_exit,12.29286,0.22559,1.33796,-1.76489,,2022
GBPJPY,1,2022-01-31 04:00:00,2022-01-31 14:00:00,154.842,154.925,154.49792,155.53016,0.3851,8.3,29.09,28.77,10,time_exit,12.01643,0.22939,1.69208,-0.88282,,2022
GBPJPY,1,2022-02-01 03:00:00,2022-02-01 13:00:00,154.728,154.678,154.39118,155.40165,0.3943,-5.0,-17.94,-18.26,10,time_exit,16.22135,0.22455,0.14084,-0.02773,,2022
GBPJPY,1,2022-02-01 18:00:00,2022-02-02 04:00:00,155.038,155.116,154.70708,155.69984,0.4007,7.8,28.44,28.12,10,time_exit,14.35727,0.22061,1.40575,0.0815,new_york,2022
GBPJPY,-1,2022-02-04 14:00:00,2022-02-07 00:00:00,155.905,155.968,156.24106,155.23288,0.3955,-6.3,-22.67,-22.99,10,time_exit,30.37861,0.22404,0.4656,2.84663,london,2022
GBPJPY,-1,2022-02-07 07:00:00,2022-02-07 12:00:00,155.943,155.33869,156.24516,155.33869,0.4391,60.4,241.47,241.15,5,take_profit,15.03034,0.20144,0.36481,2.89367,london,2022
GBPJPY,1,2022-02-07 12:00:00,2022-02-07 22:00:00,155.458,155.737,155.12542,156.12316,0.4069,27.9,103.31,102.99,10,time_exit,13.5841,0.22172,-1.84592,2.48845,london,2022
GBPJPY,-1,2022-02-08 07:00:00,2022-02-08 11:00:00,156.067,156.32793,156.32793,155.54514,0.5229,-26.1,-124.16,-124.48,4,stop_loss,14.30876,0.17395,1.35504,2.52077,london,2022
GBPJPY,1,2022-02-08 15:00:00,2022-02-08 17:00:00,156.053,156.64422,155.75739,156.64422,0.4569,59.1,245.82,245.5,2,take_profit,17.68502,0.19707,0.63361,2.41464,london,2022
GBPJPY,-1,2022-02-09 02:00:00,2022-02-09 12:00:00,156.507,156.77768,156.77768,155.96565,0.509,-27.1,-125.37,-125.69,10,stop_loss,19.22367,0.18045,2.02725,3.18717,,2022
GBPJPY,1,2022-02-14 09:00:00,2022-02-14 10:00:00,156.191,155.73239,155.73239,157.10823,0.2974,-45.9,-124.12,-124.43,1,stop_loss,26.49609,0.30574,-2.05647,1.78618,london,2022
GBPJPY,1,2022-02-14 15:00:00,2022-02-15 01:00:00,156.251,156.344,155.66869,157.41561,0.2319,9.3,19.63,19.31,10,time_exit,31.51966,0.3882,-0.89305,0.91123,london,2022
GBPJPY,1,2022-02-17 22:00:00,2022-02-18 08:00:00,156.498,156.841,156.0772,157.3396,0.3214,34.3,100.32,100.0,10,time_exit,30.67596,0.28053,-0.49532,0.71493,,2022
GBPJPY,-1,2022-02-21 02:00:00,2022-02-21 03:00:00,156.249,156.57877,156.57877,155.58945,0.4134,-33.0,-124.06,-124.38,1,stop_loss,19.73865,0.21985,-1.49638,0.50113,,2022
GBPJPY,-1,2022-02-21 03:00:00,2022-02-21 13:00:00,156.511,156.441,156.8679,155.79721,0.3782,7.0,24.09,23.77,10,time_exit,18.40538,0.23793,-0.26642,0.45032,,2022
GBPJPY,-1,2022-02-21 19:00:00,2022-02-22 01:00:00,156.254,155.61671,156.57265,155.61671,0.4244,63.7,246.12,245.81,6,take_profit,17.17975,0.21243,-1.28189,0.25924,new_york,2022
GBPJPY,-1,2022-02-22 19:00:00,2022-02-23 05:00:00,156.286,156.362,156.68842,155.48117,0.3428,-7.6,-23.71,-24.03,10,time_exit,26.86511,0.26828,0.34377,-0.64581,new_york,2022
GBPJPY,1,2022-02-23 07:00:00,2022-02-23 17:00:00,156.416,156.09816,156.09816,157.05168,0.4331,-31.8,-125.27,-125.59,10,stop_loss,23.05132,0.21189,0.7858,-0.53691,london,2022
GBPJPY,-1,2022-02-23 17:00:00,2022-02-23 21:00:00,156.316,155.68081,156.6336,155.68081,0.4291,63.5,248.03,247.71,4,take_profit,27.64542,0.21173,-0.04015,-0.2659,new_york,2022
GBPJPY,1,2022-02-28 00:00:00,2022-02-28 01:00:00,153.327,154.13954,152.92073,154.13954,0.3422,81.3,253.03,252.71,1,take_profit,19.35869,0.27085,0.12788,-2.96302,,2022
GBPJPY,-1,2022-03-01 00:00:00,2022-03-01 10:00:00,154.265,154.35,154.69011,153.41478,0.3335,-8.5,-25.8,-26.11,10,time_exit,17.10127,0.28341,-1.04286,-2.89709,,2022
GBPJPY,-1,2022-03-02 00:00:00,2022-03-02 10:00:00,153.048,153.21,153.4778,152.1884,0.3292,-16.2,-48.53,-48.85,10,time_exit,32.60121,0.28653,-3.31615,-3.56554,,2022
GBPJPY,-1,2022-03-07 10:00:00,2022-03-07 20:00:00,151.843,151.419,152.32542,150.87815,0.2922,42.4,112.74,112.42,10,time_exit,55.78752,0.32162,-3.29297,-3.87686,london,2022
GBPJPY,1,2022-03-08 11:00:00,2022-03-08 21:00:00,151.527,151.707,151.06749,152.44602,0.3095,18.0,50.7,50.38,10,time_exit,27.4708,0.30634,-1.37894,-5.19106,london,2022
GBPJPY,-1,2022-03-11 07:00:00,2022-03-11 09:00:00,152.515,152.87895,152.87895,151.78709,0.3922,-36.4,-129.9,-130.21,2,stop_loss,22.59062,0.24264,0.78782,-2.44179,london,2022
GBPJPY,-1,2022-03-11 21:00:00,2022-03-14 01:00:00,152.88,153.28636,153.28636,152.06727,0.3478,-40.6,-128.61,-128.93,4,stop_loss,33.40369,0.27091,1.1129,-1.24524,new_york,2022
GBPJPY,1,2022-03-14 07:00:00,2022-03-14 15:00:00,153.327,154.01851,152.98124,154.01851,0.4046,69.2,254.61,254.29,8,take_profit,40.08913,0.2305,2.38448,-0.69817,london,2022
GBPJPY,-1,2022-03-14 15:00:00,2022-03-14 16:00:00,153.609,153.96862,153.96862,152.88977,0.3968,-36.0,-129.85,-130.17,1,stop_loss,45.41334,0.23974,2.56328,0.03284,london,2022
GBPJPY,-1,2022-03-14 17:00:00,2022-03-15 03:00:00,153.983,153.787,154.37584,153.19731,0.3596,19.6,64.14,63.82,10,time_exit,46.41105,0.2619,3.47291,0.25335,new_york,2022
GBPJPY,1,2022-03-18 00:00:00,2022-03-18 10:00:00,155.872,156.37,155.44053,156.73493,0.329,49.8,149.1,148.78,10,time_exit,29.75112,0.28764,1.60236,4.65428,,2022
GBPJPY,-1,2022-03-21 03:00:00,2022-03-21 13:00:00,156.943,156.599,157.27902,156.27096,0.4274,34.4,133.79,133.47,10,time_exit,32.55169,0.22401,3.10779,6.85079,,2022
GBPJPY,1,2022-03-21 23:00:00,2022-03-22 07:00:00,157.29,157.93467,156.96766,157.93467,0.4501,64.5,264.05,263.73,8,take_profit,23.78264,0.21489,2.92184,7.15805,,2022
GBPJPY,-1,2022-03-22 09:00:00,2022-03-22 10:00:00,157.945,158.26629,158.26629,157.30243,0.4606,-32.1,-134.67,-134.98,1,stop_loss,36.73382,0.21419,4.52463,7.55604,london,2022
GBPJPY,1,2022-03-23 18:00:00,2022-03-24 04:00:00,159.623,159.906,159.03556,160.79787,0.2494,28.3,64.23,63.91,10,time_exit,44.42553,0.39162,1.01994,6.54675,new_york,2022
GBPJPY,1,2022-03-24 18:00:00,2022-03-25 04:00:00,160.846,161.103,160.36363,161.81074,0.3051,25.7,71.35,71.04,10,time_exit,21.22826,0.32158,3.16551,7.52762,new_york,2022
GBPJPY,-1,2022-03-25 08:00:00,2022-03-25 09:00:00,160.604,161.09353,161.09353,159.62494,0.3023,-49.0,-134.67,-134.98,1,stop_loss,28.09952,0.32635,0.7364,7.5823,london,2022
GBPJPY,1,2022-03-25 16:00:00,2022-03-28 02:00:00,160.661,161.066,160.10715,161.76869,0.2645,40.5,97.48,97.16,10,time_exit,23.69592,0.36923,0.6794,6.26625,new_york,2022
GBPJPY,1,2022-03-28 13:00:00,2022-03-28 15:00:00,163.215,162.38214,162.38214,164.88072,0.1772,-83.3,-134.3,-134.62,2,stop_loss,27.07368,0.55524,3.64525,4.36266,london,2022
GBPJPY,-1,2022-03-28 22:00:00,2022-03-29 01:00:00,161.818,162.66285,162.66285,160.1283,0.1729,-84.5,-132.93,-133.25,3,stop_loss,23.15886,0.56323,0.70606,4.22261,,2022
GBPJPY,1,2022-03-29 18:00:00,2022-03-30 04:00:00,161.193,160.15996,160.15996,163.25908,0.14,-103.3,-131.61,-131.93,10,stop_loss,13.5753,0.68869,-0.58448,2.98868,new_york,2022
GBPJPY,1,2022-04-04 06:00:00,2022-04-04 16:00:00,160.844,161.018,160.4173,161.6974,0.3355,17.4,53.12,52.8,10,time_exit,11.36126,0.28447,0.96856,1.88883,,2022
GBPJPY,1,2022-04-04 20:00:00,2022-04-05 06:00:00,160.841,160.672,160.46807,161.58686,0.3854,-16.9,-59.27,-59.59,10,time_exit,10.55656,0.24862,0.53905,2.26811,new_york,2022
GBPJPY,1,2022-04-06 03:00:00,2022-04-06 13:00:00,161.706,162.185,161.34789,162.42221,0.3996,47.9,174.18,173.86,10,time_exit,30.8296,0.23874,2.19994,3.06675,,2022
GBPJPY,1,2022-04-08 06:00:00,2022-04-08 16:00:00,161.947,161.759,161.59012,162.66077,0.4063,-18.8,-69.51,-69.83,10,time_exit,13.07087,0.23792,0.47696,3.35148,,2022
GBPJPY,-1,2022-04-11 00:00:00,2022-04-11 01:00:00,161.569,161.88578,161.88578,160.93543,0.4553,-31.7,-131.25,-131.57,1,stop_loss,10.59523,0.21119,0.53638,3.35172,,2022
GBPJPY,1,2022-04-11 17:00:00,2022-04-12 03:00:00,163.536,163.12245,163.12245,164.36311,0.3453,-41.4,-129.95,-130.27,10,stop_loss,26.85006,0.2757,4.01441,3.55527,new_york,2022
GBPJPY,-1,2022-04-13 22:00:00,2022-04-14 08:00:00,164.665,164.701,165.06185,163.8713,0.3562,-3.6,-11.67,-11.99,10,time_exit,25.28112,0.26457,4.52965,4.43354,,2022
GBPJPY,1,2022-04-15 13:00:00,2022-04-15 23:00:00,165.276,165.076,164.90641,166.01519,0.3821,-20.0,-69.54,-69.86,10,time_exit,18.37768,0.2464,2.93337,5.90008,london,2022
GBPJPY,1,2022-04-20 12:00:00,2022-04-20 13:00:00,167.303,166.7514,166.7514,168.4062,0.2546,-55.2,-127.8,-128.12,1,stop_loss,28.25922,0.36773,1.51037,5.51622,london,2022
GBPJPY,-1,2022-04-21 02:00:00,2022-04-21 12:00:00,167.289,167.309,167.82217,166.22266,0.2608,-2.0,-4.75,-5.07,10,time_exit,27.26902,0.35545,1.28243,5.13214,,2022
GBPJPY,-1,2022-04-22 08:00:00,2022-04-22 09:00:00,166.981,166.03154,167.45573,166.03154,0.2928,94.9,252.98,252.66,1,take_profit,12.43835,0.31649,-0.66531,4.97631,london,2022
GBPJPY,1,2022-04-26 08:00:00,2022-04-26 09:00:00,163.473,162.8161,162.8161,164.7868,0.2158,-65.7,-129.0,-129.32,1,stop_loss,32.87333,0.43793,-1.47341,-1.98525,london,2022
GBPJPY,1,2022-04-26 11:00:00,2022-04-26 14:00:00,162.58,161.89445,161.89445,163.9511,0.2047,-68.6,-127.7,-128.02,3,stop_loss,30.68521,0.45703,-3.05925,-2.06966,london,2022
GBPJPY,1,2022-04-27 17:00:00,2022-04-28 03:00:00,160.932,161.431,160.22957,162.33685,0.1978,49.9,89.82,89.5,10,time_exit,33.98163,0.46828,-1.72122,-4.5368,new_york,2022
GBPJPY,-1,2022-04-28 10:00:00,2022-04-28 20:00:00,163.679,163.214,164.41805,162.2009,0.1893,46.5,80.1,79.78,10,time_exit,26.62757,0.4927,4.04473,-3.67543,london,2022
GBPJPY,-1,2022-04-29 15:00:00,2022-05-02 01:00:00,163.236,163.82892,163.82892,162.05015,0.2375,-59.3,-128.15,-128.46,10,stop_loss,21.12098,0.39528,1.32992,-1.77411,london,2022
GBPJPY,1,2022-05-02 05:00:00,2022-05-02 15:00:00,163.496,163.125,162.92558,164.63685,0.2444,-37.1,-82.51,-82.83,10,time_exit,15.44344,0.38028,1.41463,-1.14743,,2022
GBPJPY,1,2022-05-04 02:00:00,2022-05-04 12:00:00,162.618,162.643,162.22495,163.40411,0.3523,2.5,8.01,7.7,10,time_exit,13.97725,0.26204,-0.8098,-1.4465,,2022
GBPJPY,-1,2022-05-05 09:00:00,2022-05-05 12:00:00,162.377,162.93074,162.93074,161.26951,0.2502,-55.4,-126.08,-126.4,3,stop_loss,19.66213,0.36916,-0.81915,-1.00149,london,2022
GBPJPY,-1,2022-05-06 02:00:00,2022-05-06 07:00:00,160.973,161.58459,161.58459,159.74983,0.2243,-61.2,-124.83,-125.15,5,stop_loss,34.03146,0.40772,-2.56699,-1.8939,,2022
GBPJPY,1,2022-05-06 13:00:00,2022-05-06 16:00:00,161.059,160.42668,160.42668,162.32364,0.2148,-63.2,-123.6,-123.92,3,stop_loss,27.26841,0.42155,-1.56021,-2.16866,london,2022
GBPJPY,1,2022-05-06 21:00:00,2022-05-09 07:00:00,161.061,160.907,160.41891,162.34518,0.2094,-15.4,-29.35,-29.66,10,time_exit,26.08887,0.42806,-1.06615,-2.3044,new_york,2022
GBPJPY,-1,2022-05-09 07:00:00,2022-05-09 12:00:00,160.957,161.48027,161.48027,159.91046,0.2563,-52.3,-122.04,-122.36,5,stop_loss,21.37382,0.34885,-1.15549,-2.88079,london,2022
GBPJPY,1,2022-05-09 21:00:00,2022-05-10 03:00:00,160.833,160.17617,160.17617,162.14666,0.2021,-65.7,-120.8,-121.12,6,stop_loss,21.47481,0.43789,-1.01783,-2.12373,new_york,2022
GBPJPY,-1,2022-05-10 05:00:00,2022-05-10 08:00:00,160.844,161.49517,161.49517,159.54167,0.2018,-65.1,-119.58,-119.9,3,stop_loss,19.03762,0.43411,-0.64245,-2.23583,,2022
GBPJPY,1,2022-05-10 13:00:00,2022-05-10 23:00:00,160.259,160.649,159.60905,161.5589,0.2002,39.0,71.05,70.73,10,time_exit,16.63648,0.4333,-1.84661,-2.19104,london,2022
GBPJPY,-1,2022-05-10 23:00:00,2022-05-11 09:00:00,160.594,160.67,161.19151,159.39897,0.2191,-7.6,-15.15,-15.47,10,time_exit,22.23155,0.39834,-0.65016,-2.51277,,2022
GBPJPY,-1,2022-05-11 21:00:00,2022-05-12 07:00:00,158.934,158.437,159.62193,157.55813,0.19,49.7,85.93,85.61,10,time_exit,23.20042,0.45862,-3.67706,-2.10085,new_york,2022
GBPJPY,1,2022-05-12 11:00:00,2022-05-12 12:00:00,157.189,156.4591,156.4591,158.6488,0.1804,-73.0,-119.82,-120.14,1,stop_loss,43.30899,0.4866,-5.25465,-2.99094,london,2022
GBPJPY,1,2022-05-13 22:00:00,2022-05-16 05:00:00,158.335,157.61451,157.61451,159.77599,0.1809,-72.0,-118.61,-118.93,7,stop_loss,22.60664,0.48033,0.84278,-4.33862,,2022
GBPJPY,-1,2022-05-16 19:00:00,2022-05-16 21:00:00,158.448,159.18813,159.18813,156.96775,0.1743,-74.0,-117.39,-117.71,2,stop_loss,12.56375,0.49342,0.65093,-3.16018,new_york,2022
GBPJPY,1,2022-05-17 09:00:00,2022-05-17 10:00:00,159.706,160.85115,159.13342,160.85115,0.2231,114.5,232.49,232.17,1,take_profit,26.7187,0.38172,2.90761,-2.67365,london,2022
GBPJPY,1,2022-05-17 18:00:00,2022-05-18 04:00:00,161.226,161.358,160.48986,162.69829,0.177,13.2,21.26,20.94,10,time_exit,47.30571,0.49076,3.73325,-0.74173,new_york,2022
GBPJPY,1,2022-05-19 19:00:00,2022-05-20 05:00:00,159.574,159.368,158.65403,161.41395,0.1419,-20.6,-26.6,-26.92,10,time_exit,25.99201,0.61332,0.47934,-0.69039,new_york,2022
GBPJPY,1,2022-05-20 07:00:00,2022-05-20 17:00:00,158.845,159.562,158.09207,160.35086,0.173,71.7,112.88,112.56,10,time_exit,14.02709,0.50195,-0.93015,-0.70126,london,2022
GBPJPY,-1,2022-05-20 17:00:00,2022-05-23 03:00:00,160.018,159.969,160.75961,158.53478,0.1773,4.9,7.91,7.59,10,time_exit,15.71039,0.49441,1.19747,-0.4857,new_york,2022
GBPJPY,-1,2022-05-23 20:00:00,2022-05-24 06:00:00,160.68,160.56,161.29702,159.44596,0.2132,12.0,23.28,22.96,10,time_exit,24.32849,0.41135,1.85556,0.36995,new_york,2022
GBPJPY,1,2022-05-24 17:00:00,2022-05-25 03:00:00,158.517,158.972,157.81557,159.91985,0.1879,45.5,77.8,77.48,10,time_exit,23.47582,0.46762,-3.1266,0.29141,new_york,2022
GBPJPY,1,2022-05-26 05:00:00,2022-05-26 10:00:00,160.168,159.5707,159.5707,161.36261,0.2221,-59.7,-120.72,-121.04,5,stop_loss,24.9508,0.3982,1.33297,-0.14906,,2022
GBPJPY,-1,2022-05-27 05:00:00,2022-05-27 15:00:00,160.49,160.38,161.01877,159.43246,0.2484,11.0,24.86,24.55,10,time_exit,14.63358,0.35251,1.65048,0.38163,,2022
GBPJPY,-1,2022-05-30 07:00:00,2022-05-30 12:00:00,160.574,160.97807,160.97807,159.76585,0.3257,-40.4,-119.76,-120.08,5,stop_loss,9.58287,0.26938,1.203,1.23109,london,2022
GBPJPY,-1,2022-05-31 07:00:00,2022-05-31 16:00:00,161.581,161.92833,161.92833,160.88633,0.3751,-34.7,-118.56,-118.88,9,stop_loss,42.79613,0.23156,2.82118,3.09682,london,2022
GBPJPY,-1,2022-05-31 16:00:00,2022-05-31 17:00:00,161.609,162.03163,162.03163,160.76373,0.3051,-42.3,-117.34,-117.66,1,stop_loss,27.53812,0.28176,2.00304,2.60861,new_york,2022
GBPJPY,1,2022-06-02 02:00:00,2022-06-02 12:00:00,162.443,162.751,162.01353,163.30193,0.2973,30.8,83.33,83.01,10,time_exit,23.57302,0.28631,1.1212,4.16902,,2022
GBPJPY,-1,2022-06-06 02:00:00,2022-06-06 10:00:00,163.5,163.83872,163.83872,162.82256,0.3796,-33.9,-117.01,-117.32,8,stop_loss,23.45291,0.22581,1.56242,6.01734,,2022
GBPJPY,1,2022-06-06 13:00:00,2022-06-06 20:00:00,164.224,165.13807,163.76697,165.13807,0.2785,91.4,231.66,231.34,7,take_profit,24.27059,0.30469,3.04589,4.351,london,2022
GBPJPY,1,2022-06-07 00:00:00,2022-06-07 07:00:00,165.271,166.10971,164.85165,166.10971,0.3096,83.9,236.29,235.98,7,take_profit,42.21389,0.27957,4.97183,5.70143,,2022
GBPJPY,-1,2022-06-08 03:00:00,2022-06-08 09:00:00,167.191,167.63157,167.63157,166.30985,0.3006,-44.1,-120.52,-120.84,6,stop_loss,48.75608,0.29372,5.73134,7.84665,,2022
GBPJPY,-1,2022-06-08 19:00:00,2022-06-09 05:00:00,168.388,168.309,168.96576,167.23248,0.2269,7.9,16.31,15.99,10,time_exit,47.0183,0.38517,4.66249,7.04618,new_york,2022
GBPJPY,1,2022-06-10 02:00:00,2022-06-10 03:00:00,167.909,167.35432,167.35432,169.01836,0.2367,-55.5,-119.48,-119.79,1,stop_loss,22.09129,0.36979,1.08612,6.91005,,2022
GBPJPY,-1,2022-06-10 10:00:00,2022-06-10 15:00:00,167.055,166.00625,167.57938,166.00625,0.2478,104.9,236.49,236.17,5,take_profit,19.02313,0.34958,-1.28802,6.73418,london,2022
GBPJPY,-1,2022-06-13 17:00:00,2022-06-13 19:00:00,162.76,163.43689,163.43689,161.40622,0.1958,-67.7,-120.61,-120.92,2,stop_loss,42.16547,0.45126,-6.64978,1.28361,new_york,2022
GBPJPY,1,2022-06-13 22:00:00,2022-06-14 08:00:00,163.045,164.14,162.30332,164.52836,0.1769,109.5,176.27,175.95,10,time_exit,44.89219,0.49445,-4.50702,0.38881,,2022
GBPJPY,-1,2022-06-14 20:00:00,2022-06-15 04:00:00,161.902,162.66943,162.66943,160.36715,0.1735,-76.7,-121.16,-121.48,8,stop_loss,37.95267,0.51162,-3.75728,-1.60704,new_york,2022
GBPJPY,1,2022-06-16 19:00:00,2022-06-17 05:00:00,162.51,164.72906,161.40047,164.72906,0.1188,221.9,239.9,239.58,10,take_profit,26.59229,0.73969,-0.27806,-1.52904,new_york,2022
GBPJPY,1,2022-06-17 11:00:00,2022-06-17 21:00:00,165.171,164.731,164.06518,167.38264,0.1216,-44.0,-48.69,-49.01,10,time_exit,25.53496,0.73721,2.43006,-0.66892,london,2022
GBPJPY,1,2022-06-20 13:00:00,2022-06-20 23:00:00,165.084,165.439,164.38935,166.47331,0.1928,35.5,62.28,61.97,10,time_exit,17.99448,0.4631,1.36349,0.66569,london,2022
GBPJPY,1,2022-06-24 10:00:00,2022-06-24 14:00:00,165.15,166.27963,164.58519,166.27963,0.2383,113.0,244.96,244.64,4,take_profit,22.68465,0.37654,-1.58992,1.14,london,2022
GBPJPY,-1,2022-06-27 15:00:00,2022-06-28 01:00:00,166.06,165.999,166.59815,164.98371,0.2551,6.1,14.16,13.84,10,time_exit,14.37017,0.35876,0.65041,1.04901,london,2022
GBPJPY,1,2022-06-28 16:00:00,2022-06-28 22:00:00,166.429,165.91127,165.91127,167.46446,0.2655,-51.8,-125.09,-125.4,6,stop_loss,22.631,0.34515,0.88588,1.42586,new_york,2022
GBPJPY,1,2022-06-29 04:00:00,2022-06-29 14:00:00,165.81,165.9,165.36014,166.70972,0.3025,9.0,24.77,24.46,10,time_exit,13.69462,0.29991,-0.90076,1.34323,,2022
GBPJPY,-1,2022-06-30 01:00:00,2022-06-30 11:00:00,165.531,165.422,165.98491,164.62317,0.3004,10.9,29.8,29.48,10,time_exit,12.37697,0.30261,-1.2355,0.67941,,2022
GBPJPY,-1,2022-07-01 18:00:00,2022-07-01 19:00:00,162.174,162.93635,162.93635,160.6493,0.1793,-76.2,-124.39,-124.71,1,stop_loss,41.52641,0.50823,-4.75375,-1.45649,new_york,2022
GBPJPY,1,2022-07-05 23:00:00,2022-07-06 04:00:00,162.359,161.72685,161.72685,163.62329,0.214,-63.2,-123.1,-123.42,5,stop_loss,37.61748,0.42143,-3.1351,-2.36455,,2022
GBPJPY,-1,2022-07-07 00:00:00,2022-07-07 10:00:00,161.994,162.70398,162.70398,160.57404,0.1886,-71.0,-121.85,-122.17,10,stop_loss,22.68723,0.47332,-0.85115,-3.33807,,2022
GBPJPY,1,2022-07-07 17:00:00,2022-07-08 03:00:00,162.981,163.824,162.25851,164.42598,0.1835,84.3,140.77,140.45,10,time_exit,18.6045,0.48166,1.0879,-2.736,new_york,2022
GBPJPY,1,2022-07-08 03:00:00,2022-07-08 05:00:00,163.504,163.00576,163.00576,164.50048,0.2692,-49.8,-122.05,-122.37,2,stop_loss,24.91404,0.33216,2.17904,-2.89244,,2022
GBPJPY,-1,2022-07-11 02:00:00,2022-07-11 04:00:00,163.752,164.33302,164.33302,162.58995,0.2285,-58.1,-120.82,-121.13,2,stop_loss,16.48154,0.38735,1.65488,-1.35356,,2022
GBPJPY,-1,2022-07-12 23:00:00,2022-07-13 05:00:00,162.65,163.16741,163.16741,161.61517,0.2541,-51.7,-119.64,-119.96,6,stop_loss,23.28093,0.34494,-0.97258,-1.42244,,2022
GBPJPY,1,2022-07-13 05:00:00,2022-07-13 15:00:00,162.874,163.115,162.39741,163.82718,0.2731,24.1,59.89,59.58,10,time_exit,18.96736,0.31773,-0.11521,-1.61615,,2022
GBPJPY,1,2022-07-15 19:00:00,2022-07-18 05:00:00,164.321,164.397,163.77026,165.42247,0.2375,7.6,16.43,16.11,10,time_exit,17.40397,0.36716,0.7966,0.95113,new_york,2022
GBPJPY,1,2022-07-18 16:00:00,2022-07-18 20:00:00,165.674,165.18173,165.18173,166.65854,0.2661,-49.2,-119.2,-119.52,4,stop_loss,27.72544,0.32818,3.71587,1.77521,new_york,2022
GBPJPY,1,2022-07-19 02:00:00,2022-07-19 06:00:00,165.188,164.75275,164.75275,166.0585,0.2979,-43.5,-117.99,-118.31,4,stop_loss,25.93258,0.29017,1.55206,2.49824,,2022
GBPJPY,1,2022-07-19 21:00:00,2022-07-20 07:00:00,165.77,165.996,165.28098,166.74804,0.2625,22.6,53.99,53.67,10,time_exit,22.92321,0.32601,2.14572,2.55479,new_york,2022
GBPJPY,1,2022-07-21 00:00:00,2022-07-21 10:00:00,165.394,165.501,164.91921,166.34358,0.2716,10.7,26.45,26.13,10,time_exit,18.83198,0.31653,0.49182,2.82911,,2022
GBPJPY,-1,2022-07-21 21:00:00,2022-07-22 07:00:00,164.744,164.846,165.378,163.476,0.2038,-10.2,-18.92,-19.24,10,time_exit,25.51659,0.42267,-1.682,1.646,new_york,2022
GBPJPY,-1,2022-07-22 15:00:00,2022-07-25 01:00:00,163.629,163.577,164.24906,162.38888,0.2081,5.2,9.85,9.53,10,time_exit,35.09268,0.41337,-3.26664,0.61587,london,2022
GBPJPY,-1,2022-07-26 17:00:00,2022-07-26 18:00:00,163.902,164.39427,164.39427,162.91745,0.2623,-49.2,-117.5,-117.82,1,stop_loss,22.88124,0.32818,-1.31904,-0.46421,new_york,2022
GBPJPY,1,2022-07-27 16:00:00,2022-07-27 21:00:00,164.968,165.78891,164.55754,165.78891,0.3114,82.1,232.62,232.31,5,take_profit,23.71636,0.27364,1.11302,0.36721,new_york,2022
GBPJPY,1,2022-07-28 13:00:00,2022-07-28 15:00:00,164.253,163.69997,163.69997,165.35906,0.2358,-55.3,-118.67,-118.99,2,stop_loss,24.60583,0.36869,-1.87112,0.70608,london,2022
GBPJPY,1,2022-08-01 04:00:00,2022-08-01 10:00:00,161.754,161.18306,161.18306,162.89588,0.2261,-57.1,-117.47,-117.79,6,stop_loss,33.19138,0.38063,-3.42634,-2.61289,,2022
GBPJPY,1,2022-08-01 15:00:00,2022-08-01 22:00:00,161.902,161.32052,161.32052,163.06497,0.2198,-58.1,-116.31,-116.63,7,stop_loss,34.98755,0.38766,-1.67321,-3.22211,london,2022
GBPJPY,-1,2022-08-02 22:00:00,2022-08-03 03:00:00,161.821,162.50869,162.50869,160.44561,0.184,-68.8,-115.15,-115.47,5,stop_loss,32.64324,0.45846,1.13876,-3.72835,,2022
GBPJPY,1,2022-08-05 19:00:00,2022-08-08 05:00:00,163.188,163.292,162.55255,164.45889,0.1971,10.4,18.65,18.34,10,time_exit,20.03983,0.42363,2.65914,-1.27131,new_york,2022
GBPJPY,-1,2022-08-09 05:00:00,2022-08-09 06:00:00,162.667,163.12534,163.12534,161.75032,0.2737,-45.8,-114.16,-114.48,1,stop_loss,15.73655,0.30556,-0.48115,0.2384,,2022
GBPJPY,1,2022-08-09 06:00:00,2022-08-09 16:00:00,162.902,163.555,162.44865,163.8087,0.2739,65.3,162.76,162.44,10,time_exit,16.02977,0.30223,0.26697,0.24675,,2022
GBPJPY,1,2022-08-11 07:00:00,2022-08-11 10:00:00,162.356,161.91271,161.91271,163.24259,0.2841,-44.3,-114.61,-114.92,3,stop_loss,24.02777,0.29553,-1.239,-0.22436,london,2022
GBPJPY,-1,2022-08-11 21:00:00,2022-08-12 07:00:00,162.338,162.42,162.80581,161.40238,0.2666,-8.2,-19.89,-20.21,10,time_exit,27.64594,0.31187,-0.29831,-0.83204,new_york,2022
GBPJPY,1,2022-08-12 14:00:00,2022-08-15 00:00:00,162.071,161.932,161.62171,162.96958,0.2771,-13.9,-35.05,-35.37,10,time_exit,15.35388,0.29953,-1.00672,-0.86395,london,2022
GBPJPY,1,2022-08-15 19:00:00,2022-08-16 02:00:00,160.942,160.42083,160.42083,161.98434,0.2381,-52.1,-112.92,-113.24,7,stop_loss,28.43879,0.34745,-2.13212,-1.89848,new_york,2022
GBPJPY,1,2022-08-16 06:00:00,2022-08-16 15:00:00,160.789,161.68966,160.33867,161.68966,0.2728,90.1,223.59,223.27,9,take_profit,31.94641,0.30022,-1.76164,-2.83518,,2022
GBPJPY,1,2022-08-16 17:00:00,2022-08-17 03:00:00,162.645,162.398,162.10852,163.71796,0.2336,-24.7,-52.51,-52.82,10,time_exit,29.8531,0.35765,3.68719,-2.08336,new_york,2022
GBPJPY,-1,2022-08-17 12:00:00,2022-08-17 22:00:00,163.171,162.715,163.62528,162.26245,0.2745,45.6,113.91,113.59,10,time_exit,38.76533,0.30285,3.94314,-0.58417,london,2022
GBPJPY,1,2022-08-18 03:00:00,2022-08-18 13:00:00,162.561,162.975,162.11072,163.46156,0.2797,41.4,105.37,105.06,10,time_exit,29.46777,0.30019,0.47077,0.47936,,2022
GBPJPY,1,2022-08-18 16:00:00,2022-08-18 17:00:00,162.585,162.11533,162.11533,163.52435,0.2707,-47.0,-115.7,-116.02,1,stop_loss,18.34251,0.31312,0.1797,0.65676,new_york,2022
GBPJPY,-1,2022-08-19 13:00:00,2022-08-19 23:00:00,162.132,161.913,162.60888,161.17825,0.2639,21.9,52.59,52.27,10,time_exit,21.48101,0.31792,-0.73308,0.20453,london,2022
GBPJPY,1,2022-08-22 20:00:00,2022-08-23 06:00:00,161.849,161.504,161.34408,162.85884,0.2504,-34.5,-78.61,-78.93,10,time_exit,23.0631,0.33661,-0.55704,-0.47612,new_york,2022
GBPJPY,-1,2022-08-23 18:00:00,2022-08-24 04:00:00,161.497,161.633,162.06987,160.35127,0.2192,-13.6,-27.13,-27.45,10,time_exit,21.66965,0.38191,-0.75245,-0.77521,new_york,2022
GBPJPY,-1,2022-08-24 06:00:00,2022-08-24 16:00:00,161.533,161.311,161.93524,160.72853,0.3114,22.2,62.91,62.59,10,time_exit,12.61428,0.26816,-0.80844,-1.06763,,2022
GBPJPY,-1,2022-08-25 02:00:00,2022-08-25 12:00:00,161.651,161.481,162.01532,160.92237,0.3457,17.0,53.48,53.16,10,time_exit,14.82377,0.24288,0.21598,-1.36634,,2022
GBPJPY,1,2022-08-26 06:00:00,2022-08-26 11:00:00,161.643,161.32528,161.32528,162.27843,0.3982,-31.8,-115.13,-115.45,5,stop_loss,10.36226,0.21181,0.3357,-1.28375,,2022
GBPJPY,-1,2022-08-30 14:00:00,2022-08-31 00:00:00,161.981,161.699,162.3706,161.20179,0.3215,28.2,82.5,82.18,10,time_exit,22.16415,0.25974,-0.25596,0.54539,london,2022
GBPJPY,1,2022-08-31 02:00:00,2022-08-31 10:00:00,161.75,161.37055,161.37055,162.5089,0.3325,-37.9,-114.81,-115.13,8,stop_loss,12.33526,0.25297,-0.68595,0.15257,,2022
GBPJPY,-1,2022-08-31 22:00:00,2022-09-01 01:00:00,161.136,161.56864,161.56864,160.27073,0.2887,-43.3,-113.66,-113.98,3,stop_loss,23.88561,0.28842,-1.7614,-0.57745,,2022
GBPJPY,-1,2022-09-01 03:00:00,2022-09-01 13:00:00,161.581,160.986,161.98327,160.77645,0.3073,59.5,166.39,166.07,10,time_exit,18.9928,0.26818,-0.11648,-0.66051,,2022
GBPJPY,1,2022-09-01 17:00:00,2022-09-02 03:00:00,161.27,161.802,160.84079,162.12842,0.2923,53.2,141.51,141.19,10,time_exit,18.42311,0.28614,-1.04307,-0.76665,new_york,2022
GBPJPY,1,2022-09-02 19:00:00,2022-09-02 20:00:00,162.184,161.7037,161.7037,163.14459,0.2645,-48.0,-115.6,-115.92,1,stop_loss,20.5637,0.3202,1.15491,0.09281,new_york,2022
GBPJPY,-1,2022-09-05 18:00:00,2022-09-06 01:00:00,161.725,162.17029,162.17029,160.83442,0.2824,-44.5,-114.43,-114.75,7,stop_loss,23.68023,0.29686,0.64735,-0.51593,new_york,2022
GBPJPY,1,2022-09-06 03:00:00,2022-09-06 08:00:00,162.401,163.14178,162.03061,163.14178,0.3361,74.1,226.57,226.25,5,take_profit,19.33009,0.24693,2.9562,-0.16481,,2022
GBPJPY,-1,2022-09-06 10:00:00,2022-09-06 12:00:00,163.656,164.12626,164.12626,162.71549,0.27,-47.0,-115.54,-115.86,2,stop_loss,33.86583,0.3135,5.31408,0.62136,london,2022
GBPJPY,1,2022-09-09 02:00:00,2022-09-09 07:00:00,165.771,165.29402,165.29402,166.72497,0.2635,-47.7,-114.37,-114.69,5,stop_loss,13.85416,0.31799,1.61007,5.58546,,2022
GBPJPY,-1,2022-09-09 16:00:00,2022-09-09 19:00:00,164.771,165.36131,165.36131,163.59037,0.2108,-59.0,-113.24,-113.56,3,stop_loss,20.75528,0.39354,-1.33995,3.98873,new_york,2022
GBPJPY,1,2022-09-13 12:00:00,2022-09-13 15:00:00,166.638,166.22402,166.22402,167.46595,0.2976,-41.4,-112.11,-112.43,3,stop_loss_ambiguous,19.27042,0.27598,1.39925,5.8141,london,2022
GBPJPY,1,2022-09-14 21:00:00,2022-09-15 07:00:00,165.326,165.369,164.77229,166.43342,0.2202,4.3,8.62,8.3,10,time_exit,25.53387,0.36914,-1.49729,2.4067,new_york,2022
GBPJPY,1,2022-09-15 10:00:00,2022-09-15 12:00:00,165.543,165.09706,165.09706,166.43487,0.2737,-44.6,-111.07,-111.39,2,stop_loss,26.66007,0.29729,-0.28975,2.00798,london,2022
GBPJPY,1,2022-09-15 19:00:00,2022-09-16 02:00:00,164.683,164.20267,164.20267,165.64365,0.2515,-48.0,-109.93,-110.25,7,stop_loss,25.3847,0.32022,-2.35154,1.29212,new_york,2022
GBPJPY,-1,2022-09-16 04:00:00,2022-09-16 06:00:00,164.03,164.43376,164.43376,163.22247,0.2962,-40.4,-108.83,-109.15,2,stop_loss,29.1522,0.26918,-4.08949,0.58055,,2022
GBPJPY,-1,2022-09-16 19:00:00,2022-09-19 05:00:00,163.308,163.204,163.85642,162.21116,0.2159,10.4,20.43,20.11,10,time_exit,36.96483,0.36561,-3.01297,-1.01616,new_york,2022
GBPJPY,-1,2022-09-20 00:00:00,2022-09-20 01:00:00,163.496,163.86534,163.86534,162.75731,0.3212,-36.9,-107.96,-108.27,1,stop_loss,14.64321,0.24623,0.23481,-2.95667,,2022
GBPJPY,1,2022-09-21 02:00:00,2022-09-21 09:00:00,163.409,162.99356,162.99356,164.23988,0.2827,-41.5,-106.87,-107.19,7,stop_loss,15.95057,0.27696,-1.14342,-1.94441,,2022
GBPJPY,-1,2022-09-23 09:00:00,2022-09-23 13:00:00,159.768,158.35667,160.47366,158.35667,0.1648,141.1,211.65,211.34,4,take_profit,36.40929,0.47044,-3.45805,-3.79755,london,2022
GBPJPY,1,2022-09-23 19:00:00,2022-09-26 00:00:00,156.355,155.27979,155.27979,158.50542,0.1103,-107.5,-107.92,-108.24,5,stop_loss,42.61024,0.71681,-5.45603,-3.38588,new_york,2022
GBPJPY,1,2022-09-26 00:00:00,2022-09-26 03:00:00,155.043,154.07608,154.07608,156.97683,0.1214,-96.7,-106.82,-107.14,3,stop_loss,50.0393,0.64461,-6.19741,-4.51987,,2022
GBPJPY,-1,2022-09-27 20:00:00,2022-09-28 06:00:00,154.59,154.215,155.7092,152.35159,0.1038,37.5,35.42,35.1,10,time_exit,14.68294,0.74614,-1.71561,-5.09343,new_york,2022
GBPJPY,-1,2022-09-30 10:00:00,2022-09-30 11:00:00,160.928,162.00258,162.00258,158.77885,0.1085,-107.5,-106.1,-106.42,1,stop_loss,51.14426,0.71638,3.70617,-0.45974,london,2022
GBPJPY,1,2022-09-30 12:00:00,2022-09-30 13:00:00,161.858,160.76736,160.76736,164.03927,0.1058,-109.1,-105.0,-105.32,1,stop_loss,50.84539,0.72709,4.54759,-0.18398,london,2022
GBPJPY,1,2022-09-30 14:00:00,2022-10-03 00:00:00,159.86,161.819,158.67198,162.23604,0.0962,195.9,171.49,171.18,10,time_exit,47.6961,0.79201,1.49153,-0.02499,london,2022
GBPJPY,1,2022-10-03 21:00:00,2022-10-04 07:00:00,163.031,163.922,162.09254,164.90793,0.1238,89.1,100.38,100.06,10,time_exit,34.86701,0.62564,3.13853,2.44604,new_york,2022
GBPJPY,1,2022-10-05 23:00:00,2022-10-06 09:00:00,163.728,163.653,162.95288,165.27823,0.1513,-7.5,-10.33,-10.64,10,time_exit,23.77882,0.51674,-0.20328,4.66681,,2022
GBPJPY,1,2022-10-07 13:00:00,2022-10-07 15:00:00,162.517,161.8115,161.8115,163.928,0.166,-70.5,-106.57,-106.89,2,stop_loss,30.662,0.47033,-0.43035,1.9315,london,2022
GBPJPY,-1,2022-10-10 11:00:00,2022-10-10 21:00:00,161.02,161.107,161.6246,159.81079,0.1918,-8.7,-15.18,-15.5,10,time_exit,35.3223,0.40307,-2.02379,0.34596,london,2022
GBPJPY,1,2022-10-11 06:00:00,2022-10-11 16:00:00,160.831,161.229,160.25602,161.98097,0.2014,39.8,72.94,72.62,10,time_exit,17.84001,0.38332,-1.57898,-0.41351,,2022
GBPJPY,1,2022-10-11 17:00:00,2022-10-11 18:00:00,161.229,162.53636,160.57532,162.53636,0.1784,130.7,212.24,211.92,1,take_profit,15.88684,0.43579,-0.09961,-0.58561,new_york,2022
GBPJPY,1,2022-10-11 18:00:00,2022-10-11 21:00:00,161.516,160.84237,160.84237,162.86326,0.1765,-67.4,-108.2,-108.51,3,stop_loss,15.02779,0.44909,0.51687,-0.54687,new_york,2022
GBPJPY,1,2022-10-12 20:00:00,2022-10-13 06:00:00,162.565,162.652,161.65746,164.38008,0.1297,8.7,10.27,9.95,10,time_exit,24.61778,0.60503,2.01899,-0.19784,new_york,2022
GBPJPY,-1,2022-10-14 01:00:00,2022-10-14 11:00:00,166.768,166.514,167.68568,164.93264,0.1284,25.4,29.68,29.36,10,time_exit,57.27653,0.61179,5.09024,2.376,,2022
GBPJPY,1,2022-10-17 05:00:00,2022-10-17 15:00:00,166.922,168.59,165.99676,168.77248,0.1277,166.8,193.83,193.51,10,time_exit,27.67854,0.61683,2.16783,3.7934,,2022
GBPJPY,1,2022-10-18 21:00:00,2022-10-19 07:00:00,168.908,169.077,168.08532,170.55336,0.1462,16.9,22.48,22.17,10,time_exit,20.3588,0.54845,1.47676,5.60193,new_york,2022
GBPJPY,1,2022-10-21 01:00:00,2022-10-21 11:00:00,168.672,168.00264,168.00264,170.01072,0.1801,-66.9,-109.7,-110.02,10,stop_loss,20.98425,0.44624,0.60537,4.41959,,2022
GBPJPY,-1,2022-10-21 14:00:00,2022-10-21 16:00:00,168.317,168.94796,168.94796,167.05507,0.1891,-63.1,-108.58,-108.9,2,stop_loss,11.29007,0.42064,-0.07166,4.04814,london,2022
GBPJPY,1,2022-10-24 11:00:00,2022-10-24 19:00:00,169.053,167.68013,167.68013,171.79874,0.086,-137.3,-107.44,-107.76,8,stop_loss,15.48245,0.91525,0.92057,1.42688,london,2022
GBPJPY,1,2022-10-25 05:00:00,2022-10-25 15:00:00,168.557,169.056,167.71731,170.23638,0.1393,49.9,63.25,62.94,10,time_exit,18.90134,0.55979,0.48097,2.04522,,2022
GBPJPY,1,2022-10-27 03:00:00,2022-10-27 07:00:00,170.022,169.49007,169.49007,171.08585,0.2211,-53.2,-107.02,-107.34,4,stop_loss,17.39282,0.35462,1.27524,4.26052,,2022
GBPJPY,-1,2022-10-28 02:00:00,2022-10-28 04:00:00,169.11,169.65799,169.65799,168.01403,0.2125,-54.8,-105.97,-106.29,2,stop_loss,18.90259,0.36532,-0.73247,2.92728,,2022
GBPJPY,1,2022-10-28 19:00:00,2022-10-31 05:00:00,170.889,171.739,170.26198,172.14305,0.1839,85.0,142.25,141.93,10,time_exit,22.41956,0.41802,2.9395,2.65458,new_york,2022
GBPJPY,-1,2022-10-31 12:00:00,2022-10-31 14:00:00,171.185,171.68301,171.68301,170.18899,0.2346,-49.8,-106.32,-106.64,2,stop_loss,27.14385,0.332,1.92782,4.63551,london,2022
GBPJPY,-1,2022-10-31 20:00:00,2022-11-01 06:00:00,170.68,170.691,171.27565,169.4887,0.1942,-1.1,-1.94,-2.26,10,time_exit,21.01751,0.3971,-0.08143,3.88424,new_york,2022
GBPJPY,-1,2022-11-01 17:00:00,2022-11-02 03:00:00,170.266,169.419,170.81148,169.17503,0.212,84.7,163.4,163.08,10,time_exit,30.8808,0.36366,-0.70188,3.07057,new_york,2022
GBPJPY,-1,2022-11-02 03:00:00,2022-11-02 13:00:00,169.941,169.01,170.45981,168.90337,0.2264,93.1,191.81,191.49,10,time_exit,23.87619,0.34588,-1.19458,2.58608,,2022
GBPJPY,1,2022-11-07 01:00:00,2022-11-07 10:00:00,166.362,167.685,165.7005,167.685,0.1807,132.3,217.55,217.23,9,take_profit,35.48891,0.441,-0.95037,-3.44769,,2022
GBPJPY,1,2022-11-08 08:00:00,2022-11-08 10:00:00,168.567,168.10182,168.10182,169.49736,0.2621,-46.5,-110.95,-111.27,2,stop_loss,33.66181,0.31012,2.5986,-1.31519,london,2022
GBPJPY,1,2022-11-09 19:00:00,2022-11-10 05:00:00,166.53,166.615,165.88609,167.81782,0.1875,8.5,14.5,14.18,10,time_exit,29.22083,0.42927,-2.4797,-0.99144,new_york,2022
GBPJPY,1,2022-11-11 18:00:00,2022-11-14 04:00:00,163.749,164.036,162.87074,165.50553,0.1376,28.7,35.94,35.62,10,time_exit,39.01044,0.58551,-3.35691,-2.43656,new_york,2022
GBPJPY,-1,2022-11-15 00:00:00,2022-11-15 04:00:00,164.383,165.09378,165.09378,162.96144,0.1706,-71.1,-110.35,-110.66,4,stop_loss,20.04239,0.47385,-0.97717,-3.19611,,2022
GBPJPY,1,2022-11-15 10:00:00,2022-11-15 16:00:00,164.841,166.16552,164.17874,166.16552,0.1813,132.5,218.52,218.21,6,take_profit,16.09633,0.44151,-0.30412,-3.0743,london,2022
GBPJPY,1,2022-11-16 02:00:00,2022-11-16 12:00:00,165.073,166.192,164.34332,166.53236,0.1678,111.9,170.87,170.55,10,time_exit,17.67403,0.48645,-0.13907,-2.14127,,2022
GBPJPY,1,2022-11-16 16:00:00,2022-11-16 17:00:00,165.943,165.23569,165.23569,167.35762,0.1757,-70.7,-113.09,-113.41,1,stop_loss,11.78432,0.47154,1.03192,-1.45301,new_york,2022
GBPJPY,-1,2022-11-16 23:00:00,2022-11-17 09:00:00,166.151,166.269,166.80572,164.84156,0.188,-11.8,-20.19,-20.51,10,time_exit,8.8593,0.43648,1.3724,-1.30807,,2022
GBPJPY,-1,2022-11-17 16:00:00,2022-11-17 19:00:00,165.306,165.92029,165.92029,164.07743,0.2,-61.4,-111.8,-112.12,3,stop_loss,11.66981,0.40952,-1.04121,-0.88002,new_york,2022
GBPJPY,-1,2022-11-17 21:00:00,2022-11-18 02:00:00,166.225,166.8126,166.8126,165.0498,0.207,-58.8,-110.69,-111.0,5,stop_loss,12.85009,0.39173,1.18233,-0.82263,new_york,2022
GBPJPY,-1,2022-11-18 07:00:00,2022-11-18 10:00:00,166.338,166.83106,166.83106,165.35189,0.2442,-49.3,-109.57,-109.89,3,stop_loss,15.76994,0.3287,1.07208,-0.39684,london,2022
GBPJPY,-1,2022-11-22 00:00:00,2022-11-22 10:00:00,167.946,167.691,168.38608,167.06584,0.2708,25.5,62.84,62.52,10,time_exit,27.47289,0.29339,3.96582,1.62339,,2022
GBPJPY,-1,2022-11-23 21:00:00,2022-11-24 07:00:00,168.208,168.004,168.68438,167.25524,0.2516,20.4,46.71,46.39,10,time_exit,23.40973,0.31759,0.87047,2.94039,new_york,2022
GBPJPY,1,2022-11-24 17:00:00,2022-11-25 03:00:00,167.744,167.923,167.21064,168.81072,0.2257,17.9,36.76,36.45,10,time_exit,30.78565,0.35557,-0.36109,2.01378,new_york,2022
GBPJPY,-1,2022-11-25 09:00:00,2022-11-25 11:00:00,167.841,168.26003,168.26003,167.00293,0.2882,-41.9,-109.9,-110.21,2,stop_loss,15.86621,0.27936,-0.1703,2.19532,london,2022
GBPJPY,-1,2022-11-25 17:00:00,2022-11-28 03:00:00,168.308,167.393,168.7655,167.393,0.2613,91.5,217.57,217.25,10,take_profit,19.78566,0.305,0.97123,2.16509,new_york,2022
GBPJPY,1,2022-11-29 16:00:00,2022-11-30 02:00:00,166.134,166.018,165.52365,167.3547,0.1998,-11.6,-21.09,-21.41,10,time_exit,26.96001,0.4069,-1.46987,-0.9572,new_york,2022
GBPJPY,1,2022-11-30 19:00:00,2022-12-01 01:00:00,166.613,165.96463,165.96463,167.90974,0.1877,-64.8,-110.75,-111.06,6,stop_loss,19.63782,0.43225,0.48695,-1.13361,new_york,2022
GBPJPY,1,2022-12-01 04:00:00,2022-12-01 09:00:00,165.27,164.61116,164.61116,166.58767,0.1829,-65.9,-109.66,-109.97,5,stop_loss,16.50005,0.43922,-2.3405,-1.18329,,2022
GBPJPY,1,2022-12-02 10:00:00,2022-12-02 11:00:00,165.087,164.53406,164.53406,166.19289,0.2157,-55.3,-108.54,-108.85,1,stop_loss,15.47033,0.36863,-2.04466,-1.84062,london,2022
GBPJPY,-1,2022-12-05 04:00:00,2022-12-05 08:00:00,165.465,166.07203,166.07203,164.25093,0.1945,-60.7,-107.44,-107.76,4,stop_loss,14.3649,0.40469,-0.02291,-2.00109,,2022
GBPJPY,-1,2022-12-06 02:00:00,2022-12-06 04:00:00,166.52,167.05224,167.05224,165.45552,0.2197,-53.2,-106.41,-106.73,2,stop_loss,14.84237,0.35483,1.5892,-0.90045,,2022
GBPJPY,1,2022-12-07 23:00:00,2022-12-08 09:00:00,166.622,166.809,166.0846,167.69681,0.2154,18.7,36.65,36.34,10,time_exit,15.86478,0.35827,0.18723,0.38918,,2022
GBPJPY,1,2022-12-09 01:00:00,2022-12-09 05:00:00,167.154,166.72668,166.72668,168.00863,0.2718,-42.7,-105.69,-106.01,4,stop_loss,13.14143,0.28488,1.14873,0.92877,,2022
GBPJPY,1,2022-12-09 23:00:00,2022-12-12 09:00:00,167.536,167.545,167.03184,168.54432,0.228,0.9,1.87,1.55,10,time_exit,19.79611,0.33611,1.57288,1.11327,,2022
GBPJPY,-1,2022-12-12 18:00:00,2022-12-12 19:00:00,168.357,168.84992,168.84992,167.37116,0.2333,-49.3,-104.65,-104.97,1,stop_loss,19.96025,0.32861,2.87342,1.79208,new_york,2022
GBPJPY,-1,2022-12-12 22:00:00,2022-12-13 08:00:00,168.865,168.955,169.37285,167.84929,0.2241,-9.0,-18.35,-18.67,10,time_exit,25.30592,0.33857,3.65566,2.13243,,2022
GBPJPY,1,2022-12-13 22:00:00,2022-12-14 08:00:00,167.624,167.442,167.03487,168.80227,0.1929,-18.2,-31.95,-32.27,10,time_exit,28.69876,0.39276,-1.15297,2.13533,,2022
GBPJPY,-1,2022-12-21 20:00:00,2022-12-22 06:00:00,159.707,159.697,160.49909,158.12281,0.143,1.0,1.3,0.98,10,time_exit,30.62976,0.52806,-3.61366,-6.24014,new_york,2022
GBPJPY,-1,2022-12-22 20:00:00,2022-12-23 03:00:00,159.141,159.70653,159.70653,158.00993,0.2003,-56.6,-103.08,-103.4,7,stop_loss,23.22988,0.37702,-3.1614,-9.13686,new_york,2022
GBPJPY,-1,2022-12-23 14:00:00,2022-12-27 00:00:00,160.13,160.307,160.6105,159.169,0.2334,-17.7,-37.59,-37.91,10,time_exit,21.12349,0.32033,0.4205,-9.67347,london,2022
GBPJPY,1,2022-12-28 02:00:00,2022-12-28 05:00:00,160.53,161.30157,160.14422,161.30157,0.2896,77.2,203.34,203.02,3,take_profit,24.57491,0.25719,0.70578,-7.53144,,2022
GBPJPY,-1,2022-12-30 22:00:00,2022-12-30 23:00:00,158.009,158.66007,158.66007,156.70686,0.175,-65.1,-103.68,-104.0,1,stop_loss,51.20602,0.43405,-4.11,-3.4793,,2022
GBPJPY,1,2023-01-05 06:00:00,2023-01-05 16:00:00,159.302,159.264,158.70667,160.49266,0.1895,-3.8,-6.55,-6.87,10,time_exit,37.69601,0.39689,2.90129,-2.90757,,2023
GBPJPY,1,2023-01-06 04:00:00,2023-01-06 14:00:00,159.479,159.714,158.96232,160.51237,0.2182,23.5,46.66,46.34,10,time_exit,25.05017,0.34446,2.24995,-1.6367,,2023
GBPJPY,-1,2023-01-09 22:00:00,2023-01-10 08:00:00,160.557,160.556,161.07929,159.51243,0.2168,0.1,0.2,-0.12,10,time_exit,27.7273,0.34819,1.91952,1.06558,,2023
GBPJPY,1,2023-01-11 01:00:00,2023-01-11 11:00:00,160.571,160.73,160.15862,161.39575,0.2746,15.9,39.73,39.41,10,time_exit,17.97569,0.27492,0.62549,2.10847,,2023
GBPJPY,-1,2023-01-12 11:00:00,2023-01-12 14:00:00,159.883,158.99849,160.32526,158.99849,0.2571,88.5,206.94,206.62,3,take_profit,29.36564,0.29484,-1.91111,1.53313,london,2023
GBPJPY,-1,2023-01-12 19:00:00,2023-01-13 05:00:00,158.044,157.508,158.69958,156.73283,0.1769,53.6,86.28,85.97,10,time_exit,48.99587,0.43706,-4.36095,0.12741,new_york,2023
GBPJPY,-1,2023-01-13 05:00:00,2023-01-13 14:00:00,157.631,156.45043,158.22129,156.45043,0.198,118.1,212.72,212.4,9,take_profit,57.81407,0.39352,-4.11287,-1.14818,,2023
GBPJPY,1,2023-01-16 17:00:00,2023-01-17 03:00:00,156.742,156.981,156.18139,157.86322,0.2127,23.9,46.26,45.94,10,time_exit,26.55082,0.37374,-1.19639,-4.18229,new_york,2023
GBPJPY,-1,2023-01-17 15:00:00,2023-01-18 01:00:00,157.576,157.57,158.08954,156.54891,0.2332,0.6,1.27,0.95,10,time_exit,27.22188,0.34236,1.38523,-3.81002,london,2023
GBPJPY,1,2023-01-18 17:00:00,2023-01-19 03:00:00,159.028,158.612,158.09379,160.89643,0.1282,-41.6,-48.53,-48.85,10,time_exit,32.04385,0.62281,1.04645,-0.2263,new_york,2023
GBPJPY,1,2023-01-24 16:00:00,2023-01-25 02:00:00,160.319,160.641,159.79481,161.36739,0.2274,32.2,66.63,66.31,10,time_exit,31.89054,0.34946,-1.28251,3.30508,new_york,2023
GBPJPY,1,2023-01-25 06:00:00,2023-01-25 10:00:00,160.862,160.39578,160.39578,161.79445,0.2573,-46.6,-109.16,-109.48,4,stop_loss,16.98941,0.31082,0.61564,3.00908,,2023
GBPJPY,1,2023-01-25 22:00:00,2023-01-26 06:00:00,160.613,160.10851,160.10851,161.62198,0.2354,-50.4,-108.07,-108.39,8,stop_loss,23.45195,0.33633,0.32809,2.01598,,2023
GBPJPY,1,2023-01-26 10:00:00,2023-01-26 20:00:00,160.672,161.429,160.23787,161.54025,0.2708,75.7,186.55,186.23,10,time_exit,19.78818,0.28942,0.68177,2.02497,london,2023
GBPJPY,-1,2023-01-30 13:00:00,2023-01-30 23:00:00,161.159,161.101,161.6602,160.15661,0.2386,5.8,12.59,12.27,10,time_exit,16.22788,0.33413,0.86873,1.64707,london,2023
GBPJPY,1,2023-01-31 02:00:00,2023-01-31 04:00:00,161.151,160.7836,160.7836,161.88579,0.3259,-36.7,-108.96,-109.28,2,stop_loss,11.14326,0.24493,0.66558,2.30884,,2023
GBPJPY,1,2023-02-01 18:00:00,2023-02-02 04:00:00,159.305,159.206,158.88589,160.14321,0.2828,-9.9,-25.48,-25.8,10,time_exit,26.75935,0.2794,-3.71757,-0.11589,new_york,2023
GBPJPY,1,2023-02-02 11:00:00,2023-02-02 12:00:00,159.441,159.02294,159.02294,160.27713,0.2828,-41.8,-107.59,-107.91,1,stop_loss,28.55134,0.27871,-1.32995,-1.39151,london,2023
GBPJPY,-1,2023-02-03 21:00:00,2023-02-06 00:00:00,158.135,158.70478,158.70478,156.99544,0.2054,-57.0,-106.5,-106.82,3,stop_loss,37.85492,0.37985,-0.1168,-3.36878,new_york,2023
GBPJPY,-1,2023-02-06 00:00:00,2023-02-06 10:00:00,159.39,158.975,159.88821,158.39357,0.2326,41.5,87.84,87.52,10,time_exit,34.95796,0.33214,-0.12389,-3.77032,,2023
GBPJPY,-1,2023-02-07 09:00:00,2023-02-07 11:00:00,159.092,158.29198,159.49201,158.29198,0.2921,80.0,212.65,212.34,2,take_profit,27.46699,0.26667,0.30736,-1.39972,london,2023
GBPJPY,1,2023-02-07 18:00:00,2023-02-08 04:00:00,157.636,158.125,157.16078,158.58645,0.2508,48.9,111.6,111.28,10,time_exit,37.60492,0.31682,-3.56801,-1.61289,new_york,2023
GBPJPY,1,2023-02-09 05:00:00,2023-02-09 07:00:00,158.77,158.41792,158.41792,159.47416,0.342,-35.2,-109.57,-109.89,2,stop_loss,23.44419,0.23472,1.20685,-2.13998,,2023
GBPJPY,-1,2023-02-09 16:00:00,2023-02-09 20:00:00,158.988,159.42359,159.42359,158.11681,0.2736,-43.6,-108.45,-108.77,4,stop_loss,15.5714,0.2904,1.2366,-1.20726,new_york,2023
GBPJPY,-1,2023-02-10 00:00:00,2023-02-10 09:00:00,159.404,158.65054,159.78073,158.65054,0.3132,75.3,214.74,214.43,9,take_profit,20.07861,0.25115,2.18439,-0.7325,,2023
GBPJPY,-1,2023-02-13 10:00:00,2023-02-13 11:00:00,159.391,159.80299,159.80299,158.56701,0.2921,-41.2,-109.51,-109.83,1,stop_loss,17.49085,0.27466,2.15774,-0.52559,london,2023
GBPJPY,1,2023-02-14 08:00:00,2023-02-14 12:00:00,160.176,160.96702,159.78049,160.96702,0.3013,79.1,216.88,216.56,4,take_profit,36.10216,0.26367,1.47308,2.04014,london,2023
GBPJPY,1,2023-02-15 18:00:00,2023-02-16 04:00:00,161.158,161.181,160.65564,162.16272,0.2419,2.3,5.06,4.74,10,time_exit,28.76777,0.33491,0.58397,3.29061,new_york,2023
GBPJPY,-1,2023-02-20 20:00:00,2023-02-21 06:00:00,161.565,161.566,161.87661,160.94178,0.3902,-0.1,-0.36,-0.67,10,time_exit,13.57964,0.20774,1.40794,3.38171,new_york,2023
GBPJPY,-1,2023-02-21 12:00:00,2023-02-21 14:00:00,162.735,163.16222,163.16222,161.88055,0.2846,-42.7,-110.65,-110.96,2,stop_loss,22.70342,0.28482,4.35884,2.62932,london,2023
GBPJPY,1,2023-02-21 17:00:00,2023-02-22 03:00:00,163.182,163.283,162.71821,164.10958,0.2595,10.1,23.85,23.53,10,time_exit,37.17036,0.30919,4.56639,2.9776,new_york,2023
GBPJPY,-1,2023-02-22 20:00:00,2023-02-23 06:00:00,162.687,162.544,163.10379,161.85342,0.2894,14.3,37.66,37.34,10,time_exit,30.62763,0.27786,0.19925,4.46747,new_york,2023
GBPJPY,1,2023-02-24 02:00:00,2023-02-24 11:00:00,161.771,162.49602,161.40849,162.49602,0.3338,72.5,220.23,219.91,9,take_profit,33.32558,0.24167,-2.4182,3.00507,,2023
GBPJPY,1,2023-02-27 16:00:00,2023-02-27 23:00:00,163.54,164.33466,163.14267,164.33466,0.3107,79.5,224.68,224.36,7,take_profit,19.40259,0.26489,3.05533,2.86581,new_york,2023
GBPJPY,1,2023-02-28 02:00:00,2023-02-28 10:00:00,164.433,165.178,164.0605,165.178,0.338,74.5,229.15,228.83,8,take_profit,41.97944,0.24833,4.99885,4.08898,,2023
GBPJPY,1,2023-02-28 22:00:00,2023-03-01 00:00:00,164.07,163.5436,163.5436,165.1228,0.244,-52.6,-116.88,-117.2,2,stop_loss,43.29871,0.35093,0.08371,4.01004,,2023
GBPJPY,-1,2023-03-01 06:00:00,2023-03-01 12:00:00,164.176,163.25249,164.63775,163.25249,0.2753,92.4,231.36,231.04,6,take_profit,31.81644,0.30784,0.52084,4.16841,,2023
GBPJPY,-1,2023-03-01 16:00:00,2023-03-01 21:00:00,163.007,163.56943,163.56943,161.88215,0.2306,-56.2,-118.02,-118.34,5,stop_loss,26.47186,0.37495,-2.45729,2.92139,new_york,2023
GBPJPY,1,2023-03-02 08:00:00,2023-03-02 10:00:00,163.794,163.40244,163.40244,164.57712,0.3278,-39.2,-116.8,-117.12,2,stop_loss,14.9208,0.26104,-0.04136,3.2555,london,2023
GBPJPY,1,2023-03-02 14:00:00,2023-03-02 16:00:00,163.681,163.25035,163.25035,164.54229,0.2951,-43.1,-115.65,-115.96,2,stop_loss,15.53068,0.2871,-0.30549,2.68268,london,2023
GBPJPY,1,2023-03-03 02:00:00,2023-03-03 12:00:00,163.363,163.453,162.98403,164.12094,0.332,9.0,27.19,26.87,10,time_exit,23.31786,0.25265,-0.96576,2.27861,,2023
GBPJPY,-1,2023-03-06 02:00:00,2023-03-06 12:00:00,163.589,163.362,163.91146,162.94408,0.3911,22.7,80.79,80.47,10,time_exit,16.08183,0.21497,0.44454,1.76047,,2023
GBPJPY,1,2023-03-08 18:00:00,2023-03-09 04:00:00,162.018,162.323,161.58762,162.87877,0.2951,30.5,81.91,81.59,10,time_exit,24.90953,0.28692,-2.7928,-0.82607,new_york,2023
GBPJPY,1,2023-03-09 06:00:00,2023-03-09 10:00:00,162.229,161.85608,161.85608,162.97484,0.3429,-37.3,-116.37,-116.68,4,stop_loss,23.10716,0.24861,-1.74488,-1.26834,,2023
GBPJPY,-1,2023-03-09 13:00:00,2023-03-09 16:00:00,161.823,162.1976,162.1976,161.0738,0.338,-37.5,-115.22,-115.54,3,stop_loss,31.54572,0.24973,-2.67664,-1.67616,london,2023
GBPJPY,1,2023-03-10 02:00:00,2023-03-10 03:00:00,162.588,162.21035,162.21035,163.3433,0.3319,-37.8,-114.06,-114.38,1,stop_loss,19.47495,0.25177,0.69562,-1.67521,,2023
GBPJPY,-1,2023-03-10 11:00:00,2023-03-10 12:00:00,163.107,163.65277,163.65277,162.01545,0.2273,-54.6,-112.89,-113.21,1,stop_loss,25.23061,0.36385,1.56876,-0.80758,london,2023
GBPJPY,-1,2023-03-14 08:00:00,2023-03-14 15:00:00,162.708,163.41345,163.41345,161.29709,0.1741,-70.5,-111.77,-112.08,7,stop_loss,14.26081,0.4703,0.92502,-0.78095,london,2023
GBPJPY,-1,2023-03-15 16:00:00,2023-03-15 21:00:00,160.248,161.09957,161.09957,158.54486,0.1428,-85.2,-110.66,-110.98,5,stop_loss,26.82329,0.56771,-4.43811,0.02057,new_york,2023
GBPJPY,-1,2023-03-15 23:00:00,2023-03-16 09:00:00,160.637,160.361,161.7317,158.4476,0.11,27.6,27.63,27.31,10,time_exit,32.66956,0.7298,-2.10009,-0.58483,,2023
GBPJPY,-1,2023-03-16 15:00:00,2023-03-16 17:00:00,159.772,160.61708,160.61708,158.08184,0.1428,-84.5,-109.82,-110.14,2,stop_loss,16.79548,0.56339,-2.79454,-1.64313,london,2023
GBPJPY,-1,2023-03-17 18:00:00,2023-03-20 02:00:00,160.495,161.27436,161.27436,158.93628,0.1533,-77.9,-108.72,-109.04,8,stop_loss,19.05736,0.51957,-1.60826,-1.3768,new_york,2023
GBPJPY,1,2023-03-20 14:00:00,2023-03-21 00:00:00,160.468,161.187,159.59878,162.20644,0.1361,71.9,89.05,88.73,10,time_exit,24.55472,0.57948,-0.7754,-1.50571,london,2023
GBPJPY,-1,2023-03-22 04:00:00,2023-03-22 10:00:00,161.95,162.45727,162.45727,160.93546,0.2351,-50.7,-108.53,-108.84,6,stop_loss,12.59872,0.33818,1.62678,-0.83912,,2023
GBPJPY,-1,2023-03-22 22:00:00,2023-03-23 08:00:00,161.641,161.186,162.222,160.479,0.2032,45.5,84.13,83.82,10,time_exit,20.10848,0.38733,-0.58522,0.23154,,2023
GBPJPY,-1,2023-03-24 03:00:00,2023-03-24 11:00:00,160.717,159.5293,161.31085,159.5293,0.2003,118.8,216.49,216.17,8,take_profit,26.12537,0.3959,-1.51731,-0.75899,,2023
GBPJPY,1,2023-03-27 15:00:00,2023-03-28 01:00:00,161.231,161.527,160.60183,162.48934,0.1929,29.6,51.96,51.64,10,time_exit,25.56501,0.41945,2.02781,-1.74555,london,2023
GBPJPY,1,2023-03-28 07:00:00,2023-03-28 10:00:00,160.85,161.76751,160.39124,161.76751,0.2658,91.8,221.93,221.61,3,take_profit,28.30171,0.30584,0.0367,-1.02231,london,2023
GBPJPY,1,2023-03-28 11:00:00,2023-03-28 12:00:00,161.453,160.97479,160.97479,162.40942,0.26,-47.8,-113.14,-113.46,1,stop_loss,25.41559,0.31881,1.77926,-0.8353,london,2023
GBPJPY,-1,2023-03-28 17:00:00,2023-03-29 03:00:00,161.152,161.71477,161.71477,160.02646,0.2187,-56.3,-112.0,-112.32,10,stop_loss,18.99135,0.37518,0.60041,-0.59478,new_york,2023
GBPJPY,1,2023-03-29 05:00:00,2023-03-29 14:00:00,162.126,163.10139,161.6383,163.10139,0.2499,97.5,221.81,221.49,9,take_profit,14.18802,0.32513,2.92781,-0.05953,,2023
GBPJPY,1,2023-03-29 17:00:00,2023-03-30 03:00:00,163.158,163.214,162.65051,164.17298,0.2449,5.6,12.48,12.16,10,time_exit,31.97245,0.33833,4.10102,1.20675,new_york,2023
GBPJPY,1,2023-04-03 08:00:00,2023-04-03 16:00:00,163.912,164.8947,163.42065,164.8947,0.2533,98.3,226.52,226.2,8,take_profit,21.16297,0.32757,-0.11899,4.03957,london,2023
GBPJPY,1,2023-04-03 22:00:00,2023-04-04 08:00:00,164.251,164.79,163.7665,165.22,0.262,53.9,128.51,128.19,10,time_exit,17.44958,0.323,0.33671,3.9634,,2023
GBPJPY,-1,2023-04-05 02:00:00,2023-04-05 12:00:00,164.529,164.21,164.99115,163.60469,0.2777,31.9,80.61,80.3,10,time_exit,19.89329,0.3081,-0.42869,4.21793,,2023
GBPJPY,-1,2023-04-06 03:00:00,2023-04-06 09:00:00,163.131,163.6037,163.6037,162.1856,0.2734,-47.3,-117.61,-117.92,6,stop_loss,25.70777,0.31513,-2.86767,1.87108,,2023
GBPJPY,-1,2023-04-06 18:00:00,2023-04-07 04:00:00,163.789,163.745,164.30153,162.76394,0.2496,4.4,9.99,9.68,10,time_exit,17.6919,0.34169,-0.08079,1.06346,new_york,2023
GBPJPY,1,2023-04-11 03:00:00,2023-04-11 13:00:00,165.388,165.64,165.02562,166.11276,0.3533,25.2,81.02,80.7,10,time_exit,33.68793,0.24159,3.22404,2.96945,,2023
GBPJPY,-1,2023-04-12 07:00:00,2023-04-12 15:00:00,166.401,165.7518,166.7256,165.7518,0.3971,64.9,234.6,234.28,8,take_profit,44.69655,0.2164,4.23227,5.17329,london,2023
GBPJPY,-1,2023-04-13 00:00:00,2023-04-13 10:00:00,166.195,166.223,166.63175,165.32149,0.3011,-2.8,-7.67,-7.99,10,time_exit,23.6082,0.29117,1.3218,4.03643,,2023
GBPJPY,-1,2023-04-14 18:00:00,2023-04-17 04:00:00,166.065,166.084,166.46671,165.26158,0.3271,-1.9,-5.66,-5.97,10,time_exit,21.75716,0.26781,0.24657,3.18367,new_york,2023
GBPJPY,-1,2023-04-17 09:00:00,2023-04-17 19:00:00,166.328,166.133,166.68209,165.61982,0.3709,19.5,65.82,65.5,10,time_exit,14.15218,0.23606,1.16315,3.26305,london,2023
GBPJPY,-1,2023-04-18 04:00:00,2023-04-18 05:00:00,166.276,166.60226,166.60226,165.62348,0.4047,-32.6,-120.15,-120.47,1,stop_loss,9.21587,0.21751,0.42741,3.35821,,2023
GBPJPY,-1,2023-04-18 10:00:00,2023-04-18 20:00:00,166.689,166.627,167.02623,166.01455,0.3877,6.2,21.87,21.56,10,time_exit,10.37012,0.22482,1.8654,3.31108,london,2023
GBPJPY,1,2023-04-18 20:00:00,2023-04-19 06:00:00,166.652,166.789,166.28864,167.37871,0.3604,13.7,44.93,44.61,10,time_exit,13.24451,0.24224,1.04428,3.18405,new_york,2023
GBPJPY,-1,2023-04-19 08:00:00,2023-04-19 09:00:00,166.803,167.07504,167.07504,166.25892,0.4832,-27.2,-119.62,-119.94,1,stop_loss,14.97513,0.18136,1.7014,4.17336,london,2023
GBPJPY,-1,2023-04-19 13:00:00,2023-04-19 19:00:00,167.337,167.74189,167.74189,166.52722,0.3214,-40.5,-118.42,-118.74,6,stop_loss,27.60453,0.26993,2.38871,3.15792,london,2023
GBPJPY,-1,2023-04-20 17:00:00,2023-04-21 03:00:00,167.16,166.892,167.52658,166.42683,0.3514,26.8,85.7,85.38,10,time_exit,16.12583,0.24439,-0.10508,3.93637,new_york,2023
GBPJPY,1,2023-04-21 08:00:00,2023-04-21 09:00:00,166.44,166.09027,166.09027,167.13946,0.3711,-35.0,-118.1,-118.42,1,stop_loss,25.1693,0.23315,-2.49423,3.05578,london,2023
GBPJPY,1,2023-04-21 09:00:00,2023-04-21 10:00:00,166.333,165.99239,165.99239,167.01421,0.3772,-34.1,-116.91,-117.23,1,stop_loss,26.4379,0.22707,-2.91335,3.01767,london,2023
GBPJPY,1,2023-04-21 10:00:00,2023-04-21 12:00:00,166.02,165.66579,165.66579,166.72841,0.3591,-35.4,-115.75,-116.07,2,stop_loss,28.49327,0.23614,-3.97736,2.75179,london,2023
GBPJPY,1,2023-04-24 16:00:00,2023-04-25 02:00:00,167.504,167.591,167.07845,168.35509,0.2959,8.7,23.43,23.11,10,time_exit,17.09634,0.2837,2.1639,1.64682,new_york,2023
GBPJPY,-1,2023-04-25 05:00:00,2023-04-25 11:00:00,167.761,167.029,168.127,167.029,0.3447,73.2,229.61,229.29,6,take_profit,15.58176,0.244,2.39542,2.51153,,2023
GBPJPY,1,2023-04-26 02:00:00,2023-04-26 12:00:00,166.012,166.376,165.53091,166.97418,0.2675,36.4,88.61,88.29,10,time_exit,33.85887,0.32073,-2.32892,0.61424,,2023
GBPJPY,1,2023-04-27 05:00:00,2023-04-27 15:00:00,166.572,166.661,166.10285,167.5103,0.2763,8.9,22.38,22.06,10,time_exit,15.27799,0.31277,0.01073,0.07608,,2023
GBPJPY,1,2023-04-28 13:00:00,2023-04-28 17:00:00,169.443,171.03142,168.64879,171.03142,0.1635,158.8,236.33,236.02,4,take_profit,24.14215,0.52947,4.05164,1.01346,london,2023
GBPJPY,1,2023-04-28 18:00:00,2023-05-01 04:00:00,170.94,171.639,170.14964,172.52073,0.1676,69.9,106.61,106.29,10,time_exit,31.84589,0.52691,5.97783,1.65815,new_york,2023
GBPJPY,1,2023-05-01 07:00:00,2023-05-01 10:00:00,172.038,171.46296,171.46296,173.18808,0.2324,-57.5,-121.61,-121.93,3,stop_loss,49.94718,0.38336,7.32048,4.63041,london,2023
GBPJPY,1,2023-05-01 21:00:00,2023-05-02 07:00:00,171.67,172.068,171.19882,172.61236,0.2808,39.8,101.7,101.38,10,time_exit,39.46193,0.31412,4.54314,7.15279,new_york,2023
GBPJPY,-1,2023-05-03 03:00:00,2023-05-03 13:00:00,170.282,169.41896,170.71352,169.41896,0.3092,86.3,242.84,242.52,10,take_profit,34.90855,0.28768,-1.69545,6.80041,,2023
GBPJPY,-1,2023-05-03 19:00:00,2023-05-03 21:00:00,169.768,170.29296,170.29296,168.71808,0.2592,-52.5,-123.82,-124.14,2,stop_loss,38.54071,0.34997,-1.42485,3.75906,new_york,2023
GBPJPY,-1,2023-05-05 10:00:00,2023-05-05 16:00:00,169.291,169.75128,169.75128,168.37045,0.2927,-46.0,-122.6,-122.92,6,stop_loss,22.66207,0.30685,0.18824,0.83949,london,2023
GBPJPY,-1,2023-05-05 20:00:00,2023-05-08 02:00:00,170.295,170.82778,170.82778,169.22944,0.2503,-53.3,-121.35,-121.67,6,stop_loss,31.41672,0.35519,2.5703,0.95584,new_york,2023
GBPJPY,-1,2023-05-08 08:00:00,2023-05-08 13:00:00,170.476,170.87755,170.87755,169.67289,0.3288,-40.2,-120.15,-120.47,5,stop_loss,44.53617,0.2677,2.57838,2.20432,london,2023
GBPJPY,-1,2023-05-08 18:00:00,2023-05-09 04:00:00,170.357,170.275,170.79055,169.48991,0.3015,8.2,22.5,22.18,10,time_exit,40.29656,0.28903,0.95866,2.57032,new_york,2023
GBPJPY,1,2023-05-09 11:00:00,2023-05-09 20:00:00,169.869,170.63756,169.48472,170.63756,0.3408,76.9,238.35,238.03,9,take_profit,17.58922,0.25619,-1.2757,2.74465,london,2023
GBPJPY,-1,2023-05-10 13:00:00,2023-05-10 16:00:00,170.646,169.97703,170.98048,169.97703,0.3994,66.9,243.14,242.82,3,take_profit,18.61242,0.22299,0.81946,3.24917,london,2023
GBPJPY,1,2023-05-10 19:00:00,2023-05-10 20:00:00,169.662,169.20693,169.20693,170.57213,0.2994,-45.5,-123.98,-124.3,1,stop_loss,22.10962,0.30338,-2.36079,2.04407,new_york,2023
GBPJPY,1,2023-05-11 16:00:00,2023-05-12 02:00:00,168.442,168.216,167.8418,169.64239,0.2247,-22.6,-46.21,-46.53,10,time_exit,37.7148,0.40013,-3.29607,0.20872,new_york,2023
GBPJPY,1,2023-05-15 08:00:00,2023-05-15 13:00:00,169.595,170.29142,169.24679,170.29142,0.3859,69.6,244.56,244.24,5,take_profit,19.29029,0.23214,2.31961,-1.35106,london,2023
GBPJPY,-1,2023-05-15 13:00:00,2023-05-15 19:00:00,170.148,170.53904,170.53904,169.36591,0.3505,-39.1,-124.73,-125.04,6,stop_loss,26.50233,0.2607,3.61271,-0.7265,london,2023
GBPJPY,-1,2023-05-16 22:00:00,2023-05-17 08:00:00,170.208,170.499,170.65059,169.32283,0.3066,-29.1,-81.19,-81.51,10,time_exit,18.4053,0.29506,0.6719,1.2219,,2023
GBPJPY,-1,2023-05-17 09:00:00,2023-05-17 14:00:00,170.501,170.82859,170.82859,169.84581,0.4114,-32.8,-122.64,-122.96,5,stop_loss,12.96298,0.2184,1.6819,1.86503,london,2023
GBPJPY,1,2023-05-22 16:00:00,2023-05-22 17:00:00,172.468,172.03607,172.03607,173.33186,0.3089,-43.2,-121.41,-121.73,1,stop_loss,23.19717,0.28795,2.80232,3.04244,new_york,2023
GBPJPY,-1,2023-05-24 03:00:00,2023-05-24 09:00:00,172.104,172.50008,172.50008,171.31185,0.3335,-39.6,-120.2,-120.52,6,stop_loss,11.70947,0.26405,0.54093,2.99757,,2023
GBPJPY,1,2023-05-24 19:00:00,2023-05-25 05:00:00,172.057,172.366,171.52778,173.11543,0.2471,30.9,69.48,69.16,10,time_exit,11.29215,0.35281,0.28767,1.89386,new_york,2023
GBPJPY,1,2023-05-26 09:00:00,2023-05-26 14:00:00,172.345,173.07633,171.97933,173.07633,0.3597,73.1,239.38,239.07,5,take_profit,18.17612,0.24378,0.19844,2.72898,london,2023
GBPJPY,1,2023-05-30 23:00:00,2023-05-31 08:00:00,173.422,172.94784,172.94784,174.37032,0.2829,-47.4,-122.07,-122.39,9,stop_loss,13.41246,0.31611,0.21597,2.85307,,2023
GBPJPY,1,2023-05-31 14:00:00,2023-05-31 15:00:00,173.115,172.66919,172.66919,174.00661,0.2979,-44.6,-120.85,-121.17,1,stop_loss,15.51229,0.2972,-0.4558,2.35717,london,2023
GBPJPY,1,2023-06-01 23:00:00,2023-06-02 09:00:00,173.916,174.114,173.45423,174.83954,0.2847,19.8,51.3,50.98,10,time_exit,18.97195,0.30785,1.30684,2.24616,,2023
GBPJPY,1,2023-06-07 03:00:00,2023-06-07 04:00:00,173.42,173.11988,173.11988,174.02024,0.44,-30.0,-120.17,-120.49,1,stop_loss,15.31907,0.20008,-0.68692,1.28957,,2023
GBPJPY,-1,2023-06-07 05:00:00,2023-06-07 13:00:00,173.153,173.46702,173.46702,172.52496,0.4163,-31.4,-118.96,-119.28,8,stop_loss,16.67782,0.20935,-1.80812,1.11254,,2023
GBPJPY,1,2023-06-07 14:00:00,2023-06-07 18:00:00,173.593,174.30847,173.23527,174.30847,0.3617,71.5,235.49,235.18,4,take_profit,20.39579,0.23849,0.76485,0.53224,london,2023
GBPJPY,-1,2023-06-13 05:00:00,2023-06-13 09:00:00,174.677,175.00211,175.00211,174.02677,0.406,-32.5,-120.12,-120.43,4,stop_loss,28.99052,0.21674,-0.69938,3.17375,,2023
GBPJPY,1,2023-06-13 17:00:00,2023-06-13 23:00:00,175.899,176.84424,175.42638,176.84424,0.2765,94.5,237.84,237.52,6,take_profit,32.2255,0.31508,2.87365,2.28484,new_york,2023
GBPJPY,1,2023-06-14 04:00:00,2023-06-14 14:00:00,176.562,177.04,176.19226,177.30148,0.3605,47.8,156.81,156.49,10,time_exit,52.69118,0.24649,3.97991,4.34823,,2023
GBPJPY,1,2023-06-14 16:00:00,2023-06-14 21:00:00,177.055,176.70041,176.70041,177.76418,0.3807,-35.5,-122.84,-123.16,5,stop_loss,41.806,0.23639,4.26701,5.41009,new_york,2023
GBPJPY,-1,2023-06-15 03:00:00,2023-06-15 04:00:00,177.35,177.68984,177.68984,176.67032,0.3932,-34.0,-121.6,-121.92,1,stop_loss,35.91342,0.22656,4.07914,6.24623,,2023
GBPJPY,1,2023-06-15 09:00:00,2023-06-15 15:00:00,178.65,178.27787,178.27787,179.39425,0.3555,-37.2,-120.39,-120.7,6,stop_loss,48.70674,0.24808,7.29974,6.53972,london,2023
GBPJPY,-1,2023-06-20 18:00:00,2023-06-20 22:00:00,179.975,180.50821,180.50821,178.90859,0.2456,-53.3,-119.17,-119.49,4,stop_loss,30.9077,0.35547,-2.67271,7.27485,new_york,2023
GBPJPY,-1,2023-06-20 22:00:00,2023-06-21 07:00:00,180.368,180.85392,180.85392,179.39615,0.2668,-48.6,-117.98,-118.3,9,stop_loss,36.20261,0.32395,-1.39923,7.4324,,2023
GBPJPY,-1,2023-06-21 10:00:00,2023-06-21 11:00:00,181.499,180.61095,181.94303,180.61095,0.2891,88.8,233.63,233.31,1,take_profit,26.35493,0.29602,2.36522,7.15589,london,2023
GBPJPY,-1,2023-06-21 19:00:00,2023-06-22 05:00:00,180.95,180.891,181.50662,179.83676,0.2352,5.9,12.63,12.31,10,time_exit,19.97766,0.37108,0.5444,5.13847,new_york,2023
GBPJPY,-1,2023-06-23 22:00:00,2023-06-26 08:00:00,182.76,182.544,183.36734,181.54533,0.2158,21.6,42.42,42.1,10,time_exit,20.93466,0.40489,2.24937,4.49424,,2023
GBPJPY,1,2023-06-28 13:00:00,2023-06-28 15:00:00,182.864,182.47007,182.47007,183.65186,0.3339,-39.4,-119.7,-120.01,2,stop_loss,15.28369,0.26262,-0.37524,6.06072,london,2023
GBPJPY,-1,2023-06-28 19:00:00,2023-06-29 05:00:00,182.235,182.292,182.6805,181.344,0.2923,-5.7,-15.16,-15.48,10,time_exit,20.85248,0.297,-2.0629,4.80288,new_york,2023
GBPJPY,-1,2023-07-04 02:00:00,2023-07-04 12:00:00,183.569,183.385,183.91127,182.88447,0.3799,18.4,63.61,63.29,10,time_exit,13.23639,0.22818,1.24183,4.19513,,2023
GBPJPY,1,2023-07-07 00:00:00,2023-07-07 08:00:00,183.515,183.03672,183.03672,184.47156,0.2733,-47.8,-118.95,-119.27,8,stop_loss,15.93677,0.31885,0.17075,1.68741,,2023
GBPJPY,-1,2023-07-07 18:00:00,2023-07-10 04:00:00,182.401,182.99697,182.99697,181.20906,0.2172,-59.6,-117.79,-118.11,10,stop_loss,31.0895,0.39731,-1.91743,0.59496,new_york,2023
GBPJPY,1,2023-07-10 13:00:00,2023-07-10 14:00:00,182.494,181.97739,181.97739,183.52723,0.248,-51.7,-116.59,-116.91,1,stop_loss,21.80583,0.34441,-1.08654,-0.00375,london,2023
GBPJPY,-1,2023-07-10 21:00:00,2023-07-11 07:00:00,181.624,181.272,182.15741,180.55718,0.2378,35.2,76.17,75.85,10,time_exit,32.7663,0.35561,-2.56686,-0.67464,new_york,2023
GBPJPY,-1,2023-07-11 19:00:00,2023-07-12 05:00:00,181.262,180.961,181.82288,180.14023,0.2276,30.1,62.34,62.02,10,time_exit,24.69831,0.37392,-1.6293,-1.71621,new_york,2023
GBPJPY,-1,2023-07-13 04:00:00,2023-07-13 09:00:00,179.989,180.47488,180.47488,179.01724,0.2642,-48.6,-116.82,-117.13,5,stop_loss,36.96644,0.32392,-2.27121,-3.73862,,2023
GBPJPY,1,2023-07-13 12:00:00,2023-07-13 22:00:00,180.485,181.268,179.98064,181.49372,0.2519,78.3,179.49,179.17,10,time_exit,31.29247,0.33624,-0.32092,-3.61202,london,2023
GBPJPY,1,2023-07-14 12:00:00,2023-07-14 22:00:00,181.482,181.862,180.95613,182.53375,0.2454,38.0,84.86,84.54,10,time_exit,21.8633,0.35058,1.7227,-2.19437,london,2023
GBPJPY,1,2023-07-17 10:00:00,2023-07-17 12:00:00,181.129,180.7004,180.7004,181.9862,0.3032,-42.9,-118.26,-118.57,2,stop_loss,17.82713,0.28573,-0.59235,-1.23014,london,2023
GBPJPY,1,2023-07-18 16:00:00,2023-07-18 17:00:00,180.765,181.75967,180.26767,181.75967,0.2587,99.5,234.16,233.84,1,take_profit,11.10262,0.33156,-1.54929,-0.82909,new_york,2023
GBPJPY,-1,2023-07-18 22:00:00,2023-07-19 08:00:00,181.127,181.556,181.66498,180.05105,0.2439,-42.9,-95.22,-95.53,10,time_exit,12.62662,0.35865,-0.40606,-0.73274,,2023
GBPJPY,-1,2023-07-19 13:00:00,2023-07-19 17:00:00,181.029,179.88618,181.60041,179.88618,0.2278,114.3,236.9,236.59,4,take_profit,13.76759,0.38094,-0.42308,-0.74872,london,2023
GBPJPY,-1,2023-07-19 21:00:00,2023-07-20 07:00:00,180.409,180.403,180.97582,179.27535,0.2343,0.6,1.28,0.96,10,time_exit,18.44387,0.37788,-1.42187,-1.16206,new_york,2023
GBPJPY,1,2023-07-21 14:00:00,2023-07-21 15:00:00,182.135,181.59124,181.59124,183.22252,0.2442,-54.4,-120.84,-121.15,1,stop_loss,28.49747,0.36251,3.83284,-1.0156,london,2023
GBPJPY,1,2023-07-21 21:00:00,2023-07-24 07:00:00,182.212,181.974,181.65616,183.32368,0.2365,-23.8,-51.22,-51.54,10,time_exit,26.7274,0.37056,3.15694,-0.33732,new_york,2023
GBPJPY,-1,2023-07-24 17:00:00,2023-07-25 00:00:00,181.002,181.55228,181.55228,179.90144,0.2379,-55.0,-119.13,-119.45,7,stop_loss,21.83448,0.36685,-1.12348,0.36086,new_york,2023
GBPJPY,-1,2023-07-26 07:00:00,2023-07-26 11:00:00,181.723,181.03118,182.06891,181.03118,0.3746,69.2,235.83,235.51,4,take_profit,22.69276,0.23061,0.7274,0.83335,london,2023
GBPJPY,1,2023-07-27 00:00:00,2023-07-27 04:00:00,181.386,180.95577,180.95577,182.24646,0.3072,-43.0,-120.27,-120.59,4,stop_loss,15.77256,0.28682,0.02799,0.40672,,2023
GBPJPY,1,2023-07-27 05:00:00,2023-07-27 15:00:00,181.117,181.465,180.63682,182.07736,0.2725,34.8,86.3,85.98,10,time_exit,13.69969,0.32012,-1.14577,0.33632,,2023
GBPJPY,-1,2023-07-27 15:00:00,2023-07-27 20:00:00,181.668,180.72108,182.14146,180.72108,0.2783,94.7,239.81,239.49,5,take_profit,12.8057,0.31564,0.50375,0.37052,london,2023
GBPJPY,1,2023-07-27 21:00:00,2023-07-27 22:00:00,179.017,178.23332,178.23332,180.58437,0.1715,-78.4,-122.31,-122.62,1,stop_loss,20.49272,0.52246,-4.52024,0.02188,new_york,2023
GBPJPY,-1,2023-07-27 23:00:00,2023-07-28 06:00:00,177.778,178.64212,178.64212,176.04975,0.154,-86.4,-121.1,-121.42,7,stop_loss,28.06513,0.57608,-5.80603,-0.30792,,2023
GBPJPY,1,2023-07-28 19:00:00,2023-07-31 05:00:00,181.052,182.176,179.85855,183.43891,0.1104,112.4,112.92,112.6,10,time_exit,27.78099,0.79564,1.386,-1.13706,new_york,2023
GBPJPY,-1,2023-08-01 17:00:00,2023-08-02 03:00:00,183.066,182.871,183.51331,182.17138,0.2973,19.5,52.76,52.44,10,time_exit,34.95857,0.29821,2.65707,2.60249,new_york,2023
GBPJPY,1,2023-08-02 13:00:00,2023-08-02 23:00:00,182.262,182.174,181.74969,183.28662,0.2607,-8.8,-20.88,-21.2,10,time_exit,26.89393,0.34154,-0.69781,2.33828,london,2023
GBPJPY,-1,2023-08-03 05:00:00,2023-08-03 08:00:00,182.281,182.71225,182.71225,181.41851,0.3091,-43.1,-121.3,-121.62,3,stop_loss,25.72419,0.2875,-0.25267,2.03026,,2023
GBPJPY,-1,2023-08-03 08:00:00,2023-08-03 10:00:00,182.493,181.6216,182.9287,181.6216,0.3029,87.1,240.19,239.87,2,take_profit,24.12412,0.29047,0.5032,1.93313,london,2023
GBPJPY,-1,2023-08-03 18:00:00,2023-08-03 19:00:00,180.641,181.27701,181.27701,179.36899,0.2117,-63.6,-122.52,-122.84,1,stop_loss,33.72457,0.424,-3.11516,0.5258,new_york,2023
GBPJPY,-1,2023-08-07 23:00:00,2023-08-08 03:00:00,182.161,182.53266,182.53266,181.41769,0.3586,-37.2,-121.28,-121.6,4,stop_loss,26.46162,0.24777,3.1101,-0.55065,,2023
GBPJPY,1,2023-08-09 00:00:00,2023-08-09 10:00:00,182.75,182.934,182.29118,183.66764,0.2875,18.4,48.14,47.82,10,time_exit,24.24229,0.30588,2.50954,1.00363,,2023
GBPJPY,1,2023-08-14 23:00:00,2023-08-15 09:00:00,184.431,185.15606,184.06847,185.15606,0.3654,72.5,241.09,240.77,10,take_profit,19.82743,0.24169,2.46694,4.06155,,2023
GBPJPY,1,2023-08-15 14:00:00,2023-08-16 00:00:00,184.979,184.898,184.57055,185.7959,0.3308,-8.1,-24.38,-24.7,10,time_exit,30.88924,0.2723,2.59673,4.1963,london,2023
GBPJPY,1,2023-08-16 14:00:00,2023-08-16 21:00:00,185.514,186.24612,185.14794,186.24612,0.3683,73.2,245.37,245.05,7,take_profit,25.41341,0.24404,3.07191,5.0304,london,2023
GBPJPY,-1,2023-08-18 03:00:00,2023-08-18 09:00:00,185.719,184.97682,186.09009,184.97682,0.3706,74.2,250.3,249.98,6,take_profit,30.47831,0.24739,-0.12882,5.86733,,2023
GBPJPY,1,2023-08-21 05:00:00,2023-08-21 15:00:00,185.338,186.18567,184.91416,186.18567,0.331,84.8,255.33,255.01,10,take_profit,25.26572,0.28256,-0.02895,2.97776,,2023
GBPJPY,1,2023-08-21 16:00:00,2023-08-22 02:00:00,186.292,186.602,185.87714,187.12172,0.3449,31.0,97.3,96.98,10,time_exit,24.11254,0.27657,3.1782,2.90941,new_york,2023
GBPJPY,-1,2023-08-22 14:00:00,2023-08-23 00:00:00,185.972,185.674,186.31168,185.29265,0.4243,29.8,115.06,114.74,10,time_exit,28.80765,0.22645,-0.08957,4.54808,london,2023
GBPJPY,1,2023-08-23 06:00:00,2023-08-23 10:00:00,185.6,185.31218,185.31218,186.17564,0.5052,-28.8,-132.32,-132.64,4,stop_loss,31.74174,0.19188,-1.31042,4.04617,,2023
GBPJPY,1,2023-08-23 14:00:00,2023-08-24 00:00:00,183.688,184.167,183.18512,184.69376,0.2862,47.9,124.75,124.43,10,time_exit,41.12359,0.33525,-5.66638,1.5617,london,2023
GBPJPY,1,2023-08-24 04:00:00,2023-08-24 14:00:00,184.137,184.346,183.72011,184.97079,0.3486,20.9,66.3,65.98,10,time_exit,48.06295,0.27793,-2.79192,-0.05002,,2023
GBPJPY,1,2023-08-24 23:00:00,2023-08-25 09:00:00,183.642,183.594,183.24773,184.43055,0.3704,-4.8,-16.18,-16.5,10,time_exit,32.57993,0.26285,-3.45106,-0.99371,,2023
GBPJPY,-1,2023-08-25 09:00:00,2023-08-25 14:00:00,183.691,184.05842,184.05842,182.95616,0.397,-36.7,-132.74,-133.06,5,stop_loss,35.10002,0.24495,-2.24635,-1.77178,london,2023
GBPJPY,1,2023-08-28 02:00:00,2023-08-28 12:00:00,184.34,184.311,183.98052,185.05895,0.4017,-2.9,-10.6,-10.92,10,time_exit,23.23699,0.23965,0.70087,-1.79735,,2023
GBPJPY,1,2023-08-29 21:00:00,2023-08-30 07:00:00,184.159,184.576,183.75496,184.96708,0.3571,41.7,135.51,135.19,10,time_exit,22.38313,0.26936,-1.39063,-0.24172,new_york,2023
GBPJPY,-1,2023-08-30 08:00:00,2023-08-30 09:00:00,184.572,184.89158,184.89158,183.93284,0.4561,-32.0,-132.64,-132.96,1,stop_loss,15.47038,0.21305,0.24913,-0.31176,london,2023
GBPJPY,1,2023-08-31 00:00:00,2023-08-31 03:00:00,186.006,185.65937,185.65937,186.69926,0.4163,-34.7,-131.31,-131.63,3,stop_loss,42.60833,0.23109,4.52605,1.20038,,2023
GBPJPY,1,2023-09-01 11:00:00,2023-09-01 14:00:00,184.449,184.07606,184.07606,185.19488,0.383,-37.3,-129.98,-130.3,3,stop_loss,34.46165,0.24863,-1.18053,-0.01714,london,2023
GBPJPY,-1,2023-09-04 22:00:00,2023-09-05 08:00:00,185.048,185.218,185.31608,184.51184,0.5275,-17.0,-81.6,-81.92,10,time_exit,28.76382,0.17872,2.5967,-0.39195,,2023
GBPJPY,-1,2023-09-07 08:00:00,2023-09-07 11:00:00,184.425,183.73499,184.77001,183.73499,0.4073,69.0,255.75,255.43,3,take_profit,20.8126,0.23,-1.80379,0.18448,london,2023
GBPJPY,-1,2023-09-07 15:00:00,2023-09-08 01:00:00,183.522,183.663,183.92592,182.71416,0.3548,-14.1,-45.52,-45.84,10,time_exit,32.36125,0.26928,-4.04315,-0.47251,london,2023
GBPJPY,1,2023-09-08 21:00:00,2023-09-11 00:00:00,184.15,183.77867,183.77867,184.89267,0.3846,-37.1,-129.96,-130.28,3,stop_loss,19.52015,0.24756,0.04558,-1.5198,new_york,2023
GBPJPY,1,2023-09-12 08:00:00,2023-09-12 11:00:00,183.572,183.19481,183.19481,184.32639,0.3748,-37.7,-128.65,-128.97,3,stop_loss,21.60726,0.25146,-0.15822,-2.34083,london,2023
GBPJPY,-1,2023-09-12 13:00:00,2023-09-12 15:00:00,183.047,183.46436,183.46436,182.21228,0.3354,-41.7,-127.38,-127.7,2,stop_loss,20.33114,0.27824,-1.84489,-2.14436,london,2023
GBPJPY,-1,2023-09-12 20:00:00,2023-09-13 03:00:00,183.643,184.0257,184.0257,182.87759,0.3621,-38.3,-126.1,-126.42,7,stop_loss,16.59335,0.25514,0.43801,-2.26039,new_york,2023
GBPJPY,-1,2023-09-13 07:00:00,2023-09-13 09:00:00,184.018,183.39107,184.33146,183.39107,0.4376,62.7,249.65,249.33,2,take_profit,23.91798,0.20898,1.77721,-2.08269,london,2023
GBPJPY,1,2023-09-13 10:00:00,2023-09-13 15:00:00,183.353,184.08921,182.9849,184.08921,0.3801,73.6,254.65,254.33,5,take_profit,25.20272,0.2454,-1.27135,-1.66675,london,2023
GBPJPY,1,2023-09-13 16:00:00,2023-09-14 02:00:00,184.082,184.009,183.6442,184.95761,0.326,-7.3,-21.66,-21.97,10,time_exit,19.5626,0.29187,1.31645,-1.2367,new_york,2023
GBPJPY,-1,2023-09-15 00:00:00,2023-09-15 08:00:00,182.977,183.34324,183.34324,182.24452,0.389,-36.6,-129.65,-129.96,8,stop_loss,32.54917,0.24416,-2.27142,-1.59109,,2023
GBPJPY,-1,2023-09-15 19:00:00,2023-09-18 05:00:00,183.148,183.038,183.52428,182.39544,0.3748,11.0,37.52,37.2,10,time_exit,23.29087,0.25085,-1.08351,-1.61994,new_york,2023
GBPJPY,-1,2023-09-20 02:00:00,2023-09-20 09:00:00,183.138,182.65598,183.37901,182.65598,0.5869,48.2,257.44,257.12,7,take_profit,11.26668,0.16067,0.32146,-2.48933,,2023
GBPJPY,-1,2023-09-20 23:00:00,2023-09-21 09:00:00,182.852,182.775,183.19837,182.15927,0.4165,7.7,29.18,28.87,10,time_exit,17.25988,0.23091,-0.86758,-1.48666,,2023
GBPJPY,-1,2023-09-21 12:00:00,2023-09-21 14:00:00,182.327,181.56744,182.70678,181.56744,0.3807,76.0,263.14,262.82,2,take_profit,24.9355,0.25319,-2.32808,-1.57682,london,2023
GBPJPY,1,2023-09-22 04:00:00,2023-09-22 09:00:00,181.357,182.08018,180.99541,182.08018,0.4079,72.3,268.44,268.12,5,take_profit,47.14532,0.24106,-3.55245,-3.43353,,2023
GBPJPY,1,2023-09-25 00:00:00,2023-09-25 10:00:00,181.545,181.709,181.14026,182.35448,0.3717,16.4,55.47,55.15,10,time_exit,18.95395,0.26983,-1.45676,-3.23014,,2023
GBPJPY,1,2023-09-26 07:00:00,2023-09-26 10:00:00,181.582,181.31597,181.31597,182.11406,0.5677,-26.6,-137.43,-137.75,3,stop_loss,9.53703,0.17735,-1.01058,-4.18313,london,2023
GBPJPY,1,2023-09-27 02:00:00,2023-09-27 05:00:00,181.163,180.88557,180.88557,181.71786,0.539,-27.7,-136.08,-136.4,3,stop_loss,26.18102,0.18495,-1.88863,-4.25438,,2023
GBPJPY,1,2023-09-29 07:00:00,2023-09-29 09:00:00,182.536,182.2226,182.2226,183.1628,0.4723,-31.3,-134.7,-135.02,2,stop_loss,30.60908,0.20893,3.36212,-0.99859,london,2023
GBPJPY,1,2023-10-03 06:00:00,2023-10-03 10:00:00,180.929,180.60782,180.60782,181.57136,0.4563,-32.1,-133.37,-133.68,4,stop_loss,39.94224,0.21412,-4.08684,-1.0386,,2023
GBPJPY,-1,2023-10-03 18:00:00,2023-10-04 04:00:00,180.033,180.116,180.73773,178.62355,0.2059,-8.3,-15.55,-15.87,10,time_exit,44.44429,0.46982,-3.02325,-0.94535,new_york,2023
GBPJPY,1,2023-10-04 15:00:00,2023-10-05 01:00:00,180.582,180.849,180.06327,181.61947,0.2793,26.7,67.86,67.54,10,time_exit,46.43125,0.34582,-0.44602,-2.39816,london,2023
GBPJPY,1,2023-10-09 14:00:00,2023-10-10 00:00:00,181.526,181.787,181.10305,182.37191,0.3443,26.1,81.77,81.46,10,time_exit,15.87994,0.28197,-0.41467,0.51613,london,2023
GBPJPY,-1,2023-10-13 01:00:00,2023-10-13 05:00:00,182.38,182.73048,182.73048,181.67903,0.4181,-35.0,-133.35,-133.67,4,stop_loss,29.31977,0.23366,-2.48528,3.06984,,2023
GBPJPY,1,2023-10-13 13:00:00,2023-10-13 14:00:00,182.429,182.06345,182.06345,183.16009,0.3968,-36.6,-131.99,-132.31,1,stop_loss,21.2291,0.2437,-1.64796,2.25993,london,2023
GBPJPY,-1,2023-10-13 19:00:00,2023-10-16 05:00:00,181.578,181.666,181.99497,180.74405,0.3444,-8.8,-27.58,-27.9,10,time_exit,30.32063,0.27798,-3.85891,1.39298,new_york,2023
GBPJPY,1,2023-10-17 15:00:00,2023-10-18 01:00:00,182.109,182.41,181.6861,182.9548,0.3389,30.1,92.83,92.51,10,time_exit,28.5648,0.28193,-0.52894,0.1977,london,2023
GBPJPY,1,2023-10-18 01:00:00,2023-10-18 03:00:00,182.478,182.08451,182.08451,183.26498,0.3668,-39.3,-131.34,-131.66,2,stop_loss,28.27577,0.26233,0.72172,0.30694,,2023
GBPJPY,1,2023-10-18 05:00:00,2023-10-18 15:00:00,182.178,182.324,181.8209,182.89221,0.4001,14.6,53.16,52.84,10,time_exit,28.20671,0.23807,-0.50086,0.31379,,2023
GBPJPY,-1,2023-10-20 06:00:00,2023-10-20 16:00:00,181.942,182.29311,182.29311,181.23979,0.4086,-35.1,-130.55,-130.87,10,stop_loss,18.06348,0.23407,-0.09267,-0.68334,,2023
GBPJPY,-1,2023-10-20 21:00:00,2023-10-23 07:00:00,182.227,182.165,182.62233,181.43634,0.3592,6.2,20.27,19.95,10,time_exit,13.95943,0.26355,1.05802,-0.54365,new_york,2023
GBPJPY,1,2023-10-25 09:00:00,2023-10-25 10:00:00,182.368,182.1098,182.1098,182.8844,0.5509,-25.8,-129.44,-129.76,1,stop_loss,37.00437,0.17213,-1.26359,1.30224,london,2023
GBPJPY,-1,2023-10-26 14:00:00,2023-10-26 15:00:00,181.463,181.86141,181.86141,180.66619,0.3534,-39.8,-128.13,-128.44,1,stop_loss,30.74363,0.2656,-2.12433,-0.72099,london,2023
GBPJPY,-1,2023-10-27 14:00:00,2023-10-27 20:00:00,181.94,181.31359,182.2532,181.31359,0.4451,62.6,253.72,253.4,6,take_profit,17.16056,0.2088,-0.90809,-0.39369,london,2023
GBPJPY,-1,2023-10-30 04:00:00,2023-10-30 14:00:00,181.412,181.75388,181.75388,180.72824,0.4159,-34.2,-129.39,-129.71,10,stop_loss,34.46775,0.22792,-1.8916,-1.21359,,2023
GBPJPY,1,2023-11-01 04:00:00,2023-11-01 14:00:00,183.748,183.382,183.24086,184.76229,0.2776,-36.6,-92.46,-92.78,10,time_exit,35.00495,0.3381,2.93287,1.48141,,2023
GBPJPY,-1,2023-11-01 21:00:00,2023-11-02 01:00:00,182.978,183.44576,183.44576,182.04247,0.2987,-46.8,-127.15,-127.46,4,stop_loss,15.93151,0.31184,-0.42787,2.06534,new_york,2023
GBPJPY,-1,2023-11-03 22:00:00,2023-11-06 08:00:00,184.862,185.20752,185.20752,184.17095,0.4004,-34.6,-125.9,-126.21,10,stop_loss,28.56266,0.23035,5.24121,3.3422,,2023
GBPJPY,-1,2023-11-07 16:00:00,2023-11-08 02:00:00,185.215,184.976,185.5367,184.57159,0.4257,23.9,92.59,92.27,10,time_exit,17.4496,0.21447,1.30114,5.80009,new_york,2023
GBPJPY,1,2023-11-08 06:00:00,2023-11-08 16:00:00,184.818,185.251,184.52748,185.39904,0.4749,43.3,187.12,186.81,10,time_exit,17.5603,0.19368,-0.63429,5.5901,,2023
GBPJPY,1,2023-11-09 05:00:00,2023-11-09 15:00:00,185.397,185.13946,185.13946,185.91208,0.5437,-25.8,-127.42,-127.74,10,stop_loss,16.85023,0.17169,1.5977,5.76045,,2023
GBPJPY,-1,2023-11-10 07:00:00,2023-11-10 17:00:00,185.073,184.744,185.33703,184.54493,0.525,32.9,157.18,156.86,10,time_exit,22.58974,0.17602,-0.42709,4.37971,london,2023
GBPJPY,-1,2023-11-10 19:00:00,2023-11-10 20:00:00,184.953,185.26144,185.26144,184.33611,0.455,-30.8,-127.71,-128.03,1,stop_loss,21.49037,0.20563,-0.65804,3.09871,new_york,2023
GBPJPY,-1,2023-11-14 04:00:00,2023-11-14 09:00:00,186.215,186.49138,186.49138,185.66224,0.5027,-27.6,-126.43,-126.75,5,stop_loss,11.89176,0.18425,3.04744,4.52476,,2023
GBPJPY,1,2023-11-15 01:00:00,2023-11-15 11:00:00,187.916,187.51797,187.51797,188.71205,0.3455,-39.8,-125.14,-125.46,10,stop_loss,40.66984,0.26535,5.1785,4.90778,,2023
GBPJPY,-1,2023-11-16 05:00:00,2023-11-16 11:00:00,187.343,187.68222,187.68222,186.66457,0.4014,-33.9,-123.91,-124.23,6,stop_loss,19.61779,0.22614,-0.14886,6.64191,,2023
GBPJPY,1,2023-11-20 04:00:00,2023-11-20 05:00:00,186.413,186.0013,186.0013,187.2364,0.3274,-41.2,-122.66,-122.98,1,stop_loss,35.25016,0.27447,-0.9057,1.74169,,2023
GBPJPY,1,2023-11-20 23:00:00,2023-11-21 04:00:00,185.521,185.11465,185.11465,186.33371,0.3284,-40.6,-121.44,-121.75,5,stop_loss,33.96707,0.2709,-1.93242,-0.10508,,2023
GBPJPY,1,2023-11-22 08:00:00,2023-11-22 18:00:00,186.319,186.587,185.92562,187.10576,0.3358,26.8,81.89,81.58,10,time_exit,19.77716,0.26225,2.36735,-0.77393,london,2023
GBPJPY,1,2023-11-23 04:00:00,2023-11-23 11:00:00,186.41,187.12358,186.05321,187.12358,0.3728,71.4,242.08,241.76,7,take_profit,27.55765,0.23786,0.75089,0.79951,,2023
GBPJPY,1,2023-11-24 07:00:00,2023-11-24 11:00:00,187.251,187.82091,186.96605,187.82091,0.4761,57.0,246.91,246.59,4,take_profit,29.26416,0.18997,1.7765,3.14817,london,2023
GBPJPY,-1,2023-11-28 16:00:00,2023-11-29 02:00:00,187.57,186.78612,187.96194,186.78612,0.353,78.4,251.81,251.49,10,take_profit,24.69015,0.26129,-0.1315,2.46631,new_york,2023
GBPJPY,1,2023-11-29 10:00:00,2023-11-29 20:00:00,187.065,187.156,186.67487,187.84527,0.3618,9.1,29.96,29.64,10,time_exit,23.51953,0.26009,-1.00245,1.41742,london,2023
GBPJPY,-1,2023-11-30 13:00:00,2023-11-30 16:00:00,186.584,186.99849,186.99849,185.75501,0.3413,-41.4,-128.73,-129.05,3,stop_loss,28.14593,0.27633,-1.54424,0.1635,london,2023
GBPJPY,1,2023-12-01 22:00:00,2023-12-04 00:00:00,186.501,186.0813,186.0813,187.34039,0.3337,-42.0,-127.45,-127.77,2,stop_loss,22.04667,0.2798,-1.67792,-0.00836,,2023
GBPJPY,-1,2023-12-04 19:00:00,2023-12-05 05:00:00,185.858,185.921,186.31052,184.95296,0.3064,-6.3,-17.57,-17.88,10,time_exit,38.78757,0.30168,-1.68382,-1.37679,new_york,2023
GBPJPY,1,2023-12-06 01:00:00,2023-12-06 11:00:00,185.186,185.624,184.81295,185.93209,0.3711,43.8,147.91,147.59,10,time_exit,37.67984,0.2487,-2.57904,-2.66652,,2023
GBPJPY,1,2023-12-06 19:00:00,2023-12-07 00:00:00,185.234,184.8733,184.8733,185.95541,0.3883,-36.1,-127.46,-127.77,5,stop_loss,27.57625,0.24047,-1.69176,-2.81638,new_york,2023
GBPJPY,-1,2023-12-08 08:00:00,2023-12-08 18:00:00,181.174,181.639,182.17922,179.16357,0.1379,-46.5,-58.35,-58.67,10,time_exit,67.02988,0.67014,-2.49963,-3.41119,london,2023
GBPJPY,-1,2023-12-08 20:00:00,2023-12-11 03:00:00,181.662,182.58146,182.58146,179.82308,0.1501,-91.9,-125.59,-125.91,7,stop_loss,47.31039,0.61297,-0.97615,-3.97722,new_york,2023
GBPJPY,1,2023-12-12 06:00:00,2023-12-12 09:00:00,183.091,182.62515,182.62515,184.0227,0.2933,-46.6,-124.34,-124.65,3,stop_loss,21.45035,0.31057,0.34831,-4.06372,,2023
GBPJPY,-1,2023-12-12 09:00:00,2023-12-12 19:00:00,182.875,182.737,183.31786,181.98928,0.3054,13.8,38.35,38.03,10,time_exit,22.12984,0.29524,-0.34172,-4.17085,london,2023
GBPJPY,1,2023-12-14 05:00:00,2023-12-14 06:00:00,179.499,178.77585,178.77585,180.9453,0.1876,-72.3,-123.45,-123.77,1,stop_loss,48.66309,0.4821,-4.90509,-3.20605,,2023
GBPJPY,1,2023-12-18 19:00:00,2023-12-19 02:00:00,180.682,180.17587,180.17587,181.69426,0.2654,-50.6,-122.24,-122.56,7,stop_loss,16.90382,0.33742,-0.10794,-4.04901,new_york,2023
GBPJPY,-1,2023-12-19 15:00:00,2023-12-20 01:00:00,183.792,183.208,184.56027,182.25546,0.1731,58.4,91.99,91.67,10,time_exit,23.42893,0.51218,4.58704,-1.16389,london,2023
GBPJPY,1,2023-12-20 13:00:00,2023-12-20 23:00:00,181.4,181.44,180.78281,182.63438,0.2171,4.0,7.9,7.58,10,time_exit,25.01504,0.41146,-1.86633,-0.04174,london,2023
GBPJPY,1,2023-12-21 05:00:00,2023-12-21 15:00:00,180.527,180.317,179.98269,181.61562,0.2463,-21.0,-47.07,-47.39,10,time_exit,34.49502,0.36287,-3.62691,-0.67742,,2023
GBPJPY,-1,2023-12-22 01:00:00,2023-12-22 05:00:00,180.211,180.67346,180.67346,179.28607,0.2888,-46.2,-121.54,-121.86,4,stop_loss,34.85784,0.30831,-2.69958,-2.34054,,2023
GBPJPY,1,2023-12-26 21:00:00,2023-12-27 07:00:00,181.088,181.517,180.78528,181.69344,0.4367,42.9,170.48,170.16,10,time_exit,13.19959,0.20181,1.12955,-2.83504,new_york,2023
GBPJPY,1,2023-12-27 09:00:00,2023-12-27 10:00:00,181.609,181.3095,181.3095,182.20799,0.4477,-29.9,-122.02,-122.34,1,stop_loss,22.60219,0.19966,2.77951,-1.81899,london,2023
GBPJPY,-1,2023-12-27 16:00:00,2023-12-28 01:00:00,181.848,181.09381,182.22509,181.09381,0.352,75.4,241.58,241.26,9,take_profit,22.9531,0.2514,2.64699,-0.98964,new_york,2023
GBPJPY,-1,2024-01-02 19:00:00,2024-01-03 05:00:00,179.21,179.353,179.79576,178.03849,0.2311,-14.3,-30.07,-30.39,10,time_exit,23.05002,0.3905,-1.94604,-2.03157,new_york,2024
GBPJPY,1,2024-01-03 13:00:00,2024-01-03 16:00:00,180.113,180.98429,179.67736,180.98429,0.31,87.1,245.79,245.47,3,take_profit,24.31128,0.29043,1.19206,-2.72406,london,2024
GBPJPY,1,2024-01-03 19:00:00,2024-01-04 05:00:00,181.465,181.665,180.96486,182.46528,0.2754,20.0,50.12,49.8,10,time_exit,34.10554,0.33343,4.37264,-1.70724,new_york,2024
GBPJPY,-1,2024-01-04 06:00:00,2024-01-04 07:00:00,181.665,182.10409,182.10409,180.78681,0.3149,-43.9,-125.83,-126.14,1,stop_loss,42.03963,0.29273,3.85999,-0.46453,,2024
GBPJPY,1,2024-01-04 09:00:00,2024-01-04 11:00:00,181.975,182.86342,181.53079,182.86342,0.3082,88.8,249.17,248.85,2,take_profit,45.43007,0.29614,4.31882,-0.03408,london,2024
GBPJPY,-1,2024-01-05 04:00:00,2024-01-05 14:00:00,183.726,183.715,184.15378,182.87045,0.3264,1.1,3.27,2.95,10,time_exit,48.59772,0.28518,5.68283,3.32749,,2024
GBPJPY,-1,2024-01-08 06:00:00,2024-01-08 14:00:00,183.527,183.9608,183.9608,182.65941,0.322,-43.4,-127.11,-127.43,8,stop_loss,22.92157,0.2892,0.95629,5.09215,,2024
GBPJPY,-1,2024-01-08 17:00:00,2024-01-08 22:00:00,183.431,183.90345,183.90345,182.4861,0.2927,-47.2,-125.84,-126.16,5,stop_loss,16.97622,0.31497,0.29158,4.35548,new_york,2024
GBPJPY,1,2024-01-12 03:00:00,2024-01-12 10:00:00,185.488,185.02929,185.02929,186.40543,0.2984,-45.9,-124.56,-124.88,7,stop_loss,20.49833,0.30581,1.17359,5.35801,,2024
GBPJPY,1,2024-01-12 15:00:00,2024-01-12 16:00:00,185.014,184.55217,184.55217,185.93766,0.2934,-46.2,-123.31,-123.62,1,stop_loss,22.98759,0.30789,-0.43862,4.7599,london,2024
GBPJPY,-1,2024-01-12 17:00:00,2024-01-15 03:00:00,184.561,184.846,185.06178,183.55944,0.2679,-28.5,-69.48,-69.8,10,time_exit,22.10445,0.33385,-1.66229,4.21136,new_york,2024
GBPJPY,-1,2024-01-15 06:00:00,2024-01-15 10:00:00,185.167,185.54656,185.54656,184.40787,0.3514,-38.0,-121.37,-121.69,4,stop_loss,14.18021,0.25304,0.72511,4.53968,,2024
GBPJPY,1,2024-01-16 15:00:00,2024-01-17 01:00:00,185.506,186.089,185.14076,186.23648,0.3615,58.3,191.79,191.47,10,time_exit,15.1222,0.24349,0.96661,4.10749,london,2024
GBPJPY,1,2024-01-17 01:00:00,2024-01-17 09:00:00,185.904,186.60796,185.55202,186.60796,0.3811,70.4,244.13,243.82,8,take_profit,19.32479,0.23465,1.89052,4.46989,,2024
GBPJPY,-1,2024-01-18 21:00:00,2024-01-19 03:00:00,188.096,188.47238,188.47238,187.34324,0.3635,-37.6,-124.5,-124.82,6,stop_loss,31.21143,0.25092,3.52847,6.83084,new_york,2024
GBPJPY,1,2024-01-22 06:00:00,2024-01-22 16:00:00,188.043,188.088,187.65229,188.82442,0.3467,4.5,14.2,13.88,10,time_exit,15.53893,0.26047,0.809,6.19283,,2024
GBPJPY,1,2024-01-24 00:00:00,2024-01-24 10:00:00,187.983,187.56646,187.56646,188.81609,0.3256,-41.7,-123.42,-123.74,10,stop_loss,13.2887,0.2777,0.58175,4.29211,,2024
GBPJPY,-1,2024-01-24 10:00:00,2024-01-24 11:00:00,187.763,188.15016,188.15016,186.98869,0.3468,-38.7,-122.18,-122.5,1,stop_loss,21.60681,0.2581,-0.94633,4.02243,london,2024
GBPJPY,-1,2024-01-26 04:00:00,2024-01-26 11:00:00,187.513,187.90807,187.90807,186.72287,0.3364,-39.5,-120.94,-121.26,7,stop_loss,19.87958,0.26338,-0.92849,2.01237,,2024
GBPJPY,-1,2024-01-29 21:00:00,2024-01-30 07:00:00,187.292,187.262,187.62718,186.62164,0.3925,3.0,10.72,10.4,10,time_exit,23.23073,0.22345,-2.33777,1.63269,new_york,2024
GBPJPY,-1,2024-01-30 12:00:00,2024-01-30 17:00:00,186.9,187.2551,187.2551,186.1898,0.3708,-35.5,-119.82,-120.14,5,stop_loss,34.77058,0.23673,-2.74172,0.55355,london,2024
GBPJPY,1,2024-01-30 20:00:00,2024-01-31 02:00:00,187.429,187.02799,187.02799,188.23101,0.3251,-40.1,-118.63,-118.95,6,stop_loss,36.15438,0.26734,0.09985,0.06487,new_york,2024
GBPJPY,-1,2024-02-02 16:00:00,2024-02-05 02:00:00,187.492,187.487,187.93786,186.60027,0.2895,0.5,1.32,1.0,10,time_exit,28.78399,0.29724,2.84726,-1.18136,new_york,2024
GBPJPY,-1,2024-02-05 03:00:00,2024-02-05 13:00:00,187.485,186.60349,187.92576,186.60349,0.2928,88.2,234.88,234.56,10,take_profit,33.99077,0.29384,1.90711,-0.39126,,2024
GBPJPY,-1,2024-02-05 19:00:00,2024-02-06 05:00:00,186.436,186.405,186.83325,185.64151,0.3314,3.1,9.35,9.03,10,time_exit,26.47651,0.26483,-1.69266,-0.49227,new_york,2024
GBPJPY,1,2024-02-06 13:00:00,2024-02-06 17:00:00,186.534,186.24136,186.24136,187.11929,0.4502,-29.3,-119.89,-120.21,4,stop_loss,22.06395,0.1951,-0.52806,-1.42512,london,2024
GBPJPY,1,2024-02-07 03:00:00,2024-02-07 10:00:00,186.277,186.85735,185.98683,186.85735,0.4495,58.0,237.39,237.07,7,take_profit,18.19259,0.19345,-1.31721,-1.63756,,2024
GBPJPY,-1,2024-02-07 20:00:00,2024-02-08 03:00:00,186.989,187.33715,187.33715,186.29271,0.3821,-34.8,-121.05,-121.37,7,stop_loss,20.68905,0.2321,1.40316,-0.72737,new_york,2024
GBPJPY,1,2024-02-08 09:00:00,2024-02-08 19:00:00,187.885,188.469,187.56956,188.51589,0.4175,58.4,221.88,221.56,10,time_exit,23.35243,0.2103,4.55975,0.17237,london,2024
GBPJPY,-1,2024-02-09 10:00:00,2024-02-09 20:00:00,188.726,188.715,188.99088,188.19624,0.5064,1.1,5.07,4.75,10,time_exit,47.68711,0.17659,5.08389,3.52261,london,2024
GBPJPY,1,2024-02-09 20:00:00,2024-02-12 00:00:00,188.625,188.32434,188.32434,189.22633,0.4463,-30.1,-122.11,-122.43,4,stop_loss,40.80897,0.20044,2.84785,3.6206,new_york,2024
GBPJPY,1,2024-02-13 02:00:00,2024-02-13 09:00:00,188.648,189.12701,188.40849,189.12701,0.5546,47.9,241.75,241.43,7,take_profit,21.0707,0.15967,1.92824,4.50304,,2024
GBPJPY,1,2024-02-13 15:00:00,2024-02-13 18:00:00,189.306,189.88259,189.0177,189.88259,0.47,57.7,246.61,246.29,3,take_profit,34.23951,0.1922,3.74858,4.19731,london,2024
GBPJPY,-1,2024-02-13 22:00:00,2024-02-14 08:00:00,189.709,189.659,190.06716,188.99267,0.3859,5.0,17.56,17.24,10,time_exit,34.21991,0.23878,3.52191,4.01374,,2024
GBPJPY,-1,2024-02-14 08:00:00,2024-02-14 09:00:00,189.694,189.10811,189.98695,189.10811,0.4724,58.6,251.87,251.55,1,take_profit,20.49983,0.1953,2.80999,5.44387,london,2024
GBPJPY,-1,2024-02-14 16:00:00,2024-02-15 02:00:00,189.256,188.908,189.61104,188.54592,0.3976,34.8,125.91,125.59,10,time_exit,23.83532,0.23669,0.51253,4.10996,new_york,2024
GBPJPY,1,2024-02-15 04:00:00,2024-02-15 09:00:00,188.689,188.35227,188.35227,189.36245,0.4233,-33.7,-129.71,-130.03,5,stop_loss,19.18376,0.22448,-1.83594,3.73588,,2024
GBPJPY,1,2024-02-15 14:00:00,2024-02-15 15:00:00,188.335,188.02793,188.02793,188.94914,0.4595,-30.7,-128.4,-128.72,1,stop_loss,30.0776,0.20471,-2.80066,3.04043,london,2024
GBPJPY,1,2024-02-15 16:00:00,2024-02-15 18:00:00,188.329,188.99005,187.99848,188.99005,0.4226,66.1,254.22,253.9,2,take_profit,32.39506,0.22035,-2.43921,2.61761,new_york,2024
GBPJPY,-1,2024-02-16 04:00:00,2024-02-16 09:00:00,188.896,189.17553,189.17553,188.33694,0.5097,-28.0,-129.65,-129.97,5,stop_loss,18.74727,0.18635,0.14606,2.75728,,2024
GBPJPY,1,2024-02-19 00:00:00,2024-02-19 10:00:00,189.258,189.186,188.96772,189.83856,0.4859,-7.2,-31.84,-32.15,10,time_exit,15.77458,0.19352,0.98817,2.78991,,2024
GBPJPY,-1,2024-02-19 12:00:00,2024-02-19 22:00:00,189.141,189.132,189.40524,188.61252,0.5325,0.9,4.36,4.04,10,time_exit,12.0712,0.17616,0.1717,2.98989,london,2024
GBPJPY,-1,2024-02-20 08:00:00,2024-02-20 11:00:00,189.26,189.45972,189.45972,188.86056,0.7047,-20.0,-128.08,-128.39,3,stop_loss,9.64089,0.13315,1.04862,3.2967,london,2024
GBPJPY,-1,2024-02-21 06:00:00,2024-02-21 09:00:00,189.399,189.62935,189.62935,188.9383,0.6049,-23.0,-126.8,-127.12,3,stop_loss,11.09776,0.15357,0.87312,2.92549,,2024
GBPJPY,-1,2024-02-21 19:00:00,2024-02-22 00:00:00,189.696,189.97523,189.97523,189.13754,0.494,-27.9,-125.53,-125.84,5,stop_loss,13.47617,0.18615,1.92212,2.39632,new_york,2024
GBPJPY,-1,2024-02-22 00:00:00,2024-02-22 02:00:00,189.939,190.21466,190.21466,189.38768,0.4954,-27.6,-124.27,-124.59,2,stop_loss,22.13449,0.18377,2.818,2.61201,,2024
GBPJPY,1,2024-02-23 05:00:00,2024-02-23 13:00:00,190.559,191.12811,190.27445,191.12811,0.4751,56.9,246.05,245.73,8,take_profit,32.97225,0.1897,2.56647,4.14523,,2024
GBPJPY,1,2024-02-27 11:00:00,2024-02-27 21:00:00,190.564,190.869,190.31509,191.06183,0.5539,30.5,153.73,153.42,10,time_exit,19.62674,0.16594,-1.30672,5.08893,london,2024
GBPJPY,-1,2024-02-28 09:00:00,2024-02-28 19:00:00,190.688,190.92535,190.92535,190.2133,0.588,-23.7,-127.0,-127.32,10,stop_loss,13.52025,0.15823,-0.4793,4.19471,london,2024
GBPJPY,-1,2024-02-28 20:00:00,2024-02-29 03:00:00,190.788,190.13516,191.11442,190.13516,0.4233,65.3,251.48,251.16,7,take_profit,12.68416,0.21761,0.29791,2.6109,new_york,2024
GBPJPY,1,2024-03-05 04:00:00,2024-03-05 09:00:00,190.943,190.68864,190.68864,191.45172,0.5541,-25.4,-128.26,-128.57,5,stop_loss,23.04028,0.16957,2.6355,1.76488,,2024
GBPJPY,1,2024-03-06 01:00:00,2024-03-06 09:00:00,190.548,190.24576,190.24576,191.15248,0.4616,-30.2,-126.96,-127.28,8,stop_loss,19.23117,0.20149,-0.35877,1.56048,,2024
GBPJPY,1,2024-03-07 19:00:00,2024-03-08 05:00:00,189.464,189.317,188.97583,190.44034,0.2829,-14.7,-37.84,-38.16,10,time_exit,45.85771,0.32545,-0.69333,-1.2264,new_york,2024
GBPJPY,1,2024-03-08 05:00:00,2024-03-08 11:00:00,189.493,189.05237,189.05237,190.37426,0.3125,-44.1,-125.3,-125.62,6,stop_loss,25.34375,0.29375,-0.46732,-1.37666,,2024
GBPJPY,1,2024-03-08 12:00:00,2024-03-08 22:00:00,188.742,188.98,188.23895,189.74809,0.271,23.8,58.69,58.37,10,time_exit,22.23866,0.33536,-2.39497,-1.31345,london,2024
GBPJPY,1,2024-03-11 12:00:00,2024-03-11 22:00:00,188.334,188.25,187.91051,189.18097,0.3234,-8.4,-24.72,-25.04,10,time_exit,26.89293,0.28232,-2.79448,-2.22972,london,2024
GBPJPY,1,2024-03-13 07:00:00,2024-03-13 14:00:00,188.566,189.29741,188.2003,189.29741,0.3738,73.1,248.79,248.48,7,take_profit,16.19205,0.2438,-0.66197,-2.52896,london,2024
GBPJPY,-1,2024-03-14 01:00:00,2024-03-14 10:00:00,188.913,189.28518,189.28518,188.16864,0.3746,-37.2,-126.87,-127.19,9,stop_loss,12.73325,0.24812,-0.00985,-1.55756,,2024
GBPJPY,-1,2024-03-15 01:00:00,2024-03-15 11:00:00,189.1,189.42427,189.42427,188.45145,0.4256,-32.4,-125.59,-125.91,10,stop_loss,19.04735,0.21618,0.31295,-1.04136,,2024
GBPJPY,-1,2024-03-15 15:00:00,2024-03-15 18:00:00,189.598,189.95638,189.95638,188.88124,0.3813,-35.8,-124.35,-124.67,3,stop_loss,18.14766,0.23892,2.03051,-0.58492,london,2024
GBPJPY,-1,2024-03-18 09:00:00,2024-03-18 19:00:00,189.865,189.799,190.18211,189.23078,0.4266,6.6,25.62,25.3,10,time_exit,15.59768,0.21141,1.85043,0.61155,london,2024
GBPJPY,1,2024-03-21 16:00:00,2024-03-21 18:00:00,192.517,192.04307,192.04307,193.46487,0.286,-47.4,-123.35,-123.66,2,stop_loss,29.798,0.31596,0.57344,5.06909,new_york,2024
GBPJPY,1,2024-03-21 21:00:00,2024-03-22 05:00:00,192.014,191.5415,191.5415,192.959,0.284,-47.3,-122.11,-122.43,8,stop_loss,27.11022,0.315,-0.93327,4.77779,new_york,2024
GBPJPY,1,2024-03-25 04:00:00,2024-03-25 14:00:00,190.563,191.185,190.19293,191.30314,0.3589,62.2,203.14,202.83,10,time_exit,52.03624,0.24671,-3.29054,1.97051,,2024
GBPJPY,-1,2024-03-26 00:00:00,2024-03-26 10:00:00,191.306,191.436,191.60281,190.71239,0.4551,-13.0,-53.84,-54.16,10,time_exit,33.01108,0.19787,0.44266,1.62393,,2024
GBPJPY,1,2024-03-28 05:00:00,2024-03-28 11:00:00,191.027,190.70729,190.70729,191.66642,0.4206,-32.0,-122.37,-122.69,6,stop_loss,20.20353,0.21314,-0.54476,0.50119,,2024
GBPJPY,1,2024-03-28 18:00:00,2024-03-29 04:00:00,191.006,191.028,190.66894,191.68011,0.395,2.2,7.91,7.59,10,time_exit,14.80589,0.2247,-0.35866,0.24023,new_york,2024
GBPJPY,-1,2024-04-02 04:00:00,2024-04-02 12:00:00,190.321,190.59047,190.59047,189.78206,0.4943,-26.9,-121.21,-121.53,8,stop_loss,37.19228,0.17965,-2.56683,-0.98046,,2024
GBPJPY,1,2024-04-03 14:00:00,2024-04-03 17:00:00,190.806,191.27536,190.57132,191.27536,0.5619,46.9,240.0,239.68,3,take_profit,12.96097,0.15645,0.99056,-1.25509,london,2024
GBPJPY,-1,2024-04-03 20:00:00,2024-04-04 06:00:00,191.769,191.903,192.07598,191.15504,0.4381,-13.4,-53.42,-53.74,10,time_exit,25.78374,0.20465,4.77263,-0.39332,new_york,2024
GBPJPY,1,2024-04-09 06:00:00,2024-04-09 13:00:00,192.21,192.64301,191.9935,192.64301,0.6185,43.3,243.71,243.39,7,take_profit,25.23603,0.14434,3.05875,3.02332,,2024
GBPJPY,-1,2024-04-09 17:00:00,2024-04-09 18:00:00,192.712,192.20603,192.96498,192.20603,0.5399,50.6,248.59,248.27,1,take_profit,32.45927,0.16866,4.18512,3.31273,new_york,2024
GBPJPY,1,2024-04-10 08:00:00,2024-04-10 13:00:00,192.422,192.87011,192.19794,192.87011,0.6218,44.8,253.56,253.24,5,take_profit,13.39733,0.14937,1.82918,3.9006,london,2024
GBPJPY,1,2024-04-12 04:00:00,2024-04-12 10:00:00,192.057,191.73602,191.73602,192.69896,0.4427,-32.1,-129.31,-129.63,6,stop_loss,15.2616,0.21399,-0.28542,1.69587,,2024
GBPJPY,-1,2024-04-12 17:00:00,2024-04-15 01:00:00,190.459,190.92353,190.92353,189.52994,0.3028,-46.5,-128.0,-128.32,8,stop_loss,29.07391,0.30969,-4.58266,0.4577,new_york,2024
GBPJPY,1,2024-04-16 09:00:00,2024-04-16 14:00:00,191.938,192.64737,191.58331,192.64737,0.3926,70.9,253.44,253.12,5,take_profit,22.37271,0.23646,0.62201,0.38248,london,2024
GBPJPY,-1,2024-04-16 17:00:00,2024-04-17 03:00:00,192.449,192.271,192.91881,191.50938,0.3023,17.8,48.97,48.65,10,time_exit,18.36448,0.31321,1.55379,0.6337,new_york,2024
GBPJPY,1,2024-04-17 22:00:00,2024-04-18 08:00:00,192.197,192.427,191.74859,193.09382,0.318,23.0,66.56,66.24,10,time_exit,17.24842,0.29894,-0.12337,1.08078,,2024
GBPJPY,1,2024-04-19 10:00:00,2024-04-19 19:00:00,191.957,191.37706,191.37706,193.11688,0.2471,-58.0,-130.41,-130.72,9,stop_loss,24.54198,0.38663,-0.46642,0.38328,london,2024
GBPJPY,-1,2024-04-22 00:00:00,2024-04-22 10:00:00,191.218,191.284,191.7286,190.19681,0.2779,-6.6,-16.69,-17.01,10,time_exit,21.41702,0.3404,-2.1244,0.09545,,2024
GBPJPY,-1,2024-04-23 02:00:00,2024-04-23 10:00:00,191.205,191.54538,191.54538,190.52424,0.4163,-34.0,-128.95,-129.27,8,stop_loss,25.63694,0.22692,-1.10231,-1.48736,,2024
GBPJPY,-1,2024-04-23 18:00:00,2024-04-24 04:00:00,192.459,192.902,192.97467,191.42766,0.272,-44.3,-109.65,-109.97,10,time_exit,25.5438,0.34378,2.82877,-0.75563,new_york,2024
GBPJPY,1,2024-04-24 07:00:00,2024-04-24 10:00:00,192.881,192.54103,192.54103,193.56095,0.409,-34.0,-126.53,-126.85,3,stop_loss,40.6462,0.22665,3.90003,0.58394,london,2024
GBPJPY,-1,2024-04-24 18:00:00,2024-04-24 19:00:00,192.703,193.06566,193.06566,191.97768,0.3796,-36.3,-125.28,-125.59,1,stop_loss,32.54248,0.24177,1.87409,1.22411,new_york,2024
GBPJPY,-1,2024-04-26 09:00:00,2024-04-26 10:00:00,195.214,195.63112,195.63112,194.37975,0.3267,-41.7,-124.01,-124.33,1,stop_loss,27.45287,0.27808,4.43296,4.58588,london,2024
GBPJPY,-1,2024-04-29 18:00:00,2024-04-30 04:00:00,196.605,196.846,198.01073,193.79353,0.096,-24.1,-21.05,-21.37,10,time_exit,28.53979,0.93716,0.70472,2.25586,new_york,2024
GBPJPY,1,2024-04-30 04:00:00,2024-04-30 14:00:00,196.881,196.83,195.77667,199.08965,0.122,-5.1,-5.66,-5.98,10,time_exit,27.32636,0.73622,1.12782,2.70548,,2024
GBPJPY,-1,2024-05-01 02:00:00,2024-05-01 12:00:00,196.993,197.25,197.52888,195.92125,0.2512,-25.7,-58.75,-59.07,10,time_exit,10.52098,0.35725,1.18817,5.45085,,2024
GBPJPY,1,2024-05-02 02:00:00,2024-05-02 12:00:00,194.814,194.325,193.64983,197.14234,0.1151,-48.9,-51.22,-51.54,10,time_exit,25.36173,0.77611,-2.12594,1.84497,,2024
GBPJPY,-1,2024-05-07 01:00:00,2024-05-07 02:00:00,193.298,193.64389,193.64389,192.60623,0.3857,-34.6,-121.4,-121.72,1,stop_loss,19.0899,0.23059,0.59768,-3.51249,,2024
GBPJPY,1,2024-05-07 12:00:00,2024-05-07 22:00:00,193.614,193.436,193.15472,194.53255,0.2875,-17.8,-46.57,-46.89,10,time_exit,21.47289,0.30618,0.86513,-1.92723,london,2024
GBPJPY,-1,2024-05-09 03:00:00,2024-05-09 04:00:00,194.111,194.41886,194.41886,193.49528,0.4273,-30.8,-119.71,-120.03,1,stop_loss,21.32037,0.20524,1.0566,-0.23771,,2024
GBPJPY,1,2024-05-09 13:00:00,2024-05-09 14:00:00,194.689,194.3789,194.3789,195.30919,0.42,-31.0,-118.52,-118.84,1,stop_loss,21.24873,0.20673,2.99652,0.38867,london,2024
GBPJPY,1,2024-05-10 00:00:00,2024-05-10 10:00:00,194.614,195.2652,194.2884,195.2652,0.396,65.1,234.67,234.35,10,take_profit,17.55484,0.21707,1.93674,0.99551,,2024
GBPJPY,1,2024-05-10 15:00:00,2024-05-13 00:00:00,195.114,194.80471,194.80471,195.73258,0.4252,-30.9,-119.67,-119.99,9,stop_loss,19.80911,0.20619,2.58485,1.95452,london,2024
GBPJPY,-1,2024-05-14 11:00:00,2024-05-14 15:00:00,196.396,196.67103,196.67103,195.84595,0.4733,-27.5,-118.45,-118.77,4,stop_loss,41.49951,0.18335,3.94378,5.16407,london,2024
GBPJPY,1,2024-05-14 16:00:00,2024-05-15 02:00:00,196.56,196.966,196.20469,197.27062,0.3627,40.6,134.0,133.68,10,time_exit,33.07209,0.23687,3.27457,4.15713,new_york,2024
GBPJPY,-1,2024-05-16 06:00:00,2024-05-16 11:00:00,195.443,196.01478,196.01478,194.29944,0.228,-57.2,-118.63,-118.95,5,stop_loss,42.86576,0.38119,-2.10016,2.36791,,2024
GBPJPY,1,2024-05-16 14:00:00,2024-05-17 00:00:00,195.961,196.82,195.43926,197.00447,0.2473,85.9,193.31,192.99,10,time_exit,36.65597,0.34782,-0.41299,2.11393,london,2024
GBPJPY,-1,2024-05-17 06:00:00,2024-05-17 16:00:00,197.28,197.417,197.67193,196.49613,0.3346,-13.7,-41.71,-42.03,10,time_exit,28.28865,0.26129,3.14308,3.34636,,2024
GBPJPY,-1,2024-05-17 22:00:00,2024-05-20 08:00:00,197.842,197.841,198.17071,197.18457,0.3976,0.1,0.36,0.04,10,time_exit,36.01433,0.21914,4.30984,4.79209,,2024
GBPJPY,-1,2024-05-20 13:00:00,2024-05-20 15:00:00,197.817,198.14322,198.14322,197.16456,0.4006,-32.6,-118.92,-119.24,2,stop_loss,27.38709,0.21748,2.28619,5.49919,london,2024
GBPJPY,-1,2024-05-20 22:00:00,2024-05-21 08:00:00,198.64,198.758,198.9826,197.95481,0.3777,-11.8,-40.56,-40.88,10,time_exit,28.8684,0.2284,4.50049,5.71531,,2024
GBPJPY,1,2024-05-23 12:00:00,2024-05-23 21:00:00,199.406,199.07697,199.07697,200.06406,0.3919,-32.9,-117.34,-117.66,9,stop_loss,19.98217,0.21935,1.79369,6.70142,london,2024
GBPJPY,-1,2024-05-27 05:00:00,2024-05-27 12:00:00,199.793,200.078,200.078,199.223,0.4479,-28.5,-116.16,-116.48,7,stop_loss,14.68698,0.19,1.4461,6.79686,,2024
GBPJPY,1,2024-05-27 19:00:00,2024-05-28 05:00:00,200.353,200.353,200.08146,200.89609,0.4653,0.0,0.0,-0.32,10,time_exit,21.85032,0.18103,3.4207,7.03963,new_york,2024
GBPJPY,-1,2024-05-28 06:00:00,2024-05-28 16:00:00,200.358,200.46,200.57948,199.91505,0.5705,-10.2,-52.95,-53.27,10,time_exit,26.82545,0.14765,2.7414,8.76937,,2024
GBPJPY,1,2024-05-29 01:00:00,2024-05-29 09:00:00,200.542,200.29221,200.29221,201.04158,0.5035,-25.0,-114.45,-114.77,8,stop_loss,20.64428,0.16653,1.91693,7.56339,,2024
GBPJPY,-1,2024-05-29 11:00:00,2024-05-29 17:00:00,200.582,200.06465,200.84067,200.06465,0.4813,51.7,226.59,226.27,6,take_profit,17.60054,0.17245,1.42646,7.0692,london,2024
GBPJPY,-1,2024-05-31 00:00:00,2024-05-31 10:00:00,199.602,199.671,199.97764,198.85072,0.3381,-6.9,-21.23,-21.55,10,time_exit,38.73028,0.25043,-0.94419,2.14426,,2024
GBPJPY,1,2024-05-31 22:00:00,2024-06-03 08:00:00,200.217,200.498,199.82926,200.99248,0.3269,28.1,83.59,83.27,10,time_exit,19.36513,0.25849,1.36574,1.65062,,2024
GBPJPY,1,2024-06-03 12:00:00,2024-06-03 22:00:00,199.533,199.988,199.12306,200.35289,0.3115,45.5,128.98,128.66,10,time_exit,18.59241,0.2733,-1.82958,1.79131,london,2024
GBPJPY,1,2024-06-03 22:00:00,2024-06-04 08:00:00,199.922,199.948,199.47668,200.81264,0.2899,2.6,6.86,6.54,10,time_exit,19.58782,0.29688,0.11402,1.15001,,2024
GBPJPY,1,2024-06-04 19:00:00,2024-06-05 05:00:00,197.969,198.651,197.32644,199.25412,0.201,68.2,124.74,124.43,10,time_exit,40.26843,0.42837,-3.25608,-0.24598,new_york,2024
GBPJPY,-1,2024-06-05 14:00:00,2024-06-06 00:00:00,199.326,199.48,199.79483,198.38835,0.2784,-15.4,-39.01,-39.33,10,time_exit,32.6116,0.31255,1.1801,-1.10042,london,2024
GBPJPY,-1,2024-06-06 03:00:00,2024-06-06 10:00:00,199.47,199.8806,199.8806,198.64879,0.3168,-41.1,-118.37,-118.69,7,stop_loss,26.33756,0.27374,1.05276,-0.52403,,2024
GBPJPY,-1,2024-06-06 19:00:00,2024-06-07 05:00:00,199.402,199.276,199.90637,198.39325,0.2554,12.6,29.28,28.97,10,time_exit,15.63219,0.33625,0.24506,-0.08241,new_york,2024
GBPJPY,-1,2024-06-11 18:00:00,2024-06-12 04:00:00,199.984,200.192,200.36927,199.21345,0.3351,-20.8,-63.43,-63.75,10,time_exit,16.82851,0.25685,0.71997,1.18702,new_york,2024
GBPJPY,1,2024-06-13 03:00:00,2024-06-13 13:00:00,200.646,200.792,200.24162,201.45475,0.3176,14.6,42.2,41.88,10,time_exit,16.57071,0.26958,1.52122,1.83769,,2024
GBPJPY,-1,2024-06-14 00:00:00,2024-06-14 06:00:00,200.39,200.82467,200.82467,199.52066,0.2965,-43.5,-117.28,-117.6,6,stop_loss,19.75222,0.28978,-0.1392,1.80883,,2024
GBPJPY,1,2024-06-14 19:00:00,2024-06-17 05:00:00,199.489,199.709,198.76296,200.94107,0.1757,22.0,35.18,34.86,10,time_exit,21.96414,0.48402,-1.66552,0.68167,new_york,2024
GBPJPY,-1,2024-06-17 05:00:00,2024-06-17 15:00:00,199.733,200.007,200.27002,198.65896,0.2383,-27.4,-59.42,-59.74,10,time_exit,19.47677,0.35801,-0.97306,0.41507,,2024
GBPJPY,-1,2024-06-18 23:00:00,2024-06-19 09:00:00,200.615,200.638,200.98264,199.87973,0.3463,-2.3,-7.25,-7.57,10,time_exit,13.56814,0.24509,1.36357,0.98532,,2024
GBPJPY,-1,2024-06-19 14:00:00,2024-06-20 00:00:00,201.005,200.952,201.29411,200.42678,0.44,5.3,21.22,20.9,10,time_exit,14.37969,0.19274,2.79293,1.75263,london,2024
GBPJPY,-1,2024-06-20 17:00:00,2024-06-21 03:00:00,201.198,201.367,201.50382,200.58635,0.4168,-16.9,-64.1,-64.42,10,time_exit,11.48515,0.20388,1.79079,2.442,new_york,2024
GBPJPY,-1,2024-06-21 11:00:00,2024-06-21 12:00:00,200.741,201.07181,201.07181,200.07937,0.3831,-33.1,-115.33,-115.65,1,stop_loss,14.16036,0.22054,-1.22968,2.42629,london,2024
GBPJPY,1,2024-06-21 21:00:00,2024-06-24 07:00:00,201.732,202.013,201.33117,202.53365,0.313,28.1,80.04,79.72,10,time_exit,15.67412,0.26722,2.39578,2.03501,new_york,2024
GBPJPY,1,2024-06-24 21:00:00,2024-06-25 04:00:00,202.495,202.08571,202.08571,203.31358,0.3087,-40.9,-114.98,-115.29,7,stop_loss,17.41076,0.27286,2.78343,3.14418,new_york,2024
GBPJPY,1,2024-06-25 21:00:00,2024-06-26 07:00:00,202.667,202.655,202.32178,203.35743,0.3623,-1.2,-3.96,-4.27,10,time_exit,9.01899,0.23014,2.21665,4.13268,new_york,2024
GBPJPY,-1,2024-06-27 03:00:00,2024-06-27 13:00:00,202.731,202.978,203.0676,202.0578,0.3715,-24.7,-83.5,-83.82,10,time_exit,12.99197,0.2244,0.64111,4.37555,,2024
GBPJPY,-1,2024-06-27 23:00:00,2024-06-28 04:00:00,203.25,203.54962,203.54962,202.65076,0.4142,-30.0,-112.93,-113.25,5,stop_loss,23.85397,0.19975,2.14971,4.85214,,2024
GBPJPY,1,2024-07-01 05:00:00,2024-07-01 15:00:00,203.713,204.361,203.32515,204.48869,0.3168,64.8,186.81,186.49,10,time_exit,17.11226,0.25856,2.05544,3.67421,,2024
GBPJPY,-1,2024-07-01 21:00:00,2024-07-02 07:00:00,204.139,204.248,204.50811,203.40079,0.3384,-10.9,-33.57,-33.88,10,time_exit,38.33434,0.24607,2.00318,4.60504,new_york,2024
GBPJPY,-1,2024-07-03 21:00:00,2024-07-04 07:00:00,205.722,205.806,206.09579,204.97442,0.3332,-8.4,-25.47,-25.79,10,time_exit,44.3669,0.24919,3.14366,6.04138,new_york,2024
GBPJPY,1,2024-07-08 13:00:00,2024-07-08 17:00:00,206.439,206.03606,206.03606,207.24488,0.3084,-40.3,-113.08,-113.4,4,stop_loss,19.44545,0.26863,2.61312,4.49762,london,2024
GBPJPY,-1,2024-07-10 07:00:00,2024-07-10 12:00:00,206.509,206.759,206.759,206.009,0.4921,-25.0,-111.95,-112.27,5,stop_loss,22.02142,0.16667,2.04908,6.34311,london,2024
GBPJPY,1,2024-07-10 21:00:00,2024-07-11 07:00:00,207.675,207.891,207.37857,208.26786,0.4108,21.6,80.75,80.43,10,time_exit,43.27244,0.19762,5.65091,6.05516,new_york,2024
GBPJPY,-1,2024-07-12 07:00:00,2024-07-12 17:00:00,205.537,204.869,206.33577,203.93946,0.1536,66.8,93.37,93.05,10,time_exit,58.83372,0.53251,-1.36034,1.09322,london,2024
GBPJPY,1,2024-07-12 20:00:00,2024-07-15 06:00:00,205.039,204.953,204.18643,206.74415,0.1451,-8.6,-11.36,-11.67,10,time_exit,49.34562,0.56838,-1.64995,0.54345,new_york,2024
GBPJPY,1,2024-07-15 09:00:00,2024-07-15 19:00:00,204.945,204.38004,204.38004,206.07492,0.2187,-56.5,-112.44,-112.76,10,stop_loss,47.89951,0.37664,-1.75711,0.02866,london,2024
GBPJPY,-1,2024-07-16 11:00:00,2024-07-16 21:00:00,205.554,205.359,205.99192,204.67817,0.2793,19.5,49.56,49.24,10,time_exit,24.44473,0.29194,0.67349,-0.48645,london,2024
GBPJPY,1,2024-07-22 11:00:00,2024-07-22 21:00:00,202.661,203.003,202.15579,203.67143,0.2432,34.2,75.69,75.37,10,time_exit,16.94087,0.33681,-2.31556,-2.8227,london,2024
GBPJPY,1,2024-07-23 12:00:00,2024-07-23 19:00:00,201.622,201.08932,201.08932,202.68735,0.2322,-53.3,-112.56,-112.87,7,stop_loss,29.61837,0.35512,-3.46773,-3.20491,london,2024
GBPJPY,-1,2024-07-24 05:00:00,2024-07-24 07:00:00,200.204,199.22291,200.69454,199.22291,0.2496,98.1,222.84,222.52,2,take_profit,36.33149,0.32703,-5.33218,-4.84469,,2024
GBPJPY,1,2024-07-24 07:00:00,2024-07-24 08:00:00,199.853,199.36137,199.36137,200.83626,0.254,-49.2,-113.64,-113.95,1,stop_loss,38.2803,0.32775,-5.93359,-5.08047,london,2024
GBPJPY,-1,2024-07-24 15:00:00,2024-07-24 17:00:00,199.193,197.82396,199.87752,197.82396,0.1806,136.9,225.0,224.68,2,take_profit,45.0976,0.45635,-4.27737,-4.39497,london,2024
GBPJPY,1,2024-07-24 18:00:00,2024-07-25 03:00:00,197.999,197.2481,197.2481,199.5008,0.168,-75.1,-114.8,-115.12,9,stop_loss,49.17572,0.5006,-5.65454,-4.35085,new_york,2024
GBPJPY,-1,2024-07-25 05:00:00,2024-07-25 15:00:00,197.028,197.8028,197.8028,195.4784,0.1611,-77.5,-113.59,-113.9,10,stop_loss,54.06552,0.51653,-5.58039,-5.04686,,2024
GBPJPY,1,2024-07-25 19:00:00,2024-07-26 02:00:00,198.345,197.32953,197.32953,200.37594,0.1217,-101.5,-112.46,-112.78,7,stop_loss,44.85881,0.67698,-0.48288,-4.61003,new_york,2024
GBPJPY,1,2024-07-26 02:00:00,2024-07-26 12:00:00,197.812,198.446,197.01841,199.39919,0.1542,63.4,88.96,88.65,10,time_exit,28.01102,0.52906,-1.28451,-5.74667,,2024
GBPJPY,-1,2024-07-29 20:00:00,2024-07-30 06:00:00,197.881,198.066,198.56313,196.51673,0.1808,-18.5,-30.44,-30.76,10,time_exit,17.69946,0.45476,-0.00148,-5.2105,new_york,2024
GBPJPY,-1,2024-08-02 01:00:00,2024-08-02 11:00:00,190.15,189.847,191.17801,188.09398,0.1196,30.3,32.98,32.66,10,time_exit,32.66637,0.68534,-4.24868,-5.81632,,2024
GBPJPY,1,2024-08-02 15:00:00,2024-08-02 16:00:00,189.858,188.99158,188.99158,191.59083,0.1424,-86.6,-112.27,-112.59,1,stop_loss,39.76378,0.57761,-3.16742,-7.65735,london,2024
GBPJPY,1,2024-08-05 13:00:00,2024-08-05 19:00:00,181.336,185.16812,179.41994,185.16812,0.0637,383.2,222.14,221.82,6,take_profit,64.20925,1.27737,-5.15897,-4.79785,london,2024
GBPJPY,1,2024-08-06 15:00:00,2024-08-07 01:00:00,184.242,183.481,182.50532,187.71537,0.0717,-76.1,-49.65,-49.97,10,time_exit,21.99825,1.15779,-1.241,-5.29828,london,2024
GBPJPY,-1,2024-08-07 03:00:00,2024-08-07 04:00:00,183.589,184.88666,184.88666,180.99368,0.0956,-129.8,-112.89,-113.21,1,stop_loss,13.17324,0.86511,-1.57045,-6.88975,,2024
GBPJPY,-1,2024-08-07 10:00:00,2024-08-07 20:00:00,186.356,186.669,187.93818,183.19164,0.0776,-31.3,-22.1,-22.42,10,time_exit,22.84106,1.05479,0.99921,-5.02061,london,2024
GBPJPY,-1,2024-08-08 11:00:00,2024-08-08 15:00:00,185.271,186.49104,186.49104,182.83092,0.1004,-122.0,-111.47,-111.79,4,stop_loss,19.22207,0.81336,-0.72855,-4.65818,london,2024
GBPJPY,-1,2024-08-09 07:00:00,2024-08-09 17:00:00,187.845,187.036,188.7689,185.99719,0.1313,80.9,96.66,96.34,10,time_exit,25.15404,0.61594,1.90494,-4.11636,london,2024
GBPJPY,1,2024-08-12 18:00:00,2024-08-12 19:00:00,189.045,188.44197,188.44197,190.25106,0.2029,-60.3,-111.34,-111.66,1,stop_loss,21.77364,0.40202,3.80857,-3.08595,new_york,2024
GBPJPY,1,2024-08-14 13:00:00,2024-08-14 15:00:00,189.046,188.37863,188.37863,190.38074,0.1815,-66.7,-110.23,-110.54,2,stop_loss,18.36794,0.44491,1.15976,-0.42109,london,2024
GBPJPY,-1,2024-08-15 01:00:00,2024-08-15 11:00:00,188.885,189.237,189.47099,187.71303,0.2046,-35.2,-65.54,-65.86,10,time_exit,12.5302,0.39066,0.60534,-0.21222,,2024
GBPJPY,1,2024-08-19 19:00:00,2024-08-20 05:00:00,190.062,190.794,189.29327,191.59946,0.155,73.2,103.25,102.93,10,time_exit,30.79961,0.51249,-0.44058,1.31563,new_york,2024
GBPJPY,1,2024-08-20 15:00:00,2024-08-20 17:00:00,190.393,189.70286,189.70286,191.77328,0.1743,-69.0,-109.47,-109.78,2,stop_loss,13.6704,0.46009,-0.06905,1.41093,london,2024
GBPJPY,-1,2024-08-20 20:00:00,2024-08-21 06:00:00,189.376,189.515,190.05625,188.0155,0.1751,-13.9,-22.15,-22.47,10,time_exit,16.9687,0.4535,-2.10999,1.20699,new_york,2024
GBPJPY,-1,2024-08-22 00:00:00,2024-08-22 10:00:00,189.982,190.216,190.64685,188.6523,0.1788,-23.4,-38.07,-38.39,10,time_exit,20.95586,0.44323,0.32286,0.53119,,2024
GBPJPY,-1,2024-08-26 18:00:00,2024-08-27 04:00:00,190.336,190.94525,190.94525,189.11749,0.1944,-60.9,-107.78,-108.1,10,stop_loss,20.55609,0.40617,-0.41394,0.64712,new_york,2024
GBPJPY,-1,2024-08-29 07:00:00,2024-08-29 10:00:00,190.872,191.39388,191.39388,189.82823,0.2247,-52.2,-106.71,-107.03,3,stop_loss,23.10602,0.34792,0.0957,0.87266,london,2024
GBPJPY,1,2024-08-29 18:00:00,2024-08-29 21:00:00,191.216,190.58724,190.58724,192.47352,0.1846,-62.9,-105.62,-105.94,3,stop_loss,17.19711,0.41917,0.73048,0.76932,new_york,2024
GBPJPY,-1,2024-08-29 22:00:00,2024-08-30 08:00:00,190.692,190.774,191.26823,189.53955,0.1994,-8.2,-14.88,-15.2,10,time_exit,15.0743,0.38415,-0.59868,0.82924,,2024
GBPJPY,-1,2024-09-02 07:00:00,2024-09-02 09:00:00,191.606,192.094,192.094,190.63001,0.2351,-48.8,-104.4,-104.72,2,stop_loss,19.56662,0.32533,0.78036,1.62219,london,2024
GBPJPY,1,2024-09-03 13:00:00,2024-09-03 16:00:00,191.387,190.8217,190.8217,192.5176,0.2009,-56.5,-103.35,-103.67,3,stop_loss,30.06342,0.37687,-2.00886,2.31249,london,2024
GBPJPY,1,2024-09-04 23:00:00,2024-09-05 02:00:00,189.039,188.40693,188.40693,190.30313,0.1779,-63.2,-102.32,-102.64,3,stop_loss,43.68238,0.42138,-3.93905,-0.75219,,2024
GBPJPY,-1,2024-09-05 14:00:00,2024-09-05 17:00:00,188.935,189.57856,189.57856,187.64789,0.173,-64.4,-101.32,-101.63,3,stop_loss,44.72605,0.42904,-2.14463,-1.99155,london,2024
GBPJPY,1,2024-09-05 18:00:00,2024-09-05 20:00:00,189.358,188.59669,188.59669,190.88063,0.1448,-76.1,-100.32,-100.64,2,stop_loss,41.37741,0.50754,-0.67137,-1.84619,new_york,2024
GBPJPY,-1,2024-09-06 07:00:00,2024-09-06 10:00:00,188.473,187.3714,189.0238,187.3714,0.1981,110.2,198.59,198.27,3,take_profit,24.2561,0.3672,-2.39062,-2.90347,london,2024
GBPJPY,-1,2024-09-06 12:00:00,2024-09-06 14:00:00,187.788,188.41032,188.41032,186.54336,0.1788,-62.2,-101.26,-101.58,2,stop_loss,32.53428,0.41488,-3.15436,-2.89143,london,2024
GBPJPY,1,2024-09-10 06:00:00,2024-09-10 15:00:00,187.378,186.81643,186.81643,188.50114,0.1962,-56.2,-100.26,-100.58,9,stop_loss,18.16717,0.37438,-0.67072,-4.42935,,2024
GBPJPY,1,2024-09-11 01:00:00,2024-09-11 04:00:00,186.241,185.68793,185.68793,187.34714,0.1972,-55.3,-99.25,-99.57,3,stop_loss,25.77805,0.36871,-2.48943,-4.61892,,2024
GBPJPY,1,2024-09-11 20:00:00,2024-09-12 06:00:00,185.055,185.986,184.19407,186.77687,0.1254,93.1,106.24,105.92,10,time_exit,44.28648,0.57396,-1.86471,-3.68982,new_york,2024
GBPJPY,1,2024-09-12 15:00:00,2024-09-13 01:00:00,185.888,186.172,185.24296,187.17808,0.1692,28.4,43.73,43.41,10,time_exit,18.04527,0.43003,-0.3477,-4.19372,london,2024
GBPJPY,1,2024-09-17 01:00:00,2024-09-17 11:00:00,185.795,185.952,185.27993,186.82513,0.2128,15.7,30.4,30.08,10,time_exit,23.7415,0.34338,1.52075,-4.11468,,2024
GBPJPY,1,2024-09-17 20:00:00,2024-09-18 06:00:00,186.495,186.143,185.91979,187.64542,0.1911,-35.2,-61.21,-61.53,10,time_exit,23.37217,0.38347,2.07049,-2.26943,new_york,2024
GBPJPY,-1,2024-09-19 17:00:00,2024-09-20 03:00:00,189.673,189.081,190.57167,187.87566,0.1216,59.2,65.51,65.19,10,time_exit,28.1823,0.59911,2.96966,1.38585,new_york,2024
GBPJPY,-1,2024-09-20 13:00:00,2024-09-20 23:00:00,191.351,191.648,192.18993,189.67314,0.1311,-29.7,-35.43,-35.75,10,time_exit,22.7287,0.55929,4.25751,2.52616,london,2024
GBPJPY,-1,2024-09-23 03:00:00,2024-09-23 11:00:00,191.802,190.41399,192.496,190.41399,0.1579,138.8,199.44,199.12,8,take_profit,29.08626,0.46267,3.65793,4.36916,,2024
GBPJPY,-1,2024-09-25 06:00:00,2024-09-25 12:00:00,192.347,192.91431,192.91431,191.21237,0.197,-56.7,-101.7,-102.02,6,stop_loss,12.50797,0.37821,1.3206,5.81776,,2024
GBPJPY,-1,2024-09-25 18:00:00,2024-09-26 04:00:00,193.074,193.097,193.62858,191.96484,0.1995,-2.3,-4.18,-4.49,10,time_exit,14.61499,0.36972,2.37369,5.9328,new_york,2024
GBPJPY,-1,2024-09-26 06:00:00,2024-09-26 10:00:00,193.15,193.61818,193.61818,192.21364,0.2362,-46.8,-100.63,-100.95,4,stop_loss,10.99966,0.31212,2.36349,6.74819,,2024
GBPJPY,1,2024-09-26 12:00:00,2024-09-26 14:00:00,193.361,192.81995,192.81995,194.4431,0.2024,-54.1,-99.65,-99.97,2,stop_loss,16.64355,0.3607,2.10703,5.87634,london,2024
GBPJPY,1,2024-09-30 11:00:00,2024-09-30 21:00:00,190.762,192.184,189.86906,192.54789,0.1214,142.2,157.09,156.78,10,time_exit,27.66335,0.5953,-1.64655,1.06541,london,2024
GBPJPY,-1,2024-10-01 05:00:00,2024-10-01 07:00:00,192.425,193.09562,193.09562,191.08375,0.1642,-67.1,-100.21,-100.52,2,stop_loss,22.95026,0.44708,1.36919,1.33043,,2024
GBPJPY,-1,2024-10-01 20:00:00,2024-10-02 04:00:00,190.385,191.28466,191.28466,188.58568,0.1212,-90.0,-99.23,-99.54,8,stop_loss,26.34535,0.59977,-2.31298,0.77756,new_york,2024
GBPJPY,1,2024-10-02 09:00:00,2024-10-02 13:00:00,190.735,192.26003,189.97248,192.26003,0.1415,152.5,196.37,196.05,4,take_profit,27.38143,0.50834,-1.3474,0.32788,london,2024
GBPJPY,-1,2024-10-07 07:00:00,2024-10-07 15:00:00,194.85,193.59108,195.47946,193.59108,0.1749,125.9,200.37,200.05,8,take_profit,35.21084,0.41964,2.60787,3.21803,london,2024
GBPJPY,-1,2024-10-07 17:00:00,2024-10-08 03:00:00,193.371,193.65,194.00135,192.1103,0.1781,-27.9,-45.22,-45.54,10,time_exit,25.62518,0.42023,-1.212,3.11103,new_york,2024
GBPJPY,-1,2024-10-09 15:00:00,2024-10-09 18:00:00,194.595,195.09376,195.09376,193.59747,0.2241,-49.9,-101.71,-102.03,3,stop_loss,13.84286,0.33251,1.61274,2.90044,london,2024
GBPJPY,-1,2024-10-10 10:00:00,2024-10-10 15:00:00,195.014,194.18027,195.43087,194.18027,0.2654,83.4,201.36,201.04,5,take_profit,13.51309,0.27791,1.54943,4.14295,london,2024
GBPJPY,-1,2024-10-11 20:00:00,2024-10-14 06:00:00,194.782,195.016,195.25009,193.84582,0.2411,-23.4,-51.34,-51.66,10,time_exit,23.11827,0.31206,0.99647,2.45542,new_york,2024
GBPJPY,-1,2024-10-15 10:00:00,2024-10-15 13:00:00,194.837,195.19999,195.19999,194.11102,0.3093,-36.3,-102.17,-102.49,3,stop_loss,20.96931,0.24199,-1.12393,3.81104,london,2024
GBPJPY,1,2024-10-16 05:00:00,2024-10-16 09:00:00,194.832,194.37543,194.37543,195.74514,0.2435,-45.7,-101.17,-101.49,4,stop_loss,28.42717,0.30438,-0.84192,2.45729,,2024
GBPJPY,1,2024-10-18 02:00:00,2024-10-18 08:00:00,195.472,195.07308,195.07308,196.26985,0.2759,-39.9,-100.16,-100.48,6,stop_loss,28.493,0.26595,2.35983,1.41639,,2024
GBPJPY,1,2024-10-21 06:00:00,2024-10-21 16:00:00,194.739,195.521,194.29584,195.62531,0.2458,78.2,174.92,174.6,10,time_exit,17.74774,0.29544,-1.09412,1.39777,,2024
GBPJPY,-1,2024-10-22 14:00:00,2024-10-22 23:00:00,195.75,196.20906,196.20906,194.83187,0.2415,-45.9,-100.89,-101.2,9,stop_loss,21.07915,0.30604,0.75627,1.98952,london,2024
GBPJPY,-1,2024-10-23 19:00:00,2024-10-24 05:00:00,197.807,197.016,198.352,196.71701,0.2014,79.1,144.97,144.65,10,time_exit,35.70367,0.36333,3.09868,3.43694,new_york,2024
GBPJPY,-1,2024-10-25 04:00:00,2024-10-25 14:00:00,197.132,197.132,197.63381,196.12838,0.2219,-0.0,-0.0,-0.32,10,time_exit,14.69781,0.33454,0.56869,3.13095,,2024
GBPJPY,-1,2024-10-28 05:00:00,2024-10-28 13:00:00,199.308,197.95211,199.98595,197.95211,0.1642,135.6,202.6,202.28,8,take_profit,28.52536,0.45196,4.30385,2.47031,,2024
GBPJPY,-1,2024-10-28 13:00:00,2024-10-28 23:00:00,198.394,198.82,199.02703,197.12794,0.1794,-42.6,-69.55,-69.86,10,time_exit,35.25187,0.42202,1.52097,3.10084,london,2024
GBPJPY,1,2024-10-30 00:00:00,2024-10-30 07:00:00,199.581,199.14105,199.14105,200.46089,0.2564,-44.0,-102.65,-102.97,7,stop_loss,19.03859,0.2933,3.00573,5.25513,,2024
GBPJPY,1,2024-10-30 18:00:00,2024-10-31 01:00:00,199.175,198.57325,198.57325,200.3785,0.1856,-60.2,-101.63,-101.95,7,stop_loss,18.38384,0.40117,0.66099,3.52153,new_york,2024
GBPJPY,1,2024-10-31 08:00:00,2024-10-31 09:00:00,198.029,197.48441,197.48441,199.11818,0.203,-54.5,-100.6,-100.92,1,stop_loss,17.0648,0.36306,-2.14211,3.17727,london,2024
GBPJPY,1,2024-10-31 14:00:00,2024-10-31 17:00:00,197.976,197.29634,197.29634,199.33533,0.161,-68.0,-99.58,-99.9,3,stop_loss,29.13973,0.45311,-1.39949,2.0746,london,2024
GBPJPY,-1,2024-10-31 18:00:00,2024-11-01 04:00:00,196.694,196.179,197.50417,195.07366,0.1337,51.5,62.66,62.34,10,time_exit,31.04213,0.54011,-3.29356,1.49094,new_york,2024
GBPJPY,-1,2024-11-01 04:00:00,2024-11-01 07:00:00,196.05,196.75788,196.75788,194.63425,0.154,-70.8,-99.2,-99.52,3,stop_loss,45.61426,0.47192,-3.39801,0.31025,,2024
GBPJPY,-1,2024-11-01 23:00:00,2024-11-04 09:00:00,197.642,197.373,198.28695,196.3521,0.1673,26.9,40.95,40.63,10,time_exit,20.03277,0.42997,0.4104,0.02183,,2024
GBPJPY,-1,2024-11-04 20:00:00,2024-11-05 06:00:00,196.95,197.55103,197.55103,195.74794,0.1803,-60.1,-98.61,-98.93,10,stop_loss,17.00045,0.40069,-0.74506,-0.35434,new_york,2024
GBPJPY,-1,2024-11-05 15:00:00,2024-11-06 01:00:00,197.769,197.516,198.1671,196.97281,0.2695,25.3,62.05,61.73,10,time_exit,13.13578,0.2654,1.58577,-0.16998,london,2024
GBPJPY,1,2024-11-08 10:00:00,2024-11-08 11:00:00,197.893,197.37348,197.37348,198.93203,0.2078,-52.0,-98.24,-98.56,1,stop_loss,19.35397,0.34634,-1.82516,1.60608,london,2024
GBPJPY,1,2024-11-08 16:00:00,2024-11-08 17:00:00,197.673,197.08619,197.08619,198.84663,0.1821,-58.7,-97.24,-97.56,1,stop_loss,27.72503,0.39121,-1.58705,0.90792,new_york,2024
GBPJPY,1,2024-11-08 23:00:00,2024-11-11 04:00:00,197.061,198.17368,196.50466,198.17368,0.1902,111.3,192.59,192.27,5,take_profit,31.08619,0.37089,-2.5458,0.32704,,2024
GBPJPY,1,2024-11-11 15:00:00,2024-11-12 01:00:00,198.104,197.61451,197.61451,199.08297,0.2205,-48.9,-98.22,-98.54,10,stop_loss,18.44885,0.32632,0.30241,0.33436,london,2024
GBPJPY,1,2024-11-14 09:00:00,2024-11-14 12:00:00,197.791,197.38525,197.38525,198.6025,0.2633,-40.6,-97.22,-97.54,3,stop_loss,12.40249,0.2705,0.83292,-0.51573,london,2024
GBPJPY,-1,2024-11-18 01:00:00,2024-11-18 03:00:00,194.892,195.58747,195.58747,193.50106,0.1521,-69.5,-96.26,-96.58,2,stop_loss,41.6333,0.46365,-4.19354,-1.4144,,2024
GBPJPY,-1,2024-11-18 11:00:00,2024-11-18 21:00:00,195.535,196.075,196.27166,194.06168,0.1421,-54.0,-69.83,-70.15,10,time_exit,29.38028,0.49111,-1.58347,-1.92788,london,2024
GBPJPY,1,2024-11-19 14:00:00,2024-11-19 15:00:00,194.682,193.88222,193.88222,196.28155,0.1299,-80.0,-94.54,-94.86,1,stop_loss,22.12613,0.53318,-2.02585,-2.05228,london,2024
GBPJPY,-1,2024-11-19 21:00:00,2024-11-20 07:00:00,195.985,196.841,196.85423,194.24654,0.1184,-85.6,-92.23,-92.55,10,time_exit,21.44081,0.57949,0.63075,-1.93669,new_york,2024
GBPJPY,-1,2024-11-20 21:00:00,2024-11-21 07:00:00,196.499,196.316,197.1771,195.14281,0.1502,18.3,25.01,24.69,10,time_exit,20.54224,0.45206,0.36747,-0.90196,new_york,2024
GBPJPY,-1,2024-11-22 07:00:00,2024-11-22 11:00:00,194.346,193.21806,194.90997,193.21806,0.1811,112.8,185.89,185.57,4,take_profit,42.64504,0.37598,-2.63034,-2.57188,london,2024
GBPJPY,1,2024-11-25 18:00:00,2024-11-26 02:00:00,193.75,193.11146,193.11146,195.02708,0.1632,-63.9,-94.83,-95.15,8,stop_loss,19.79714,0.42569,-1.31402,-3.05617,new_york,2024
GBPJPY,1,2024-11-26 09:00:00,2024-11-26 18:00:00,193.278,192.67935,192.67935,194.47529,0.1723,-59.9,-93.86,-94.18,9,stop_loss,27.68805,0.3991,-1.45656,-3.59173,london,2024
GBPJPY,-1,2024-11-28 09:00:00,2024-11-28 12:00:00,191.875,192.41065,192.41065,190.8037,0.1906,-53.6,-92.91,-93.22,3,stop_loss,21.09808,0.3571,-0.62652,-5.36154,london,2024
GBPJPY,1,2024-11-28 17:00:00,2024-11-29 02:00:00,192.073,191.58785,191.58785,193.04329,0.2083,-48.5,-91.96,-92.28,9,stop_loss,15.65027,0.32343,-0.11326,-5.4381,new_york,2024
GBPJPY,-1,2024-12-02 04:00:00,2024-12-02 14:00:00,191.036,190.156,191.62337,189.86126,0.1704,88.0,136.46,136.14,10,time_exit,30.70092,0.39158,-0.32231,-4.7413,,2024
GBPJPY,1,2024-12-04 04:00:00,2024-12-04 05:00:00,189.916,189.3648,189.3648,191.0184,0.1842,-55.1,-92.39,-92.71,1,stop_loss,20.73426,0.36747,0.23799,-5.26437,,2024
GBPJPY,-1,2024-12-04 05:00:00,2024-12-04 07:00:00,189.672,190.22679,190.22679,188.56241,0.1812,-55.5,-91.48,-91.8,2,stop_loss,19.41445,0.36986,-0.40406,-5.19054,,2024
GBPJPY,-1,2024-12-04 13:00:00,2024-12-04 23:00:00,191.093,191.285,191.73149,189.81603,0.1559,-19.2,-27.24,-27.56,10,time_exit,21.34185,0.42566,2.50321,-3.81564,london,2024
GBPJPY,1,2024-12-05 03:00:00,2024-12-05 13:00:00,190.749,191.181,190.21099,191.82501,0.1844,43.2,72.49,72.17,10,time_exit,18.31048,0.35867,0.69973,-3.02436,,2024
GBPJPY,-1,2024-12-10 14:00:00,2024-12-10 21:00:00,193.563,194.04847,194.04847,192.59205,0.206,-48.5,-91.01,-91.33,7,stop_loss,31.23466,0.32365,3.7845,1.69914,london,2024
GBPJPY,1,2024-12-11 02:00:00,2024-12-11 04:00:00,194.046,193.63715,193.63715,194.8637,0.2422,-40.9,-90.11,-90.43,2,stop_loss,35.73368,0.27257,4.09963,3.31876,,2024
GBPJPY,1,2024-12-13 06:00:00,2024-12-13 09:00:00,193.591,193.09577,193.09577,194.58146,0.1979,-49.5,-89.19,-89.5,3,stop_loss,27.6838,0.33015,-0.45254,2.8372,,2024
GBPJPY,1,2024-12-16 13:00:00,2024-12-16 17:00:00,194.52,195.50665,194.02668,195.50665,0.1967,98.7,176.61,176.29,4,take_profit,12.87488,0.32888,1.6166,2.60538,london,2024
GBPJPY,-1,2024-12-16 19:00:00,2024-12-17 05:00:00,195.617,195.374,196.1373,194.57639,0.1902,24.3,42.06,41.74,10,time_exit,24.1826,0.34687,3.94776,2.87329,new_york,2024
GBPJPY,-1,2024-12-18 00:00:00,2024-12-18 02:00:00,194.922,195.37426,195.37426,194.01748,0.2199,-45.2,-90.5,-90.82,2,stop_loss,18.84023,0.30151,0.45174,3.89012,,2024
GBPJPY,-1,2024-12-18 11:00:00,2024-12-18 12:00:00,194.835,195.28638,195.28638,193.93223,0.2181,-45.1,-89.59,-89.91,1,stop_loss,12.44448,0.30092,-0.45471,3.5749,london,2024
GBPJPY,-1,2024-12-18 23:00:00,2024-12-19 04:00:00,194.536,195.11828,195.11828,193.37145,0.1674,-58.2,-88.7,-89.02,5,stop_loss,20.81009,0.38818,-1.34073,2.61157,,2024
GBPJPY,-1,2024-12-19 09:00:00,2024-12-19 10:00:00,196.666,197.43784,197.43784,195.12231,0.125,-77.2,-87.8,-88.12,1,stop_loss,21.08565,0.51456,3.03427,1.84888,london,2024
GBPJPY,-1,2024-12-19 19:00:00,2024-12-20 05:00:00,197.597,195.81396,198.48852,195.81396,0.1071,178.3,173.78,173.46,10,take_profit,30.97062,0.59435,2.61528,2.56989,new_york,2024
GBPJPY,1,2024-12-23 15:00:00,2024-12-24 01:00:00,196.787,196.889,196.31108,197.73884,0.2047,10.2,19.0,18.68,10,time_exit,10.73989,0.31728,0.74907,4.05975,london,2024
GBPJPY,1,2024-12-24 01:00:00,2024-12-24 11:00:00,196.888,196.787,196.4814,197.7012,0.2401,-10.1,-22.07,-22.39,10,time_exit,10.07208,0.27107,0.8676,4.56486,,2024
GBPJPY,-1,2024-12-27 09:00:00,2024-12-27 14:00:00,197.576,197.94666,197.94666,196.83469,0.2627,-37.1,-88.61,-88.93,5,stop_loss,15.89253,0.2471,0.86822,4.56223,london,2024
GBPJPY,1,2024-12-27 16:00:00,2024-12-30 02:00:00,198.405,198.666,197.98015,199.2547,0.2269,26.1,53.89,53.57,10,time_exit,15.9351,0.28323,3.23762,4.0326,new_york,2024
GBPJPY,1,2024-12-30 19:00:00,2024-12-31 05:00:00,196.867,196.35,196.27618,198.04864,0.1641,-51.7,-77.2,-77.52,10,time_exit,29.56517,0.39388,-2.75024,2.92669,new_york,2024
