symbol,direction,entry_dt,exit_dt,entry,exit,stop_loss,take_profit,size,pnl_pips,pnl_gross,pnl,bars_held,exit_reason,adx_entry,atr_entry,ema_distance,trend_gap,session,year
USDJPY,1,2019-01-14 09:00:00,2019-01-14 19:00:00,108.132,108.185,107.9529,108.49019,0.6136,5.3,29.59,29.37,10,time_exit,23.20858,0.1194,-1.62394,-1.88548,london,2019
USDJPY,1,2019-01-15 08:00:00,2019-01-15 11:00:00,108.715,108.54086,108.54086,109.06328,0.6329,-17.4,-100.3,-100.52,3,stop_loss,24.8791,0.11609,3.48114,-1.57724,tokyo,2019
USDJPY,1,2019-01-15 17:00:00,2019-01-16 03:00:00,108.483,108.427,108.27184,108.90532,0.5167,-5.6,-26.33,-26.56,10,time_exit,24.0904,0.14077,0.78999,-0.88294,new_york,2019
USDJPY,1,2019-01-18 14:00:00,2019-01-21 00:00:00,109.506,109.73,109.29847,109.92107,0.5243,22.4,106.87,106.65,10,time_exit,31.0042,0.13836,3.10859,2.46304,london,2019
USDJPY,1,2019-01-22 19:00:00,2019-01-22 20:00:00,109.346,109.20457,109.20457,109.62886,0.7777,-14.1,-100.09,-100.32,1,stop_loss,32.37808,0.09429,-1.42667,4.2485,new_york,2019
USDJPY,1,2019-01-25 00:00:00,2019-01-25 10:00:00,109.637,109.882,109.45353,110.00394,0.5935,24.5,132.32,132.09,10,time_exit,14.44669,0.12231,0.29431,2.52501,tokyo,2019
USDJPY,1,2019-01-29 04:00:00,2019-01-29 14:00:00,109.185,109.467,109.01138,109.53223,0.6355,28.2,163.08,162.85,10,time_exit,23.32146,0.11574,-2.19956,0.56994,tokyo,2019
USDJPY,-1,2019-01-30 16:00:00,2019-01-30 21:00:00,109.572,109.30056,109.70772,109.30056,0.8262,27.1,204.08,203.85,5,take_profit,11.50944,0.09048,2.07976,0.16615,new_york,2019
USDJPY,-1,2019-01-31 00:00:00,2019-01-31 10:00:00,109.026,108.734,109.22812,108.62176,0.5658,29.2,150.34,150.12,10,time_exit,23.80741,0.13475,-2.38399,0.00962,tokyo,2019
USDJPY,-1,2019-01-31 10:00:00,2019-01-31 20:00:00,108.737,108.87,108.92246,108.36608,0.6256,-13.3,-75.72,-75.94,10,time_exit,33.64301,0.12364,-3.76485,-0.96185,london,2019
USDJPY,1,2019-02-01 03:00:00,2019-02-01 13:00:00,108.829,108.887,108.64859,109.18981,0.6385,5.8,33.7,33.47,10,time_exit,26.8387,0.12027,-1.37013,-2.00276,tokyo,2019
USDJPY,-1,2019-02-04 21:00:00,2019-02-05 03:00:00,109.864,110.02444,110.02444,109.54312,0.7202,-16.0,-105.15,-105.38,6,stop_loss,60.13166,0.10696,3.29968,1.74815,new_york,2019
USDJPY,1,2019-02-05 21:00:00,2019-02-06 04:00:00,109.95,109.79253,109.79253,110.26494,0.7264,-15.7,-104.09,-104.32,7,stop_loss,23.00779,0.10498,1.70692,3.01955,new_york,2019
USDJPY,1,2019-02-06 23:00:00,2019-02-07 03:00:00,109.949,109.78414,109.78414,110.27872,0.6869,-16.5,-103.05,-103.28,4,stop_loss,21.72357,0.10991,1.37955,2.37415,,2019
USDJPY,-1,2019-02-07 21:00:00,2019-02-08 07:00:00,109.841,109.742,110.03062,109.46175,0.5912,9.9,53.26,53.03,10,time_exit,17.62017,0.12642,0.09406,1.80972,new_york,2019
USDJPY,-1,2019-02-08 18:00:00,2019-02-11 04:00:00,109.727,109.88227,109.88227,109.41646,0.7258,-15.5,-102.55,-102.78,10,stop_loss,17.04261,0.10351,-0.70141,1.59345,new_york,2019
USDJPY,-1,2019-02-11 08:00:00,2019-02-11 11:00:00,109.983,110.11196,110.11196,109.72509,0.8651,-12.9,-101.52,-101.75,3,stop_loss,15.49067,0.08597,1.893,1.8494,tokyo,2019
USDJPY,-1,2019-02-11 11:00:00,2019-02-11 12:00:00,110.089,110.2162,110.2162,109.83461,0.8683,-12.7,-100.51,-100.73,1,stop_loss,19.64746,0.0848,2.9066,2.01395,london,2019
USDJPY,1,2019-02-11 14:00:00,2019-02-11 15:00:00,110.121,110.40408,109.97946,110.40408,0.7725,28.3,199.0,198.77,1,take_profit,26.92219,0.09436,2.54082,2.05913,london,2019
USDJPY,1,2019-02-13 07:00:00,2019-02-13 15:00:00,110.598,110.86388,110.46506,110.86388,0.8389,26.6,202.98,202.75,8,take_profit,22.07269,0.08863,2.35316,4.86915,tokyo,2019
USDJPY,-1,2019-02-14 08:00:00,2019-02-14 15:00:00,111.027,110.75481,111.16309,110.75481,0.8358,27.2,207.02,206.79,7,take_profit,33.74433,0.09073,3.47636,6.07345,tokyo,2019
USDJPY,1,2019-02-14 15:00:00,2019-02-14 16:00:00,111.037,110.91163,110.91163,111.28775,0.9254,-12.5,-105.58,-105.81,1,stop_loss,33.71337,0.08358,2.93689,6.84698,london,2019
USDJPY,1,2019-02-15 03:00:00,2019-02-15 13:00:00,110.378,110.417,110.19826,110.73748,0.639,3.9,22.68,22.45,10,time_exit,34.5756,0.11983,-2.6747,3.68263,tokyo,2019
USDJPY,1,2019-02-18 01:00:00,2019-02-18 11:00:00,110.496,110.543,110.34245,110.8031,0.7497,4.7,32.06,31.84,10,time_exit,18.97165,0.10237,-0.49367,2.48362,tokyo,2019
USDJPY,1,2019-02-19 11:00:00,2019-02-19 15:00:00,110.796,110.67095,110.67095,111.04611,0.9233,-12.5,-105.07,-105.3,4,stop_loss,19.2789,0.08337,2.62346,2.43962,london,2019
USDJPY,1,2019-02-20 04:00:00,2019-02-20 14:00:00,110.872,110.759,110.70451,111.20698,0.6824,-11.3,-70.17,-70.4,10,time_exit,16.85736,0.11166,2.23716,1.80252,tokyo,2019
USDJPY,-1,2019-02-25 18:00:00,2019-02-25 19:00:00,110.863,110.98927,110.98927,110.61046,0.8991,-12.6,-103.31,-103.54,1,stop_loss,13.84817,0.08418,1.66095,1.4215,new_york,2019
USDJPY,-1,2019-02-25 21:00:00,2019-02-26 04:00:00,111.097,110.79612,111.24744,110.79612,0.7471,30.1,204.56,204.33,7,take_profit,21.55671,0.10029,3.27763,1.49006,new_york,2019
USDJPY,1,2019-02-26 06:00:00,2019-02-26 16:00:00,110.795,110.746,110.64825,111.0885,0.7812,-4.9,-34.83,-35.06,10,time_exit,23.66544,0.09783,-0.35227,1.83616,tokyo,2019
USDJPY,1,2019-02-27 05:00:00,2019-02-27 09:00:00,110.577,110.43734,110.43734,110.85632,0.818,-14.0,-103.96,-104.19,4,stop_loss,32.55293,0.09311,-1.76061,0.86725,tokyo,2019
USDJPY,-1,2019-02-27 16:00:00,2019-02-27 17:00:00,110.694,110.83497,110.83497,110.41205,0.8023,-14.1,-102.92,-103.15,1,stop_loss,37.44497,0.09398,0.35267,0.15254,new_york,2019
USDJPY,1,2019-02-28 17:00:00,2019-03-01 03:00:00,111.258,111.62791,111.07305,111.62791,0.6054,37.0,203.79,203.56,10,take_profit,26.56627,0.1233,3.63612,0.87501,new_york,2019
USDJPY,1,2019-03-01 15:00:00,2019-03-01 17:00:00,111.848,111.68715,111.68715,112.16969,0.71,-16.1,-103.92,-104.15,2,stop_loss,50.82567,0.10723,5.06851,3.93983,london,2019
USDJPY,-1,2019-03-04 00:00:00,2019-03-04 03:00:00,111.838,111.99729,111.99729,111.51943,0.7098,-15.9,-102.89,-103.11,3,stop_loss,42.70979,0.10619,4.04512,4.91787,tokyo,2019
USDJPY,-1,2019-03-04 16:00:00,2019-03-04 19:00:00,111.92,111.65877,112.05061,111.65877,0.857,26.1,203.72,203.49,3,take_profit,19.61713,0.08708,2.55875,6.70684,new_york,2019
USDJPY,-1,2019-03-04 22:00:00,2019-03-05 02:00:00,111.741,111.87566,111.87566,111.47168,0.8478,-13.5,-103.89,-104.12,4,stop_loss,20.54245,0.08977,0.30204,6.25962,,2019
USDJPY,-1,2019-03-05 21:00:00,2019-03-06 07:00:00,111.853,111.805,112.00164,111.55571,0.7604,4.8,33.21,32.99,10,time_exit,19.96873,0.0991,0.35362,5.21482,new_york,2019
USDJPY,-1,2019-03-07 02:00:00,2019-03-07 08:00:00,111.625,111.74331,111.74331,111.38837,0.9583,-11.8,-103.18,-103.4,6,stop_loss,19.97496,0.07888,-2.0684,4.62613,tokyo,2019
USDJPY,-1,2019-03-07 18:00:00,2019-03-07 23:00:00,111.534,111.66926,111.66926,111.26348,0.8299,-13.5,-102.15,-102.38,5,stop_loss,17.92349,0.09017,-2.24325,3.05733,new_york,2019
USDJPY,1,2019-03-12 22:00:00,2019-03-13 08:00:00,111.281,111.32,111.12748,111.58805,0.7238,3.9,25.69,25.46,10,time_exit,13.24609,0.10235,-0.13116,-0.5789,,2019
USDJPY,1,2019-03-18 04:00:00,2019-03-18 14:00:00,111.549,111.514,111.41455,111.8179,0.8286,-3.5,-26.39,-26.62,10,time_exit,19.82534,0.08963,-0.06475,1.27167,tokyo,2019
USDJPY,1,2019-03-21 16:00:00,2019-03-21 18:00:00,110.542,110.95125,110.33737,110.95125,0.543,40.9,202.22,202.0,2,take_profit,49.87046,0.13642,-3.17661,-2.28358,new_york,2019
USDJPY,-1,2019-03-22 02:00:00,2019-03-22 12:00:00,110.789,110.517,110.96564,110.43571,0.6416,27.2,158.81,158.58,10,time_exit,25.44903,0.11776,-1.11597,-2.73065,tokyo,2019
USDJPY,1,2019-03-25 09:00:00,2019-03-25 19:00:00,109.982,110.038,109.75783,110.43033,0.5133,5.6,26.16,25.93,10,time_exit,31.47497,0.14944,-2.59092,-4.03066,london,2019
USDJPY,1,2019-03-25 23:00:00,2019-03-26 09:00:00,109.97,110.133,109.72693,110.45615,0.4746,16.3,70.4,70.17,10,time_exit,22.24839,0.16205,-1.60718,-3.83528,,2019
USDJPY,-1,2019-03-26 09:00:00,2019-03-26 12:00:00,110.142,110.34279,110.34279,109.74041,0.5783,-20.1,-105.67,-105.9,3,stop_loss,16.70703,0.13386,-0.24005,-4.4928,london,2019
USDJPY,-1,2019-03-26 22:00:00,2019-03-27 08:00:00,110.526,110.63,110.73232,110.11336,0.5572,-10.4,-52.73,-52.96,10,time_exit,27.54975,0.13755,1.81256,-3.3009,,2019
USDJPY,-1,2019-03-27 22:00:00,2019-03-28 08:00:00,110.378,110.083,110.60919,109.91563,0.4948,29.5,132.83,132.6,10,time_exit,13.8981,0.15412,-0.17866,-1.79138,,2019
USDJPY,1,2019-03-29 15:00:00,2019-04-01 01:00:00,110.755,110.942,110.54135,111.18231,0.5422,18.7,92.27,92.04,10,time_exit,36.45274,0.14244,1.32809,-0.50023,london,2019
USDJPY,-1,2019-04-03 04:00:00,2019-04-03 14:00:00,111.477,111.488,111.61213,111.20673,0.8647,-1.1,-8.66,-8.88,10,time_exit,17.53837,0.09009,2.77609,3.6326,tokyo,2019
USDJPY,1,2019-04-03 23:00:00,2019-04-04 09:00:00,111.486,111.35288,111.35288,111.75223,0.8771,-13.3,-106.25,-106.48,10,stop_loss,14.85739,0.08874,1.47042,4.02068,,2019
USDJPY,-1,2019-04-05 00:00:00,2019-04-05 03:00:00,111.643,111.75465,111.75465,111.4197,1.0353,-11.2,-105.19,-105.41,3,stop_loss,22.69236,0.07443,2.86747,4.53046,tokyo,2019
USDJPY,1,2019-04-05 13:00:00,2019-04-05 15:00:00,111.717,111.61985,111.61985,111.9113,1.1778,-9.7,-104.13,-104.36,2,stop_loss,36.10587,0.06477,2.73611,5.63533,london,2019
USDJPY,1,2019-04-08 16:00:00,2019-04-09 02:00:00,111.359,111.45,111.2431,111.59081,0.9774,9.1,80.94,80.71,10,time_exit,35.57404,0.07727,-2.31853,3.50811,new_york,2019
USDJPY,1,2019-04-09 17:00:00,2019-04-10 03:00:00,111.093,111.163,110.95441,111.37018,0.8238,7.0,52.48,52.25,10,time_exit,22.39118,0.09239,-3.48067,1.36851,new_york,2019
USDJPY,-1,2019-04-10 08:00:00,2019-04-10 10:00:00,111.122,111.23626,111.23626,110.89349,1.0042,-11.4,-104.41,-104.64,2,stop_loss,22.77192,0.07617,-2.14069,0.26472,tokyo,2019
USDJPY,1,2019-04-10 21:00:00,2019-04-11 03:00:00,110.86,111.12294,110.72853,111.12294,0.864,26.3,206.73,206.51,6,take_profit,21.11209,0.08765,-3.80981,-0.54958,new_york,2019
USDJPY,-1,2019-04-11 03:00:00,2019-04-11 09:00:00,110.987,111.11581,111.11581,110.72939,0.8995,-12.9,-105.43,-105.66,6,stop_loss,17.62286,0.08587,-1.84491,-0.93903,tokyo,2019
USDJPY,1,2019-04-11 14:00:00,2019-04-11 16:00:00,111.116,111.33704,111.00548,111.33704,1.0378,22.1,208.75,208.53,2,take_profit,21.11955,0.07368,-0.1186,-1.17605,london,2019
USDJPY,-1,2019-04-12 20:00:00,2019-04-15 06:00:00,112.028,111.928,112.14463,111.79475,1.0031,10.0,91.28,91.05,10,time_exit,64.4721,0.07775,5.65742,3.09019,new_york,2019
USDJPY,-1,2019-04-15 06:00:00,2019-04-15 16:00:00,111.995,112.027,112.10611,111.77279,1.062,-3.2,-30.93,-31.15,10,time_exit,55.52597,0.07407,3.64495,4.24749,tokyo,2019
USDJPY,-1,2019-04-15 22:00:00,2019-04-16 08:00:00,112.015,111.925,112.1166,111.81181,1.158,9.0,94.84,94.61,10,time_exit,42.70762,0.06773,2.54872,5.15923,,2019
USDJPY,1,2019-04-16 16:00:00,2019-04-17 02:00:00,111.984,111.995,111.87048,112.21105,1.0455,1.1,10.47,10.24,10,time_exit,24.20257,0.07568,1.2047,4.30086,new_york,2019
USDJPY,1,2019-04-17 02:00:00,2019-04-17 12:00:00,111.987,112.022,111.88992,112.18115,1.2238,3.5,38.98,38.75,10,time_exit,18.65471,0.06472,0.98269,4.88921,tokyo,2019
USDJPY,-1,2019-04-19 01:00:00,2019-04-19 11:00:00,111.965,111.92,112.07317,111.74866,1.1022,4.5,45.14,44.91,10,time_exit,16.28195,0.07211,0.21772,2.88228,tokyo,2019
USDJPY,-1,2019-04-19 17:00:00,2019-04-22 03:00:00,111.93,111.99145,111.99145,111.80709,1.9481,-6.1,-108.94,-109.17,10,stop_loss,10.81792,0.04097,-0.2492,4.16435,new_york,2019
USDJPY,-1,2019-04-23 03:00:00,2019-04-23 04:00:00,111.934,111.83031,111.98584,111.83031,2.2861,10.4,215.71,215.48,1,take_profit,9.97564,0.03456,0.12198,3.35215,tokyo,2019
USDJPY,-1,2019-04-24 14:00:00,2019-04-24 20:00:00,111.864,111.96747,111.96747,111.65705,1.1683,-10.3,-110.01,-110.24,6,stop_loss,14.2856,0.06898,-0.12176,0.67011,london,2019
USDJPY,-1,2019-04-25 08:00:00,2019-04-25 16:00:00,111.972,111.6436,112.1362,111.6436,0.7289,32.8,217.83,217.6,8,take_profit,20.53203,0.10947,0.25609,0.81091,tokyo,2019
USDJPY,1,2019-04-26 04:00:00,2019-04-26 14:00:00,111.651,111.768,111.48573,111.98153,0.7386,11.7,78.64,78.41,10,time_exit,33.54648,0.11018,-1.29538,-0.2855,tokyo,2019
USDJPY,1,2019-04-30 11:00:00,2019-04-30 21:00:00,111.33,111.353,111.21398,111.56204,1.0596,2.3,22.18,21.95,10,time_exit,29.97135,0.07735,-4.16395,-1.27385,london,2019
USDJPY,1,2019-05-01 01:00:00,2019-05-01 11:00:00,111.436,111.419,111.30231,111.70337,0.9213,-1.7,-14.25,-14.48,10,time_exit,26.78126,0.08912,-1.01041,-1.923,tokyo,2019
USDJPY,1,2019-05-02 17:00:00,2019-05-02 18:00:00,111.521,111.39501,111.39501,111.77298,0.9763,-12.6,-111.94,-112.16,1,stop_loss,24.97775,0.08399,0.53142,-1.64171,new_york,2019
USDJPY,1,2019-05-02 18:00:00,2019-05-02 19:00:00,111.539,111.41569,111.41569,111.78563,0.9876,-12.3,-110.82,-111.05,1,stop_loss,24.46332,0.08221,0.72034,-1.63873,new_york,2019
USDJPY,1,2019-05-03 00:00:00,2019-05-03 10:00:00,111.494,111.477,111.37502,111.73196,1.0133,-1.7,-15.68,-15.9,10,time_exit,18.28392,0.07932,0.33332,-1.59122,tokyo,2019
USDJPY,-1,2019-05-03 19:00:00,2019-05-06 00:00:00,111.274,111.01625,111.40288,111.01625,0.9341,25.8,219.1,218.87,5,take_profit,14.13046,0.08592,-2.14759,-1.40522,new_york,2019
USDJPY,-1,2019-05-08 08:00:00,2019-05-08 10:00:00,109.963,110.13773,110.13773,109.61354,0.7027,-17.5,-111.73,-111.96,2,stop_loss,38.23174,0.11649,-4.92234,-5.02623,tokyo,2019
USDJPY,1,2019-05-08 11:00:00,2019-05-08 13:00:00,110.136,109.9671,109.9671,110.47381,0.7197,-16.9,-110.62,-110.85,2,stop_loss,37.96317,0.1126,-3.1182,-5.36888,london,2019
USDJPY,1,2019-05-08 23:00:00,2019-05-09 03:00:00,110.068,109.88038,109.88038,110.44324,0.6414,-18.8,-109.51,-109.74,4,stop_loss,24.75517,0.12508,-2.20305,-5.09811,,2019
USDJPY,1,2019-05-09 04:00:00,2019-05-09 10:00:00,109.944,109.76686,109.76686,110.29827,0.6726,-17.7,-108.42,-108.65,6,stop_loss,24.98319,0.11809,-2.90663,-5.47973,tokyo,2019
USDJPY,1,2019-05-10 14:00:00,2019-05-10 17:00:00,109.764,109.55851,109.55851,110.17498,0.5739,-20.5,-107.32,-107.54,3,stop_loss,16.66765,0.13699,-1.0839,-5.0424,london,2019
USDJPY,1,2019-05-13 14:00:00,2019-05-13 15:00:00,109.664,109.50071,109.50071,109.99058,0.715,-16.3,-106.25,-106.47,1,stop_loss,18.2948,0.10886,-1.26614,-5.66217,london,2019
USDJPY,-1,2019-05-13 21:00:00,2019-05-14 04:00:00,109.272,109.4889,109.4889,108.8382,0.5329,-21.7,-105.18,-105.41,7,stop_loss,32.5409,0.1446,-2.68476,-4.68458,new_york,2019
USDJPY,1,2019-05-15 06:00:00,2019-05-15 10:00:00,109.651,109.49145,109.49145,109.97009,0.7172,-16.0,-104.13,-104.36,4,stop_loss,12.85007,0.10636,0.39064,-4.80093,tokyo,2019
USDJPY,1,2019-05-16 02:00:00,2019-05-16 04:00:00,109.556,109.37973,109.37973,109.90854,0.6427,-17.6,-103.09,-103.32,2,stop_loss,13.80042,0.11751,0.04079,-3.89578,tokyo,2019
USDJPY,1,2019-05-17 23:00:00,2019-05-20 09:00:00,110.004,110.169,109.7995,110.413,0.5484,16.5,82.34,82.11,10,time_exit,20.1522,0.13633,1.89399,-1.22766,,2019
USDJPY,-1,2019-05-22 16:00:00,2019-05-23 02:00:00,110.375,110.218,110.5095,110.106,0.8405,15.7,120.08,119.85,10,time_exit,20.41281,0.08967,0.51228,2.61236,new_york,2019
USDJPY,1,2019-05-24 08:00:00,2019-05-24 17:00:00,109.58,109.40917,109.40917,109.92165,0.6695,-17.1,-104.08,-104.3,9,stop_loss,47.22455,0.11388,-3.26167,-0.8489,tokyo,2019
USDJPY,1,2019-05-29 07:00:00,2019-05-29 09:00:00,109.351,109.19275,109.19275,109.6675,0.7155,-15.8,-103.04,-103.26,2,stop_loss,21.41216,0.1055,-1.08786,-2.66846,tokyo,2019
USDJPY,1,2019-05-29 12:00:00,2019-05-29 22:00:00,109.255,109.56899,109.09801,109.56899,0.714,31.4,204.01,203.78,10,take_profit,29.34561,0.10466,-1.61966,-2.8537,london,2019
USDJPY,1,2019-05-30 21:00:00,2019-05-31 02:00:00,109.606,109.43104,109.43104,109.95592,0.6534,-17.5,-104.03,-104.26,5,stop_loss,23.85485,0.11664,0.31323,-0.98633,new_york,2019
USDJPY,-1,2019-05-31 08:00:00,2019-05-31 17:00:00,109.015,108.58656,109.22922,108.58656,0.5283,42.8,205.98,205.75,9,take_profit,28.67933,0.14281,-3.38731,-1.08408,tokyo,2019
USDJPY,1,2019-05-31 19:00:00,2019-05-31 21:00:00,108.655,108.43427,108.43427,109.09645,0.523,-22.1,-105.05,-105.28,2,stop_loss,44.27554,0.14715,-3.95478,-2.20118,new_york,2019
USDJPY,1,2019-06-03 03:00:00,2019-06-03 13:00:00,108.224,108.294,108.02275,108.6265,0.5679,7.0,36.18,35.95,10,time_exit,54.19251,0.13417,-5.7235,-3.55169,tokyo,2019
USDJPY,-1,2019-06-03 23:00:00,2019-06-04 09:00:00,107.991,107.905,108.22158,107.52985,0.4974,8.6,38.93,38.7,10,time_exit,38.97029,0.15372,-3.7824,-4.37306,,2019
USDJPY,1,2019-06-06 08:00:00,2019-06-06 18:00:00,108.201,108.083,108.00462,108.59375,0.5861,-11.8,-62.94,-63.16,10,time_exit,16.04665,0.13092,-0.34668,-4.04526,tokyo,2019
USDJPY,-1,2019-06-10 12:00:00,2019-06-10 22:00:00,108.623,108.44,108.79835,108.27231,0.6525,18.3,108.66,108.43,10,time_exit,24.79973,0.1169,2.01436,-1.90464,london,2019
USDJPY,-1,2019-06-13 11:00:00,2019-06-13 13:00:00,108.351,108.49634,108.49634,108.06031,0.7954,-14.5,-105.2,-105.43,2,stop_loss,20.58598,0.0969,-0.86182,-1.10281,london,2019
USDJPY,-1,2019-06-14 12:00:00,2019-06-14 15:00:00,108.243,108.36613,108.36613,107.99674,0.9295,-12.3,-104.15,-104.38,3,stop_loss,36.39697,0.08209,-1.68051,-1.47856,london,2019
USDJPY,1,2019-06-14 21:00:00,2019-06-17 07:00:00,108.537,108.607,108.38027,108.85046,0.7229,7.0,46.05,45.82,10,time_exit,29.6115,0.10449,1.46564,-1.03403,new_york,2019
USDJPY,-1,2019-06-17 16:00:00,2019-06-17 17:00:00,108.556,108.67849,108.67849,108.31103,0.9291,-12.2,-103.56,-103.79,1,stop_loss,28.90131,0.08166,0.71756,-0.14602,new_york,2019
USDJPY,-1,2019-06-18 06:00:00,2019-06-18 16:00:00,108.372,108.49363,108.49363,108.12875,0.9263,-12.2,-102.52,-102.75,10,stop_loss_ambiguous,21.98151,0.08108,-1.72554,-0.0166,tokyo,2019
USDJPY,1,2019-06-18 16:00:00,2019-06-18 17:00:00,108.245,108.50495,108.11502,108.50495,0.8581,26.0,202.99,202.76,1,take_profit,26.95427,0.08665,-2.19853,-0.65193,new_york,2019
USDJPY,1,2019-06-19 10:00:00,2019-06-19 20:00:00,108.254,108.364,108.10239,108.55723,0.7503,11.0,75.11,74.88,10,time_exit,15.60268,0.10108,-1.84507,-0.42411,london,2019
USDJPY,1,2019-06-20 06:00:00,2019-06-20 16:00:00,107.59,107.704,107.36946,108.03108,0.5196,11.4,53.9,53.68,10,time_exit,34.38106,0.14703,-4.63233,-1.07476,tokyo,2019
USDJPY,1,2019-06-21 04:00:00,2019-06-21 05:00:00,107.347,107.14558,107.14558,107.74984,0.5718,-20.1,-104.81,-105.03,1,stop_loss,48.92522,0.13428,-3.46846,-3.24805,tokyo,2019
USDJPY,-1,2019-06-21 22:00:00,2019-06-24 08:00:00,107.413,107.482,107.62644,106.98613,0.5342,-6.9,-33.54,-33.77,10,time_exit,27.6957,0.14229,-1.38671,-3.50351,,2019
USDJPY,-1,2019-06-24 10:00:00,2019-06-24 20:00:00,107.426,107.329,107.59132,107.09535,0.6874,9.7,60.68,60.45,10,time_exit,17.70842,0.11022,-0.86957,-4.57169,london,2019
USDJPY,1,2019-06-24 20:00:00,2019-06-25 04:00:00,107.337,107.17033,107.17033,107.67033,0.6859,-16.7,-104.03,-104.26,8,stop_loss,14.32126,0.11111,-1.21376,-4.42319,new_york,2019
USDJPY,1,2019-06-26 08:00:00,2019-06-26 18:00:00,107.48,107.639,107.28466,107.87067,0.5793,15.9,83.82,83.59,10,time_exit,22.97615,0.13022,1.68484,-3.57334,tokyo,2019
USDJPY,1,2019-06-27 01:00:00,2019-06-27 06:00:00,107.752,108.07324,107.59138,108.07324,0.7103,32.1,207.64,207.41,5,take_profit,33.6609,0.10708,2.66236,-2.33528,tokyo,2019
USDJPY,1,2019-06-27 10:00:00,2019-06-27 12:00:00,108.065,107.89648,107.89648,108.40203,0.6905,-16.9,-105.89,-106.12,2,stop_loss,35.04286,0.11234,4.08412,-1.13267,london,2019
USDJPY,-1,2019-06-27 23:00:00,2019-06-28 09:00:00,107.773,107.697,107.93379,107.45143,0.7165,7.6,49.55,49.33,10,time_exit,20.77075,0.10719,0.74362,-0.48328,,2019
USDJPY,1,2019-07-01 08:00:00,2019-07-01 18:00:00,108.241,108.418,108.04641,108.63019,0.5948,17.7,95.8,95.58,10,time_exit,24.78628,0.12973,2.78484,0.72593,tokyo,2019
USDJPY,1,2019-07-01 20:00:00,2019-07-02 01:00:00,108.478,108.29335,108.29335,108.84729,0.6325,-18.5,-106.28,-106.51,5,stop_loss,32.54771,0.1231,3.43333,1.68411,new_york,2019
USDJPY,1,2019-07-02 08:00:00,2019-07-02 10:00:00,108.392,108.25148,108.25148,108.67304,0.8228,-14.1,-105.21,-105.44,2,stop_loss,27.49356,0.09368,2.11881,2.99106,tokyo,2019
USDJPY,-1,2019-07-02 20:00:00,2019-07-03 04:00:00,107.878,107.54023,108.04689,107.54023,0.6777,33.8,208.31,208.08,8,take_profit,26.8116,0.11259,-2.73275,2.15141,new_york,2019
USDJPY,1,2019-07-03 14:00:00,2019-07-04 00:00:00,107.632,107.8,107.4817,107.93259,0.7768,16.8,118.76,118.53,10,time_exit,49.38368,0.1002,-3.15741,0.3919,london,2019
USDJPY,-1,2019-07-05 00:00:00,2019-07-05 08:00:00,107.812,107.88576,107.88576,107.66447,1.6004,-7.4,-107.43,-107.65,8,stop_loss,16.09903,0.04918,-0.4074,-0.85155,tokyo,2019
USDJPY,1,2019-07-05 11:00:00,2019-07-05 15:00:00,108.05,108.23093,107.95953,108.23093,1.2918,18.1,212.69,212.46,4,take_profit,26.91293,0.06031,3.33677,-0.4398,london,2019
USDJPY,1,2019-07-05 21:00:00,2019-07-08 05:00:00,108.547,108.39988,108.39988,108.84125,0.8102,-14.7,-108.47,-108.7,8,stop_loss,57.35881,0.09808,5.40274,0.98615,new_york,2019
USDJPY,-1,2019-07-08 14:00:00,2019-07-08 16:00:00,108.531,108.66699,108.66699,108.25901,0.8677,-13.6,-107.38,-107.61,2,stop_loss,41.8404,0.09066,3.43082,2.42775,london,2019
USDJPY,-1,2019-07-09 22:00:00,2019-07-10 08:00:00,108.867,108.862,108.99144,108.61811,0.9388,0.5,4.27,4.04,10,time_exit,35.44058,0.08296,2.87062,5.03644,,2019
USDJPY,1,2019-07-10 08:00:00,2019-07-10 15:00:00,108.865,108.76184,108.76184,109.07131,1.1329,-10.3,-106.35,-106.58,7,stop_loss,30.224,0.06877,2.1474,6.40304,tokyo,2019
USDJPY,1,2019-07-11 09:00:00,2019-07-11 15:00:00,107.998,108.3167,107.83865,108.3167,0.7261,31.9,210.58,210.35,6,take_profit,51.30727,0.10623,-4.77836,1.79421,london,2019
USDJPY,-1,2019-07-18 02:00:00,2019-07-18 04:00:00,107.958,107.68358,108.09521,107.68358,0.86,27.4,214.76,214.54,2,take_profit,24.99059,0.09147,-1.78514,-0.62762,tokyo,2019
USDJPY,-1,2019-07-19 09:00:00,2019-07-19 19:00:00,107.639,107.732,107.83371,107.24957,0.6182,-9.3,-52.32,-52.55,10,time_exit,30.34635,0.12981,-0.98541,-2.09323,london,2019
USDJPY,1,2019-07-22 01:00:00,2019-07-22 11:00:00,107.733,107.868,107.55919,108.08063,0.6892,13.5,84.67,84.44,10,time_exit,19.22555,0.11588,-0.06445,-2.14857,tokyo,2019
USDJPY,-1,2019-07-22 11:00:00,2019-07-22 21:00:00,107.864,107.862,108.02839,107.53522,0.7343,0.2,1.34,1.11,10,time_exit,32.59412,0.10959,0.61214,-1.68107,london,2019
USDJPY,1,2019-07-25 18:00:00,2019-07-26 04:00:00,108.56,108.654,108.41913,108.84174,0.857,9.4,73.31,73.08,10,time_exit,18.07564,0.09391,4.50028,0.90636,new_york,2019
USDJPY,-1,2019-07-26 09:00:00,2019-07-26 15:00:00,108.64,108.75592,108.75592,108.40817,1.0485,-11.6,-110.6,-110.83,6,stop_loss,39.0529,0.07728,3.5104,3.01378,london,2019
USDJPY,-1,2019-07-29 07:00:00,2019-07-29 09:00:00,108.553,108.67112,108.67112,108.31676,1.0186,-11.8,-109.49,-109.72,2,stop_loss,30.00342,0.07875,0.38794,3.64688,tokyo,2019
USDJPY,1,2019-07-29 16:00:00,2019-07-29 18:00:00,108.655,108.86064,108.55218,108.86064,1.1584,20.6,216.78,216.55,2,take_profit,23.03805,0.06855,1.43178,4.17892,new_york,2019
USDJPY,-1,2019-07-30 06:00:00,2019-07-30 14:00:00,108.72,108.47246,108.84377,108.47246,0.9815,24.8,221.1,220.87,8,take_profit,30.39211,0.08251,0.7073,3.91011,tokyo,2019
USDJPY,-1,2019-07-30 16:00:00,2019-07-30 18:00:00,108.549,108.69115,108.69115,108.26471,0.8717,-14.2,-112.76,-112.98,2,stop_loss,19.47081,0.09476,-0.96605,2.91225,new_york,2019
USDJPY,-1,2019-07-30 18:00:00,2019-07-31 04:00:00,108.646,108.545,108.79262,108.35276,0.8367,10.1,76.9,76.67,10,time_exit,17.32667,0.09775,0.07483,2.74591,new_york,2019
USDJPY,1,2019-08-01 12:00:00,2019-08-01 14:00:00,109.084,108.90915,108.90915,109.4337,0.7064,-17.5,-112.4,-112.63,2,stop_loss,42.22872,0.11657,2.45065,2.53685,london,2019
USDJPY,1,2019-08-05 17:00:00,2019-08-06 00:00:00,106.118,105.79578,105.79578,106.76245,0.3795,-32.2,-111.28,-111.51,7,stop_loss,46.57227,0.21482,-3.2673,-4.65812,new_york,2019
USDJPY,-1,2019-08-06 17:00:00,2019-08-07 03:00:00,106.521,106.26,106.88994,105.78312,0.3281,26.1,77.93,77.7,10,time_exit,31.72246,0.24596,0.21123,-4.08944,new_york,2019
USDJPY,-1,2019-08-07 20:00:00,2019-08-07 21:00:00,105.814,106.14975,106.14975,105.14251,0.3631,-33.6,-110.94,-111.17,1,stop_loss,24.95879,0.22383,-1.90347,-4.14699,new_york,2019
USDJPY,1,2019-08-09 10:00:00,2019-08-09 14:00:00,105.897,105.686,105.686,106.319,0.572,-21.1,-109.83,-110.06,4,stop_loss,22.57058,0.14067,-1.32412,-5.23997,london,2019
USDJPY,-1,2019-08-12 15:00:00,2019-08-12 17:00:00,105.137,105.34491,105.34491,104.72117,0.5746,-20.8,-108.72,-108.94,2,stop_loss,40.37437,0.13861,-3.81262,-5.97641,london,2019
USDJPY,-1,2019-08-14 15:00:00,2019-08-15 01:00:00,105.864,105.797,106.1677,105.25661,0.3895,6.7,23.75,23.52,10,time_exit,27.05942,0.20246,-0.86892,-1.18639,london,2019
USDJPY,1,2019-08-15 04:00:00,2019-08-15 09:00:00,105.963,106.53758,105.67571,106.53758,0.4126,57.5,215.74,215.51,5,take_profit,21.16593,0.19153,-0.1009,-1.31658,tokyo,2019
USDJPY,-1,2019-08-16 15:00:00,2019-08-19 01:00:00,106.284,106.468,106.51996,105.81207,0.5124,-18.4,-85.8,-86.02,10,time_exit,13.36707,0.15731,1.12451,-0.58866,london,2019
USDJPY,1,2019-08-20 05:00:00,2019-08-20 09:00:00,106.594,106.4474,106.4474,106.8872,0.8183,-14.7,-109.16,-109.39,4,stop_loss,21.81356,0.09773,1.802,1.34957,tokyo,2019
USDJPY,-1,2019-08-20 21:00:00,2019-08-21 05:00:00,106.281,106.44102,106.44102,105.96095,0.7421,-16.0,-108.07,-108.29,8,stop_loss,31.08836,0.10668,-1.14393,0.93924,new_york,2019
USDJPY,1,2019-08-22 11:00:00,2019-08-22 12:00:00,106.443,106.30562,106.30562,106.71776,0.8558,-13.7,-106.99,-107.21,1,stop_loss,17.38489,0.09159,-0.17851,1.15729,london,2019
USDJPY,-1,2019-08-22 20:00:00,2019-08-23 03:00:00,106.44,106.61245,106.61245,106.09511,0.6749,-17.2,-105.91,-106.14,7,stop_loss,15.23402,0.11496,-0.17292,0.84642,new_york,2019
USDJPY,-1,2019-08-26 00:00:00,2019-08-26 01:00:00,104.988,104.44771,105.25814,104.44771,0.4265,54.0,209.69,209.47,1,take_profit,36.77744,0.1801,-4.68277,-0.44758,tokyo,2019
USDJPY,-1,2019-08-27 14:00:00,2019-08-27 17:00:00,105.811,106.067,106.067,105.29901,0.4591,-25.6,-106.95,-107.18,3,stop_loss,18.14923,0.17066,-0.47671,-1.49099,london,2019
USDJPY,-1,2019-08-29 06:00:00,2019-08-29 10:00:00,105.911,106.10235,106.10235,105.5283,0.608,-19.1,-105.87,-106.1,4,stop_loss,23.45322,0.12757,0.13658,-1.26955,tokyo,2019
USDJPY,-1,2019-08-30 19:00:00,2019-09-02 01:00:00,106.294,105.93555,106.47322,105.93555,0.6427,35.8,209.64,209.41,6,take_profit,25.88842,0.11948,0.35556,0.89453,new_york,2019
USDJPY,-1,2019-09-05 18:00:00,2019-09-06 04:00:00,107.045,107.074,107.27623,106.58253,0.5081,-2.9,-13.41,-13.64,10,time_exit,32.88358,0.15416,4.14646,1.14689,new_york,2019
USDJPY,1,2019-09-10 13:00:00,2019-09-10 23:00:00,107.314,107.537,107.17026,107.60147,0.8163,22.3,165.65,165.42,10,time_exit,22.1291,0.09582,2.22866,4.79707,london,2019
USDJPY,1,2019-09-12 18:00:00,2019-09-13 04:00:00,107.902,108.178,107.6936,108.3188,0.5717,27.6,143.59,143.36,10,time_exit,28.21502,0.13893,1.27807,4.53104,new_york,2019
USDJPY,1,2019-09-16 00:00:00,2019-09-16 01:00:00,107.469,107.76321,107.32189,107.76321,0.8207,29.4,219.73,219.5,1,take_profit,12.33707,0.09807,1.36144,6.3865,tokyo,2019
USDJPY,1,2019-09-16 19:00:00,2019-09-17 04:00:00,107.953,108.35117,107.75391,108.35117,0.6185,39.8,224.1,223.88,9,take_profit,22.61991,0.13272,0.37935,3.52455,new_york,2019
USDJPY,-1,2019-09-17 12:00:00,2019-09-17 16:00:00,108.155,108.32226,108.32226,107.82049,0.7509,-16.7,-114.29,-114.52,4,stop_loss,15.27724,0.1115,1.20249,4.28034,london,2019
USDJPY,-1,2019-09-18 19:00:00,2019-09-18 21:00:00,108.176,108.28103,108.28103,107.96595,1.1839,-10.5,-113.15,-113.38,2,stop_loss,14.38875,0.07002,0.5472,6.04902,new_york,2019
USDJPY,-1,2019-09-19 09:00:00,2019-09-19 10:00:00,107.932,108.11723,108.11723,107.56154,0.6645,-18.5,-112.01,-112.24,1,stop_loss,27.65189,0.12349,-1.82463,3.07452,london,2019
USDJPY,1,2019-09-24 12:00:00,2019-09-24 17:00:00,107.636,107.49288,107.49288,107.92224,0.8515,-14.3,-110.9,-111.13,5,stop_loss,20.42532,0.09541,-0.14898,-0.99462,london,2019
USDJPY,-1,2019-09-26 20:00:00,2019-09-27 06:00:00,107.812,107.683,107.99356,107.44888,0.6645,12.9,78.01,77.78,10,time_exit,15.13767,0.12104,1.78601,-0.45923,new_york,2019
USDJPY,-1,2019-09-27 06:00:00,2019-09-27 11:00:00,107.724,107.87852,107.87852,107.41497,0.7863,-15.5,-110.56,-110.79,5,stop_loss,18.86082,0.10301,0.60502,-0.03677,tokyo,2019
USDJPY,1,2019-09-30 06:00:00,2019-09-30 08:00:00,107.952,107.7654,107.7654,108.3252,0.6446,-18.7,-109.46,-109.69,2,stop_loss,15.13644,0.1244,0.95899,0.87997,tokyo,2019
USDJPY,1,2019-09-30 17:00:00,2019-10-01 03:00:00,108.024,108.147,107.85502,108.36196,0.7046,12.3,78.87,78.64,10,time_exit,13.0005,0.11265,1.42798,1.07238,new_york,2019
USDJPY,-1,2019-10-01 21:00:00,2019-10-02 07:00:00,107.7,107.831,107.92007,107.25986,0.545,-13.1,-64.97,-65.2,10,time_exit,30.10263,0.14671,-2.30825,1.36119,new_york,2019
USDJPY,1,2019-10-02 09:00:00,2019-10-02 10:00:00,107.802,107.63645,107.63645,108.13311,0.7201,-16.6,-108.49,-108.71,1,stop_loss,30.09516,0.11037,-1.20236,0.95234,london,2019
USDJPY,1,2019-10-02 10:00:00,2019-10-02 11:00:00,107.764,107.60159,107.60159,108.08881,0.7267,-16.2,-107.4,-107.63,1,stop_loss,29.37988,0.10827,-1.52367,0.91472,london,2019
USDJPY,-1,2019-10-02 17:00:00,2019-10-03 03:00:00,107.42,107.03937,107.61031,107.03937,0.6139,38.1,212.64,212.41,10,take_profit,37.03846,0.12688,-3.30094,0.20511,new_york,2019
USDJPY,-1,2019-10-04 01:00:00,2019-10-04 11:00:00,106.879,106.786,107.09805,106.44091,0.5441,9.3,46.05,45.82,10,time_exit,54.10559,0.14603,-2.5108,-2.45214,tokyo,2019
USDJPY,1,2019-10-04 17:00:00,2019-10-04 18:00:00,107.068,106.86456,106.86456,107.47487,0.5883,-20.3,-108.91,-109.14,1,stop_loss,47.4049,0.13562,0.1326,-3.23587,new_york,2019
USDJPY,1,2019-10-09 23:00:00,2019-10-10 01:00:00,107.46,107.28333,107.28333,107.81333,0.6706,-17.7,-107.81,-108.04,2,stop_loss,26.59529,0.11778,1.99104,-0.62668,,2019
USDJPY,1,2019-10-10 04:00:00,2019-10-10 14:00:00,107.314,107.452,107.10104,107.73992,0.5508,13.8,69.17,68.94,10,time_exit,26.36115,0.14197,0.52038,-0.42035,tokyo,2019
USDJPY,-1,2019-10-10 19:00:00,2019-10-11 05:00:00,107.918,107.956,108.14184,107.47031,0.5274,-3.8,-18.24,-18.46,10,time_exit,26.47173,0.14923,3.49976,0.38742,new_york,2019
USDJPY,1,2019-10-11 15:00:00,2019-10-14 01:00:00,108.456,108.511,108.25423,108.85954,0.5841,5.5,29.23,29.01,10,time_exit,34.34841,0.13451,5.32489,2.09675,london,2019
USDJPY,-1,2019-10-14 05:00:00,2019-10-14 15:00:00,108.26,108.278,108.48823,107.80353,0.5177,-1.8,-8.48,-8.71,10,time_exit,31.21899,0.15216,1.49932,2.93715,tokyo,2019
USDJPY,1,2019-10-14 17:00:00,2019-10-15 03:00:00,108.344,108.376,108.16483,108.70235,0.659,3.2,19.19,18.96,10,time_exit,19.7808,0.11945,1.88974,3.82612,new_york,2019
USDJPY,1,2019-10-15 19:00:00,2019-10-16 03:00:00,108.837,108.65982,108.65982,109.19135,0.6676,-17.7,-107.64,-107.86,8,stop_loss,15.19194,0.11812,4.49276,4.03983,new_york,2019
USDJPY,1,2019-10-16 06:00:00,2019-10-16 16:00:00,108.685,108.675,108.53439,108.98622,0.7775,-1.0,-7.08,-7.3,10,time_exit,22.31223,0.10041,2.01598,5.49331,tokyo,2019
USDJPY,1,2019-10-16 23:00:00,2019-10-17 09:00:00,108.77,108.768,108.6077,109.0946,0.721,-0.2,-1.31,-1.54,10,time_exit,10.60194,0.1082,1.60962,5.01388,,2019
USDJPY,-1,2019-10-18 06:00:00,2019-10-18 11:00:00,108.568,108.71476,108.71476,108.27448,0.7972,-14.7,-106.47,-106.7,5,stop_loss,8.44214,0.09784,-0.80361,4.34767,tokyo,2019
USDJPY,-1,2019-10-22 23:00:00,2019-10-23 03:00:00,108.474,108.25728,108.58236,108.25728,1.0689,21.7,210.8,210.58,4,take_profit,17.84388,0.07224,-1.22283,2.54566,,2019
USDJPY,1,2019-10-23 12:00:00,2019-10-23 18:00:00,108.38,108.6335,108.25325,108.6335,0.932,25.4,215.0,214.77,6,take_profit,31.53936,0.0845,-1.28866,1.30443,london,2019
USDJPY,1,2019-10-24 04:00:00,2019-10-24 14:00:00,108.641,108.64,108.53736,108.84828,1.1626,-0.1,-1.06,-1.29,10,time_exit,23.01585,0.06909,1.35314,1.9612,tokyo,2019
USDJPY,1,2019-10-24 21:00:00,2019-10-25 07:00:00,108.572,108.654,108.44887,108.81827,0.9785,8.2,73.02,72.79,10,time_exit,15.02665,0.08209,-0.0842,1.6399,new_york,2019
USDJPY,1,2019-10-25 23:00:00,2019-10-28 09:00:00,108.665,108.733,108.55496,108.88508,1.1022,6.8,68.2,67.98,10,time_exit,14.24495,0.07336,0.543,1.82501,,2019
USDJPY,1,2019-10-29 00:00:00,2019-10-29 10:00:00,108.931,108.852,108.81671,109.15957,1.0678,-7.9,-76.76,-76.99,10,time_exit,31.80192,0.07619,2.7345,2.55691,tokyo,2019
USDJPY,1,2019-10-31 06:00:00,2019-10-31 12:00:00,108.67,108.51358,108.51358,108.98283,0.7748,-15.6,-110.28,-110.51,6,stop_loss,20.67875,0.10428,-1.63761,1.43247,tokyo,2019
USDJPY,1,2019-11-01 11:00:00,2019-11-01 15:00:00,107.958,108.21036,107.83182,108.21036,0.9508,25.2,218.35,218.12,4,take_profit,35.57031,0.08412,-4.57407,-2.57014,london,2019
USDJPY,1,2019-11-05 13:00:00,2019-11-05 17:00:00,108.839,109.05011,108.73344,109.05011,1.1593,21.1,222.72,222.49,4,take_profit,42.78119,0.07037,4.30811,0.22368,london,2019
USDJPY,-1,2019-11-06 08:00:00,2019-11-06 18:00:00,109.064,108.83418,109.17891,108.83418,1.0862,23.0,227.17,226.94,10,take_profit,39.26382,0.07661,3.14237,2.71655,tokyo,2019
USDJPY,-1,2019-11-06 18:00:00,2019-11-07 03:00:00,109.016,108.78422,109.13189,108.78422,1.0985,23.2,231.69,231.46,9,take_profit,21.86964,0.07726,1.77653,2.95819,new_york,2019
USDJPY,-1,2019-11-07 11:00:00,2019-11-07 12:00:00,108.961,109.11601,109.11601,108.65098,0.8377,-15.5,-118.17,-118.39,1,stop_loss,31.08773,0.10334,0.90946,1.77356,london,2019
USDJPY,1,2019-11-08 02:00:00,2019-11-08 12:00:00,109.274,109.348,109.09894,109.62412,0.7343,7.4,49.45,49.22,10,time_exit,34.24303,0.11671,1.92241,2.44402,tokyo,2019
USDJPY,1,2019-11-11 12:00:00,2019-11-11 22:00:00,108.966,109.051,108.84242,109.21315,1.0446,8.5,80.8,80.57,10,time_exit,24.78207,0.08238,-1.88316,2.88898,london,2019
USDJPY,1,2019-11-12 14:00:00,2019-11-12 16:00:00,109.224,109.11871,109.11871,109.43457,1.2345,-10.5,-118.28,-118.5,2,stop_loss,18.06074,0.07019,1.44961,2.68567,london,2019
USDJPY,1,2019-11-14 07:00:00,2019-11-14 11:00:00,108.708,108.56799,108.56799,108.98802,0.919,-14.0,-117.09,-117.32,4,stop_loss,32.01811,0.09334,-2.28939,-0.06749,tokyo,2019
USDJPY,-1,2019-11-15 00:00:00,2019-11-15 02:00:00,108.418,108.57717,108.57717,108.09967,0.8003,-15.9,-115.92,-116.14,2,stop_loss,46.07434,0.10611,-3.03445,-1.3251,tokyo,2019
USDJPY,-1,2019-11-18 13:00:00,2019-11-18 15:00:00,109.05,108.82617,109.16192,108.82617,1.1268,22.4,229.51,229.29,2,take_profit,30.45823,0.07461,3.76946,-0.80669,london,2019
USDJPY,-1,2019-11-18 17:00:00,2019-11-19 03:00:00,108.672,108.587,108.81581,108.38439,0.8944,8.5,69.18,68.95,10,time_exit,31.94262,0.09587,-1.16786,-0.48862,new_york,2019
USDJPY,-1,2019-11-20 13:00:00,2019-11-20 16:00:00,108.44,108.58905,108.58905,108.1419,0.8681,-14.9,-117.75,-117.97,3,stop_loss,28.72737,0.09937,-1.48757,-1.5189,london,2019
USDJPY,1,2019-11-22 14:00:00,2019-11-22 17:00:00,108.506,108.73112,108.39344,108.73112,1.1379,22.5,233.11,232.89,3,take_profit,15.56296,0.07504,-1.01567,-1.2257,london,2019
USDJPY,-1,2019-11-25 08:00:00,2019-11-25 18:00:00,108.864,108.957,108.97523,108.64153,1.1745,-9.3,-99.4,-99.63,10,time_exit,20.80327,0.07416,2.94185,-0.43043,tokyo,2019
USDJPY,1,2019-11-27 10:00:00,2019-11-27 17:00:00,109.19,109.37019,109.0999,109.37019,1.438,18.0,235.79,235.57,7,take_profit,38.50406,0.06006,3.33914,3.01075,london,2019
USDJPY,-1,2019-11-29 04:00:00,2019-11-29 10:00:00,109.475,109.54769,109.54769,109.32962,1.8179,-7.3,-120.25,-120.48,6,stop_loss,31.09029,0.04846,2.03907,7.26864,tokyo,2019
USDJPY,1,2019-12-03 10:00:00,2019-12-03 12:00:00,109.096,108.96469,108.96469,109.35863,0.9962,-13.1,-119.04,-119.27,2,stop_loss,25.38462,0.08754,-2.45651,1.57345,london,2019
USDJPY,-1,2019-12-04 06:00:00,2019-12-04 11:00:00,108.572,108.71677,108.71677,108.28247,0.8946,-14.5,-117.85,-118.08,5,stop_loss,47.50538,0.09651,-3.86974,-1.40945,tokyo,2019
USDJPY,1,2019-12-05 15:00:00,2019-12-05 17:00:00,108.863,108.74003,108.74003,109.10895,1.0426,-12.3,-116.67,-116.9,2,stop_loss,15.89617,0.08198,0.09008,-1.77067,london,2019
USDJPY,1,2019-12-05 22:00:00,2019-12-06 08:00:00,108.736,108.688,108.59909,109.00983,0.927,-4.8,-40.49,-40.72,10,time_exit,18.05097,0.09128,-1.0429,-1.6785,,2019
USDJPY,1,2019-12-09 03:00:00,2019-12-09 11:00:00,108.582,108.45306,108.45306,108.83989,0.9809,-12.9,-115.1,-115.33,8,stop_loss,16.63363,0.08596,-1.44191,-2.2959,tokyo,2019
USDJPY,-1,2019-12-09 14:00:00,2019-12-09 17:00:00,108.466,108.5687,108.5687,108.26061,1.2192,-10.3,-113.94,-114.17,3,stop_loss,16.29164,0.06846,-2.63658,-3.19225,london,2019
USDJPY,1,2019-12-10 03:00:00,2019-12-10 13:00:00,108.61,108.574,108.50368,108.82264,1.1659,-3.6,-38.19,-38.42,10,time_exit,13.52546,0.07088,-0.13577,-2.97711,tokyo,2019
USDJPY,-1,2019-12-10 17:00:00,2019-12-10 18:00:00,108.594,108.70634,108.70634,108.36932,1.0996,-11.2,-112.41,-112.64,1,stop_loss,14.06771,0.07489,-0.24019,-2.51489,new_york,2019
USDJPY,1,2019-12-12 01:00:00,2019-12-12 11:00:00,108.542,108.68,108.43488,108.75624,1.1417,13.8,143.37,143.15,10,time_exit,20.84536,0.07141,-1.68998,-1.54231,tokyo,2019
USDJPY,1,2019-12-13 05:00:00,2019-12-13 15:00:00,109.55,109.587,109.32021,110.00958,0.539,3.7,18.15,17.92,10,time_exit,28.91527,0.15319,4.04156,0.71354,tokyo,2019
USDJPY,1,2019-12-13 23:00:00,2019-12-16 09:00:00,109.333,109.403,109.14456,109.70987,0.6584,7.0,41.94,41.71,10,time_exit,25.05918,0.12562,1.01358,2.18733,,2019
USDJPY,1,2019-12-19 18:00:00,2019-12-19 19:00:00,109.303,109.20298,109.20298,109.50304,1.245,-10.0,-113.32,-113.54,1,stop_loss,24.48987,0.06668,-3.07883,3.41652,new_york,2019
USDJPY,1,2019-12-19 21:00:00,2019-12-20 07:00:00,109.214,109.328,109.11174,109.41851,1.2056,11.4,125.07,124.84,10,time_exit,32.39978,0.06817,-3.83884,2.88969,new_york,2019
USDJPY,-1,2019-12-20 10:00:00,2019-12-20 18:00:00,109.372,109.46639,109.46639,109.18321,1.3205,-9.4,-113.43,-113.66,8,stop_loss,23.06546,0.06293,-0.74772,2.11947,london,2019
USDJPY,1,2019-12-23 09:00:00,2019-12-23 19:00:00,109.408,109.385,109.32493,109.57415,1.4854,-2.3,-31.09,-31.32,10,time_exit,13.07943,0.05538,-0.25706,1.96612,london,2019
USDJPY,-1,2019-12-23 20:00:00,2019-12-24 06:00:00,109.385,109.384,109.4634,109.22821,1.5697,0.1,1.43,1.2,10,time_exit,9.72627,0.05226,-0.47615,1.69923,new_york,2019
USDJPY,1,2019-12-26 15:00:00,2019-12-27 00:00:00,109.594,109.53795,109.53795,109.70609,2.1958,-5.6,-111.99,-112.22,9,stop_loss,27.01716,0.03736,3.56114,2.59286,london,2019
USDJPY,-1,2019-12-27 15:00:00,2019-12-27 17:00:00,109.508,109.57792,109.57792,109.36817,1.7426,-7.0,-110.87,-111.1,2,stop_loss,26.24226,0.04661,0.06406,2.20069,london,2019
USDJPY,-1,2020-01-03 13:00:00,2020-01-03 16:00:00,108.052,108.24385,108.24385,107.66831,0.6287,-19.2,-109.76,-109.99,3,stop_loss,44.82713,0.1279,-3.54151,-3.72279,london,2020
USDJPY,1,2020-01-06 00:00:00,2020-01-06 10:00:00,107.844,107.978,107.66199,108.20802,0.656,13.4,79.99,79.77,10,time_exit,43.23155,0.12134,-1.90675,-4.42892,tokyo,2020
USDJPY,-1,2020-01-06 20:00:00,2020-01-07 06:00:00,108.348,108.499,108.52999,107.98401,0.6609,-15.1,-90.81,-91.04,10,time_exit,26.70414,0.12133,1.08881,-4.33022,new_york,2020
USDJPY,1,2020-01-09 07:00:00,2020-01-09 17:00:00,109.216,109.542,109.0109,109.6262,0.5816,32.6,172.54,172.31,10,time_exit,28.53039,0.13673,3.64662,0.16759,tokyo,2020
USDJPY,1,2020-01-10 20:00:00,2020-01-13 06:00:00,109.48,109.629,109.35185,109.7363,0.9456,14.9,128.21,127.99,10,time_exit,28.05051,0.08543,1.57023,4.67084,new_york,2020
USDJPY,1,2020-01-14 19:00:00,2020-01-14 20:00:00,110.048,109.90564,109.90564,110.33272,0.8611,-14.2,-111.55,-111.78,1,stop_loss,30.36826,0.09491,2.09597,5.82586,new_york,2020
USDJPY,-1,2020-01-16 02:00:00,2020-01-16 10:00:00,109.884,109.99632,109.99632,109.65936,1.0804,-11.2,-110.43,-110.66,8,stop_loss,33.54748,0.07488,-0.1208,5.75909,tokyo,2020
USDJPY,-1,2020-01-16 21:00:00,2020-01-17 02:00:00,110.132,110.23899,110.23899,109.91802,1.1229,-10.7,-109.32,-109.55,5,stop_loss,32.661,0.07133,2.38137,5.68215,new_york,2020
USDJPY,1,2020-01-17 18:00:00,2020-01-20 04:00:00,110.166,110.186,110.05142,110.39515,1.038,2.0,18.89,18.66,10,time_exit,29.51913,0.07638,1.08746,5.35124,new_york,2020
USDJPY,-1,2020-01-24 11:00:00,2020-01-24 17:00:00,109.637,109.41439,109.74831,109.41439,1.0704,22.3,216.84,216.61,6,take_profit,30.53834,0.0742,-0.05308,-1.6906,london,2020
USDJPY,-1,2020-01-24 19:00:00,2020-01-27 00:00:00,109.324,109.06222,109.45489,109.06222,0.9284,26.2,221.17,220.94,5,take_profit,25.3023,0.08726,-3.18077,-1.63178,new_york,2020
USDJPY,1,2020-01-28 14:00:00,2020-01-29 00:00:00,108.894,109.21574,108.73313,109.21574,0.7705,32.2,225.59,225.36,10,take_profit,27.28138,0.10725,-1.79198,-3.70619,london,2020
USDJPY,-1,2020-01-29 23:00:00,2020-01-30 09:00:00,109.059,108.864,109.20975,108.7575,0.8386,19.5,148.81,148.58,10,time_exit,13.66691,0.1005,-0.52019,-2.69366,,2020
USDJPY,-1,2020-01-30 12:00:00,2020-01-30 19:00:00,108.902,108.62178,109.04211,108.62178,0.914,28.0,233.07,232.84,7,take_profit,31.58315,0.09341,-1.42603,-3.1206,london,2020
USDJPY,1,2020-01-31 12:00:00,2020-01-31 16:00:00,108.968,108.81576,108.81576,109.27248,0.8579,-15.2,-118.85,-119.08,4,stop_loss,20.46946,0.10149,-0.09363,-2.5898,london,2020
USDJPY,-1,2020-01-31 18:00:00,2020-02-03 04:00:00,108.398,108.483,108.58675,108.0205,0.6851,-8.5,-52.99,-53.22,10,time_exit,22.64578,0.12583,-4.29423,-2.19739,new_york,2020
USDJPY,1,2020-02-03 09:00:00,2020-02-03 19:00:00,108.524,108.666,108.35175,108.86851,0.7473,14.2,96.57,96.34,10,time_exit,27.55859,0.11484,-1.71341,-3.3691,london,2020
USDJPY,-1,2020-02-04 00:00:00,2020-02-04 07:00:00,108.664,108.83633,108.83633,108.31933,0.7531,-17.2,-118.1,-118.33,7,stop_loss,22.51861,0.11489,-0.02437,-3.18476,tokyo,2020
USDJPY,1,2020-02-04 08:00:00,2020-02-04 15:00:00,108.816,109.15524,108.64638,109.15524,0.7575,33.9,233.84,233.62,7,take_profit,23.70754,0.11308,1.22183,-2.9524,tokyo,2020
USDJPY,1,2020-02-06 05:00:00,2020-02-06 15:00:00,109.884,109.883,109.73931,110.17338,0.9057,-0.1,-0.82,-1.05,10,time_exit,31.59229,0.09646,4.30511,2.7691,tokyo,2020
USDJPY,-1,2020-02-10 01:00:00,2020-02-10 11:00:00,109.723,109.726,109.87898,109.41104,0.8401,-0.3,-2.29,-2.52,10,time_exit,22.27299,0.10399,-0.60353,3.27189,tokyo,2020
USDJPY,1,2020-02-11 02:00:00,2020-02-11 12:00:00,109.769,109.876,109.64891,110.00919,1.0909,10.7,106.22,105.99,10,time_exit,21.43496,0.08006,0.12101,3.15035,tokyo,2020
USDJPY,1,2020-02-11 12:00:00,2020-02-11 15:00:00,109.864,109.76221,109.76221,110.06758,1.2985,-10.2,-120.28,-120.51,3,stop_loss,17.42595,0.06786,0.97422,3.76929,london,2020
USDJPY,1,2020-02-11 23:00:00,2020-02-12 09:00:00,109.782,109.882,109.66619,110.01362,1.1298,10.0,102.81,102.58,10,time_exit,12.18339,0.07721,-0.30077,3.01301,,2020
USDJPY,-1,2020-02-13 04:00:00,2020-02-13 12:00:00,109.948,109.69169,110.07616,109.69169,1.0298,25.6,240.2,239.97,8,take_profit,36.57678,0.08544,0.39441,2.90238,tokyo,2020
USDJPY,1,2020-02-13 18:00:00,2020-02-14 04:00:00,109.8,109.866,109.65519,110.08962,0.9296,6.6,55.83,55.6,10,time_exit,30.22369,0.09654,-0.5418,1.78651,new_york,2020
USDJPY,-1,2020-02-18 03:00:00,2020-02-18 13:00:00,109.755,109.722,109.83845,109.5881,1.6204,3.3,48.66,48.43,10,time_exit,19.26548,0.05563,-1.67846,1.8302,tokyo,2020
USDJPY,-1,2020-02-18 14:00:00,2020-02-18 16:00:00,109.723,109.81823,109.81823,109.53254,1.4255,-9.5,-123.53,-123.76,2,stop_loss,28.42108,0.06349,-1.33702,0.97404,london,2020
USDJPY,1,2020-02-18 22:00:00,2020-02-19 04:00:00,109.872,110.09264,109.76168,110.09264,1.2182,22.1,244.59,244.37,6,take_profit,26.63443,0.07355,0.70557,0.85827,,2020
USDJPY,1,2020-02-21 18:00:00,2020-02-24 00:00:00,111.694,111.43091,111.43091,112.22018,0.521,-26.3,-124.73,-124.96,6,stop_loss,31.23899,0.17539,0.69056,5.69439,new_york,2020
USDJPY,-1,2020-02-25 03:00:00,2020-02-25 13:00:00,110.897,110.519,111.17373,110.34354,0.4904,37.8,168.69,168.46,10,time_exit,44.39388,0.18449,-1.77344,2.57321,tokyo,2020
USDJPY,1,2020-02-25 17:00:00,2020-02-25 18:00:00,110.397,110.13009,110.13009,110.93082,0.5154,-26.7,-125.18,-125.41,1,stop_loss,34.28997,0.17794,-3.27473,1.34321,new_york,2020
USDJPY,1,2020-02-27 02:00:00,2020-02-27 06:00:00,110.385,110.11862,110.11862,110.91777,0.5112,-26.6,-123.92,-124.15,4,stop_loss,14.10419,0.17759,-0.81007,-0.56045,tokyo,2020
USDJPY,1,2020-02-28 01:00:00,2020-02-28 05:00:00,109.537,109.21068,109.21068,110.18965,0.4131,-32.6,-122.67,-122.9,4,stop_loss,27.38709,0.21755,-3.04191,-1.38541,tokyo,2020
USDJPY,1,2020-03-04 06:00:00,2020-03-04 16:00:00,107.42,107.15,107.00863,108.24275,0.3244,-27.0,-79.71,-79.93,10,time_exit,31.28435,0.27425,-1.44574,-4.78447,tokyo,2020
USDJPY,1,2020-03-04 20:00:00,2020-03-05 06:00:00,107.425,107.332,107.08936,108.09628,0.395,-9.3,-33.43,-33.66,10,time_exit,17.66834,0.22376,-0.96802,-5.64985,new_york,2020
USDJPY,1,2020-03-05 06:00:00,2020-03-05 11:00:00,107.323,107.04246,107.04246,107.88408,0.4713,-28.1,-120.32,-120.55,5,stop_loss,11.99965,0.18703,-1.39182,-6.33935,tokyo,2020
USDJPY,-1,2020-03-05 17:00:00,2020-03-05 22:00:00,106.752,106.22049,107.01776,106.22049,0.4925,53.2,238.21,237.98,5,take_profit,19.25747,0.17717,-3.60597,-6.77158,new_york,2020
USDJPY,-1,2020-03-06 07:00:00,2020-03-06 11:00:00,105.845,105.21916,106.15792,105.21916,0.4267,62.6,243.01,242.78,4,take_profit,44.83227,0.20861,-4.87896,-6.77661,tokyo,2020
USDJPY,1,2020-03-06 22:00:00,2020-03-09 00:00:00,105.196,104.74248,104.74248,106.10304,0.3003,-45.4,-123.93,-124.16,2,stop_loss,39.97578,0.30235,-3.368,-5.52742,,2020
USDJPY,1,2020-03-10 16:00:00,2020-03-10 18:00:00,104.23,103.336,103.336,106.018,0.1508,-89.4,-122.68,-122.91,2,stop_loss,33.38804,0.596,0.45937,-3.94288,new_york,2020
USDJPY,1,2020-03-13 17:00:00,2020-03-13 22:00:00,106.814,108.41535,106.01333,108.41535,0.1667,160.1,242.92,242.69,5,take_profit,39.68315,0.53378,3.14222,-0.82415,new_york,2020
USDJPY,1,2020-03-16 02:00:00,2020-03-16 12:00:00,106.385,105.932,105.35602,108.44296,0.1323,-45.3,-54.54,-54.77,10,time_exit,43.46764,0.68599,0.79444,0.14621,tokyo,2020
USDJPY,1,2020-03-16 17:00:00,2020-03-17 03:00:00,105.769,106.592,104.85613,107.59473,0.1485,82.3,111.22,110.99,10,time_exit,23.57652,0.60858,-0.449,0.36008,new_york,2020
USDJPY,1,2020-03-17 09:00:00,2020-03-17 19:00:00,106.421,107.569,105.69146,107.88008,0.1874,114.8,195.77,195.55,10,time_exit,19.91452,0.48636,0.59078,0.51764,london,2020
USDJPY,-1,2020-03-18 05:00:00,2020-03-18 15:00:00,107.26,107.641,107.84093,106.09815,0.2391,-38.1,-82.9,-83.13,10,time_exit,25.58033,0.38728,1.29098,1.64032,tokyo,2020
USDJPY,1,2020-03-19 00:00:00,2020-03-19 05:00:00,108.045,109.25908,107.43796,109.25908,0.2273,121.4,251.12,250.9,5,take_profit,24.61266,0.40469,1.82339,2.20193,tokyo,2020
USDJPY,1,2020-03-19 11:00:00,2020-03-19 21:00:00,109.155,110.5315,108.46675,110.5315,0.2045,137.7,256.16,255.93,10,take_profit,34.95293,0.45883,2.92414,2.55414,london,2020
USDJPY,-1,2020-03-20 17:00:00,2020-03-23 03:00:00,110.938,110.536,111.6274,109.55919,0.2082,40.2,76.16,75.94,10,time_exit,26.64968,0.4596,3.12293,4.221,new_york,2020
USDJPY,-1,2020-03-23 14:00:00,2020-03-23 18:00:00,110.65,111.29477,111.29477,109.36045,0.2239,-64.5,-131.37,-131.6,4,stop_loss,16.22661,0.42985,1.31611,4.53322,london,2020
USDJPY,1,2020-03-24 13:00:00,2020-03-24 19:00:00,110.419,111.56866,109.84417,111.56866,0.2487,115.0,260.19,259.96,6,take_profit,14.09165,0.38322,-0.09739,4.6584,london,2020
USDJPY,1,2020-03-25 08:00:00,2020-03-25 18:00:00,111.322,111.419,110.83819,112.28962,0.3013,9.7,26.6,26.37,10,time_exit,17.87017,0.32254,1.51417,5.36327,tokyo,2020
USDJPY,-1,2020-03-26 14:00:00,2020-03-27 00:00:00,109.981,109.418,110.40473,109.13354,0.3448,56.3,176.65,176.42,10,time_exit,30.07011,0.28249,-3.05566,4.46763,london,2020
USDJPY,-1,2020-03-30 05:00:00,2020-03-30 08:00:00,107.284,107.77792,107.77792,106.29617,0.2997,-49.4,-134.7,-134.93,3,stop_loss,46.74386,0.32928,-4.88602,-1.12663,tokyo,2020
USDJPY,1,2020-03-30 19:00:00,2020-03-31 05:00:00,108.062,108.544,107.53998,109.10604,0.2807,48.2,123.12,122.89,10,time_exit,25.72289,0.34801,-1.13547,-1.78844,new_york,2020
USDJPY,-1,2020-03-31 22:00:00,2020-04-01 08:00:00,107.636,107.384,108.12311,106.66178,0.3036,25.2,69.62,69.39,10,time_exit,21.82872,0.32474,-1.8753,-1.89094,,2020
USDJPY,1,2020-04-01 19:00:00,2020-04-02 05:00:00,107.046,107.49,106.61883,107.90034,0.348,44.4,140.61,140.38,10,time_exit,24.14464,0.28478,-2.6928,-2.77295,new_york,2020
USDJPY,-1,2020-04-02 10:00:00,2020-04-02 17:00:00,107.332,107.66596,107.66596,106.66408,0.4497,-33.4,-136.67,-136.89,7,stop_loss,19.84478,0.22264,-1.14534,-3.74964,london,2020
USDJPY,-1,2020-04-07 08:00:00,2020-04-07 12:00:00,108.762,109.04091,109.04091,108.20418,0.5331,-27.9,-135.3,-135.53,4,stop_loss,23.30581,0.18594,0.1583,1.31,tokyo,2020
USDJPY,-1,2020-04-07 13:00:00,2020-04-07 23:00:00,109.058,108.781,109.32953,108.51494,0.5421,27.7,136.65,136.42,10,time_exit,19.93501,0.18102,1.60699,1.40002,london,2020
USDJPY,1,2020-04-09 11:00:00,2020-04-09 13:00:00,108.932,108.73723,108.73723,109.32154,0.7635,-19.5,-135.32,-135.55,2,stop_loss,24.78283,0.12985,0.62333,1.61709,london,2020
USDJPY,-1,2020-04-10 16:00:00,2020-04-13 02:00:00,108.459,108.343,108.61262,108.15177,0.9583,11.6,101.16,100.93,10,time_exit,29.46394,0.10241,-1.36685,-0.08426,new_york,2020
USDJPY,1,2020-04-13 03:00:00,2020-04-13 04:00:00,108.346,108.19068,108.19068,108.65663,0.955,-15.5,-134.98,-135.2,1,stop_loss,23.61,0.10354,-1.72531,-0.60525,tokyo,2020
USDJPY,-1,2020-04-13 10:00:00,2020-04-13 11:00:00,107.843,108.02535,108.02535,107.47831,0.8053,-18.2,-133.63,-133.86,1,stop_loss,38.07561,0.12156,-4.57276,-1.22093,london,2020
USDJPY,1,2020-04-14 07:00:00,2020-04-14 12:00:00,107.621,107.44947,107.44947,107.96405,0.8475,-17.2,-132.29,-132.51,5,stop_loss,39.62233,0.11435,-3.37775,-3.35838,tokyo,2020
USDJPY,-1,2020-04-15 20:00:00,2020-04-16 03:00:00,107.372,107.63785,107.63785,106.84029,0.5413,-26.6,-130.95,-131.18,7,stop_loss,32.02778,0.17724,-0.56823,-3.30437,new_york,2020
USDJPY,1,2020-04-16 07:00:00,2020-04-16 11:00:00,107.964,107.70719,107.70719,108.47761,0.5548,-25.7,-129.65,-129.88,4,stop_loss,27.39547,0.1712,2.54788,-2.82244,tokyo,2020
USDJPY,-1,2020-04-16 17:00:00,2020-04-16 18:00:00,107.452,107.70528,107.70528,106.94543,0.5568,-25.3,-128.34,-128.56,1,stop_loss,22.42658,0.16886,-0.79052,-2.35288,new_york,2020
USDJPY,1,2020-04-21 15:00:00,2020-04-21 16:00:00,107.412,107.79322,107.22139,107.79322,0.7325,38.1,254.11,253.88,1,take_profit,20.73142,0.12707,-1.57249,-1.63812,london,2020
USDJPY,1,2020-04-21 19:00:00,2020-04-22 05:00:00,107.687,107.754,107.46526,108.13048,0.6423,6.7,39.16,38.93,10,time_exit,18.98552,0.14783,0.47571,-1.32841,new_york,2020
USDJPY,1,2020-04-22 13:00:00,2020-04-22 23:00:00,107.7,107.744,107.5151,108.0698,0.7726,4.4,30.93,30.71,10,time_exit,13.84988,0.12327,0.29985,-1.08747,london,2020
USDJPY,1,2020-04-22 23:00:00,2020-04-23 09:00:00,107.703,107.799,107.5264,108.05621,0.8108,9.6,70.83,70.6,10,time_exit,15.78782,0.11774,0.11089,-0.86638,,2020
USDJPY,1,2020-04-23 15:00:00,2020-04-23 16:00:00,107.538,107.38302,107.38302,107.84796,0.9289,-15.5,-131.0,-131.23,1,stop_loss_ambiguous,18.74823,0.10332,-1.51952,-0.81496,london,2020
USDJPY,-1,2020-04-23 18:00:00,2020-04-24 04:00:00,107.616,107.598,107.85948,107.12905,0.5853,1.8,9.59,9.36,10,time_exit,20.64851,0.16232,-0.43993,-0.54212,new_york,2020
USDJPY,1,2020-04-27 15:00:00,2020-04-28 01:00:00,107.096,107.254,106.91042,107.46716,0.7685,15.8,110.49,110.27,10,time_exit,28.81898,0.12372,-2.98824,-1.64546,london,2020
USDJPY,1,2020-04-28 04:00:00,2020-04-28 10:00:00,107.296,107.14174,107.14174,107.60452,0.9324,-15.4,-130.89,-131.11,6,stop_loss,24.86968,0.10284,-0.75467,-2.35154,tokyo,2020
USDJPY,-1,2020-04-28 17:00:00,2020-04-28 18:00:00,106.746,106.94326,106.94326,106.35148,0.7218,-19.7,-129.57,-129.79,1,stop_loss,40.06383,0.13151,-3.56004,-2.49386,new_york,2020
USDJPY,1,2020-04-28 18:00:00,2020-04-29 03:00:00,106.932,106.71744,106.71744,107.36112,0.657,-21.5,-128.28,-128.51,9,stop_loss,39.26902,0.14304,-1.89526,-2.32766,new_york,2020
USDJPY,1,2020-04-29 09:00:00,2020-04-29 11:00:00,106.536,106.38658,106.38658,106.83483,0.934,-14.9,-127.0,-127.22,2,stop_loss,41.92108,0.09961,-4.41252,-4.45251,london,2020
USDJPY,-1,2020-04-30 09:00:00,2020-04-30 10:00:00,106.469,106.66055,106.66055,106.0859,0.7212,-19.2,-125.71,-125.94,1,stop_loss,22.39214,0.1277,-2.13543,-3.92691,london,2020
USDJPY,-1,2020-05-01 04:00:00,2020-05-01 14:00:00,107.203,106.692,107.48719,106.63461,0.4813,51.1,223.81,223.58,10,time_exit,34.46577,0.18946,1.83604,-1.75121,tokyo,2020
USDJPY,1,2020-05-01 16:00:00,2020-05-04 02:00:00,106.646,106.732,106.42271,107.09258,0.6235,8.6,48.8,48.57,10,time_exit,26.20744,0.14886,-1.56452,-1.87307,new_york,2020
USDJPY,1,2020-05-04 07:00:00,2020-05-04 17:00:00,106.766,106.944,106.56866,107.16069,0.7082,17.8,114.71,114.49,10,time_exit,13.6482,0.13156,-0.59204,-2.0192,tokyo,2020
USDJPY,-1,2020-05-04 18:00:00,2020-05-05 03:00:00,106.944,106.58797,107.12201,106.58797,0.7922,35.6,256.66,256.43,9,take_profit,13.42083,0.11868,0.92093,-2.05513,new_york,2020
USDJPY,-1,2020-05-07 07:00:00,2020-05-07 10:00:00,106.179,106.34513,106.34513,105.84674,0.8658,-16.6,-130.89,-131.12,3,stop_loss,30.52641,0.11075,-1.47475,-3.8634,tokyo,2020
USDJPY,-1,2020-05-08 22:00:00,2020-05-11 01:00:00,106.667,106.85591,106.85591,106.28917,0.7538,-18.9,-129.59,-129.81,3,stop_loss,22.45344,0.12594,1.99616,-1.89825,,2020
USDJPY,-1,2020-05-12 03:00:00,2020-05-12 13:00:00,107.594,107.434,107.78189,107.21823,0.7503,16.0,109.24,109.02,10,time_exit,48.05848,0.12526,4.30894,1.97693,tokyo,2020
USDJPY,-1,2020-05-14 01:00:00,2020-05-14 11:00:00,107.04,106.836,107.20579,106.70842,0.8575,20.4,159.19,158.96,10,time_exit,27.57674,0.11053,-0.73702,1.55444,tokyo,2020
USDJPY,1,2020-05-15 09:00:00,2020-05-15 11:00:00,107.238,107.07332,107.07332,107.56736,0.8739,-16.5,-130.96,-131.19,2,stop_loss,24.74983,0.10979,0.96151,1.28453,london,2020
USDJPY,-1,2020-05-15 23:00:00,2020-05-18 09:00:00,107.231,107.22,107.41332,106.86636,0.7814,1.1,7.82,7.59,10,time_exit,18.9719,0.12155,0.71211,1.09333,,2020
USDJPY,1,2020-05-18 17:00:00,2020-05-18 18:00:00,107.482,107.31833,107.31833,107.80935,0.871,-16.4,-129.73,-129.96,1,stop_loss,16.76465,0.10912,2.66585,1.34711,new_york,2020
USDJPY,1,2020-05-25 03:00:00,2020-05-25 13:00:00,107.75,107.697,107.61167,108.02667,1.0202,-5.3,-49.2,-49.43,10,time_exit,12.07732,0.09222,1.69868,1.95717,tokyo,2020
USDJPY,1,2020-05-26 23:00:00,2020-05-27 09:00:00,107.474,107.548,107.33451,107.75298,1.0078,7.4,67.87,67.64,10,time_exit,17.48513,0.09299,-1.98735,1.58507,,2020
USDJPY,-1,2020-05-28 05:00:00,2020-05-28 15:00:00,107.789,107.762,107.93784,107.49132,0.9495,2.7,23.33,23.1,10,time_exit,16.10109,0.09923,1.05406,1.3316,tokyo,2020
USDJPY,-1,2020-06-02 06:00:00,2020-06-02 14:00:00,107.692,107.8396,107.8396,107.3968,0.9592,-14.8,-128.84,-129.06,8,stop_loss,10.90887,0.0984,0.86603,0.3085,tokyo,2020
USDJPY,1,2020-06-03 11:00:00,2020-06-03 14:00:00,108.742,108.52737,108.52737,109.17125,0.6531,-21.5,-127.56,-127.78,3,stop_loss,39.51845,0.14308,3.88207,2.85686,london,2020
USDJPY,-1,2020-06-04 06:00:00,2020-06-04 07:00:00,108.838,109.0163,109.0163,108.48141,0.7782,-17.8,-126.26,-126.49,1,stop_loss,29.90762,0.11886,2.47677,4.8897,tokyo,2020
USDJPY,1,2020-06-04 07:00:00,2020-06-04 15:00:00,108.914,108.73944,108.73944,109.26312,0.7869,-17.5,-125.0,-125.23,8,stop_loss,28.36341,0.11637,3.05802,5.03779,tokyo,2020
USDJPY,-1,2020-06-04 15:00:00,2020-06-04 18:00:00,108.895,109.0683,109.0683,108.5484,0.7847,-17.3,-123.75,-123.98,3,stop_loss,23.96461,0.11553,1.86601,5.431,london,2020
USDJPY,-1,2020-06-05 00:00:00,2020-06-05 09:00:00,109.128,109.33384,109.33384,108.71632,0.654,-20.6,-122.5,-122.73,9,stop_loss,17.42475,0.13723,2.76358,4.70393,tokyo,2020
USDJPY,-1,2020-06-08 03:00:00,2020-06-08 13:00:00,109.622,109.381,109.81023,109.24554,0.7081,24.1,155.29,155.07,10,time_exit,26.59974,0.12549,3.12582,6.32389,tokyo,2020
USDJPY,1,2020-06-10 01:00:00,2020-06-10 08:00:00,107.691,107.45207,107.45207,108.16886,0.565,-23.9,-122.85,-123.07,7,stop_loss,47.54202,0.15929,-4.05089,-0.50616,tokyo,2020
USDJPY,-1,2020-06-12 04:00:00,2020-06-12 06:00:00,106.67,106.90109,106.90109,106.20783,0.5783,-23.1,-121.61,-121.84,2,stop_loss,36.17022,0.15406,-3.16592,-4.74746,tokyo,2020
USDJPY,1,2020-06-15 06:00:00,2020-06-15 16:00:00,107.181,107.39,106.93768,107.66765,0.5437,20.9,103.41,103.18,10,time_exit,19.49362,0.16222,-0.44986,-3.06839,tokyo,2020
USDJPY,1,2020-06-15 18:00:00,2020-06-16 04:00:00,107.4,107.34,107.16576,107.86848,0.5696,-6.0,-31.1,-31.33,10,time_exit,15.14284,0.15616,0.82043,-2.73503,new_york,2020
USDJPY,-1,2020-06-16 21:00:00,2020-06-17 07:00:00,107.298,107.224,107.52518,106.84363,0.5858,7.4,39.45,39.22,10,time_exit,11.07196,0.15146,-0.29294,-1.85883,new_york,2020
USDJPY,1,2020-06-18 00:00:00,2020-06-18 03:00:00,107.001,106.83454,106.83454,107.33392,0.8021,-16.6,-121.5,-121.73,3,stop_loss,18.45885,0.11097,-2.53175,-2.28673,tokyo,2020
USDJPY,-1,2020-06-19 09:00:00,2020-06-19 17:00:00,106.844,107.01303,107.01303,106.50593,0.782,-16.9,-120.29,-120.52,8,stop_loss,15.19465,0.11269,-1.44598,-3.15659,london,2020
USDJPY,-1,2020-06-19 21:00:00,2020-06-22 07:00:00,106.869,106.911,107.0382,106.53061,0.7734,-4.2,-29.56,-29.79,10,time_exit,12.17189,0.1128,-0.85508,-3.05154,new_york,2020
USDJPY,1,2020-06-22 07:00:00,2020-06-22 17:00:00,106.886,106.89,106.73051,107.19697,0.8395,0.4,3.06,2.83,10,time_exit,7.66835,0.10366,-0.40813,-3.26508,tokyo,2020
USDJPY,1,2020-06-22 20:00:00,2020-06-23 05:00:00,106.87,107.13921,106.73539,107.13921,0.9699,26.9,237.61,237.38,9,take_profit,8.85875,0.08974,-0.52795,-3.41578,new_york,2020
USDJPY,-1,2020-06-24 00:00:00,2020-06-24 10:00:00,106.517,106.602,106.71588,106.11924,0.6696,-8.5,-51.79,-52.02,10,time_exit,28.08939,0.13259,-2.14906,-2.29526,tokyo,2020
USDJPY,-1,2020-06-25 03:00:00,2020-06-25 05:00:00,107.03,107.20016,107.20016,106.68967,0.7792,-17.0,-120.66,-120.89,2,stop_loss,27.57733,0.11344,2.11712,-2.12551,tokyo,2020
USDJPY,1,2020-06-26 11:00:00,2020-06-26 14:00:00,106.988,106.84156,106.84156,107.28088,0.8964,-14.6,-119.45,-119.68,3,stop_loss,21.04901,0.09763,-0.72139,-0.08913,london,2020
USDJPY,-1,2020-06-29 15:00:00,2020-06-29 16:00:00,107.262,107.40568,107.40568,106.97464,0.9044,-14.4,-118.25,-118.48,1,stop_loss,12.20366,0.09579,1.40426,0.41787,london,2020
USDJPY,1,2020-06-30 22:00:00,2020-07-01 04:00:00,107.978,107.79874,107.79874,108.33652,0.7177,-17.9,-117.08,-117.3,6,stop_loss,30.76148,0.11951,3.48671,2.54673,,2020
USDJPY,1,2020-07-01 10:00:00,2020-07-01 11:00:00,107.692,107.51215,107.51215,108.05171,0.7081,-18.0,-115.89,-116.12,1,stop_loss,23.55273,0.1199,0.28284,2.82378,london,2020
USDJPY,1,2020-07-02 17:00:00,2020-07-03 03:00:00,107.553,107.51,107.38713,107.88474,0.7601,-4.3,-29.74,-29.97,10,time_exit,17.55508,0.11058,0.15871,1.54666,new_york,2020
USDJPY,-1,2020-07-03 15:00:00,2020-07-06 01:00:00,107.528,107.542,107.63081,107.32239,1.2232,-1.4,-15.58,-15.81,10,time_exit,14.30488,0.06854,0.06675,1.88215,london,2020
USDJPY,-1,2020-07-06 03:00:00,2020-07-06 04:00:00,107.584,107.66239,107.66239,107.42721,1.6019,-7.8,-114.28,-114.51,1,stop_loss,11.04123,0.05226,1.21113,2.15438,tokyo,2020
USDJPY,-1,2020-07-06 06:00:00,2020-07-06 14:00:00,107.696,107.51484,107.78658,107.51484,1.3725,18.1,226.27,226.04,8,take_profit,18.0158,0.06039,2.57872,2.049,tokyo,2020
USDJPY,1,2020-07-06 19:00:00,2020-07-06 20:00:00,107.504,107.39287,107.39287,107.72625,1.1411,-11.1,-115.39,-115.62,1,stop_loss,15.75354,0.07408,-0.60461,1.53503,new_york,2020
USDJPY,1,2020-07-06 23:00:00,2020-07-07 00:00:00,107.375,107.25598,107.25598,107.61304,1.0548,-11.9,-114.24,-114.47,1,stop_loss,19.35302,0.07935,-1.86696,1.13888,,2020
USDJPY,-1,2020-07-07 06:00:00,2020-07-07 08:00:00,107.394,107.51308,107.51308,107.15584,1.0436,-11.9,-113.09,-113.32,2,stop_loss,29.08769,0.07939,-1.1348,0.69619,tokyo,2020
USDJPY,-1,2020-07-10 03:00:00,2020-07-10 07:00:00,107.237,106.99,107.3605,106.99,0.9962,24.7,223.91,223.69,4,take_profit,21.63979,0.08233,-1.13159,-0.98791,tokyo,2020
USDJPY,-1,2020-07-10 14:00:00,2020-07-10 19:00:00,106.792,106.92766,106.92766,106.52068,0.925,-13.6,-114.19,-114.42,5,stop_loss,41.15085,0.09044,-4.24977,-2.0124,london,2020
USDJPY,-1,2020-07-13 07:00:00,2020-07-13 10:00:00,106.83,106.94572,106.94572,106.59856,1.0736,-11.6,-113.05,-113.28,3,stop_loss,32.50832,0.07715,-2.44254,-3.3844,tokyo,2020
USDJPY,1,2020-07-13 12:00:00,2020-07-13 16:00:00,107.062,107.2893,106.94835,107.2893,1.0822,22.7,223.85,223.62,4,take_profit,26.31262,0.07577,0.72033,-3.38232,london,2020
USDJPY,-1,2020-07-13 16:00:00,2020-07-13 18:00:00,107.199,107.314,107.314,106.96901,1.0909,-11.5,-114.16,-114.39,2,stop_loss,27.95985,0.07666,2.27834,-3.05849,new_york,2020
USDJPY,1,2020-07-15 09:00:00,2020-07-15 10:00:00,107.262,107.15625,107.15625,107.47349,1.1744,-10.6,-113.01,-113.24,1,stop_loss,13.5047,0.0705,0.64189,-0.61062,london,2020
USDJPY,-1,2020-07-15 20:00:00,2020-07-16 06:00:00,106.941,106.968,107.09148,106.64004,0.817,-2.7,-20.07,-20.3,10,time_exit,30.20439,0.10032,-1.66298,-1.15811,new_york,2020
USDJPY,1,2020-07-17 13:00:00,2020-07-17 19:00:00,107.158,107.03756,107.03756,107.39887,1.019,-12.0,-111.68,-111.91,6,stop_loss,16.22744,0.08029,0.15227,-0.53377,london,2020
USDJPY,1,2020-07-20 18:00:00,2020-07-21 04:00:00,107.181,107.196,107.02244,107.49812,0.7662,1.5,10.46,10.23,10,time_exit,18.81415,0.10571,0.1349,-0.16521,new_york,2020
USDJPY,-1,2020-07-21 13:00:00,2020-07-21 16:00:00,107.244,106.97881,107.37659,106.97881,0.9171,26.5,221.31,221.09,3,take_profit,13.49107,0.0884,0.29038,0.24109,london,2020
USDJPY,-1,2020-07-21 16:00:00,2020-07-21 17:00:00,107.182,106.91289,107.31656,106.91289,0.9218,26.9,225.74,225.51,1,take_profit,13.3993,0.0897,-0.4244,0.24455,new_york,2020
USDJPY,1,2020-07-22 00:00:00,2020-07-22 10:00:00,106.795,106.909,106.64509,107.09481,0.8439,11.4,87.55,87.32,10,time_exit,30.78146,0.09994,-3.14811,-0.60255,tokyo,2020
USDJPY,-1,2020-07-22 12:00:00,2020-07-22 17:00:00,107.024,107.17969,107.17969,106.71261,0.8187,-15.6,-115.99,-116.22,5,stop_loss,30.53492,0.1038,0.14628,-1.17894,london,2020
USDJPY,-1,2020-07-22 18:00:00,2020-07-23 04:00:00,107.169,107.128,107.32429,106.85843,0.8127,4.1,30.32,30.09,10,time_exit,23.16643,0.10352,1.40116,-1.02596,new_york,2020
USDJPY,-1,2020-07-23 07:00:00,2020-07-23 17:00:00,107.126,106.984,107.23658,106.90485,1.1442,14.2,147.85,147.63,10,time_exit,16.55908,0.07372,0.62765,-0.72086,tokyo,2020
USDJPY,-1,2020-07-24 10:00:00,2020-07-24 16:00:00,106.313,105.98365,106.47768,105.98365,0.7782,32.9,233.24,233.01,6,take_profit,51.42315,0.10978,-5.11225,-1.71096,london,2020
USDJPY,-1,2020-07-27 01:00:00,2020-07-27 05:00:00,106.047,105.58652,106.27724,105.58652,0.5677,46.0,237.89,237.66,4,take_profit,58.06268,0.15349,-2.92145,-2.76878,tokyo,2020
USDJPY,-1,2020-07-30 02:00:00,2020-07-30 08:00:00,104.965,105.18149,105.18149,104.53203,0.6158,-21.6,-121.31,-121.54,6,stop_loss,21.18151,0.14432,-1.47895,-5.93165,tokyo,2020
USDJPY,1,2020-07-30 23:00:00,2020-07-31 03:00:00,104.755,104.54582,104.54582,105.17336,0.631,-20.9,-120.11,-120.34,4,stop_loss,13.0957,0.13945,-2.42046,-5.405,,2020
USDJPY,-1,2020-08-03 17:00:00,2020-08-04 03:00:00,106.369,106.125,106.6895,105.72801,0.4077,24.4,90.53,90.3,10,time_exit,47.97063,0.21366,3.92684,-0.81437,new_york,2020
USDJPY,1,2020-08-05 02:00:00,2020-08-05 03:00:00,105.78,105.58173,105.58173,106.17654,0.664,-19.8,-119.8,-120.03,1,stop_loss,25.00609,0.13218,-0.35761,0.37543,tokyo,2020
USDJPY,-1,2020-08-05 05:00:00,2020-08-05 11:00:00,105.566,105.77605,105.77605,105.14591,0.6205,-21.0,-118.6,-118.83,6,stop_loss,26.71581,0.14003,-1.68547,0.20528,tokyo,2020
USDJPY,1,2020-08-05 12:00:00,2020-08-05 16:00:00,105.686,105.48427,105.48427,106.08945,0.6396,-20.2,-117.41,-117.64,4,stop_loss,22.58091,0.13448,-0.5531,-0.0234,london,2020
USDJPY,1,2020-08-05 17:00:00,2020-08-06 03:00:00,105.375,105.535,105.14258,105.83985,0.5496,16.0,80.02,79.79,10,time_exit,20.22571,0.15495,-2.32134,-0.1424,new_york,2020
USDJPY,-1,2020-08-06 21:00:00,2020-08-07 07:00:00,105.473,105.558,105.6834,105.05221,0.6113,-8.5,-47.28,-47.51,10,time_exit,22.19815,0.14026,-0.89825,-0.75229,new_york,2020
USDJPY,1,2020-08-07 22:00:00,2020-08-10 04:00:00,105.942,105.73882,105.73882,106.34837,0.6304,-20.3,-116.56,-116.79,6,stop_loss,27.8849,0.13546,2.06394,-0.24938,,2020
USDJPY,1,2020-08-10 21:00:00,2020-08-11 07:00:00,105.918,106.078,105.73745,106.27911,0.7023,16.0,102.25,102.03,10,time_exit,19.19399,0.12037,0.95693,0.5514,new_york,2020
USDJPY,-1,2020-08-11 19:00:00,2020-08-12 05:00:00,106.562,106.714,106.76609,106.15381,0.6268,-15.2,-86.7,-86.93,10,time_exit,23.38113,0.13606,4.18122,1.35203,new_york,2020
USDJPY,1,2020-08-13 10:00:00,2020-08-13 20:00:00,106.692,106.982,106.52784,107.02032,0.7735,29.0,204.13,203.9,10,time_exit,23.81845,0.10944,0.86155,4.45649,london,2020
USDJPY,-1,2020-08-14 01:00:00,2020-08-14 11:00:00,106.926,106.716,107.09263,106.59275,0.7755,21.0,148.2,147.97,10,time_exit,15.44441,0.11108,1.78575,4.59615,tokyo,2020
USDJPY,-1,2020-08-14 15:00:00,2020-08-17 01:00:00,106.675,106.601,106.81225,106.40051,0.9533,7.4,64.2,63.97,10,time_exit,18.88433,0.0915,-1.063,5.16448,london,2020
USDJPY,-1,2020-08-17 13:00:00,2020-08-17 17:00:00,106.358,106.05962,106.50719,106.05962,0.8817,29.8,239.4,239.17,4,take_profit,19.2174,0.09946,-2.69766,2.83959,london,2020
USDJPY,1,2020-08-18 00:00:00,2020-08-18 03:00:00,106.002,105.85582,105.85582,106.29436,0.9179,-14.6,-122.1,-122.33,3,stop_loss,42.60046,0.09745,-4.47005,1.19354,tokyo,2020
USDJPY,1,2020-08-18 08:00:00,2020-08-18 09:00:00,105.642,105.48757,105.48757,105.95086,0.8601,-15.4,-120.87,-121.1,1,stop_loss,57.3337,0.10295,-6.00005,-0.1868,tokyo,2020
USDJPY,1,2020-08-19 05:00:00,2020-08-19 14:00:00,105.402,105.20889,105.20889,105.78821,0.681,-19.3,-119.67,-119.9,9,stop_loss,60.47917,0.12874,-2.92071,-2.64502,tokyo,2020
USDJPY,-1,2020-08-19 20:00:00,2020-08-19 21:00:00,105.733,105.94614,105.94614,105.30673,0.6108,-21.3,-118.47,-118.69,1,stop_loss,33.11598,0.14209,0.56926,-2.66615,new_york,2020
USDJPY,-1,2020-08-20 19:00:00,2020-08-21 05:00:00,105.823,105.658,106.02813,105.41275,0.6283,16.5,94.34,94.11,10,time_exit,21.39482,0.13675,-0.20847,-1.2501,new_york,2020
USDJPY,1,2020-08-21 05:00:00,2020-08-21 10:00:00,105.7,105.52991,105.52991,106.04018,0.7638,-17.0,-118.22,-118.45,5,stop_loss,19.19876,0.11339,-1.07011,-1.55735,tokyo,2020
USDJPY,-1,2020-08-21 20:00:00,2020-08-24 06:00:00,105.876,105.825,106.07221,105.48359,0.6555,5.1,30.42,30.19,10,time_exit,24.84908,0.1308,0.74552,-1.3729,new_york,2020
USDJPY,-1,2020-08-24 12:00:00,2020-08-24 22:00:00,105.829,105.98439,105.98439,105.51822,0.8298,-15.5,-117.34,-117.56,10,stop_loss,11.80138,0.10359,0.28714,-1.33787,london,2020
USDJPY,1,2020-08-25 00:00:00,2020-08-25 10:00:00,105.973,106.186,105.83938,106.24023,0.9553,21.3,185.17,184.94,10,time_exit,15.26148,0.08908,1.73924,-1.15604,tokyo,2020
USDJPY,-1,2020-08-28 03:00:00,2020-08-28 06:00:00,106.654,106.86785,106.86785,106.22629,0.6064,-21.4,-118.01,-118.24,3,stop_loss,15.63388,0.14257,2.75942,1.15025,tokyo,2020
USDJPY,1,2020-09-04 05:00:00,2020-09-04 15:00:00,106.182,106.43,106.02017,106.50566,0.7933,24.8,179.03,178.8,10,time_exit,19.87036,0.10789,0.24675,0.96888,tokyo,2020
USDJPY,-1,2020-09-07 12:00:00,2020-09-07 22:00:00,106.2,106.277,106.32788,105.94423,1.0192,-7.7,-71.42,-71.64,10,time_exit,11.7477,0.08526,-0.27088,1.43074,london,2020
USDJPY,1,2020-09-08 07:00:00,2020-09-08 15:00:00,106.287,106.20077,106.20077,106.45945,1.5025,-8.6,-117.89,-118.12,8,stop_loss,11.88428,0.05748,0.60679,2.08182,tokyo,2020
USDJPY,-1,2020-09-10 10:00:00,2020-09-10 17:00:00,106.093,106.20966,106.20966,105.85968,1.0994,-11.7,-116.71,-116.94,7,stop_loss,14.32015,0.07777,-0.53144,0.16194,london,2020
USDJPY,-1,2020-09-11 03:00:00,2020-09-11 10:00:00,106.15,106.25939,106.25939,105.93123,1.1608,-10.9,-115.55,-115.77,7,stop_loss,7.94801,0.07292,0.23757,0.1378,tokyo,2020
USDJPY,-1,2020-09-11 16:00:00,2020-09-14 02:00:00,106.154,106.152,106.25198,105.95803,1.2829,0.2,2.33,2.11,10,time_exit,10.90639,0.06532,0.00137,0.36361,new_york,2020
USDJPY,1,2020-09-14 02:00:00,2020-09-14 07:00:00,106.116,106.015,106.015,106.318,1.2448,-10.1,-114.41,-114.64,5,stop_loss,9.31431,0.06733,-0.44377,0.23218,tokyo,2020
USDJPY,1,2020-09-14 19:00:00,2020-09-15 05:00:00,105.688,105.68,105.54508,105.97385,0.8708,-0.8,-6.34,-6.57,10,time_exit,24.13203,0.09528,-3.80585,-0.57831,new_york,2020
USDJPY,1,2020-09-15 11:00:00,2020-09-15 13:00:00,105.739,105.62096,105.62096,105.97507,1.0539,-11.8,-113.2,-113.43,2,stop_loss,41.14144,0.07869,-1.85092,-2.04591,london,2020
USDJPY,1,2020-09-17 09:00:00,2020-09-17 10:00:00,104.979,104.79993,104.79993,105.33714,0.6877,-17.9,-112.06,-112.29,1,stop_loss,31.81659,0.11938,-2.27026,-4.05983,london,2020
USDJPY,1,2020-09-17 15:00:00,2020-09-18 01:00:00,104.54,104.727,104.32768,104.96465,0.5742,18.7,97.71,97.48,10,time_exit,36.01316,0.14155,-4.2334,-3.80055,london,2020
USDJPY,1,2020-09-18 12:00:00,2020-09-18 13:00:00,104.474,104.2988,104.2988,104.82441,0.7019,-17.5,-111.91,-112.14,1,stop_loss,22.97865,0.1168,-3.64584,-5.09805,london,2020
USDJPY,1,2020-09-22 19:00:00,2020-09-23 00:00:00,105.054,104.83677,104.83677,105.48846,0.5605,-21.7,-110.8,-111.03,5,stop_loss,26.47571,0.14482,3.08862,-3.27553,new_york,2020
USDJPY,1,2020-09-23 08:00:00,2020-09-23 18:00:00,105.07,105.349,104.89821,105.41358,0.7016,27.9,178.13,177.9,10,time_exit,32.7078,0.11453,2.53228,-2.57218,tokyo,2020
USDJPY,-1,2020-09-24 07:00:00,2020-09-24 17:00:00,105.441,105.482,105.60599,105.11102,0.7424,-4.1,-27.7,-27.93,10,time_exit,33.97593,0.10999,3.17791,-0.21581,tokyo,2020
USDJPY,-1,2020-09-28 05:00:00,2020-09-28 15:00:00,105.451,105.489,105.60886,105.13527,0.7739,-3.8,-26.76,-26.99,10,time_exit,18.44007,0.10524,0.20382,1.74467,tokyo,2020
USDJPY,1,2020-09-28 21:00:00,2020-09-29 03:00:00,105.533,105.37745,105.37745,105.84409,0.7836,-15.6,-110.92,-111.14,6,stop_loss,23.14674,0.1037,0.99129,1.53056,new_york,2020
USDJPY,-1,2020-09-30 16:00:00,2020-10-01 03:00:00,105.661,105.502,105.79685,105.38931,0.8882,15.9,128.51,128.29,10,time_exit,18.24313,0.09056,0.78276,2.21851,new_york,2020
USDJPY,-1,2020-10-07 12:00:00,2020-10-07 22:00:00,105.989,106.033,106.11287,105.74126,0.9855,-4.4,-39.46,-39.69,10,time_exit,21.11329,0.08258,4.05203,1.59514,london,2020
USDJPY,-1,2020-10-09 07:00:00,2020-10-09 09:00:00,105.843,105.94246,105.94246,105.64408,1.223,-9.9,-110.69,-110.92,2,stop_loss,24.18093,0.06631,-1.16816,3.55424,tokyo,2020
USDJPY,1,2020-10-09 12:00:00,2020-10-09 16:00:00,105.864,105.76842,105.76842,106.05516,1.2599,-9.6,-109.58,-109.81,4,stop_loss,23.50819,0.06372,-0.8304,3.47763,london,2020
USDJPY,-1,2020-10-15 00:00:00,2020-10-15 04:00:00,105.168,105.28574,105.28574,104.93253,1.0125,-11.8,-108.48,-108.71,4,stop_loss,29.45779,0.07849,-2.6436,-2.1819,tokyo,2020
USDJPY,1,2020-10-15 06:00:00,2020-10-15 16:00:00,105.267,105.278,105.13833,105.52433,0.9172,1.1,9.18,8.95,10,time_exit,24.71125,0.08578,-0.80273,-2.18911,tokyo,2020
USDJPY,1,2020-10-15 17:00:00,2020-10-16 03:00:00,105.278,105.316,105.15745,105.51909,0.9798,3.8,33.88,33.65,10,time_exit,18.0508,0.08036,-0.39597,-2.32288,new_york,2020
USDJPY,1,2020-10-16 14:00:00,2020-10-19 00:00:00,105.295,105.369,105.17828,105.52844,1.0151,7.4,68.36,68.13,10,time_exit,17.44038,0.07781,-0.23228,-1.94086,london,2020
USDJPY,1,2020-10-19 00:00:00,2020-10-19 10:00:00,105.345,105.395,105.23346,105.56808,1.069,5.0,48.64,48.41,10,time_exit,17.51197,0.07436,0.61372,-1.63097,tokyo,2020
USDJPY,-1,2020-10-20 08:00:00,2020-10-20 14:00:00,105.526,105.62956,105.62956,105.31888,1.1565,-10.4,-108.99,-109.22,6,stop_loss,23.95497,0.06904,1.60216,-0.49621,tokyo,2020
USDJPY,-1,2020-10-21 06:00:00,2020-10-21 10:00:00,105.379,105.16323,105.48688,105.16323,1.099,21.6,215.79,215.56,4,take_profit,22.22968,0.07192,-1.26228,0.0876,tokyo,2020
USDJPY,-1,2020-10-21 16:00:00,2020-10-22 02:00:00,104.591,104.683,104.74878,104.27544,0.7665,-9.2,-64.17,-64.4,10,time_exit,43.93046,0.10519,-6.89919,-0.99893,new_york,2020
USDJPY,-1,2020-10-23 13:00:00,2020-10-23 14:00:00,104.616,104.75153,104.75153,104.34494,0.8871,-13.6,-109.41,-109.63,1,stop_loss,23.10962,0.09035,-2.22181,-3.79353,london,2020
USDJPY,-1,2020-10-23 18:00:00,2020-10-26 04:00:00,104.831,104.86,104.97972,104.53357,0.8003,-2.9,-21.12,-21.35,10,time_exit,19.0444,0.09914,0.25656,-3.37014,new_york,2020
USDJPY,-1,2020-10-26 05:00:00,2020-10-26 15:00:00,104.86,104.994,104.994,104.59199,0.8864,-13.4,-108.09,-108.32,10,stop_loss,12.73053,0.08934,0.92676,-3.57496,tokyo,2020
USDJPY,1,2020-10-27 19:00:00,2020-10-28 05:00:00,104.447,104.31333,104.31333,104.71434,0.8798,-13.4,-107.02,-107.24,10,stop_loss,29.70513,0.08911,-3.5058,-2.69815,new_york,2020
USDJPY,1,2020-10-28 21:00:00,2020-10-29 07:00:00,104.319,104.437,104.16734,104.62232,0.7676,11.8,82.42,82.2,10,time_exit,32.33142,0.10111,-1.6404,-3.6168,new_york,2020
USDJPY,-1,2020-10-30 07:00:00,2020-10-30 08:00:00,104.407,104.13354,104.54373,104.13354,0.8581,27.3,213.53,213.31,1,take_profit,18.01324,0.09115,-0.65442,-2.8978,tokyo,2020
USDJPY,-1,2020-10-30 09:00:00,2020-10-30 10:00:00,104.224,104.37647,104.37647,103.91906,0.7848,-15.2,-108.89,-109.12,1,stop_loss,19.70106,0.10165,-2.27334,-2.64652,london,2020
USDJPY,1,2020-11-03 02:00:00,2020-11-03 09:00:00,104.724,104.5946,104.5946,104.9828,0.9155,-12.9,-107.8,-108.03,7,stop_loss,15.68915,0.08627,0.69194,-0.50802,tokyo,2020
USDJPY,-1,2020-11-03 11:00:00,2020-11-03 13:00:00,104.6,104.72431,104.72431,104.35138,0.9434,-12.4,-106.72,-106.95,2,stop_loss,16.69496,0.08287,-0.84576,-0.43844,london,2020
USDJPY,-1,2020-11-04 09:00:00,2020-11-04 14:00:00,104.922,104.32799,105.219,104.32799,0.3909,59.4,211.3,211.07,5,take_profit,19.534,0.198,1.12007,-0.03116,london,2020
USDJPY,-1,2020-11-05 12:00:00,2020-11-05 14:00:00,104.246,103.78474,104.47663,103.78474,0.5135,46.1,215.54,215.31,2,take_profit,23.59684,0.15375,-1.72278,-0.86467,london,2020
USDJPY,-1,2020-11-09 01:00:00,2020-11-09 07:00:00,103.274,103.52498,103.52498,102.77205,0.4813,-25.1,-109.92,-110.15,6,stop_loss,19.99938,0.16732,-2.44264,-3.61573,tokyo,2020
USDJPY,-1,2020-11-09 13:00:00,2020-11-09 14:00:00,103.68,103.88681,103.88681,103.26638,0.5782,-20.7,-108.82,-109.04,1,stop_loss,23.80463,0.13787,0.51044,-4.2534,london,2020
USDJPY,-1,2020-11-09 18:00:00,2020-11-10 04:00:00,105.388,104.912,105.76368,104.63664,0.3151,47.6,136.49,136.26,10,time_exit,41.74799,0.25045,6.10913,-1.50228,new_york,2020
USDJPY,1,2020-11-11 18:00:00,2020-11-11 22:00:00,105.624,105.42179,105.42179,106.02842,0.5928,-20.2,-109.08,-109.31,4,stop_loss,29.80588,0.13481,3.85831,3.47775,new_york,2020
USDJPY,-1,2020-11-12 07:00:00,2020-11-12 11:00:00,105.246,105.40231,105.40231,104.93337,0.7592,-15.6,-107.99,-108.22,4,stop_loss,21.45845,0.10421,0.26471,4.71294,tokyo,2020
USDJPY,1,2020-11-16 00:00:00,2020-11-16 03:00:00,104.713,104.56298,104.56298,105.01305,0.7831,-15.0,-106.91,-107.14,3,stop_loss,41.43404,0.10002,-3.64386,1.58992,tokyo,2020
USDJPY,-1,2020-11-16 22:00:00,2020-11-17 08:00:00,104.595,104.558,104.79358,104.19784,0.5857,3.7,19.72,19.49,10,time_exit,23.41061,0.13239,-1.29578,-0.07852,,2020
USDJPY,1,2020-11-17 10:00:00,2020-11-17 11:00:00,104.475,104.33211,104.33211,104.76079,0.8155,-14.3,-106.04,-106.27,1,stop_loss,15.53813,0.09526,-2.10049,-0.78185,london,2020
USDJPY,1,2020-11-18 14:00:00,2020-11-18 17:00:00,103.903,103.75395,103.75395,104.20109,0.774,-14.9,-104.98,-105.21,3,stop_loss,56.54431,0.09936,-3.7042,-3.22371,london,2020
USDJPY,1,2020-11-18 23:00:00,2020-11-19 09:00:00,103.854,103.834,103.69246,104.17709,0.7069,-2.0,-12.87,-13.09,10,time_exit,42.33153,0.1077,-2.60501,-3.61995,,2020
USDJPY,1,2020-11-19 22:00:00,2020-11-20 08:00:00,103.79,103.764,103.628,104.11401,0.704,-2.6,-16.66,-16.88,10,time_exit,20.22062,0.108,-1.85075,-3.76021,,2020
USDJPY,-1,2020-11-23 04:00:00,2020-11-23 14:00:00,103.753,103.72,103.8609,103.53721,1.0554,3.3,31.69,31.47,10,time_exit,9.52933,0.07193,-1.53041,-5.28186,tokyo,2020
USDJPY,1,2020-11-24 05:00:00,2020-11-24 07:00:00,104.56,104.38328,104.38328,104.91343,0.6463,-17.7,-103.93,-104.16,2,stop_loss,35.23342,0.11781,3.99745,-1.12454,tokyo,2020
USDJPY,-1,2020-11-24 09:00:00,2020-11-24 15:00:00,104.443,104.60962,104.60962,104.10975,0.6786,-16.7,-102.89,-103.12,6,stop_loss,32.32512,0.11108,2.68091,-0.77516,london,2020
USDJPY,1,2020-11-24 19:00:00,2020-11-25 05:00:00,104.612,104.498,104.41533,105.00535,0.5692,-11.4,-59.05,-59.28,10,time_exit,24.64179,0.13112,2.66718,0.04942,new_york,2020
USDJPY,-1,2020-11-25 16:00:00,2020-11-26 02:00:00,104.406,104.336,104.55378,104.11043,0.753,7.0,47.97,47.74,10,time_exit,10.6792,0.09852,0.25879,0.83947,new_york,2020
USDJPY,1,2020-11-26 02:00:00,2020-11-26 04:00:00,104.403,104.26992,104.26992,104.66916,0.8402,-13.3,-101.75,-101.98,2,stop_loss,15.03641,0.08872,0.17007,0.90555,tokyo,2020
USDJPY,1,2020-12-01 13:00:00,2020-12-01 23:00:00,104.378,104.308,104.22475,104.6845,0.7223,-7.0,-46.01,-46.24,10,time_exit,24.30797,0.10217,1.4562,-0.08413,london,2020
USDJPY,1,2020-12-02 13:00:00,2020-12-02 15:00:00,104.676,104.53131,104.53131,104.96538,0.7615,-14.5,-100.26,-100.49,2,stop_loss,20.11869,0.09646,3.23156,0.88197,london,2020
USDJPY,-1,2020-12-02 15:00:00,2020-12-03 01:00:00,104.655,104.448,104.79842,104.36815,0.7605,20.7,143.26,143.03,10,time_exit,23.83074,0.09562,2.7771,1.06754,london,2020
USDJPY,1,2020-12-03 05:00:00,2020-12-03 09:00:00,104.446,104.30417,104.30417,104.72966,0.7801,-14.2,-100.68,-100.91,4,stop_loss,11.78091,0.09455,0.1097,1.27229,tokyo,2020
USDJPY,1,2020-12-03 17:00:00,2020-12-04 03:00:00,103.81,103.83,103.64241,104.14518,0.6536,2.0,11.9,11.67,10,time_exit,23.3087,0.11173,-4.9333,0.46783,new_york,2020
USDJPY,-1,2020-12-04 09:00:00,2020-12-04 10:00:00,103.865,104.00818,104.00818,103.57864,0.7659,-14.3,-99.79,-100.02,1,stop_loss,35.11459,0.09545,-2.76032,-1.20465,london,2020
USDJPY,-1,2020-12-09 17:00:00,2020-12-09 19:00:00,104.235,104.33993,104.33993,104.02513,1.0346,-10.5,-98.79,-99.02,2,stop_loss,10.41403,0.06996,1.57398,-0.60614,new_york,2020
USDJPY,1,2020-12-11 13:00:00,2020-12-11 17:00:00,104.091,103.94631,103.94631,104.38038,0.7428,-14.5,-97.8,-98.03,4,stop_loss,20.51297,0.09646,-1.01625,-0.06024,london,2020
USDJPY,-1,2020-12-11 17:00:00,2020-12-14 03:00:00,103.989,104.006,104.13048,103.70604,0.7521,-1.7,-11.63,-11.86,10,time_exit,19.65192,0.09432,-1.93063,-0.20731,new_york,2020
USDJPY,1,2020-12-14 03:00:00,2020-12-14 10:00:00,104.028,103.87776,103.87776,104.32849,0.7073,-15.0,-96.7,-96.93,7,stop_loss,23.96932,0.10016,-0.78186,-0.62757,tokyo,2020
USDJPY,1,2020-12-15 09:00:00,2020-12-15 13:00:00,104.052,103.91568,103.91568,104.32465,0.7718,-13.6,-95.75,-95.97,4,stop_loss,15.18024,0.09088,0.26795,-1.00468,london,2020
USDJPY,-1,2020-12-15 13:00:00,2020-12-15 17:00:00,103.979,103.71326,104.11187,103.71326,0.7839,26.6,189.57,189.34,4,take_profit,12.9108,0.08858,-0.57553,-0.97154,london,2020
USDJPY,1,2020-12-16 05:00:00,2020-12-16 06:00:00,103.628,103.50211,103.50211,103.87979,0.8438,-12.6,-96.67,-96.9,1,stop_loss,29.1865,0.08393,-2.9897,-2.12846,tokyo,2020
USDJPY,-1,2020-12-16 11:00:00,2020-12-16 15:00:00,103.328,103.46837,103.46837,103.04726,0.7492,-14.0,-95.7,-95.93,4,stop_loss,35.81797,0.09358,-4.91607,-2.50554,london,2020
USDJPY,-1,2020-12-17 02:00:00,2020-12-17 11:00:00,103.476,103.11565,103.65618,103.11565,0.5779,36.0,189.5,189.28,9,take_profit,24.92301,0.12012,-1.45895,-2.46545,tokyo,2020
USDJPY,-1,2020-12-21 14:00:00,2020-12-21 23:00:00,103.7,103.28354,103.90823,103.28354,0.51,41.6,193.28,193.05,9,take_profit,29.48755,0.13882,2.0064,-1.79297,london,2020
USDJPY,1,2020-12-22 21:00:00,2020-12-23 01:00:00,103.687,103.53848,103.53848,103.98404,0.7293,-14.9,-98.57,-98.8,4,stop_loss,21.30371,0.09901,2.3285,-1.58238,new_york,2020
USDJPY,1,2020-12-23 10:00:00,2020-12-23 17:00:00,103.366,103.61817,103.23991,103.61817,0.8505,25.2,195.17,194.94,7,take_profit,17.62374,0.08406,-1.40344,-1.42189,london,2020
USDJPY,1,2020-12-23 19:00:00,2020-12-24 05:00:00,103.53,103.534,103.38328,103.82344,0.7455,0.4,2.71,2.49,10,time_exit,16.63153,0.09781,0.48027,-1.12064,new_york,2020
USDJPY,1,2020-12-30 01:00:00,2020-12-30 02:00:00,103.544,103.43484,103.43484,103.76232,1.0022,-10.9,-99.55,-99.78,1,stop_loss,23.27467,0.07277,-1.08763,0.1284,tokyo,2020
USDJPY,1,2020-12-30 15:00:00,2020-12-30 18:00:00,103.07,103.32363,102.94319,103.32363,0.854,25.4,197.1,196.88,3,take_profit,40.07678,0.08454,-4.76145,-1.12271,london,2020
USDJPY,1,2020-12-31 08:00:00,2020-12-31 11:00:00,103.135,103.00064,103.00064,103.40372,0.8222,-13.4,-100.53,-100.75,3,stop_loss,21.65089,0.08957,-2.16292,-2.00855,tokyo,2020
USDJPY,1,2021-01-04 10:00:00,2021-01-04 11:00:00,102.912,102.74892,102.74892,103.23816,0.6706,-16.3,-99.52,-99.75,1,stop_loss,22.73004,0.10872,-2.43952,-2.24885,london,2021
USDJPY,1,2021-01-04 18:00:00,2021-01-05 04:00:00,103.128,103.113,102.95392,103.47615,0.6219,-1.5,-8.49,-8.72,10,time_exit,23.20707,0.11605,0.1659,-2.36349,new_york,2021
USDJPY,1,2021-01-06 14:00:00,2021-01-06 15:00:00,102.8,103.08394,102.65803,103.08394,0.7619,28.4,196.86,196.64,1,take_profit,20.11836,0.09465,-0.83722,-3.40333,london,2021
USDJPY,-1,2021-01-07 21:00:00,2021-01-08 07:00:00,103.811,103.904,104.02409,103.38483,0.5178,-9.3,-43.82,-44.05,10,time_exit,40.04226,0.14206,3.74111,0.22865,new_york,2021
USDJPY,-1,2021-01-08 09:00:00,2021-01-08 10:00:00,103.914,104.08185,104.08185,103.57829,0.6544,-16.8,-99.96,-100.19,1,stop_loss,44.9392,0.1119,3.71048,1.64363,london,2021
USDJPY,-1,2021-01-11 14:00:00,2021-01-11 15:00:00,104.128,104.29486,104.29486,103.79429,0.6517,-16.7,-98.95,-99.18,1,stop_loss,24.44012,0.11124,2.34526,3.38953,london,2021
USDJPY,1,2021-01-13 13:00:00,2021-01-13 17:00:00,103.928,103.78012,103.78012,104.22377,0.728,-14.8,-97.97,-98.2,4,stop_loss,28.16997,0.09859,0.05943,2.39377,london,2021
USDJPY,-1,2021-01-13 21:00:00,2021-01-14 04:00:00,103.895,104.06427,104.06427,103.55645,0.6296,-16.9,-96.98,-97.21,7,stop_loss,20.2426,0.11285,-0.18364,1.88915,new_york,2021
USDJPY,-1,2021-01-14 07:00:00,2021-01-14 17:00:00,104.031,103.843,104.19806,103.69688,0.6316,18.8,108.05,107.83,10,time_exit,21.50255,0.11137,0.98882,1.76306,tokyo,2021
USDJPY,-1,2021-01-14 21:00:00,2021-01-15 07:00:00,103.798,103.805,103.99123,103.41154,0.5522,-0.7,-3.52,-3.75,10,time_exit,19.20345,0.12882,-0.97069,1.3306,new_york,2021
USDJPY,1,2021-01-15 15:00:00,2021-01-18 01:00:00,103.713,103.917,103.56979,103.99942,0.7447,20.4,138.25,138.02,10,time_exit,25.43061,0.09547,-1.22681,0.82868,london,2021
USDJPY,1,2021-01-20 18:00:00,2021-01-21 04:00:00,103.552,103.529,103.414,103.828,0.7838,-2.3,-16.4,-16.63,10,time_exit,25.15477,0.092,-2.92194,0.33255,new_york,2021
USDJPY,1,2021-01-22 22:00:00,2021-01-25 00:00:00,103.834,103.72622,103.72622,104.04956,1.0019,-10.8,-98.27,-98.49,2,stop_loss,27.46877,0.07185,2.44722,-0.7193,,2021
USDJPY,1,2021-01-26 01:00:00,2021-01-26 11:00:00,103.764,103.791,103.65487,103.98225,0.9796,2.7,24.07,23.84,10,time_exit,15.23513,0.07275,0.34172,0.16977,tokyo,2021
USDJPY,-1,2021-01-26 11:00:00,2021-01-26 16:00:00,103.782,103.58442,103.88079,103.58442,1.0848,19.8,195.04,194.81,5,take_profit,12.30097,0.06586,0.62324,0.19131,london,2021
USDJPY,-1,2021-01-27 13:00:00,2021-01-27 14:00:00,103.74,103.83076,103.83076,103.55849,1.2044,-9.1,-99.47,-99.7,1,stop_loss,14.29533,0.0605,0.49607,-0.1631,london,2021
USDJPY,-1,2021-01-27 18:00:00,2021-01-28 02:00:00,104.099,104.22862,104.22862,103.83976,0.8348,-13.0,-98.47,-98.7,8,stop_loss,25.45521,0.08641,3.93957,0.30489,new_york,2021
USDJPY,-1,2021-01-29 02:00:00,2021-01-29 03:00:00,104.304,104.43179,104.43179,104.04842,0.8383,-12.8,-97.49,-97.71,1,stop_loss,27.44535,0.08519,2.14932,2.90629,tokyo,2021
USDJPY,1,2021-02-01 00:00:00,2021-02-01 03:00:00,104.768,104.61591,104.61591,105.07217,0.6973,-15.2,-96.51,-96.73,3,stop_loss,46.96753,0.10139,2.81523,4.04792,tokyo,2021
USDJPY,-1,2021-02-01 05:00:00,2021-02-01 10:00:00,104.723,104.8677,104.8677,104.43359,0.7255,-14.5,-95.53,-95.76,5,stop_loss,42.5734,0.09647,2.43529,4.4368,tokyo,2021
USDJPY,-1,2021-02-01 21:00:00,2021-02-02 07:00:00,104.94,104.969,105.07795,104.66409,0.7534,-2.9,-19.88,-20.11,10,time_exit,41.56662,0.09197,2.91838,5.36017,new_york,2021
USDJPY,-1,2021-02-03 02:00:00,2021-02-03 12:00:00,105.031,105.07,105.15325,104.78651,0.8484,-3.9,-30.11,-30.34,10,time_exit,18.98658,0.0815,1.59919,6.34296,tokyo,2021
USDJPY,1,2021-02-04 16:00:00,2021-02-04 21:00:00,105.307,105.51646,105.20227,105.51646,0.9871,20.9,188.15,187.93,5,take_profit,22.46065,0.06982,3.32388,6.6772,new_york,2021
USDJPY,-1,2021-02-05 01:00:00,2021-02-05 02:00:00,105.513,105.61619,105.61619,105.30662,1.0219,-10.3,-95.96,-96.19,1,stop_loss,38.40158,0.06879,4.54266,7.49411,tokyo,2021
USDJPY,-1,2021-02-05 04:00:00,2021-02-05 13:00:00,105.511,105.62721,105.62721,105.27857,0.8983,-11.6,-95.0,-95.23,9,stop_loss,40.08094,0.07748,3.54773,6.80673,tokyo,2021
USDJPY,1,2021-02-08 17:00:00,2021-02-08 18:00:00,105.369,105.22001,105.22001,105.66699,0.6936,-14.9,-94.04,-94.27,1,stop_loss,16.07543,0.09933,-0.72374,4.90793,new_york,2021
USDJPY,-1,2021-02-09 08:00:00,2021-02-09 11:00:00,104.897,104.63283,105.02909,104.63283,0.7745,26.4,186.19,185.96,3,take_profit,37.25424,0.08806,-4.43402,3.53774,tokyo,2021
USDJPY,-1,2021-02-10 19:00:00,2021-02-11 05:00:00,104.667,104.6,104.8392,104.3226,0.606,6.7,36.95,36.72,10,time_exit,27.99632,0.1148,-1.10103,-0.69924,new_york,2021
USDJPY,1,2021-02-11 14:00:00,2021-02-12 00:00:00,104.723,104.743,104.61232,104.94437,0.9464,2.0,17.22,17.0,10,time_exit,20.22403,0.07379,0.19821,-1.66907,london,2021
USDJPY,-1,2021-02-12 03:00:00,2021-02-12 07:00:00,104.75,104.8492,104.8492,104.55159,1.0578,-9.9,-95.49,-95.72,4,stop_loss,18.09592,0.06614,0.44709,-1.50464,tokyo,2021
USDJPY,1,2021-02-12 12:00:00,2021-02-12 18:00:00,105.039,104.91462,104.91462,105.28776,0.8353,-12.4,-94.54,-94.77,6,stop_loss,25.39472,0.08292,3.22859,-0.65192,london,2021
USDJPY,1,2021-02-15 17:00:00,2021-02-16 03:00:00,105.377,105.505,105.24026,105.65048,0.7522,12.8,87.62,87.39,10,time_exit,38.85534,0.09116,3.8954,1.38824,new_york,2021
USDJPY,-1,2021-02-16 07:00:00,2021-02-16 11:00:00,105.553,105.32158,105.66871,105.32158,0.8972,23.1,188.94,188.71,4,take_profit,44.88179,0.07714,4.64008,3.00497,tokyo,2021
USDJPY,-1,2021-02-17 08:00:00,2021-02-17 09:00:00,105.872,106.05149,106.05149,105.51303,0.5899,-17.9,-96.35,-96.58,1,stop_loss,36.16078,0.11966,2.31729,3.76183,tokyo,2021
USDJPY,-1,2021-02-17 13:00:00,2021-02-17 15:00:00,105.984,106.17515,106.17515,105.6017,0.5484,-19.1,-95.39,-95.62,2,stop_loss,32.12324,0.12743,2.53709,3.73852,london,2021
USDJPY,-1,2021-02-18 00:00:00,2021-02-18 10:00:00,105.862,105.729,106.03528,105.51544,0.5989,13.3,72.48,72.26,10,time_exit,20.30624,0.11552,0.97059,4.24753,tokyo,2021
USDJPY,1,2021-02-18 11:00:00,2021-02-18 21:00:00,105.729,105.688,105.57434,106.03833,0.6761,-4.1,-25.23,-25.45,10,time_exit,13.7022,0.10311,-0.48703,4.45017,london,2021
USDJPY,1,2021-02-22 13:00:00,2021-02-22 15:00:00,105.651,105.47828,105.47828,105.99643,0.6038,-17.3,-94.9,-95.13,2,stop_loss,17.02965,0.11514,0.29367,1.63741,london,2021
USDJPY,-1,2021-02-23 04:00:00,2021-02-23 08:00:00,104.952,105.11662,105.11662,104.62276,0.6271,-16.5,-93.94,-94.17,4,stop_loss,34.96916,0.10975,-3.95113,-0.00361,tokyo,2021
USDJPY,1,2021-02-23 15:00:00,2021-02-23 17:00:00,105.322,105.16062,105.16062,105.64476,0.6333,-16.1,-93.0,-93.23,2,stop_loss,26.14042,0.10759,0.16256,-0.52001,london,2021
USDJPY,-1,2021-02-23 21:00:00,2021-02-24 02:00:00,105.242,105.41828,105.41828,104.88945,0.574,-17.6,-92.08,-92.3,5,stop_loss,22.01247,0.11752,-0.41965,-0.53691,new_york,2021
USDJPY,-1,2021-02-24 16:00:00,2021-02-25 02:00:00,106.0,106.028,106.17965,105.64069,0.5576,-2.8,-14.21,-14.44,10,time_exit,36.1998,0.11977,4.60597,0.50004,new_york,2021
USDJPY,1,2021-02-25 08:00:00,2021-02-25 17:00:00,105.884,106.22173,105.71513,106.22173,0.5922,33.8,182.01,181.78,9,take_profit,45.84656,0.11258,1.7828,1.89465,tokyo,2021
USDJPY,-1,2021-02-25 21:00:00,2021-02-25 22:00:00,106.032,106.24849,106.24849,105.59902,0.4712,-21.6,-92.83,-93.06,1,stop_loss,42.42032,0.14433,1.15439,2.17667,new_york,2021
USDJPY,1,2021-02-26 04:00:00,2021-02-26 14:00:00,106.147,106.247,105.91336,106.61428,0.4322,10.0,39.33,39.1,10,time_exit,33.31032,0.15576,1.19184,2.31199,tokyo,2021
USDJPY,-1,2021-02-26 16:00:00,2021-02-26 17:00:00,106.309,106.56501,106.56501,105.79699,0.3961,-25.6,-92.28,-92.51,1,stop_loss,21.52814,0.17067,1.46044,2.30045,new_york,2021
USDJPY,1,2021-03-01 08:00:00,2021-03-01 18:00:00,106.53,106.687,106.32506,106.93988,0.4899,15.7,69.99,69.76,10,time_exit,15.60402,0.13663,1.70702,3.64025,tokyo,2021
USDJPY,1,2021-03-02 19:00:00,2021-03-03 05:00:00,106.747,106.84,106.58977,107.06147,0.6434,9.3,54.45,54.22,10,time_exit,14.35716,0.10482,0.70323,5.57254,new_york,2021
USDJPY,1,2021-03-03 13:00:00,2021-03-03 15:00:00,106.954,106.83304,106.83304,107.19592,0.8412,-12.1,-92.59,-92.82,2,stop_loss,14.24726,0.08064,2.52607,6.71959,london,2021
USDJPY,1,2021-03-05 01:00:00,2021-03-05 09:00:00,107.969,108.30538,107.80081,108.30538,0.5989,33.6,183.33,183.1,8,take_profit,57.64669,0.11213,6.45683,6.31202,tokyo,2021
USDJPY,1,2021-03-05 16:00:00,2021-03-05 17:00:00,108.465,108.21892,108.21892,108.95715,0.4176,-24.6,-93.51,-93.74,1,stop_loss,61.62472,0.16405,4.74511,5.59632,new_york,2021
USDJPY,1,2021-03-08 01:00:00,2021-03-08 11:00:00,108.364,108.565,108.14825,108.7955,0.4715,20.1,86.24,86.01,10,time_exit,47.93975,0.14383,3.37727,6.78843,tokyo,2021
USDJPY,1,2021-03-08 12:00:00,2021-03-08 18:00:00,108.565,108.92223,108.38639,108.92223,0.5748,35.7,186.85,186.63,6,take_profit,38.31927,0.11908,4.09173,8.53501,london,2021
USDJPY,-1,2021-03-09 17:00:00,2021-03-10 03:00:00,108.662,108.701,108.89786,108.19029,0.444,-3.9,-15.76,-15.99,10,time_exit,33.41872,0.15724,0.20065,7.06271,new_york,2021
USDJPY,-1,2021-03-10 11:00:00,2021-03-10 21:00:00,108.694,108.387,108.90895,108.2641,0.4863,30.7,135.86,135.63,10,time_exit,19.52517,0.1433,0.29881,6.59122,london,2021
USDJPY,-1,2021-03-11 00:00:00,2021-03-11 04:00:00,108.374,108.5826,108.5826,107.9568,0.5083,-20.9,-96.49,-96.72,4,stop_loss,20.70022,0.13907,-1.52206,5.73802,tokyo,2021
USDJPY,1,2021-03-11 16:00:00,2021-03-11 20:00:00,108.567,108.36685,108.36685,108.9673,0.5244,-20.0,-95.51,-95.74,4,stop_loss,13.98969,0.13343,-0.07031,4.92511,new_york,2021
USDJPY,-1,2021-03-11 22:00:00,2021-03-12 03:00:00,108.458,108.66167,108.66167,108.05066,0.5102,-20.4,-94.56,-94.79,5,stop_loss,10.92628,0.13578,-0.7349,4.46838,,2021
USDJPY,-1,2021-03-12 16:00:00,2021-03-15 02:00:00,109.08,109.118,109.26155,108.71689,0.5666,-3.8,-19.59,-19.82,10,time_exit,28.76451,0.12104,3.11356,5.04438,new_york,2021
USDJPY,-1,2021-03-16 23:00:00,2021-03-17 04:00:00,108.986,109.14419,109.14419,108.66962,0.6489,-15.8,-93.41,-93.64,5,stop_loss,16.59758,0.10546,-0.62377,5.03294,,2021
USDJPY,1,2021-03-17 08:00:00,2021-03-17 18:00:00,109.117,109.218,108.99036,109.37029,0.8025,10.1,73.76,73.53,10,time_exit,13.62725,0.08443,0.70609,5.79643,tokyo,2021
USDJPY,-1,2021-03-18 12:00:00,2021-03-18 22:00:00,109.104,108.881,109.33661,108.63878,0.4404,22.3,89.37,89.14,10,time_exit,22.62925,0.15507,0.43263,2.27576,london,2021
USDJPY,-1,2021-03-25 05:00:00,2021-03-25 10:00:00,108.92,109.05791,109.05791,108.64419,0.7499,-13.8,-94.11,-94.34,5,stop_loss,18.58845,0.09194,2.16862,-0.0993,tokyo,2021
USDJPY,1,2021-03-26 09:00:00,2021-03-26 12:00:00,109.251,109.49193,109.13054,109.49193,0.8499,24.1,186.34,186.11,3,take_profit,45.46112,0.08031,3.01812,2.25278,london,2021
USDJPY,-1,2021-03-26 16:00:00,2021-03-29 02:00:00,109.797,109.793,109.95169,109.48763,0.6751,0.4,2.46,2.23,10,time_exit,55.06341,0.10312,6.3895,2.55106,new_york,2021
USDJPY,-1,2021-03-29 05:00:00,2021-03-29 15:00:00,109.628,109.696,109.77835,109.3273,0.6947,-6.8,-42.99,-43.22,10,time_exit,45.48705,0.10023,2.67428,3.86042,tokyo,2021
USDJPY,-1,2021-03-29 22:00:00,2021-03-30 05:00:00,109.818,109.95472,109.95472,109.54457,0.7605,-13.7,-94.62,-94.84,7,stop_loss,22.29469,0.09114,3.3728,4.73545,,2021
USDJPY,-1,2021-03-31 02:00:00,2021-03-31 03:00:00,110.38,110.50973,110.50973,110.12055,0.7934,-13.0,-93.66,-93.89,1,stop_loss,38.17108,0.08648,4.67838,7.32511,tokyo,2021
USDJPY,1,2021-04-02 01:00:00,2021-04-02 09:00:00,110.584,110.44588,110.44588,110.86023,0.7378,-13.8,-92.73,-92.96,8,stop_loss,12.35331,0.09208,0.10797,7.87854,tokyo,2021
USDJPY,-1,2021-04-02 15:00:00,2021-04-02 16:00:00,110.526,110.66081,110.66081,110.25638,0.7483,-13.5,-91.8,-92.03,1,stop_loss,26.41812,0.08987,-0.38832,6.92942,london,2021
USDJPY,1,2021-04-02 22:00:00,2021-04-05 04:00:00,110.687,110.55615,110.55615,110.9487,0.7632,-13.1,-90.88,-91.1,6,stop_loss,17.52546,0.08723,1.13775,6.8799,,2021
USDJPY,1,2021-04-06 05:00:00,2021-04-06 13:00:00,110.243,110.54037,110.09431,110.54037,0.6649,29.7,179.93,179.7,8,take_profit,36.37244,0.09912,-1.86666,3.29915,tokyo,2021
USDJPY,1,2021-04-07 13:00:00,2021-04-07 17:00:00,109.809,109.62583,109.62583,110.17534,0.5505,-18.3,-91.76,-91.99,4,stop_loss,32.19503,0.12211,-1.95821,-0.10157,london,2021
USDJPY,1,2021-04-12 21:00:00,2021-04-13 06:00:00,109.394,109.71987,109.23106,109.71987,0.6127,32.6,181.69,181.46,9,take_profit,35.23204,0.10862,-1.20683,-2.23762,new_york,2021
USDJPY,-1,2021-04-15 09:00:00,2021-04-15 16:00:00,108.912,108.66203,109.03698,108.66203,0.8147,25.0,185.32,185.09,7,take_profit,15.97052,0.08332,-1.70095,-4.92813,london,2021
USDJPY,1,2021-04-16 00:00:00,2021-04-16 10:00:00,108.76,108.892,108.60729,109.06542,0.6801,13.2,81.69,81.47,10,time_exit,26.42686,0.10181,-1.60527,-4.41985,tokyo,2021
USDJPY,-1,2021-04-16 10:00:00,2021-04-16 20:00:00,108.897,108.794,109.04148,108.60805,0.7251,10.3,67.96,67.74,10,time_exit,18.33007,0.09632,0.18,-4.48701,london,2021
USDJPY,1,2021-04-21 12:00:00,2021-04-21 15:00:00,108.211,108.02289,108.02289,108.58722,0.5608,-18.8,-96.0,-96.23,3,stop_loss,25.85575,0.12541,-0.1563,-4.41266,london,2021
USDJPY,-1,2021-04-22 00:00:00,2021-04-22 10:00:00,108.07,107.893,108.22368,107.76264,0.6796,17.7,109.46,109.24,10,time_exit,12.99141,0.10245,-1.22803,-5.14752,tokyo,2021
USDJPY,-1,2021-04-22 20:00:00,2021-04-23 04:00:00,108.205,107.85163,108.38169,107.85163,0.5979,35.3,192.27,192.04,8,take_profit,12.03525,0.11779,0.84978,-4.07672,new_york,2021
USDJPY,1,2021-04-23 23:00:00,2021-04-26 05:00:00,107.894,107.71317,107.71317,108.25566,0.5959,-18.1,-98.06,-98.29,6,stop_loss,15.36172,0.12055,-0.68831,-3.73731,,2021
USDJPY,1,2021-04-26 14:00:00,2021-04-26 15:00:00,107.773,108.08026,107.61937,108.08026,0.6943,30.7,194.13,193.9,1,take_profit,18.92584,0.10242,-1.14838,-4.37144,london,2021
USDJPY,1,2021-04-27 08:00:00,2021-04-27 18:00:00,108.222,108.53434,108.06583,108.53434,0.6967,31.2,198.02,197.79,10,take_profit,21.84829,0.10411,1.84324,-2.67007,tokyo,2021
USDJPY,1,2021-04-29 20:00:00,2021-04-30 06:00:00,108.896,108.83,108.67339,109.34122,0.4985,-6.6,-29.94,-30.17,10,time_exit,26.71289,0.14841,1.15929,1.48739,new_york,2021
USDJPY,-1,2021-05-03 10:00:00,2021-05-03 11:00:00,109.538,109.68585,109.68585,109.2423,0.7483,-14.8,-100.68,-100.91,1,stop_loss,41.06588,0.09857,4.35077,4.11584,london,2021
USDJPY,1,2021-05-05 14:00:00,2021-05-05 16:00:00,109.304,109.15688,109.15688,109.59825,0.7445,-14.7,-99.67,-99.9,2,stop_loss,11.10485,0.09808,0.3196,3.41655,london,2021
USDJPY,-1,2021-05-06 07:00:00,2021-05-06 12:00:00,109.373,109.09952,109.50974,109.09952,0.793,27.3,197.35,197.12,5,take_profit,14.5174,0.09116,1.10839,3.09164,tokyo,2021
USDJPY,-1,2021-05-13 10:00:00,2021-05-13 20:00:00,109.571,109.52,109.76804,109.17693,0.5613,5.1,26.05,25.82,10,time_exit,40.06052,0.13136,2.78536,1.51971,london,2021
USDJPY,1,2021-05-17 02:00:00,2021-05-17 09:00:00,109.405,109.24787,109.24787,109.71926,0.7057,-15.7,-100.91,-101.13,7,stop_loss,30.66484,0.10475,0.25744,2.17258,tokyo,2021
USDJPY,-1,2021-05-17 22:00:00,2021-05-18 08:00:00,109.172,109.144,109.31329,108.88942,0.7769,2.8,19.8,19.57,10,time_exit,27.34487,0.09419,-1.34222,1.36963,,2021
USDJPY,-1,2021-05-19 06:00:00,2021-05-19 10:00:00,108.953,109.08505,109.08505,108.6889,0.8329,-13.2,-100.09,-100.31,4,stop_loss,21.96621,0.08803,-1.41193,-0.57432,tokyo,2021
USDJPY,-1,2021-05-20 10:00:00,2021-05-20 16:00:00,109.104,108.79294,109.25953,108.79294,0.7001,31.1,198.17,197.94,6,take_profit,16.57416,0.10369,0.23546,-0.30372,london,2021
USDJPY,1,2021-05-20 23:00:00,2021-05-21 09:00:00,108.783,108.768,108.63625,109.07651,0.7568,-1.5,-10.33,-10.56,10,time_exit,22.29566,0.09784,-2.20365,-0.9071,,2021
USDJPY,-1,2021-05-25 03:00:00,2021-05-25 09:00:00,108.851,108.62517,108.96391,108.62517,0.9826,22.6,201.93,201.7,6,take_profit,12.72628,0.07528,-0.00987,-1.74679,tokyo,2021
USDJPY,1,2021-05-25 16:00:00,2021-05-25 20:00:00,108.981,108.8232,108.8232,109.29659,0.7171,-15.8,-102.97,-103.2,4,stop_loss,13.82849,0.1052,1.46813,-1.25672,new_york,2021
USDJPY,-1,2021-05-25 21:00:00,2021-05-26 07:00:00,108.776,108.776,108.94531,108.43738,0.6617,-0.0,-0.0,-0.23,10,time_exit,14.36429,0.11287,-0.54975,-1.04052,new_york,2021
USDJPY,1,2021-05-27 02:00:00,2021-05-27 12:00:00,109.122,109.2,109.00739,109.35122,0.9774,7.8,69.38,69.15,10,time_exit,27.89101,0.07641,2.65444,-0.36017,tokyo,2021
USDJPY,-1,2021-05-27 17:00:00,2021-05-27 18:00:00,109.47,109.61972,109.61972,109.17055,0.7533,-15.0,-102.64,-102.86,1,stop_loss,29.12013,0.09982,4.31983,0.60541,new_york,2021
USDJPY,-1,2021-05-28 10:00:00,2021-05-28 14:00:00,109.893,110.03308,110.03308,109.61284,0.7971,-14.0,-101.61,-101.84,4,stop_loss,48.89601,0.09339,4.83648,3.49903,london,2021
USDJPY,1,2021-05-31 05:00:00,2021-05-31 15:00:00,109.713,109.655,109.54785,110.04331,0.6693,-5.8,-35.33,-35.55,10,time_exit,27.72969,0.1101,0.39657,3.84311,tokyo,2021
USDJPY,1,2021-05-31 16:00:00,2021-05-31 17:00:00,109.654,109.52393,109.52393,109.91413,0.8469,-13.0,-100.24,-100.47,1,stop_loss,17.46732,0.08671,-0.25342,4.42489,new_york,2021
USDJPY,-1,2021-06-01 16:00:00,2021-06-01 17:00:00,109.643,109.37567,109.77667,109.37567,0.8158,26.7,198.46,198.23,1,take_profit,21.91531,0.08911,0.70274,2.69261,new_york,2021
USDJPY,1,2021-06-02 06:00:00,2021-06-02 11:00:00,109.607,109.85402,109.48349,109.85402,0.9005,24.7,202.42,202.19,5,take_profit,16.19353,0.08234,0.74487,2.25052,tokyo,2021
USDJPY,1,2021-06-02 20:00:00,2021-06-03 06:00:00,109.625,109.678,109.49318,109.88864,0.8606,5.3,41.51,41.28,10,time_exit,20.093,0.08788,0.08222,2.39863,new_york,2021
USDJPY,-1,2021-06-03 12:00:00,2021-06-03 15:00:00,109.793,109.90262,109.90262,109.57376,1.039,-11.0,-103.65,-103.87,3,stop_loss,21.24697,0.07308,2.03537,2.73213,london,2021
USDJPY,1,2021-06-04 07:00:00,2021-06-04 12:00:00,110.236,110.1034,110.1034,110.50119,0.8504,-13.3,-102.61,-102.84,5,stop_loss,37.03476,0.0884,3.44178,4.09992,tokyo,2021
USDJPY,-1,2021-06-04 13:00:00,2021-06-04 15:00:00,110.115,109.87306,110.23597,109.87306,0.9227,24.2,203.15,202.92,2,take_profit,28.78078,0.08065,1.58727,4.737,london,2021
USDJPY,-1,2021-06-07 00:00:00,2021-06-07 10:00:00,109.579,109.424,109.73017,109.27665,0.7531,15.5,106.22,106.0,10,time_exit,43.43237,0.10078,-3.2904,2.44297,tokyo,2021
USDJPY,-1,2021-06-07 15:00:00,2021-06-08 01:00:00,109.303,109.257,109.47829,108.95243,0.6562,4.6,27.47,27.24,10,time_exit,52.80628,0.11686,-3.28373,0.80887,london,2021
USDJPY,-1,2021-06-08 23:00:00,2021-06-09 09:00:00,109.476,109.404,109.60731,109.21337,0.8782,7.2,57.54,57.31,10,time_exit,20.17292,0.08754,-0.13751,-0.56114,,2021
USDJPY,1,2021-06-10 06:00:00,2021-06-10 16:00:00,109.569,109.638,109.44885,109.8093,0.965,6.9,60.59,60.36,10,time_exit,12.12866,0.0801,0.6114,-0.1413,tokyo,2021
USDJPY,-1,2021-06-10 21:00:00,2021-06-11 07:00:00,109.433,109.403,109.59274,109.11353,0.73,3.0,19.93,19.7,10,time_exit,14.45679,0.10649,-0.865,-0.06762,new_york,2021
USDJPY,-1,2021-06-11 17:00:00,2021-06-14 03:00:00,109.719,109.818,109.86207,109.43287,0.8166,-9.9,-73.57,-73.79,10,time_exit,11.51947,0.09538,2.37712,-0.25663,new_york,2021
USDJPY,-1,2021-06-15 10:00:00,2021-06-15 20:00:00,110.088,110.09,110.18269,109.89862,1.2252,-0.2,-2.23,-2.46,10,time_exit,38.34248,0.06313,3.7659,3.32532,london,2021
USDJPY,-1,2021-06-17 15:00:00,2021-06-17 16:00:00,110.713,110.39392,110.87254,110.39392,0.727,31.9,211.09,210.86,1,take_profit,37.9096,0.10636,3.63132,3.96778,london,2021
USDJPY,1,2021-06-18 09:00:00,2021-06-18 16:00:00,110.045,110.38047,109.87726,110.38047,0.7053,33.5,215.31,215.09,7,take_profit,26.9631,0.11182,-2.16509,2.89643,london,2021
USDJPY,-1,2021-06-29 02:00:00,2021-06-29 11:00:00,110.597,110.72408,110.72408,110.34285,0.9496,-12.7,-109.81,-110.04,9,stop_loss,16.05522,0.08472,-1.32897,2.06749,tokyo,2021
USDJPY,-1,2021-07-01 17:00:00,2021-07-01 18:00:00,111.393,111.54339,111.54339,111.09222,0.7943,-15.0,-108.7,-108.93,1,stop_loss,49.10662,0.10026,4.18616,2.96767,new_york,2021
USDJPY,1,2021-07-01 20:00:00,2021-07-02 06:00:00,111.571,111.576,111.41294,111.88712,0.7482,0.5,3.4,3.18,10,time_exit,51.67396,0.10537,5.0295,3.20105,new_york,2021
USDJPY,1,2021-07-05 19:00:00,2021-07-06 05:00:00,110.909,110.852,110.77956,111.16788,0.9139,-5.7,-47.4,-47.63,10,time_exit,26.80915,0.08629,-2.36731,2.50173,new_york,2021
USDJPY,-1,2021-07-06 17:00:00,2021-07-07 03:00:00,110.734,110.44658,110.87771,110.44658,0.8195,28.7,214.34,214.11,10,take_profit,29.62349,0.09581,-2.18384,0.59547,new_york,2021
USDJPY,1,2021-07-07 06:00:00,2021-07-07 16:00:00,110.547,110.698,110.39966,110.84168,0.8153,15.1,112.03,111.8,10,time_exit,37.7569,0.09823,-2.53804,-0.54286,tokyo,2021
USDJPY,1,2021-07-07 18:00:00,2021-07-08 04:00:00,110.662,110.4764,110.4764,111.0332,0.6539,-18.6,-110.44,-110.67,10,stop_loss,22.05708,0.12373,-0.69001,-0.66359,new_york,2021
USDJPY,-1,2021-07-09 13:00:00,2021-07-09 17:00:00,110.021,110.20274,110.20274,109.65752,0.6611,-18.2,-109.34,-109.56,4,stop_loss,24.51538,0.12116,-0.96583,-3.536,london,2021
USDJPY,-1,2021-07-13 19:00:00,2021-07-13 20:00:00,110.365,110.53287,110.53287,110.02927,0.7085,-16.8,-108.23,-108.46,1,stop_loss,18.42176,0.11191,0.76941,-1.42095,new_york,2021
USDJPY,-1,2021-07-15 17:00:00,2021-07-15 18:00:00,109.9,110.06359,110.06359,109.57281,0.7197,-16.4,-107.14,-107.37,1,stop_loss,35.93643,0.10906,-1.87941,-2.15804,new_york,2021
USDJPY,-1,2021-07-16 02:00:00,2021-07-16 04:00:00,109.82,109.96165,109.96165,109.53669,0.8229,-14.2,-106.08,-106.3,2,stop_loss,32.28254,0.09444,-2.32609,-2.77097,tokyo,2021
USDJPY,1,2021-07-16 14:00:00,2021-07-16 20:00:00,110.228,110.06821,110.06821,110.54758,0.7222,-16.0,-105.01,-105.24,6,stop_loss,24.15705,0.10653,1.8114,-2.19805,london,2021
USDJPY,-1,2021-07-20 08:00:00,2021-07-20 10:00:00,109.46,109.64611,109.64611,109.08777,0.6138,-18.6,-103.95,-104.18,2,stop_loss,35.84441,0.12408,-2.13261,-2.93178,tokyo,2021
USDJPY,-1,2021-07-21 11:00:00,2021-07-21 16:00:00,110.091,110.25947,110.25947,109.75405,0.6713,-16.8,-102.92,-103.15,5,stop_loss,20.37639,0.11232,2.67004,-2.01127,london,2021
USDJPY,-1,2021-07-22 16:00:00,2021-07-22 17:00:00,110.07,110.22604,110.22604,109.75793,0.7175,-15.6,-101.88,-102.11,1,stop_loss,20.28354,0.10402,-0.0749,0.12248,new_york,2021
USDJPY,-1,2021-07-23 12:00:00,2021-07-23 22:00:00,110.485,110.546,110.61609,110.22281,0.8455,-6.1,-46.93,-47.16,10,time_exit,18.72946,0.0874,3.74753,0.75832,london,2021
USDJPY,-1,2021-07-26 09:00:00,2021-07-26 19:00:00,110.318,110.321,110.43907,110.07586,0.9112,-0.3,-2.49,-2.72,10,time_exit,25.33422,0.08071,-0.15252,2.07954,london,2021
USDJPY,-1,2021-07-27 06:00:00,2021-07-27 15:00:00,110.215,109.97061,110.3372,109.97061,0.9026,24.4,200.74,200.51,9,take_profit,22.84029,0.08146,-1.24452,1.5584,tokyo,2021
USDJPY,1,2021-07-28 13:00:00,2021-07-28 21:00:00,109.977,110.26916,109.83092,110.26916,0.7701,29.2,204.75,204.52,8,take_profit,24.49995,0.09739,-0.2938,-1.09842,london,2021
USDJPY,1,2021-07-30 08:00:00,2021-07-30 18:00:00,109.527,109.721,109.38134,109.81833,0.7877,19.4,139.06,138.83,10,time_exit,25.94847,0.09711,-2.08334,-2.61869,tokyo,2021
USDJPY,-1,2021-07-30 22:00:00,2021-08-02 08:00:00,109.753,109.677,109.89684,109.46531,0.8083,7.6,55.9,55.67,10,time_exit,25.0827,0.0959,0.49087,-2.44566,,2021
USDJPY,-1,2021-08-02 10:00:00,2021-08-02 17:00:00,109.656,109.39465,109.78668,109.39465,0.8944,26.1,212.71,212.49,7,take_profit,13.34667,0.08712,-0.46214,-2.46625,london,2021
USDJPY,1,2021-08-03 07:00:00,2021-08-03 09:00:00,109.25,109.12791,109.12791,109.49418,0.9764,-12.2,-108.48,-108.71,2,stop_loss,26.58922,0.08139,-3.0065,-3.83642,tokyo,2021
USDJPY,1,2021-08-04 03:00:00,2021-08-04 11:00:00,108.992,109.23475,108.87062,109.23475,0.9723,24.3,214.79,214.56,8,take_profit,31.15252,0.08092,-3.38039,-5.07948,tokyo,2021
USDJPY,1,2021-08-04 15:00:00,2021-08-04 16:00:00,109.039,108.91352,108.91352,109.28996,0.9593,-12.5,-109.54,-109.77,1,stop_loss,22.29073,0.08365,-1.8871,-4.93051,london,2021
USDJPY,-1,2021-08-05 15:00:00,2021-08-05 16:00:00,109.428,109.58483,109.58483,109.11433,0.7599,-15.7,-108.45,-108.68,1,stop_loss,30.39055,0.10456,0.27735,-1.79478,london,2021
USDJPY,-1,2021-08-09 10:00:00,2021-08-09 17:00:00,110.18,110.29349,110.29349,109.95301,1.0395,-11.3,-107.36,-107.59,7,stop_loss,23.55612,0.07566,3.00952,2.91109,london,2021
USDJPY,-1,2021-08-09 21:00:00,2021-08-10 07:00:00,110.272,110.326,110.40556,110.00487,0.8745,-5.4,-42.97,-43.2,10,time_exit,17.27705,0.08904,2.61233,2.91262,new_york,2021
USDJPY,-1,2021-08-10 14:00:00,2021-08-10 16:00:00,110.46,110.57064,110.57064,110.23872,1.0514,-11.1,-105.86,-106.08,2,stop_loss,20.47887,0.07376,3.44766,4.52468,london,2021
USDJPY,1,2021-08-10 16:00:00,2021-08-11 02:00:00,110.492,110.6,110.37868,110.71864,1.0162,10.8,99.87,99.64,10,time_exit,22.46487,0.07555,3.48751,4.5446,new_york,2021
USDJPY,1,2021-08-11 13:00:00,2021-08-11 14:00:00,110.783,110.69238,110.69238,110.96424,1.2828,-9.1,-105.79,-106.02,1,stop_loss,30.06277,0.06041,5.1848,7.30966,london,2021
USDJPY,-1,2021-08-11 17:00:00,2021-08-12 03:00:00,110.519,110.348,110.65052,110.25596,0.8751,17.1,136.17,135.95,10,time_exit,30.1735,0.08768,0.34391,5.00607,new_york,2021
USDJPY,-1,2021-08-12 10:00:00,2021-08-12 20:00:00,110.437,110.395,110.5485,110.21399,1.0455,4.2,39.96,39.73,10,time_exit,32.23183,0.07434,-0.16874,4.60554,london,2021
USDJPY,1,2021-08-12 20:00:00,2021-08-13 06:00:00,110.403,110.41,110.28605,110.63691,1.0005,0.7,6.37,6.15,10,time_exit,21.10737,0.07797,-0.43005,3.86341,new_york,2021
USDJPY,-1,2021-08-16 07:00:00,2021-08-16 17:00:00,109.38,109.138,109.52405,109.0919,0.8128,24.2,178.99,178.77,10,time_exit,52.54725,0.09603,-6.80446,-0.68314,tokyo,2021
USDJPY,1,2021-08-17 03:00:00,2021-08-17 10:00:00,109.3,109.15877,109.15877,109.58246,0.8429,-14.1,-108.33,-108.56,7,stop_loss,52.75916,0.09415,-3.41602,-3.52735,tokyo,2021
USDJPY,-1,2021-08-18 03:00:00,2021-08-18 13:00:00,109.54,109.68304,109.68304,109.25391,0.8239,-14.3,-107.25,-107.48,10,stop_loss,22.04379,0.09536,0.20592,-3.37256,tokyo,2021
USDJPY,1,2021-08-19 01:00:00,2021-08-19 04:00:00,109.778,110.07442,109.62979,110.07442,0.7872,29.6,212.34,212.11,3,take_profit,23.8902,0.09881,1.06698,-1.62271,tokyo,2021
USDJPY,1,2021-08-19 04:00:00,2021-08-19 10:00:00,109.983,109.83652,109.83652,110.27596,0.8124,-14.6,-108.29,-108.52,6,stop_loss,24.08612,0.09765,3.04035,-1.4073,tokyo,2021
USDJPY,-1,2021-08-19 23:00:00,2021-08-20 09:00:00,109.786,109.663,109.96143,109.43515,0.6716,12.3,75.17,74.94,10,time_exit,19.58073,0.11695,0.26204,-0.60616,,2021
USDJPY,1,2021-08-20 10:00:00,2021-08-20 20:00:00,109.659,109.829,109.50215,109.9727,0.7564,17.0,117.02,116.79,10,time_exit,17.3312,0.10457,-0.8158,-0.65085,london,2021
USDJPY,-1,2021-08-23 13:00:00,2021-08-23 16:00:00,110.047,109.76792,110.18654,109.76792,0.8594,27.9,218.26,218.03,3,take_profit,18.3362,0.09303,2.56867,-0.09469,london,2021
USDJPY,1,2021-08-24 20:00:00,2021-08-25 06:00:00,109.705,109.776,109.54251,110.02999,0.7527,7.1,48.63,48.4,10,time_exit,24.01114,0.10833,-0.49903,-0.38306,new_york,2021
USDJPY,-1,2021-08-26 07:00:00,2021-08-26 09:00:00,109.936,110.06291,110.06291,109.68218,0.968,-12.7,-111.79,-112.02,2,stop_loss,26.80239,0.08461,0.68132,0.6232,tokyo,2021
USDJPY,-1,2021-08-26 10:00:00,2021-08-26 20:00:00,110.146,110.069,110.27744,109.88311,0.9252,7.7,64.83,64.6,10,time_exit,27.25631,0.08763,2.81463,0.74461,london,2021
USDJPY,-1,2021-08-27 00:00:00,2021-08-27 10:00:00,110.086,110.106,110.2333,109.79141,0.8305,-2.0,-15.12,-15.34,10,time_exit,19.39179,0.0982,1.00296,1.18894,tokyo,2021
USDJPY,1,2021-08-30 01:00:00,2021-08-30 04:00:00,109.847,109.70493,109.70493,110.13114,0.8598,-14.2,-111.16,-111.39,3,stop_loss,21.66546,0.09471,-1.3583,0.87029,tokyo,2021
USDJPY,1,2021-09-01 09:00:00,2021-09-01 15:00:00,110.22,110.09966,110.09966,110.46067,1.005,-12.0,-110.05,-110.28,6,stop_loss,18.90055,0.08022,2.99946,0.87284,london,2021
USDJPY,1,2021-09-01 16:00:00,2021-09-02 02:00:00,110.028,110.094,109.86506,110.35388,0.7348,6.6,44.13,43.9,10,time_exit,21.77199,0.10863,-0.21938,1.08144,new_york,2021
USDJPY,-1,2021-09-02 20:00:00,2021-09-03 06:00:00,110.007,110.013,110.1277,109.7656,0.9959,-0.6,-5.44,-5.67,10,time_exit,14.08837,0.08047,-0.14053,0.83697,new_york,2021
USDJPY,-1,2021-09-03 06:00:00,2021-09-03 15:00:00,110.059,109.8265,110.17525,109.8265,1.0335,23.2,218.66,218.43,9,take_profit,16.9342,0.0775,0.74741,0.582,tokyo,2021
USDJPY,1,2021-09-07 09:00:00,2021-09-07 14:00:00,109.827,110.00782,109.73659,110.00782,1.3554,18.1,223.02,222.8,5,take_profit,22.41902,0.06027,-0.2817,-0.95457,london,2021
USDJPY,1,2021-09-07 17:00:00,2021-09-08 03:00:00,110.12,110.257,110.00997,110.34006,1.1359,13.7,141.61,141.39,10,time_exit,25.93285,0.07335,3.21938,-0.31817,new_york,2021
USDJPY,-1,2021-09-08 03:00:00,2021-09-08 08:00:00,110.298,110.39768,110.39768,110.09865,1.2695,-10.0,-115.15,-115.38,5,stop_loss,43.37709,0.06645,4.37929,1.00473,tokyo,2021
USDJPY,1,2021-09-08 21:00:00,2021-09-09 05:00:00,110.237,110.10317,110.10317,110.50466,0.9361,-13.4,-114.0,-114.23,8,stop_loss,24.18927,0.08922,0.97989,1.70097,new_york,2021
USDJPY,1,2021-09-09 21:00:00,2021-09-10 07:00:00,109.635,109.879,109.50648,109.89203,0.965,24.4,214.27,214.04,10,time_exit,44.15901,0.08568,-4.77578,0.49885,new_york,2021
USDJPY,-1,2021-09-10 21:00:00,2021-09-13 07:00:00,109.934,109.974,110.04993,109.70215,1.0901,-4.0,-39.68,-39.91,10,time_exit,24.51286,0.07728,0.02231,-0.47439,new_york,2021
USDJPY,-1,2021-09-14 00:00:00,2021-09-14 01:00:00,109.928,110.02134,110.02134,109.74131,1.3491,-9.3,-114.6,-114.82,1,stop_loss,14.75763,0.06223,0.43429,0.03156,tokyo,2021
USDJPY,-1,2021-09-15 18:00:00,2021-09-16 04:00:00,109.292,109.265,109.46882,108.93837,0.7051,2.7,17.32,17.1,10,time_exit,46.7012,0.11788,-3.2906,-1.70028,new_york,2021
USDJPY,1,2021-09-16 04:00:00,2021-09-16 05:00:00,109.387,109.25442,109.25442,109.65216,0.9418,-13.3,-113.63,-113.86,1,stop_loss,34.77112,0.08839,-2.20793,-2.84731,tokyo,2021
USDJPY,-1,2021-09-16 21:00:00,2021-09-17 04:00:00,109.708,109.85809,109.85809,109.40783,0.8236,-15.0,-112.49,-112.71,7,stop_loss,29.21286,0.10006,1.71752,-2.39782,new_york,2021
USDJPY,1,2021-09-17 17:00:00,2021-09-17 18:00:00,110.009,109.88499,109.88499,110.25702,0.9868,-12.4,-111.36,-111.59,1,stop_loss,44.58961,0.08267,3.42356,-0.77968,new_york,2021
USDJPY,1,2021-09-21 19:00:00,2021-09-22 02:00:00,109.333,109.16049,109.16049,109.67802,0.7023,-17.3,-110.25,-110.48,7,stop_loss,29.41543,0.11501,-2.0263,-1.35959,new_york,2021
USDJPY,1,2021-09-22 04:00:00,2021-09-22 08:00:00,109.247,109.53942,109.10079,109.53942,0.8203,29.2,218.28,218.06,4,take_profit,35.46147,0.09747,-2.20182,-2.23315,tokyo,2021
USDJPY,-1,2021-09-27 01:00:00,2021-09-27 11:00:00,110.692,110.82586,110.82586,110.42427,0.9138,-13.4,-111.32,-111.54,10,stop_loss,47.14297,0.08924,4.09851,4.40207,tokyo,2021
USDJPY,1,2021-09-27 11:00:00,2021-09-27 14:00:00,110.778,111.06001,110.637,111.06001,0.8588,28.2,220.39,220.17,3,take_profit,30.93257,0.094,3.73035,4.71877,london,2021
USDJPY,-1,2021-09-28 20:00:00,2021-09-29 03:00:00,111.417,111.63025,111.63025,110.99049,0.5792,-21.3,-112.4,-112.63,7,stop_loss,38.12068,0.14217,2.92643,4.85112,new_york,2021
USDJPY,-1,2021-09-29 15:00:00,2021-09-29 16:00:00,111.402,111.60601,111.60601,110.99398,0.5994,-20.4,-111.28,-111.5,1,stop_loss,23.12646,0.13601,1.19034,5.34518,london,2021
USDJPY,-1,2021-09-29 23:00:00,2021-09-30 09:00:00,111.958,111.972,112.15968,111.55463,0.6002,-1.4,-7.65,-7.87,10,time_exit,33.65181,0.13446,4.05794,5.91254,,2021
USDJPY,-1,2021-10-01 00:00:00,2021-10-01 02:00:00,111.252,111.45097,111.45097,110.85406,0.608,-19.9,-110.09,-110.31,2,stop_loss,31.90768,0.13265,-2.49539,5.54808,tokyo,2021
USDJPY,1,2021-10-04 01:00:00,2021-10-04 11:00:00,110.918,111.205,110.71912,111.31575,0.6022,28.7,157.28,157.05,10,time_exit,27.29113,0.13258,-2.80492,2.72998,tokyo,2021
USDJPY,-1,2021-10-05 06:00:00,2021-10-05 14:00:00,111.108,111.28281,111.28281,110.75839,0.695,-17.5,-110.56,-110.78,8,stop_loss,16.57113,0.11654,0.05845,1.27746,tokyo,2021
USDJPY,1,2021-10-06 19:00:00,2021-10-07 05:00:00,111.341,111.486,111.15571,111.71157,0.6491,14.5,85.65,85.42,10,time_exit,27.9586,0.12352,-0.24265,2.19836,new_york,2021
USDJPY,-1,2021-10-07 15:00:00,2021-10-07 16:00:00,111.351,111.51217,111.51217,111.02865,0.752,-16.1,-110.29,-110.52,1,stop_loss,17.45974,0.10745,-0.37967,2.2084,london,2021
USDJPY,-1,2021-10-08 07:00:00,2021-10-08 10:00:00,111.838,111.97407,111.97407,111.56585,0.8818,-13.6,-109.19,-109.42,3,stop_loss,21.31953,0.09072,3.5408,3.19426,tokyo,2021
USDJPY,-1,2021-10-08 10:00:00,2021-10-08 15:00:00,111.901,111.64067,112.03117,111.64067,0.9126,26.0,216.2,215.97,5,take_profit,26.35088,0.08678,3.90981,3.62286,london,2021
USDJPY,1,2021-10-11 13:00:00,2021-10-11 18:00:00,112.964,113.34958,112.77121,113.34958,0.6285,38.6,220.53,220.3,5,take_profit,33.10153,0.12853,6.69901,4.71816,london,2021
USDJPY,-1,2021-10-13 20:00:00,2021-10-14 06:00:00,113.45,113.547,113.66861,113.01278,0.5653,-9.7,-49.9,-50.13,10,time_exit,13.91689,0.14574,0.87717,6.89407,new_york,2021
USDJPY,-1,2021-10-14 09:00:00,2021-10-14 17:00:00,113.534,113.70159,113.70159,113.19882,0.7341,-16.8,-111.95,-112.18,8,stop_loss,15.99273,0.11173,1.59166,8.11484,london,2021
USDJPY,-1,2021-10-14 23:00:00,2021-10-15 02:00:00,113.647,113.83401,113.83401,113.27298,0.6513,-18.7,-110.84,-111.06,3,stop_loss,15.5614,0.12467,1.67682,6.79153,,2021
USDJPY,1,2021-10-15 12:00:00,2021-10-15 17:00:00,114.3,114.10479,114.10479,114.69041,0.6177,-19.5,-109.73,-109.95,5,stop_loss,35.43467,0.13014,5.00878,6.8662,london,2021
USDJPY,-1,2021-10-18 09:00:00,2021-10-18 19:00:00,114.325,114.222,114.54585,113.88329,0.5405,10.3,50.66,50.43,10,time_exit,21.47948,0.14724,2.13651,6.55616,london,2021
USDJPY,-1,2021-10-18 21:00:00,2021-10-19 07:00:00,114.213,114.187,114.41504,113.80893,0.5936,2.6,14.04,13.82,10,time_exit,16.4144,0.13469,0.73461,6.89317,new_york,2021
USDJPY,-1,2021-10-20 01:00:00,2021-10-20 02:00:00,114.369,114.52355,114.52355,114.0599,0.7769,-15.5,-109.26,-109.49,1,stop_loss,16.3156,0.10303,1.73851,7.29924,tokyo,2021
USDJPY,1,2021-10-20 11:00:00,2021-10-20 15:00:00,114.347,114.17653,114.17653,114.68793,0.6973,-17.0,-108.17,-108.4,4,stop_loss,20.72386,0.11364,0.50803,6.602,london,2021
USDJPY,-1,2021-10-21 20:00:00,2021-10-21 21:00:00,113.679,113.93327,113.93327,113.17047,0.4628,-25.4,-107.08,-107.31,1,stop_loss,38.30187,0.16951,-2.79247,2.60524,new_york,2021
USDJPY,1,2021-10-26 07:00:00,2021-10-26 17:00:00,113.912,114.23366,113.75117,114.23366,0.7244,32.2,212.04,211.81,10,take_profit,24.96525,0.10722,1.24016,0.45272,tokyo,2021
USDJPY,-1,2021-10-26 17:00:00,2021-10-27 03:00:00,114.156,114.167,114.33136,113.80527,0.6776,-1.1,-6.78,-7.01,10,time_exit,31.32812,0.11691,2.53279,0.86561,new_york,2021
USDJPY,-1,2021-10-27 07:00:00,2021-10-27 10:00:00,113.99,113.68201,114.144,113.68201,0.7711,30.8,216.12,215.89,3,take_profit,29.26097,0.10266,0.14567,1.64207,tokyo,2021
USDJPY,1,2021-10-29 02:00:00,2021-10-29 12:00:00,113.564,113.71,113.3872,113.91759,0.6851,14.6,91.02,90.79,10,time_exit,20.24519,0.11786,-1.00115,-0.61863,tokyo,2021
USDJPY,-1,2021-10-29 12:00:00,2021-10-29 15:00:00,113.71,113.89513,113.89513,113.33973,0.6596,-18.5,-111.12,-111.35,3,stop_loss,12.60894,0.12342,0.36665,-0.6436,london,2021
USDJPY,1,2021-11-01 02:00:00,2021-11-01 12:00:00,114.147,114.246,113.96009,114.52082,0.6468,9.9,58.27,58.04,10,time_exit,13.13304,0.12461,2.83367,0.20638,tokyo,2021
USDJPY,-1,2021-11-02 10:00:00,2021-11-02 15:00:00,113.667,113.86123,113.86123,113.27854,0.6257,-19.4,-110.59,-110.82,5,stop_loss,23.42521,0.12949,-2.3713,0.90126,london,2021
USDJPY,1,2021-11-03 15:00:00,2021-11-03 17:00:00,113.774,114.05199,113.635,114.05199,0.8656,27.8,218.97,218.75,2,take_profit,15.51375,0.09266,-1.14884,0.35272,london,2021
USDJPY,1,2021-11-03 18:00:00,2021-11-03 21:00:00,114.074,113.91423,113.91423,114.39354,0.7681,-16.0,-111.67,-111.9,3,stop_loss,15.56323,0.10651,1.72412,0.36702,new_york,2021
USDJPY,1,2021-11-04 09:00:00,2021-11-04 11:00:00,114.16,113.99568,113.99568,114.48864,0.7394,-16.4,-110.56,-110.79,2,stop_loss,14.2794,0.10955,1.64581,0.87647,london,2021
USDJPY,1,2021-11-04 11:00:00,2021-11-04 12:00:00,114.212,114.05584,114.05584,114.52431,0.7702,-15.6,-109.45,-109.67,1,stop_loss,14.41642,0.1041,2.05652,1.03383,london,2021
USDJPY,-1,2021-11-05 06:00:00,2021-11-05 14:00:00,113.706,113.89808,113.89808,113.32184,0.6199,-19.2,-108.35,-108.58,8,stop_loss,28.76201,0.12805,-1.31283,0.02762,tokyo,2021
USDJPY,1,2021-11-09 04:00:00,2021-11-09 05:00:00,113.131,112.9759,112.9759,113.4412,0.76,-15.5,-107.27,-107.49,1,stop_loss,25.01051,0.1034,-3.21567,-2.44126,tokyo,2021
USDJPY,1,2021-11-09 09:00:00,2021-11-09 19:00:00,112.9,112.837,112.72874,113.24251,0.6814,-6.3,-39.06,-39.29,10,time_exit,33.92229,0.11417,-3.96958,-2.80965,london,2021
USDJPY,1,2021-11-10 00:00:00,2021-11-10 10:00:00,112.841,113.144,112.65564,113.21171,0.6273,30.3,172.97,172.74,10,time_exit,26.25182,0.12357,-2.10283,-3.43576,tokyo,2021
USDJPY,-1,2021-11-11 04:00:00,2021-11-11 14:00:00,114.064,113.951,114.25573,113.68053,0.6163,11.3,63.37,63.15,10,time_exit,44.73733,0.12782,5.1588,-0.99216,tokyo,2021
USDJPY,1,2021-11-12 07:00:00,2021-11-12 09:00:00,114.26,114.12667,114.12667,114.52665,0.8915,-13.3,-108.16,-108.39,2,stop_loss,35.83481,0.08888,4.5559,2.21524,tokyo,2021
USDJPY,1,2021-11-12 10:00:00,2021-11-12 17:00:00,114.047,113.89775,113.89775,114.3455,0.7884,-14.9,-107.08,-107.31,7,stop_loss,32.73277,0.0995,1.58757,2.17219,london,2021
USDJPY,1,2021-11-15 13:00:00,2021-11-15 22:00:00,113.88,114.1962,113.7219,114.1962,0.7368,31.6,212.01,211.78,9,take_profit,24.45085,0.1054,-0.2663,1.65926,london,2021
USDJPY,1,2021-11-16 19:00:00,2021-11-17 05:00:00,114.623,114.889,114.44278,114.98344,0.6593,26.6,159.59,159.36,10,time_exit,42.90107,0.12015,4.05161,2.3759,new_york,2021
USDJPY,-1,2021-11-17 23:00:00,2021-11-18 09:00:00,114.108,114.019,114.33137,113.66127,0.5398,8.9,43.72,43.49,10,time_exit,44.19709,0.14891,-2.29757,2.70306,,2021
USDJPY,1,2021-11-19 03:00:00,2021-11-19 11:00:00,114.332,114.16358,114.16358,114.66884,0.7187,-16.8,-110.15,-110.38,8,stop_loss,22.62572,0.11228,0.3339,1.85755,tokyo,2021
USDJPY,-1,2021-11-22 09:00:00,2021-11-22 16:00:00,114.187,114.37684,114.37684,113.80732,0.6312,-19.0,-109.04,-109.27,7,stop_loss,15.50637,0.12656,0.36237,0.4528,london,2021
USDJPY,1,2021-11-23 21:00:00,2021-11-24 07:00:00,115.069,114.928,114.82396,115.55908,0.4841,-14.1,-62.11,-62.34,10,time_exit,24.01649,0.16336,2.38808,2.34247,new_york,2021
USDJPY,-1,2021-11-25 08:00:00,2021-11-25 18:00:00,115.387,115.351,115.54209,115.07682,0.7605,3.6,24.91,24.69,10,time_exit,29.06476,0.10339,2.53225,5.33439,tokyo,2021
USDJPY,-1,2021-11-26 11:00:00,2021-11-26 16:00:00,114.359,113.74556,114.66572,113.74556,0.3854,61.3,215.14,214.92,5,take_profit,45.98192,0.20448,-3.3479,1.72036,london,2021
USDJPY,1,2021-11-30 00:00:00,2021-11-30 07:00:00,113.524,113.19837,113.19837,114.17525,0.3703,-32.6,-109.73,-109.95,7,stop_loss,21.57822,0.21708,-1.73831,-1.98276,tokyo,2021
USDJPY,1,2021-12-01 10:00:00,2021-12-01 16:00:00,113.426,113.10471,113.10471,114.06858,0.3715,-32.1,-108.62,-108.84,6,stop_loss,16.16614,0.21419,-0.07605,-2.76514,london,2021
USDJPY,-1,2021-12-03 23:00:00,2021-12-06 01:00:00,112.772,113.07294,113.07294,112.17013,0.3927,-30.1,-107.54,-107.77,2,stop_loss,21.91139,0.20062,-1.81956,-2.5014,,2021
USDJPY,-1,2021-12-06 01:00:00,2021-12-06 09:00:00,112.879,113.16379,113.16379,112.30942,0.4108,-28.5,-106.46,-106.69,8,stop_loss,22.40473,0.18986,-1.22398,-2.67945,tokyo,2021
USDJPY,-1,2021-12-07 01:00:00,2021-12-07 07:00:00,113.491,113.68718,113.68718,113.09863,0.5903,-19.6,-105.39,-105.61,6,stop_loss,24.82861,0.13079,2.12203,-2.49553,tokyo,2021
USDJPY,1,2021-12-08 13:00:00,2021-12-08 14:00:00,113.393,113.79183,113.19359,113.79183,0.575,39.9,208.69,208.46,1,take_profit,18.45417,0.13294,-0.58582,-0.57619,london,2021
USDJPY,1,2021-12-09 19:00:00,2021-12-10 05:00:00,113.537,113.529,113.33225,113.9465,0.5712,-0.8,-4.16,-4.39,10,time_exit,21.33474,0.1365,-0.1865,-0.05122,new_york,2021
USDJPY,-1,2021-12-13 01:00:00,2021-12-13 10:00:00,113.425,113.59788,113.59788,113.07924,0.6762,-17.3,-106.38,-106.61,9,stop_loss,21.69659,0.11525,-0.73929,-0.34497,tokyo,2021
USDJPY,1,2021-12-13 12:00:00,2021-12-13 14:00:00,113.708,113.5642,113.5642,113.99561,0.8048,-14.4,-105.32,-105.54,2,stop_loss,16.81722,0.09587,1.85271,-0.22561,london,2021
USDJPY,1,2021-12-14 03:00:00,2021-12-14 05:00:00,113.632,113.48468,113.48468,113.92664,0.7777,-14.7,-104.26,-104.49,2,stop_loss,12.8217,0.09821,0.87791,-0.07541,tokyo,2021
USDJPY,1,2021-12-15 11:00:00,2021-12-15 20:00:00,113.698,113.94808,113.57296,113.94808,0.907,25.0,206.41,206.19,9,take_profit,13.24305,0.08336,0.54101,0.76021,london,2021
USDJPY,-1,2021-12-17 11:00:00,2021-12-17 15:00:00,113.562,113.16597,113.76001,113.16597,0.5842,39.6,210.54,210.31,4,take_profit,28.11793,0.13201,-1.62956,0.65909,london,2021
USDJPY,1,2021-12-17 19:00:00,2021-12-20 05:00:00,113.565,113.512,113.33336,114.02828,0.5094,-5.3,-24.57,-24.8,10,time_exit,29.22351,0.15443,-0.82161,0.12345,new_york,2021
USDJPY,-1,2021-12-20 22:00:00,2021-12-21 08:00:00,113.713,113.742,113.91336,113.31227,0.5876,-2.9,-15.51,-15.73,10,time_exit,14.94084,0.13358,0.82152,-0.3339,,2021
USDJPY,-1,2021-12-22 12:00:00,2021-12-22 22:00:00,114.292,114.081,114.42913,114.01773,0.8572,21.1,164.59,164.36,10,time_exit,25.37194,0.09142,4.16376,1.90986,london,2021
USDJPY,-1,2021-12-23 09:00:00,2021-12-23 14:00:00,114.228,114.34311,114.34311,113.99779,1.0369,-11.5,-108.61,-108.84,5,stop_loss,14.00018,0.07674,2.19716,3.12677,london,2021
USDJPY,-1,2021-12-23 22:00:00,2021-12-24 08:00:00,114.446,114.387,114.56677,114.20445,0.9784,5.9,52.53,52.3,10,time_exit,25.08686,0.08052,3.2563,3.69855,,2021
USDJPY,1,2021-12-27 20:00:00,2021-12-28 02:00:00,114.898,114.78343,114.78343,115.12714,1.0363,-11.5,-108.04,-108.27,6,stop_loss,39.12202,0.07638,5.45853,5.00033,new_york,2021
USDJPY,1,2021-12-30 08:00:00,2021-12-30 18:00:00,115.115,115.18,114.99963,115.34574,1.0188,6.5,60.26,60.03,10,time_exit,15.14893,0.07691,2.91919,5.64718,tokyo,2021
USDJPY,-1,2021-12-31 06:00:00,2021-12-31 16:00:00,115.089,115.087,115.18859,114.88981,1.1869,0.2,2.16,1.93,10,time_exit,15.46448,0.0664,1.10622,6.47141,tokyo,2021
USDJPY,1,2022-01-03 04:00:00,2022-01-03 12:00:00,115.214,115.08728,115.08728,115.46743,0.933,-12.7,-107.59,-107.81,8,stop_loss,15.11748,0.08448,1.6724,4.71418,tokyo,2022
USDJPY,-1,2022-01-03 17:00:00,2022-01-04 03:00:00,115.306,115.45529,115.45529,115.00742,0.784,-14.9,-106.51,-106.74,10,stop_loss,19.7694,0.09953,1.77413,3.90496,new_york,2022
USDJPY,-1,2022-01-04 05:00:00,2022-01-04 06:00:00,115.598,115.75163,115.75163,115.29073,0.7542,-15.4,-105.44,-105.67,1,stop_loss,14.09634,0.10242,3.71683,3.98361,tokyo,2022
USDJPY,1,2022-01-05 06:00:00,2022-01-05 11:00:00,116.01,115.8229,115.8229,116.3842,0.6131,-18.7,-104.39,-104.61,5,stop_loss,25.04432,0.12473,2.08128,5.34935,tokyo,2022
USDJPY,-1,2022-01-05 11:00:00,2022-01-05 21:00:00,115.92,116.10678,116.10678,115.54643,0.608,-18.7,-103.34,-103.57,10,stop_loss,19.68101,0.12452,1.00888,5.36045,london,2022
USDJPY,1,2022-01-05 21:00:00,2022-01-06 07:00:00,116.023,115.865,115.81696,116.43507,0.5456,-15.8,-78.45,-78.67,10,time_exit,18.77194,0.13736,1.55127,4.48197,new_york,2022
USDJPY,-1,2022-01-07 03:00:00,2022-01-07 13:00:00,115.954,115.798,116.13746,115.58709,0.6081,15.6,86.33,86.1,10,time_exit,16.23129,0.1223,0.78339,3.94912,tokyo,2022
USDJPY,-1,2022-01-10 21:00:00,2022-01-11 07:00:00,115.224,115.272,115.42963,114.81274,0.5471,-4.8,-23.9,-24.12,10,time_exit,31.62831,0.13709,-2.80768,1.0903,new_york,2022
USDJPY,-1,2022-01-11 19:00:00,2022-01-12 05:00:00,115.396,115.374,115.5842,115.0196,0.5964,2.2,11.94,11.71,10,time_exit,20.75321,0.12547,-0.56926,0.23005,new_york,2022
USDJPY,1,2022-01-17 00:00:00,2022-01-17 10:00:00,114.119,114.399,113.8904,114.5762,0.4915,28.0,125.23,125.01,10,time_exit,31.11387,0.1524,-0.10446,-4.47173,tokyo,2022
USDJPY,-1,2022-01-17 16:00:00,2022-01-18 02:00:00,114.537,114.534,114.71432,114.18236,0.6414,0.3,1.75,1.52,10,time_exit,26.44194,0.11821,1.83367,-4.24207,new_york,2022
USDJPY,1,2022-01-18 03:00:00,2022-01-18 04:00:00,114.531,114.803,114.395,114.803,0.8364,27.2,207.03,206.8,1,take_profit,29.76051,0.09067,1.3136,-4.21662,tokyo,2022
USDJPY,-1,2022-01-18 12:00:00,2022-01-18 22:00:00,114.665,114.626,114.89086,114.21328,0.5137,3.9,18.23,18.0,10,time_exit,32.74315,0.15057,0.92213,-1.7962,london,2022
USDJPY,-1,2022-01-19 20:00:00,2022-01-20 06:00:00,114.312,114.423,114.51493,113.90615,0.5728,-11.1,-57.86,-58.09,10,time_exit,19.33028,0.13528,-1.3836,-1.62361,new_york,2022
USDJPY,1,2022-01-20 18:00:00,2022-01-21 02:00:00,113.99,113.78522,113.78522,114.39956,0.5644,-20.5,-105.18,-105.4,8,stop_loss,25.88306,0.13652,-2.7677,-1.9651,new_york,2022
USDJPY,-1,2022-01-21 10:00:00,2022-01-21 20:00:00,113.859,113.681,114.05293,113.47114,0.5901,17.8,95.58,95.36,10,time_exit,37.81987,0.12929,-2.31729,-2.87578,london,2022
USDJPY,1,2022-01-24 19:00:00,2022-01-25 05:00:00,113.828,113.776,113.60595,114.2721,0.5201,-5.2,-24.61,-24.84,10,time_exit,16.03521,0.14803,-0.34499,-2.96996,new_york,2022
USDJPY,1,2022-01-27 11:00:00,2022-01-27 14:00:00,114.924,115.32543,114.72329,115.32543,0.574,40.1,209.68,209.45,3,take_profit,48.5474,0.13381,4.61903,0.39438,london,2022
USDJPY,1,2022-01-28 05:00:00,2022-01-28 15:00:00,115.442,115.33,115.25131,115.82338,0.6162,-11.2,-62.8,-63.03,10,time_exit,51.78324,0.12713,4.73613,3.20238,tokyo,2022
USDJPY,-1,2022-02-01 09:00:00,2022-02-01 11:00:00,115.041,114.6784,115.2223,114.6784,0.6443,36.3,212.6,212.37,2,take_profit,28.14254,0.12087,-1.11195,3.29659,london,2022
USDJPY,-1,2022-02-01 23:00:00,2022-02-02 09:00:00,114.691,114.63,114.87796,114.31708,0.6373,6.1,35.38,35.15,10,time_exit,32.65268,0.12464,-2.3663,1.7058,,2022
USDJPY,1,2022-02-02 13:00:00,2022-02-02 14:00:00,114.407,114.24626,114.24626,114.72848,0.7436,-16.1,-108.77,-109.0,1,stop_loss,23.70302,0.10716,-4.03661,0.76261,london,2022
USDJPY,1,2022-02-02 20:00:00,2022-02-03 06:00:00,114.328,114.502,114.13843,114.70714,0.6242,17.4,98.84,98.61,10,time_exit,36.03828,0.12638,-3.07745,-0.10419,new_york,2022
USDJPY,1,2022-02-03 11:00:00,2022-02-03 21:00:00,114.677,114.935,114.52285,114.98531,0.7747,25.8,181.88,181.66,10,time_exit,30.39369,0.10277,0.65014,-0.81632,london,2022
USDJPY,-1,2022-02-04 06:00:00,2022-02-04 09:00:00,114.911,115.06543,115.06543,114.60213,0.7862,-15.4,-110.49,-110.72,3,stop_loss,33.7372,0.10296,1.43701,0.34705,tokyo,2022
USDJPY,1,2022-02-04 22:00:00,2022-02-07 08:00:00,115.259,115.346,115.05808,115.66085,0.5982,8.7,47.36,47.13,10,time_exit,31.52946,0.13395,2.43282,1.12359,,2022
USDJPY,-1,2022-02-07 08:00:00,2022-02-07 11:00:00,115.346,115.01846,115.50977,115.01846,0.7371,32.8,219.7,219.47,3,take_profit,33.89667,0.10918,2.76351,1.96818,tokyo,2022
USDJPY,-1,2022-02-08 04:00:00,2022-02-08 07:00:00,115.296,115.4546,115.4546,114.9788,0.7764,-15.9,-112.05,-112.28,3,stop_loss,17.45948,0.10573,2.00423,1.92985,tokyo,2022
USDJPY,1,2022-02-08 13:00:00,2022-02-08 17:00:00,115.248,115.56898,115.08751,115.56898,0.7595,32.1,221.84,221.62,4,take_profit,24.74433,0.10699,0.64906,2.3663,london,2022
USDJPY,-1,2022-02-09 16:00:00,2022-02-10 02:00:00,115.462,115.60682,115.60682,115.17235,0.8585,-14.5,-113.14,-113.37,10,stop_loss,14.489,0.09655,0.98223,3.2412,new_york,2022
USDJPY,1,2022-02-10 18:00:00,2022-02-11 04:00:00,115.954,116.051,115.73358,116.39483,0.5584,9.7,49.29,49.06,10,time_exit,30.20818,0.14694,2.52814,2.63783,new_york,2022
USDJPY,-1,2022-02-11 12:00:00,2022-02-11 20:00:00,116.055,115.67796,116.24352,115.67796,0.6558,37.7,225.01,224.78,8,take_profit,28.72269,0.12568,1.94102,3.83643,london,2022
USDJPY,1,2022-02-14 09:00:00,2022-02-14 10:00:00,115.35,115.09626,115.09626,115.85748,0.4969,-25.4,-114.74,-114.96,1,stop_loss,30.6841,0.16916,-1.90945,1.72738,london,2022
USDJPY,-1,2022-02-14 13:00:00,2022-02-14 14:00:00,115.145,115.41672,115.41672,114.60156,0.4594,-27.2,-113.59,-113.82,1,stop_loss,35.24371,0.18115,-2.49809,1.25107,london,2022
USDJPY,1,2022-02-16 04:00:00,2022-02-16 14:00:00,115.671,115.689,115.50826,115.99649,0.7594,1.8,12.44,12.21,10,time_exit,10.81566,0.1085,0.77165,1.41438,tokyo,2022
USDJPY,-1,2022-02-16 16:00:00,2022-02-17 02:00:00,115.483,115.458,115.64798,115.15304,0.7499,2.5,17.06,16.83,10,time_exit,12.89985,0.10999,-1.1974,1.40976,new_york,2022
USDJPY,-1,2022-02-17 05:00:00,2022-02-17 06:00:00,115.469,115.1469,115.63005,115.1469,0.7693,32.2,225.49,225.26,1,take_profit,21.35737,0.10737,-0.71117,0.82367,tokyo,2022
USDJPY,1,2022-02-18 12:00:00,2022-02-18 22:00:00,115.152,115.085,114.95623,115.54354,0.6455,-6.7,-39.36,-39.58,10,time_exit,22.80114,0.13051,-0.46774,-1.0948,london,2022
USDJPY,-1,2022-02-23 17:00:00,2022-02-24 02:00:00,115.148,114.83497,115.30452,114.83497,0.8046,31.3,229.2,228.97,9,take_profit,18.81893,0.10434,1.3691,-1.32972,new_york,2022
USDJPY,1,2022-02-24 16:00:00,2022-02-24 17:00:00,114.905,115.40781,114.65359,115.40781,0.5109,50.3,233.77,233.54,1,take_profit,24.01646,0.1676,0.06375,-1.12506,new_york,2022
USDJPY,-1,2022-02-24 23:00:00,2022-02-25 09:00:00,115.591,115.287,115.89133,114.99034,0.4363,30.4,120.7,120.47,10,time_exit,29.59042,0.20022,2.78438,-0.36981,,2022
USDJPY,1,2022-02-28 17:00:00,2022-02-28 19:00:00,115.279,115.06631,115.06631,115.70439,0.6222,-21.3,-120.43,-120.65,2,stop_loss,16.95925,0.1418,-0.9289,1.21179,new_york,2022
USDJPY,1,2022-02-28 23:00:00,2022-03-01 09:00:00,114.954,115.035,114.72641,115.40917,0.5757,8.1,42.43,42.21,10,time_exit,25.44447,0.15172,-2.43982,0.66914,,2022
USDJPY,1,2022-03-01 10:00:00,2022-03-01 11:00:00,115.034,114.85091,114.85091,115.40018,0.7181,-18.3,-119.64,-119.87,1,stop_loss,19.54995,0.12206,-1.74166,0.28377,london,2022
USDJPY,-1,2022-03-02 22:00:00,2022-03-03 08:00:00,115.576,115.698,115.76412,115.19976,0.6919,-12.2,-76.81,-77.04,10,time_exit,26.15217,0.12541,2.98733,0.17241,,2022
USDJPY,-1,2022-03-03 08:00:00,2022-03-03 18:00:00,115.656,115.661,115.8081,115.3518,0.8502,-0.5,-3.87,-4.1,10,time_exit,24.62551,0.1014,3.19994,1.09659,tokyo,2022
USDJPY,-1,2022-03-03 22:00:00,2022-03-04 08:00:00,115.422,115.49,115.57317,115.11967,0.8552,-6.8,-52.92,-53.15,10,time_exit,24.39287,0.10078,-0.37916,1.84678,,2022
USDJPY,-1,2022-03-04 14:00:00,2022-03-04 17:00:00,115.38,115.06643,115.53679,115.06643,0.8208,31.4,234.22,233.99,3,take_profit,22.39312,0.10452,-0.60543,1.38876,london,2022
USDJPY,1,2022-03-08 20:00:00,2022-03-09 06:00:00,115.601,115.822,115.40947,115.98407,0.6853,22.1,137.82,137.59,10,time_exit,26.39452,0.12769,1.6207,0.81489,new_york,2022
USDJPY,-1,2022-03-09 06:00:00,2022-03-09 16:00:00,115.837,115.757,116.00071,115.50958,0.811,8.0,59.04,58.81,10,time_exit,24.76985,0.10914,2.92868,1.66484,tokyo,2022
USDJPY,-1,2022-03-10 15:00:00,2022-03-10 16:00:00,115.919,116.08722,116.08722,115.58256,0.7931,-16.8,-121.41,-121.64,1,stop_loss,15.35333,0.11215,0.8945,2.87732,london,2022
USDJPY,-1,2022-03-11 01:00:00,2022-03-11 02:00:00,116.129,116.2898,116.2898,115.80739,0.8214,-16.1,-120.2,-120.42,1,stop_loss,11.83249,0.1072,2.02853,3.34107,tokyo,2022
USDJPY,-1,2022-03-11 06:00:00,2022-03-11 07:00:00,116.45,116.62978,116.62978,116.09044,0.7273,-18.0,-118.99,-119.21,1,stop_loss,19.13307,0.11985,3.90048,3.27671,tokyo,2022
USDJPY,-1,2022-03-11 09:00:00,2022-03-11 10:00:00,116.718,116.91352,116.91352,116.32697,0.6621,-19.6,-117.8,-118.03,1,stop_loss,27.40141,0.13034,5.04768,3.35814,london,2022
USDJPY,1,2022-03-11 17:00:00,2022-03-11 21:00:00,116.898,117.32528,116.68436,117.32528,0.5999,42.7,233.26,233.03,4,take_profit,42.58362,0.14243,4.29195,3.98732,new_york,2022
USDJPY,-1,2022-03-15 02:00:00,2022-03-15 10:00:00,118.284,117.89531,118.47834,117.89531,0.6726,38.9,237.9,237.68,8,take_profit,51.95876,0.12956,6.58149,8.78308,tokyo,2022
USDJPY,-1,2022-03-16 23:00:00,2022-03-17 01:00:00,118.611,118.84779,118.84779,118.13742,0.5631,-23.7,-121.34,-121.56,2,stop_loss,27.72992,0.15786,2.73274,7.37755,,2022
USDJPY,1,2022-03-17 10:00:00,2022-03-17 13:00:00,118.809,118.58359,118.58359,119.25981,0.5856,-22.5,-120.12,-120.35,3,stop_loss,43.51363,0.15027,2.75581,7.96525,london,2022
USDJPY,-1,2022-03-21 06:00:00,2022-03-21 16:00:00,119.165,119.166,119.33607,118.82286,0.7638,-0.1,-0.7,-0.92,10,time_exit,36.77886,0.11405,2.50342,9.44048,tokyo,2022
USDJPY,-1,2022-03-22 17:00:00,2022-03-23 01:00:00,120.62,120.93389,120.93389,119.99221,0.4162,-31.4,-118.88,-119.11,8,stop_loss,55.95108,0.20926,4.44291,6.21593,new_york,2022
USDJPY,-1,2022-03-23 23:00:00,2022-03-24 08:00:00,121.126,121.38716,121.38716,120.60368,0.4953,-26.1,-117.71,-117.94,9,stop_loss,23.69895,0.17411,3.05083,8.81394,,2022
USDJPY,-1,2022-03-25 20:00:00,2022-03-28 04:00:00,122.03,122.39413,122.39413,121.30174,0.3517,-36.4,-116.54,-116.77,8,stop_loss,23.57145,0.24275,1.66143,6.53322,new_york,2022
USDJPY,-1,2022-03-28 18:00:00,2022-03-29 01:00:00,123.546,124.17964,124.17964,122.27871,0.2001,-63.4,-115.38,-115.61,7,stop_loss,42.09426,0.42243,2.25904,4.58937,new_york,2022
USDJPY,-1,2022-03-29 01:00:00,2022-03-29 11:00:00,123.879,123.726,124.39512,122.84675,0.2432,15.3,33.86,33.63,10,time_exit,35.32135,0.34408,3.00606,5.79405,tokyo,2022
USDJPY,-1,2022-03-29 15:00:00,2022-03-29 16:00:00,123.579,122.44908,124.14396,122.44908,0.2228,113.0,229.09,228.86,1,take_profit,19.20446,0.37664,1.08056,5.20495,london,2022
USDJPY,-1,2022-03-29 16:00:00,2022-03-30 02:00:00,122.856,123.126,123.49718,121.57365,0.2002,-27.0,-49.19,-49.42,10,time_exit,20.2723,0.42745,-0.71931,4.51869,new_york,2022
USDJPY,1,2022-03-30 08:00:00,2022-03-30 18:00:00,121.898,121.953,121.29242,123.10917,0.2111,5.5,10.57,10.34,10,time_exit,32.35298,0.40372,-2.38538,3.54984,tokyo,2022
USDJPY,1,2022-04-01 11:00:00,2022-04-01 21:00:00,122.629,122.619,122.24955,123.3879,0.3372,-1.0,-3.07,-3.3,10,time_exit,21.83409,0.25297,2.03659,1.89718,london,2022
USDJPY,1,2022-04-04 00:00:00,2022-04-04 03:00:00,122.593,122.26281,122.26281,123.25338,0.3874,-33.0,-116.4,-116.63,3,stop_loss,23.11641,0.22013,1.07865,2.55585,tokyo,2022
USDJPY,-1,2022-04-04 04:00:00,2022-04-04 06:00:00,122.403,122.73278,122.73278,121.74344,0.384,-33.0,-115.24,-115.47,2,stop_loss,21.28774,0.21985,0.24471,2.5775,tokyo,2022
USDJPY,1,2022-04-04 16:00:00,2022-04-05 02:00:00,122.635,122.798,122.3539,123.1972,0.446,16.3,66.16,65.93,10,time_exit,14.10705,0.1874,0.87335,3.13071,new_york,2022
USDJPY,1,2022-04-05 19:00:00,2022-04-06 05:00:00,123.49,123.889,123.18477,124.10046,0.4131,39.9,149.99,149.76,10,time_exit,23.16833,0.20349,3.88344,2.95361,new_york,2022
USDJPY,1,2022-04-08 06:00:00,2022-04-08 15:00:00,123.925,124.39523,123.68989,124.39523,0.5433,47.0,232.48,232.25,9,take_profit,17.8018,0.15674,1.14735,5.60845,tokyo,2022
USDJPY,-1,2022-04-11 13:00:00,2022-04-11 14:00:00,125.339,125.637,125.637,124.743,0.4372,-29.8,-118.56,-118.79,1,stop_loss,37.11264,0.19867,4.83846,5.37952,london,2022
USDJPY,-1,2022-04-11 18:00:00,2022-04-12 04:00:00,125.527,125.398,125.83698,124.90704,0.4161,12.9,48.85,48.62,10,time_exit,45.4974,0.20665,4.52237,5.67869,new_york,2022
USDJPY,1,2022-04-12 16:00:00,2022-04-13 02:00:00,124.938,125.433,124.60159,125.61082,0.385,49.5,173.42,173.2,10,time_exit,23.87627,0.22427,-0.75491,5.70248,new_york,2022
USDJPY,1,2022-04-14 03:00:00,2022-04-14 13:00:00,125.366,125.255,125.08156,125.93487,0.462,-11.1,-46.67,-46.89,10,time_exit,21.75562,0.18962,-0.74216,6.09322,tokyo,2022
USDJPY,1,2022-04-15 09:00:00,2022-04-15 19:00:00,126.424,126.388,126.16713,126.93774,0.5096,-3.6,-16.69,-16.92,10,time_exit,32.89143,0.17125,3.69418,6.1987,london,2022
USDJPY,1,2022-04-19 06:00:00,2022-04-19 09:00:00,127.733,128.24411,127.47744,128.24411,0.5115,51.1,237.91,237.68,3,take_profit,33.75179,0.17037,6.34197,7.06375,tokyo,2022
USDJPY,1,2022-04-20 17:00:00,2022-04-21 03:00:00,127.906,128.153,127.38375,128.95049,0.2553,24.7,57.38,57.16,10,time_exit,35.37395,0.34816,-0.4002,4.84577,new_york,2022
USDJPY,1,2022-04-21 15:00:00,2022-04-22 01:00:00,128.234,128.331,127.80952,129.08295,0.3156,9.7,27.86,27.63,10,time_exit,18.1518,0.28298,0.62173,4.84341,london,2022
USDJPY,1,2022-04-22 04:00:00,2022-04-22 07:00:00,128.619,128.23168,128.23168,129.39363,0.3467,-38.7,-122.2,-122.42,3,stop_loss,12.40678,0.25821,1.64512,5.03399,tokyo,2022
USDJPY,1,2022-04-22 21:00:00,2022-04-25 07:00:00,128.535,128.523,128.0684,129.46819,0.2849,-1.2,-3.11,-3.34,10,time_exit,13.80867,0.31106,0.74941,3.77028,new_york,2022
USDJPY,-1,2022-04-25 14:00:00,2022-04-26 00:00:00,128.167,128.134,128.59831,127.30437,0.3081,3.3,9.25,9.02,10,time_exit,14.75205,0.28754,-0.63778,3.53862,london,2022
USDJPY,-1,2022-04-26 08:00:00,2022-04-26 15:00:00,128.105,127.23952,128.53774,127.23952,0.3073,86.5,242.03,241.8,7,take_profit,17.7439,0.28849,-0.04118,2.39721,tokyo,2022
USDJPY,1,2022-04-27 09:00:00,2022-04-27 18:00:00,127.715,128.47234,127.33633,128.47234,0.3582,75.7,246.87,246.64,9,take_profit,22.21304,0.25245,-0.09932,1.1547,london,2022
USDJPY,-1,2022-04-29 16:00:00,2022-05-02 02:00:00,130.086,130.001,130.55587,129.14626,0.2944,8.5,22.77,22.54,10,time_exit,27.98632,0.31325,0.6413,4.55957,new_york,2022
USDJPY,1,2022-05-02 04:00:00,2022-05-02 14:00:00,130.059,129.895,129.55387,131.06925,0.2744,-16.4,-40.95,-41.18,10,time_exit,22.6834,0.33675,0.57898,3.72328,tokyo,2022
USDJPY,-1,2022-05-02 14:00:00,2022-05-02 18:00:00,129.879,130.28701,130.28701,129.06297,0.3386,-40.8,-125.72,-125.95,4,stop_loss,16.01394,0.27201,-0.29017,4.40998,london,2022
USDJPY,1,2022-05-03 21:00:00,2022-05-04 07:00:00,130.102,130.148,129.84326,130.61947,0.5286,4.6,22.13,21.9,10,time_exit,10.7288,0.17249,0.37475,5.37666,new_york,2022
USDJPY,-1,2022-05-06 09:00:00,2022-05-06 19:00:00,130.688,130.428,131.04812,129.96776,0.3804,26.0,90.0,89.78,10,time_exit,25.47449,0.24008,2.58852,2.38033,london,2022
USDJPY,1,2022-05-06 23:00:00,2022-05-09 09:00:00,130.545,131.23807,130.19846,131.23807,0.3982,69.3,251.14,250.92,10,take_profit,19.42886,0.23102,1.30065,2.68082,,2022
USDJPY,-1,2022-05-09 20:00:00,2022-05-10 06:00:00,130.296,130.257,130.67677,129.53447,0.3696,3.9,13.12,12.89,10,time_exit,32.60494,0.25384,-1.11811,2.85703,new_york,2022
USDJPY,-1,2022-05-11 09:00:00,2022-05-11 11:00:00,130.362,129.85323,130.61639,129.85323,0.5538,50.9,256.4,256.17,2,take_profit,14.65259,0.16959,-0.06918,2.23669,london,2022
USDJPY,1,2022-05-12 09:00:00,2022-05-12 10:00:00,129.614,129.24846,129.24846,130.34508,0.3931,-36.6,-130.76,-130.99,1,stop_loss,19.93838,0.24369,-1.92017,0.42924,london,2022
USDJPY,-1,2022-05-12 18:00:00,2022-05-13 03:00:00,128.121,128.67693,128.67693,127.00914,0.2559,-55.6,-129.46,-129.69,9,stop_loss,43.29967,0.37062,-4.00043,-0.67366,new_york,2022
USDJPY,1,2022-05-16 22:00:00,2022-05-17 08:00:00,129.101,129.341,128.7232,129.8566,0.3728,24.0,81.42,81.19,10,time_exit,14.28426,0.25187,-0.31417,-1.36106,,2022
USDJPY,1,2022-05-23 23:00:00,2022-05-24 07:00:00,127.897,127.57431,127.57431,128.54238,0.4392,-32.3,-128.97,-129.2,8,stop_loss,14.25457,0.21513,0.27556,-3.42148,,2022
USDJPY,1,2022-05-26 14:00:00,2022-05-27 00:00:00,126.765,127.122,126.42632,127.44235,0.4143,35.7,134.59,134.37,10,time_exit,19.89765,0.22578,-1.89092,-3.23852,london,2022
USDJPY,-1,2022-05-30 04:00:00,2022-05-30 10:00:00,127.054,127.31837,127.31837,126.52526,0.5363,-26.4,-129.02,-129.25,6,stop_loss,9.34571,0.17625,-0.26481,-3.13349,tokyo,2022
USDJPY,1,2022-05-30 14:00:00,2022-05-31 00:00:00,127.378,127.624,127.12887,127.87626,0.5634,24.6,126.12,125.9,10,time_exit,13.99859,0.16609,1.56203,-2.92038,london,2022
USDJPY,1,2022-05-31 11:00:00,2022-05-31 15:00:00,127.754,128.37817,127.44192,128.37817,0.4542,62.4,257.98,257.76,4,take_profit,30.87804,0.20806,1.16197,-0.60392,london,2022
USDJPY,1,2022-06-01 10:00:00,2022-06-01 17:00:00,129.388,129.94256,129.11072,129.94256,0.5214,55.5,263.13,262.9,7,take_profit,51.20884,0.18485,5.98465,2.2831,london,2022
USDJPY,-1,2022-06-02 01:00:00,2022-06-02 11:00:00,130.144,129.892,130.41232,129.60737,0.5496,25.2,126.03,125.81,10,time_exit,54.71565,0.17888,6.46534,4.78197,tokyo,2022
USDJPY,-1,2022-06-02 20:00:00,2022-06-03 06:00:00,129.782,129.839,130.06036,129.22528,0.5348,-5.7,-27.74,-27.97,10,time_exit,27.73849,0.18557,1.68478,5.54676,new_york,2022
USDJPY,1,2022-06-03 20:00:00,2022-06-06 06:00:00,130.809,130.52444,130.52444,131.37813,0.522,-28.5,-135.17,-135.4,10,stop_loss,33.17902,0.18971,4.86067,5.78507,new_york,2022
USDJPY,1,2022-06-06 21:00:00,2022-06-07 04:00:00,131.834,132.44288,131.52956,132.44288,0.483,60.9,267.62,267.39,7,take_profit,42.04193,0.20296,6.34078,6.37439,new_york,2022
USDJPY,1,2022-06-07 22:00:00,2022-06-08 07:00:00,132.553,133.25209,132.20346,133.25209,0.4291,69.9,272.98,272.75,9,take_profit,47.53982,0.23303,3.18187,7.8881,,2022
USDJPY,-1,2022-06-09 17:00:00,2022-06-09 18:00:00,133.703,134.19937,134.19937,132.71025,0.3082,-49.6,-139.21,-139.44,1,stop_loss,28.93897,0.33092,0.7779,6.53155,new_york,2022
USDJPY,1,2022-06-10 16:00:00,2022-06-13 02:00:00,133.957,134.786,133.46133,134.94833,0.3056,82.9,230.54,230.31,10,time_exit,21.22364,0.33044,0.45052,5.89453,new_york,2022
USDJPY,1,2022-06-14 02:00:00,2022-06-14 12:00:00,134.315,134.206,133.86486,135.21528,0.3421,-10.9,-33.93,-34.16,10,time_exit,19.03013,0.30009,0.2325,5.48366,tokyo,2022
USDJPY,1,2022-06-15 09:00:00,2022-06-15 12:00:00,134.84,134.42139,134.42139,135.67722,0.367,-41.9,-139.8,-140.03,3,stop_loss,13.0631,0.27907,0.49127,5.42485,london,2022
USDJPY,-1,2022-06-16 01:00:00,2022-06-16 04:00:00,133.842,134.33669,134.33669,132.85262,0.3074,-49.5,-138.38,-138.61,3,stop_loss,27.43981,0.32979,-2.04582,3.52642,tokyo,2022
USDJPY,-1,2022-06-16 10:00:00,2022-06-16 11:00:00,134.439,133.54466,134.88617,133.54466,0.3367,89.4,274.02,273.8,1,take_profit,21.46876,0.29811,-0.0984,3.43644,london,2022
USDJPY,1,2022-06-16 22:00:00,2022-06-17 05:00:00,131.993,133.41746,131.28077,133.41746,0.2156,142.4,279.47,279.25,7,take_profit,42.21363,0.47482,-3.68628,0.82469,,2022
USDJPY,1,2022-06-20 02:00:00,2022-06-20 10:00:00,135.199,134.62102,134.62102,136.35497,0.271,-57.8,-142.54,-142.76,8,stop_loss,37.8687,0.38532,2.58288,1.65643,tokyo,2022
USDJPY,-1,2022-06-24 10:00:00,2022-06-24 11:00:00,134.55,134.97635,134.97635,133.69731,0.3637,-42.6,-141.11,-141.33,1,stop_loss,31.46825,0.28423,-2.43467,1.57488,london,2022
USDJPY,1,2022-06-24 11:00:00,2022-06-24 20:00:00,134.532,135.3885,134.10375,135.3885,0.3585,85.7,279.42,279.19,9,take_profit,31.9398,0.2855,-2.41292,1.47878,london,2022
USDJPY,1,2022-06-28 11:00:00,2022-06-28 21:00:00,135.756,136.34488,135.46156,136.34488,0.5318,58.9,284.98,284.76,10,take_profit,13.37746,0.19629,2.48285,1.59935,london,2022
USDJPY,-1,2022-06-29 05:00:00,2022-06-29 12:00:00,136.076,136.37421,136.37421,135.47958,0.5356,-29.8,-145.35,-145.57,7,stop_loss,33.23179,0.19881,1.81419,2.82243,tokyo,2022
USDJPY,-1,2022-06-29 13:00:00,2022-06-29 16:00:00,136.525,136.87833,136.87833,135.81834,0.4475,-35.3,-143.88,-144.11,3,stop_loss,26.83964,0.23555,2.96701,2.55748,london,2022
USDJPY,1,2022-06-30 02:00:00,2022-06-30 09:00:00,136.55,136.23321,136.23321,137.18358,0.4941,-31.7,-142.44,-142.67,7,stop_loss,23.0581,0.21119,1.94998,3.53998,tokyo,2022
USDJPY,1,2022-07-01 00:00:00,2022-07-01 05:00:00,135.716,135.39506,135.39506,136.35788,0.4828,-32.1,-141.0,-141.23,5,stop_loss,34.98086,0.21396,-1.74092,2.62391,tokyo,2022
USDJPY,1,2022-07-04 22:00:00,2022-07-05 04:00:00,135.702,136.22674,135.43963,136.22674,0.5847,52.5,279.2,278.97,6,take_profit,21.33296,0.17491,1.16459,0.14619,,2022
USDJPY,-1,2022-07-06 04:00:00,2022-07-06 14:00:00,135.654,135.252,136.01182,134.93837,0.4373,40.2,159.97,159.75,10,time_exit,17.549,0.23854,-0.39484,0.70801,tokyo,2022
USDJPY,-1,2022-07-08 07:00:00,2022-07-08 12:00:00,135.59,135.94414,135.94414,134.88173,0.4468,-35.4,-143.99,-144.22,5,stop_loss,12.0204,0.23609,-0.97148,0.72064,tokyo,2022
USDJPY,1,2022-07-11 02:00:00,2022-07-11 04:00:00,136.182,136.81913,135.86344,136.81913,0.4917,63.7,285.08,284.85,2,take_profit,11.88709,0.21238,1.151,1.03476,tokyo,2022
USDJPY,-1,2022-07-11 17:00:00,2022-07-12 03:00:00,137.438,137.226,137.82301,136.66799,0.415,21.2,80.06,79.83,10,time_exit,32.9491,0.25667,3.90044,2.11773,new_york,2022
USDJPY,1,2022-07-12 09:00:00,2022-07-12 11:00:00,137.439,137.14679,137.14679,138.02343,0.5498,-29.2,-146.2,-146.43,2,stop_loss,33.014,0.19481,3.00702,3.83535,london,2022
USDJPY,1,2022-07-12 16:00:00,2022-07-13 02:00:00,136.667,136.734,136.33724,137.32652,0.4823,6.7,29.41,29.18,10,time_exit,27.28909,0.21984,-1.01145,3.27975,new_york,2022
USDJPY,-1,2022-07-13 04:00:00,2022-07-13 05:00:00,136.931,137.19921,137.19921,136.39458,0.5942,-26.8,-145.03,-145.26,1,stop_loss,22.5855,0.17881,0.47767,3.40964,tokyo,2022
USDJPY,1,2022-07-14 16:00:00,2022-07-15 02:00:00,139.136,138.977,138.66893,140.07013,0.3378,-15.9,-48.88,-49.1,10,time_exit,43.65988,0.31138,4.52968,3.27467,new_york,2022
USDJPY,1,2022-07-15 09:00:00,2022-07-15 10:00:00,138.962,138.6184,138.6184,139.64919,0.4576,-34.4,-143.08,-143.31,1,stop_loss,24.43397,0.22906,2.75838,5.57461,london,2022
USDJPY,1,2022-07-15 10:00:00,2022-07-15 20:00:00,138.676,138.538,138.32159,139.38482,0.4392,-13.8,-55.15,-55.38,10,time_exit,23.25953,0.23627,1.38601,5.39295,london,2022
USDJPY,1,2022-07-19 10:00:00,2022-07-19 13:00:00,137.803,137.52312,137.52312,138.36275,0.554,-28.0,-141.1,-141.32,3,stop_loss,28.03487,0.18658,-2.28987,3.71863,london,2022
USDJPY,1,2022-07-25 00:00:00,2022-07-25 10:00:00,136.065,136.405,135.60752,136.97997,0.3355,34.0,103.8,103.58,10,time_exit,43.63867,0.30499,-4.103,-0.9726,tokyo,2022
USDJPY,1,2022-07-26 03:00:00,2022-07-26 13:00:00,136.412,136.649,136.13731,136.96138,0.5629,23.7,121.4,121.17,10,time_exit,17.2515,0.18313,-2.00445,-3.09872,tokyo,2022
USDJPY,1,2022-07-26 13:00:00,2022-07-26 16:00:00,136.586,136.32365,136.32365,137.11071,0.5945,-26.2,-141.93,-142.16,3,stop_loss,15.54755,0.1749,-0.7017,-3.2386,london,2022
USDJPY,-1,2022-07-28 09:00:00,2022-07-28 16:00:00,135.364,134.47278,135.80961,134.47278,0.3465,89.1,281.02,280.79,7,take_profit,37.4758,0.29707,-3.84706,-1.76975,london,2022
USDJPY,-1,2022-07-29 12:00:00,2022-07-29 15:00:00,132.989,133.57963,133.57963,131.80774,0.2666,-59.1,-143.29,-143.52,3,stop_loss,48.38371,0.39375,-4.9045,-3.7178,london,2022
USDJPY,-1,2022-07-29 16:00:00,2022-08-01 02:00:00,134.068,133.369,134.70196,132.80009,0.2459,69.9,156.41,156.19,10,time_exit,42.02654,0.42264,-1.52985,-3.68106,new_york,2022
USDJPY,1,2022-08-01 22:00:00,2022-08-02 03:00:00,131.806,131.27832,131.27832,132.86135,0.2987,-52.8,-143.43,-143.66,5,stop_loss,28.74966,0.35178,-3.79406,-6.20738,,2022
USDJPY,1,2022-08-03 03:00:00,2022-08-03 06:00:00,133.342,132.78127,132.78127,134.46346,0.2783,-56.1,-142.01,-142.23,3,stop_loss,33.12416,0.37382,2.84854,-5.70878,tokyo,2022
USDJPY,1,2022-08-04 06:00:00,2022-08-04 15:00:00,133.812,133.31946,133.31946,134.79709,0.3136,-49.3,-140.56,-140.79,9,stop_loss,17.49534,0.32836,1.82883,-3.08904,tokyo,2022
USDJPY,-1,2022-08-05 06:00:00,2022-08-05 15:00:00,133.248,133.72301,133.72301,132.29798,0.322,-47.5,-139.19,-139.42,9,stop_loss,28.59375,0.31667,-0.10893,-2.42859,tokyo,2022
USDJPY,1,2022-08-09 03:00:00,2022-08-09 13:00:00,134.839,134.887,134.46575,135.58551,0.4056,4.8,17.72,17.49,10,time_exit,17.72276,0.24884,1.12344,1.1048,tokyo,2022
USDJPY,1,2022-08-09 13:00:00,2022-08-09 23:00:00,134.837,135.142,134.50934,135.49232,0.4626,30.5,128.39,128.17,10,time_exit,11.47613,0.21844,0.85841,1.49446,london,2022
USDJPY,1,2022-08-10 06:00:00,2022-08-10 15:00:00,134.997,134.75221,134.75221,135.48659,0.625,-24.5,-139.23,-139.45,9,stop_loss,16.51721,0.1632,0.79811,2.52464,tokyo,2022
USDJPY,-1,2022-08-12 12:00:00,2022-08-12 13:00:00,133.233,133.62153,133.62153,132.45595,0.3898,-38.9,-137.82,-138.04,1,stop_loss,19.85548,0.25902,-0.18639,-2.44956,london,2022
USDJPY,-1,2022-08-12 15:00:00,2022-08-15 01:00:00,133.822,133.502,134.23317,132.99966,0.3647,32.0,106.2,105.97,10,time_exit,21.25291,0.27411,1.82153,-2.13696,london,2022
USDJPY,-1,2022-08-15 02:00:00,2022-08-15 12:00:00,133.502,133.427,133.83345,132.8391,0.4559,7.5,31.12,30.89,10,time_exit,23.66345,0.22097,0.48401,-2.14271,tokyo,2022
USDJPY,1,2022-08-15 20:00:00,2022-08-16 06:00:00,133.137,133.347,132.76022,133.89055,0.402,21.0,76.82,76.59,10,time_exit,18.29862,0.25118,-0.57153,-1.89286,new_york,2022
USDJPY,-1,2022-08-16 12:00:00,2022-08-16 14:00:00,133.941,134.27183,134.27183,133.27935,0.4603,-33.1,-138.57,-138.8,2,stop_loss,13.37327,0.22055,2.75279,-1.66438,london,2022
USDJPY,-1,2022-08-17 14:00:00,2022-08-17 15:00:00,134.961,135.27821,135.27821,134.32657,0.4753,-31.7,-137.2,-137.43,1,stop_loss,24.29991,0.21148,4.47428,0.77973,london,2022
USDJPY,-1,2022-08-18 09:00:00,2022-08-18 19:00:00,135.216,135.54003,135.54003,134.56793,0.4606,-32.4,-135.82,-136.05,10,stop_loss,18.93406,0.21602,2.84959,2.42539,london,2022
USDJPY,1,2022-08-19 19:00:00,2022-08-22 05:00:00,137.023,137.309,136.63832,137.79236,0.3841,28.6,99.97,99.74,10,time_exit,41.23331,0.25645,4.70903,4.57039,new_york,2022
USDJPY,-1,2022-08-22 18:00:00,2022-08-22 19:00:00,137.187,137.54814,137.54814,136.46471,0.4122,-36.1,-135.47,-135.69,1,stop_loss,29.19427,0.24076,2.56794,5.93768,new_york,2022
USDJPY,-1,2022-08-24 08:00:00,2022-08-24 15:00:00,136.486,136.88485,136.88485,135.68829,0.3695,-39.9,-134.11,-134.34,7,stop_loss,19.62318,0.2659,-1.46941,4.26355,tokyo,2022
USDJPY,1,2022-08-24 18:00:00,2022-08-25 04:00:00,136.765,136.708,136.30741,137.68019,0.3188,-5.7,-16.54,-16.76,10,time_exit,17.22455,0.30506,-0.18694,3.23837,new_york,2022
USDJPY,-1,2022-08-25 16:00:00,2022-08-26 02:00:00,136.679,136.562,137.0585,135.91999,0.3839,11.7,40.87,40.65,10,time_exit,24.35633,0.253,-0.42819,3.0078,new_york,2022
USDJPY,1,2022-08-29 01:00:00,2022-08-29 03:00:00,137.587,138.3323,137.21435,138.3323,0.3922,74.5,266.0,265.77,2,take_profit,24.46046,0.24843,2.62617,2.6585,tokyo,2022
USDJPY,1,2022-08-31 15:00:00,2022-09-01 01:00:00,138.747,139.076,138.4325,139.376,0.474,32.9,141.91,141.68,10,time_exit,15.48906,0.20967,1.38632,5.33424,london,2022
USDJPY,-1,2022-09-01 08:00:00,2022-09-01 17:00:00,139.504,139.81682,139.81682,138.87837,0.4815,-31.3,-137.06,-137.29,9,stop_loss,26.52398,0.20854,3.46205,5.60459,tokyo,2022
USDJPY,-1,2022-09-02 03:00:00,2022-09-02 09:00:00,140.087,140.41114,140.41114,139.43872,0.4601,-32.4,-135.72,-135.94,6,stop_loss,42.31004,0.21609,3.48281,6.24901,tokyo,2022
USDJPY,1,2022-09-02 13:00:00,2022-09-02 15:00:00,140.376,140.09474,140.09474,140.93852,0.5249,-28.1,-134.35,-134.57,2,stop_loss,35.89286,0.18751,3.92796,7.6623,london,2022
USDJPY,1,2022-09-06 18:00:00,2022-09-07 01:00:00,142.703,143.46466,142.32217,143.46466,0.3838,76.2,266.02,265.79,7,take_profit,48.17019,0.25389,7.35039,6.25217,new_york,2022
USDJPY,-1,2022-09-08 01:00:00,2022-09-08 02:00:00,143.747,144.23989,144.23989,142.76121,0.3024,-49.3,-135.64,-135.86,1,stop_loss,46.34307,0.3286,2.18054,7.79477,tokyo,2022
USDJPY,1,2022-09-08 04:00:00,2022-09-08 07:00:00,144.335,143.81048,143.81048,145.38405,0.2814,-52.5,-134.32,-134.54,3,stop_loss,41.84137,0.34968,3.37932,7.37856,tokyo,2022
USDJPY,-1,2022-09-08 18:00:00,2022-09-09 04:00:00,143.955,143.661,144.58251,142.69998,0.2328,29.4,62.28,62.06,10,time_exit,22.02427,0.41834,1.15024,5.89072,new_york,2022
USDJPY,-1,2022-09-09 14:00:00,2022-09-09 15:00:00,141.68,142.26861,142.26861,140.50279,0.2494,-58.9,-133.59,-133.81,1,stop_loss,31.47438,0.3924,-4.15621,4.80448,london,2022
USDJPY,1,2022-09-13 16:00:00,2022-09-14 02:00:00,144.415,144.459,143.75108,145.74284,0.2189,4.4,8.76,8.54,10,time_exit,26.0994,0.44261,3.8853,1.80564,new_york,2022
USDJPY,-1,2022-09-16 11:00:00,2022-09-16 21:00:00,143.454,142.962,143.85668,142.64863,0.3611,49.2,161.67,161.44,10,time_exit,13.20246,0.26846,0.28851,2.5699,london,2022
USDJPY,1,2022-09-16 23:00:00,2022-09-19 09:00:00,142.906,143.292,142.55927,143.59947,0.4245,38.6,149.11,148.88,10,time_exit,23.79661,0.23116,-1.55799,2.31394,,2022
USDJPY,1,2022-09-20 11:00:00,2022-09-20 21:00:00,143.47,143.661,143.18929,144.03142,0.5301,19.1,92.14,91.91,10,time_exit,15.06361,0.18714,1.07422,2.02141,london,2022
USDJPY,-1,2022-09-21 22:00:00,2022-09-21 23:00:00,143.494,143.93193,143.93193,142.61814,0.3421,-43.8,-136.33,-136.56,1,stop_loss,20.6592,0.29195,-0.74205,1.87567,,2022
USDJPY,1,2022-09-21 23:00:00,2022-09-22 05:00:00,143.867,144.81102,143.39499,144.81102,0.3142,94.4,269.91,269.69,6,take_profit,20.56703,0.31467,0.4774,1.73748,,2022
USDJPY,1,2022-09-23 00:00:00,2022-09-23 10:00:00,142.337,142.278,141.30356,144.40387,0.1464,-5.9,-7.86,-8.09,10,time_exit,38.11431,0.68896,-1.37515,0.17331,tokyo,2022
USDJPY,-1,2022-09-27 05:00:00,2022-09-27 15:00:00,144.558,144.701,144.97389,143.72622,0.3636,-14.3,-47.32,-47.54,10,time_exit,22.32986,0.27726,2.43406,1.83845,tokyo,2022
USDJPY,-1,2022-09-27 17:00:00,2022-09-28 03:00:00,144.646,144.737,145.01495,143.9081,0.4084,-9.1,-33.82,-34.05,10,time_exit,14.95634,0.24597,2.21459,2.45853,new_york,2022
USDJPY,-1,2022-09-29 06:00:00,2022-09-29 08:00:00,144.329,144.65804,144.65804,143.67093,0.4568,-32.9,-136.78,-137.0,2,stop_loss,32.18565,0.21936,-0.18566,2.54411,tokyo,2022
USDJPY,1,2022-10-03 15:00:00,2022-10-03 17:00:00,144.852,144.54671,144.54671,145.46258,0.4874,-30.5,-135.41,-135.63,2,stop_loss,27.15488,0.20353,0.6766,2.57227,london,2022
USDJPY,1,2022-10-04 02:00:00,2022-10-04 12:00:00,144.522,144.759,144.22222,145.12156,0.4914,23.7,105.98,105.75,10,time_exit,19.91278,0.19985,-0.83076,2.23967,tokyo,2022
USDJPY,1,2022-10-04 12:00:00,2022-10-04 17:00:00,144.748,144.45,144.45,145.344,0.4982,-29.8,-135.1,-135.33,5,stop_loss,13.70833,0.19867,0.23607,2.09684,london,2022
USDJPY,1,2022-10-05 13:00:00,2022-10-05 23:00:00,144.49,144.682,144.13534,145.19931,0.4144,19.2,72.4,72.18,10,time_exit,24.90199,0.23644,0.24342,0.60282,london,2022
USDJPY,1,2022-10-06 14:00:00,2022-10-07 00:00:00,144.735,145.087,144.49916,145.20669,0.6266,35.2,200.71,200.49,10,time_exit,10.85851,0.15723,1.26787,1.16014,london,2022
USDJPY,1,2022-10-11 01:00:00,2022-10-11 11:00:00,145.708,145.52622,145.52622,146.07156,0.8251,-18.2,-136.49,-136.72,10,stop_loss,29.37443,0.12119,2.95369,4.6826,tokyo,2022
USDJPY,1,2022-10-13 04:00:00,2022-10-13 14:00:00,146.778,146.701,146.54251,147.24898,0.6305,-7.7,-44.18,-44.41,10,time_exit,25.59559,0.15699,3.33538,5.81843,tokyo,2022
USDJPY,1,2022-10-13 23:00:00,2022-10-14 09:00:00,147.274,147.401,146.86851,148.08499,0.365,12.7,42.18,41.96,10,time_exit,13.9796,0.27033,2.22074,3.81958,,2022
USDJPY,1,2022-10-17 06:00:00,2022-10-17 16:00:00,148.615,148.765,148.2746,149.29581,0.4361,15.0,59.53,59.3,10,time_exit,40.99562,0.22694,3.96449,6.41017,tokyo,2022
USDJPY,-1,2022-10-18 00:00:00,2022-10-18 10:00:00,149.023,148.965,149.27606,148.51687,0.5892,5.8,31.1,30.87,10,time_exit,37.49874,0.16871,4.43963,9.46805,tokyo,2022
USDJPY,-1,2022-10-19 04:00:00,2022-10-19 09:00:00,149.181,149.43607,149.43607,148.67087,0.5859,-25.5,-135.99,-136.22,5,stop_loss,19.66877,0.17004,2.06189,9.20834,tokyo,2022
USDJPY,-1,2022-10-19 19:00:00,2022-10-20 05:00:00,149.772,149.918,149.9912,149.3336,0.6749,-14.6,-89.67,-89.89,10,time_exit,25.26172,0.14613,4.39646,10.68659,new_york,2022
USDJPY,1,2022-10-20 15:00:00,2022-10-20 17:00:00,149.809,149.61303,149.61303,150.20094,0.7499,-19.6,-133.73,-133.96,2,stop_loss,26.51935,0.13065,2.04609,11.89047,london,2022
USDJPY,1,2022-10-24 07:00:00,2022-10-24 17:00:00,148.879,148.752,147.42567,151.78567,0.1001,-12.7,-11.57,-11.8,10,time_exit,39.15823,0.96889,-0.50868,0.89112,tokyo,2022
USDJPY,-1,2022-10-24 22:00:00,2022-10-25 08:00:00,148.828,148.909,149.63134,147.22133,0.1809,-8.1,-13.33,-13.56,10,time_exit,37.31012,0.53556,-0.71749,1.17785,,2022
USDJPY,1,2022-10-25 10:00:00,2022-10-25 16:00:00,148.958,148.46602,148.46602,149.94197,0.2951,-49.2,-132.12,-132.35,6,stop_loss,37.31499,0.32799,-0.44644,1.47361,london,2022
USDJPY,-1,2022-10-26 05:00:00,2022-10-26 10:00:00,148.314,147.45034,148.74583,147.45034,0.3329,86.4,261.64,261.41,5,take_profit,37.53216,0.28789,-1.10328,0.25765,tokyo,2022
USDJPY,-1,2022-10-26 11:00:00,2022-10-26 21:00:00,147.085,146.262,147.53797,146.17905,0.3237,82.3,242.43,242.2,10,time_exit,34.46616,0.30198,-4.62209,-0.12596,london,2022
USDJPY,-1,2022-10-27 05:00:00,2022-10-27 08:00:00,146.083,145.23462,146.50719,145.23462,0.3519,84.8,271.67,271.45,3,take_profit,53.10826,0.28279,-4.89794,-2.58571,tokyo,2022
USDJPY,1,2022-10-27 13:00:00,2022-10-27 17:00:00,146.435,145.89374,145.89374,147.51753,0.2813,-54.1,-138.55,-138.78,4,stop_loss,50.29359,0.36084,-1.67969,-2.72331,london,2022
USDJPY,-1,2022-10-28 15:00:00,2022-10-31 01:00:00,147.478,147.72,148.06937,146.29527,0.2549,-24.2,-56.13,-56.36,10,time_exit,24.58667,0.39424,1.78738,-2.31247,london,2022
USDJPY,1,2022-11-02 02:00:00,2022-11-02 03:00:00,148.162,147.74668,147.74668,148.99264,0.3615,-41.5,-136.63,-136.85,1,stop_loss,22.71932,0.27688,0.69445,0.3685,tokyo,2022
USDJPY,-1,2022-11-03 02:00:00,2022-11-03 12:00:00,147.924,148.234,148.49773,146.77653,0.259,-31.0,-73.06,-73.29,10,time_exit,30.21943,0.38249,0.89072,-0.44562,tokyo,2022
USDJPY,-1,2022-11-04 06:00:00,2022-11-04 15:00:00,148.092,147.31068,148.48266,147.31068,0.3784,78.1,269.04,268.82,9,take_profit,12.27378,0.26044,0.75676,0.32237,tokyo,2022
USDJPY,1,2022-11-04 18:00:00,2022-11-07 04:00:00,146.744,147.2,146.22372,147.78456,0.2898,45.6,120.26,120.03,10,time_exit,26.89043,0.34685,-2.99303,-0.02185,new_york,2022
USDJPY,-1,2022-11-07 23:00:00,2022-11-08 09:00:00,146.592,146.739,147.0064,145.76319,0.367,-14.7,-49.09,-49.32,10,time_exit,30.60088,0.27627,-1.79022,-1.64982,,2022
USDJPY,-1,2022-11-08 09:00:00,2022-11-08 16:00:00,146.709,146.02014,147.05343,146.02014,0.44,68.9,275.82,275.59,7,take_profit,23.48999,0.22962,-1.05343,-2.23032,london,2022
USDJPY,-1,2022-11-09 01:00:00,2022-11-09 11:00:00,145.666,145.768,146.05044,144.89711,0.4021,-10.2,-37.32,-37.55,10,time_exit,32.42586,0.2563,-3.11991,-3.0672,tokyo,2022
USDJPY,-1,2022-11-10 01:00:00,2022-11-10 11:00:00,146.443,146.422,146.87829,145.57242,0.3542,2.1,6.77,6.54,10,time_exit,20.8607,0.29019,0.78535,-2.66207,tokyo,2022
USDJPY,1,2022-11-11 06:00:00,2022-11-11 10:00:00,141.917,141.00607,141.00607,143.73887,0.1693,-91.1,-140.34,-140.57,4,stop_loss,46.03109,0.60729,-3.87425,-3.15006,tokyo,2022
USDJPY,-1,2022-11-11 11:00:00,2022-11-11 12:00:00,140.613,138.84874,141.49513,138.84874,0.1731,176.4,277.91,277.68,1,take_profit,48.29401,0.58809,-5.29446,-3.75965,london,2022
USDJPY,-1,2022-11-11 18:00:00,2022-11-14 04:00:00,139.058,139.12,139.99869,137.17661,0.1656,-6.2,-9.34,-9.57,10,time_exit,57.62647,0.62713,-5.79941,-4.48897,new_york,2022
USDJPY,-1,2022-11-14 07:00:00,2022-11-14 11:00:00,139.347,140.10242,140.10242,137.83615,0.206,-75.5,-141.61,-141.84,4,stop_loss,47.77974,0.50362,-3.72995,-6.94394,tokyo,2022
USDJPY,-1,2022-11-15 02:00:00,2022-11-15 12:00:00,140.094,139.221,140.64514,138.99173,0.2796,87.3,222.12,221.9,10,time_exit,19.49504,0.36742,-1.43484,-8.97785,tokyo,2022
USDJPY,-1,2022-11-15 20:00:00,2022-11-16 05:00:00,139.274,140.02693,140.02693,137.76815,0.2079,-75.3,-142.45,-142.67,9,stop_loss,32.15928,0.50195,-1.59566,-6.2451,new_york,2022
USDJPY,-1,2022-11-17 03:00:00,2022-11-17 13:00:00,139.463,140.00924,140.00924,138.37051,0.2837,-54.6,-141.02,-141.25,10,stop_loss,14.08746,0.36416,-0.53645,-7.03541,tokyo,2022
USDJPY,1,2022-11-18 09:00:00,2022-11-18 19:00:00,139.843,140.242,139.39676,140.73548,0.3437,39.9,124.79,124.57,10,time_exit,13.01103,0.29749,-0.20966,-5.8254,london,2022
USDJPY,1,2022-11-21 06:00:00,2022-11-21 10:00:00,140.348,141.04959,139.9972,141.04959,0.4412,70.2,281.68,281.46,4,take_profit,13.01283,0.23386,1.19884,-5.52755,tokyo,2022
USDJPY,1,2022-11-22 09:00:00,2022-11-22 10:00:00,141.961,141.598,141.598,142.68701,0.4349,-36.3,-143.66,-143.89,1,stop_loss,29.72255,0.242,3.15251,-1.01996,london,2022
USDJPY,-1,2022-11-23 03:00:00,2022-11-23 06:00:00,141.145,141.44603,141.44603,140.54294,0.5191,-30.1,-142.2,-142.43,3,stop_loss,22.45755,0.20069,-0.49596,-0.88592,tokyo,2022
USDJPY,1,2022-11-24 00:00:00,2022-11-24 02:00:00,139.594,139.11189,139.11189,140.55822,0.3209,-48.2,-140.79,-141.01,2,stop_loss,39.2411,0.32141,-3.89696,-1.3642,tokyo,2022
USDJPY,1,2022-11-24 04:00:00,2022-11-24 12:00:00,138.786,138.29361,138.29361,139.77077,0.3111,-49.2,-139.4,-139.62,8,stop_loss,46.90088,0.32826,-5.50106,-1.83006,tokyo,2022
USDJPY,-1,2022-11-25 18:00:00,2022-11-28 04:00:00,139.227,138.518,139.6851,138.31081,0.331,70.9,213.56,213.33,10,time_exit,29.46852,0.3054,0.0014,-3.94016,new_york,2022
USDJPY,-1,2022-11-29 13:00:00,2022-11-29 15:00:00,137.975,138.49678,138.49678,136.93144,0.2951,-52.2,-140.12,-140.35,2,stop_loss,16.66542,0.34785,-2.01603,-3.20513,london,2022
USDJPY,-1,2022-11-30 11:00:00,2022-11-30 15:00:00,138.622,139.05746,139.05746,137.75108,0.35,-43.5,-138.69,-138.92,4,stop_loss,12.24934,0.29031,0.04618,-3.22235,london,2022
USDJPY,-1,2022-11-30 15:00:00,2022-11-30 16:00:00,138.83,139.26821,139.26821,137.95359,0.3444,-43.8,-137.34,-137.56,1,stop_loss,13.58777,0.29214,0.65592,-3.00664,london,2022
USDJPY,-1,2022-11-30 21:00:00,2022-12-01 02:00:00,138.325,137.05537,138.95981,137.05537,0.2353,127.0,271.86,271.63,5,take_profit,20.39763,0.42321,-1.02323,-1.75775,new_york,2022
USDJPY,1,2022-12-02 11:00:00,2022-12-02 15:00:00,133.765,134.96142,133.16679,134.96142,0.2547,119.6,277.3,277.07,4,take_profit,61.97295,0.39881,-6.43929,-5.11279,london,2022
USDJPY,1,2022-12-02 19:00:00,2022-12-05 03:00:00,134.894,134.13724,134.13724,136.40751,0.2054,-75.7,-141.45,-141.68,8,stop_loss,51.41281,0.5045,-1.97588,-4.3573,new_york,2022
USDJPY,1,2022-12-05 19:00:00,2022-12-06 05:00:00,136.553,136.92,135.94715,137.7647,0.254,36.7,84.83,84.6,10,time_exit,29.58307,0.4039,2.89157,-5.03224,new_york,2022
USDJPY,-1,2022-12-06 07:00:00,2022-12-06 08:00:00,136.868,137.36721,137.36721,135.86958,0.3101,-49.9,-140.87,-141.1,1,stop_loss,39.93247,0.33281,2.91367,-4.33412,tokyo,2022
USDJPY,-1,2022-12-07 02:00:00,2022-12-07 03:00:00,136.886,137.29886,137.29886,136.06029,0.3712,-41.3,-139.46,-139.69,1,stop_loss,24.89694,0.27524,1.87793,-3.1702,tokyo,2022
USDJPY,1,2022-12-08 06:00:00,2022-12-08 15:00:00,136.829,136.35494,136.35494,137.77713,0.32,-47.4,-138.05,-138.27,9,stop_loss,19.97512,0.31604,0.42841,-1.48053,tokyo,2022
USDJPY,-1,2022-12-09 02:00:00,2022-12-09 05:00:00,136.639,135.95133,136.98284,135.95133,0.4368,68.8,273.34,273.11,3,take_profit,13.74647,0.22922,-0.214,-1.69723,tokyo,2022
USDJPY,-1,2022-12-12 06:00:00,2022-12-12 15:00:00,136.825,137.24656,137.24656,135.98188,0.3634,-42.2,-139.41,-139.63,9,stop_loss,27.86851,0.28104,1.06612,-1.36745,tokyo,2022
USDJPY,-1,2022-12-13 03:00:00,2022-12-13 13:00:00,137.78,137.559,138.15126,137.03748,0.4085,22.1,82.15,81.93,10,time_exit,39.60209,0.24751,3.24628,0.00103,tokyo,2022
USDJPY,-1,2022-12-13 18:00:00,2022-12-14 04:00:00,135.19,135.521,135.82204,133.92592,0.2414,-33.1,-72.71,-72.94,10,time_exit,37.94653,0.42136,-4.21716,-0.0401,new_york,2022
USDJPY,1,2022-12-15 14:00:00,2022-12-15 17:00:00,136.522,137.51297,136.02651,137.51297,0.3063,99.1,276.22,275.99,3,take_profit,31.82148,0.33032,2.1051,-1.90277,london,2022
USDJPY,1,2022-12-16 14:00:00,2022-12-16 17:00:00,137.028,136.58415,136.58415,137.9157,0.3487,-44.4,-140.84,-141.07,3,stop_loss,25.31609,0.2959,0.91812,0.37159,london,2022
USDJPY,-1,2022-12-16 22:00:00,2022-12-19 08:00:00,136.549,136.071,136.99262,135.66175,0.3454,47.8,150.24,150.01,10,time_exit,28.39016,0.29575,-0.59869,0.27563,,2022
USDJPY,1,2022-12-19 14:00:00,2022-12-20 00:00:00,136.325,136.876,135.86476,137.24548,0.3365,55.1,168.72,168.5,10,time_exit,30.19396,0.30683,-0.48468,-0.35635,london,2022
USDJPY,-1,2022-12-20 13:00:00,2022-12-20 19:00:00,132.415,130.63875,133.30313,130.63875,0.1765,177.6,285.29,285.07,6,take_profit,38.44858,0.59208,-5.395,-1.22335,london,2022
USDJPY,1,2022-12-22 02:00:00,2022-12-22 03:00:00,132.396,131.91823,131.91823,133.35155,0.3346,-47.8,-145.48,-145.7,1,stop_loss,15.98099,0.31852,-1.47893,-6.67902,tokyo,2022
USDJPY,1,2022-12-22 06:00:00,2022-12-22 16:00:00,131.753,132.69652,131.28124,132.69652,0.3355,94.4,288.06,287.83,10,take_profit,18.46987,0.31451,-3.06832,-6.84533,tokyo,2022
USDJPY,-1,2022-12-22 19:00:00,2022-12-23 03:00:00,132.342,132.76606,132.76606,131.49388,0.3807,-42.4,-146.91,-147.14,8,stop_loss,17.85462,0.28271,-0.45965,-7.28978,new_york,2022
USDJPY,1,2022-12-23 15:00:00,2022-12-27 01:00:00,132.691,132.764,132.3906,133.2918,0.532,7.3,35.34,35.11,10,time_exit,20.08484,0.20027,0.79918,-8.21282,london,2022
USDJPY,1,2022-12-28 12:00:00,2022-12-28 14:00:00,134.031,133.66186,133.66186,134.76928,0.434,-36.9,-145.79,-146.02,2,stop_loss,43.41871,0.24609,2.77815,-2.13806,london,2022
USDJPY,-1,2022-12-28 20:00:00,2022-12-29 06:00:00,134.174,133.626,134.58249,133.35702,0.3882,54.8,193.59,193.36,10,time_exit,30.77265,0.27233,2.38251,-1.32078,new_york,2022
USDJPY,1,2022-12-29 12:00:00,2022-12-29 15:00:00,133.612,133.24167,133.24167,134.35266,0.434,-37.0,-146.26,-146.48,3,stop_loss,25.78168,0.24689,-0.36213,-0.76734,london,2022
USDJPY,-1,2022-12-29 15:00:00,2022-12-29 16:00:00,133.645,132.94242,133.99629,132.94242,0.4529,70.3,289.56,289.33,1,take_profit,25.01035,0.23419,-0.30653,-0.77457,london,2022
USDJPY,-1,2022-12-29 16:00:00,2022-12-30 02:00:00,133.167,132.442,133.55288,132.39525,0.4206,72.5,277.49,277.26,10,time_exit,26.50906,0.25725,-2.01601,-0.75953,new_york,2022
USDJPY,-1,2023-01-02 02:00:00,2023-01-02 12:00:00,130.926,130.789,131.39396,129.99008,0.3533,13.7,44.05,43.82,10,time_exit,48.61802,0.31197,-4.57579,-3.25502,tokyo,2023
USDJPY,-1,2023-01-02 14:00:00,2023-01-03 00:00:00,130.776,130.712,131.04466,130.23869,0.6172,6.4,35.95,35.72,10,time_exit,41.55874,0.1791,-5.72876,-7.19776,london,2023
USDJPY,1,2023-01-03 03:00:00,2023-01-03 04:00:00,130.617,130.31972,130.31972,131.21157,0.5591,-29.7,-151.25,-151.48,1,stop_loss,38.83389,0.19819,-3.79012,-7.2616,tokyo,2023
USDJPY,-1,2023-01-03 17:00:00,2023-01-03 18:00:00,130.187,130.76196,130.76196,129.03708,0.2862,-57.5,-149.74,-149.97,1,stop_loss,28.47373,0.38331,-1.90567,-4.06193,new_york,2023
USDJPY,-1,2023-01-04 10:00:00,2023-01-04 14:00:00,130.253,130.78725,130.78725,129.1845,0.3049,-53.4,-148.23,-148.46,4,stop_loss,17.1562,0.35617,-1.7175,-3.80536,london,2023
USDJPY,1,2023-01-05 07:00:00,2023-01-05 15:00:00,132.314,133.39442,131.77379,133.39442,0.2985,108.0,293.48,293.25,8,take_profit,23.28823,0.36014,2.41655,-1.91838,tokyo,2023
USDJPY,1,2023-01-06 06:00:00,2023-01-06 15:00:00,133.818,133.3425,133.3425,134.769,0.3459,-47.6,-149.67,-149.9,9,stop_loss_ambiguous,31.62137,0.317,4.02098,0.60947,tokyo,2023
USDJPY,-1,2023-01-06 15:00:00,2023-01-06 16:00:00,134.67,133.71905,135.14547,133.71905,0.3425,95.1,296.39,296.16,1,take_profit,36.08178,0.31698,5.0268,1.77168,london,2023
USDJPY,1,2023-01-06 17:00:00,2023-01-06 18:00:00,133.352,132.69879,132.69879,134.65843,0.2543,-65.3,-151.16,-151.39,1,stop_loss,32.88691,0.43548,1.98783,1.34401,new_york,2023
USDJPY,-1,2023-01-09 05:00:00,2023-01-09 09:00:00,131.356,131.95334,131.95334,130.16132,0.2753,-59.7,-149.65,-149.88,4,stop_loss,36.85127,0.39823,-3.33489,0.51359,tokyo,2023
USDJPY,-1,2023-01-09 12:00:00,2023-01-09 22:00:00,132.443,131.798,133.01662,131.29576,0.2838,64.5,166.58,166.35,10,time_exit,30.42647,0.38241,-0.18571,0.18371,london,2023
USDJPY,-1,2023-01-10 07:00:00,2023-01-10 15:00:00,131.988,132.47003,132.47003,131.02395,0.3415,-48.2,-149.8,-150.02,8,stop_loss,24.17409,0.32135,-0.55948,-0.56287,tokyo,2023
USDJPY,1,2023-01-10 19:00:00,2023-01-11 05:00:00,132.255,132.456,131.75154,133.26193,0.3237,20.1,59.21,58.98,10,time_exit,15.43055,0.33564,0.36784,-0.5455,new_york,2023
USDJPY,1,2023-01-11 16:00:00,2023-01-11 20:00:00,132.692,132.31525,132.31525,133.44551,0.4343,-37.7,-148.9,-149.13,4,stop_loss,14.51765,0.25117,1.58707,-0.13223,new_york,2023
USDJPY,1,2023-01-13 11:00:00,2023-01-13 16:00:00,128.336,127.69234,127.69234,129.62333,0.2516,-64.4,-147.37,-147.6,5,stop_loss,64.49862,0.42911,-4.8061,-2.98042,london,2023
USDJPY,-1,2023-01-13 16:00:00,2023-01-16 02:00:00,128.238,127.857,128.86544,126.98312,0.2556,38.1,88.62,88.39,10,time_exit,62.03898,0.41829,-4.33024,-3.51688,new_york,2023
USDJPY,1,2023-01-17 17:00:00,2023-01-18 03:00:00,128.289,128.566,127.77199,129.32301,0.312,27.7,78.65,78.42,10,time_exit,21.25512,0.34467,-1.14893,-4.64222,new_york,2023
USDJPY,1,2023-01-18 09:00:00,2023-01-18 10:00:00,130.729,129.92851,129.92851,132.32997,0.2026,-80.0,-147.58,-147.81,1,stop_loss,31.11415,0.53366,3.26505,-2.12482,london,2023
USDJPY,1,2023-01-19 15:00:00,2023-01-20 01:00:00,128.632,128.375,128.09173,129.71255,0.2972,-25.7,-69.51,-69.73,10,time_exit,17.89593,0.36018,-0.11762,-2.93659,london,2023
USDJPY,-1,2023-01-20 16:00:00,2023-01-20 20:00:00,130.604,129.57633,131.11784,129.57633,0.311,102.8,290.84,290.61,4,take_profit,30.8174,0.34256,4.87679,-1.83684,new_york,2023
USDJPY,-1,2023-01-23 18:00:00,2023-01-24 04:00:00,130.612,130.314,131.11546,129.60509,0.3237,29.8,87.78,87.55,10,time_exit,30.04781,0.33564,3.1189,-0.18771,new_york,2023
USDJPY,-1,2023-01-24 06:00:00,2023-01-24 16:00:00,130.384,130.7661,130.7661,129.6198,0.4291,-38.2,-149.2,-149.43,10,stop_loss,28.17479,0.25473,1.76935,0.79094,tokyo,2023
USDJPY,1,2023-01-25 08:00:00,2023-01-25 11:00:00,130.444,130.07224,130.07224,131.18751,0.4366,-37.2,-147.7,-147.93,3,stop_loss,17.47596,0.24784,1.22128,1.1801,tokyo,2023
USDJPY,1,2023-01-30 03:00:00,2023-01-30 06:00:00,130.084,129.75168,129.75168,130.74863,0.4835,-33.2,-146.21,-146.44,3,stop_loss,10.6249,0.22154,0.82955,0.24326,tokyo,2023
USDJPY,-1,2023-01-30 22:00:00,2023-01-31 08:00:00,130.554,130.256,130.9038,129.8544,0.4548,29.8,123.33,123.11,10,time_exit,16.82443,0.2332,2.32307,0.54299,,2023
USDJPY,-1,2023-02-02 05:00:00,2023-02-02 10:00:00,128.522,128.98701,128.98701,127.59198,0.345,-46.5,-145.99,-146.22,5,stop_loss,34.275,0.31001,-3.41844,-0.83223,tokyo,2023
USDJPY,1,2023-02-02 19:00:00,2023-02-03 05:00:00,128.451,128.56,127.92867,129.49565,0.3041,10.9,30.16,29.94,10,time_exit,29.19567,0.34822,-2.05499,-1.46963,new_york,2023
USDJPY,-1,2023-02-03 09:00:00,2023-02-03 15:00:00,128.558,128.89619,128.89619,127.88161,0.4706,-33.8,-144.83,-145.06,6,stop_loss,14.84256,0.22546,-1.65183,-2.70561,london,2023
USDJPY,1,2023-02-03 20:00:00,2023-02-06 00:00:00,131.054,132.13027,130.51586,132.13027,0.2928,107.6,286.77,286.54,4,take_profit,31.22094,0.35876,5.20413,-0.99745,new_york,2023
USDJPY,1,2023-02-07 10:00:00,2023-02-07 11:00:00,132.157,131.7998,131.7998,132.87139,0.4499,-35.7,-146.24,-146.47,1,stop_loss,32.04259,0.23813,2.42266,5.08907,london,2023
USDJPY,1,2023-02-09 03:00:00,2023-02-09 07:00:00,131.514,131.15999,131.15999,132.22203,0.4494,-35.4,-144.78,-145.0,4,stop_loss,20.54932,0.23601,0.81688,2.72005,tokyo,2023
USDJPY,1,2023-02-10 02:00:00,2023-02-10 09:00:00,131.528,131.13868,131.13868,132.30665,0.4045,-38.9,-143.31,-143.54,7,stop_loss,17.51906,0.25955,1.04509,1.78683,tokyo,2023
USDJPY,-1,2023-02-13 20:00:00,2023-02-14 06:00:00,132.576,131.969,133.00016,131.72767,0.3676,60.7,203.05,202.82,10,time_exit,25.83055,0.28278,2.56351,2.54854,new_york,2023
USDJPY,1,2023-02-17 05:00:00,2023-02-17 15:00:00,134.594,134.642,134.21815,135.3457,0.4208,4.8,18.38,18.15,10,time_exit,23.79483,0.25057,3.33682,5.295,tokyo,2023
USDJPY,-1,2023-02-20 12:00:00,2023-02-20 22:00:00,134.189,134.258,134.50736,133.55229,0.4974,-6.9,-31.23,-31.46,10,time_exit,18.98489,0.21224,0.02525,5.76901,london,2023
USDJPY,1,2023-02-21 01:00:00,2023-02-21 10:00:00,134.264,134.70656,134.04272,134.70656,0.7141,44.3,287.59,287.36,9,take_profit,12.50611,0.14752,0.57822,7.23492,tokyo,2023
USDJPY,1,2023-02-22 13:00:00,2023-02-22 14:00:00,134.887,134.59205,134.59205,135.47691,0.5464,-29.5,-146.66,-146.89,1,stop_loss,16.70442,0.19664,1.23599,5.2994,london,2023
USDJPY,-1,2023-02-23 06:00:00,2023-02-23 14:00:00,134.766,135.01571,135.01571,134.26658,0.6389,-25.0,-145.18,-145.41,8,stop_loss,12.7673,0.16647,0.34136,5.55958,tokyo,2023
USDJPY,1,2023-02-27 15:00:00,2023-02-27 16:00:00,136.321,136.00083,136.00083,136.96133,0.4933,-32.0,-143.72,-143.95,1,stop_loss,35.53599,0.21344,2.67111,5.56698,london,2023
USDJPY,-1,2023-02-28 03:00:00,2023-02-28 09:00:00,136.185,136.46269,136.46269,135.62961,0.5631,-27.8,-142.3,-142.52,6,stop_loss,17.50466,0.18513,1.46555,6.32314,tokyo,2023
USDJPY,1,2023-02-28 09:00:00,2023-02-28 10:00:00,136.337,136.83077,136.09012,136.83077,0.627,49.4,281.73,281.5,1,take_profit,14.99478,0.16459,2.10013,7.03294,london,2023
USDJPY,1,2023-02-28 19:00:00,2023-03-01 05:00:00,136.1,136.371,135.7743,136.7514,0.4848,27.1,119.56,119.33,10,time_exit,27.76266,0.21713,-0.41331,5.46711,new_york,2023
USDJPY,-1,2023-03-01 11:00:00,2023-03-01 14:00:00,135.891,135.26419,136.2044,135.26419,0.508,62.7,289.76,289.53,3,take_profit,17.80146,0.20894,-1.45797,4.87074,london,2023
USDJPY,1,2023-03-03 05:00:00,2023-03-03 10:00:00,136.671,136.33504,136.33504,137.34293,0.4834,-33.6,-147.79,-148.02,5,stop_loss,13.28744,0.22398,0.88442,3.86479,tokyo,2023
USDJPY,1,2023-03-06 06:00:00,2023-03-06 13:00:00,135.458,136.15998,135.10701,136.15998,0.458,70.2,292.57,292.34,7,take_profit,29.20961,0.23399,-3.13087,2.04095,tokyo,2023
USDJPY,-1,2023-03-07 23:00:00,2023-03-08 02:00:00,137.142,137.48882,137.48882,136.44837,0.4728,-34.7,-149.22,-149.44,3,stop_loss,26.91338,0.23121,3.95328,1.6188,,2023
USDJPY,-1,2023-03-08 07:00:00,2023-03-08 14:00:00,137.832,137.1647,138.16565,137.1647,0.4865,66.7,295.43,295.2,7,take_profit,41.9355,0.22243,5.69571,2.64589,tokyo,2023
USDJPY,-1,2023-03-09 11:00:00,2023-03-09 21:00:00,136.383,136.162,136.77443,135.60015,0.423,22.1,85.07,84.84,10,time_exit,34.45117,0.26095,-1.99596,2.48337,london,2023
USDJPY,-1,2023-03-14 13:00:00,2023-03-14 16:00:00,134.218,134.87227,134.87227,132.90946,0.2545,-65.4,-151.53,-151.75,3,stop_loss,23.92137,0.43618,0.06826,-2.77372,london,2023
USDJPY,1,2023-03-16 17:00:00,2023-03-16 20:00:00,132.352,133.72727,131.66437,133.72727,0.2397,137.5,299.98,299.76,3,take_profit,28.47863,0.45842,-2.2009,-2.7728,new_york,2023
USDJPY,1,2023-03-17 11:00:00,2023-03-17 15:00:00,133.017,132.49588,132.49588,134.05924,0.3226,-52.1,-152.98,-153.21,4,stop_loss,14.78395,0.34741,-0.85308,-3.16637,london,2023
USDJPY,1,2023-03-17 23:00:00,2023-03-20 09:00:00,131.988,131.40251,131.40251,133.15898,0.2843,-58.5,-151.47,-151.7,10,stop_loss,31.81494,0.39033,-2.44187,-3.17991,,2023
USDJPY,1,2023-03-21 11:00:00,2023-03-21 21:00:00,131.867,132.552,131.41069,132.77962,0.3611,68.5,225.09,224.86,10,time_exit,28.51389,0.30421,0.11539,-5.10353,london,2023
USDJPY,1,2023-03-22 04:00:00,2023-03-22 14:00:00,132.527,132.893,132.12457,133.33187,0.4156,36.6,138.42,138.19,10,time_exit,18.49166,0.26829,1.65281,-4.22963,tokyo,2023
USDJPY,-1,2023-03-22 18:00:00,2023-03-22 21:00:00,132.525,131.72457,132.92522,131.72457,0.4217,80.0,307.16,306.94,3,take_profit,22.99506,0.26681,0.84626,-3.13152,new_york,2023
USDJPY,1,2023-03-23 05:00:00,2023-03-23 15:00:00,130.891,131.48,130.38491,131.90318,0.3402,58.9,182.34,182.12,10,time_exit,35.93882,0.33739,-3.36601,-2.80559,tokyo,2023
USDJPY,1,2023-03-23 20:00:00,2023-03-24 04:00:00,130.764,130.26729,130.26729,131.75741,0.3506,-49.7,-158.47,-158.7,8,stop_loss,28.44592,0.33114,-2.44745,-3.39732,new_york,2023
USDJPY,1,2023-03-28 02:00:00,2023-03-28 03:00:00,131.466,131.12413,131.12413,132.14975,0.5043,-34.2,-156.89,-157.12,1,stop_loss,33.65872,0.22792,1.41527,-3.52798,tokyo,2023
USDJPY,-1,2023-03-28 09:00:00,2023-03-28 10:00:00,130.697,131.05805,131.05805,129.97491,0.4727,-36.1,-155.31,-155.53,1,stop_loss,31.631,0.2407,-1.45949,-3.40315,london,2023
USDJPY,-1,2023-03-28 12:00:00,2023-03-28 22:00:00,131.049,130.8,131.43251,130.28199,0.4406,24.9,99.84,99.61,10,time_exit,26.54371,0.25567,0.01151,-3.11256,london,2023
USDJPY,-1,2023-03-29 22:00:00,2023-03-30 08:00:00,132.661,132.46,133.05413,131.87474,0.4326,20.1,79.13,78.9,10,time_exit,30.9641,0.26209,4.02735,-0.66087,,2023
USDJPY,1,2023-03-31 09:00:00,2023-03-31 19:00:00,132.973,132.766,132.60141,133.71618,0.46,-20.7,-86.65,-86.88,10,time_exit,23.80198,0.24773,2.07636,1.64222,london,2023
USDJPY,-1,2023-03-31 22:00:00,2023-04-03 00:00:00,132.684,133.13907,133.13907,131.77385,0.3735,-45.5,-154.67,-154.9,2,stop_loss,19.30673,0.30338,-0.03793,1.72618,,2023
USDJPY,1,2023-04-04 04:00:00,2023-04-04 14:00:00,132.557,133.034,132.19732,133.27636,0.4678,47.7,203.06,202.83,10,time_exit,24.74945,0.23979,-0.92163,1.73522,tokyo,2023
USDJPY,-1,2023-04-04 19:00:00,2023-04-05 05:00:00,131.604,131.773,132.09542,130.62115,0.347,-16.9,-53.37,-53.59,10,time_exit,18.04885,0.32762,-3.38682,0.943,new_york,2023
USDJPY,-1,2023-04-05 07:00:00,2023-04-05 15:00:00,131.677,130.93994,132.04553,130.93994,0.4611,73.7,309.27,309.04,8,take_profit,29.9131,0.24569,-2.56113,-0.04849,tokyo,2023
USDJPY,1,2023-04-10 23:00:00,2023-04-11 08:00:00,133.56,133.22813,133.22813,134.22374,0.5222,-33.2,-157.71,-157.93,9,stop_loss,33.79439,0.22125,4.75069,1.5418,,2023
USDJPY,-1,2023-04-11 09:00:00,2023-04-11 10:00:00,133.256,133.54276,133.54276,132.68249,0.5983,-28.7,-156.12,-156.35,1,stop_loss,29.02633,0.19117,2.30473,2.75492,london,2023
USDJPY,1,2023-04-12 19:00:00,2023-04-13 05:00:00,133.254,133.246,132.83863,134.08474,0.4089,-0.8,-2.98,-3.2,10,time_exit,31.595,0.27691,-0.39724,2.57164,new_york,2023
USDJPY,-1,2023-04-13 20:00:00,2023-04-13 21:00:00,132.378,132.77453,132.77453,131.58493,0.4283,-39.7,-154.55,-154.78,1,stop_loss,31.94165,0.26436,-2.75214,1.4274,new_york,2023
USDJPY,1,2023-04-14 08:00:00,2023-04-14 15:00:00,132.476,133.09472,132.16664,133.09472,0.5434,61.9,305.96,305.73,7,take_profit,35.03476,0.20624,-1.99786,0.87935,tokyo,2023
USDJPY,1,2023-04-14 18:00:00,2023-04-17 04:00:00,133.462,133.988,133.04478,134.29643,0.411,52.6,196.73,196.5,10,time_exit,32.69109,0.27814,2.26411,0.45137,new_york,2023
USDJPY,-1,2023-04-17 09:00:00,2023-04-17 16:00:00,133.95,134.28486,134.28486,133.28029,0.5185,-33.5,-158.0,-158.22,7,stop_loss,38.63603,0.22324,2.86441,1.95341,london,2023
USDJPY,1,2023-04-18 11:00:00,2023-04-18 14:00:00,134.234,133.96502,133.96502,134.77196,0.6391,-26.9,-156.43,-156.66,3,stop_loss,29.83203,0.17932,1.42613,4.33667,london,2023
USDJPY,-1,2023-04-19 07:00:00,2023-04-19 09:00:00,134.296,134.53271,134.53271,133.82258,0.7189,-23.7,-154.85,-155.08,2,stop_loss,19.5655,0.15781,1.52726,4.36944,tokyo,2023
USDJPY,-1,2023-04-24 00:00:00,2023-04-24 05:00:00,133.942,134.25387,134.25387,133.31826,0.5402,-31.2,-153.31,-153.54,5,stop_loss,16.74833,0.20791,-0.26412,1.71229,tokyo,2023
USDJPY,1,2023-04-24 18:00:00,2023-04-25 01:00:00,134.435,134.12055,134.12055,135.06389,0.5304,-31.4,-151.77,-152.0,7,stop_loss,13.14685,0.20963,0.82264,1.7168,new_york,2023
USDJPY,1,2023-04-25 21:00:00,2023-04-26 07:00:00,133.58,133.582,133.24003,134.25995,0.4857,0.2,0.88,0.66,10,time_exit,16.14499,0.22665,-2.51994,0.85809,new_york,2023
USDJPY,-1,2023-04-27 06:00:00,2023-04-27 11:00:00,133.53,133.86443,133.86443,132.86113,0.4937,-33.4,-150.25,-150.48,5,stop_loss,14.63507,0.22296,-0.9022,-0.54308,tokyo,2023
USDJPY,-1,2023-04-28 06:00:00,2023-04-28 07:00:00,134.1,134.47496,134.47496,133.35008,0.436,-37.5,-148.77,-149.0,1,stop_loss,10.69648,0.24997,1.00983,-0.05714,tokyo,2023
USDJPY,1,2023-04-28 09:00:00,2023-04-28 12:00:00,134.982,136.12838,134.40881,136.12838,0.2823,114.6,294.5,294.27,3,take_profit,12.87838,0.38213,2.76666,0.11583,london,2023
USDJPY,1,2023-04-28 14:00:00,2023-05-01 00:00:00,136.072,136.195,135.48094,137.25411,0.2793,12.3,31.26,31.03,10,time_exit,22.32009,0.39404,4.55524,0.7576,london,2023
USDJPY,-1,2023-05-01 09:00:00,2023-05-01 17:00:00,136.91,137.29685,137.29685,136.1363,0.4276,-38.7,-150.53,-150.76,8,stop_loss,44.12646,0.2579,5.73745,4.01175,london,2023
USDJPY,-1,2023-05-02 18:00:00,2023-05-03 04:00:00,136.422,136.017,136.82148,135.62304,0.4099,40.5,151.07,150.84,10,time_exit,37.80726,0.26632,-1.45862,6.04383,new_york,2023
USDJPY,-1,2023-05-03 20:00:00,2023-05-04 00:00:00,135.385,134.61613,135.76943,134.61613,0.4303,76.9,301.07,300.84,4,take_profit,45.56665,0.25629,-3.17598,3.19963,new_york,2023
USDJPY,1,2023-05-04 10:00:00,2023-05-04 17:00:00,134.35,133.95083,133.95083,135.14834,0.4227,-39.9,-153.54,-153.77,7,stop_loss,55.12149,0.26611,-4.45273,0.92635,london,2023
USDJPY,1,2023-05-05 11:00:00,2023-05-05 15:00:00,134.055,134.728,133.7185,134.728,0.4964,67.3,304.01,303.78,4,take_profit,29.19206,0.22433,-2.71461,-1.69835,london,2023
USDJPY,-1,2023-05-08 20:00:00,2023-05-08 21:00:00,134.712,134.99808,134.99808,134.13984,0.5955,-28.6,-155.03,-155.25,1,stop_loss,22.58704,0.19072,-0.50652,-0.93156,new_york,2023
USDJPY,-1,2023-05-09 07:00:00,2023-05-09 16:00:00,134.938,135.20656,135.20656,134.40089,0.628,-26.9,-153.47,-153.7,9,stop_loss,20.58279,0.17904,0.22372,-0.52842,tokyo,2023
USDJPY,-1,2023-05-10 18:00:00,2023-05-11 04:00:00,134.423,134.067,134.78207,133.70487,0.465,35.6,150.64,150.41,10,time_exit,24.03053,0.23938,-2.49043,0.01701,new_york,2023
USDJPY,1,2023-05-11 18:00:00,2023-05-12 04:00:00,134.418,134.5,133.98453,135.28494,0.389,8.2,29.03,28.8,10,time_exit,30.94871,0.28898,-0.5751,-0.97494,new_york,2023
USDJPY,-1,2023-05-16 03:00:00,2023-05-16 13:00:00,136.034,135.816,136.26176,135.57848,0.7417,21.8,147.14,146.91,10,time_exit,23.83609,0.15184,2.54302,3.29864,tokyo,2023
USDJPY,-1,2023-05-16 16:00:00,2023-05-16 17:00:00,136.098,136.36289,136.36289,135.56821,0.6439,-26.5,-155.21,-155.44,1,stop_loss,20.31184,0.1766,1.97324,2.903,new_york,2023
USDJPY,-1,2023-05-22 10:00:00,2023-05-22 14:00:00,137.847,138.17763,138.17763,137.18574,0.5107,-33.1,-153.66,-153.88,4,stop_loss,29.54661,0.22042,-0.222,5.26382,london,2023
USDJPY,1,2023-05-24 18:00:00,2023-05-25 04:00:00,138.991,139.63702,138.66799,139.63702,0.5175,64.6,304.23,304.0,10,take_profit,11.73803,0.21534,2.35745,4.56983,new_york,2023
USDJPY,-1,2023-05-30 11:00:00,2023-05-30 12:00:00,140.261,140.57598,140.57598,139.63104,0.5413,-31.5,-155.15,-155.38,1,stop_loss,16.70128,0.20999,0.11111,5.67037,london,2023
USDJPY,1,2023-05-30 16:00:00,2023-05-31 02:00:00,139.826,139.795,139.44277,140.59246,0.4404,-3.1,-12.42,-12.65,10,time_exit,15.8348,0.25549,-1.41166,4.30587,new_york,2023
USDJPY,1,2023-05-31 09:00:00,2023-05-31 13:00:00,139.409,140.05973,139.08363,140.05973,0.5183,65.1,306.92,306.69,4,take_profit,11.08319,0.21691,-2.60885,3.61754,london,2023
USDJPY,-1,2023-06-01 02:00:00,2023-06-01 08:00:00,139.201,139.57697,139.57697,138.44906,0.4575,-37.6,-156.53,-156.75,6,stop_loss,11.2472,0.25065,-2.30178,2.0731,tokyo,2023
USDJPY,-1,2023-06-01 16:00:00,2023-06-02 02:00:00,139.105,138.744,139.50657,138.30186,0.4241,36.1,139.32,139.09,10,time_exit,12.31907,0.26771,-2.03493,1.39418,new_york,2023
USDJPY,1,2023-06-02 05:00:00,2023-06-02 15:00:00,138.872,139.25,138.54309,139.52982,0.5224,37.8,179.7,179.47,10,time_exit,17.97151,0.21927,-2.07018,0.41072,tokyo,2023
USDJPY,-1,2023-06-02 17:00:00,2023-06-02 18:00:00,139.41,139.794,139.794,138.64199,0.4526,-38.4,-158.16,-158.39,1,stop_loss,15.38349,0.256,0.88024,-0.06681,new_york,2023
USDJPY,-1,2023-06-05 15:00:00,2023-06-05 17:00:00,140.266,139.73403,140.53199,139.73403,0.6469,53.2,313.16,312.93,2,take_profit,43.29475,0.17732,3.01123,2.00801,london,2023
USDJPY,1,2023-06-05 19:00:00,2023-06-06 05:00:00,139.646,139.542,139.31321,140.31159,0.5273,-10.4,-49.9,-50.13,10,time_exit,38.60601,0.22186,-0.47808,1.60374,new_york,2023
USDJPY,-1,2023-06-08 11:00:00,2023-06-08 16:00:00,139.726,139.14749,140.01526,139.14749,0.6048,57.9,318.4,318.17,5,take_profit,13.75686,0.19284,0.02003,1.07841,london,2023
USDJPY,1,2023-06-09 13:00:00,2023-06-09 14:00:00,139.65,139.40765,139.40765,140.1347,0.7363,-24.2,-162.38,-162.61,1,stop_loss,25.93305,0.16157,1.42709,-0.21182,london,2023
USDJPY,1,2023-06-09 19:00:00,2023-06-12 05:00:00,139.36,139.539,139.06251,139.95497,0.5938,17.9,96.72,96.5,10,time_exit,20.76854,0.19832,-0.29026,-0.16981,new_york,2023
USDJPY,1,2023-06-12 05:00:00,2023-06-12 11:00:00,139.547,139.29801,139.29801,140.04498,0.7137,-24.9,-161.71,-161.94,6,stop_loss,13.69753,0.16599,0.80865,-0.18946,tokyo,2023
USDJPY,-1,2023-06-13 16:00:00,2023-06-13 17:00:00,139.154,139.46487,139.46487,138.53227,0.5659,-31.1,-160.09,-160.31,1,stop_loss,9.38395,0.20724,-1.55883,0.07731,new_york,2023
USDJPY,-1,2023-06-13 20:00:00,2023-06-13 21:00:00,139.896,140.26702,140.26702,139.15396,0.4694,-37.1,-158.48,-158.71,1,stop_loss,9.9131,0.24735,1.45856,0.23541,new_york,2023
USDJPY,-1,2023-06-16 13:00:00,2023-06-16 16:00:00,140.958,141.41497,141.41497,140.04405,0.3773,-45.7,-156.9,-157.13,3,stop_loss,24.13579,0.30465,1.68239,1.74284,london,2023
USDJPY,-1,2023-06-16 21:00:00,2023-06-19 07:00:00,141.784,141.497,142.2474,140.85721,0.3684,28.7,96.22,95.99,10,time_exit,26.37059,0.30893,3.43365,2.23661,new_york,2023
USDJPY,1,2023-06-21 20:00:00,2023-06-22 06:00:00,141.936,141.748,141.58275,142.64251,0.4862,-18.8,-83.18,-83.41,10,time_exit,29.61118,0.2355,0.95766,3.39795,new_york,2023
USDJPY,1,2023-06-22 18:00:00,2023-06-23 04:00:00,142.789,142.924,142.42887,143.50926,0.4744,13.5,58.28,58.05,10,time_exit,24.0035,0.24009,3.85801,3.12285,new_york,2023
USDJPY,1,2023-06-26 06:00:00,2023-06-26 10:00:00,143.5,143.15834,143.15834,144.18333,0.5019,-34.2,-156.05,-156.28,4,stop_loss,17.07625,0.22778,2.07261,5.47231,tokyo,2023
USDJPY,1,2023-06-26 12:00:00,2023-06-26 22:00:00,143.151,143.503,142.79617,143.86067,0.4784,35.2,153.24,153.01,10,time_exit,17.44788,0.23656,0.23514,5.16242,london,2023
USDJPY,1,2023-06-29 08:00:00,2023-06-29 10:00:00,144.584,144.3244,144.3244,145.10321,0.6604,-26.0,-156.01,-156.24,2,stop_loss,23.23553,0.17307,3.01894,6.7415,tokyo,2023
USDJPY,1,2023-07-03 14:00:00,2023-07-03 16:00:00,144.736,144.4609,144.4609,145.2862,0.617,-27.5,-154.46,-154.69,2,stop_loss,15.4672,0.1834,1.18452,5.01057,london,2023
USDJPY,1,2023-07-06 11:00:00,2023-07-06 17:00:00,143.912,144.53976,143.59812,144.53976,0.5353,62.8,305.8,305.57,6,take_profit,31.32637,0.20925,-2.25894,1.73412,london,2023
USDJPY,-1,2023-07-07 02:00:00,2023-07-07 09:00:00,144.072,143.4571,144.37945,143.4571,0.5574,61.5,311.9,311.67,7,take_profit,17.41968,0.20497,-0.86113,1.06387,tokyo,2023
USDJPY,-1,2023-07-10 05:00:00,2023-07-10 06:00:00,142.499,142.86048,142.86048,141.77604,0.4836,-36.1,-159.08,-159.31,1,stop_loss,42.65131,0.24099,-3.08783,-2.1099,tokyo,2023
USDJPY,-1,2023-07-10 10:00:00,2023-07-10 16:00:00,142.449,141.67113,142.83793,141.67113,0.445,77.8,315.0,314.77,6,take_profit,31.68931,0.25929,-2.7685,-2.12354,london,2023
USDJPY,-1,2023-07-11 06:00:00,2023-07-11 16:00:00,140.621,140.833,140.98893,139.88514,0.4798,-21.2,-92.56,-92.79,10,time_exit,45.58729,0.24529,-6.69794,-4.34171,tokyo,2023
USDJPY,1,2023-07-13 08:00:00,2023-07-13 16:00:00,138.521,138.15095,138.15095,139.26109,0.4743,-37.0,-159.72,-159.94,8,stop_loss,59.99648,0.2467,-4.19084,-9.13733,tokyo,2023
USDJPY,1,2023-07-13 18:00:00,2023-07-14 03:00:00,138.189,137.71476,137.71476,139.13748,0.3664,-47.4,-158.12,-158.35,9,stop_loss,42.22126,0.31616,-3.15047,-7.28594,new_york,2023
USDJPY,-1,2023-07-17 21:00:00,2023-07-18 07:00:00,138.841,138.462,139.27323,137.97654,0.3979,37.9,137.23,137.0,10,time_exit,21.33147,0.28815,0.69708,-5.67366,new_york,2023
USDJPY,1,2023-07-18 14:00:00,2023-07-18 15:00:00,138.27,137.94544,137.94544,138.91911,0.5346,-32.5,-157.89,-158.12,1,stop_loss,14.8171,0.21637,-1.37884,-6.62341,london,2023
USDJPY,1,2023-07-18 23:00:00,2023-07-19 09:00:00,138.926,139.448,138.45498,139.86805,0.3647,52.2,173.24,173.01,10,time_exit,11.72203,0.31402,1.00591,-4.05028,,2023
USDJPY,-1,2023-07-19 19:00:00,2023-07-20 05:00:00,139.769,139.218,140.19183,138.92335,0.4107,55.1,205.93,205.7,10,time_exit,28.81548,0.28188,2.42135,-2.55198,new_york,2023
USDJPY,1,2023-07-20 08:00:00,2023-07-20 17:00:00,139.376,140.04332,139.04234,140.04332,0.5273,66.7,320.21,319.98,9,take_profit,21.60636,0.22244,0.60266,-2.35373,tokyo,2023
USDJPY,1,2023-07-21 16:00:00,2023-07-24 02:00:00,141.374,141.754,140.88181,142.35837,0.3646,38.0,126.08,125.85,10,time_exit,35.25773,0.32812,3.74059,0.69804,new_york,2023
USDJPY,-1,2023-07-27 13:00:00,2023-07-27 15:00:00,140.055,140.46001,140.46001,139.24498,0.4465,-40.5,-164.56,-164.79,2,stop_loss,25.15137,0.27001,-1.60677,-0.02011,london,2023
USDJPY,-1,2023-07-28 21:00:00,2023-07-31 05:00:00,140.886,141.74516,141.74516,139.16768,0.2084,-85.9,-162.93,-163.16,8,stop_loss,21.809,0.57277,1.47081,-0.48468,new_york,2023
USDJPY,-1,2023-07-31 05:00:00,2023-07-31 11:00:00,141.552,142.23943,142.23943,140.17715,0.2578,-68.7,-161.27,-161.5,6,stop_loss,24.83648,0.45828,2.69202,-0.12744,tokyo,2023
USDJPY,1,2023-07-31 15:00:00,2023-08-01 01:00:00,142.197,142.258,141.6357,143.3196,0.3126,6.1,17.35,17.12,10,time_exit,36.7848,0.3742,3.47682,0.96521,london,2023
USDJPY,-1,2023-08-01 07:00:00,2023-08-01 15:00:00,142.673,143.05085,143.05085,141.9173,0.4648,-37.8,-159.82,-160.05,8,stop_loss,44.11556,0.2519,4.31042,3.11761,tokyo,2023
USDJPY,1,2023-08-01 15:00:00,2023-08-02 01:00:00,142.974,142.919,142.63859,143.64482,0.5184,-5.5,-25.95,-26.17,10,time_exit,46.03257,0.22361,4.78711,4.26392,london,2023
USDJPY,-1,2023-08-02 18:00:00,2023-08-03 04:00:00,143.382,143.276,143.79433,142.55735,0.421,10.6,40.61,40.38,10,time_exit,23.82106,0.27488,2.59726,4.36262,new_york,2023
USDJPY,1,2023-08-03 10:00:00,2023-08-03 11:00:00,143.669,143.31004,143.31004,144.38692,0.4848,-35.9,-158.36,-158.59,1,stop_loss,17.04664,0.23931,2.8418,5.25049,london,2023
USDJPY,-1,2023-08-03 20:00:00,2023-08-04 06:00:00,142.515,142.544,142.96563,141.61374,0.3823,-2.9,-10.09,-10.32,10,time_exit,19.92662,0.30042,-1.25673,3.56073,new_york,2023
USDJPY,1,2023-08-08 14:00:00,2023-08-09 00:00:00,143.229,143.33,142.89609,143.89483,0.5172,10.1,47.54,47.31,10,time_exit,25.1312,0.22194,2.6489,2.25539,london,2023
USDJPY,-1,2023-08-09 14:00:00,2023-08-09 17:00:00,143.378,143.63127,143.63127,142.87146,0.6819,-25.3,-157.16,-157.39,3,stop_loss,16.19309,0.16885,2.09769,3.82152,london,2023
USDJPY,-1,2023-08-14 07:00:00,2023-08-14 15:00:00,144.918,145.17776,145.17776,144.39848,0.6582,-26.0,-155.59,-155.81,8,stop_loss,11.06086,0.17317,2.19392,6.79449,tokyo,2023
USDJPY,1,2023-08-15 03:00:00,2023-08-15 13:00:00,145.436,145.54,145.19338,145.92123,0.6976,10.4,66.02,65.79,10,time_exit,27.25333,0.16174,3.01925,7.70768,tokyo,2023
USDJPY,1,2023-08-16 15:00:00,2023-08-16 21:00:00,145.765,146.21933,145.53784,146.21933,0.7483,45.4,309.38,309.15,6,take_profit,13.20249,0.15144,2.44485,7.51772,london,2023
USDJPY,1,2023-08-17 05:00:00,2023-08-17 11:00:00,146.404,146.16553,146.16553,146.88094,0.727,-23.8,-157.76,-157.99,6,stop_loss,35.16576,0.15898,4.26163,7.70186,tokyo,2023
USDJPY,-1,2023-08-22 03:00:00,2023-08-22 10:00:00,146.25,145.76339,146.4933,145.76339,0.7055,48.7,312.4,312.18,7,take_profit,35.33305,0.1622,2.74712,4.14034,tokyo,2023
USDJPY,-1,2023-08-22 10:00:00,2023-08-22 20:00:00,145.914,145.792,146.17107,145.39986,0.681,12.2,75.6,75.38,10,time_exit,27.30399,0.17138,0.238,3.90849,london,2023
USDJPY,-1,2023-08-23 00:00:00,2023-08-23 10:00:00,145.888,145.39233,146.13583,145.39233,0.7097,49.6,320.11,319.89,10,take_profit,16.05621,0.16522,0.22239,3.45063,tokyo,2023
USDJPY,-1,2023-08-23 18:00:00,2023-08-24 04:00:00,144.77,145.006,145.11476,144.08047,0.5204,-23.6,-111.76,-111.99,10,time_exit,30.31238,0.22984,-3.85365,1.44803,new_york,2023
USDJPY,-1,2023-08-24 12:00:00,2023-08-24 14:00:00,145.309,145.59509,145.59509,144.73681,0.6228,-28.6,-162.14,-162.37,2,stop_loss,29.73071,0.19073,0.07046,0.24041,london,2023
USDJPY,1,2023-08-25 15:00:00,2023-08-25 17:00:00,145.998,145.75844,145.75844,146.47711,0.7364,-24.0,-160.53,-160.76,2,stop_loss_ambiguous,16.84197,0.1597,1.71394,1.9808,london,2023
USDJPY,1,2023-08-25 22:00:00,2023-08-28 08:00:00,146.335,146.388,146.0121,146.98081,0.5408,5.3,26.08,25.86,10,time_exit,22.98594,0.21527,2.19441,1.83994,,2023
USDJPY,-1,2023-08-29 23:00:00,2023-08-30 04:00:00,145.817,146.15892,146.15892,145.13315,0.5116,-34.2,-159.18,-159.41,5,stop_loss,24.46699,0.22795,-2.33214,2.17268,,2023
USDJPY,-1,2023-08-30 20:00:00,2023-08-31 06:00:00,146.096,145.95,146.44159,145.40482,0.5011,14.6,66.58,66.35,10,time_exit,20.16723,0.23039,-0.47219,1.33744,new_york,2023
USDJPY,-1,2023-09-01 17:00:00,2023-09-01 18:00:00,145.555,145.94358,145.94358,144.77785,0.4475,-38.9,-158.24,-158.47,1,stop_loss,31.27915,0.25905,-1.23433,-0.55443,new_york,2023
USDJPY,-1,2023-09-01 22:00:00,2023-09-04 08:00:00,146.155,146.183,146.53573,145.39355,0.4522,-2.8,-11.52,-11.75,10,time_exit,22.40666,0.25382,1.56804,-0.2983,,2023
USDJPY,-1,2023-09-04 16:00:00,2023-09-05 02:00:00,146.452,146.542,146.68188,145.99224,0.7483,-9.0,-61.29,-61.51,10,time_exit,14.63088,0.15325,2.83612,0.7615,new_york,2023
USDJPY,1,2023-09-05 05:00:00,2023-09-05 09:00:00,146.624,146.93948,146.46626,146.93948,1.0863,31.5,311.86,311.63,4,take_profit,18.99413,0.10516,3.9037,2.29073,tokyo,2023
USDJPY,-1,2023-09-06 00:00:00,2023-09-06 08:00:00,147.721,147.24051,147.96124,147.24051,0.7275,48.0,318.1,317.87,8,take_profit,55.03248,0.16016,5.61234,3.87783,tokyo,2023
USDJPY,-1,2023-09-11 07:00:00,2023-09-11 13:00:00,146.467,146.88163,146.88163,145.63774,0.4299,-41.5,-162.21,-162.43,6,stop_loss,25.68334,0.27642,-2.95579,1.60031,tokyo,2023
USDJPY,-1,2023-09-11 14:00:00,2023-09-12 00:00:00,146.899,146.537,147.36235,145.97229,0.3809,36.2,125.48,125.25,10,time_exit,32.71986,0.3089,-0.53375,0.82527,london,2023
USDJPY,1,2023-09-12 22:00:00,2023-09-13 08:00:00,147.098,147.315,146.83992,147.61416,0.6892,21.7,136.1,135.87,10,time_exit,18.13506,0.17205,1.10292,0.61093,,2023
USDJPY,1,2023-09-13 10:00:00,2023-09-13 15:00:00,147.282,147.72045,147.06277,147.72045,0.8181,43.8,326.41,326.19,5,take_profit,17.86001,0.14615,1.64579,1.28152,london,2023
USDJPY,-1,2023-09-14 03:00:00,2023-09-14 13:00:00,147.331,147.323,147.55979,146.87342,0.7996,0.8,5.82,5.59,10,time_exit,19.70151,0.15253,0.80496,1.81135,tokyo,2023
USDJPY,1,2023-09-19 07:00:00,2023-09-19 13:00:00,147.764,147.60443,147.60443,148.08314,1.1468,-16.0,-166.52,-166.75,6,stop_loss,13.15191,0.10638,1.13624,3.29904,tokyo,2023
USDJPY,-1,2023-09-19 18:00:00,2023-09-19 21:00:00,147.698,147.87565,147.87565,147.34271,1.0198,-17.8,-164.86,-165.09,3,stop_loss,11.30197,0.11843,0.23645,2.82552,new_york,2023
USDJPY,1,2023-09-20 01:00:00,2023-09-20 10:00:00,147.761,148.08669,147.59815,148.08669,1.1013,32.6,326.4,326.17,9,take_profit,12.13778,0.10856,0.46861,3.13441,tokyo,2023
USDJPY,-1,2023-09-22 12:00:00,2023-09-22 22:00:00,148.292,148.389,148.60158,147.67285,0.5909,-9.7,-52.16,-52.39,10,time_exit,31.85575,0.20638,1.84426,1.40339,london,2023
USDJPY,1,2023-09-28 18:00:00,2023-09-29 04:00:00,149.386,149.334,149.1512,149.8556,0.7767,-5.2,-36.75,-36.98,10,time_exit,22.87966,0.15653,0.97304,4.54725,new_york,2023
USDJPY,1,2023-09-29 19:00:00,2023-10-02 05:00:00,149.432,149.78,149.1242,150.0476,0.5911,34.8,187.19,186.96,10,time_exit,19.23358,0.2052,1.01165,2.66681,new_york,2023
USDJPY,-1,2023-10-03 18:00:00,2023-10-04 04:00:00,149.047,149.236,149.50084,148.13933,0.4054,-18.9,-69.72,-69.95,10,time_exit,15.3463,0.30256,-2.11606,2.01416,new_york,2023
USDJPY,1,2023-10-05 08:00:00,2023-10-05 18:00:00,148.554,148.494,148.23928,149.18344,0.5822,-6.0,-31.79,-32.02,10,time_exit,48.78885,0.20981,-2.51659,0.18304,tokyo,2023
USDJPY,1,2023-10-06 04:00:00,2023-10-06 14:00:00,148.64,149.05,148.37492,149.17016,0.6899,41.0,257.4,257.17,10,time_exit,27.91875,0.17672,-1.02388,-0.81666,tokyo,2023
USDJPY,-1,2023-10-06 16:00:00,2023-10-09 02:00:00,149.414,149.152,149.68919,148.86361,0.6748,26.2,160.89,160.66,10,time_exit,25.54612,0.18346,3.03899,-0.54005,new_york,2023
USDJPY,-1,2023-10-09 19:00:00,2023-10-10 03:00:00,148.704,148.26747,148.92226,148.26747,0.8589,43.7,341.19,340.96,8,take_profit,21.89666,0.14551,-2.15719,0.12208,new_york,2023
USDJPY,1,2023-10-10 06:00:00,2023-10-10 16:00:00,148.62,148.941,148.36081,149.13838,0.7378,32.1,215.52,215.29,10,time_exit,35.37602,0.17279,-1.26424,-0.65566,tokyo,2023
USDJPY,-1,2023-10-12 01:00:00,2023-10-12 11:00:00,149.068,149.085,149.31464,148.57471,0.7849,-1.7,-12.14,-12.37,10,time_exit,20.51525,0.16443,1.06083,-0.1633,tokyo,2023
USDJPY,1,2023-10-13 07:00:00,2023-10-13 08:00:00,149.766,149.60517,149.60517,150.08765,1.2029,-16.1,-176.05,-176.28,1,stop_loss,37.86275,0.10722,3.87155,2.69017,tokyo,2023
USDJPY,-1,2023-10-17 07:00:00,2023-10-17 11:00:00,149.546,149.6896,149.6896,149.25881,1.3337,-14.4,-174.28,-174.51,4,stop_loss,8.87182,0.09573,0.2731,2.80323,tokyo,2023
USDJPY,-1,2023-10-17 20:00:00,2023-10-18 06:00:00,149.76,149.669,149.9915,149.29701,0.819,9.1,67.82,67.59,10,time_exit,22.13332,0.15433,1.195,1.79306,new_york,2023
USDJPY,1,2023-10-18 11:00:00,2023-10-18 21:00:00,149.748,149.892,149.58844,150.06711,1.1929,14.4,156.32,156.09,10,time_exit,30.99109,0.10637,0.93903,2.69038,london,2023
USDJPY,1,2023-10-19 07:00:00,2023-10-19 17:00:00,149.809,149.924,149.65035,150.12629,1.2106,11.5,126.69,126.46,10,time_exit,23.42664,0.10576,0.72609,2.7562,tokyo,2023
USDJPY,1,2023-10-20 05:00:00,2023-10-20 11:00:00,149.871,149.71788,149.71788,150.17723,1.2634,-15.3,-176.04,-176.26,6,stop_loss,16.56267,0.10208,0.84737,2.62575,tokyo,2023
USDJPY,1,2023-10-20 17:00:00,2023-10-23 00:00:00,149.92,149.77201,149.77201,150.21598,1.2941,-14.8,-174.28,-174.5,7,stop_loss,14.80891,0.09866,0.87211,2.77325,new_york,2023
USDJPY,-1,2023-10-23 23:00:00,2023-10-24 02:00:00,149.648,149.78435,149.78435,149.37531,1.3905,-13.6,-172.53,-172.75,3,stop_loss,41.01931,0.0909,-2.14777,2.26079,,2023
USDJPY,1,2023-10-26 05:00:00,2023-10-26 09:00:00,150.266,150.10974,150.10974,150.57851,1.2012,-15.6,-170.8,-171.03,4,stop_loss_ambiguous,35.97051,0.10417,3.15302,1.90198,tokyo,2023
USDJPY,-1,2023-10-27 01:00:00,2023-10-27 11:00:00,150.381,150.08,150.60891,149.92517,0.8153,30.1,223.32,223.09,10,time_exit,23.12016,0.15194,1.267,2.15024,tokyo,2023
USDJPY,1,2023-10-27 22:00:00,2023-10-30 08:00:00,149.512,149.644,149.29267,149.95066,0.8584,13.2,103.11,102.88,10,time_exit,38.94193,0.14622,-3.64611,1.12065,,2023
USDJPY,1,2023-10-30 19:00:00,2023-10-31 05:00:00,149.007,149.443,148.72615,149.56869,0.6744,43.6,267.57,267.35,10,time_exit,27.3309,0.18723,-4.09244,-0.27058,new_york,2023
USDJPY,1,2023-11-02 09:00:00,2023-11-02 10:00:00,150.468,150.18494,150.18494,151.03412,0.6795,-28.3,-175.03,-175.26,1,stop_loss,36.54782,0.18871,-1.37449,2.58791,london,2023
USDJPY,-1,2023-11-03 00:00:00,2023-11-03 10:00:00,150.377,150.342,150.66245,149.8061,0.667,3.5,21.24,21.02,10,time_exit,46.91439,0.1903,-0.62788,1.63185,tokyo,2023
USDJPY,1,2023-11-06 08:00:00,2023-11-06 18:00:00,149.546,149.777,149.28884,150.06032,0.7413,23.1,155.83,155.6,10,time_exit,37.52185,0.17144,-2.49531,-0.98719,tokyo,2023
USDJPY,-1,2023-11-07 00:00:00,2023-11-07 06:00:00,150.052,150.26424,150.26424,149.62752,0.9063,-21.2,-175.04,-175.27,6,stop_loss,18.00537,0.14149,1.34324,-1.40631,tokyo,2023
USDJPY,1,2023-11-09 15:00:00,2023-11-09 16:00:00,151.11,150.9257,150.9257,151.4786,1.0332,-18.4,-173.28,-173.51,1,stop_loss,30.7318,0.12287,2.93982,3.08796,london,2023
USDJPY,1,2023-11-09 16:00:00,2023-11-09 21:00:00,150.971,151.36341,150.77479,151.36341,0.9608,39.2,343.1,342.87,5,take_profit,29.08281,0.1308,1.63214,2.92142,new_york,2023
USDJPY,1,2023-11-10 04:00:00,2023-11-10 14:00:00,151.25,151.4,151.05971,151.63059,1.0105,15.0,137.93,137.71,10,time_exit,25.3781,0.12686,2.44382,3.63972,tokyo,2023
USDJPY,1,2023-11-14 06:00:00,2023-11-14 15:00:00,151.702,151.53775,151.53775,152.0305,1.1799,-16.4,-176.35,-176.58,9,stop_loss,19.53079,0.1095,1.36772,5.80367,tokyo,2023
USDJPY,-1,2023-11-20 08:00:00,2023-11-20 11:00:00,149.081,148.26133,149.49083,148.26133,0.4681,82.0,349.15,348.93,3,take_profit,45.86039,0.27322,-3.52851,-2.12761,tokyo,2023
USDJPY,1,2023-11-20 11:00:00,2023-11-20 12:00:00,148.688,148.27048,148.27048,149.52304,0.4687,-41.8,-178.08,-178.31,1,stop_loss,46.17513,0.27835,-4.41303,-2.3688,london,2023
USDJPY,1,2023-11-20 18:00:00,2023-11-21 03:00:00,148.373,147.94033,147.94033,149.23833,0.4478,-43.3,-176.31,-176.54,9,stop_loss,47.99815,0.28844,-4.01732,-3.09455,new_york,2023
USDJPY,1,2023-11-22 03:00:00,2023-11-22 08:00:00,148.234,149.01206,147.84497,149.01206,0.493,77.8,349.06,348.83,5,take_profit,28.2727,0.25935,-0.62747,-5.16518,tokyo,2023
USDJPY,-1,2023-11-22 13:00:00,2023-11-22 16:00:00,148.9,149.32387,149.32387,148.05225,0.4615,-42.4,-178.01,-178.24,3,stop_loss,29.0384,0.28258,1.3725,-3.98949,london,2023
USDJPY,1,2023-11-22 21:00:00,2023-11-23 02:00:00,149.673,149.25644,149.25644,150.50611,0.4649,-41.7,-176.23,-176.46,5,stop_loss,35.27309,0.2777,3.33368,-3.12971,new_york,2023
USDJPY,-1,2023-11-23 17:00:00,2023-11-24 03:00:00,149.578,149.522,149.85837,149.01726,0.6838,5.6,34.85,34.62,10,time_exit,22.51499,0.18691,2.81663,-2.72582,new_york,2023
USDJPY,1,2023-11-27 13:00:00,2023-11-27 15:00:00,148.992,148.70273,148.70273,149.57053,0.6641,-28.9,-174.81,-175.04,2,stop_loss,20.18784,0.19284,-1.5313,-1.1038,london,2023
USDJPY,1,2023-11-27 20:00:00,2023-11-27 21:00:00,148.96,148.6608,148.6608,149.55839,0.6357,-29.9,-173.08,-173.31,1,stop_loss,21.04521,0.19946,-1.1805,-1.33517,new_york,2023
USDJPY,-1,2023-11-27 23:00:00,2023-11-28 03:00:00,148.629,148.04148,148.92276,148.04148,0.6409,58.8,342.65,342.42,4,take_profit,22.91982,0.19584,-2.58731,-1.54162,,2023
USDJPY,1,2023-11-28 05:00:00,2023-11-28 10:00:00,148.074,148.72889,147.74656,148.72889,0.5865,65.5,349.52,349.3,5,take_profit,31.80684,0.2183,-4.0991,-1.86807,tokyo,2023
USDJPY,-1,2023-11-29 01:00:00,2023-11-29 03:00:00,147.421,146.6907,147.78615,146.6907,0.5364,73.0,356.48,356.25,2,take_profit,33.46944,0.24343,-4.15131,-2.92099,tokyo,2023
USDJPY,-1,2023-11-29 18:00:00,2023-11-30 04:00:00,147.394,147.011,147.88667,146.40866,0.4055,38.3,141.33,141.1,10,time_exit,25.40206,0.32845,-1.5247,-2.91109,new_york,2023
USDJPY,-1,2023-11-30 04:00:00,2023-11-30 11:00:00,147.036,147.43662,147.43662,146.23476,0.5026,-40.1,-183.23,-183.46,7,stop_loss,27.97525,0.26708,-2.31289,-3.88477,tokyo,2023
USDJPY,1,2023-12-01 09:00:00,2023-12-01 10:00:00,148.195,147.82774,147.82774,148.92952,0.5428,-36.7,-181.41,-181.63,1,stop_loss,18.3269,0.24484,1.64456,-2.71657,london,2023
USDJPY,-1,2023-12-06 08:00:00,2023-12-06 13:00:00,147.177,147.484,147.484,146.56299,0.6428,-30.7,-179.58,-179.81,5,stop_loss,14.5216,0.20467,0.05262,-2.98703,tokyo,2023
USDJPY,1,2023-12-07 07:00:00,2023-12-07 08:00:00,146.732,146.44583,146.44583,147.30435,0.6827,-28.6,-177.79,-178.01,1,stop_loss,21.10498,0.19078,-2.16548,-2.63873,tokyo,2023
USDJPY,-1,2023-12-07 21:00:00,2023-12-08 07:00:00,143.496,143.933,144.35241,141.78319,0.2258,-43.7,-89.79,-90.02,10,time_exit,55.02603,0.57094,-4.57608,-2.05521,new_york,2023
USDJPY,-1,2023-12-08 10:00:00,2023-12-08 15:00:00,144.09,144.93266,144.93266,142.40467,0.2283,-84.3,-175.07,-175.29,5,stop_loss,54.64973,0.56178,-1.9402,-2.98736,london,2023
USDJPY,1,2023-12-08 16:00:00,2023-12-11 02:00:00,144.185,145.344,143.33756,145.87988,0.2248,115.9,237.09,236.87,10,time_exit,42.91474,0.56496,-1.40822,-3.04093,new_york,2023
USDJPY,-1,2023-12-12 19:00:00,2023-12-13 05:00:00,145.468,145.626,145.93083,144.54235,0.4172,-15.8,-59.99,-60.21,10,time_exit,22.47456,0.30855,-0.3685,-2.28265,new_york,2023
USDJPY,-1,2023-12-19 03:00:00,2023-12-19 04:00:00,142.545,142.88547,142.88547,141.86405,0.5652,-34.0,-175.12,-175.34,1,stop_loss,23.44727,0.22698,-0.15212,-6.32411,tokyo,2023
USDJPY,-1,2023-12-19 14:00:00,2023-12-19 18:00:00,144.791,143.58416,145.39442,143.58416,0.3157,120.7,346.71,346.48,4,take_profit,24.94378,0.40228,4.23357,-2.28182,london,2023
USDJPY,1,2023-12-20 16:00:00,2023-12-21 02:00:00,143.348,143.366,142.93592,144.17216,0.4715,1.8,7.72,7.5,10,time_exit,22.03605,0.27472,-0.44415,-1.71029,new_york,2023
USDJPY,-1,2023-12-21 06:00:00,2023-12-21 10:00:00,142.914,143.29848,143.29848,142.14504,0.5056,-38.4,-176.9,-177.13,4,stop_loss,23.1855,0.25632,-2.13331,-1.63964,tokyo,2023
USDJPY,-1,2023-12-22 12:00:00,2023-12-22 18:00:00,142.157,142.50903,142.50903,141.45294,0.5467,-35.2,-175.13,-175.36,6,stop_loss,34.93395,0.23469,-2.41951,-3.3672,london,2023
USDJPY,1,2023-12-26 07:00:00,2023-12-26 17:00:00,142.264,142.599,141.96905,142.85389,0.6459,33.5,196.9,196.68,10,time_exit,21.09436,0.19663,-1.19282,-4.09605,tokyo,2023
USDJPY,-1,2023-12-27 01:00:00,2023-12-27 02:00:00,142.38,142.59385,142.59385,141.95229,0.901,-21.4,-175.34,-175.57,1,stop_loss,13.27523,0.14257,-0.56746,-4.91051,tokyo,2023
USDJPY,1,2023-12-27 21:00:00,2023-12-27 22:00:00,142.048,141.75322,141.75322,142.63756,0.6471,-29.5,-173.58,-173.81,1,stop_loss,21.6489,0.19652,-2.11689,-2.9165,new_york,2023
USDJPY,1,2023-12-28 03:00:00,2023-12-28 06:00:00,141.592,141.22706,141.22706,142.32188,0.5175,-36.5,-171.86,-172.09,3,stop_loss,37.5501,0.24329,-2.935,-2.71624,tokyo,2023
USDJPY,-1,2023-12-29 03:00:00,2023-12-29 13:00:00,141.636,141.546,142.0232,140.8616,0.4828,9.0,39.54,39.31,10,time_exit,36.26938,0.25813,0.09342,-3.7319,tokyo,2023
USDJPY,1,2024-01-02 01:00:00,2024-01-02 04:00:00,140.894,141.61737,140.53232,141.61737,0.5181,72.3,341.05,340.82,3,take_profit,20.05098,0.24112,-2.15856,-3.80341,tokyo,2024
USDJPY,-1,2024-01-03 23:00:00,2024-01-04 07:00:00,143.24,143.6864,143.6864,142.34719,0.4281,-44.6,-173.91,-174.13,8,stop_loss,35.99492,0.2976,3.03339,0.12212,,2024
USDJPY,1,2024-01-08 03:00:00,2024-01-08 09:00:00,144.598,144.11169,144.11169,145.57061,0.3891,-48.6,-172.19,-172.42,6,stop_loss,25.65755,0.3242,0.74259,3.59601,tokyo,2024
USDJPY,-1,2024-01-09 08:00:00,2024-01-09 10:00:00,143.791,144.17678,144.17678,143.01945,0.4856,-38.6,-170.47,-170.7,2,stop_loss,24.89717,0.25718,-1.44218,2.85953,tokyo,2024
USDJPY,-1,2024-01-10 13:00:00,2024-01-10 14:00:00,144.936,145.28819,145.28819,144.23163,0.5265,-35.2,-168.74,-168.96,1,stop_loss,21.65726,0.23479,2.09326,3.20006,london,2024
USDJPY,-1,2024-01-10 21:00:00,2024-01-11 07:00:00,145.633,145.49,145.98051,144.93798,0.5283,14.3,68.75,68.52,10,time_exit,35.4688,0.23167,3.92571,3.86453,new_york,2024
USDJPY,-1,2024-01-11 14:00:00,2024-01-11 15:00:00,145.396,145.69656,145.69656,144.79487,0.6133,-30.1,-167.75,-167.97,1,stop_loss,29.43493,0.20038,1.43743,5.06954,london,2024
USDJPY,1,2024-01-12 01:00:00,2024-01-12 05:00:00,145.325,144.90556,144.90556,146.16387,0.4351,-41.9,-166.07,-166.3,4,stop_loss,28.0021,0.27962,0.02621,3.76233,tokyo,2024
USDJPY,1,2024-01-12 08:00:00,2024-01-12 15:00:00,145.254,144.82774,144.82774,146.10653,0.4238,-42.6,-164.39,-164.62,7,stop_loss,25.77985,0.28418,-0.0382,3.3248,tokyo,2024
USDJPY,-1,2024-01-12 17:00:00,2024-01-12 19:00:00,144.542,145.00972,145.00972,143.60657,0.3824,-46.8,-162.76,-162.99,2,stop_loss,24.05203,0.31181,-2.10664,2.61538,new_york,2024
USDJPY,1,2024-01-15 00:00:00,2024-01-15 10:00:00,144.85,145.442,144.45968,145.63063,0.4536,59.2,244.36,244.14,10,time_exit,26.12293,0.26021,-0.83339,2.70035,tokyo,2024
USDJPY,-1,2024-01-16 13:00:00,2024-01-16 18:00:00,146.66,146.98038,146.98038,146.01925,0.5611,-32.0,-163.58,-163.81,5,stop_loss,32.53943,0.21358,4.47066,4.11021,london,2024
USDJPY,-1,2024-01-17 04:00:00,2024-01-17 07:00:00,147.195,147.51858,147.51858,146.54783,0.5499,-32.4,-161.92,-162.15,3,stop_loss,36.86995,0.21572,4.03299,5.49068,tokyo,2024
USDJPY,-1,2024-01-17 14:00:00,2024-01-17 16:00:00,147.667,147.99634,147.99634,147.00832,0.5349,-32.9,-160.31,-160.54,2,stop_loss,42.39881,0.21956,4.14632,6.28579,london,2024
USDJPY,1,2024-01-19 13:00:00,2024-01-19 23:00:00,147.95,148.15,147.60927,148.63147,0.5118,20.0,93.15,92.92,10,time_exit,20.57268,0.22716,0.07057,6.72663,london,2024
USDJPY,-1,2024-01-22 03:00:00,2024-01-22 13:00:00,148.089,147.886,148.40423,147.45853,0.5565,20.3,102.8,102.57,10,time_exit,19.71502,0.21016,0.27789,6.63755,tokyo,2024
USDJPY,-1,2024-01-23 07:00:00,2024-01-23 08:00:00,147.94,147.25762,148.28119,147.25762,0.5175,68.2,321.35,321.12,1,take_profit,14.78593,0.22746,-0.27723,4.5917,tokyo,2024
USDJPY,-1,2024-01-23 08:00:00,2024-01-23 09:00:00,147.924,147.24601,148.263,147.24601,0.5312,67.8,327.74,327.51,1,take_profit,16.55238,0.226,-0.35736,4.56452,tokyo,2024
USDJPY,1,2024-01-23 23:00:00,2024-01-24 05:00:00,148.355,147.93848,147.93848,149.18805,0.441,-41.7,-167.16,-167.38,6,stop_loss,20.69506,0.27768,1.06366,3.35922,,2024
USDJPY,-1,2024-01-24 08:00:00,2024-01-24 15:00:00,147.877,147.14315,148.24393,147.14315,0.4956,73.4,330.96,330.74,7,take_profit,16.2953,0.24462,-0.76548,3.48767,tokyo,2024
USDJPY,-1,2024-01-29 15:00:00,2024-01-29 22:00:00,147.971,147.46961,148.22169,147.46961,0.7398,50.1,337.54,337.32,7,take_profit,15.19963,0.16713,0.55006,2.18887,london,2024
USDJPY,1,2024-01-30 02:00:00,2024-01-30 09:00:00,147.485,147.22043,147.22043,148.01415,0.715,-26.5,-172.14,-172.37,7,stop_loss,23.80545,0.17638,-1.70695,1.49707,tokyo,2024
USDJPY,-1,2024-01-30 19:00:00,2024-01-31 05:00:00,147.72,147.733,148.06566,147.02867,0.5418,-1.3,-6.41,-6.64,10,time_exit,32.14774,0.23044,0.46485,0.4468,new_york,2024
USDJPY,-1,2024-02-02 08:00:00,2024-02-02 11:00:00,146.429,146.7733,146.7733,145.7404,0.5437,-34.4,-170.35,-170.58,3,stop_loss,12.56182,0.22953,-1.38061,-2.03308,tokyo,2024
USDJPY,1,2024-02-02 11:00:00,2024-02-02 15:00:00,146.738,147.39626,146.40887,147.39626,0.5631,65.8,337.31,337.08,4,take_profit,11.40643,0.21942,0.00918,-2.11377,london,2024
USDJPY,-1,2024-02-06 13:00:00,2024-02-06 17:00:00,148.767,148.27293,149.01404,148.27293,0.7652,49.4,344.04,343.81,4,take_profit,27.972,0.16469,3.09379,3.58373,london,2024
USDJPY,-1,2024-02-07 04:00:00,2024-02-07 08:00:00,147.807,148.06429,148.06429,147.29242,0.7494,-25.7,-175.46,-175.69,4,stop_loss,33.25471,0.17153,-2.08196,2.54211,tokyo,2024
USDJPY,-1,2024-02-08 01:00:00,2024-02-08 03:00:00,148.028,148.30136,148.30136,147.48128,0.6983,-27.3,-173.71,-173.94,2,stop_loss,23.51924,0.18224,-0.37594,1.71842,tokyo,2024
USDJPY,1,2024-02-08 22:00:00,2024-02-09 08:00:00,149.39,149.337,149.08243,150.00514,0.6144,-5.3,-29.63,-29.86,10,time_exit,41.18969,0.20505,3.89043,2.91423,,2024
USDJPY,1,2024-02-09 20:00:00,2024-02-12 01:00:00,149.352,149.0897,149.0897,149.8766,0.7192,-26.2,-171.67,-171.89,5,stop_loss,30.52902,0.17487,1.73786,4.47037,new_york,2024
USDJPY,1,2024-02-12 23:00:00,2024-02-13 09:00:00,149.335,149.59,149.12764,149.74973,0.9006,25.5,208.98,208.76,10,time_exit,22.27874,0.13824,1.18041,4.89623,,2024
USDJPY,-1,2024-02-14 05:00:00,2024-02-14 15:00:00,150.627,150.714,150.89144,150.09812,0.7149,-8.7,-56.6,-56.83,10,time_exit,40.54539,0.17629,4.13319,5.64058,tokyo,2024
USDJPY,1,2024-02-16 03:00:00,2024-02-16 13:00:00,150.157,150.182,149.91148,150.64803,0.7675,2.5,17.46,17.23,10,time_exit,40.34859,0.16368,0.16832,4.43331,tokyo,2024
USDJPY,1,2024-02-16 22:00:00,2024-02-19 02:00:00,150.234,149.9821,149.9821,150.7378,0.7488,-25.2,-171.65,-171.88,4,stop_loss,17.88545,0.16793,0.18829,3.86988,,2024
USDJPY,1,2024-02-19 02:00:00,2024-02-19 03:00:00,150.149,149.91739,149.91739,150.61222,0.8062,-23.2,-169.92,-170.15,1,stop_loss,18.48783,0.15441,-0.28354,4.02164,tokyo,2024
USDJPY,1,2024-02-19 04:00:00,2024-02-19 14:00:00,149.977,150.026,149.74069,150.44962,0.7823,4.9,34.88,34.66,10,time_exit,20.9126,0.15754,-1.29068,3.77672,tokyo,2024
USDJPY,1,2024-02-20 05:00:00,2024-02-20 12:00:00,150.321,150.17552,150.17552,150.61195,1.2734,-14.5,-168.58,-168.8,7,stop_loss,17.55217,0.09698,1.87557,4.56046,tokyo,2024
USDJPY,-1,2024-02-20 15:00:00,2024-02-20 16:00:00,150.154,149.82509,150.31846,149.82509,1.1151,32.9,333.76,333.53,1,take_profit,20.18679,0.10964,-0.31055,3.96242,london,2024
USDJPY,-1,2024-02-20 22:00:00,2024-02-21 08:00:00,150.023,150.062,150.22072,149.62756,0.946,-3.9,-33.57,-33.8,10,time_exit,26.63719,0.13181,-0.75165,2.70677,,2024
USDJPY,-1,2024-02-21 22:00:00,2024-02-22 02:00:00,150.2,150.40261,150.40261,149.79477,0.9214,-20.3,-169.89,-170.11,4,stop_loss,14.6809,0.13508,0.67442,2.05127,,2024
USDJPY,-1,2024-02-26 23:00:00,2024-02-27 09:00:00,150.682,150.35166,150.84717,150.35166,1.1189,33.0,336.35,336.13,10,take_profit,18.13303,0.11011,1.25442,3.2803,,2024
USDJPY,1,2024-02-27 20:00:00,2024-02-28 06:00:00,150.423,150.623,150.21638,150.83623,0.9123,20.0,166.04,165.81,10,time_exit,24.24424,0.13774,-0.31947,1.73399,new_york,2024
USDJPY,-1,2024-02-28 08:00:00,2024-02-28 10:00:00,150.602,150.77395,150.77395,150.2581,1.1069,-17.2,-173.2,-173.43,2,stop_loss,15.06079,0.11463,1.02817,1.95581,tokyo,2024
USDJPY,-1,2024-02-28 23:00:00,2024-02-29 03:00:00,150.688,150.36119,150.85141,150.36119,1.1531,32.7,342.93,342.71,4,take_profit,12.44646,0.10894,0.89463,2.44567,,2024
USDJPY,1,2024-02-29 12:00:00,2024-02-29 16:00:00,149.807,149.5304,149.5304,150.3602,0.6948,-27.7,-174.88,-175.11,4,stop_loss,30.75535,0.1844,-3.00868,0.37577,london,2024
USDJPY,-1,2024-03-01 18:00:00,2024-03-04 04:00:00,150.123,150.176,150.4387,149.49159,0.6027,-5.3,-29.07,-29.3,10,time_exit,20.20878,0.21047,-0.84305,0.13956,new_york,2024
USDJPY,1,2024-03-04 15:00:00,2024-03-05 01:00:00,150.445,150.457,150.21114,150.91272,0.8122,1.2,8.87,8.64,10,time_exit,15.49548,0.15591,1.11398,0.04676,london,2024
USDJPY,-1,2024-03-05 20:00:00,2024-03-06 06:00:00,150.095,149.941,150.32359,149.63782,0.8314,15.4,116.51,116.28,10,time_exit,29.10606,0.15239,-1.57346,0.247,new_york,2024
USDJPY,-1,2024-03-06 12:00:00,2024-03-06 19:00:00,149.651,149.12001,149.9165,149.12001,0.7206,53.1,348.2,347.97,7,take_profit,49.50265,0.177,-2.69304,-0.65099,london,2024
USDJPY,-1,2024-03-07 07:00:00,2024-03-07 10:00:00,148.552,147.91517,148.87041,147.91517,0.6128,63.7,355.13,354.9,3,take_profit,56.87951,0.21228,-4.9625,-2.13521,tokyo,2024
USDJPY,-1,2024-03-08 16:00:00,2024-03-11 02:00:00,146.963,146.798,147.41975,146.0495,0.4358,16.5,65.44,65.21,10,time_exit,50.9723,0.3045,-4.16976,-3.916,new_york,2024
USDJPY,1,2024-03-11 13:00:00,2024-03-11 23:00:00,146.613,146.948,146.25474,147.32953,0.5576,33.5,169.98,169.76,10,time_exit,48.3019,0.23884,-3.66087,-6.1502,london,2024
USDJPY,1,2024-03-13 03:00:00,2024-03-13 04:00:00,147.621,147.33582,147.33582,148.19135,0.707,-28.5,-183.47,-183.7,1,stop_loss,32.6429,0.19012,1.0198,-5.29748,tokyo,2024
USDJPY,-1,2024-03-13 11:00:00,2024-03-13 12:00:00,147.679,147.97441,147.97441,147.08818,0.6757,-29.5,-181.64,-181.87,1,stop_loss,23.84272,0.19694,1.13826,-4.61984,london,2024
USDJPY,-1,2024-03-14 08:00:00,2024-03-14 17:00:00,147.915,148.17256,148.17256,147.39988,0.7672,-25.8,-179.82,-180.04,9,stop_loss,17.08754,0.17171,1.58037,-3.57495,tokyo,2024
USDJPY,1,2024-03-15 03:00:00,2024-03-15 10:00:00,148.304,148.0571,148.0571,148.7978,0.7923,-24.7,-178.01,-178.24,7,stop_loss,24.73293,0.1646,2.55081,-2.06207,tokyo,2024
USDJPY,1,2024-03-15 14:00:00,2024-03-18 00:00:00,148.778,149.053,148.49123,149.35155,0.6753,27.5,168.99,168.77,10,time_exit,30.94752,0.19118,3.51608,-0.7681,london,2024
USDJPY,1,2024-03-19 05:00:00,2024-03-19 06:00:00,149.303,149.09374,149.09374,149.72152,0.9343,-20.9,-177.91,-178.14,1,stop_loss_ambiguous,19.02725,0.13951,2.80465,2.75299,tokyo,2024
USDJPY,-1,2024-03-20 00:00:00,2024-03-20 03:00:00,150.809,151.11497,151.11497,150.19705,0.6326,-30.6,-176.14,-176.37,3,stop_loss,49.24482,0.20398,5.22026,4.49657,tokyo,2024
USDJPY,1,2024-03-26 08:00:00,2024-03-26 18:00:00,151.36,151.581,151.17622,151.72756,1.0427,22.1,209.7,209.47,10,time_exit,14.63688,0.12252,0.1376,7.10969,tokyo,2024
USDJPY,1,2024-03-28 02:00:00,2024-03-28 12:00:00,151.33,151.46,151.10463,151.78073,0.8605,13.0,101.8,101.57,10,time_exit,18.91661,0.15024,-0.59953,4.06028,tokyo,2024
USDJPY,-1,2024-03-29 19:00:00,2024-03-29 21:00:00,151.226,151.36826,151.36826,150.94148,1.371,-14.2,-177.48,-177.71,2,stop_loss,20.57245,0.09484,-1.23814,3.76426,new_york,2024
USDJPY,1,2024-04-01 11:00:00,2024-04-01 16:00:00,151.341,151.62103,151.20098,151.62103,1.3791,28.0,351.43,351.21,5,take_profit,13.86864,0.09334,-0.03212,3.25963,london,2024
USDJPY,-1,2024-04-02 06:00:00,2024-04-02 16:00:00,151.683,151.572,151.82969,151.38962,1.3426,11.1,135.62,135.39,10,time_exit,20.92644,0.09779,2.02577,3.57909,tokyo,2024
USDJPY,-1,2024-04-03 03:00:00,2024-04-03 09:00:00,151.546,151.66998,151.66998,151.29805,1.6006,-12.4,-180.58,-180.8,6,stop_loss,28.28188,0.08265,-0.1542,4.00222,tokyo,2024
USDJPY,-1,2024-04-03 18:00:00,2024-04-04 04:00:00,151.786,151.644,151.94067,151.47666,1.2701,14.2,164.12,163.89,10,time_exit,26.09335,0.10311,1.55648,3.23294,new_york,2024
USDJPY,-1,2024-04-05 08:00:00,2024-04-05 11:00:00,151.22,151.44859,151.44859,150.76283,0.8673,-22.9,-180.41,-180.64,3,stop_loss,41.57282,0.15239,-1.80296,0.8608,tokyo,2024
USDJPY,-1,2024-04-05 13:00:00,2024-04-05 15:00:00,151.419,151.64087,151.64087,150.97525,0.8846,-22.2,-178.61,-178.83,2,stop_loss,37.81921,0.14792,-0.30886,0.6962,london,2024
USDJPY,1,2024-04-08 08:00:00,2024-04-08 18:00:00,151.796,151.787,151.62248,152.14305,1.1197,-0.9,-9.17,-9.4,10,time_exit,17.43666,0.11568,2.02192,1.32958,tokyo,2024
USDJPY,1,2024-04-09 22:00:00,2024-04-10 08:00:00,151.739,151.812,151.60974,151.99752,1.5024,7.3,99.8,99.58,10,time_exit,23.90086,0.08617,-0.16967,2.51196,,2024
USDJPY,-1,2024-04-11 16:00:00,2024-04-11 17:00:00,152.847,153.10187,153.10187,152.33727,0.7662,-25.5,-177.7,-177.93,1,stop_loss,41.61964,0.16991,1.8748,3.81353,new_york,2024
USDJPY,-1,2024-04-11 22:00:00,2024-04-12 08:00:00,153.244,153.206,153.4917,152.7486,0.7805,3.8,26.99,26.76,10,time_exit,33.01026,0.16513,3.45657,4.33742,,2024
USDJPY,-1,2024-04-15 10:00:00,2024-04-15 15:00:00,153.872,154.12012,154.12012,153.37576,0.7804,-24.8,-176.21,-176.43,5,stop_loss,19.32245,0.16541,4.15291,4.98653,london,2024
USDJPY,-1,2024-04-15 16:00:00,2024-04-16 02:00:00,154.191,154.214,154.46581,153.64138,0.6975,-2.3,-14.6,-14.83,10,time_exit,20.33287,0.18321,4.59655,4.89165,new_york,2024
USDJPY,-1,2024-04-16 17:00:00,2024-04-17 03:00:00,154.568,154.694,154.8653,153.9734,0.6442,-12.6,-73.86,-74.09,10,time_exit,26.17938,0.1982,2.80663,5.72853,new_york,2024
USDJPY,1,2024-04-17 17:00:00,2024-04-17 19:00:00,154.653,154.46083,154.46083,155.03734,0.9924,-19.2,-173.55,-173.77,2,stop_loss,16.807,0.12811,2.00985,8.92246,new_york,2024
USDJPY,1,2024-04-19 19:00:00,2024-04-22 05:00:00,154.548,154.658,154.29413,155.05574,0.7437,11.0,74.44,74.22,10,time_exit,31.86378,0.16925,0.56817,4.32951,new_york,2024
USDJPY,1,2024-04-22 10:00:00,2024-04-22 20:00:00,154.677,154.817,154.48895,155.0531,1.0084,14.0,128.47,128.24,10,time_exit,23.7337,0.12537,1.1206,5.49872,london,2024
USDJPY,1,2024-04-23 11:00:00,2024-04-23 16:00:00,154.822,154.70524,154.70524,155.05552,1.6361,-11.7,-173.84,-174.06,5,stop_loss,14.14592,0.07784,1.73196,8.17086,london,2024
USDJPY,-1,2024-04-24 08:00:00,2024-04-24 10:00:00,154.842,154.96126,154.96126,154.60348,1.5858,-11.9,-172.1,-172.33,2,stop_loss,34.67021,0.07951,1.15431,7.01568,tokyo,2024
USDJPY,1,2024-04-25 09:00:00,2024-04-25 15:00:00,155.659,155.48421,155.48421,156.00857,1.0712,-17.5,-170.38,-170.61,6,stop_loss,45.68147,0.11652,5.14958,5.54651,london,2024
USDJPY,1,2024-04-26 05:00:00,2024-04-26 06:00:00,155.594,155.41537,155.41537,155.95125,1.0376,-17.9,-168.66,-168.89,1,stop_loss_ambiguous,20.2797,0.11908,1.97716,6.1236,tokyo,2024
USDJPY,-1,2024-04-29 09:00:00,2024-04-29 19:00:00,156.797,155.858,157.98778,154.41544,0.1541,93.9,131.68,131.45,10,time_exit,32.27162,0.79385,-0.05485,1.93578,london,2024
USDJPY,-1,2024-05-01 04:00:00,2024-05-01 14:00:00,157.747,157.876,158.1258,156.9894,0.4882,-12.9,-57.31,-57.54,10,time_exit,16.74652,0.25253,2.77103,4.71306,tokyo,2024
USDJPY,1,2024-05-01 17:00:00,2024-05-01 21:00:00,157.595,157.33509,157.33509,158.11482,0.7091,-26.0,-167.72,-167.94,4,stop_loss,19.61643,0.17327,1.26115,7.36116,new_york,2024
USDJPY,1,2024-05-06 02:00:00,2024-05-06 12:00:00,153.235,153.781,152.73217,154.24066,0.3629,54.6,180.31,180.08,10,time_exit,44.92159,0.33522,-2.0269,-3.87086,tokyo,2024
USDJPY,1,2024-05-06 13:00:00,2024-05-06 23:00:00,153.783,153.893,153.36428,154.62043,0.4405,11.0,44.09,43.87,10,time_exit,24.57607,0.27914,-0.27034,-4.30638,london,2024
USDJPY,-1,2024-05-08 00:00:00,2024-05-08 04:00:00,154.687,154.98915,154.98915,154.08269,0.612,-30.2,-168.28,-168.5,4,stop_loss,13.22754,0.20144,2.28972,-2.95645,tokyo,2024
USDJPY,1,2024-05-08 14:00:00,2024-05-09 00:00:00,155.384,155.512,155.11288,155.92624,0.6752,12.8,78.65,78.42,10,time_exit,29.22329,0.18075,4.18501,-1.31769,london,2024
USDJPY,-1,2024-05-10 07:00:00,2024-05-10 17:00:00,155.731,155.874,155.96097,155.27105,0.7998,-14.3,-104.08,-104.31,10,time_exit,22.63478,0.15332,2.05217,1.9738,tokyo,2024
USDJPY,1,2024-05-13 19:00:00,2024-05-14 05:00:00,156.178,156.447,155.96874,156.59651,0.8735,26.9,213.82,213.6,10,time_exit,13.73684,0.1395,3.16968,2.94187,new_york,2024
USDJPY,1,2024-05-14 10:00:00,2024-05-14 12:00:00,156.453,156.29478,156.29478,156.76944,1.1701,-15.8,-168.47,-168.7,2,stop_loss,21.36104,0.10548,4.27878,5.10032,london,2024
USDJPY,1,2024-05-15 22:00:00,2024-05-16 02:00:00,154.91,154.4529,154.4529,155.8242,0.401,-45.7,-166.8,-167.03,4,stop_loss,46.60975,0.30473,-3.29018,0.90136,,2024
USDJPY,-1,2024-05-17 23:00:00,2024-05-20 09:00:00,155.675,155.744,155.94365,155.1377,0.6754,-6.9,-42.41,-42.64,10,time_exit,23.33346,0.1791,0.94469,0.09771,,2024
USDJPY,-1,2024-05-20 13:00:00,2024-05-20 15:00:00,155.712,155.94544,155.94544,155.24513,0.7753,-23.3,-164.69,-164.92,2,stop_loss,16.94323,0.15562,0.65842,0.55183,london,2024
USDJPY,-1,2024-05-20 19:00:00,2024-05-21 02:00:00,156.097,156.34177,156.34177,155.60746,0.732,-24.5,-163.05,-163.28,7,stop_loss,19.46996,0.16318,2.51072,0.85797,new_york,2024
USDJPY,1,2024-05-22 04:00:00,2024-05-22 14:00:00,156.273,156.586,156.05673,156.70554,0.8201,31.3,233.59,233.36,10,time_exit,18.20348,0.14418,1.29462,2.36074,tokyo,2024
USDJPY,1,2024-05-23 07:00:00,2024-05-23 10:00:00,156.759,156.56941,156.56941,157.13817,0.9491,-19.0,-163.74,-163.97,3,stop_loss,25.14486,0.12639,2.71137,3.8193,tokyo,2024
USDJPY,1,2024-05-27 15:00:00,2024-05-27 17:00:00,156.879,156.72606,156.72606,157.18488,1.1647,-15.3,-162.1,-162.33,2,stop_loss,19.0385,0.10196,0.28153,4.88877,london,2024
USDJPY,-1,2024-05-28 06:00:00,2024-05-28 10:00:00,156.755,156.90678,156.90678,156.45144,1.1619,-15.2,-160.48,-160.71,4,stop_loss,14.86434,0.10119,-0.94499,4.23513,tokyo,2024
USDJPY,1,2024-05-29 01:00:00,2024-05-29 09:00:00,157.132,156.95902,156.95902,157.47796,1.0092,-17.3,-158.86,-159.09,8,stop_loss,14.48379,0.11532,2.01395,3.39872,tokyo,2024
USDJPY,-1,2024-05-29 19:00:00,2024-05-30 05:00:00,157.628,157.342,157.83655,157.2109,0.8287,28.6,215.68,215.45,10,time_exit,17.03143,0.13903,3.83223,3.31885,new_york,2024
USDJPY,1,2024-05-30 13:00:00,2024-05-30 15:00:00,156.918,156.64765,156.64765,157.45871,0.648,-27.0,-159.42,-159.65,2,stop_loss,31.93217,0.18024,-1.56695,2.48938,london,2024
USDJPY,1,2024-05-30 22:00:00,2024-05-31 08:00:00,156.825,156.805,156.5491,157.3768,0.6286,-2.0,-11.44,-11.67,10,time_exit,39.30361,0.18393,-1.25964,1.67006,,2024
USDJPY,1,2024-05-31 10:00:00,2024-05-31 17:00:00,156.931,156.65377,156.65377,157.48546,0.6252,-27.7,-157.72,-157.95,7,stop_loss,30.34023,0.18482,-0.16203,1.11357,london,2024
USDJPY,-1,2024-06-05 04:00:00,2024-06-05 08:00:00,155.228,155.61604,155.61604,154.45192,0.4422,-38.8,-156.15,-156.38,4,stop_loss,48.4978,0.25869,-2.1007,-2.65773,tokyo,2024
USDJPY,-1,2024-06-05 13:00:00,2024-06-05 17:00:00,156.042,156.40927,156.40927,155.30747,0.4625,-36.7,-154.57,-154.8,4,stop_loss,35.64022,0.24484,1.08364,-2.53452,london,2024
USDJPY,-1,2024-06-05 17:00:00,2024-06-05 18:00:00,155.735,156.11829,156.11829,154.96841,0.4387,-38.3,-153.02,-153.24,1,stop_loss,32.49216,0.25553,-0.13839,-2.23124,new_york,2024
USDJPY,-1,2024-06-05 21:00:00,2024-06-06 07:00:00,156.105,155.733,156.49863,155.31773,0.4229,37.2,143.16,142.93,10,time_exit,30.03822,0.26242,0.90465,-1.93317,new_york,2024
USDJPY,1,2024-06-06 21:00:00,2024-06-07 07:00:00,155.763,155.58,155.35229,156.58442,0.4092,-18.3,-68.14,-68.37,10,time_exit,14.2961,0.27381,-0.60247,-1.30882,new_york,2024
USDJPY,1,2024-06-07 22:00:00,2024-06-10 08:00:00,156.636,157.07,156.1907,157.52659,0.3757,43.4,148.38,148.15,10,time_exit,25.75422,0.29686,2.18346,-0.74701,,2024
USDJPY,-1,2024-06-11 11:00:00,2024-06-11 15:00:00,157.342,156.93142,157.54729,156.93142,0.8229,41.1,307.46,307.23,4,take_profit,29.04073,0.13686,3.76637,2.65437,london,2024
USDJPY,1,2024-06-12 10:00:00,2024-06-12 15:00:00,157.288,157.08766,157.08766,157.68868,0.86,-20.0,-156.79,-157.01,5,stop_loss,14.21579,0.13356,1.87882,3.20024,london,2024
USDJPY,1,2024-06-12 17:00:00,2024-06-12 21:00:00,155.781,156.42027,155.46136,156.42027,0.5337,63.9,310.47,310.25,4,take_profit,23.15816,0.21309,-5.7106,1.73804,new_york,2024
USDJPY,-1,2024-06-13 15:00:00,2024-06-14 01:00:00,157.211,157.082,157.48749,156.65801,0.6293,12.9,73.87,73.65,10,time_exit,23.34688,0.18433,1.59091,1.39924,london,2024
USDJPY,-1,2024-06-14 20:00:00,2024-06-17 06:00:00,157.316,157.369,157.80733,156.33335,0.3558,-5.3,-17.16,-17.39,10,time_exit,15.14225,0.32755,0.42607,1.11295,new_york,2024
USDJPY,-1,2024-06-18 15:00:00,2024-06-18 20:00:00,158.085,157.65515,158.29993,157.65515,0.8124,43.0,317.78,317.56,5,take_profit,18.46023,0.14328,2.96122,3.76976,london,2024
USDJPY,-1,2024-06-19 02:00:00,2024-06-19 12:00:00,157.859,157.851,158.08983,157.39734,0.7715,0.8,5.62,5.39,10,time_exit,14.93073,0.15389,0.8927,3.42915,tokyo,2024
USDJPY,1,2024-06-24 08:00:00,2024-06-24 13:00:00,159.755,159.52423,159.52423,160.21654,0.772,-23.1,-162.12,-162.35,5,stop_loss,43.39873,0.15385,4.39657,6.73271,tokyo,2024
USDJPY,1,2024-06-24 16:00:00,2024-06-25 02:00:00,159.392,159.699,159.08767,160.00066,0.5795,30.7,161.89,161.67,10,time_exit,41.38301,0.20289,0.84081,5.21616,new_york,2024
USDJPY,1,2024-07-01 19:00:00,2024-07-02 05:00:00,161.558,161.618,161.24618,162.18164,0.5713,6.0,31.19,30.97,10,time_exit,17.18598,0.20788,3.16357,5.04089,new_york,2024
USDJPY,-1,2024-07-02 05:00:00,2024-07-02 15:00:00,161.64,161.516,161.87934,161.16132,0.7457,12.4,84.14,83.92,10,time_exit,12.4742,0.15956,3.38706,6.83169,tokyo,2024
USDJPY,1,2024-07-03 01:00:00,2024-07-03 08:00:00,161.432,161.80856,161.24372,161.80856,0.9529,37.7,326.53,326.3,7,take_profit,18.11635,0.12552,0.67793,8.41327,tokyo,2024
USDJPY,-1,2024-07-03 21:00:00,2024-07-04 07:00:00,161.497,161.5,161.77179,160.94741,0.6659,-0.3,-1.82,-2.05,10,time_exit,32.1318,0.1832,-0.1546,5.37434,new_york,2024
USDJPY,-1,2024-07-04 15:00:00,2024-07-04 21:00:00,161.002,161.24276,161.24276,160.52048,0.76,-24.1,-166.51,-166.74,6,stop_loss,43.38531,0.16051,-2.84233,4.80614,london,2024
USDJPY,-1,2024-07-08 20:00:00,2024-07-09 05:00:00,160.732,161.0312,161.0312,160.13361,0.6054,-29.9,-164.83,-165.06,9,stop_loss,29.69204,0.19946,-0.76733,0.6479,new_york,2024
USDJPY,1,2024-07-09 12:00:00,2024-07-09 22:00:00,161.053,161.29,160.81539,161.52822,0.7547,23.7,162.77,162.54,10,time_exit,16.16437,0.15841,1.01781,0.73347,london,2024
USDJPY,-1,2024-07-10 06:00:00,2024-07-10 16:00:00,161.506,161.6,161.70645,161.10509,0.9035,-9.4,-77.29,-77.51,10,time_exit,27.57086,0.13364,3.00423,1.83634,tokyo,2024
USDJPY,1,2024-07-11 06:00:00,2024-07-11 12:00:00,161.656,161.48974,161.48974,161.98851,1.0842,-16.6,-164.03,-164.26,6,stop_loss,25.14612,0.11084,2.20954,3.56823,tokyo,2024
USDJPY,1,2024-07-12 02:00:00,2024-07-12 03:00:00,159.264,158.78523,158.78523,160.22154,0.3727,-47.9,-162.38,-162.61,1,stop_loss,51.22123,0.31918,-3.92323,-0.97695,tokyo,2024
USDJPY,-1,2024-07-12 10:00:00,2024-07-12 16:00:00,159.139,157.90764,159.75468,157.90764,0.2869,123.1,321.48,321.26,6,take_profit,55.2152,0.41045,-2.3993,-1.38738,london,2024
USDJPY,1,2024-07-15 23:00:00,2024-07-16 05:00:00,157.922,158.72869,157.51865,158.72869,0.4468,80.7,327.99,327.76,6,take_profit,42.21098,0.2689,-2.22689,-5.12419,,2024
USDJPY,-1,2024-07-16 10:00:00,2024-07-16 20:00:00,158.576,158.473,158.91727,157.89345,0.5386,10.3,50.48,50.26,10,time_exit,27.74821,0.22752,0.35778,-5.4971,london,2024
USDJPY,-1,2024-07-16 20:00:00,2024-07-17 06:00:00,158.543,158.379,158.86489,157.89922,0.5727,16.4,85.47,85.24,10,time_exit,19.46367,0.21459,0.16764,-5.23033,new_york,2024
USDJPY,-1,2024-07-22 13:00:00,2024-07-22 18:00:00,156.693,157.09597,157.09597,155.88707,0.4598,-40.3,-168.61,-168.84,5,stop_loss,22.60192,0.26864,-1.92267,-3.50747,london,2024
USDJPY,-1,2024-07-22 19:00:00,2024-07-23 05:00:00,157.087,156.635,157.49179,156.27742,0.4532,45.2,186.41,186.18,10,time_exit,24.83854,0.26986,-0.20174,-3.47097,new_york,2024
USDJPY,1,2024-07-23 15:00:00,2024-07-23 19:00:00,156.159,155.76252,155.76252,156.95196,0.4678,-39.6,-168.78,-169.01,4,stop_loss,32.91396,0.26432,-2.4151,-3.82824,london,2024
USDJPY,-1,2024-07-24 23:00:00,2024-07-25 03:00:00,154.02,152.9789,154.54055,152.9789,0.3527,104.1,334.15,333.92,4,take_profit,50.90168,0.34703,-3.43479,-5.12412,,2024
USDJPY,-1,2024-07-25 13:00:00,2024-07-25 15:00:00,152.31,153.00359,153.00359,150.92283,0.27,-69.4,-170.41,-170.64,2,stop_loss,50.61409,0.46239,-4.13181,-4.85208,london,2024
USDJPY,1,2024-07-26 00:00:00,2024-07-26 10:00:00,153.933,153.918,153.26786,155.26328,0.2788,-1.5,-3.81,-4.03,10,time_exit,33.03674,0.44343,-0.1604,-4.85247,tokyo,2024
USDJPY,1,2024-07-26 22:00:00,2024-07-29 05:00:00,153.733,153.12537,153.12537,154.94826,0.3051,-60.8,-168.7,-168.93,7,stop_loss,20.12059,0.40509,-0.5467,-4.35903,,2024
USDJPY,1,2024-07-30 01:00:00,2024-07-30 09:00:00,154.003,154.77654,153.61623,154.77654,0.4745,77.4,334.01,333.79,8,take_profit,13.13442,0.25785,0.5285,-5.41418,tokyo,2024
USDJPY,-1,2024-07-30 17:00:00,2024-07-30 19:00:00,154.327,153.40193,154.78953,153.40193,0.4047,92.5,340.68,340.45,2,take_profit,22.82925,0.30836,0.5021,-3.15769,new_york,2024
USDJPY,-1,2024-07-30 19:00:00,2024-07-30 23:00:00,153.727,152.65903,154.26099,152.65903,0.3575,106.8,347.44,347.21,4,take_profit,21.79394,0.35599,-1.24697,-2.684,new_york,2024
USDJPY,-1,2024-07-31 05:00:00,2024-07-31 06:00:00,152.426,153.05026,153.05026,151.17748,0.312,-62.4,-177.24,-177.47,1,stop_loss,31.49285,0.41617,-3.13497,-2.83585,tokyo,2024
USDJPY,-1,2024-07-31 20:00:00,2024-08-01 04:00:00,150.561,148.57013,151.55644,148.57013,0.1937,199.1,350.92,350.7,8,take_profit,42.35125,0.66362,-2.9715,-2.80481,new_york,2024
USDJPY,-1,2024-08-01 04:00:00,2024-08-01 14:00:00,149.44,150.36028,150.36028,147.59943,0.2137,-92.0,-178.96,-179.19,10,stop_loss,36.9675,0.61352,-3.91192,-3.61567,tokyo,2024
USDJPY,-1,2024-08-02 06:00:00,2024-08-02 15:00:00,149.58,148.18822,150.27589,148.18822,0.2797,139.2,354.25,354.02,9,take_profit,20.96833,0.46393,-1.9433,-5.60352,tokyo,2024
USDJPY,1,2024-08-05 03:00:00,2024-08-05 04:00:00,145.593,144.77438,144.77438,147.23024,0.2426,-81.9,-180.72,-180.95,1,stop_loss,45.0251,0.54575,-5.7475,-6.0679,tokyo,2024
USDJPY,-1,2024-08-06 01:00:00,2024-08-06 02:00:00,144.014,145.2125,145.2125,141.617,0.164,-119.8,-178.86,-179.09,1,stop_loss,38.35475,0.799,-2.04767,-5.88427,tokyo,2024
USDJPY,-1,2024-08-06 03:00:00,2024-08-06 13:00:00,145.805,144.897,147.07625,143.2625,0.1531,90.8,126.5,126.28,10,time_exit,34.87193,0.8475,0.21697,-5.46112,tokyo,2024
USDJPY,1,2024-08-07 03:00:00,2024-08-07 04:00:00,144.74,146.61889,143.80056,146.61889,0.2086,187.9,356.66,356.43,1,take_profit,15.43777,0.6263,-0.72559,-6.27315,tokyo,2024
USDJPY,1,2024-08-07 21:00:00,2024-08-08 02:00:00,147.035,146.0778,146.0778,148.9494,0.2089,-95.7,-181.96,-182.19,5,stop_loss,26.50953,0.63813,1.40283,-4.12575,new_york,2024
USDJPY,1,2024-08-09 16:00:00,2024-08-12 02:00:00,146.779,147.073,146.18975,147.9575,0.3359,29.4,89.87,89.64,10,time_exit,17.16211,0.39283,-0.12291,-3.26629,new_york,2024
USDJPY,1,2024-08-12 05:00:00,2024-08-12 15:00:00,146.965,147.718,146.52502,147.84495,0.4521,75.3,309.79,309.56,10,time_exit,14.29022,0.29332,0.58516,-3.91029,tokyo,2024
USDJPY,-1,2024-08-13 04:00:00,2024-08-13 07:00:00,147.268,147.6563,147.6563,146.49141,0.521,-38.8,-184.1,-184.32,3,stop_loss,15.51367,0.25886,0.61879,-2.72902,tokyo,2024
USDJPY,-1,2024-08-13 14:00:00,2024-08-13 19:00:00,147.533,146.74679,147.92611,146.74679,0.5095,78.6,364.52,364.3,5,take_profit,20.96412,0.26207,0.9128,-1.93025,london,2024
USDJPY,1,2024-08-15 01:00:00,2024-08-15 11:00:00,147.242,147.339,146.79831,148.12938,0.4604,9.7,40.64,40.41,10,time_exit,18.32992,0.29579,0.4724,-1.57606,tokyo,2024
USDJPY,-1,2024-08-15 19:00:00,2024-08-16 05:00:00,148.914,148.881,149.43691,147.86818,0.3915,3.3,11.76,11.53,10,time_exit,23.8625,0.34861,4.19496,-0.39757,new_york,2024
USDJPY,1,2024-08-16 23:00:00,2024-08-19 06:00:00,147.701,147.28573,147.28573,148.53153,0.4933,-41.5,-186.41,-186.64,7,stop_loss,28.20177,0.27684,-1.54922,1.0754,,2024
USDJPY,1,2024-08-19 13:00:00,2024-08-19 23:00:00,146.273,146.602,145.63916,147.54069,0.3199,32.9,95.77,95.55,10,time_exit,38.95453,0.42256,-2.99098,-0.39147,london,2024
USDJPY,-1,2024-08-20 14:00:00,2024-08-20 22:00:00,146.448,145.32923,147.00738,145.32923,0.3644,111.9,370.99,370.76,8,take_profit,20.37464,0.37292,-1.37513,-1.33295,london,2024
USDJPY,-1,2024-08-21 20:00:00,2024-08-22 06:00:00,145.194,145.266,145.78288,144.01625,0.3531,-7.2,-23.14,-23.36,10,time_exit,22.10369,0.39258,-2.17735,-2.39889,new_york,2024
USDJPY,1,2024-08-22 23:00:00,2024-08-23 04:00:00,146.296,145.78434,145.78434,147.31933,0.4059,-51.2,-188.99,-189.22,5,stop_loss,17.19348,0.34111,1.35993,-2.44086,,2024
USDJPY,-1,2024-08-26 09:00:00,2024-08-26 19:00:00,144.055,144.461,144.63887,142.88727,0.3521,-40.6,-130.09,-130.31,10,time_exit,38.39575,0.38924,-2.61162,-2.8965,london,2024
USDJPY,-1,2024-08-27 12:00:00,2024-08-27 17:00:00,145.063,144.21532,145.48684,144.21532,0.4817,84.8,371.58,371.35,5,take_profit,15.52372,0.28256,1.1795,-3.7588,london,2024
USDJPY,1,2024-08-30 03:00:00,2024-08-30 13:00:00,144.893,145.293,144.52886,145.62129,0.5718,40.0,208.14,207.91,10,time_exit,18.15056,0.24276,0.73323,-2.12208,tokyo,2024
USDJPY,1,2024-08-30 19:00:00,2024-09-02 05:00:00,145.957,145.969,145.57152,146.72795,0.5461,1.2,5.96,5.74,10,time_exit,27.77327,0.25698,3.90887,-1.0442,new_york,2024
USDJPY,-1,2024-09-02 10:00:00,2024-09-02 11:00:00,146.161,146.53165,146.53165,145.4197,0.5681,-37.1,-191.61,-191.84,1,stop_loss,34.64023,0.2471,2.71419,0.56641,london,2024
USDJPY,1,2024-09-05 05:00:00,2024-09-05 09:00:00,143.707,143.21985,143.21985,144.68129,0.4279,-48.7,-189.69,-189.92,4,stop_loss,57.73079,0.32476,-3.72658,-1.45814,tokyo,2024
USDJPY,1,2024-09-06 14:00:00,2024-09-06 15:00:00,142.856,142.41552,142.41552,143.73696,0.4685,-44.0,-187.79,-188.02,1,stop_loss_ambiguous,36.67176,0.29365,-2.63199,-3.94623,london,2024
USDJPY,1,2024-09-10 04:00:00,2024-09-10 13:00:00,143.472,143.01431,143.01431,144.38739,0.4464,-45.8,-185.93,-186.15,9,stop_loss,12.97915,0.30513,1.18196,-3.54327,tokyo,2024
USDJPY,1,2024-09-11 23:00:00,2024-09-12 09:00:00,142.374,142.578,141.79049,143.54103,0.3466,20.4,64.34,64.12,10,time_exit,25.14783,0.38901,0.2204,-3.17503,,2024
USDJPY,-1,2024-09-13 05:00:00,2024-09-13 15:00:00,141.228,140.731,141.73753,140.20894,0.3984,49.7,180.18,179.96,10,time_exit,21.2361,0.33969,-2.85098,-2.93908,tokyo,2024
USDJPY,-1,2024-09-16 00:00:00,2024-09-16 09:00:00,140.76,139.79984,141.24008,139.79984,0.4269,96.0,373.0,372.77,9,take_profit,26.16747,0.32005,-1.89479,-4.14108,tokyo,2024
USDJPY,-1,2024-09-16 12:00:00,2024-09-16 15:00:00,139.853,140.32233,140.32233,138.91433,0.4454,-46.9,-190.23,-190.46,3,stop_loss,38.25223,0.31289,-3.69823,-4.77226,london,2024
USDJPY,-1,2024-09-16 15:00:00,2024-09-16 16:00:00,139.887,140.35601,140.35601,138.94897,0.4413,-46.9,-188.35,-188.58,1,stop_loss,38.09448,0.31268,-3.24867,-4.88595,london,2024
USDJPY,-1,2024-09-17 11:00:00,2024-09-17 15:00:00,140.599,141.02568,141.02568,139.74565,0.4802,-42.7,-186.45,-186.68,4,stop_loss,16.07746,0.28445,-0.54367,-4.7426,london,2024
USDJPY,1,2024-09-17 18:00:00,2024-09-18 04:00:00,141.698,141.52,141.21031,142.67338,0.4159,-17.8,-67.37,-67.59,10,time_exit,17.05661,0.32513,2.7265,-3.73271,new_york,2024
USDJPY,-1,2024-09-18 19:00:00,2024-09-18 21:00:00,141.936,141.08389,142.36206,141.08389,0.4743,85.2,367.78,367.56,2,take_profit,22.62755,0.28404,1.78254,-1.92665,new_york,2024
USDJPY,1,2024-09-19 07:00:00,2024-09-19 09:00:00,143.17,142.46784,142.46784,144.57432,0.2936,-70.2,-187.6,-187.83,2,stop_loss,20.01972,0.46811,2.76645,-0.3525,tokyo,2024
USDJPY,1,2024-09-20 09:00:00,2024-09-20 10:00:00,142.285,143.3855,141.73475,143.3855,0.3709,110.1,371.44,371.21,1,take_profit,9.69996,0.36683,-0.28987,0.53114,london,2024
USDJPY,1,2024-09-24 01:00:00,2024-09-24 10:00:00,143.574,144.5153,143.10335,144.5153,0.4422,94.1,378.78,378.56,9,take_profit,12.07776,0.31377,0.23071,2.43482,tokyo,2024
USDJPY,1,2024-09-27 20:00:00,2024-09-30 06:00:00,142.513,142.451,141.70709,144.12482,0.2634,-6.2,-14.86,-15.09,10,time_exit,28.54057,0.53727,-2.84723,0.87988,new_york,2024
USDJPY,1,2024-09-30 08:00:00,2024-09-30 18:00:00,142.129,143.35338,141.51681,143.35338,0.3465,122.4,386.06,385.84,10,take_profit,26.83617,0.40813,-3.16035,-0.04623,tokyo,2024
USDJPY,1,2024-09-30 22:00:00,2024-10-01 08:00:00,143.687,144.263,143.10701,144.84698,0.3731,57.6,195.56,195.34,10,time_exit,20.77772,0.38666,1.34368,-0.47365,,2024
USDJPY,-1,2024-10-01 09:00:00,2024-10-01 16:00:00,144.263,143.27949,144.75475,143.27949,0.4444,98.4,397.73,397.51,7,take_profit,28.313,0.32784,2.52873,0.07985,london,2024
USDJPY,-1,2024-10-01 18:00:00,2024-10-02 04:00:00,143.607,143.897,144.20892,142.40317,0.3703,-29.0,-97.72,-97.95,10,time_exit,22.13431,0.40128,0.12128,0.27464,new_york,2024
USDJPY,-1,2024-10-02 08:00:00,2024-10-02 11:00:00,143.735,144.23254,144.23254,142.73992,0.4458,-49.8,-201.84,-202.07,3,stop_loss,13.77963,0.33169,0.28257,0.47191,tokyo,2024
USDJPY,-1,2024-10-03 10:00:00,2024-10-03 20:00:00,146.727,146.655,147.22896,145.72308,0.4375,7.2,28.67,28.44,10,time_exit,46.8731,0.33464,4.48725,3.55099,london,2024
USDJPY,1,2024-10-04 17:00:00,2024-10-07 03:00:00,148.407,148.426,147.83925,149.54251,0.3873,1.9,6.7,6.47,10,time_exit,26.41378,0.3785,5.48124,4.15116,new_york,2024
USDJPY,-1,2024-10-08 04:00:00,2024-10-08 14:00:00,147.824,147.856,148.27881,146.91439,0.4837,-3.2,-14.09,-14.31,10,time_exit,19.00052,0.3032,0.10013,6.50194,tokyo,2024
USDJPY,-1,2024-10-08 15:00:00,2024-10-08 17:00:00,147.857,148.30729,148.30729,146.95641,0.4882,-45.0,-200.05,-200.28,2,stop_loss,24.99201,0.3002,0.12939,5.94042,london,2024
USDJPY,1,2024-10-08 23:00:00,2024-10-09 09:00:00,148.284,148.445,147.89926,149.05348,0.5656,16.1,82.87,82.64,10,time_exit,16.37515,0.25649,1.36933,6.74338,,2024
USDJPY,1,2024-10-10 17:00:00,2024-10-11 03:00:00,148.564,148.463,148.1204,149.45119,0.4926,-10.1,-45.27,-45.5,10,time_exit,18.32625,0.29573,-0.63629,5.52434,new_york,2024
USDJPY,-1,2024-10-11 12:00:00,2024-10-11 13:00:00,148.738,149.08056,149.08056,148.05288,0.6365,-34.3,-198.42,-198.64,1,stop_loss,14.0173,0.22837,0.08848,5.81827,london,2024
USDJPY,1,2024-10-11 23:00:00,2024-10-14 09:00:00,149.139,149.212,148.83491,149.74718,0.7098,7.3,47.15,46.92,10,time_exit,9.6843,0.20273,1.43996,6.32434,,2024
USDJPY,-1,2024-10-14 09:00:00,2024-10-14 13:00:00,149.226,149.48919,149.48919,148.69962,0.8221,-26.3,-196.9,-197.12,4,stop_loss,7.43419,0.17546,1.39992,7.15379,london,2024
USDJPY,-1,2024-10-14 13:00:00,2024-10-14 14:00:00,149.4,149.64345,149.64345,148.9131,0.8798,-24.3,-194.91,-195.14,1,stop_loss,9.18667,0.1623,2.24135,7.67954,london,2024
USDJPY,-1,2024-10-15 15:00:00,2024-10-16 01:00:00,149.354,149.234,149.64515,148.77169,0.7283,12.0,79.53,79.3,10,time_exit,27.04215,0.1941,-0.04469,5.98658,london,2024
USDJPY,1,2024-10-16 04:00:00,2024-10-16 05:00:00,149.271,148.97944,148.97944,149.85412,0.7303,-29.2,-193.76,-193.99,1,stop_loss,30.74606,0.19437,-0.21296,5.06796,tokyo,2024
USDJPY,-1,2024-10-16 23:00:00,2024-10-17 09:00:00,149.719,149.634,150.01778,149.12144,0.7055,8.5,54.57,54.34,10,time_exit,20.57081,0.19919,1.62439,4.40044,,2024
USDJPY,1,2024-10-24 01:00:00,2024-10-24 05:00:00,152.679,152.35757,152.35757,153.32185,0.6577,-32.1,-192.38,-192.6,4,stop_loss,45.79143,0.21428,4.27126,7.31929,tokyo,2024
USDJPY,1,2024-10-24 18:00:00,2024-10-25 04:00:00,151.931,151.849,151.51412,152.76476,0.502,-8.2,-37.46,-37.69,10,time_exit,28.73665,0.27792,-0.21512,5.29413,new_york,2024
USDJPY,1,2024-10-29 18:00:00,2024-10-30 04:00:00,153.384,153.219,152.99867,154.15465,0.542,-16.5,-81.38,-81.61,10,time_exit,19.92827,0.25688,1.49133,5.13003,new_york,2024
USDJPY,-1,2024-10-31 08:00:00,2024-10-31 09:00:00,152.919,152.12468,153.31616,152.12468,0.5236,79.4,378.48,378.25,1,take_profit,12.52004,0.26477,-1.03313,3.82218,tokyo,2024
USDJPY,1,2024-11-01 01:00:00,2024-11-01 11:00:00,152.046,152.644,151.55133,153.03535,0.4288,59.8,233.34,233.12,10,time_exit,32.31077,0.32978,-2.23219,1.72662,tokyo,2024
USDJPY,-1,2024-11-04 21:00:00,2024-11-05 06:00:00,152.065,152.48913,152.48913,151.21673,0.5062,-42.4,-195.37,-195.6,9,stop_loss,23.14531,0.28276,-0.70102,0.14661,new_york,2024
USDJPY,1,2024-11-05 11:00:00,2024-11-05 16:00:00,152.189,151.87471,151.87471,152.81759,0.6762,-31.4,-193.4,-193.63,5,stop_loss,14.29564,0.20953,-0.37987,0.19432,london,2024
USDJPY,-1,2024-11-07 11:00:00,2024-11-07 17:00:00,154.041,153.07232,154.52534,153.07232,0.4344,96.9,382.92,382.7,6,take_profit,27.49183,0.32289,1.25799,2.79149,london,2024
USDJPY,-1,2024-11-14 05:00:00,2024-11-14 15:00:00,156.008,156.021,156.36578,155.29245,0.5998,-1.3,-7.1,-7.32,10,time_exit,30.93464,0.23852,4.98965,4.71217,tokyo,2024
USDJPY,1,2024-11-19 05:00:00,2024-11-19 10:00:00,154.158,153.72466,153.72466,155.02468,0.4951,-43.3,-195.24,-195.47,5,stop_loss,24.75229,0.28889,-2.46421,1.43721,tokyo,2024
USDJPY,1,2024-11-20 19:00:00,2024-11-21 02:00:00,155.383,154.93671,154.93671,156.27559,0.4759,-44.6,-193.28,-193.5,7,stop_loss,24.91986,0.29753,1.30153,1.4064,new_york,2024
USDJPY,1,2024-11-22 14:00:00,2024-11-25 00:00:00,154.316,154.231,153.85713,155.23375,0.4582,-8.5,-35.44,-35.67,10,time_exit,24.0864,0.30592,-1.10346,0.15316,london,2024
USDJPY,1,2024-11-25 20:00:00,2024-11-26 05:00:00,154.321,153.8251,153.8251,155.31281,0.4232,-49.6,-190.98,-191.21,9,stop_loss,15.85201,0.3306,-0.32318,-0.35307,new_york,2024
USDJPY,1,2024-11-26 05:00:00,2024-11-26 14:00:00,153.984,153.51027,153.51027,154.93146,0.4386,-47.4,-189.08,-189.31,9,stop_loss,12.51452,0.31582,-1.10553,-0.5508,tokyo,2024
USDJPY,-1,2024-11-26 22:00:00,2024-11-27 08:00:00,153.113,152.15828,153.59036,152.15828,0.4309,95.5,374.37,374.14,10,take_profit,20.68119,0.31824,-2.69185,-1.26435,,2024
USDJPY,-1,2024-11-27 09:00:00,2024-11-27 16:00:00,152.081,151.20861,152.51719,151.20861,0.481,87.2,381.85,381.63,7,take_profit,34.96278,0.2908,-4.87297,-2.39519,london,2024
USDJPY,-1,2024-11-29 08:00:00,2024-11-29 18:00:00,150.104,150.419,150.55762,149.19676,0.4717,-31.5,-135.21,-135.44,10,time_exit,37.96983,0.30241,-4.63734,-5.24493,tokyo,2024
USDJPY,-1,2024-11-29 18:00:00,2024-12-02 04:00:00,150.178,150.65458,150.65458,149.22484,0.4459,-47.7,-193.38,-193.61,10,stop_loss,42.94982,0.31772,-2.6741,-5.58463,new_york,2024
USDJPY,-1,2024-12-03 12:00:00,2024-12-03 15:00:00,149.815,148.94381,150.2506,148.94381,0.4829,87.1,382.84,382.61,3,take_profit,13.53397,0.2904,-1.10741,-5.81967,london,2024
USDJPY,1,2024-12-04 02:00:00,2024-12-04 10:00:00,149.614,150.54152,149.15024,150.54152,0.4627,92.8,390.54,390.31,8,take_profit,13.54483,0.30917,-0.65777,-5.47378,tokyo,2024
USDJPY,1,2024-12-04 18:00:00,2024-12-05 04:00:00,150.395,150.336,149.88557,151.41387,0.4296,-5.9,-23.07,-23.29,10,time_exit,32.82601,0.33962,0.80678,-3.60503,new_york,2024
USDJPY,-1,2024-12-05 11:00:00,2024-12-05 21:00:00,150.191,150.022,150.70168,149.16964,0.4281,16.9,65.84,65.61,10,time_exit,18.26633,0.34045,0.00195,-2.90661,london,2024
USDJPY,-1,2024-12-10 14:00:00,2024-12-10 17:00:00,151.706,152.06472,152.06472,150.98857,0.6114,-35.9,-199.58,-199.81,3,stop_loss,37.91442,0.23914,3.56805,-0.04447,london,2024
USDJPY,-1,2024-12-10 23:00:00,2024-12-11 09:00:00,151.93,151.655,152.2719,151.2462,0.6351,27.5,158.93,158.71,10,time_exit,45.08689,0.22793,3.29398,0.98683,,2024
USDJPY,1,2024-12-11 12:00:00,2024-12-11 15:00:00,152.68,152.19701,152.19701,153.64598,0.4532,-48.3,-199.19,-199.42,3,stop_loss,28.74838,0.32199,3.88346,1.15562,london,2024
USDJPY,-1,2024-12-12 05:00:00,2024-12-12 08:00:00,152.317,152.74734,152.74734,151.45631,0.5035,-43.0,-197.18,-197.4,3,stop_loss,19.81341,0.2869,1.42821,2.2241,tokyo,2024
USDJPY,-1,2024-12-12 15:00:00,2024-12-13 01:00:00,152.275,152.592,152.69055,151.44391,0.5162,-31.7,-148.91,-149.14,10,time_exit,13.97183,0.27703,0.7581,2.49071,london,2024
USDJPY,-1,2024-12-13 04:00:00,2024-12-13 10:00:00,152.769,153.16167,153.16167,151.98366,0.5421,-39.3,-193.71,-193.94,6,stop_loss,13.3471,0.26178,2.02899,2.79059,tokyo,2024
USDJPY,-1,2024-12-13 21:00:00,2024-12-16 07:00:00,153.699,153.663,154.05209,152.99282,0.5969,3.6,19.55,19.33,10,time_exit,23.80883,0.23539,3.87153,4.24726,new_york,2024
USDJPY,-1,2024-12-17 03:00:00,2024-12-17 13:00:00,154.15,153.911,154.44223,153.56555,0.7219,23.9,157.01,156.78,10,time_exit,22.55,0.19482,2.76361,6.51939,tokyo,2024
USDJPY,-1,2024-12-17 17:00:00,2024-12-18 03:00:00,153.562,153.592,153.89098,152.90404,0.6465,-3.0,-17.65,-17.88,10,time_exit,16.79807,0.21932,-0.82846,5.43694,new_york,2024
USDJPY,1,2024-12-19 12:00:00,2024-12-19 15:00:00,157.04,156.41295,156.41295,158.2941,0.3389,-62.7,-193.38,-193.61,3,stop_loss,45.54666,0.41803,6.09121,3.17552,london,2024
USDJPY,-1,2024-12-19 21:00:00,2024-12-20 07:00:00,157.539,157.036,158.12112,156.37476,0.3614,50.3,165.42,165.2,10,time_exit,53.3892,0.38808,5.6622,4.69307,new_york,2024
USDJPY,-1,2024-12-20 16:00:00,2024-12-23 02:00:00,156.519,156.611,156.97981,155.59737,0.4604,-9.2,-38.54,-38.77,10,time_exit,24.9975,0.30721,0.89889,6.85073,new_york,2024
USDJPY,-1,2024-12-23 02:00:00,2024-12-23 12:00:00,156.567,156.822,156.98546,155.73008,0.506,-25.5,-117.42,-117.64,10,time_exit,19.42667,0.27897,1.06467,6.90197,tokyo,2024
USDJPY,-1,2024-12-24 19:00:00,2024-12-26 05:00:00,157.3,157.37,157.51691,156.86618,0.9702,-7.0,-61.8,-62.03,10,time_exit,20.13372,0.14461,2.60304,11.60276,new_york,2024
USDJPY,-1,2024-12-26 06:00:00,2024-12-26 14:00:00,157.368,157.59494,157.59494,156.91411,0.9243,-22.7,-190.89,-191.11,8,stop_loss,18.89046,0.1513,2.07443,10.55681,tokyo,2024
USDJPY,-1,2024-12-26 19:00:00,2024-12-27 04:00:00,158.013,157.60344,158.21778,157.60344,1.0141,41.0,377.96,377.73,9,take_profit,33.55217,0.13652,5.27628,11.50928,new_york,2024
USDJPY,1,2024-12-27 15:00:00,2024-12-27 17:00:00,157.794,157.55047,157.55047,158.28106,0.8698,-24.4,-192.76,-192.99,2,stop_loss,18.30436,0.16235,1.36332,9.0674,london,2024
USDJPY,-1,2024-12-30 12:00:00,2024-12-30 16:00:00,157.876,157.39634,158.11583,157.39634,0.8744,48.0,381.67,381.44,4,take_profit,14.03496,0.15989,0.96635,8.09132,london,2024
USDJPY,1,2024-12-31 04:00:00,2024-12-31 09:00:00,156.444,156.09551,156.09551,157.14098,0.6138,-34.8,-194.65,-194.88,5,stop_loss,35.77104,0.23233,-4.15416,3.79014,tokyo,2024
