symbol,direction,entry_dt,exit_dt,entry,exit,stop_loss,take_profit,size,pnl_pips,pnl_gross,pnl,bars_held,exit_reason,adx_entry,atr_entry,ema_distance,trend_gap,session,year
USDJPY,-1,2019-01-14 11:00:00,2019-01-14 21:00:00,108.198,108.201,108.37952,107.83497,0.6054,-0.3,-1.65,-1.88,10,time_exit,24.24486,0.12101,-0.9423,-1.90845,london,2019
USDJPY,-1,2019-01-15 03:00:00,2019-01-15 05:00:00,108.332,108.5044,108.5044,107.98719,0.6373,-17.2,-99.98,-100.21,2,stop_loss,17.12628,0.11494,0.63596,-2.02408,tokyo,2019
USDJPY,1,2019-01-15 18:00:00,2019-01-16 04:00:00,108.513,108.499,108.29667,108.94566,0.5028,-1.4,-6.41,-6.63,10,time_exit,23.8175,0.14422,0.94074,-0.82462,new_york,2019
USDJPY,1,2019-01-16 05:00:00,2019-01-16 15:00:00,108.499,108.807,108.27935,108.9383,0.4949,30.8,138.71,138.48,10,time_exit,19.44608,0.14643,0.33086,-0.37795,tokyo,2019
USDJPY,-1,2019-01-16 18:00:00,2019-01-16 22:00:00,108.856,109.05314,109.05314,108.46171,0.5591,-19.7,-100.3,-100.53,4,stop_loss,18.52041,0.13143,2.33418,0.1702,new_york,2019
USDJPY,-1,2019-01-18 01:00:00,2019-01-18 06:00:00,109.193,109.42076,109.42076,108.73748,0.4791,-22.8,-99.3,-99.53,5,stop_loss,22.25804,0.15184,2.19307,1.4152,tokyo,2019
USDJPY,1,2019-01-18 13:00:00,2019-01-18 19:00:00,109.392,109.80738,109.18431,109.80738,0.5201,41.5,196.6,196.37,6,take_profit,30.88931,0.13846,2.40969,2.39035,london,2019
USDJPY,-1,2019-01-18 21:00:00,2019-01-21 07:00:00,109.765,109.552,109.99068,109.31363,0.4882,21.3,94.63,94.4,10,time_exit,35.80331,0.15046,3.6595,2.78188,new_york,2019
USDJPY,1,2019-01-21 12:00:00,2019-01-21 22:00:00,109.674,109.682,109.50379,110.01442,0.6534,0.8,4.76,4.53,10,time_exit,19.86691,0.11347,2.34636,4.3449,london,2019
USDJPY,1,2019-01-22 00:00:00,2019-01-22 04:00:00,109.648,109.53448,109.53448,109.87503,0.9801,-11.4,-101.24,-101.47,4,stop_loss,12.41554,0.07568,2.07299,6.61086,tokyo,2019
USDJPY,-1,2019-01-23 03:00:00,2019-01-23 04:00:00,109.428,109.57733,109.57733,109.12935,0.7376,-14.9,-100.23,-100.46,1,stop_loss,35.03822,0.09955,-0.16376,3.45479,tokyo,2019
USDJPY,-1,2019-01-23 07:00:00,2019-01-23 15:00:00,109.695,109.86321,109.86321,109.35859,0.6483,-16.8,-99.23,-99.46,8,stop_loss,33.02964,0.11214,1.93357,3.16893,tokyo,2019
USDJPY,-1,2019-01-24 09:00:00,2019-01-24 19:00:00,109.712,109.675,109.88412,109.36776,0.6272,3.7,21.12,20.89,10,time_exit,13.34276,0.11475,1.39408,2.78925,london,2019
USDJPY,-1,2019-01-30 00:00:00,2019-01-30 10:00:00,109.374,109.37,109.52654,109.06893,0.7092,0.4,2.58,2.35,10,time_exit,13.69741,0.10169,-0.29951,0.25633,tokyo,2019
USDJPY,-1,2019-01-30 18:00:00,2019-01-30 21:00:00,109.588,109.29375,109.73512,109.29375,0.7355,29.4,196.94,196.71,3,take_profit,16.29691,0.09808,1.88147,0.2912,new_york,2019
USDJPY,1,2019-02-01 14:00:00,2019-02-01 17:00:00,108.887,109.17721,108.74189,109.17721,0.7606,29.0,200.87,200.64,3,take_profit,14.49469,0.09674,-0.71792,-2.49463,london,2019
USDJPY,-1,2019-02-04 06:00:00,2019-02-04 08:00:00,109.617,109.77368,109.77368,109.30364,0.7185,-15.7,-102.44,-102.67,2,stop_loss,42.48671,0.10445,4.09715,-0.40931,tokyo,2019
USDJPY,1,2019-02-04 10:00:00,2019-02-04 16:00:00,109.834,110.14909,109.67645,110.14909,0.7074,31.5,202.84,202.61,6,take_profit,49.71233,0.10503,5.3062,0.22239,london,2019
USDJPY,1,2019-02-06 21:00:00,2019-02-07 03:00:00,109.952,109.77358,109.77358,110.30885,0.6371,-17.8,-103.44,-103.67,6,stop_loss,20.86808,0.11895,1.41463,2.15106,new_york,2019
USDJPY,-1,2019-02-07 06:00:00,2019-02-07 10:00:00,109.892,110.06267,110.06267,109.55067,0.6594,-17.1,-102.41,-102.64,4,stop_loss,18.98435,0.11378,0.60004,2.30445,tokyo,2019
USDJPY,1,2019-02-07 10:00:00,2019-02-07 14:00:00,109.924,109.7667,109.7667,110.23859,0.7082,-15.7,-101.37,-101.6,4,stop_loss,17.64488,0.10486,0.795,2.52077,london,2019
USDJPY,-1,2019-02-12 04:00:00,2019-02-12 05:00:00,110.467,110.61852,110.61852,110.16396,0.7279,-15.2,-100.36,-100.59,1,stop_loss,42.061,0.10101,3.56572,3.23067,tokyo,2019
USDJPY,1,2019-02-12 15:00:00,2019-02-13 01:00:00,110.406,110.514,110.24919,110.71961,0.6963,10.8,68.43,68.2,10,time_exit,39.98128,0.10454,1.37211,3.84726,london,2019
USDJPY,-1,2019-02-13 22:00:00,2019-02-14 05:00:00,110.993,111.12857,111.12857,110.72187,0.8109,-13.6,-100.04,-100.26,7,stop_loss,30.83184,0.09038,4.65394,5.50852,,2019
USDJPY,1,2019-02-18 11:00:00,2019-02-18 21:00:00,110.578,110.584,110.45856,110.81687,0.9112,0.6,4.98,4.75,10,time_exit,10.93168,0.07962,0.41339,2.88596,london,2019
USDJPY,-1,2019-02-19 11:00:00,2019-02-19 17:00:00,110.796,110.54589,110.92105,110.54589,0.8707,25.0,198.17,197.94,6,take_profit,19.2789,0.08337,2.62346,2.43962,london,2019
USDJPY,1,2019-02-19 20:00:00,2019-02-20 03:00:00,110.519,110.82433,110.36633,110.82433,0.7275,30.5,202.14,201.91,7,take_profit,18.35206,0.10178,-0.8672,2.03151,new_york,2019
USDJPY,-1,2019-02-20 12:00:00,2019-02-20 22:00:00,110.787,110.84,110.94254,110.47593,0.7283,-5.3,-35.13,-35.35,10,time_exit,21.90126,0.10369,1.03349,2.19873,london,2019
USDJPY,1,2019-02-22 16:00:00,2019-02-22 19:00:00,110.692,110.56685,110.56685,110.94231,0.902,-12.5,-102.73,-102.96,3,stop_loss,14.215,0.08344,-0.64727,2.06351,new_york,2019
USDJPY,1,2019-02-25 06:00:00,2019-02-25 16:00:00,110.644,110.827,110.50634,110.91933,0.8118,18.3,135.19,134.96,10,time_exit,16.87576,0.09178,-0.83892,1.44056,tokyo,2019
USDJPY,-1,2019-02-28 08:00:00,2019-02-28 15:00:00,110.808,110.94891,110.94891,110.52618,0.8036,-14.1,-103.05,-103.27,7,stop_loss,26.41975,0.09394,0.34416,0.97156,tokyo,2019
USDJPY,-1,2019-03-01 10:00:00,2019-03-01 20:00:00,111.819,111.98858,111.98858,111.47984,0.6611,-17.0,-102.02,-102.25,10,stop_loss,47.72045,0.11305,5.66036,3.08327,london,2019
USDJPY,-1,2019-03-04 02:00:00,2019-03-04 12:00:00,111.936,111.862,112.10548,111.59704,0.6548,7.4,44.09,43.87,10,time_exit,37.90412,0.11299,3.64523,4.72587,tokyo,2019
USDJPY,1,2019-03-04 18:00:00,2019-03-04 19:00:00,111.842,111.70716,111.70716,112.11169,0.8266,-13.5,-101.43,-101.66,1,stop_loss,17.89736,0.0899,1.43055,6.49309,new_york,2019
USDJPY,-1,2019-03-05 06:00:00,2019-03-05 16:00:00,111.889,111.823,112.01792,111.63117,0.856,6.6,51.41,51.18,10,time_exit,18.68485,0.08594,1.744,6.25069,tokyo,2019
USDJPY,-1,2019-03-06 20:00:00,2019-03-07 06:00:00,111.696,111.681,111.82301,111.44198,0.8732,1.5,11.92,11.69,10,time_exit,17.486,0.08467,-1.30569,4.71805,new_york,2019
USDJPY,1,2019-03-08 12:00:00,2019-03-08 15:00:00,111.099,110.91508,110.91508,111.46684,0.6037,-18.4,-101.04,-101.27,3,stop_loss,31.32916,0.12261,-3.58172,0.73673,london,2019
USDJPY,-1,2019-03-12 11:00:00,2019-03-12 21:00:00,111.365,111.278,111.49632,111.10237,0.8371,8.7,66.27,66.05,10,time_exit,15.75234,0.08754,0.9233,-0.81017,london,2019
USDJPY,-1,2019-03-14 00:00:00,2019-03-14 01:00:00,111.138,111.29035,111.29035,110.8333,0.7263,-15.2,-100.69,-100.92,1,stop_loss,13.22737,0.10157,-1.3078,-0.56353,tokyo,2019
USDJPY,-1,2019-03-14 04:00:00,2019-03-14 05:00:00,111.216,111.37312,111.37312,110.90176,0.6972,-15.7,-99.69,-99.91,1,stop_loss,12.09481,0.10475,-0.52412,-0.56685,tokyo,2019
USDJPY,1,2019-03-15 02:00:00,2019-03-15 06:00:00,111.697,111.55126,111.55126,111.98847,0.7441,-14.6,-98.68,-98.91,4,stop_loss,29.62504,0.09716,2.11603,1.03704,tokyo,2019
USDJPY,-1,2019-03-15 13:00:00,2019-03-15 23:00:00,111.65,111.512,111.79997,111.35006,0.7159,13.8,89.9,89.68,10,time_exit,21.43035,0.09998,0.81649,1.44216,london,2019
USDJPY,-1,2019-03-18 01:00:00,2019-03-18 05:00:00,111.469,111.6104,111.6104,111.1862,0.7662,-14.1,-98.59,-98.82,4,stop_loss,21.8576,0.09427,-0.95283,1.27012,tokyo,2019
USDJPY,1,2019-03-18 09:00:00,2019-03-18 13:00:00,111.569,111.44693,111.44693,111.81313,0.8787,-12.2,-97.61,-97.83,4,stop_loss,14.61946,0.08138,0.17895,1.33798,london,2019
USDJPY,-1,2019-03-20 07:00:00,2019-03-20 17:00:00,111.592,111.416,111.72514,111.32572,0.7975,17.6,127.73,127.5,10,time_exit,23.60343,0.08876,1.78737,0.0315,tokyo,2019
USDJPY,1,2019-03-21 00:00:00,2019-03-21 06:00:00,110.683,110.46033,110.46033,111.12834,0.4831,-22.3,-97.89,-98.12,6,stop_loss,26.72272,0.14845,-4.50631,-0.32648,tokyo,2019
USDJPY,1,2019-03-22 08:00:00,2019-03-22 11:00:00,110.778,110.61527,110.61527,111.10345,0.6545,-16.3,-96.92,-97.15,3,stop_loss,18.53286,0.10848,-0.99461,-3.02298,tokyo,2019
USDJPY,-1,2019-03-25 18:00:00,2019-03-26 04:00:00,110.063,110.089,110.28033,109.62835,0.4852,-2.6,-11.48,-11.71,10,time_exit,20.57215,0.14488,-1.51435,-4.22823,new_york,2019
USDJPY,-1,2019-03-27 15:00:00,2019-03-28 01:00:00,110.418,110.489,110.63192,109.99015,0.4923,-7.1,-31.81,-32.04,10,time_exit,19.97419,0.14262,0.08252,-2.08324,london,2019
USDJPY,1,2019-03-29 16:00:00,2019-04-01 02:00:00,110.811,110.99,110.59322,111.24657,0.4819,17.9,78.5,78.27,10,time_exit,35.54547,0.14519,1.62238,-0.43643,new_york,2019
USDJPY,1,2019-04-01 06:00:00,2019-04-01 15:00:00,111.125,110.92712,110.92712,111.52076,0.5347,-19.8,-96.28,-96.51,9,stop_loss,34.36004,0.13192,3.05976,0.37221,tokyo,2019
USDJPY,-1,2019-04-01 21:00:00,2019-04-02 07:00:00,111.379,111.345,111.56735,111.00231,0.5562,3.4,17.21,16.98,10,time_exit,31.30033,0.12556,3.84728,1.3118,new_york,2019
USDJPY,-1,2019-04-02 07:00:00,2019-04-02 17:00:00,111.357,111.304,111.50947,111.05206,0.6883,5.3,33.2,32.97,10,time_exit,35.2634,0.10165,2.99317,2.5703,tokyo,2019
USDJPY,1,2019-04-04 14:00:00,2019-04-04 23:00:00,111.403,111.63856,111.28522,111.63856,0.8941,23.6,191.66,191.43,9,take_profit,19.79997,0.07852,0.23304,4.17117,london,2019
USDJPY,-1,2019-04-09 09:00:00,2019-04-09 15:00:00,111.333,111.12266,111.43817,111.12266,1.0213,21.0,195.49,195.26,6,take_profit,19.27501,0.07011,-2.07046,2.66602,london,2019
USDJPY,1,2019-04-11 06:00:00,2019-04-11 15:00:00,111.057,111.31488,110.92806,111.31488,0.8497,25.8,199.4,199.17,9,take_profit,16.8779,0.08596,-0.91436,-0.99484,tokyo,2019
USDJPY,-1,2019-04-12 02:00:00,2019-04-12 03:00:00,111.626,111.74617,111.74617,111.38567,0.9299,-12.0,-101.69,-101.91,1,stop_loss,50.77352,0.08011,4.31278,0.41824,tokyo,2019
USDJPY,1,2019-04-12 15:00:00,2019-04-12 17:00:00,111.982,111.86138,111.86138,112.22325,0.9171,-12.1,-100.67,-100.9,2,stop_loss,66.43387,0.08042,5.96349,2.32118,london,2019
USDJPY,-1,2019-04-12 18:00:00,2019-04-15 03:00:00,111.973,112.09497,112.09497,111.72906,0.8979,-12.2,-99.66,-99.89,9,stop_loss,65.88706,0.08131,5.16914,2.6841,new_york,2019
USDJPY,1,2019-04-15 12:00:00,2019-04-15 22:00:00,111.96,111.982,111.8538,112.1724,1.0209,2.2,20.44,20.21,10,time_exit,45.15412,0.0708,2.71088,4.62738,london,2019
USDJPY,1,2019-04-17 06:00:00,2019-04-17 16:00:00,111.983,111.956,111.85151,112.24599,0.8262,-2.7,-20.3,-20.53,10,time_exit,22.0062,0.08766,0.48474,3.60275,tokyo,2019
USDJPY,1,2019-04-22 18:00:00,2019-04-23 03:00:00,111.922,111.86559,111.86559,112.03481,1.922,-5.6,-98.66,-98.88,9,stop_loss,7.89511,0.0376,-0.20747,3.35111,new_york,2019
USDJPY,1,2019-04-23 05:00:00,2019-04-23 15:00:00,111.774,111.94696,111.68752,111.94696,1.241,17.3,195.33,195.1,10,take_profit,17.40135,0.05765,-2.44593,1.77982,tokyo,2019
USDJPY,1,2019-04-24 00:00:00,2019-04-24 09:00:00,111.859,111.76111,111.76111,112.05478,1.1183,-9.8,-99.62,-99.85,9,stop_loss,14.39857,0.06526,-0.37058,0.99974,tokyo,2019
USDJPY,1,2019-04-24 13:00:00,2019-04-24 17:00:00,111.872,111.76576,111.76576,112.08448,1.0201,-10.6,-98.62,-98.85,4,stop_loss,14.87809,0.07083,-0.01048,0.66286,london,2019
USDJPY,1,2019-04-25 06:00:00,2019-04-25 10:00:00,111.967,111.79462,111.79462,112.31176,0.6224,-17.2,-97.63,-97.86,4,stop_loss,23.0385,0.11492,0.22039,0.77291,tokyo,2019
USDJPY,1,2019-04-29 01:00:00,2019-04-29 11:00:00,111.579,111.74,111.4356,111.8658,0.7407,16.1,108.52,108.29,10,time_exit,18.6792,0.0956,-1.28246,-0.92213,tokyo,2019
USDJPY,1,2019-05-01 03:00:00,2019-05-01 13:00:00,111.4,111.27191,111.27191,111.65618,0.8385,-12.8,-97.74,-97.96,10,stop_loss,25.00248,0.08539,-1.39551,-2.03594,tokyo,2019
USDJPY,-1,2019-05-06 21:00:00,2019-05-07 07:00:00,110.851,110.656,111.0331,110.48679,0.5839,19.5,103.61,103.39,10,time_exit,18.33007,0.1214,-1.51016,-3.03353,new_york,2019
USDJPY,-1,2019-05-07 07:00:00,2019-05-07 09:00:00,110.641,110.8272,110.8272,110.26859,0.5771,-18.6,-97.79,-98.01,2,stop_loss,18.21666,0.12414,-2.43635,-3.21041,tokyo,2019
USDJPY,-1,2019-05-07 11:00:00,2019-05-07 20:00:00,110.654,110.28009,110.84096,110.28009,0.569,37.4,193.61,193.38,9,take_profit,16.82632,0.12464,-1.99357,-3.31355,london,2019
USDJPY,1,2019-05-08 00:00:00,2019-05-08 05:00:00,110.233,110.05048,110.05048,110.59805,0.5945,-18.3,-98.74,-98.97,5,stop_loss,24.50214,0.12168,-3.73523,-4.16222,tokyo,2019
USDJPY,1,2019-05-08 16:00:00,2019-05-09 02:00:00,110.137,110.031,109.94946,110.51207,0.5728,-10.6,-55.25,-55.48,10,time_exit,34.70627,0.12502,-2.19954,-5.03858,new_york,2019
USDJPY,-1,2019-05-09 19:00:00,2019-05-09 20:00:00,109.563,109.75845,109.75845,109.17209,0.5465,-19.5,-97.2,-97.43,1,stop_loss,40.97679,0.1303,-3.77125,-5.52598,new_york,2019
USDJPY,-1,2019-05-10 06:00:00,2019-05-10 16:00:00,109.845,109.655,110.06187,109.41127,0.4876,19.0,84.31,84.08,10,time_exit,25.83052,0.14458,-0.8281,-4.90052,tokyo,2019
USDJPY,-1,2019-05-14 14:00:00,2019-05-15 00:00:00,109.675,109.644,109.85498,109.31504,0.5926,3.1,16.72,16.49,10,time_exit,22.82038,0.11999,0.68892,-5.1254,london,2019
USDJPY,1,2019-05-17 15:00:00,2019-05-17 17:00:00,109.568,109.88798,109.40801,109.88798,0.6678,32.0,194.45,194.22,2,take_profit,17.42749,0.10666,-1.02826,-2.20458,london,2019
USDJPY,-1,2019-05-22 13:00:00,2019-05-22 23:00:00,110.459,110.354,110.59539,110.18622,0.799,10.5,76.34,76.12,10,time_exit,22.47819,0.09093,1.52885,2.57893,london,2019
USDJPY,1,2019-05-23 04:00:00,2019-05-23 12:00:00,110.212,110.0915,110.0915,110.45299,0.9114,-12.0,-99.94,-100.16,8,stop_loss,21.1928,0.08033,-1.28679,2.4628,tokyo,2019
USDJPY,-1,2019-05-24 14:00:00,2019-05-24 17:00:00,109.675,109.33832,109.84334,109.33832,0.6458,33.7,197.86,197.63,3,take_profit,44.75119,0.11223,-1.78503,-1.31006,london,2019
USDJPY,-1,2019-05-27 20:00:00,2019-05-28 06:00:00,109.532,109.499,109.63545,109.32511,1.0719,3.3,32.19,31.96,10,time_exit,15.75033,0.06896,-0.8352,-4.13855,new_york,2019
USDJPY,-1,2019-05-31 01:00:00,2019-05-31 03:00:00,109.588,109.25412,109.75494,109.25412,0.6663,33.4,202.44,202.21,2,take_profit,20.02489,0.11129,0.11522,-0.98168,tokyo,2019
USDJPY,-1,2019-05-31 10:00:00,2019-05-31 20:00:00,108.894,108.47482,109.10359,108.47482,0.5413,41.9,206.48,206.26,10,take_profit,33.09361,0.13973,-4.01377,-1.32483,london,2019
USDJPY,1,2019-06-05 11:00:00,2019-06-05 15:00:00,108.245,108.05835,108.05835,108.6183,0.62,-18.7,-105.31,-105.54,4,stop_loss,18.52918,0.12443,0.23973,-5.45856,london,2019
USDJPY,-1,2019-06-07 05:00:00,2019-06-07 15:00:00,108.481,108.08866,108.67717,108.08866,0.584,39.2,208.51,208.28,10,take_profit,19.71079,0.13078,1.54347,-3.09198,tokyo,2019
USDJPY,-1,2019-06-10 21:00:00,2019-06-11 07:00:00,108.495,108.595,108.66797,108.14906,0.6756,-10.0,-61.48,-61.71,10,time_exit,16.88021,0.11531,0.49921,-1.45667,new_york,2019
USDJPY,1,2019-06-12 23:00:00,2019-06-13 04:00:00,108.517,108.37277,108.37277,108.80546,0.8055,-14.4,-105.72,-105.95,5,stop_loss,14.98645,0.09615,0.5303,-0.97671,,2019
USDJPY,1,2019-06-13 13:00:00,2019-06-13 21:00:00,108.443,108.30008,108.30008,108.72885,0.8047,-14.3,-104.66,-104.89,8,stop_loss,20.29633,0.09528,0.09277,-1.10968,london,2019
USDJPY,-1,2019-06-14 12:00:00,2019-06-14 15:00:00,108.243,108.36613,108.36613,107.99674,0.9247,-12.3,-103.61,-103.84,3,stop_loss,36.39697,0.08209,-1.68051,-1.47856,london,2019
USDJPY,-1,2019-06-17 08:00:00,2019-06-17 18:00:00,108.607,108.572,108.72753,108.36593,0.9352,3.5,29.79,29.56,10,time_exit,28.3404,0.08036,1.91587,-0.59193,tokyo,2019
USDJPY,-1,2019-06-18 00:00:00,2019-06-18 06:00:00,108.53,108.29838,108.64581,108.29838,0.9761,23.2,205.74,205.51,6,take_profit,24.01933,0.07721,0.11849,0.07391,tokyo,2019
USDJPY,1,2019-06-19 17:00:00,2019-06-19 20:00:00,108.457,108.31823,108.31823,108.73453,0.8309,-13.9,-104.92,-105.15,3,stop_loss,12.18629,0.09251,0.1876,-0.46123,new_york,2019
USDJPY,-1,2019-06-20 02:00:00,2019-06-20 03:00:00,108.085,107.74205,108.25647,107.74205,0.6657,34.3,207.75,207.53,1,take_profit,24.65413,0.11432,-2.43004,-0.82297,tokyo,2019
USDJPY,-1,2019-06-20 11:00:00,2019-06-20 19:00:00,107.675,107.23716,107.89392,107.23716,0.5318,43.8,211.89,211.66,8,take_profit,39.38415,0.14595,-3.28756,-1.61204,london,2019
USDJPY,1,2019-06-21 02:00:00,2019-06-21 05:00:00,107.351,107.14284,107.14284,107.76732,0.5705,-20.8,-108.07,-108.3,3,stop_loss,48.084,0.13877,-3.62039,-2.98438,tokyo,2019
USDJPY,1,2019-06-24 02:00:00,2019-06-24 12:00:00,107.36,107.344,107.16989,107.74022,0.6184,-1.6,-9.0,-9.23,10,time_exit,21.39776,0.12674,-1.6601,-4.01636,tokyo,2019
USDJPY,1,2019-06-26 13:00:00,2019-06-26 23:00:00,107.678,107.78,107.48272,108.06856,0.6015,10.2,55.83,55.6,10,time_exit,26.15509,0.13019,2.86274,-3.148,london,2019
USDJPY,1,2019-06-27 16:00:00,2019-06-27 18:00:00,107.878,107.7026,107.7026,108.2288,0.6732,-17.5,-107.45,-107.68,2,stop_loss,28.73735,0.11693,1.80362,-0.6412,new_york,2019
USDJPY,1,2019-06-28 05:00:00,2019-06-28 15:00:00,107.686,107.764,107.5285,108.00099,0.7422,7.8,52.68,52.45,10,time_exit,17.26052,0.105,-0.17577,-0.38853,tokyo,2019
USDJPY,1,2019-06-28 19:00:00,2019-07-01 00:00:00,107.845,108.15421,107.6904,108.15421,0.7598,30.9,213.79,213.57,5,take_profit,15.25288,0.10307,1.34146,-0.3274,new_york,2019
USDJPY,1,2019-07-02 02:00:00,2019-07-02 12:00:00,108.313,108.267,108.15415,108.63069,0.7543,-4.6,-31.57,-31.8,10,time_exit,33.02189,0.1059,1.72278,2.37252,tokyo,2019
USDJPY,1,2019-07-02 16:00:00,2019-07-02 18:00:00,108.178,108.04317,108.04317,108.44765,0.8861,-13.5,-108.72,-108.94,2,stop_loss,21.11519,0.08988,-0.39027,3.03963,new_york,2019
USDJPY,-1,2019-07-03 17:00:00,2019-07-04 03:00:00,107.744,107.752,107.89602,107.43996,0.778,-0.8,-5.66,-5.89,10,time_exit,45.50542,0.10135,-1.71182,0.19492,new_york,2019
USDJPY,1,2019-07-04 09:00:00,2019-07-04 19:00:00,107.812,107.795,107.70524,108.02552,1.1072,-1.7,-17.13,-17.36,10,time_exit,26.94345,0.07117,-0.74403,-0.33451,london,2019
USDJPY,1,2019-07-09 00:00:00,2019-07-09 10:00:00,108.719,108.819,108.58672,108.98356,0.8922,10.0,81.19,80.96,10,time_exit,49.23078,0.08819,4.00187,3.49929,tokyo,2019
USDJPY,-1,2019-07-12 06:00:00,2019-07-12 16:00:00,108.375,108.078,108.53348,108.05803,0.7502,29.7,202.76,202.53,10,time_exit,29.32666,0.10566,-0.44941,0.98313,tokyo,2019
USDJPY,1,2019-07-16 05:00:00,2019-07-16 15:00:00,107.948,108.21183,107.81608,108.21183,0.9182,26.4,220.45,220.22,10,take_profit,20.36184,0.08794,-0.87096,-1.94478,tokyo,2019
USDJPY,-1,2019-07-17 04:00:00,2019-07-17 14:00:00,108.243,108.265,108.39749,107.93403,0.7997,-2.2,-16.01,-16.24,10,time_exit,24.27141,0.10299,1.26113,-0.71942,tokyo,2019
USDJPY,-1,2019-07-17 23:00:00,2019-07-18 03:00:00,108.056,107.79625,108.18588,107.79625,0.9499,26.0,224.53,224.31,4,take_profit,19.86145,0.08658,-1.04973,-0.4759,,2019
USDJPY,-1,2019-07-18 05:00:00,2019-07-18 13:00:00,107.69,107.84622,107.84622,107.37756,0.8055,-15.6,-114.51,-114.74,8,stop_loss,31.82201,0.10415,-3.77285,-0.80772,tokyo,2019
USDJPY,1,2019-07-26 23:00:00,2019-07-29 03:00:00,108.704,108.58906,108.58906,108.93387,1.0838,-11.5,-113.36,-113.58,4,stop_loss,40.88939,0.07662,2.59719,3.85673,,2019
USDJPY,-1,2019-07-29 11:00:00,2019-07-29 17:00:00,108.654,108.76612,108.76612,108.42977,1.1,-11.2,-112.23,-112.46,6,stop_loss,25.66885,0.07474,1.56576,3.83461,london,2019
USDJPY,-1,2019-08-01 05:00:00,2019-08-01 15:00:00,109.211,108.8058,109.4136,108.8058,0.6026,40.5,222.2,221.97,10,take_profit,31.31451,0.13507,3.93424,1.673,tokyo,2019
USDJPY,-1,2019-08-02 08:00:00,2019-08-02 18:00:00,107.068,106.642,107.39402,106.41595,0.382,42.6,148.09,147.86,10,time_exit,52.74391,0.21735,-5.05037,-0.9281,tokyo,2019
USDJPY,-1,2019-08-05 00:00:00,2019-08-05 04:00:00,106.528,105.94766,106.81817,105.94766,0.4348,58.0,229.62,229.4,4,take_profit,52.53639,0.19345,-4.4707,-3.28083,tokyo,2019
USDJPY,1,2019-08-06 00:00:00,2019-08-06 01:00:00,105.942,105.61297,105.61297,106.60006,0.3911,-32.9,-117.1,-117.33,1,stop_loss,37.03086,0.21935,-3.09026,-4.89307,tokyo,2019
USDJPY,1,2019-08-06 17:00:00,2019-08-07 03:00:00,106.521,106.15206,106.15206,107.25888,0.3453,-36.9,-115.93,-116.16,10,stop_loss,31.72246,0.24596,0.21123,-4.08944,new_york,2019
USDJPY,-1,2019-08-12 00:00:00,2019-08-12 10:00:00,105.556,105.49,105.79371,105.08057,0.5305,6.6,31.86,31.63,10,time_exit,37.0312,0.15848,-1.84685,-4.83879,tokyo,2019
USDJPY,-1,2019-08-13 21:00:00,2019-08-14 07:00:00,106.614,106.556,107.0201,105.8018,0.3114,5.8,16.44,16.21,10,time_exit,33.95603,0.27073,3.57757,-2.22718,new_york,2019
USDJPY,1,2019-08-15 10:00:00,2019-08-15 12:00:00,106.326,106.00642,106.00642,106.96515,0.3963,-32.0,-115.25,-115.48,2,stop_loss,19.51306,0.21305,1.61423,-1.10726,london,2019
USDJPY,1,2019-08-20 06:00:00,2019-08-20 10:00:00,106.571,106.42684,106.42684,106.85932,0.8696,-14.4,-114.08,-114.31,4,stop_loss,22.39511,0.09611,1.53065,1.40534,tokyo,2019
USDJPY,1,2019-08-20 11:00:00,2019-08-20 12:00:00,106.463,106.32606,106.32606,106.73687,0.9063,-13.7,-112.94,-113.16,1,stop_loss,20.39625,0.09129,0.23172,1.55807,london,2019
USDJPY,-1,2019-08-20 20:00:00,2019-08-21 05:00:00,106.312,106.47591,106.47591,105.98418,0.7496,-16.4,-111.81,-112.04,9,stop_loss,29.62731,0.10927,-0.8787,0.96055,new_york,2019
USDJPY,-1,2019-08-21 05:00:00,2019-08-21 09:00:00,106.417,106.56241,106.56241,106.12618,0.8365,-14.5,-110.69,-110.91,4,stop_loss,30.22801,0.09694,0.46708,0.72419,tokyo,2019
USDJPY,1,2019-08-22 16:00:00,2019-08-22 17:00:00,106.581,106.42304,106.42304,106.89692,0.7623,-15.8,-109.57,-109.8,1,stop_loss,16.6948,0.10531,1.11825,0.98605,new_york,2019
USDJPY,1,2019-08-23 04:00:00,2019-08-23 14:00:00,106.578,106.732,106.43461,106.86478,0.8313,15.4,116.5,116.27,10,time_exit,15.35866,0.09559,1.25046,0.92409,tokyo,2019
USDJPY,1,2019-08-23 18:00:00,2019-08-23 19:00:00,106.007,105.79785,105.79785,106.4253,0.5761,-20.9,-109.65,-109.87,1,stop_loss,18.78397,0.13943,-3.53963,0.73241,new_york,2019
USDJPY,1,2019-08-26 01:00:00,2019-08-26 05:00:00,104.788,105.43155,104.46622,105.43155,0.3707,64.4,217.09,216.87,4,take_profit,39.08619,0.21452,-6.55854,-0.57179,tokyo,2019
USDJPY,-1,2019-08-26 19:00:00,2019-08-27 05:00:00,106.004,105.745,106.39886,105.21428,0.3081,25.9,72.62,72.39,10,time_exit,28.69352,0.26324,0.32766,-1.0698,new_york,2019
USDJPY,1,2019-08-28 19:00:00,2019-08-29 05:00:00,105.872,105.91,105.68778,106.24043,0.6648,3.8,22.99,22.76,10,time_exit,8.6,0.12281,0.33928,-1.86906,new_york,2019
USDJPY,-1,2019-08-29 09:00:00,2019-08-29 10:00:00,105.874,106.04885,106.04885,105.52431,0.7018,-17.5,-111.66,-111.89,1,stop_loss,23.74282,0.11656,-0.17248,-1.34507,london,2019
USDJPY,-1,2019-08-29 14:00:00,2019-08-29 16:00:00,106.262,106.4605,106.4605,105.86501,0.612,-19.8,-110.55,-110.77,2,stop_loss,31.19604,0.13233,2.41912,-0.85577,london,2019
USDJPY,-1,2019-08-30 00:00:00,2019-08-30 10:00:00,106.518,106.512,106.71668,106.12065,0.6053,0.6,3.3,3.08,10,time_exit,47.21357,0.13245,2.93597,0.18393,tokyo,2019
USDJPY,1,2019-09-04 11:00:00,2019-09-04 21:00:00,106.231,106.406,106.04441,106.60418,0.6447,17.5,102.67,102.44,10,time_exit,19.33748,0.12439,1.00151,-0.28495,london,2019
USDJPY,-1,2019-09-05 17:00:00,2019-09-06 02:00:00,106.853,107.05852,107.05852,106.44196,0.5908,-20.6,-110.49,-110.72,9,stop_loss,30.68507,0.13701,3.43973,1.15982,new_york,2019
USDJPY,-1,2019-09-06 12:00:00,2019-09-06 15:00:00,107.041,106.71323,107.20489,106.71323,0.7335,32.8,218.78,218.56,3,take_profit,34.86686,0.10926,2.97893,3.2692,london,2019
USDJPY,1,2019-09-06 16:00:00,2019-09-09 02:00:00,106.842,106.945,106.65827,107.20946,0.6673,10.3,62.55,62.32,10,time_exit,30.21327,0.12249,0.75023,3.00874,new_york,2019
USDJPY,-1,2019-09-12 12:00:00,2019-09-12 15:00:00,107.864,107.57749,108.00726,107.57749,0.8606,28.7,224.38,224.16,3,take_profit,34.31474,0.0955,1.70258,6.81307,london,2019
USDJPY,-1,2019-09-13 07:00:00,2019-09-13 17:00:00,108.173,108.073,108.33587,107.84727,0.7721,10.0,70.26,70.03,10,time_exit,18.78375,0.10858,2.57035,6.17636,tokyo,2019
USDJPY,1,2019-09-16 22:00:00,2019-09-17 08:00:00,108.042,108.182,107.85319,108.41961,0.6701,14.0,85.37,85.14,10,time_exit,19.32535,0.12587,1.00733,3.68044,,2019
USDJPY,-1,2019-09-18 14:00:00,2019-09-18 21:00:00,108.192,108.30397,108.30397,107.96807,1.1384,-11.2,-115.99,-116.22,7,stop_loss,15.32858,0.07464,0.88844,5.84133,london,2019
USDJPY,-1,2019-09-19 17:00:00,2019-09-20 03:00:00,107.997,107.972,108.17733,107.63635,0.6997,2.5,15.92,15.69,10,time_exit,23.08141,0.12022,-0.93048,2.62504,new_york,2019
USDJPY,-1,2019-09-20 21:00:00,2019-09-23 07:00:00,107.696,107.72,107.8572,107.37361,0.7838,-2.4,-17.12,-17.35,10,time_exit,31.09387,0.10746,-2.73253,1.48188,new_york,2019
USDJPY,1,2019-09-23 11:00:00,2019-09-23 12:00:00,107.514,107.36907,107.36907,107.80386,0.8705,-14.5,-114.81,-115.04,1,stop_loss,30.54568,0.09662,-3.47619,0.43613,london,2019
USDJPY,-1,2019-09-24 06:00:00,2019-09-24 12:00:00,107.534,107.68909,107.68909,107.22382,0.8053,-15.5,-113.65,-113.88,6,stop_loss,28.54718,0.10339,-1.276,-0.85048,tokyo,2019
USDJPY,1,2019-09-25 23:00:00,2019-09-26 09:00:00,107.786,107.61,107.58199,108.19402,0.6061,-17.6,-97.07,-97.3,10,time_exit,26.34514,0.13601,2.07389,-1.05946,,2019
USDJPY,-1,2019-09-30 20:00:00,2019-10-01 06:00:00,108.146,108.26,108.32144,107.79513,0.6987,-11.4,-72.48,-72.71,10,time_exit,13.00873,0.11696,2.16183,1.17958,new_york,2019
USDJPY,-1,2019-10-01 06:00:00,2019-10-01 10:00:00,108.216,108.35658,108.35658,107.93484,0.8663,-14.1,-110.82,-111.05,4,stop_loss,15.20256,0.09372,2.65579,1.90384,tokyo,2019
USDJPY,-1,2019-10-01 15:00:00,2019-10-01 17:00:00,108.354,108.03125,108.51538,108.03125,0.7471,32.3,219.43,219.2,2,take_profit,26.261,0.10758,2.65302,2.18653,london,2019
USDJPY,1,2019-10-02 06:00:00,2019-10-02 10:00:00,107.778,107.60512,107.60512,108.12376,0.7113,-17.3,-111.9,-112.13,4,stop_loss,34.04961,0.11525,-1.47968,1.02471,tokyo,2019
USDJPY,1,2019-10-03 22:00:00,2019-10-04 08:00:00,106.892,106.828,106.64632,107.38335,0.4955,-6.4,-28.86,-29.09,10,time_exit,55.00472,0.16378,-2.44654,-2.03893,,2019
USDJPY,1,2019-10-08 03:00:00,2019-10-08 12:00:00,107.254,107.09071,107.09071,107.58058,0.7436,-16.3,-110.49,-110.72,9,stop_loss,30.04033,0.10886,2.1675,-2.92507,tokyo,2019
USDJPY,-1,2019-10-08 18:00:00,2019-10-09 04:00:00,107.104,107.14,107.30054,106.71091,0.6116,-3.6,-20.04,-20.26,10,time_exit,30.1996,0.13103,0.16281,-1.77882,new_york,2019
USDJPY,-1,2019-10-09 13:00:00,2019-10-09 19:00:00,107.341,107.51179,107.51179,106.99943,0.7025,-17.1,-109.18,-109.41,6,stop_loss,15.83263,0.11386,1.95471,-1.46666,london,2019
USDJPY,1,2019-10-10 11:00:00,2019-10-10 16:00:00,107.406,107.838,107.19,107.838,0.5499,43.2,216.18,215.95,5,take_profit,24.40461,0.144,0.73238,-0.08883,london,2019
USDJPY,-1,2019-10-16 16:00:00,2019-10-16 17:00:00,108.662,108.82803,108.82803,108.32995,0.7297,-16.6,-110.25,-110.47,1,stop_loss,14.49403,0.11068,0.97494,4.95672,new_york,2019
USDJPY,-1,2019-10-17 07:00:00,2019-10-17 12:00:00,108.778,108.91583,108.91583,108.50235,0.8702,-13.8,-109.14,-109.37,5,stop_loss,8.47107,0.09188,1.54152,5.76863,tokyo,2019
USDJPY,-1,2019-10-18 01:00:00,2019-10-18 11:00:00,108.614,108.692,108.7665,108.30901,0.7786,-7.8,-55.27,-55.49,10,time_exit,9.53196,0.10166,-0.41212,4.46894,tokyo,2019
USDJPY,1,2019-10-18 12:00:00,2019-10-18 15:00:00,108.692,108.55539,108.55539,108.96523,0.8646,-13.7,-107.49,-107.71,3,stop_loss,9.63809,0.09108,0.60004,4.32604,london,2019
USDJPY,-1,2019-10-18 15:00:00,2019-10-21 01:00:00,108.584,108.31219,108.7199,108.31219,0.8605,27.2,212.84,212.61,10,take_profit,8.76316,0.0906,-0.57544,4.21003,london,2019
USDJPY,-1,2019-10-21 15:00:00,2019-10-22 01:00:00,108.558,108.602,108.6792,108.31559,0.9841,-4.4,-39.4,-39.63,10,time_exit,13.22479,0.0808,0.07706,3.05042,london,2019
USDJPY,1,2019-10-22 06:00:00,2019-10-22 10:00:00,108.642,108.53272,108.53272,108.86056,1.0875,-10.9,-108.15,-108.37,4,stop_loss,11.19017,0.07285,0.95962,3.11483,tokyo,2019
USDJPY,1,2019-10-23 16:00:00,2019-10-24 02:00:00,108.527,108.638,108.40155,108.77789,0.9378,11.1,94.73,94.5,10,time_exit,26.72524,0.08363,0.50347,1.23192,new_york,2019
USDJPY,1,2019-10-25 04:00:00,2019-10-25 14:00:00,108.655,108.566,108.54234,108.88031,1.0535,-8.9,-85.32,-85.55,10,time_exit,12.81236,0.0751,0.8269,1.79645,tokyo,2019
USDJPY,-1,2019-10-28 04:00:00,2019-10-28 14:00:00,108.774,108.73,108.87975,108.56249,1.1134,4.4,44.58,44.35,10,time_exit,14.65337,0.0705,1.87445,1.99065,tokyo,2019
USDJPY,-1,2019-10-29 15:00:00,2019-10-30 01:00:00,108.914,108.872,109.01411,108.71377,1.181,4.2,45.14,44.91,10,time_exit,33.18943,0.06674,1.06955,3.3941,london,2019
USDJPY,1,2019-10-30 20:00:00,2019-10-30 21:00:00,108.879,109.08551,108.77574,109.08551,1.1498,20.7,216.08,215.85,1,take_profit,22.61903,0.06884,0.25047,2.63644,new_york,2019
USDJPY,-1,2019-10-30 21:00:00,2019-10-30 22:00:00,108.867,108.9692,108.9692,108.66259,1.1849,-10.2,-110.2,-110.43,1,stop_loss,21.63187,0.06814,0.07391,2.63938,new_york,2019
USDJPY,1,2019-11-01 15:00:00,2019-11-01 19:00:00,107.972,108.21468,107.85066,108.21468,0.988,24.3,218.19,217.96,4,take_profit,36.25321,0.08089,-3.96128,-3.01613,london,2019
USDJPY,1,2019-11-05 00:00:00,2019-11-05 02:00:00,108.574,108.7805,108.47075,108.7805,1.1843,20.6,222.55,222.32,2,take_profit,38.65464,0.06883,3.03048,-1.70176,tokyo,2019
USDJPY,-1,2019-11-05 10:00:00,2019-11-05 15:00:00,108.79,108.89755,108.89755,108.57489,1.1596,-10.8,-113.49,-113.72,5,stop_loss,41.9908,0.0717,4.10473,-0.19994,london,2019
USDJPY,-1,2019-11-05 15:00:00,2019-11-05 17:00:00,108.86,108.96214,108.96214,108.65571,1.2088,-10.2,-112.36,-112.59,2,stop_loss,41.59894,0.0681,4.40465,0.47996,london,2019
USDJPY,1,2019-11-05 18:00:00,2019-11-06 03:00:00,109.156,109.01921,109.01921,109.42958,0.8936,-13.7,-111.23,-111.46,9,stop_loss,42.29307,0.09119,6.02372,0.73429,new_york,2019
USDJPY,1,2019-11-06 03:00:00,2019-11-06 08:00:00,109.064,108.93172,108.93172,109.32856,0.9148,-13.2,-110.12,-110.35,5,stop_loss,47.75929,0.08819,3.31577,2.03054,tokyo,2019
USDJPY,1,2019-11-06 10:00:00,2019-11-06 18:00:00,108.977,108.85086,108.85086,109.22928,0.9497,-12.6,-109.02,-109.24,8,stop_loss,34.92915,0.08409,1.68791,2.5297,london,2019
USDJPY,-1,2019-11-07 06:00:00,2019-11-07 09:00:00,108.674,108.80638,108.80638,108.40924,0.8959,-13.2,-107.92,-108.15,3,stop_loss,29.93734,0.08825,-2.2857,2.25645,tokyo,2019
USDJPY,1,2019-11-11 13:00:00,2019-11-11 23:00:00,108.968,109.048,108.84854,109.20693,0.9828,8.0,71.55,71.32,10,time_exit,25.87385,0.07964,-1.84747,2.90243,london,2019
USDJPY,-1,2019-11-18 05:00:00,2019-11-18 09:00:00,108.813,108.93131,108.93131,108.57639,0.9991,-11.8,-107.56,-107.79,4,stop_loss,24.32673,0.07887,1.23599,-1.35866,tokyo,2019
USDJPY,1,2019-11-18 15:00:00,2019-11-18 16:00:00,109.04,108.93286,108.93286,109.25427,1.0922,-10.7,-106.48,-106.71,1,stop_loss,34.07846,0.07142,3.5193,-0.6193,london,2019
USDJPY,1,2019-11-19 10:00:00,2019-11-19 17:00:00,108.661,108.53195,108.53195,108.9191,0.8976,-12.9,-105.41,-105.64,7,stop_loss,24.85337,0.08603,-0.46085,-1.11922,london,2019
USDJPY,-1,2019-11-20 16:00:00,2019-11-20 17:00:00,108.532,108.67795,108.67795,108.24011,0.7857,-14.6,-104.35,-104.58,1,stop_loss,28.48047,0.0973,-0.4632,-1.58679,new_york,2019
USDJPY,-1,2019-11-20 21:00:00,2019-11-21 07:00:00,108.592,108.575,108.78087,108.21425,0.6011,1.7,9.3,9.07,10,time_exit,24.47985,0.12592,0.0974,-1.12803,new_york,2019
USDJPY,1,2019-11-25 04:00:00,2019-11-25 14:00:00,108.768,108.879,108.6532,108.99759,0.9898,11.1,99.98,99.75,10,time_exit,18.06012,0.07653,1.9166,-0.67965,tokyo,2019
USDJPY,-1,2019-11-27 17:00:00,2019-11-27 18:00:00,109.286,109.38251,109.38251,109.09299,1.1888,-9.7,-104.4,-104.63,1,stop_loss,40.82108,0.06434,3.8298,3.14206,new_york,2019
USDJPY,1,2019-11-27 21:00:00,2019-11-28 01:00:00,109.488,109.38435,109.38435,109.6953,1.0957,-10.4,-103.35,-103.57,4,stop_loss,48.54077,0.0691,5.73193,3.42116,new_york,2019
USDJPY,1,2019-11-28 23:00:00,2019-11-29 09:00:00,109.516,109.502,109.44602,109.65597,1.6066,-1.4,-20.47,-20.7,10,time_exit,30.09571,0.04666,3.63303,7.44831,,2019
USDJPY,1,2019-12-03 18:00:00,2019-12-04 04:00:00,108.544,108.522,108.37002,108.89195,0.645,-2.2,-12.91,-13.14,10,time_exit,37.88517,0.11598,-5.41402,0.22606,new_york,2019
USDJPY,1,2019-12-05 12:00:00,2019-12-05 15:00:00,108.948,108.82051,108.82051,109.20298,0.879,-12.7,-101.98,-102.21,3,stop_loss,16.5149,0.08499,1.13769,-1.80722,london,2019
USDJPY,1,2019-12-09 07:00:00,2019-12-09 11:00:00,108.578,108.46281,108.46281,108.80838,0.9631,-11.5,-100.95,-101.18,4,stop_loss,14.65352,0.07679,-1.42936,-2.64334,tokyo,2019
USDJPY,-1,2019-12-11 05:00:00,2019-12-11 15:00:00,108.742,108.704,108.85243,108.52114,0.9945,3.8,34.39,34.16,10,time_exit,22.16535,0.07362,1.0632,-1.78251,tokyo,2019
USDJPY,1,2019-12-12 02:00:00,2019-12-12 12:00:00,108.554,108.648,108.4511,108.75979,1.071,9.4,91.61,91.39,10,time_exit,22.71482,0.0686,-1.50826,-1.63557,tokyo,2019
USDJPY,-1,2019-12-12 14:00:00,2019-12-12 16:00:00,108.638,108.72884,108.72884,108.45632,1.2242,-9.1,-101.2,-101.42,2,stop_loss,22.64134,0.06056,-0.00916,-1.86556,london,2019
USDJPY,1,2019-12-12 18:00:00,2019-12-12 19:00:00,109.297,109.13923,109.13923,109.61254,0.6978,-15.8,-100.18,-100.41,1,stop_loss,25.57113,0.10518,5.92466,-0.78223,new_york,2019
USDJPY,-1,2019-12-13 01:00:00,2019-12-13 11:00:00,109.479,109.641,109.71687,109.00326,0.4582,-16.2,-67.55,-67.78,10,time_exit,36.4141,0.15858,4.12821,0.22746,tokyo,2019
USDJPY,-1,2019-12-16 06:00:00,2019-12-16 16:00:00,109.398,109.451,109.54659,109.10082,0.7285,-5.3,-35.14,-35.36,10,time_exit,23.25594,0.09906,1.52312,2.88955,tokyo,2019
USDJPY,1,2019-12-16 18:00:00,2019-12-17 02:00:00,109.627,109.50689,109.50689,109.86723,0.898,-12.0,-98.15,-98.38,8,stop_loss,17.48388,0.08008,3.79869,3.84204,new_york,2019
USDJPY,-1,2019-12-17 11:00:00,2019-12-17 21:00:00,109.604,109.493,109.69258,109.42685,1.2054,11.1,121.76,121.53,10,time_exit,13.90322,0.05905,2.6471,5.8357,london,2019
USDJPY,1,2019-12-18 18:00:00,2019-12-19 04:00:00,109.588,109.572,109.48963,109.78475,1.099,-1.6,-16.0,-16.23,10,time_exit,17.8181,0.06558,1.47617,4.26086,new_york,2019
USDJPY,-1,2019-12-19 20:00:00,2019-12-19 23:00:00,109.21,109.31366,109.31366,109.00268,1.0412,-10.4,-98.22,-98.44,3,stop_loss,29.85046,0.06911,-3.99928,2.9957,new_york,2019
USDJPY,-1,2019-12-20 00:00:00,2019-12-20 10:00:00,109.364,109.353,109.46611,109.15978,1.0464,1.1,10.47,10.25,10,time_exit,32.48722,0.06807,-1.51174,2.60473,tokyo,2019
USDJPY,1,2019-12-20 12:00:00,2019-12-20 19:00:00,109.333,109.51609,109.24145,109.51609,1.1684,18.3,194.67,194.44,7,take_profit,20.47355,0.06103,-1.31393,2.07074,london,2019
USDJPY,-1,2019-12-24 03:00:00,2019-12-24 13:00:00,109.42,109.399,109.49545,109.2691,1.446,2.1,27.63,27.41,10,time_exit,8.56997,0.0503,0.28543,1.58597,tokyo,2019
USDJPY,1,2019-12-24 19:00:00,2019-12-26 02:00:00,109.381,109.49744,109.32278,109.49744,1.8791,11.6,199.11,198.88,4,take_profit,9.68413,0.03881,-0.50515,1.65902,new_york,2019
USDJPY,1,2019-12-27 11:00:00,2019-12-27 21:00:00,109.488,109.41675,109.41675,109.63049,1.5662,-7.1,-101.54,-101.77,10,stop_loss,30.10824,0.0475,-0.45713,2.2909,london,2019
USDJPY,-1,2019-12-30 09:00:00,2019-12-30 16:00:00,109.148,108.93224,109.25588,108.93224,1.024,21.6,201.05,200.83,7,take_profit,27.31063,0.07192,-3.7791,0.34006,london,2019
USDJPY,1,2019-12-31 05:00:00,2019-12-31 13:00:00,108.652,108.52442,108.52442,108.90715,0.8832,-12.8,-102.53,-102.76,8,stop_loss,49.78505,0.08505,-5.72419,-2.02677,tokyo,2019
USDJPY,1,2019-12-31 17:00:00,2020-01-02 06:00:00,108.62,108.743,108.50138,108.85724,0.9403,12.3,105.25,105.02,10,time_exit,57.90423,0.07908,-4.03493,-3.73568,new_york,2019
USDJPY,1,2020-01-02 12:00:00,2020-01-02 15:00:00,108.84,108.72821,108.72821,109.06358,1.0081,-11.2,-102.55,-102.78,3,stop_loss,25.02191,0.07453,0.07585,-4.32933,london,2020
USDJPY,-1,2020-01-03 17:00:00,2020-01-03 20:00:00,108.224,107.85169,108.41016,107.85169,0.5993,37.2,203.05,202.82,3,take_profit,43.71092,0.1241,-1.81468,-4.01536,new_york,2020
USDJPY,-1,2020-01-06 13:00:00,2020-01-06 17:00:00,108.002,108.18806,108.18806,107.62989,0.6116,-18.6,-103.55,-103.78,4,stop_loss,34.04593,0.12404,-1.69769,-4.56722,london,2020
USDJPY,-1,2020-01-07 04:00:00,2020-01-07 14:00:00,108.434,108.424,108.58952,108.12297,0.7244,1.0,6.59,6.36,10,time_exit,24.49584,0.10368,1.58655,-4.30552,tokyo,2020
USDJPY,-1,2020-01-08 14:00:00,2020-01-08 18:00:00,108.722,108.9806,108.9806,108.2048,0.4359,-25.9,-102.58,-102.81,4,stop_loss,19.24708,0.1724,1.98264,-1.45066,london,2020
USDJPY,-1,2020-01-09 00:00:00,2020-01-09 08:00:00,109.034,109.28981,109.28981,108.52237,0.4363,-25.6,-101.57,-101.79,8,stop_loss,25.57401,0.17054,3.27131,-0.518,tokyo,2020
USDJPY,1,2020-01-09 14:00:00,2020-01-10 00:00:00,109.452,109.476,109.27997,109.79607,0.6422,2.4,14.03,13.8,10,time_exit,35.92455,0.11469,5.00752,1.19942,london,2020
USDJPY,-1,2020-01-10 15:00:00,2020-01-10 19:00:00,109.637,109.43811,109.73645,109.43811,1.1125,19.9,201.36,201.13,4,take_profit,35.56833,0.0663,5.08786,5.79454,london,2020
USDJPY,-1,2020-01-15 09:00:00,2020-01-15 19:00:00,109.94,109.887,110.06945,109.6811,0.8717,5.3,42.04,41.81,10,time_exit,30.16341,0.0863,0.58595,5.88876,london,2020
USDJPY,1,2020-01-20 02:00:00,2020-01-20 12:00:00,110.19,110.182,110.08702,110.39596,1.1002,-0.8,-8.01,-8.24,10,time_exit,19.03792,0.06865,1.26578,5.69744,tokyo,2020
USDJPY,-1,2020-01-22 06:00:00,2020-01-22 16:00:00,110.03,109.885,110.16006,109.76987,0.8704,14.5,114.85,114.62,10,time_exit,29.46564,0.08671,0.24859,1.91448,tokyo,2020
USDJPY,-1,2020-01-22 23:00:00,2020-01-23 03:00:00,109.861,109.65548,109.96376,109.65548,1.1139,20.6,208.33,208.1,4,take_profit,23.09989,0.06851,-1.67602,1.68121,,2020
USDJPY,-1,2020-01-24 09:00:00,2020-01-24 10:00:00,109.529,109.63909,109.63909,109.30881,1.0605,-11.0,-106.25,-106.47,1,stop_loss,33.55703,0.0734,-1.5944,-1.70178,london,2020
USDJPY,1,2020-01-24 12:00:00,2020-01-24 16:00:00,109.57,109.45807,109.45807,109.79385,1.0327,-11.2,-105.18,-105.41,4,stop_loss,29.38377,0.07462,-0.9263,-1.69271,london,2020
USDJPY,1,2020-01-24 21:00:00,2020-01-27 00:00:00,109.258,109.12366,109.12366,109.52667,0.8518,-13.4,-104.13,-104.36,3,stop_loss,27.99556,0.08956,-3.60854,-1.76077,new_york,2020
USDJPY,1,2020-01-27 01:00:00,2020-01-27 11:00:00,108.902,108.894,108.73543,109.23513,0.6801,-0.8,-4.95,-5.18,10,time_exit,32.74,0.11104,-5.57745,-1.76176,tokyo,2020
USDJPY,-1,2020-01-28 03:00:00,2020-01-28 04:00:00,108.85,109.01162,109.01162,108.52677,0.7006,-16.2,-103.04,-103.27,1,stop_loss,32.66957,0.10774,-2.81817,-3.6179,tokyo,2020
USDJPY,1,2020-01-28 12:00:00,2020-01-28 17:00:00,108.824,109.14685,108.66258,109.14685,0.6944,32.3,204.01,203.78,5,take_profit,24.99308,0.10762,-2.58977,-3.64478,london,2020
USDJPY,-1,2020-01-29 00:00:00,2020-01-29 10:00:00,109.144,109.084,109.28931,108.85338,0.7868,6.0,42.96,42.73,10,time_exit,17.36115,0.09687,0.54113,-3.64811,tokyo,2020
USDJPY,1,2020-01-29 16:00:00,2020-01-29 17:00:00,109.148,109.01794,109.01794,109.40812,0.8827,-13.0,-104.47,-104.7,1,stop_loss,13.62426,0.08671,0.43135,-3.35374,new_york,2020
USDJPY,-1,2020-01-30 01:00:00,2020-01-30 11:00:00,109.01,108.902,109.15383,108.72235,0.7902,10.8,77.66,77.43,10,time_exit,16.09243,0.09588,-0.97897,-2.8248,tokyo,2020
USDJPY,1,2020-01-30 13:00:00,2020-01-30 14:00:00,108.924,108.78704,108.78704,109.19791,0.836,-13.7,-104.19,-104.42,1,stop_loss,31.34482,0.0913,-1.17012,-3.19627,london,2020
USDJPY,-1,2020-01-30 21:00:00,2020-01-30 22:00:00,108.633,108.81655,108.81655,108.2659,0.6176,-18.4,-103.16,-103.39,1,stop_loss,34.45801,0.12237,-2.6174,-2.64379,new_york,2020
USDJPY,-1,2020-01-31 07:00:00,2020-01-31 16:00:00,109.087,108.74402,109.25849,108.74402,0.6544,34.3,204.24,204.02,9,take_profit,24.37393,0.11433,1.05633,-2.49216,tokyo,2020
USDJPY,1,2020-02-03 09:00:00,2020-02-03 19:00:00,108.524,108.666,108.35175,108.86851,0.6645,14.2,85.87,85.64,10,time_exit,27.55859,0.11484,-1.71341,-3.3691,london,2020
USDJPY,-1,2020-02-04 09:00:00,2020-02-04 10:00:00,108.915,109.08793,109.08793,108.56914,0.6673,-17.3,-105.01,-105.24,1,stop_loss,25.48464,0.11529,1.97647,-2.80682,london,2020
USDJPY,1,2020-02-06 17:00:00,2020-02-07 03:00:00,109.933,109.915,109.78961,110.21978,0.7967,-1.8,-13.05,-13.28,10,time_exit,24.33382,0.09559,3.15333,3.67519,new_york,2020
USDJPY,-1,2020-02-07 05:00:00,2020-02-07 15:00:00,109.901,109.776,110.02352,109.65596,0.9312,12.5,105.92,105.7,10,time_exit,22.04335,0.08168,1.8258,4.85677,tokyo,2020
USDJPY,1,2020-02-10 04:00:00,2020-02-10 14:00:00,109.784,109.748,109.60924,110.13352,0.6595,-3.6,-21.61,-21.83,10,time_exit,24.8061,0.11651,0.13321,2.76926,tokyo,2020
USDJPY,-1,2020-02-10 22:00:00,2020-02-11 03:00:00,109.698,109.832,109.832,109.42999,0.8583,-13.4,-104.66,-104.89,5,stop_loss,23.24451,0.08934,-0.69477,2.93641,,2020
USDJPY,-1,2020-02-11 22:00:00,2020-02-12 03:00:00,109.752,109.86968,109.86968,109.51664,0.9676,-11.8,-103.62,-103.85,5,stop_loss,12.87821,0.07845,-0.67772,3.00404,,2020
USDJPY,-1,2020-02-12 03:00:00,2020-02-12 10:00:00,109.842,109.94722,109.94722,109.63155,1.0713,-10.5,-102.58,-102.81,7,stop_loss,11.52989,0.07015,0.55409,3.20659,tokyo,2020
USDJPY,-1,2020-02-13 08:00:00,2020-02-13 18:00:00,109.826,109.821,109.94552,109.58697,0.9337,0.5,4.25,4.02,10,time_exit,30.50174,0.07968,-1.03073,2.92345,tokyo,2020
USDJPY,-1,2020-02-14 15:00:00,2020-02-17 01:00:00,109.853,109.796,109.96028,109.63844,1.0406,5.7,53.98,53.75,10,time_exit,11.39767,0.07152,0.33156,1.73209,london,2020
USDJPY,-1,2020-02-17 10:00:00,2020-02-17 17:00:00,109.865,109.95313,109.95313,109.68873,1.2734,-8.8,-102.13,-102.36,7,stop_loss,9.05445,0.05876,0.87012,1.5843,london,2020
USDJPY,-1,2020-02-18 09:00:00,2020-02-18 16:00:00,109.77,109.86104,109.86104,109.58793,1.2204,-9.1,-101.1,-101.33,7,stop_loss,25.44269,0.06069,-0.90748,1.30142,london,2020
USDJPY,1,2020-02-21 06:00:00,2020-02-21 09:00:00,112.018,111.77436,111.77436,112.50529,0.4514,-24.4,-100.08,-100.31,3,stop_loss,53.46223,0.16243,3.70123,6.17478,tokyo,2020
USDJPY,-1,2020-02-24 21:00:00,2020-02-25 01:00:00,110.538,110.83378,110.83378,109.94643,0.3681,-29.6,-99.08,-99.31,4,stop_loss,48.79764,0.19719,-4.10146,3.03539,new_york,2020
USDJPY,-1,2020-02-26 23:00:00,2020-02-27 09:00:00,110.447,110.102,110.74219,109.85663,0.3652,34.5,114.65,114.43,10,time_exit,16.32548,0.19679,-0.50282,-0.46273,,2020
USDJPY,-1,2020-02-27 10:00:00,2020-02-27 20:00:00,110.102,109.94,110.36196,109.58207,0.4195,16.2,61.84,61.62,10,time_exit,22.06793,0.17331,-1.88812,-0.93813,london,2020
USDJPY,-1,2020-03-02 18:00:00,2020-03-02 22:00:00,107.904,108.39789,108.39789,106.91623,0.2222,-49.4,-99.86,-100.09,4,stop_loss,31.78545,0.32926,-1.85294,-3.72184,new_york,2020
USDJPY,1,2020-03-03 12:00:00,2020-03-03 17:00:00,107.978,107.56896,107.56896,108.79607,0.2656,-40.9,-98.86,-99.09,5,stop_loss,15.2038,0.27269,-1.12406,-4.35706,london,2020
USDJPY,1,2020-03-05 19:00:00,2020-03-05 20:00:00,106.564,106.27749,106.27749,107.13701,0.3754,-28.7,-97.87,-98.1,1,stop_loss,22.90149,0.191,-4.01572,-6.3895,new_york,2020
USDJPY,1,2020-03-05 23:00:00,2020-03-06 09:00:00,106.013,105.795,105.68289,106.67323,0.3225,-21.8,-63.98,-64.21,10,time_exit,32.84052,0.22008,-5.28417,-5.8498,,2020
USDJPY,-1,2020-03-06 23:00:00,2020-03-09 00:00:00,105.496,104.56825,105.95988,104.56825,0.228,92.8,192.49,192.26,1,take_profit,38.22001,0.30925,-2.22232,-5.41795,,2020
USDJPY,1,2020-03-09 03:00:00,2020-03-09 04:00:00,103.935,103.3062,103.3062,105.1926,0.1716,-62.9,-98.19,-98.42,1,stop_loss,41.30688,0.4192,-4.70591,-4.32313,tokyo,2020
USDJPY,-1,2020-03-09 14:00:00,2020-03-10 00:00:00,102.351,102.287,103.20632,100.64036,0.1249,6.4,7.27,7.05,10,time_exit,57.72747,0.57021,-4.18739,-4.30032,london,2020
USDJPY,1,2020-03-11 01:00:00,2020-03-11 08:00:00,105.26,104.32344,104.32344,107.13312,0.1141,-93.7,-97.24,-97.47,7,stop_loss,24.16618,0.62437,1.72234,-3.15952,tokyo,2020
USDJPY,-1,2020-03-12 09:00:00,2020-03-12 16:00:00,103.831,104.57427,104.57427,102.34446,0.1423,-74.3,-96.25,-96.48,7,stop_loss,15.33028,0.49551,-1.08345,-2.72665,london,2020
USDJPY,-1,2020-03-12 17:00:00,2020-03-12 18:00:00,104.72,105.43488,105.43488,103.29023,0.1465,-71.5,-95.3,-95.53,1,stop_loss,13.91159,0.47659,0.98763,-2.79314,new_york,2020
USDJPY,1,2020-03-13 02:00:00,2020-03-13 12:00:00,104.784,106.262,103.9867,106.37861,0.13,147.8,174.85,174.62,10,time_exit,24.3149,0.53154,0.51704,-1.94188,tokyo,2020
USDJPY,-1,2020-03-13 16:00:00,2020-03-13 21:00:00,107.299,108.08246,108.08246,105.73209,0.1348,-78.3,-96.11,-96.33,5,stop_loss,37.83148,0.5223,4.26709,-0.94952,new_york,2020
USDJPY,-1,2020-03-16 14:00:00,2020-03-17 00:00:00,105.919,105.889,106.83014,104.09673,0.1147,3.0,3.13,2.9,10,time_exit,23.29173,0.60742,-0.30724,0.44361,london,2020
USDJPY,1,2020-03-17 14:00:00,2020-03-18 00:00:00,107.022,107.623,106.2996,108.4668,0.1448,60.1,79.19,78.97,10,time_exit,19.89082,0.4816,1.58702,0.6797,london,2020
USDJPY,-1,2020-03-19 07:00:00,2020-03-19 14:00:00,109.287,109.9407,109.9407,107.97961,0.1613,-65.4,-95.95,-96.18,7,stop_loss,32.27747,0.4358,3.81846,2.46477,tokyo,2020
USDJPY,1,2020-03-20 07:00:00,2020-03-20 10:00:00,110.169,109.48903,109.48903,111.52894,0.1535,-68.0,-94.98,-95.21,3,stop_loss,46.35866,0.45331,2.13552,4.20107,tokyo,2020
USDJPY,1,2020-03-24 09:00:00,2020-03-24 19:00:00,110.39,111.55412,109.80794,111.55412,0.1776,116.4,188.14,187.91,10,take_profit,16.54967,0.38804,-0.14981,4.77204,london,2020
USDJPY,1,2020-03-24 23:00:00,2020-03-25 03:00:00,111.506,110.98205,110.98205,112.55391,0.2012,-52.4,-95.93,-96.16,4,stop_loss,23.88334,0.3493,2.26992,5.15854,,2020
USDJPY,-1,2020-03-27 20:00:00,2020-03-30 06:00:00,107.994,107.354,108.52013,106.94174,0.1983,64.0,115.49,115.26,10,time_exit,41.44711,0.35075,-4.06862,0.02585,new_york,2020
USDJPY,1,2020-03-31 14:00:00,2020-03-31 16:00:00,108.616,108.17965,108.17965,109.48871,0.2421,-43.6,-96.13,-96.36,2,stop_loss,20.47936,0.2909,0.89385,-1.98051,london,2020
USDJPY,1,2020-03-31 22:00:00,2020-04-01 08:00:00,107.636,107.384,107.14889,108.61022,0.2147,-25.2,-49.24,-49.46,10,time_exit,21.82872,0.32474,-1.8753,-1.89094,,2020
USDJPY,1,2020-04-02 06:00:00,2020-04-02 15:00:00,107.49,107.12823,107.12823,108.21354,0.2875,-36.2,-94.65,-94.88,9,stop_loss,23.10753,0.24118,-0.55062,-3.4888,tokyo,2020
USDJPY,1,2020-04-02 17:00:00,2020-04-02 18:00:00,107.263,107.9102,106.9394,107.9102,0.3182,64.7,187.41,187.18,1,take_profit,18.25772,0.21573,-1.17718,-3.84326,new_york,2020
USDJPY,1,2020-04-08 12:00:00,2020-04-08 17:00:00,108.877,108.63014,108.63014,109.37071,0.4255,-24.7,-95.58,-95.81,5,stop_loss,16.46395,0.16457,0.40524,1.38742,london,2020
USDJPY,-1,2020-04-09 04:00:00,2020-04-09 14:00:00,109.011,108.885,109.23313,108.56674,0.4681,12.6,53.67,53.44,10,time_exit,16.7137,0.14809,1.28744,1.36039,tokyo,2020
USDJPY,1,2020-04-10 02:00:00,2020-04-10 12:00:00,108.48,108.432,108.27521,108.88958,0.5106,-4.8,-22.3,-22.53,10,time_exit,28.57156,0.13653,-1.75676,0.63911,tokyo,2020
USDJPY,-1,2020-04-13 19:00:00,2020-04-14 05:00:00,107.595,107.674,107.79773,107.18954,0.5146,-7.9,-36.99,-37.22,10,time_exit,40.96734,0.13515,-4.71045,-1.88308,new_york,2020
USDJPY,-1,2020-04-16 02:00:00,2020-04-16 03:00:00,107.434,107.69344,107.69344,106.91511,0.4005,-25.9,-94.56,-94.78,1,stop_loss,24.65816,0.17296,-0.18221,-3.21515,tokyo,2020
USDJPY,1,2020-04-16 12:00:00,2020-04-16 15:00:00,107.709,107.45959,107.45959,108.20782,0.4124,-24.9,-93.6,-93.83,3,stop_loss,27.41919,0.16627,0.7716,-2.53263,london,2020
USDJPY,1,2020-04-17 19:00:00,2020-04-20 05:00:00,107.522,107.87,107.25552,108.05496,0.3822,34.8,121.04,120.81,10,time_exit,14.74691,0.17765,-0.77627,-1.47006,new_york,2020
USDJPY,1,2020-04-21 03:00:00,2020-04-21 06:00:00,107.676,107.4853,107.4853,108.05739,0.541,-19.1,-93.88,-94.11,3,stop_loss,8.33159,0.12713,-0.1214,-1.33867,tokyo,2020
USDJPY,1,2020-04-22 11:00:00,2020-04-22 21:00:00,107.604,107.712,107.4218,107.9684,0.5605,10.8,55.09,54.86,10,time_exit,15.48087,0.12147,-0.498,-1.11694,london,2020
USDJPY,-1,2020-04-23 19:00:00,2020-04-24 05:00:00,107.672,107.678,107.91512,107.18576,0.4226,-0.6,-2.31,-2.53,10,time_exit,20.88343,0.16208,-0.09134,-0.5403,new_york,2020
USDJPY,-1,2020-04-24 20:00:00,2020-04-27 06:00:00,107.458,107.357,107.63089,107.11221,0.594,10.1,54.59,54.37,10,time_exit,12.41893,0.11526,-1.45038,-0.9454,new_york,2020
USDJPY,-1,2020-04-27 10:00:00,2020-04-27 17:00:00,107.145,107.33854,107.33854,106.75792,0.5337,-19.4,-94.0,-94.22,7,stop_loss,18.01245,0.12903,-3.00097,-1.24985,london,2020
USDJPY,-1,2020-04-29 04:00:00,2020-04-29 14:00:00,106.591,106.484,106.76139,106.25021,0.6002,10.7,58.44,58.21,10,time_exit,35.6366,0.1136,-4.27903,-3.45806,tokyo,2020
USDJPY,-1,2020-04-29 19:00:00,2020-04-30 03:00:00,106.673,106.86545,106.86545,106.2881,0.5347,-19.2,-93.64,-93.87,8,stop_loss,35.88991,0.1283,-1.25383,-3.91004,new_york,2020
USDJPY,1,2020-04-30 23:00:00,2020-05-01 01:00:00,107.331,107.03585,107.03585,107.9213,0.3452,-29.5,-92.72,-92.94,2,stop_loss,27.08723,0.19677,2.79142,-2.05961,,2020
USDJPY,1,2020-05-01 01:00:00,2020-05-01 11:00:00,107.15,106.86419,106.86419,107.72163,0.3529,-28.6,-91.79,-92.01,10,stop_loss,30.88173,0.19054,1.7799,-1.97135,tokyo,2020
USDJPY,1,2020-05-01 20:00:00,2020-05-04 06:00:00,106.782,106.766,106.53221,107.28158,0.3997,-1.6,-5.82,-6.05,10,time_exit,22.28568,0.16653,-0.54664,-1.6394,new_york,2020
USDJPY,1,2020-05-04 17:00:00,2020-05-04 21:00:00,106.9,106.73172,106.73172,107.23657,0.5929,-16.8,-90.8,-91.02,4,stop_loss,11.49713,0.11219,0.64849,-2.22577,new_york,2020
USDJPY,1,2020-05-05 08:00:00,2020-05-05 12:00:00,106.606,106.89406,106.46197,106.89406,0.6858,28.8,179.77,179.55,4,take_profit,14.54367,0.09602,-1.68023,-2.70092,tokyo,2020
USDJPY,-1,2020-05-06 04:00:00,2020-05-06 14:00:00,106.271,106.108,106.45124,105.91052,0.559,16.3,82.92,82.69,10,time_exit,20.37505,0.12016,-3.22273,-2.41224,tokyo,2020
USDJPY,1,2020-05-07 11:00:00,2020-05-07 21:00:00,106.357,106.29,106.17954,106.71192,0.5728,-6.7,-34.92,-35.15,10,time_exit,25.40633,0.11831,0.20952,-3.53111,london,2020
USDJPY,1,2020-05-07 23:00:00,2020-05-08 09:00:00,106.292,106.39,106.09852,106.67896,0.5234,9.8,46.68,46.45,10,time_exit,23.21752,0.12899,-0.55382,-2.70957,,2020
USDJPY,1,2020-05-08 11:00:00,2020-05-08 16:00:00,106.371,106.69629,106.20836,106.69629,0.6258,32.5,185.24,185.02,5,take_profit,16.37634,0.10843,0.11151,-2.88391,london,2020
USDJPY,1,2020-05-08 21:00:00,2020-05-11 03:00:00,106.61,106.99543,106.41729,106.99543,0.5387,38.5,188.94,188.72,6,take_profit,21.59974,0.12848,1.593,-1.93972,new_york,2020
USDJPY,1,2020-05-12 05:00:00,2020-05-12 15:00:00,107.5,107.43,107.30441,107.89117,0.5414,-7.0,-34.49,-34.71,10,time_exit,43.65324,0.13039,3.20136,2.05117,tokyo,2020
USDJPY,-1,2020-05-13 04:00:00,2020-05-13 14:00:00,107.143,106.95,107.31567,106.79766,0.611,19.3,107.31,107.08,10,time_exit,24.1799,0.11511,-0.72324,2.58883,tokyo,2020
USDJPY,-1,2020-05-14 00:00:00,2020-05-14 10:00:00,107.021,106.863,107.1925,106.67799,0.6221,15.8,89.45,89.22,10,time_exit,28.31384,0.11434,-0.88148,1.53967,tokyo,2020
USDJPY,-1,2020-05-14 22:00:00,2020-05-15 03:00:00,107.231,107.41548,107.41548,106.86204,0.5836,-18.4,-97.97,-98.2,5,stop_loss,23.0471,0.12299,1.40406,0.77966,,2020
USDJPY,1,2020-05-15 12:00:00,2020-05-15 15:00:00,107.061,106.89617,106.89617,107.39066,0.6466,-16.5,-96.99,-97.21,3,stop_loss,21.60717,0.10989,-0.63804,1.23609,london,2020
USDJPY,1,2020-05-15 15:00:00,2020-05-15 17:00:00,106.997,107.32402,106.83349,107.32402,0.6453,32.7,192.03,191.81,2,take_profit,22.13079,0.10901,-1.11443,1.12346,london,2020
USDJPY,-1,2020-05-15 21:00:00,2020-05-18 07:00:00,107.299,107.131,107.48917,106.91866,0.5659,16.8,86.51,86.29,10,time_exit,20.63108,0.12678,1.29268,1.01366,new_york,2020
USDJPY,1,2020-05-18 23:00:00,2020-05-19 09:00:00,107.334,107.512,107.16984,107.66231,0.6614,17.8,107.13,106.91,10,time_exit,16.79272,0.10944,0.99048,1.46766,,2020
USDJPY,1,2020-05-19 22:00:00,2020-05-20 08:00:00,107.744,107.748,107.5517,108.12859,0.5707,0.4,2.08,1.85,10,time_exit,39.13755,0.1282,2.20192,2.2655,,2020
USDJPY,-1,2020-05-21 07:00:00,2020-05-21 10:00:00,107.646,107.80306,107.80306,107.33189,0.6989,-15.7,-99.89,-100.12,3,stop_loss,16.67687,0.1047,0.58052,2.68167,tokyo,2020
USDJPY,1,2020-05-22 02:00:00,2020-05-22 07:00:00,107.608,107.45972,107.45972,107.90456,0.7329,-14.8,-98.89,-99.12,5,stop_loss,14.11622,0.09885,-0.28388,2.68426,tokyo,2020
USDJPY,-1,2020-05-25 14:00:00,2020-05-26 00:00:00,107.697,107.724,107.80918,107.47263,0.959,-2.7,-23.56,-23.79,10,time_exit,17.91018,0.07479,0.8617,2.53522,london,2020
USDJPY,1,2020-05-28 00:00:00,2020-05-28 10:00:00,107.717,107.82,107.56042,108.03015,0.6854,10.3,64.24,64.02,10,time_exit,14.85811,0.10438,0.52057,1.16242,tokyo,2020
USDJPY,-1,2020-06-01 11:00:00,2020-06-01 13:00:00,107.528,107.7165,107.7165,107.15101,0.5731,-18.8,-98.31,-98.53,2,stop_loss,23.60541,0.12566,-0.58044,0.25309,london,2020
USDJPY,-1,2020-06-01 22:00:00,2020-06-02 08:00:00,107.606,107.697,107.77424,107.26952,0.6356,-9.1,-52.63,-52.86,10,time_exit,14.14229,0.11216,-0.01214,0.28197,,2020
USDJPY,1,2020-06-03 19:00:00,2020-06-04 05:00:00,108.882,108.838,108.65575,109.3345,0.4701,-4.4,-18.82,-19.05,10,time_exit,33.58223,0.15083,3.61237,3.22078,new_york,2020
USDJPY,1,2020-06-04 12:00:00,2020-06-04 13:00:00,109.062,108.89173,108.89173,109.40253,0.6234,-17.0,-96.59,-96.82,1,stop_loss,28.61014,0.11351,3.65466,5.48664,london,2020
USDJPY,1,2020-06-08 05:00:00,2020-06-08 15:00:00,109.462,109.26356,109.26356,109.85888,0.5295,-19.8,-95.62,-95.84,10,stop_loss,23.73469,0.13229,1.55495,5.97826,tokyo,2020
USDJPY,1,2020-06-08 17:00:00,2020-06-08 18:00:00,108.933,108.71117,108.71117,109.37667,0.469,-22.2,-94.68,-94.9,1,stop_loss,19.64399,0.14789,-2.48703,4.9873,new_york,2020
USDJPY,-1,2020-06-09 09:00:00,2020-06-09 19:00:00,108.042,107.716,108.30197,107.52206,0.3962,32.6,117.54,117.31,10,time_exit,49.68149,0.17331,-4.42859,1.66546,london,2020
USDJPY,1,2020-06-11 08:00:00,2020-06-11 11:00:00,107.082,106.85458,106.85458,107.53685,0.4585,-22.7,-94.89,-95.12,3,stop_loss,52.31904,0.15162,-3.05586,-3.77164,tokyo,2020
USDJPY,-1,2020-06-15 06:00:00,2020-06-15 10:00:00,107.181,107.42432,107.42432,106.69435,0.4243,-24.3,-93.95,-94.18,4,stop_loss,19.49362,0.16222,-0.44986,-3.06839,tokyo,2020
USDJPY,-1,2020-06-17 09:00:00,2020-06-17 11:00:00,107.246,107.4295,107.4295,106.87899,0.5569,-18.4,-93.0,-93.22,2,stop_loss,10.24301,0.12234,-0.62421,-2.15885,london,2020
USDJPY,1,2020-06-19 01:00:00,2020-06-19 11:00:00,106.947,106.927,106.7452,107.35059,0.5014,-2.0,-9.13,-9.35,10,time_exit,18.44591,0.13453,-0.69873,-2.65387,tokyo,2020
USDJPY,-1,2020-06-19 17:00:00,2020-06-22 03:00:00,106.836,106.821,106.99848,106.51104,0.622,1.5,8.49,8.26,10,time_exit,12.97038,0.10832,-1.2932,-3.22473,new_york,2020
USDJPY,-1,2020-06-22 08:00:00,2020-06-22 18:00:00,106.911,106.847,107.06117,106.61067,0.6737,6.4,39.24,39.01,10,time_exit,7.45191,0.10011,-0.15649,-3.3519,tokyo,2020
USDJPY,1,2020-06-22 21:00:00,2020-06-23 04:00:00,106.939,106.80404,106.80404,107.20891,0.7528,-13.5,-92.45,-92.68,7,stop_loss,8.60797,0.08997,0.26295,-3.36503,new_york,2020
USDJPY,-1,2020-06-23 19:00:00,2020-06-24 05:00:00,106.445,106.531,106.68286,105.96928,0.4228,-8.6,-33.09,-33.32,10,time_exit,22.47826,0.15857,-2.80953,-1.67104,new_york,2020
USDJPY,1,2020-06-24 16:00:00,2020-06-25 01:00:00,106.757,107.11288,106.57906,107.11288,0.5631,35.6,182.36,182.13,9,take_profit,21.96519,0.11863,0.53648,-2.9048,new_york,2020
USDJPY,-1,2020-06-25 02:00:00,2020-06-25 05:00:00,107.048,107.22341,107.22341,106.69718,0.5827,-17.5,-93.01,-93.24,3,stop_loss,26.94034,0.11694,2.3258,-2.14588,tokyo,2020
USDJPY,-1,2020-06-25 10:00:00,2020-06-25 14:00:00,107.174,107.33579,107.33579,106.85041,0.6254,-16.2,-92.08,-92.31,4,stop_loss,35.09031,0.10786,2.74433,-1.47876,london,2020
USDJPY,-1,2020-06-26 16:00:00,2020-06-26 17:00:00,107.045,107.20527,107.20527,106.72447,0.625,-16.0,-91.15,-91.38,1,stop_loss,24.54959,0.10684,0.05497,-0.22199,new_york,2020
USDJPY,1,2020-06-26 22:00:00,2020-06-29 08:00:00,107.189,107.108,107.01624,107.53452,0.574,-8.1,-42.31,-42.54,10,time_exit,20.68532,0.11517,1.02483,0.01284,,2020
USDJPY,-1,2020-06-30 03:00:00,2020-06-30 04:00:00,107.584,107.74815,107.74815,107.25569,0.6012,-16.4,-89.81,-90.03,1,stop_loss,30.94647,0.10944,2.46031,1.52822,tokyo,2020
USDJPY,-1,2020-07-01 02:00:00,2020-07-01 03:00:00,107.951,108.11662,108.11662,107.61975,0.5899,-16.6,-88.91,-89.14,1,stop_loss,30.6679,0.11042,3.02682,3.03741,tokyo,2020
USDJPY,1,2020-07-01 23:00:00,2020-07-02 09:00:00,107.476,107.508,107.30833,107.81134,0.5769,3.2,16.8,16.57,10,time_exit,23.55297,0.11178,-1.04682,2.24362,,2020
USDJPY,-1,2020-07-02 16:00:00,2020-07-03 02:00:00,107.631,107.5,107.78759,107.31782,0.6189,13.1,73.78,73.55,10,time_exit,16.79944,0.10439,0.93174,1.64961,new_york,2020
USDJPY,-1,2020-07-03 13:00:00,2020-07-03 23:00:00,107.481,107.49,107.58707,107.26886,0.9213,-0.9,-7.55,-7.77,10,time_exit,15.02823,0.07071,-0.61304,1.87096,london,2020
USDJPY,-1,2020-07-06 08:00:00,2020-07-06 15:00:00,107.649,107.46438,107.74131,107.46438,1.0577,18.5,177.69,177.47,7,take_profit,21.1729,0.06154,1.60763,2.08893,tokyo,2020
USDJPY,-1,2020-07-07 05:00:00,2020-07-07 08:00:00,107.35,107.4704,107.4704,107.10921,0.8271,-12.0,-90.62,-90.84,3,stop_loss,28.57164,0.08026,-1.70397,0.73004,tokyo,2020
USDJPY,1,2020-07-08 08:00:00,2020-07-08 18:00:00,107.521,107.41056,107.41056,107.74188,0.8926,-11.0,-89.71,-89.94,10,stop_loss,15.62994,0.07363,-0.38283,1.16591,tokyo,2020
USDJPY,-1,2020-07-09 20:00:00,2020-07-10 04:00:00,107.307,107.01443,107.45329,107.01443,0.6671,29.3,177.61,177.38,8,take_profit,22.25081,0.09752,-0.61021,-0.58958,new_york,2020
USDJPY,1,2020-07-13 02:00:00,2020-07-13 12:00:00,106.891,107.092,106.77004,107.13293,0.8229,20.1,150.52,150.29,10,time_exit,35.27218,0.08064,-2.05641,-3.03683,tokyo,2020
USDJPY,-1,2020-07-13 19:00:00,2020-07-14 03:00:00,107.222,107.34504,107.34504,106.97591,0.8224,-12.3,-92.08,-92.31,8,stop_loss,32.21337,0.08203,2.11113,-2.54457,new_york,2020
USDJPY,-1,2020-07-14 09:00:00,2020-07-14 12:00:00,107.233,107.35295,107.35295,106.9931,0.8352,-12.0,-91.16,-91.39,3,stop_loss,31.7695,0.07997,1.30283,-1.57579,london,2020
USDJPY,-1,2020-07-15 23:00:00,2020-07-16 09:00:00,106.938,106.95,107.07617,106.66167,0.7178,-1.2,-7.84,-8.07,10,time_exit,28.47342,0.09211,-1.64007,-1.36658,,2020
USDJPY,1,2020-07-16 15:00:00,2020-07-16 21:00:00,107.094,107.36774,106.95713,107.36774,0.724,27.4,180.35,180.13,6,take_profit,19.5656,0.09125,0.55554,-1.50679,london,2020
USDJPY,1,2020-07-17 02:00:00,2020-07-17 07:00:00,107.317,107.1749,107.1749,107.60121,0.7112,-14.2,-91.97,-92.2,5,stop_loss,22.35416,0.09474,2.15309,-0.7722,tokyo,2020
USDJPY,1,2020-07-17 21:00:00,2020-07-20 03:00:00,107.007,107.24674,106.88713,107.24674,0.8347,24.0,182.1,181.87,6,take_profit,15.19019,0.07991,-1.66384,-0.5608,new_york,2020
USDJPY,-1,2020-07-20 08:00:00,2020-07-20 18:00:00,107.265,107.206,107.4164,106.9622,0.6741,5.9,36.19,35.96,10,time_exit,23.86567,0.10093,1.07871,-0.26311,tokyo,2020
USDJPY,-1,2020-07-21 15:00:00,2020-07-21 16:00:00,107.244,106.98326,107.37437,106.98326,0.7858,26.1,186.45,186.22,1,take_profit,12.67143,0.08691,0.25745,0.26842,london,2020
USDJPY,-1,2020-07-21 23:00:00,2020-07-22 09:00:00,106.792,106.848,106.9494,106.4772,0.6639,-5.6,-33.83,-34.06,10,time_exit,29.50902,0.10493,-3.15875,-0.48739,,2020
USDJPY,1,2020-07-22 22:00:00,2020-07-23 08:00:00,107.234,107.15,107.09188,107.51823,0.7326,-8.4,-56.0,-56.23,10,time_exit,23.33652,0.09474,1.95651,-0.86981,,2020
USDJPY,-1,2020-07-23 14:00:00,2020-07-23 17:00:00,107.152,106.951,107.2525,106.951,1.0299,20.1,188.38,188.15,3,take_profit,14.32967,0.067,0.84904,-0.5626,london,2020
USDJPY,1,2020-07-27 18:00:00,2020-07-28 04:00:00,105.14,105.362,104.88233,105.65535,0.4097,22.2,82.77,82.54,10,time_exit,55.69398,0.17178,-5.00404,-4.08856,new_york,2020
USDJPY,1,2020-07-29 01:00:00,2020-07-29 10:00:00,105.057,104.84274,104.84274,105.48553,0.4969,-21.4,-96.89,-97.11,9,stop_loss,22.00567,0.14284,-2.85954,-6.00442,tokyo,2020
USDJPY,1,2020-07-30 13:00:00,2020-07-30 20:00:00,105.016,104.8145,104.8145,105.419,0.5231,-20.2,-95.92,-96.15,7,stop_loss,13.82395,0.13433,-0.98633,-5.86562,london,2020
USDJPY,1,2020-08-04 05:00:00,2020-08-04 10:00:00,106.162,105.93244,105.93244,106.62112,0.4546,-23.0,-94.97,-95.19,5,stop_loss,39.09346,0.15304,2.83054,-0.09856,tokyo,2020
USDJPY,1,2020-08-05 22:00:00,2020-08-06 08:00:00,105.621,105.456,105.38028,106.10245,0.4292,-16.5,-64.44,-64.67,10,time_exit,19.77318,0.16048,-0.5067,-0.27776,,2020
USDJPY,1,2020-08-06 09:00:00,2020-08-06 19:00:00,105.455,105.478,105.28248,105.80003,0.5947,2.3,12.45,12.22,10,time_exit,19.22667,0.11501,-1.67553,-0.68057,london,2020
USDJPY,-1,2020-08-06 21:00:00,2020-08-07 07:00:00,105.473,105.558,105.6834,105.05221,0.4883,-8.5,-37.77,-38.0,10,time_exit,22.19815,0.14026,-0.89825,-0.75229,new_york,2020
USDJPY,-1,2020-08-07 13:00:00,2020-08-07 15:00:00,105.648,105.80505,105.80505,105.3339,0.6515,-15.7,-93.11,-93.34,2,stop_loss,11.896,0.1047,0.59177,-0.93282,london,2020
USDJPY,-1,2020-08-07 23:00:00,2020-08-10 09:00:00,105.924,105.915,106.1176,105.5368,0.5232,0.9,4.29,4.06,10,time_exit,29.72768,0.12907,1.94718,-0.19981,,2020
USDJPY,1,2020-08-10 16:00:00,2020-08-10 17:00:00,105.994,105.82444,105.82444,106.33311,0.5976,-17.0,-92.21,-92.43,1,stop_loss,25.57424,0.11304,1.76157,0.56234,new_york,2020
USDJPY,1,2020-08-11 03:00:00,2020-08-11 13:00:00,105.994,106.122,105.84635,106.2893,0.6794,12.8,79.14,78.91,10,time_exit,13.6152,0.09843,1.61253,0.87507,tokyo,2020
USDJPY,1,2020-08-13 07:00:00,2020-08-13 17:00:00,106.715,106.872,106.55579,107.03342,0.6355,15.7,90.79,90.57,10,time_exit,26.68041,0.10614,1.24479,4.62884,tokyo,2020
USDJPY,1,2020-08-14 04:00:00,2020-08-14 09:00:00,106.955,106.79808,106.79808,107.26884,0.6512,-15.7,-92.99,-93.22,5,stop_loss,16.72359,0.10461,1.9162,4.92622,tokyo,2020
USDJPY,-1,2020-08-14 22:00:00,2020-08-17 08:00:00,106.557,106.572,106.71238,106.24625,0.651,-1.5,-8.89,-9.11,10,time_exit,22.5256,0.10358,-1.4778,3.82691,,2020
USDJPY,-1,2020-08-17 08:00:00,2020-08-17 13:00:00,106.596,106.3104,106.7388,106.3104,0.7077,28.6,183.93,183.7,5,take_profit,17.14906,0.0952,-0.67457,3.39384,tokyo,2020
USDJPY,1,2020-08-18 02:00:00,2020-08-18 03:00:00,106.032,105.8917,105.8917,106.3126,0.7347,-14.0,-93.8,-94.03,1,stop_loss,46.17304,0.09353,-3.96751,0.96871,tokyo,2020
USDJPY,1,2020-08-19 14:00:00,2020-08-19 17:00:00,105.282,105.65747,105.09427,105.65747,0.5435,37.5,185.7,185.47,3,take_profit,40.95108,0.12516,-3.18737,-3.04048,london,2020
USDJPY,-1,2020-08-20 05:00:00,2020-08-20 15:00:00,106.071,105.922,106.29357,105.62586,0.4676,14.9,63.4,63.17,10,time_exit,33.69929,0.14838,2.07361,-1.80335,tokyo,2020
USDJPY,-1,2020-08-20 21:00:00,2020-08-21 07:00:00,105.888,105.628,106.08317,105.49765,0.5368,26.0,127.01,126.78,10,time_exit,19.30341,0.13012,0.2696,-1.27972,new_york,2020
USDJPY,1,2020-08-24 17:00:00,2020-08-25 03:00:00,105.795,105.995,105.63727,106.11046,0.6731,20.0,122.5,122.28,10,time_exit,10.99455,0.10515,0.03144,-1.30567,new_york,2020
USDJPY,1,2020-08-25 03:00:00,2020-08-25 05:00:00,106.0,105.88299,105.88299,106.23403,0.9188,-11.7,-97.84,-98.06,2,stop_loss,17.85543,0.07801,1.99696,-1.11859,tokyo,2020
USDJPY,1,2020-08-25 10:00:00,2020-08-25 13:00:00,106.127,106.37328,106.00386,106.37328,0.8643,24.6,193.7,193.47,3,take_profit,24.71401,0.08209,3.02055,-0.66445,london,2020
USDJPY,-1,2020-08-25 18:00:00,2020-08-26 04:00:00,106.531,106.514,106.70684,106.17933,0.6174,1.7,9.55,9.32,10,time_exit,39.76039,0.11722,4.32712,0.46246,new_york,2020
USDJPY,-1,2020-08-26 12:00:00,2020-08-26 15:00:00,106.224,106.3871,106.3871,105.8978,0.6662,-16.3,-98.88,-99.11,3,stop_loss,27.88085,0.10873,0.11176,1.57815,london,2020
USDJPY,-1,2020-08-26 16:00:00,2020-08-26 18:00:00,106.4,106.05991,106.57005,106.05991,0.6326,34.0,195.78,195.55,2,take_profit,24.72938,0.11336,1.52652,1.5528,new_york,2020
USDJPY,1,2020-08-28 04:00:00,2020-08-28 08:00:00,106.653,106.43728,106.43728,107.08444,0.5086,-21.6,-99.84,-100.07,4,stop_loss,16.31684,0.14381,2.62158,1.2088,tokyo,2020
USDJPY,1,2020-08-28 13:00:00,2020-08-28 14:00:00,105.675,105.36776,105.36776,106.28949,0.3535,-30.7,-98.84,-99.06,1,stop_loss,24.81761,0.20483,-2.99094,0.80324,london,2020
USDJPY,1,2020-09-01 10:00:00,2020-09-01 17:00:00,105.714,106.11541,105.51329,106.11541,0.5358,40.1,195.72,195.49,7,take_profit,15.28252,0.1338,-0.88947,-1.01366,london,2020
USDJPY,-1,2020-09-01 19:00:00,2020-09-02 05:00:00,105.996,106.036,106.21661,105.55479,0.4972,-4.0,-18.1,-18.33,10,time_exit,15.1287,0.14707,1.06945,-0.80542,new_york,2020
USDJPY,1,2020-09-03 17:00:00,2020-09-03 18:00:00,106.355,106.20724,106.20724,106.65053,0.7409,-14.8,-99.63,-99.85,1,stop_loss,29.73993,0.09851,1.92695,1.28294,new_york,2020
USDJPY,1,2020-09-07 08:00:00,2020-09-07 18:00:00,106.249,106.295,106.11967,106.50767,0.838,4.6,35.08,34.85,10,time_exit,11.80839,0.08622,0.2948,1.45961,tokyo,2020
USDJPY,1,2020-09-10 01:00:00,2020-09-10 10:00:00,106.166,106.04232,106.04232,106.41335,0.8794,-12.4,-98.97,-99.2,9,stop_loss,20.59166,0.08245,0.44255,0.12498,tokyo,2020
USDJPY,-1,2020-09-11 10:00:00,2020-09-11 20:00:00,106.174,106.115,106.27047,105.98106,1.1161,5.9,59.92,59.7,10,time_exit,6.89176,0.06431,0.49166,0.25522,london,2020
USDJPY,1,2020-09-14 00:00:00,2020-09-14 10:00:00,106.078,105.9776,105.9776,106.27879,1.079,-10.0,-98.58,-98.81,10,stop_loss,9.92377,0.06693,-0.03021,0.27382,tokyo,2020
USDJPY,1,2020-09-14 19:00:00,2020-09-15 05:00:00,105.688,105.68,105.54508,105.97385,0.7504,-0.8,-5.46,-5.69,10,time_exit,24.13203,0.09528,-3.80585,-0.57831,new_york,2020
USDJPY,-1,2020-09-15 22:00:00,2020-09-16 08:00:00,105.462,105.353,105.60485,105.17631,0.7503,10.9,74.42,74.19,10,time_exit,39.92761,0.09523,-3.07661,-2.48521,,2020
USDJPY,-1,2020-09-18 22:00:00,2020-09-21 08:00:00,104.548,104.333,104.72623,104.19153,0.6059,21.5,118.54,118.32,10,time_exit,27.91876,0.11882,-1.58519,-5.50923,,2020
USDJPY,-1,2020-09-22 06:00:00,2020-09-22 11:00:00,104.517,104.70632,104.70632,104.13836,0.5773,-18.9,-99.46,-99.69,5,stop_loss,29.78085,0.12621,-0.42954,-4.51952,tokyo,2020
USDJPY,1,2020-09-23 17:00:00,2020-09-24 03:00:00,105.179,105.4,104.99508,105.54684,0.5883,22.1,118.31,118.09,10,time_exit,27.178,0.12261,2.49274,-1.6491,new_york,2020
USDJPY,1,2020-09-28 03:00:00,2020-09-28 04:00:00,105.583,105.44431,105.44431,105.86038,0.7895,-13.9,-99.64,-99.87,1,stop_loss,15.95551,0.09246,1.64212,2.031,tokyo,2020
USDJPY,1,2020-09-28 07:00:00,2020-09-28 17:00:00,105.352,105.622,105.19645,105.6631,0.6969,27.0,171.23,171.0,10,time_exit,21.4047,0.1037,-0.68269,1.68725,tokyo,2020
USDJPY,-1,2020-09-29 05:00:00,2020-09-29 09:00:00,105.472,105.6174,105.6174,105.18121,0.7585,-14.5,-100.36,-100.59,4,stop_loss,19.5146,0.09693,0.23648,1.5984,tokyo,2020
USDJPY,1,2020-09-30 09:00:00,2020-09-30 19:00:00,105.491,105.527,105.35421,105.76458,0.7981,3.6,26.15,25.92,10,time_exit,19.17975,0.09119,-0.8323,2.16387,london,2020
USDJPY,1,2020-10-01 16:00:00,2020-10-02 02:00:00,105.576,105.55,105.43789,105.85222,0.7926,-2.6,-18.75,-18.98,10,time_exit,16.99834,0.09207,0.34385,1.40735,new_york,2020
USDJPY,-1,2020-10-02 06:00:00,2020-10-02 08:00:00,105.627,105.40849,105.73625,105.40849,1.0,21.9,198.84,198.61,2,take_profit,12.19379,0.07284,0.95642,1.66814,tokyo,2020
USDJPY,-1,2020-10-05 11:00:00,2020-10-05 18:00:00,105.607,105.75018,105.75018,105.32063,0.7783,-14.3,-101.41,-101.64,7,stop_loss,22.39597,0.09546,1.43344,0.46165,london,2020
USDJPY,-1,2020-10-06 07:00:00,2020-10-06 17:00:00,105.665,105.618,105.78083,105.43333,0.9524,4.7,40.73,40.51,10,time_exit,29.32068,0.07722,0.96682,1.51349,tokyo,2020
USDJPY,1,2020-10-08 01:00:00,2020-10-08 11:00:00,105.978,105.979,105.85333,106.22735,0.8884,0.1,0.81,0.58,10,time_exit,24.57771,0.08312,2.20366,2.57114,tokyo,2020
USDJPY,-1,2020-10-09 00:00:00,2020-10-09 04:00:00,106.024,105.83993,106.11603,105.83993,1.2036,18.4,201.61,201.38,4,take_profit,20.9246,0.06136,1.83274,4.08761,tokyo,2020
USDJPY,1,2020-10-09 04:00:00,2020-10-09 05:00:00,105.933,105.83786,105.83786,106.12328,1.1875,-9.5,-102.81,-103.04,1,stop_loss,19.42585,0.06343,0.06202,3.93202,tokyo,2020
USDJPY,-1,2020-10-09 12:00:00,2020-10-09 17:00:00,105.864,105.67284,105.95958,105.67284,1.1702,19.1,203.56,203.33,5,take_profit,23.50819,0.06372,-0.8304,3.47763,london,2020
USDJPY,-1,2020-10-13 14:00:00,2020-10-13 16:00:00,105.454,105.56159,105.56159,105.23882,1.0603,-10.8,-103.81,-104.04,2,stop_loss,25.61547,0.07173,-0.80672,-1.46291,london,2020
USDJPY,-1,2020-10-13 20:00:00,2020-10-14 04:00:00,105.542,105.32177,105.65212,105.32177,1.0257,22.0,205.56,205.33,8,take_profit,24.08056,0.07341,0.33933,-1.28416,new_york,2020
USDJPY,-1,2020-10-14 09:00:00,2020-10-14 15:00:00,105.438,105.23575,105.53913,105.23575,1.1391,20.2,209.65,209.42,6,take_profit,18.40095,0.06742,-0.75655,-1.52489,london,2020
USDJPY,-1,2020-10-15 02:00:00,2020-10-15 12:00:00,105.2,105.32265,105.32265,104.95471,0.958,-12.3,-106.92,-107.15,10,stop_loss,29.65001,0.08176,-1.98732,-2.20731,tokyo,2020
USDJPY,1,2020-10-16 04:00:00,2020-10-16 06:00:00,105.317,105.20314,105.20314,105.54472,1.0216,-11.4,-105.85,-106.08,2,stop_loss,13.71102,0.07591,-0.27995,-1.94794,tokyo,2020
USDJPY,1,2020-10-16 08:00:00,2020-10-16 18:00:00,105.234,105.416,105.11992,105.46216,1.0094,18.2,167.18,166.95,10,time_exit,17.01421,0.07605,-1.41679,-1.97961,tokyo,2020
USDJPY,-1,2020-10-19 15:00:00,2020-10-19 17:00:00,105.32,105.42322,105.42322,105.11357,1.1335,-10.3,-106.47,-106.69,2,stop_loss,16.86594,0.06881,-0.56406,-1.27663,london,2020
USDJPY,1,2020-10-19 18:00:00,2020-10-20 00:00:00,105.476,105.3676,105.3676,105.69279,1.0685,-10.8,-105.4,-105.63,6,stop_loss,16.78164,0.07226,1.5554,-1.1302,new_york,2020
USDJPY,1,2020-10-20 03:00:00,2020-10-20 13:00:00,105.46,105.592,105.36155,105.6569,1.1646,13.2,139.89,139.66,10,time_exit,17.1286,0.06563,1.12362,-0.88932,tokyo,2020
USDJPY,1,2020-10-22 01:00:00,2020-10-22 11:00:00,104.56,104.678,104.40381,104.87239,0.7439,11.8,79.88,79.65,10,time_exit,54.86856,0.10413,-5.12852,-2.55368,tokyo,2020
USDJPY,-1,2020-10-26 23:00:00,2020-10-27 09:00:00,104.855,104.781,104.98138,104.60223,0.9263,7.4,62.38,62.15,10,time_exit,11.52086,0.08426,0.21221,-2.68416,,2020
USDJPY,1,2020-10-28 05:00:00,2020-10-28 06:00:00,104.423,104.2968,104.2968,104.67541,0.933,-12.6,-107.15,-107.38,1,stop_loss,39.00494,0.08414,-2.84528,-3.40484,tokyo,2020
USDJPY,-1,2020-10-29 11:00:00,2020-10-29 17:00:00,104.282,104.41457,104.41457,104.01686,0.8793,-13.3,-106.08,-106.31,6,stop_loss,19.81898,0.08838,-1.76979,-3.96783,london,2020
USDJPY,-1,2020-10-29 17:00:00,2020-10-29 18:00:00,104.349,104.5098,104.5098,104.0274,0.7177,-16.1,-105.02,-105.25,1,stop_loss,20.09872,0.1072,-0.42413,-3.37005,new_york,2020
USDJPY,-1,2020-10-30 10:00:00,2020-10-30 13:00:00,104.313,104.47397,104.47397,103.99106,0.7097,-16.1,-103.96,-104.19,3,stop_loss,21.22048,0.10731,-1.26306,-2.52027,london,2020
USDJPY,-1,2020-11-03 05:00:00,2020-11-03 15:00:00,104.716,104.653,104.83993,104.46813,0.9126,6.3,52.32,52.09,10,time_exit,13.1771,0.08262,0.51502,-0.43328,tokyo,2020
USDJPY,1,2020-11-04 02:00:00,2020-11-04 04:00:00,104.545,104.87897,104.37801,104.87897,0.6807,33.4,206.88,206.65,2,take_profit,17.91245,0.11132,-0.82924,-0.49363,tokyo,2020
USDJPY,1,2020-11-06 09:00:00,2020-11-06 12:00:00,103.53,103.27873,103.27873,104.03253,0.4614,-25.1,-105.5,-105.73,3,stop_loss,37.19984,0.16751,-2.82616,-2.68936,london,2020
USDJPY,1,2020-11-09 08:00:00,2020-11-09 13:00:00,103.541,103.97437,103.32431,103.97437,0.5297,43.3,208.9,208.67,5,take_profit,17.56408,0.14446,-0.48816,-4.25883,tokyo,2020
USDJPY,-1,2020-11-10 04:00:00,2020-11-10 11:00:00,104.938,105.2597,105.2597,104.29461,0.3639,-32.2,-106.53,-106.76,7,stop_loss,52.70379,0.21446,2.82513,-0.01825,tokyo,2020
USDJPY,-1,2020-11-11 12:00:00,2020-11-11 17:00:00,105.44,105.65729,105.65729,105.00541,0.5334,-21.7,-105.47,-105.7,5,stop_loss,27.46397,0.14486,3.09484,2.84808,london,2020
USDJPY,-1,2020-11-12 01:00:00,2020-11-12 11:00:00,105.42,105.391,105.58236,105.09528,0.7067,2.9,18.65,18.42,10,time_exit,26.91851,0.10824,2.09084,4.64319,tokyo,2020
USDJPY,-1,2020-11-12 17:00:00,2020-11-13 02:00:00,105.28,104.93437,105.45281,104.93437,0.6651,34.6,209.19,208.96,9,take_profit,19.15789,0.11521,0.29356,4.02919,new_york,2020
USDJPY,1,2020-11-13 06:00:00,2020-11-13 15:00:00,104.931,104.7797,104.7797,105.2336,0.7749,-15.1,-106.69,-106.92,9,stop_loss,33.60462,0.10087,-2.36936,3.49365,tokyo,2020
USDJPY,1,2020-11-13 21:00:00,2020-11-16 06:00:00,104.652,104.49044,104.49044,104.97512,0.7184,-16.2,-105.62,-105.84,9,stop_loss,39.2552,0.10771,-3.41313,1.83357,new_york,2020
USDJPY,-1,2020-11-17 21:00:00,2020-11-18 07:00:00,104.208,103.998,104.36595,103.8921,0.7274,21.0,139.01,138.78,10,time_exit,32.55515,0.1053,-2.86628,-1.73962,new_york,2020
USDJPY,1,2020-11-18 18:00:00,2020-11-19 04:00:00,103.668,103.783,103.49234,104.01932,0.6628,11.5,69.36,69.13,10,time_exit,49.70585,0.11711,-4.61732,-3.02036,new_york,2020
USDJPY,-1,2020-11-19 19:00:00,2020-11-20 05:00:00,103.855,103.816,104.03346,103.49809,0.6567,3.9,23.31,23.08,10,time_exit,24.58112,0.11897,-1.31906,-3.36998,new_york,2020
USDJPY,1,2020-11-23 03:00:00,2020-11-23 12:00:00,103.795,103.68827,103.68827,104.00847,1.1003,-10.7,-106.87,-107.1,9,stop_loss,8.49481,0.07116,-1.01997,-5.34542,tokyo,2020
USDJPY,-1,2020-11-23 17:00:00,2020-11-23 18:00:00,104.044,104.17588,104.17588,103.78024,0.8816,-13.2,-105.8,-106.03,1,stop_loss,14.53751,0.08792,2.44921,-4.05595,new_york,2020
USDJPY,1,2020-11-24 19:00:00,2020-11-25 05:00:00,104.612,104.498,104.41533,105.00535,0.5852,-11.4,-60.71,-60.94,10,time_exit,24.64179,0.13112,2.66718,0.04942,new_york,2020
USDJPY,1,2020-11-25 18:00:00,2020-11-26 04:00:00,104.407,104.269,104.24353,104.73394,0.7,-13.8,-87.91,-88.13,10,time_exit,12.73657,0.10898,0.26368,0.73556,new_york,2020
USDJPY,-1,2020-11-27 11:00:00,2020-11-27 13:00:00,104.013,104.12962,104.12962,103.77976,0.9729,-11.7,-103.25,-103.47,2,stop_loss,34.84027,0.07775,-2.7506,-0.64616,london,2020
USDJPY,-1,2020-11-30 07:00:00,2020-11-30 09:00:00,103.88,104.01177,104.01177,103.61647,0.8524,-13.2,-102.21,-102.44,2,stop_loss,21.56065,0.08784,-2.61942,-1.38516,tokyo,2020
USDJPY,-1,2020-11-30 09:00:00,2020-11-30 10:00:00,103.957,104.08747,104.08747,103.69607,0.8523,-13.0,-101.19,-101.42,1,stop_loss,20.58932,0.08698,-1.58112,-1.50406,london,2020
USDJPY,-1,2020-11-30 19:00:00,2020-12-01 05:00:00,104.374,104.432,104.56584,103.99031,0.5738,-5.8,-30.29,-30.51,10,time_exit,27.11233,0.1279,1.99902,-0.79252,new_york,2020
USDJPY,-1,2020-12-01 10:00:00,2020-12-01 16:00:00,104.334,104.48028,104.48028,104.04144,0.7502,-14.6,-99.86,-100.09,6,stop_loss,28.66203,0.09752,1.16511,-0.16034,london,2020
USDJPY,1,2020-12-03 05:00:00,2020-12-03 09:00:00,104.446,104.30417,104.30417,104.72966,0.766,-14.2,-98.86,-99.09,4,stop_loss,11.78091,0.09455,0.1097,1.27229,tokyo,2020
USDJPY,1,2020-12-04 04:00:00,2020-12-04 14:00:00,103.83,103.994,103.67881,104.13237,0.7114,16.4,106.17,105.94,10,time_exit,37.15808,0.10079,-3.47045,-0.80854,tokyo,2020
USDJPY,1,2020-12-07 00:00:00,2020-12-07 10:00:00,104.092,104.226,103.92949,104.41702,0.669,13.4,81.58,81.35,10,time_exit,24.91513,0.10834,0.78408,-1.05009,tokyo,2020
USDJPY,-1,2020-12-07 13:00:00,2020-12-07 23:00:00,104.197,104.05,104.35635,103.87829,0.6879,14.7,92.02,91.79,10,time_exit,18.03499,0.10624,0.78886,-0.88166,london,2020
USDJPY,-1,2020-12-08 03:00:00,2020-12-08 13:00:00,104.058,104.103,104.20409,103.76582,0.7572,-4.5,-31.01,-31.23,10,time_exit,15.59359,0.09739,-0.27655,-1.04293,tokyo,2020
USDJPY,-1,2020-12-09 00:00:00,2020-12-09 10:00:00,104.158,104.172,104.27025,103.9335,0.9825,-1.4,-12.52,-12.74,10,time_exit,12.33875,0.07483,0.87997,-0.96256,tokyo,2020
USDJPY,-1,2020-12-10 06:00:00,2020-12-10 10:00:00,104.433,104.55956,104.55956,104.17988,0.8703,-12.7,-100.23,-100.46,4,stop_loss,17.49682,0.08437,2.84011,0.14164,tokyo,2020
USDJPY,1,2020-12-10 16:00:00,2020-12-10 17:00:00,104.372,104.2405,104.2405,104.63501,0.8292,-13.2,-99.23,-99.46,1,stop_loss,26.45165,0.08767,1.02499,0.83546,new_york,2020
USDJPY,1,2020-12-11 08:00:00,2020-12-11 17:00:00,104.006,103.87192,103.87192,104.27416,0.8051,-13.4,-98.23,-98.46,9,stop_loss,22.66916,0.08939,-2.34074,0.1567,tokyo,2020
USDJPY,1,2020-12-11 22:00:00,2020-12-14 00:00:00,104.008,103.86633,103.86633,104.29134,0.7543,-14.2,-97.24,-97.47,2,stop_loss,23.35043,0.09445,-1.30963,-0.50109,,2020
USDJPY,1,2020-12-15 06:00:00,2020-12-15 12:00:00,104.136,103.9894,103.9894,104.4292,0.7216,-14.7,-96.27,-96.49,6,stop_loss,16.61226,0.09773,1.1757,-1.01351,tokyo,2020
USDJPY,-1,2020-12-16 02:00:00,2020-12-16 10:00:00,103.649,103.40411,103.77145,103.40411,0.8553,24.5,190.61,190.38,8,take_profit,26.25331,0.08163,-3.17999,-1.98754,tokyo,2020
USDJPY,-1,2020-12-17 11:00:00,2020-12-17 21:00:00,103.17,103.11,103.33415,102.8417,0.6508,6.0,35.53,35.31,10,time_exit,19.20568,0.10943,-3.39721,-3.19331,london,2020
USDJPY,1,2020-12-18 13:00:00,2020-12-18 14:00:00,103.447,103.27685,103.27685,103.78729,0.6301,-17.0,-97.56,-97.79,1,stop_loss,23.73526,0.11343,0.73787,-3.31078,london,2020
USDJPY,1,2020-12-21 22:00:00,2020-12-22 08:00:00,103.341,103.45,103.15035,103.7223,0.5567,10.9,55.22,54.99,10,time_exit,21.54729,0.1271,-0.71401,-1.75326,,2020
USDJPY,1,2020-12-23 01:00:00,2020-12-23 05:00:00,103.623,103.48805,103.48805,103.89289,0.791,-13.5,-97.14,-97.36,4,stop_loss,24.17712,0.08996,1.54101,-1.44555,tokyo,2020
USDJPY,1,2020-12-23 13:00:00,2020-12-23 23:00:00,103.435,103.541,103.30924,103.68653,0.8402,10.6,81.05,80.82,10,time_exit,17.84779,0.08384,-0.51392,-1.43517,london,2020
USDJPY,1,2020-12-24 03:00:00,2020-12-24 13:00:00,103.587,103.662,103.45287,103.85527,0.7944,7.5,54.22,53.99,10,time_exit,14.57478,0.08942,0.9138,-0.95347,tokyo,2020
USDJPY,1,2020-12-28 12:00:00,2020-12-28 13:00:00,103.459,103.68542,103.34579,103.68542,0.9465,22.6,195.02,194.79,1,take_profit,19.88143,0.07547,-1.1529,-0.53611,london,2020
USDJPY,1,2020-12-29 01:00:00,2020-12-29 05:00:00,103.766,103.63994,103.63994,104.01812,0.867,-12.6,-99.46,-99.68,4,stop_loss,24.53414,0.08404,1.61018,0.29316,tokyo,2020
USDJPY,1,2020-12-30 01:00:00,2020-12-30 02:00:00,103.544,103.43484,103.43484,103.76232,0.9912,-10.9,-98.46,-98.69,1,stop_loss,23.27467,0.07277,-1.08763,0.1284,tokyo,2020
USDJPY,1,2020-12-31 18:00:00,2021-01-04 02:00:00,103.225,103.07651,103.07651,103.52197,0.7214,-14.8,-97.48,-97.71,5,stop_loss,22.51423,0.09899,-0.25179,-2.21028,new_york,2020
USDJPY,-1,2021-01-04 02:00:00,2021-01-04 05:00:00,103.247,102.93952,103.40074,102.93952,0.6897,30.7,192.98,192.75,3,take_profit,20.93862,0.10249,-0.00509,-2.04777,tokyo,2021
USDJPY,-1,2021-01-04 09:00:00,2021-01-04 17:00:00,102.99,103.14705,103.14705,102.67591,0.6887,-15.7,-98.42,-98.65,8,stop_loss,21.80803,0.1047,-1.89162,-2.28076,london,2021
USDJPY,-1,2021-01-05 10:00:00,2021-01-05 18:00:00,102.951,102.68194,103.08553,102.68194,0.7959,26.9,194.87,194.64,8,take_profit,18.07646,0.08969,-1.55871,-2.7607,london,2021
USDJPY,1,2021-01-06 10:00:00,2021-01-06 15:00:00,102.742,103.03177,102.59711,103.03177,0.7538,29.0,198.77,198.54,5,take_profit,25.19259,0.09659,-1.50574,-3.40582,london,2021
USDJPY,-1,2021-01-12 13:00:00,2021-01-12 20:00:00,104.26,103.95397,104.41302,103.95397,0.728,30.6,202.74,202.51,7,take_profit,15.5209,0.10201,1.76795,4.30713,london,2021
USDJPY,1,2021-01-13 14:00:00,2021-01-13 15:00:00,103.979,103.83386,103.83386,104.26929,0.7828,-14.5,-103.39,-103.62,1,stop_loss,27.0856,0.09676,0.55464,2.43161,london,2021
USDJPY,1,2021-01-13 19:00:00,2021-01-14 05:00:00,103.907,104.052,103.74325,104.2345,0.6869,14.5,90.64,90.41,10,time_exit,20.38385,0.10917,-0.11049,2.00851,new_york,2021
USDJPY,1,2021-01-14 12:00:00,2021-01-14 17:00:00,103.977,103.82327,103.82327,104.28445,0.7382,-15.4,-103.27,-103.5,5,stop_loss,17.92113,0.10248,0.41182,1.92866,london,2021
USDJPY,1,2021-01-15 05:00:00,2021-01-15 15:00:00,103.764,103.759,103.59862,104.09475,0.6793,-0.5,-3.09,-3.32,10,time_exit,22.20204,0.11025,-1.08936,1.18103,tokyo,2021
USDJPY,-1,2021-01-18 05:00:00,2021-01-18 15:00:00,103.714,103.725,103.85633,103.42935,0.789,-1.1,-7.9,-8.13,10,time_exit,15.43962,0.09488,-1.20937,0.7044,tokyo,2021
USDJPY,1,2021-01-18 15:00:00,2021-01-18 18:00:00,103.771,103.6579,103.6579,103.99719,0.9922,-11.3,-102.11,-102.34,3,stop_loss,10.52301,0.0754,-0.46163,0.59666,london,2021
USDJPY,-1,2021-01-19 16:00:00,2021-01-19 17:00:00,103.918,104.03643,104.03643,103.68114,0.938,-11.8,-101.09,-101.32,1,stop_loss,30.0346,0.07895,0.78757,0.92962,new_york,2021
USDJPY,-1,2021-01-19 18:00:00,2021-01-20 04:00:00,103.908,103.762,104.04113,103.64173,0.826,14.6,109.74,109.51,10,time_exit,27.59205,0.08876,0.5045,0.87236,new_york,2021
USDJPY,-1,2021-01-20 20:00:00,2021-01-21 06:00:00,103.602,103.399,103.73731,103.33138,0.8216,20.3,151.77,151.55,10,time_exit,30.49157,0.09021,-2.22202,0.1813,new_york,2021
USDJPY,1,2021-01-21 18:00:00,2021-01-22 04:00:00,103.562,103.535,103.4109,103.8642,0.7468,-2.7,-18.35,-18.58,10,time_exit,33.58736,0.10073,-0.61694,-1.04872,new_york,2021
USDJPY,1,2021-01-25 07:00:00,2021-01-25 17:00:00,103.767,103.774,103.65939,103.98222,1.0467,0.7,6.67,6.44,10,time_exit,19.8549,0.07174,0.94104,-0.24755,tokyo,2021
USDJPY,-1,2021-01-26 09:00:00,2021-01-26 10:00:00,103.721,103.81553,103.81553,103.53194,1.1923,-9.5,-102.56,-102.79,1,stop_loss,12.40214,0.06302,-0.2423,0.14774,london,2021
USDJPY,1,2021-01-27 01:00:00,2021-01-27 11:00:00,103.63,103.788,103.53699,103.81602,1.1997,15.8,172.49,172.27,10,time_exit,19.80436,0.06201,-1.31606,-0.16546,tokyo,2021
USDJPY,1,2021-01-28 18:00:00,2021-01-29 04:00:00,104.31,104.496,104.159,104.612,0.7515,18.6,127.2,126.97,10,time_exit,38.43066,0.10067,2.39347,2.25583,new_york,2021
USDJPY,-1,2021-01-29 08:00:00,2021-01-29 10:00:00,104.478,104.60889,104.60889,104.21622,0.8776,-13.1,-104.53,-104.76,2,stop_loss,33.42329,0.08726,3.17961,3.31964,tokyo,2021
USDJPY,-1,2021-02-01 14:00:00,2021-02-01 20:00:00,104.883,105.02302,105.02302,104.60296,0.8121,-14.0,-103.48,-103.7,6,stop_loss,39.36919,0.09335,3.26463,4.88796,london,2021
USDJPY,1,2021-02-02 05:00:00,2021-02-02 15:00:00,104.897,104.982,104.77668,105.13764,0.9356,8.5,72.37,72.14,10,time_exit,27.92028,0.08021,1.98371,6.26597,tokyo,2021
USDJPY,1,2021-02-03 02:00:00,2021-02-03 12:00:00,105.031,105.07,104.90875,105.27549,0.9274,3.9,32.91,32.69,10,time_exit,18.98658,0.0815,1.59919,6.34296,tokyo,2021
USDJPY,-1,2021-02-04 09:00:00,2021-02-04 12:00:00,105.198,105.28789,105.28789,105.01823,1.2652,-9.0,-103.49,-103.72,3,stop_loss,13.39819,0.05992,3.07749,7.54764,london,2021
USDJPY,1,2021-02-04 12:00:00,2021-02-04 17:00:00,105.233,105.42623,105.13639,105.42623,1.1654,19.3,204.92,204.69,5,take_profit,17.99369,0.06441,3.03013,7.08154,london,2021
USDJPY,-1,2021-02-05 19:00:00,2021-02-08 05:00:00,105.437,105.462,105.60527,105.10046,0.6825,-2.5,-15.53,-15.75,10,time_exit,25.97462,0.11218,0.60482,4.86619,new_york,2021
USDJPY,-1,2021-02-10 02:00:00,2021-02-10 11:00:00,104.584,104.71485,104.71485,104.32229,0.8763,-13.1,-104.35,-104.57,9,stop_loss,51.48478,0.08724,-4.10206,0.27464,tokyo,2021
USDJPY,1,2021-02-11 16:00:00,2021-02-12 02:00:00,104.688,104.75,104.5803,104.90339,1.054,6.2,59.47,59.24,10,time_exit,18.82662,0.0718,-0.2714,-1.69063,new_york,2021
USDJPY,-1,2021-02-12 04:00:00,2021-02-12 09:00:00,104.81,104.91165,104.91165,104.6067,1.1231,-10.2,-103.89,-104.12,5,stop_loss,18.27149,0.06777,1.26986,-1.41509,tokyo,2021
USDJPY,-1,2021-02-15 16:00:00,2021-02-16 02:00:00,105.39,105.486,105.52987,105.11026,0.808,-9.6,-70.59,-70.81,10,time_exit,37.41595,0.09325,4.1137,1.25362,new_york,2021
USDJPY,-1,2021-02-17 17:00:00,2021-02-18 03:00:00,105.921,105.767,106.13656,105.48988,0.5207,15.4,72.97,72.74,10,time_exit,30.60887,0.14371,1.43836,3.45915,new_york,2021
USDJPY,1,2021-02-22 00:00:00,2021-02-22 09:00:00,105.38,105.74629,105.19686,105.74629,0.6172,36.6,205.73,205.5,9,take_profit,17.28316,0.1221,-1.48854,1.63576,tokyo,2021
USDJPY,1,2021-02-22 15:00:00,2021-02-22 16:00:00,105.549,105.37027,105.37027,105.90646,0.6451,-17.9,-104.92,-105.15,1,stop_loss,15.67995,0.11915,-0.53046,1.51993,london,2021
USDJPY,1,2021-02-22 18:00:00,2021-02-23 04:00:00,105.072,105.002,104.8604,105.4952,0.5394,-7.0,-34.36,-34.59,10,time_exit,20.62639,0.14107,-3.48291,0.98933,new_york,2021
USDJPY,-1,2021-02-23 05:00:00,2021-02-23 09:00:00,105.002,105.16354,105.16354,104.67892,0.7043,-16.2,-103.53,-103.76,4,stop_loss,36.14677,0.10769,-3.42249,-0.10789,tokyo,2021
USDJPY,1,2021-02-24 22:00:00,2021-02-25 08:00:00,105.945,105.91,105.76389,106.30723,0.6219,-3.5,-19.81,-20.04,10,time_exit,45.36653,0.12074,3.2319,1.1076,,2021
USDJPY,-1,2021-02-25 10:00:00,2021-02-25 15:00:00,106.007,106.17803,106.17803,105.66494,0.6572,-17.1,-102.28,-102.51,5,stop_loss,44.81305,0.11402,2.6447,1.97158,london,2021
USDJPY,1,2021-02-26 12:00:00,2021-02-26 14:00:00,106.486,106.21191,106.21191,107.03418,0.406,-27.4,-101.26,-101.49,2,stop_loss,23.94468,0.18273,2.58477,2.04399,london,2021
USDJPY,1,2021-03-01 23:00:00,2021-03-02 09:00:00,106.767,106.846,106.59155,107.1179,0.6279,7.9,45.14,44.91,10,time_exit,14.35843,0.11697,2.41739,4.77609,,2021
USDJPY,-1,2021-03-02 22:00:00,2021-03-03 08:00:00,106.758,106.868,106.89845,106.4771,0.7879,-11.0,-78.87,-79.1,10,time_exit,14.83698,0.09363,0.81784,6.11825,,2021
USDJPY,1,2021-03-03 11:00:00,2021-03-03 17:00:00,106.904,107.14934,106.78133,107.14934,0.895,24.5,199.81,199.59,6,take_profit,13.7929,0.08178,2.05606,6.6261,london,2021
USDJPY,-1,2021-03-04 10:00:00,2021-03-04 11:00:00,107.16,107.2854,107.2854,106.9092,0.893,-12.5,-101.9,-102.13,1,stop_loss,22.75582,0.0836,3.03083,6.52303,london,2021
USDJPY,1,2021-03-05 00:00:00,2021-03-05 09:00:00,107.971,108.31203,107.80049,108.31203,0.6501,34.1,201.75,201.52,9,take_profit,55.54389,0.11368,6.69042,6.09268,tokyo,2021
USDJPY,1,2021-03-08 08:00:00,2021-03-08 15:00:00,108.35,108.70318,108.17341,108.70318,0.6403,35.3,205.79,205.56,7,take_profit,40.38085,0.11773,2.91938,8.50716,tokyo,2021
USDJPY,1,2021-03-10 13:00:00,2021-03-10 15:00:00,108.734,108.52498,108.52498,109.15204,0.5518,-20.9,-104.96,-105.18,2,stop_loss,17.2363,0.13935,0.56433,6.66641,london,2021
USDJPY,-1,2021-03-15 04:00:00,2021-03-15 08:00:00,109.06,109.23117,109.23117,108.71767,0.6671,-17.1,-103.91,-104.14,4,stop_loss,23.02414,0.11411,2.02282,5.51994,tokyo,2021
USDJPY,1,2021-03-15 12:00:00,2021-03-15 22:00:00,109.058,109.106,108.87536,109.42328,0.6189,4.8,27.03,26.81,10,time_exit,19.35042,0.12176,1.12854,5.31624,london,2021
USDJPY,-1,2021-03-15 22:00:00,2021-03-16 08:00:00,109.146,109.178,109.31085,108.81631,0.6875,-3.2,-20.02,-20.25,10,time_exit,12.48607,0.1099,1.36107,5.8211,,2021
USDJPY,-1,2021-03-17 23:00:00,2021-03-18 04:00:00,108.882,109.05887,109.05887,108.52826,0.6395,-17.7,-102.93,-103.16,5,stop_loss,19.33748,0.11791,-1.75213,3.74935,,2021
USDJPY,-1,2021-03-18 14:00:00,2021-03-19 00:00:00,109.024,108.919,109.25166,108.56869,0.4918,10.5,46.99,46.76,10,time_exit,20.63466,0.15177,-0.08126,2.27637,london,2021
USDJPY,-1,2021-03-19 02:00:00,2021-03-19 12:00:00,108.969,108.848,109.15417,108.59866,0.6075,12.1,66.89,66.66,10,time_exit,17.50453,0.12345,-0.42508,2.39122,tokyo,2021
USDJPY,1,2021-03-22 08:00:00,2021-03-22 18:00:00,108.792,108.67,108.6057,109.16459,0.6077,-12.2,-67.47,-67.69,10,time_exit,17.14171,0.1242,-0.90736,1.14686,tokyo,2021
USDJPY,-1,2021-03-23 02:00:00,2021-03-23 12:00:00,108.805,108.662,108.94146,108.53209,0.8243,14.3,107.27,107.04,10,time_exit,11.38334,0.09097,-0.28752,0.77514,tokyo,2021
USDJPY,1,2021-03-23 12:00:00,2021-03-23 13:00:00,108.753,108.62783,108.62783,109.00335,0.9079,-12.5,-103.42,-103.65,1,stop_loss,8.21375,0.08345,-0.62533,0.54139,london,2021
USDJPY,1,2021-03-24 04:00:00,2021-03-24 05:00:00,108.607,108.45858,108.45858,108.90383,0.7581,-14.8,-102.39,-102.62,1,stop_loss,20.53962,0.09894,-1.08593,-0.24085,tokyo,2021
USDJPY,1,2021-03-24 13:00:00,2021-03-24 16:00:00,108.635,108.93623,108.48438,108.93623,0.7395,30.1,202.71,202.49,3,take_profit,21.10674,0.10041,-0.31596,-0.55346,london,2021
USDJPY,1,2021-03-25 00:00:00,2021-03-25 10:00:00,108.729,109.02513,108.58093,109.02513,0.7673,29.6,206.77,206.54,10,take_profit,18.49101,0.09871,0.22744,-0.2629,tokyo,2021
USDJPY,1,2021-03-25 15:00:00,2021-03-26 01:00:00,109.092,109.165,108.95823,109.35953,0.8663,7.3,57.55,57.32,10,time_exit,32.04877,0.08918,3.06247,0.69041,london,2021
USDJPY,-1,2021-03-26 07:00:00,2021-03-26 11:00:00,109.242,109.3689,109.3689,108.98819,0.9181,-12.7,-106.02,-106.25,4,stop_loss,44.43055,0.0846,3.01126,1.99037,tokyo,2021
USDJPY,-1,2021-03-30 18:00:00,2021-03-31 03:00:00,110.324,110.48422,110.48422,110.00356,0.7199,-16.0,-104.96,-105.19,9,stop_loss,38.42323,0.10681,4.47929,5.46049,new_york,2021
USDJPY,-1,2021-03-31 03:00:00,2021-03-31 04:00:00,110.308,110.43778,110.43778,110.04844,0.8798,-13.0,-103.91,-104.13,1,stop_loss,37.80642,0.08652,3.68236,7.36129,tokyo,2021
USDJPY,-1,2021-04-05 10:00:00,2021-04-05 16:00:00,110.632,110.38531,110.75535,110.38531,0.9164,24.7,205.72,205.5,6,take_profit,14.38867,0.08223,0.31363,6.62872,london,2021
USDJPY,-1,2021-04-08 19:00:00,2021-04-09 05:00:00,109.262,109.277,109.46299,108.86002,0.5736,-1.5,-7.83,-8.06,10,time_exit,32.93528,0.13399,-3.3697,-1.73724,new_york,2021
USDJPY,1,2021-04-09 21:00:00,2021-04-12 00:00:00,109.623,109.43374,109.43374,110.00152,0.6087,-18.9,-104.84,-105.06,3,stop_loss,24.97946,0.12617,0.32206,-2.03526,new_york,2021
USDJPY,-1,2021-04-12 16:00:00,2021-04-13 02:00:00,109.33,109.382,109.51087,108.96826,0.6306,-5.2,-29.84,-30.07,10,time_exit,33.41796,0.12058,-1.82405,-1.9605,new_york,2021
USDJPY,1,2021-04-13 12:00:00,2021-04-13 14:00:00,109.323,109.14854,109.14854,109.67193,0.6519,-17.4,-103.5,-103.72,2,stop_loss,28.71786,0.11631,-1.66635,-1.8294,london,2021
USDJPY,1,2021-04-15 01:00:00,2021-04-15 10:00:00,108.937,108.79539,108.79539,109.22023,0.795,-14.2,-102.45,-102.68,9,stop_loss,16.03542,0.09441,-1.84911,-4.23372,tokyo,2021
USDJPY,1,2021-04-16 04:00:00,2021-04-16 14:00:00,108.763,108.772,108.6151,109.0588,0.7536,0.9,6.17,5.94,10,time_exit,25.99084,0.0986,-1.26675,-4.58964,tokyo,2021
USDJPY,-1,2021-04-16 17:00:00,2021-04-19 03:00:00,108.863,108.698,109.01646,108.55609,0.7267,16.5,109.11,108.89,10,time_exit,14.18247,0.1023,-0.05213,-4.01927,new_york,2021
USDJPY,1,2021-04-20 06:00:00,2021-04-20 10:00:00,108.181,108.51005,108.01648,108.51005,0.6851,32.9,205.14,204.91,4,take_profit,30.75513,0.10968,-2.26013,-5.19855,tokyo,2021
USDJPY,1,2021-04-20 15:00:00,2021-04-20 17:00:00,108.412,108.22907,108.22907,108.77786,0.6285,-18.3,-104.62,-104.85,2,stop_loss,25.14814,0.12195,0.04921,-4.40761,london,2021
USDJPY,1,2021-04-21 01:00:00,2021-04-21 03:00:00,108.08,107.91652,107.91652,108.40695,0.6962,-16.3,-103.57,-103.8,2,stop_loss,22.8665,0.10898,-2.19976,-5.02545,tokyo,2021
USDJPY,1,2021-04-21 14:00:00,2021-04-22 00:00:00,108.144,108.052,107.95749,108.51702,0.6041,-9.2,-50.58,-50.8,10,time_exit,22.49718,0.12434,-0.62413,-4.41602,london,2021
USDJPY,-1,2021-04-23 21:00:00,2021-04-26 07:00:00,107.946,107.717,108.14005,107.55791,0.5778,22.9,120.41,120.18,10,time_exit,16.42764,0.12936,-0.28185,-3.52099,new_york,2021
USDJPY,1,2021-04-27 07:00:00,2021-04-27 17:00:00,108.27,108.464,108.11163,108.58675,0.7163,19.4,126.46,126.23,10,time_exit,22.27871,0.10558,2.34638,-2.71527,tokyo,2021
USDJPY,1,2021-04-27 22:00:00,2021-04-28 08:00:00,108.746,108.87,108.57719,109.08361,0.6802,12.4,76.75,76.53,10,time_exit,24.85243,0.11254,4.7944,-1.0354,,2021
USDJPY,-1,2021-04-28 22:00:00,2021-04-29 08:00:00,108.683,108.618,108.88332,108.28237,0.5774,6.5,34.15,33.93,10,time_exit,25.57099,0.13354,0.53303,1.31047,,2021
USDJPY,1,2021-04-29 16:00:00,2021-04-30 02:00:00,108.91,108.906,108.72045,109.2891,0.6122,-0.4,-2.23,-2.46,10,time_exit,25.6972,0.12637,1.84424,1.53467,new_york,2021
USDJPY,-1,2021-04-30 19:00:00,2021-05-03 05:00:00,109.333,109.498,109.53334,108.93231,0.5791,-16.5,-86.95,-87.18,10,time_exit,20.78043,0.13356,3.58378,1.98573,new_york,2021
USDJPY,-1,2021-05-03 05:00:00,2021-05-03 07:00:00,109.432,109.58856,109.58856,109.11888,0.7349,-15.7,-104.7,-104.93,2,stop_loss,32.50259,0.10437,4.04981,3.35062,tokyo,2021
USDJPY,1,2021-05-03 12:00:00,2021-05-03 13:00:00,109.633,109.47972,109.47972,109.93957,0.7431,-15.3,-103.65,-103.88,1,stop_loss,42.56205,0.10219,4.72545,4.18897,london,2021
USDJPY,-1,2021-05-04 22:00:00,2021-05-05 08:00:00,109.304,109.372,109.4981,108.91579,0.5809,-6.8,-35.95,-36.17,10,time_exit,17.21541,0.1294,0.62767,2.71818,,2021
USDJPY,1,2021-05-05 15:00:00,2021-05-05 16:00:00,109.335,109.18735,109.18735,109.6303,0.761,-14.8,-102.25,-102.48,1,stop_loss,10.81621,0.09843,0.59879,3.38872,london,2021
USDJPY,-1,2021-05-06 00:00:00,2021-05-06 04:00:00,109.188,109.33094,109.33094,108.90213,0.7782,-14.3,-101.22,-101.45,4,stop_loss,13.27903,0.09529,-0.79346,3.1337,tokyo,2021
USDJPY,-1,2021-05-06 13:00:00,2021-05-06 15:00:00,109.131,109.28384,109.28384,108.82533,0.7205,-15.3,-100.21,-100.43,2,stop_loss,14.48971,0.10189,-1.39161,2.60861,london,2021
USDJPY,1,2021-05-07 04:00:00,2021-05-07 14:00:00,109.124,109.208,108.96939,109.43322,0.7051,8.4,53.9,53.67,10,time_exit,19.11977,0.10307,-0.75698,1.71783,tokyo,2021
USDJPY,-1,2021-05-07 18:00:00,2021-05-10 04:00:00,108.568,108.83441,108.83441,108.03518,0.4114,-26.6,-99.74,-99.96,10,stop_loss,29.81013,0.17761,-3.09061,0.52014,new_york,2021
USDJPY,-1,2021-05-10 16:00:00,2021-05-11 02:00:00,108.694,108.848,108.89911,108.28378,0.529,-15.4,-74.13,-74.36,10,time_exit,22.52757,0.13674,-1.52452,-0.47244,new_york,2021
USDJPY,-1,2021-05-11 05:00:00,2021-05-11 15:00:00,108.895,108.54555,109.06973,108.54555,0.6164,34.9,196.02,195.79,10,take_profit,13.34353,0.11648,0.21227,-0.6625,tokyo,2021
USDJPY,-1,2021-05-11 21:00:00,2021-05-12 04:00:00,108.614,108.8015,108.8015,108.23901,0.5859,-18.7,-99.97,-100.19,7,stop_loss,21.66373,0.125,-1.41913,-0.98767,new_york,2021
USDJPY,1,2021-05-17 14:00:00,2021-05-18 00:00:00,109.132,109.201,108.97658,109.44284,0.6997,6.9,43.93,43.71,10,time_exit,28.16477,0.10361,-2.05366,1.69908,london,2021
USDJPY,1,2021-05-18 23:00:00,2021-05-19 09:00:00,108.902,108.966,108.76564,109.17472,0.801,6.4,46.65,46.42,10,time_exit,26.20068,0.09091,-2.42296,-0.21505,,2021
USDJPY,-1,2021-05-20 17:00:00,2021-05-21 03:00:00,108.836,108.831,109.00817,108.49167,0.6374,0.5,2.9,2.67,10,time_exit,17.45483,0.11478,-1.84197,-0.47203,new_york,2021
USDJPY,1,2021-05-21 13:00:00,2021-05-21 17:00:00,108.7,108.96455,108.56773,108.96455,0.8298,26.5,199.76,199.54,4,take_profit,22.94456,0.08818,-2.29031,-1.62228,london,2021
USDJPY,-1,2021-05-21 19:00:00,2021-05-24 05:00:00,108.938,108.874,109.09938,108.61524,0.6937,6.4,40.4,40.17,10,time_exit,20.64637,0.10759,0.45863,-1.33971,new_york,2021
USDJPY,1,2021-05-24 17:00:00,2021-05-25 03:00:00,108.782,108.787,108.63403,109.07794,0.7596,0.5,3.46,3.23,10,time_exit,16.79988,0.09865,-1.03518,-1.21639,new_york,2021
USDJPY,1,2021-05-25 03:00:00,2021-05-25 04:00:00,108.851,108.73809,108.73809,109.07683,0.9958,-11.3,-102.32,-102.55,1,stop_loss,12.72628,0.07528,-0.00987,-1.74679,tokyo,2021
USDJPY,1,2021-05-26 15:00:00,2021-05-26 18:00:00,108.905,109.13936,108.78782,109.13936,0.9499,23.4,202.59,202.36,3,take_profit,11.98718,0.07812,1.02209,-1.35191,london,2021
USDJPY,1,2021-05-26 20:00:00,2021-05-27 06:00:00,109.089,109.058,108.95402,109.35897,0.8411,-3.1,-23.73,-23.95,10,time_exit,19.77771,0.08999,2.53213,-0.82247,new_york,2021
USDJPY,-1,2021-05-27 06:00:00,2021-05-27 11:00:00,109.073,109.18723,109.18723,108.84455,0.9916,-11.4,-103.07,-103.3,5,stop_loss,29.8533,0.07615,1.60539,-0.04321,tokyo,2021
USDJPY,1,2021-05-27 17:00:00,2021-05-27 18:00:00,109.47,109.76945,109.32028,109.76945,0.7489,29.9,204.07,203.84,1,take_profit,29.12013,0.09982,4.31983,0.60541,new_york,2021
USDJPY,1,2021-05-27 18:00:00,2021-05-28 04:00:00,109.716,109.896,109.54536,110.05727,0.6703,18.0,109.8,109.57,10,time_exit,32.07418,0.11376,5.71946,0.70014,new_york,2021
USDJPY,-1,2021-05-28 16:00:00,2021-05-28 18:00:00,110.194,109.87363,110.35419,109.87363,0.7215,32.0,210.35,210.12,2,take_profit,46.30878,0.10679,6.00407,3.65724,new_york,2021
USDJPY,1,2021-06-01 04:00:00,2021-06-01 13:00:00,109.41,109.67032,109.27984,109.67032,0.9057,26.0,214.55,214.33,9,take_profit,25.46533,0.08677,-2.32031,3.38868,tokyo,2021
USDJPY,-1,2021-06-01 18:00:00,2021-06-02 03:00:00,109.395,109.55358,109.55358,109.07785,0.7582,-15.9,-109.41,-109.64,9,stop_loss,20.56115,0.10572,-1.68123,2.16378,new_york,2021
USDJPY,1,2021-06-03 06:00:00,2021-06-03 15:00:00,109.681,109.90167,109.57067,109.90167,1.0789,22.1,216.65,216.42,9,take_profit,14.93905,0.07356,0.94846,2.53381,tokyo,2021
USDJPY,1,2021-06-04 03:00:00,2021-06-04 04:00:00,110.29,110.16082,110.16082,110.54837,0.9399,-12.9,-110.49,-110.72,1,stop_loss,42.17428,0.08612,4.72515,3.94753,tokyo,2021
USDJPY,1,2021-06-04 15:00:00,2021-06-04 16:00:00,110.102,109.98369,109.98369,110.33863,1.0159,-11.8,-109.38,-109.6,1,stop_loss,25.54977,0.07888,1.31472,4.84456,london,2021
USDJPY,1,2021-06-07 14:00:00,2021-06-07 15:00:00,109.417,109.24877,109.24877,109.75346,0.7073,-16.8,-108.28,-108.51,1,stop_loss,52.24855,0.11215,-2.54463,0.95653,london,2021
USDJPY,1,2021-06-08 16:00:00,2021-06-09 02:00:00,109.401,109.471,109.25452,109.69396,0.8042,7.0,51.23,51.0,10,time_exit,28.92333,0.09765,-0.96567,-0.50637,new_york,2021
USDJPY,1,2021-06-09 09:00:00,2021-06-09 14:00:00,109.473,109.37159,109.37159,109.67581,1.1672,-10.1,-107.71,-107.94,5,stop_loss,15.85108,0.0676,-0.1152,-0.72378,london,2021
USDJPY,-1,2021-06-10 09:00:00,2021-06-10 15:00:00,109.551,109.65938,109.65938,109.33424,1.0811,-10.8,-106.63,-106.85,6,stop_loss,10.62859,0.07225,0.38092,-0.10652,london,2021
USDJPY,1,2021-06-10 20:00:00,2021-06-11 06:00:00,109.431,109.401,109.26705,109.75889,0.7075,-3.0,-19.31,-19.54,10,time_exit,15.03051,0.1093,-0.88633,-0.04061,new_york,2021
USDJPY,1,2021-06-11 23:00:00,2021-06-14 09:00:00,109.66,109.69,109.52263,109.93474,0.8429,3.0,23.01,22.78,10,time_exit,20.89114,0.09158,1.31969,0.1194,,2021
USDJPY,1,2021-06-15 12:00:00,2021-06-15 13:00:00,110.122,110.01895,110.01895,110.32809,1.1261,-10.3,-105.6,-105.82,1,stop_loss,35.899,0.0687,3.69361,3.18987,london,2021
USDJPY,1,2021-06-16 08:00:00,2021-06-16 10:00:00,110.063,109.97504,109.97504,110.23892,1.306,-8.8,-104.54,-104.77,2,stop_loss,15.10711,0.05864,1.2492,4.44473,tokyo,2021
USDJPY,-1,2021-06-22 16:00:00,2021-06-23 02:00:00,110.696,110.654,110.8636,110.3608,0.6785,4.2,25.93,25.7,10,time_exit,28.84758,0.11173,3.52542,1.96964,new_york,2021
USDJPY,-1,2021-06-23 06:00:00,2021-06-23 10:00:00,110.749,110.89108,110.89108,110.46484,0.8024,-14.2,-103.74,-103.97,4,stop_loss,32.74142,0.09472,2.93764,3.27557,tokyo,2021
USDJPY,1,2021-06-24 18:00:00,2021-06-25 04:00:00,110.853,110.905,110.69485,111.16931,0.7136,5.2,33.77,33.54,10,time_exit,19.74989,0.10544,0.61784,3.8515,new_york,2021
USDJPY,-1,2021-06-25 06:00:00,2021-06-25 15:00:00,110.87,110.63546,110.98727,110.63546,0.9656,23.5,206.09,205.86,9,take_profit,12.48884,0.07818,0.58683,4.94306,tokyo,2021
USDJPY,1,2021-06-28 02:00:00,2021-06-28 03:00:00,110.79,110.65562,110.65562,111.05876,0.8594,-13.4,-105.09,-105.32,1,stop_loss,14.87922,0.08959,-0.00434,3.29423,tokyo,2021
USDJPY,-1,2021-06-28 07:00:00,2021-06-28 14:00:00,110.633,110.76744,110.76744,110.36412,0.8505,-13.4,-104.05,-104.28,7,stop_loss,16.12749,0.08963,-1.60169,3.00196,tokyo,2021
USDJPY,1,2021-06-29 17:00:00,2021-06-30 03:00:00,110.589,110.562,110.43609,110.89482,0.7402,-2.7,-18.19,-18.41,10,time_exit,14.38264,0.10194,-0.62519,1.10535,new_york,2021
USDJPY,1,2021-07-01 05:00:00,2021-07-01 11:00:00,111.061,111.31796,110.93252,111.31796,0.8794,25.7,205.63,205.4,6,take_profit,35.8858,0.08565,3.38853,2.002,tokyo,2021
USDJPY,1,2021-07-02 07:00:00,2021-07-02 11:00:00,111.576,111.45855,111.45855,111.8109,0.9812,-11.7,-104.87,-105.1,4,stop_loss,49.8652,0.0783,4.39326,5.58471,tokyo,2021
USDJPY,-1,2021-07-05 11:00:00,2021-07-05 21:00:00,110.912,110.891,111.06086,110.61428,0.7664,2.1,14.65,14.42,10,time_exit,23.59542,0.09924,-2.87056,3.00331,london,2021
USDJPY,1,2021-07-06 02:00:00,2021-07-06 03:00:00,110.928,110.81469,110.81469,111.15462,1.0083,-11.3,-103.97,-104.2,1,stop_loss,24.52746,0.07554,-1.87854,2.24083,tokyo,2021
USDJPY,1,2021-07-09 16:00:00,2021-07-12 02:00:00,109.984,110.217,109.79511,110.36178,0.5988,23.3,126.96,126.74,10,time_exit,20.37827,0.12593,-1.11351,-3.38262,new_york,2021
USDJPY,1,2021-07-12 02:00:00,2021-07-12 04:00:00,110.196,110.03202,110.03202,110.52397,0.6982,-16.4,-104.19,-104.42,2,stop_loss,18.71415,0.10932,0.57855,-3.46403,tokyo,2021
USDJPY,-1,2021-07-13 05:00:00,2021-07-13 15:00:00,110.354,110.4824,110.4824,110.09721,0.8828,-12.8,-103.15,-103.37,10,stop_loss,13.07425,0.0856,1.53175,-2.64927,tokyo,2021
USDJPY,-1,2021-07-14 12:00:00,2021-07-14 15:00:00,110.51,110.24927,110.64036,110.24927,0.8608,26.1,204.23,204.01,3,take_profit,25.68917,0.08691,1.16989,-0.53466,london,2021
USDJPY,-1,2021-07-14 22:00:00,2021-07-15 08:00:00,110.002,109.84,110.14676,109.71247,0.7906,16.2,116.55,116.32,10,time_exit,34.65959,0.09651,-3.37167,-1.04757,,2021
USDJPY,-1,2021-07-15 09:00:00,2021-07-15 13:00:00,109.838,109.96869,109.96869,109.57663,0.8856,-13.1,-105.32,-105.55,4,stop_loss,42.93344,0.08712,-3.91817,-2.23011,london,2021
USDJPY,1,2021-07-15 19:00:00,2021-07-15 20:00:00,110.057,109.88916,109.88916,110.39269,0.6826,-16.8,-104.26,-104.49,1,stop_loss,32.52871,0.1119,-0.37877,-2.09218,new_york,2021
USDJPY,-1,2021-07-15 22:00:00,2021-07-16 04:00:00,109.821,109.98508,109.98508,109.49283,0.6913,-16.4,-103.22,-103.45,6,stop_loss,31.00662,0.10939,-2.34138,-2.22105,,2021
USDJPY,-1,2021-07-20 23:00:00,2021-07-21 09:00:00,109.828,109.928,110.03465,109.41471,0.5434,-10.0,-49.45,-49.68,10,time_exit,22.33628,0.13776,0.84809,-2.31269,,2021
USDJPY,-1,2021-07-21 11:00:00,2021-07-21 16:00:00,110.091,110.25947,110.25947,109.75405,0.6633,-16.8,-101.69,-101.92,5,stop_loss,20.37639,0.11232,2.67004,-2.01127,london,2021
USDJPY,-1,2021-07-21 21:00:00,2021-07-22 07:00:00,110.297,110.147,110.47327,109.94446,0.6276,15.0,85.67,85.44,10,time_exit,30.26131,0.11751,3.14639,-0.90966,new_york,2021
USDJPY,1,2021-07-23 10:00:00,2021-07-23 14:00:00,110.293,110.52149,110.17876,110.52149,0.9765,22.8,203.04,202.81,4,take_profit,14.61453,0.07616,2.05767,0.67659,london,2021
USDJPY,1,2021-07-23 23:00:00,2021-07-26 04:00:00,110.548,110.41801,110.41801,110.80799,0.8753,-13.0,-103.54,-103.77,5,stop_loss,31.00085,0.08666,3.01342,1.72797,,2021
USDJPY,1,2021-07-26 06:00:00,2021-07-26 09:00:00,110.364,110.23378,110.23378,110.62444,0.8651,-13.0,-102.52,-102.74,3,stop_loss,26.37714,0.08681,0.37152,1.99619,tokyo,2021
USDJPY,-1,2021-07-26 22:00:00,2021-07-27 08:00:00,110.38,110.204,110.51944,110.10111,0.7997,17.6,128.08,127.85,10,time_exit,23.98262,0.09296,0.63997,1.50937,,2021
USDJPY,-1,2021-07-27 18:00:00,2021-07-28 04:00:00,109.802,109.85,109.96036,109.48528,0.7131,-4.8,-31.15,-31.38,10,time_exit,40.10412,0.10557,-3.99121,0.4145,new_york,2021
USDJPY,1,2021-07-29 11:00:00,2021-07-29 15:00:00,109.855,109.70423,109.70423,110.15655,0.7467,-15.1,-102.45,-102.68,4,stop_loss,17.67207,0.10052,-0.88961,-1.2998,london,2021
USDJPY,1,2021-07-29 19:00:00,2021-07-30 05:00:00,109.541,109.529,109.3487,109.9256,0.5796,-1.2,-6.33,-6.56,10,time_exit,17.91948,0.1282,-2.70926,-1.2539,new_york,2021
USDJPY,-1,2021-08-02 03:00:00,2021-08-02 13:00:00,109.714,109.514,109.85665,109.4287,0.7808,20.0,142.11,141.88,10,time_exit,20.59768,0.0951,0.12847,-2.3699,tokyo,2021
USDJPY,1,2021-08-03 01:00:00,2021-08-03 07:00:00,109.3,109.16938,109.16938,109.56124,0.8646,-13.1,-102.77,-103.0,6,stop_loss,26.23706,0.08708,-2.94081,-3.2625,tokyo,2021
USDJPY,-1,2021-08-03 11:00:00,2021-08-03 16:00:00,109.213,108.95465,109.34218,108.95465,0.8655,25.8,203.48,203.25,5,take_profit,29.19324,0.08612,-2.71372,-3.88493,london,2021
USDJPY,-1,2021-08-04 23:00:00,2021-08-05 03:00:00,109.467,109.6704,109.6704,109.0602,0.5607,-20.3,-103.78,-104.01,4,stop_loss,27.18008,0.1356,1.70808,-2.59546,,2021
USDJPY,-1,2021-08-05 22:00:00,2021-08-06 08:00:00,109.749,109.815,109.90758,109.43184,0.7119,-6.6,-42.76,-42.98,10,time_exit,31.2878,0.10572,2.56284,-1.11936,,2021
USDJPY,-1,2021-08-06 11:00:00,2021-08-06 13:00:00,109.722,109.83771,109.83771,109.49058,0.9716,-11.6,-102.3,-102.53,2,stop_loss,31.89657,0.07714,1.47169,-0.15507,london,2021
USDJPY,-1,2021-08-09 01:00:00,2021-08-09 11:00:00,110.227,110.189,110.37048,109.94003,0.7757,3.8,26.82,26.6,10,time_exit,36.40877,0.09566,4.10767,1.56254,tokyo,2021
USDJPY,-1,2021-08-10 00:00:00,2021-08-10 01:00:00,110.205,110.32651,110.32651,109.96199,0.9184,-12.2,-101.55,-101.78,1,stop_loss,15.85447,0.081,3.28277,3.39623,tokyo,2021
USDJPY,1,2021-08-12 07:00:00,2021-08-12 17:00:00,110.353,110.355,110.23764,110.58372,0.9576,0.2,1.74,1.52,10,time_exit,34.63543,0.07691,-1.31108,4.62951,tokyo,2021
USDJPY,1,2021-08-16 10:00:00,2021-08-16 16:00:00,109.353,109.21768,109.21768,109.62363,0.8165,-13.5,-100.54,-100.77,6,stop_loss,52.80343,0.09021,-6.77376,-1.2906,london,2021
USDJPY,1,2021-08-16 18:00:00,2021-08-17 04:00:00,109.138,109.23,108.96394,109.48612,0.6284,9.2,52.61,52.38,10,time_exit,52.03358,0.11604,-5.52309,-2.06493,new_york,2021
USDJPY,-1,2021-08-17 04:00:00,2021-08-17 11:00:00,109.238,109.37954,109.37954,108.95493,0.7769,-14.2,-100.06,-100.29,7,stop_loss,51.88405,0.09436,-3.89611,-3.6034,tokyo,2021
USDJPY,1,2021-08-17 14:00:00,2021-08-17 17:00:00,109.285,109.58169,109.13666,109.58169,0.7338,29.7,198.11,197.89,3,take_profit,40.6738,0.0989,-2.23677,-3.83241,london,2021
USDJPY,-1,2021-08-18 02:00:00,2021-08-18 12:00:00,109.594,109.662,109.73916,109.30367,0.7649,-6.8,-47.33,-47.56,10,time_exit,23.71432,0.09678,0.77952,-3.36297,tokyo,2021
USDJPY,1,2021-08-19 06:00:00,2021-08-19 09:00:00,110.149,109.99378,109.99378,110.45943,0.712,-15.5,-100.57,-100.79,3,stop_loss,27.68996,0.10348,4.15371,-1.05715,tokyo,2021
USDJPY,1,2021-08-24 02:00:00,2021-08-24 12:00:00,109.704,109.698,109.57512,109.96176,0.8489,-0.6,-4.63,-4.86,10,time_exit,23.01269,0.08592,-1.12435,-0.16297,tokyo,2021
USDJPY,-1,2021-08-25 03:00:00,2021-08-25 04:00:00,109.73,109.86319,109.86319,109.46361,0.821,-13.3,-99.51,-99.74,1,stop_loss,31.12796,0.0888,-0.10753,-0.58617,tokyo,2021
USDJPY,-1,2021-08-25 05:00:00,2021-08-25 15:00:00,109.843,109.97953,109.97953,109.56993,0.7928,-13.7,-98.5,-98.73,10,stop_loss,27.34047,0.09102,1.0384,-0.5039,tokyo,2021
USDJPY,1,2021-08-25 15:00:00,2021-08-26 01:00:00,109.888,110.007,109.75661,110.15077,0.8156,11.9,88.32,88.09,10,time_exit,17.77828,0.08759,1.45585,-0.36551,london,2021
USDJPY,1,2021-08-26 13:00:00,2021-08-26 15:00:00,110.143,110.00957,110.00957,110.40986,0.8104,-13.3,-98.4,-98.63,2,stop_loss,30.85726,0.08895,2.43447,0.96162,london,2021
USDJPY,-1,2021-08-27 16:00:00,2021-08-27 17:00:00,110.082,110.21517,110.21517,109.81566,0.8038,-13.3,-97.41,-97.64,1,stop_loss,14.35013,0.08878,0.72756,1.39843,new_york,2021
USDJPY,-1,2021-08-27 18:00:00,2021-08-30 04:00:00,109.984,109.767,110.1616,109.62881,0.5967,21.7,117.83,117.6,10,time_exit,14.34732,0.1184,-0.3389,1.05096,new_york,2021
USDJPY,-1,2021-08-30 10:00:00,2021-08-30 15:00:00,109.774,109.89436,109.89436,109.53327,0.8912,-12.0,-97.61,-97.84,5,stop_loss,31.46257,0.08024,-1.778,0.41095,london,2021
USDJPY,-1,2021-09-01 08:00:00,2021-09-01 10:00:00,110.233,110.35832,110.35832,109.98235,0.8473,-12.5,-96.63,-96.86,2,stop_loss,18.0898,0.08355,3.15325,0.75791,tokyo,2021
USDJPY,-1,2021-09-01 13:00:00,2021-09-01 15:00:00,110.29,110.02186,110.42407,110.02186,0.7841,26.8,191.32,191.1,2,take_profit,21.71427,0.08938,2.91155,1.16736,london,2021
USDJPY,1,2021-09-02 08:00:00,2021-09-02 18:00:00,110.027,110.014,109.89206,110.29688,0.7946,-1.3,-9.4,-9.63,10,time_exit,20.59142,0.08996,-0.02661,0.94211,tokyo,2021
USDJPY,-1,2021-09-03 01:00:00,2021-09-03 05:00:00,109.935,110.03423,110.03423,109.73653,1.0795,-9.9,-97.48,-97.71,4,stop_loss,15.13216,0.06616,-1.08099,0.8373,tokyo,2021
USDJPY,-1,2021-09-06 10:00:00,2021-09-06 20:00:00,109.826,109.851,109.94158,109.59485,0.9176,-2.5,-20.88,-21.1,10,time_exit,20.97806,0.07705,-0.49237,-0.695,london,2021
USDJPY,-1,2021-09-06 21:00:00,2021-09-07 07:00:00,109.851,109.814,109.93878,109.67544,1.2055,3.7,40.59,40.36,10,time_exit,18.97984,0.05852,-0.21103,-0.82938,new_york,2021
USDJPY,1,2021-09-07 20:00:00,2021-09-08 06:00:00,110.215,110.29,110.09697,110.45106,0.9003,7.5,61.45,61.22,10,time_exit,32.99371,0.07869,3.75177,0.04958,new_york,2021
USDJPY,-1,2021-09-08 06:00:00,2021-09-08 08:00:00,110.275,110.37126,110.37126,110.08248,1.1109,-9.6,-97.31,-97.54,2,stop_loss,43.48646,0.06417,3.70308,1.35938,tokyo,2021
USDJPY,-1,2021-09-08 13:00:00,2021-09-08 16:00:00,110.234,110.35374,110.35374,109.99452,0.8841,-12.0,-96.34,-96.56,3,stop_loss,37.59779,0.07983,1.69876,1.56947,london,2021
USDJPY,-1,2021-09-13 06:00:00,2021-09-13 09:00:00,109.946,110.06217,110.06217,109.71366,0.9021,-11.6,-95.37,-95.59,3,stop_loss,20.34225,0.07745,0.2727,-0.49859,tokyo,2021
USDJPY,-1,2021-09-14 06:00:00,2021-09-14 15:00:00,110.073,109.88844,110.16528,109.88844,1.1243,18.5,188.83,188.6,9,take_profit,14.62555,0.06152,1.36931,0.18264,tokyo,2021
USDJPY,-1,2021-09-15 08:00:00,2021-09-15 11:00:00,109.622,109.38711,109.73945,109.38711,0.901,23.5,192.59,192.36,3,take_profit,39.51368,0.0783,-2.77787,-1.22741,tokyo,2021
USDJPY,1,2021-09-16 06:00:00,2021-09-16 15:00:00,109.27,109.54494,109.13253,109.54494,0.7852,27.5,196.45,196.22,9,take_profit,34.37344,0.09165,-3.14214,-2.8877,tokyo,2021
USDJPY,1,2021-09-20 11:00:00,2021-09-20 12:00:00,109.765,109.64294,109.64294,110.00912,0.902,-12.2,-100.19,-100.42,1,stop_loss,29.1026,0.08137,-0.78817,0.14526,london,2021
USDJPY,1,2021-09-22 14:00:00,2021-09-22 21:00:00,109.513,109.81576,109.36162,109.81576,0.72,30.3,198.37,198.14,7,take_profit,23.98076,0.10092,0.41965,-1.88568,london,2021
USDJPY,1,2021-09-23 01:00:00,2021-09-23 11:00:00,109.781,109.942,109.61778,110.10743,0.6811,16.1,99.79,99.56,10,time_exit,24.55347,0.10881,2.17021,-1.08242,tokyo,2021
USDJPY,-1,2021-09-24 03:00:00,2021-09-24 08:00:00,110.328,110.45877,110.45877,110.06646,0.8584,-13.1,-102.15,-102.38,5,stop_loss,38.10451,0.08718,4.98493,1.65257,tokyo,2021
USDJPY,1,2021-09-24 10:00:00,2021-09-24 11:00:00,110.567,110.44059,110.44059,110.81981,0.8792,-12.6,-101.13,-101.36,1,stop_loss,46.22657,0.08427,6.44426,2.72611,london,2021
USDJPY,1,2021-09-28 15:00:00,2021-09-28 17:00:00,111.443,111.27477,111.27477,111.77946,0.654,-16.8,-100.12,-100.35,2,stop_loss,38.22354,0.11215,4.76192,5.78063,london,2021
USDJPY,1,2021-09-29 07:00:00,2021-09-29 11:00:00,111.423,111.22857,111.22857,111.81186,0.5602,-19.4,-99.12,-99.34,4,stop_loss,35.00195,0.12962,1.81874,5.75995,tokyo,2021
USDJPY,-1,2021-09-30 08:00:00,2021-09-30 17:00:00,111.933,111.61328,112.09286,111.61328,0.6745,32.0,196.24,196.01,9,take_profit,34.5797,0.10657,3.46457,7.83872,tokyo,2021
USDJPY,-1,2021-09-30 17:00:00,2021-09-30 20:00:00,111.786,111.39401,111.982,111.39401,0.5611,39.2,200.15,199.92,3,take_profit,29.28235,0.13066,0.88423,6.42662,new_york,2021
USDJPY,-1,2021-10-01 03:00:00,2021-10-01 09:00:00,111.466,111.08856,111.65472,111.08856,0.5944,37.7,204.16,203.93,6,take_profit,31.90894,0.12581,-0.90162,5.52101,tokyo,2021
USDJPY,-1,2021-10-04 01:00:00,2021-10-04 10:00:00,110.918,111.11688,111.11688,110.52025,0.5753,-19.9,-104.12,-104.34,9,stop_loss,27.29113,0.13258,-2.80492,2.72998,tokyo,2021
USDJPY,-1,2021-10-04 15:00:00,2021-10-05 01:00:00,111.082,110.977,111.26623,110.71354,0.6148,10.5,58.74,58.52,10,time_exit,17.29183,0.12282,-1.01093,2.09847,london,2021
USDJPY,-1,2021-10-05 01:00:00,2021-10-05 04:00:00,110.905,111.08722,111.08722,110.54057,0.6252,-18.2,-103.67,-103.9,3,stop_loss,20.13197,0.12148,-1.75644,1.40237,tokyo,2021
USDJPY,1,2021-10-05 10:00:00,2021-10-05 17:00:00,111.163,111.48744,111.00078,111.48744,0.6952,32.4,205.25,205.03,7,take_profit,15.00521,0.10815,0.49368,1.40016,london,2021
USDJPY,-1,2021-10-06 11:00:00,2021-10-06 14:00:00,111.673,111.36155,111.82872,111.36155,0.7387,31.1,209.36,209.13,3,take_profit,38.31804,0.10382,2.97016,2.79852,london,2021
USDJPY,1,2021-10-06 14:00:00,2021-10-06 17:00:00,111.416,111.24095,111.24095,111.76609,0.6703,-17.5,-106.77,-107.0,3,stop_loss,32.07084,0.1167,0.31373,2.51529,london,2021
USDJPY,1,2021-10-08 05:00:00,2021-10-08 14:00:00,111.846,111.7053,111.7053,112.1274,0.8255,-14.1,-105.7,-105.92,9,stop_loss,17.5433,0.0938,3.79096,2.9385,tokyo,2021
USDJPY,-1,2021-10-11 08:00:00,2021-10-11 11:00:00,112.676,112.86299,112.86299,112.30202,0.6149,-18.7,-104.63,-104.86,3,stop_loss,24.37825,0.12466,5.89835,4.1243,tokyo,2021
USDJPY,1,2021-10-11 18:00:00,2021-10-12 04:00:00,113.294,113.354,113.07098,113.74003,0.5104,6.0,27.87,27.64,10,time_exit,42.50595,0.14868,6.77379,4.76608,new_york,2021
USDJPY,1,2021-10-12 11:00:00,2021-10-12 15:00:00,113.295,113.72778,113.07861,113.72778,0.5275,43.3,207.74,207.52,4,take_profit,37.25817,0.14426,3.46284,6.56489,london,2021
USDJPY,1,2021-10-12 19:00:00,2021-10-13 04:00:00,113.689,113.42496,113.42496,114.21707,0.4409,-26.4,-105.94,-106.16,9,stop_loss,30.93563,0.17602,3.98635,5.75422,new_york,2021
USDJPY,1,2021-10-13 06:00:00,2021-10-13 15:00:00,113.399,113.77842,113.20929,113.77842,0.6075,37.9,209.75,209.52,9,take_profit,24.14435,0.12647,1.68683,8.2771,tokyo,2021
USDJPY,1,2021-10-15 01:00:00,2021-10-15 08:00:00,113.657,113.99775,113.48662,113.99775,0.69,34.1,213.96,213.73,7,take_profit,15.3387,0.11358,1.78987,7.42288,tokyo,2021
USDJPY,-1,2021-10-18 01:00:00,2021-10-18 11:00:00,114.266,114.368,114.47436,113.84927,0.5754,-10.2,-53.41,-53.64,10,time_exit,29.86232,0.13891,2.54875,6.95249,tokyo,2021
USDJPY,-1,2021-10-18 21:00:00,2021-10-19 07:00:00,114.213,114.187,114.41504,113.80893,0.5905,2.6,13.97,13.74,10,time_exit,16.4144,0.13469,0.73461,6.89317,new_york,2021
USDJPY,-1,2021-10-19 21:00:00,2021-10-20 02:00:00,114.275,114.44746,114.44746,113.93008,0.6927,-17.2,-108.71,-108.94,5,stop_loss,20.06998,0.11497,0.97617,6.62754,new_york,2021
USDJPY,-1,2021-10-22 22:00:00,2021-10-25 02:00:00,113.426,113.66412,113.66412,112.94976,0.4967,-23.8,-107.63,-107.86,4,stop_loss,33.58427,0.15875,-3.1977,1.19668,,2021
USDJPY,1,2021-10-25 11:00:00,2021-10-25 21:00:00,113.633,113.711,113.41015,114.07869,0.5254,7.8,37.29,37.07,10,time_exit,19.87072,0.14856,-1.17799,0.5414,london,2021
USDJPY,1,2021-10-26 15:00:00,2021-10-26 17:00:00,113.947,114.26466,113.78817,114.26466,0.7397,31.8,213.83,213.6,2,take_profit,29.2191,0.10589,1.06827,0.80321,london,2021
USDJPY,-1,2021-10-27 12:00:00,2021-10-27 22:00:00,113.7,113.829,113.88306,113.33388,0.6546,-12.9,-76.84,-77.07,10,time_exit,26.70111,0.12204,-2.15711,1.23505,london,2021
USDJPY,-1,2021-10-28 21:00:00,2021-10-29 03:00:00,113.473,113.68397,113.68397,113.05106,0.564,-21.1,-108.28,-108.51,6,stop_loss,25.85423,0.14065,-1.70291,-0.37874,new_york,2021
USDJPY,-1,2021-10-29 12:00:00,2021-10-29 15:00:00,113.71,113.89513,113.89513,113.33973,0.6363,-18.5,-107.2,-107.43,3,stop_loss,12.60894,0.12342,0.36665,-0.6436,london,2021
USDJPY,-1,2021-11-01 08:00:00,2021-11-01 18:00:00,114.256,114.2,114.44645,113.8751,0.6123,5.6,31.2,30.98,10,time_exit,16.46185,0.12697,2.98825,0.64761,tokyo,2021
USDJPY,-1,2021-11-01 22:00:00,2021-11-02 07:00:00,113.983,113.60227,114.17337,113.60227,0.6144,38.1,212.87,212.64,9,take_profit,16.6533,0.12691,-0.24367,1.30546,,2021
USDJPY,-1,2021-11-02 19:00:00,2021-11-03 02:00:00,113.797,114.00113,114.00113,113.38874,0.5844,-20.4,-108.56,-108.78,7,stop_loss,28.09576,0.13609,-0.65587,0.33198,new_york,2021
USDJPY,-1,2021-11-03 13:00:00,2021-11-03 17:00:00,113.852,113.99351,113.99351,113.56899,0.8346,-14.2,-107.47,-107.7,4,stop_loss,15.70899,0.09434,-0.37162,0.39857,london,2021
USDJPY,1,2021-11-05 01:00:00,2021-11-05 05:00:00,113.753,113.56172,113.56172,114.13556,0.6112,-19.1,-106.39,-106.62,4,stop_loss,29.19487,0.12752,-1.22433,0.21719,tokyo,2021
USDJPY,-1,2021-11-05 08:00:00,2021-11-05 13:00:00,113.678,113.85916,113.85916,113.31569,0.6389,-18.1,-105.32,-105.55,5,stop_loss,30.50468,0.12077,-1.50585,-0.05893,tokyo,2021
USDJPY,1,2021-11-05 22:00:00,2021-11-08 08:00:00,113.398,113.593,113.18468,113.82464,0.5371,19.5,95.31,95.08,10,time_exit,27.09444,0.14221,-2.53784,-0.55173,,2021
USDJPY,1,2021-11-10 01:00:00,2021-11-10 11:00:00,112.896,113.215,112.71199,113.26402,0.6284,31.9,182.42,182.19,10,time_exit,26.49866,0.12267,-1.89418,-3.48417,tokyo,2021
USDJPY,-1,2021-11-10 13:00:00,2021-11-10 15:00:00,113.199,113.36981,113.36981,112.85738,0.6887,-17.1,-107.05,-107.28,2,stop_loss,26.34683,0.11387,1.06572,-3.64251,london,2021
USDJPY,1,2021-11-11 08:00:00,2021-11-11 18:00:00,113.944,114.017,113.76525,114.30151,0.6515,7.3,43.28,43.05,10,time_exit,44.75732,0.11917,3.78181,-0.48206,tokyo,2021
USDJPY,-1,2021-11-12 14:00:00,2021-11-15 00:00:00,114.053,113.934,114.20498,113.74904,0.7693,11.9,83.31,83.08,10,time_exit,26.89223,0.10132,1.42899,2.21794,london,2021
USDJPY,1,2021-11-15 05:00:00,2021-11-15 15:00:00,113.842,113.876,113.67315,114.17971,0.6979,3.4,21.59,21.37,10,time_exit,27.59416,0.11257,-0.6523,1.73341,tokyo,2021
USDJPY,-1,2021-11-16 15:00:00,2021-11-16 16:00:00,114.327,114.47212,114.47212,114.03677,0.8136,-14.5,-107.44,-107.67,1,stop_loss,34.21868,0.09674,2.73626,2.48566,london,2021
USDJPY,1,2021-11-16 16:00:00,2021-11-16 22:00:00,114.427,114.73808,114.27146,114.73808,0.7515,31.1,212.73,212.51,6,take_profit,36.03723,0.10369,3.37014,2.39872,new_york,2021
USDJPY,-1,2021-11-18 09:00:00,2021-11-18 15:00:00,114.175,114.39063,114.39063,113.74374,0.5529,-21.6,-108.49,-108.72,6,stop_loss,44.42622,0.14375,-1.19251,2.01032,london,2021
USDJPY,1,2021-11-19 16:00:00,2021-11-22 02:00:00,113.815,114.067,113.58183,114.28135,0.5062,25.2,116.08,115.85,10,time_exit,24.9349,0.15545,-2.69054,0.88846,new_york,2021
USDJPY,-1,2021-11-24 04:00:00,2021-11-24 14:00:00,115.156,115.123,115.36837,114.73127,0.5618,3.3,16.87,16.64,10,time_exit,23.18788,0.14158,2.58746,3.097,tokyo,2021
USDJPY,1,2021-11-24 21:00:00,2021-11-25 07:00:00,115.476,115.384,115.24051,115.94698,0.5074,-9.2,-42.48,-42.71,10,time_exit,26.61055,0.15699,3.18853,3.18475,new_york,2021
USDJPY,-1,2021-11-26 03:00:00,2021-11-26 05:00:00,114.947,114.61201,115.11449,114.61201,0.7106,33.5,216.62,216.39,2,take_profit,21.29477,0.11166,-2.43352,4.65139,tokyo,2021
USDJPY,1,2021-12-01 07:00:00,2021-12-01 15:00:00,113.501,113.16212,113.16212,114.17876,0.3582,-33.9,-110.46,-110.69,8,stop_loss,15.6738,0.22592,0.26106,-2.7158,tokyo,2021
USDJPY,-1,2021-12-02 20:00:00,2021-12-03 06:00:00,113.197,113.213,113.47745,112.63611,0.4285,-1.6,-6.24,-6.47,10,time_exit,16.66316,0.18696,0.08918,-3.27651,new_york,2021
USDJPY,1,2021-12-07 02:00:00,2021-12-07 12:00:00,113.47,113.589,113.28119,113.84763,0.6361,11.9,68.88,68.66,10,time_exit,25.22919,0.12588,1.94284,-2.50796,tokyo,2021
USDJPY,1,2021-12-10 13:00:00,2021-12-10 15:00:00,113.732,113.5731,113.5731,114.0498,0.7606,-15.9,-109.98,-110.21,2,stop_loss,15.65289,0.10593,1.72659,-0.13704,london,2021
USDJPY,1,2021-12-10 15:00:00,2021-12-10 16:00:00,113.689,113.53526,113.53526,113.99648,0.7783,-15.4,-108.89,-109.11,1,stop_loss,16.61077,0.10249,1.25011,-0.03916,london,2021
USDJPY,-1,2021-12-10 18:00:00,2021-12-13 04:00:00,113.423,113.552,113.60892,113.05115,0.6371,-12.9,-74.79,-75.02,10,time_exit,17.81135,0.12395,-0.98793,-0.11161,new_york,2021
USDJPY,-1,2021-12-13 16:00:00,2021-12-14 02:00:00,113.645,113.632,113.78518,113.36465,0.8391,1.3,9.93,9.7,10,time_exit,13.9892,0.09345,1.06709,-0.09749,new_york,2021
USDJPY,-1,2021-12-14 14:00:00,2021-12-14 16:00:00,113.536,113.69818,113.69818,113.21165,0.726,-16.2,-107.14,-107.37,2,stop_loss,12.78592,0.10812,-0.31382,0.09537,london,2021
USDJPY,1,2021-12-16 22:00:00,2021-12-17 08:00:00,113.602,113.546,113.41642,113.97316,0.628,-5.6,-32.0,-32.23,10,time_exit,32.39625,0.12372,-2.21776,1.43913,,2021
USDJPY,-1,2021-12-23 01:00:00,2021-12-23 08:00:00,114.114,114.24918,114.24918,113.84364,0.8596,-13.5,-105.74,-105.97,7,stop_loss,19.80349,0.09012,0.98593,2.5694,tokyo,2021
USDJPY,1,2021-12-23 18:00:00,2021-12-24 04:00:00,114.4,114.378,114.26498,114.67004,0.852,-2.2,-17.06,-17.28,10,time_exit,22.97417,0.09001,2.84515,3.07849,new_york,2021
USDJPY,-1,2021-12-24 14:00:00,2021-12-27 04:00:00,114.38,114.403,114.47994,114.18013,1.1492,-2.3,-24.05,-24.28,10,time_exit,13.46031,0.06662,1.55926,4.75839,london,2021
USDJPY,-1,2021-12-27 12:00:00,2021-12-27 16:00:00,114.669,114.77215,114.77215,114.4627,1.1108,-10.3,-104.26,-104.49,4,stop_loss,20.4725,0.06877,4.48724,4.7111,london,2021
USDJPY,-1,2021-12-27 16:00:00,2021-12-27 17:00:00,114.742,114.84197,114.84197,114.54206,1.1346,-10.0,-103.22,-103.45,1,stop_loss,31.38147,0.06665,4.97601,5.23223,new_york,2021
USDJPY,-1,2021-12-27 20:00:00,2021-12-28 06:00:00,114.898,114.858,115.01257,114.66886,0.9801,4.0,35.68,35.45,10,time_exit,39.12202,0.07638,5.45853,5.00033,new_york,2021
USDJPY,1,2021-12-28 06:00:00,2021-12-28 11:00:00,114.895,114.78109,114.78109,115.12282,0.9892,-11.4,-102.54,-102.77,5,stop_loss,39.55437,0.07594,3.78641,5.79017,tokyo,2021
USDJPY,-1,2021-12-29 02:00:00,2021-12-29 07:00:00,114.771,114.8824,114.8824,114.54821,1.0014,-11.1,-101.51,-101.74,5,stop_loss,22.19822,0.07426,0.69954,5.84715,tokyo,2021
USDJPY,1,2021-12-29 08:00:00,2021-12-29 16:00:00,114.872,114.76735,114.76735,115.0813,1.0552,-10.5,-100.49,-100.72,8,stop_loss,17.72392,0.06977,1.86802,6.1188,tokyo,2021
USDJPY,1,2021-12-30 17:00:00,2021-12-31 03:00:00,115.085,115.061,114.95106,115.35288,0.8163,-2.4,-17.83,-18.06,10,time_exit,14.59458,0.08929,1.35514,5.01699,new_york,2021
USDJPY,1,2021-12-31 05:00:00,2021-12-31 15:00:00,115.072,115.107,114.97005,115.27589,1.0704,3.5,34.09,33.86,10,time_exit,15.91678,0.06796,0.85995,6.35232,tokyo,2021
USDJPY,-1,2022-01-03 06:00:00,2022-01-03 13:00:00,115.278,115.03356,115.40022,115.03356,0.8959,24.4,199.28,199.05,7,take_profit,16.67878,0.08148,2.31439,4.93408,tokyo,2022
USDJPY,1,2022-01-04 14:00:00,2022-01-04 18:00:00,116.147,115.96356,115.96356,116.51388,0.6089,-18.3,-101.64,-101.87,4,stop_loss,30.27052,0.12229,6.04576,4.16216,london,2022
USDJPY,1,2022-01-04 22:00:00,2022-01-05 03:00:00,116.114,115.92149,115.92149,116.49902,0.5744,-19.3,-100.63,-100.85,5,stop_loss,33.15332,0.12834,3.8331,4.8549,,2022
USDJPY,1,2022-01-05 11:00:00,2022-01-05 12:00:00,115.92,115.73322,115.73322,116.29357,0.586,-18.7,-99.6,-99.83,1,stop_loss,19.68101,0.12452,1.00888,5.36045,london,2022
USDJPY,1,2022-01-05 23:00:00,2022-01-06 03:00:00,116.122,115.91873,115.91873,116.52854,0.5331,-20.3,-98.61,-98.84,4,stop_loss,18.89842,0.13551,2.11586,4.59192,,2022
USDJPY,1,2022-01-07 22:00:00,2022-01-10 08:00:00,115.556,115.776,115.38753,115.89294,0.6368,22.0,127.49,127.26,10,time_exit,22.86559,0.11231,-2.24803,3.22321,,2022
USDJPY,1,2022-01-11 08:00:00,2022-01-11 15:00:00,115.273,115.61052,115.10424,115.61052,0.644,33.8,197.8,197.57,7,take_profit,28.84806,0.11251,-1.96124,0.45563,tokyo,2022
USDJPY,1,2022-01-14 13:00:00,2022-01-14 15:00:00,113.887,113.67924,113.67924,114.30251,0.5335,-20.8,-100.86,-101.09,2,stop_loss,47.88584,0.1385,-3.28708,-4.73544,london,2022
USDJPY,1,2022-01-14 16:00:00,2022-01-14 19:00:00,113.573,114.03128,113.34386,114.03128,0.4789,45.8,199.72,199.49,3,take_profit,45.64773,0.15276,-4.56702,-4.50871,new_york,2022
USDJPY,1,2022-01-19 03:00:00,2022-01-19 05:00:00,114.702,114.51186,114.51186,115.08228,0.5887,-19.0,-101.86,-102.09,2,stop_loss,17.34805,0.12676,1.07997,-1.61473,tokyo,2022
USDJPY,-1,2022-01-19 17:00:00,2022-01-20 03:00:00,114.351,114.202,114.5552,113.9426,0.5426,14.9,73.57,73.34,10,time_exit,16.36706,0.13613,-1.26085,-1.53137,new_york,2022
USDJPY,1,2022-01-20 04:00:00,2022-01-20 14:00:00,114.202,114.248,114.00989,114.58622,0.581,4.6,24.32,24.09,10,time_exit,23.73196,0.12807,-1.86803,-1.90885,tokyo,2022
USDJPY,1,2022-01-21 03:00:00,2022-01-21 13:00:00,113.803,113.846,113.59841,114.21218,0.5468,4.3,21.4,21.17,10,time_exit,31.39723,0.13639,-3.46631,-2.25297,tokyo,2022
USDJPY,-1,2022-01-24 10:00:00,2022-01-24 16:00:00,113.755,113.93116,113.93116,113.40268,0.6364,-17.6,-102.02,-102.25,6,stop_loss,20.78168,0.11744,-1.45025,-3.80008,london,2022
USDJPY,1,2022-01-25 06:00:00,2022-01-25 16:00:00,113.776,113.877,113.57783,114.17233,0.5601,10.1,51.48,51.25,10,time_exit,11.96426,0.13211,-0.77776,-2.9822,tokyo,2022
USDJPY,-1,2022-01-26 11:00:00,2022-01-26 15:00:00,114.146,114.29905,114.29905,113.8399,0.7288,-15.3,-101.5,-101.73,4,stop_loss,9.90183,0.10203,2.35387,-2.71051,london,2022
USDJPY,1,2022-01-26 17:00:00,2022-01-26 21:00:00,114.35,114.66183,114.19408,114.66183,0.7083,31.2,200.99,200.76,4,take_profit,23.96011,0.10394,3.65151,-2.02352,new_york,2022
USDJPY,-1,2022-01-27 16:00:00,2022-01-28 02:00:00,115.378,115.45,115.59469,114.94463,0.5198,-7.2,-34.06,-34.28,10,time_exit,56.50129,0.14446,6.27343,1.18841,new_york,2022
USDJPY,1,2022-01-28 06:00:00,2022-01-28 16:00:00,115.358,115.16839,115.16839,115.73721,0.5921,-19.0,-102.16,-102.39,10,stop_loss,50.25447,0.1264,3.94556,3.30884,tokyo,2022
USDJPY,1,2022-01-31 04:00:00,2022-01-31 14:00:00,115.44,115.445,115.22929,115.86141,0.5274,0.5,2.4,2.17,10,time_exit,25.12947,0.14047,2.00433,3.78407,tokyo,2022
USDJPY,1,2022-02-01 03:00:00,2022-02-01 06:00:00,115.156,114.96833,114.96833,115.53134,0.5923,-18.8,-101.15,-101.38,3,stop_loss,25.1652,0.12511,-0.5443,3.664,tokyo,2022
USDJPY,1,2022-02-01 18:00:00,2022-02-02 04:00:00,114.796,114.714,114.58901,115.20998,0.5316,-8.2,-39.67,-39.9,10,time_exit,35.79365,0.13799,-1.8221,1.9737,new_york,2022
USDJPY,-1,2022-02-04 14:00:00,2022-02-04 15:00:00,114.873,115.03646,115.03646,114.54608,0.6705,-16.3,-99.74,-99.96,1,stop_loss,28.86791,0.10897,0.49632,0.67766,london,2022
USDJPY,-1,2022-02-07 07:00:00,2022-02-07 13:00:00,115.273,114.9475,115.43575,114.9475,0.6667,32.6,197.48,197.25,6,take_profit,33.26731,0.1085,2.21227,1.91484,tokyo,2022
USDJPY,-1,2022-02-08 07:00:00,2022-02-08 17:00:00,115.405,115.55786,115.55786,115.09929,0.7241,-15.3,-100.72,-100.95,10,stop_loss,21.20061,0.1019,2.82046,2.18605,tokyo,2022
USDJPY,-1,2022-02-09 02:00:00,2022-02-09 12:00:00,115.535,115.43,115.67469,115.25562,0.7844,10.5,74.95,74.72,10,time_exit,25.91048,0.09313,2.34697,3.43015,tokyo,2022
USDJPY,1,2022-02-14 09:00:00,2022-02-14 10:00:00,115.35,115.09626,115.09626,115.85748,0.435,-25.4,-100.44,-100.67,1,stop_loss,30.6841,0.16916,-1.90945,1.72738,london,2022
USDJPY,1,2022-02-14 15:00:00,2022-02-15 01:00:00,115.457,115.539,115.17446,116.02208,0.3868,8.2,28.86,28.64,10,time_exit,35.17908,0.18836,-0.64753,1.0946,london,2022
USDJPY,1,2022-02-17 22:00:00,2022-02-18 08:00:00,114.878,115.17,114.65436,115.32527,0.4901,29.2,130.23,130.0,10,time_exit,36.54935,0.14909,-2.8692,-0.62217,,2022
USDJPY,-1,2022-02-21 02:00:00,2022-02-21 12:00:00,114.965,114.854,115.1299,114.6352,0.6733,11.1,68.01,67.78,10,time_exit,17.05224,0.10993,-1.68664,-1.53349,tokyo,2022
USDJPY,-1,2022-02-21 19:00:00,2022-02-22 01:00:00,114.8,114.51716,114.94142,114.51716,0.7904,28.3,203.43,203.21,6,take_profit,14.60895,0.09428,-2.45321,-2.39502,new_york,2022
USDJPY,-1,2022-02-22 19:00:00,2022-02-23 05:00:00,114.943,115.024,115.14478,114.53945,0.565,-8.1,-41.65,-41.87,10,time_exit,23.51221,0.13452,0.11161,-1.78065,new_york,2022
USDJPY,1,2022-02-23 07:00:00,2022-02-23 17:00:00,115.04,115.036,114.88701,115.34597,0.7422,-0.4,-2.7,-2.93,10,time_exit,21.99799,0.10199,0.70757,-1.79191,tokyo,2022
USDJPY,-1,2022-02-23 17:00:00,2022-02-24 02:00:00,115.148,114.83497,115.30452,114.83497,0.7252,31.3,206.58,206.35,9,take_profit,18.81893,0.10434,1.3691,-1.32972,new_york,2022
USDJPY,1,2022-02-28 00:00:00,2022-02-28 01:00:00,115.245,115.63683,115.04908,115.63683,0.591,39.2,210.73,210.51,1,take_profit,26.86978,0.13061,1.68283,1.00876,tokyo,2022
USDJPY,-1,2022-03-01 00:00:00,2022-03-01 02:00:00,114.97,115.18872,115.18872,114.53255,0.5399,-21.9,-107.46,-107.69,2,stop_loss,26.8239,0.14582,-2.31394,0.61884,tokyo,2022
USDJPY,-1,2022-03-02 00:00:00,2022-03-02 07:00:00,114.892,115.09745,115.09745,114.4811,0.569,-20.5,-106.38,-106.61,7,stop_loss,32.45276,0.13697,-1.2404,-0.65725,tokyo,2022
USDJPY,-1,2022-03-07 10:00:00,2022-03-07 14:00:00,115.011,115.20133,115.20133,114.63035,0.6081,-19.0,-105.32,-105.55,4,stop_loss,30.00346,0.12688,-1.21063,-0.54536,london,2022
USDJPY,1,2022-03-08 11:00:00,2022-03-08 21:00:00,115.549,115.742,115.37099,115.90502,0.6437,19.3,113.05,112.83,10,time_exit,26.06178,0.11867,2.14137,0.30563,london,2022
USDJPY,-1,2022-03-11 07:00:00,2022-03-11 09:00:00,116.561,116.74283,116.74283,116.19734,0.6369,-18.2,-105.39,-105.61,2,stop_loss,21.68359,0.12122,4.57709,3.34693,tokyo,2022
USDJPY,-1,2022-03-11 21:00:00,2022-03-14 01:00:00,117.251,117.47038,117.47038,116.81224,0.5226,-21.9,-104.33,-104.56,4,stop_loss,48.90892,0.14625,5.7329,4.36383,new_york,2022
USDJPY,1,2022-03-14 07:00:00,2022-03-14 17:00:00,117.821,117.901,117.60381,118.25538,0.5226,8.0,38.05,37.82,10,time_exit,65.11587,0.14479,7.15348,5.82542,tokyo,2022
USDJPY,-1,2022-03-14 17:00:00,2022-03-15 01:00:00,118.007,118.22784,118.22784,117.56533,0.5159,-22.1,-103.68,-103.9,8,stop_loss,56.77452,0.14722,5.87541,6.91359,new_york,2022
USDJPY,1,2022-03-18 00:00:00,2022-03-18 10:00:00,118.591,118.866,118.37079,119.03142,0.5121,27.5,128.15,127.93,10,time_exit,24.5288,0.14681,0.73243,7.50788,tokyo,2022
USDJPY,-1,2022-03-21 03:00:00,2022-03-21 13:00:00,119.265,119.222,119.44542,118.90416,0.6329,4.3,24.77,24.54,10,time_exit,38.43576,0.12028,3.53316,8.98061,tokyo,2022
USDJPY,1,2022-03-21 23:00:00,2022-03-22 03:00:00,119.489,119.81358,119.32671,119.81358,0.7053,32.5,208.32,208.1,4,take_profit,28.14083,0.10819,3.83394,9.61108,,2022
USDJPY,-1,2022-03-22 09:00:00,2022-03-22 12:00:00,120.328,120.55477,120.55477,119.87447,0.5148,-22.7,-106.23,-106.46,3,stop_loss,49.29566,0.15118,6.58672,7.47315,london,2022
USDJPY,1,2022-03-23 18:00:00,2022-03-24 04:00:00,120.969,121.222,120.66468,121.57763,0.3798,25.3,87.44,87.21,10,time_exit,28.54351,0.20288,2.42792,7.53706,new_york,2022
USDJPY,1,2022-03-24 18:00:00,2022-03-25 04:00:00,121.926,121.933,121.66539,122.44721,0.4472,0.7,2.85,2.62,10,time_exit,30.18297,0.17374,4.94934,9.19887,new_york,2022
USDJPY,-1,2022-03-25 08:00:00,2022-03-25 09:00:00,121.469,121.79699,121.79699,120.81302,0.3554,-32.8,-106.08,-106.3,1,stop_loss,36.17941,0.21866,-0.1457,7.71702,tokyo,2022
USDJPY,1,2022-03-25 16:00:00,2022-03-28 02:00:00,121.752,122.271,121.41587,122.42426,0.3433,51.9,162.14,161.91,10,time_exit,27.94855,0.22409,0.88989,7.11712,new_york,2022
USDJPY,1,2022-03-28 13:00:00,2022-03-28 15:00:00,124.295,123.72898,123.72898,125.42703,0.207,-56.6,-106.62,-106.85,2,stop_loss,42.52362,0.37734,5.24173,4.83297,london,2022
USDJPY,-1,2022-03-28 22:00:00,2022-03-29 01:00:00,123.561,124.13292,124.13292,122.41717,0.2028,-57.2,-105.55,-105.77,3,stop_loss,36.59948,0.38128,2.21721,5.12644,,2022
USDJPY,1,2022-03-29 18:00:00,2022-03-30 04:00:00,122.717,121.99323,121.99323,124.16455,0.1587,-72.4,-104.53,-104.75,10,stop_loss,23.47676,0.48252,-0.82041,3.846,new_york,2022
USDJPY,1,2022-04-04 06:00:00,2022-04-04 16:00:00,122.654,122.754,122.33506,123.29189,0.3564,10.0,32.43,32.2,10,time_exit,18.96854,0.21263,1.32441,2.68287,tokyo,2022
USDJPY,1,2022-04-04 20:00:00,2022-04-05 03:00:00,122.745,122.47467,122.47467,123.28566,0.4218,-27.0,-103.76,-103.99,7,stop_loss,14.97793,0.18022,1.30378,3.28966,new_york,2022
USDJPY,1,2022-04-06 03:00:00,2022-04-06 13:00:00,123.657,123.96,123.41811,124.13479,0.4726,30.3,130.31,130.08,10,time_exit,37.0694,0.15926,4.45332,4.61289,tokyo,2022
USDJPY,1,2022-04-08 06:00:00,2022-04-08 15:00:00,123.925,124.39523,123.68989,124.39523,0.4863,47.0,208.09,207.86,9,take_profit,17.8018,0.15674,1.14735,5.60845,tokyo,2022
USDJPY,-1,2022-04-08 15:00:00,2022-04-08 16:00:00,124.174,124.36587,124.36587,123.79025,0.6077,-19.2,-106.11,-106.33,1,stop_loss,13.53288,0.12792,2.62262,6.81209,london,2022
USDJPY,-1,2022-04-11 00:00:00,2022-04-11 01:00:00,124.024,124.22432,124.22432,123.62335,0.5763,-20.0,-105.06,-105.28,1,stop_loss,25.92821,0.13355,2.05335,6.84049,tokyo,2022
USDJPY,1,2022-04-11 17:00:00,2022-04-12 03:00:00,125.549,125.23156,125.23156,126.18388,0.36,-31.7,-103.99,-104.22,10,stop_loss,44.50194,0.21163,4.70029,5.4651,new_york,2022
USDJPY,-1,2022-04-13 22:00:00,2022-04-14 08:00:00,125.615,125.419,125.93109,124.98282,0.3579,19.6,63.84,63.61,10,time_exit,21.23206,0.21073,0.60975,5.69879,,2022
USDJPY,1,2022-04-15 13:00:00,2022-04-15 23:00:00,126.479,126.406,126.23555,126.96591,0.4676,-7.3,-31.06,-31.29,10,time_exit,39.89522,0.1623,3.59105,6.75798,london,2022
USDJPY,1,2022-04-20 12:00:00,2022-04-20 13:00:00,128.403,127.95123,127.95123,129.30654,0.2512,-45.2,-103.27,-103.5,1,stop_loss,34.98557,0.30118,1.13313,5.94347,london,2022
USDJPY,-1,2022-04-21 02:00:00,2022-04-21 03:00:00,127.966,128.41213,128.41213,127.07374,0.2518,-44.6,-102.23,-102.45,1,stop_loss,32.89203,0.29742,-0.03724,5.02899,tokyo,2022
USDJPY,-1,2022-04-22 08:00:00,2022-04-22 16:00:00,128.189,128.5909,128.5909,127.3852,0.2768,-40.2,-101.23,-101.46,8,stop_loss,12.53058,0.26793,-0.17749,4.77093,tokyo,2022
USDJPY,1,2022-04-26 08:00:00,2022-04-26 14:00:00,128.105,127.67226,127.67226,128.97048,0.2545,-43.3,-100.22,-100.45,6,stop_loss,17.7439,0.28849,-0.04118,2.39721,tokyo,2022
USDJPY,1,2022-04-27 17:00:00,2022-04-28 03:00:00,128.132,128.819,127.75676,128.88248,0.2905,68.7,181.61,181.38,10,time_exit,18.45051,0.25016,1.2821,1.28449,new_york,2022
USDJPY,-1,2022-04-28 10:00:00,2022-04-28 17:00:00,130.534,131.053,131.053,129.496,0.2139,-51.9,-101.02,-101.25,7,stop_loss,39.50571,0.346,6.23051,1.93203,london,2022
USDJPY,-1,2022-04-29 15:00:00,2022-05-02 01:00:00,130.008,130.138,130.46521,129.09359,0.2404,-13.0,-28.44,-28.67,10,time_exit,29.62927,0.3048,0.43334,4.71268,london,2022
USDJPY,1,2022-05-02 05:00:00,2022-05-02 15:00:00,130.182,130.117,129.68253,131.18095,0.2194,-6.5,-12.98,-13.21,10,time_exit,21.23173,0.33298,0.92035,3.75597,tokyo,2022
USDJPY,1,2022-05-04 02:00:00,2022-05-04 12:00:00,130.109,130.015,129.89183,130.54334,0.5039,-9.4,-43.1,-43.33,10,time_exit,8.32967,0.14478,0.35656,6.17895,tokyo,2022
USDJPY,-1,2022-05-05 09:00:00,2022-05-05 10:00:00,129.351,129.73958,129.73958,128.57385,0.2804,-38.9,-99.15,-99.38,1,stop_loss,33.11196,0.25905,-1.3651,1.58042,london,2022
USDJPY,-1,2022-05-06 02:00:00,2022-05-06 03:00:00,130.104,130.46183,130.46183,129.38834,0.3014,-35.8,-98.14,-98.37,1,stop_loss,22.46886,0.23855,0.85955,2.02296,tokyo,2022
USDJPY,-1,2022-05-06 03:00:00,2022-05-06 04:00:00,130.325,130.68534,130.68534,129.60432,0.2963,-36.0,-97.16,-97.39,1,stop_loss,22.11099,0.24023,1.69997,2.04065,tokyo,2022
USDJPY,1,2022-05-06 13:00:00,2022-05-06 15:00:00,130.497,130.15157,130.15157,131.18785,0.306,-34.5,-96.19,-96.41,2,stop_loss,22.30715,0.23028,1.57005,2.59745,london,2022
USDJPY,1,2022-05-06 21:00:00,2022-05-09 07:00:00,130.579,130.998,130.20312,131.33077,0.2784,41.9,106.15,105.92,10,time_exit,18.44204,0.25059,1.44932,2.44074,new_york,2022
USDJPY,-1,2022-05-09 07:00:00,2022-05-09 09:00:00,130.962,131.27918,131.27918,130.32765,0.3336,-31.7,-96.29,-96.51,2,stop_loss,26.77968,0.21145,2.73079,3.19023,tokyo,2022
USDJPY,1,2022-05-09 21:00:00,2022-05-10 03:00:00,130.394,130.01932,130.01932,131.14335,0.2796,-37.5,-95.33,-95.56,6,stop_loss,32.69268,0.24978,-0.71477,2.85281,new_york,2022
USDJPY,-1,2022-05-10 05:00:00,2022-05-10 15:00:00,130.271,129.977,130.6539,129.50521,0.2708,29.4,72.45,72.22,10,time_exit,32.18944,0.25526,-0.88376,2.36238,tokyo,2022
USDJPY,-1,2022-05-10 23:00:00,2022-05-11 09:00:00,130.37,130.227,130.70821,129.69358,0.309,14.3,40.21,39.98,10,time_exit,22.60107,0.22547,0.00207,1.85586,,2022
USDJPY,-1,2022-05-11 21:00:00,2022-05-11 23:00:00,129.559,130.01593,130.01593,128.64515,0.2297,-45.7,-95.51,-95.74,2,stop_loss,20.7251,0.30462,-2.24636,0.8049,new_york,2022
USDJPY,-1,2022-05-12 05:00:00,2022-05-12 10:00:00,129.859,129.05207,130.26247,129.05207,0.2575,80.7,189.08,188.86,5,take_profit,18.67778,0.26898,-1.05542,0.56987,tokyo,2022
USDJPY,1,2022-05-12 11:00:00,2022-05-12 15:00:00,128.84,128.40099,128.40099,129.71802,0.2414,-43.9,-96.44,-96.67,4,stop_loss,24.57072,0.29267,-3.98289,0.1516,london,2022
USDJPY,1,2022-05-13 22:00:00,2022-05-16 05:00:00,129.342,128.93363,128.93363,130.15873,0.2569,-40.8,-95.47,-95.69,7,stop_loss,22.54399,0.27224,0.70519,-1.68511,,2022
USDJPY,-1,2022-05-16 19:00:00,2022-05-17 05:00:00,129.138,129.252,129.51939,128.37522,0.2723,-11.4,-28.25,-28.48,10,time_exit,16.10849,0.25426,-0.18599,-1.37393,new_york,2022
USDJPY,1,2022-05-17 09:00:00,2022-05-17 19:00:00,129.338,129.357,129.01437,129.98527,0.3199,1.9,5.53,5.3,10,time_exit,13.53204,0.21576,0.70108,-1.38686,london,2022
USDJPY,1,2022-05-19 19:00:00,2022-05-20 05:00:00,127.628,128.058,127.12006,128.64387,0.204,43.0,79.83,79.6,10,time_exit,37.49537,0.33862,-2.43314,-1.97387,new_york,2022
USDJPY,1,2022-05-20 07:00:00,2022-05-20 17:00:00,127.613,127.997,127.16282,128.51335,0.2321,38.4,81.11,80.88,10,time_exit,26.23716,0.30012,-1.96709,-2.55942,tokyo,2022
USDJPY,-1,2022-05-20 17:00:00,2022-05-23 03:00:00,128.125,127.712,128.5594,127.25621,0.2425,41.3,91.14,90.91,10,time_exit,16.50065,0.2896,0.02537,-2.60306,new_york,2022
USDJPY,-1,2022-05-23 20:00:00,2022-05-24 06:00:00,127.851,127.782,128.20947,127.13407,0.2967,6.9,18.63,18.4,10,time_exit,15.19457,0.23898,0.05987,-3.18989,new_york,2022
USDJPY,1,2022-05-24 17:00:00,2022-05-25 03:00:00,126.696,126.899,126.28587,127.51627,0.2598,20.3,47.99,47.77,10,time_exit,18.78376,0.27342,-3.59466,-2.67179,new_york,2022
USDJPY,1,2022-05-26 05:00:00,2022-05-26 10:00:00,127.287,126.97867,126.97867,127.90365,0.3473,-30.8,-97.44,-97.67,5,stop_loss,14.04459,0.20555,0.16016,-3.60012,tokyo,2022
USDJPY,-1,2022-05-27 05:00:00,2022-05-27 10:00:00,126.789,127.10952,127.10952,126.14797,0.3307,-32.1,-96.46,-96.68,5,stop_loss,12.98415,0.21368,-1.70619,-3.06335,tokyo,2022
USDJPY,-1,2022-05-30 07:00:00,2022-05-30 10:00:00,126.982,127.24111,127.24111,126.46378,0.405,-25.9,-95.49,-95.72,3,stop_loss,10.47813,0.17274,-0.61737,-3.16258,tokyo,2022
USDJPY,-1,2022-05-31 07:00:00,2022-05-31 15:00:00,128.086,128.34706,128.34706,127.56388,0.398,-26.1,-94.55,-94.78,8,stop_loss,34.04883,0.17404,3.7067,-1.06447,tokyo,2022
USDJPY,-1,2022-05-31 16:00:00,2022-06-01 02:00:00,128.661,128.737,129.01127,127.96046,0.2936,-7.6,-20.31,-20.53,10,time_exit,29.5757,0.23351,4.41842,-0.14657,new_york,2022
USDJPY,1,2022-06-02 02:00:00,2022-06-02 09:00:00,130.117,129.85746,129.85746,130.63609,0.3954,-26.0,-93.39,-93.62,7,stop_loss,54.94879,0.17303,6.28294,5.08579,tokyo,2022
USDJPY,-1,2022-06-06 02:00:00,2022-06-06 12:00:00,130.821,130.709,131.06105,130.34089,0.4232,11.2,43.13,42.91,10,time_exit,46.66958,0.16004,4.54889,7.3855,tokyo,2022
USDJPY,1,2022-06-06 13:00:00,2022-06-06 17:00:00,130.708,131.24481,130.4396,131.24481,0.3803,53.7,185.77,185.55,4,take_profit,35.70557,0.17894,2.3192,6.7163,london,2022
USDJPY,1,2022-06-07 00:00:00,2022-06-07 04:00:00,131.866,132.44084,131.57858,132.44084,0.3622,57.5,189.47,189.24,4,take_profit,48.31577,0.19161,6.20338,7.14684,tokyo,2022
USDJPY,-1,2022-06-08 03:00:00,2022-06-08 04:00:00,132.815,133.10596,133.10596,132.23308,0.365,-29.1,-96.64,-96.87,1,stop_loss,41.12514,0.19397,4.39698,9.61236,tokyo,2022
USDJPY,-1,2022-06-08 19:00:00,2022-06-09 02:00:00,134.052,134.50753,134.50753,133.14094,0.2308,-45.6,-95.67,-95.9,7,stop_loss,49.47342,0.30369,4.20635,7.06916,new_york,2022
USDJPY,1,2022-06-10 02:00:00,2022-06-10 03:00:00,134.452,134.05816,134.05816,135.23967,0.2642,-39.4,-94.69,-94.91,1,stop_loss,22.78138,0.26256,2.85291,8.22729,tokyo,2022
USDJPY,-1,2022-06-10 10:00:00,2022-06-10 15:00:00,133.85,134.27328,134.27328,133.00344,0.2434,-42.3,-93.75,-93.98,5,stop_loss,19.35091,0.28219,0.18014,7.3066,london,2022
USDJPY,-1,2022-06-13 17:00:00,2022-06-13 18:00:00,133.646,134.15302,134.15302,132.63195,0.2012,-50.7,-92.83,-93.06,1,stop_loss,24.65285,0.33802,-1.77946,5.32449,new_york,2022
USDJPY,1,2022-06-13 22:00:00,2022-06-14 08:00:00,134.297,134.66,133.80374,135.28352,0.2047,36.3,67.62,67.39,10,time_exit,23.21718,0.32884,0.22965,5.15566,,2022
USDJPY,-1,2022-06-14 20:00:00,2022-06-14 22:00:00,134.981,135.44249,135.44249,134.05802,0.2204,-46.1,-92.56,-92.79,2,stop_loss,13.27567,0.30766,1.9635,4.77233,new_york,2022
USDJPY,1,2022-06-16 19:00:00,2022-06-17 03:00:00,131.667,133.14213,130.92944,133.14213,0.1365,147.5,183.23,183.01,8,take_profit,36.93637,0.49171,-4.67919,1.17575,new_york,2022
USDJPY,1,2022-06-17 11:00:00,2022-06-17 21:00:00,134.298,134.933,133.41197,136.07006,0.1159,63.5,66.97,66.75,10,time_exit,35.85514,0.59069,1.16131,0.4378,london,2022
USDJPY,1,2022-06-20 13:00:00,2022-06-20 23:00:00,134.806,135.105,134.33251,135.75298,0.2185,29.9,59.45,59.22,10,time_exit,28.01219,0.31566,1.12148,2.36376,london,2022
USDJPY,1,2022-06-24 10:00:00,2022-06-24 20:00:00,134.55,135.36,134.12365,135.40269,0.2441,81.0,179.93,179.7,10,time_exit,31.46825,0.28423,-2.43467,1.57488,london,2022
USDJPY,-1,2022-06-27 15:00:00,2022-06-28 01:00:00,135.437,135.335,135.7941,134.72281,0.297,10.2,27.57,27.34,10,time_exit,15.48566,0.23806,1.34617,1.07643,london,2022
USDJPY,1,2022-06-28 16:00:00,2022-06-29 02:00:00,136.272,136.047,135.91981,136.97638,0.302,-22.5,-61.83,-62.06,10,time_exit,24.05889,0.23479,3.67794,1.7088,new_york,2022
USDJPY,1,2022-06-29 04:00:00,2022-06-29 14:00:00,135.999,136.494,135.70104,136.59491,0.3547,49.5,159.77,159.55,10,time_exit,34.19193,0.19864,1.53241,2.79736,tokyo,2022
USDJPY,-1,2022-06-30 01:00:00,2022-06-30 11:00:00,136.563,136.234,136.8872,135.9146,0.3314,32.9,99.22,98.99,10,time_exit,23.87593,0.21613,2.04335,3.43524,tokyo,2022
USDJPY,-1,2022-07-01 18:00:00,2022-07-04 04:00:00,135.124,135.022,135.60285,134.1663,0.2266,10.2,21.03,20.81,10,time_exit,32.39521,0.31923,-1.90004,0.66934,new_york,2022
USDJPY,1,2022-07-05 23:00:00,2022-07-06 02:00:00,135.785,135.42489,135.42489,136.50522,0.302,-36.0,-98.97,-99.19,3,stop_loss,19.13172,0.24007,0.09248,0.75852,,2022
USDJPY,-1,2022-07-07 00:00:00,2022-07-07 10:00:00,135.91,136.13,136.32901,135.07197,0.2569,-22.0,-51.43,-51.66,10,time_exit,18.55312,0.27934,1.09001,0.21241,tokyo,2022
USDJPY,1,2022-07-07 17:00:00,2022-07-08 03:00:00,135.747,135.954,135.371,136.49901,0.2848,20.7,53.65,53.42,10,time_exit,13.26386,0.25067,0.01384,0.53018,new_york,2022
USDJPY,1,2022-07-08 03:00:00,2022-07-08 05:00:00,135.921,135.661,135.661,136.441,0.4142,-26.0,-98.0,-98.23,2,stop_loss,9.32209,0.17333,0.51772,1.04903,tokyo,2022
USDJPY,-1,2022-07-11 02:00:00,2022-07-11 04:00:00,136.182,136.50056,136.50056,135.54487,0.3346,-31.9,-97.0,-97.23,2,stop_loss,11.88709,0.21238,1.151,1.03476,tokyo,2022
USDJPY,-1,2022-07-12 23:00:00,2022-07-13 04:00:00,136.813,137.08729,137.08729,136.26441,0.3847,-27.4,-96.02,-96.25,5,stop_loss,27.02438,0.18286,-0.17145,3.50393,,2022
USDJPY,1,2022-07-13 05:00:00,2022-07-13 15:00:00,137.144,137.71175,136.86012,137.71175,0.368,56.8,190.13,189.9,10,take_profit,22.10234,0.18925,1.52513,3.23591,tokyo,2022
USDJPY,1,2022-07-15 19:00:00,2022-07-18 03:00:00,138.556,138.18102,138.18102,139.30596,0.2842,-37.5,-96.98,-97.21,8,stop_loss,24.45303,0.24999,0.40863,4.95717,new_york,2022
USDJPY,1,2022-07-18 16:00:00,2022-07-18 17:00:00,138.3,138.01551,138.01551,138.86898,0.3708,-28.4,-96.0,-96.22,1,stop_loss,32.76807,0.18966,-0.3573,4.96391,new_york,2022
USDJPY,1,2022-07-19 02:00:00,2022-07-19 07:00:00,138.248,137.97817,137.97817,138.78765,0.3871,-27.0,-95.05,-95.28,5,stop_loss,32.65787,0.17988,-0.21639,4.42807,tokyo,2022
USDJPY,1,2022-07-19 21:00:00,2022-07-20 07:00:00,138.159,137.992,137.8371,138.8028,0.3212,-16.7,-48.81,-49.04,10,time_exit,26.99664,0.2146,0.40745,2.38043,new_york,2022
USDJPY,1,2022-07-21 00:00:00,2022-07-21 10:00:00,138.192,138.65111,137.96244,138.65111,0.448,45.9,187.17,186.94,10,take_profit,16.3534,0.15304,0.93183,2.82511,tokyo,2022
USDJPY,-1,2022-07-21 21:00:00,2022-07-22 02:00:00,137.828,137.08677,138.19861,137.08677,0.2831,74.1,190.96,190.73,5,take_profit,22.30426,0.24708,-1.6058,1.64268,new_york,2022
USDJPY,1,2022-07-22 06:00:00,2022-07-22 14:00:00,137.555,137.19383,137.19383,138.27734,0.2963,-36.1,-97.38,-97.61,8,stop_loss,31.29805,0.24078,-1.76061,0.81211,tokyo,2022
USDJPY,-1,2022-07-22 15:00:00,2022-07-22 16:00:00,136.895,136.08583,137.29959,136.08583,0.2618,80.9,192.78,192.55,1,take_profit,26.95201,0.26972,-3.50791,0.28814,london,2022
USDJPY,-1,2022-07-22 17:00:00,2022-07-25 03:00:00,136.027,136.51981,136.51981,135.04139,0.2192,-49.3,-98.3,-98.53,10,stop_loss,31.40546,0.32854,-5.19242,-0.01317,new_york,2022
USDJPY,-1,2022-07-26 17:00:00,2022-07-26 20:00:00,136.4,136.70025,136.70025,135.7995,0.3562,-30.0,-97.32,-97.55,3,stop_loss,14.69179,0.20017,-1.42566,-2.80528,new_york,2022
USDJPY,1,2022-07-27 16:00:00,2022-07-27 21:00:00,136.937,136.66387,136.66387,137.48326,0.3877,-27.3,-96.36,-96.59,5,stop_loss,16.65718,0.18209,0.80693,-2.06266,new_york,2022
USDJPY,1,2022-07-28 13:00:00,2022-07-28 15:00:00,135.423,134.98421,134.98421,136.30058,0.2389,-43.9,-95.39,-95.62,2,stop_loss,38.92679,0.29253,-3.16671,-2.1202,london,2022
USDJPY,1,2022-08-01 04:00:00,2022-08-01 05:00:00,132.881,132.35953,132.35953,133.92395,0.199,-52.1,-94.43,-94.66,1,stop_loss,23.96335,0.34765,-3.76566,-5.04064,tokyo,2022
USDJPY,1,2022-08-01 15:00:00,2022-08-01 16:00:00,132.417,131.85066,131.85066,133.54967,0.1814,-56.6,-93.49,-93.72,1,stop_loss,29.24357,0.37756,-2.99831,-5.35933,london,2022
USDJPY,-1,2022-08-02 22:00:00,2022-08-03 02:00:00,132.982,133.58003,133.58003,131.78594,0.1701,-59.8,-92.57,-92.8,4,stop_loss,30.57849,0.39869,2.24945,-5.99944,,2022
USDJPY,1,2022-08-05 19:00:00,2022-08-08 05:00:00,135.304,135.239,134.70834,136.49531,0.169,-6.5,-10.0,-10.22,10,time_exit,29.12634,0.3971,4.49832,-1.26175,new_york,2022
USDJPY,-1,2022-08-09 05:00:00,2022-08-09 09:00:00,134.747,135.11936,135.11936,134.00228,0.2701,-37.2,-91.52,-91.75,4,stop_loss,16.78823,0.24824,0.6777,1.14322,tokyo,2022
USDJPY,1,2022-08-11 07:00:00,2022-08-11 09:00:00,133.161,132.71834,132.71834,134.04633,0.2249,-44.3,-90.59,-90.82,2,stop_loss,42.51482,0.29511,-2.59583,-1.10116,tokyo,2022
USDJPY,-1,2022-08-11 21:00:00,2022-08-12 07:00:00,133.007,133.247,133.50309,132.01482,0.1987,-24.0,-43.4,-43.62,10,time_exit,42.68563,0.33073,-1.06341,-2.04758,new_york,2022
USDJPY,1,2022-08-12 14:00:00,2022-08-15 00:00:00,133.607,133.456,133.20655,134.40791,0.2449,-15.1,-33.65,-33.88,10,time_exit,20.16513,0.26697,1.14503,-2.27375,london,2022
USDJPY,1,2022-08-15 19:00:00,2022-08-16 05:00:00,133.145,133.366,132.75805,133.9189,0.2525,22.1,50.78,50.55,10,time_exit,19.06891,0.25797,-0.5482,-1.84449,new_york,2022
USDJPY,1,2022-08-16 06:00:00,2022-08-16 12:00:00,133.366,133.99697,133.05052,133.99697,0.3115,63.1,178.86,178.63,6,take_profit,14.12767,0.21032,0.42111,-2.0559,tokyo,2022
USDJPY,1,2022-08-16 17:00:00,2022-08-17 03:00:00,134.508,134.14413,134.14413,135.23574,0.2755,-36.4,-91.22,-91.45,10,stop_loss,24.63472,0.24258,4.08231,-0.86602,new_york,2022
USDJPY,-1,2022-08-17 12:00:00,2022-08-17 14:00:00,134.811,135.12796,135.12796,134.17709,0.3131,-31.7,-90.31,-90.53,2,stop_loss,21.95092,0.2113,4.09894,0.53819,london,2022
USDJPY,1,2022-08-18 03:00:00,2022-08-18 13:00:00,134.958,135.218,134.62932,135.61537,0.2989,26.0,70.72,70.49,10,time_exit,25.23693,0.21912,2.12919,2.15999,tokyo,2022
USDJPY,1,2022-08-18 16:00:00,2022-08-18 19:00:00,134.932,135.6821,134.55695,135.6821,0.264,75.0,180.21,179.98,3,take_profit,18.36566,0.25003,0.81521,2.33495,new_york,2022
USDJPY,-1,2022-08-19 13:00:00,2022-08-19 14:00:00,136.582,136.91811,136.91811,135.90978,0.3005,-33.6,-91.91,-92.14,1,stop_loss,31.66093,0.22407,4.80729,4.47649,london,2022
USDJPY,1,2022-08-22 20:00:00,2022-08-23 06:00:00,137.452,137.205,137.06853,138.21894,0.2607,-24.7,-58.6,-58.83,10,time_exit,30.84621,0.25565,3.18249,5.69222,new_york,2022
USDJPY,-1,2022-08-23 18:00:00,2022-08-23 20:00:00,136.26,136.75012,136.75012,135.27976,0.2027,-49.0,-90.41,-90.63,2,stop_loss,23.08435,0.32675,-2.24646,4.27045,new_york,2022
USDJPY,1,2022-08-23 23:00:00,2022-08-24 09:00:00,136.8,136.651,136.34393,137.71213,0.2156,-14.9,-29.23,-29.46,10,time_exit,24.4272,0.30404,-0.4423,4.22358,,2022
USDJPY,-1,2022-08-25 02:00:00,2022-08-25 12:00:00,137.083,136.3727,137.43815,136.3727,0.276,71.0,178.4,178.17,10,take_profit,13.24735,0.23677,0.80675,4.06204,tokyo,2022
USDJPY,1,2022-08-26 06:00:00,2022-08-26 16:00:00,136.719,136.702,136.42525,137.3065,0.3403,-1.7,-5.26,-5.49,10,time_exit,17.47933,0.19583,0.03278,3.11487,tokyo,2022
USDJPY,-1,2022-08-30 14:00:00,2022-08-30 16:00:00,138.253,138.55867,138.55867,137.64165,0.3268,-30.6,-90.9,-91.13,2,stop_loss,21.77067,0.20378,0.35219,5.88833,london,2022
USDJPY,1,2022-08-31 02:00:00,2022-08-31 03:00:00,138.789,138.48939,138.48939,139.38822,0.3301,-30.0,-90.0,-90.23,1,stop_loss,21.54438,0.19974,2.10857,5.99263,tokyo,2022
USDJPY,-1,2022-08-31 22:00:00,2022-09-01 00:00:00,138.724,139.04167,139.04167,138.08865,0.3082,-31.8,-89.1,-89.32,2,stop_loss,12.72147,0.21178,0.96619,5.12611,,2022
USDJPY,-1,2022-09-01 03:00:00,2022-09-01 04:00:00,139.329,139.65093,139.65093,138.68514,0.3011,-32.2,-88.21,-88.44,1,stop_loss,15.32353,0.21462,3.30846,5.15551,tokyo,2022
USDJPY,1,2022-09-01 17:00:00,2022-09-01 21:00:00,139.502,140.2154,139.1453,140.2154,0.269,71.3,174.63,174.41,4,take_profit,24.91284,0.2378,2.3039,4.99327,new_york,2022
USDJPY,1,2022-09-02 01:00:00,2022-09-02 03:00:00,140.223,139.88329,139.88329,140.90243,0.2881,-34.0,-89.06,-89.29,2,stop_loss,41.1458,0.22648,4.1747,5.85946,tokyo,2022
USDJPY,1,2022-09-02 19:00:00,2022-09-05 05:00:00,140.051,140.292,139.64479,140.86342,0.2385,24.1,52.31,52.08,10,time_exit,27.1356,0.27081,1.04405,5.34598,new_york,2022
USDJPY,-1,2022-09-05 18:00:00,2022-09-06 04:00:00,140.558,140.411,140.82802,140.01797,0.361,14.7,48.29,48.06,10,time_exit,25.24003,0.18001,2.2877,7.81336,new_york,2022
USDJPY,-1,2022-09-06 10:00:00,2022-09-06 11:00:00,141.178,141.42894,141.42894,140.67612,0.3905,-25.1,-89.17,-89.4,1,stop_loss,26.32154,0.16729,4.79357,8.11398,london,2022
USDJPY,1,2022-09-09 02:00:00,2022-09-09 05:00:00,143.999,143.53127,143.53127,144.93447,0.2074,-46.8,-88.28,-88.5,3,stop_loss,18.02297,0.31182,1.16561,7.66822,tokyo,2022
USDJPY,-1,2022-09-09 16:00:00,2022-09-12 02:00:00,142.351,142.565,143.02299,141.00702,0.1429,-21.4,-27.83,-28.06,10,time_exit,30.83334,0.44799,-1.99641,4.01466,new_york,2022
USDJPY,1,2022-09-13 12:00:00,2022-09-13 15:00:00,142.252,141.84001,141.84001,143.07598,0.2324,-41.2,-87.13,-87.36,3,stop_loss_ambiguous,19.5819,0.27466,-1.57717,3.01055,london,2022
USDJPY,1,2022-09-14 21:00:00,2022-09-15 07:00:00,143.136,143.491,142.53357,144.34087,0.1573,35.5,50.82,50.59,10,time_exit,24.40029,0.40162,-0.54575,2.44772,new_york,2022
USDJPY,1,2022-09-15 10:00:00,2022-09-15 12:00:00,143.688,143.23536,143.23536,144.59329,0.2106,-45.3,-86.75,-86.97,2,stop_loss,17.22726,0.30176,1.19219,2.78524,london,2022
USDJPY,1,2022-09-15 19:00:00,2022-09-16 03:00:00,143.571,143.09356,143.09356,144.52588,0.1977,-47.7,-85.89,-86.12,8,stop_loss,12.89536,0.31829,0.67541,2.49145,new_york,2022
USDJPY,-1,2022-09-16 04:00:00,2022-09-16 05:00:00,143.001,143.37988,143.37988,142.24325,0.2466,-37.9,-85.02,-85.25,1,stop_loss,11.65808,0.25258,-1.42639,2.88426,tokyo,2022
USDJPY,-1,2022-09-16 19:00:00,2022-09-19 05:00:00,143.037,143.07,143.43053,142.24994,0.235,-3.3,-7.06,-7.28,10,time_exit,19.35606,0.26235,-1.06629,2.26685,new_york,2022
USDJPY,-1,2022-09-20 00:00:00,2022-09-20 10:00:00,143.201,143.48153,143.48153,142.63993,0.3294,-28.1,-84.09,-84.32,10,stop_loss,17.19681,0.18702,-0.31404,2.26536,tokyo,2022
USDJPY,1,2022-09-21 02:00:00,2022-09-21 10:00:00,143.65,143.40574,143.40574,144.13851,0.3745,-24.4,-83.24,-83.47,8,stop_loss,26.61946,0.16284,1.22447,2.77124,tokyo,2022
USDJPY,-1,2022-09-23 09:00:00,2022-09-23 11:00:00,142.149,142.87443,142.87443,140.69814,0.1248,-72.5,-82.39,-82.61,2,stop_loss,37.26584,0.48362,-1.734,-0.27033,london,2022
USDJPY,1,2022-09-23 19:00:00,2022-09-26 05:00:00,143.182,143.958,142.45459,144.63682,0.1233,77.6,87.07,86.84,10,time_exit,22.60442,0.48494,0.48813,-0.28921,new_york,2022
USDJPY,-1,2022-09-27 20:00:00,2022-09-28 06:00:00,144.813,144.704,145.17472,144.08956,0.2505,10.9,24.85,24.62,10,time_exit,15.02079,0.24115,2.64618,2.65606,new_york,2022
USDJPY,-1,2022-09-30 10:00:00,2022-09-30 17:00:00,144.48,144.75583,144.75583,143.92835,0.3295,-27.6,-82.71,-82.93,7,stop_loss,14.76254,0.18388,-0.14305,2.75351,london,2022
USDJPY,1,2022-10-03 21:00:00,2022-10-04 07:00:00,144.656,144.798,144.31615,145.3357,0.2647,14.2,34.2,33.98,10,time_exit,23.76266,0.22657,-0.20648,2.13438,new_york,2022
USDJPY,1,2022-10-05 23:00:00,2022-10-06 09:00:00,144.562,144.589,144.24208,145.20183,0.2824,2.7,6.94,6.71,10,time_exit,16.90779,0.21328,0.37416,0.78915,,2022
USDJPY,1,2022-10-07 13:00:00,2022-10-07 15:00:00,144.865,145.29188,144.65156,145.29188,0.4236,42.7,164.55,164.33,2,take_profit,16.64411,0.14229,0.52169,2.19882,london,2022
USDJPY,-1,2022-10-10 11:00:00,2022-10-10 17:00:00,145.428,145.62946,145.62946,145.02509,0.4578,-20.1,-83.93,-84.15,6,stop_loss,30.41901,0.1343,2.39913,3.47748,london,2022
USDJPY,1,2022-10-11 06:00:00,2022-10-11 11:00:00,145.707,145.52404,145.52404,146.07291,0.499,-18.3,-83.08,-83.31,5,stop_loss,23.07714,0.12197,2.50766,4.79804,tokyo,2022
USDJPY,1,2022-10-11 17:00:00,2022-10-11 18:00:00,145.751,145.54811,145.54811,146.15679,0.4455,-20.3,-82.25,-82.48,1,stop_loss,17.21416,0.13526,1.80907,4.40788,new_york,2022
USDJPY,1,2022-10-11 18:00:00,2022-10-11 19:00:00,145.737,145.53488,145.53488,146.14123,0.4427,-20.2,-81.42,-81.65,1,stop_loss,16.07765,0.13474,1.6236,4.43028,new_york,2022
USDJPY,1,2022-10-12 20:00:00,2022-10-12 21:00:00,146.951,146.68087,146.68087,147.49126,0.3279,-27.0,-80.6,-80.83,1,stop_loss,28.47306,0.18009,5.06538,4.55465,new_york,2022
USDJPY,-1,2022-10-14 01:00:00,2022-10-14 10:00:00,147.18,147.54898,147.54898,146.44204,0.2377,-36.9,-79.81,-80.04,9,stop_loss,12.53915,0.24599,1.88339,4.23826,tokyo,2022
USDJPY,1,2022-10-17 05:00:00,2022-10-17 15:00:00,148.61,148.691,148.25172,149.32656,0.2423,8.1,17.86,17.63,10,time_exit,40.90021,0.23885,3.90367,6.03565,tokyo,2022
USDJPY,1,2022-10-18 21:00:00,2022-10-19 07:00:00,149.23,149.298,148.90429,149.88141,0.2671,6.8,16.53,16.3,10,time_exit,23.45191,0.21714,2.3908,7.31437,new_york,2022
USDJPY,1,2022-10-21 01:00:00,2022-10-21 11:00:00,150.112,150.57558,149.88021,150.57558,0.3761,46.4,158.66,158.43,10,take_profit,21.67637,0.15453,2.66459,9.78255,tokyo,2022
USDJPY,-1,2022-10-21 14:00:00,2022-10-21 15:00:00,151.338,151.61318,151.61318,150.78763,0.3232,-27.5,-80.93,-81.16,1,stop_loss,25.91051,0.18346,7.16245,8.55131,london,2022
USDJPY,1,2022-10-24 11:00:00,2022-10-24 21:00:00,149.259,148.827,148.07257,151.63187,0.0742,-43.2,-29.17,-29.4,10,time_exit,37.46427,0.79096,-0.0846,1.00819,london,2022
USDJPY,1,2022-10-25 05:00:00,2022-10-25 15:00:00,148.943,148.775,148.31609,150.19681,0.1399,-16.8,-21.39,-21.62,10,time_exit,36.92997,0.41794,-0.49432,1.29865,tokyo,2022
USDJPY,1,2022-10-27 03:00:00,2022-10-27 08:00:00,146.082,145.65166,145.65166,146.94268,0.2033,-43.0,-79.61,-79.84,5,stop_loss,51.85835,0.28689,-5.24058,-2.29291,tokyo,2022
USDJPY,-1,2022-10-28 02:00:00,2022-10-28 03:00:00,146.132,146.62124,146.62124,145.15352,0.177,-48.9,-78.8,-79.03,1,stop_loss,28.01171,0.32616,-1.7823,-3.35332,tokyo,2022
USDJPY,1,2022-10-28 19:00:00,2022-10-31 05:00:00,147.681,148.05,147.07226,148.89849,0.1408,36.9,47.28,47.05,10,time_exit,24.56325,0.40583,1.93858,-1.93761,new_york,2022
USDJPY,-1,2022-10-31 12:00:00,2022-10-31 13:00:00,148.26,148.68956,148.68956,147.40087,0.2008,-43.0,-78.49,-78.72,1,stop_loss,24.46352,0.28638,3.08249,-1.14841,london,2022
USDJPY,-1,2022-10-31 20:00:00,2022-11-01 06:00:00,148.597,148.344,148.9944,147.80219,0.2148,25.3,49.45,49.23,10,time_exit,31.64625,0.26494,3.28892,-0.19376,new_york,2022
USDJPY,-1,2022-11-01 17:00:00,2022-11-01 18:00:00,147.472,147.96045,147.96045,146.49511,0.1759,-48.8,-78.19,-78.41,1,stop_loss,37.83701,0.32563,-1.34653,0.12767,new_york,2022
USDJPY,-1,2022-11-01 20:00:00,2022-11-02 06:00:00,148.173,147.476,148.71043,147.09814,0.1583,69.7,100.4,100.18,10,time_exit,31.61076,0.35829,0.74131,0.17026,new_york,2022
USDJPY,1,2022-11-07 01:00:00,2022-11-07 11:00:00,146.976,146.709,146.46601,147.99599,0.1689,-26.7,-41.04,-41.27,10,time_exit,38.90684,0.34,-1.75536,-0.47844,tokyo,2022
USDJPY,1,2022-11-08 08:00:00,2022-11-08 11:00:00,146.755,146.40957,146.40957,147.44585,0.2481,-34.5,-77.99,-78.21,3,stop_loss,24.0665,0.23028,-0.89786,-2.21393,tokyo,2022
USDJPY,1,2022-11-09 19:00:00,2022-11-10 05:00:00,146.155,146.101,145.66103,147.14294,0.1718,-5.4,-8.44,-8.67,10,time_exit,25.16878,0.32931,0.08854,-2.64896,new_york,2022
USDJPY,1,2022-11-11 18:00:00,2022-11-14 04:00:00,139.058,139.12,138.11731,140.93939,0.0901,6.2,5.08,4.86,10,time_exit,57.62647,0.62713,-5.79941,-4.48897,new_york,2022
USDJPY,-1,2022-11-15 00:00:00,2022-11-15 02:00:00,139.888,140.47471,140.47471,138.71459,0.1445,-58.7,-77.15,-77.38,2,stop_loss,21.26352,0.39114,-1.91667,-8.51394,tokyo,2022
USDJPY,1,2022-11-15 10:00:00,2022-11-15 15:00:00,139.338,138.76042,138.76042,140.49316,0.1454,-57.8,-76.42,-76.65,5,stop_loss,16.7401,0.38505,-3.03886,-8.12412,london,2022
USDJPY,1,2022-11-16 02:00:00,2022-11-16 12:00:00,138.96,139.364,138.2907,140.2986,0.1242,40.4,45.66,45.43,10,time_exit,36.14745,0.4462,-2.0748,-6.92339,tokyo,2022
USDJPY,1,2022-11-16 16:00:00,2022-11-17 02:00:00,139.771,139.464,139.10428,141.10443,0.1254,-30.7,-35.03,-35.26,10,time_exit,24.61273,0.44448,0.00406,-6.22838,new_york,2022
USDJPY,1,2022-11-17 03:00:00,2022-11-17 10:00:00,139.463,138.91676,138.91676,140.55549,0.1524,-54.6,-75.76,-75.98,7,stop_loss,14.08746,0.36416,-0.53645,-7.03541,tokyo,2022
USDJPY,-1,2022-11-17 16:00:00,2022-11-18 02:00:00,140.509,140.3,141.10307,139.32085,0.1387,20.9,26.38,26.15,10,time_exit,13.19675,0.39605,2.065,-5.61138,new_york,2022
USDJPY,-1,2022-11-18 07:00:00,2022-11-18 17:00:00,139.881,139.873,140.33376,138.97548,0.1826,0.8,1.33,1.1,10,time_exit,14.23502,0.30184,-0.11655,-5.83797,tokyo,2022
USDJPY,-1,2022-11-22 00:00:00,2022-11-22 10:00:00,142.104,141.701,142.49849,141.31502,0.2096,40.3,76.87,76.64,10,time_exit,38.83741,0.26299,4.60552,-1.90068,tokyo,2022
USDJPY,-1,2022-11-23 21:00:00,2022-11-24 03:00:00,139.865,138.92723,140.33388,138.92723,0.1782,93.8,152.07,151.84,6,take_profit,31.98524,0.31259,-3.66274,-1.02815,new_york,2022
USDJPY,1,2022-11-24 17:00:00,2022-11-25 03:00:00,138.112,138.767,137.62797,139.08006,0.176,65.5,104.9,104.68,10,time_exit,57.65759,0.32269,-5.12775,-3.43798,new_york,2022
USDJPY,-1,2022-11-25 09:00:00,2022-11-25 11:00:00,138.567,138.95904,138.95904,137.78292,0.2203,-39.2,-78.59,-78.82,2,stop_loss,32.91865,0.26136,-2.47636,-5.06896,london,2022
USDJPY,-1,2022-11-25 17:00:00,2022-11-28 03:00:00,139.297,138.69,139.76945,138.3521,0.1809,60.7,99.92,99.7,10,time_exit,29.9658,0.31497,0.23001,-3.85889,new_york,2022
USDJPY,1,2022-11-29 16:00:00,2022-11-30 02:00:00,138.594,138.636,138.04897,139.68406,0.1589,4.2,6.07,5.85,10,time_exit,16.76472,0.36335,-0.08173,-3.08207,new_york,2022
USDJPY,1,2022-11-30 19:00:00,2022-11-30 20:00:00,139.311,138.77938,138.77938,140.37424,0.163,-53.2,-78.86,-79.08,1,stop_loss,20.3012,0.35441,1.59427,-2.156,new_york,2022
USDJPY,1,2022-12-01 04:00:00,2022-12-01 09:00:00,136.78,136.11,136.11,138.11999,0.128,-67.0,-78.04,-78.27,5,stop_loss,26.33584,0.44666,-3.7566,-2.03673,tokyo,2022
USDJPY,1,2022-12-02 10:00:00,2022-12-02 11:00:00,134.642,134.13358,134.13358,135.65883,0.167,-50.8,-77.26,-77.49,1,stop_loss,60.4067,0.33894,-5.30423,-5.84312,london,2022
USDJPY,-1,2022-12-05 04:00:00,2022-12-05 09:00:00,134.266,134.89449,134.89449,133.00903,0.1338,-62.8,-76.52,-76.75,5,stop_loss,33.09491,0.41899,-2.8341,-5.54272,tokyo,2022
USDJPY,-1,2022-12-06 02:00:00,2022-12-06 04:00:00,136.584,137.0632,137.0632,135.6256,0.1737,-47.9,-75.75,-75.97,2,stop_loss,39.35415,0.31947,2.75255,-5.2087,tokyo,2022
USDJPY,1,2022-12-07 23:00:00,2022-12-08 09:00:00,136.438,136.71,135.95624,137.40153,0.171,27.2,42.33,42.1,10,time_exit,25.97065,0.32118,-0.79629,-1.5619,,2022
USDJPY,1,2022-12-09 01:00:00,2022-12-09 03:00:00,136.643,136.28887,136.28887,137.35126,0.2339,-35.4,-75.38,-75.6,2,stop_loss,13.75863,0.23609,-0.24167,-1.65806,tokyo,2022
USDJPY,1,2022-12-09 23:00:00,2022-12-12 09:00:00,136.692,136.696,136.20333,137.66934,0.1678,0.4,0.61,0.38,10,time_exit,21.90812,0.32578,0.74952,-1.44417,,2022
USDJPY,-1,2022-12-12 18:00:00,2022-12-12 21:00:00,137.401,137.8058,137.8058,136.5914,0.2026,-40.5,-74.63,-74.86,3,stop_loss,32.66527,0.26987,2.65606,-0.8357,new_york,2022
USDJPY,-1,2022-12-12 22:00:00,2022-12-13 08:00:00,137.77,137.623,138.16278,136.98443,0.2067,14.7,27.65,27.42,10,time_exit,38.86526,0.26186,3.58731,-0.43003,,2022
USDJPY,1,2022-12-13 22:00:00,2022-12-14 08:00:00,135.479,135.377,134.90604,136.62491,0.1422,-10.2,-13.2,-13.43,10,time_exit,41.32518,0.38197,-3.29371,-0.49383,,2022
USDJPY,-1,2022-12-21 20:00:00,2022-12-22 06:00:00,132.345,131.765,132.94627,131.14245,0.1353,58.0,71.41,71.18,10,time_exit,22.02891,0.40085,-1.67351,-5.35514,new_york,2022
USDJPY,-1,2022-12-22 20:00:00,2022-12-23 06:00:00,132.406,132.708,132.81948,131.57903,0.1986,-30.2,-54.58,-54.81,10,time_exit,18.7098,0.27566,-0.23334,-7.40895,new_york,2022
USDJPY,-1,2022-12-23 14:00:00,2022-12-23 16:00:00,132.711,133.02147,133.02147,132.09006,0.2626,-31.0,-74.19,-74.42,2,stop_loss,19.87383,0.20698,0.90145,-8.05011,london,2022
USDJPY,1,2022-12-23 21:00:00,2022-12-27 07:00:00,132.86,132.803,132.54375,133.4925,0.2552,-5.7,-13.24,-13.46,10,time_exit,27.51099,0.21083,1.21392,-7.09848,new_york,2022
USDJPY,1,2022-12-28 02:00:00,2022-12-28 04:00:00,133.487,134.02236,133.21932,134.02236,0.301,53.5,146.64,146.41,2,take_profit,33.49122,0.17845,2.52086,-4.64625,tokyo,2022
USDJPY,-1,2022-12-30 22:00:00,2023-01-02 08:00:00,130.977,130.951,131.46939,129.99222,0.1669,2.6,3.95,3.72,10,time_exit,50.48704,0.32826,-4.90407,-2.67564,,2022
USDJPY,1,2023-01-05 06:00:00,2023-01-05 15:00:00,132.351,133.46122,131.79589,133.46122,0.1481,111.0,149.63,149.4,9,take_profit,23.65854,0.37007,2.55305,-1.958,tokyo,2023
USDJPY,1,2023-01-06 04:00:00,2023-01-06 14:00:00,133.81,134.673,133.32584,134.77833,0.1732,86.3,136.02,135.79,10,time_exit,30.94745,0.32278,4.20976,0.37788,tokyo,2023
USDJPY,-1,2023-01-09 22:00:00,2023-01-10 02:00:00,131.569,132.10865,132.10865,130.4897,0.1582,-54.0,-77.69,-77.92,4,stop_loss,25.59857,0.35977,-2.10599,-0.20039,,2023
USDJPY,1,2023-01-11 01:00:00,2023-01-11 11:00:00,132.178,132.484,131.78515,132.9637,0.2151,30.6,59.9,59.67,10,time_exit,11.26989,0.2619,-0.04551,-0.6076,tokyo,2023
USDJPY,-1,2023-01-12 11:00:00,2023-01-12 13:00:00,131.696,130.8498,132.1191,130.8498,0.2013,84.6,155.01,154.78,2,take_profit,27.0902,0.28207,-1.54932,-0.52961,london,2023
USDJPY,-1,2023-01-12 19:00:00,2023-01-13 05:00:00,129.759,129.122,130.48978,128.29744,0.1188,63.7,68.86,68.64,10,time_exit,45.34203,0.48719,-3.88773,-0.99496,new_york,2023
USDJPY,-1,2023-01-13 05:00:00,2023-01-13 15:00:00,129.169,128.241,129.82556,127.85588,0.1334,92.8,112.65,112.43,10,time_exit,60.19535,0.43771,-3.82048,-2.32058,tokyo,2023
USDJPY,1,2023-01-16 17:00:00,2023-01-17 03:00:00,128.469,128.804,127.9291,129.5488,0.1646,33.5,50.18,49.95,10,time_exit,34.21879,0.35993,-0.83072,-5.46776,new_york,2023
USDJPY,-1,2023-01-17 15:00:00,2023-01-18 01:00:00,128.562,128.285,129.0562,127.57361,0.1809,27.7,45.6,45.37,10,time_exit,24.04052,0.32946,-0.44887,-4.91788,london,2023
USDJPY,1,2023-01-18 17:00:00,2023-01-19 03:00:00,128.138,128.577,127.2274,129.95919,0.0987,43.9,39.43,39.2,10,time_exit,23.76867,0.60706,-1.44302,-1.71281,new_york,2023
USDJPY,1,2023-01-24 16:00:00,2023-01-24 18:00:00,130.431,130.03135,130.03135,131.23031,0.226,-40.0,-82.19,-82.42,2,stop_loss,19.52308,0.26644,1.58521,0.88501,new_york,2023
USDJPY,1,2023-01-25 06:00:00,2023-01-25 11:00:00,130.512,130.12565,130.12565,131.28469,0.2314,-38.6,-81.35,-81.58,5,stop_loss,16.31117,0.25756,1.5419,1.08361,tokyo,2023
USDJPY,1,2023-01-25 22:00:00,2023-01-26 02:00:00,129.539,129.12086,129.12086,130.37529,0.2117,-41.8,-80.55,-80.78,4,stop_loss,20.61887,0.27876,-1.64287,0.54259,,2023
USDJPY,1,2023-01-26 10:00:00,2023-01-26 15:00:00,129.49,130.28495,129.09253,130.28495,0.2205,79.5,159.51,159.28,5,take_profit,23.92489,0.26498,-1.03251,-0.13377,london,2023
USDJPY,-1,2023-01-30 13:00:00,2023-01-30 16:00:00,129.869,130.27747,130.27747,129.05206,0.2188,-40.8,-81.33,-81.56,3,stop_loss,14.28648,0.27231,-0.04875,0.12857,london,2023
USDJPY,1,2023-01-31 02:00:00,2023-01-31 03:00:00,130.471,130.16536,130.16536,131.08228,0.2895,-30.6,-80.52,-80.75,1,stop_loss,19.43899,0.20376,2.00515,0.82488,tokyo,2023
USDJPY,1,2023-02-01 18:00:00,2023-02-01 21:00:00,129.254,128.89589,128.89589,129.97021,0.2446,-35.8,-79.71,-79.94,3,stop_loss,18.14508,0.23874,-3.13167,0.18775,new_york,2023
USDJPY,1,2023-02-02 11:00:00,2023-02-02 14:00:00,128.892,128.44627,128.44627,129.78345,0.1946,-44.6,-78.93,-79.16,3,stop_loss,36.33873,0.29715,-1.65086,-1.30157,london,2023
USDJPY,-1,2023-02-03 21:00:00,2023-02-06 00:00:00,131.113,131.63413,131.63413,130.07075,0.1647,-52.1,-78.1,-78.33,3,stop_loss,33.91791,0.34742,5.32918,-0.85743,new_york,2023
USDJPY,-1,2023-02-06 00:00:00,2023-02-06 01:00:00,132.448,131.55335,132.89533,131.55335,0.19,89.5,154.69,154.46,1,take_profit,40.95902,0.29822,5.74681,-0.44499,tokyo,2023
USDJPY,-1,2023-02-07 09:00:00,2023-02-07 17:00:00,132.104,131.3875,132.46225,131.3875,0.242,71.7,157.79,157.56,8,take_profit,33.89653,0.23883,2.25035,5.05078,london,2023
USDJPY,1,2023-02-07 18:00:00,2023-02-07 19:00:00,131.245,130.79481,130.79481,132.14537,0.1964,-45.0,-80.46,-80.69,1,stop_loss,25.29419,0.30012,-1.39415,3.9035,new_york,2023
USDJPY,1,2023-02-08 03:00:00,2023-02-08 13:00:00,130.859,130.854,130.36884,131.83933,0.1786,-0.5,-0.81,-1.04,10,time_exit,39.13225,0.32678,-1.89751,2.87193,tokyo,2023
USDJPY,1,2023-02-09 05:00:00,2023-02-09 07:00:00,131.432,131.07366,131.07366,132.14867,0.2442,-35.8,-79.63,-79.86,2,stop_loss,19.8439,0.23889,0.41684,2.67193,tokyo,2023
USDJPY,-1,2023-02-09 16:00:00,2023-02-09 17:00:00,130.401,130.83162,130.83162,129.53975,0.2012,-43.1,-78.84,-79.07,1,stop_loss,24.93446,0.28708,-2.8295,1.68829,new_york,2023
USDJPY,-1,2023-02-10 00:00:00,2023-02-10 09:00:00,131.554,130.74545,131.95828,130.74545,0.2122,80.9,156.13,155.91,9,take_profit,20.15613,0.26952,1.07074,1.70113,tokyo,2023
USDJPY,-1,2023-02-13 10:00:00,2023-02-13 11:00:00,132.131,132.5351,132.5351,131.3228,0.2165,-40.4,-79.61,-79.84,1,stop_loss,17.12086,0.2694,2.46347,1.84672,london,2023
USDJPY,1,2023-02-14 08:00:00,2023-02-14 15:00:00,131.88,131.54206,131.54206,132.55588,0.2563,-33.8,-78.82,-79.05,7,stop_loss_ambiguous,21.95229,0.22529,-0.48564,3.23103,tokyo,2023
USDJPY,1,2023-02-15 18:00:00,2023-02-16 02:00:00,134.274,133.84685,133.84685,135.12829,0.2007,-42.7,-78.01,-78.24,8,stop_loss,34.66381,0.28476,4.96258,3.86815,new_york,2023
USDJPY,-1,2023-02-20 20:00:00,2023-02-21 06:00:00,134.236,134.328,134.51722,133.67357,0.3018,-9.2,-25.27,-25.49,10,time_exit,14.74363,0.18748,0.42327,5.91471,new_york,2023
USDJPY,-1,2023-02-21 12:00:00,2023-02-21 15:00:00,134.585,134.86835,134.86835,134.01831,0.2986,-28.3,-76.99,-77.22,3,stop_loss,17.83255,0.1889,1.66508,5.43738,london,2023
USDJPY,1,2023-02-21 17:00:00,2023-02-21 18:00:00,135.154,134.84681,134.84681,135.76839,0.2726,-30.7,-76.2,-76.43,1,stop_loss,21.35618,0.2048,3.83818,5.11693,new_york,2023
USDJPY,-1,2023-02-22 20:00:00,2023-02-23 06:00:00,134.735,134.755,135.04975,134.1055,0.2634,-2.0,-4.79,-5.02,10,time_exit,19.74858,0.20983,0.45588,4.62561,new_york,2023
USDJPY,1,2023-02-24 02:00:00,2023-02-24 03:00:00,134.624,134.33338,134.33338,135.20524,0.2851,-29.1,-75.4,-75.63,1,stop_loss,15.6483,0.19375,-0.69677,4.07363,tokyo,2023
USDJPY,1,2023-02-27 16:00:00,2023-02-28 02:00:00,136.065,136.186,135.72174,136.75152,0.239,12.1,26.32,26.09,10,time_exit,33.25465,0.22884,1.34407,5.1817,new_york,2023
USDJPY,1,2023-02-28 02:00:00,2023-02-28 12:00:00,136.32,136.73,136.04345,136.87311,0.2976,41.0,111.03,110.81,10,time_exit,18.1548,0.18437,2.26388,6.36772,tokyo,2023
USDJPY,1,2023-02-28 22:00:00,2023-03-01 08:00:00,136.114,136.321,135.774,136.794,0.2457,20.7,46.28,46.06,10,time_exit,27.47544,0.22667,-0.21426,5.00072,,2023
USDJPY,-1,2023-03-01 16:00:00,2023-03-01 17:00:00,135.746,136.10923,136.10923,135.01954,0.2314,-36.3,-76.49,-76.71,1,stop_loss,26.02268,0.24215,-1.41577,3.66872,new_york,2023
USDJPY,1,2023-03-02 08:00:00,2023-03-02 10:00:00,136.631,136.31334,136.31334,137.26632,0.2619,-31.8,-75.71,-75.93,2,stop_loss,17.11253,0.21177,2.23541,3.82418,tokyo,2023
USDJPY,1,2023-03-02 14:00:00,2023-03-03 00:00:00,136.613,136.716,136.25318,137.33264,0.2289,10.3,21.45,21.23,10,time_exit,18.39173,0.23988,1.49613,3.4656,london,2023
USDJPY,1,2023-03-03 02:00:00,2023-03-03 08:00:00,136.718,136.36989,136.36989,137.41422,0.2373,-34.8,-75.17,-75.4,6,stop_loss,15.21024,0.23207,1.16926,3.77375,tokyo,2023
USDJPY,-1,2023-03-06 02:00:00,2023-03-06 05:00:00,136.018,135.37254,136.34073,135.37254,0.2533,64.5,148.78,148.55,3,take_profit,27.56572,0.21515,-1.19174,2.61255,tokyo,2023
USDJPY,1,2023-03-08 18:00:00,2023-03-09 04:00:00,136.881,137.072,136.48092,137.68116,0.2084,19.1,36.22,35.99,10,time_exit,34.89738,0.26672,0.1961,2.66551,new_york,2023
USDJPY,1,2023-03-09 06:00:00,2023-03-09 09:00:00,136.936,136.58967,136.58967,137.62866,0.2419,-34.6,-76.24,-76.46,3,stop_loss,27.34622,0.23089,-0.07517,3.10986,tokyo,2023
USDJPY,-1,2023-03-09 13:00:00,2023-03-09 23:00:00,136.122,136.147,136.52009,135.32583,0.2084,-2.5,-4.74,-4.97,10,time_exit,38.66958,0.26539,-2.73653,2.23229,london,2023
USDJPY,1,2023-03-10 02:00:00,2023-03-10 03:00:00,136.37,136.01549,136.01549,137.07902,0.2338,-35.5,-75.42,-75.65,1,stop_loss,46.77866,0.23634,-0.94025,1.43383,tokyo,2023
USDJPY,-1,2023-03-10 11:00:00,2023-03-10 16:00:00,136.626,135.6114,137.1333,135.6114,0.1618,101.5,149.39,149.16,5,take_profit,33.33863,0.3382,0.19331,0.84605,london,2023
USDJPY,-1,2023-03-14 08:00:00,2023-03-14 15:00:00,133.866,134.50664,134.50664,132.58472,0.1307,-64.1,-76.2,-76.42,7,stop_loss,29.43281,0.42709,-0.93519,-2.8526,tokyo,2023
USDJPY,-1,2023-03-15 16:00:00,2023-03-15 21:00:00,132.674,133.34334,133.34334,131.33531,0.1238,-66.9,-75.41,-75.63,5,stop_loss,19.99627,0.44623,-3.43667,-2.0806,new_york,2023
USDJPY,-1,2023-03-15 23:00:00,2023-03-16 09:00:00,133.205,132.817,133.97906,131.65689,0.106,38.8,37.43,37.2,10,time_exit,25.77618,0.51604,-1.3794,-2.08207,,2023
USDJPY,-1,2023-03-16 15:00:00,2023-03-16 19:00:00,132.607,133.22135,133.22135,131.3783,0.1342,-61.4,-75.03,-75.25,4,stop_loss,26.47719,0.40957,-2.06935,-3.00796,london,2023
USDJPY,-1,2023-03-17 18:00:00,2023-03-20 04:00:00,132.076,132.34,132.67962,130.86876,0.1352,-26.4,-32.48,-32.71,10,time_exit,22.24762,0.40241,-2.66974,-2.83872,new_york,2023
USDJPY,1,2023-03-20 14:00:00,2023-03-21 00:00:00,131.285,131.304,130.6281,132.59881,0.1237,1.9,2.14,1.91,10,time_exit,36.16498,0.43794,-2.50229,-3.34337,london,2023
USDJPY,-1,2023-03-22 04:00:00,2023-03-22 14:00:00,132.527,132.92943,132.92943,131.72213,0.202,-40.2,-73.98,-74.2,10,stop_loss,18.49166,0.26829,1.65281,-4.22963,tokyo,2023
USDJPY,-1,2023-03-22 22:00:00,2023-03-23 08:00:00,131.406,130.786,131.91753,130.38294,0.1573,62.0,88.75,88.52,10,time_exit,22.41323,0.34102,-2.58097,-2.36873,,2023
USDJPY,-1,2023-03-24 03:00:00,2023-03-24 12:00:00,130.869,129.91425,131.34638,129.91425,0.1706,95.5,148.22,147.99,9,take_profit,27.25241,0.31825,-1.61346,-3.73828,tokyo,2023
USDJPY,1,2023-03-27 15:00:00,2023-03-28 01:00:00,131.465,131.466,131.00774,132.37951,0.1816,0.1,0.17,-0.06,10,time_exit,23.07602,0.30484,1.81389,-3.54055,london,2023
USDJPY,1,2023-03-28 07:00:00,2023-03-28 17:00:00,130.582,130.988,130.20841,131.32917,0.2223,40.6,82.13,81.9,10,time_exit,31.10649,0.24906,-2.00268,-3.2566,tokyo,2023
USDJPY,-1,2023-03-28 17:00:00,2023-03-29 03:00:00,130.932,131.35611,131.35611,130.08378,0.198,-42.4,-76.42,-76.64,10,stop_loss,20.99847,0.28274,-0.27854,-2.77137,new_york,2023
USDJPY,1,2023-03-29 05:00:00,2023-03-29 15:00:00,131.476,132.24655,131.09072,132.24655,0.2157,77.1,151.25,151.02,10,take_profit,16.5118,0.25685,1.87137,-2.72792,tokyo,2023
USDJPY,1,2023-03-29 17:00:00,2023-03-30 03:00:00,132.369,132.647,131.9459,133.2152,0.2004,27.8,50.7,50.47,10,time_exit,25.14644,0.28207,3.52823,-1.25791,new_york,2023
USDJPY,1,2023-04-03 08:00:00,2023-04-03 14:00:00,133.47,133.05227,133.05227,134.30545,0.2043,-41.8,-77.66,-77.89,6,stop_loss,15.36159,0.27848,2.17579,2.13195,tokyo,2023
USDJPY,1,2023-04-03 22:00:00,2023-04-04 08:00:00,132.36,132.881,131.94902,133.18196,0.2055,52.1,97.43,97.2,10,time_exit,21.73814,0.27399,-1.88649,1.8882,,2023
USDJPY,-1,2023-04-05 02:00:00,2023-04-05 12:00:00,131.687,131.636,132.04832,130.96436,0.2367,5.1,10.99,10.76,10,time_exit,26.74296,0.24088,-3.22038,0.43999,tokyo,2023
USDJPY,-1,2023-04-06 03:00:00,2023-04-06 08:00:00,130.936,131.29785,131.29785,130.2123,0.2367,-36.2,-77.94,-78.17,5,stop_loss,35.30121,0.24123,-3.25595,-1.67326,tokyo,2023
USDJPY,-1,2023-04-06 18:00:00,2023-04-07 04:00:00,131.754,131.617,132.14872,130.96456,0.2148,13.7,26.78,26.55,10,time_exit,21.45965,0.26315,0.66539,-1.68143,new_york,2023
USDJPY,1,2023-04-11 03:00:00,2023-04-11 10:00:00,133.472,133.18301,133.18301,134.04998,0.2945,-28.9,-77.45,-77.68,7,stop_loss,34.79904,0.19266,4.20514,2.28408,tokyo,2023
USDJPY,-1,2023-04-12 07:00:00,2023-04-12 15:00:00,133.846,133.2807,134.12865,133.2807,0.298,56.5,153.3,153.07,8,take_profit,33.01771,0.18843,3.16667,3.80619,tokyo,2023
USDJPY,-1,2023-04-13 00:00:00,2023-04-13 10:00:00,133.121,133.022,133.50013,132.36273,0.2266,9.9,20.41,20.19,10,time_exit,32.54419,0.25276,-0.76946,2.603,tokyo,2023
USDJPY,-1,2023-04-14 18:00:00,2023-04-17 01:00:00,133.462,133.87922,133.87922,132.62757,0.2065,-41.7,-78.4,-78.63,7,stop_loss,32.69109,0.27814,2.26411,0.45137,new_york,2023
USDJPY,-1,2023-04-17 09:00:00,2023-04-17 16:00:00,133.95,134.28486,134.28486,133.28029,0.2547,-33.5,-77.61,-77.84,7,stop_loss,38.63603,0.22324,2.86441,1.95341,london,2023
USDJPY,-1,2023-04-18 04:00:00,2023-04-18 14:00:00,134.387,133.86982,134.64559,133.86982,0.3265,51.7,153.66,153.44,10,take_profit,37.4583,0.17239,3.16422,4.22955,tokyo,2023
USDJPY,1,2023-04-18 20:00:00,2023-04-19 06:00:00,134.09,134.296,133.79789,134.67422,0.2948,20.6,55.26,55.04,10,time_exit,22.85991,0.19474,0.4222,3.76518,new_york,2023
USDJPY,-1,2023-04-19 08:00:00,2023-04-19 09:00:00,134.323,134.54827,134.54827,133.87247,0.3849,-22.5,-78.9,-79.13,1,stop_loss,19.5557,0.15018,1.71465,4.59795,tokyo,2023
USDJPY,-1,2023-04-19 13:00:00,2023-04-19 23:00:00,134.791,134.712,135.0739,134.22519,0.3034,7.9,21.81,21.58,10,time_exit,29.51454,0.1886,3.23498,3.9313,london,2023
USDJPY,-1,2023-04-20 17:00:00,2023-04-21 03:00:00,134.266,134.143,134.5859,133.62621,0.2691,12.3,30.12,29.89,10,time_exit,21.24629,0.21326,-1.05166,3.53552,new_york,2023
USDJPY,1,2023-04-21 08:00:00,2023-04-21 15:00:00,133.88,133.60826,133.60826,134.42347,0.318,-27.2,-78.64,-78.86,7,stop_loss,24.15865,0.18116,-2.36748,2.87977,tokyo,2023
USDJPY,1,2023-04-24 16:00:00,2023-04-25 01:00:00,134.505,134.20423,134.20423,135.10654,0.2844,-30.1,-77.84,-78.07,9,stop_loss,13.88128,0.20051,1.31561,1.75063,new_york,2023
USDJPY,-1,2023-04-25 05:00:00,2023-04-25 15:00:00,134.254,133.917,134.51078,133.74045,0.3298,33.7,101.14,100.91,10,time_exit,13.39676,0.17118,-0.03588,1.874,tokyo,2023
USDJPY,1,2023-04-26 02:00:00,2023-04-26 12:00:00,133.713,133.433,133.37564,134.38772,0.2543,-28.0,-64.8,-65.02,10,time_exit,20.82901,0.22491,-1.50543,0.52887,tokyo,2023
USDJPY,1,2023-04-27 05:00:00,2023-04-27 15:00:00,133.568,133.22238,133.22238,134.25924,0.2462,-34.6,-77.43,-77.66,10,stop_loss,14.92211,0.23041,-0.80881,-0.50393,tokyo,2023
USDJPY,1,2023-04-28 13:00:00,2023-04-28 23:00:00,136.154,136.279,135.55025,137.3615,0.1395,12.5,15.87,15.64,10,time_exit,20.44529,0.4025,4.8601,0.61193,london,2023
USDJPY,1,2023-05-01 07:00:00,2023-05-01 17:00:00,136.881,137.278,136.46113,137.72074,0.201,39.7,72.62,72.39,10,time_exit,41.55681,0.27991,5.61793,3.44386,tokyo,2023
USDJPY,1,2023-05-01 21:00:00,2023-05-02 07:00:00,137.392,137.681,137.06723,138.04154,0.2623,28.9,68.98,68.75,10,time_exit,44.94815,0.21651,6.27269,6.20566,new_york,2023
USDJPY,-1,2023-05-03 03:00:00,2023-05-03 10:00:00,136.472,135.7937,136.81115,135.7937,0.2534,67.8,156.41,156.18,7,take_profit,37.48505,0.2261,-1.14587,6.24219,tokyo,2023
USDJPY,-1,2023-05-03 11:00:00,2023-05-03 17:00:00,135.802,135.13861,136.1337,135.13861,0.2643,66.3,159.56,159.33,6,take_profit,43.05587,0.22113,-3.33973,5.24574,london,2023
USDJPY,-1,2023-05-03 19:00:00,2023-05-04 01:00:00,135.316,134.53414,135.70693,134.53414,0.2287,78.2,162.72,162.49,6,take_profit,46.19638,0.26062,-3.52696,3.27418,new_york,2023
USDJPY,-1,2023-05-05 10:00:00,2023-05-05 15:00:00,134.069,134.40831,134.40831,133.39038,0.2688,-33.9,-83.0,-83.23,5,stop_loss,30.4817,0.22621,-2.74898,-1.61839,london,2023
USDJPY,-1,2023-05-05 20:00:00,2023-05-08 01:00:00,134.667,135.05277,135.05277,133.89546,0.234,-38.6,-82.15,-82.37,5,stop_loss,28.21893,0.25718,0.09505,-1.41817,new_york,2023
USDJPY,-1,2023-05-08 08:00:00,2023-05-08 11:00:00,134.744,135.04575,135.04575,134.14051,0.2962,-30.2,-81.33,-81.56,3,stop_loss,27.44465,0.20116,0.05591,-1.28564,tokyo,2023
USDJPY,-1,2023-05-08 18:00:00,2023-05-08 21:00:00,134.868,135.15771,135.15771,134.28858,0.3054,-29.0,-80.51,-80.74,3,stop_loss,25.22548,0.19314,0.27612,-0.92633,new_york,2023
USDJPY,1,2023-05-09 11:00:00,2023-05-09 16:00:00,134.798,135.34527,134.52437,135.34527,0.3201,54.7,159.41,159.19,5,take_profit,16.68078,0.18242,-0.52617,-0.51074,london,2023
USDJPY,-1,2023-05-10 13:00:00,2023-05-10 15:00:00,135.192,134.71892,135.42854,134.71892,0.3777,47.3,162.6,162.37,2,take_profit,20.44493,0.15769,0.69463,0.34036,london,2023
USDJPY,1,2023-05-10 19:00:00,2023-05-10 20:00:00,134.527,134.17387,134.17387,135.23327,0.2581,-35.3,-82.94,-83.17,1,stop_loss,25.35633,0.23542,-2.00853,-0.04406,new_york,2023
USDJPY,1,2023-05-11 16:00:00,2023-05-12 02:00:00,133.839,134.492,133.44001,134.63698,0.2261,65.3,134.36,134.13,10,time_exit,31.18622,0.26599,-2.87416,-1.02566,new_york,2023
USDJPY,1,2023-05-15 08:00:00,2023-05-15 10:00:00,136.09,135.82684,135.82684,136.61632,0.3484,-26.3,-83.43,-83.66,2,stop_loss,41.84604,0.17544,5.26687,1.18965,tokyo,2023
USDJPY,-1,2023-05-15 13:00:00,2023-05-15 23:00:00,136.183,136.108,136.4591,135.63081,0.3288,7.5,22.44,22.21,10,time_exit,44.64369,0.18406,4.63303,1.75483,london,2023
USDJPY,-1,2023-05-16 22:00:00,2023-05-17 08:00:00,136.322,136.59857,136.59857,135.76885,0.3291,-27.7,-82.83,-83.06,10,stop_loss,25.96763,0.18438,2.2953,3.20294,,2023
USDJPY,-1,2023-05-17 09:00:00,2023-05-17 11:00:00,136.792,137.01961,137.01961,136.33678,0.3959,-22.8,-82.0,-82.23,2,stop_loss,23.5557,0.15174,4.52531,4.45172,london,2023
USDJPY,1,2023-05-22 16:00:00,2023-05-22 17:00:00,138.42,138.08371,138.08371,139.09258,0.2653,-33.6,-81.19,-81.42,1,stop_loss,24.08802,0.22419,2.20979,4.98247,new_york,2023
USDJPY,-1,2023-05-24 03:00:00,2023-05-24 13:00:00,138.61,138.504,138.91983,137.99034,0.285,10.6,27.49,27.26,10,time_exit,11.03483,0.20655,1.01247,5.21413,tokyo,2023
USDJPY,1,2023-05-24 19:00:00,2023-05-25 05:00:00,139.147,139.589,138.81706,139.80688,0.2686,44.2,108.04,107.81,10,time_exit,13.92753,0.21996,2.89885,4.51766,new_york,2023
USDJPY,1,2023-05-26 09:00:00,2023-05-26 15:00:00,139.703,140.25834,139.42533,140.25834,0.3234,55.5,163.43,163.21,6,take_profit,11.24916,0.18511,1.26361,6.87152,london,2023
USDJPY,1,2023-05-30 23:00:00,2023-05-31 08:00:00,139.761,139.39081,139.39081,140.50138,0.2474,-37.0,-83.34,-83.57,9,stop_loss,12.56891,0.24679,-1.38819,3.90052,,2023
USDJPY,1,2023-05-31 14:00:00,2023-05-31 15:00:00,139.988,139.64304,139.64304,140.67793,0.2628,-34.5,-82.5,-82.72,1,stop_loss,11.44165,0.22998,0.15564,3.15589,london,2023
USDJPY,1,2023-06-01 23:00:00,2023-06-02 09:00:00,138.799,138.858,138.41751,139.56199,0.2353,5.9,12.63,12.41,10,time_exit,16.39223,0.25433,-2.59891,0.78847,,2023
USDJPY,1,2023-06-07 03:00:00,2023-06-07 04:00:00,139.524,139.2855,139.2855,140.001,0.3769,-23.8,-81.8,-82.03,1,stop_loss,17.41256,0.159,-0.67145,1.16854,tokyo,2023
USDJPY,-1,2023-06-07 05:00:00,2023-06-07 15:00:00,139.333,139.57825,139.57825,138.8425,0.3629,-24.5,-80.99,-81.22,10,stop_loss,18.94532,0.1635,-1.69173,1.01773,tokyo,2023
USDJPY,1,2023-06-07 15:00:00,2023-06-07 16:00:00,139.373,139.11944,139.11944,139.88012,0.3475,-25.4,-80.18,-80.41,1,stop_loss,23.10061,0.16904,-0.81075,0.47429,london,2023
USDJPY,-1,2023-06-07 16:00:00,2023-06-07 18:00:00,139.552,139.81552,139.81552,139.02496,0.331,-26.4,-79.38,-79.6,2,stop_loss,21.8304,0.17568,0.24036,0.45914,new_york,2023
USDJPY,-1,2023-06-13 05:00:00,2023-06-13 15:00:00,139.544,139.79593,139.79593,139.04015,0.3427,-25.2,-78.56,-78.79,10,stop_loss_ambiguous,8.00551,0.16795,0.37138,0.12975,tokyo,2023
USDJPY,1,2023-06-13 17:00:00,2023-06-14 03:00:00,139.757,140.036,139.3868,140.4974,0.2309,27.9,58.62,58.4,10,time_exit,11.05997,0.2468,1.09759,0.09771,new_york,2023
USDJPY,1,2023-06-14 04:00:00,2023-06-14 14:00:00,140.034,139.978,139.7328,140.6364,0.2859,-5.6,-14.57,-14.8,10,time_exit,14.07013,0.2008,1.62197,0.89708,tokyo,2023
USDJPY,1,2023-06-14 16:00:00,2023-06-14 17:00:00,139.693,139.41445,139.41445,140.25009,0.3086,-27.9,-78.22,-78.45,1,stop_loss,12.91422,0.1857,-0.66243,1.25937,new_york,2023
USDJPY,-1,2023-06-15 03:00:00,2023-06-15 04:00:00,139.968,140.29049,140.29049,139.32301,0.2639,-32.2,-77.45,-77.67,1,stop_loss,23.35822,0.215,0.82543,0.89896,tokyo,2023
USDJPY,1,2023-06-15 09:00:00,2023-06-15 15:00:00,141.233,140.84387,140.84387,142.01127,0.2165,-38.9,-76.67,-76.89,6,stop_loss,35.82598,0.25942,4.47323,1.43595,london,2023
USDJPY,-1,2023-06-20 18:00:00,2023-06-21 03:00:00,141.33,141.69793,141.69793,140.59415,0.2267,-36.8,-75.9,-76.13,9,stop_loss,15.97075,0.24528,-1.06976,3.76101,new_york,2023
USDJPY,-1,2023-06-21 10:00:00,2023-06-21 16:00:00,141.974,142.26983,142.26983,141.38234,0.2791,-29.6,-75.13,-75.36,6,stop_loss,17.62687,0.19722,2.01001,3.94141,london,2023
USDJPY,-1,2023-06-21 19:00:00,2023-06-22 05:00:00,142.089,141.68,142.44012,141.38676,0.2328,40.9,86.65,86.42,10,time_exit,28.82061,0.23408,1.64788,3.42332,new_york,2023
USDJPY,-1,2023-06-23 22:00:00,2023-06-26 08:00:00,143.802,143.353,144.17531,143.05538,0.2215,44.9,90.5,90.28,10,time_exit,24.96365,0.24887,3.91105,4.8006,,2023
USDJPY,1,2023-06-28 13:00:00,2023-06-28 17:00:00,144.032,144.60551,143.74524,144.60551,0.2918,57.4,152.29,152.06,4,take_profit,17.93596,0.19117,1.67239,5.88766,london,2023
USDJPY,-1,2023-06-28 19:00:00,2023-06-29 05:00:00,144.23,144.371,144.56432,143.56136,0.2553,-14.1,-32.76,-32.99,10,time_exit,23.73654,0.22288,1.73206,5.1735,new_york,2023
USDJPY,-1,2023-07-04 02:00:00,2023-07-04 12:00:00,144.668,144.425,144.91594,144.17211,0.3427,24.3,75.78,75.55,10,time_exit,18.2761,0.1653,0.61946,5.12363,tokyo,2023
USDJPY,1,2023-07-07 00:00:00,2023-07-07 08:00:00,144.044,143.70285,143.70285,144.7263,0.2515,-34.1,-78.08,-78.31,8,stop_loss,19.54888,0.22743,-0.89643,1.03265,tokyo,2023
USDJPY,-1,2023-07-07 18:00:00,2023-07-10 04:00:00,142.227,142.505,142.75012,141.18076,0.1624,-27.8,-41.08,-41.31,10,time_exit,33.52543,0.34875,-4.56141,-0.35212,new_york,2023
USDJPY,1,2023-07-10 13:00:00,2023-07-10 15:00:00,142.492,142.10582,142.10582,143.26436,0.2188,-38.6,-76.89,-77.12,2,stop_loss,29.46081,0.25745,-2.24049,-2.33069,london,2023
USDJPY,-1,2023-07-10 21:00:00,2023-07-11 07:00:00,141.365,140.758,141.78505,140.52491,0.1991,60.7,109.98,109.75,10,time_exit,36.13197,0.28003,-4.86201,-2.86411,new_york,2023
USDJPY,-1,2023-07-11 19:00:00,2023-07-12 03:00:00,140.518,139.6659,140.94405,139.6659,0.1992,85.2,154.46,154.23,8,take_profit,43.14425,0.28403,-3.72118,-4.97194,new_york,2023
USDJPY,-1,2023-07-13 04:00:00,2023-07-13 14:00:00,138.545,138.495,138.94498,137.74503,0.2164,5.0,9.85,9.62,10,time_exit,60.0809,0.26666,-4.46336,-8.27842,tokyo,2023
USDJPY,1,2023-07-14 12:00:00,2023-07-14 22:00:00,138.316,138.895,137.87651,139.19499,0.1972,57.9,103.9,103.68,10,time_exit,31.02368,0.293,-0.80182,-8.03453,london,2023
USDJPY,1,2023-07-17 10:00:00,2023-07-17 12:00:00,138.464,138.12666,138.12666,139.13868,0.2603,-33.7,-79.91,-80.13,2,stop_loss,17.65021,0.22489,-0.63324,-8.25439,london,2023
USDJPY,1,2023-07-18 16:00:00,2023-07-18 17:00:00,138.104,138.91,137.701,138.91,0.2157,80.6,158.21,157.98,1,take_profit,15.91074,0.26867,-1.61624,-5.30908,new_york,2023
USDJPY,-1,2023-07-18 22:00:00,2023-07-19 05:00:00,138.836,139.32122,139.32122,137.86557,0.1827,-48.5,-80.67,-80.9,7,stop_loss,12.59563,0.32348,0.7072,-4.00135,,2023
USDJPY,-1,2023-07-19 13:00:00,2023-07-19 23:00:00,139.82,139.67,140.22342,139.01317,0.2175,15.0,29.69,29.46,10,time_exit,25.42067,0.26894,3.39282,-3.35029,london,2023
USDJPY,1,2023-07-21 14:00:00,2023-07-21 15:00:00,141.79,141.31555,141.31555,142.73889,0.1857,-47.4,-80.18,-80.4,1,stop_loss,32.55032,0.3163,5.56723,0.45511,london,2023
USDJPY,1,2023-07-21 21:00:00,2023-07-24 07:00:00,141.717,141.46,141.26909,142.61281,0.1947,-25.7,-45.53,-45.76,10,time_exit,37.68691,0.2986,4.31119,1.41777,new_york,2023
USDJPY,-1,2023-07-24 17:00:00,2023-07-24 23:00:00,141.156,141.54562,141.54562,140.37676,0.2225,-39.0,-78.89,-79.12,6,stop_loss,25.19827,0.25975,0.69592,2.71977,new_york,2023
USDJPY,-1,2023-07-26 07:00:00,2023-07-26 11:00:00,140.984,140.42065,141.26567,140.42065,0.3047,56.3,156.2,155.98,4,take_profit,11.51268,0.18778,-0.80017,2.98473,tokyo,2023
USDJPY,1,2023-07-27 00:00:00,2023-07-27 04:00:00,140.236,139.85192,139.85192,141.00416,0.2279,-38.4,-79.65,-79.88,4,stop_loss,23.90604,0.25605,-2.10993,0.90027,tokyo,2023
USDJPY,1,2023-07-27 05:00:00,2023-07-27 15:00:00,139.776,140.59511,139.36644,140.59511,0.2116,81.9,157.73,157.5,10,take_profit,23.53236,0.27304,-3.3214,0.53058,tokyo,2023
USDJPY,-1,2023-07-27 15:00:00,2023-07-27 16:00:00,140.128,140.52444,140.52444,139.33511,0.223,-39.6,-80.45,-80.68,1,stop_loss,23.11798,0.2643,-1.27847,-0.08746,london,2023
USDJPY,1,2023-07-27 21:00:00,2023-07-27 22:00:00,139.464,138.8466,138.8466,140.69881,0.1417,-61.7,-79.61,-79.84,1,stop_loss,25.20491,0.4116,-2.55807,0.03339,new_york,2023
USDJPY,-1,2023-07-27 23:00:00,2023-07-28 06:00:00,139.067,139.71047,139.71047,137.78006,0.1346,-64.3,-78.82,-79.04,7,stop_loss,26.73531,0.42898,-3.14478,-0.14327,,2023
USDJPY,1,2023-07-28 19:00:00,2023-07-31 05:00:00,140.714,141.727,139.76593,142.61015,0.0905,101.3,83.43,83.2,10,time_exit,20.63547,0.63205,1.18465,-0.53117,new_york,2023
USDJPY,-1,2023-08-01 17:00:00,2023-08-02 03:00:00,143.259,143.086,143.60811,142.56078,0.2483,17.3,39.09,38.86,10,time_exit,48.34307,0.23274,5.41174,4.35023,new_york,2023
USDJPY,1,2023-08-02 13:00:00,2023-08-02 17:00:00,142.646,143.46556,142.23622,143.46556,0.2126,82.0,158.56,158.33,4,take_profit,28.85924,0.27319,0.34884,4.33617,london,2023
USDJPY,-1,2023-08-03 05:00:00,2023-08-03 07:00:00,143.276,143.59836,143.59836,142.63127,0.2756,-32.2,-80.85,-81.08,2,stop_loss,14.14628,0.21491,1.86444,5.74214,tokyo,2023
USDJPY,-1,2023-08-03 08:00:00,2023-08-03 10:00:00,143.689,143.01602,144.02549,143.01602,0.2614,67.3,160.08,159.86,2,take_profit,14.31453,0.22433,3.37826,5.54274,tokyo,2023
USDJPY,-1,2023-08-03 18:00:00,2023-08-03 22:00:00,142.297,142.74996,142.74996,141.39109,0.1981,-45.3,-81.65,-81.88,4,stop_loss,16.86856,0.30197,-2.09594,3.70266,new_york,2023
USDJPY,-1,2023-08-07 23:00:00,2023-08-08 03:00:00,142.482,142.77531,142.77531,141.89539,0.3028,-29.3,-80.82,-81.05,4,stop_loss,15.9291,0.19554,0.83606,1.6406,,2023
USDJPY,1,2023-08-09 00:00:00,2023-08-09 09:00:00,143.366,143.05987,143.05987,143.97825,0.2872,-30.6,-80.01,-80.23,9,stop_loss,28.2678,0.20408,2.67507,2.94181,tokyo,2023
USDJPY,1,2023-08-14 23:00:00,2023-08-15 09:00:00,145.457,145.723,145.19089,145.98923,0.3271,26.6,79.18,78.95,10,time_exit,22.90902,0.17741,3.40067,6.89612,,2023
USDJPY,1,2023-08-15 14:00:00,2023-08-15 16:00:00,145.543,145.2867,145.2867,146.0556,0.343,-25.6,-80.0,-80.23,2,stop_loss,27.70831,0.17087,2.17086,7.44791,london,2023
USDJPY,1,2023-08-16 14:00:00,2023-08-16 20:00:00,145.612,146.06251,145.38675,146.06251,0.3863,45.1,158.37,158.14,6,take_profit,12.91998,0.15017,1.54736,7.58182,london,2023
USDJPY,-1,2023-08-18 03:00:00,2023-08-18 13:00:00,145.708,145.484,145.99758,145.12884,0.3065,22.4,62.48,62.25,10,time_exit,26.73859,0.19305,-0.99223,5.65491,tokyo,2023
USDJPY,1,2023-08-21 05:00:00,2023-08-21 15:00:00,145.544,146.092,145.22272,146.18655,0.2784,54.8,138.83,138.61,10,time_exit,22.66548,0.21418,-0.02902,2.85489,tokyo,2023
USDJPY,1,2023-08-21 16:00:00,2023-08-22 02:00:00,146.092,146.251,145.7825,146.71099,0.2939,15.9,42.52,42.3,10,time_exit,23.83195,0.20633,2.46672,2.78197,new_york,2023
USDJPY,-1,2023-08-22 14:00:00,2023-08-22 15:00:00,145.699,145.96841,145.96841,145.16018,0.3394,-26.9,-83.21,-83.44,1,stop_loss,26.79884,0.17961,-0.76757,3.45889,london,2023
USDJPY,1,2023-08-22 19:00:00,2023-08-23 05:00:00,145.798,145.682,145.50977,146.37446,0.314,-11.6,-33.15,-33.37,10,time_exit,20.62186,0.19215,-0.24973,3.11379,new_york,2023
USDJPY,1,2023-08-23 06:00:00,2023-08-23 10:00:00,145.684,145.45875,145.45875,146.1345,0.4002,-22.5,-82.03,-82.26,4,stop_loss,16.88643,0.15017,-0.92911,3.44931,tokyo,2023
USDJPY,1,2023-08-23 14:00:00,2023-08-23 16:00:00,145.448,145.19789,145.19789,145.94823,0.3568,-25.0,-81.21,-81.44,2,stop_loss,25.34892,0.16674,-1.77628,2.51782,london,2023
USDJPY,-1,2023-08-23 17:00:00,2023-08-24 03:00:00,144.756,144.794,145.08563,144.09674,0.268,-3.8,-9.27,-9.49,10,time_exit,28.3207,0.21975,-4.20418,1.65374,new_york,2023
USDJPY,1,2023-08-24 04:00:00,2023-08-24 12:00:00,144.796,145.36629,144.51085,145.36629,0.3095,57.0,160.62,160.39,8,take_profit,40.65916,0.1901,-2.95147,0.49786,tokyo,2023
USDJPY,1,2023-08-24 23:00:00,2023-08-25 09:00:00,145.85,146.09,145.57982,146.39036,0.3331,24.0,72.75,72.52,10,time_exit,22.50793,0.18012,2.18611,0.86211,,2023
USDJPY,-1,2023-08-25 09:00:00,2023-08-25 17:00:00,146.083,146.33205,146.33205,145.5849,0.3646,-24.9,-82.63,-82.86,8,stop_loss,20.78443,0.16603,2.70418,1.646,london,2023
USDJPY,1,2023-08-28 02:00:00,2023-08-28 12:00:00,146.549,146.55,146.26552,147.11596,0.3171,0.1,0.29,0.06,10,time_exit,28.26235,0.18899,3.18269,2.34806,tokyo,2023
USDJPY,1,2023-08-29 21:00:00,2023-08-30 07:00:00,145.794,146.226,145.44721,146.48759,0.2592,43.2,101.9,101.67,10,time_exit,24.11882,0.2312,-2.56279,2.32601,new_york,2023
USDJPY,-1,2023-08-30 08:00:00,2023-08-30 11:00:00,146.224,146.52271,146.52271,145.62657,0.3047,-29.9,-82.83,-83.05,3,stop_loss,18.38997,0.19914,-0.13877,1.95072,tokyo,2023
USDJPY,1,2023-08-31 00:00:00,2023-08-31 04:00:00,146.222,145.91384,145.91384,146.83832,0.2924,-30.8,-82.0,-82.22,4,stop_loss,17.33006,0.20544,0.22002,1.45205,tokyo,2023
USDJPY,1,2023-09-01 11:00:00,2023-09-01 15:00:00,145.42,145.14941,145.14941,145.96117,0.3296,-27.1,-81.16,-81.39,4,stop_loss,27.42897,0.18039,-2.00393,-0.36487,london,2023
USDJPY,-1,2023-09-04 22:00:00,2023-09-05 05:00:00,146.492,146.66387,146.66387,146.14826,0.5138,-17.2,-80.36,-80.59,7,stop_loss,18.69447,0.11458,3.30697,1.5736,,2023
USDJPY,-1,2023-09-05 05:00:00,2023-09-05 08:00:00,146.624,146.78174,146.78174,146.30852,0.5542,-15.8,-79.55,-79.78,3,stop_loss,18.99413,0.10516,3.9037,2.29073,tokyo,2023
USDJPY,-1,2023-09-07 08:00:00,2023-09-07 17:00:00,147.567,147.08411,147.80845,147.08411,0.3584,48.3,157.49,157.27,9,take_profit,12.25608,0.16096,1.33999,4.86414,tokyo,2023
USDJPY,1,2023-09-08 21:00:00,2023-09-11 00:00:00,147.734,147.45407,147.45407,148.29386,0.3153,-28.0,-80.32,-80.55,3,stop_loss,13.97707,0.18662,1.9111,3.02899,new_york,2023
USDJPY,1,2023-09-12 08:00:00,2023-09-12 18:00:00,146.735,147.126,146.41319,147.37861,0.2715,39.1,96.6,96.37,10,time_exit,20.43535,0.21454,-0.39759,0.21647,tokyo,2023
USDJPY,-1,2023-09-12 20:00:00,2023-09-13 06:00:00,147.179,147.355,147.45212,146.63276,0.3238,-17.6,-51.86,-52.09,10,time_exit,17.96162,0.18208,1.59874,0.50443,new_york,2023
USDJPY,-1,2023-09-13 07:00:00,2023-09-13 15:00:00,147.354,147.58925,147.58925,146.8835,0.3735,-23.5,-79.96,-80.19,8,stop_loss,17.12182,0.15683,2.2466,1.05215,tokyo,2023
USDJPY,1,2023-09-13 16:00:00,2023-09-13 20:00:00,147.436,147.17508,147.17508,147.95785,0.3334,-26.1,-79.16,-79.39,4,stop_loss,19.75292,0.17395,1.88848,1.29946,new_york,2023
USDJPY,-1,2023-09-13 22:00:00,2023-09-14 08:00:00,147.447,147.116,147.71947,146.90205,0.3161,33.1,95.21,94.98,10,time_exit,23.33221,0.18165,1.51239,1.4348,,2023
USDJPY,-1,2023-09-15 00:00:00,2023-09-15 10:00:00,147.47,147.72628,147.72628,146.95744,0.3401,-25.6,-79.32,-79.54,10,stop_loss,21.86235,0.17085,1.24431,1.48399,tokyo,2023
USDJPY,-1,2023-09-15 19:00:00,2023-09-18 05:00:00,147.834,147.74,148.0803,147.34141,0.3503,9.4,29.96,29.74,10,time_exit,31.53538,0.1642,2.16945,2.24273,new_york,2023
USDJPY,-1,2023-09-20 02:00:00,2023-09-20 08:00:00,147.774,147.93143,147.93143,147.45914,0.5502,-15.7,-78.82,-79.05,6,stop_loss,11.52004,0.10495,0.54812,3.22671,tokyo,2023
USDJPY,-1,2023-09-20 23:00:00,2023-09-21 03:00:00,148.179,148.43711,148.43711,147.66279,0.3322,-25.8,-78.03,-78.25,4,stop_loss,19.1528,0.17207,2.25566,1.90687,,2023
USDJPY,-1,2023-09-21 12:00:00,2023-09-21 13:00:00,148.19,147.75754,148.40623,147.75754,0.3926,43.2,154.5,154.28,1,take_profit,23.17079,0.14415,1.34334,2.97958,london,2023
USDJPY,1,2023-09-22 04:00:00,2023-09-22 05:00:00,147.616,148.10778,147.37011,148.10778,0.3521,49.2,157.57,157.35,1,take_profit,31.12802,0.16393,-1.2843,1.51982,tokyo,2023
USDJPY,1,2023-09-25 00:00:00,2023-09-25 10:00:00,148.252,148.44,148.01633,148.72334,0.3747,18.8,64.1,63.88,10,time_exit,26.50169,0.15711,1.92077,2.27774,tokyo,2023
USDJPY,1,2023-09-26 07:00:00,2023-09-26 17:00:00,148.875,148.836,148.70534,149.21433,0.5246,-3.9,-18.62,-18.85,10,time_exit,39.45614,0.11311,3.09268,5.05411,tokyo,2023
USDJPY,1,2023-09-27 02:00:00,2023-09-27 04:00:00,149.06,148.87309,148.87309,149.43381,0.4751,-18.7,-80.81,-81.04,2,stop_loss,38.32086,0.1246,2.458,5.04005,tokyo,2023
USDJPY,1,2023-09-29 07:00:00,2023-09-29 08:00:00,149.388,149.18249,149.18249,149.79903,0.4278,-20.6,-80.01,-80.23,1,stop_loss,15.42407,0.13701,0.88763,4.73848,tokyo,2023
USDJPY,1,2023-10-03 06:00:00,2023-10-03 10:00:00,149.851,149.68966,149.68966,150.17368,0.5394,-16.1,-79.2,-79.42,4,stop_loss,9.26348,0.10756,2.09498,5.946,tokyo,2023
USDJPY,-1,2023-10-03 18:00:00,2023-10-04 04:00:00,149.047,149.236,149.50084,148.13933,0.1898,-18.9,-32.64,-32.87,10,time_exit,15.3463,0.30256,-2.11606,2.01416,new_york,2023
USDJPY,1,2023-10-04 15:00:00,2023-10-05 01:00:00,149.002,148.997,148.66865,149.66869,0.2574,-0.5,-1.17,-1.4,10,time_exit,54.05043,0.22223,-1.55153,1.21185,london,2023
USDJPY,1,2023-10-09 14:00:00,2023-10-09 16:00:00,149.15,148.97111,148.97111,149.50779,0.4795,-17.9,-78.06,-78.29,2,stop_loss,17.65737,0.11926,0.8033,0.38774,london,2023
USDJPY,-1,2023-10-13 01:00:00,2023-10-13 11:00:00,149.771,149.703,149.96483,149.38333,0.4381,6.8,27.11,26.88,10,time_exit,34.02881,0.12922,4.10555,1.67436,tokyo,2023
USDJPY,1,2023-10-13 13:00:00,2023-10-13 15:00:00,149.644,149.47071,149.47071,149.99057,0.4918,-17.3,-77.55,-77.78,2,stop_loss,26.82331,0.11552,1.91383,2.79807,london,2023
USDJPY,-1,2023-10-13 19:00:00,2023-10-16 05:00:00,149.618,149.444,149.80486,149.24429,0.4515,17.4,71.49,71.26,10,time_exit,19.78369,0.12457,1.24156,2.6858,new_york,2023
USDJPY,1,2023-10-17 15:00:00,2023-10-18 01:00:00,149.462,149.762,149.23028,149.92544,0.3674,30.0,100.3,100.07,10,time_exit,15.83905,0.15448,-0.49553,1.69913,london,2023
USDJPY,1,2023-10-18 01:00:00,2023-10-18 06:00:00,149.78,149.5835,149.5835,150.173,0.4389,-19.6,-78.48,-78.71,5,stop_loss,23.13572,0.131,1.19425,2.22673,tokyo,2023
USDJPY,-1,2023-10-20 06:00:00,2023-10-20 16:00:00,149.848,149.92,149.99693,149.55014,0.5733,-7.2,-37.56,-37.79,10,time_exit,15.40631,0.09929,0.64349,2.69231,tokyo,2023
USDJPY,-1,2023-10-20 21:00:00,2023-10-23 07:00:00,149.838,149.938,149.98203,149.54994,0.5899,-10.0,-53.68,-53.91,10,time_exit,18.34282,0.09602,0.00336,2.76588,new_york,2023
USDJPY,1,2023-10-25 09:00:00,2023-10-25 19:00:00,149.86,149.969,149.73726,150.10548,0.6874,10.9,68.18,67.96,10,time_exit,13.21527,0.08183,0.66017,1.58738,london,2023
USDJPY,-1,2023-10-26 14:00:00,2023-10-26 15:00:00,150.274,150.51292,150.51292,149.79615,0.3563,-23.9,-77.47,-77.69,1,stop_loss,37.45329,0.15928,1.22559,1.77372,london,2023
USDJPY,-1,2023-10-27 14:00:00,2023-10-27 16:00:00,150.076,149.67849,150.27476,149.67849,0.424,39.8,153.38,153.15,2,take_profit,26.72904,0.1325,-0.80428,2.15476,london,2023
USDJPY,-1,2023-10-30 04:00:00,2023-10-30 10:00:00,149.804,149.37617,150.01792,149.37617,0.4018,42.8,156.43,156.2,6,take_profit,32.82779,0.14261,-1.12136,0.66987,tokyo,2023
USDJPY,-1,2023-10-30 12:00:00,2023-10-30 15:00:00,149.583,149.8096,149.8096,149.1298,0.3869,-22.7,-79.78,-80.01,3,stop_loss,28.11788,0.15107,-1.83898,0.08623,london,2023
USDJPY,1,2023-11-01 04:00:00,2023-11-01 14:00:00,151.366,151.232,150.97919,152.13962,0.2244,-13.4,-27.36,-27.59,10,time_exit,43.21543,0.25787,3.49846,1.79491,tokyo,2023
USDJPY,-1,2023-11-01 21:00:00,2023-11-02 03:00:00,151.098,150.51239,151.3908,150.51239,0.2954,58.6,157.42,157.19,6,take_profit,21.9305,0.1952,1.31097,3.24437,new_york,2023
USDJPY,-1,2023-11-03 22:00:00,2023-11-06 02:00:00,149.312,149.62264,149.62264,148.69073,0.284,-31.1,-80.28,-80.51,4,stop_loss,50.91332,0.20709,-4.26515,-0.04995,,2023
USDJPY,-1,2023-11-07 16:00:00,2023-11-08 02:00:00,150.576,150.557,150.79171,150.14458,0.4048,1.9,7.0,6.77,10,time_exit,30.44304,0.14381,3.40655,-0.19757,new_york,2023
USDJPY,1,2023-11-08 06:00:00,2023-11-08 15:00:00,150.498,150.90441,150.29479,150.90441,0.4301,40.6,159.07,158.84,9,take_profit,25.61822,0.13547,1.80927,0.66304,tokyo,2023
USDJPY,1,2023-11-09 05:00:00,2023-11-09 15:00:00,150.937,150.971,150.75533,151.30035,0.4907,3.4,15.18,14.95,10,time_exit,33.81215,0.12112,2.64886,2.5958,tokyo,2023
USDJPY,-1,2023-11-10 07:00:00,2023-11-10 17:00:00,151.354,151.53,151.53,151.002,0.5074,-17.6,-81.27,-81.49,10,stop_loss,24.56839,0.11733,3.24066,4.09483,tokyo,2023
USDJPY,-1,2023-11-10 19:00:00,2023-11-13 05:00:00,151.551,151.672,151.71582,151.22136,0.5364,-12.1,-59.06,-59.29,10,time_exit,31.36595,0.10988,3.66032,5.00941,new_york,2023
USDJPY,-1,2023-11-14 04:00:00,2023-11-14 14:00:00,151.733,151.693,151.90901,151.38098,0.4986,4.0,18.15,17.92,10,time_exit,22.4796,0.11734,1.64385,5.44044,tokyo,2023
USDJPY,1,2023-11-15 01:00:00,2023-11-15 11:00:00,150.462,150.4,150.20227,150.98147,0.3387,-6.2,-19.11,-19.34,10,time_exit,46.93185,0.17316,-4.62264,1.8023,tokyo,2023
USDJPY,-1,2023-11-16 05:00:00,2023-11-16 15:00:00,151.29,150.73375,151.56813,150.73375,0.3155,55.6,159.7,159.48,10,take_profit,28.14672,0.18542,1.23507,0.68852,tokyo,2023
USDJPY,1,2023-11-20 04:00:00,2023-11-20 05:00:00,149.515,149.14302,149.14302,150.25897,0.2406,-37.2,-81.44,-81.67,1,stop_loss,42.91387,0.24799,-2.87135,-1.87553,tokyo,2023
USDJPY,1,2023-11-20 23:00:00,2023-11-21 03:00:00,148.335,147.96871,147.96871,149.06757,0.2419,-36.6,-80.63,-80.86,4,stop_loss,46.59511,0.24419,-4.00425,-4.12949,,2023
USDJPY,1,2023-11-22 08:00:00,2023-11-22 17:00:00,148.752,149.54056,148.35772,149.54056,0.2225,78.9,159.66,159.44,9,take_profit,22.17759,0.26285,1.36754,-4.85274,tokyo,2023
USDJPY,1,2023-11-23 04:00:00,2023-11-23 14:00:00,149.18,149.44,148.86053,149.81894,0.28,26.0,66.25,66.02,10,time_exit,34.71307,0.21298,1.23863,-3.23728,tokyo,2023
USDJPY,1,2023-11-24 07:00:00,2023-11-24 17:00:00,149.346,149.5,149.12067,149.79667,0.4003,15.4,56.1,55.87,10,time_exit,26.75371,0.15022,0.59611,-2.00448,tokyo,2023
USDJPY,-1,2023-11-28 16:00:00,2023-11-28 18:00:00,148.364,147.65791,148.71705,147.65791,0.2572,70.6,165.26,165.03,2,take_profit,24.3343,0.23536,-1.78928,-2.09733,new_york,2023
USDJPY,1,2023-11-29 10:00:00,2023-11-29 20:00:00,147.324,147.18,146.92281,148.12638,0.2309,-14.4,-30.26,-30.48,10,time_exit,38.43181,0.26746,-2.53154,-3.48991,london,2023
USDJPY,-1,2023-11-30 13:00:00,2023-11-30 16:00:00,147.568,147.95518,147.95518,146.79364,0.2383,-38.7,-83.96,-84.19,3,stop_loss,26.73271,0.25812,0.24387,-4.07612,london,2023
USDJPY,1,2023-12-01 22:00:00,2023-12-04 01:00:00,146.848,146.35756,146.35756,147.82887,0.1863,-49.0,-83.15,-83.37,3,stop_loss,21.87583,0.32696,-2.66079,-1.97609,,2023
USDJPY,-1,2023-12-04 19:00:00,2023-12-05 05:00:00,147.152,147.168,147.60798,146.24004,0.1983,-1.6,-2.89,-3.11,10,time_exit,21.70251,0.30399,-0.04245,-2.92745,new_york,2023
USDJPY,1,2023-12-06 01:00:00,2023-12-06 11:00:00,147.08,147.32,146.71848,147.80305,0.2501,24.0,54.62,54.39,10,time_exit,15.87195,0.24102,-0.28231,-2.80806,tokyo,2023
USDJPY,1,2023-12-06 19:00:00,2023-12-07 03:00:00,147.162,146.83924,146.83924,147.80752,0.282,-32.3,-82.83,-83.05,8,stop_loss,15.52293,0.21517,-0.10226,-2.48661,new_york,2023
USDJPY,-1,2023-12-08 08:00:00,2023-12-08 15:00:00,143.932,144.8091,144.8091,142.1778,0.1027,-87.7,-81.97,-82.2,7,stop_loss,57.86776,0.58473,-2.28186,-2.81491,tokyo,2023
USDJPY,-1,2023-12-08 20:00:00,2023-12-11 06:00:00,144.807,145.62937,145.62937,143.16227,0.1085,-82.2,-81.2,-81.42,10,stop_loss,32.93527,0.54824,-0.23649,-3.08253,new_york,2023
USDJPY,1,2023-12-12 06:00:00,2023-12-12 13:00:00,145.6,145.19683,145.19683,146.40635,0.219,-40.3,-80.35,-80.58,7,stop_loss,26.86933,0.26878,-0.24626,-2.73022,tokyo,2023
USDJPY,1,2023-12-14 05:00:00,2023-12-14 13:00:00,141.936,141.25531,141.25531,143.29739,0.1284,-68.1,-79.54,-79.76,8,stop_loss,44.47021,0.4538,-6.11195,-2.48532,tokyo,2023
USDJPY,1,2023-12-18 19:00:00,2023-12-19 00:00:00,143.048,142.67382,142.67382,143.79636,0.2313,-37.4,-78.76,-78.99,5,stop_loss,24.38438,0.24945,2.22835,-6.49458,new_york,2023
USDJPY,-1,2023-12-19 15:00:00,2023-12-20 01:00:00,144.316,143.922,144.93685,143.0743,0.138,39.4,49.48,49.25,10,time_exit,24.00365,0.4139,2.84839,-2.10892,london,2023
USDJPY,1,2023-12-20 13:00:00,2023-12-20 23:00:00,143.348,143.56,142.92767,144.18865,0.2051,21.2,39.57,39.34,10,time_exit,20.4042,0.28022,-0.45796,-1.71334,london,2023
USDJPY,1,2023-12-21 05:00:00,2023-12-21 15:00:00,142.924,142.53163,142.53163,143.70873,0.2208,-39.2,-78.84,-79.06,10,stop_loss,21.33688,0.26158,-2.14519,-1.55853,tokyo,2023
USDJPY,-1,2023-12-22 01:00:00,2023-12-22 05:00:00,142.132,142.53053,142.53053,141.33493,0.2152,-39.9,-78.05,-78.27,4,stop_loss,35.23826,0.26569,-2.95231,-2.61956,tokyo,2023
USDJPY,1,2023-12-26 21:00:00,2023-12-27 07:00:00,142.5,142.568,142.25952,142.98097,0.3531,6.8,21.85,21.62,10,time_exit,14.82145,0.16032,0.2248,-4.51094,new_york,2023
USDJPY,1,2023-12-27 09:00:00,2023-12-27 17:00:00,142.667,142.43166,142.43166,143.13768,0.3618,-23.5,-77.48,-77.71,8,stop_loss,17.26018,0.15689,1.11508,-3.95292,london,2023
USDJPY,1,2023-12-27 17:00:00,2023-12-27 18:00:00,142.608,142.36465,142.36465,143.09471,0.3464,-24.3,-76.71,-76.94,1,stop_loss,15.60779,0.16224,0.49399,-3.38032,new_york,2023
USDJPY,-1,2024-01-02 19:00:00,2024-01-03 05:00:00,141.896,141.89,142.35485,140.9783,0.1819,0.6,0.99,0.77,10,time_exit,17.38526,0.3059,1.18082,-2.20298,new_york,2024
USDJPY,1,2024-01-03 13:00:00,2024-01-03 16:00:00,142.652,143.33192,142.31204,143.33192,0.2455,68.0,151.9,151.67,3,take_profit,16.64076,0.22664,3.48575,-1.48061,london,2024
USDJPY,1,2024-01-03 19:00:00,2024-01-04 00:00:00,143.558,143.11222,143.11222,144.44956,0.191,-44.6,-77.48,-77.71,5,stop_loss,31.07041,0.29719,4.72901,-0.34979,new_york,2024
USDJPY,-1,2024-01-04 06:00:00,2024-01-04 07:00:00,143.346,143.75812,143.75812,142.52176,0.2045,-41.2,-76.69,-76.92,1,stop_loss,31.6283,0.27475,2.83333,0.73354,tokyo,2024
USDJPY,1,2024-01-04 09:00:00,2024-01-04 15:00:00,143.526,144.36378,143.10711,144.36378,0.1992,83.8,151.87,151.64,6,take_profit,31.96246,0.27926,3.00119,1.01595,london,2024
USDJPY,-1,2024-01-05 04:00:00,2024-01-05 08:00:00,144.742,145.08006,145.08006,144.06587,0.2517,-33.8,-77.43,-77.66,4,stop_loss,40.40744,0.22538,4.86087,3.94896,tokyo,2024
USDJPY,1,2024-01-05 11:00:00,2024-01-05 15:00:00,145.077,145.82348,144.70376,145.82348,0.2257,74.6,153.32,153.09,4,take_profit,44.63566,0.24883,4.46338,4.27521,london,2024
USDJPY,-1,2024-01-08 06:00:00,2024-01-08 16:00:00,144.489,144.098,144.95485,143.55729,0.1844,39.1,65.61,65.38,10,time_exit,21.1494,0.31057,0.39945,3.67325,tokyo,2024
USDJPY,-1,2024-01-08 17:00:00,2024-01-09 03:00:00,144.108,143.486,144.55098,143.22204,0.1956,62.2,110.71,110.49,10,time_exit,14.23849,0.29532,-0.92434,3.47211,new_york,2024
USDJPY,1,2024-01-12 03:00:00,2024-01-12 13:00:00,145.255,145.237,144.82018,146.12464,0.202,-1.8,-3.31,-3.54,10,time_exit,26.44756,0.28988,-0.16707,3.53121,tokyo,2024
USDJPY,1,2024-01-12 15:00:00,2024-01-12 16:00:00,145.369,144.9872,144.9872,146.13259,0.23,-38.2,-79.91,-80.14,1,stop_loss,22.11978,0.25453,0.50169,3.40103,london,2024
USDJPY,-1,2024-01-12 17:00:00,2024-01-12 19:00:00,144.542,145.00972,145.00972,143.60657,0.1859,-46.8,-79.12,-79.35,2,stop_loss,24.05203,0.31181,-2.10664,2.61538,new_york,2024
USDJPY,-1,2024-01-15 06:00:00,2024-01-15 09:00:00,145.136,145.49082,145.49082,144.42636,0.2425,-35.5,-78.3,-78.53,3,stop_loss,19.53353,0.23655,0.13431,2.75893,tokyo,2024
USDJPY,1,2024-01-16 15:00:00,2024-01-16 20:00:00,146.686,147.30801,146.375,147.30801,0.2739,62.2,155.03,154.81,5,take_profit,35.68053,0.20734,4.37303,4.40878,london,2024
USDJPY,-1,2024-01-16 22:00:00,2024-01-17 07:00:00,147.253,147.60946,147.60946,146.54007,0.2438,-35.6,-79.08,-79.31,9,stop_loss,36.48551,0.23764,4.94394,4.49997,,2024
USDJPY,-1,2024-01-18 21:00:00,2024-01-19 07:00:00,148.152,148.47791,148.47791,147.50018,0.264,-32.6,-78.3,-78.52,10,stop_loss,23.28785,0.21727,2.17725,7.29618,new_york,2024
USDJPY,1,2024-01-22 06:00:00,2024-01-22 16:00:00,147.919,147.847,147.59003,148.57695,0.2589,-7.2,-16.96,-17.19,10,time_exit,17.25627,0.21932,-0.41303,6.10166,tokyo,2024
USDJPY,1,2024-01-24 00:00:00,2024-01-24 05:00:00,148.274,147.87941,147.87941,149.06319,0.2153,-39.5,-77.31,-77.54,5,stop_loss,20.54104,0.26306,1.12987,3.54504,tokyo,2024
USDJPY,-1,2024-01-24 10:00:00,2024-01-24 15:00:00,147.796,147.0922,148.1479,147.0922,0.2391,70.4,153.13,152.9,5,take_profit,16.25751,0.2346,-1.05873,3.50799,london,2024
USDJPY,-1,2024-01-26 04:00:00,2024-01-26 11:00:00,147.55,147.89576,147.89576,146.85848,0.2482,-34.6,-78.09,-78.32,7,stop_loss,9.84505,0.23051,-0.58291,1.49188,tokyo,2024
USDJPY,-1,2024-01-29 21:00:00,2024-01-30 07:00:00,147.674,147.388,147.93239,147.15723,0.3287,28.6,85.55,85.32,10,time_exit,15.61994,0.17226,-1.03426,1.88449,new_york,2024
USDJPY,-1,2024-01-30 12:00:00,2024-01-30 17:00:00,147.39,147.66401,147.66401,146.84197,0.3134,-27.4,-78.15,-78.37,5,stop_loss,37.87527,0.18268,-1.41852,0.76338,london,2024
USDJPY,1,2024-01-30 20:00:00,2024-01-31 01:00:00,147.81,147.47199,147.47199,148.48602,0.2515,-33.8,-77.36,-77.59,5,stop_loss,30.19918,0.22534,0.84047,0.47797,new_york,2024
USDJPY,-1,2024-02-02 16:00:00,2024-02-02 18:00:00,147.968,148.39482,148.39482,147.11436,0.1972,-42.7,-76.59,-76.82,2,stop_loss,13.4984,0.28455,4.22211,-1.47172,new_york,2024
USDJPY,-1,2024-02-05 03:00:00,2024-02-05 13:00:00,148.696,148.438,149.10044,147.88712,0.206,25.8,48.36,48.14,10,time_exit,38.08248,0.26963,5.00159,0.13978,tokyo,2024
USDJPY,-1,2024-02-05 19:00:00,2024-02-06 05:00:00,148.799,148.633,149.14273,148.11155,0.2439,16.6,36.84,36.62,10,time_exit,46.99831,0.22915,3.90781,1.8142,new_york,2024
USDJPY,1,2024-02-06 13:00:00,2024-02-06 15:00:00,148.767,148.51996,148.51996,149.26107,0.3411,-24.7,-76.68,-76.91,2,stop_loss,27.972,0.16469,3.09379,3.58373,london,2024
USDJPY,1,2024-02-07 03:00:00,2024-02-07 13:00:00,147.855,148.088,147.59569,148.37363,0.3217,23.3,68.21,67.98,10,time_exit,32.37518,0.17288,-1.8666,2.61119,tokyo,2024
USDJPY,-1,2024-02-07 20:00:00,2024-02-08 06:00:00,148.137,148.45632,148.45632,147.49835,0.2635,-31.9,-76.57,-76.8,10,stop_loss,23.15148,0.21288,0.21227,1.52257,new_york,2024
USDJPY,1,2024-02-08 09:00:00,2024-02-08 14:00:00,148.731,149.27112,148.46094,149.27112,0.3085,54.0,151.63,151.4,5,take_profit,21.1301,0.18004,3.05678,1.92807,london,2024
USDJPY,-1,2024-02-08 16:00:00,2024-02-09 02:00:00,149.406,149.386,149.72251,148.77298,0.2685,2.0,4.89,4.66,10,time_exit,32.4229,0.21101,4.74441,2.26252,new_york,2024
USDJPY,-1,2024-02-09 10:00:00,2024-02-09 20:00:00,149.401,149.361,149.63298,148.93704,0.3665,4.0,13.34,13.11,10,time_exit,43.8232,0.15465,3.35944,4.74041,london,2024
USDJPY,1,2024-02-09 20:00:00,2024-02-12 01:00:00,149.352,149.0897,149.0897,149.8766,0.3247,-26.2,-77.5,-77.73,5,stop_loss,30.52902,0.17487,1.73786,4.47037,new_york,2024
USDJPY,1,2024-02-13 02:00:00,2024-02-13 12:00:00,149.406,149.526,149.21137,149.79526,0.4332,12.0,47.31,47.08,10,time_exit,19.87297,0.12975,1.66301,5.18442,tokyo,2024
USDJPY,1,2024-02-13 15:00:00,2024-02-13 16:00:00,149.345,149.71057,149.16222,149.71057,0.4641,36.6,154.39,154.16,1,take_profit,22.22303,0.12186,0.27658,5.53185,london,2024
USDJPY,-1,2024-02-13 22:00:00,2024-02-14 08:00:00,150.872,150.486,151.15294,150.31012,0.308,38.6,108.19,107.96,10,time_exit,39.72045,0.18729,6.53779,4.65703,,2024
USDJPY,-1,2024-02-14 08:00:00,2024-02-14 18:00:00,150.52,150.503,150.76585,150.0283,0.3568,1.7,5.52,5.29,10,time_exit,36.84375,0.1639,3.38164,6.19161,tokyo,2024
USDJPY,1,2024-02-15 04:00:00,2024-02-15 11:00:00,150.203,149.96477,149.96477,150.67947,0.3684,-23.8,-79.87,-80.09,7,stop_loss,18.60688,0.15882,-0.41732,6.50097,tokyo,2024
USDJPY,1,2024-02-15 14:00:00,2024-02-15 15:00:00,150.078,149.85959,149.85959,150.51481,0.3979,-21.8,-79.08,-79.31,1,stop_loss,29.97217,0.1456,-0.99093,6.18275,london,2024
USDJPY,1,2024-02-15 16:00:00,2024-02-16 02:00:00,149.829,150.157,149.57168,150.34364,0.3343,32.8,99.78,99.55,10,time_exit,33.67322,0.17155,-2.16681,5.05025,new_york,2024
USDJPY,-1,2024-02-16 04:00:00,2024-02-16 05:00:00,150.062,150.31023,150.31023,149.56554,0.3509,-24.8,-79.26,-79.49,1,stop_loss,38.13091,0.16549,-0.39741,4.32911,tokyo,2024
USDJPY,1,2024-02-19 00:00:00,2024-02-19 10:00:00,150.077,149.958,149.84356,150.54388,0.3694,-11.9,-40.0,-40.23,10,time_exit,17.17816,0.15563,-0.1112,4.09759,tokyo,2024
USDJPY,-1,2024-02-19 12:00:00,2024-02-19 17:00:00,149.941,150.12376,150.12376,149.57549,0.4695,-18.3,-78.08,-78.31,5,stop_loss,26.17087,0.12184,-1.49047,4.17286,london,2024
USDJPY,-1,2024-02-19 19:00:00,2024-02-20 02:00:00,150.174,150.33152,150.33152,149.85895,0.5392,-15.8,-77.29,-77.52,7,stop_loss,22.44528,0.10502,0.63425,4.4049,new_york,2024
USDJPY,-1,2024-02-20 08:00:00,2024-02-20 12:00:00,150.424,150.14179,150.56511,150.14179,0.5959,28.2,153.04,152.81,4,take_profit,20.25571,0.09407,2.76094,4.76071,tokyo,2024
USDJPY,-1,2024-02-21 06:00:00,2024-02-21 08:00:00,149.876,150.05186,150.05186,149.52427,0.4877,-17.6,-78.05,-78.28,2,stop_loss,21.09641,0.11724,-1.716,2.53905,tokyo,2024
USDJPY,-1,2024-02-21 19:00:00,2024-02-22 05:00:00,150.291,150.43,150.47918,149.91464,0.4512,-13.9,-57.07,-57.3,10,time_exit,13.84693,0.12545,1.60568,2.15882,new_york,2024
USDJPY,1,2024-02-23 05:00:00,2024-02-23 15:00:00,150.494,150.478,150.30772,150.86657,0.4524,-1.6,-6.59,-6.81,10,time_exit,18.33405,0.12419,1.31814,2.79556,tokyo,2024
USDJPY,1,2024-02-27 11:00:00,2024-02-27 17:00:00,150.173,150.51474,150.00213,150.51474,0.4928,34.2,153.25,153.03,6,take_profit,22.73403,0.11391,-3.03473,2.64491,london,2024
USDJPY,-1,2024-02-28 09:00:00,2024-02-28 19:00:00,150.686,150.701,150.85692,150.34416,0.5025,-1.5,-6.86,-7.09,10,time_exit,15.13272,0.11395,1.65151,1.99834,london,2024
USDJPY,-1,2024-02-28 20:00:00,2024-02-29 03:00:00,150.701,150.34887,150.87707,150.34887,0.4873,35.2,156.15,155.92,7,take_profit,13.32431,0.11738,1.06134,2.2475,new_york,2024
USDJPY,1,2024-03-05 04:00:00,2024-03-05 14:00:00,150.467,150.395,150.27447,150.85206,0.4546,-7.2,-29.79,-30.01,10,time_exit,10.52997,0.12835,0.87795,0.49655,tokyo,2024
USDJPY,1,2024-03-06 01:00:00,2024-03-06 09:00:00,150.014,149.79952,149.79952,150.44296,0.4065,-21.4,-79.34,-79.57,8,stop_loss,37.22957,0.14299,-1.77823,-0.07391,tokyo,2024
USDJPY,1,2024-03-07 19:00:00,2024-03-08 02:00:00,148.092,147.7046,147.7046,148.8668,0.2228,-38.7,-78.54,-78.77,7,stop_loss,64.38097,0.25827,-3.51693,-3.20481,new_york,2024
USDJPY,1,2024-03-08 05:00:00,2024-03-08 11:00:00,147.968,147.62071,147.62071,148.66258,0.246,-34.7,-77.74,-77.97,6,stop_loss,55.63704,0.23153,-2.997,-4.28018,tokyo,2024
USDJPY,1,2024-03-08 12:00:00,2024-03-08 15:00:00,147.135,146.73686,146.73686,147.93128,0.2125,-39.8,-76.99,-77.22,3,stop_loss,48.75542,0.26543,-4.89129,-4.10627,london,2024
USDJPY,1,2024-03-11 12:00:00,2024-03-11 22:00:00,146.719,146.967,146.36226,147.43249,0.2347,24.8,52.97,52.74,10,time_exit,47.77915,0.23783,-3.38081,-6.12534,london,2024
USDJPY,1,2024-03-13 07:00:00,2024-03-13 12:00:00,147.381,147.96638,147.08831,147.96638,0.2881,58.5,153.47,153.24,5,take_profit,25.30208,0.19513,-0.21553,-4.98189,tokyo,2024
USDJPY,-1,2024-03-14 01:00:00,2024-03-14 05:00:00,147.628,147.90114,147.90114,147.08172,0.3149,-27.3,-78.27,-78.5,4,stop_loss,20.16881,0.18209,0.11713,-3.77548,tokyo,2024
USDJPY,-1,2024-03-15 01:00:00,2024-03-15 05:00:00,148.287,148.55529,148.55529,147.75041,0.3174,-26.8,-77.49,-77.72,4,stop_loss,23.5566,0.17886,2.43228,-2.07653,tokyo,2024
USDJPY,-1,2024-03-15 15:00:00,2024-03-15 16:00:00,148.651,148.94033,148.94033,148.07235,0.2913,-28.9,-76.7,-76.92,1,stop_loss,30.79898,0.19288,2.71579,-0.67102,london,2024
USDJPY,-1,2024-03-18 09:00:00,2024-03-18 19:00:00,149.114,149.141,149.36398,148.61403,0.3338,-2.7,-8.2,-8.43,10,time_exit,33.8778,0.16666,3.0544,1.30968,london,2024
USDJPY,1,2024-03-21 16:00:00,2024-03-22 02:00:00,151.167,151.637,150.78206,151.93689,0.2165,47.0,92.6,92.37,10,time_exit,27.68126,0.25663,1.19521,4.79143,new_york,2024
USDJPY,1,2024-03-25 04:00:00,2024-03-25 14:00:00,151.306,151.296,151.02949,151.85902,0.3051,-1.0,-2.78,-3.0,10,time_exit,18.84848,0.18434,-0.00181,6.06278,tokyo,2024
USDJPY,-1,2024-03-26 00:00:00,2024-03-26 10:00:00,151.403,151.324,151.6071,150.9948,0.4132,7.9,29.7,29.48,10,time_exit,14.03895,0.13607,0.58969,6.88195,tokyo,2024
USDJPY,1,2024-03-28 05:00:00,2024-03-28 15:00:00,151.35,151.217,151.12001,151.80998,0.3681,-13.3,-44.55,-44.78,10,time_exit,16.52044,0.15333,-0.40353,3.82649,tokyo,2024
USDJPY,1,2024-03-28 18:00:00,2024-03-29 04:00:00,151.212,151.345,151.01321,151.60958,0.4234,13.3,51.24,51.02,10,time_exit,12.45957,0.13253,-1.30658,3.74223,new_york,2024
USDJPY,-1,2024-04-02 04:00:00,2024-04-02 14:00:00,151.686,151.657,151.8233,151.4114,0.6171,2.9,16.29,16.06,10,time_exit,20.68425,0.09153,2.40876,3.73254,tokyo,2024
USDJPY,1,2024-04-03 14:00:00,2024-04-03 16:00:00,151.713,151.94507,151.59696,151.94507,0.7317,23.2,154.52,154.3,2,take_profit,24.07573,0.07736,1.57126,4.1286,london,2024
USDJPY,-1,2024-04-03 20:00:00,2024-04-04 06:00:00,151.647,151.672,151.8147,151.31161,0.5164,-2.5,-11.75,-11.98,10,time_exit,23.64884,0.1118,0.15844,2.94122,new_york,2024
USDJPY,1,2024-04-09 06:00:00,2024-04-09 12:00:00,151.877,151.74732,151.74732,152.13636,0.6668,-13.0,-78.69,-78.91,6,stop_loss,11.43354,0.08645,1.77878,2.66595,tokyo,2024
USDJPY,-1,2024-04-09 17:00:00,2024-04-10 03:00:00,151.773,151.724,151.89387,151.53127,0.7082,4.9,31.58,31.35,10,time_exit,14.23341,0.08058,0.06303,2.94094,new_york,2024
USDJPY,1,2024-04-10 08:00:00,2024-04-10 15:00:00,151.785,152.00508,151.67496,152.00508,0.781,22.0,156.41,156.19,7,take_profit,28.41854,0.07336,0.43082,2.66826,tokyo,2024
USDJPY,1,2024-04-12 04:00:00,2024-04-12 14:00:00,152.971,153.163,152.73826,153.43648,0.3767,19.2,65.82,65.59,10,time_exit,25.1019,0.15516,1.21723,4.84717,tokyo,2024
USDJPY,-1,2024-04-12 17:00:00,2024-04-12 21:00:00,152.938,153.19739,153.19739,152.41921,0.3407,-25.9,-80.42,-80.65,4,stop_loss,19.68009,0.17293,-0.01899,4.44976,new_york,2024
USDJPY,1,2024-04-16 09:00:00,2024-04-16 16:00:00,154.346,154.12372,154.12372,154.79056,0.3936,-22.2,-79.61,-79.84,7,stop_loss,17.49289,0.14819,3.64546,7.22052,london,2024
USDJPY,-1,2024-04-16 17:00:00,2024-04-17 03:00:00,154.568,154.694,154.8653,153.9734,0.2913,-12.6,-33.4,-33.63,10,time_exit,26.17938,0.1982,2.80663,5.72853,new_york,2024
USDJPY,1,2024-04-17 22:00:00,2024-04-18 05:00:00,154.351,154.12302,154.12302,154.80695,0.3783,-22.8,-78.48,-78.71,7,stop_loss,22.84965,0.15198,-0.33904,7.18627,,2024
USDJPY,1,2024-04-19 10:00:00,2024-04-19 20:00:00,154.422,154.625,154.10439,155.05721,0.2688,20.3,49.66,49.43,10,time_exit,31.9169,0.21174,0.0273,3.65339,london,2024
USDJPY,-1,2024-04-22 00:00:00,2024-04-22 09:00:00,154.548,154.75439,154.75439,154.13522,0.4163,-20.6,-78.19,-78.42,9,stop_loss,30.57308,0.13759,1.12946,5.21336,tokyo,2024
USDJPY,-1,2024-04-23 02:00:00,2024-04-23 12:00:00,154.811,154.837,154.92882,154.57536,0.722,-2.6,-17.08,-17.31,10,time_exit,13.03448,0.07855,2.03971,8.49693,tokyo,2024
USDJPY,-1,2024-04-23 18:00:00,2024-04-24 04:00:00,154.795,154.798,154.94508,154.49484,0.5655,-0.3,-1.54,-1.77,10,time_exit,15.84249,0.10005,0.84202,6.10305,new_york,2024
USDJPY,1,2024-04-24 07:00:00,2024-04-24 15:00:00,154.85,155.0974,154.7263,155.0974,0.686,24.7,154.44,154.22,8,take_profit,35.26834,0.08247,1.25528,6.79744,tokyo,2024
USDJPY,-1,2024-04-24 18:00:00,2024-04-24 20:00:00,155.003,155.16623,155.16623,154.67653,0.5302,-16.3,-78.76,-78.99,2,stop_loss,29.25068,0.10882,1.75452,5.04457,new_york,2024
USDJPY,-1,2024-04-26 09:00:00,2024-04-26 10:00:00,156.107,156.35617,156.35617,155.60867,0.3439,-24.9,-77.98,-78.2,1,stop_loss,25.68039,0.16611,3.96136,4.61505,london,2024
USDJPY,-1,2024-04-29 18:00:00,2024-04-30 04:00:00,156.682,156.859,157.78926,154.46748,0.0766,-17.7,-12.34,-12.57,10,time_exit,32.13001,0.73817,0.02346,1.73279,new_york,2024
USDJPY,1,2024-04-30 04:00:00,2024-04-30 14:00:00,156.816,156.957,155.93825,158.5715,0.0965,14.1,12.38,12.15,10,time_exit,33.03163,0.58517,0.48263,1.82152,tokyo,2024
USDJPY,-1,2024-05-01 02:00:00,2024-05-01 12:00:00,157.706,157.917,158.11649,156.88502,0.2066,-21.1,-39.67,-39.9,10,time_exit,16.63123,0.27366,2.62454,4.27528,tokyo,2024
USDJPY,1,2024-05-02 02:00:00,2024-05-02 12:00:00,155.434,155.267,154.48745,157.3271,0.0891,-16.7,-13.54,-13.77,10,time_exit,37.76983,0.63103,-2.63497,1.51825,tokyo,2024
USDJPY,-1,2024-05-07 01:00:00,2024-05-07 02:00:00,153.892,154.18931,154.18931,153.29738,0.2833,-29.7,-76.65,-76.87,1,stop_loss,12.20618,0.19821,0.18861,-5.38176,tokyo,2024
USDJPY,1,2024-05-07 12:00:00,2024-05-07 22:00:00,154.404,154.639,154.02389,155.16423,0.2194,23.5,46.92,46.69,10,time_exit,17.88734,0.25341,1.49878,-3.29705,london,2024
USDJPY,-1,2024-05-09 03:00:00,2024-05-09 04:00:00,155.378,155.61355,155.61355,154.9069,0.3562,-23.6,-76.35,-76.58,1,stop_loss,33.09008,0.15703,2.42642,0.32015,tokyo,2024
USDJPY,1,2024-05-09 13:00:00,2024-05-09 15:00:00,155.913,155.68114,155.68114,156.37671,0.3582,-23.2,-75.58,-75.8,2,stop_loss,23.39387,0.15457,4.41763,1.3735,london,2024
USDJPY,1,2024-05-10 00:00:00,2024-05-10 10:00:00,155.46,155.689,155.2253,155.9294,0.3503,22.9,73.0,72.77,10,time_exit,25.19124,0.15647,0.62611,1.82099,tokyo,2024
USDJPY,1,2024-05-10 15:00:00,2024-05-13 01:00:00,155.741,155.783,155.54081,156.14139,0.4147,4.2,15.85,15.62,10,time_exit,16.35342,0.13346,1.84921,2.51385,london,2024
USDJPY,-1,2024-05-14 11:00:00,2024-05-14 15:00:00,156.464,156.61971,156.61971,156.15259,0.5343,-15.6,-75.71,-75.93,4,stop_loss,22.6131,0.1038,4.28847,5.26179,london,2024
USDJPY,1,2024-05-14 16:00:00,2024-05-14 17:00:00,156.583,156.39895,156.39895,156.95109,0.4475,-18.4,-74.95,-75.18,1,stop_loss,23.07287,0.1227,3.94871,4.70991,new_york,2024
USDJPY,1,2024-05-14 22:00:00,2024-05-15 08:00:00,156.435,156.22321,156.22321,156.85858,0.385,-21.2,-74.2,-74.43,10,stop_loss,21.62629,0.14119,1.85397,4.24006,,2024
USDJPY,-1,2024-05-16 06:00:00,2024-05-16 11:00:00,154.007,154.54953,154.54953,152.92193,0.1488,-54.3,-73.46,-73.69,5,stop_loss,61.57305,0.36169,-4.10211,-0.13978,tokyo,2024
USDJPY,1,2024-05-16 14:00:00,2024-05-17 00:00:00,154.673,155.348,154.20929,155.60041,0.1723,67.5,105.84,105.61,10,time_exit,51.93391,0.30914,-1.67173,-0.84633,london,2024
USDJPY,-1,2024-05-17 06:00:00,2024-05-17 16:00:00,155.877,155.744,156.21943,155.19213,0.2367,13.3,28.65,28.42,10,time_exit,31.23885,0.22829,2.54358,-0.64085,tokyo,2024
USDJPY,-1,2024-05-17 22:00:00,2024-05-20 08:00:00,155.677,155.705,155.95789,155.11521,0.2897,-2.8,-7.38,-7.61,10,time_exit,24.37312,0.18726,0.95641,0.06659,,2024
USDJPY,-1,2024-05-20 13:00:00,2024-05-20 15:00:00,155.712,155.94544,155.94544,155.24513,0.3483,-23.3,-73.99,-74.22,2,stop_loss,16.94323,0.15562,0.65842,0.55183,london,2024
USDJPY,-1,2024-05-20 22:00:00,2024-05-21 04:00:00,156.27,156.4942,156.4942,155.82159,0.359,-22.4,-73.25,-73.47,6,stop_loss,21.42761,0.14947,3.5205,1.18851,,2024
USDJPY,-1,2024-05-21 06:00:00,2024-05-21 10:00:00,156.435,156.05743,156.62378,156.05743,0.422,37.8,144.99,144.77,4,take_profit,26.63876,0.12586,4.19653,2.26669,tokyo,2024
USDJPY,1,2024-05-23 12:00:00,2024-05-23 14:00:00,156.759,156.56686,156.56686,157.14329,0.4229,-19.2,-73.94,-74.17,2,stop_loss,21.40948,0.1281,2.24188,3.90179,london,2024
USDJPY,-1,2024-05-27 05:00:00,2024-05-27 15:00:00,156.807,156.824,156.98617,156.44866,0.449,-1.7,-6.95,-7.17,10,time_exit,18.58445,0.11945,-0.43614,4.6586,tokyo,2024
USDJPY,1,2024-05-27 19:00:00,2024-05-28 05:00:00,156.869,156.71319,156.71319,157.18061,0.5158,-15.6,-73.13,-73.36,10,stop_loss,19.4054,0.10387,0.23034,4.56674,new_york,2024
USDJPY,-1,2024-05-28 06:00:00,2024-05-28 10:00:00,156.755,156.90678,156.90678,156.45144,0.5242,-15.2,-72.4,-72.63,4,stop_loss,14.86434,0.10119,-0.94499,4.23513,tokyo,2024
USDJPY,1,2024-05-29 01:00:00,2024-05-29 09:00:00,157.132,156.95902,156.95902,157.47796,0.4553,-17.3,-71.67,-71.9,8,stop_loss,14.48379,0.11532,2.01395,3.39872,tokyo,2024
USDJPY,-1,2024-05-29 11:00:00,2024-05-29 16:00:00,157.151,157.34333,157.34333,156.76635,0.4054,-19.2,-70.95,-71.18,5,stop_loss,20.27175,0.12822,1.08817,3.3829,london,2024
USDJPY,-1,2024-05-31 00:00:00,2024-05-31 10:00:00,156.778,157.03137,157.03137,156.27126,0.3047,-25.3,-70.25,-70.48,10,stop_loss,38.2197,0.16891,-1.37806,1.70377,tokyo,2024
USDJPY,1,2024-05-31 22:00:00,2024-06-03 08:00:00,157.265,157.412,156.96187,157.87127,0.2521,14.7,33.72,33.5,10,time_exit,18.25448,0.20209,1.15807,1.14678,,2024
USDJPY,1,2024-06-03 12:00:00,2024-06-03 13:00:00,157.059,156.7934,156.7934,157.5902,0.2891,-26.6,-69.87,-70.1,1,stop_loss,12.65429,0.17707,-0.33011,1.47336,london,2024
USDJPY,1,2024-06-03 22:00:00,2024-06-04 08:00:00,156.224,156.197,155.91829,156.83542,0.2486,-2.7,-6.11,-6.34,10,time_exit,29.1319,0.20381,-3.29845,0.37368,,2024
USDJPY,1,2024-06-04 19:00:00,2024-06-05 05:00:00,154.873,155.481,154.40031,155.81838,0.1607,60.8,88.91,88.68,10,time_exit,47.55163,0.31513,-4.0644,-1.43379,new_york,2024
USDJPY,-1,2024-06-05 14:00:00,2024-06-05 17:00:00,156.07,156.43343,156.43343,155.34315,0.2117,-36.3,-70.01,-70.24,3,stop_loss,35.27451,0.24228,1.16715,-2.50027,london,2024
USDJPY,-1,2024-06-05 23:00:00,2024-06-06 04:00:00,156.09,155.37935,156.44533,155.37935,0.2143,71.1,138.59,138.36,5,take_profit,28.88374,0.23688,0.86507,-2.04439,,2024
USDJPY,-1,2024-06-06 19:00:00,2024-06-07 05:00:00,155.982,155.813,156.40467,155.13666,0.1838,16.9,28.27,28.04,10,time_exit,14.90051,0.28178,0.14837,-1.26457,new_york,2024
USDJPY,-1,2024-06-11 18:00:00,2024-06-12 04:00:00,157.32,157.138,157.57105,156.8179,0.3106,18.2,51.44,51.21,10,time_exit,23.24234,0.16737,2.47936,2.35854,new_york,2024
USDJPY,1,2024-06-13 03:00:00,2024-06-13 13:00:00,156.8,157.176,156.41989,157.56022,0.2066,37.6,70.69,70.46,10,time_exit,23.23736,0.25341,-0.01673,0.78568,tokyo,2024
USDJPY,-1,2024-06-14 00:00:00,2024-06-14 04:00:00,156.976,157.29218,157.29218,156.34365,0.2509,-31.6,-72.19,-72.42,4,stop_loss,21.44997,0.21078,0.34983,1.16379,tokyo,2024
USDJPY,1,2024-06-14 19:00:00,2024-06-17 05:00:00,157.287,157.446,156.76827,158.32447,0.1514,15.9,21.91,21.68,10,time_exit,15.72309,0.34582,0.33328,1.05232,new_york,2024
USDJPY,-1,2024-06-17 05:00:00,2024-06-17 14:00:00,157.49,157.86354,157.86354,156.74292,0.2108,-37.4,-71.66,-71.88,9,stop_loss,13.09727,0.24903,0.97731,1.53876,tokyo,2024
USDJPY,-1,2024-06-18 23:00:00,2024-06-19 09:00:00,157.868,157.668,158.13257,157.33886,0.2947,20.0,53.64,53.41,10,time_exit,15.45767,0.17638,0.90566,3.01661,,2024
USDJPY,-1,2024-06-19 14:00:00,2024-06-19 21:00:00,157.833,158.01628,158.01628,157.46643,0.4286,-18.3,-71.49,-71.71,7,stop_loss,16.98951,0.12219,0.62653,4.0178,london,2024
USDJPY,-1,2024-06-19 23:00:00,2024-06-20 07:00:00,158.009,158.1441,158.1441,157.73879,0.5756,-13.5,-70.77,-70.99,8,stop_loss,12.48119,0.09007,2.19105,5.42306,,2024
USDJPY,-1,2024-06-20 17:00:00,2024-06-20 19:00:00,158.707,158.90564,158.90564,158.30973,0.3876,-19.9,-70.06,-70.29,2,stop_loss,21.26907,0.13242,5.02887,4.30213,new_york,2024
USDJPY,-1,2024-06-21 11:00:00,2024-06-21 13:00:00,158.774,158.9826,158.9826,158.3568,0.3654,-20.9,-69.36,-69.59,2,stop_loss,24.61826,0.13907,2.09742,5.58197,london,2024
USDJPY,1,2024-06-21 21:00:00,2024-06-24 07:00:00,159.58,159.755,159.32751,160.08499,0.2988,17.5,47.58,47.36,10,time_exit,28.06529,0.16833,5.08899,5.20025,new_york,2024
USDJPY,1,2024-06-24 21:00:00,2024-06-25 03:00:00,159.71,159.42532,159.42532,160.27936,0.2669,-28.5,-69.14,-69.37,6,stop_loss,34.97016,0.18979,2.14709,5.61742,new_york,2024
USDJPY,1,2024-06-25 21:00:00,2024-06-26 07:00:00,159.731,159.753,159.51804,160.15693,0.3531,2.2,7.07,6.84,10,time_exit,24.43312,0.14198,1.89071,6.65715,new_york,2024
USDJPY,-1,2024-06-27 03:00:00,2024-06-27 13:00:00,160.632,160.437,160.85625,160.18349,0.3357,19.5,59.57,59.34,10,time_exit,30.94538,0.1495,3.89027,7.33599,tokyo,2024
USDJPY,-1,2024-06-27 23:00:00,2024-06-28 03:00:00,160.82,161.02934,161.02934,160.40133,0.3627,-20.9,-69.09,-69.32,4,stop_loss,13.74315,0.13956,3.44727,7.84758,,2024
USDJPY,1,2024-07-01 05:00:00,2024-07-01 15:00:00,160.927,161.358,160.62408,161.53284,0.2482,43.1,97.35,97.12,10,time_exit,12.71513,0.20195,1.20733,5.09104,tokyo,2024
USDJPY,-1,2024-07-01 21:00:00,2024-07-02 07:00:00,161.502,161.678,161.79542,160.91517,0.2598,-17.6,-41.61,-41.84,10,time_exit,15.49278,0.19561,2.83574,5.42915,new_york,2024
USDJPY,-1,2024-07-03 21:00:00,2024-07-04 07:00:00,161.497,161.5,161.77179,160.94741,0.2758,-0.3,-0.75,-0.98,10,time_exit,32.1318,0.1832,-0.1546,5.37434,new_york,2024
USDJPY,1,2024-07-08 13:00:00,2024-07-08 15:00:00,161.038,160.7307,160.7307,161.6526,0.2466,-30.7,-68.96,-69.19,2,stop_loss,37.60375,0.20487,0.56401,0.81984,london,2024
USDJPY,-1,2024-07-10 07:00:00,2024-07-10 17:00:00,161.431,161.62838,161.62838,161.03623,0.38,-19.7,-68.26,-68.48,10,stop_loss,28.05865,0.13159,2.37638,1.91871,tokyo,2024
USDJPY,1,2024-07-10 21:00:00,2024-07-11 02:00:00,161.747,161.56221,161.56221,162.11659,0.4018,-18.5,-67.57,-67.8,5,stop_loss,33.09853,0.1232,3.50818,2.89728,new_york,2024
USDJPY,-1,2024-07-12 07:00:00,2024-07-12 16:00:00,159.234,157.87946,159.91127,157.87946,0.1085,135.5,133.74,133.51,9,take_profit,54.03076,0.45151,-2.25579,-1.07928,tokyo,2024
USDJPY,1,2024-07-12 20:00:00,2024-07-15 06:00:00,157.879,157.972,157.17981,159.27738,0.1072,9.3,9.07,8.84,10,time_exit,59.90308,0.46613,-3.70906,-1.90213,new_york,2024
USDJPY,1,2024-07-15 09:00:00,2024-07-15 19:00:00,157.956,157.49649,157.49649,158.87501,0.1634,-46.0,-68.33,-68.55,10,stop_loss,55.22768,0.30634,-3.31893,-3.9912,london,2024
USDJPY,-1,2024-07-16 11:00:00,2024-07-16 15:00:00,158.499,158.83936,158.83936,157.81828,0.2184,-34.0,-67.64,-67.87,4,stop_loss,25.86855,0.22691,0.01863,-5.45643,london,2024
USDJPY,1,2024-07-16 19:00:00,2024-07-17 05:00:00,158.575,158.417,158.24185,159.2413,0.2208,-15.8,-31.75,-31.97,10,time_exit,20.04734,0.2221,0.30816,-5.10931,new_york,2024
USDJPY,1,2024-07-22 11:00:00,2024-07-22 21:00:00,156.811,157.067,156.4083,157.61641,0.1818,25.6,42.35,42.12,10,time_exit,18.32425,0.26847,-1.62884,-3.47119,london,2024
USDJPY,1,2024-07-23 12:00:00,2024-07-23 20:00:00,156.012,155.5963,155.5963,156.84339,0.1773,-41.6,-67.07,-67.3,8,stop_loss,31.44765,0.27713,-3.16443,-3.50288,london,2024
USDJPY,-1,2024-07-24 05:00:00,2024-07-24 08:00:00,155.25,154.52361,155.61319,154.52361,0.2009,72.6,132.8,132.57,3,take_profit,40.1284,0.24213,-4.48031,-4.96065,tokyo,2024
USDJPY,-1,2024-07-24 15:00:00,2024-07-24 17:00:00,154.191,153.16833,154.70233,153.16833,0.1455,102.3,135.41,135.18,2,take_profit,46.70296,0.34089,-4.69791,-4.32471,london,2024
USDJPY,1,2024-07-24 18:00:00,2024-07-25 04:00:00,153.272,152.70291,152.70291,154.41019,0.1334,-56.9,-69.08,-69.31,10,stop_loss,51.27056,0.3794,-5.95246,-4.27586,new_york,2024
USDJPY,-1,2024-07-25 05:00:00,2024-07-25 15:00:00,152.863,153.47782,153.47782,151.63335,0.1222,-61.5,-68.37,-68.6,10,stop_loss,48.7456,0.40988,-4.84872,-4.72768,tokyo,2024
USDJPY,1,2024-07-25 19:00:00,2024-07-26 05:00:00,153.98,153.923,153.19491,155.55019,0.0947,-5.7,-4.91,-5.14,10,time_exit,39.82948,0.5234,-0.09417,-4.29794,new_york,2024
USDJPY,-1,2024-07-29 20:00:00,2024-07-30 06:00:00,153.944,154.074,154.43442,152.96315,0.1515,-13.0,-17.92,-18.15,10,time_exit,15.73039,0.32695,0.33046,-4.56117,new_york,2024
USDJPY,-1,2024-08-02 01:00:00,2024-08-02 11:00:00,149.288,149.071,149.99549,147.87302,0.1048,21.7,20.69,20.47,10,time_exit,20.61011,0.47166,-3.02157,-5.40766,tokyo,2024
USDJPY,1,2024-08-02 15:00:00,2024-08-02 16:00:00,149.009,148.37288,148.37288,150.28124,0.1169,-63.6,-67.67,-67.9,1,stop_loss,24.91288,0.42408,-2.43838,-6.33401,london,2024
USDJPY,1,2024-08-05 13:00:00,2024-08-05 23:00:00,142.294,144.166,140.97517,144.93167,0.0558,187.2,95.06,94.83,10,time_exit,60.50954,0.87922,-5.38253,-4.79432,london,2024
USDJPY,1,2024-08-06 15:00:00,2024-08-07 01:00:00,145.156,144.562,143.91549,147.63703,0.0602,-59.4,-32.54,-32.77,10,time_exit,26.17681,0.82701,-0.36992,-5.10002,london,2024
USDJPY,-1,2024-08-07 03:00:00,2024-08-07 04:00:00,144.74,145.67944,145.67944,142.86111,0.0791,-93.9,-67.62,-67.85,1,stop_loss,15.43777,0.6263,-0.72559,-6.27315,tokyo,2024
USDJPY,-1,2024-08-07 10:00:00,2024-08-07 20:00:00,146.583,147.036,147.76443,144.22015,0.0622,-45.3,-25.64,-25.87,10,time_exit,25.62775,0.78762,1.29523,-4.3113,london,2024
USDJPY,-1,2024-08-08 11:00:00,2024-08-08 15:00:00,145.874,146.72355,146.72355,144.17491,0.0862,-85.0,-66.64,-66.87,4,stop_loss,20.84238,0.56636,-0.62915,-3.9386,london,2024
USDJPY,-1,2024-08-09 07:00:00,2024-08-09 17:00:00,147.231,146.543,147.89144,145.91012,0.1098,68.8,68.74,68.52,10,time_exit,23.7937,0.44029,1.15929,-3.37784,tokyo,2024
USDJPY,1,2024-08-12 18:00:00,2024-08-12 19:00:00,147.877,147.47597,147.47597,148.67906,0.1827,-40.1,-66.67,-66.9,1,stop_loss,23.26726,0.26735,3.09792,-3.09092,new_york,2024
USDJPY,1,2024-08-14 13:00:00,2024-08-14 15:00:00,147.103,146.62483,146.62483,148.05933,0.1517,-47.8,-66.01,-66.24,2,stop_loss,25.45654,0.31878,-0.00328,-1.65002,london,2024
USDJPY,-1,2024-08-15 01:00:00,2024-08-15 11:00:00,147.242,147.339,147.68569,146.35462,0.1618,-9.7,-14.28,-14.51,10,time_exit,18.32992,0.29579,0.4724,-1.57606,tokyo,2024
USDJPY,1,2024-08-19 19:00:00,2024-08-20 05:00:00,146.424,147.005,145.81908,147.63383,0.1184,58.1,62.6,62.37,10,time_exit,36.27598,0.40328,-2.10744,-0.85991,new_york,2024
USDJPY,1,2024-08-20 15:00:00,2024-08-20 17:00:00,146.376,145.833,145.833,147.462,0.1332,-54.3,-65.82,-66.05,2,stop_loss,20.36391,0.362,-1.55217,-1.40679,london,2024
USDJPY,-1,2024-08-20 20:00:00,2024-08-21 06:00:00,145.397,145.478,145.95783,144.27534,0.1277,-8.1,-9.41,-9.64,10,time_exit,26.48991,0.37389,-3.55942,-1.70788,new_york,2024
USDJPY,-1,2024-08-22 00:00:00,2024-08-22 10:00:00,145.165,145.248,145.74342,144.00816,0.1236,-8.3,-9.34,-9.56,10,time_exit,18.15588,0.38561,-1.62134,-2.63311,tokyo,2024
USDJPY,-1,2024-08-26 18:00:00,2024-08-27 03:00:00,144.149,144.68508,144.68508,143.07683,0.1332,-53.6,-64.98,-65.21,9,stop_loss,32.51218,0.35739,-1.72105,-3.5099,new_york,2024
USDJPY,-1,2024-08-29 07:00:00,2024-08-29 15:00:00,144.528,144.90495,144.90495,143.7741,0.1875,-37.7,-64.32,-64.54,8,stop_loss,10.18,0.2513,0.11125,-3.22005,tokyo,2024
USDJPY,1,2024-08-29 18:00:00,2024-08-29 19:00:00,145.35,144.90596,144.90596,146.23808,0.1576,-44.4,-63.68,-63.91,1,stop_loss,19.06098,0.29603,2.44443,-2.14088,new_york,2024
USDJPY,-1,2024-08-29 22:00:00,2024-08-30 08:00:00,144.779,144.858,145.19662,143.94377,0.1659,-7.9,-11.93,-12.15,10,time_exit,19.23429,0.27841,0.40452,-2.0793,,2024
USDJPY,-1,2024-09-02 07:00:00,2024-09-02 10:00:00,145.952,146.32805,146.32805,145.19991,0.1838,-37.6,-62.9,-63.12,3,stop_loss,37.64247,0.2507,2.12926,0.34994,tokyo,2024
USDJPY,1,2024-09-03 13:00:00,2024-09-03 16:00:00,145.938,145.53617,145.53617,146.74167,0.1703,-40.2,-62.27,-62.5,3,stop_loss,34.96315,0.26789,-1.03017,2.07686,london,2024
USDJPY,1,2024-09-04 23:00:00,2024-09-05 02:00:00,143.824,143.35256,143.35256,144.76688,0.1437,-47.1,-61.65,-61.88,3,stop_loss,51.22862,0.31429,-4.59229,-0.73991,,2024
USDJPY,-1,2024-09-05 14:00:00,2024-09-05 17:00:00,143.492,143.95572,143.95572,142.56456,0.1446,-46.4,-61.02,-61.25,3,stop_loss,55.99163,0.30915,-3.28328,-2.35061,london,2024
USDJPY,1,2024-09-05 18:00:00,2024-09-05 20:00:00,143.92,143.3564,143.3564,145.0472,0.1178,-56.4,-60.42,-60.64,2,stop_loss,53.03347,0.37573,-1.13968,-2.17212,new_york,2024
USDJPY,-1,2024-09-06 07:00:00,2024-09-06 10:00:00,143.032,142.21245,143.44178,142.21245,0.1604,82.0,119.63,119.4,3,take_profit,31.3818,0.27318,-3.29905,-3.68568,tokyo,2024
USDJPY,-1,2024-09-06 12:00:00,2024-09-06 14:00:00,142.616,143.0721,143.0721,141.7038,0.147,-45.6,-61.01,-61.24,2,stop_loss,37.38896,0.30407,-3.55317,-3.72245,london,2024
USDJPY,1,2024-09-10 06:00:00,2024-09-10 13:00:00,143.404,142.96412,142.96412,144.28376,0.1509,-44.0,-60.4,-60.63,7,stop_loss,12.07417,0.29325,0.92191,-3.55477,tokyo,2024
USDJPY,-1,2024-09-10 13:00:00,2024-09-10 18:00:00,143.162,142.30054,143.59273,142.30054,0.1525,86.1,119.55,119.32,5,take_profit,11.17397,0.28715,-0.05738,-3.27343,london,2024
USDJPY,1,2024-09-11 01:00:00,2024-09-11 04:00:00,142.408,141.99887,141.99887,143.22627,0.1638,-40.9,-60.98,-61.21,3,stop_loss,22.0156,0.27276,-1.9934,-3.64926,tokyo,2024
USDJPY,1,2024-09-11 20:00:00,2024-09-12 06:00:00,141.949,142.593,141.31835,143.21031,0.1052,64.4,61.65,61.42,10,time_exit,29.0304,0.42044,-0.81472,-3.02136,new_york,2024
USDJPY,1,2024-09-12 15:00:00,2024-09-12 16:00:00,142.569,142.10189,142.10189,143.50322,0.1435,-46.7,-61.0,-61.23,1,stop_loss,20.40483,0.31141,0.41863,-3.04336,london,2024
USDJPY,1,2024-09-17 01:00:00,2024-09-17 11:00:00,140.608,140.574,140.18955,141.4449,0.1586,-3.4,-4.91,-5.13,10,time_exit,21.92448,0.27897,-0.71582,-5.20788,tokyo,2024
USDJPY,1,2024-09-17 20:00:00,2024-09-18 06:00:00,141.736,141.397,141.25962,142.68876,0.1392,-33.9,-42.94,-43.17,10,time_exit,21.35651,0.31759,2.6766,-3.57639,new_york,2024
USDJPY,-1,2024-09-19 17:00:00,2024-09-20 03:00:00,143.332,142.412,144.09126,141.81348,0.0867,92.0,72.59,72.36,10,time_exit,15.0264,0.50617,2.19754,0.19357,new_york,2024
USDJPY,-1,2024-09-20 13:00:00,2024-09-20 23:00:00,143.939,143.893,144.60847,142.60006,0.0995,4.6,4.17,3.94,10,time_exit,14.44405,0.44631,3.07099,0.71686,london,2024
USDJPY,-1,2024-09-23 03:00:00,2024-09-23 13:00:00,144.083,143.375,144.66328,142.92244,0.1149,70.8,74.03,73.8,10,time_exit,16.04689,0.38685,2.34698,1.8053,tokyo,2024
USDJPY,-1,2024-09-25 06:00:00,2024-09-25 10:00:00,143.35,143.81137,143.81137,142.42726,0.1462,-46.1,-61.38,-61.61,4,stop_loss,21.36475,0.30758,-0.68507,1.93853,tokyo,2024
USDJPY,-1,2024-09-25 18:00:00,2024-09-25 23:00:00,144.36,144.79827,144.79827,143.48346,0.1524,-43.8,-60.78,-61.01,5,stop_loss,21.41415,0.29218,2.2355,2.17339,new_york,2024
USDJPY,-1,2024-09-26 06:00:00,2024-09-26 16:00:00,144.838,144.598,145.20627,144.10146,0.1795,24.0,39.2,38.98,10,time_exit,25.22219,0.24551,3.12133,3.34587,tokyo,2024
USDJPY,1,2024-09-30 11:00:00,2024-09-30 21:00:00,142.368,143.63647,141.73376,143.63647,0.1049,126.8,121.09,120.86,10,take_profit,28.01561,0.42282,-2.11978,-0.3128,london,2024
USDJPY,-1,2024-10-01 05:00:00,2024-10-01 06:00:00,143.718,144.23996,144.23996,142.67409,0.13,-52.2,-61.75,-61.97,1,stop_loss,24.55964,0.34797,1.20416,-0.21877,tokyo,2024
USDJPY,-1,2024-10-01 20:00:00,2024-10-02 06:00:00,143.634,144.134,144.23997,142.42206,0.1109,-50.0,-50.46,-50.69,10,time_exit,21.16293,0.40398,0.17887,0.281,new_york,2024
USDJPY,1,2024-10-02 09:00:00,2024-10-02 13:00:00,143.713,144.70664,143.21618,144.70664,0.1341,99.4,121.26,121.03,4,take_profit,13.44586,0.33121,0.21097,0.47432,london,2024
USDJPY,-1,2024-10-07 07:00:00,2024-10-07 17:00:00,148.409,148.222,148.88213,147.46275,0.1437,18.7,24.45,24.23,10,time_exit,42.14097,0.31542,3.41342,6.53259,tokyo,2024
USDJPY,-1,2024-10-07 17:00:00,2024-10-08 03:00:00,147.921,147.823,148.3933,146.9764,0.1445,9.8,12.89,12.66,10,time_exit,28.43135,0.31487,0.83863,6.65144,new_york,2024
USDJPY,-1,2024-10-09 15:00:00,2024-10-09 16:00:00,148.724,149.05876,149.05876,148.05448,0.2042,-33.5,-62.21,-62.43,1,stop_loss,13.12821,0.22317,2.48448,7.34722,london,2024
USDJPY,-1,2024-10-10 10:00:00,2024-10-10 15:00:00,149.12,149.4203,149.4203,148.5194,0.2254,-30.0,-61.6,-61.82,5,stop_loss_ambiguous,19.71392,0.2002,1.97154,8.64768,london,2024
USDJPY,-1,2024-10-11 20:00:00,2024-10-14 02:00:00,149.005,149.34994,149.34994,148.31511,0.1942,-34.5,-60.96,-61.19,6,stop_loss,11.63534,0.22996,0.82439,5.64011,new_york,2024
USDJPY,-1,2024-10-15 10:00:00,2024-10-15 20:00:00,149.31,149.434,149.56551,148.79897,0.2596,-12.4,-29.29,-29.52,10,time_exit,22.48609,0.17034,-0.57164,7.37256,london,2024
USDJPY,1,2024-10-16 05:00:00,2024-10-16 15:00:00,149.03,149.454,148.71298,149.66404,0.2082,42.4,80.33,80.1,10,time_exit,32.09855,0.21135,-1.27921,4.57561,tokyo,2024
USDJPY,1,2024-10-18 02:00:00,2024-10-18 03:00:00,150.213,149.95357,149.95357,150.73186,0.2578,-25.9,-60.86,-61.09,1,stop_loss,28.46455,0.17295,2.85886,5.15154,tokyo,2024
USDJPY,1,2024-10-18 04:00:00,2024-10-18 08:00:00,150.048,149.77655,149.77655,150.59091,0.2439,-27.1,-60.25,-60.48,4,stop_loss,27.34701,0.18097,1.67392,4.93871,tokyo,2024
USDJPY,1,2024-10-21 06:00:00,2024-10-21 10:00:00,149.224,149.82121,148.92539,149.82121,0.2195,59.7,119.29,119.06,4,take_profit,30.63287,0.19907,-2.26913,3.17564,tokyo,2024
USDJPY,-1,2024-10-22 14:00:00,2024-10-22 19:00:00,150.846,151.15943,151.15943,150.21915,0.2133,-31.3,-60.84,-61.06,5,stop_loss,33.61262,0.20895,2.51438,4.26775,london,2024
USDJPY,-1,2024-10-23 19:00:00,2024-10-24 05:00:00,152.821,152.432,153.1783,152.1064,0.1853,38.9,65.59,65.37,10,time_exit,53.32427,0.2382,5.52715,6.15179,new_york,2024
USDJPY,-1,2024-10-25 04:00:00,2024-10-25 14:00:00,152.008,151.796,152.3571,151.3098,0.1917,21.2,36.98,36.76,10,time_exit,25.92883,0.23273,0.34771,5.53321,tokyo,2024
USDJPY,-1,2024-10-28 05:00:00,2024-10-28 13:00:00,153.85,152.85835,154.34582,152.85835,0.1358,99.2,122.55,122.32,8,take_profit,29.1798,0.33055,4.96852,3.65646,tokyo,2024
USDJPY,-1,2024-10-28 13:00:00,2024-10-28 23:00:00,152.931,153.297,153.39862,151.99576,0.1468,-36.6,-48.89,-49.12,10,time_exit,36.56821,0.31175,1.28742,4.32044,london,2024
USDJPY,1,2024-10-30 00:00:00,2024-10-30 10:00:00,153.351,153.33,152.99179,154.06942,0.1896,-2.1,-3.62,-3.85,10,time_exit,13.53999,0.23947,1.13913,5.46825,tokyo,2024
USDJPY,1,2024-10-30 18:00:00,2024-10-31 04:00:00,153.263,153.493,152.82295,154.14309,0.1547,23.0,32.38,32.15,10,time_exit,16.30257,0.29336,0.41679,3.8272,new_york,2024
USDJPY,1,2024-10-31 08:00:00,2024-10-31 09:00:00,152.919,152.52184,152.52184,153.71332,0.1723,-39.7,-62.27,-62.5,1,stop_loss,12.52004,0.26477,-1.03313,3.82218,tokyo,2024
USDJPY,1,2024-10-31 14:00:00,2024-10-31 21:00:00,152.467,151.96685,151.96685,153.4673,0.1354,-50.0,-61.63,-61.85,7,stop_loss,25.22676,0.33343,-1.69906,2.5114,london,2024
USDJPY,-1,2024-11-01 04:00:00,2024-11-01 07:00:00,152.034,152.50045,152.50045,151.1011,0.1438,-46.6,-61.04,-61.27,3,stop_loss,34.22726,0.31097,-2.13047,1.57354,tokyo,2024
USDJPY,-1,2024-11-01 23:00:00,2024-11-04 02:00:00,152.969,152.06681,153.42009,152.06681,0.1472,90.2,120.85,120.62,3,take_profit,16.03078,0.30073,0.98203,1.31337,,2024
USDJPY,-1,2024-11-04 20:00:00,2024-11-05 03:00:00,152.011,152.44353,152.44353,151.14594,0.1566,-43.3,-61.64,-61.87,7,stop_loss,24.20995,0.28835,-0.88887,0.16635,new_york,2024
USDJPY,1,2024-11-05 04:00:00,2024-11-05 14:00:00,152.273,152.291,151.923,152.973,0.1915,1.8,3.14,2.91,10,time_exit,16.86288,0.23333,0.11115,0.11969,tokyo,2024
USDJPY,-1,2024-11-05 15:00:00,2024-11-05 19:00:00,152.292,151.69701,152.58949,151.69701,0.2254,59.5,122.04,121.81,4,take_profit,11.31966,0.19833,0.14581,0.17327,london,2024
USDJPY,1,2024-11-08 10:00:00,2024-11-08 12:00:00,152.64,152.19687,152.19687,153.52626,0.1544,-44.3,-62.26,-62.49,2,stop_loss,23.60386,0.29542,-2.23192,1.63365,london,2024
USDJPY,1,2024-11-08 16:00:00,2024-11-11 02:00:00,152.745,153.146,152.2924,153.6502,0.1496,40.1,54.59,54.36,10,time_exit,26.23304,0.30173,-1.20281,1.04626,new_york,2024
USDJPY,1,2024-11-11 15:00:00,2024-11-12 01:00:00,153.793,153.524,153.4447,154.4896,0.1961,-26.9,-48.0,-48.23,10,time_exit,28.09941,0.2322,2.53931,1.42826,london,2024
USDJPY,1,2024-11-14 09:00:00,2024-11-14 16:00:00,155.922,155.5793,155.5793,156.60741,0.1978,-34.3,-61.69,-61.91,7,stop_loss,33.91955,0.22847,4.07328,5.28128,london,2024
USDJPY,-1,2024-11-18 01:00:00,2024-11-18 03:00:00,154.528,155.06536,155.06536,153.45328,0.1249,-53.7,-61.08,-61.3,2,stop_loss,37.2215,0.35824,-2.19059,2.59581,tokyo,2024
USDJPY,-1,2024-11-18 11:00:00,2024-11-18 21:00:00,154.955,154.739,155.55008,153.76485,0.1116,21.6,21.94,21.71,10,time_exit,29.3566,0.39672,-0.34068,1.72164,london,2024
USDJPY,1,2024-11-19 14:00:00,2024-11-19 15:00:00,154.084,153.50702,153.50702,155.23795,0.1155,-57.7,-60.64,-60.87,1,stop_loss,29.94029,0.38465,-1.4673,0.57314,london,2024
USDJPY,-1,2024-11-19 21:00:00,2024-11-20 07:00:00,154.589,155.19,155.20801,153.35099,0.1066,-60.1,-58.3,-58.53,10,time_exit,26.67779,0.41267,0.12927,0.30381,new_york,2024
USDJPY,-1,2024-11-20 21:00:00,2024-11-21 07:00:00,155.342,155.189,155.77893,154.46815,0.1496,15.3,20.83,20.6,10,time_exit,22.36208,0.29128,1.11307,1.46432,new_york,2024
USDJPY,-1,2024-11-22 07:00:00,2024-11-22 08:00:00,154.425,154.8492,154.8492,153.5766,0.1546,-42.4,-59.68,-59.91,1,stop_loss,29.60749,0.2828,-0.92306,0.26682,tokyo,2024
USDJPY,1,2024-11-25 18:00:00,2024-11-26 03:00:00,154.37,153.8428,153.8428,155.4244,0.1232,-52.7,-59.11,-59.33,9,stop_loss,17.4735,0.35147,-0.19862,-0.31737,new_york,2024
USDJPY,1,2024-11-26 09:00:00,2024-11-26 14:00:00,154.053,153.56951,153.56951,155.01999,0.1329,-48.3,-58.47,-58.7,5,stop_loss,12.38989,0.32233,-0.64341,-0.68402,london,2024
USDJPY,-1,2024-11-28 09:00:00,2024-11-28 19:00:00,151.55,151.492,152.02323,150.60353,0.1345,5.8,7.1,6.87,10,time_exit,27.34365,0.31549,-1.95808,-4.48965,london,2024
USDJPY,-1,2024-12-02 04:00:00,2024-12-02 14:00:00,150.534,150.135,151.04984,149.50231,0.1235,39.9,44.84,44.61,10,time_exit,33.66577,0.3439,-0.34891,-5.44253,tokyo,2024
USDJPY,1,2024-12-04 04:00:00,2024-12-04 12:00:00,149.927,150.8894,149.4458,150.8894,0.1334,96.2,116.83,116.6,8,take_profit,14.26019,0.3208,0.32458,-5.1558,tokyo,2024
USDJPY,-1,2024-12-04 13:00:00,2024-12-04 23:00:00,150.867,150.621,151.33726,149.92649,0.1392,24.6,31.16,30.93,10,time_exit,25.58862,0.3135,2.90421,-4.50745,london,2024
USDJPY,1,2024-12-05 03:00:00,2024-12-05 08:00:00,150.224,149.75361,149.75361,151.16477,0.1399,-47.0,-59.88,-60.11,5,stop_loss,24.4107,0.31359,0.04875,-3.36681,tokyo,2024
USDJPY,-1,2024-12-10 14:00:00,2024-12-10 17:00:00,151.706,152.06472,152.06472,150.98857,0.1816,-35.9,-59.28,-59.51,3,stop_loss,37.91442,0.23914,3.56805,-0.04447,london,2024
USDJPY,1,2024-12-11 02:00:00,2024-12-11 04:00:00,151.841,151.53407,151.53407,152.45486,0.2101,-30.7,-58.68,-58.91,2,stop_loss,43.97426,0.20462,2.82133,1.36444,tokyo,2024
USDJPY,1,2024-12-13 06:00:00,2024-12-13 16:00:00,152.902,153.598,152.51838,153.66925,0.1664,69.6,105.39,105.16,10,time_exit,13.40624,0.25575,2.39661,2.94853,tokyo,2024
USDJPY,1,2024-12-16 13:00:00,2024-12-16 17:00:00,153.832,154.47828,153.50886,154.47828,0.2012,64.6,118.33,118.1,4,take_profit,15.82251,0.21543,2.79716,5.35668,london,2024
USDJPY,-1,2024-12-16 19:00:00,2024-12-17 05:00:00,154.178,154.045,154.50818,153.51764,0.2008,13.3,24.3,24.08,10,time_exit,20.47348,0.22012,3.45051,5.56327,new_york,2024
USDJPY,-1,2024-12-18 00:00:00,2024-12-18 02:00:00,153.396,153.70591,153.70591,152.77619,0.2148,-31.0,-60.58,-60.8,2,stop_loss,21.77419,0.2066,-0.99313,5.08924,tokyo,2024
USDJPY,-1,2024-12-18 11:00:00,2024-12-18 15:00:00,153.568,153.86488,153.86488,152.97425,0.222,-29.7,-59.97,-60.2,4,stop_loss,14.24327,0.19792,-0.25803,4.61132,london,2024
USDJPY,-1,2024-12-18 23:00:00,2024-12-19 04:00:00,154.685,155.08355,155.08355,153.88789,0.1637,-39.9,-59.37,-59.6,5,stop_loss,21.07851,0.2657,3.528,3.42011,,2024
USDJPY,-1,2024-12-19 09:00:00,2024-12-19 10:00:00,156.108,156.67797,156.67797,154.96806,0.1133,-57.0,-58.77,-58.99,1,stop_loss,37.33758,0.37998,5.01846,3.0094,london,2024
USDJPY,-1,2024-12-19 19:00:00,2024-12-20 05:00:00,157.731,157.069,158.35321,156.48658,0.1028,66.2,61.93,61.7,10,time_exit,52.58379,0.41481,6.21451,4.13347,new_york,2024
USDJPY,1,2024-12-23 15:00:00,2024-12-24 01:00:00,157.139,157.186,156.78,157.85699,0.18,4.7,7.7,7.47,10,time_exit,12.63714,0.23933,2.90363,7.58443,london,2024
USDJPY,1,2024-12-24 01:00:00,2024-12-24 11:00:00,157.135,157.09,156.85945,157.6861,0.2348,-4.5,-9.62,-9.84,10,time_exit,17.45806,0.1837,2.50739,9.82475,tokyo,2024
USDJPY,-1,2024-12-27 09:00:00,2024-12-27 19:00:00,157.756,157.827,157.9998,157.26841,0.2649,-7.1,-17.12,-17.34,10,time_exit,23.74464,0.16253,1.49024,9.33873,london,2024
USDJPY,1,2024-12-30 19:00:00,2024-12-30 21:00:00,157.262,156.92853,156.92853,157.92893,0.1931,-33.3,-58.6,-58.82,2,stop_loss,21.05413,0.22231,-1.72247,5.17302,new_york,2024
