symbol,direction,entry_dt,exit_dt,entry,exit,stop_loss,take_profit,size,pnl_pips,pnl_gross,pnl,bars_held,exit_reason,adx_entry,atr_entry,ema_distance,trend_gap,session,year
GBPJPY,-1,2019-01-14 18:00:00,2019-01-15 04:00:00,139.854,139.864,140.36449,138.83301,0.2153,-1.0,-1.96,-2.28,10,time_exit,19.08283,0.34033,3.07337,0.92117,new_york,2019
GBPJPY,1,2019-01-15 23:00:00,2019-01-16 03:00:00,140.001,139.24645,139.24645,141.5101,0.1456,-75.5,-99.97,-100.29,4,stop_loss,26.45287,0.50303,1.60498,0.92977,,2019
GBPJPY,-1,2019-01-16 11:00:00,2019-01-16 15:00:00,139.647,140.2408,140.2408,138.45939,0.1832,-59.4,-98.99,-99.31,4,stop_loss,15.74341,0.39587,0.82211,1.274,london,2019
GBPJPY,-1,2019-01-17 08:00:00,2019-01-17 16:00:00,140.303,140.72326,140.72326,139.46247,0.2562,-42.0,-97.98,-98.3,8,stop_loss,31.26868,0.28018,1.68049,2.70068,london,2019
GBPJPY,-1,2019-01-21 02:00:00,2019-01-21 12:00:00,140.956,140.949,141.36226,140.14349,0.2624,0.7,1.67,1.35,10,time_exit,24.41735,0.27084,-0.54954,4.64618,,2019
GBPJPY,-1,2019-01-21 17:00:00,2019-01-21 18:00:00,141.076,141.4216,141.4216,140.38481,0.3085,-34.6,-97.02,-97.34,1,stop_loss,22.6253,0.2304,0.06375,4.56983,new_york,2019
GBPJPY,-1,2019-01-24 11:00:00,2019-01-24 21:00:00,143.047,143.178,143.38507,142.37086,0.3122,-13.1,-37.22,-37.54,10,time_exit,39.36266,0.22538,2.28615,6.42041,london,2019
GBPJPY,-1,2019-01-28 03:00:00,2019-01-28 13:00:00,144.333,143.911,144.76567,143.46767,0.243,42.2,93.32,93.0,10,time_exit,37.19702,0.28844,2.22457,5.93235,,2019
GBPJPY,-1,2019-01-29 04:00:00,2019-01-29 10:00:00,143.578,143.93426,143.93426,142.86547,0.2979,-35.6,-96.58,-96.9,6,stop_loss,24.62815,0.23751,-1.0389,5.93536,,2019
GBPJPY,1,2019-01-29 19:00:00,2019-01-29 21:00:00,143.757,143.31219,143.31219,144.64662,0.2362,-44.5,-95.61,-95.93,2,stop_loss,19.08697,0.29654,-0.36025,4.19043,new_york,2019
GBPJPY,1,2019-01-31 06:00:00,2019-01-31 11:00:00,142.988,142.6368,142.6368,143.6904,0.2962,-35.1,-94.66,-94.98,5,stop_loss,15.22525,0.23413,-1.20432,2.15719,,2019
GBPJPY,-1,2019-02-01 20:00:00,2019-02-04 06:00:00,143.351,143.484,143.78749,142.47802,0.2359,-13.3,-28.55,-28.87,10,time_exit,18.44705,0.29099,1.83651,0.26664,new_york,2019
GBPJPY,1,2019-02-04 23:00:00,2019-02-05 09:00:00,143.334,143.311,142.98844,144.02512,0.2971,-2.3,-6.22,-6.54,10,time_exit,22.92244,0.23037,0.37827,1.47671,,2019
GBPJPY,1,2019-02-05 16:00:00,2019-02-05 17:00:00,142.676,142.37123,142.37123,143.28554,0.3366,-30.5,-93.35,-93.67,1,stop_loss,14.72794,0.20318,-2.69078,1.31522,new_york,2019
GBPJPY,1,2019-02-06 13:00:00,2019-02-06 23:00:00,142.184,142.186,141.85292,142.84615,0.3068,0.2,0.56,0.24,10,time_exit,43.84466,0.22072,-2.22777,-0.68848,london,2019
GBPJPY,-1,2019-02-07 16:00:00,2019-02-08 02:00:00,142.367,142.154,142.79391,141.51319,0.2379,21.3,46.11,45.79,10,time_exit,27.72244,0.2846,0.30752,-1.32594,new_york,2019
GBPJPY,1,2019-02-08 22:00:00,2019-02-11 08:00:00,141.975,142.24,141.66973,142.58554,0.3344,26.5,80.64,80.32,10,time_exit,17.38313,0.20351,-1.01393,-1.69579,,2019
GBPJPY,1,2019-02-13 21:00:00,2019-02-14 07:00:00,142.651,142.877,142.27577,143.40146,0.2744,22.6,56.43,56.11,10,time_exit,28.08053,0.25015,0.51942,0.25012,new_york,2019
GBPJPY,-1,2019-02-15 04:00:00,2019-02-15 09:00:00,141.166,141.51327,141.51327,140.47147,0.2982,-34.7,-94.23,-94.55,5,stop_loss,34.77179,0.23151,-4.07702,-1.07957,,2019
GBPJPY,1,2019-02-18 02:00:00,2019-02-18 12:00:00,142.685,143.0,142.3468,143.36141,0.3032,31.5,86.91,86.59,10,time_exit,32.40943,0.22547,3.12192,-1.18652,,2019
GBPJPY,-1,2019-02-18 20:00:00,2019-02-19 06:00:00,142.906,142.743,143.17437,142.36925,0.3856,16.3,57.2,56.88,10,time_exit,40.37836,0.17892,2.7052,0.43779,new_york,2019
GBPJPY,-1,2019-02-19 16:00:00,2019-02-19 17:00:00,143.312,143.63353,143.63353,142.66893,0.3238,-32.2,-94.74,-95.06,1,stop_loss,27.48381,0.21436,2.77236,1.24179,new_york,2019
GBPJPY,-1,2019-02-21 17:00:00,2019-02-22 03:00:00,144.471,144.327,144.89737,143.61827,0.2417,14.4,31.67,31.35,10,time_exit,14.75393,0.28424,0.58937,3.67262,new_york,2019
GBPJPY,1,2019-02-22 05:00:00,2019-02-22 14:00:00,144.399,144.06628,144.06628,145.06444,0.3108,-33.3,-94.1,-94.42,9,stop_loss,18.56928,0.22181,0.2848,4.26379,,2019
GBPJPY,1,2019-02-22 15:00:00,2019-02-22 17:00:00,143.919,144.52228,143.61736,144.52228,0.3394,60.3,186.33,186.01,2,take_profit,18.97058,0.20109,-2.01338,4.20599,london,2019
GBPJPY,1,2019-02-25 05:00:00,2019-02-25 15:00:00,144.554,144.789,144.22296,145.21608,0.3154,23.5,67.45,67.13,10,time_exit,18.13781,0.22069,0.64361,3.62235,,2019
GBPJPY,1,2019-02-25 20:00:00,2019-02-26 06:00:00,145.473,145.503,145.08911,146.24078,0.2739,3.0,7.48,7.16,10,time_exit,26.07237,0.25593,3.39536,3.22044,new_york,2019
GBPJPY,-1,2019-02-27 01:00:00,2019-02-27 11:00:00,146.568,146.665,147.02503,145.65393,0.2302,-9.7,-20.32,-20.64,10,time_exit,54.22439,0.30469,2.9735,4.3143,,2019
GBPJPY,1,2019-03-04 02:00:00,2019-03-04 12:00:00,148.171,147.85,147.75985,148.9933,0.2554,-32.1,-74.6,-74.92,10,time_exit,27.35462,0.2741,1.62399,6.08144,,2019
GBPJPY,1,2019-03-08 00:00:00,2019-03-08 07:00:00,145.934,145.51657,145.51657,146.76885,0.2496,-41.7,-94.81,-95.13,7,stop_loss,28.3316,0.27828,-3.09171,0.5495,,2019
GBPJPY,-1,2019-03-08 15:00:00,2019-03-08 19:00:00,145.25,144.43887,145.65556,144.43887,0.2543,81.1,187.71,187.39,4,take_profit,34.6031,0.27038,-3.7546,-0.97085,london,2019
GBPJPY,-1,2019-03-11 17:00:00,2019-03-11 19:00:00,145.406,145.9395,145.9395,144.339,0.1972,-53.3,-95.74,-96.06,2,stop_loss,27.79981,0.35567,0.76089,-2.61504,new_york,2019
GBPJPY,-1,2019-03-12 18:00:00,2019-03-13 04:00:00,146.006,145.497,146.85687,144.30425,0.1224,50.9,56.69,56.38,10,time_exit,36.68028,0.56725,-0.0812,-0.22789,new_york,2019
GBPJPY,-1,2019-03-14 12:00:00,2019-03-14 13:00:00,148.618,147.47715,149.18843,147.47715,0.1836,114.1,190.61,190.29,1,take_profit,45.21038,0.38028,4.42934,1.41982,london,2019
GBPJPY,1,2019-03-15 13:00:00,2019-03-15 23:00:00,148.056,148.224,147.53337,149.10126,0.2044,16.8,31.25,30.93,10,time_exit,22.76524,0.34842,1.35085,2.41415,london,2019
GBPJPY,-1,2019-03-19 10:00:00,2019-03-19 20:00:00,147.741,147.772,148.06138,147.10024,0.3346,-3.1,-9.44,-9.76,10,time_exit,19.97863,0.21359,-0.07591,2.84354,london,2019
GBPJPY,1,2019-03-19 20:00:00,2019-03-20 06:00:00,147.847,147.953,147.46647,148.60805,0.2814,10.6,27.14,26.83,10,time_exit,14.45481,0.25368,0.37407,2.15325,new_york,2019
GBPJPY,1,2019-03-20 12:00:00,2019-03-20 15:00:00,147.555,147.27548,147.27548,148.11404,0.3841,-28.0,-97.7,-98.02,3,stop_loss,16.63019,0.18635,-1.26257,2.64388,london,2019
GBPJPY,-1,2019-03-21 22:00:00,2019-03-22 00:00:00,144.842,145.47788,145.47788,143.57024,0.1672,-63.6,-96.75,-97.07,2,stop_loss,46.5921,0.42392,-3.37342,-1.51588,,2019
GBPJPY,1,2019-03-22 09:00:00,2019-03-22 11:00:00,145.625,145.15582,145.15582,146.56335,0.2243,-46.9,-95.76,-96.08,2,stop_loss,30.08494,0.31278,-1.10126,-2.52097,london,2019
GBPJPY,1,2019-03-22 21:00:00,2019-03-25 07:00:00,145.255,145.065,144.65753,146.44994,0.1744,-19.0,-30.15,-30.47,10,time_exit,24.97334,0.39831,-0.97074,-2.33695,new_york,2019
GBPJPY,1,2019-03-26 19:00:00,2019-03-27 05:00:00,146.009,145.8,145.46481,147.09738,0.1908,-20.9,-36.29,-36.61,10,time_exit,20.63892,0.36279,1.37468,-1.7081,new_york,2019
GBPJPY,1,2019-03-28 13:00:00,2019-03-28 19:00:00,144.944,144.42438,144.42438,145.98323,0.1991,-52.0,-94.14,-94.46,6,stop_loss,25.19231,0.34641,-1.81773,-1.18173,london,2019
GBPJPY,-1,2019-04-01 02:00:00,2019-04-01 08:00:00,144.439,145.01099,145.01099,143.29502,0.179,-57.2,-93.17,-93.49,6,stop_loss,20.54524,0.38133,-0.80747,-2.07056,,2019
GBPJPY,1,2019-04-01 10:00:00,2019-04-01 17:00:00,145.184,146.11563,144.71818,146.11563,0.2176,93.2,184.48,184.16,7,take_profit,17.23737,0.31054,1.34341,-2.29547,london,2019
GBPJPY,1,2019-04-05 06:00:00,2019-04-05 15:00:00,146.123,145.825,145.825,146.719,0.347,-29.8,-94.1,-94.42,9,stop_loss,24.50486,0.19867,-0.52481,1.62958,,2019
GBPJPY,-1,2019-04-08 08:00:00,2019-04-08 18:00:00,145.547,145.433,145.83239,144.97622,0.3587,11.4,37.21,36.89,10,time_exit,31.44528,0.19026,-1.6983,0.03302,london,2019
GBPJPY,-1,2019-04-08 20:00:00,2019-04-09 06:00:00,145.553,145.664,145.84202,144.97496,0.3556,-11.1,-35.92,-36.24,10,time_exit,36.39134,0.19268,-0.82639,-0.54958,new_york,2019
GBPJPY,-1,2019-04-10 06:00:00,2019-04-10 11:00:00,145.101,145.39468,145.39468,144.51364,0.3486,-29.4,-93.16,-93.48,5,stop_loss,16.81095,0.19579,-1.38871,-1.5539,,2019
GBPJPY,1,2019-04-10 13:00:00,2019-04-10 17:00:00,145.318,145.03641,145.03641,145.88119,0.3599,-28.2,-92.22,-92.54,4,stop_loss,13.64711,0.18773,-0.11923,-1.63498,london,2019
GBPJPY,-1,2019-04-11 03:00:00,2019-04-11 10:00:00,145.364,145.69389,145.69389,144.70421,0.3041,-33.0,-91.29,-91.61,7,stop_loss,11.76446,0.21993,0.19086,-1.27767,,2019
GBPJPY,1,2019-04-11 18:00:00,2019-04-12 04:00:00,145.887,145.932,145.54912,146.56276,0.2939,4.5,12.04,11.72,10,time_exit,10.88345,0.22525,2.11831,-0.79511,new_york,2019
GBPJPY,-1,2019-04-12 06:00:00,2019-04-12 11:00:00,146.001,146.26516,146.26516,145.47269,0.3765,-26.4,-90.5,-90.82,5,stop_loss,22.21808,0.1761,2.48324,-0.28251,,2019
GBPJPY,1,2019-04-12 12:00:00,2019-04-12 15:00:00,146.308,146.82823,146.04789,146.82823,0.3785,52.0,179.18,178.87,3,take_profit,32.04119,0.17341,3.61389,0.22806,london,2019
GBPJPY,1,2019-04-15 20:00:00,2019-04-16 04:00:00,146.77,146.49011,146.49011,147.32979,0.3588,-28.0,-91.39,-91.71,8,stop_loss,39.19498,0.1866,2.1025,2.49966,new_york,2019
GBPJPY,-1,2019-04-16 04:00:00,2019-04-16 14:00:00,146.684,146.546,146.91289,146.22622,0.4343,13.8,54.54,54.22,10,time_exit,29.86901,0.15259,1.44934,3.22253,,2019
GBPJPY,1,2019-04-17 09:00:00,2019-04-17 11:00:00,146.286,146.04626,146.04626,146.76549,0.4171,-24.0,-91.0,-91.32,2,stop_loss,23.63995,0.15983,-0.10502,1.63826,london,2019
GBPJPY,1,2019-04-17 12:00:00,2019-04-17 22:00:00,146.033,146.124,145.77016,146.55869,0.3766,9.1,31.19,30.87,10,time_exit,21.29801,0.17523,-1.41157,1.33441,london,2019
GBPJPY,1,2019-04-18 15:00:00,2019-04-18 19:00:00,145.593,145.34154,145.34154,146.09591,0.395,-25.1,-90.39,-90.7,4,stop_loss,29.71908,0.16764,-2.59092,0.04515,london,2019
GBPJPY,1,2019-04-19 08:00:00,2019-04-19 18:00:00,145.481,145.499,145.28142,145.88015,0.4927,1.8,8.07,7.75,10,time_exit,47.01031,0.13305,-1.90298,-1.4564,london,2019
GBPJPY,-1,2019-04-22 10:00:00,2019-04-22 20:00:00,145.429,145.318,145.58883,145.10934,0.6158,11.1,62.2,61.88,10,time_exit,20.82218,0.10655,-1.08663,-2.55903,london,2019
GBPJPY,-1,2019-04-23 20:00:00,2019-04-24 06:00:00,144.731,144.599,144.98518,144.22263,0.3899,13.2,46.83,46.52,10,time_exit,31.61242,0.16946,-3.3327,-2.09737,new_york,2019
GBPJPY,-1,2019-04-24 18:00:00,2019-04-25 04:00:00,144.819,144.685,145.06752,144.32196,0.4008,13.4,48.87,48.56,10,time_exit,30.35466,0.16568,-0.82739,-3.06518,new_york,2019
GBPJPY,-1,2019-04-25 15:00:00,2019-04-26 01:00:00,144.045,143.982,144.30338,143.52823,0.3876,6.3,22.22,21.9,10,time_exit,33.67022,0.17226,-3.79445,-3.44152,london,2019
GBPJPY,-1,2019-04-26 15:00:00,2019-04-29 01:00:00,144.237,144.249,144.46605,143.77891,0.4383,-1.2,-4.79,-5.1,10,time_exit,28.18016,0.1527,-0.59632,-4.60082,london,2019
GBPJPY,-1,2019-04-29 08:00:00,2019-04-29 10:00:00,144.422,144.60732,144.60732,144.05137,0.5414,-18.5,-91.3,-91.62,2,stop_loss,17.88899,0.12354,0.88402,-4.89628,london,2019
GBPJPY,1,2019-04-29 23:00:00,2019-04-30 04:00:00,144.519,144.31941,144.31941,144.91818,0.4977,-20.0,-90.4,-90.71,5,stop_loss,13.50142,0.13306,0.79156,-3.38227,,2019
GBPJPY,-1,2019-04-30 04:00:00,2019-04-30 09:00:00,144.495,144.13906,144.67297,144.13906,0.5525,35.6,178.96,178.64,5,take_profit,15.31412,0.11865,0.63298,-3.57543,,2019
GBPJPY,1,2019-04-30 13:00:00,2019-04-30 16:00:00,144.63,145.10695,144.39152,145.10695,0.4206,47.7,182.55,182.23,3,take_profit,24.7447,0.15898,1.35066,-2.46247,london,2019
GBPJPY,-1,2019-05-01 02:00:00,2019-05-01 10:00:00,145.292,145.55065,145.55065,144.7747,0.3955,-25.9,-93.09,-93.41,8,stop_loss,30.87334,0.17243,3.27324,-0.71241,,2019
GBPJPY,1,2019-05-02 19:00:00,2019-05-03 05:00:00,145.17,145.347,144.85266,145.80467,0.3191,17.7,51.4,51.08,10,time_exit,21.57948,0.21156,-0.85793,1.33677,new_york,2019
GBPJPY,-1,2019-05-06 10:00:00,2019-05-06 20:00:00,145.221,145.231,145.66038,144.34225,0.2318,-1.0,-2.11,-2.43,10,time_exit,23.51106,0.29292,-0.77297,0.87859,london,2019
GBPJPY,-1,2019-05-09 19:00:00,2019-05-09 20:00:00,142.565,142.89142,142.89142,141.91216,0.3119,-32.6,-92.65,-92.97,1,stop_loss,50.45816,0.21761,-3.67463,-4.82824,new_york,2019
GBPJPY,1,2019-05-09 22:00:00,2019-05-10 08:00:00,142.853,142.683,142.50133,143.55634,0.2866,-17.0,-44.34,-44.66,10,time_exit,43.05295,0.23445,-1.9784,-4.50305,,2019
GBPJPY,-1,2019-05-14 08:00:00,2019-05-14 16:00:00,142.105,141.44929,142.43286,141.44929,0.3059,65.6,182.53,182.21,8,take_profit,27.13942,0.21857,-1.13047,-5.37102,london,2019
GBPJPY,1,2019-05-15 03:00:00,2019-05-15 11:00:00,141.552,141.28994,141.28994,142.07612,0.3904,-26.2,-93.1,-93.42,8,stop_loss,26.46961,0.17471,-2.50859,-6.98284,,2019
GBPJPY,1,2019-05-15 14:00:00,2019-05-15 15:00:00,141.159,140.87362,140.87362,141.72977,0.3549,-28.5,-92.17,-92.49,1,stop_loss,32.41864,0.19026,-3.34686,-6.47468,london,2019
GBPJPY,1,2019-05-16 04:00:00,2019-05-16 10:00:00,140.621,140.30068,140.30068,141.26164,0.313,-32.0,-91.24,-91.56,6,stop_loss,35.9212,0.21355,-3.33554,-6.52522,,2019
GBPJPY,1,2019-05-20 21:00:00,2019-05-21 07:00:00,139.943,140.182,139.62445,140.58009,0.3116,23.9,67.77,67.45,10,time_exit,17.54641,0.21236,-1.47079,-6.07273,new_york,2019
GBPJPY,-1,2019-05-21 08:00:00,2019-05-21 10:00:00,140.182,139.69989,140.42305,139.69989,0.4148,48.2,181.98,181.66,2,take_profit,16.08454,0.1607,-0.209,-7.35793,london,2019
GBPJPY,1,2019-05-21 10:00:00,2019-05-21 11:00:00,140.015,139.77615,139.77615,140.4927,0.427,-23.9,-92.81,-93.13,1,stop_loss,14.63682,0.15923,-1.19905,-7.32396,london,2019
GBPJPY,-1,2019-05-22 04:00:00,2019-05-22 10:00:00,140.496,139.77862,140.85469,139.77862,0.2815,71.7,183.77,183.45,6,take_profit,26.93125,0.23913,0.59343,-3.63685,,2019
GBPJPY,-1,2019-05-23 10:00:00,2019-05-23 20:00:00,139.075,138.756,139.385,138.455,0.3322,31.9,96.43,96.12,10,time_exit,21.63032,0.20667,-3.97453,-4.61047,london,2019
GBPJPY,1,2019-05-24 01:00:00,2019-05-24 11:00:00,138.765,138.978,138.43522,139.42456,0.3155,21.3,61.15,60.83,10,time_exit,38.02179,0.21985,-3.06268,-5.18662,,2019
GBPJPY,1,2019-05-24 21:00:00,2019-05-27 07:00:00,139.026,139.385,138.63033,139.81735,0.2646,35.9,86.44,86.12,10,time_exit,20.54197,0.26378,-0.39224,-4.31194,new_york,2019
GBPJPY,-1,2019-05-28 01:00:00,2019-05-28 11:00:00,138.811,138.36077,139.03612,138.36077,0.4693,45.0,192.28,191.96,10,take_profit,20.71113,0.15008,-1.69087,-6.06575,,2019
GBPJPY,-1,2019-05-28 12:00:00,2019-05-28 14:00:00,138.403,138.67635,138.67635,137.8563,0.3942,-27.3,-98.06,-98.38,2,stop_loss,18.91864,0.18223,-3.05091,-4.89175,london,2019
GBPJPY,1,2019-05-28 22:00:00,2019-05-29 03:00:00,138.549,138.2599,138.2599,139.1272,0.369,-28.9,-97.08,-97.39,5,stop_loss,14.58062,0.19273,-1.63448,-4.53074,,2019
GBPJPY,-1,2019-05-29 13:00:00,2019-05-29 15:00:00,138.155,138.44483,138.44483,137.57535,0.3644,-29.0,-96.11,-96.43,2,stop_loss,38.19312,0.19322,-2.33742,-4.81635,london,2019
GBPJPY,1,2019-05-30 03:00:00,2019-05-30 13:00:00,138.368,138.591,138.05362,138.99676,0.3325,22.3,67.47,67.16,10,time_exit,22.64429,0.20959,-0.46153,-4.32692,,2019
GBPJPY,1,2019-06-03 02:00:00,2019-06-03 12:00:00,136.705,136.972,136.34237,137.43026,0.2903,26.7,70.53,70.22,10,time_exit,44.01393,0.24175,-3.66872,-4.74197,,2019
GBPJPY,-1,2019-06-04 12:00:00,2019-06-04 14:00:00,136.803,137.0663,137.0663,136.27639,0.4028,-26.3,-96.51,-96.83,2,stop_loss,14.20539,0.17554,-1.14643,-6.71484,london,2019
GBPJPY,-1,2019-06-05 13:00:00,2019-06-05 23:00:00,137.71,137.536,137.9745,137.181,0.3969,17.4,62.85,62.53,10,time_exit,31.35752,0.17633,2.73348,-4.34814,london,2019
GBPJPY,1,2019-06-06 17:00:00,2019-06-07 03:00:00,137.462,137.643,137.16535,138.05529,0.3562,18.1,58.67,58.35,10,time_exit,19.7766,0.19776,0.58668,-2.5644,new_york,2019
GBPJPY,1,2019-06-07 16:00:00,2019-06-10 02:00:00,137.617,137.97,137.32798,138.19505,0.3679,35.3,118.18,117.86,10,time_exit,30.29655,0.19268,0.19246,-1.26525,new_york,2019
GBPJPY,1,2019-06-10 20:00:00,2019-06-11 06:00:00,137.736,137.734,137.47443,138.25914,0.4114,-0.2,-0.75,-1.07,10,time_exit,22.43313,0.17438,-0.03159,-0.48202,new_york,2019
GBPJPY,-1,2019-06-11 16:00:00,2019-06-12 02:00:00,138.199,138.03,138.45401,137.68899,0.422,16.9,64.9,64.58,10,time_exit,25.73197,0.17,2.42612,-0.20388,new_york,2019
GBPJPY,1,2019-06-13 04:00:00,2019-06-13 05:00:00,137.707,137.49948,137.49948,138.12203,0.5219,-20.8,-98.56,-98.87,1,stop_loss,17.57838,0.13834,-1.02462,0.00593,,2019
GBPJPY,1,2019-06-13 09:00:00,2019-06-13 10:00:00,137.49,137.27008,137.27008,137.92984,0.4876,-22.0,-97.58,-97.9,1,stop_loss,22.80411,0.14661,-1.99341,-0.33589,london,2019
GBPJPY,-1,2019-06-17 22:00:00,2019-06-18 04:00:00,136.128,135.64551,136.36925,135.64551,0.44,48.2,193.19,192.87,6,take_profit,39.06934,0.16083,-4.51418,-3.49398,,2019
GBPJPY,1,2019-06-18 17:00:00,2019-06-19 03:00:00,136.106,136.375,135.77517,136.76766,0.3273,26.9,80.12,79.8,10,time_exit,54.33689,0.22055,-0.86194,-3.82961,new_york,2019
GBPJPY,-1,2019-06-21 05:00:00,2019-06-21 15:00:00,136.334,136.096,136.64241,135.71718,0.3539,23.8,76.65,76.33,10,time_exit,24.05381,0.20561,-0.79038,-1.71086,,2019
GBPJPY,-1,2019-06-25 15:00:00,2019-06-26 01:00:00,136.311,136.02,136.64604,135.64092,0.3283,29.1,86.94,86.62,10,time_exit,13.96833,0.22336,-1.28439,-0.62871,london,2019
GBPJPY,-1,2019-06-28 14:00:00,2019-06-28 15:00:00,136.61,136.87067,136.87067,136.08866,0.4256,-26.1,-100.96,-101.28,1,stop_loss,19.22987,0.17378,0.10527,-0.30764,london,2019
GBPJPY,1,2019-07-01 04:00:00,2019-07-01 11:00:00,137.34,137.0092,137.0092,138.0016,0.332,-33.1,-99.94,-100.26,7,stop_loss,30.27569,0.22053,2.31208,0.55317,,2019
GBPJPY,-1,2019-07-01 16:00:00,2019-07-02 02:00:00,137.115,137.033,137.45675,136.43151,0.3181,8.2,23.74,23.42,10,time_exit,22.85753,0.22783,0.68946,0.85971,new_york,2019
GBPJPY,1,2019-07-02 13:00:00,2019-07-02 17:00:00,136.647,136.37923,136.37923,137.18255,0.407,-26.8,-99.18,-99.49,4,stop_loss,14.58656,0.17852,-1.7059,0.84332,london,2019
GBPJPY,1,2019-07-02 22:00:00,2019-07-03 03:00:00,135.903,135.60207,135.60207,136.50487,0.3585,-30.1,-98.18,-98.49,5,stop_loss,31.18235,0.20062,-4.24207,-0.0281,,2019
GBPJPY,-1,2019-07-03 06:00:00,2019-07-03 16:00:00,135.455,135.584,135.71497,134.93507,0.4108,-12.9,-48.22,-48.54,10,time_exit,48.16004,0.17331,-5.88405,-1.19859,,2019
GBPJPY,-1,2019-07-04 02:00:00,2019-07-04 12:00:00,135.59,135.524,135.83016,135.10967,0.4425,6.6,26.58,26.26,10,time_exit,42.89455,0.16011,-2.23964,-3.2505,,2019
GBPJPY,-1,2019-07-05 03:00:00,2019-07-05 09:00:00,135.669,135.82875,135.82875,135.3495,0.667,-16.0,-96.96,-97.28,6,stop_loss,20.46012,0.1065,-0.51885,-5.17756,,2019
GBPJPY,1,2019-07-09 08:00:00,2019-07-09 09:00:00,136.044,135.8588,135.8588,136.4144,0.5696,-18.5,-96.0,-96.32,1,stop_loss,27.30134,0.12347,1.01817,-1.57238,london,2019
GBPJPY,1,2019-07-09 11:00:00,2019-07-09 13:00:00,135.816,135.61114,135.61114,136.22571,0.5098,-20.5,-95.04,-95.36,2,stop_loss,25.08306,0.13657,-0.73125,-1.39311,london,2019
GBPJPY,1,2019-07-09 20:00:00,2019-07-10 06:00:00,135.65,135.602,135.37602,136.19797,0.3773,-4.8,-16.48,-16.8,10,time_exit,27.70278,0.18266,-0.97872,-1.29439,new_york,2019
GBPJPY,1,2019-07-10 20:00:00,2019-07-11 03:00:00,135.654,135.41754,135.41754,136.12693,0.4364,-23.6,-93.91,-94.22,7,stop_loss,17.62592,0.15764,-0.69782,-1.42969,new_york,2019
GBPJPY,1,2019-07-11 06:00:00,2019-07-11 12:00:00,135.182,135.62555,134.96023,135.62555,0.4607,44.4,185.95,185.63,6,take_profit,28.08405,0.14785,-3.23881,-1.89827,,2019
GBPJPY,-1,2019-07-11 15:00:00,2019-07-11 16:00:00,135.725,135.97473,135.97473,135.22555,0.4173,-25.0,-94.83,-95.15,1,stop_loss,26.12386,0.16648,0.68681,-1.74514,london,2019
GBPJPY,-1,2019-07-11 23:00:00,2019-07-12 09:00:00,135.855,135.958,136.11238,135.34025,0.4008,-10.3,-37.57,-37.89,10,time_exit,24.32607,0.17158,1.02381,-1.27648,,2019
GBPJPY,1,2019-07-17 16:00:00,2019-07-18 00:00:00,134.357,134.10325,134.10325,134.86449,0.4049,-25.4,-93.49,-93.81,8,stop_loss,37.24209,0.16916,-1.64809,-4.23197,new_york,2019
GBPJPY,1,2019-07-18 15:00:00,2019-07-19 01:00:00,134.62,134.683,134.33219,135.19562,0.3534,6.3,20.26,19.94,10,time_exit,28.87022,0.19187,1.11521,-3.75393,london,2019
GBPJPY,1,2019-07-19 16:00:00,2019-07-19 18:00:00,134.822,134.56454,134.56454,135.33692,0.3959,-25.7,-92.76,-93.07,2,stop_loss,29.55527,0.17164,0.97198,-2.29816,new_york,2019
GBPJPY,1,2019-07-22 01:00:00,2019-07-22 11:00:00,134.716,134.45082,134.45082,135.24635,0.3805,-26.5,-91.82,-92.14,10,stop_loss,19.57184,0.17678,0.22737,-1.95692,,2019
GBPJPY,1,2019-07-22 20:00:00,2019-07-23 06:00:00,134.649,134.63,134.40336,135.14027,0.4067,-1.9,-7.03,-7.35,10,time_exit,19.33985,0.16376,-0.36569,-1.63274,new_york,2019
GBPJPY,-1,2019-07-23 07:00:00,2019-07-23 14:00:00,134.63,134.83221,134.83221,134.22558,0.4936,-20.2,-90.83,-91.15,7,stop_loss,13.10432,0.13481,-0.36868,-1.92862,london,2019
GBPJPY,-1,2019-07-24 05:00:00,2019-07-24 12:00:00,134.531,134.74793,134.74793,134.09714,0.4555,-21.7,-89.92,-90.24,7,stop_loss,8.06289,0.14462,-0.74136,-1.64209,,2019
GBPJPY,-1,2019-07-24 16:00:00,2019-07-24 19:00:00,134.881,135.1704,135.1704,134.3022,0.338,-28.9,-89.01,-89.33,3,stop_loss,13.145,0.19293,1.11429,-0.98644,new_york,2019
GBPJPY,1,2019-07-24 22:00:00,2019-07-25 08:00:00,135.045,134.9,134.77625,135.58249,0.3603,-14.5,-47.54,-47.86,10,time_exit,17.18916,0.17916,1.66133,-0.66542,,2019
GBPJPY,1,2019-07-25 19:00:00,2019-07-26 05:00:00,135.419,135.16,135.10454,136.04793,0.3063,-25.9,-72.19,-72.51,10,time_exit,22.14672,0.20964,2.25819,0.18323,new_york,2019
GBPJPY,-1,2019-07-26 05:00:00,2019-07-26 15:00:00,135.291,134.981,135.52872,134.81557,0.4018,31.0,113.35,113.03,10,time_exit,23.14544,0.15848,1.39097,0.77997,,2019
GBPJPY,-1,2019-07-26 23:00:00,2019-07-29 05:00:00,134.638,134.17724,134.86838,134.17724,0.42,46.1,176.1,175.78,6,take_profit,22.86143,0.15359,-2.21531,0.23685,,2019
GBPJPY,-1,2019-07-30 14:00:00,2019-07-31 00:00:00,132.171,131.936,132.56685,131.3793,0.2493,23.5,53.31,52.99,10,time_exit,59.3302,0.2639,-4.43507,-3.90528,london,2019
GBPJPY,1,2019-07-31 02:00:00,2019-07-31 12:00:00,132.074,132.097,131.74,132.74199,0.2972,2.3,6.22,5.9,10,time_exit,48.5549,0.22266,-3.49599,-5.65207,,2019
GBPJPY,-1,2019-07-31 16:00:00,2019-07-31 17:00:00,132.3,132.57724,132.57724,131.74551,0.3583,-27.7,-90.4,-90.71,1,stop_loss,30.68223,0.18483,-1.10597,-7.21043,new_york,2019
GBPJPY,1,2019-08-02 00:00:00,2019-08-02 04:00:00,130.098,129.60618,129.60618,131.08164,0.2,-49.2,-89.51,-89.83,4,stop_loss,39.83198,0.32788,-5.34567,-4.17834,,2019
GBPJPY,-1,2019-08-02 05:00:00,2019-08-02 15:00:00,129.825,129.789,130.35681,128.76138,0.1831,3.6,6.0,5.68,10,time_exit,48.84887,0.35454,-5.03417,-4.36679,,2019
GBPJPY,1,2019-08-05 00:00:00,2019-08-05 04:00:00,129.252,128.76497,128.76497,130.22606,0.2,-48.7,-88.64,-88.96,4,stop_loss,41.26564,0.32469,-2.61818,-6.22959,,2019
GBPJPY,-1,2019-08-05 23:00:00,2019-08-06 06:00:00,128.899,129.41175,129.41175,127.87349,0.1881,-51.3,-87.77,-88.09,7,stop_loss,27.25394,0.34184,-1.86124,-6.58581,,2019
GBPJPY,-1,2019-08-07 04:00:00,2019-08-07 14:00:00,129.433,128.59553,129.85173,128.59553,0.228,83.7,173.76,173.44,10,take_profit,28.73008,0.27916,0.00126,-6.22002,,2019
GBPJPY,-1,2019-08-09 22:00:00,2019-08-12 08:00:00,127.27,126.91,127.67596,126.45808,0.2399,36.0,78.59,78.27,10,time_exit,47.35386,0.27064,-4.19821,-5.5803,,2019
GBPJPY,1,2019-08-13 19:00:00,2019-08-14 05:00:00,128.638,128.082,128.082,129.75001,0.1767,-55.6,-89.4,-89.72,10,stop_loss,24.78856,0.37067,3.05802,-3.87224,new_york,2019
GBPJPY,1,2019-08-15 23:00:00,2019-08-16 09:00:00,128.426,128.672,127.95253,129.37294,0.2054,24.6,45.98,45.66,10,time_exit,26.91466,0.31565,1.02486,-1.66395,,2019
GBPJPY,-1,2019-08-19 03:00:00,2019-08-19 13:00:00,129.402,129.202,129.71735,128.77129,0.31,20.0,56.42,56.1,10,time_exit,32.07677,0.21024,3.31403,0.04045,,2019
GBPJPY,-1,2019-08-19 17:00:00,2019-08-19 18:00:00,129.116,129.42385,129.42385,128.5003,0.3195,-30.8,-89.51,-89.82,1,stop_loss,17.63124,0.20523,0.96068,0.74814,new_york,2019
GBPJPY,1,2019-08-20 10:00:00,2019-08-20 11:00:00,128.904,128.66555,128.66555,129.38089,0.4084,-23.8,-88.62,-88.94,1,stop_loss,17.79368,0.15896,-1.1314,1.52954,london,2019
GBPJPY,1,2019-08-20 12:00:00,2019-08-20 13:00:00,128.694,128.4421,128.4421,129.1978,0.3827,-25.2,-87.73,-88.04,1,stop_loss,21.58745,0.16793,-2.159,1.29409,london,2019
GBPJPY,-1,2019-08-21 05:00:00,2019-08-21 15:00:00,129.492,129.215,129.81449,128.84701,0.2959,27.7,74.59,74.27,10,time_exit,25.56489,0.215,1.83289,1.01274,,2019
GBPJPY,-1,2019-08-22 15:00:00,2019-08-22 16:00:00,129.472,129.83693,129.83693,128.74214,0.2638,-36.5,-87.6,-87.92,1,stop_loss,12.93416,0.24329,1.21035,0.81887,london,2019
GBPJPY,1,2019-08-22 21:00:00,2019-08-23 07:00:00,130.386,130.352,129.93185,131.29431,0.2098,-3.4,-6.49,-6.81,10,time_exit,25.82555,0.30277,3.14302,1.23446,new_york,2019
GBPJPY,-1,2019-08-26 11:00:00,2019-08-26 15:00:00,129.53,130.13292,130.13292,128.32415,0.1579,-60.3,-86.63,-86.95,4,stop_loss,28.2816,0.40195,-0.08525,0.7068,london,2019
GBPJPY,-1,2019-08-27 14:00:00,2019-08-27 16:00:00,129.673,130.08008,130.08008,128.85885,0.2315,-40.7,-85.76,-86.08,2,stop_loss,16.30365,0.27138,0.56644,0.67517,london,2019
GBPJPY,-1,2019-08-28 00:00:00,2019-08-28 10:00:00,129.92,129.584,130.27868,129.20264,0.2602,33.6,79.56,79.24,10,time_exit,25.17448,0.23912,1.18686,1.15753,,2019
GBPJPY,-1,2019-08-29 02:00:00,2019-08-29 12:00:00,129.521,129.501,129.88583,128.79134,0.2581,2.0,4.7,4.38,10,time_exit,23.25777,0.24322,-0.30113,0.63408,,2019
GBPJPY,-1,2019-08-29 19:00:00,2019-08-30 05:00:00,129.881,129.715,130.27137,129.10027,0.2414,16.6,36.47,36.15,10,time_exit,20.03548,0.26024,1.19365,0.45718,new_york,2019
GBPJPY,-1,2019-08-30 06:00:00,2019-08-30 16:00:00,129.715,129.635,130.02431,129.09637,0.3059,8.0,22.27,21.95,10,time_exit,20.36244,0.20621,0.37405,0.74447,,2019
GBPJPY,1,2019-09-02 03:00:00,2019-09-02 11:00:00,129.042,128.65831,128.65831,129.80938,0.2472,-38.4,-86.31,-86.63,8,stop_loss,27.32735,0.25579,-1.66036,0.01033,,2019
GBPJPY,-1,2019-09-03 00:00:00,2019-09-03 08:00:00,128.108,127.45492,128.43454,127.45492,0.2876,65.3,170.92,170.6,8,take_profit,43.97797,0.21769,-3.60417,-1.77594,,2019
GBPJPY,1,2019-09-03 11:00:00,2019-09-03 13:00:00,126.944,127.78199,126.52501,127.78199,0.2286,83.8,174.32,174.0,2,take_profit,51.49871,0.27933,-5.63316,-2.23196,london,2019
GBPJPY,1,2019-09-06 16:00:00,2019-09-09 00:00:00,131.49,131.0909,131.0909,132.28821,0.2448,-39.9,-88.91,-89.23,8,stop_loss,41.41029,0.26607,1.78635,4.56176,new_york,2019
GBPJPY,-1,2019-09-09 04:00:00,2019-09-09 11:00:00,131.327,131.63121,131.63121,130.71858,0.3179,-30.4,-88.0,-88.32,7,stop_loss,22.11049,0.20281,0.90885,5.76015,,2019
GBPJPY,-1,2019-09-09 19:00:00,2019-09-10 05:00:00,132.506,132.486,132.95056,131.61688,0.2154,2.0,3.92,3.6,10,time_exit,24.82932,0.29637,3.52209,4.16231,new_york,2019
GBPJPY,1,2019-09-10 06:00:00,2019-09-10 10:00:00,132.486,132.14986,132.14986,133.15828,0.285,-33.6,-87.18,-87.5,4,stop_loss,27.85763,0.22409,3.04974,6.01454,,2019
GBPJPY,1,2019-09-10 17:00:00,2019-09-11 03:00:00,132.643,132.937,132.2392,133.4506,0.2348,29.4,62.82,62.5,10,time_exit,26.83121,0.2692,2.21317,5.12908,new_york,2019
GBPJPY,1,2019-09-12 12:00:00,2019-09-12 15:00:00,132.92,132.59808,132.59808,133.56385,0.2967,-32.2,-86.92,-87.24,3,stop_loss,17.33298,0.21462,0.37605,6.36449,london,2019
GBPJPY,-1,2019-09-12 20:00:00,2019-09-13 06:00:00,133.413,133.486,133.92282,132.39335,0.1855,-7.3,-12.32,-12.64,10,time_exit,15.34493,0.33988,1.53569,3.81809,new_york,2019
GBPJPY,1,2019-09-13 22:00:00,2019-09-16 00:00:00,134.955,134.56375,134.56375,135.73751,0.2413,-39.1,-85.91,-86.23,2,stop_loss,40.47456,0.26084,4.79969,5.95391,,2019
GBPJPY,-1,2019-09-16 17:00:00,2019-09-17 03:00:00,134.29,134.387,134.69207,133.48585,0.2325,-9.7,-20.52,-20.84,10,time_exit,23.38299,0.26805,0.8056,5.70786,new_york,2019
GBPJPY,1,2019-09-17 04:00:00,2019-09-17 10:00:00,134.387,134.07393,134.07393,135.01315,0.2978,-31.3,-84.84,-85.16,6,stop_loss,18.91214,0.20872,1.13522,6.82223,,2019
GBPJPY,-1,2019-09-18 02:00:00,2019-09-18 12:00:00,135.153,134.861,135.4678,134.5234,0.2932,29.2,77.91,77.59,10,time_exit,28.25573,0.20987,3.11558,6.61463,,2019
GBPJPY,-1,2019-09-18 22:00:00,2019-09-18 23:00:00,135.05,135.36645,135.36645,134.4171,0.2944,-31.6,-84.78,-85.1,1,stop_loss,16.8704,0.21097,1.30342,6.24991,,2019
GBPJPY,-1,2019-09-19 10:00:00,2019-09-19 11:00:00,134.672,135.02247,135.02247,133.97106,0.2631,-35.0,-83.91,-84.23,1,stop_loss,21.19826,0.23365,-0.65401,5.14191,london,2019
GBPJPY,1,2019-09-19 23:00:00,2019-09-20 09:00:00,135.279,135.574,134.87161,136.09379,0.2241,29.5,60.16,59.84,10,time_exit,16.34232,0.2716,1.49999,4.0207,,2019
GBPJPY,-1,2019-09-23 02:00:00,2019-09-23 11:00:00,134.312,133.55481,134.69059,133.55481,0.2429,75.7,167.37,167.05,9,take_profit,25.28996,0.2524,-2.16138,3.17831,,2019
GBPJPY,-1,2019-09-24 05:00:00,2019-09-24 12:00:00,133.754,134.0626,134.0626,133.1368,0.3039,-30.9,-85.34,-85.66,7,stop_loss,30.91215,0.20573,-1.91469,0.70783,,2019
GBPJPY,1,2019-09-25 11:00:00,2019-09-25 14:00:00,133.46,133.08579,133.08579,134.20842,0.2481,-37.4,-84.49,-84.8,3,stop_loss,13.02353,0.24947,-1.86371,-0.14794,london,2019
GBPJPY,1,2019-09-25 14:00:00,2019-09-25 17:00:00,133.227,132.84281,132.84281,133.99539,0.2392,-38.4,-83.63,-83.95,3,stop_loss,14.85438,0.25613,-2.4845,-0.31481,london,2019
GBPJPY,-1,2019-09-27 00:00:00,2019-09-27 10:00:00,132.864,132.421,133.20464,132.18272,0.2671,44.3,107.68,107.36,10,time_exit,29.35872,0.22709,-1.4336,-2.03927,,2019
GBPJPY,1,2019-09-27 21:00:00,2019-09-30 07:00:00,132.705,132.613,132.34708,133.42084,0.2575,-9.2,-21.56,-21.88,10,time_exit,24.21424,0.23861,-1.3506,-2.09522,new_york,2019
GBPJPY,-1,2019-09-30 10:00:00,2019-09-30 11:00:00,132.543,132.81633,132.81633,131.99633,0.3363,-27.3,-83.65,-83.97,1,stop_loss,22.85916,0.18222,-1.74116,-3.04807,london,2019
GBPJPY,1,2019-10-01 02:00:00,2019-10-01 12:00:00,132.807,133.117,132.50402,133.41295,0.3004,31.0,84.74,84.42,10,time_exit,20.24373,0.20198,-0.33786,-2.28592,,2019
GBPJPY,1,2019-10-01 22:00:00,2019-10-02 08:00:00,132.504,132.311,131.98716,133.53767,0.1779,-19.3,-31.24,-31.56,10,time_exit,23.14646,0.34456,-0.77326,-1.32144,,2019
GBPJPY,1,2019-10-02 13:00:00,2019-10-02 23:00:00,131.831,131.814,131.43763,132.61774,0.2328,-1.7,-3.6,-3.92,10,time_exit,17.61615,0.26225,-2.74891,-2.10371,london,2019
GBPJPY,-1,2019-10-03 06:00:00,2019-10-03 15:00:00,131.724,132.0726,132.0726,131.0268,0.2626,-34.9,-83.3,-83.62,9,stop_loss,16.5008,0.2324,-2.03875,-3.03724,,2019
GBPJPY,1,2019-10-03 16:00:00,2019-10-03 22:00:00,132.419,131.97482,131.97482,133.30735,0.204,-44.4,-82.46,-82.78,6,stop_loss,17.60649,0.29612,1.15017,-2.45123,new_york,2019
GBPJPY,-1,2019-10-04 16:00:00,2019-10-07 02:00:00,131.838,131.684,132.17096,131.17208,0.2695,15.4,37.77,37.45,10,time_exit,13.24551,0.22197,-0.47364,-2.99075,new_york,2019
GBPJPY,-1,2019-10-09 11:00:00,2019-10-09 12:00:00,131.052,131.36373,131.36373,130.42855,0.2891,-31.2,-82.01,-82.33,1,stop_loss,27.40514,0.20782,-0.82539,-3.73991,london,2019
GBPJPY,1,2019-10-11 09:00:00,2019-10-11 11:00:00,134.515,134.06962,134.06962,135.40576,0.2003,-44.5,-81.18,-81.5,2,stop_loss,59.99533,0.29692,6.20074,1.69803,london,2019
GBPJPY,-1,2019-10-14 01:00:00,2019-10-14 11:00:00,136.914,136.165,137.59039,135.56121,0.1306,74.9,89.02,88.7,10,time_exit,72.2618,0.45093,5.15242,3.91141,,2019
GBPJPY,-1,2019-10-14 13:00:00,2019-10-14 16:00:00,135.803,136.3912,136.3912,134.62659,0.1518,-58.8,-81.25,-81.57,3,stop_loss,41.38175,0.39214,1.37265,5.1855,london,2019
GBPJPY,1,2019-10-15 13:00:00,2019-10-15 17:00:00,136.935,138.14096,136.33202,138.14096,0.1466,120.6,160.88,160.56,4,take_profit,28.32272,0.40199,2.06225,5.38484,london,2019
GBPJPY,1,2019-10-16 14:00:00,2019-10-17 00:00:00,138.67,139.347,137.92391,140.16218,0.1209,67.7,74.48,74.16,10,time_exit,32.12397,0.49739,2.07045,5.41487,london,2019
GBPJPY,1,2019-10-17 01:00:00,2019-10-17 11:00:00,139.347,139.282,138.59576,140.84948,0.1211,-6.5,-7.16,-7.48,10,time_exit,25.51405,0.50083,2.14816,5.71187,,2019
GBPJPY,1,2019-10-18 03:00:00,2019-10-18 13:00:00,139.701,140.1,139.05794,140.98712,0.1414,39.9,51.34,51.02,10,time_exit,19.57881,0.42871,1.29992,6.4811,,2019
GBPJPY,1,2019-10-18 16:00:00,2019-10-21 02:00:00,139.909,139.879,139.38834,140.95031,0.1757,-3.0,-4.8,-5.12,10,time_exit,17.32322,0.3471,1.42862,7.58265,new_york,2019
GBPJPY,1,2019-10-23 01:00:00,2019-10-23 11:00:00,139.581,139.294,138.98428,140.77444,0.1532,-28.7,-40.01,-40.33,10,time_exit,22.7637,0.39781,-1.9156,4.92281,,2019
GBPJPY,-1,2019-10-24 16:00:00,2019-10-24 17:00:00,140.259,139.50544,140.63578,139.50544,0.2414,75.4,165.54,165.22,1,take_profit,16.92388,0.25119,0.59878,4.82134,new_york,2019
GBPJPY,1,2019-10-25 14:00:00,2019-10-25 15:00:00,139.403,139.05008,139.05008,140.10885,0.2629,-35.3,-84.43,-84.75,1,stop_loss,8.22951,0.23528,-1.47823,3.13687,london,2019
GBPJPY,-1,2019-10-25 21:00:00,2019-10-28 07:00:00,139.44,139.391,139.78595,138.7481,0.2655,4.9,11.84,11.52,10,time_exit,9.37924,0.23063,-0.90842,2.66823,new_york,2019
GBPJPY,-1,2019-10-29 06:00:00,2019-10-29 16:00:00,140.007,140.28354,140.28354,139.45392,0.3326,-27.7,-83.7,-84.02,10,stop_loss,48.75947,0.18436,1.23464,2.94223,,2019
GBPJPY,-1,2019-10-30 06:00:00,2019-10-30 10:00:00,140.008,140.29256,140.29256,139.43888,0.32,-28.5,-82.86,-83.18,4,stop_loss,18.14576,0.18971,0.32605,2.83317,,2019
GBPJPY,1,2019-10-31 09:00:00,2019-10-31 12:00:00,140.437,140.18226,140.18226,140.94648,0.3539,-25.5,-82.04,-82.36,3,stop_loss,27.12731,0.16983,1.4043,3.40629,london,2019
GBPJPY,-1,2019-10-31 13:00:00,2019-10-31 23:00:00,140.129,139.811,140.44202,139.50295,0.2851,31.8,82.5,82.18,10,time_exit,27.1819,0.20868,-0.49259,2.79386,london,2019
GBPJPY,-1,2019-11-04 15:00:00,2019-11-05 01:00:00,140.023,140.108,140.23656,139.59588,0.4221,-8.5,-32.65,-32.97,10,time_exit,11.47942,0.14237,-0.07473,1.76633,london,2019
GBPJPY,1,2019-11-08 04:00:00,2019-11-08 14:00:00,139.955,140.038,139.65303,140.55893,0.2973,8.3,22.46,22.14,10,time_exit,15.29851,0.20131,-0.84179,0.56697,,2019
GBPJPY,1,2019-11-11 20:00:00,2019-11-12 06:00:00,140.182,140.354,139.89374,140.75853,0.3123,17.2,48.88,48.56,10,time_exit,28.41031,0.19218,1.43028,-0.24046,new_york,2019
GBPJPY,-1,2019-11-12 14:00:00,2019-11-13 00:00:00,140.189,140.01,140.46162,139.64376,0.3322,17.9,54.11,53.79,10,time_exit,23.33163,0.18175,0.57473,0.4519,london,2019
GBPJPY,-1,2019-11-13 00:00:00,2019-11-13 08:00:00,140.005,140.24291,140.24291,139.52919,0.3831,-23.8,-82.94,-83.26,8,stop_loss,15.94208,0.1586,-0.43201,0.5569,,2019
GBPJPY,-1,2019-11-13 14:00:00,2019-11-14 00:00:00,139.779,139.779,140.04176,139.25349,0.3434,-0.0,-0.0,-0.32,10,time_exit,14.42201,0.17517,-1.74755,0.36333,london,2019
GBPJPY,-1,2019-11-14 03:00:00,2019-11-14 13:00:00,139.725,139.518,139.97824,139.21852,0.3563,20.7,67.12,66.8,10,time_exit,22.61659,0.16883,-1.24518,-0.28905,,2019
GBPJPY,-1,2019-11-14 19:00:00,2019-11-15 02:00:00,139.521,139.81851,139.81851,138.92597,0.3057,-29.8,-82.76,-83.08,7,stop_loss,19.49858,0.19834,-1.19615,-0.82673,new_york,2019
GBPJPY,-1,2019-11-15 02:00:00,2019-11-15 11:00:00,139.763,140.01014,140.01014,139.26873,0.3644,-24.7,-81.95,-82.27,9,stop_loss,15.5003,0.16476,0.22155,-1.07866,,2019
GBPJPY,-1,2019-11-15 21:00:00,2019-11-18 03:00:00,140.378,140.632,140.632,139.87001,0.351,-25.4,-81.13,-81.45,6,stop_loss,38.01038,0.16933,2.826,-0.13606,new_york,2019
GBPJPY,-1,2019-11-22 04:00:00,2019-11-22 11:00:00,140.406,139.89865,140.65967,139.89865,0.3479,50.7,160.62,160.3,7,take_profit,15.3871,0.16912,0.54171,0.47648,,2019
GBPJPY,1,2019-11-26 03:00:00,2019-11-26 09:00:00,140.629,140.39643,140.39643,141.09415,0.387,-23.3,-81.91,-82.22,6,stop_loss,36.62834,0.15505,2.8783,0.10084,,2019
GBPJPY,-1,2019-11-27 06:00:00,2019-11-27 12:00:00,140.253,140.4732,140.4732,139.8126,0.4047,-22.0,-81.1,-81.41,6,stop_loss,17.78922,0.1468,0.09604,0.30543,,2019
GBPJPY,-1,2019-11-28 11:00:00,2019-11-28 21:00:00,141.584,141.37,141.87954,140.99293,0.2985,21.4,58.13,57.81,10,time_exit,42.92734,0.19702,3.4804,2.43907,london,2019
GBPJPY,1,2019-11-28 21:00:00,2019-11-29 07:00:00,141.355,141.429,141.0989,141.8672,0.3469,7.4,23.36,23.04,10,time_exit,24.8732,0.17073,1.71416,3.23529,new_york,2019
GBPJPY,-1,2019-12-02 06:00:00,2019-12-02 16:00:00,141.647,141.562,141.87757,141.18587,0.3865,8.5,29.9,29.58,10,time_exit,20.79124,0.15371,1.83564,3.83501,,2019
GBPJPY,1,2019-12-03 07:00:00,2019-12-03 17:00:00,141.281,141.04209,141.04209,141.75882,0.3743,-23.9,-81.38,-81.7,10,stop_loss,21.71723,0.15927,-0.11277,2.56264,london,2019
GBPJPY,-1,2019-12-04 02:00:00,2019-12-04 10:00:00,141.228,141.47793,141.47793,140.72813,0.3542,-25.0,-80.56,-80.88,8,stop_loss,21.98924,0.16662,-0.29401,1.91784,,2019
GBPJPY,-1,2019-12-05 01:00:00,2019-12-05 09:00:00,142.633,142.91589,142.91589,142.06721,0.3098,-28.3,-79.75,-80.07,8,stop_loss,45.38669,0.1886,4.70387,3.11528,,2019
GBPJPY,-1,2019-12-05 14:00:00,2019-12-06 00:00:00,143.026,143.096,143.28549,142.50701,0.3343,-7.0,-21.29,-21.61,10,time_exit,54.27626,0.173,4.77011,4.837,london,2019
GBPJPY,-1,2019-12-06 00:00:00,2019-12-06 10:00:00,143.094,142.58143,143.35028,142.58143,0.3376,51.3,157.47,157.15,10,take_profit,47.24079,0.17086,3.6709,5.62426,,2019
GBPJPY,1,2019-12-06 22:00:00,2019-12-09 08:00:00,142.617,143.049,142.33085,143.18929,0.3084,43.2,121.24,120.92,10,time_exit,25.0568,0.19076,-0.2161,4.60283,,2019
GBPJPY,1,2019-12-09 17:00:00,2019-12-10 03:00:00,142.645,142.863,142.37761,143.17977,0.335,21.8,66.46,66.14,10,time_exit,14.03566,0.17826,-0.36022,4.26536,new_york,2019
GBPJPY,1,2019-12-10 19:00:00,2019-12-11 00:00:00,143.282,143.00452,143.00452,143.83697,0.3254,-27.7,-82.17,-82.49,5,stop_loss,14.95091,0.18499,2.29436,3.72351,new_york,2019
GBPJPY,-1,2019-12-11 18:00:00,2019-12-12 03:00:00,143.233,143.52929,143.52929,142.64043,0.3017,-29.6,-81.34,-81.66,9,stop_loss,16.23056,0.19752,1.49048,3.02941,new_york,2019
GBPJPY,-1,2019-12-12 09:00:00,2019-12-12 13:00:00,143.489,143.02958,143.71871,143.02958,0.3853,45.9,161.08,160.76,4,take_profit,21.78336,0.15314,2.28254,4.28826,london,2019
GBPJPY,-1,2019-12-12 13:00:00,2019-12-12 15:00:00,143.385,142.88434,143.63533,142.88434,0.3606,50.1,164.29,163.97,2,take_profit,19.58232,0.16689,1.20401,3.97633,london,2019
GBPJPY,1,2019-12-16 00:00:00,2019-12-16 10:00:00,145.738,146.309,145.09086,147.03228,0.1423,57.1,73.94,73.62,10,time_exit,19.82473,0.43143,1.18647,4.18276,,2019
GBPJPY,1,2019-12-17 20:00:00,2019-12-18 04:00:00,143.724,143.17011,143.17011,144.83177,0.1677,-55.4,-84.53,-84.85,8,stop_loss,42.12428,0.36926,-4.11441,2.79945,new_york,2019
GBPJPY,-1,2019-12-18 08:00:00,2019-12-18 18:00:00,143.519,143.305,143.92864,142.69971,0.2245,21.4,43.72,43.4,10,time_exit,47.84134,0.2731,-3.93311,1.68268,london,2019
GBPJPY,1,2019-12-19 21:00:00,2019-12-20 07:00:00,142.229,142.34,141.76481,143.15739,0.1991,11.1,20.11,19.79,10,time_exit,33.28415,0.30946,-3.96786,-1.26104,new_york,2019
GBPJPY,-1,2019-12-20 12:00:00,2019-12-20 17:00:00,142.577,142.89384,142.89384,141.94333,0.2924,-31.7,-84.3,-84.62,5,stop_loss,30.69432,0.21122,-1.82975,-3.2074,london,2019
GBPJPY,-1,2019-12-20 18:00:00,2019-12-20 23:00:00,142.816,142.09038,143.17881,142.09038,0.2528,72.6,166.93,166.61,5,take_profit,24.28111,0.24187,-0.3002,-2.86196,new_york,2019
GBPJPY,-1,2019-12-24 13:00:00,2019-12-24 19:00:00,141.53,141.78414,141.78414,141.02172,0.3681,-25.4,-85.13,-85.45,6,stop_loss,25.65613,0.16943,-2.34875,-6.16456,london,2019
GBPJPY,-1,2019-12-27 09:00:00,2019-12-27 10:00:00,142.55,142.80299,142.80299,142.04401,0.366,-25.3,-84.26,-84.58,1,stop_loss,25.0555,0.16866,1.82559,-2.88049,london,2019
GBPJPY,1,2019-12-31 11:00:00,2019-12-31 13:00:00,142.731,143.27443,142.45929,143.27443,0.3374,54.3,166.85,166.53,2,take_profit,34.75178,0.18114,-0.58327,-0.04644,london,2019
GBPJPY,-1,2020-01-02 10:00:00,2020-01-02 16:00:00,143.815,143.0986,144.1732,143.0986,0.261,71.6,170.15,169.83,6,take_profit,33.49303,0.2388,1.98427,1.40966,london,2020
GBPJPY,1,2020-01-03 07:00:00,2020-01-03 09:00:00,141.933,141.52188,141.52188,142.75525,0.232,-41.1,-86.8,-87.11,2,stop_loss,40.39086,0.27408,-3.74017,0.00079,london,2020
GBPJPY,-1,2020-01-06 07:00:00,2020-01-06 11:00:00,141.39,141.77883,141.77883,140.61235,0.2428,-38.9,-85.91,-86.23,4,stop_loss,43.41088,0.25922,-2.1561,-2.55872,london,2020
GBPJPY,1,2020-01-08 09:00:00,2020-01-08 19:00:00,142.294,142.971,141.75813,143.36573,0.1744,67.7,107.44,107.12,10,time_exit,18.85688,0.35724,0.07063,-0.66316,london,2020
GBPJPY,1,2020-01-08 21:00:00,2020-01-09 07:00:00,143.003,143.334,142.42621,144.15658,0.1641,33.1,49.43,49.11,10,time_exit,12.01734,0.38453,1.52616,-0.27297,new_york,2020
GBPJPY,-1,2020-01-10 05:00:00,2020-01-10 08:00:00,143.125,143.43238,143.43238,142.51025,0.3097,-30.7,-86.63,-86.95,3,stop_loss,10.70799,0.20492,1.358,0.93684,,2020
GBPJPY,-1,2020-01-10 22:00:00,2020-01-13 08:00:00,143.059,142.812,143.37082,142.43536,0.3022,24.7,67.93,67.61,10,time_exit,13.17912,0.20788,0.23265,1.30273,,2020
GBPJPY,1,2020-01-16 03:00:00,2020-01-16 13:00:00,143.358,143.628,143.07365,143.92671,0.334,27.0,82.06,81.75,10,time_exit,16.08827,0.18957,1.38329,1.10616,,2020
GBPJPY,1,2020-01-16 15:00:00,2020-01-16 17:00:00,143.682,143.41119,143.41119,144.22362,0.354,-27.1,-87.24,-87.56,2,stop_loss,28.78887,0.18054,2.35374,1.6689,london,2020
GBPJPY,1,2020-01-17 18:00:00,2020-01-20 00:00:00,143.543,143.1918,143.1918,144.2454,0.2702,-35.1,-86.35,-86.67,6,stop_loss,27.49162,0.23413,-0.57705,2.13295,new_york,2020
GBPJPY,-1,2020-01-20 20:00:00,2020-01-21 06:00:00,143.234,143.112,143.47473,142.75254,0.3903,12.2,43.33,43.01,10,time_exit,27.98042,0.16049,-0.85732,1.12626,new_york,2020
GBPJPY,1,2020-01-21 13:00:00,2020-01-21 15:00:00,143.415,143.9485,143.14825,143.9485,0.354,53.4,171.86,171.54,2,take_profit,20.65986,0.17783,0.79125,0.47764,london,2020
GBPJPY,1,2020-01-22 00:00:00,2020-01-22 10:00:00,143.341,143.55,143.05182,143.91936,0.333,20.9,63.33,63.01,10,time_exit,18.08882,0.19279,0.03905,0.64731,,2020
GBPJPY,-1,2020-01-28 06:00:00,2020-01-28 10:00:00,142.311,141.71,142.6115,141.71,0.3228,60.1,176.54,176.23,4,take_profit,37.5132,0.20033,-1.83536,-2.40987,,2020
GBPJPY,1,2020-01-28 20:00:00,2020-01-29 06:00:00,141.86,142.18,141.50818,142.56363,0.2812,32.0,81.89,81.57,10,time_exit,37.99359,0.23454,-2.02816,-2.81575,new_york,2020
GBPJPY,-1,2020-01-29 15:00:00,2020-01-29 21:00:00,141.941,142.19939,142.19939,141.42422,0.3864,-25.8,-90.86,-91.17,6,stop_loss,19.44578,0.17226,-1.41513,-3.76909,london,2020
GBPJPY,1,2020-01-31 12:00:00,2020-01-31 22:00:00,142.946,143.083,142.59319,143.65163,0.2801,13.7,34.92,34.6,10,time_exit,30.2032,0.23521,2.27784,-0.97063,london,2020
GBPJPY,-1,2020-02-03 06:00:00,2020-02-03 11:00:00,142.828,142.15356,143.16522,142.15356,0.2942,67.4,180.56,180.24,5,take_profit,15.00953,0.22481,0.5972,0.00906,,2020
GBPJPY,1,2020-02-03 22:00:00,2020-02-04 08:00:00,141.262,141.541,140.86864,142.04872,0.2573,27.9,65.33,65.01,10,time_exit,40.02045,0.26224,-3.84322,-1.152,,2020
GBPJPY,-1,2020-02-04 19:00:00,2020-02-05 05:00:00,142.536,142.524,142.96694,141.67413,0.2365,1.2,2.58,2.26,10,time_exit,29.78342,0.28729,2.01457,-1.52658,new_york,2020
GBPJPY,-1,2020-02-07 06:00:00,2020-02-07 16:00:00,142.203,141.923,142.4405,141.72801,0.4292,28.0,109.36,109.04,10,time_exit,37.38654,0.15833,-1.19264,-0.41106,,2020
GBPJPY,-1,2020-02-10 11:00:00,2020-02-10 12:00:00,141.542,141.82821,141.82821,140.96958,0.3603,-28.6,-93.84,-94.16,1,stop_loss,33.44451,0.19081,-1.92406,-1.93402,london,2020
GBPJPY,-1,2020-02-10 21:00:00,2020-02-11 07:00:00,141.675,141.92,141.9846,141.0558,0.3298,-24.5,-73.53,-73.85,10,time_exit,20.70103,0.2064,-0.9783,-1.72717,new_york,2020
GBPJPY,1,2020-02-11 20:00:00,2020-02-12 06:00:00,142.214,142.322,141.91324,142.81553,0.3368,10.8,33.1,32.78,10,time_exit,19.02733,0.20051,1.33846,-1.15115,new_york,2020
GBPJPY,1,2020-02-12 19:00:00,2020-02-13 01:00:00,142.76,142.48875,142.48875,143.30251,0.3747,-27.1,-92.49,-92.81,6,stop_loss,34.19221,0.18084,2.54447,0.31357,new_york,2020
GBPJPY,-1,2020-02-13 16:00:00,2020-02-13 17:00:00,142.94,143.27276,143.27276,142.27449,0.3024,-33.3,-91.57,-91.89,1,stop_loss,23.98322,0.22184,2.36577,0.54955,new_york,2020
GBPJPY,1,2020-02-13 17:00:00,2020-02-14 03:00:00,143.124,143.271,142.76937,143.83326,0.2809,14.7,37.58,37.26,10,time_exit,25.5286,0.23642,2.8968,0.59876,new_york,2020
GBPJPY,-1,2020-02-14 12:00:00,2020-02-14 22:00:00,143.124,143.245,143.40438,142.56324,0.3568,-12.1,-39.29,-39.61,10,time_exit,35.14944,0.18692,1.3476,2.1879,london,2020
GBPJPY,1,2020-02-17 03:00:00,2020-02-17 13:00:00,143.16,143.033,142.89628,143.68743,0.3776,-12.7,-43.64,-43.96,10,time_exit,18.32575,0.17581,1.03706,2.41727,,2020
GBPJPY,-1,2020-02-17 18:00:00,2020-02-18 04:00:00,142.996,142.56201,143.213,142.56201,0.4567,43.4,180.37,180.05,10,take_profit,15.99616,0.14466,-0.42625,2.89182,new_york,2020
GBPJPY,-1,2020-02-20 20:00:00,2020-02-21 06:00:00,144.257,144.379,144.69832,143.37436,0.2291,-12.2,-25.43,-25.75,10,time_exit,47.8495,0.29421,1.92599,2.16973,new_york,2020
GBPJPY,1,2020-02-24 15:00:00,2020-02-24 16:00:00,143.863,143.45757,143.45757,144.67386,0.2486,-40.5,-91.72,-92.04,1,stop_loss,31.70156,0.27029,-1.22833,2.5353,london,2020
GBPJPY,-1,2020-02-24 16:00:00,2020-02-24 19:00:00,143.584,142.76785,143.99208,142.76785,0.2445,81.6,181.59,181.27,3,take_profit,32.30378,0.27205,-2.15783,2.42806,new_york,2020
GBPJPY,1,2020-02-25 22:00:00,2020-02-26 08:00:00,143.116,143.298,142.73243,143.88314,0.2654,18.2,43.96,43.64,10,time_exit,21.87797,0.25571,-1.6456,0.37313,,2020
GBPJPY,1,2020-02-26 12:00:00,2020-02-26 19:00:00,142.837,142.45306,142.45306,143.60488,0.2664,-38.4,-93.08,-93.4,7,stop_loss,16.36345,0.25596,-2.34969,0.05066,london,2020
GBPJPY,-1,2020-02-26 19:00:00,2020-02-27 05:00:00,142.595,142.454,143.00733,141.77034,0.2455,14.1,31.5,31.18,10,time_exit,16.17536,0.27489,-2.50857,-0.3588,new_york,2020
GBPJPY,1,2020-02-27 23:00:00,2020-02-28 00:00:00,141.569,141.12763,141.12763,142.45174,0.2302,-44.1,-92.46,-92.78,1,stop_loss,36.50982,0.29425,-2.91774,-2.16954,,2020
GBPJPY,-1,2020-02-28 10:00:00,2020-02-28 16:00:00,140.022,139.08726,140.48937,139.08726,0.2152,93.5,183.05,182.73,6,take_profit,49.50924,0.31158,-5.74882,-3.24547,london,2020
GBPJPY,-1,2020-03-02 16:00:00,2020-03-02 19:00:00,137.556,138.30203,138.30203,136.06393,0.1375,-74.6,-93.35,-93.67,3,stop_loss,46.39571,0.49736,-3.69375,-4.64255,new_york,2020
GBPJPY,1,2020-03-03 11:00:00,2020-03-03 18:00:00,137.997,137.39087,137.39087,139.20926,0.1675,-60.6,-92.39,-92.71,7,stop_loss,20.81207,0.40409,-1.64518,-5.93612,london,2020
GBPJPY,1,2020-03-04 00:00:00,2020-03-04 10:00:00,137.217,137.397,136.58388,138.48325,0.1588,18.0,26.01,25.69,10,time_exit,22.03478,0.42208,-2.25951,-5.71983,,2020
GBPJPY,1,2020-03-04 17:00:00,2020-03-05 01:00:00,137.45,138.50561,136.9222,138.50561,0.191,105.6,183.47,183.16,8,take_profit,13.61541,0.35187,-1.29883,-6.45161,new_york,2020
GBPJPY,1,2020-03-05 09:00:00,2020-03-05 17:00:00,138.203,137.81484,137.81484,138.97931,0.2649,-38.8,-93.57,-93.89,8,stop_loss,22.9374,0.25877,0.65719,-7.0801,london,2020
GBPJPY,1,2020-03-06 17:00:00,2020-03-09 00:00:00,137.035,136.53654,136.53654,138.03192,0.2042,-49.8,-92.62,-92.94,7,stop_loss,28.38784,0.33231,-1.4823,-5.03525,new_york,2020
GBPJPY,-1,2020-03-09 16:00:00,2020-03-10 02:00:00,134.009,134.758,135.00901,132.00897,0.1008,-74.9,-68.7,-69.02,10,time_exit,42.77295,0.66668,-3.145,-3.46891,new_york,2020
GBPJPY,1,2020-03-11 13:00:00,2020-03-11 15:00:00,136.14,135.06686,135.06686,138.28627,0.0932,-107.3,-91.01,-91.33,2,stop_loss,12.65555,0.71542,0.85262,-2.46292,london,2020
GBPJPY,-1,2020-03-12 07:00:00,2020-03-12 17:00:00,132.553,132.638,133.47474,130.70952,0.1074,-8.5,-8.31,-8.63,10,time_exit,27.86169,0.61449,-3.68713,-3.21803,london,2020
GBPJPY,-1,2020-03-13 18:00:00,2020-03-16 00:00:00,133.905,131.81057,134.95221,131.81057,0.0944,209.4,179.92,179.6,6,take_profit,25.42522,0.69814,0.92836,-3.3115,new_york,2020
GBPJPY,-1,2020-03-17 13:00:00,2020-03-17 23:00:00,129.696,129.707,130.73461,127.61877,0.0971,-1.1,-0.97,-1.29,10,time_exit,17.66105,0.69241,-1.98172,-4.1275,london,2020
GBPJPY,-1,2020-03-18 02:00:00,2020-03-18 12:00:00,129.544,129.016,130.5107,127.6106,0.1043,52.8,50.11,49.8,10,time_exit,15.41954,0.64447,-1.4432,-4.53705,,2020
GBPJPY,-1,2020-03-18 22:00:00,2020-03-19 08:00:00,125.084,125.156,126.48011,122.29179,0.0726,-7.2,-4.76,-5.08,10,time_exit,41.69405,0.93074,-4.39072,-3.55711,,2020
GBPJPY,1,2020-03-20 03:00:00,2020-03-20 13:00:00,127.898,129.673,126.53155,130.63091,0.0742,177.5,119.85,119.53,10,time_exit,26.85629,0.91097,0.41546,-3.81157,,2020
GBPJPY,1,2020-03-20 14:00:00,2020-03-23 00:00:00,129.675,129.378,128.34894,132.32712,0.0774,-29.7,-20.92,-21.24,10,time_exit,29.08125,0.88404,1.88199,-3.11925,london,2020
GBPJPY,-1,2020-03-26 18:00:00,2020-03-26 19:00:00,132.392,133.44573,133.44573,130.28455,0.0972,-105.4,-93.2,-93.52,1,stop_loss,15.69368,0.70248,1.85422,0.77811,new_york,2020
GBPJPY,-1,2020-03-26 21:00:00,2020-03-27 07:00:00,133.004,132.741,134.05465,130.9027,0.0965,26.3,23.1,22.78,10,time_exit,17.59078,0.70043,2.42244,0.98815,new_york,2020
GBPJPY,1,2020-03-27 16:00:00,2020-03-30 02:00:00,133.27,133.786,132.24234,135.32532,0.0989,51.6,46.44,46.12,10,time_exit,10.46349,0.68511,1.5555,1.7144,new_york,2020
GBPJPY,-1,2020-03-30 09:00:00,2020-03-30 19:00:00,133.739,133.673,134.63662,131.94377,0.1138,6.6,6.83,6.52,10,time_exit,12.38751,0.59841,1.40413,2.45054,london,2020
GBPJPY,-1,2020-03-31 07:00:00,2020-03-31 17:00:00,133.775,134.51162,134.51162,132.30176,0.1388,-73.7,-93.04,-93.36,10,stop_loss,15.24478,0.49108,0.74803,3.08982,london,2020
GBPJPY,-1,2020-03-31 22:00:00,2020-04-01 08:00:00,133.897,132.978,134.62866,132.43367,0.1383,91.9,115.66,115.34,10,time_exit,17.09848,0.48778,0.58531,2.95398,,2020
GBPJPY,1,2020-04-03 11:00:00,2020-04-03 12:00:00,133.559,133.07374,133.07374,134.52952,0.2112,-48.5,-93.26,-93.58,1,stop_loss,13.67812,0.32351,0.36349,2.31549,london,2020
GBPJPY,1,2020-04-03 13:00:00,2020-04-03 17:00:00,133.33,132.80801,132.80801,134.37398,0.1944,-52.2,-92.34,-92.66,4,stop_loss,14.15314,0.34799,-0.27864,2.07919,london,2020
GBPJPY,-1,2020-04-06 01:00:00,2020-04-06 03:00:00,132.573,133.12266,133.12266,131.47368,0.1827,-55.0,-91.38,-91.7,2,stop_loss,21.82118,0.36644,-1.79639,1.37179,,2020
GBPJPY,-1,2020-04-06 07:00:00,2020-04-06 09:00:00,133.197,133.75978,133.75978,132.07145,0.1767,-56.3,-90.49,-90.81,2,stop_loss,20.42585,0.37518,-0.0326,1.22046,london,2020
GBPJPY,-1,2020-04-06 11:00:00,2020-04-06 21:00:00,134.428,134.15,135.02598,133.23204,0.1646,27.8,41.64,41.32,10,time_exit,24.65878,0.39865,2.86962,1.24475,london,2020
GBPJPY,-1,2020-04-07 23:00:00,2020-04-08 09:00:00,134.238,133.897,134.86366,132.98669,0.158,34.1,49.03,48.71,10,time_exit,15.77927,0.4171,0.78397,1.76756,,2020
GBPJPY,-1,2020-04-08 20:00:00,2020-04-09 03:00:00,134.765,135.28305,135.28305,133.72891,0.1919,-51.8,-90.47,-90.78,7,stop_loss,16.70881,0.34536,1.79773,2.20587,new_york,2020
GBPJPY,1,2020-04-09 23:00:00,2020-04-10 09:00:00,135.187,135.071,134.70087,136.15925,0.2025,-11.6,-21.38,-21.69,10,time_exit,21.94401,0.32408,1.31337,3.03834,,2020
GBPJPY,1,2020-04-13 06:00:00,2020-04-13 16:00:00,134.697,134.791,134.38487,135.32126,0.3146,9.4,26.91,26.59,10,time_exit,22.66478,0.20809,-1.47257,4.17405,,2020
GBPJPY,1,2020-04-13 20:00:00,2020-04-14 06:00:00,134.665,135.214,134.34519,135.30461,0.3079,54.9,153.82,153.51,10,time_exit,24.91369,0.2132,-1.15362,3.23758,new_york,2020
GBPJPY,1,2020-04-14 16:00:00,2020-04-15 02:00:00,135.079,135.222,134.70697,135.82306,0.2692,14.3,35.03,34.71,10,time_exit,20.59953,0.24802,0.50133,2.40321,new_york,2020
GBPJPY,1,2020-04-16 05:00:00,2020-04-16 15:00:00,134.568,134.397,134.13697,135.43006,0.2333,-17.1,-36.3,-36.62,10,time_exit,19.54214,0.28735,-0.63712,0.92806,,2020
GBPJPY,1,2020-04-17 10:00:00,2020-04-17 11:00:00,134.53,134.16319,134.16319,135.26363,0.273,-36.7,-91.13,-91.45,1,stop_loss,18.68167,0.24454,-0.17044,0.36918,london,2020
GBPJPY,1,2020-04-17 19:00:00,2020-04-20 05:00:00,134.4,134.605,133.97462,135.25076,0.233,20.5,43.47,43.15,10,time_exit,16.19549,0.28359,-0.23198,0.02917,new_york,2020
GBPJPY,-1,2020-04-22 13:00:00,2020-04-22 23:00:00,133.16,132.888,133.60533,132.26934,0.2237,27.2,55.37,55.05,10,time_exit,21.12986,0.29689,0.41053,-2.91521,london,2020
GBPJPY,1,2020-04-23 08:00:00,2020-04-23 10:00:00,132.978,132.63312,132.63312,133.66776,0.2906,-34.5,-91.2,-91.52,2,stop_loss,14.45007,0.22992,0.10059,-3.36833,london,2020
GBPJPY,1,2020-04-24 03:00:00,2020-04-24 11:00:00,132.973,132.49995,132.49995,133.91909,0.2097,-47.3,-90.27,-90.59,8,stop_loss,11.68799,0.31536,0.11962,-2.07464,,2020
GBPJPY,1,2020-04-27 12:00:00,2020-04-27 22:00:00,133.277,133.306,132.8974,134.0362,0.2587,2.9,6.83,6.51,10,time_exit,22.58363,0.25307,1.20149,-1.70905,london,2020
GBPJPY,1,2020-04-28 23:00:00,2020-04-29 09:00:00,132.889,132.799,132.58488,133.49724,0.3232,-9.0,-26.47,-26.79,10,time_exit,19.89868,0.20275,-0.98597,-1.19607,,2020
GBPJPY,1,2020-04-29 16:00:00,2020-04-30 02:00:00,132.515,132.945,132.18611,133.17277,0.2979,43.0,116.57,116.25,10,time_exit,24.94613,0.21926,-1.53805,-1.68897,new_york,2020
GBPJPY,-1,2020-04-30 23:00:00,2020-05-01 09:00:00,135.166,134.469,135.71902,134.05995,0.1795,69.7,113.85,113.53,10,time_exit,29.9877,0.36868,4.94438,0.23101,,2020
GBPJPY,-1,2020-05-04 01:00:00,2020-05-04 11:00:00,133.339,132.721,133.7756,132.4658,0.2302,61.8,129.46,129.14,10,time_exit,18.90264,0.29107,-1.48889,1.09324,,2020
GBPJPY,1,2020-05-05 05:00:00,2020-05-05 15:00:00,132.794,132.874,132.5057,133.3706,0.3536,8.0,25.74,25.42,10,time_exit,19.2895,0.1922,-1.75025,-0.89582,,2020
GBPJPY,-1,2020-05-07 11:00:00,2020-05-07 17:00:00,131.606,130.84876,131.98462,130.84876,0.27,75.7,186.05,185.73,6,take_profit,56.71001,0.25241,-0.41817,-3.8724,london,2020
GBPJPY,-1,2020-05-08 04:00:00,2020-05-08 14:00:00,131.77,131.699,132.15797,130.99406,0.2687,7.1,17.36,17.04,10,time_exit,28.47995,0.25865,0.75915,-3.54745,,2020
GBPJPY,1,2020-05-08 23:00:00,2020-05-11 09:00:00,132.372,133.06204,132.02698,133.06204,0.3027,69.0,190.08,189.76,10,take_profit,35.46579,0.23001,2.36928,-2.52043,,2020
GBPJPY,1,2020-05-11 10:00:00,2020-05-11 11:00:00,133.065,132.69257,132.69257,133.80986,0.286,-37.2,-96.93,-97.25,1,stop_loss,38.63251,0.24829,3.65849,-1.14797,london,2020
GBPJPY,-1,2020-05-11 19:00:00,2020-05-12 05:00:00,132.782,132.296,133.26356,131.81887,0.219,48.6,96.85,96.54,10,time_exit,28.29643,0.32104,1.60984,-0.57719,new_york,2020
GBPJPY,-1,2020-05-12 05:00:00,2020-05-12 10:00:00,132.328,132.71973,132.71973,131.54454,0.2719,-39.2,-96.92,-97.24,5,stop_loss,22.0072,0.26115,-0.25784,-0.27163,,2020
GBPJPY,1,2020-05-12 12:00:00,2020-05-12 17:00:00,132.509,132.10625,132.10625,133.3145,0.2618,-40.3,-95.95,-96.27,5,stop_loss,18.02177,0.2685,0.31884,-0.18237,london,2020
GBPJPY,-1,2020-05-13 14:00:00,2020-05-13 18:00:00,131.533,130.68165,131.95868,130.68165,0.2452,85.1,189.96,189.65,4,take_profit,27.28139,0.28378,-1.51335,-1.23976,london,2020
GBPJPY,1,2020-05-13 19:00:00,2020-05-14 05:00:00,130.711,130.591,130.23183,131.66935,0.2222,-12.0,-24.26,-24.58,10,time_exit,24.35297,0.31945,-3.52467,-1.33516,new_york,2020
GBPJPY,-1,2020-05-15 04:00:00,2020-05-15 14:00:00,131.245,130.44272,131.64614,130.44272,0.2648,80.2,193.32,193.01,10,take_profit,22.83262,0.26743,0.68393,-2.89586,,2020
GBPJPY,-1,2020-05-15 20:00:00,2020-05-18 06:00:00,130.032,129.718,130.45579,129.18442,0.2556,31.4,73.04,72.72,10,time_exit,26.14397,0.28253,-2.71708,-3.0024,new_york,2020
GBPJPY,1,2020-05-18 17:00:00,2020-05-18 20:00:00,131.013,130.61596,130.61596,131.80709,0.2748,-39.7,-99.29,-99.61,3,stop_loss,27.71875,0.2647,2.61891,-3.76182,new_york,2020
GBPJPY,-1,2020-05-18 20:00:00,2020-05-19 03:00:00,130.65,131.08009,131.08009,129.78982,0.2512,-43.0,-98.32,-98.63,7,stop_loss,32.04795,0.28673,0.93416,-3.21753,new_york,2020
GBPJPY,-1,2020-05-21 21:00:00,2020-05-22 07:00:00,131.754,131.191,132.09851,131.06498,0.3104,56.3,159.03,158.71,10,time_exit,15.25968,0.22967,0.66195,0.47686,new_york,2020
GBPJPY,1,2020-05-22 08:00:00,2020-05-22 10:00:00,131.191,130.86725,130.86725,131.83851,0.3357,-32.4,-98.9,-99.22,2,stop_loss,11.06388,0.21584,-1.72146,0.31494,london,2020
GBPJPY,-1,2020-05-22 14:00:00,2020-05-22 17:00:00,130.923,131.30037,131.30037,130.16825,0.2851,-37.7,-97.91,-98.22,3,stop_loss,19.61432,0.25158,-2.03209,-0.1177,london,2020
GBPJPY,-1,2020-05-25 08:00:00,2020-05-25 18:00:00,131.144,131.347,131.42081,130.59037,0.3848,-20.3,-71.08,-71.4,10,time_exit,15.07653,0.18454,-0.55018,-0.81689,london,2020
GBPJPY,-1,2020-05-26 22:00:00,2020-05-27 08:00:00,132.717,132.426,133.03973,132.07154,0.3276,29.1,86.75,86.43,10,time_exit,45.29829,0.21515,3.92129,1.53849,,2020
GBPJPY,1,2020-05-27 10:00:00,2020-05-27 16:00:00,132.424,132.1036,132.1036,133.0648,0.333,-32.0,-97.09,-97.41,6,stop_loss,26.70359,0.2136,1.4881,2.14045,london,2020
GBPJPY,-1,2020-05-29 09:00:00,2020-05-29 16:00:00,132.239,132.55384,132.55384,131.60933,0.3355,-31.5,-96.12,-96.44,7,stop_loss,14.67472,0.20989,-0.41925,2.019,london,2020
GBPJPY,1,2020-06-03 04:00:00,2020-06-03 05:00:00,136.899,136.43122,136.43122,137.83455,0.2235,-46.8,-95.14,-95.46,1,stop_loss,57.62203,0.31185,6.25495,5.80898,,2020
GBPJPY,-1,2020-06-04 01:00:00,2020-06-04 11:00:00,136.942,136.511,137.36993,136.08614,0.2419,43.1,94.88,94.56,10,time_exit,36.44903,0.28529,3.17855,7.70594,,2020
GBPJPY,-1,2020-06-04 16:00:00,2020-06-04 17:00:00,136.324,136.83866,136.83866,135.29467,0.2031,-51.5,-95.12,-95.44,1,stop_loss,19.8989,0.34311,0.08111,6.03532,new_york,2020
GBPJPY,-1,2020-06-05 13:00:00,2020-06-05 15:00:00,138.034,138.59041,138.59041,136.92118,0.186,-55.6,-94.18,-94.5,2,stop_loss,30.49905,0.37094,2.56728,5.96663,london,2020
GBPJPY,1,2020-06-05 15:00:00,2020-06-05 17:00:00,138.317,139.39493,137.77804,139.39493,0.1901,107.8,186.47,186.15,2,take_profit,31.91098,0.35931,3.20189,6.21113,london,2020
GBPJPY,1,2020-06-08 15:00:00,2020-06-08 17:00:00,138.478,137.95351,137.95351,139.52698,0.1993,-52.4,-95.12,-95.44,2,stop_loss,35.04284,0.34966,0.60661,7.06015,london,2020
GBPJPY,1,2020-06-09 17:00:00,2020-06-10 03:00:00,136.825,137.125,136.17991,138.11519,0.1604,30.0,43.79,43.47,10,time_exit,38.46188,0.43006,-1.89813,3.43765,new_york,2020
GBPJPY,1,2020-06-10 12:00:00,2020-06-10 22:00:00,136.982,136.689,136.54586,137.85427,0.2383,-29.3,-63.54,-63.86,10,time_exit,18.58578,0.29076,-1.30902,3.54198,london,2020
GBPJPY,1,2020-06-12 08:00:00,2020-06-12 12:00:00,134.714,135.7406,134.2007,135.7406,0.2011,102.7,187.87,187.55,4,take_profit,56.90984,0.3422,-2.52866,-1.38616,london,2020
GBPJPY,1,2020-06-12 15:00:00,2020-06-12 17:00:00,135.499,134.85756,134.85756,136.78188,0.1642,-64.1,-95.85,-96.16,2,stop_loss,39.95977,0.42763,-0.09414,-1.09964,london,2020
GBPJPY,-1,2020-06-15 19:00:00,2020-06-15 21:00:00,134.622,135.23182,135.23182,133.40236,0.1709,-61.0,-94.84,-95.16,2,stop_loss,17.64357,0.40655,-0.41767,-2.04269,new_york,2020
GBPJPY,1,2020-06-15 23:00:00,2020-06-16 05:00:00,135.181,136.29945,134.62177,136.29945,0.1845,111.8,187.78,187.46,6,take_profit,18.86529,0.37282,0.98837,-2.09475,,2020
GBPJPY,1,2020-06-16 09:00:00,2020-06-16 10:00:00,136.176,135.62823,135.62823,137.27155,0.1921,-54.8,-95.76,-96.08,1,stop_loss,35.34595,0.36518,2.78272,-1.27566,london,2020
GBPJPY,-1,2020-06-17 08:00:00,2020-06-17 18:00:00,134.659,134.351,135.15913,133.65875,0.2083,30.8,58.38,58.06,10,time_exit,21.01264,0.33342,-1.34719,-1.241,london,2020
GBPJPY,1,2020-06-18 09:00:00,2020-06-18 12:00:00,134.124,133.65957,133.65957,135.05286,0.2257,-46.4,-95.39,-95.71,3,stop_loss,31.38417,0.30962,-1.63708,-2.08428,london,2020
GBPJPY,-1,2020-06-18 15:00:00,2020-06-18 17:00:00,133.473,132.39454,134.01223,132.39454,0.1925,107.8,188.92,188.6,2,take_profit,30.15236,0.35949,-2.74007,-2.03805,london,2020
GBPJPY,-1,2020-06-18 22:00:00,2020-06-19 08:00:00,132.678,132.977,133.18847,131.65706,0.2074,-29.9,-56.43,-56.75,10,time_exit,33.80813,0.34031,-3.98868,-2.90992,,2020
GBPJPY,1,2020-06-19 11:00:00,2020-06-19 13:00:00,133.006,132.61318,132.61318,133.79165,0.2679,-39.3,-95.77,-96.08,2,stop_loss,30.74678,0.26188,-2.17862,-4.54856,london,2020
GBPJPY,-1,2020-06-22 06:00:00,2020-06-22 08:00:00,132.196,132.56424,132.56424,131.45952,0.2829,-36.8,-94.8,-95.12,2,stop_loss,31.20026,0.24549,-2.49454,-6.13767,,2020
GBPJPY,-1,2020-06-22 22:00:00,2020-06-23 05:00:00,133.375,133.79432,133.79432,132.53636,0.2459,-41.9,-93.83,-94.15,7,stop_loss,20.31865,0.27955,2.01481,-4.56713,,2020
GBPJPY,1,2020-06-23 11:00:00,2020-06-23 12:00:00,133.847,133.37091,133.37091,134.79919,0.2144,-47.6,-92.89,-93.21,1,stop_loss,17.42902,0.3174,2.33015,-2.8734,london,2020
GBPJPY,-1,2020-06-25 05:00:00,2020-06-25 11:00:00,132.991,133.36698,133.36698,132.23905,0.2688,-37.6,-91.97,-92.29,6,stop_loss,18.71567,0.25065,-0.5165,-2.43039,,2020
GBPJPY,-1,2020-06-26 09:00:00,2020-06-26 12:00:00,133.043,132.48689,133.32105,132.48689,0.3598,55.6,182.08,181.76,3,take_profit,8.23103,0.18537,-0.44463,-2.47621,london,2020
GBPJPY,-1,2020-06-30 01:00:00,2020-06-30 04:00:00,132.275,132.57924,132.57924,131.66651,0.3354,-30.4,-92.86,-93.18,3,stop_loss,16.80278,0.20283,-1.07977,-3.38431,,2020
GBPJPY,-1,2020-06-30 18:00:00,2020-06-30 21:00:00,133.288,133.68667,133.68667,132.49065,0.2534,-39.9,-91.93,-92.25,3,stop_loss,17.46032,0.26578,3.09042,-2.25614,new_york,2020
GBPJPY,1,2020-07-01 14:00:00,2020-07-01 15:00:00,133.367,132.99097,132.99097,134.11906,0.266,-37.6,-91.02,-91.34,1,stop_loss,26.0024,0.25069,1.44117,-0.53625,london,2020
GBPJPY,-1,2020-07-02 07:00:00,2020-07-02 12:00:00,134.196,134.53331,134.53331,133.52139,0.2935,-33.7,-90.09,-90.41,5,stop_loss,24.99022,0.22487,3.14097,0.98757,london,2020
GBPJPY,-1,2020-07-02 16:00:00,2020-07-03 02:00:00,134.419,134.006,134.75501,133.74699,0.2917,41.3,109.63,109.31,10,time_exit,31.45005,0.224,2.92743,1.77273,new_york,2020
GBPJPY,1,2020-07-03 16:00:00,2020-07-06 02:00:00,133.919,134.203,133.64619,134.46463,0.3637,28.4,93.99,93.68,10,time_exit,15.31773,0.18188,0.06262,2.2341,new_york,2020
GBPJPY,1,2020-07-07 05:00:00,2020-07-07 14:00:00,134.16,134.66005,133.90998,134.66005,0.401,50.0,182.47,182.15,9,take_profit,16.03386,0.16668,-0.11919,2.65978,,2020
GBPJPY,-1,2020-07-10 14:00:00,2020-07-10 16:00:00,134.692,134.97982,134.97982,134.11636,0.3553,-28.8,-93.06,-93.38,2,stop_loss,35.42369,0.19188,-1.59518,2.75814,london,2020
GBPJPY,1,2020-07-14 04:00:00,2020-07-14 10:00:00,134.568,134.28718,134.28718,135.12964,0.3605,-28.1,-92.12,-92.44,6,stop_loss,18.09494,0.18721,-2.18328,1.82331,,2020
GBPJPY,1,2020-07-14 14:00:00,2020-07-14 16:00:00,134.492,134.19575,134.19575,135.0845,0.3383,-29.6,-91.2,-91.52,2,stop_loss,23.63259,0.1975,-1.62932,0.97152,london,2020
GBPJPY,-1,2020-07-16 09:00:00,2020-07-16 15:00:00,134.287,134.55663,134.55663,133.74773,0.3679,-27.0,-90.27,-90.59,6,stop_loss,30.44954,0.17976,-1.95026,0.09854,london,2020
GBPJPY,1,2020-07-17 00:00:00,2020-07-17 10:00:00,134.598,134.392,134.2935,135.20699,0.3225,-20.6,-60.46,-60.77,10,time_exit,25.96443,0.203,0.20185,0.06491,,2020
GBPJPY,1,2020-07-17 20:00:00,2020-07-20 06:00:00,134.399,134.428,134.10227,134.99246,0.3287,2.9,8.67,8.36,10,time_exit,23.87783,0.19782,-0.86864,-0.20063,new_york,2020
GBPJPY,1,2020-07-20 11:00:00,2020-07-20 14:00:00,134.752,135.34309,134.45645,135.34309,0.3303,59.1,177.67,177.35,3,take_profit,17.68652,0.19703,1.02498,-0.23775,london,2020
GBPJPY,-1,2020-07-21 18:00:00,2020-07-22 04:00:00,136.276,135.89,136.62587,135.57626,0.2846,38.6,99.97,99.65,10,time_exit,48.69961,0.23325,3.31885,2.49874,new_york,2020
GBPJPY,-1,2020-07-22 12:00:00,2020-07-22 13:00:00,135.455,135.78177,135.78177,134.80146,0.3081,-32.7,-91.62,-91.94,1,stop_loss,24.12394,0.21785,-1.14246,2.85267,london,2020
GBPJPY,1,2020-07-22 17:00:00,2020-07-23 03:00:00,136.297,136.398,135.9193,137.05241,0.2639,10.1,24.26,23.94,10,time_exit,21.53153,0.2518,2.1702,2.47922,new_york,2020
GBPJPY,-1,2020-07-23 04:00:00,2020-07-23 14:00:00,136.398,136.007,136.70268,135.78864,0.328,39.1,116.71,116.39,10,time_exit,21.89621,0.20312,1.93855,3.63886,,2020
GBPJPY,1,2020-07-24 09:00:00,2020-07-24 10:00:00,135.53,135.2381,135.2381,136.11379,0.3467,-29.2,-92.09,-92.41,1,stop_loss,26.51781,0.1946,-2.5605,2.84941,london,2020
GBPJPY,-1,2020-07-24 21:00:00,2020-07-24 23:00:00,135.394,135.77704,135.77704,134.62792,0.2616,-38.3,-91.19,-91.5,2,stop_loss,36.54095,0.25536,-1.47667,1.20605,new_york,2020
GBPJPY,-1,2020-07-28 06:00:00,2020-07-28 16:00:00,135.801,135.731,136.09814,135.20671,0.3338,7.0,21.26,20.94,10,time_exit,17.58371,0.1981,0.72985,0.78741,,2020
GBPJPY,1,2020-07-28 17:00:00,2020-07-29 03:00:00,135.731,135.912,135.39846,136.39609,0.299,18.1,49.25,48.93,10,time_exit,16.52627,0.2217,0.3579,0.61179,new_york,2020
GBPJPY,1,2020-07-30 19:00:00,2020-07-31 05:00:00,136.931,136.906,136.59892,137.59517,0.301,-2.5,-6.85,-7.17,10,time_exit,26.98685,0.22139,2.7823,2.23924,new_york,2020
GBPJPY,-1,2020-07-31 11:00:00,2020-07-31 13:00:00,137.213,137.52472,137.52472,136.58955,0.3204,-31.2,-90.89,-91.21,2,stop_loss,25.18769,0.20782,2.58574,3.22397,london,2020
GBPJPY,1,2020-07-31 16:00:00,2020-07-31 17:00:00,138.29,139.03877,137.91562,139.03877,0.2641,74.9,179.95,179.63,1,take_profit,30.31815,0.24959,5.69809,3.11586,new_york,2020
GBPJPY,1,2020-08-04 07:00:00,2020-08-04 11:00:00,138.735,138.43058,138.43058,139.34384,0.3313,-30.4,-91.78,-92.1,4,stop_loss,21.55796,0.20295,2.59104,6.5094,london,2020
GBPJPY,1,2020-08-04 16:00:00,2020-08-05 02:00:00,137.869,138.211,137.52836,138.55028,0.2931,34.2,91.22,90.9,10,time_exit,20.06259,0.22709,-1.75508,5.4934,new_york,2020
GBPJPY,-1,2020-08-05 02:00:00,2020-08-05 10:00:00,138.269,138.57551,138.57551,137.65598,0.329,-30.7,-91.77,-92.09,8,stop_loss,18.85028,0.20434,0.19768,5.38966,,2020
GBPJPY,-1,2020-08-05 13:00:00,2020-08-05 23:00:00,138.788,138.478,139.12116,138.12168,0.2996,31.0,84.52,84.2,10,time_exit,16.64101,0.22211,2.38004,4.54747,london,2020
GBPJPY,1,2020-08-06 09:00:00,2020-08-06 10:00:00,138.474,138.99034,138.21583,138.99034,0.3902,51.6,183.34,183.02,1,take_profit,7.72418,0.17211,0.23691,5.48698,london,2020
GBPJPY,-1,2020-08-06 12:00:00,2020-08-06 22:00:00,139.075,138.695,139.4135,138.39799,0.3036,38.0,104.98,104.67,10,time_exit,12.28393,0.22567,2.56685,4.2529,london,2020
GBPJPY,1,2020-08-07 16:00:00,2020-08-07 17:00:00,138.312,138.01071,138.01071,138.91459,0.3449,-30.1,-94.56,-94.88,1,stop_loss,21.47137,0.20086,-1.04777,3.64291,new_york,2020
GBPJPY,-1,2020-08-11 10:00:00,2020-08-11 12:00:00,138.695,138.91758,138.91758,138.24984,0.4622,-22.3,-93.62,-93.94,2,stop_loss,21.25029,0.14839,1.2743,3.32218,london,2020
GBPJPY,1,2020-08-11 12:00:00,2020-08-11 16:00:00,138.867,139.32511,138.63795,139.32511,0.4446,45.8,185.34,185.02,4,take_profit,20.96752,0.1527,2.16965,3.29464,london,2020
GBPJPY,-1,2020-08-12 02:00:00,2020-08-12 10:00:00,139.035,139.32085,139.32085,138.46331,0.3634,-28.6,-94.53,-94.85,8,stop_loss,28.23162,0.19056,1.21993,3.27933,,2020
GBPJPY,-1,2020-08-13 02:00:00,2020-08-13 11:00:00,139.336,139.61581,139.61581,138.77638,0.3675,-28.0,-93.57,-93.89,9,stop_loss,16.98471,0.18654,1.39255,3.61353,,2020
GBPJPY,1,2020-08-17 10:00:00,2020-08-17 11:00:00,139.591,139.35673,139.35673,140.05955,0.4345,-23.4,-92.63,-92.95,1,stop_loss,9.13538,0.15618,0.24279,4.01209,london,2020
GBPJPY,-1,2020-08-17 18:00:00,2020-08-18 04:00:00,138.928,138.818,139.20772,138.36855,0.3603,11.0,36.07,35.75,10,time_exit,17.44489,0.18648,-2.836,2.7296,new_york,2020
GBPJPY,-1,2020-08-18 23:00:00,2020-08-19 08:00:00,139.521,139.79819,139.79819,138.96662,0.365,-27.7,-92.07,-92.39,9,stop_loss,29.07358,0.18479,1.6458,1.30333,,2020
GBPJPY,1,2020-08-19 08:00:00,2020-08-19 12:00:00,139.743,139.49723,139.49723,140.23455,0.4075,-24.6,-91.14,-91.46,4,stop_loss,30.05326,0.16385,2.50287,1.85354,london,2020
GBPJPY,-1,2020-08-20 22:00:00,2020-08-21 08:00:00,139.716,139.843,140.07128,139.00545,0.2791,-12.7,-32.26,-32.57,10,time_exit,24.56205,0.23685,2.17994,0.53692,,2020
GBPJPY,1,2020-08-24 07:00:00,2020-08-24 17:00:00,138.466,138.358,138.15137,139.09526,0.314,-10.8,-30.86,-31.18,10,time_exit,31.66429,0.20975,-2.40705,-0.4306,london,2020
GBPJPY,1,2020-08-25 02:00:00,2020-08-25 10:00:00,138.482,139.05172,138.19714,139.05172,0.3456,57.0,179.17,178.86,8,take_profit,20.96228,0.18991,-1.37854,-1.21553,,2020
GBPJPY,1,2020-08-27 09:00:00,2020-08-27 14:00:00,140.048,139.79824,139.79824,140.54751,0.402,-25.0,-91.37,-91.68,5,stop_loss,29.90846,0.1665,2.00675,2.54834,london,2020
GBPJPY,1,2020-08-31 22:00:00,2020-09-01 08:00:00,141.632,141.745,141.24456,142.40688,0.2566,11.3,26.39,26.07,10,time_exit,25.28145,0.25829,2.97602,3.39253,,2020
GBPJPY,-1,2020-09-01 14:00:00,2020-09-01 21:00:00,142.457,141.74346,142.81377,141.74346,0.2794,71.4,181.42,181.1,7,take_profit,39.85344,0.23785,4.88198,4.41213,london,2020
GBPJPY,1,2020-09-02 08:00:00,2020-09-02 10:00:00,141.869,141.57813,141.57813,142.45075,0.3496,-29.1,-92.54,-92.86,2,stop_loss,20.30295,0.19392,1.1367,5.72713,london,2020
GBPJPY,-1,2020-09-02 20:00:00,2020-09-03 06:00:00,141.506,141.616,141.88768,140.74263,0.2637,-11.0,-26.4,-26.71,10,time_exit,30.6615,0.25446,-0.49853,3.82101,new_york,2020
GBPJPY,1,2020-09-04 16:00:00,2020-09-04 17:00:00,140.722,140.32636,140.32636,141.51327,0.2537,-39.6,-91.34,-91.66,1,stop_loss,22.91563,0.26376,-1.72272,1.28328,new_york,2020
GBPJPY,-1,2020-09-04 18:00:00,2020-09-04 20:00:00,140.398,140.82364,140.82364,139.54672,0.2334,-42.6,-90.4,-90.72,2,stop_loss,25.04586,0.28376,-2.55839,1.02415,new_york,2020
GBPJPY,-1,2020-09-10 13:00:00,2020-09-10 15:00:00,138.194,137.42583,138.57809,137.42583,0.2561,76.8,179.02,178.7,2,take_profit,23.99178,0.25606,0.06217,-5.24084,london,2020
GBPJPY,-1,2020-09-11 10:00:00,2020-09-11 20:00:00,136.212,135.752,136.61636,135.40329,0.2481,46.0,103.85,103.54,10,time_exit,41.72255,0.26957,-3.29815,-6.74367,london,2020
GBPJPY,1,2020-09-14 13:00:00,2020-09-14 21:00:00,136.212,135.86127,135.86127,136.91347,0.2893,-35.1,-92.34,-92.65,8,stop_loss,15.85198,0.23382,-0.58065,-7.99701,london,2020
GBPJPY,1,2020-09-16 03:00:00,2020-09-16 13:00:00,135.789,136.182,135.47055,136.4259,0.3154,39.3,112.8,112.48,10,time_exit,19.01873,0.2123,-1.15219,-6.93222,,2020
GBPJPY,1,2020-09-18 20:00:00,2020-09-21 06:00:00,135.184,135.132,134.79315,135.96571,0.2601,-5.2,-12.31,-12.63,10,time_exit,15.82851,0.26057,-1.82986,-3.82856,new_york,2020
GBPJPY,-1,2020-09-21 06:00:00,2020-09-21 10:00:00,135.142,134.50687,135.45957,134.50687,0.3197,63.5,184.78,184.46,4,take_profit,16.81195,0.21171,-1.66448,-4.82229,,2020
GBPJPY,-1,2020-09-21 16:00:00,2020-09-22 02:00:00,133.801,134.2408,134.2408,132.92139,0.2355,-44.0,-94.25,-94.57,10,stop_loss,34.99168,0.2932,-4.47343,-4.08476,new_york,2020
GBPJPY,1,2020-09-22 22:00:00,2020-09-23 08:00:00,133.617,133.74,133.12119,134.60862,0.2068,12.3,23.15,22.83,10,time_exit,23.09508,0.33054,-1.87684,-4.38454,,2020
GBPJPY,1,2020-09-24 02:00:00,2020-09-24 09:00:00,134.037,133.64537,133.64537,134.82026,0.2624,-39.2,-93.52,-93.83,7,stop_loss,18.97732,0.26109,0.06068,-4.68339,,2020
GBPJPY,-1,2020-09-24 22:00:00,2020-09-25 08:00:00,134.309,134.358,134.73103,133.46494,0.2411,-4.9,-10.75,-11.07,10,time_exit,14.37608,0.28135,0.63237,-3.2765,,2020
GBPJPY,1,2020-09-28 14:00:00,2020-09-28 21:00:00,135.897,135.44546,135.44546,136.80009,0.2251,-45.2,-92.49,-92.81,7,stop_loss,18.37999,0.30103,4.55972,-1.20612,london,2020
GBPJPY,1,2020-10-05 18:00:00,2020-10-06 04:00:00,137.057,137.181,136.67336,137.82427,0.2622,12.4,29.59,29.27,10,time_exit,9.17146,0.25576,2.73352,2.34398,new_york,2020
GBPJPY,1,2020-10-07 16:00:00,2020-10-08 02:00:00,136.585,136.874,136.19667,137.36167,0.2599,28.9,68.35,68.03,10,time_exit,20.99559,0.25889,0.07104,1.76081,new_york,2020
GBPJPY,-1,2020-10-09 07:00:00,2020-10-09 10:00:00,137.128,137.38129,137.38129,136.62142,0.4014,-25.3,-92.52,-92.84,3,stop_loss,9.35649,0.16886,1.06086,3.21864,london,2020
GBPJPY,1,2020-10-12 01:00:00,2020-10-12 06:00:00,137.74,137.44371,137.44371,138.33257,0.3397,-29.6,-91.59,-91.91,5,stop_loss,18.08021,0.19752,2.8749,3.14172,,2020
GBPJPY,1,2020-10-13 22:00:00,2020-10-14 04:00:00,136.492,136.16422,136.16422,137.14755,0.304,-32.8,-90.68,-90.99,6,stop_loss,28.97545,0.21852,-3.73243,2.00521,,2020
GBPJPY,1,2020-10-14 19:00:00,2020-10-15 05:00:00,136.834,136.951,136.41589,137.67021,0.2359,11.7,25.12,24.8,10,time_exit,36.74883,0.27874,-0.06696,0.20962,new_york,2020
GBPJPY,1,2020-10-15 12:00:00,2020-10-15 14:00:00,136.337,135.98988,135.98988,137.03125,0.285,-34.7,-90.03,-90.35,2,stop_loss,19.00967,0.23142,-2.27264,0.23887,london,2020
GBPJPY,-1,2020-10-16 07:00:00,2020-10-16 09:00:00,135.698,136.03421,136.03421,135.02559,0.2913,-33.6,-89.12,-89.44,2,stop_loss,23.17966,0.22414,-3.13448,-1.20877,london,2020
GBPJPY,-1,2020-10-19 17:00:00,2020-10-20 03:00:00,137.029,136.697,137.42692,136.23317,0.2436,33.2,73.6,73.28,10,time_exit,19.41895,0.26528,2.29053,-0.57392,new_york,2020
GBPJPY,1,2020-10-22 13:00:00,2020-10-22 23:00:00,137.17,137.218,136.88661,137.73679,0.3449,4.8,15.07,14.75,10,time_exit,28.89995,0.18893,0.41601,1.69906,london,2020
GBPJPY,-1,2020-10-23 01:00:00,2020-10-23 11:00:00,137.138,136.936,137.39424,136.62552,0.3821,20.2,70.24,69.92,10,time_exit,19.58547,0.17083,0.06828,1.81127,,2020
GBPJPY,1,2020-10-26 07:00:00,2020-10-26 10:00:00,136.61,136.33966,136.33966,137.15068,0.365,-27.0,-89.79,-90.11,3,stop_loss,19.32704,0.18023,-1.26432,0.21231,london,2020
GBPJPY,1,2020-10-29 20:00:00,2020-10-30 06:00:00,135.166,135.03,134.76857,135.96086,0.2458,-13.6,-30.42,-30.74,10,time_exit,28.3933,0.26495,-1.7641,-2.45789,new_york,2020
GBPJPY,1,2020-10-30 09:00:00,2020-10-30 12:00:00,134.539,135.17433,134.22134,135.17433,0.3065,63.5,177.2,176.88,3,take_profit,28.36861,0.21178,-4.1023,-3.45627,london,2020
GBPJPY,1,2020-10-30 21:00:00,2020-11-02 07:00:00,135.447,135.089,135.02287,136.29526,0.2341,-35.8,-76.27,-76.58,10,time_exit,19.33176,0.28275,0.28262,-2.39177,new_york,2020
GBPJPY,1,2020-11-02 11:00:00,2020-11-02 21:00:00,134.933,135.236,134.56446,135.67008,0.2671,30.3,73.65,73.33,10,time_exit,18.72551,0.24569,-1.63157,-2.49661,london,2020
GBPJPY,1,2020-11-04 00:00:00,2020-11-04 01:00:00,136.372,137.09489,136.01056,137.09489,0.2746,72.3,180.64,180.32,1,take_profit,36.77927,0.24096,3.32936,-0.66726,,2020
GBPJPY,1,2020-11-05 19:00:00,2020-11-06 05:00:00,135.975,135.74,135.4796,136.96579,0.2044,-23.5,-43.71,-44.03,10,time_exit,16.82225,0.33026,0.71109,-0.32185,new_york,2020
GBPJPY,-1,2020-11-06 23:00:00,2020-11-09 03:00:00,135.869,136.22269,136.22269,135.16163,0.2849,-35.4,-91.7,-92.01,4,stop_loss,12.84003,0.23579,0.16854,-0.11463,,2020
GBPJPY,-1,2020-11-09 14:00:00,2020-11-09 15:00:00,137.223,137.64706,137.64706,136.37488,0.2352,-42.4,-90.76,-91.08,1,stop_loss,23.13803,0.28271,4.15559,0.47844,london,2020
GBPJPY,1,2020-11-11 22:00:00,2020-11-12 08:00:00,139.32,138.93186,138.93186,140.09627,0.2544,-38.8,-89.86,-90.17,10,stop_loss,28.38893,0.25876,1.08415,6.56729,,2020
GBPJPY,1,2020-11-16 22:00:00,2020-11-17 08:00:00,137.95,138.137,137.55696,138.73609,0.2487,18.7,42.32,42.0,10,time_exit,12.25552,0.26203,-0.758,1.38808,,2020
GBPJPY,1,2020-11-17 19:00:00,2020-11-18 05:00:00,138.033,137.983,137.70067,138.69766,0.2955,-5.0,-13.45,-13.76,10,time_exit,9.88281,0.22155,-0.37381,1.23011,new_york,2020
GBPJPY,-1,2020-11-18 10:00:00,2020-11-18 20:00:00,137.926,137.883,138.1808,137.4164,0.3849,4.3,15.06,14.74,10,time_exit,8.4213,0.16987,-0.79893,1.15862,london,2020
GBPJPY,-1,2020-11-18 20:00:00,2020-11-19 02:00:00,137.974,137.43569,138.24316,137.43569,0.3649,53.8,178.75,178.43,6,take_profit,7.78474,0.17944,-0.3659,0.90339,new_york,2020
GBPJPY,-1,2020-11-19 05:00:00,2020-11-19 09:00:00,137.394,137.65044,137.65044,136.88112,0.3907,-25.6,-91.17,-91.49,4,stop_loss,20.83759,0.17096,-3.08281,0.36346,,2020
GBPJPY,1,2020-11-19 10:00:00,2020-11-19 12:00:00,137.415,137.96683,137.13909,137.96683,0.3595,55.2,180.53,180.21,2,take_profit,27.38317,0.18394,-2.21581,-0.07299,london,2020
GBPJPY,-1,2020-11-23 22:00:00,2020-11-24 08:00:00,139.233,139.313,139.54028,138.61844,0.3292,-8.0,-23.97,-24.28,10,time_exit,42.66231,0.20485,4.62713,1.62406,,2020
GBPJPY,1,2020-11-25 01:00:00,2020-11-25 10:00:00,139.536,139.24694,139.24694,140.11413,0.349,-28.9,-91.8,-92.12,9,stop_loss,27.20323,0.19271,2.50915,3.90622,,2020
GBPJPY,1,2020-11-25 17:00:00,2020-11-26 03:00:00,139.39,139.744,139.06094,140.04812,0.3035,35.4,97.77,97.45,10,time_exit,17.39258,0.21937,0.73822,3.46159,new_york,2020
GBPJPY,1,2020-11-26 13:00:00,2020-11-26 16:00:00,139.228,138.96654,138.96654,139.75091,0.3861,-26.1,-91.86,-92.18,3,stop_loss,16.65518,0.1743,-1.15422,4.3302,london,2020
GBPJPY,1,2020-11-26 23:00:00,2020-11-27 02:00:00,139.225,138.98556,138.98556,139.70387,0.4174,-23.9,-90.95,-91.26,3,stop_loss,23.29702,0.15962,-0.74149,3.88019,,2020
GBPJPY,-1,2020-11-27 13:00:00,2020-11-27 15:00:00,138.656,138.90998,138.90998,138.14804,0.3896,-25.4,-90.04,-90.36,2,stop_loss,26.77165,0.16932,-3.24573,2.6098,london,2020
GBPJPY,-1,2020-11-30 14:00:00,2020-11-30 16:00:00,138.931,139.25695,139.25695,138.27911,0.3005,-32.6,-89.13,-89.45,2,stop_loss,18.99814,0.2173,0.31144,0.56632,london,2020
GBPJPY,1,2020-12-01 07:00:00,2020-12-01 13:00:00,139.462,139.1379,139.1379,140.11021,0.2992,-32.4,-88.24,-88.56,6,stop_loss,15.00929,0.21607,1.9488,1.05034,london,2020
GBPJPY,1,2020-12-01 15:00:00,2020-12-01 18:00:00,139.157,139.88988,138.79056,139.88988,0.2619,73.3,174.67,174.35,3,take_profit,15.48298,0.24429,0.08883,1.13222,london,2020
GBPJPY,-1,2020-12-02 03:00:00,2020-12-02 09:00:00,140.035,140.38629,140.38629,139.33241,0.2787,-35.1,-89.09,-89.41,6,stop_loss,26.76102,0.2342,2.59665,1.9329,,2020
GBPJPY,1,2020-12-02 15:00:00,2020-12-02 16:00:00,139.483,139.09666,139.09666,140.25569,0.2509,-38.6,-88.21,-88.53,1,stop_loss,23.75844,0.25756,-0.42733,2.00724,london,2020
GBPJPY,-1,2020-12-03 06:00:00,2020-12-03 13:00:00,139.82,140.15005,140.15005,139.15991,0.2907,-33.0,-87.31,-87.63,7,stop_loss,15.09293,0.22003,1.06956,2.00554,,2020
GBPJPY,1,2020-12-03 14:00:00,2020-12-03 16:00:00,140.16,139.84194,139.84194,140.79612,0.2986,-31.8,-86.42,-86.74,2,stop_loss,13.49237,0.21204,2.3413,2.19023,london,2020
GBPJPY,1,2020-12-03 19:00:00,2020-12-03 20:00:00,140.047,139.67615,139.67615,140.78871,0.2536,-37.1,-85.58,-85.9,1,stop_loss,14.79713,0.24724,1.31873,1.95661,new_york,2020
GBPJPY,1,2020-12-07 03:00:00,2020-12-07 09:00:00,139.759,139.33553,139.33553,140.60595,0.2198,-42.3,-84.7,-85.02,6,stop_loss,18.07859,0.28232,-0.50677,1.66875,,2020
GBPJPY,1,2020-12-07 15:00:00,2020-12-07 21:00:00,138.227,139.1866,137.7472,139.1866,0.1921,96.0,167.75,167.43,6,take_profit,35.90756,0.31987,-4.07839,0.48258,london,2020
GBPJPY,-1,2020-12-07 23:00:00,2020-12-08 09:00:00,139.219,139.019,139.75882,138.13936,0.1741,20.0,31.69,31.37,10,time_exit,32.13781,0.35988,-0.38595,0.03863,,2020
GBPJPY,1,2020-12-09 07:00:00,2020-12-09 11:00:00,139.309,139.98563,138.97069,139.98563,0.2788,67.7,171.67,171.35,4,take_profit,12.53327,0.22554,0.74017,-0.49824,london,2020
GBPJPY,1,2020-12-10 16:00:00,2020-12-11 02:00:00,138.644,138.328,138.19689,139.53821,0.2152,-31.6,-61.88,-62.2,10,time_exit,28.20505,0.29807,-2.25753,0.00364,new_york,2020
GBPJPY,-1,2020-12-11 21:00:00,2020-12-14 00:00:00,137.562,138.05808,138.05808,136.56983,0.1926,-49.6,-86.95,-87.27,3,stop_loss,40.36672,0.33072,-2.36209,-1.96276,new_york,2020
GBPJPY,1,2020-12-14 02:00:00,2020-12-14 12:00:00,138.439,139.298,137.87339,139.57023,0.1672,85.9,130.7,130.38,10,time_exit,36.9021,0.37708,0.43981,-1.77123,,2020
GBPJPY,-1,2020-12-14 13:00:00,2020-12-14 23:00:00,139.298,138.685,139.76379,138.36642,0.2061,61.3,114.97,114.65,10,time_exit,35.57087,0.31053,2.66721,-1.46981,london,2020
GBPJPY,-1,2020-12-15 16:00:00,2020-12-15 18:00:00,138.921,139.32361,139.32361,138.11578,0.2416,-40.3,-88.52,-88.83,2,stop_loss,15.9532,0.26841,0.95412,-0.83239,new_york,2020
GBPJPY,1,2020-12-15 23:00:00,2020-12-16 09:00:00,139.375,139.514,138.94982,140.22535,0.2265,13.9,28.65,28.33,10,time_exit,14.94266,0.28345,2.05495,-0.40683,,2020
GBPJPY,1,2020-12-16 17:00:00,2020-12-17 03:00:00,139.863,139.804,139.46924,140.65052,0.2453,-5.9,-13.17,-13.49,10,time_exit,19.00015,0.26251,2.57638,0.67176,new_york,2020
GBPJPY,-1,2020-12-18 18:00:00,2020-12-21 00:00:00,139.441,138.64982,139.83659,138.64982,0.2438,79.1,175.53,175.21,6,take_profit,15.87569,0.26373,-1.3092,1.63429,new_york,2020
GBPJPY,1,2020-12-21 10:00:00,2020-12-21 11:00:00,137.625,137.10286,137.10286,138.66929,0.1884,-52.2,-89.52,-89.84,1,stop_loss,39.66684,0.3481,-4.62797,-0.07172,london,2020
GBPJPY,1,2020-12-24 05:00:00,2020-12-24 15:00:00,140.333,140.895,139.86095,141.27709,0.2063,56.2,105.51,105.19,10,time_exit,38.23841,0.3147,3.55852,0.42238,,2020
GBPJPY,-1,2020-12-24 17:00:00,2020-12-28 06:00:00,140.849,140.433,141.30452,139.93797,0.2164,41.6,81.92,81.6,10,time_exit,50.1699,0.30368,3.51547,1.71245,new_york,2020
GBPJPY,1,2020-12-28 13:00:00,2020-12-28 23:00:00,139.793,139.65,139.39161,140.59579,0.2478,-14.3,-32.25,-32.56,10,time_exit,19.77946,0.2676,-0.90437,2.28312,london,2020
GBPJPY,-1,2020-12-29 16:00:00,2020-12-30 02:00:00,140.027,139.815,140.37274,139.33552,0.2866,21.2,55.29,54.97,10,time_exit,13.81209,0.23049,0.51779,1.68152,new_york,2020
GBPJPY,1,2020-12-31 08:00:00,2020-12-31 17:00:00,140.524,141.10711,140.23244,141.10711,0.3419,58.3,181.42,181.1,9,take_profit,21.18958,0.19437,1.53576,2.44791,london,2020
GBPJPY,1,2021-01-04 01:00:00,2021-01-04 10:00:00,140.966,140.58916,140.58916,141.71968,0.2698,-37.7,-92.52,-92.84,9,stop_loss,19.24272,0.25123,1.81414,2.42178,,2021
GBPJPY,1,2021-01-05 13:00:00,2021-01-05 23:00:00,139.761,139.975,139.4155,140.45199,0.2914,21.4,56.75,56.43,10,time_exit,34.14209,0.23033,-1.93811,0.91403,london,2021
GBPJPY,-1,2021-01-06 03:00:00,2021-01-06 09:00:00,139.982,140.26767,140.26767,139.41065,0.3546,-28.6,-92.18,-92.5,6,stop_loss,25.18135,0.19045,-0.43429,0.43594,,2021
GBPJPY,1,2021-01-06 09:00:00,2021-01-06 12:00:00,140.001,140.53289,139.73506,140.53289,0.377,53.2,182.47,182.16,3,take_profit,19.80754,0.1773,-0.11037,0.29805,london,2021
GBPJPY,-1,2021-01-06 14:00:00,2021-01-07 00:00:00,140.301,140.242,140.61647,139.67005,0.3242,5.9,17.41,17.09,10,time_exit,25.71144,0.21032,1.0844,0.41447,london,2021
GBPJPY,-1,2021-01-07 16:00:00,2021-01-08 02:00:00,140.806,140.814,141.16677,140.08446,0.284,-0.8,-2.07,-2.39,10,time_exit,20.71542,0.24051,2.06617,0.94705,new_york,2021
GBPJPY,1,2021-01-08 20:00:00,2021-01-08 22:00:00,141.206,140.92567,140.92567,141.76665,0.3654,-28.0,-93.21,-93.53,2,stop_loss,23.83233,0.18688,2.2664,2.57609,new_york,2021
GBPJPY,1,2021-01-11 08:00:00,2021-01-11 14:00:00,140.658,140.40194,140.40194,141.17012,0.396,-25.6,-92.27,-92.59,6,stop_loss,28.13051,0.17071,-0.73328,2.50072,london,2021
GBPJPY,1,2021-01-11 15:00:00,2021-01-12 00:00:00,140.444,140.95399,140.18901,140.95399,0.3937,51.0,182.71,182.39,9,take_profit,35.13468,0.17,-1.59729,2.05212,london,2021
GBPJPY,-1,2021-01-12 13:00:00,2021-01-12 16:00:00,141.54,141.80549,141.80549,141.00902,0.3857,-26.5,-93.18,-93.5,3,stop_loss,33.58377,0.17699,3.60653,2.3318,london,2021
GBPJPY,-1,2021-01-12 20:00:00,2021-01-13 06:00:00,141.793,141.779,142.0721,141.2348,0.3632,1.4,4.63,4.31,10,time_exit,49.33649,0.18607,3.64647,2.90134,new_york,2021
GBPJPY,1,2021-01-14 13:00:00,2021-01-14 23:00:00,141.968,142.078,141.72007,142.46385,0.409,11.0,40.94,40.62,10,time_exit,21.3453,0.16528,1.62115,4.25358,london,2021
GBPJPY,-1,2021-01-15 22:00:00,2021-01-18 08:00:00,141.045,140.718,141.33229,140.47042,0.3545,32.7,105.49,105.17,10,time_exit,40.8682,0.19153,-2.99476,2.2384,,2021
GBPJPY,-1,2021-01-19 04:00:00,2021-01-19 05:00:00,141.245,141.47196,141.47196,140.79108,0.4539,-22.7,-93.75,-94.06,1,stop_loss,37.82524,0.15131,1.27313,-0.24859,,2021
GBPJPY,-1,2021-01-19 07:00:00,2021-01-19 12:00:00,141.498,141.7324,141.7324,141.0292,0.4351,-23.4,-92.81,-93.13,5,stop_loss,39.14923,0.15627,2.51992,0.01148,london,2021
GBPJPY,1,2021-01-20 01:00:00,2021-01-20 11:00:00,141.655,142.08647,141.43926,142.08647,0.468,43.1,183.75,183.44,10,take_profit,31.05633,0.14382,2.12883,1.14346,,2021
GBPJPY,1,2021-01-20 18:00:00,2021-01-21 04:00:00,141.168,141.648,140.86233,141.77933,0.3369,48.0,147.16,146.84,10,time_exit,30.68742,0.20378,-1.8877,1.37385,new_york,2021
GBPJPY,1,2021-01-21 10:00:00,2021-01-21 20:00:00,141.792,141.963,141.5398,142.2964,0.4147,17.1,64.53,64.21,10,time_exit,18.95707,0.16813,1.49332,1.3974,london,2021
GBPJPY,-1,2021-01-22 04:00:00,2021-01-22 10:00:00,142.079,141.63239,142.30231,141.63239,0.4715,44.7,191.63,191.31,6,take_profit,24.18653,0.14887,1.80716,2.55301,,2021
GBPJPY,1,2021-01-22 18:00:00,2021-01-25 04:00:00,141.88,142.16,141.62357,142.39286,0.4188,28.0,106.71,106.39,10,time_exit,21.63142,0.17095,0.37905,1.9464,new_york,2021
GBPJPY,1,2021-01-27 08:00:00,2021-01-27 13:00:00,142.49,142.29856,142.29856,142.87288,0.5671,-19.1,-98.79,-99.11,5,stop_loss,29.22385,0.12763,3.03547,2.77234,london,2021
GBPJPY,-1,2021-01-27 20:00:00,2021-01-28 06:00:00,142.703,142.572,142.98345,142.14211,0.3832,13.1,45.68,45.36,10,time_exit,24.10884,0.18696,2.40052,2.24996,new_york,2021
GBPJPY,-1,2021-01-28 10:00:00,2021-01-28 16:00:00,142.464,142.73412,142.73412,141.92376,0.3997,-27.0,-98.25,-98.57,6,stop_loss,15.35627,0.18008,0.44596,2.53063,london,2021
GBPJPY,1,2021-01-28 19:00:00,2021-01-29 05:00:00,143.177,143.184,142.84276,143.84549,0.3198,0.7,2.04,1.72,10,time_exit,20.28286,0.22283,3.13677,2.18165,new_york,2021
GBPJPY,-1,2021-01-29 07:00:00,2021-01-29 13:00:00,143.265,143.5374,143.5374,142.72021,0.3925,-27.2,-97.29,-97.61,6,stop_loss,27.00245,0.1816,2.82584,3.43727,london,2021
GBPJPY,1,2021-01-29 13:00:00,2021-01-29 23:00:00,143.385,143.45,143.08118,143.99264,0.3483,6.5,20.6,20.28,10,time_exit,25.57797,0.20255,2.57307,3.30518,london,2021
GBPJPY,-1,2021-02-01 16:00:00,2021-02-02 02:00:00,143.538,143.386,143.84322,142.92755,0.3475,15.2,48.07,47.75,10,time_exit,19.82745,0.20348,0.53945,4.31205,new_york,2021
GBPJPY,-1,2021-02-02 23:00:00,2021-02-03 09:00:00,143.455,143.619,143.67993,143.00514,0.4739,-16.4,-70.72,-71.04,10,time_exit,16.95707,0.14995,-0.1276,4.46087,,2021
GBPJPY,-1,2021-02-03 10:00:00,2021-02-03 13:00:00,143.619,143.20858,143.82421,143.20858,0.5156,41.0,192.57,192.25,3,take_profit,13.3787,0.13681,1.01348,4.42389,london,2021
GBPJPY,-1,2021-02-03 18:00:00,2021-02-04 04:00:00,143.365,143.28,143.61218,142.87064,0.4366,8.5,33.77,33.45,10,time_exit,13.41503,0.16479,-0.47375,3.2236,new_york,2021
GBPJPY,1,2021-02-08 19:00:00,2021-02-09 05:00:00,144.512,144.556,144.27888,144.97825,0.4645,4.4,18.6,18.28,10,time_exit,22.0325,0.15542,0.41285,5.41451,new_york,2021
GBPJPY,-1,2021-02-09 08:00:00,2021-02-09 11:00:00,144.579,144.20876,144.76412,144.20876,0.586,37.0,197.44,197.12,3,take_profit,15.27717,0.12341,0.65437,6.28397,london,2021
GBPJPY,1,2021-02-09 17:00:00,2021-02-10 03:00:00,144.228,144.574,144.00616,144.67169,0.4988,34.6,157.05,156.73,10,time_exit,24.10969,0.1479,-1.28,4.38362,new_york,2021
GBPJPY,-1,2021-02-12 03:00:00,2021-02-12 10:00:00,144.628,144.81594,144.81594,144.25212,0.5979,-18.8,-102.26,-102.57,7,stop_loss,16.82753,0.12529,-0.4935,4.08361,,2021
GBPJPY,-1,2021-02-12 21:00:00,2021-02-15 01:00:00,145.454,145.67581,145.67581,145.01038,0.5015,-22.2,-101.23,-101.54,4,stop_loss,37.62907,0.14787,4.22389,3.583,new_york,2021
GBPJPY,-1,2021-02-16 11:00:00,2021-02-16 17:00:00,146.882,147.17837,147.17837,146.28925,0.3716,-29.6,-100.22,-100.54,6,stop_loss,54.78846,0.19758,3.54253,6.13734,london,2021
GBPJPY,1,2021-02-18 03:00:00,2021-02-18 11:00:00,146.642,147.20262,146.36169,147.20262,0.3889,56.1,198.4,198.09,8,take_profit,20.11224,0.18687,-0.71303,6.13516,,2021
GBPJPY,1,2021-02-19 12:00:00,2021-02-19 17:00:00,147.426,147.9726,147.1527,147.9726,0.4069,54.7,202.39,202.08,5,take_profit,22.55621,0.1822,0.92979,6.24939,london,2021
GBPJPY,1,2021-02-19 21:00:00,2021-02-19 23:00:00,147.915,147.60996,147.60996,148.52508,0.3718,-30.5,-103.21,-103.52,2,stop_loss,24.7952,0.20336,2.4204,5.71109,new_york,2021
GBPJPY,-1,2021-02-22 02:00:00,2021-02-22 12:00:00,148.038,148.168,148.34271,147.42859,0.3685,-13.0,-43.59,-43.91,10,time_exit,21.84282,0.20314,2.68239,5.69231,,2021
GBPJPY,1,2021-02-22 20:00:00,2021-02-23 06:00:00,147.933,147.871,147.61148,148.57605,0.3477,-6.2,-19.62,-19.94,10,time_exit,19.71196,0.21435,0.85474,5.30774,new_york,2021
GBPJPY,-1,2021-02-23 10:00:00,2021-02-23 11:00:00,148.084,148.33104,148.33104,147.58991,0.4517,-24.7,-101.55,-101.86,1,stop_loss,11.36378,0.1647,1.8583,6.15475,london,2021
GBPJPY,1,2021-02-24 08:00:00,2021-02-24 18:00:00,149.473,149.388,149.11536,150.18827,0.3089,-8.5,-23.89,-24.21,10,time_exit,28.30531,0.23842,4.71504,5.05004,london,2021
GBPJPY,-1,2021-02-25 10:00:00,2021-02-25 11:00:00,149.985,150.2678,150.2678,149.4194,0.3897,-28.3,-100.29,-100.61,1,stop_loss,31.26988,0.18853,3.85995,8.07232,london,2021
GBPJPY,1,2021-03-01 07:00:00,2021-03-01 17:00:00,148.784,148.642,148.25827,149.83546,0.2075,-14.2,-26.81,-27.13,10,time_exit,21.68628,0.35049,-0.11993,1.96693,london,2021
GBPJPY,-1,2021-03-02 22:00:00,2021-03-03 08:00:00,149.077,149.129,149.45704,148.31692,0.2863,-5.2,-13.55,-13.87,10,time_exit,14.66318,0.25336,1.37778,1.62105,,2021
GBPJPY,1,2021-03-05 01:00:00,2021-03-05 03:00:00,150.029,149.64155,149.64155,150.8039,0.2804,-38.7,-98.86,-99.18,2,stop_loss,21.04761,0.2583,1.97616,2.83656,,2021
GBPJPY,-1,2021-03-08 05:00:00,2021-03-08 13:00:00,149.89,150.30338,150.30338,149.06324,0.2602,-41.3,-97.88,-98.2,8,stop_loss,10.6781,0.27559,0.34913,2.63773,,2021
GBPJPY,-1,2021-03-09 13:00:00,2021-03-09 15:00:00,150.902,151.23595,151.23595,150.23409,0.3188,-33.4,-96.88,-97.2,2,stop_loss,30.48829,0.22264,2.20972,4.2168,london,2021
GBPJPY,1,2021-03-10 14:00:00,2021-03-11 00:00:00,150.922,151.02,150.63825,151.48949,0.3715,9.8,33.13,32.81,10,time_exit,18.68366,0.18916,1.06934,4.93549,london,2021
GBPJPY,1,2021-03-12 03:00:00,2021-03-12 11:00:00,152.017,151.77634,151.77634,152.49831,0.4395,-24.1,-96.25,-96.57,8,stop_loss,29.63583,0.16044,4.48428,6.36572,,2021
GBPJPY,-1,2021-03-12 16:00:00,2021-03-12 19:00:00,151.464,151.78338,151.78338,150.82523,0.3278,-31.9,-95.27,-95.59,3,stop_loss,29.71669,0.21292,-0.18237,4.87647,new_york,2021
GBPJPY,1,2021-03-15 14:00:00,2021-03-15 17:00:00,151.944,151.69428,151.69428,152.44344,0.4151,-25.0,-94.33,-94.65,3,stop_loss,16.24101,0.16648,1.25596,5.96043,london,2021
GBPJPY,-1,2021-03-16 01:00:00,2021-03-16 10:00:00,151.711,151.15181,151.9906,151.15181,0.367,55.9,186.75,186.44,9,take_profit,22.45844,0.1864,-0.05836,4.68611,,2021
GBPJPY,-1,2021-03-17 14:00:00,2021-03-17 23:00:00,151.798,152.06854,152.06854,151.25692,0.3869,-27.1,-95.25,-95.57,9,stop_loss,20.76097,0.18036,1.36574,2.86886,london,2021
GBPJPY,1,2021-03-18 16:00:00,2021-03-18 17:00:00,152.142,151.76487,151.76487,152.89627,0.2747,-37.7,-94.27,-94.59,1,stop_loss,15.21566,0.25142,1.05862,2.45816,new_york,2021
GBPJPY,-1,2021-03-22 01:00:00,2021-03-22 02:00:00,150.265,150.65352,150.65352,149.48797,0.264,-38.9,-93.34,-93.66,1,stop_loss,32.36445,0.25901,-4.64756,0.63748,,2021
GBPJPY,-1,2021-03-22 19:00:00,2021-03-22 23:00:00,150.549,150.88966,150.88966,149.86768,0.2981,-34.1,-92.41,-92.73,4,stop_loss,25.30944,0.22711,-2.07285,-0.73135,new_york,2021
GBPJPY,-1,2021-03-23 12:00:00,2021-03-23 13:00:00,150.197,149.60488,150.49306,149.60488,0.3395,59.2,182.93,182.62,1,take_profit,21.57058,0.19737,-3.12579,-1.44507,london,2021
GBPJPY,-1,2021-03-24 03:00:00,2021-03-24 13:00:00,149.013,149.019,149.37283,148.29334,0.2849,-0.6,-1.56,-1.87,10,time_exit,44.02803,0.23989,-5.02712,-2.74686,,2021
GBPJPY,1,2021-03-25 16:00:00,2021-03-26 02:00:00,149.574,150.081,149.21542,150.29116,0.2859,50.7,131.91,131.59,10,time_exit,23.17676,0.23905,0.74742,-3.90925,new_york,2021
GBPJPY,-1,2021-03-26 03:00:00,2021-03-26 06:00:00,150.081,150.37549,150.37549,149.49202,0.353,-29.4,-94.6,-94.92,3,stop_loss,32.18194,0.19633,2.58669,-3.61776,,2021
GBPJPY,-1,2021-03-26 08:00:00,2021-03-26 11:00:00,150.35,150.61819,150.61819,149.81362,0.3837,-26.8,-93.64,-93.96,3,stop_loss,39.46827,0.17879,3.59832,-3.23265,london,2021
GBPJPY,-1,2021-03-29 12:00:00,2021-03-29 14:00:00,151.402,151.79166,151.79166,150.62268,0.2615,-39.0,-92.73,-93.04,2,stop_loss,34.53309,0.25977,2.99261,0.58657,london,2021
GBPJPY,1,2021-03-30 07:00:00,2021-03-30 17:00:00,151.491,151.19622,151.19622,152.08056,0.3421,-29.5,-91.77,-92.09,10,stop_loss,18.28775,0.19652,2.54025,1.89625,london,2021
GBPJPY,1,2021-03-31 08:00:00,2021-03-31 18:00:00,152.169,152.56,151.85102,152.80495,0.314,39.1,111.72,111.41,10,time_exit,29.15895,0.21198,3.49297,2.74676,london,2021
GBPJPY,1,2021-03-31 20:00:00,2021-04-01 06:00:00,152.632,152.465,152.27931,153.33739,0.2866,-16.7,-43.55,-43.87,10,time_exit,45.70352,0.23513,3.52958,3.32396,new_york,2021
GBPJPY,1,2021-04-06 05:00:00,2021-04-06 11:00:00,153.242,153.01315,153.01315,153.6997,0.4395,-22.9,-91.53,-91.85,6,stop_loss,15.15055,0.15257,1.32005,6.09318,,2021
GBPJPY,-1,2021-04-06 11:00:00,2021-04-06 14:00:00,153.095,152.63884,153.32308,152.63884,0.4366,45.6,181.23,180.92,3,take_profit,13.92896,0.15205,0.07039,5.97006,london,2021
GBPJPY,1,2021-04-06 23:00:00,2021-04-07 09:00:00,151.864,151.55279,151.55279,152.48642,0.3264,-31.1,-92.44,-92.76,10,stop_loss,42.64832,0.20747,-4.25999,2.71903,,2021
GBPJPY,1,2021-04-09 11:00:00,2021-04-09 15:00:00,150.048,150.7285,149.70775,150.7285,0.2955,68.0,182.99,182.67,4,take_profit,54.28252,0.22683,-2.60626,-3.85686,london,2021
GBPJPY,-1,2021-04-09 21:00:00,2021-04-12 00:00:00,150.45,149.76143,150.79429,149.76143,0.2979,68.9,186.66,186.35,3,take_profit,31.01566,0.22952,-0.63169,-3.58742,new_york,2021
GBPJPY,1,2021-04-12 12:00:00,2021-04-12 22:00:00,150.42,150.308,150.05276,151.15447,0.2848,-11.2,-29.03,-29.35,10,time_exit,36.0473,0.24482,0.00397,-3.39645,london,2021
GBPJPY,1,2021-04-13 05:00:00,2021-04-13 13:00:00,150.493,150.2314,150.2314,151.01621,0.3986,-26.2,-94.89,-95.21,8,stop_loss,19.7623,0.1744,0.50326,-4.06635,,2021
GBPJPY,1,2021-04-14 19:00:00,2021-04-15 05:00:00,150.213,150.017,149.87169,150.89562,0.3025,-19.6,-53.95,-54.27,10,time_exit,22.66769,0.22754,0.24112,-2.83046,new_york,2021
GBPJPY,-1,2021-04-15 18:00:00,2021-04-16 04:00:00,149.979,149.755,150.29029,149.35642,0.3297,22.4,67.21,66.89,10,time_exit,11.8152,0.20753,-0.43591,-2.77209,new_york,2021
GBPJPY,1,2021-04-16 17:00:00,2021-04-19 03:00:00,150.158,150.171,149.86732,150.73935,0.3556,1.3,4.21,3.89,10,time_exit,19.48725,0.19378,1.07118,-2.74124,new_york,2021
GBPJPY,1,2021-04-19 03:00:00,2021-04-19 11:00:00,150.228,149.96479,149.96479,150.75442,0.3929,-26.3,-94.11,-94.43,8,stop_loss,23.01032,0.17547,0.68428,-2.0973,,2021
GBPJPY,-1,2021-04-20 05:00:00,2021-04-20 09:00:00,151.492,151.79903,151.79903,150.87794,0.3334,-30.7,-93.15,-93.47,4,stop_loss,31.81171,0.20469,4.21374,0.36411,,2021
GBPJPY,-1,2021-04-22 01:00:00,2021-04-22 11:00:00,150.516,150.161,150.80465,149.9387,0.3511,35.5,113.42,113.1,10,time_exit,18.31491,0.19243,-0.79595,0.19295,,2021
GBPJPY,-1,2021-04-22 12:00:00,2021-04-22 16:00:00,150.161,149.64551,150.41874,149.64551,0.398,51.5,186.7,186.38,4,take_profit,17.39167,0.17183,-2.50169,-0.1632,london,2021
GBPJPY,1,2021-04-23 07:00:00,2021-04-23 15:00:00,149.556,149.26543,149.26543,150.13715,0.3601,-29.1,-95.22,-95.54,8,stop_loss,33.97667,0.19372,-2.67597,-1.92872,london,2021
GBPJPY,-1,2021-04-26 14:00:00,2021-04-26 15:00:00,149.789,150.08987,150.08987,149.18726,0.3443,-30.1,-94.27,-94.58,1,stop_loss,14.30202,0.20058,-0.2384,-2.09451,london,2021
GBPJPY,1,2021-04-27 10:00:00,2021-04-27 17:00:00,150.359,150.86348,150.10676,150.86348,0.4066,50.4,186.66,186.34,7,take_profit,23.55807,0.16816,1.70692,-1.09691,london,2021
GBPJPY,-1,2021-04-28 02:00:00,2021-04-28 12:00:00,151.194,151.263,151.47431,150.63338,0.3732,-6.9,-23.43,-23.75,10,time_exit,34.95974,0.18687,3.91092,0.64273,,2021
GBPJPY,-1,2021-04-29 06:00:00,2021-04-29 09:00:00,151.527,151.77875,151.77875,151.0235,0.4145,-25.2,-94.96,-95.28,3,stop_loss,31.68573,0.16783,2.86337,2.80522,,2021
GBPJPY,-1,2021-05-03 22:00:00,2021-05-04 08:00:00,151.793,151.702,152.06504,151.24892,0.3797,9.1,31.44,31.12,10,time_exit,13.9286,0.18136,1.49574,2.59496,,2021
GBPJPY,-1,2021-05-06 23:00:00,2021-05-07 09:00:00,151.563,151.827,151.8924,150.90421,0.3146,-26.4,-75.58,-75.9,10,time_exit,31.24365,0.2196,-1.00046,1.53074,,2021
GBPJPY,1,2021-05-10 00:00:00,2021-05-10 04:00:00,152.13,152.7161,151.83695,152.7161,0.3508,58.6,187.1,186.78,4,take_profit,18.22472,0.19537,0.48763,1.42596,,2021
GBPJPY,1,2021-05-10 05:00:00,2021-05-10 11:00:00,152.725,153.38202,152.39649,153.38202,0.3192,65.7,190.84,190.53,6,take_profit,18.74551,0.21901,3.7116,1.58737,,2021
GBPJPY,-1,2021-05-10 17:00:00,2021-05-10 19:00:00,153.518,153.8844,153.8844,152.7852,0.2919,-36.6,-97.33,-97.64,2,stop_loss,39.51928,0.24427,4.50741,2.70611,new_york,2021
GBPJPY,-1,2021-05-10 21:00:00,2021-05-11 07:00:00,153.948,153.694,154.30924,153.22553,0.2931,25.4,67.75,67.43,10,time_exit,45.23404,0.24082,5.49582,3.28898,new_york,2021
GBPJPY,-1,2021-05-11 23:00:00,2021-05-12 09:00:00,153.671,153.746,154.0082,152.99659,0.3162,-7.5,-21.58,-21.9,10,time_exit,23.72553,0.2248,1.51868,4.74576,,2021
GBPJPY,-1,2021-05-14 11:00:00,2021-05-14 15:00:00,153.829,154.07744,154.07744,153.33212,0.4282,-24.8,-96.81,-97.13,4,stop_loss,19.75567,0.16563,0.01072,5.02559,london,2021
GBPJPY,-1,2021-05-19 05:00:00,2021-05-19 15:00:00,154.706,154.276,154.93669,154.24462,0.4565,43.0,178.63,178.31,10,time_exit,17.63679,0.15379,1.75566,5.06329,,2021
GBPJPY,-1,2021-05-19 19:00:00,2021-05-20 05:00:00,154.091,153.953,154.47182,153.32936,0.2817,13.8,35.38,35.06,10,time_exit,22.7307,0.25388,-1.33755,2.62485,new_york,2021
GBPJPY,-1,2021-05-21 09:00:00,2021-05-21 12:00:00,154.268,154.47838,154.47838,153.84723,0.5117,-21.0,-97.96,-98.28,3,stop_loss,16.48477,0.14026,0.14377,2.5747,london,2021
GBPJPY,1,2021-05-21 12:00:00,2021-05-21 22:00:00,154.316,154.139,154.07564,154.79673,0.4434,-17.7,-71.42,-71.74,10,time_exit,16.02953,0.16024,0.4412,2.17548,london,2021
GBPJPY,1,2021-05-26 08:00:00,2021-05-26 10:00:00,154.117,153.91342,153.91342,154.52416,0.5196,-20.4,-96.26,-96.58,2,stop_loss,16.55857,0.13572,0.64703,0.42446,london,2021
GBPJPY,-1,2021-05-26 15:00:00,2021-05-27 01:00:00,154.141,154.048,154.38364,153.65573,0.4316,9.3,36.53,36.21,10,time_exit,16.19296,0.16176,0.56276,0.44047,london,2021
GBPJPY,-1,2021-05-28 15:00:00,2021-05-31 01:00:00,155.847,155.858,156.1127,155.3156,0.3956,-1.1,-3.96,-4.28,10,time_exit,44.97915,0.17713,3.7598,4.4326,london,2021
GBPJPY,-1,2021-05-31 14:00:00,2021-05-31 23:00:00,155.453,155.67186,155.67186,155.01527,0.4801,-21.9,-95.62,-95.94,9,stop_loss,25.41706,0.14591,-0.25126,5.64335,london,2021
GBPJPY,-1,2021-06-02 20:00:00,2021-06-03 06:00:00,155.385,155.403,155.6536,154.8478,0.3873,-1.8,-6.34,-6.66,10,time_exit,18.03407,0.17907,0.39617,2.03297,new_york,2021
GBPJPY,1,2021-06-04 21:00:00,2021-06-07 00:00:00,155.079,154.84579,154.84579,155.54543,0.4457,-23.3,-94.59,-94.91,3,stop_loss,15.79047,0.15548,-2.07786,1.71721,new_york,2021
GBPJPY,1,2021-06-08 16:00:00,2021-06-09 02:00:00,154.735,154.889,154.52558,155.15383,0.4914,15.4,68.86,68.55,10,time_exit,23.76382,0.13961,-1.75136,-0.52783,new_york,2021
GBPJPY,1,2021-06-09 12:00:00,2021-06-09 14:00:00,155.302,155.1028,155.1028,155.70041,0.5203,-19.9,-94.32,-94.64,2,stop_loss,19.03721,0.1328,2.3906,-0.41597,london,2021
GBPJPY,1,2021-06-09 22:00:00,2021-06-10 08:00:00,154.667,154.584,154.43277,155.13547,0.4381,-8.3,-33.09,-33.41,10,time_exit,22.72844,0.15616,-1.66254,-0.58181,,2021
GBPJPY,-1,2021-06-10 21:00:00,2021-06-11 07:00:00,155.06,155.15,155.33591,154.50819,0.3706,-9.0,-30.35,-30.67,10,time_exit,31.43545,0.18394,1.36158,-0.79895,new_york,2021
GBPJPY,-1,2021-06-11 18:00:00,2021-06-14 04:00:00,155.019,154.887,155.25431,154.54838,0.4331,13.2,52.02,51.71,10,time_exit,14.32603,0.15687,0.50046,-0.2113,new_york,2021
GBPJPY,1,2021-06-15 19:00:00,2021-06-16 05:00:00,154.977,155.025,154.70364,155.52371,0.3749,4.8,16.38,16.06,10,time_exit,21.28192,0.18224,-0.43601,0.34536,new_york,2021
GBPJPY,-1,2021-06-16 14:00:00,2021-06-16 21:00:00,155.229,154.80378,155.44161,154.80378,0.4828,42.5,186.82,186.5,7,take_profit,19.70693,0.14174,1.14205,0.43703,london,2021
GBPJPY,1,2021-06-18 08:00:00,2021-06-18 09:00:00,153.318,153.02462,153.02462,153.90477,0.3569,-29.3,-95.29,-95.6,1,stop_loss,52.31506,0.19559,-4.72575,-2.59935,london,2021
GBPJPY,1,2021-06-21 04:00:00,2021-06-21 05:00:00,152.424,152.06572,152.06572,153.14055,0.2893,-35.8,-94.32,-94.64,1,stop_loss,52.15492,0.23885,-3.47979,-4.5507,,2021
GBPJPY,1,2021-06-21 12:00:00,2021-06-21 16:00:00,152.159,153.02051,151.72825,153.02051,0.2382,86.2,186.74,186.42,4,take_profit,46.07302,0.28717,-2.51417,-4.42953,london,2021
GBPJPY,1,2021-06-22 08:00:00,2021-06-22 10:00:00,153.64,153.31083,153.31083,154.29834,0.318,-32.9,-95.26,-95.57,2,stop_loss,31.88443,0.21945,2.06743,-3.77162,london,2021
GBPJPY,-1,2021-06-22 13:00:00,2021-06-22 14:00:00,153.203,153.55624,153.55624,152.49652,0.2933,-35.3,-94.28,-94.6,1,stop_loss,24.61466,0.23549,-0.07428,-3.25063,london,2021
GBPJPY,-1,2021-06-23 18:00:00,2021-06-24 03:00:00,154.751,155.11035,155.11035,154.0323,0.2854,-35.9,-93.33,-93.65,9,stop_loss,32.911,0.23957,2.66223,0.06792,new_york,2021
GBPJPY,1,2021-06-28 11:00:00,2021-06-28 17:00:00,154.088,153.81035,153.81035,154.64331,0.3657,-27.8,-92.4,-92.72,6,stop_loss,34.69717,0.1851,0.07512,-0.53147,london,2021
GBPJPY,-1,2021-06-28 18:00:00,2021-06-29 04:00:00,153.688,153.232,154.04109,152.98182,0.2847,45.6,118.14,117.82,10,time_exit,25.72474,0.23539,-1.62441,-0.42439,new_york,2021
GBPJPY,-1,2021-06-30 18:00:00,2021-06-30 22:00:00,153.314,153.61514,153.61514,152.71172,0.3381,-30.1,-92.65,-92.97,4,stop_loss,25.20041,0.20076,0.28241,-2.59549,new_york,2021
GBPJPY,1,2021-07-01 00:00:00,2021-07-01 10:00:00,153.543,153.778,153.24912,154.13077,0.343,23.5,73.35,73.03,10,time_exit,21.54124,0.19592,1.92841,-2.3397,,2021
GBPJPY,1,2021-07-01 12:00:00,2021-07-01 22:00:00,153.517,153.468,153.22371,154.10358,0.3464,-4.9,-15.45,-15.76,10,time_exit,15.31221,0.19553,0.57861,-1.72714,london,2021
GBPJPY,1,2021-07-02 08:00:00,2021-07-02 10:00:00,153.663,153.43874,153.43874,154.11152,0.4523,-22.4,-92.3,-92.62,2,stop_loss,12.36146,0.14951,0.96684,-1.32501,london,2021
GBPJPY,1,2021-07-02 11:00:00,2021-07-02 12:00:00,153.53,153.31097,153.31097,153.96807,0.4584,-21.9,-91.37,-91.69,1,stop_loss,11.50858,0.14602,0.02093,-1.28899,london,2021
GBPJPY,-1,2021-07-06 16:00:00,2021-07-06 17:00:00,153.463,152.94988,153.71956,152.94988,0.3874,51.3,180.89,180.57,1,take_profit,14.77735,0.17104,-0.79553,-0.3653,new_york,2021
GBPJPY,1,2021-07-08 17:00:00,2021-07-08 18:00:00,151.208,150.7577,150.7577,152.10859,0.2252,-45.0,-92.28,-92.6,1,stop_loss,45.07096,0.3002,-3.88555,-2.61256,new_york,2021
GBPJPY,-1,2021-07-09 01:00:00,2021-07-09 08:00:00,151.28,151.68307,151.68307,150.47387,0.249,-40.3,-91.33,-91.65,7,stop_loss,49.40266,0.26871,-2.89493,-3.53119,,2021
GBPJPY,1,2021-07-13 20:00:00,2021-07-14 06:00:00,152.84,152.698,152.54931,153.42139,0.3418,-14.2,-44.17,-44.49,10,time_exit,27.40045,0.1938,0.01641,-0.21556,new_york,2021
GBPJPY,1,2021-07-15 00:00:00,2021-07-15 03:00:00,152.38,152.11778,152.11778,152.90444,0.3771,-26.2,-89.98,-90.3,3,stop_loss,23.32375,0.17481,-2.11521,-0.53763,,2021
GBPJPY,-1,2021-07-15 08:00:00,2021-07-15 09:00:00,152.042,152.30535,152.30535,151.5153,0.3717,-26.3,-89.08,-89.4,1,stop_loss,33.00801,0.17557,-3.06399,-1.19075,london,2021
GBPJPY,1,2021-07-16 07:00:00,2021-07-16 09:00:00,152.16,151.82898,151.82898,152.82204,0.2927,-33.1,-88.17,-88.49,2,stop_loss,17.96437,0.22068,-0.45402,-1.72726,london,2021
GBPJPY,-1,2021-07-20 01:00:00,2021-07-20 11:00:00,149.685,149.79,150.12994,148.79513,0.2156,-10.5,-20.6,-20.92,10,time_exit,49.22964,0.29662,-4.38237,-3.75957,,2021
GBPJPY,-1,2021-07-21 16:00:00,2021-07-21 17:00:00,150.245,150.68925,150.68925,149.35649,0.2154,-44.4,-87.08,-87.4,1,stop_loss,17.7086,0.29617,0.91273,-4.45377,new_york,2021
GBPJPY,1,2021-07-21 19:00:00,2021-07-22 05:00:00,150.933,150.891,150.47808,151.84284,0.2082,-4.2,-7.96,-8.28,10,time_exit,21.77898,0.30328,2.83055,-3.97982,new_york,2021
GBPJPY,1,2021-07-28 02:00:00,2021-07-28 12:00:00,152.371,152.59,152.06022,152.99255,0.3045,21.9,60.68,60.37,10,time_exit,17.85996,0.20718,1.24376,1.92594,,2021
GBPJPY,1,2021-07-28 13:00:00,2021-07-28 23:00:00,152.59,152.793,152.27479,153.22042,0.3024,20.3,55.86,55.54,10,time_exit,17.76507,0.21014,1.66116,2.1335,london,2021
GBPJPY,-1,2021-08-02 12:00:00,2021-08-02 15:00:00,152.644,152.11462,152.90869,152.11462,0.3624,52.9,174.58,174.26,3,take_profit,22.68878,0.17646,-0.16411,2.13165,london,2021
GBPJPY,1,2021-08-02 22:00:00,2021-08-03 08:00:00,151.783,151.67,151.46971,152.40958,0.3123,-11.3,-32.11,-32.43,10,time_exit,26.31487,0.20886,-3.19027,0.85876,,2021
GBPJPY,1,2021-08-04 02:00:00,2021-08-04 12:00:00,151.705,152.138,151.4261,152.2628,0.3495,43.3,137.71,137.39,10,time_exit,21.56207,0.18593,-1.50491,-0.87493,,2021
GBPJPY,1,2021-08-06 03:00:00,2021-08-06 13:00:00,152.853,152.748,152.60065,153.3577,0.3923,-10.5,-37.48,-37.8,10,time_exit,23.69693,0.16823,2.60754,1.14256,,2021
GBPJPY,1,2021-08-09 22:00:00,2021-08-10 08:00:00,152.78,152.808,152.53937,153.26127,0.4096,2.8,10.44,10.12,10,time_exit,13.01029,0.16042,0.14447,1.97287,,2021
GBPJPY,-1,2021-08-11 03:00:00,2021-08-11 13:00:00,153.015,153.01,153.22102,152.60295,0.479,0.5,2.18,1.86,10,time_exit,16.30739,0.13735,0.84338,2.41292,,2021
GBPJPY,1,2021-08-12 09:00:00,2021-08-12 14:00:00,153.104,152.94256,152.94256,153.42689,0.6114,-16.1,-89.82,-90.14,5,stop_loss,15.37069,0.10763,0.59932,3.11778,london,2021
GBPJPY,-1,2021-08-17 14:00:00,2021-08-18 00:00:00,150.734,150.526,151.02972,150.14257,0.3304,20.8,62.54,62.22,10,time_exit,49.50882,0.19714,-3.81863,-3.63375,london,2021
GBPJPY,1,2021-08-18 13:00:00,2021-08-18 20:00:00,150.759,151.30335,150.48683,151.30335,0.3615,54.4,179.07,178.75,7,take_profit,31.39074,0.18145,-1.12594,-5.02558,london,2021
GBPJPY,-1,2021-08-19 10:00:00,2021-08-19 11:00:00,150.711,150.18945,150.97177,150.18945,0.3849,52.2,182.68,182.36,1,take_profit,23.4534,0.17385,-1.81651,-4.03016,london,2021
GBPJPY,1,2021-08-19 18:00:00,2021-08-20 04:00:00,149.89,149.48403,149.48403,150.70195,0.2521,-40.6,-93.13,-93.45,10,stop_loss,38.38544,0.27065,-3.22115,-3.08449,new_york,2021
GBPJPY,-1,2021-08-23 21:00:00,2021-08-24 07:00:00,150.644,150.669,150.95717,150.01767,0.3236,-2.5,-7.36,-7.68,10,time_exit,27.90558,0.20878,2.55133,-3.80312,new_york,2021
GBPJPY,1,2021-08-26 20:00:00,2021-08-26 22:00:00,150.914,150.62048,150.62048,151.50104,0.345,-29.4,-92.15,-92.47,2,stop_loss,21.44849,0.19568,-0.34245,0.43717,new_york,2021
GBPJPY,-1,2021-08-27 14:00:00,2021-08-27 15:00:00,150.96,151.22112,151.22112,150.43776,0.3839,-26.1,-91.22,-91.54,1,stop_loss,25.27203,0.17408,0.50453,-0.01667,london,2021
GBPJPY,-1,2021-08-27 18:00:00,2021-08-30 04:00:00,151.18,151.101,151.49601,150.54798,0.314,7.9,22.57,22.25,10,time_exit,27.18537,0.21067,1.21434,0.14752,new_york,2021
GBPJPY,-1,2021-09-01 16:00:00,2021-09-02 02:00:00,151.69,151.607,151.93477,151.20046,0.4064,8.3,30.7,30.38,10,time_exit,25.63787,0.16318,1.88162,1.70948,new_york,2021
GBPJPY,-1,2021-09-03 19:00:00,2021-09-03 20:00:00,151.984,152.26711,152.26711,151.41778,0.3525,-28.3,-90.82,-91.13,1,stop_loss,28.31383,0.18874,0.42944,2.54408,new_york,2021
GBPJPY,-1,2021-09-06 11:00:00,2021-09-06 21:00:00,152.09,151.959,152.32599,151.61801,0.4187,13.1,49.91,49.59,10,time_exit,15.27597,0.15733,0.59311,3.01176,london,2021
GBPJPY,1,2021-09-08 10:00:00,2021-09-08 11:00:00,151.934,151.75551,151.75551,152.29098,0.5566,-17.8,-90.41,-90.72,1,stop_loss,10.20242,0.11899,-0.28192,2.3499,london,2021
GBPJPY,-1,2021-09-10 00:00:00,2021-09-10 03:00:00,151.726,151.95331,151.95331,151.27139,0.4327,-22.7,-89.5,-89.82,3,stop_loss,22.40461,0.15154,0.10286,0.83636,,2021
GBPJPY,1,2021-09-10 21:00:00,2021-09-10 22:00:00,152.2,151.95317,151.95317,152.69366,0.3945,-24.7,-88.61,-88.93,1,stop_loss,19.55474,0.16455,0.70455,1.60481,new_york,2021
GBPJPY,1,2021-09-13 03:00:00,2021-09-13 13:00:00,152.112,152.248,151.87082,152.59436,0.3997,13.6,49.47,49.15,10,time_exit,20.279,0.16079,0.24327,1.49613,,2021
GBPJPY,-1,2021-09-14 20:00:00,2021-09-15 05:00:00,151.826,151.18932,152.14434,151.18932,0.3045,63.7,176.42,176.1,9,take_profit,17.79396,0.21223,-1.97378,1.26007,new_york,2021
GBPJPY,-1,2021-09-15 20:00:00,2021-09-16 06:00:00,151.26,151.198,151.59385,150.5923,0.2961,6.2,16.71,16.39,10,time_exit,32.60081,0.22257,-1.80538,-0.78654,new_york,2021
GBPJPY,-1,2021-09-24 20:00:00,2021-09-27 06:00:00,151.505,151.189,151.83176,150.85148,0.3031,31.6,87.16,86.84,10,time_exit,37.14155,0.21784,2.83392,0.70785,new_york,2021
GBPJPY,-1,2021-09-27 10:00:00,2021-09-27 11:00:00,151.393,151.65868,151.65868,150.86163,0.3764,-26.6,-91.0,-91.32,1,stop_loss,18.59759,0.17712,1.80134,1.48169,london,2021
GBPJPY,-1,2021-09-27 12:00:00,2021-09-27 22:00:00,151.972,152.117,152.30162,151.31275,0.3003,-14.5,-39.62,-39.94,10,time_exit,21.37663,0.21975,3.84554,1.35001,london,2021
GBPJPY,1,2021-09-28 23:00:00,2021-09-29 09:00:00,150.922,150.864,150.54498,151.67604,0.2614,-5.8,-13.8,-14.12,10,time_exit,38.96774,0.25135,-2.41892,1.65633,,2021
GBPJPY,-1,2021-09-29 12:00:00,2021-09-29 22:00:00,150.308,150.205,150.66581,149.59237,0.275,10.3,25.78,25.46,10,time_exit,35.29393,0.23854,-3.99557,0.73863,london,2021
GBPJPY,1,2021-10-01 06:00:00,2021-10-01 10:00:00,149.684,149.31125,149.31125,150.42949,0.2647,-37.3,-89.79,-90.1,4,stop_loss,21.99395,0.2485,-2.92181,-1.58612,,2021
GBPJPY,-1,2021-10-04 01:00:00,2021-10-04 10:00:00,150.211,150.63689,150.63689,149.35922,0.2294,-42.6,-88.91,-89.23,9,stop_loss,18.89765,0.28393,-0.34934,-1.36241,,2021
GBPJPY,1,2021-10-04 17:00:00,2021-10-04 18:00:00,151.393,150.95895,150.95895,152.26111,0.2228,-43.4,-88.0,-88.32,1,stop_loss,18.96094,0.28937,3.01096,-0.60048,new_york,2021
GBPJPY,1,2021-10-04 22:00:00,2021-10-05 08:00:00,150.986,151.117,150.55,151.85799,0.2196,13.1,26.18,25.86,10,time_exit,16.14774,0.29066,1.3474,-0.39319,,2021
GBPJPY,1,2021-10-05 22:00:00,2021-10-06 08:00:00,151.949,152.035,151.61568,152.61563,0.2881,8.6,22.55,22.23,10,time_exit,37.06618,0.22221,3.67259,1.24392,,2021
GBPJPY,1,2021-10-07 03:00:00,2021-10-07 11:00:00,151.42,151.11678,151.11678,152.02645,0.3175,-30.3,-87.61,-87.93,8,stop_loss,26.6705,0.20215,0.38906,1.61395,,2021
GBPJPY,-1,2021-10-07 11:00:00,2021-10-07 12:00:00,151.157,151.44275,151.44275,150.5855,0.3335,-28.6,-86.72,-87.04,1,stop_loss,22.1078,0.1905,-0.9813,1.5969,london,2021
GBPJPY,1,2021-10-08 06:00:00,2021-10-08 16:00:00,152.257,152.43,152.00606,152.75887,0.376,17.3,59.19,58.88,10,time_exit,29.31227,0.16729,3.58356,2.79808,,2021
GBPJPY,1,2021-10-11 03:00:00,2021-10-11 04:00:00,152.87,153.43494,152.58753,153.43494,0.3363,56.5,172.89,172.57,1,take_profit,29.47284,0.18831,3.63436,3.93133,,2021
GBPJPY,-1,2021-10-11 12:00:00,2021-10-11 17:00:00,154.092,154.44316,154.44316,153.38968,0.2759,-35.1,-88.16,-88.48,5,stop_loss,44.48566,0.23411,6.14126,4.32753,london,2021
GBPJPY,1,2021-10-11 18:00:00,2021-10-12 00:00:00,154.376,153.99183,153.99183,155.14434,0.2497,-38.4,-87.29,-87.61,6,stop_loss,49.41429,0.25611,5.50573,4.60663,new_york,2021
GBPJPY,1,2021-10-15 08:00:00,2021-10-15 10:00:00,155.977,156.46875,155.73112,156.46875,0.3862,49.2,172.82,172.5,2,take_profit,36.77747,0.16392,4.85264,9.76744,london,2021
GBPJPY,-1,2021-10-19 06:00:00,2021-10-19 12:00:00,157.147,157.42872,157.42872,156.58356,0.3438,-28.2,-88.14,-88.46,6,stop_loss,13.95486,0.18781,2.42827,9.89479,,2021
GBPJPY,1,2021-10-20 23:00:00,2021-10-21 07:00:00,157.986,157.64779,157.64779,158.66242,0.2835,-33.8,-87.25,-87.57,8,stop_loss,21.52692,0.22547,1.96033,7.72354,,2021
GBPJPY,1,2021-10-21 10:00:00,2021-10-21 16:00:00,157.352,156.98325,156.98325,158.08951,0.2574,-36.9,-86.37,-86.69,6,stop_loss,19.15303,0.24584,-1.23905,6.67238,london,2021
GBPJPY,-1,2021-10-22 22:00:00,2021-10-25 03:00:00,156.028,156.47362,156.47362,155.13677,0.2109,-44.6,-85.52,-85.84,5,stop_loss,33.83282,0.29708,-3.57455,2.58862,,2021
GBPJPY,-1,2021-10-25 06:00:00,2021-10-25 16:00:00,156.691,156.425,157.10774,155.85751,0.2232,26.6,54.03,53.71,10,time_exit,30.08823,0.27783,-0.72083,2.04207,,2021
GBPJPY,-1,2021-10-25 17:00:00,2021-10-26 03:00:00,156.425,156.644,156.8586,155.5578,0.2159,-21.9,-43.03,-43.35,10,time_exit,20.92881,0.28907,-1.14034,1.42182,new_york,2021
GBPJPY,1,2021-10-27 14:00:00,2021-10-28 00:00:00,155.992,156.364,155.5991,156.7778,0.237,37.2,80.23,79.91,10,time_exit,27.53681,0.26193,-3.30135,1.2015,london,2021
GBPJPY,1,2021-10-28 00:00:00,2021-10-28 09:00:00,156.37,155.97177,155.97177,157.16647,0.2361,-39.8,-85.56,-85.88,9,stop_loss,22.95513,0.26549,-1.13571,0.55342,,2021
GBPJPY,-1,2021-10-28 13:00:00,2021-10-28 23:00:00,156.356,156.69463,156.69463,155.67873,0.2748,-33.9,-84.68,-85.0,10,stop_loss,19.25402,0.22576,-0.58305,0.0332,london,2021
GBPJPY,1,2021-11-01 21:00:00,2021-11-02 06:00:00,155.838,155.45134,155.45134,156.61132,0.2383,-38.7,-83.85,-84.17,9,stop_loss,11.61549,0.25777,-1.70405,-0.54994,new_york,2021
GBPJPY,-1,2021-11-04 12:00:00,2021-11-04 15:00:00,155.552,154.92458,155.86571,154.92458,0.2907,62.7,165.98,165.66,3,take_profit,30.25318,0.20914,-0.6804,-1.43553,london,2021
GBPJPY,1,2021-11-05 12:00:00,2021-11-05 22:00:00,153.041,152.913,152.61666,153.88968,0.2192,-12.8,-25.53,-25.85,10,time_exit,43.28829,0.28289,-4.8641,-3.85034,london,2021
GBPJPY,1,2021-11-08 08:00:00,2021-11-08 10:00:00,153.171,152.8274,152.8274,153.8582,0.2699,-34.4,-84.39,-84.71,2,stop_loss,24.66846,0.22907,-2.15131,-6.09137,london,2021
GBPJPY,1,2021-11-08 16:00:00,2021-11-09 02:00:00,153.507,153.48,153.13765,154.24569,0.2486,-2.7,-6.11,-6.43,10,time_exit,20.17158,0.24623,-0.13522,-5.58866,new_york,2021
GBPJPY,1,2021-11-09 07:00:00,2021-11-09 17:00:00,153.063,153.006,152.7314,153.72619,0.2767,-5.7,-14.35,-14.67,10,time_exit,17.29671,0.22106,-1.85191,-5.57979,london,2021
GBPJPY,-1,2021-11-11 11:00:00,2021-11-11 21:00:00,152.734,152.472,153.07919,152.04362,0.2653,26.2,63.25,62.93,10,time_exit,15.06721,0.23013,-1.32103,-4.27248,london,2021
GBPJPY,-1,2021-11-15 00:00:00,2021-11-15 08:00:00,152.793,153.04841,153.04841,152.28219,0.3613,-25.5,-83.97,-84.29,8,stop_loss,13.34398,0.17027,0.23835,-4.89388,,2021
GBPJPY,-1,2021-11-15 15:00:00,2021-11-15 17:00:00,152.982,153.24661,153.24661,152.45277,0.3452,-26.5,-83.12,-83.44,2,stop_loss,19.26282,0.17641,0.83457,-3.82123,london,2021
GBPJPY,1,2021-11-16 13:00:00,2021-11-16 23:00:00,153.576,154.17053,153.27873,154.17053,0.3042,59.5,164.58,164.26,10,take_profit,26.90715,0.19818,2.28426,-1.72955,london,2021
GBPJPY,-1,2021-11-18 09:00:00,2021-11-18 19:00:00,154.072,154.199,154.39281,153.43038,0.2875,-12.7,-33.23,-33.54,10,time_exit,19.49944,0.21387,0.76794,1.03985,london,2021
GBPJPY,1,2021-11-22 04:00:00,2021-11-22 14:00:00,153.341,153.455,152.95075,154.12151,0.2354,11.4,24.42,24.1,10,time_exit,28.83875,0.26017,-1.20517,-0.19379,,2021
GBPJPY,1,2021-11-23 06:00:00,2021-11-23 09:00:00,154.171,153.88664,153.88664,154.73972,0.324,-28.4,-83.84,-84.16,3,stop_loss,31.52274,0.18957,2.52814,0.00548,,2021
GBPJPY,-1,2021-11-24 05:00:00,2021-11-24 15:00:00,153.899,153.779,154.21094,153.27512,0.2924,12.0,31.93,31.61,10,time_exit,15.24362,0.20796,0.48759,0.35225,,2021
GBPJPY,1,2021-11-24 18:00:00,2021-11-25 04:00:00,153.88,153.931,153.53905,154.5619,0.2685,5.1,12.46,12.14,10,time_exit,17.52568,0.2273,0.46096,0.23045,new_york,2021
GBPJPY,-1,2021-11-25 23:00:00,2021-11-26 01:00:00,153.677,153.24482,153.89309,153.24482,0.4243,43.2,166.87,166.55,2,take_profit,17.37308,0.14406,-0.6413,0.19361,,2021
GBPJPY,1,2021-11-26 04:00:00,2021-11-26 05:00:00,152.826,152.5132,152.5132,153.4516,0.299,-31.3,-85.11,-85.43,1,stop_loss,25.60803,0.20853,-4.05475,-0.21189,,2021
GBPJPY,1,2021-11-26 06:00:00,2021-11-26 08:00:00,152.552,152.223,152.223,153.21,0.2814,-32.9,-84.25,-84.57,2,stop_loss,32.06111,0.21933,-4.71633,-0.48558,,2021
GBPJPY,-1,2021-11-26 11:00:00,2021-11-26 17:00:00,152.148,151.16583,152.63908,151.16583,0.1866,98.2,166.78,166.46,6,take_profit,44.40961,0.32739,-3.69867,-0.82344,london,2021
GBPJPY,-1,2021-11-29 13:00:00,2021-11-29 23:00:00,151.487,151.175,152.09102,150.27895,0.1548,31.2,43.95,43.63,10,time_exit,37.36929,0.40268,-1.40843,-2.61648,london,2021
GBPJPY,-1,2021-12-01 02:00:00,2021-12-01 06:00:00,150.632,151.13217,151.13217,149.63167,0.1879,-50.0,-85.52,-85.84,4,stop_loss,23.63746,0.33344,-1.22377,-4.12336,,2021
GBPJPY,1,2021-12-03 02:00:00,2021-12-03 12:00:00,150.308,150.422,149.93966,151.04468,0.2525,11.4,26.19,25.88,10,time_exit,12.34911,0.24556,-0.93494,-4.88699,,2021
GBPJPY,1,2021-12-06 11:00:00,2021-12-06 21:00:00,149.981,150.459,149.60162,150.73976,0.2459,47.8,106.96,106.64,10,time_exit,18.27029,0.25292,-0.05199,-4.83375,london,2021
GBPJPY,1,2021-12-07 05:00:00,2021-12-07 14:00:00,150.683,150.35659,150.35659,151.33583,0.2894,-32.6,-85.96,-86.28,9,stop_loss,22.89671,0.21761,2.23561,-4.04491,,2021
GBPJPY,1,2021-12-08 18:00:00,2021-12-08 23:00:00,150.496,150.01075,150.01075,151.4665,0.1927,-48.5,-85.09,-85.41,5,stop_loss,33.91304,0.3235,0.44549,-1.63387,new_york,2021
GBPJPY,-1,2021-12-10 10:00:00,2021-12-10 19:00:00,150.095,150.3924,150.3924,149.50021,0.3113,-29.7,-84.25,-84.57,9,stop_loss,18.66876,0.19826,0.09202,-2.6364,london,2021
GBPJPY,1,2021-12-13 05:00:00,2021-12-13 09:00:00,150.445,150.13504,150.13504,151.06492,0.2957,-31.0,-83.41,-83.73,4,stop_loss,10.96267,0.20664,1.21625,-1.69209,,2021
GBPJPY,1,2021-12-13 22:00:00,2021-12-14 08:00:00,150.062,150.16,149.75101,150.68398,0.2918,9.8,26.02,25.7,10,time_exit,14.90071,0.20733,-0.94067,-1.22702,,2021
GBPJPY,1,2021-12-16 22:00:00,2021-12-17 08:00:00,151.196,151.316,150.74126,152.10547,0.2002,12.0,21.86,21.54,10,time_exit,19.43638,0.30316,0.29512,1.35999,,2021
GBPJPY,1,2021-12-20 01:00:00,2021-12-20 04:00:00,150.472,150.10807,150.10807,151.19986,0.2508,-36.4,-83.06,-83.38,3,stop_loss,22.98575,0.24262,-2.28845,0.88896,,2021
GBPJPY,-1,2021-12-22 02:00:00,2021-12-22 09:00:00,151.243,151.53419,151.53419,150.66062,0.3102,-29.1,-82.2,-82.52,7,stop_loss,27.65275,0.19413,2.89554,0.19626,,2021
GBPJPY,-1,2021-12-23 00:00:00,2021-12-23 02:00:00,152.25,152.54882,152.54882,151.65237,0.2993,-29.9,-81.39,-81.7,2,stop_loss,39.76002,0.19921,4.39151,2.84985,,2021
GBPJPY,1,2021-12-29 10:00:00,2021-12-29 15:00:00,154.255,154.68117,154.04192,154.68117,0.4155,42.6,161.14,160.82,5,take_profit,14.71509,0.14206,1.23628,9.22727,london,2021
GBPJPY,-1,2021-12-30 01:00:00,2021-12-30 03:00:00,155.031,155.27981,155.27981,154.53338,0.3629,-24.9,-82.17,-82.48,2,stop_loss,32.94657,0.16587,3.75305,8.20709,,2021
GBPJPY,1,2021-12-30 11:00:00,2021-12-30 14:00:00,154.963,155.41188,154.73856,155.41188,0.3983,44.9,162.7,162.38,3,take_profit,33.94615,0.14963,2.04751,9.40859,london,2021
GBPJPY,-1,2021-12-31 03:00:00,2021-12-31 10:00:00,155.339,155.579,155.579,154.859,0.3799,-24.0,-82.97,-83.29,7,stop_loss,29.02033,0.16,2.25118,8.8845,,2021
GBPJPY,-1,2022-01-03 19:00:00,2022-01-04 02:00:00,155.22,155.55385,155.55385,154.55231,0.2704,-33.4,-82.15,-82.47,7,stop_loss,24.72527,0.22256,-0.7519,5.55344,new_york,2022
GBPJPY,1,2022-01-04 23:00:00,2022-01-05 09:00:00,157.063,157.061,156.71291,157.76317,0.2552,-0.2,-0.46,-0.78,10,time_exit,43.54547,0.23339,4.07239,6.14881,,2022
GBPJPY,1,2022-01-07 10:00:00,2022-01-07 20:00:00,156.897,157.026,156.61421,157.46257,0.316,12.9,37.1,36.78,10,time_exit,11.20204,0.18852,0.34069,6.05334,london,2022
GBPJPY,1,2022-01-07 23:00:00,2022-01-10 09:00:00,157.1,157.313,156.82651,157.64699,0.3282,21.3,63.62,63.3,10,time_exit,10.61393,0.18233,1.18796,5.74479,,2022
GBPJPY,-1,2022-01-10 13:00:00,2022-01-10 14:00:00,157.041,156.54445,157.28927,156.54445,0.3643,49.7,164.61,164.29,1,take_profit,13.87523,0.16552,0.15495,6.05769,london,2022
GBPJPY,1,2022-01-11 17:00:00,2022-01-12 03:00:00,156.852,157.177,156.52198,157.51203,0.2796,32.5,82.69,82.37,10,time_exit,16.50037,0.22001,0.34588,2.79453,new_york,2022
GBPJPY,-1,2022-01-12 18:00:00,2022-01-13 04:00:00,157.196,157.239,157.49393,156.60014,0.3127,-4.3,-12.24,-12.55,10,time_exit,19.19814,0.19862,0.49812,3.50688,new_york,2022
GBPJPY,-1,2022-01-14 12:00:00,2022-01-14 15:00:00,156.448,155.81164,156.76618,155.81164,0.2924,63.6,169.33,169.01,3,take_profit,37.38859,0.21212,-1.14741,0.8424,london,2022
GBPJPY,-1,2022-01-14 23:00:00,2022-01-17 07:00:00,156.203,156.56926,156.56926,155.47049,0.2591,-36.6,-86.36,-86.67,8,stop_loss,38.42502,0.24417,-0.90327,-0.12028,,2022
GBPJPY,1,2022-01-18 01:00:00,2022-01-18 05:00:00,156.348,156.79474,156.12463,156.79474,0.4205,44.7,170.95,170.63,4,take_profit,12.32515,0.14891,-0.6091,-0.16981,,2022
GBPJPY,-1,2022-01-19 03:00:00,2022-01-19 13:00:00,155.942,156.066,156.23738,155.35124,0.3243,-12.4,-36.59,-36.91,10,time_exit,30.44579,0.19692,-1.13069,-1.01742,,2022
GBPJPY,-1,2022-01-19 20:00:00,2022-01-20 06:00:00,155.758,155.896,156.07947,155.11506,0.2968,-13.8,-37.27,-37.59,10,time_exit,20.1015,0.21431,-1.09727,-1.32865,new_york,2022
GBPJPY,-1,2022-01-21 07:00:00,2022-01-21 17:00:00,154.651,153.99997,154.97651,153.99997,0.2918,65.1,172.87,172.55,10,take_profit,32.89633,0.21701,-3.87648,-2.46904,london,2022
GBPJPY,-1,2022-01-21 18:00:00,2022-01-24 03:00:00,154.068,154.40486,154.40486,153.39427,0.2876,-33.7,-88.16,-88.48,9,stop_loss,44.71354,0.22458,-4.68478,-3.3185,new_york,2022
GBPJPY,-1,2022-01-24 07:00:00,2022-01-24 10:00:00,154.425,153.85867,154.70816,153.85867,0.3387,56.6,174.55,174.23,3,take_profit,37.82029,0.18878,-1.77176,-4.80248,london,2022
GBPJPY,-1,2022-01-25 15:00:00,2022-01-25 21:00:00,153.452,153.8836,153.8836,152.5888,0.2267,-43.2,-89.04,-89.36,6,stop_loss,23.81074,0.28773,-1.41779,-4.23258,london,2022
GBPJPY,1,2022-01-26 00:00:00,2022-01-26 10:00:00,153.531,154.051,153.11364,154.36571,0.232,52.0,109.78,109.46,10,time_exit,15.83604,0.27824,-0.32827,-4.12688,,2022
GBPJPY,-1,2022-01-27 07:00:00,2022-01-27 10:00:00,154.025,154.37516,154.37516,153.32468,0.28,-35.0,-89.22,-89.54,3,stop_loss,19.25159,0.23344,-0.23534,-2.85352,london,2022
GBPJPY,-1,2022-01-27 20:00:00,2022-01-28 04:00:00,154.294,154.70872,154.70872,153.46457,0.234,-41.5,-88.31,-88.63,8,stop_loss,14.20819,0.27648,0.39897,-1.84829,new_york,2022
GBPJPY,-1,2022-01-31 09:00:00,2022-01-31 12:00:00,154.986,155.29545,155.29545,154.3671,0.3105,-30.9,-87.44,-87.76,3,stop_loss,17.20587,0.2063,2.14914,-0.61932,london,2022
GBPJPY,1,2022-02-04 10:00:00,2022-02-04 11:00:00,156.327,156.02137,156.02137,156.93827,0.3112,-30.6,-86.55,-86.87,1,stop_loss,36.49334,0.20376,2.70479,3.15039,london,2022
GBPJPY,-1,2022-02-04 22:00:00,2022-02-07 08:00:00,155.931,155.999,156.27456,155.24388,0.2741,-6.8,-16.96,-17.28,10,time_exit,23.34339,0.22904,0.3521,2.71162,,2022
GBPJPY,-1,2022-02-07 10:00:00,2022-02-07 11:00:00,156.096,155.52253,156.38273,155.52253,0.3278,57.3,171.06,170.75,1,take_profit,13.19718,0.19116,1.09163,3.02439,london,2022
GBPJPY,1,2022-02-10 14:00:00,2022-02-10 17:00:00,157.149,157.70315,156.87193,157.70315,0.3459,55.4,174.43,174.11,3,take_profit,23.2889,0.18472,3.68269,3.28644,london,2022
GBPJPY,1,2022-02-11 10:00:00,2022-02-11 17:00:00,157.018,157.60259,156.7257,157.60259,0.3345,58.5,177.95,177.63,7,take_profit,22.99407,0.19486,0.47583,4.09615,london,2022
GBPJPY,-1,2022-02-15 00:00:00,2022-02-15 10:00:00,156.223,156.72028,156.72028,155.22843,0.2005,-49.7,-90.73,-91.05,10,stop_loss,21.22763,0.33152,-0.49012,0.79387,,2022
GBPJPY,-1,2022-02-16 08:00:00,2022-02-16 11:00:00,156.776,157.0494,157.0494,156.2292,0.3611,-27.3,-89.84,-90.16,3,stop_loss,11.43893,0.18227,1.40384,1.13395,london,2022
GBPJPY,-1,2022-02-16 14:00:00,2022-02-17 00:00:00,156.834,156.804,157.13141,156.23918,0.3286,3.0,8.97,8.65,10,time_exit,18.19554,0.19827,1.2153,1.25341,london,2022
GBPJPY,-1,2022-02-18 11:00:00,2022-02-18 16:00:00,157.065,156.37824,157.40838,156.37824,0.2849,68.7,178.05,177.73,5,take_profit,23.89796,0.22892,1.7932,0.84319,london,2022
GBPJPY,-1,2022-02-18 23:00:00,2022-02-21 09:00:00,156.485,156.634,156.82052,155.81395,0.2974,-14.9,-40.32,-40.64,10,time_exit,19.30551,0.22368,-0.59872,0.63006,,2022
GBPJPY,1,2022-02-21 17:00:00,2022-02-22 00:00:00,156.29,155.95659,155.95659,156.95682,0.2979,-33.3,-90.38,-90.7,7,stop_loss,15.22316,0.22227,-1.16282,0.32826,new_york,2022
GBPJPY,-1,2022-02-22 05:00:00,2022-02-22 15:00:00,155.834,156.003,156.18337,155.13527,0.2815,-16.9,-43.29,-43.61,10,time_exit,31.44762,0.23291,-2.22496,-0.32296,,2022
GBPJPY,-1,2022-02-22 15:00:00,2022-02-22 17:00:00,155.885,156.26868,156.26868,155.11764,0.255,-38.4,-89.03,-89.35,2,stop_loss,29.76788,0.25579,-1.2119,-0.69905,london,2022
GBPJPY,1,2022-02-24 11:00:00,2022-02-24 13:00:00,154.32,153.83586,153.83586,155.28829,0.2001,-48.4,-88.16,-88.48,2,stop_loss,37.24353,0.32276,-4.5243,-1.31334,london,2022
GBPJPY,1,2022-02-28 01:00:00,2022-02-28 11:00:00,154.087,154.555,153.53982,155.18135,0.1753,46.8,74.66,74.34,10,time_exit,21.08124,0.36478,-2.06852,-2.2411,,2022
GBPJPY,1,2022-02-28 13:00:00,2022-02-28 16:00:00,154.966,154.49502,154.49502,155.90796,0.2053,-47.1,-87.99,-88.31,3,stop_loss,24.03192,0.31399,0.84373,-2.63138,london,2022
GBPJPY,-1,2022-03-02 09:00:00,2022-03-02 11:00:00,153.025,153.37522,153.37522,152.32457,0.2734,-35.0,-87.13,-87.45,2,stop_loss,30.3678,0.23348,-3.24299,-4.83665,london,2022
GBPJPY,-1,2022-03-02 14:00:00,2022-03-02 15:00:00,153.612,154.02283,154.02283,152.79035,0.2307,-41.1,-86.25,-86.57,1,stop_loss,25.32918,0.27388,-0.3314,-4.12704,london,2022
GBPJPY,1,2022-03-02 19:00:00,2022-03-03 05:00:00,154.484,154.855,154.00646,155.43909,0.1965,37.1,66.34,66.02,10,time_exit,23.688,0.31836,2.2698,-3.24144,new_york,2022
GBPJPY,-1,2022-03-03 08:00:00,2022-03-03 17:00:00,155.072,154.36685,155.42458,154.36685,0.2682,70.5,172.1,171.78,9,take_profit,33.87848,0.23505,3.77226,-2.59162,london,2022
GBPJPY,1,2022-03-07 00:00:00,2022-03-07 10:00:00,151.894,151.37902,151.37902,152.92397,0.1873,-51.5,-87.78,-88.09,10,stop_loss,53.90199,0.34332,-4.20919,-2.81608,,2022
GBPJPY,-1,2022-03-08 06:00:00,2022-03-08 16:00:00,151.519,151.646,151.96145,150.63411,0.2158,-12.7,-24.94,-25.26,10,time_exit,32.93876,0.29496,-1.88381,-5.33856,,2022
GBPJPY,1,2022-03-11 03:00:00,2022-03-11 13:00:00,152.25,153.00425,151.87288,153.00425,0.2524,75.4,173.24,172.92,10,take_profit,26.8575,0.25142,-0.2996,-2.45213,,2022
GBPJPY,1,2022-03-14 18:00:00,2022-03-14 20:00:00,154.059,153.67643,153.67643,154.82414,0.2538,-38.3,-88.36,-88.68,2,stop_loss,46.7382,0.25505,3.69379,0.37008,new_york,2022
GBPJPY,1,2022-03-15 10:00:00,2022-03-15 11:00:00,154.208,153.87366,153.87366,154.87668,0.2875,-33.4,-87.47,-87.79,1,stop_loss,39.92374,0.22289,3.09755,1.62792,london,2022
GBPJPY,1,2022-03-17 22:00:00,2022-03-18 08:00:00,155.974,156.32,155.5155,156.89099,0.2076,34.6,65.36,65.05,10,time_exit,34.01696,0.30566,1.74046,4.36165,,2022
GBPJPY,-1,2022-03-18 13:00:00,2022-03-18 17:00:00,156.257,156.60184,156.60184,155.56733,0.278,-34.5,-87.24,-87.56,4,stop_loss,21.44945,0.22989,2.07285,6.03187,london,2022
GBPJPY,-1,2022-03-22 00:00:00,2022-03-22 03:00:00,157.285,157.59792,157.59792,156.65916,0.3033,-31.3,-86.37,-86.69,3,stop_loss,24.15393,0.20861,3.02991,7.39238,,2022
GBPJPY,1,2022-03-22 17:00:00,2022-03-23 03:00:00,160.027,160.732,159.49557,161.08986,0.1768,70.5,113.43,113.11,10,time_exit,56.12849,0.35429,6.86442,5.47711,new_york,2022
GBPJPY,-1,2022-03-25 10:00:00,2022-03-25 11:00:00,160.906,159.92876,161.39462,159.92876,0.1948,97.7,173.23,172.92,1,take_profit,25.18923,0.32575,1.54645,7.53846,london,2022
GBPJPY,1,2022-03-25 14:00:00,2022-03-28 00:00:00,160.546,160.801,159.9828,161.67239,0.1724,25.5,40.01,39.69,10,time_exit,25.25643,0.37546,0.42391,6.25178,london,2022
GBPJPY,-1,2022-03-28 02:00:00,2022-03-28 04:00:00,161.067,161.54862,161.54862,160.10377,0.2025,-48.2,-88.75,-89.07,2,stop_loss,14.46622,0.32108,1.44779,6.96246,,2022
GBPJPY,-1,2022-03-28 05:00:00,2022-03-28 10:00:00,161.836,162.38656,162.38656,160.73487,0.1754,-55.1,-87.88,-88.2,5,stop_loss,13.66648,0.36704,3.15478,6.05992,,2022
GBPJPY,-1,2022-03-29 08:00:00,2022-03-29 14:00:00,161.52,162.35951,162.35951,159.84097,0.1139,-84.0,-87.01,-87.33,6,stop_loss,18.18653,0.55968,-0.1403,4.06728,london,2022
GBPJPY,1,2022-03-29 18:00:00,2022-03-30 04:00:00,161.193,160.15996,160.15996,163.25908,0.0916,-103.3,-86.11,-86.43,10,stop_loss,13.5753,0.68869,-0.58448,2.98868,new_york,2022
GBPJPY,1,2022-03-31 05:00:00,2022-03-31 09:00:00,160.428,159.82583,159.82583,161.63234,0.1556,-60.2,-85.27,-85.58,4,stop_loss,13.51046,0.40145,-0.46209,2.09162,,2022
GBPJPY,1,2022-04-01 17:00:00,2022-04-01 20:00:00,161.043,160.56555,160.56555,161.99791,0.1942,-47.7,-84.38,-84.7,3,stop_loss,16.82588,0.3183,1.77043,1.70303,new_york,2022
GBPJPY,-1,2022-04-04 03:00:00,2022-04-04 09:00:00,160.705,161.12598,161.12598,159.86303,0.2181,-42.1,-83.55,-83.87,6,stop_loss,10.71421,0.28066,0.54287,1.92945,,2022
GBPJPY,-1,2022-04-04 13:00:00,2022-04-04 17:00:00,160.784,161.17529,161.17529,160.00141,0.2323,-39.1,-82.72,-83.04,4,stop_loss,8.48949,0.26086,0.50601,2.1542,london,2022
GBPJPY,1,2022-04-05 06:00:00,2022-04-05 10:00:00,160.757,161.42152,160.42474,161.42152,0.2708,66.5,163.76,163.44,4,take_profit,14.36869,0.22151,-0.06872,2.50666,,2022
GBPJPY,1,2022-04-05 21:00:00,2022-04-06 07:00:00,161.808,161.893,161.41311,162.59779,0.2324,8.5,17.98,17.66,10,time_exit,30.01186,0.26326,2.85074,2.58841,new_york,2022
GBPJPY,1,2022-04-07 10:00:00,2022-04-07 11:00:00,162.047,161.71432,161.71432,162.71236,0.2764,-33.3,-83.68,-84.0,1,stop_loss,17.59147,0.22179,1.73103,3.77112,london,2022
GBPJPY,-1,2022-04-12 00:00:00,2022-04-12 10:00:00,163.316,163.36,163.65767,162.63266,0.2665,-4.4,-10.67,-10.99,10,time_exit,24.75603,0.22778,2.97495,4.83318,,2022
GBPJPY,-1,2022-04-13 08:00:00,2022-04-13 09:00:00,163.328,163.6249,163.6249,162.7342,0.3062,-29.7,-82.73,-83.05,1,stop_loss,18.89243,0.19793,1.2654,5.21958,london,2022
GBPJPY,-1,2022-04-14 05:00:00,2022-04-14 15:00:00,164.563,164.396,164.94342,163.80217,0.2366,16.7,35.96,35.64,10,time_exit,24.78349,0.25361,3.19985,5.14893,,2022
GBPJPY,-1,2022-04-18 00:00:00,2022-04-18 01:00:00,164.954,165.25452,165.25452,164.35295,0.3008,-30.1,-82.26,-82.58,1,stop_loss,13.38641,0.20035,1.61907,7.23686,,2022
GBPJPY,-1,2022-04-18 16:00:00,2022-04-19 00:00:00,164.941,165.24876,165.24876,164.32548,0.2908,-30.8,-81.44,-81.76,8,stop_loss,17.36653,0.20517,0.45577,6.35704,new_york,2022
GBPJPY,1,2022-04-19 01:00:00,2022-04-19 05:00:00,165.307,165.84824,165.03638,165.84824,0.3274,54.1,161.26,160.94,4,take_profit,14.62027,0.18041,2.0478,6.94875,,2022
GBPJPY,1,2022-04-20 02:00:00,2022-04-20 05:00:00,168.215,167.75109,167.75109,169.14281,0.1948,-46.4,-82.24,-82.55,3,stop_loss,39.84992,0.30927,6.2198,6.07573,,2022
GBPJPY,1,2022-04-20 17:00:00,2022-04-21 03:00:00,166.946,167.268,166.34101,168.15598,0.1479,32.2,43.34,43.02,10,time_exit,28.65273,0.40333,0.39004,4.85718,new_york,2022
GBPJPY,-1,2022-04-21 09:00:00,2022-04-21 18:00:00,167.329,167.86363,167.86363,166.25974,0.1682,-53.5,-81.83,-82.15,9,stop_loss,20.4696,0.35642,0.97087,5.08048,london,2022
GBPJPY,-1,2022-04-22 09:00:00,2022-04-22 10:00:00,166.585,165.61829,167.06835,165.61829,0.1842,96.7,162.04,161.72,1,take_profit,13.81555,0.32224,-1.76977,4.78495,london,2022
GBPJPY,-1,2022-04-25 14:00:00,2022-04-26 00:00:00,162.888,163.274,163.5814,161.5012,0.131,-38.6,-46.02,-46.33,10,time_exit,42.85229,0.46227,-5.28766,-0.12245,london,2022
GBPJPY,-1,2022-04-26 09:00:00,2022-04-26 14:00:00,163.229,161.92825,163.87937,161.92825,0.1388,130.1,164.29,163.98,5,take_profit,31.32673,0.43358,-1.96388,-2.04505,london,2022
GBPJPY,1,2022-04-28 08:00:00,2022-04-28 10:00:00,162.505,163.822,161.8465,163.822,0.1399,131.7,167.67,167.35,2,take_profit,22.36836,0.439,2.16047,-4.43401,london,2022
GBPJPY,-1,2022-04-28 14:00:00,2022-04-28 20:00:00,162.53,163.40964,163.40964,160.77073,0.1068,-88.0,-85.49,-85.81,6,stop_loss,30.88014,0.58642,0.98238,-2.63645,london,2022
GBPJPY,1,2022-04-29 17:00:00,2022-04-29 18:00:00,163.288,162.69866,162.69866,164.46667,0.1578,-58.9,-84.63,-84.95,1,stop_loss,19.42428,0.39289,1.36057,-1.67178,new_york,2022
GBPJPY,-1,2022-05-03 16:00:00,2022-05-04 02:00:00,163.096,162.635,163.56058,162.16684,0.1982,46.1,83.15,82.83,10,time_exit,19.09095,0.30972,0.53048,-1.09386,new_york,2022
GBPJPY,-1,2022-05-05 01:00:00,2022-05-05 11:00:00,163.148,162.721,163.69523,162.05355,0.1699,42.7,66.02,65.7,10,time_exit,17.62438,0.36482,1.24553,-1.07312,,2022
GBPJPY,1,2022-05-09 00:00:00,2022-05-09 10:00:00,161.031,161.218,160.45939,162.17422,0.1639,18.7,27.89,27.57,10,time_exit,25.083,0.38107,-1.22089,-2.61503,,2022
GBPJPY,1,2022-05-11 05:00:00,2022-05-11 13:00:00,160.702,160.20922,160.20922,161.68757,0.1907,-49.3,-85.52,-85.83,8,stop_loss,21.66113,0.32852,-0.2799,-3.00001,,2022
GBPJPY,1,2022-05-11 16:00:00,2022-05-11 19:00:00,160.661,160.15219,160.15219,161.67862,0.1829,-50.9,-84.69,-85.0,3,stop_loss,24.1991,0.33921,-0.19461,-2.74604,new_york,2022
GBPJPY,1,2022-05-12 06:00:00,2022-05-12 09:00:00,158.57,157.91418,157.91418,159.88163,0.1405,-65.6,-83.85,-84.17,3,stop_loss,35.24426,0.43721,-3.56002,-2.82969,,2022
GBPJPY,1,2022-05-12 11:00:00,2022-05-12 12:00:00,157.189,156.4591,156.4591,158.6488,0.1249,-73.0,-82.96,-83.28,1,stop_loss,43.30899,0.4866,-5.25465,-2.99094,london,2022
GBPJPY,1,2022-05-16 08:00:00,2022-05-16 18:00:00,157.916,158.448,157.20406,159.33988,0.1268,53.2,61.39,61.07,10,time_exit,20.09735,0.47463,-0.29436,-3.78852,london,2022
GBPJPY,-1,2022-05-17 06:00:00,2022-05-17 09:00:00,159.4,160.01428,160.01428,158.17143,0.1481,-61.4,-82.79,-83.11,3,stop_loss,22.49759,0.40952,2.27858,-2.81765,,2022
GBPJPY,-1,2022-05-19 02:00:00,2022-05-19 05:00:00,158.502,159.1291,159.1291,157.2478,0.1436,-62.7,-81.95,-82.27,3,stop_loss,40.76849,0.41807,-2.92745,-0.3504,,2022
GBPJPY,1,2022-05-19 06:00:00,2022-05-19 10:00:00,159.171,158.45874,158.45874,160.59552,0.1251,-71.2,-81.08,-81.4,4,stop_loss,39.02128,0.47484,-0.80451,-0.55809,,2022
GBPJPY,-1,2022-05-23 23:00:00,2022-05-24 09:00:00,160.876,160.513,161.43568,159.75664,0.1577,36.3,52.09,51.77,10,time_exit,24.59054,0.37312,2.29517,0.5977,,2022
GBPJPY,-1,2022-05-24 19:00:00,2022-05-25 05:00:00,158.732,159.092,159.44565,157.3047,0.1244,-36.0,-40.75,-41.07,10,time_exit,26.32034,0.47577,-2.38079,0.11486,new_york,2022
GBPJPY,-1,2022-05-25 22:00:00,2022-05-26 08:00:00,160.221,159.847,160.85663,158.94975,0.139,37.4,47.31,46.99,10,time_exit,18.64572,0.42375,1.7905,-0.47507,,2022
GBPJPY,1,2022-05-27 02:00:00,2022-05-27 12:00:00,160.155,160.169,159.6403,161.1844,0.1727,1.4,2.2,1.88,10,time_exit,15.04445,0.34313,0.90976,0.26779,,2022
GBPJPY,-1,2022-05-27 15:00:00,2022-05-30 01:00:00,160.129,160.61281,160.61281,159.16139,0.1837,-48.4,-80.88,-81.19,10,stop_loss,13.635,0.32254,0.31394,0.64522,london,2022
GBPJPY,-1,2022-05-30 15:00:00,2022-05-30 16:00:00,161.056,161.44034,161.44034,160.28733,0.229,-38.4,-80.09,-80.41,1,stop_loss,15.27108,0.25622,2.53496,1.63788,london,2022
GBPJPY,1,2022-05-30 23:00:00,2022-05-31 09:00:00,161.42,161.1037,161.1037,162.05259,0.2754,-31.6,-79.27,-79.59,10,stop_loss,32.00719,0.21086,3.50223,2.77891,,2022
GBPJPY,1,2022-05-31 16:00:00,2022-06-01 02:00:00,161.609,162.308,161.18637,162.45427,0.2041,69.9,129.83,129.51,10,time_exit,27.53812,0.28176,2.00304,2.60861,new_york,2022
GBPJPY,1,2022-06-01 04:00:00,2022-06-01 14:00:00,162.535,162.865,162.13588,163.33324,0.2196,33.0,65.95,65.63,10,time_exit,38.71516,0.26608,3.91149,3.66098,,2022
GBPJPY,-1,2022-06-01 18:00:00,2022-06-02 04:00:00,162.371,162.26,162.86171,161.38958,0.1801,11.1,18.19,17.87,10,time_exit,38.68703,0.32714,1.14102,3.66752,new_york,2022
GBPJPY,-1,2022-06-02 13:00:00,2022-06-02 17:00:00,162.751,163.15276,163.15276,161.94747,0.2205,-40.2,-80.62,-80.93,4,stop_loss,17.83634,0.26784,1.85327,4.34841,london,2022
GBPJPY,-1,2022-06-03 07:00:00,2022-06-03 12:00:00,163.231,163.57018,163.57018,162.55263,0.2585,-33.9,-79.79,-80.11,5,stop_loss,19.85233,0.22612,2.2472,5.72239,london,2022
GBPJPY,-1,2022-06-03 13:00:00,2022-06-03 16:00:00,163.58,163.89591,163.89591,162.94817,0.2748,-31.6,-79.0,-79.32,3,stop_loss,20.58632,0.21061,3.43468,6.25305,london,2022
GBPJPY,1,2022-06-07 01:00:00,2022-06-07 07:00:00,165.288,166.08309,164.89046,166.08309,0.2162,79.5,156.43,156.11,6,take_profit,43.58663,0.26503,5.09331,6.10954,,2022
GBPJPY,-1,2022-06-08 12:00:00,2022-06-08 13:00:00,167.59,168.03159,168.03159,166.70682,0.1985,-44.2,-79.77,-80.09,1,stop_loss,47.19693,0.29439,5.10067,8.57093,london,2022
GBPJPY,-1,2022-06-09 02:00:00,2022-06-09 08:00:00,168.512,167.50993,169.01304,167.50993,0.1732,100.2,157.94,157.62,6,take_profit,39.3226,0.33402,4.5082,8.47972,,2022
GBPJPY,-1,2022-06-09 19:00:00,2022-06-10 05:00:00,167.754,167.54,168.49948,166.26304,0.1187,21.4,23.12,22.8,10,time_exit,26.935,0.49699,0.75832,5.30937,new_york,2022
GBPJPY,1,2022-06-13 04:00:00,2022-06-13 09:00:00,165.67,165.11092,165.11092,166.78817,0.1588,-55.9,-80.79,-81.11,5,stop_loss,44.10071,0.37272,-2.56275,3.64967,,2022
GBPJPY,1,2022-06-13 14:00:00,2022-06-13 15:00:00,164.051,163.42672,163.42672,165.29956,0.1408,-62.4,-79.99,-80.31,1,stop_loss,38.57868,0.41619,-4.8837,2.01958,london,2022
GBPJPY,-1,2022-06-14 03:00:00,2022-06-14 06:00:00,162.991,163.63296,163.63296,161.70707,0.1355,-64.2,-79.16,-79.48,3,stop_loss,45.1571,0.42798,-4.37404,-0.27216,,2022
GBPJPY,1,2022-06-14 06:00:00,2022-06-14 12:00:00,163.221,162.59933,162.59933,164.46433,0.1385,-62.2,-78.35,-78.67,6,stop_loss,44.38329,0.41444,-3.47787,-0.62838,,2022
GBPJPY,1,2022-06-14 23:00:00,2022-06-15 09:00:00,162.004,162.073,161.24974,163.51252,0.113,6.9,7.1,6.78,10,time_exit,40.58365,0.50284,-3.18708,-1.90934,,2022
GBPJPY,-1,2022-06-16 05:00:00,2022-06-16 10:00:00,163.469,162.14022,164.13339,162.14022,0.1284,132.9,155.26,154.94,5,take_profit,23.84118,0.44293,1.14155,-2.4694,,2022
GBPJPY,-1,2022-06-16 20:00:00,2022-06-17 04:00:00,163.183,164.33199,164.33199,160.88502,0.0757,-114.9,-79.15,-79.47,8,stop_loss,24.99183,0.76599,0.58867,-1.44391,new_york,2022
GBPJPY,-1,2022-06-17 05:00:00,2022-06-17 10:00:00,164.308,165.25376,165.25376,162.41647,0.0911,-94.6,-78.4,-78.72,5,stop_loss,17.48519,0.63051,2.08516,-1.30405,,2022
GBPJPY,-1,2022-06-20 01:00:00,2022-06-20 11:00:00,165.016,165.034,165.81757,163.41286,0.1064,-1.8,-1.74,-2.06,10,time_exit,24.66835,0.53438,1.73572,0.10886,,2022
GBPJPY,1,2022-06-20 16:00:00,2022-06-21 02:00:00,165.469,165.47,164.80252,166.80196,0.1279,0.1,0.12,-0.2,10,time_exit,16.80182,0.44432,2.04604,0.85025,new_york,2022
GBPJPY,-1,2022-06-21 11:00:00,2022-06-21 13:00:00,166.289,166.77207,166.77207,165.32286,0.1765,-48.3,-77.59,-77.91,2,stop_loss,16.50207,0.32205,3.59973,2.18727,london,2022
GBPJPY,-1,2022-06-21 15:00:00,2022-06-21 21:00:00,167.072,167.61099,167.61099,165.99401,0.1566,-53.9,-76.81,-77.13,6,stop_loss,24.85506,0.35933,4.74833,2.37106,london,2022
GBPJPY,-1,2022-06-22 12:00:00,2022-06-22 17:00:00,166.474,167.0738,167.0738,165.27441,0.1393,-60.0,-76.03,-76.35,5,stop_loss,26.4846,0.39986,0.40383,3.27337,london,2022
GBPJPY,-1,2022-06-22 20:00:00,2022-06-23 05:00:00,167.099,165.77119,167.7629,165.77119,0.1246,132.8,150.55,150.24,9,take_profit,19.09687,0.4426,1.47312,2.95088,new_york,2022
GBPJPY,-1,2022-06-23 09:00:00,2022-06-23 10:00:00,166.229,165.00948,166.83876,165.00948,0.1384,122.0,153.59,153.27,1,take_profit,21.89611,0.40651,-0.63397,2.87153,london,2022
GBPJPY,1,2022-06-23 16:00:00,2022-06-24 02:00:00,165.249,165.282,164.50281,166.74138,0.1153,3.3,3.46,3.14,10,time_exit,27.85519,0.49746,-1.94683,1.79589,new_york,2022
GBPJPY,-1,2022-06-27 05:00:00,2022-06-27 09:00:00,165.309,165.89607,165.89607,164.13486,0.1466,-58.7,-78.32,-78.64,4,stop_loss,12.49615,0.39138,-1.20289,0.96344,,2022
GBPJPY,-1,2022-06-27 11:00:00,2022-06-27 21:00:00,166.43,166.246,167.01566,165.25868,0.1455,18.4,24.36,24.04,10,time_exit,12.47819,0.39044,1.66025,0.91749,london,2022
GBPJPY,-1,2022-06-28 01:00:00,2022-06-28 09:00:00,166.137,166.57513,166.57513,165.26073,0.1951,-43.8,-77.79,-78.11,8,stop_loss,18.82784,0.29209,0.64198,1.46311,,2022
GBPJPY,-1,2022-06-29 00:00:00,2022-06-29 10:00:00,165.826,165.885,166.28703,164.90394,0.1836,-5.9,-9.86,-10.18,10,time_exit,14.28603,0.30735,-0.71846,1.46064,,2022
GBPJPY,1,2022-06-29 16:00:00,2022-06-29 21:00:00,165.982,165.46117,165.46117,167.02366,0.1623,-52.1,-76.92,-77.24,5,stop_loss,11.33995,0.34722,-0.09729,0.90955,new_york,2022
GBPJPY,1,2022-06-30 02:00:00,2022-06-30 10:00:00,165.55,165.11394,165.11394,166.42212,0.1919,-43.6,-76.15,-76.47,8,stop_loss,12.15943,0.29071,-1.17285,0.66446,,2022
GBPJPY,-1,2022-07-01 09:00:00,2022-07-01 11:00:00,163.74,164.29985,164.29985,162.6203,0.148,-56.0,-75.4,-75.72,2,stop_loss,25.19518,0.37323,-4.00826,-0.8021,london,2022
GBPJPY,-1,2022-07-01 15:00:00,2022-07-01 21:00:00,162.898,163.58212,163.58212,161.52975,0.1199,-68.4,-74.64,-74.96,6,stop_loss,35.25006,0.45608,-4.31558,-1.20791,london,2022
GBPJPY,-1,2022-07-04 00:00:00,2022-07-04 10:00:00,163.772,164.215,164.48336,162.34927,0.1141,-44.3,-46.0,-46.32,10,time_exit,39.56255,0.47424,-1.60208,-1.88691,,2022
GBPJPY,1,2022-07-04 15:00:00,2022-07-05 01:00:00,164.464,164.34,163.87483,165.64233,0.1369,-12.4,-15.45,-15.77,10,time_exit,24.07076,0.39278,0.96093,-2.34536,london,2022
GBPJPY,1,2022-07-05 17:00:00,2022-07-05 18:00:00,162.286,161.63671,161.63671,163.58458,0.124,-64.9,-73.27,-73.58,1,stop_loss,30.15374,0.43286,-4.24448,-1.66386,new_york,2022
GBPJPY,1,2022-07-05 23:00:00,2022-07-06 04:00:00,162.359,161.72685,161.72685,163.62329,0.1261,-63.2,-72.54,-72.86,5,stop_loss,37.61748,0.42143,-3.1351,-2.36455,,2022
GBPJPY,-1,2022-07-07 00:00:00,2022-07-07 10:00:00,161.994,162.70398,162.70398,160.57404,0.1111,-71.0,-71.78,-72.1,10,stop_loss,22.68723,0.47332,-0.85115,-3.33807,,2022
GBPJPY,1,2022-07-07 13:00:00,2022-07-07 14:00:00,163.221,162.56179,162.56179,164.53941,0.1185,-65.9,-71.09,-71.4,1,stop_loss,17.79667,0.43947,1.87871,-3.20929,london,2022
GBPJPY,1,2022-07-07 17:00:00,2022-07-08 03:00:00,162.981,163.824,162.25851,164.42598,0.107,84.3,82.08,81.76,10,time_exit,18.6045,0.48166,1.0879,-2.736,new_york,2022
GBPJPY,1,2022-07-11 02:00:00,2022-07-11 12:00:00,163.752,163.649,163.17098,164.91405,0.1346,-10.3,-12.62,-12.93,10,time_exit,16.48154,0.38735,1.65488,-1.35356,,2022
GBPJPY,-1,2022-07-11 17:00:00,2022-07-12 03:00:00,163.542,163.2,164.17621,162.27358,0.1231,34.2,38.31,37.99,10,time_exit,13.54187,0.42281,0.12766,-0.46694,new_york,2022
GBPJPY,-1,2022-07-12 20:00:00,2022-07-13 06:00:00,162.797,163.36428,163.36428,161.66243,0.1383,-56.7,-71.39,-71.71,10,stop_loss,27.80775,0.37819,-0.55295,-1.27508,new_york,2022
GBPJPY,1,2022-07-15 04:00:00,2022-07-15 10:00:00,164.226,163.65261,163.65261,165.37278,0.1355,-57.3,-70.7,-71.02,6,stop_loss,17.05505,0.38226,1.00028,0.67861,,2022
GBPJPY,1,2022-07-15 18:00:00,2022-07-18 04:00:00,164.267,164.346,163.70217,165.39666,0.1362,7.9,9.79,9.47,10,time_exit,18.08311,0.37655,0.65705,0.91281,new_york,2022
GBPJPY,1,2022-07-19 02:00:00,2022-07-19 06:00:00,165.188,164.75275,164.75275,166.0585,0.1769,-43.5,-70.07,-70.38,4,stop_loss,25.93258,0.29017,1.55206,2.49824,,2022
GBPJPY,-1,2022-07-20 08:00:00,2022-07-20 15:00:00,165.996,165.17318,166.40741,165.17318,0.1853,82.3,138.75,138.43,7,take_profit,28.68209,0.27427,2.2772,3.5025,london,2022
GBPJPY,1,2022-07-20 15:00:00,2022-07-21 01:00:00,165.406,165.607,164.88191,166.45418,0.1484,20.1,27.14,26.83,10,time_exit,22.84097,0.34939,-0.19841,2.77276,london,2022
GBPJPY,1,2022-07-21 12:00:00,2022-07-21 16:00:00,165.546,165.06921,165.06921,166.49957,0.1637,-47.7,-71.03,-71.34,4,stop_loss,14.87072,0.31786,-0.04554,2.66038,london,2022
GBPJPY,1,2022-07-25 17:00:00,2022-07-26 03:00:00,164.784,164.515,164.23005,165.8919,0.1395,-26.9,-34.15,-34.47,10,time_exit,36.77835,0.3693,1.57074,-0.78762,new_york,2022
GBPJPY,1,2022-07-27 10:00:00,2022-07-27 20:00:00,164.986,165.246,164.57107,165.81586,0.1853,26.0,43.84,43.52,10,time_exit,26.55767,0.27662,1.48747,0.14904,london,2022
GBPJPY,-1,2022-07-27 20:00:00,2022-07-27 21:00:00,165.357,165.7652,165.7652,164.54061,0.1895,-40.8,-70.39,-70.71,1,stop_loss,25.55334,0.27213,2.28559,0.55946,new_york,2022
GBPJPY,1,2022-07-28 03:00:00,2022-07-28 04:00:00,165.542,165.0628,165.0628,166.50041,0.1598,-47.9,-69.68,-70.0,1,stop_loss,37.12096,0.31947,1.68047,1.04723,,2022
GBPJPY,-1,2022-07-28 06:00:00,2022-07-28 11:00:00,164.731,165.26828,165.26828,163.65643,0.1411,-53.7,-68.99,-69.31,5,stop_loss,33.43554,0.35819,-0.73877,0.8986,,2022
GBPJPY,-1,2022-07-28 17:00:00,2022-07-29 03:00:00,163.286,163.737,163.91314,162.03173,0.1197,-45.1,-49.13,-49.44,10,time_exit,27.04308,0.41809,-3.57746,0.32062,new_york,2022
GBPJPY,-1,2022-08-01 12:00:00,2022-08-01 22:00:00,161.864,161.345,162.44122,160.70956,0.1291,51.9,60.97,60.65,10,time_exit,37.74043,0.38481,-2.0155,-3.16304,london,2022
GBPJPY,-1,2022-08-03 04:00:00,2022-08-03 14:00:00,162.513,162.702,163.1719,161.19521,0.1141,-18.9,-19.62,-19.94,10,time_exit,30.04457,0.43926,2.41801,-3.41558,,2022
GBPJPY,1,2022-08-04 14:00:00,2022-08-04 15:00:00,163.445,162.92909,162.92909,164.47681,0.1453,-51.6,-68.21,-68.53,1,stop_loss,22.38558,0.34394,3.06535,-1.35706,london,2022
GBPJPY,1,2022-08-05 12:00:00,2022-08-05 17:00:00,161.621,162.69422,161.08439,162.69422,0.1383,107.3,135.07,134.75,5,take_profit,17.99697,0.35774,-1.02368,-1.77946,london,2022
GBPJPY,-1,2022-08-05 19:00:00,2022-08-08 05:00:00,163.188,163.292,163.82345,161.91711,0.1191,-10.4,-11.27,-11.59,10,time_exit,20.03983,0.42363,2.65914,-1.27131,new_york,2022
GBPJPY,1,2022-08-10 02:00:00,2022-08-10 12:00:00,163.124,163.147,162.74898,163.87404,0.2015,2.3,4.22,3.9,10,time_exit,7.85753,0.25001,0.36606,0.81853,,2022
GBPJPY,1,2022-08-11 22:00:00,2022-08-12 08:00:00,162.174,162.315,161.71442,163.09315,0.1645,14.1,21.11,20.79,10,time_exit,26.48379,0.30638,-0.80603,-0.86307,,2022
GBPJPY,1,2022-08-15 03:00:00,2022-08-15 08:00:00,161.675,161.30508,161.30508,162.41485,0.205,-37.0,-69.01,-69.33,5,stop_loss,9.83335,0.24662,-2.219,-1.36957,,2022
GBPJPY,1,2022-08-15 12:00:00,2022-08-15 15:00:00,161.036,160.59592,160.59592,161.91616,0.1706,-44.0,-68.32,-68.64,3,stop_loss,22.0838,0.29339,-3.1885,-1.64901,london,2022
GBPJPY,1,2022-08-18 01:00:00,2022-08-18 09:00:00,162.751,162.28436,162.28436,163.68428,0.1593,-46.7,-67.65,-67.96,8,stop_loss,33.01055,0.31109,1.22691,0.42484,,2022
GBPJPY,-1,2022-08-18 11:00:00,2022-08-18 12:00:00,162.717,163.15609,163.15609,161.83882,0.1676,-43.9,-66.97,-67.29,1,stop_loss,21.14894,0.29273,0.89354,0.55525,london,2022
GBPJPY,1,2022-08-19 15:00:00,2022-08-19 18:00:00,162.144,161.67233,161.67233,163.08733,0.1544,-47.2,-66.27,-66.59,3,stop_loss,21.55957,0.31444,-0.62421,0.15603,london,2022
GBPJPY,-1,2022-08-22 21:00:00,2022-08-23 07:00:00,161.566,161.492,162.06593,160.56615,0.1442,7.4,9.71,9.39,10,time_exit,23.07559,0.33328,-1.35925,-0.5175,new_york,2022
GBPJPY,-1,2022-08-25 11:00:00,2022-08-25 21:00:00,161.608,161.367,161.95665,160.9107,0.2071,24.1,45.42,45.1,10,time_exit,17.14836,0.23243,-0.07541,-1.22069,london,2022
GBPJPY,1,2022-08-26 09:00:00,2022-08-26 13:00:00,161.539,162.133,161.242,162.133,0.2448,59.4,132.32,132.01,4,take_profit,10.05928,0.198,-0.14537,-1.33321,london,2022
GBPJPY,1,2022-08-26 18:00:00,2022-08-26 19:00:00,161.88,161.41511,161.41511,162.80977,0.1595,-46.5,-67.48,-67.79,1,stop_loss,15.31117,0.30992,0.71868,-0.56349,new_york,2022
GBPJPY,-1,2022-08-26 23:00:00,2022-08-29 03:00:00,161.3,161.74693,161.74693,160.40613,0.1643,-44.7,-66.82,-67.14,4,stop_loss,12.33065,0.29796,-1.02997,-0.68876,,2022
GBPJPY,-1,2022-08-29 06:00:00,2022-08-29 10:00:00,161.643,162.04817,162.04817,160.83267,0.1794,-40.5,-66.14,-66.46,4,stop_loss,14.91791,0.27011,0.20479,-0.76357,,2022
GBPJPY,-1,2022-08-30 08:00:00,2022-08-30 10:00:00,162.101,162.45785,162.45785,161.3873,0.2016,-35.7,-65.47,-65.78,2,stop_loss,24.92622,0.2379,0.44921,0.45954,london,2022
GBPJPY,-1,2022-08-30 14:00:00,2022-08-31 00:00:00,161.981,161.699,162.3706,161.20179,0.1828,28.2,46.91,46.59,10,time_exit,22.16415,0.25974,-0.25596,0.54539,london,2022
GBPJPY,1,2022-09-01 01:00:00,2022-09-01 11:00:00,161.535,161.456,161.11991,162.36518,0.1728,-7.9,-12.42,-12.74,10,time_exit,21.42016,0.27673,-0.27355,-0.63814,,2022
GBPJPY,-1,2022-09-02 18:00:00,2022-09-02 20:00:00,162.214,161.21759,162.7122,161.21759,0.1437,99.6,130.3,129.98,2,take_profit,20.99474,0.33214,1.24315,0.05612,new_york,2022
GBPJPY,1,2022-09-05 10:00:00,2022-09-05 20:00:00,161.073,161.863,160.61832,161.98235,0.1606,79.0,115.46,115.14,10,time_exit,37.88188,0.30312,-1.40014,-0.6509,london,2022
GBPJPY,-1,2022-09-06 11:00:00,2022-09-06 12:00:00,163.959,164.47431,164.47431,162.92838,0.1442,-51.5,-67.62,-67.94,1,stop_loss,36.82278,0.34354,5.50111,0.72896,london,2022
GBPJPY,1,2022-09-06 16:00:00,2022-09-07 02:00:00,164.402,164.783,163.82492,165.55615,0.1274,38.1,44.17,43.85,10,time_exit,50.05085,0.38472,5.05829,1.35476,new_york,2022
GBPJPY,1,2022-09-08 20:00:00,2022-09-09 06:00:00,165.478,165.835,164.88017,166.67367,0.1238,35.7,40.22,39.9,10,time_exit,19.44598,0.39856,0.86723,4.49596,new_york,2022
GBPJPY,1,2022-09-09 19:00:00,2022-09-12 05:00:00,165.224,165.845,164.63777,166.39647,0.127,62.1,71.77,71.45,10,time_exit,20.83809,0.39082,-0.1386,3.85412,new_york,2022
GBPJPY,1,2022-09-12 07:00:00,2022-09-12 10:00:00,165.977,166.96644,165.48228,166.96644,0.1521,98.9,136.95,136.63,3,take_profit,14.14363,0.32981,1.74027,4.31984,london,2022
GBPJPY,1,2022-09-15 09:00:00,2022-09-15 12:00:00,165.291,164.85588,164.85588,166.16125,0.1764,-43.5,-69.85,-70.17,3,stop_loss,28.2943,0.29008,-1.16401,2.0877,london,2022
GBPJPY,1,2022-09-15 17:00:00,2022-09-16 00:00:00,164.911,164.42715,164.42715,165.8787,0.157,-48.4,-69.13,-69.45,7,stop_loss,25.35556,0.32257,-1.804,1.43999,new_york,2022
GBPJPY,-1,2022-09-20 14:00:00,2022-09-20 19:00:00,164.262,163.45648,164.66476,163.45648,0.1867,80.6,136.86,136.54,5,take_profit,16.06337,0.26851,1.7998,-2.08818,london,2022
GBPJPY,1,2022-09-21 16:00:00,2022-09-21 21:00:00,163.323,162.82356,162.82356,164.32188,0.1536,-49.9,-69.81,-70.13,5,stop_loss,21.54849,0.33296,-0.68979,-1.78117,new_york,2022
GBPJPY,-1,2022-09-23 09:00:00,2022-09-23 13:00:00,159.768,158.35667,160.47366,158.35667,0.1076,141.1,138.19,137.87,4,take_profit,36.40929,0.47044,-3.45805,-3.79755,london,2022
GBPJPY,-1,2022-09-26 23:00:00,2022-09-27 09:00:00,154.65,155.475,156.52312,150.90376,0.0414,-82.5,-31.08,-31.4,10,time_exit,35.41005,1.24875,-1.30128,-3.50002,,2022
GBPJPY,1,2022-09-27 10:00:00,2022-09-27 20:00:00,155.496,154.867,154.19297,158.10206,0.0592,-62.9,-33.89,-34.2,10,time_exit,19.71633,0.86869,-0.56258,-4.75299,london,2022
GBPJPY,-1,2022-09-27 23:00:00,2022-09-28 09:00:00,155.24,154.114,156.2838,153.15239,0.0735,112.6,75.31,74.99,10,time_exit,14.97433,0.69587,-0.79674,-5.38753,,2022
GBPJPY,-1,2022-09-28 15:00:00,2022-09-28 16:00:00,153.126,154.39275,154.39275,150.5925,0.0612,-126.7,-70.55,-70.87,1,stop_loss,20.71391,0.8445,-2.40178,-4.30798,london,2022
GBPJPY,-1,2022-09-30 08:00:00,2022-09-30 11:00:00,160.58,161.61921,161.61921,158.50158,0.0739,-103.9,-69.89,-70.2,3,stop_loss,52.13615,0.69281,3.66389,-0.72915,london,2022
GBPJPY,-1,2022-10-03 18:00:00,2022-10-04 03:00:00,162.943,163.9751,163.9751,160.87879,0.0736,-103.2,-69.13,-69.44,9,stop_loss,32.27112,0.68807,3.0815,2.02663,new_york,2022
GBPJPY,-1,2022-10-04 14:00:00,2022-10-04 17:00:00,164.197,164.99136,164.99136,162.60827,0.0947,-79.4,-68.46,-68.77,3,stop_loss,48.30322,0.52958,3.08974,4.37828,london,2022
GBPJPY,1,2022-10-04 23:00:00,2022-10-05 03:00:00,165.299,164.52076,164.52076,166.85548,0.0957,-77.8,-67.77,-68.09,4,stop_loss,44.37042,0.51883,3.88808,5.08432,,2022
GBPJPY,-1,2022-10-05 06:00:00,2022-10-05 09:00:00,164.759,165.46869,165.46869,163.33962,0.1039,-71.0,-67.1,-67.42,3,stop_loss,34.94159,0.47313,2.24148,5.83171,,2022
GBPJPY,-1,2022-10-06 09:00:00,2022-10-06 13:00:00,164.052,162.81356,164.67122,162.81356,0.1179,123.8,132.87,132.55,4,take_profit,16.73646,0.41281,0.33602,5.43576,london,2022
GBPJPY,1,2022-10-06 13:00:00,2022-10-06 16:00:00,163.161,162.46585,162.46585,164.55131,0.1071,-69.5,-67.75,-68.07,3,stop_loss,16.44026,0.46344,-1.50886,4.54366,london,2022
GBPJPY,-1,2022-10-06 21:00:00,2022-10-07 07:00:00,162.193,161.758,163.00106,160.57687,0.0912,43.5,36.1,35.78,10,time_exit,28.485,0.53871,-2.30268,3.03384,new_york,2022
GBPJPY,1,2022-10-07 10:00:00,2022-10-07 20:00:00,161.569,161.195,160.92858,162.84983,0.1157,-37.4,-39.38,-39.7,10,time_exit,32.1792,0.42694,-2.85923,2.31926,london,2022
GBPJPY,-1,2022-10-10 00:00:00,2022-10-10 10:00:00,161.014,161.03,161.70342,159.63517,0.1069,-1.6,-1.56,-1.87,10,time_exit,37.98837,0.45961,-2.20148,1.04692,,2022
GBPJPY,1,2022-10-10 17:00:00,2022-10-11 03:00:00,160.865,161.505,160.21096,162.17309,0.1126,64.0,65.58,65.26,10,time_exit,30.98,0.43603,-1.81069,-0.01417,new_york,2022
GBPJPY,1,2022-10-11 06:00:00,2022-10-11 16:00:00,160.831,161.229,160.25602,161.98097,0.1293,39.8,46.83,46.51,10,time_exit,17.84001,0.38332,-1.57898,-0.41351,,2022
GBPJPY,-1,2022-10-12 08:00:00,2022-10-12 11:00:00,160.77,161.60115,161.60115,159.10769,0.0901,-83.1,-68.15,-68.47,3,stop_loss,20.99127,0.5541,-0.36873,-0.78651,london,2022
GBPJPY,-1,2022-10-17 19:00:00,2022-10-18 05:00:00,169.897,168.965,170.83274,168.02551,0.0792,93.2,67.17,66.85,10,time_exit,43.81364,0.62383,5.15666,4.51196,new_york,2022
GBPJPY,-1,2022-10-18 21:00:00,2022-10-19 07:00:00,168.908,169.077,169.73068,167.26264,0.091,-16.9,-13.99,-14.31,10,time_exit,20.3588,0.54845,1.47676,5.60193,new_york,2022
GBPJPY,1,2022-10-19 07:00:00,2022-10-19 09:00:00,169.106,168.52504,168.52504,170.26792,0.1286,-58.1,-67.99,-68.31,2,stop_loss,15.21738,0.38731,1.78456,7.76539,london,2022
GBPJPY,-1,2022-10-19 13:00:00,2022-10-19 23:00:00,168.602,168.148,169.20221,167.40159,0.1232,45.4,50.9,50.58,10,time_exit,16.77019,0.40014,0.36312,7.16035,london,2022
GBPJPY,-1,2022-10-20 06:00:00,2022-10-20 07:00:00,167.943,168.45134,168.45134,166.92632,0.1466,-50.8,-67.82,-68.13,1,stop_loss,20.98274,0.33889,-0.9836,6.7519,,2022
GBPJPY,1,2022-10-21 08:00:00,2022-10-21 12:00:00,168.373,167.83226,167.83226,169.45447,0.1364,-54.1,-67.12,-67.44,4,stop_loss,14.54526,0.36049,-0.0493,5.11632,london,2022
GBPJPY,1,2022-10-21 22:00:00,2022-10-24 00:00:00,166.144,168.70518,164.86341,168.70518,0.057,256.1,132.85,132.53,2,take_profit,18.86439,0.85373,-2.12557,1.56196,,2022
GBPJPY,-1,2022-10-24 01:00:00,2022-10-24 02:00:00,168.712,165.8895,170.12325,165.8895,0.0528,282.3,135.62,135.3,1,take_profit,19.22901,0.94083,0.73356,1.32514,,2022
GBPJPY,-1,2022-10-24 08:00:00,2022-10-24 18:00:00,168.952,167.984,170.46443,165.92714,0.0502,96.8,44.22,43.9,10,time_exit,18.40662,1.00829,0.86391,1.24444,london,2022
GBPJPY,1,2022-10-25 02:00:00,2022-10-25 12:00:00,168.373,168.591,167.47978,170.15944,0.0856,21.8,16.98,16.66,10,time_exit,19.2165,0.59548,0.18589,1.94601,,2022
GBPJPY,-1,2022-10-26 02:00:00,2022-10-26 10:00:00,169.698,170.32221,170.32221,168.44958,0.1228,-62.4,-69.75,-70.07,8,stop_loss,25.95673,0.41614,2.18164,3.08454,,2022
GBPJPY,-1,2022-10-26 16:00:00,2022-10-27 02:00:00,170.177,170.021,170.79939,168.93222,0.1219,15.6,17.3,16.99,10,time_exit,30.11108,0.41493,2.11809,3.53944,new_york,2022
GBPJPY,-1,2022-10-27 10:00:00,2022-10-27 12:00:00,168.827,169.36919,169.36919,167.74262,0.1402,-54.2,-69.17,-69.49,2,stop_loss,22.21008,0.36146,-1.96551,3.83235,london,2022
GBPJPY,-1,2022-10-28 19:00:00,2022-10-31 03:00:00,170.889,171.51602,171.51602,169.63495,0.1201,-62.7,-68.53,-68.85,8,stop_loss,22.41956,0.41802,2.9395,2.65458,new_york,2022
GBPJPY,1,2022-11-01 04:00:00,2022-11-01 10:00:00,170.752,170.25868,170.25868,171.73865,0.1511,-49.3,-67.83,-68.15,6,stop_loss,23.63002,0.32888,0.25275,4.23548,,2022
GBPJPY,-1,2022-11-03 07:00:00,2022-11-03 11:00:00,168.113,167.08362,168.62769,167.08362,0.1433,102.9,134.23,133.92,4,take_profit,51.28706,0.34313,-3.33987,-0.16759,london,2022
GBPJPY,-1,2022-11-09 09:00:00,2022-11-09 11:00:00,167.985,167.01915,168.46792,167.01915,0.1558,96.6,136.94,136.62,2,take_profit,17.16685,0.32195,0.19517,-0.67816,london,2022
GBPJPY,1,2022-11-10 18:00:00,2022-11-10 23:00:00,165.362,164.63468,164.63468,166.81663,0.1055,-72.7,-69.83,-70.14,5,stop_loss,29.16341,0.48488,-3.14529,-1.67221,new_york,2022
GBPJPY,-1,2022-11-11 02:00:00,2022-11-11 12:00:00,165.738,164.06079,166.5766,164.06079,0.0906,167.7,138.28,137.96,10,take_profit,30.06595,0.55907,-1.39347,-1.80431,,2022
GBPJPY,-1,2022-11-11 12:00:00,2022-11-11 22:00:00,164.618,164.248,165.40233,163.04934,0.0988,37.0,33.27,32.95,10,time_exit,26.67165,0.52289,-3.03154,-2.18093,london,2022
GBPJPY,-1,2022-11-15 12:00:00,2022-11-15 14:00:00,164.79,165.46103,165.46103,163.44793,0.116,-67.1,-70.83,-71.15,2,stop_loss,15.37012,0.44736,-0.43081,-2.97506,london,2022
GBPJPY,1,2022-11-16 05:00:00,2022-11-16 15:00:00,166.081,165.946,165.32925,167.5845,0.1025,-13.5,-12.59,-12.91,10,time_exit,17.37971,0.50117,1.77022,-1.94541,,2022
GBPJPY,-1,2022-11-18 05:00:00,2022-11-18 10:00:00,166.475,166.96815,166.96815,165.48871,0.156,-49.3,-70.01,-70.33,5,stop_loss,14.86912,0.32876,1.59198,-0.48992,,2022
GBPJPY,-1,2022-11-18 17:00:00,2022-11-18 18:00:00,166.342,166.8841,166.8841,165.2578,0.1405,-54.2,-69.31,-69.63,1,stop_loss,21.61976,0.3614,0.43272,0.05867,new_york,2022
GBPJPY,-1,2022-11-18 23:00:00,2022-11-21 09:00:00,166.844,166.471,167.35357,165.82486,0.1479,37.3,50.2,49.88,10,time_exit,21.66845,0.33971,1.58775,0.32674,,2022
GBPJPY,-1,2022-11-21 23:00:00,2022-11-22 09:00:00,167.938,168.005,168.39116,167.03167,0.1676,-6.7,-10.22,-10.54,10,time_exit,26.53169,0.30211,3.69075,1.47387,,2022
GBPJPY,1,2022-11-22 21:00:00,2022-11-23 07:00:00,167.888,168.006,167.49178,168.68045,0.1914,11.8,20.55,20.23,10,time_exit,18.47837,0.26415,1.66681,2.91862,new_york,2022
GBPJPY,-1,2022-11-25 13:00:00,2022-11-25 23:00:00,168.709,168.267,169.18065,167.76571,0.1612,44.2,64.84,64.52,10,time_exit,18.52613,0.31443,2.45534,2.01179,london,2022
GBPJPY,1,2022-11-28 01:00:00,2022-11-28 03:00:00,168.051,167.58824,167.58824,168.97651,0.1659,-46.3,-69.86,-70.18,2,stop_loss,13.58278,0.3085,-0.20242,2.10168,,2022
GBPJPY,-1,2022-11-28 12:00:00,2022-11-28 14:00:00,166.521,167.10584,167.10584,165.35133,0.1299,-58.5,-69.13,-69.45,2,stop_loss,31.58347,0.38989,-2.93289,0.7787,london,2022
GBPJPY,-1,2022-11-28 15:00:00,2022-11-28 21:00:00,167.213,166.02531,167.80684,166.02531,0.1267,118.8,136.94,136.62,6,take_profit,31.01787,0.3959,-0.96211,0.59245,london,2022
GBPJPY,-1,2022-11-29 15:00:00,2022-11-30 01:00:00,166.023,165.753,166.64003,164.78894,0.1243,27.0,30.54,30.22,10,time_exit,28.10379,0.41135,-1.77828,-0.91162,london,2022
GBPJPY,1,2022-12-01 03:00:00,2022-12-01 07:00:00,165.556,164.89322,164.89322,166.88157,0.1163,-66.3,-70.14,-70.46,4,stop_loss,14.95678,0.44186,-1.80593,-1.11648,,2022
GBPJPY,1,2022-12-02 18:00:00,2022-12-05 00:00:00,165.488,164.8379,164.8379,166.7882,0.1173,-65.0,-69.39,-69.71,6,stop_loss,20.92906,0.4334,-0.1762,-1.89219,new_york,2022
GBPJPY,-1,2022-12-06 19:00:00,2022-12-07 05:00:00,166.765,166.469,167.39041,165.51418,0.1207,29.6,32.51,32.19,10,time_exit,15.1937,0.41694,1.04305,-0.04696,new_york,2022
GBPJPY,-1,2022-12-07 08:00:00,2022-12-07 10:00:00,166.639,167.1183,167.1183,165.6804,0.1583,-47.9,-69.04,-69.36,2,stop_loss,10.97818,0.31953,0.91171,-0.00333,london,2022
GBPJPY,-1,2022-12-07 17:00:00,2022-12-08 03:00:00,166.827,166.767,167.3916,165.69779,0.133,6.0,7.26,6.94,10,time_exit,21.5079,0.3764,0.76251,0.37732,new_york,2022
GBPJPY,1,2022-12-08 05:00:00,2022-12-08 13:00:00,166.876,166.37588,166.37588,167.87624,0.1503,-50.0,-68.4,-68.72,8,stop_loss,12.49989,0.33341,0.86989,0.45993,,2022
GBPJPY,1,2022-12-08 23:00:00,2022-12-09 03:00:00,167.275,166.82211,166.82211,168.18079,0.1643,-45.3,-67.71,-68.03,4,stop_loss,13.18315,0.30193,1.74576,0.81167,,2022
GBPJPY,1,2022-12-09 09:00:00,2022-12-09 15:00:00,166.764,166.34278,166.34278,167.60644,0.1749,-42.1,-67.04,-67.36,6,stop_loss,11.17133,0.28081,-0.22761,0.97539,london,2022
GBPJPY,1,2022-12-09 21:00:00,2022-12-12 07:00:00,167.468,167.514,166.9124,168.5792,0.1313,4.6,5.5,5.18,10,time_exit,18.79418,0.3704,1.33467,0.94528,new_york,2022
GBPJPY,-1,2022-12-13 07:00:00,2022-12-13 15:00:00,168.908,167.97204,169.37598,167.97204,0.156,93.6,132.87,132.55,8,take_profit,22.67624,0.31199,2.88457,2.98848,london,2022
GBPJPY,-1,2022-12-13 17:00:00,2022-12-14 03:00:00,167.655,167.465,168.29348,166.37805,0.1166,19.0,20.16,19.84,10,time_exit,23.35065,0.42565,-1.34397,2.32964,new_york,2022
GBPJPY,1,2022-12-19 10:00:00,2022-12-19 18:00:00,165.605,166.72253,165.04623,166.72253,0.1336,111.8,135.87,135.55,8,take_profit,22.68337,0.37251,-3.12971,-1.16469,london,2022
GBPJPY,1,2022-12-20 23:00:00,2022-12-21 09:00:00,160.388,160.516,159.31888,162.52625,0.0712,12.8,8.29,7.97,10,time_exit,44.66762,0.71275,-4.33784,-3.54036,,2022
GBPJPY,1,2022-12-21 14:00:00,2022-12-22 00:00:00,159.509,159.851,158.73549,161.05602,0.0986,34.2,30.69,30.37,10,time_exit,36.89061,0.51567,-4.98037,-6.10731,london,2022
GBPJPY,1,2022-12-23 08:00:00,2022-12-23 18:00:00,159.669,160.0,159.19224,160.62252,0.1606,33.1,48.37,48.06,10,time_exit,18.27782,0.31784,-1.08281,-10.30794,london,2022
GBPJPY,-1,2022-12-23 20:00:00,2022-12-27 02:00:00,160.113,160.59528,160.59528,159.14845,0.1599,-48.2,-70.18,-70.49,6,stop_loss,24.67635,0.32152,0.31544,-9.04186,new_york,2022
GBPJPY,-1,2022-12-28 16:00:00,2022-12-28 17:00:00,161.705,162.14007,162.14007,160.83486,0.1755,-43.5,-69.48,-69.8,1,stop_loss,41.29517,0.29005,3.31903,-4.85083,new_york,2022
GBPJPY,-1,2022-12-28 23:00:00,2022-12-29 09:00:00,161.608,161.005,162.07278,160.67845,0.1626,60.3,89.22,88.9,10,time_exit,42.52106,0.30985,2.06295,-3.71636,,2022
GBPJPY,1,2022-12-29 14:00:00,2022-12-29 15:00:00,160.907,160.46675,160.46675,161.7875,0.1739,-44.0,-69.67,-69.99,1,stop_loss,23.13246,0.2935,-0.31754,-3.29512,london,2022
GBPJPY,-1,2022-12-30 21:00:00,2022-12-30 22:00:00,157.932,158.58654,158.58654,156.62292,0.1158,-65.5,-68.97,-69.29,1,stop_loss,50.37592,0.43636,-4.43614,-3.36988,new_york,2022
GBPJPY,1,2023-01-04 06:00:00,2023-01-04 16:00:00,156.637,157.79362,156.05869,157.79362,0.1297,115.7,136.51,136.19,10,take_profit,19.63593,0.38554,-1.49641,-5.96423,,2023
GBPJPY,1,2023-01-04 21:00:00,2023-01-05 02:00:00,159.813,159.1212,159.1212,161.19659,0.1106,-69.2,-69.63,-69.94,5,stop_loss,34.44067,0.4612,4.85072,-3.71325,new_york,2023
GBPJPY,-1,2023-01-05 14:00:00,2023-01-05 15:00:00,159.24,159.79514,159.79514,158.12973,0.1364,-55.5,-68.91,-69.22,1,stop_loss,33.81088,0.37009,2.09021,-2.26247,london,2023
GBPJPY,-1,2023-01-05 23:00:00,2023-01-06 03:00:00,158.833,159.37648,159.37648,157.74604,0.138,-54.3,-68.25,-68.57,4,stop_loss,27.74831,0.36232,0.59136,-1.81148,,2023
GBPJPY,1,2023-01-06 08:00:00,2023-01-06 12:00:00,159.704,159.18131,159.18131,160.74938,0.142,-52.3,-67.54,-67.86,4,stop_loss,27.46106,0.34846,2.479,-1.27529,london,2023
GBPJPY,-1,2023-01-09 10:00:00,2023-01-09 11:00:00,160.523,161.05759,161.05759,159.45383,0.1375,-53.5,-66.89,-67.21,1,stop_loss,14.50134,0.35639,3.15643,0.08847,london,2023
GBPJPY,1,2023-01-09 13:00:00,2023-01-09 23:00:00,160.652,160.695,160.09022,161.77557,0.1295,4.3,5.07,4.75,10,time_exit,20.435,0.37452,2.93008,0.38848,london,2023
GBPJPY,-1,2023-01-10 10:00:00,2023-01-10 20:00:00,160.651,160.843,161.10979,159.73342,0.1587,-19.2,-27.73,-28.05,10,time_exit,21.66907,0.30586,1.73321,1.59598,london,2023
GBPJPY,-1,2023-01-11 03:00:00,2023-01-11 13:00:00,160.819,160.816,161.22915,159.9987,0.1767,0.3,0.48,0.16,10,time_exit,17.17039,0.27343,1.62998,2.14941,,2023
GBPJPY,-1,2023-01-12 12:00:00,2023-01-12 15:00:00,159.461,158.49588,159.94356,158.49588,0.1502,96.5,131.91,131.6,3,take_profit,31.35877,0.32171,-2.96104,1.30091,london,2023
GBPJPY,1,2023-01-13 06:00:00,2023-01-13 08:00:00,157.508,156.93856,156.93856,158.64689,0.1298,-56.9,-67.26,-67.58,2,stop_loss,58.50995,0.37963,-4.40751,-1.31261,,2023
GBPJPY,-1,2023-01-17 09:00:00,2023-01-17 11:00:00,156.902,157.34334,157.34334,156.01933,0.1658,-44.1,-66.59,-66.91,2,stop_loss,19.09595,0.29422,-0.42446,-4.89312,london,2023
GBPJPY,-1,2023-01-17 16:00:00,2023-01-18 02:00:00,157.697,158.117,158.22604,156.63892,0.137,-42.0,-52.36,-52.68,10,time_exit,27.67731,0.35269,1.61609,-3.61239,new_york,2023
GBPJPY,-1,2023-01-20 01:00:00,2023-01-20 03:00:00,159.09,159.55536,159.55536,158.15929,0.1545,-46.5,-65.43,-65.75,2,stop_loss,18.90577,0.31024,1.45908,0.15811,,2023
GBPJPY,1,2023-01-23 02:00:00,2023-01-23 08:00:00,160.516,161.45012,160.04894,161.45012,0.1523,93.4,129.46,129.14,6,take_profit,35.48936,0.31137,2.65408,2.46118,,2023
GBPJPY,-1,2023-01-23 22:00:00,2023-01-24 08:00:00,161.579,161.299,162.03789,160.66121,0.1581,28.0,40.28,39.97,10,time_exit,35.63328,0.30593,3.41742,3.93681,,2023
GBPJPY,1,2023-01-25 00:00:00,2023-01-25 10:00:00,160.439,160.408,159.94868,161.41964,0.1489,-3.1,-4.2,-4.52,10,time_exit,22.48132,0.32688,-0.1622,3.06406,,2023
GBPJPY,-1,2023-01-25 16:00:00,2023-01-25 20:00:00,160.049,160.5625,160.5625,159.022,0.1421,-51.3,-66.4,-66.72,4,stop_loss,22.40251,0.34233,-1.39102,2.15713,new_york,2023
GBPJPY,1,2023-01-25 23:00:00,2023-01-26 03:00:00,160.668,160.18722,160.18722,161.62956,0.1502,-48.1,-65.71,-66.03,4,stop_loss,22.49795,0.32052,0.50163,2.10964,,2023
GBPJPY,-1,2023-01-26 04:00:00,2023-01-26 10:00:00,160.351,160.79328,160.79328,159.46644,0.1617,-44.2,-65.08,-65.4,6,stop_loss,21.56414,0.29485,-0.50333,2.15867,,2023
GBPJPY,-1,2023-01-26 10:00:00,2023-01-26 15:00:00,160.672,161.10613,161.10613,159.80375,0.1631,-43.4,-64.43,-64.75,5,stop_loss,19.78818,0.28942,0.68177,2.02497,london,2023
GBPJPY,1,2023-01-26 23:00:00,2023-01-27 01:00:00,161.687,161.22594,161.22594,162.60912,0.152,-46.1,-63.77,-64.09,2,stop_loss,30.82079,0.30737,2.99667,2.33779,,2023
GBPJPY,-1,2023-01-27 17:00:00,2023-01-30 02:00:00,160.854,161.30711,161.30711,159.94778,0.1531,-45.3,-63.13,-63.45,9,stop_loss,19.47595,0.30207,0.10747,2.07349,new_york,2023
GBPJPY,-1,2023-01-31 06:00:00,2023-01-31 15:00:00,160.763,160.04178,161.12361,160.04178,0.1904,72.1,124.96,124.64,9,take_profit,13.61022,0.24041,-0.88336,2.22395,,2023
GBPJPY,1,2023-01-31 19:00:00,2023-02-01 02:00:00,160.406,159.96058,159.96058,161.29685,0.1572,-44.5,-63.72,-64.04,7,stop_loss,28.90528,0.29695,-1.20973,1.07535,new_york,2023
GBPJPY,-1,2023-02-02 07:00:00,2023-02-02 10:00:00,159.146,159.55972,159.55972,158.31856,0.1676,-41.4,-63.1,-63.42,3,stop_loss,32.61317,0.27581,-2.73081,-1.22921,london,2023
GBPJPY,-1,2023-02-03 19:00:00,2023-02-06 00:00:00,158.233,158.83595,158.83595,157.0271,0.1138,-60.3,-62.44,-62.76,5,stop_loss,38.9832,0.40197,0.13997,-3.24892,new_york,2023
GBPJPY,1,2023-02-06 07:00:00,2023-02-06 17:00:00,158.803,159.587,158.20661,159.99578,0.1139,78.4,81.26,80.94,10,time_exit,41.69936,0.39759,1.06517,-2.54701,london,2023
GBPJPY,1,2023-02-08 06:00:00,2023-02-08 16:00:00,158.066,158.553,157.6447,158.90859,0.1634,48.7,72.41,72.1,10,time_exit,43.32469,0.28086,-1.30437,-2.4332,,2023
GBPJPY,-1,2023-02-08 18:00:00,2023-02-09 04:00:00,158.779,158.77,159.1822,157.9726,0.1727,0.9,1.41,1.1,10,time_exit,27.81949,0.2688,1.40069,-2.35534,new_york,2023
GBPJPY,-1,2023-02-09 13:00:00,2023-02-09 20:00:00,158.978,159.42586,159.42586,158.08229,0.1555,-44.8,-63.37,-63.69,7,stop_loss,19.03829,0.29857,1.37459,-1.33818,london,2023
GBPJPY,-1,2023-02-09 20:00:00,2023-02-10 06:00:00,159.239,159.284,159.65593,158.40514,0.1654,-4.5,-6.77,-7.09,10,time_exit,15.85013,0.27795,1.89487,-0.97793,new_york,2023
GBPJPY,1,2023-02-13 09:00:00,2023-02-13 14:00:00,159.33,160.16683,158.91158,160.16683,0.1646,83.7,125.35,125.03,5,take_profit,15.80149,0.27894,2.007,-0.58809,london,2023
GBPJPY,-1,2023-02-16 05:00:00,2023-02-16 15:00:00,161.181,160.949,161.60054,160.34193,0.1674,23.2,35.34,35.02,10,time_exit,18.70944,0.27969,0.39695,3.79918,,2023
GBPJPY,1,2023-02-17 03:00:00,2023-02-17 13:00:00,160.578,161.158,160.21157,161.31087,0.1927,58.0,101.71,101.39,10,time_exit,24.29074,0.24429,-1.67163,3.2374,,2023
GBPJPY,-1,2023-02-21 10:00:00,2023-02-21 11:00:00,161.709,161.97893,161.97893,161.16914,0.2658,-27.0,-65.29,-65.61,1,stop_loss,17.22138,0.17995,1.59364,3.98243,london,2023
GBPJPY,-1,2023-02-23 06:00:00,2023-02-23 16:00:00,162.58,162.615,162.89712,161.94576,0.224,-3.5,-7.13,-7.45,10,time_exit,31.60579,0.21141,-0.08344,5.18906,,2023
GBPJPY,1,2023-02-24 04:00:00,2023-02-24 14:00:00,161.946,162.466,161.49801,162.84199,0.1583,52.0,74.91,74.59,10,time_exit,36.88164,0.29866,-1.21559,2.26845,,2023
GBPJPY,1,2023-02-24 18:00:00,2023-02-27 04:00:00,162.864,162.817,162.36812,163.85576,0.1447,-4.7,-6.19,-6.51,10,time_exit,28.28946,0.33059,1.65816,1.80814,new_york,2023
GBPJPY,-1,2023-02-27 04:00:00,2023-02-27 11:00:00,162.852,163.25196,163.25196,162.05208,0.1792,-40.0,-65.22,-65.54,7,stop_loss,16.05044,0.26664,1.23575,2.58214,,2023
GBPJPY,-1,2023-02-28 03:00:00,2023-02-28 10:00:00,164.273,164.64868,164.64868,163.52164,0.1889,-37.6,-64.58,-64.9,7,stop_loss,43.29149,0.25045,4.1599,4.14075,,2023
GBPJPY,1,2023-03-02 03:00:00,2023-03-02 10:00:00,163.789,163.32919,163.32919,164.70862,0.1528,-46.0,-63.94,-64.25,7,stop_loss,19.97442,0.30654,-0.07395,2.93652,,2023
GBPJPY,1,2023-03-02 21:00:00,2023-03-03 07:00:00,163.377,163.504,162.95886,164.21328,0.1663,12.7,19.22,18.9,10,time_exit,20.73683,0.27876,-1.04489,2.32607,new_york,2023
GBPJPY,1,2023-03-06 14:00:00,2023-03-06 16:00:00,163.38,162.99058,162.99058,164.15883,0.1791,-38.9,-63.47,-63.79,2,stop_loss,18.8086,0.25961,-0.28232,1.17763,london,2023
GBPJPY,-1,2023-03-06 20:00:00,2023-03-07 06:00:00,163.66,163.839,164.05479,162.87042,0.1749,-17.9,-28.49,-28.81,10,time_exit,15.84213,0.26319,0.78022,1.09989,new_york,2023
GBPJPY,1,2023-03-07 10:00:00,2023-03-07 11:00:00,163.559,163.2383,163.2383,164.20041,0.2143,-32.1,-62.54,-62.86,1,stop_loss,11.72629,0.2138,0.16658,1.39944,london,2023
GBPJPY,-1,2023-03-07 20:00:00,2023-03-08 02:00:00,162.164,162.62571,162.62571,161.24057,0.1474,-46.2,-61.93,-62.25,6,stop_loss,21.29195,0.30781,-3.73596,0.39062,new_york,2023
GBPJPY,-1,2023-03-09 14:00:00,2023-03-09 16:00:00,162.019,162.3917,162.3917,161.2736,0.1807,-37.3,-61.29,-61.6,2,stop_loss,31.58183,0.24847,-1.82688,-1.72359,london,2023
GBPJPY,-1,2023-03-13 21:00:00,2023-03-14 07:00:00,162.137,162.715,163.06036,160.29028,0.0722,-57.8,-37.98,-38.29,10,time_exit,22.8743,0.61557,-0.13921,-0.74042,new_york,2023
GBPJPY,1,2023-03-14 07:00:00,2023-03-14 16:00:00,162.603,164.0599,161.87455,164.0599,0.091,145.7,120.65,120.33,9,take_profit,14.25347,0.48563,0.70176,-0.79146,london,2023
GBPJPY,-1,2023-03-15 11:00:00,2023-03-15 12:00:00,163.963,162.92078,164.48411,162.92078,0.1297,104.2,123.01,122.69,1,take_profit,19.68306,0.34741,2.78077,0.55456,london,2023
GBPJPY,1,2023-03-16 21:00:00,2023-03-17 07:00:00,161.821,161.638,160.78417,163.89465,0.0665,-18.3,-11.07,-11.39,10,time_exit,15.79461,0.69122,0.85784,-1.38327,new_york,2023
GBPJPY,1,2023-03-17 11:00:00,2023-03-17 14:00:00,161.793,161.16789,161.16789,163.04322,0.1101,-62.5,-62.63,-62.95,3,stop_loss,15.63847,0.41674,0.86704,-1.65579,london,2023
GBPJPY,-1,2023-03-21 06:00:00,2023-03-21 11:00:00,160.924,161.5566,161.5566,159.65881,0.1077,-63.3,-62.0,-62.32,5,stop_loss,13.03138,0.42173,-0.26645,-1.57034,,2023
GBPJPY,1,2023-03-27 08:00:00,2023-03-27 12:00:00,159.959,161.04007,159.41847,161.04007,0.1248,108.1,122.77,122.46,4,take_profit,22.52268,0.36036,-0.80365,-2.47367,london,2023
GBPJPY,-1,2023-03-27 17:00:00,2023-03-28 03:00:00,161.415,160.999,162.02794,160.18912,0.1122,41.6,42.47,42.16,10,time_exit,27.53754,0.40863,2.37105,-1.62235,new_york,2023
GBPJPY,-1,2023-03-28 23:00:00,2023-03-29 03:00:00,161.435,161.96143,161.96143,160.38213,0.1315,-52.6,-63.0,-63.31,4,stop_loss,14.70886,0.35096,1.14458,-0.36824,,2023
GBPJPY,-1,2023-03-29 13:00:00,2023-03-29 14:00:00,162.65,163.12058,163.12058,161.70884,0.1457,-47.1,-62.39,-62.71,1,stop_loss,24.66424,0.31372,3.54694,0.7779,london,2023
GBPJPY,-1,2023-03-29 16:00:00,2023-03-30 02:00:00,163.419,163.171,163.91857,162.41986,0.1358,24.8,30.65,30.33,10,time_exit,30.10358,0.33305,5.11078,1.11003,new_york,2023
GBPJPY,-1,2023-03-30 03:00:00,2023-03-30 11:00:00,163.163,163.59866,163.59866,162.29168,0.1565,-43.6,-62.04,-62.36,8,stop_loss,35.85006,0.29044,3.0033,2.55942,,2023
GBPJPY,1,2023-03-31 13:00:00,2023-03-31 17:00:00,164.981,164.39963,164.39963,166.14374,0.1161,-58.1,-61.42,-61.74,4,stop_loss,27.37029,0.38758,2.94735,3.92305,london,2023
GBPJPY,1,2023-04-04 13:00:00,2023-04-04 15:00:00,166.181,165.6868,165.6868,167.1694,0.1352,-49.4,-60.8,-61.12,2,stop_loss,21.30182,0.32947,5.12297,4.09775,london,2023
GBPJPY,-1,2023-04-10 15:00:00,2023-04-10 17:00:00,164.909,165.35347,165.35347,164.02007,0.1488,-44.4,-60.18,-60.5,2,stop_loss,21.49556,0.29631,2.50325,1.54111,london,2023
GBPJPY,1,2023-04-11 05:00:00,2023-04-11 15:00:00,165.525,165.472,165.15934,166.25633,0.1791,-5.3,-8.64,-8.96,10,time_exit,33.05931,0.24378,3.47977,3.08438,,2023
GBPJPY,1,2023-04-12 01:00:00,2023-04-12 11:00:00,166.092,166.179,165.7651,166.74579,0.2,8.7,15.83,15.52,10,time_exit,40.37899,0.21793,3.65419,4.74231,,2023
GBPJPY,1,2023-04-12 23:00:00,2023-04-13 09:00:00,166.276,166.269,165.81973,167.18854,0.1437,-0.7,-0.92,-1.23,10,time_exit,25.32021,0.30418,1.53058,3.86366,,2023
GBPJPY,-1,2023-04-14 04:00:00,2023-04-14 14:00:00,166.007,165.663,166.39547,165.23007,0.1687,34.4,52.81,52.49,10,time_exit,18.5264,0.25898,-0.18098,3.969,,2023
GBPJPY,-1,2023-04-14 19:00:00,2023-04-17 05:00:00,166.061,166.054,166.46219,165.25861,0.1648,0.7,1.05,0.73,10,time_exit,20.47907,0.26746,0.23361,3.16316,new_york,2023
GBPJPY,-1,2023-04-17 07:00:00,2023-04-17 08:00:00,166.182,166.52689,166.52689,165.49222,0.1918,-34.5,-60.2,-60.51,1,stop_loss,12.99447,0.22993,0.70277,3.33211,london,2023
GBPJPY,-1,2023-04-18 04:00:00,2023-04-18 05:00:00,166.276,166.60226,166.60226,165.62348,0.2007,-32.6,-59.59,-59.91,1,stop_loss,9.21587,0.21751,0.42741,3.35821,,2023
GBPJPY,1,2023-04-19 23:00:00,2023-04-20 09:00:00,167.675,167.31397,167.31397,168.39705,0.1795,-36.1,-58.97,-59.29,10,stop_loss,25.59277,0.24068,2.99634,4.013,,2023
GBPJPY,1,2023-04-21 00:00:00,2023-04-21 04:00:00,166.961,166.61845,166.61845,167.64611,0.1873,-34.3,-58.39,-58.7,4,stop_loss,20.50963,0.22837,-0.4747,3.81337,,2023
GBPJPY,1,2023-04-25 15:00:00,2023-04-25 16:00:00,166.772,166.33757,166.33757,167.64086,0.1462,-43.4,-57.8,-58.12,1,stop_loss,15.72454,0.28962,-1.5638,2.01452,london,2023
GBPJPY,1,2023-04-26 05:00:00,2023-04-26 12:00:00,165.756,166.66901,165.2995,166.66901,0.1377,91.3,114.41,114.09,7,take_profit,34.67177,0.30434,-2.97733,0.38807,,2023
GBPJPY,-1,2023-04-27 21:00:00,2023-04-28 07:00:00,167.213,167.66925,167.66925,166.30049,0.1406,-45.6,-58.38,-58.69,10,stop_loss,15.00593,0.30417,1.72334,0.39355,new_york,2023
GBPJPY,-1,2023-05-02 14:00:00,2023-05-02 17:00:00,171.531,170.64001,171.97649,170.64001,0.1425,89.1,115.54,115.22,3,take_profit,30.50348,0.297,1.85181,8.07416,london,2023
GBPJPY,-1,2023-05-04 06:00:00,2023-05-04 16:00:00,169.27,168.828,169.79971,168.21058,0.1222,44.2,49.15,48.83,10,time_exit,25.28814,0.35314,-1.96453,2.72509,,2023
GBPJPY,-1,2023-05-08 02:00:00,2023-05-08 12:00:00,170.57,170.692,171.00904,169.69192,0.1487,-12.2,-16.51,-16.83,10,time_exit,40.18888,0.29269,3.33823,1.61681,,2023
GBPJPY,-1,2023-05-08 17:00:00,2023-05-09 03:00:00,170.728,170.491,171.12578,169.93244,0.1637,23.7,35.31,34.99,10,time_exit,43.37356,0.26519,2.48275,2.79743,new_york,2023
GBPJPY,-1,2023-05-10 02:00:00,2023-05-10 09:00:00,170.667,170.98671,170.98671,170.02758,0.2048,-32.0,-59.58,-59.9,7,stop_loss,13.97101,0.21314,1.66268,3.24741,,2023
GBPJPY,-1,2023-05-11 04:00:00,2023-05-11 14:00:00,169.415,168.847,169.83285,168.57929,0.1551,56.8,80.17,79.85,10,time_exit,34.55559,0.27857,-2.46424,1.32813,,2023
GBPJPY,-1,2023-05-12 03:00:00,2023-05-12 09:00:00,168.216,168.68299,168.68299,167.28203,0.1407,-46.7,-59.79,-60.11,6,stop_loss,46.95334,0.31132,-3.22056,-0.98752,,2023
GBPJPY,-1,2023-05-12 19:00:00,2023-05-15 05:00:00,169.029,169.325,169.49806,168.09089,0.1387,-29.6,-37.36,-37.68,10,time_exit,22.65534,0.3127,0.14672,-1.34805,new_york,2023
GBPJPY,1,2023-05-16 02:00:00,2023-05-16 08:00:00,170.422,170.09486,170.09486,171.07627,0.1976,-32.7,-58.82,-59.14,6,stop_loss,29.29554,0.21809,3.35325,0.7943,,2023
GBPJPY,1,2023-05-16 22:00:00,2023-05-17 08:00:00,170.208,170.499,169.76541,171.09317,0.1446,29.1,38.29,37.97,10,time_exit,18.4053,0.29506,0.6719,1.2219,,2023
GBPJPY,1,2023-05-17 10:00:00,2023-05-17 15:00:00,170.378,171.03932,170.04734,171.03932,0.1948,66.1,117.23,116.91,5,take_profit,12.58102,0.22044,1.08666,1.86246,london,2023
GBPJPY,1,2023-05-18 01:00:00,2023-05-18 04:00:00,171.83,171.43945,171.43945,172.6111,0.1682,-39.1,-59.78,-60.1,3,stop_loss,33.4769,0.26037,4.40601,2.81474,,2023
GBPJPY,1,2023-05-19 09:00:00,2023-05-19 14:00:00,171.486,172.16025,171.14888,172.16025,0.1929,67.4,118.36,118.04,5,take_profit,17.81033,0.22475,0.14387,4.56041,london,2023
GBPJPY,1,2023-05-23 06:00:00,2023-05-23 07:00:00,172.494,172.10173,172.10173,173.27853,0.1691,-39.2,-60.36,-60.68,1,stop_loss,13.12733,0.26151,2.09495,3.68365,,2023
GBPJPY,1,2023-05-23 08:00:00,2023-05-23 10:00:00,172.129,171.71603,171.71603,172.95494,0.159,-41.3,-59.75,-60.07,2,stop_loss,12.24716,0.27531,0.57039,3.49378,london,2023
GBPJPY,-1,2023-05-23 10:00:00,2023-05-23 11:00:00,172.122,171.30435,172.53083,171.30435,0.159,81.8,118.31,117.99,1,take_profit,12.51258,0.27255,0.49627,3.50494,london,2023
GBPJPY,-1,2023-05-23 18:00:00,2023-05-24 04:00:00,172.067,172.003,172.57181,171.05738,0.1313,6.4,7.65,7.33,10,time_exit,18.99591,0.33654,0.45533,2.46886,new_york,2023
GBPJPY,-1,2023-05-25 07:00:00,2023-05-25 17:00:00,172.336,172.404,172.78485,171.4383,0.1479,-6.8,-9.15,-9.47,10,time_exit,10.70827,0.29923,0.83988,2.28821,london,2023
GBPJPY,1,2023-05-29 20:00:00,2023-05-30 06:00:00,173.457,173.14748,173.14748,174.07604,0.2141,-31.0,-60.3,-60.62,10,stop_loss,18.07282,0.20635,1.79766,4.63123,new_york,2023
GBPJPY,1,2023-06-01 08:00:00,2023-06-01 18:00:00,173.328,173.897,172.89082,174.20237,0.1501,56.9,77.72,77.4,10,time_exit,16.36413,0.29146,0.33057,1.97625,london,2023
GBPJPY,1,2023-06-02 00:00:00,2023-06-02 10:00:00,173.809,174.117,173.3665,174.694,0.1502,30.8,42.1,41.78,10,time_exit,18.54866,0.295,1.09206,2.35391,,2023
GBPJPY,1,2023-06-02 16:00:00,2023-06-05 02:00:00,174.247,174.288,173.8833,174.9744,0.184,4.1,6.87,6.55,10,time_exit,18.80381,0.24247,2.01416,3.10284,new_york,2023
GBPJPY,1,2023-06-05 02:00:00,2023-06-05 11:00:00,174.189,173.86242,173.86242,174.84216,0.2051,-32.7,-60.95,-61.27,9,stop_loss,27.34613,0.21772,1.21744,3.66789,,2023
GBPJPY,1,2023-06-05 12:00:00,2023-06-05 14:00:00,174.034,173.71006,173.71006,174.68187,0.2047,-32.4,-60.34,-60.66,2,stop_loss,18.97861,0.21596,0.15076,3.59865,london,2023
GBPJPY,1,2023-06-05 14:00:00,2023-06-05 15:00:00,173.821,173.50746,173.50746,174.44808,0.2094,-31.4,-59.75,-60.06,1,stop_loss,18.87991,0.20903,-0.80571,3.60162,london,2023
GBPJPY,-1,2023-06-07 07:00:00,2023-06-07 13:00:00,173.088,173.40061,173.40061,172.46277,0.2079,-31.3,-59.14,-59.46,6,stop_loss,19.48326,0.20841,-1.93899,0.95508,london,2023
GBPJPY,-1,2023-06-07 14:00:00,2023-06-07 16:00:00,173.593,173.95073,173.95073,172.87753,0.1798,-35.8,-58.53,-58.85,2,stop_loss,20.39579,0.23849,0.76485,0.53224,london,2023
GBPJPY,1,2023-06-08 17:00:00,2023-06-09 03:00:00,173.964,174.549,173.61455,174.66291,0.1822,58.5,96.99,96.68,10,time_exit,21.85812,0.23297,0.29037,1.73358,new_york,2023
GBPJPY,-1,2023-06-09 16:00:00,2023-06-09 17:00:00,175.069,175.42609,175.42609,174.35482,0.1813,-35.7,-58.91,-59.23,1,stop_loss,31.59394,0.23806,2.72138,2.87587,new_york,2023
GBPJPY,-1,2023-06-09 21:00:00,2023-06-12 07:00:00,175.201,175.304,175.57387,174.45526,0.1719,-10.3,-16.11,-16.43,10,time_exit,29.98438,0.24858,2.48185,3.09546,new_york,2023
GBPJPY,1,2023-06-13 11:00:00,2023-06-13 17:00:00,175.28,176.0068,174.9166,176.0068,0.1759,72.7,116.34,116.02,6,take_profit,26.30675,0.24227,1.74903,2.75427,london,2023
GBPJPY,1,2023-06-13 17:00:00,2023-06-13 23:00:00,175.899,176.84424,175.42638,176.84424,0.1379,94.5,118.62,118.3,6,take_profit,32.2255,0.31508,2.87365,2.28484,new_york,2023
GBPJPY,-1,2023-06-14 12:00:00,2023-06-14 22:00:00,176.854,177.21212,177.21212,176.13777,0.1857,-35.8,-60.52,-60.84,10,stop_loss,44.34748,0.23874,4.06436,5.05086,london,2023
GBPJPY,-1,2023-06-15 19:00:00,2023-06-16 05:00:00,179.265,179.642,179.75423,178.28654,0.1345,-37.7,-46.14,-46.46,10,time_exit,46.23273,0.32615,5.54031,5.89005,new_york,2023
GBPJPY,1,2023-06-16 08:00:00,2023-06-16 10:00:00,179.712,180.68416,179.22592,180.68416,0.1344,97.2,118.9,118.58,2,take_profit,39.92848,0.32405,4.61165,6.85484,london,2023
GBPJPY,-1,2023-06-19 00:00:00,2023-06-19 10:00:00,181.636,181.752,182.16351,180.58097,0.1263,-11.6,-13.33,-13.65,10,time_exit,56.55824,0.35168,6.42597,8.19852,,2023
GBPJPY,1,2023-06-21 05:00:00,2023-06-21 09:00:00,180.684,181.50776,180.27212,181.50776,0.1614,82.4,120.99,120.67,4,take_profit,31.00397,0.27459,-0.26438,8.00641,,2023
GBPJPY,-1,2023-06-21 12:00:00,2023-06-21 17:00:00,180.614,181.12715,181.12715,179.5877,0.1321,-51.3,-61.69,-62.0,5,stop_loss,26.3074,0.3421,-0.52149,6.06817,london,2023
GBPJPY,-1,2023-06-22 23:00:00,2023-06-23 09:00:00,182.457,182.381,182.9828,181.40539,0.1276,7.6,8.82,8.51,10,time_exit,37.44877,0.35054,3.43581,5.09778,,2023
GBPJPY,-1,2023-06-23 17:00:00,2023-06-23 18:00:00,182.073,182.76504,182.76504,180.68891,0.0971,-69.2,-61.15,-61.47,1,stop_loss,24.62166,0.46136,0.87743,3.83793,new_york,2023
GBPJPY,-1,2023-06-26 05:00:00,2023-06-26 15:00:00,182.698,181.973,183.25558,181.58284,0.1193,72.5,78.71,78.39,10,time_exit,15.99751,0.37172,1.73272,4.95435,,2023
GBPJPY,1,2023-06-26 22:00:00,2023-06-27 08:00:00,182.449,182.809,181.95815,183.43069,0.1373,36.0,44.98,44.66,10,time_exit,14.23382,0.32723,0.66502,5.11656,,2023
GBPJPY,-1,2023-06-27 15:00:00,2023-06-27 17:00:00,182.708,183.10104,183.10104,181.92192,0.1727,-39.3,-61.77,-62.09,2,stop_loss,14.95547,0.26203,1.03744,5.9567,london,2023
GBPJPY,1,2023-06-30 16:00:00,2023-07-03 02:00:00,183.241,183.29,182.77958,184.16384,0.1456,4.9,6.49,6.17,10,time_exit,16.98334,0.30761,1.75908,2.74005,new_york,2023
GBPJPY,-1,2023-07-03 10:00:00,2023-07-03 20:00:00,183.635,183.493,184.01697,182.87107,0.1761,14.2,22.76,22.44,10,time_exit,21.53395,0.25464,2.15439,3.77559,london,2023
GBPJPY,1,2023-07-03 21:00:00,2023-07-04 07:00:00,183.493,183.511,183.0771,184.3248,0.1623,1.8,2.66,2.34,10,time_exit,15.48366,0.27727,1.01494,3.43278,new_york,2023
GBPJPY,1,2023-07-04 20:00:00,2023-07-05 00:00:00,183.8,183.50026,183.50026,184.39948,0.2253,-30.0,-61.45,-61.77,4,stop_loss,14.58949,0.19983,1.80612,4.54706,new_york,2023
GBPJPY,1,2023-07-05 02:00:00,2023-07-05 11:00:00,183.665,183.39961,183.39961,184.19578,0.2519,-26.5,-60.84,-61.15,9,stop_loss,13.90976,0.17693,0.9571,5.06781,,2023
GBPJPY,-1,2023-07-05 13:00:00,2023-07-05 15:00:00,183.446,183.76977,183.76977,182.79846,0.2044,-32.4,-60.22,-60.54,2,stop_loss,14.3572,0.21585,-0.44894,3.88048,london,2023
GBPJPY,1,2023-07-06 06:00:00,2023-07-06 07:00:00,183.255,182.87273,182.87273,184.01954,0.1714,-38.2,-59.62,-59.94,1,stop_loss,17.71725,0.25485,-1.14373,2.77001,,2023
GBPJPY,1,2023-07-06 18:00:00,2023-07-07 04:00:00,183.168,183.371,182.60888,184.28625,0.116,20.3,21.43,21.11,10,time_exit,21.72027,0.37275,-0.74768,1.50112,new_york,2023
GBPJPY,-1,2023-07-07 09:00:00,2023-07-07 11:00:00,182.941,182.15413,183.33443,182.15413,0.1654,78.7,118.43,118.12,2,take_profit,19.88369,0.26229,-1.83767,1.7548,london,2023
GBPJPY,1,2023-07-07 15:00:00,2023-07-07 16:00:00,182.796,182.30741,182.30741,183.77319,0.1359,-48.9,-60.42,-60.74,1,stop_loss,29.71717,0.32573,-1.32708,0.90605,london,2023
GBPJPY,-1,2023-07-07 18:00:00,2023-07-10 04:00:00,182.401,182.99697,182.99697,181.20906,0.1103,-59.6,-59.82,-60.14,10,stop_loss,31.0895,0.39731,-1.91743,0.59496,new_york,2023
GBPJPY,-1,2023-07-10 06:00:00,2023-07-10 10:00:00,183.079,182.14873,183.54413,182.14873,0.1399,93.0,118.43,118.11,4,take_profit,25.46379,0.31009,0.41862,0.19616,,2023
GBPJPY,-1,2023-07-11 16:00:00,2023-07-11 17:00:00,181.168,181.68041,181.68041,180.14318,0.1295,-51.2,-60.38,-60.7,1,stop_loss,28.69669,0.34161,-2.19881,-1.81083,new_york,2023
GBPJPY,-1,2023-07-12 03:00:00,2023-07-12 13:00:00,181.229,180.38117,181.65291,180.38117,0.155,84.8,119.59,119.27,10,take_profit,17.6643,0.28261,-1.82399,-2.40911,,2023
GBPJPY,-1,2023-07-13 00:00:00,2023-07-13 08:00:00,179.816,180.31267,180.31267,178.82266,0.1349,-49.7,-60.97,-61.29,8,stop_loss,34.97608,0.33111,-2.94064,-3.44892,,2023
GBPJPY,-1,2023-07-13 11:00:00,2023-07-13 12:00:00,180.251,180.71962,180.71962,179.31376,0.1415,-46.9,-60.34,-60.66,1,stop_loss,33.68965,0.31241,-1.10211,-3.91596,london,2023
GBPJPY,1,2023-07-13 20:00:00,2023-07-14 04:00:00,181.058,180.47941,180.47941,182.21518,0.1135,-57.9,-59.76,-60.08,8,stop_loss,26.56133,0.38573,0.86499,-2.65764,new_york,2023
GBPJPY,1,2023-07-18 05:00:00,2023-07-18 11:00:00,181.353,180.88455,180.88455,182.2899,0.1388,-46.8,-59.17,-59.49,6,stop_loss,11.39201,0.3123,-0.00543,-0.78385,,2023
GBPJPY,-1,2023-07-18 20:00:00,2023-07-19 06:00:00,181.321,181.377,181.89448,180.17403,0.1122,-5.6,-5.72,-6.04,10,time_exit,11.88445,0.38232,0.09003,-0.67562,new_york,2023
GBPJPY,-1,2023-07-20 04:00:00,2023-07-20 14:00:00,180.522,179.879,180.97627,179.61346,0.1415,64.3,82.8,82.48,10,time_exit,15.1459,0.30285,-1.13421,-1.54527,,2023
GBPJPY,-1,2023-07-20 14:00:00,2023-07-20 17:00:00,179.848,180.27323,180.27323,178.99755,0.1533,-42.5,-59.32,-59.64,3,stop_loss,23.60137,0.28348,-2.84258,-2.02597,london,2023
GBPJPY,1,2023-07-21 21:00:00,2023-07-24 07:00:00,182.212,181.974,181.65616,183.32368,0.1161,-23.8,-25.14,-25.46,10,time_exit,26.7274,0.37056,3.15694,-0.33732,new_york,2023
GBPJPY,-1,2023-07-25 08:00:00,2023-07-25 09:00:00,181.481,181.85649,181.85649,180.73002,0.1711,-37.5,-58.46,-58.78,1,stop_loss,15.56752,0.25033,0.38308,0.38844,london,2023
GBPJPY,-1,2023-07-26 02:00:00,2023-07-26 12:00:00,181.717,180.92796,182.11152,180.92796,0.1612,78.9,115.75,115.43,10,take_profit,22.46231,0.26301,0.79327,0.63687,,2023
GBPJPY,-1,2023-07-27 04:00:00,2023-07-27 14:00:00,181.618,181.669,182.05296,180.74808,0.1492,-5.1,-6.92,-7.24,10,time_exit,12.83913,0.28997,0.40089,0.41393,,2023
GBPJPY,1,2023-08-02 05:00:00,2023-08-02 08:00:00,182.997,182.5426,182.5426,183.9058,0.1426,-45.4,-58.97,-59.28,3,stop_loss,26.22226,0.30293,1.61853,2.88521,,2023
GBPJPY,1,2023-08-02 14:00:00,2023-08-02 16:00:00,182.454,181.93736,181.93736,183.48729,0.1242,-51.7,-58.39,-58.71,2,stop_loss,26.82259,0.34443,-0.11529,2.29208,london,2023
GBPJPY,-1,2023-08-08 03:00:00,2023-08-08 04:00:00,182.182,182.5095,182.5095,181.52699,0.1939,-32.8,-57.79,-58.11,1,stop_loss,30.1812,0.21834,3.11097,-0.24239,,2023
GBPJPY,1,2023-08-08 21:00:00,2023-08-09 07:00:00,182.588,182.69,182.08546,183.59308,0.1251,10.2,11.61,11.29,10,time_exit,24.89317,0.33503,1.95598,0.7245,new_york,2023
GBPJPY,-1,2023-08-09 16:00:00,2023-08-09 17:00:00,182.537,182.93795,182.93795,181.7351,0.1571,-40.1,-57.32,-57.64,1,stop_loss,12.67143,0.2673,0.78057,1.73806,new_york,2023
GBPJPY,-1,2023-08-09 19:00:00,2023-08-10 05:00:00,182.556,182.912,182.98891,181.69018,0.144,-35.6,-46.65,-46.97,10,time_exit,11.4885,0.28861,0.64101,1.67635,new_york,2023
GBPJPY,1,2023-08-10 13:00:00,2023-08-10 23:00:00,183.543,183.471,183.1902,184.2486,0.1753,-7.2,-11.49,-11.8,10,time_exit,20.29503,0.2352,3.56199,2.71158,london,2023
GBPJPY,-1,2023-08-11 02:00:00,2023-08-11 09:00:00,183.523,183.91572,183.91572,182.73756,0.1571,-39.3,-56.14,-56.46,7,stop_loss,20.45878,0.26181,1.70885,3.1334,,2023
GBPJPY,1,2023-08-11 15:00:00,2023-08-14 01:00:00,183.968,183.891,183.61339,184.67721,0.1723,-7.7,-12.07,-12.39,10,time_exit,23.43697,0.2364,2.72215,3.77765,london,2023
GBPJPY,-1,2023-08-17 04:00:00,2023-08-17 14:00:00,186.219,186.102,186.57764,185.50171,0.1699,11.7,18.09,17.77,10,time_exit,39.4007,0.2391,3.79801,6.06956,,2023
GBPJPY,1,2023-08-21 23:00:00,2023-08-22 09:00:00,186.558,186.491,186.17978,187.31443,0.1617,-6.7,-9.86,-10.18,10,time_exit,32.60434,0.25214,3.63946,3.65847,,2023
GBPJPY,-1,2023-08-22 16:00:00,2023-08-23 02:00:00,185.981,185.592,186.32549,185.29202,0.1772,38.9,62.73,62.41,10,time_exit,26.72198,0.22966,-0.07677,4.40649,new_york,2023
GBPJPY,-1,2023-08-23 04:00:00,2023-08-23 08:00:00,185.488,185.78089,185.78089,184.90223,0.2107,-29.3,-56.16,-56.48,4,stop_loss,29.89493,0.19526,-1.98336,4.14501,,2023
GBPJPY,-1,2023-08-24 05:00:00,2023-08-24 08:00:00,184.26,184.6679,184.6679,183.4442,0.1498,-40.8,-55.6,-55.92,3,stop_loss,47.11013,0.27193,-2.29992,-0.12067,,2023
GBPJPY,-1,2023-08-25 09:00:00,2023-08-25 14:00:00,183.691,184.05842,184.05842,182.95616,0.1646,-36.7,-55.03,-55.35,5,stop_loss,35.10002,0.24495,-2.24635,-1.77178,london,2023
GBPJPY,-1,2023-08-25 15:00:00,2023-08-28 01:00:00,184.153,184.34,184.53134,183.39632,0.1583,-18.7,-26.94,-27.26,10,time_exit,27.60776,0.25223,-0.09549,-1.88377,london,2023
GBPJPY,1,2023-08-28 19:00:00,2023-08-29 05:00:00,184.324,184.819,184.00499,184.96203,0.1867,49.5,84.1,83.78,10,time_exit,18.8152,0.21268,0.10125,-1.29459,new_york,2023
GBPJPY,-1,2023-08-29 14:00:00,2023-08-29 15:00:00,184.801,185.10107,185.10107,184.20086,0.2016,-30.0,-55.05,-55.37,1,stop_loss,14.38816,0.20005,1.32918,-0.34563,london,2023
GBPJPY,1,2023-08-30 04:00:00,2023-08-30 10:00:00,184.438,185.13997,184.08701,185.13997,0.1706,70.2,108.98,108.66,6,take_profit,18.22258,0.23399,-0.30278,-0.34143,,2023
GBPJPY,-1,2023-08-31 03:00:00,2023-08-31 12:00:00,185.693,185.01413,186.03243,185.01413,0.18,67.9,111.2,110.88,9,take_profit,42.22628,0.22629,2.65771,1.49772,,2023
GBPJPY,-1,2023-08-31 17:00:00,2023-08-31 18:00:00,185.247,184.44399,185.6485,184.44399,0.1552,80.3,113.41,113.09,1,take_profit,30.26799,0.26767,0.20972,1.35803,new_york,2023
GBPJPY,1,2023-09-01 16:00:00,2023-09-04 02:00:00,183.7,183.915,183.28458,184.53085,0.153,21.5,29.93,29.62,10,time_exit,31.6139,0.27695,-3.40224,-0.30219,new_york,2023
GBPJPY,-1,2023-09-04 13:00:00,2023-09-04 23:00:00,184.884,184.985,185.22066,184.21069,0.1897,-10.1,-17.44,-17.75,10,time_exit,27.30705,0.22444,1.99953,-0.85837,london,2023
GBPJPY,-1,2023-09-05 03:00:00,2023-09-05 08:00:00,184.967,185.21444,185.21444,184.47213,0.2573,-24.7,-57.94,-58.25,5,stop_loss,23.28673,0.16496,1.89581,-0.08334,,2023
GBPJPY,1,2023-09-07 13:00:00,2023-09-07 15:00:00,183.853,183.45502,183.45502,184.64896,0.1584,-39.8,-57.37,-57.68,2,stop_loss,29.10409,0.26532,-3.17331,-0.24308,london,2023
GBPJPY,-1,2023-09-11 22:00:00,2023-09-12 08:00:00,183.303,183.77445,183.77445,182.36009,0.1324,-47.1,-56.8,-57.12,10,stop_loss,26.19352,0.3143,-1.23819,-1.8637,,2023
GBPJPY,-1,2023-09-13 12:00:00,2023-09-13 15:00:00,183.728,184.13489,184.13489,182.91422,0.1518,-40.7,-56.21,-56.53,3,stop_loss,23.55599,0.27126,0.23691,-1.47592,london,2023
GBPJPY,1,2023-09-15 02:00:00,2023-09-15 10:00:00,182.972,183.64517,182.63542,183.64517,0.1817,67.3,111.31,110.99,8,take_profit,33.64648,0.22439,-2.37917,-1.84832,,2023
GBPJPY,1,2023-09-18 11:00:00,2023-09-18 21:00:00,182.866,182.84,182.57554,183.44692,0.2147,-2.6,-5.08,-5.4,10,time_exit,20.02848,0.19364,-1.99825,-2.38924,london,2023
GBPJPY,1,2023-09-19 16:00:00,2023-09-19 17:00:00,183.321,183.04971,183.04971,183.86359,0.2297,-27.1,-56.71,-57.03,1,stop_loss,12.52616,0.18086,1.55657,-2.64372,new_york,2023
GBPJPY,-1,2023-09-20 12:00:00,2023-09-20 22:00:00,183.166,182.857,183.5026,182.4928,0.1833,30.9,51.54,51.22,10,time_exit,14.46899,0.2244,0.36909,-1.6168,london,2023
GBPJPY,1,2023-09-21 01:00:00,2023-09-21 05:00:00,182.932,182.5762,182.5762,183.6436,0.1749,-35.6,-56.63,-56.95,4,stop_loss,16.15168,0.2372,-0.51032,-1.42587,,2023
GBPJPY,1,2023-09-21 12:00:00,2023-09-21 13:00:00,182.327,181.94722,181.94722,183.08656,0.1623,-38.0,-56.09,-56.41,1,stop_loss,24.9355,0.25319,-2.32808,-1.57682,london,2023
GBPJPY,1,2023-09-22 01:00:00,2023-09-22 09:00:00,181.394,182.15366,181.01417,182.15366,0.1606,76.0,111.02,110.7,8,take_profit,47.31821,0.25322,-3.60795,-3.05785,,2023
GBPJPY,1,2023-09-27 05:00:00,2023-09-27 15:00:00,180.968,181.179,180.6934,181.5172,0.2266,21.1,43.51,43.19,10,time_exit,28.85376,0.18307,-2.63956,-4.40977,,2023
GBPJPY,1,2023-09-29 19:00:00,2023-10-02 05:00:00,182.481,182.547,182.00671,183.42957,0.1322,6.6,7.94,7.62,10,time_exit,22.51238,0.31619,1.23353,-0.01148,new_york,2023
GBPJPY,1,2023-10-02 13:00:00,2023-10-02 17:00:00,182.131,181.71992,181.71992,182.95315,0.1527,-41.1,-57.12,-57.44,4,stop_loss,14.6139,0.27405,-0.43947,0.39244,london,2023
GBPJPY,-1,2023-10-02 17:00:00,2023-10-03 03:00:00,181.758,181.144,182.16202,180.94995,0.1538,61.4,85.93,85.62,10,time_exit,18.76188,0.26935,-1.57752,0.25906,new_york,2023
GBPJPY,-1,2023-10-09 02:00:00,2023-10-09 12:00:00,182.183,181.744,182.71409,181.12083,0.1188,43.9,47.46,47.14,10,time_exit,21.88513,0.35406,1.91573,0.15597,,2023
GBPJPY,-1,2023-10-09 19:00:00,2023-10-10 03:00:00,181.47,181.91517,181.91517,180.57965,0.1429,-44.5,-57.89,-58.21,8,stop_loss,17.12683,0.29678,-0.51143,0.42639,new_york,2023
GBPJPY,1,2023-10-10 08:00:00,2023-10-10 11:00:00,181.856,182.55615,181.50592,182.55615,0.1799,70.0,114.62,114.3,3,take_profit,11.99108,0.23338,0.76595,0.6423,london,2023
GBPJPY,-1,2023-10-11 12:00:00,2023-10-11 14:00:00,182.567,182.87136,182.87136,181.95828,0.211,-30.4,-58.44,-58.76,2,stop_loss,15.41755,0.20291,1.14498,2.67929,london,2023
GBPJPY,-1,2023-10-12 12:00:00,2023-10-12 14:00:00,183.308,183.6214,183.6214,182.68121,0.2029,-31.3,-57.87,-58.18,2,stop_loss,21.21564,0.20893,1.21553,4.34143,london,2023
GBPJPY,-1,2023-10-13 05:00:00,2023-10-13 13:00:00,182.686,182.0485,183.00475,182.0485,0.1974,63.7,114.52,114.2,8,take_profit,28.87706,0.2125,-0.95797,3.0254,,2023
GBPJPY,-1,2023-10-13 18:00:00,2023-10-16 04:00:00,181.698,181.649,182.12166,180.85067,0.1515,4.9,6.76,6.44,10,time_exit,28.28811,0.28244,-3.53166,1.50161,new_york,2023
GBPJPY,1,2023-10-16 08:00:00,2023-10-16 17:00:00,181.711,182.32218,181.40541,182.32218,0.2103,61.1,116.96,116.65,9,take_profit,43.2643,0.20373,-2.54282,0.22731,london,2023
GBPJPY,1,2023-10-16 20:00:00,2023-10-17 06:00:00,182.486,182.486,182.09331,183.27138,0.1669,0.0,0.0,-0.32,10,time_exit,27.47276,0.26179,1.22378,-0.00441,new_york,2023
GBPJPY,1,2023-10-17 08:00:00,2023-10-17 09:00:00,182.4,182.10801,182.10801,182.98399,0.2245,-29.2,-59.65,-59.97,1,stop_loss,18.84684,0.19466,0.4203,0.53693,london,2023
GBPJPY,-1,2023-10-17 16:00:00,2023-10-17 17:00:00,181.835,182.27719,182.27719,180.95061,0.1467,-44.2,-59.03,-59.35,1,stop_loss,31.30556,0.2948,-1.38881,0.14489,new_york,2023
GBPJPY,1,2023-10-18 03:00:00,2023-10-18 13:00:00,182.371,182.364,182.01234,183.08831,0.1791,-0.7,-1.14,-1.46,10,time_exit,27.20958,0.2391,0.29751,0.3524,,2023
GBPJPY,1,2023-10-19 16:00:00,2023-10-20 02:00:00,181.908,181.794,181.55429,182.61543,0.1815,-11.4,-18.83,-19.15,10,time_exit,32.56598,0.23581,-0.34286,-0.69341,new_york,2023
GBPJPY,1,2023-10-20 02:00:00,2023-10-20 09:00:00,181.881,181.50396,181.50396,182.63507,0.1697,-37.7,-58.22,-58.54,7,stop_loss,22.3562,0.25136,-0.41178,-0.57494,,2023
GBPJPY,-1,2023-10-25 00:00:00,2023-10-25 10:00:00,182.285,182.001,182.6416,181.57181,0.1777,28.4,45.92,45.61,10,time_exit,35.35274,0.23773,-1.67733,1.38624,,2023
GBPJPY,-1,2023-10-25 17:00:00,2023-10-25 18:00:00,181.86,182.17556,182.17556,181.22887,0.2024,-31.6,-58.12,-58.44,1,stop_loss,42.94802,0.21038,-2.44032,0.32394,new_york,2023
GBPJPY,-1,2023-10-26 00:00:00,2023-10-26 09:00:00,181.864,181.21483,182.18859,181.21483,0.1948,64.9,115.08,114.76,9,take_profit,35.62785,0.21639,-1.56156,-0.13359,,2023
GBPJPY,1,2023-10-26 11:00:00,2023-10-26 13:00:00,181.914,181.51997,181.51997,182.70205,0.1636,-39.4,-58.66,-58.98,2,stop_loss,28.14786,0.26268,-0.63281,-0.60028,london,2023
GBPJPY,-1,2023-10-26 21:00:00,2023-10-27 07:00:00,182.414,182.277,182.84944,181.54312,0.1466,13.7,18.28,17.96,10,time_exit,22.44281,0.29029,1.21907,-0.53134,new_york,2023
GBPJPY,-1,2023-10-27 08:00:00,2023-10-27 15:00:00,182.277,181.66138,182.58481,181.66138,0.208,61.6,116.52,116.21,7,take_profit,12.84211,0.20521,0.54978,-0.31715,london,2023
GBPJPY,1,2023-10-30 00:00:00,2023-10-30 10:00:00,181.269,180.89491,180.89491,182.01717,0.1746,-37.4,-59.44,-59.76,10,stop_loss,32.83451,0.24939,-2.36696,-0.89955,,2023
GBPJPY,1,2023-11-01 00:00:00,2023-11-01 03:00:00,184.214,183.68591,183.68591,185.27018,0.1224,-52.8,-58.82,-59.14,3,stop_loss,39.02569,0.35206,4.87463,1.03908,,2023
GBPJPY,1,2023-11-01 08:00:00,2023-11-01 16:00:00,183.673,183.22873,183.22873,184.56155,0.144,-44.4,-58.22,-58.54,8,stop_loss,27.87954,0.29618,2.63662,1.9564,london,2023
GBPJPY,-1,2023-11-01 16:00:00,2023-11-02 02:00:00,183.26,183.422,183.67987,182.42026,0.1509,-16.2,-22.25,-22.56,10,time_exit,19.77785,0.27991,0.67431,2.38895,new_york,2023
GBPJPY,-1,2023-11-02 09:00:00,2023-11-02 15:00:00,183.301,183.67428,183.67428,182.55444,0.1691,-37.3,-57.44,-57.76,6,stop_loss,10.50264,0.24885,0.54214,2.51147,london,2023
GBPJPY,-1,2023-11-03 15:00:00,2023-11-03 16:00:00,183.618,183.89409,183.89409,183.06582,0.2263,-27.6,-56.86,-57.17,1,stop_loss,9.83057,0.18406,1.4895,3.164,london,2023
GBPJPY,1,2023-11-06 12:00:00,2023-11-06 21:00:00,185.574,185.23209,185.23209,186.25782,0.1809,-34.2,-56.29,-56.6,9,stop_loss,40.65377,0.22794,5.60696,4.90172,london,2023
GBPJPY,1,2023-11-07 02:00:00,2023-11-07 12:00:00,185.112,184.81739,184.81739,185.70122,0.2078,-29.5,-55.71,-56.03,10,stop_loss,28.29846,0.19641,1.85609,6.60091,,2023
GBPJPY,-1,2023-11-07 21:00:00,2023-11-08 07:00:00,184.91,184.914,185.25162,184.22677,0.1774,-0.4,-0.65,-0.96,10,time_exit,15.81211,0.22774,-0.13937,5.21948,new_york,2023
GBPJPY,1,2023-11-08 08:00:00,2023-11-08 11:00:00,184.912,184.64449,184.64449,185.44702,0.2265,-26.8,-55.14,-55.46,3,stop_loss,18.29895,0.17834,-0.13073,5.93599,london,2023
GBPJPY,-1,2023-11-09 20:00:00,2023-11-10 06:00:00,185.318,185.077,185.62501,184.70399,0.1954,24.1,42.85,42.53,10,time_exit,10.71804,0.20467,0.30293,4.61057,new_york,2023
GBPJPY,-1,2023-11-13 07:00:00,2023-11-13 10:00:00,185.577,185.84544,185.84544,185.04012,0.2252,-26.8,-55.01,-55.33,3,stop_loss,13.94364,0.17896,2.19259,3.5445,london,2023
GBPJPY,-1,2023-11-13 21:00:00,2023-11-14 07:00:00,186.07,186.13,186.38116,185.44769,0.1923,-6.0,-10.5,-10.82,10,time_exit,17.51207,0.20744,2.86671,3.64766,new_york,2023
GBPJPY,1,2023-11-14 19:00:00,2023-11-15 05:00:00,188.161,188.142,187.7093,189.0644,0.1322,-1.9,-2.29,-2.6,10,time_exit,30.37348,0.30113,6.58477,3.62146,new_york,2023
GBPJPY,-1,2023-11-15 14:00:00,2023-11-15 16:00:00,187.419,187.77294,187.77294,186.71111,0.1687,-35.4,-54.34,-54.65,2,stop_loss,33.73316,0.23596,1.44928,6.38956,london,2023
GBPJPY,1,2023-11-16 18:00:00,2023-11-17 00:00:00,187.118,186.78497,186.78497,187.78406,0.1775,-33.3,-53.79,-54.11,6,stop_loss,24.51,0.22202,-1.29047,6.02357,new_york,2023
GBPJPY,-1,2023-11-17 14:00:00,2023-11-17 20:00:00,185.82,186.26191,186.26191,184.93619,0.1324,-44.2,-53.24,-53.56,6,stop_loss,51.14122,0.2946,-3.82048,2.618,london,2023
GBPJPY,-1,2023-11-22 11:00:00,2023-11-22 21:00:00,186.848,186.832,187.24835,186.0473,0.1447,1.6,2.11,1.79,10,time_exit,24.22589,0.2669,3.8958,-0.44403,london,2023
GBPJPY,-1,2023-11-23 21:00:00,2023-11-24 07:00:00,187.497,187.245,187.82321,186.84457,0.1776,25.2,40.73,40.41,10,time_exit,33.16249,0.21748,3.77006,2.18296,new_york,2023
GBPJPY,1,2023-11-27 10:00:00,2023-11-27 17:00:00,188.023,187.66812,187.66812,188.73275,0.1645,-35.5,-53.12,-53.44,7,stop_loss,29.23898,0.23658,1.38877,4.06873,london,2023
GBPJPY,1,2023-11-28 10:00:00,2023-11-28 20:00:00,187.299,187.236,186.96072,187.97556,0.1708,-6.3,-9.79,-10.11,10,time_exit,33.1214,0.22552,-1.38473,3.05227,london,2023
GBPJPY,1,2023-11-29 19:00:00,2023-11-30 01:00:00,186.992,186.51296,186.51296,187.95008,0.1204,-47.9,-52.49,-52.8,6,stop_loss,17.03438,0.31936,-1.01738,0.95631,new_york,2023
GBPJPY,-1,2023-11-30 05:00:00,2023-11-30 15:00:00,186.76,186.704,187.17358,185.93284,0.1381,5.6,7.04,6.72,10,time_exit,22.1538,0.27572,-1.44869,0.59147,,2023
GBPJPY,1,2023-12-01 14:00:00,2023-12-01 16:00:00,187.328,186.94873,186.94873,188.08655,0.1507,-37.9,-52.01,-52.33,2,stop_loss,17.54278,0.25285,1.00336,0.31931,london,2023
GBPJPY,-1,2023-12-05 07:00:00,2023-12-05 09:00:00,185.967,185.27314,186.31393,185.27314,0.1631,69.4,102.98,102.66,2,take_profit,25.29219,0.23129,-0.97703,-2.08122,london,2023
GBPJPY,-1,2023-12-05 16:00:00,2023-12-06 02:00:00,185.495,185.516,185.90866,184.66769,0.1395,-2.1,-2.67,-2.98,10,time_exit,28.28869,0.27577,-1.89983,-2.06537,new_york,2023
GBPJPY,1,2023-12-06 03:00:00,2023-12-06 10:00:00,185.516,185.15067,185.15067,186.24665,0.1579,-36.5,-52.49,-52.81,7,stop_loss,38.80848,0.24355,-1.13008,-2.75779,,2023
GBPJPY,-1,2023-12-08 00:00:00,2023-12-08 03:00:00,181.401,179.64862,182.27719,179.64862,0.0652,175.2,103.97,103.65,3,take_profit,73.37966,0.58413,-3.52109,-3.28668,,2023
GBPJPY,1,2023-12-12 23:00:00,2023-12-13 09:00:00,182.881,182.573,182.38588,183.87125,0.1177,-30.8,-32.99,-33.31,10,time_exit,18.5226,0.33008,0.05646,-3.47011,,2023
GBPJPY,1,2023-12-15 16:00:00,2023-12-15 17:00:00,180.891,180.18961,180.18961,182.29377,0.0825,-70.1,-52.66,-52.97,1,stop_loss,21.87333,0.46759,-0.27065,-3.31964,new_york,2023
GBPJPY,1,2023-12-18 22:00:00,2023-12-19 02:00:00,180.607,180.14186,180.14186,181.53728,0.1232,-46.5,-52.15,-52.47,4,stop_loss,13.62392,0.31009,-0.3592,-4.27826,,2023
GBPJPY,-1,2023-12-19 02:00:00,2023-12-19 04:00:00,180.519,180.95905,180.95905,179.6389,0.1289,-44.0,-51.62,-51.94,2,stop_loss,13.07157,0.29337,-0.55499,-4.38167,,2023
GBPJPY,-1,2023-12-19 19:00:00,2023-12-20 05:00:00,183.11,182.775,183.83247,181.66506,0.0777,33.5,23.69,23.37,10,time_exit,22.87625,0.48165,2.8551,-0.74257,new_york,2023
GBPJPY,-1,2023-12-21 02:00:00,2023-12-21 12:00:00,181.395,180.761,181.92416,180.33668,0.1066,63.4,61.5,61.18,10,time_exit,29.85001,0.35277,-1.62571,-0.44466,,2023
GBPJPY,-1,2023-12-22 04:00:00,2023-12-22 13:00:00,180.461,180.92336,180.92336,179.53628,0.1235,-46.2,-51.96,-52.28,9,stop_loss,34.59649,0.30824,-1.72142,-2.4745,,2023
GBPJPY,-1,2023-12-22 21:00:00,2023-12-26 07:00:00,180.979,180.754,181.46786,180.00128,0.1156,22.5,23.67,23.35,10,time_exit,19.74608,0.32591,0.31972,-2.19398,new_york,2023
GBPJPY,1,2023-12-27 16:00:00,2023-12-27 21:00:00,181.848,181.47091,181.47091,182.60219,0.1505,-37.7,-51.65,-51.96,5,stop_loss,22.9531,0.2514,2.64699,-0.98964,new_york,2023
GBPJPY,1,2023-12-29 16:00:00,2023-12-29 17:00:00,180.418,179.92987,179.92987,181.39427,0.1151,-48.8,-51.13,-51.45,1,stop_loss,31.95298,0.32542,-0.20258,-1.83606,new_york,2023
GBPJPY,1,2024-01-03 23:00:00,2024-01-04 09:00:00,181.396,181.993,180.91903,182.34994,0.1166,59.7,63.35,63.03,10,time_exit,41.14755,0.31798,3.6726,-1.21621,,2024
GBPJPY,-1,2024-01-05 02:00:00,2024-01-05 08:00:00,183.587,184.01591,184.01591,182.72918,0.1313,-42.9,-51.25,-51.57,6,stop_loss,48.60809,0.28594,5.66228,3.02433,,2024
GBPJPY,1,2024-01-05 11:00:00,2024-01-05 21:00:00,183.696,184.054,183.26078,184.56644,0.1281,35.8,41.73,41.41,10,time_exit,45.80774,0.29015,4.09608,4.05248,london,2024
GBPJPY,1,2024-01-08 13:00:00,2024-01-08 23:00:00,183.464,183.869,183.01441,184.36317,0.125,40.5,46.07,45.75,10,time_exit,20.49365,0.29972,0.59844,4.66063,london,2024
GBPJPY,1,2024-01-10 09:00:00,2024-01-10 14:00:00,184.073,184.85455,183.68223,184.85455,0.1451,78.2,103.2,102.88,5,take_profit,12.17009,0.26052,1.94301,4.08157,london,2024
GBPJPY,1,2024-01-11 15:00:00,2024-01-12 00:00:00,185.532,185.16311,185.16311,186.26979,0.1568,-36.9,-52.64,-52.96,9,stop_loss,36.34829,0.24593,2.78703,6.61657,london,2024
GBPJPY,-1,2024-01-12 08:00:00,2024-01-12 16:00:00,185.527,184.61011,185.98545,184.61011,0.1249,91.7,104.21,103.89,8,take_profit,20.87573,0.30563,1.1654,5.19461,london,2024
GBPJPY,1,2024-01-12 22:00:00,2024-01-15 08:00:00,184.673,185.293,184.22283,185.57334,0.1297,62.0,73.18,72.86,10,time_exit,18.66497,0.30011,-1.1785,4.25846,,2024
GBPJPY,1,2024-01-15 11:00:00,2024-01-15 21:00:00,185.276,185.545,184.92537,185.97726,0.1689,26.9,41.35,41.03,10,time_exit,18.68161,0.23375,1.03218,4.8383,london,2024
GBPJPY,-1,2024-01-16 12:00:00,2024-01-16 14:00:00,185.228,185.58309,185.58309,184.51783,0.168,-35.5,-54.29,-54.6,2,stop_loss,17.28634,0.23672,-0.11359,4.309,london,2024
GBPJPY,-1,2024-01-16 15:00:00,2024-01-16 18:00:00,185.506,185.87124,185.87124,184.77552,0.1617,-36.5,-53.74,-54.06,3,stop_loss,15.1222,0.24349,0.96661,4.10749,london,2024
GBPJPY,1,2024-01-16 20:00:00,2024-01-17 06:00:00,185.906,186.012,185.50895,186.7001,0.1472,10.6,14.2,13.88,10,time_exit,16.72308,0.2647,2.05555,3.84222,new_york,2024
GBPJPY,-1,2024-01-17 17:00:00,2024-01-17 18:00:00,187.522,187.98472,187.98472,186.59656,0.1267,-46.3,-53.35,-53.67,1,stop_loss,33.84669,0.30848,4.66807,4.30703,new_york,2024
GBPJPY,-1,2024-01-19 14:00:00,2024-01-19 17:00:00,187.652,188.07524,188.07524,186.80552,0.1371,-42.3,-52.8,-53.12,3,stop_loss,31.43534,0.28216,-0.07645,6.2497,london,2024
GBPJPY,-1,2024-01-22 15:00:00,2024-01-23 01:00:00,188.072,188.232,188.43725,187.3415,0.1573,-16.0,-22.9,-23.22,10,time_exit,11.24758,0.2435,0.60464,6.31327,london,2024
GBPJPY,-1,2024-01-24 05:00:00,2024-01-24 11:00:00,187.948,188.34392,188.34392,187.15616,0.1444,-39.6,-52.03,-52.34,6,stop_loss,16.11445,0.26395,-0.4017,4.27686,,2024
GBPJPY,1,2024-01-24 19:00:00,2024-01-25 05:00:00,187.837,187.711,187.3257,188.8596,0.1107,-12.6,-12.69,-13.01,10,time_exit,22.39367,0.34087,-0.22484,2.59272,new_york,2024
GBPJPY,-1,2024-01-25 07:00:00,2024-01-25 17:00:00,187.817,187.42,188.19296,187.06508,0.1502,39.7,54.26,53.94,10,time_exit,15.95645,0.25064,-0.10326,2.9102,london,2024
GBPJPY,1,2024-01-25 21:00:00,2024-01-26 07:00:00,187.691,187.704,187.27028,188.53243,0.1356,1.3,1.6,1.29,10,time_exit,18.47713,0.28048,-0.38914,2.15135,new_york,2024
GBPJPY,1,2024-01-26 19:00:00,2024-01-29 05:00:00,188.135,188.17,187.7314,188.94219,0.1414,3.5,4.5,4.19,10,time_exit,15.4121,0.26906,1.01984,1.97466,new_york,2024
GBPJPY,-1,2024-01-30 11:00:00,2024-01-30 19:00:00,187.074,187.40242,187.40242,186.41717,0.1739,-32.8,-51.97,-52.29,8,stop_loss,33.27713,0.21894,-2.2999,0.69575,london,2024
GBPJPY,1,2024-01-31 02:00:00,2024-01-31 12:00:00,187.036,187.297,186.66467,187.77866,0.1523,26.1,36.17,35.85,10,time_exit,29.52062,0.24755,-1.44901,0.03071,,2024
GBPJPY,-1,2024-01-31 18:00:00,2024-01-31 22:00:00,186.125,186.60436,186.60436,185.16628,0.1188,-47.9,-51.82,-52.14,4,stop_loss,25.79542,0.31957,-3.61215,-0.23322,new_york,2024
GBPJPY,1,2024-02-01 16:00:00,2024-02-02 02:00:00,185.656,186.571,185.05871,186.85059,0.0944,91.5,78.6,78.28,10,time_exit,37.67571,0.3982,-2.17191,-1.42947,new_york,2024
GBPJPY,-1,2024-02-06 00:00:00,2024-02-06 10:00:00,186.333,186.67448,186.67448,185.65004,0.1676,-34.1,-52.08,-52.4,10,stop_loss,29.18328,0.22765,-1.80256,-0.86522,,2024
GBPJPY,-1,2024-02-07 08:00:00,2024-02-07 10:00:00,186.496,186.76804,186.76804,185.95193,0.2083,-27.2,-51.57,-51.88,2,stop_loss,14.05185,0.18136,-0.10083,-1.7237,london,2024
GBPJPY,1,2024-02-08 03:00:00,2024-02-08 07:00:00,187.026,187.60636,186.73582,187.60636,0.1933,58.0,102.09,101.77,4,take_profit,15.76324,0.19345,1.38248,-0.48055,,2024
GBPJPY,1,2024-02-08 21:00:00,2024-02-09 07:00:00,188.455,188.458,188.10268,189.15963,0.1624,0.3,0.44,0.12,10,time_exit,43.22525,0.23488,4.51533,1.54421,new_york,2024
GBPJPY,1,2024-02-12 23:00:00,2024-02-13 09:00:00,188.591,189.10423,188.33439,189.10423,0.2229,51.3,104.1,103.78,10,take_profit,21.68464,0.17108,1.63085,4.18783,,2024
GBPJPY,1,2024-02-14 17:00:00,2024-02-15 03:00:00,189.124,188.76839,188.76839,189.83522,0.1641,-35.6,-53.1,-53.42,10,stop_loss,23.11213,0.23707,-0.04332,4.06124,new_york,2024
GBPJPY,-1,2024-02-16 00:00:00,2024-02-16 04:00:00,188.769,189.06403,189.06403,188.17894,0.1958,-29.5,-52.57,-52.89,4,stop_loss,21.84122,0.19669,0.26597,2.68752,,2024
GBPJPY,-1,2024-02-19 11:00:00,2024-02-19 21:00:00,189.185,189.137,189.4383,188.67841,0.2257,4.8,9.86,9.54,10,time_exit,12.15101,0.16886,0.45884,3.1449,london,2024
GBPJPY,1,2024-02-20 21:00:00,2024-02-21 07:00:00,189.331,189.484,189.04121,189.91058,0.1977,15.3,27.53,27.21,10,time_exit,15.13429,0.19319,0.53943,2.38861,new_york,2024
GBPJPY,1,2024-02-26 23:00:00,2024-02-27 03:00:00,191.134,190.85586,190.85586,191.69028,0.207,-27.8,-52.39,-52.71,4,stop_loss,31.43983,0.18543,2.13344,4.96221,,2024
GBPJPY,-1,2024-02-27 06:00:00,2024-02-27 16:00:00,190.731,190.532,190.97912,190.23475,0.2297,19.9,41.6,41.28,10,time_exit,24.15225,0.16542,-0.31256,5.37208,,2024
GBPJPY,-1,2024-02-29 01:00:00,2024-02-29 03:00:00,190.728,190.13226,191.02587,190.13226,0.1929,59.6,104.58,104.26,2,take_profit,12.10047,0.19858,-0.21054,2.73499,,2024
GBPJPY,1,2024-03-01 23:00:00,2024-03-04 09:00:00,190.027,190.565,189.67992,190.72117,0.1688,53.8,82.64,82.32,10,time_exit,18.17585,0.23139,0.1097,-0.18111,,2024
GBPJPY,1,2024-03-04 13:00:00,2024-03-04 23:00:00,190.654,191.03,190.33287,191.29627,0.1853,37.6,63.4,63.08,10,time_exit,14.19653,0.21409,2.45623,0.23871,london,2024
GBPJPY,-1,2024-03-07 03:00:00,2024-03-07 08:00:00,189.655,188.93855,190.01323,188.93855,0.168,71.6,109.53,109.21,5,take_profit,30.31769,0.23882,-2.99079,0.36414,,2024
GBPJPY,-1,2024-03-07 16:00:00,2024-03-07 17:00:00,188.435,188.87231,188.87231,187.56038,0.1404,-43.7,-55.87,-56.19,1,stop_loss,53.66348,0.29154,-4.47227,-1.29831,new_york,2024
GBPJPY,-1,2024-03-08 14:00:00,2024-03-08 15:00:00,188.725,189.2256,189.2256,187.7238,0.1214,-50.1,-55.3,-55.62,1,stop_loss,25.60124,0.33373,-2.28349,-1.42529,london,2024
GBPJPY,-1,2024-03-08 20:00:00,2024-03-11 06:00:00,188.914,188.822,189.42069,187.90061,0.1187,9.2,9.94,9.62,10,time_exit,22.30074,0.3378,-1.453,-1.49899,new_york,2024
GBPJPY,-1,2024-03-12 06:00:00,2024-03-12 16:00:00,189.014,188.611,189.41036,188.22128,0.1521,40.3,55.78,55.46,10,time_exit,37.27635,0.26424,1.14048,-3.03986,,2024
GBPJPY,1,2024-03-12 18:00:00,2024-03-13 04:00:00,188.907,188.41621,188.41621,189.88857,0.124,-49.1,-55.38,-55.7,10,stop_loss,22.62368,0.32719,0.60909,-2.19119,new_york,2024
GBPJPY,-1,2024-03-13 16:00:00,2024-03-14 02:00:00,189.372,188.933,189.7801,188.5558,0.1477,43.9,59.0,58.69,10,time_exit,17.15743,0.27207,1.95439,-1.76615,new_york,2024
GBPJPY,1,2024-03-14 13:00:00,2024-03-14 15:00:00,189.393,189.0885,189.0885,190.002,0.2,-30.5,-55.42,-55.74,2,stop_loss,13.07705,0.203,1.85638,-1.33149,london,2024
GBPJPY,1,2024-03-14 15:00:00,2024-03-14 16:00:00,189.203,188.90038,188.90038,189.80824,0.1993,-30.3,-54.88,-55.2,1,stop_loss,12.66302,0.20175,0.83047,-1.24963,london,2024
GBPJPY,1,2024-03-15 05:00:00,2024-03-15 09:00:00,189.105,188.80767,188.80767,189.69966,0.2008,-29.7,-54.33,-54.65,4,stop_loss,17.79943,0.19822,0.33271,-1.08096,,2024
GBPJPY,1,2024-03-15 16:00:00,2024-03-18 02:00:00,189.697,189.636,189.34172,190.40756,0.1663,-6.1,-9.23,-9.55,10,time_exit,18.36959,0.23685,2.36949,-0.51198,new_york,2024
GBPJPY,1,2024-03-18 03:00:00,2024-03-18 13:00:00,189.635,189.953,189.31833,190.26834,0.1863,31.8,53.91,53.59,10,time_exit,18.87447,0.21111,1.26141,0.26676,,2024
GBPJPY,-1,2024-03-18 16:00:00,2024-03-19 02:00:00,189.988,189.82,190.27663,189.41073,0.2064,16.8,31.55,31.24,10,time_exit,15.6679,0.19242,2.01076,1.10045,new_york,2024
GBPJPY,1,2024-03-19 04:00:00,2024-03-19 06:00:00,189.796,190.32763,189.53018,190.32763,0.2254,53.2,109.04,108.73,2,take_profit,15.70252,0.17721,0.61278,1.39477,,2024
GBPJPY,1,2024-03-20 00:00:00,2024-03-20 07:00:00,191.891,192.66127,191.50587,192.66127,0.1587,77.0,111.24,110.92,7,take_profit,48.56231,0.25676,5.15671,3.17563,,2024
GBPJPY,1,2024-03-20 09:00:00,2024-03-20 10:00:00,192.738,192.3998,192.3998,193.4144,0.1843,-33.8,-56.72,-57.04,1,stop_loss,56.53439,0.22547,7.2665,4.98804,london,2024
GBPJPY,1,2024-03-21 05:00:00,2024-03-21 11:00:00,192.57,193.44327,192.13337,193.44327,0.1413,87.3,112.29,111.97,6,take_profit,42.78476,0.29109,1.82184,5.34498,,2024
GBPJPY,-1,2024-03-22 16:00:00,2024-03-25 02:00:00,190.826,190.613,191.28823,189.90154,0.1362,21.3,26.4,26.08,10,time_exit,41.42436,0.30815,-3.1693,2.8863,new_york,2024
GBPJPY,-1,2024-03-25 10:00:00,2024-03-25 14:00:00,190.766,191.10506,191.10506,190.08789,0.1865,-33.9,-57.54,-57.86,4,stop_loss,46.60562,0.22604,-2.08973,1.58676,london,2024
GBPJPY,1,2024-03-27 01:00:00,2024-03-27 11:00:00,191.207,191.455,190.93944,191.74212,0.2339,24.8,52.79,52.47,10,time_exit,21.38594,0.17837,-0.65664,1.68632,,2024
GBPJPY,1,2024-03-27 20:00:00,2024-03-28 06:00:00,191.009,191.077,190.66399,191.69901,0.1831,6.8,11.33,11.01,10,time_exit,25.34214,0.23,-0.80862,0.68239,new_york,2024
GBPJPY,1,2024-03-29 03:00:00,2024-03-29 05:00:00,191.11,190.82505,190.82505,191.6799,0.2221,-28.5,-57.59,-57.91,2,stop_loss,12.59621,0.18997,0.15491,0.23303,,2024
GBPJPY,1,2024-03-29 13:00:00,2024-03-29 23:00:00,190.877,191.017,190.60233,191.42633,0.2281,14.0,29.06,28.74,10,time_exit,21.61455,0.18311,-1.01813,0.07007,london,2024
GBPJPY,1,2024-04-01 02:00:00,2024-04-01 12:00:00,191.096,191.046,190.80628,191.67544,0.2173,-5.0,-9.89,-10.21,10,time_exit,20.18722,0.19315,0.36586,-0.00585,,2024
GBPJPY,-1,2024-04-01 15:00:00,2024-04-01 18:00:00,190.969,190.44957,191.22871,190.44957,0.242,51.9,114.39,114.07,3,take_profit,16.59014,0.17314,-0.46612,0.09322,london,2024
GBPJPY,-1,2024-04-02 10:00:00,2024-04-02 12:00:00,190.35,190.59785,190.59785,189.8543,0.2587,-24.8,-58.35,-58.67,2,stop_loss,36.65316,0.16523,-2.07209,-1.4122,london,2024
GBPJPY,1,2024-04-02 21:00:00,2024-04-03 07:00:00,190.585,190.684,190.33551,191.08399,0.2544,9.9,22.92,22.6,10,time_exit,19.38663,0.16633,-0.30915,-1.48148,new_york,2024
GBPJPY,1,2024-04-03 12:00:00,2024-04-03 17:00:00,190.834,191.28684,190.60758,191.28684,0.2814,45.3,115.96,115.64,5,take_profit,11.40111,0.15095,1.29502,-1.38991,london,2024
GBPJPY,1,2024-04-04 03:00:00,2024-04-04 13:00:00,191.769,192.073,191.50945,192.28809,0.2504,30.4,69.27,68.95,10,time_exit,39.27052,0.17303,4.17961,0.64192,,2024
GBPJPY,1,2024-04-04 21:00:00,2024-04-04 22:00:00,192.084,191.84951,191.84951,192.55298,0.2804,-23.4,-59.83,-60.15,1,stop_loss,48.72624,0.15633,3.40904,2.78099,new_york,2024
GBPJPY,-1,2024-04-08 08:00:00,2024-04-08 17:00:00,191.706,192.00654,192.00654,191.10492,0.2165,-30.1,-59.21,-59.53,9,stop_loss,19.3886,0.20036,1.48707,1.18803,london,2024
GBPJPY,1,2024-04-09 07:00:00,2024-04-09 13:00:00,192.17,192.58858,191.96071,192.58858,0.3078,41.9,117.24,116.92,6,take_profit,24.93763,0.13953,2.75777,3.18042,london,2024
GBPJPY,1,2024-04-09 13:00:00,2024-04-09 17:00:00,192.533,192.30315,192.30315,192.99269,0.2859,-23.0,-59.8,-60.12,4,stop_loss,26.52757,0.15323,4.17767,3.25377,london,2024
GBPJPY,-1,2024-04-10 05:00:00,2024-04-10 10:00:00,192.309,192.55229,192.55229,191.82242,0.2674,-24.3,-59.2,-59.52,5,stop_loss,16.33171,0.16219,1.17844,3.55647,,2024
GBPJPY,1,2024-04-11 01:00:00,2024-04-11 11:00:00,191.754,192.327,191.33534,192.59132,0.1538,57.3,80.2,79.88,10,time_exit,29.54107,0.27911,-1.35832,1.69464,,2024
GBPJPY,-1,2024-04-11 12:00:00,2024-04-11 22:00:00,192.328,192.421,192.68193,191.62014,0.1844,-9.3,-15.61,-15.92,10,time_exit,24.61693,0.23595,1.15618,1.56784,london,2024
GBPJPY,1,2024-04-15 14:00:00,2024-04-15 17:00:00,192.289,191.87108,191.87108,193.12484,0.1558,-41.8,-59.25,-59.57,3,stop_loss,26.93637,0.27861,2.48419,-0.19052,london,2024
GBPJPY,-1,2024-04-16 04:00:00,2024-04-16 11:00:00,191.897,192.29847,192.29847,191.09406,0.1605,-40.1,-58.64,-58.96,7,stop_loss,21.16486,0.26765,0.39453,0.32204,,2024
GBPJPY,1,2024-04-17 14:00:00,2024-04-17 19:00:00,192.575,192.20552,192.20552,193.31397,0.1727,-36.9,-58.07,-58.39,5,stop_loss,16.46887,0.24632,1.52139,1.31981,london,2024
GBPJPY,-1,2024-04-23 07:00:00,2024-04-23 10:00:00,191.163,191.47228,191.47228,190.54443,0.2042,-30.9,-57.47,-57.79,3,stop_loss,23.52855,0.20619,-1.16941,-1.74158,london,2024
GBPJPY,1,2024-04-25 03:00:00,2024-04-25 08:00:00,193.453,194.13664,193.11118,194.13664,0.1829,68.4,113.78,113.47,5,take_profit,39.67661,0.22788,3.81008,2.23931,,2024
GBPJPY,1,2024-04-25 10:00:00,2024-04-25 15:00:00,194.587,194.22365,194.22365,195.31371,0.1755,-36.3,-58.03,-58.35,5,stop_loss,46.89889,0.24224,6.87943,2.96862,london,2024
GBPJPY,1,2024-04-25 15:00:00,2024-04-25 16:00:00,194.639,194.26391,194.26391,195.38918,0.1683,-37.5,-57.45,-57.76,1,stop_loss,52.65241,0.25006,5.58319,3.6772,london,2024
GBPJPY,-1,2024-04-26 13:00:00,2024-04-26 19:00:00,196.126,196.81855,196.81855,194.7409,0.0902,-69.3,-56.85,-57.16,6,stop_loss,28.08715,0.4617,4.01187,3.12291,london,2024
GBPJPY,-1,2024-04-29 03:00:00,2024-04-29 04:00:00,197.903,198.61097,198.61097,196.48707,0.0874,-70.8,-56.31,-56.63,1,stop_loss,21.0328,0.47198,5.22753,4.38657,,2024
GBPJPY,1,2024-04-30 07:00:00,2024-04-30 17:00:00,196.638,196.982,195.65851,198.59699,0.0625,34.4,19.56,19.25,10,time_exit,24.05351,0.653,0.79051,3.04503,london,2024
GBPJPY,-1,2024-04-30 21:00:00,2024-05-01 07:00:00,197.113,196.97,197.76344,195.81212,0.0945,14.3,12.3,11.98,10,time_exit,13.28439,0.43363,1.52112,4.52263,new_york,2024
GBPJPY,-1,2024-05-01 15:00:00,2024-05-01 23:00:00,197.108,196.35295,197.48553,196.35295,0.1631,75.5,112.07,111.75,8,take_profit,8.9898,0.25168,1.29833,7.38657,london,2024
GBPJPY,-1,2024-05-01 23:00:00,2024-05-02 00:00:00,196.746,195.83793,197.20004,195.83793,0.1383,90.8,114.28,113.96,1,take_profit,12.99336,0.30269,-0.18953,5.72672,,2024
GBPJPY,1,2024-05-02 03:00:00,2024-05-02 13:00:00,195.222,194.05752,194.05752,197.55096,0.055,-116.4,-58.28,-58.6,10,stop_loss,27.49809,0.77632,-1.53832,1.77927,,2024
GBPJPY,-1,2024-05-02 21:00:00,2024-05-03 07:00:00,192.068,191.872,192.96839,190.26722,0.0704,19.6,12.56,12.24,10,time_exit,53.00591,0.60026,-5.04243,0.37678,new_york,2024
GBPJPY,-1,2024-05-06 01:00:00,2024-05-06 02:00:00,191.712,192.23981,192.23981,190.65638,0.1204,-52.8,-57.83,-58.15,1,stop_loss,43.85157,0.35187,-3.84416,-3.30826,,2024
GBPJPY,-1,2024-05-08 17:00:00,2024-05-09 03:00:00,194.195,194.373,194.52799,193.52903,0.1889,-17.8,-30.6,-30.92,10,time_exit,16.87944,0.22199,2.36557,-1.04269,new_york,2024
GBPJPY,1,2024-05-09 21:00:00,2024-05-10 07:00:00,194.668,194.826,194.31396,195.37609,0.1767,15.8,25.41,25.09,10,time_exit,18.78956,0.23603,1.89533,0.77906,new_york,2024
GBPJPY,1,2024-05-13 06:00:00,2024-05-13 16:00:00,195.07,195.71153,194.74924,195.71153,0.1959,64.2,114.36,114.05,10,take_profit,15.86035,0.21384,1.11703,2.42306,,2024
GBPJPY,-1,2024-05-14 09:00:00,2024-05-14 11:00:00,196.36,195.85428,196.61286,195.85428,0.2535,50.6,116.66,116.34,2,take_profit,39.27284,0.16857,4.44913,5.44318,london,2024
GBPJPY,1,2024-05-17 15:00:00,2024-05-20 01:00:00,197.221,197.753,196.88954,197.88391,0.1973,53.2,95.52,95.2,10,time_exit,27.52681,0.22097,2.45735,4.32935,london,2024
GBPJPY,-1,2024-05-24 07:00:00,2024-05-24 13:00:00,199.248,199.5809,199.5809,198.58219,0.1995,-33.3,-60.44,-60.76,6,stop_loss,11.80243,0.22194,0.22415,6.03358,london,2024
GBPJPY,-1,2024-05-29 05:00:00,2024-05-29 15:00:00,200.585,200.342,200.82405,200.1069,0.2751,24.3,60.83,60.51,10,time_exit,17.23322,0.15937,1.88824,7.8759,,2024
GBPJPY,-1,2024-05-30 08:00:00,2024-05-30 09:00:00,199.551,198.90053,199.87623,198.90053,0.2042,65.0,120.87,120.55,1,take_profit,46.61553,0.21682,-3.10681,4.17151,london,2024
GBPJPY,-1,2024-05-30 14:00:00,2024-05-31 00:00:00,199.498,199.611,199.90789,198.67822,0.1653,-11.3,-17.0,-17.32,10,time_exit,49.2331,0.27326,-1.96176,2.61476,london,2024
GBPJPY,-1,2024-05-31 05:00:00,2024-05-31 11:00:00,199.319,199.72879,199.72879,198.49943,0.1649,-41.0,-61.49,-61.81,6,stop_loss,34.44433,0.27319,-1.85133,1.72531,,2024
GBPJPY,-1,2024-06-06 07:00:00,2024-06-06 09:00:00,199.109,199.53387,199.53387,198.25925,0.1574,-42.5,-60.86,-61.17,2,stop_loss,21.61096,0.28325,-0.29724,-0.46256,london,2024
GBPJPY,-1,2024-06-06 16:00:00,2024-06-07 02:00:00,199.707,199.15,200.17001,198.78097,0.143,55.7,72.48,72.16,10,time_exit,17.69518,0.30868,1.30453,-0.12751,new_york,2024
GBPJPY,1,2024-06-11 15:00:00,2024-06-11 16:00:00,200.119,199.76941,199.76941,200.81819,0.1917,-35.0,-60.99,-61.3,1,stop_loss,18.67399,0.23306,1.43292,1.30539,london,2024
GBPJPY,1,2024-06-11 18:00:00,2024-06-12 04:00:00,199.984,200.192,199.59873,200.75455,0.1722,20.8,32.59,32.28,10,time_exit,16.82851,0.25685,0.71997,1.18702,new_york,2024
GBPJPY,-1,2024-06-13 12:00:00,2024-06-13 15:00:00,201.266,200.53176,201.63312,200.53176,0.1816,73.4,121.34,121.02,3,take_profit,22.57923,0.24475,3.49206,2.37976,london,2024
GBPJPY,-1,2024-06-13 16:00:00,2024-06-13 19:00:00,200.751,199.95016,201.15142,199.95016,0.1699,80.1,123.82,123.5,3,take_profit,20.19276,0.26695,1.04855,2.24665,new_york,2024
GBPJPY,1,2024-06-14 13:00:00,2024-06-14 23:00:00,199.609,199.674,198.90554,201.01591,0.0986,6.5,5.83,5.51,10,time_exit,18.51882,0.46897,-1.96885,1.13938,london,2024
GBPJPY,1,2024-06-14 23:00:00,2024-06-17 09:00:00,199.616,199.334,199.00228,200.84343,0.1131,-28.2,-29.02,-29.34,10,time_exit,22.5042,0.40914,-1.38694,0.576,,2024
GBPJPY,-1,2024-06-20 10:00:00,2024-06-20 11:00:00,200.926,201.17222,201.17222,200.43357,0.2807,-24.6,-62.89,-63.21,1,stop_loss,10.4205,0.16414,1.16063,2.79859,london,2024
GBPJPY,1,2024-06-20 21:00:00,2024-06-21 07:00:00,201.23,201.182,200.91683,201.85634,0.2185,-4.8,-9.54,-9.86,10,time_exit,10.32093,0.20878,1.63693,2.49288,new_york,2024
GBPJPY,-1,2024-06-21 10:00:00,2024-06-21 11:00:00,201.178,200.63025,201.45188,200.63025,0.2494,54.8,124.31,124.0,1,take_profit,13.78278,0.18258,0.85842,3.00585,london,2024
GBPJPY,1,2024-06-25 10:00:00,2024-06-25 20:00:00,202.357,202.666,202.01218,203.04664,0.202,30.9,56.8,56.48,10,time_exit,12.9249,0.22988,1.51309,4.08777,london,2024
GBPJPY,-1,2024-06-26 23:00:00,2024-06-27 09:00:00,203.003,202.827,203.37866,202.25169,0.1871,17.6,29.97,29.65,10,time_exit,13.67805,0.25044,1.83443,3.94204,,2024
GBPJPY,1,2024-07-01 08:00:00,2024-07-01 16:00:00,203.876,204.57671,203.52565,204.57671,0.2016,70.1,128.55,128.23,8,take_profit,20.85057,0.23357,2.66528,4.17172,london,2024
GBPJPY,1,2024-07-03 03:00:00,2024-07-03 10:00:00,204.888,205.4272,204.6184,205.4272,0.2671,53.9,131.06,130.74,7,take_profit,32.5246,0.17973,3.494,6.90913,,2024
GBPJPY,-1,2024-07-03 14:00:00,2024-07-03 16:00:00,205.658,205.95306,205.95306,205.06788,0.249,-29.5,-66.86,-67.18,2,stop_loss,45.66409,0.19671,5.25539,6.97603,london,2024
GBPJPY,1,2024-07-04 19:00:00,2024-07-05 03:00:00,205.625,205.32793,205.32793,206.21915,0.2448,-29.7,-66.18,-66.5,8,stop_loss,28.83851,0.19805,1.23014,7.55767,new_york,2024
GBPJPY,-1,2024-07-05 11:00:00,2024-07-05 15:00:00,205.475,205.81218,205.81218,204.80064,0.2135,-33.7,-65.51,-65.83,4,stop_loss,26.59747,0.22479,0.15331,5.83654,london,2024
GBPJPY,-1,2024-07-08 11:00:00,2024-07-08 14:00:00,206.175,206.57544,206.57544,205.37413,0.178,-40.0,-64.86,-65.18,3,stop_loss,17.75622,0.26696,1.87402,4.44319,london,2024
GBPJPY,-1,2024-07-08 19:00:00,2024-07-09 05:00:00,206.205,206.149,206.62759,205.35982,0.167,5.6,8.51,8.19,10,time_exit,20.73194,0.28173,1.24335,4.34665,new_york,2024
GBPJPY,-1,2024-07-09 05:00:00,2024-07-09 13:00:00,206.105,206.41843,206.41843,205.47813,0.2254,-31.3,-64.29,-64.61,8,stop_loss,13.04708,0.20896,0.92558,5.49058,,2024
GBPJPY,-1,2024-07-09 13:00:00,2024-07-09 18:00:00,206.271,206.57698,206.57698,205.65903,0.2285,-30.6,-63.62,-63.94,5,stop_loss,13.18935,0.20399,1.46986,5.40914,london,2024
GBPJPY,1,2024-07-09 21:00:00,2024-07-10 07:00:00,206.212,206.557,205.90514,206.82572,0.2256,34.5,70.83,70.51,10,time_exit,18.15036,0.20457,0.71593,5.3067,new_york,2024
GBPJPY,1,2024-07-11 01:00:00,2024-07-11 11:00:00,207.589,207.977,207.32129,208.12441,0.2615,38.8,92.33,92.01,10,time_exit,49.23898,0.17847,4.80611,7.14949,,2024
GBPJPY,1,2024-07-11 22:00:00,2024-07-12 02:00:00,204.978,204.36846,204.36846,206.19707,0.1165,-61.0,-64.62,-64.94,4,stop_loss,64.14672,0.40636,-4.15895,2.34595,,2024
GBPJPY,-1,2024-07-15 12:00:00,2024-07-15 22:00:00,204.988,204.798,205.52858,203.90685,0.13,19.0,22.48,22.16,10,time_exit,44.76864,0.36038,-1.53201,-0.10563,london,2024
GBPJPY,1,2024-07-16 04:00:00,2024-07-16 14:00:00,205.317,205.356,204.85123,206.24854,0.1515,3.9,5.38,5.06,10,time_exit,31.03086,0.31051,0.14045,-0.68727,,2024
GBPJPY,1,2024-07-19 12:00:00,2024-07-19 22:00:00,203.141,203.346,202.5977,204.2276,0.1299,20.5,24.23,23.91,10,time_exit,16.15259,0.3622,-1.63762,-2.61642,london,2024
GBPJPY,1,2024-07-22 04:00:00,2024-07-22 08:00:00,203.529,203.13,203.13,204.327,0.1776,-39.9,-64.48,-64.8,4,stop_loss,10.63319,0.266,-0.16939,-3.4407,,2024
GBPJPY,-1,2024-07-22 17:00:00,2024-07-23 03:00:00,202.628,202.534,203.17986,201.52428,0.1271,9.4,10.87,10.55,10,time_exit,22.67715,0.36791,-1.76928,-2.75406,new_york,2024
GBPJPY,1,2024-07-23 06:00:00,2024-07-23 07:00:00,202.498,202.04027,202.04027,203.41347,0.1535,-45.8,-63.94,-64.26,1,stop_loss,19.12105,0.30516,-1.99245,-3.327,,2024
GBPJPY,1,2024-07-25 19:00:00,2024-07-26 02:00:00,198.345,197.32953,197.32953,200.37594,0.0685,-101.5,-63.3,-63.62,7,stop_loss,44.85881,0.67698,-0.48288,-4.61003,new_york,2024
GBPJPY,1,2024-07-26 08:00:00,2024-07-26 17:00:00,197.691,196.89786,196.89786,199.27729,0.0868,-79.3,-62.65,-62.97,9,stop_loss,20.25967,0.52876,-1.21642,-5.63411,london,2024
GBPJPY,-1,2024-07-29 06:00:00,2024-07-29 16:00:00,197.649,197.962,198.42663,196.09374,0.0877,-31.3,-24.98,-25.3,10,time_exit,19.33051,0.51842,-0.93948,-4.87102,,2024
GBPJPY,1,2024-07-30 23:00:00,2024-07-31 00:00:00,196.689,196.00411,196.00411,198.05878,0.0991,-68.5,-61.76,-62.08,1,stop_loss,26.83293,0.45659,-2.7927,-3.8878,,2024
GBPJPY,1,2024-07-31 19:00:00,2024-08-01 04:00:00,193.079,191.75607,191.75607,195.72485,0.0508,-132.3,-61.16,-61.47,9,stop_loss,44.93052,0.88195,-3.35211,-3.16099,new_york,2024
GBPJPY,1,2024-08-01 10:00:00,2024-08-01 11:00:00,192.132,191.07124,191.07124,194.25353,0.0627,-106.1,-60.52,-60.84,1,stop_loss,42.7402,0.70718,-3.29328,-4.94345,london,2024
GBPJPY,-1,2024-08-02 15:00:00,2024-08-02 17:00:00,189.858,188.12517,190.72442,188.12517,0.076,173.3,119.84,119.52,2,take_profit,39.76378,0.57761,-3.16742,-7.65735,london,2024
GBPJPY,-1,2024-08-05 18:00:00,2024-08-05 19:00:00,182.015,183.94301,183.94301,178.15898,0.0348,-192.8,-61.06,-61.37,1,stop_loss,57.28355,1.28534,-3.73927,-5.16521,new_york,2024
GBPJPY,1,2024-08-07 09:00:00,2024-08-07 19:00:00,186.706,187.029,185.10977,189.89847,0.0417,32.3,12.26,11.94,10,time_exit,22.25281,1.06416,1.37383,-5.0569,london,2024
GBPJPY,-1,2024-08-07 23:00:00,2024-08-08 09:00:00,186.345,185.854,187.61503,183.80494,0.0525,49.1,23.46,23.14,10,time_exit,19.55033,0.84669,0.44575,-4.94251,,2024
GBPJPY,-1,2024-08-08 15:00:00,2024-08-08 16:00:00,185.562,186.75002,186.75002,183.18596,0.0563,-118.8,-60.87,-61.18,1,stop_loss,20.1607,0.79201,-0.3008,-4.65123,london,2024
GBPJPY,-1,2024-08-12 05:00:00,2024-08-12 09:00:00,187.51,188.13557,188.13557,186.25887,0.1059,-62.6,-60.29,-60.6,4,stop_loss,13.03131,0.41704,1.11215,-4.29336,,2024
GBPJPY,1,2024-08-13 01:00:00,2024-08-13 09:00:00,187.828,188.9909,187.24655,188.9909,0.1127,116.3,119.26,118.95,8,take_profit,18.79321,0.38763,0.51568,-2.76316,,2024
GBPJPY,1,2024-08-15 16:00:00,2024-08-16 02:00:00,190.933,191.897,190.29919,192.20062,0.1055,96.4,92.55,92.23,10,time_exit,17.05402,0.42254,4.70031,0.33478,new_york,2024
GBPJPY,1,2024-08-16 03:00:00,2024-08-16 13:00:00,191.896,191.504,191.38078,192.92645,0.1317,-39.2,-46.98,-47.3,10,time_exit,43.03023,0.34348,5.73435,2.39061,,2024
GBPJPY,1,2024-08-19 08:00:00,2024-08-19 09:00:00,189.366,188.65354,188.65354,190.79092,0.0945,-71.2,-61.27,-61.59,1,stop_loss,26.54655,0.47497,-2.84258,2.28884,london,2024
GBPJPY,-1,2024-08-19 14:00:00,2024-08-19 18:00:00,189.515,190.30611,190.30611,187.93279,0.0843,-79.1,-60.69,-61.01,4,stop_loss,34.45274,0.5274,-1.6988,1.52641,london,2024
GBPJPY,-1,2024-08-19 23:00:00,2024-08-20 08:00:00,190.477,191.13611,191.13611,189.15878,0.1001,-65.9,-60.04,-60.36,9,stop_loss,23.9163,0.43941,0.39916,1.50108,,2024
GBPJPY,1,2024-08-20 14:00:00,2024-08-20 17:00:00,190.438,189.73458,189.73458,191.84485,0.0929,-70.3,-59.47,-59.79,3,stop_loss,14.04757,0.46895,0.01906,1.40029,london,2024
GBPJPY,-1,2024-08-21 18:00:00,2024-08-22 04:00:00,190.217,190.526,190.9196,188.8118,0.0921,-30.9,-25.9,-26.22,10,time_exit,21.37317,0.4684,0.34323,0.57528,new_york,2024
GBPJPY,-1,2024-08-22 07:00:00,2024-08-22 11:00:00,190.077,190.71804,190.71804,188.79492,0.1005,-64.1,-58.63,-58.94,4,stop_loss,21.60148,0.42736,0.05564,0.55273,london,2024
GBPJPY,-1,2024-08-26 10:00:00,2024-08-26 17:00:00,189.774,190.46241,190.46241,188.39719,0.0926,-68.8,-58.01,-58.33,7,stop_loss,23.48144,0.45894,-1.89659,0.87505,london,2024
GBPJPY,-1,2024-08-27 06:00:00,2024-08-27 10:00:00,191.089,191.58485,191.58485,190.0973,0.1273,-49.6,-57.44,-57.76,4,stop_loss,14.80017,0.33057,1.56688,0.87734,,2024
GBPJPY,1,2024-08-27 10:00:00,2024-08-27 20:00:00,191.082,190.979,190.61013,192.02573,0.1324,-10.3,-12.41,-12.73,10,time_exit,15.94005,0.31458,1.42519,1.03691,london,2024
GBPJPY,1,2024-08-29 04:00:00,2024-08-29 14:00:00,190.742,190.643,190.18827,191.84945,0.1126,-9.9,-10.14,-10.46,10,time_exit,24.54663,0.36915,-0.24315,0.82915,,2024
GBPJPY,-1,2024-08-29 23:00:00,2024-08-30 09:00:00,190.799,191.001,191.36546,189.66608,0.1098,-20.2,-20.18,-20.5,10,time_exit,15.3171,0.37764,-0.31798,0.82546,,2024
GBPJPY,1,2024-08-30 15:00:00,2024-08-30 16:00:00,191.659,191.21257,191.21257,192.55186,0.1389,-44.6,-56.43,-56.75,1,stop_loss,19.58138,0.29762,2.3835,0.98125,london,2024
GBPJPY,1,2024-09-02 01:00:00,2024-09-02 11:00:00,191.784,192.7035,191.32425,192.7035,0.1335,92.0,111.71,111.39,10,take_profit,20.69828,0.3065,1.91288,1.43704,,2024
GBPJPY,-1,2024-09-03 08:00:00,2024-09-03 11:00:00,192.327,191.38498,192.79801,191.38498,0.1329,94.2,113.93,113.61,3,take_profit,27.7413,0.31401,0.15644,3.24167,london,2024
GBPJPY,-1,2024-09-04 01:00:00,2024-09-04 11:00:00,190.596,190.525,191.17775,189.43249,0.1097,7.1,7.09,6.77,10,time_exit,33.05477,0.38784,-2.89258,1.21015,,2024
GBPJPY,1,2024-09-05 01:00:00,2024-09-05 02:00:00,188.827,188.23498,188.23498,190.01105,0.108,-59.2,-58.18,-58.5,1,stop_loss,45.74834,0.39468,-4.38739,-1.0472,,2024
GBPJPY,-1,2024-09-05 04:00:00,2024-09-05 14:00:00,188.904,188.778,189.53835,187.6353,0.0997,12.6,11.43,11.11,10,time_exit,49.25175,0.4229,-3.41976,-1.31414,,2024
GBPJPY,1,2024-09-06 10:00:00,2024-09-06 15:00:00,187.793,188.99631,187.19134,188.99631,0.1054,120.3,115.41,115.1,5,take_profit,29.10625,0.4011,-3.51606,-2.85166,london,2024
GBPJPY,1,2024-09-06 22:00:00,2024-09-09 08:00:00,186.979,187.443,186.06904,188.79892,0.0711,46.4,30.02,29.7,10,time_exit,30.81456,0.60664,-2.72773,-2.33914,,2024
GBPJPY,1,2024-09-10 01:00:00,2024-09-10 11:00:00,187.107,187.793,186.53091,188.25917,0.1128,68.6,70.42,70.1,10,time_exit,20.7915,0.38406,-1.55895,-4.38462,,2024
GBPJPY,-1,2024-09-11 20:00:00,2024-09-12 02:00:00,185.055,185.91593,185.91593,183.33313,0.0764,-86.1,-59.86,-60.17,6,stop_loss,44.28648,0.57396,-1.86471,-3.68982,new_york,2024
GBPJPY,-1,2024-09-16 22:00:00,2024-09-17 02:00:00,185.841,186.42486,186.42486,184.67329,0.1115,-58.4,-59.24,-59.56,4,stop_loss,23.31941,0.38924,1.64432,-3.88083,,2024
GBPJPY,-1,2024-09-17 06:00:00,2024-09-17 15:00:00,185.646,186.19608,186.19608,184.54584,0.1171,-55.0,-58.62,-58.94,9,stop_loss,23.28539,0.36672,0.77048,-3.48322,,2024
GBPJPY,-1,2024-09-18 13:00:00,2024-09-18 16:00:00,187.334,187.90979,187.90979,186.18241,0.1108,-57.6,-58.06,-58.37,3,stop_loss,21.61649,0.38386,2.8956,-0.98468,london,2024
GBPJPY,1,2024-09-19 08:00:00,2024-09-19 09:00:00,189.126,188.42751,188.42751,190.52298,0.0904,-69.8,-57.46,-57.78,1,stop_loss,26.12128,0.46566,4.05104,0.83822,london,2024
GBPJPY,-1,2024-09-20 19:00:00,2024-09-23 04:00:00,191.466,192.30019,192.30019,189.79761,0.0749,-83.4,-56.86,-57.18,9,stop_loss,28.14076,0.55613,3.48884,3.11916,new_york,2024
GBPJPY,-1,2024-09-23 08:00:00,2024-09-23 10:00:00,192.094,190.90795,192.68702,190.90795,0.1044,118.6,112.68,112.36,2,take_profit,31.50271,0.39535,4.11411,5.52578,london,2024
GBPJPY,-1,2024-09-26 20:00:00,2024-09-27 03:00:00,194.247,194.89813,194.89813,192.94474,0.0969,-65.1,-57.42,-57.73,7,stop_loss,17.84025,0.43409,3.17432,4.95873,new_york,2024
GBPJPY,1,2024-09-27 05:00:00,2024-09-27 08:00:00,194.557,195.73084,193.97008,195.73084,0.1065,117.4,113.76,113.44,3,take_profit,27.54842,0.39128,3.15581,5.858,,2024
GBPJPY,1,2024-09-27 08:00:00,2024-09-27 09:00:00,195.15,194.53906,194.53906,196.37188,0.1043,-61.1,-57.99,-58.3,1,stop_loss,29.11249,0.40729,4.11209,5.74121,london,2024
GBPJPY,-1,2024-09-30 02:00:00,2024-09-30 12:00:00,190.91,190.912,191.81607,189.09786,0.0696,-0.2,-0.13,-0.45,10,time_exit,32.32832,0.60405,-2.23455,1.8303,,2024
GBPJPY,1,2024-09-30 19:00:00,2024-10-01 05:00:00,191.935,192.681,191.10479,193.59543,0.076,74.6,51.59,51.27,10,time_exit,19.33653,0.55348,0.52031,0.94741,new_york,2024
GBPJPY,1,2024-10-01 06:00:00,2024-10-01 10:00:00,192.682,192.01064,192.01064,194.02473,0.0948,-67.1,-57.92,-58.24,4,stop_loss,23.46566,0.44758,1.86144,1.37243,,2024
GBPJPY,-1,2024-10-02 01:00:00,2024-10-02 06:00:00,190.706,191.50869,191.50869,189.10063,0.0785,-80.3,-57.34,-57.66,5,stop_loss,30.86186,0.53512,-1.64116,0.57602,,2024
GBPJPY,-1,2024-10-02 07:00:00,2024-10-02 13:00:00,191.494,192.20324,192.20324,190.07552,0.088,-70.9,-56.8,-57.11,6,stop_loss,27.75124,0.47283,0.03756,0.45143,london,2024
GBPJPY,1,2024-10-03 07:00:00,2024-10-03 08:00:00,194.583,193.856,193.856,196.03701,0.0849,-72.7,-56.17,-56.49,1,stop_loss,43.92996,0.48467,3.71728,2.21316,london,2024
GBPJPY,-1,2024-10-04 09:00:00,2024-10-04 10:00:00,191.925,192.45683,192.45683,190.86134,0.1149,-53.2,-55.61,-55.93,1,stop_loss,15.91935,0.35455,-1.96778,2.00425,london,2024
GBPJPY,-1,2024-10-04 14:00:00,2024-10-04 15:00:00,192.867,193.43105,193.43105,191.7389,0.1073,-56.4,-55.08,-55.39,1,stop_loss,14.12797,0.37603,0.6569,1.79937,london,2024
GBPJPY,-1,2024-10-04 23:00:00,2024-10-07 09:00:00,195.279,194.602,195.91235,194.0123,0.0946,67.7,58.28,57.96,10,time_exit,34.82095,0.42223,4.72909,2.59238,,2024
GBPJPY,-1,2024-10-07 17:00:00,2024-10-08 03:00:00,193.371,193.65,194.00135,192.1103,0.0961,-27.9,-24.4,-24.72,10,time_exit,25.62518,0.42023,-1.212,3.11103,new_york,2024
GBPJPY,1,2024-10-08 07:00:00,2024-10-08 10:00:00,193.661,193.0627,193.0627,194.85761,0.1007,-59.8,-54.83,-55.15,3,stop_loss,33.30933,0.39887,-0.31445,2.6846,london,2024
GBPJPY,1,2024-10-10 18:00:00,2024-10-11 04:00:00,194.059,194.259,193.48576,195.20548,0.1041,20.0,18.95,18.63,10,time_exit,17.63176,0.38216,-1.3265,2.74744,new_york,2024
GBPJPY,-1,2024-10-11 22:00:00,2024-10-14 08:00:00,194.915,194.95,195.35083,194.04335,0.1374,-3.5,-4.38,-4.69,10,time_exit,23.16049,0.29055,1.40537,2.66836,,2024
GBPJPY,1,2024-10-17 03:00:00,2024-10-17 05:00:00,194.298,193.88879,193.88879,195.11642,0.1462,-40.9,-54.44,-54.76,2,stop_loss,35.24896,0.27281,-1.63623,1.33728,,2024
GBPJPY,-1,2024-10-17 20:00:00,2024-10-18 06:00:00,195.433,195.175,195.91423,194.47055,0.1231,25.8,28.9,28.58,10,time_exit,27.45489,0.32082,2.3536,0.84875,new_york,2024
GBPJPY,-1,2024-10-18 12:00:00,2024-10-18 22:00:00,195.517,195.018,195.97582,194.59937,0.1298,49.9,58.94,58.62,10,time_exit,21.14212,0.30588,1.57458,1.56036,london,2024
GBPJPY,1,2024-10-21 04:00:00,2024-10-21 14:00:00,194.842,195.18,194.38931,195.74737,0.1329,33.8,40.88,40.56,10,time_exit,16.32301,0.30179,-0.83672,1.47193,,2024
GBPJPY,1,2024-10-22 06:00:00,2024-10-22 16:00:00,195.881,195.49484,195.49484,196.65332,0.157,-38.6,-55.17,-55.49,10,stop_loss,15.25063,0.25744,2.192,1.9509,,2024
GBPJPY,-1,2024-10-23 18:00:00,2024-10-23 21:00:00,198.132,197.07839,198.6588,197.07839,0.1139,105.4,109.21,108.89,3,take_profit,36.85684,0.3512,4.25624,3.49274,new_york,2024
GBPJPY,-1,2024-10-23 22:00:00,2024-10-24 08:00:00,197.278,197.031,197.82692,196.18016,0.1115,24.7,25.06,24.74,10,time_exit,30.80099,0.36595,1.40956,3.47279,,2024
GBPJPY,-1,2024-10-24 12:00:00,2024-10-24 16:00:00,197.02,197.56386,197.56386,195.93228,0.113,-54.4,-55.93,-56.24,4,stop_loss,25.84278,0.36257,0.29529,3.33247,london,2024
GBPJPY,-1,2024-10-24 21:00:00,2024-10-25 03:00:00,196.63,197.21249,197.21249,195.46503,0.1045,-58.2,-55.39,-55.71,6,stop_loss,18.79564,0.38832,-0.7879,2.88127,new_york,2024
GBPJPY,1,2024-10-28 15:00:00,2024-10-29 01:00:00,198.421,198.766,197.75908,199.74483,0.091,34.5,28.57,28.25,10,time_exit,30.8386,0.44128,1.4353,2.96837,london,2024
GBPJPY,1,2024-11-01 14:00:00,2024-11-01 18:00:00,197.152,198.35705,196.54947,198.35705,0.1005,120.5,110.21,109.89,4,take_profit,32.03819,0.40168,-0.50191,-0.1972,london,2024
GBPJPY,-1,2024-11-04 07:00:00,2024-11-04 17:00:00,197.208,197.296,197.74714,196.12972,0.1146,-8.8,-9.18,-9.5,10,time_exit,20.39153,0.35943,-0.53342,-0.11547,london,2024
GBPJPY,1,2024-11-05 06:00:00,2024-11-05 16:00:00,197.391,197.519,196.93785,198.29729,0.1361,12.8,15.85,15.53,10,time_exit,11.99882,0.3021,0.53099,-0.46436,,2024
GBPJPY,-1,2024-11-05 22:00:00,2024-11-05 23:00:00,197.204,197.67128,197.67128,196.26944,0.1323,-46.7,-56.26,-56.58,1,stop_loss,11.70729,0.31152,-0.59014,-0.03676,,2024
GBPJPY,1,2024-11-05 23:00:00,2024-11-06 03:00:00,197.411,198.33752,196.94774,198.33752,0.1321,92.7,111.38,111.06,4,take_profit,12.65937,0.30884,0.06583,-0.03471,,2024
GBPJPY,1,2024-11-07 02:00:00,2024-11-07 12:00:00,198.788,198.761,198.20865,199.9467,0.1078,-2.7,-2.65,-2.97,10,time_exit,31.35334,0.38623,1.41618,1.44316,,2024
GBPJPY,1,2024-11-07 12:00:00,2024-11-07 22:00:00,198.71,198.446,198.15173,199.82654,0.1118,-26.4,-26.86,-27.18,10,time_exit,21.81042,0.37218,0.47477,1.91698,london,2024
GBPJPY,-1,2024-11-08 11:00:00,2024-11-08 21:00:00,197.402,197.141,197.95416,196.29769,0.1125,26.1,26.72,26.4,10,time_exit,21.37763,0.3681,-2.93408,1.40673,london,2024
GBPJPY,1,2024-11-11 11:00:00,2024-11-11 15:00:00,198.353,197.86321,197.86321,199.33258,0.1274,-49.0,-56.78,-57.1,4,stop_loss,22.8858,0.32653,1.11364,0.30814,london,2024
GBPJPY,-1,2024-11-12 12:00:00,2024-11-12 22:00:00,197.627,197.022,198.08331,196.71438,0.1354,60.5,74.54,74.23,10,time_exit,24.69216,0.30421,-0.50423,-0.23047,london,2024
GBPJPY,1,2024-11-13 01:00:00,2024-11-13 11:00:00,196.987,197.514,196.56347,197.83406,0.1478,52.7,70.88,70.56,10,time_exit,26.30021,0.28235,-2.03398,-0.76553,,2024
GBPJPY,1,2024-11-14 00:00:00,2024-11-14 10:00:00,197.547,197.581,197.1148,198.41141,0.1466,3.4,4.54,4.22,10,time_exit,13.38257,0.28814,0.34998,-0.79241,,2024
GBPJPY,1,2024-11-15 03:00:00,2024-11-15 09:00:00,198.32,197.88872,197.88872,199.18256,0.147,-43.1,-57.69,-58.01,6,stop_loss,14.52048,0.28752,2.14321,-0.0557,,2024
GBPJPY,1,2024-11-18 02:00:00,2024-11-18 12:00:00,195.141,195.756,194.43328,196.55644,0.0887,61.5,49.64,49.32,10,time_exit,41.20569,0.47181,-3.39934,-1.47963,,2024
GBPJPY,1,2024-11-19 03:00:00,2024-11-19 10:00:00,195.574,195.02426,195.02426,196.67347,0.1152,-55.0,-57.63,-57.95,7,stop_loss,16.59335,0.36649,-1.44751,-2.58464,,2024
GBPJPY,-1,2024-11-19 11:00:00,2024-11-19 18:00:00,194.58,195.26228,195.26228,193.21545,0.0919,-68.2,-57.06,-57.38,7,stop_loss,16.27907,0.45485,-2.98542,-2.18687,london,2024
GBPJPY,1,2024-11-20 03:00:00,2024-11-20 13:00:00,196.549,197.332,195.84505,197.95689,0.0881,78.3,62.77,62.46,10,time_exit,15.5924,0.4693,1.711,-2.05359,,2024
GBPJPY,1,2024-11-21 18:00:00,2024-11-22 01:00:00,194.721,193.99636,193.99636,196.17028,0.0866,-72.5,-57.11,-57.42,7,stop_loss,31.24302,0.48309,-2.55062,-1.25175,new_york,2024
GBPJPY,-1,2024-11-25 04:00:00,2024-11-25 07:00:00,193.657,194.30964,194.30964,192.35173,0.0951,-65.3,-56.48,-56.8,3,stop_loss,28.69795,0.43509,-1.94598,-3.07103,,2024
GBPJPY,1,2024-11-25 11:00:00,2024-11-25 15:00:00,194.311,193.69584,193.69584,195.54132,0.0999,-61.5,-55.92,-56.24,4,stop_loss,22.02475,0.41011,-0.2538,-3.18329,london,2024
GBPJPY,1,2024-11-26 06:00:00,2024-11-26 16:00:00,192.928,193.035,192.34754,194.08891,0.1048,10.7,10.2,9.89,10,time_exit,26.17637,0.38697,-2.65712,-3.62462,,2024
GBPJPY,1,2024-11-28 19:00:00,2024-11-29 01:00:00,192.195,191.7372,191.7372,193.11059,0.1332,-45.8,-55.49,-55.81,6,stop_loss,13.74467,0.3052,0.25901,-5.63591,new_york,2024
GBPJPY,-1,2024-11-29 15:00:00,2024-11-29 18:00:00,190.671,191.21934,191.21934,189.57433,0.1101,-54.8,-54.94,-55.26,3,stop_loss,42.46696,0.36556,-2.42053,-4.93169,london,2024
GBPJPY,1,2024-12-02 00:00:00,2024-12-02 10:00:00,190.374,190.695,189.80373,191.51453,0.1048,32.1,30.61,30.29,10,time_exit,34.89149,0.38018,-1.68028,-4.89142,,2024
GBPJPY,1,2024-12-02 19:00:00,2024-12-03 05:00:00,188.614,189.813,187.88429,190.07341,0.0823,119.9,89.8,89.48,10,time_exit,28.35369,0.48647,-4.50493,-3.81898,new_york,2024
GBPJPY,1,2024-12-04 19:00:00,2024-12-05 05:00:00,190.885,191.005,190.28288,192.08925,0.1014,12.0,11.07,10.75,10,time_exit,22.05045,0.40142,1.50533,-3.35119,new_york,2024
GBPJPY,1,2024-12-06 06:00:00,2024-12-06 11:00:00,191.111,192.08987,190.62156,192.08987,0.125,97.9,111.35,111.03,5,take_profit,11.25614,0.32629,0.26269,-1.4845,,2024
GBPJPY,-1,2024-12-10 10:00:00,2024-12-10 13:00:00,193.094,193.58658,193.58658,192.10883,0.1267,-49.3,-56.79,-57.11,3,stop_loss,29.07407,0.32839,2.85647,1.31813,london,2024
GBPJPY,-1,2024-12-11 08:00:00,2024-12-11 11:00:00,193.724,194.11518,194.11518,192.94164,0.1579,-39.1,-56.21,-56.53,3,stop_loss_ambiguous,26.45507,0.26079,2.44981,3.70223,london,2024
GBPJPY,1,2024-12-11 19:00:00,2024-12-12 05:00:00,194.413,194.494,193.77333,195.69234,0.0956,8.1,7.05,6.73,10,time_exit,25.50548,0.42645,2.26614,2.63816,new_york,2024
GBPJPY,-1,2024-12-12 07:00:00,2024-12-12 08:00:00,194.293,194.76723,194.76723,193.34454,0.1291,-47.4,-55.71,-56.03,1,stop_loss,16.50895,0.31615,1.57387,3.93072,london,2024
GBPJPY,-1,2024-12-16 09:00:00,2024-12-16 11:00:00,194.126,194.56852,194.56852,193.24097,0.137,-44.3,-55.17,-55.49,2,stop_loss,12.90795,0.29501,0.68119,2.8605,london,2024
GBPJPY,-1,2024-12-16 14:00:00,2024-12-16 15:00:00,194.533,195.00673,195.00673,193.58554,0.1266,-47.4,-54.58,-54.89,1,stop_loss,13.41408,0.31582,1.66004,2.73671,london,2024
GBPJPY,1,2024-12-20 08:00:00,2024-12-20 18:00:00,196.088,196.463,195.37914,197.50572,0.0838,37.5,28.6,28.28,10,time_exit,18.58856,0.47257,-0.39934,3.17225,london,2024
GBPJPY,-1,2024-12-20 22:00:00,2024-12-23 08:00:00,196.546,196.812,197.17077,195.29645,0.0956,-26.6,-23.14,-23.46,10,time_exit,14.84827,0.41652,0.58293,3.17647,,2024
GBPJPY,-1,2024-12-24 00:00:00,2024-12-24 10:00:00,196.85,196.767,197.25384,196.04232,0.1472,8.3,11.12,10.8,10,time_exit,9.78309,0.26923,1.28433,4.61539,,2024
GBPJPY,-1,2024-12-24 12:00:00,2024-12-24 14:00:00,196.788,197.13691,197.13691,196.09019,0.1707,-34.9,-54.2,-54.52,2,stop_loss,14.22946,0.2326,0.33837,4.9327,london,2024
GBPJPY,1,2024-12-30 01:00:00,2024-12-30 11:00:00,198.243,198.555,197.80142,199.12617,0.1335,31.2,37.9,37.58,10,time_exit,24.81973,0.29439,1.6515,4.2027,,2024
GBPJPY,-1,2024-12-30 23:00:00,2024-12-31 09:00:00,196.746,196.218,197.29881,195.64039,0.1074,52.8,51.6,51.29,10,time_exit,32.48478,0.36854,-2.88191,2.72135,,2024
GBPJPY,1,2024-12-31 11:00:00,2024-12-31 18:00:00,196.024,197.04107,195.51546,197.04107,0.1179,101.7,109.12,108.8,7,take_profit,38.82342,0.33902,-3.63475,1.47356,london,2024
