symbol,direction,entry_dt,exit_dt,entry,exit,stop_loss,take_profit,size,pnl_pips,pnl_gross,pnl,bars_held,exit_reason,adx_entry,atr_entry,ema_distance,trend_gap,session,year
XAUUSD,-1,2019-01-15 22:00:00,2019-01-16 09:00:00,1290.42,1289.76,1293.76033,1283.73935,2.9937,6.6,19.76,19.36,10,time_exit,19.91892,2.22688,-0.22006,0.85418,,2019
XAUUSD,-1,2019-01-16 18:00:00,2019-01-17 05:00:00,1293.02,1292.52,1295.85471,1287.35059,3.5345,5.0,17.67,17.27,10,time_exit,13.07094,1.8898,1.32036,0.721,new_york,2019
XAUUSD,-1,2019-01-17 08:00:00,2019-01-17 10:00:00,1292.66,1295.00234,1295.00234,1287.97531,4.2849,-23.4,-100.37,-100.77,2,stop_loss,14.04445,1.56156,0.64958,1.26388,london,2019
XAUUSD,-1,2019-01-18 09:00:00,2019-01-18 11:00:00,1292.09,1287.54192,1294.36404,1287.54192,4.3693,45.5,198.72,198.32,2,take_profit,22.83469,1.51603,0.15111,1.09912,london,2019
XAUUSD,1,2019-01-21 02:00:00,2019-01-21 10:00:00,1282.64,1279.91696,1279.91696,1288.08609,3.7216,-27.2,-101.34,-101.74,8,stop_loss,43.73086,1.81536,-2.94747,-0.7065,,2019
XAUUSD,1,2019-01-21 15:00:00,2019-01-22 05:00:00,1277.76,1278.89,1275.22201,1282.83598,3.9529,11.3,44.67,44.27,10,time_exit,39.55778,1.69199,-4.29348,-1.90612,london,2019
XAUUSD,-1,2019-01-23 23:00:00,2019-01-24 10:00:00,1283.13,1278.98,1285.77118,1277.84764,3.8152,41.5,158.33,157.93,10,time_exit,14.87948,1.76079,-0.22562,-1.43861,,2019
XAUUSD,-1,2019-01-28 01:00:00,2019-01-28 11:00:00,1302.95,1300.65,1306.74334,1295.36333,2.6981,23.0,62.06,61.66,10,time_exit,46.77693,2.52889,6.1256,0.46135,,2019
XAUUSD,-1,2019-01-30 12:00:00,2019-01-30 21:00:00,1313.8,1316.47198,1316.47198,1308.45603,3.8534,-26.7,-102.96,-103.36,9,stop_loss,51.01205,1.78132,3.82491,6.67485,london,2019
XAUUSD,1,2019-01-31 11:00:00,2019-01-31 21:00:00,1320.67,1320.97,1317.41422,1327.18156,3.1307,3.0,9.39,8.99,10,time_exit,39.19896,2.17052,3.58247,6.25368,london,2019
XAUUSD,-1,2019-02-05 18:00:00,2019-02-06 05:00:00,1314.67,1314.37,1317.59387,1308.82226,3.4892,3.0,10.47,10.07,10,time_exit,20.85471,1.94925,0.14657,3.1949,new_york,2019
XAUUSD,1,2019-02-07 08:00:00,2019-02-07 14:00:00,1304.04,1309.06254,1301.52873,1309.06254,4.0665,50.2,204.24,203.84,6,take_profit,39.5791,1.67418,-4.13033,1.15558,london,2019
XAUUSD,1,2019-02-07 15:00:00,2019-02-07 17:00:00,1309.13,1306.45297,1306.45297,1314.48406,3.8908,-26.8,-104.16,-104.56,2,stop_loss,34.34814,1.78469,-0.36705,0.54385,london,2019
XAUUSD,1,2019-02-08 08:00:00,2019-02-08 15:00:00,1309.65,1314.2949,1307.32755,1314.2949,4.4398,46.4,206.22,205.82,7,take_profit,14.65243,1.5483,-0.12768,0.55163,london,2019
XAUUSD,1,2019-02-11 18:00:00,2019-02-12 05:00:00,1308.51,1307.62,1305.59114,1314.34772,3.6032,-8.9,-32.07,-32.47,10,time_exit,24.02831,1.94591,-0.94814,0.4003,new_york,2019
XAUUSD,-1,2019-02-12 05:00:00,2019-02-12 08:00:00,1308.78,1311.3283,1311.3283,1303.6834,4.1144,-25.5,-104.85,-105.25,3,stop_loss,17.60551,1.69887,-0.48794,0.10621,,2019
XAUUSD,1,2019-02-12 09:00:00,2019-02-12 17:00:00,1311.45,1308.91261,1308.91261,1316.52477,4.0906,-25.4,-103.79,-104.19,8,stop_loss,15.58218,1.69159,1.12603,0.07151,london,2019
XAUUSD,-1,2019-02-12 22:00:00,2019-02-13 07:00:00,1310.92,1313.62391,1313.62391,1305.51217,3.8001,-27.0,-102.75,-103.15,8,stop_loss,19.79546,1.80261,0.34622,0.34739,,2019
XAUUSD,-1,2019-02-14 18:00:00,2019-02-14 19:00:00,1309.43,1313.36013,1313.36013,1301.56973,2.5882,-39.3,-101.72,-102.12,1,stop_loss,13.87686,2.62009,0.01595,-0.11536,new_york,2019
XAUUSD,1,2019-02-15 03:00:00,2019-02-15 13:00:00,1312.46,1318.48,1309.00797,1319.36406,2.9171,60.2,175.61,175.21,10,time_exit,11.46017,2.30135,0.97663,0.13944,,2019
XAUUSD,-1,2019-02-18 02:00:00,2019-02-18 03:00:00,1321.18,1324.1393,1324.1393,1315.26141,3.462,-29.6,-102.45,-102.85,1,stop_loss,28.83364,1.97286,3.46932,1.56309,,2019
XAUUSD,-1,2019-02-19 10:00:00,2019-02-19 11:00:00,1325.92,1328.12696,1328.12696,1321.50608,4.5956,-22.1,-101.42,-101.82,1,stop_loss,27.67715,1.47131,3.06216,4.67653,london,2019
XAUUSD,-1,2019-02-19 16:00:00,2019-02-19 17:00:00,1331.93,1334.5999,1334.5999,1326.5902,3.7606,-26.7,-100.4,-100.8,1,stop_loss,34.46873,1.77993,4.89857,4.37195,new_york,2019
XAUUSD,-1,2019-02-19 23:00:00,2019-02-20 03:00:00,1340.68,1343.92806,1343.92806,1334.18389,3.0602,-32.5,-99.4,-99.8,3,stop_loss,50.67174,2.16537,6.29982,4.64226,,2019
XAUUSD,1,2019-02-22 15:00:00,2019-02-22 16:00:00,1323.13,1329.53835,1319.92582,1329.53835,3.0709,64.1,196.79,196.39,1,take_profit,48.0588,2.13612,-3.32337,2.52788,london,2019
XAUUSD,-1,2019-02-22 18:00:00,2019-02-25 05:00:00,1329.43,1331.36,1333.14707,1321.99586,2.7,-19.3,-52.11,-52.51,10,time_exit,39.05175,2.47805,-0.28614,2.07896,new_york,2019
XAUUSD,-1,2019-02-26 08:00:00,2019-02-26 18:00:00,1328.58,1326.56,1331.29389,1323.15223,3.6788,20.2,74.31,73.91,10,time_exit,16.52692,1.80926,-0.36714,1.6617,london,2019
XAUUSD,-1,2019-02-28 21:00:00,2019-03-01 08:00:00,1314.63,1310.37,1318.66342,1306.56316,2.4936,42.6,106.23,105.83,10,time_exit,28.77097,2.68895,-2.90467,-0.921,new_york,2019
XAUUSD,-1,2019-03-01 13:00:00,2019-03-01 17:00:00,1308.91,1312.10271,1312.10271,1302.52459,3.1833,-31.9,-101.63,-102.03,4,stop_loss,38.0177,2.12847,-4.02316,-2.63193,london,2019
XAUUSD,1,2019-03-01 20:00:00,2019-03-01 21:00:00,1298.42,1294.07841,1294.07841,1307.10319,2.3175,-43.4,-100.62,-101.02,1,stop_loss,36.73265,2.8944,-5.51617,-2.5826,new_york,2019
XAUUSD,-1,2019-03-05 19:00:00,2019-03-05 22:00:00,1283.58,1287.11434,1287.11434,1276.51132,2.8182,-35.3,-99.6,-100.0,3,stop_loss,28.39949,2.35623,-3.52048,-7.58794,new_york,2019
XAUUSD,1,2019-03-06 13:00:00,2019-03-06 23:00:00,1285.42,1286.4,1282.41348,1291.43304,3.2797,9.8,32.14,31.74,10,time_exit,14.19267,2.00435,-2.12397,-8.27769,london,2019
XAUUSD,1,2019-03-07 05:00:00,2019-03-07 08:00:00,1286.87,1284.09454,1284.09454,1292.42093,3.5641,-27.8,-98.92,-99.32,3,stop_loss,9.15134,1.85031,-0.75883,-8.22916,,2019
XAUUSD,-1,2019-03-07 08:00:00,2019-03-07 10:00:00,1284.46,1287.04415,1287.04415,1279.2917,3.7896,-25.8,-97.93,-98.33,2,stop_loss,8.97434,1.72277,-2.05188,-8.70155,london,2019
XAUUSD,-1,2019-03-07 11:00:00,2019-03-07 21:00:00,1286.49,1285.59,1289.48017,1280.50965,3.2421,9.0,29.18,28.78,10,time_exit,12.56897,1.99345,-0.62127,-7.41473,london,2019
XAUUSD,1,2019-03-08 06:00:00,2019-03-08 08:00:00,1287.17,1292.66761,1284.4212,1292.66761,3.5373,55.0,194.47,194.07,2,take_profit,19.77241,1.83254,0.14475,-7.01775,,2019
XAUUSD,1,2019-03-11 04:00:00,2019-03-11 14:00:00,1298.31,1295.06353,1295.06353,1304.80294,3.0548,-32.5,-99.17,-99.57,10,stop_loss,43.3805,2.16431,2.79378,-3.12686,,2019
XAUUSD,-1,2019-03-11 21:00:00,2019-03-12 04:00:00,1291.05,1294.10812,1294.10812,1284.93376,3.2104,-30.6,-98.18,-98.58,6,stop_loss,25.98689,2.03875,-1.24479,-2.37915,new_york,2019
XAUUSD,1,2019-03-12 07:00:00,2019-03-12 17:00:00,1296.25,1296.74,1293.65779,1301.43442,3.7494,4.9,18.37,17.97,10,time_exit,19.53421,1.72814,1.44726,-2.49839,london,2019
XAUUSD,1,2019-03-13 20:00:00,2019-03-14 05:00:00,1308.23,1305.54025,1305.54025,1313.6095,3.6201,-26.9,-97.37,-97.77,8,stop_loss,43.07722,1.79317,3.83682,1.0975,new_york,2019
XAUUSD,1,2019-03-14 08:00:00,2019-03-14 12:00:00,1303.1,1300.41451,1300.41451,1308.47098,3.5894,-26.9,-96.39,-96.79,4,stop_loss,35.03858,1.79033,-0.25313,1.84263,london,2019
XAUUSD,-1,2019-03-15 23:00:00,2019-03-18 10:00:00,1301.94,1304.07,1304.96278,1295.89443,3.1569,-21.3,-67.24,-67.64,10,time_exit,20.91584,2.01519,0.4502,0.46732,,2019
XAUUSD,1,2019-03-19 04:00:00,2019-03-19 14:00:00,1304.93,1308.12,1302.26178,1310.26644,3.551,31.9,113.28,112.88,10,time_exit,14.88651,1.77881,1.3901,0.95416,,2019
XAUUSD,1,2019-03-20 04:00:00,2019-03-20 11:00:00,1304.74,1302.04937,1302.04937,1310.12127,3.5634,-26.9,-95.88,-96.28,7,stop_loss,13.15203,1.79376,-0.19865,1.72488,,2019
XAUUSD,-1,2019-03-21 02:00:00,2019-03-21 05:00:00,1314.09,1318.52396,1318.52396,1305.22207,2.1407,-44.3,-94.92,-95.32,3,stop_loss,21.30674,2.95598,2.76629,1.05702,,2019
XAUUSD,-1,2019-03-21 06:00:00,2019-03-21 16:00:00,1318.34,1313.02,1322.4031,1310.21379,2.3126,53.2,123.03,122.63,10,time_exit,26.68161,2.70874,3.98378,1.55267,,2019
XAUUSD,-1,2019-03-21 17:00:00,2019-03-21 19:00:00,1313.02,1305.09539,1316.9823,1305.09539,2.4024,79.2,190.38,189.98,2,take_profit,27.41698,2.64154,0.79741,2.32189,new_york,2019
XAUUSD,1,2019-03-21 20:00:00,2019-03-22 07:00:00,1306.02,1308.17,1301.37761,1315.30479,2.0914,21.5,44.97,44.57,10,time_exit,25.60698,3.09493,-1.49663,1.86277,new_york,2019
XAUUSD,-1,2019-03-22 13:00:00,2019-03-22 23:00:00,1313.47,1313.29,1316.99675,1306.4165,2.7656,1.8,4.98,4.58,10,time_exit,19.67915,2.35117,1.32239,2.01205,london,2019
XAUUSD,-1,2019-03-26 14:00:00,2019-03-26 16:00:00,1314.69,1317.64694,1317.64694,1308.77612,3.3,-29.6,-97.58,-97.98,2,stop_loss,28.83697,1.97129,-1.06185,3.46179,london,2019
XAUUSD,1,2019-03-27 02:00:00,2019-03-27 10:00:00,1316.48,1313.24758,1313.24758,1322.94485,2.9885,-32.3,-96.6,-97.0,8,stop_loss,16.89514,2.15495,0.04866,2.70186,,2019
XAUUSD,1,2019-03-28 15:00:00,2019-03-28 16:00:00,1303.24,1299.66669,1299.66669,1310.38662,2.6762,-35.7,-95.63,-96.03,1,stop_loss,37.92171,2.38221,-3.75736,0.51889,london,2019
XAUUSD,-1,2019-03-29 03:00:00,2019-03-29 13:00:00,1291.58,1291.41,1295.41553,1283.90894,2.4682,1.7,4.2,3.8,10,time_exit,61.12866,2.55702,-5.27819,-1.54723,,2019
XAUUSD,-1,2019-04-01 02:00:00,2019-04-01 12:00:00,1292.37,1291.29,1295.83975,1285.43049,2.7295,10.8,29.48,29.08,10,time_exit,32.53975,2.31317,-2.33249,-3.44843,,2019
XAUUSD,-1,2019-04-01 23:00:00,2019-04-02 10:00:00,1287.21,1286.36,1290.86931,1279.89138,2.5961,8.5,22.07,21.67,10,time_exit,19.53629,2.43954,-2.7535,-3.70471,,2019
XAUUSD,1,2019-04-04 05:00:00,2019-04-04 15:00:00,1291.04,1288.63718,1288.63718,1295.84563,3.9627,-24.0,-95.22,-95.62,10,stop_loss,12.88311,1.60188,-0.146,-4.18184,,2019
XAUUSD,-1,2019-04-05 03:00:00,2019-04-05 13:00:00,1292.21,1289.94,1295.33252,1285.96496,3.0187,22.7,68.52,68.12,10,time_exit,14.86187,2.08168,0.62607,-2.7293,,2019
XAUUSD,-1,2019-04-08 09:00:00,2019-04-08 15:00:00,1296.43,1299.24776,1299.24776,1290.79448,3.3694,-28.2,-94.94,-95.34,6,stop_loss,20.31842,1.87851,2.43043,-1.85438,london,2019
XAUUSD,-1,2019-04-09 13:00:00,2019-04-09 15:00:00,1301.65,1304.14992,1304.14992,1296.65017,3.7596,-25.0,-93.99,-94.39,2,stop_loss,16.14609,1.66661,3.02796,0.24474,london,2019
XAUUSD,1,2019-04-11 08:00:00,2019-04-11 10:00:00,1307.2,1304.83026,1304.83026,1311.93949,3.9263,-23.7,-93.04,-93.44,2,stop_loss,13.22187,1.57983,1.95159,3.05802,london,2019
XAUUSD,-1,2019-04-12 11:00:00,2019-04-12 12:00:00,1292.26,1295.09647,1295.09647,1286.58707,3.2473,-28.4,-92.11,-92.51,1,stop_loss,41.84598,1.89098,-3.21905,-0.10715,london,2019
XAUUSD,1,2019-04-15 04:00:00,2019-04-15 05:00:00,1290.32,1287.64247,1287.64247,1295.67507,3.4055,-26.8,-91.18,-91.58,1,stop_loss,29.23714,1.78502,-2.73293,-1.31985,,2019
XAUUSD,-1,2019-04-15 06:00:00,2019-04-15 16:00:00,1288.5,1282.9168,1291.2916,1282.9168,3.2336,55.8,180.54,180.14,10,take_profit,31.05117,1.86107,-3.31627,-1.45487,,2019
XAUUSD,-1,2019-04-15 20:00:00,2019-04-16 07:00:00,1289.46,1284.93,1292.56878,1283.24244,2.9616,45.3,134.16,133.76,10,time_exit,30.68269,2.07252,-0.9681,-2.21616,new_york,2019
XAUUSD,1,2019-04-17 01:00:00,2019-04-17 11:00:00,1276.57,1276.47,1273.30616,1283.09769,2.8619,-1.0,-2.86,-3.26,10,time_exit,32.00531,2.1759,-3.69483,-3.6801,,2019
XAUUSD,1,2019-04-18 12:00:00,2019-04-18 15:00:00,1275.92,1273.45653,1273.45653,1280.84695,3.7903,-24.6,-93.37,-93.77,3,stop_loss,29.26102,1.64232,-0.81622,-6.36691,london,2019
XAUUSD,-1,2019-04-22 05:00:00,2019-04-22 15:00:00,1278.17,1276.89,1280.82717,1272.85566,3.4788,12.8,44.53,44.13,10,time_exit,16.04686,1.77145,1.01232,-5.33925,,2019
XAUUSD,1,2019-04-23 18:00:00,2019-04-24 05:00:00,1269.13,1269.79,1266.14323,1275.10354,3.1096,6.6,20.52,20.12,10,time_exit,32.62331,1.99118,-2.80769,-3.95615,new_york,2019
XAUUSD,-1,2019-04-24 05:00:00,2019-04-24 11:00:00,1270.62,1273.24907,1273.24907,1265.36185,3.5404,-26.3,-93.08,-93.48,6,stop_loss,30.75985,1.75272,-1.72324,-4.49891,,2019
XAUUSD,1,2019-04-25 01:00:00,2019-04-25 11:00:00,1275.76,1277.16,1272.69671,1281.88658,3.008,14.0,42.11,41.71,10,time_exit,22.91732,2.04219,0.9749,-3.17668,,2019
XAUUSD,1,2019-04-26 06:00:00,2019-04-26 15:00:00,1280.79,1278.09783,1278.09783,1286.17434,3.4382,-26.9,-92.56,-92.96,9,stop_loss,18.40646,1.79478,2.45828,-1.71164,,2019
XAUUSD,1,2019-04-30 05:00:00,2019-04-30 15:00:00,1282.29,1281.4,1280.01894,1286.83212,4.0348,-8.9,-35.91,-36.31,10,time_exit,16.44442,1.51404,0.73316,0.38606,,2019
XAUUSD,1,2019-04-30 21:00:00,2019-05-01 05:00:00,1284.15,1281.15526,1281.15526,1290.13948,3.0476,-29.9,-91.27,-91.67,7,stop_loss,15.51634,1.99649,0.96163,0.61232,new_york,2019
XAUUSD,1,2019-05-02 15:00:00,2019-05-02 16:00:00,1271.87,1268.94712,1268.94712,1277.71575,3.0912,-29.2,-90.35,-90.75,1,stop_loss,38.13953,1.94858,-3.07444,-1.11541,london,2019
XAUUSD,1,2019-05-06 18:00:00,2019-05-07 05:00:00,1279.61,1282.84,1276.50883,1285.81235,2.8842,32.3,93.16,92.76,10,time_exit,35.05491,2.06745,0.56669,-0.17559,new_york,2019
XAUUSD,-1,2019-05-08 04:00:00,2019-05-08 12:00:00,1286.19,1288.58069,1288.58069,1281.40863,3.7802,-23.9,-90.37,-90.77,8,stop_loss,17.16221,1.59379,2.77669,1.1865,,2019
XAUUSD,1,2019-05-08 16:00:00,2019-05-08 17:00:00,1289.79,1287.08987,1287.08987,1295.19027,3.3133,-27.0,-89.46,-89.86,1,stop_loss,24.83886,1.80009,3.20516,1.83656,new_york,2019
XAUUSD,-1,2019-05-08 18:00:00,2019-05-09 05:00:00,1282.81,1281.15,1285.97106,1276.48788,2.8018,16.6,46.51,46.11,10,time_exit,23.00636,2.10737,-0.61379,1.5421,new_york,2019
XAUUSD,1,2019-05-09 07:00:00,2019-05-09 16:00:00,1281.24,1286.33192,1278.69404,1286.33192,3.4968,50.9,178.05,177.65,9,take_profit,19.72873,1.69731,-0.98933,1.22141,london,2019
XAUUSD,-1,2019-05-13 08:00:00,2019-05-13 15:00:00,1284.08,1286.78394,1286.78394,1278.67212,3.3582,-27.0,-90.8,-91.2,7,stop_loss,16.56364,1.80263,-0.61433,1.47984,london,2019
XAUUSD,-1,2019-05-14 14:00:00,2019-05-15 01:00:00,1297.8,1296.88,1300.50544,1292.38911,3.3226,9.2,30.57,30.17,10,time_exit,41.71663,1.80363,2.66657,3.98477,london,2019
XAUUSD,1,2019-05-15 06:00:00,2019-05-15 09:00:00,1296.2,1293.79399,1293.79399,1301.01202,3.7487,-24.1,-90.19,-90.59,3,stop_loss,18.91165,1.60401,0.92167,4.59089,,2019
XAUUSD,1,2019-05-15 10:00:00,2019-05-15 11:00:00,1293.66,1298.39542,1291.29229,1298.39542,3.771,47.4,178.57,178.17,1,take_profit,19.29005,1.57847,-0.66985,4.50297,london,2019
XAUUSD,-1,2019-05-16 17:00:00,2019-05-16 18:00:00,1291.09,1285.2322,1294.0189,1285.2322,3.1093,58.6,182.14,181.74,1,take_profit,14.2991,1.9526,-2.28075,2.91414,new_york,2019
XAUUSD,1,2019-05-17 05:00:00,2019-05-17 15:00:00,1285.84,1283.18359,1283.18359,1291.15281,3.4967,-26.6,-92.89,-93.29,10,stop_loss,40.06396,1.77094,-3.60247,1.54636,,2019
XAUUSD,1,2019-05-17 18:00:00,2019-05-20 05:00:00,1276.04,1276.42,1272.49094,1283.13812,2.5909,3.8,9.85,9.45,10,time_exit,38.06101,2.36604,-5.55003,0.10207,new_york,2019
XAUUSD,1,2019-05-20 12:00:00,2019-05-20 22:00:00,1275.08,1277.92,1272.36756,1280.50488,3.3935,28.4,96.38,95.98,10,time_exit,39.63575,1.80829,-4.38119,-2.22013,london,2019
XAUUSD,-1,2019-05-21 22:00:00,2019-05-22 09:00:00,1274.56,1273.57,1277.20221,1269.27559,3.5201,9.9,34.85,34.45,10,time_exit,26.86043,1.76147,-1.53201,-3.70968,,2019
XAUUSD,-1,2019-05-22 11:00:00,2019-05-22 14:00:00,1273.25,1275.20858,1275.20858,1269.33284,4.7663,-19.6,-93.35,-93.75,3,stop_loss,28.42758,1.30572,-2.09742,-5.12715,london,2019
XAUUSD,-1,2019-05-23 02:00:00,2019-05-23 11:00:00,1273.87,1276.01874,1276.01874,1269.57252,4.3009,-21.5,-92.42,-92.82,9,stop_loss,21.04326,1.43249,-1.02316,-4.38359,,2019
XAUUSD,1,2019-05-23 15:00:00,2019-05-23 16:00:00,1277.29,1281.41808,1275.22596,1281.41808,4.4324,41.3,182.97,182.57,1,take_profit,19.96748,1.37603,1.54433,-4.07225,london,2019
XAUUSD,-1,2019-05-24 21:00:00,2019-05-27 04:00:00,1284.55,1287.09176,1287.09176,1279.46649,3.6712,-25.4,-93.31,-93.71,6,stop_loss,27.22011,1.6945,2.14364,-0.34607,new_york,2019
XAUUSD,1,2019-05-28 08:00:00,2019-05-28 15:00:00,1282.73,1281.13744,1281.13744,1285.91513,5.8004,-15.9,-92.38,-92.78,7,stop_loss,19.81456,1.06171,-0.98612,1.24199,london,2019
XAUUSD,1,2019-05-29 01:00:00,2019-05-29 09:00:00,1279.35,1284.26917,1276.89041,1284.26917,3.718,49.2,182.89,182.49,8,take_profit,29.43461,1.63972,-1.74493,0.01803,,2019
XAUUSD,1,2019-05-30 14:00:00,2019-05-30 16:00:00,1276.82,1281.96379,1274.24811,1281.96379,3.6266,51.4,186.54,186.14,2,take_profit,30.73549,1.7146,-2.05834,-0.74969,london,2019
XAUUSD,1,2019-05-31 11:00:00,2019-05-31 17:00:00,1295.15,1300.80341,1292.3233,1300.80341,3.3655,56.5,190.27,189.87,6,take_profit,53.09588,1.88447,5.1971,1.30575,london,2019
XAUUSD,-1,2019-06-03 09:00:00,2019-06-03 10:00:00,1311.23,1314.66752,1314.66752,1304.35496,2.8227,-34.4,-97.03,-97.43,1,stop_loss,75.6911,2.29168,6.13089,4.37681,london,2019
XAUUSD,1,2019-06-04 15:00:00,2019-06-05 02:00:00,1323.41,1325.37,1319.36225,1331.5055,2.3731,19.6,46.51,46.11,10,time_exit,48.41803,2.6985,3.15669,7.02675,london,2019
XAUUSD,1,2019-06-07 05:00:00,2019-06-07 15:00:00,1333.41,1341.16009,1329.53495,1341.16009,2.4908,77.5,193.04,192.64,10,take_profit,19.06017,2.58336,0.69799,7.5985,,2019
XAUUSD,1,2019-06-11 01:00:00,2019-06-11 09:00:00,1328.29,1324.67625,1324.67625,1335.5175,2.7242,-36.1,-98.45,-98.85,8,stop_loss,23.30178,2.40917,-1.32432,5.06686,,2019
XAUUSD,1,2019-06-12 01:00:00,2019-06-12 06:00:00,1327.0,1332.89396,1324.05302,1332.89396,3.307,58.9,194.91,194.51,5,take_profit,17.74018,1.96465,-0.67662,3.89927,,2019
XAUUSD,-1,2019-06-12 06:00:00,2019-06-12 09:00:00,1332.26,1335.30485,1335.30485,1326.17031,3.2646,-30.4,-99.4,-99.8,3,stop_loss,15.76714,2.0299,1.99437,3.62479,,2019
XAUUSD,-1,2019-06-13 22:00:00,2019-06-14 03:00:00,1341.42,1344.92714,1344.92714,1334.40572,2.8058,-35.1,-98.4,-98.8,4,stop_loss,26.13036,2.33809,2.88053,3.82054,,2019
XAUUSD,-1,2019-06-14 04:00:00,2019-06-14 05:00:00,1344.0,1347.22429,1347.22429,1337.55142,3.0213,-32.2,-97.42,-97.82,1,stop_loss,32.56453,2.14953,3.6636,4.4812,,2019
XAUUSD,-1,2019-06-14 08:00:00,2019-06-14 09:00:00,1344.91,1348.24077,1348.24077,1338.24846,2.8954,-33.3,-96.44,-96.84,1,stop_loss,35.65635,2.22051,3.35971,4.61631,london,2019
XAUUSD,1,2019-06-14 19:00:00,2019-06-14 20:00:00,1349.75,1344.74813,1344.74813,1359.75375,1.9087,-50.0,-95.47,-95.87,1,stop_loss,35.81037,3.33458,2.13216,3.83063,new_york,2019
XAUUSD,-1,2019-06-17 12:00:00,2019-06-17 15:00:00,1334.34,1338.96891,1338.96891,1325.08218,2.0417,-46.3,-94.51,-94.91,3,stop_loss,28.79697,3.08594,-2.23946,3.218,london,2019
XAUUSD,-1,2019-06-18 07:00:00,2019-06-18 08:00:00,1340.97,1344.42394,1344.42394,1334.06212,2.7088,-34.5,-93.56,-93.96,1,stop_loss,12.91684,2.30263,0.28985,3.33658,london,2019
XAUUSD,1,2019-06-19 05:00:00,2019-06-19 15:00:00,1343.25,1343.26,1338.58383,1352.58233,1.985,0.1,0.2,-0.2,10,time_exit,17.10426,3.11078,-0.10206,2.69944,,2019
XAUUSD,-1,2019-06-21 10:00:00,2019-06-21 20:00:00,1392.48,1396.15,1400.61698,1376.20603,1.1383,-36.7,-41.78,-42.18,10,time_exit,65.38619,5.42466,2.87706,4.84083,london,2019
XAUUSD,1,2019-06-24 08:00:00,2019-06-24 18:00:00,1402.41,1413.85,1394.48844,1418.25312,1.1639,114.4,133.15,132.75,10,time_exit,32.89667,5.28104,2.39898,5.68662,london,2019
XAUUSD,1,2019-06-25 19:00:00,2019-06-25 20:00:00,1429.74,1421.22168,1421.22168,1446.77664,1.0979,-85.2,-93.52,-93.92,1,stop_loss,37.06784,5.67888,2.63389,6.59722,new_york,2019
XAUUSD,1,2019-06-25 20:00:00,2019-06-26 01:00:00,1425.66,1416.61227,1416.61227,1443.75546,1.0233,-90.5,-92.59,-92.99,4,stop_loss,35.03907,6.03182,1.73265,6.20217,new_york,2019
XAUUSD,-1,2019-06-26 06:00:00,2019-06-26 16:00:00,1407.39,1406.06,1416.6259,1388.91821,0.9924,13.3,13.2,12.8,10,time_exit,31.00276,6.15726,-1.40428,5.63673,,2019
XAUUSD,-1,2019-06-26 20:00:00,2019-06-27 07:00:00,1413.01,1406.55,1421.29877,1396.43247,1.1073,64.6,71.53,71.13,10,time_exit,32.19024,5.52584,0.04078,5.06253,new_york,2019
XAUUSD,-1,2019-06-27 07:00:00,2019-06-27 17:00:00,1407.53,1405.16,1413.93367,1394.72265,1.4444,23.7,34.23,33.83,10,time_exit,25.47415,4.26912,-0.93831,5.72128,london,2019
XAUUSD,1,2019-06-27 23:00:00,2019-06-28 04:00:00,1408.19,1419.29783,1402.63609,1419.29783,1.6715,111.1,185.67,185.27,4,take_profit,29.82788,3.70261,-0.11062,5.08433,,2019
XAUUSD,-1,2019-07-01 09:00:00,2019-07-01 14:00:00,1386.11,1393.27248,1393.27248,1371.78504,1.322,-71.6,-94.69,-95.09,5,stop_loss,47.08745,4.77499,-4.16819,2.38789,london,2019
XAUUSD,-1,2019-07-02 16:00:00,2019-07-02 18:00:00,1391.5,1396.45916,1396.45916,1381.58168,1.8902,-49.6,-93.74,-94.14,2,stop_loss,24.2724,3.30611,-0.97976,0.43249,new_york,2019
XAUUSD,-1,2019-07-03 07:00:00,2019-07-03 17:00:00,1424.15,1418.85,1433.48877,1405.47246,0.9937,53.0,52.67,52.27,10,time_exit,47.83828,6.22585,3.20517,1.28847,london,2019
XAUUSD,1,2019-07-04 07:00:00,2019-07-04 10:00:00,1419.13,1412.77807,1412.77807,1431.83387,1.4691,-63.5,-93.32,-93.72,3,stop_loss,23.59409,4.23462,1.31496,2.94037,london,2019
XAUUSD,-1,2019-07-04 15:00:00,2019-07-05 01:00:00,1414.61,1420.22952,1420.22952,1403.37095,1.6439,-56.2,-92.38,-92.78,6,stop_loss,19.62056,3.74635,0.20417,3.12123,london,2019
XAUUSD,1,2019-07-08 06:00:00,2019-07-08 16:00:00,1397.92,1401.53,1390.8576,1412.0448,1.2949,36.1,46.75,46.35,10,time_exit,39.44955,4.70827,-2.04222,0.80232,,2019
XAUUSD,-1,2019-07-08 23:00:00,2019-07-09 10:00:00,1391.89,1392.68,1397.69041,1380.28918,1.5846,-7.9,-12.52,-12.92,10,time_exit,28.3408,3.86694,-3.12281,0.17641,,2019
XAUUSD,-1,2019-07-09 15:00:00,2019-07-09 18:00:00,1391.73,1396.9915,1396.9915,1381.207,1.7445,-52.6,-91.79,-92.19,3,stop_loss,38.38072,3.50767,-2.02079,-0.85593,london,2019
XAUUSD,-1,2019-07-09 22:00:00,2019-07-10 09:00:00,1397.89,1390.84,1402.96427,1387.74145,1.7907,70.5,126.24,125.84,10,time_exit,28.94774,3.38285,-0.05361,-0.98455,,2019
XAUUSD,-1,2019-07-10 11:00:00,2019-07-10 12:00:00,1391.99,1396.26157,1396.26157,1383.44686,2.1567,-42.7,-92.12,-92.52,1,stop_loss,19.14782,2.84771,-1.56372,-1.44615,london,2019
XAUUSD,1,2019-07-10 15:00:00,2019-07-10 16:00:00,1395.24,1403.30218,1391.20891,1403.30218,2.2624,80.6,182.4,182.0,1,take_profit,15.38222,2.68739,-0.35454,-1.5323,london,2019
XAUUSD,1,2019-07-11 17:00:00,2019-07-11 20:00:00,1414.26,1408.45081,1408.45081,1425.87838,1.6012,-58.1,-93.02,-93.42,3,stop_loss,35.55821,3.87279,0.93944,1.62322,new_york,2019
XAUUSD,1,2019-07-12 17:00:00,2019-07-15 01:00:00,1408.09,1419.23855,1402.51573,1419.23855,1.6519,111.5,184.16,183.76,7,take_profit,30.73365,3.71618,-0.1862,1.0151,new_york,2019
XAUUSD,1,2019-07-15 19:00:00,2019-07-16 06:00:00,1412.25,1413.26,1407.19254,1422.36492,1.8571,10.1,18.76,18.36,10,time_exit,15.64581,3.37164,0.14648,1.44925,new_york,2019
XAUUSD,1,2019-07-16 07:00:00,2019-07-16 15:00:00,1413.26,1409.07484,1409.07484,1421.63032,2.2485,-41.9,-94.1,-94.5,8,stop_loss,13.59039,2.79011,0.25462,1.76798,london,2019
XAUUSD,1,2019-07-16 16:00:00,2019-07-16 18:00:00,1410.85,1406.71028,1406.71028,1419.12944,2.2504,-41.4,-93.16,-93.56,2,stop_loss,12.64545,2.75981,-0.75724,1.72817,new_york,2019
XAUUSD,-1,2019-07-17 06:00:00,2019-07-17 16:00:00,1405.06,1409.84464,1409.84464,1395.49072,1.9275,-47.8,-92.22,-92.62,10,stop_loss,25.66438,3.18976,-1.58732,0.69457,,2019
XAUUSD,-1,2019-07-18 23:00:00,2019-07-19 10:00:00,1445.86,1439.47,1453.11562,1431.34876,1.2583,63.9,80.41,80.01,10,time_exit,31.13318,4.83708,5.36287,1.66569,,2019
XAUUSD,-1,2019-07-22 13:00:00,2019-07-22 23:00:00,1424.96,1424.67,1430.47962,1413.92075,1.6686,2.9,4.84,4.44,10,time_exit,20.50538,3.67975,-0.81782,2.69,london,2019
XAUUSD,1,2019-07-24 13:00:00,2019-07-24 18:00:00,1426.53,1422.23574,1422.23574,1435.11852,2.1457,-42.9,-92.14,-92.54,5,stop_loss,17.53812,2.86284,1.40831,1.06479,london,2019
XAUUSD,-1,2019-07-26 14:00:00,2019-07-26 16:00:00,1418.9,1423.03844,1423.03844,1410.62312,2.2041,-41.4,-91.22,-91.62,2,stop_loss,13.14065,2.75896,-0.36181,0.00287,london,2019
XAUUSD,-1,2019-07-29 07:00:00,2019-07-29 17:00:00,1420.61,1420.57,1424.68289,1412.46421,2.2171,0.4,0.89,0.49,10,time_exit,10.48269,2.71526,0.24218,0.02031,london,2019
XAUUSD,-1,2019-07-30 14:00:00,2019-07-30 15:00:00,1426.71,1430.24342,1430.24342,1419.64316,2.5558,-35.3,-90.31,-90.71,1,stop_loss,12.49181,2.35561,1.77051,0.77826,london,2019
XAUUSD,-1,2019-08-01 04:00:00,2019-08-01 14:00:00,1407.42,1403.81,1414.40448,1393.45104,1.28,36.1,46.21,45.81,10,time_exit,38.12608,4.65632,-3.61225,0.39224,,2019
XAUUSD,1,2019-08-01 19:00:00,2019-08-01 20:00:00,1415.28,1428.48662,1408.67669,1428.48662,1.3608,132.1,179.72,179.32,1,take_profit,50.72792,4.40221,-0.389,-0.77428,new_york,2019
XAUUSD,1,2019-08-01 22:00:00,2019-08-02 06:00:00,1439.31,1430.5717,1430.5717,1456.78661,1.0488,-87.4,-91.65,-92.05,7,stop_loss,46.40399,5.82554,3.52233,-0.34387,,2019
XAUUSD,1,2019-08-08 01:00:00,2019-08-08 11:00:00,1500.25,1496.73,1489.92121,1520.90757,0.8784,-35.2,-30.92,-31.32,10,time_exit,43.26985,6.88586,3.08109,4.43125,,2019
XAUUSD,-1,2019-08-12 02:00:00,2019-08-12 11:00:00,1496.48,1503.253,1503.253,1482.934,1.335,-67.7,-90.42,-90.82,9,stop_loss,14.78369,4.51533,-0.22584,6.35748,,2019
XAUUSD,-1,2019-08-12 11:00:00,2019-08-12 12:00:00,1489.93,1495.85537,1495.85537,1478.07927,1.5106,-59.3,-89.51,-89.91,1,stop_loss,18.29876,3.95024,-1.78251,6.54083,london,2019
XAUUSD,-1,2019-08-12 16:00:00,2019-08-12 21:00:00,1501.79,1508.67132,1508.67132,1488.02735,1.2877,-68.8,-88.61,-89.01,5,stop_loss,15.29356,4.58755,0.7729,5.56347,new_york,2019
XAUUSD,1,2019-08-12 22:00:00,2019-08-13 09:00:00,1512.34,1522.43,1505.02391,1526.97218,1.199,100.9,120.98,120.58,10,time_exit,14.06438,4.87739,2.5192,5.19032,,2019
XAUUSD,1,2019-08-14 23:00:00,2019-08-15 10:00:00,1513.8,1512.61,1504.25906,1532.88188,0.932,-11.9,-11.09,-11.49,10,time_exit,23.99918,6.36063,0.8818,3.19525,,2019
XAUUSD,1,2019-08-15 18:00:00,2019-08-16 05:00:00,1518.59,1517.78,1509.18848,1537.39305,0.9446,-8.1,-7.65,-8.05,10,time_exit,14.1953,6.26768,0.93269,3.19294,new_york,2019
XAUUSD,1,2019-08-20 08:00:00,2019-08-20 14:00:00,1495.16,1505.42296,1490.02852,1505.42296,1.7291,102.6,177.46,177.06,6,take_profit,41.40193,3.42099,-2.62762,1.42764,london,2019
XAUUSD,1,2019-08-20 16:00:00,2019-08-21 03:00:00,1504.22,1506.36,1499.35934,1513.94133,1.8619,21.4,39.84,39.44,10,time_exit,30.0253,3.24044,0.1925,1.26472,new_york,2019
XAUUSD,-1,2019-08-21 07:00:00,2019-08-21 17:00:00,1502.92,1503.13,1506.95958,1494.84085,2.2501,-2.1,-4.73,-5.13,10,time_exit,23.76358,2.69305,-0.51028,1.50837,london,2019
XAUUSD,1,2019-08-21 19:00:00,2019-08-22 06:00:00,1502.83,1501.56,1498.46015,1511.56971,2.0789,-12.7,-26.4,-26.8,10,time_exit,19.00165,2.91324,-0.09842,0.95241,new_york,2019
XAUUSD,-1,2019-08-22 11:00:00,2019-08-22 16:00:00,1498.53,1502.68113,1502.68113,1490.22775,2.1819,-41.5,-90.57,-90.97,5,stop_loss,16.4271,2.76742,-1.44744,0.71043,london,2019
XAUUSD,1,2019-08-22 21:00:00,2019-08-23 06:00:00,1499.38,1494.34707,1494.34707,1509.44586,1.7816,-50.3,-89.67,-90.07,8,stop_loss,18.66795,3.35529,-0.54689,0.25723,new_york,2019
XAUUSD,1,2019-08-23 18:00:00,2019-08-26 01:00:00,1519.26,1531.53566,1513.12217,1531.53566,1.4462,122.8,177.53,177.13,6,take_profit,27.33183,4.09189,4.70813,-0.0181,new_york,2019
XAUUSD,1,2019-08-27 10:00:00,2019-08-27 19:00:00,1532.99,1544.37431,1527.29785,1544.37431,1.5905,113.8,181.07,180.67,9,take_profit,16.48918,3.79477,2.21532,3.78716,london,2019
XAUUSD,1,2019-08-27 22:00:00,2019-08-28 05:00:00,1539.33,1533.34667,1533.34667,1551.29666,1.5433,-59.8,-92.34,-92.74,6,stop_loss,21.60272,3.98889,2.63277,3.95758,,2019
XAUUSD,1,2019-08-30 11:00:00,2019-08-30 21:00:00,1523.25,1525.43,1516.28654,1537.17692,1.3128,21.8,28.62,28.22,10,time_exit,21.40038,4.64231,-2.08919,2.10674,london,2019
XAUUSD,-1,2019-09-02 02:00:00,2019-09-02 12:00:00,1529.67,1525.67,1537.69469,1513.62061,1.1427,40.0,45.71,45.31,10,time_exit,15.95991,5.3498,0.00717,1.16032,,2019
XAUUSD,1,2019-09-03 16:00:00,2019-09-03 17:00:00,1532.46,1542.60856,1527.38572,1542.60856,1.816,101.5,184.3,183.9,1,take_profit,15.55218,3.38285,1.35099,1.04163,new_york,2019
XAUUSD,1,2019-09-05 10:00:00,2019-09-05 11:00:00,1548.08,1542.30464,1542.30464,1559.63071,1.6274,-57.8,-93.99,-94.39,1,stop_loss,18.21216,3.85024,1.52664,2.84523,london,2019
XAUUSD,-1,2019-09-06 04:00:00,2019-09-06 12:00:00,1517.54,1502.97901,1524.8205,1502.97901,1.278,145.6,186.09,185.69,8,take_profit,42.46367,4.85366,-3.3179,0.65581,,2019
XAUUSD,1,2019-09-06 18:00:00,2019-09-06 20:00:00,1520.08,1510.76243,1510.76243,1538.71513,1.0185,-93.2,-94.9,-95.3,2,stop_loss,43.77311,6.21171,-0.77153,-0.53471,new_york,2019
XAUUSD,-1,2019-09-09 13:00:00,2019-09-09 23:00:00,1509.1,1498.92,1515.89808,1495.50384,1.382,101.8,140.69,140.29,10,time_exit,24.1332,4.53205,-1.69805,-1.82821,london,2019
XAUUSD,-1,2019-09-10 05:00:00,2019-09-10 10:00:00,1487.77,1494.68277,1494.68277,1473.94446,1.3794,-69.1,-95.35,-95.75,5,stop_loss,26.36844,4.60851,-4.73288,-2.65238,,2019
XAUUSD,1,2019-09-10 15:00:00,2019-09-10 23:00:00,1491.87,1485.99388,1485.99388,1503.62224,1.6064,-58.8,-94.39,-94.79,8,stop_loss,29.51737,3.91741,-3.04592,-3.86544,london,2019
XAUUSD,-1,2019-09-16 07:00:00,2019-09-16 17:00:00,1503.11,1499.49,1511.68019,1485.96962,1.0904,36.2,39.47,39.07,10,time_exit,24.4043,5.71346,0.6465,-1.3259,london,2019
XAUUSD,1,2019-09-16 18:00:00,2019-09-17 05:00:00,1499.52,1498.6,1492.44987,1513.66025,1.3272,-9.2,-12.21,-12.61,10,time_exit,17.84522,4.71342,-0.20826,-1.2866,new_york,2019
XAUUSD,1,2019-09-18 19:00:00,2019-09-18 21:00:00,1507.9,1503.87053,1503.87053,1515.95895,2.3257,-40.3,-93.71,-94.11,2,stop_loss,12.65993,2.68632,2.23102,-1.02415,new_york,2019
XAUUSD,-1,2019-09-18 21:00:00,2019-09-18 22:00:00,1507.69,1498.63126,1512.21937,1498.63126,2.0482,90.6,185.54,185.14,1,take_profit,15.16218,3.01958,1.74401,-0.77582,new_york,2019
XAUUSD,1,2019-09-20 08:00:00,2019-09-20 14:00:00,1504.49,1500.306,1500.306,1512.85801,2.2615,-41.8,-94.62,-95.02,6,stop_loss,15.69692,2.78934,1.69307,-1.08487,london,2019
XAUUSD,-1,2019-09-20 23:00:00,2019-09-23 10:00:00,1516.49,1517.8,1521.96024,1505.54953,1.7124,-13.1,-22.43,-22.83,10,time_exit,20.23906,3.64682,3.85467,-0.196,,2019
XAUUSD,-1,2019-09-23 20:00:00,2019-09-24 07:00:00,1522.97,1520.27,1528.34219,1512.22561,1.7394,27.0,46.96,46.56,10,time_exit,28.95175,3.58146,3.20274,1.55409,new_york,2019
XAUUSD,1,2019-09-24 16:00:00,2019-09-24 17:00:00,1521.69,1517.70647,1517.70647,1529.65707,2.3574,-39.8,-93.91,-94.31,1,stop_loss,15.51848,2.65569,1.78699,3.11884,new_york,2019
XAUUSD,-1,2019-09-26 08:00:00,2019-09-26 18:00:00,1509.84,1508.38,1515.03185,1499.4563,1.7906,14.6,26.14,25.74,10,time_exit,37.14996,3.46123,-2.18697,1.44214,london,2019
XAUUSD,-1,2019-09-27 02:00:00,2019-09-27 12:00:00,1505.5,1494.55089,1510.97456,1494.55089,1.7028,109.5,186.44,186.04,10,take_profit,33.84121,3.6497,-1.86142,0.18993,,2019
XAUUSD,-1,2019-10-01 12:00:00,2019-10-01 13:00:00,1462.33,1468.77576,1468.77576,1449.43849,1.4751,-64.5,-95.08,-95.48,1,stop_loss,56.98014,4.29717,-4.69059,-4.12764,london,2019
XAUUSD,1,2019-10-02 16:00:00,2019-10-03 03:00:00,1492.42,1500.91,1485.97841,1505.30318,1.4613,84.9,124.06,123.66,10,time_exit,24.65348,4.29439,2.72109,-3.36014,new_york,2019
XAUUSD,-1,2019-10-03 04:00:00,2019-10-03 14:00:00,1500.94,1503.6,1507.11773,1488.58454,1.5437,-26.6,-41.06,-41.46,10,time_exit,39.25357,4.11849,3.28207,-1.99222,,2019
XAUUSD,1,2019-10-08 03:00:00,2019-10-08 13:00:00,1492.1,1502.90483,1486.69758,1502.90483,1.7576,108.0,189.91,189.51,10,take_profit,27.88946,3.60161,-2.35046,0.34055,,2019
XAUUSD,1,2019-10-09 03:00:00,2019-10-09 12:00:00,1508.81,1503.1455,1503.1455,1520.139,1.7097,-56.6,-96.85,-97.25,9,stop_loss,29.26769,3.77633,2.11368,0.36377,,2019
XAUUSD,1,2019-10-09 15:00:00,2019-10-10 01:00:00,1501.93,1512.57479,1496.60761,1512.57479,1.8013,106.4,191.74,191.34,9,take_profit,24.10957,3.54826,-0.14075,0.6551,london,2019
XAUUSD,1,2019-10-15 13:00:00,2019-10-15 16:00:00,1494.22,1490.02334,1490.02334,1502.61333,2.3301,-42.0,-97.79,-98.19,3,stop_loss,12.43797,2.79778,0.55396,-1.46485,london,2019
XAUUSD,1,2019-10-16 09:00:00,2019-10-16 14:00:00,1483.8,1479.96499,1479.96499,1491.47003,2.5242,-38.4,-96.8,-97.2,5,stop_loss,24.33105,2.55668,-1.58732,-2.60257,london,2019
XAUUSD,1,2019-10-18 01:00:00,2019-10-18 11:00:00,1491.81,1487.52,1486.94086,1501.54828,1.9682,-42.9,-84.44,-84.84,10,time_exit,20.97709,3.24609,0.73291,-1.02832,,2019
XAUUSD,-1,2019-10-21 04:00:00,2019-10-21 14:00:00,1490.63,1490.07,1494.18292,1483.52415,2.6734,5.6,14.97,14.57,10,time_exit,12.13772,2.36862,0.15419,-0.87184,,2019
XAUUSD,-1,2019-10-21 22:00:00,2019-10-22 09:00:00,1483.68,1485.86,1487.93634,1475.16732,2.235,-21.8,-48.72,-49.12,10,time_exit,13.87587,2.83756,-2.0837,-0.79012,,2019
XAUUSD,1,2019-10-23 01:00:00,2019-10-23 11:00:00,1487.83,1494.99207,1484.24896,1494.99207,2.6428,71.6,189.28,188.88,10,take_profit,15.51183,2.38736,0.19061,-1.35035,,2019
XAUUSD,1,2019-10-25 06:00:00,2019-10-25 14:00:00,1502.45,1509.23926,1499.05537,1509.23926,2.8436,67.9,193.06,192.66,8,take_profit,34.71854,2.26309,3.16466,1.37406,,2019
XAUUSD,-1,2019-10-25 17:00:00,2019-10-25 18:00:00,1514.4,1505.84837,1518.67582,1505.84837,2.3026,85.5,196.91,196.51,1,take_profit,45.65237,2.85054,5.20467,2.0476,new_york,2019
XAUUSD,1,2019-10-25 21:00:00,2019-10-28 08:00:00,1503.74,1505.79,1498.7047,1513.8106,1.9943,20.5,40.88,40.48,10,time_exit,39.11096,3.35687,0.98905,1.85907,new_york,2019
XAUUSD,-1,2019-10-29 20:00:00,2019-10-30 07:00:00,1488.88,1489.25,1493.99895,1478.6421,1.9696,-3.7,-7.29,-7.69,10,time_exit,35.51175,3.41263,-1.75436,0.01736,new_york,2019
XAUUSD,1,2019-10-30 11:00:00,2019-10-30 17:00:00,1488.97,1495.55835,1485.67583,1495.55835,3.0584,65.9,201.5,201.1,6,take_profit,21.32885,2.19612,-1.44344,-0.83231,london,2019
XAUUSD,-1,2019-11-01 22:00:00,2019-11-01 23:00:00,1508.33,1513.21708,1513.21708,1498.55585,2.1027,-48.9,-102.76,-103.16,1,stop_loss,19.83835,3.25805,0.65759,2.25945,,2019
XAUUSD,1,2019-11-04 19:00:00,2019-11-05 06:00:00,1507.33,1505.68,1502.83689,1516.31622,2.2641,-16.5,-37.36,-37.76,10,time_exit,12.52025,2.99541,-0.55495,2.63597,new_york,2019
XAUUSD,1,2019-11-05 12:00:00,2019-11-05 14:00:00,1505.06,1501.35257,1501.35257,1512.47485,2.7337,-37.1,-101.35,-101.75,2,stop_loss,20.72494,2.47162,-1.12353,2.38444,london,2019
XAUUSD,-1,2019-11-07 11:00:00,2019-11-07 17:00:00,1487.24,1479.68603,1491.01699,1479.68603,2.6564,75.5,200.66,200.26,6,take_profit,23.69207,2.51799,-1.93509,-2.00895,london,2019
XAUUSD,1,2019-11-11 14:00:00,2019-11-11 15:00:00,1464.52,1460.86636,1460.86636,1471.82727,2.8009,-36.5,-102.33,-102.73,1,stop_loss,20.80258,2.43576,-1.8239,-6.74439,london,2019
XAUUSD,1,2019-11-11 21:00:00,2019-11-12 08:00:00,1456.87,1451.90055,1451.90055,1466.80891,2.0386,-49.7,-101.31,-101.71,10,stop_loss,30.21476,3.31297,-2.76541,-5.26801,new_york,2019
XAUUSD,-1,2019-11-13 23:00:00,2019-11-14 10:00:00,1464.36,1469.01071,1469.01071,1455.05858,2.1564,-46.5,-100.29,-100.69,10,stop_loss,16.00812,3.10047,1.1401,-4.23324,,2019
XAUUSD,1,2019-11-14 18:00:00,2019-11-15 05:00:00,1469.57,1466.21,1465.37596,1477.95808,2.3672,-33.6,-79.54,-79.94,10,time_exit,16.79221,2.79603,2.02716,-3.17649,new_york,2019
XAUUSD,1,2019-11-15 13:00:00,2019-11-15 23:00:00,1465.48,1467.67,1461.62884,1473.18231,2.5573,21.9,56.0,55.6,10,time_exit,18.80568,2.56744,-0.08001,-2.42018,london,2019
XAUUSD,1,2019-11-18 06:00:00,2019-11-18 09:00:00,1465.99,1462.5619,1462.5619,1472.8462,2.8891,-34.3,-99.04,-99.44,3,stop_loss,14.8635,2.2854,-0.12197,-2.14176,,2019
XAUUSD,1,2019-11-20 20:00:00,2019-11-21 07:00:00,1471.42,1470.42,1466.45032,1481.35937,1.9729,-10.0,-19.73,-20.13,10,time_exit,23.30005,3.31312,-0.02002,0.14837,new_york,2019
XAUUSD,1,2019-11-21 21:00:00,2019-11-22 08:00:00,1464.71,1467.4,1459.64721,1474.83558,1.9326,26.9,51.99,51.59,10,time_exit,19.57344,3.37519,-1.75317,-0.07208,new_york,2019
XAUUSD,-1,2019-11-22 11:00:00,2019-11-22 12:00:00,1466.98,1470.5083,1470.5083,1459.9234,2.7877,-35.3,-98.36,-98.76,1,stop_loss,28.35881,2.3522,-0.66039,-0.70826,london,2019
XAUUSD,1,2019-11-22 12:00:00,2019-11-22 16:00:00,1471.25,1467.44551,1467.44551,1478.85899,2.5594,-38.0,-97.37,-97.77,4,stop_loss,26.91934,2.53633,1.02909,-0.61896,london,2019
XAUUSD,-1,2019-11-25 09:00:00,2019-11-25 19:00:00,1458.67,1456.39,1461.84698,1452.31603,3.0342,22.8,69.18,68.78,10,time_exit,36.46787,2.11799,-3.204,-1.66576,london,2019
XAUUSD,1,2019-11-26 05:00:00,2019-11-26 15:00:00,1454.5,1455.56,1451.35951,1460.78098,3.0913,10.6,32.77,32.37,10,time_exit,50.08105,2.09366,-2.88104,-3.01115,,2019
XAUUSD,1,2019-11-27 17:00:00,2019-11-28 04:00:00,1454.21,1456.41,1450.99601,1460.63798,3.0307,22.0,66.68,66.28,10,time_exit,16.12514,2.14266,-2.2282,-2.4997,new_york,2019
XAUUSD,1,2019-11-28 04:00:00,2019-11-28 14:00:00,1457.29,1455.6,1454.1931,1463.48379,3.1667,-16.9,-53.52,-53.92,10,time_exit,17.40075,2.0646,-0.30829,-2.71934,,2019
XAUUSD,-1,2019-11-28 18:00:00,2019-11-29 05:00:00,1455.77,1458.20638,1458.20638,1450.89725,4.0031,-24.4,-97.53,-97.93,6,stop_loss,12.87921,1.62425,-0.92891,-3.27538,new_york,2019
XAUUSD,1,2019-11-29 17:00:00,2019-11-29 18:00:00,1457.2,1462.51904,1454.54048,1462.51904,3.6304,53.2,193.1,192.7,1,take_profit,13.51255,1.77301,0.14215,-2.63162,new_york,2019
XAUUSD,1,2019-12-02 21:00:00,2019-12-03 08:00:00,1464.09,1460.20165,1460.20165,1471.8667,2.5326,-38.9,-98.48,-98.88,10,stop_loss,18.38303,2.59223,1.93221,-0.8766,new_york,2019
XAUUSD,-1,2019-12-05 02:00:00,2019-12-05 12:00:00,1475.66,1474.33,1479.52111,1467.93777,2.5249,13.3,33.58,33.18,10,time_exit,22.31538,2.57408,1.12962,2.56965,,2019
XAUUSD,1,2019-12-10 04:00:00,2019-12-10 13:00:00,1461.12,1466.22074,1458.56963,1466.22074,3.8355,51.0,195.64,195.24,9,take_profit,25.92903,1.70025,-2.16171,-1.16343,,2019
XAUUSD,-1,2019-12-11 05:00:00,2019-12-11 11:00:00,1464.11,1466.75184,1466.75184,1458.82632,3.7767,-26.4,-99.77,-100.17,6,stop_loss,16.28361,1.76123,-0.16344,-1.01357,,2019
XAUUSD,1,2019-12-12 12:00:00,2019-12-12 15:00:00,1473.47,1479.06017,1470.67492,1479.06017,3.5338,55.9,197.55,197.15,3,take_profit,44.445,1.86339,2.13057,1.13869,london,2019
XAUUSD,-1,2019-12-18 03:00:00,2019-12-18 09:00:00,1475.69,1478.28009,1478.28009,1470.50982,3.8895,-25.9,-100.74,-101.14,6,stop_loss,11.77936,1.72673,-0.03819,2.43716,,2019
XAUUSD,1,2019-12-18 21:00:00,2019-12-19 08:00:00,1474.56,1476.47,1471.3838,1480.9124,3.14,19.1,59.97,59.57,10,time_exit,19.67511,2.11747,-0.66085,1.70514,new_york,2019
XAUUSD,1,2019-12-19 22:00:00,2019-12-20 09:00:00,1479.81,1478.39,1476.95971,1485.51059,3.5199,-14.2,-49.98,-50.38,10,time_exit,20.22094,1.9002,1.73246,1.70544,,2019
XAUUSD,1,2019-12-20 12:00:00,2019-12-20 18:00:00,1478.33,1476.21158,1476.21158,1482.56684,4.7122,-21.2,-99.82,-100.22,6,stop_loss,18.01308,1.41228,0.68278,2.43787,london,2019
XAUUSD,1,2019-12-23 19:00:00,2019-12-24 04:00:00,1483.02,1488.28376,1480.38812,1488.28376,3.7548,52.6,197.64,197.24,8,take_profit,17.63949,1.75459,1.63345,2.53357,new_york,2019
XAUUSD,1,2019-12-24 10:00:00,2019-12-24 17:00:00,1489.97,1494.71576,1487.59712,1494.71576,4.2477,47.5,201.59,201.19,7,take_profit,32.11545,1.58192,4.213,3.8573,london,2019
XAUUSD,1,2019-12-24 19:00:00,2019-12-26 07:00:00,1498.91,1505.54703,1495.59148,1505.54703,3.0979,66.4,205.61,205.21,8,take_profit,42.60562,2.21234,5.7456,3.45786,new_york,2019
XAUUSD,1,2019-12-27 16:00:00,2019-12-30 03:00:00,1510.48,1514.23,1506.93588,1517.56824,2.9586,37.5,110.95,110.55,10,time_exit,33.67611,2.36275,2.5972,6.83415,new_york,2019
XAUUSD,-1,2019-12-30 04:00:00,2019-12-30 14:00:00,1514.21,1512.56,1517.53975,1507.5505,3.1823,16.5,52.51,52.11,10,time_exit,26.46494,2.21983,3.11447,7.46249,,2019
XAUUSD,-1,2019-12-31 08:00:00,2019-12-31 16:00:00,1523.34,1517.93023,1526.04488,1517.93023,3.9367,54.1,212.97,212.57,8,take_profit,35.0036,1.80326,5.51694,9.25715,london,2019
XAUUSD,-1,2020-01-02 20:00:00,2020-01-03 02:00:00,1525.28,1529.67521,1529.67521,1516.48957,2.4711,-44.0,-108.61,-109.01,5,stop_loss,26.59225,2.93014,1.81005,5.56326,new_york,2020
XAUUSD,1,2020-01-03 18:00:00,2020-01-06 01:00:00,1548.89,1560.27951,1543.19524,1560.27951,1.888,113.9,215.03,214.63,6,take_profit,53.78823,3.7965,4.47289,5.64114,new_york,2020
XAUUSD,-1,2020-01-06 09:00:00,2020-01-06 19:00:00,1574.43,1564.54,1582.39953,1558.49095,1.3761,98.9,136.1,135.7,10,time_exit,62.17154,5.31302,5.28557,5.42885,london,2020
XAUUSD,1,2020-01-06 19:00:00,2020-01-07 03:00:00,1564.76,1556.75438,1556.75438,1580.77124,1.3868,-80.1,-111.02,-111.42,7,stop_loss,51.67602,5.33708,1.78446,6.06655,new_york,2020
XAUUSD,-1,2020-01-07 21:00:00,2020-01-08 01:00:00,1572.42,1578.70929,1578.70929,1559.84142,1.7476,-62.9,-109.91,-110.31,3,stop_loss,21.56752,4.19286,2.43215,7.1268,new_york,2020
XAUUSD,-1,2020-01-08 02:00:00,2020-01-08 03:00:00,1595.04,1603.48001,1603.48001,1578.15999,1.2892,-84.4,-108.81,-109.21,1,stop_loss,25.17358,5.62667,5.41152,5.41377,,2020
XAUUSD,-1,2020-01-08 03:00:00,2020-01-08 12:00:00,1598.95,1579.24285,1608.80358,1579.24285,1.0931,197.1,215.42,215.02,9,take_profit,28.71828,6.56905,5.02091,4.74392,,2020
XAUUSD,-1,2020-01-08 21:00:00,2020-01-09 08:00:00,1556.07,1544.17,1567.45568,1533.29864,0.9649,119.0,114.82,114.42,10,time_exit,28.28616,7.59045,-2.09153,3.92981,new_york,2020
XAUUSD,1,2020-01-10 20:00:00,2020-01-13 07:00:00,1559.48,1555.19,1553.32627,1571.78746,1.8039,-42.9,-77.39,-77.79,10,time_exit,22.65526,4.10249,1.06694,2.30566,new_york,2020
XAUUSD,-1,2020-01-13 17:00:00,2020-01-14 03:00:00,1551.17,1541.14686,1556.18157,1541.14686,2.1995,100.2,220.46,220.06,9,take_profit,18.56162,3.34105,-1.13708,2.26518,new_york,2020
XAUUSD,-1,2020-01-14 04:00:00,2020-01-14 09:00:00,1537.68,1542.64162,1542.64162,1527.75676,2.266,-49.6,-112.43,-112.83,5,stop_loss,25.84372,3.30775,-4.44322,1.49735,,2020
XAUUSD,1,2020-01-17 05:00:00,2020-01-17 15:00:00,1553.72,1555.43,1549.68934,1561.78133,2.7614,17.1,47.22,46.82,10,time_exit,15.8398,2.68711,0.46976,1.20355,,2020
XAUUSD,-1,2020-01-17 15:00:00,2020-01-20 02:00:00,1559.01,1556.88,1562.53417,1551.96166,3.1715,21.3,67.55,67.15,10,time_exit,11.77459,2.34945,2.26516,1.62098,london,2020
XAUUSD,1,2020-01-23 02:00:00,2020-01-23 04:00:00,1561.48,1557.49251,1557.49251,1569.45498,2.8199,-39.9,-112.44,-112.84,2,stop_loss,18.61715,2.65833,1.58044,1.14005,,2020
XAUUSD,1,2020-01-23 17:00:00,2020-01-24 04:00:00,1563.04,1561.73,1558.01354,1573.09293,2.2145,-13.1,-29.01,-29.41,10,time_exit,16.98223,3.35098,1.74139,0.75713,new_york,2020
XAUUSD,1,2020-01-29 15:00:00,2020-01-30 02:00:00,1571.57,1578.29,1567.51132,1579.68736,2.7354,67.2,183.82,183.42,10,time_exit,27.78496,2.70579,-0.10649,2.42043,london,2020
XAUUSD,1,2020-01-30 20:00:00,2020-01-30 21:00:00,1584.85,1578.98785,1578.98785,1596.57431,1.9251,-58.6,-112.85,-113.25,1,stop_loss,19.41975,3.9081,2.14066,2.07293,new_york,2020
XAUUSD,-1,2020-01-31 23:00:00,2020-02-03 01:00:00,1586.85,1592.76394,1592.76394,1575.02211,1.8891,-59.1,-111.72,-112.12,1,stop_loss,26.97062,3.94263,2.05144,1.99745,,2020
XAUUSD,1,2020-02-04 05:00:00,2020-02-04 08:00:00,1576.5,1571.14969,1571.14969,1587.20063,2.0672,-53.5,-110.6,-111.0,3,stop_loss,19.51035,3.56688,-0.57567,1.59822,,2020
XAUUSD,-1,2020-02-04 12:00:00,2020-02-04 16:00:00,1568.18,1557.73007,1573.40496,1557.73007,2.0955,104.5,218.98,218.58,4,take_profit,27.08746,3.48331,-2.50095,1.17369,london,2020
XAUUSD,1,2020-02-11 10:00:00,2020-02-11 17:00:00,1568.53,1565.00841,1565.00841,1575.57318,3.1712,-35.2,-111.68,-112.08,7,stop_loss,21.05126,2.34773,-0.60456,0.68845,london,2020
XAUUSD,-1,2020-02-12 15:00:00,2020-02-12 18:00:00,1565.98,1569.72972,1569.72972,1558.48055,2.9483,-37.5,-110.55,-110.95,3,stop_loss,25.41345,2.49982,-0.78366,-0.04411,london,2020
XAUUSD,1,2020-02-13 17:00:00,2020-02-14 04:00:00,1575.39,1574.4,1571.17343,1583.82315,2.5956,-9.9,-25.7,-26.1,10,time_exit,26.28491,2.81105,1.74413,0.6106,new_york,2020
XAUUSD,1,2020-02-14 11:00:00,2020-02-14 16:00:00,1575.63,1581.97232,1572.45884,1581.97232,3.443,63.4,218.37,217.97,5,take_profit,22.63728,2.11411,1.21199,1.51388,london,2020
XAUUSD,1,2020-02-17 09:00:00,2020-02-17 10:00:00,1581.98,1579.14236,1579.14236,1587.65528,3.9245,-28.4,-111.36,-111.76,1,stop_loss,37.77091,1.89176,2.1131,3.13258,london,2020
XAUUSD,1,2020-02-18 01:00:00,2020-02-18 02:00:00,1580.32,1585.08604,1577.93698,1585.08604,4.6263,47.7,220.49,220.09,1,take_profit,22.15105,1.58868,1.31303,3.82565,,2020
XAUUSD,-1,2020-02-20 16:00:00,2020-02-20 17:00:00,1615.76,1620.73407,1620.73407,1605.81186,2.2607,-49.7,-112.45,-112.85,1,stop_loss,25.93121,3.31605,3.41567,5.32538,new_york,2020
XAUUSD,-1,2020-02-20 21:00:00,2020-02-21 05:00:00,1618.96,1624.74195,1624.74195,1607.39609,1.9253,-57.8,-111.32,-111.72,7,stop_loss,28.21361,3.85464,3.10536,4.84278,new_york,2020
XAUUSD,1,2020-02-21 14:00:00,2020-02-21 15:00:00,1635.32,1645.23319,1630.36341,1645.23319,2.2233,99.1,220.4,220.0,1,take_profit,49.02726,3.3044,5.61728,6.88321,london,2020
XAUUSD,-1,2020-02-24 08:00:00,2020-02-24 09:00:00,1661.6,1670.4688,1670.4688,1643.8624,1.2674,-88.7,-112.4,-112.8,1,stop_loss,67.99157,5.91253,4.58215,5.32898,london,2020
XAUUSD,1,2020-02-26 04:00:00,2020-02-26 14:00:00,1644.29,1644.74,1630.79305,1671.2839,0.8244,4.5,3.71,3.31,10,time_exit,25.45949,8.99797,-0.47759,3.04779,,2020
XAUUSD,-1,2020-02-26 19:00:00,2020-02-27 04:00:00,1639.82,1651.1427,1651.1427,1617.1746,0.983,-113.2,-111.3,-111.7,8,stop_loss,18.93557,7.54847,-0.80929,2.87754,new_york,2020
XAUUSD,-1,2020-02-28 09:00:00,2020-02-28 17:00:00,1633.12,1610.33387,1644.51307,1610.33387,0.9672,227.9,220.39,219.99,8,take_profit,11.89609,7.59538,-1.50292,1.85101,london,2020
XAUUSD,1,2020-02-28 21:00:00,2020-03-02 08:00:00,1574.17,1602.25,1555.44236,1611.62527,0.6001,280.8,168.51,168.11,10,time_exit,31.5121,12.48509,-4.56375,0.22613,new_york,2020
XAUUSD,-1,2020-03-03 07:00:00,2020-03-03 17:00:00,1600.23,1612.03119,1612.03119,1576.62761,0.9666,-118.0,-114.07,-114.47,10,stop_loss,28.55232,7.86746,-0.74693,-1.7101,london,2020
XAUUSD,-1,2020-03-10 08:00:00,2020-03-10 18:00:00,1664.77,1654.46,1679.27759,1635.75482,0.7784,103.1,80.25,79.85,10,time_exit,24.00153,9.67173,-0.5943,2.29177,london,2020
XAUUSD,1,2020-03-10 19:00:00,2020-03-11 06:00:00,1654.48,1658.98,1640.34322,1682.75356,0.8045,45.0,36.2,35.8,10,time_exit,32.89583,9.42452,-1.27225,1.7956,new_york,2020
XAUUSD,-1,2020-03-11 20:00:00,2020-03-12 07:00:00,1645.04,1636.23,1656.31313,1622.49373,1.012,88.1,89.16,88.76,10,time_exit,18.66106,7.51542,-2.10512,1.29129,new_york,2020
XAUUSD,1,2020-03-12 16:00:00,2020-03-12 17:00:00,1610.26,1596.40494,1596.40494,1637.97012,0.8298,-138.6,-114.97,-115.37,1,stop_loss,25.2191,9.23671,-4.04218,-0.11184,new_york,2020
XAUUSD,-1,2020-03-17 11:00:00,2020-03-17 17:00:00,1486.51,1512.8687,1512.8687,1433.7926,0.4318,-263.6,-113.82,-114.22,6,stop_loss,26.57711,17.57247,-2.33476,-3.7909,london,2020
XAUUSD,1,2020-03-18 06:00:00,2020-03-18 09:00:00,1530.59,1508.52215,1508.52215,1574.7257,0.5106,-220.7,-112.68,-113.08,3,stop_loss,27.52633,14.7119,0.51392,-3.9557,,2020
XAUUSD,-1,2020-03-18 10:00:00,2020-03-18 20:00:00,1512.65,1488.44,1533.58922,1470.77157,0.5327,242.1,128.97,128.57,10,time_exit,23.59196,13.95948,-0.73547,-4.00998,london,2020
XAUUSD,-1,2020-03-19 12:00:00,2020-03-19 22:00:00,1483.6,1467.88,1506.50265,1437.7947,0.4926,157.2,77.44,77.04,10,time_exit,14.98483,15.26843,-1.10608,-3.83739,london,2020
XAUUSD,-1,2020-03-20 18:00:00,2020-03-23 05:00:00,1499.18,1493.29,1517.17522,1463.18956,0.6313,58.9,37.18,36.78,10,time_exit,21.20016,11.99681,0.62156,-4.06022,new_york,2020
XAUUSD,1,2020-03-23 23:00:00,2020-03-24 10:00:00,1553.3,1572.55,1536.07541,1587.74918,0.6617,192.5,127.38,126.98,10,time_exit,40.27356,11.48306,4.17112,-2.34527,,2020
XAUUSD,1,2020-03-24 16:00:00,2020-03-25 03:00:00,1599.69,1623.71,1575.93962,1647.19076,0.4852,240.2,116.55,116.15,10,time_exit,60.39411,15.83359,3.71079,0.06875,new_york,2020
XAUUSD,-1,2020-03-25 13:00:00,2020-03-25 23:00:00,1622.16,1616.7,1643.31749,1579.84501,0.5502,54.6,30.04,29.64,10,time_exit,44.20071,14.105,2.86459,2.05014,london,2020
XAUUSD,1,2020-03-26 18:00:00,2020-03-27 05:00:00,1625.78,1626.15,1603.72452,1669.89096,0.5291,3.7,1.96,1.56,10,time_exit,36.38068,14.70365,1.62747,2.37074,new_york,2020
XAUUSD,-1,2020-03-27 10:00:00,2020-03-27 20:00:00,1624.92,1623.59,1639.72231,1595.31537,0.7885,13.3,10.49,10.09,10,time_exit,33.77918,9.86821,1.18933,3.84544,london,2020
XAUUSD,-1,2020-03-31 03:00:00,2020-03-31 13:00:00,1616.44,1594.85161,1627.2342,1594.85161,1.0822,215.9,233.63,233.23,10,take_profit,16.70103,7.19613,-0.31993,3.98434,,2020
XAUUSD,1,2020-03-31 14:00:00,2020-03-31 20:00:00,1600.54,1589.7034,1589.7034,1622.21319,1.0995,-108.4,-119.15,-119.55,6,stop_loss,25.7184,7.2244,-2.17674,3.31357,london,2020
XAUUSD,-1,2020-04-02 01:00:00,2020-04-02 11:00:00,1589.06,1586.94,1600.97004,1565.23993,0.9903,21.2,20.99,20.59,10,time_exit,22.38958,7.94002,-0.60535,0.55877,,2020
XAUUSD,1,2020-04-06 07:00:00,2020-04-06 12:00:00,1617.3,1637.48536,1607.20732,1637.48536,1.1707,201.9,236.31,235.91,5,take_profit,23.23011,6.72845,1.04019,1.77283,london,2020
XAUUSD,-1,2020-04-06 14:00:00,2020-04-06 16:00:00,1637.01,1647.07229,1647.07229,1616.88542,1.1977,-100.6,-120.52,-120.92,2,stop_loss,26.69282,6.70819,3.28619,2.16294,london,2020
XAUUSD,1,2020-04-07 08:00:00,2020-04-07 10:00:00,1658.07,1645.98994,1645.98994,1682.23011,0.9876,-120.8,-119.3,-119.7,2,stop_loss,49.93,8.05337,2.81021,3.27466,london,2020
XAUUSD,1,2020-04-07 19:00:00,2020-04-08 06:00:00,1655.09,1648.68,1639.80082,1685.66836,0.7725,-64.1,-49.52,-49.92,10,time_exit,30.37351,10.19279,1.27198,2.78055,new_york,2020
XAUUSD,-1,2020-04-09 06:00:00,2020-04-09 10:00:00,1648.13,1656.82771,1656.82771,1630.73458,1.3522,-87.0,-117.61,-118.01,4,stop_loss,16.84168,5.79847,0.21543,4.0127,,2020
XAUUSD,1,2020-04-14 23:00:00,2020-04-15 09:00:00,1727.84,1714.31589,1714.31589,1754.88823,0.8609,-135.2,-116.43,-116.83,9,stop_loss,40.30139,9.01608,2.23666,5.27006,,2020
XAUUSD,1,2020-04-15 14:00:00,2020-04-15 19:00:00,1721.38,1709.60153,1709.60153,1744.93694,0.9786,-117.8,-115.26,-115.66,5,stop_loss,21.84704,7.85231,1.04905,5.73457,london,2020
XAUUSD,-1,2020-04-20 13:00:00,2020-04-20 16:00:00,1680.43,1691.44971,1691.44971,1658.39058,1.0354,-110.2,-114.1,-114.5,3,stop_loss,42.74952,7.34647,-1.86633,1.30041,london,2020
XAUUSD,1,2020-04-21 07:00:00,2020-04-21 12:00:00,1688.88,1679.06772,1679.06772,1708.50455,1.1512,-98.1,-112.96,-113.36,5,stop_loss,19.14206,6.54152,-0.55268,1.06205,london,2020
XAUUSD,1,2020-04-21 17:00:00,2020-04-22 04:00:00,1679.55,1687.54,1665.21982,1708.21036,0.7803,79.9,62.35,61.95,10,time_exit,24.42341,9.55345,-1.01096,0.39324,new_york,2020
XAUUSD,-1,2020-04-22 13:00:00,2020-04-22 19:00:00,1702.04,1714.27211,1714.27211,1677.57579,0.9193,-122.3,-112.45,-112.85,6,stop_loss,15.98205,8.15474,1.76702,0.28286,london,2020
XAUUSD,-1,2020-04-22 23:00:00,2020-04-23 10:00:00,1717.66,1717.48,1729.34957,1694.28085,0.9523,1.8,1.71,1.31,10,time_exit,29.20921,7.79305,2.94323,0.93851,,2020
XAUUSD,-1,2020-04-27 10:00:00,2020-04-27 11:00:00,1714.59,1723.33823,1723.33823,1697.09354,1.2726,-87.5,-111.33,-111.73,1,stop_loss,22.86328,5.83215,-1.0689,3.04912,london,2020
XAUUSD,1,2020-04-28 08:00:00,2020-04-28 12:00:00,1697.23,1713.94161,1688.87419,1713.94161,1.319,167.1,220.43,220.03,4,take_profit,38.53858,5.57054,-3.10032,1.85101,london,2020
XAUUSD,-1,2020-04-28 23:00:00,2020-04-29 10:00:00,1708.75,1704.29,1719.28069,1687.68862,1.0675,44.6,47.61,47.21,10,time_exit,22.29141,7.02046,-0.24279,0.82311,,2020
XAUUSD,-1,2020-04-29 12:00:00,2020-04-29 22:00:00,1704.49,1712.37655,1712.37655,1688.7169,1.4313,-78.9,-112.88,-113.28,10,stop_loss,13.94382,5.2577,-0.94796,0.84354,london,2020
XAUUSD,-1,2020-04-29 22:00:00,2020-04-29 23:00:00,1704.43,1713.63618,1713.63618,1686.01765,1.2139,-92.1,-111.75,-112.15,1,stop_loss,12.22715,6.13745,-0.53415,0.44519,,2020
XAUUSD,-1,2020-04-30 09:00:00,2020-04-30 15:00:00,1715.3,1698.80002,1723.54999,1698.80002,1.341,165.0,221.26,220.86,6,take_profit,18.12405,5.49999,1.0759,0.66838,london,2020
XAUUSD,-1,2020-04-30 18:00:00,2020-04-30 19:00:00,1705.71,1685.78734,1715.67133,1685.78734,1.1328,199.2,225.68,225.28,1,take_profit,25.08128,6.64089,-0.68376,0.5946,new_york,2020
XAUUSD,-1,2020-05-01 07:00:00,2020-05-01 17:00:00,1687.9,1688.5,1697.81864,1668.06273,1.1603,-6.0,-6.96,-7.36,10,time_exit,39.1821,6.61242,-2.08028,-0.38463,london,2020
XAUUSD,1,2020-05-05 07:00:00,2020-05-05 10:00:00,1698.21,1690.16556,1690.16556,1714.29889,1.4298,-80.4,-115.02,-115.42,3,stop_loss,16.9649,5.36296,-0.30568,-0.31856,london,2020
XAUUSD,-1,2020-05-05 11:00:00,2020-05-05 21:00:00,1698.29,1706.39873,1706.39873,1682.07253,1.4042,-81.1,-113.86,-114.26,10,stop_loss,16.65482,5.40582,-0.29736,-0.29319,london,2020
XAUUSD,1,2020-05-06 02:00:00,2020-05-06 12:00:00,1705.19,1701.09,1696.82882,1721.91235,1.3481,-41.0,-55.27,-55.67,10,time_exit,19.8793,5.57412,0.78618,-0.12691,,2020
XAUUSD,1,2020-05-06 12:00:00,2020-05-06 15:00:00,1703.55,1696.27016,1696.27016,1718.10968,1.5407,-72.8,-112.16,-112.56,3,stop_loss,23.72519,4.85323,0.35719,0.01568,london,2020
XAUUSD,-1,2020-05-06 18:00:00,2020-05-07 05:00:00,1689.3,1691.63,1698.39086,1671.11827,1.2214,-23.3,-28.46,-28.86,10,time_exit,23.02881,6.06058,-1.91694,-0.09673,new_york,2020
XAUUSD,-1,2020-05-08 12:00:00,2020-05-08 21:00:00,1719.73,1704.73711,1727.22644,1704.73711,1.4774,149.9,221.5,221.1,9,take_profit,41.79355,4.99763,2.80255,0.74788,london,2020
XAUUSD,-1,2020-05-12 12:00:00,2020-05-12 22:00:00,1705.01,1701.84,1711.63364,1691.76272,1.7054,31.7,54.06,53.66,10,time_exit,21.31735,4.41576,0.51239,0.01081,london,2020
XAUUSD,-1,2020-05-13 02:00:00,2020-05-13 12:00:00,1704.06,1701.09,1711.02663,1690.12674,1.6292,29.7,48.39,47.99,10,time_exit,15.23904,4.64442,0.15866,0.09177,,2020
XAUUSD,1,2020-05-14 08:00:00,2020-05-14 16:00:00,1711.84,1724.6991,1705.41045,1724.6991,1.7727,128.6,227.95,227.55,8,take_profit,20.19846,4.28637,0.79807,0.89802,london,2020
XAUUSD,1,2020-05-14 16:00:00,2020-05-14 17:00:00,1716.89,1730.45054,1710.10973,1730.45054,1.7146,135.6,232.51,232.11,1,take_profit,18.51886,4.52018,1.38787,1.13615,new_york,2020
XAUUSD,1,2020-05-14 19:00:00,2020-05-15 06:00:00,1733.28,1732.15,1724.87574,1750.08853,1.4109,-11.3,-15.94,-16.34,10,time_exit,23.36832,5.60284,3.58162,1.2134,new_york,2020
XAUUSD,1,2020-05-20 21:00:00,2020-05-21 05:00:00,1749.42,1741.67306,1741.67306,1764.91388,1.5285,-77.5,-118.41,-118.81,7,stop_loss,19.9825,5.16463,0.95408,3.00467,new_york,2020
XAUUSD,-1,2020-05-22 06:00:00,2020-05-22 09:00:00,1727.92,1734.70086,1734.70086,1714.35828,1.7287,-67.8,-117.22,-117.62,3,stop_loss,33.14441,4.52057,-1.74805,1.20226,,2020
XAUUSD,1,2020-05-25 02:00:00,2020-05-25 08:00:00,1731.76,1725.03458,1725.03458,1745.21085,1.7255,-67.3,-116.05,-116.45,6,stop_loss,21.7788,4.48362,-0.65245,0.84123,,2020
XAUUSD,-1,2020-05-27 13:00:00,2020-05-27 20:00:00,1705.81,1712.18362,1712.18362,1693.06277,1.8024,-63.7,-114.88,-115.28,7,stop_loss,42.60007,4.24908,-3.13424,-1.78764,london,2020
XAUUSD,1,2020-05-28 11:00:00,2020-05-28 20:00:00,1719.0,1712.30555,1712.30555,1732.38889,1.6988,-66.9,-113.73,-114.13,9,stop_loss,22.07853,4.46296,0.95901,-1.99567,london,2020
XAUUSD,1,2020-06-02 08:00:00,2020-06-02 18:00:00,1736.53,1730.2202,1730.2202,1749.14961,1.7843,-63.1,-112.59,-112.99,10,stop_loss,11.95189,4.20654,0.60747,1.49007,london,2020
XAUUSD,1,2020-06-03 16:00:00,2020-06-03 17:00:00,1709.05,1700.27802,1700.27802,1726.59396,1.2706,-87.7,-111.46,-111.86,1,stop_loss,37.02717,5.84799,-3.35603,0.1318,new_york,2020
XAUUSD,-1,2020-06-04 19:00:00,2020-06-05 06:00:00,1713.89,1708.65,1723.96654,1693.73692,1.095,52.4,57.38,56.98,10,time_exit,35.03654,6.71769,0.11962,-1.37806,new_york,2020
XAUUSD,-1,2020-06-05 17:00:00,2020-06-08 04:00:00,1680.02,1686.23,1690.30286,1659.45428,1.0786,-62.1,-66.98,-67.38,10,time_exit,22.48777,6.85524,-4.3392,-1.45287,new_york,2020
XAUUSD,-1,2020-06-08 16:00:00,2020-06-08 19:00:00,1691.35,1698.66108,1698.66108,1676.72784,1.5078,-73.1,-110.24,-110.64,3,stop_loss,21.293,4.87405,-1.13109,-3.33615,new_york,2020
XAUUSD,1,2020-06-12 01:00:00,2020-06-12 11:00:00,1727.18,1734.79,1717.27416,1746.99168,1.1017,76.1,83.84,83.44,10,time_exit,21.09173,6.60389,0.27607,1.24815,,2020
XAUUSD,1,2020-06-12 11:00:00,2020-06-12 21:00:00,1733.18,1732.18,1725.42814,1748.68373,1.4185,-10.0,-14.18,-14.58,10,time_exit,19.32501,5.16791,1.37013,1.58773,london,2020
XAUUSD,-1,2020-06-15 22:00:00,2020-06-16 09:00:00,1726.15,1726.44,1734.95775,1708.5345,1.2468,-2.9,-3.62,-4.02,10,time_exit,33.80252,5.87183,0.26962,0.73248,,2020
XAUUSD,-1,2020-06-17 17:00:00,2020-06-18 04:00:00,1724.66,1725.31,1731.84553,1710.28894,1.5277,-6.5,-9.93,-10.33,10,time_exit,23.51778,4.79035,-0.04748,0.57693,new_york,2020
XAUUSD,1,2020-06-19 04:00:00,2020-06-19 14:00:00,1723.62,1733.88,1717.60665,1735.64669,1.8238,102.6,187.12,186.72,10,time_exit,18.65572,4.0089,-0.34537,0.48426,,2020
XAUUSD,-1,2020-06-23 03:00:00,2020-06-23 13:00:00,1755.23,1756.29,1763.28067,1739.12866,1.3855,-10.6,-14.69,-15.09,10,time_exit,33.97224,5.36711,1.92347,2.55075,,2020
XAUUSD,1,2020-06-24 23:00:00,2020-06-25 01:00:00,1765.05,1756.2706,1756.2706,1782.60881,1.2688,-87.8,-111.39,-111.79,1,stop_loss,27.8386,5.85294,0.33364,3.40993,,2020
XAUUSD,-1,2020-06-25 14:00:00,2020-06-26 01:00:00,1759.22,1764.01,1766.83007,1743.99986,1.449,-47.9,-69.41,-69.81,10,time_exit,28.67785,5.07338,-0.74393,3.40649,london,2020
XAUUSD,1,2020-06-29 13:00:00,2020-06-29 23:00:00,1769.33,1772.94,1762.66044,1782.66911,1.6429,36.1,59.31,58.91,10,time_exit,15.19372,4.44637,0.65625,3.03123,london,2020
XAUUSD,1,2020-07-01 21:00:00,2020-07-02 08:00:00,1768.72,1766.16,1760.58548,1784.98905,1.3543,-25.6,-34.67,-35.07,10,time_exit,29.47271,5.42302,-1.25431,2.40174,new_york,2020
XAUUSD,-1,2020-07-02 17:00:00,2020-07-03 04:00:00,1773.58,1775.82,1781.16928,1758.40143,1.4469,-22.4,-32.41,-32.81,10,time_exit,24.45892,5.05952,0.23456,1.70981,new_york,2020
XAUUSD,1,2020-07-06 13:00:00,2020-07-06 15:00:00,1775.3,1784.11614,1770.89193,1784.11614,2.4837,88.2,218.97,218.57,2,take_profit,27.76294,2.93871,0.28519,2.38601,london,2020
XAUUSD,1,2020-07-08 08:00:00,2020-07-08 14:00:00,1794.87,1804.70232,1789.95384,1804.70232,2.2715,98.3,223.34,222.94,6,take_profit,26.69505,3.27744,2.68942,3.65666,london,2020
XAUUSD,-1,2020-07-09 06:00:00,2020-07-09 11:00:00,1808.99,1814.37862,1814.37862,1798.21275,2.1137,-53.9,-113.9,-114.3,5,stop_loss,37.97783,3.59242,3.08337,4.93876,,2020
XAUUSD,-1,2020-07-09 11:00:00,2020-07-09 18:00:00,1812.68,1802.31065,1817.86468,1802.31065,2.1748,103.7,225.51,225.11,7,take_profit,37.64017,3.45645,3.53724,5.41856,london,2020
XAUUSD,-1,2020-07-09 20:00:00,2020-07-10 07:00:00,1800.05,1801.24,1807.79202,1784.56596,1.4855,-11.9,-17.68,-18.08,10,time_exit,29.81867,5.16135,-0.52339,3.62394,new_york,2020
XAUUSD,1,2020-07-10 17:00:00,2020-07-10 18:00:00,1803.48,1797.40097,1797.40097,1815.63807,1.8889,-60.8,-114.83,-115.23,1,stop_loss,20.92257,4.05269,0.13868,3.82038,new_york,2020
XAUUSD,1,2020-07-10 18:00:00,2020-07-10 19:00:00,1802.37,1796.16376,1796.16376,1814.78249,1.8316,-62.1,-113.67,-114.07,1,stop_loss,19.73861,4.1375,-0.12724,3.70097,new_york,2020
XAUUSD,1,2020-07-10 21:00:00,2020-07-13 08:00:00,1799.42,1807.24,1792.53657,1813.18686,1.6348,78.2,127.84,127.44,10,time_exit,21.16688,4.58895,-0.61973,3.13652,new_york,2020
XAUUSD,-1,2020-07-15 19:00:00,2020-07-16 06:00:00,1810.53,1809.82,1817.00494,1797.58013,1.7577,7.1,12.48,12.08,10,time_exit,11.37236,4.31662,1.02094,2.23969,new_york,2020
XAUUSD,1,2020-07-16 21:00:00,2020-07-17 08:00:00,1797.22,1799.77,1791.49388,1808.67225,1.9896,25.5,50.73,50.33,10,time_exit,24.01238,3.81742,-2.50242,2.0551,new_york,2020
XAUUSD,-1,2020-07-17 09:00:00,2020-07-17 13:00:00,1799.76,1804.08871,1804.08871,1791.10258,2.6436,-43.3,-114.43,-114.83,4,stop_loss,38.3356,2.88581,-1.32215,1.65499,london,2020
XAUUSD,-1,2020-07-20 16:00:00,2020-07-20 17:00:00,1814.06,1818.28579,1818.28579,1805.60843,2.6808,-42.3,-113.28,-113.68,1,stop_loss,21.72134,2.81719,2.30745,2.20158,new_york,2020
XAUUSD,1,2020-07-20 18:00:00,2020-07-21 05:00:00,1817.27,1817.56,1812.45641,1826.89717,2.3298,2.9,6.76,6.36,10,time_exit,23.95902,3.20906,2.82547,2.04807,new_york,2020
XAUUSD,-1,2020-07-21 08:00:00,2020-07-21 09:00:00,1817.83,1821.57617,1821.57617,1810.33766,2.9953,-37.5,-112.21,-112.61,1,stop_loss,35.66433,2.49745,2.34859,3.36728,london,2020
XAUUSD,-1,2020-07-27 01:00:00,2020-07-27 02:00:00,1901.38,1908.92148,1908.92148,1886.29704,1.473,-75.4,-111.09,-111.49,1,stop_loss,28.25846,5.02765,3.49672,7.96577,,2020
XAUUSD,-1,2020-07-27 22:00:00,2020-07-28 01:00:00,1935.3,1946.45724,1946.45724,1912.98551,0.9856,-111.6,-109.97,-110.37,2,stop_loss,55.07902,7.43816,3.07596,6.95482,,2020
XAUUSD,-1,2020-07-28 12:00:00,2020-07-28 17:00:00,1930.89,1949.89283,1949.89283,1892.88434,0.5729,-190.0,-108.87,-109.27,5,stop_loss,43.41522,12.66855,0.39953,4.31509,london,2020
XAUUSD,-1,2020-07-28 19:00:00,2020-07-29 06:00:00,1953.57,1952.97,1972.4297,1915.8506,0.5714,6.0,3.43,3.03,10,time_exit,32.34686,12.57313,1.94264,4.24832,new_york,2020
XAUUSD,1,2020-07-30 13:00:00,2020-07-30 17:00:00,1954.82,1942.10508,1942.10508,1980.24985,0.8478,-127.1,-107.8,-108.2,4,stop_loss,16.50987,8.47662,0.18889,5.92526,london,2020
XAUUSD,1,2020-07-30 20:00:00,2020-07-31 07:00:00,1949.56,1967.21,1936.38591,1975.90818,0.8101,176.5,142.98,142.58,10,time_exit,22.77965,8.78273,-0.3531,5.28525,new_york,2020
XAUUSD,-1,2020-08-04 12:00:00,2020-08-04 17:00:00,1976.65,1984.09227,1984.09227,1961.76546,1.4531,-74.4,-108.14,-108.54,5,stop_loss,7.05779,4.96151,1.03353,7.08779,london,2020
XAUUSD,1,2020-08-04 17:00:00,2020-08-04 18:00:00,1976.13,1991.40949,1968.49026,1991.40949,1.4014,152.8,214.13,213.73,1,take_profit,8.84351,5.09316,0.83276,6.63198,new_york,2020
XAUUSD,-1,2020-08-06 14:00:00,2020-08-06 15:00:00,2050.4,2061.09993,2061.09993,2029.00014,1.0206,-107.0,-109.2,-109.6,1,stop_loss,34.95497,7.13329,3.46832,7.62005,london,2020
XAUUSD,-1,2020-08-07 05:00:00,2020-08-07 15:00:00,2067.98,2044.04346,2079.94827,2044.04346,0.9032,239.4,216.19,215.79,10,take_profit,40.86243,7.97885,3.2801,7.33495,,2020
XAUUSD,1,2020-08-12 09:00:00,2020-08-12 10:00:00,1880.24,1929.81906,1855.45047,1929.81906,0.4448,495.8,220.53,220.13,1,take_profit,67.79203,16.52635,-5.34412,-1.23871,london,2020
XAUUSD,-1,2020-08-13 17:00:00,2020-08-13 20:00:00,1940.76,1959.07062,1959.07062,1904.13877,0.6142,-183.1,-112.46,-112.86,3,stop_loss,17.69962,12.20708,-0.12477,-2.5772,new_york,2020
XAUUSD,1,2020-08-17 02:00:00,2020-08-17 03:00:00,1949.22,1935.8901,1935.8901,1975.8798,0.8352,-133.3,-111.33,-111.73,1,stop_loss,12.63157,8.8866,0.36893,-2.36724,,2020
XAUUSD,-1,2020-08-17 19:00:00,2020-08-18 06:00:00,1985.59,1990.87,1998.42486,1959.92027,0.8587,-52.8,-45.34,-45.74,10,time_exit,22.1907,8.55658,4.10532,-1.67575,new_york,2020
XAUUSD,-1,2020-08-19 23:00:00,2020-08-20 10:00:00,1940.2,1934.44,1958.85201,1902.89598,0.5885,57.6,33.9,33.5,10,time_exit,37.83388,12.43467,-3.26468,0.49819,,2020
XAUUSD,1,2020-08-20 18:00:00,2020-08-21 05:00:00,1944.63,1946.62,1925.93053,1982.02894,0.5888,19.9,11.72,11.32,10,time_exit,35.5125,12.46631,-1.14299,-0.78017,new_york,2020
XAUUSD,1,2020-08-21 18:00:00,2020-08-24 05:00:00,1944.84,1935.44,1926.30157,1981.91687,0.5945,-94.0,-55.88,-56.28,10,time_exit,21.61875,12.35896,-0.29702,-1.19581,new_york,2020
XAUUSD,-1,2020-08-24 15:00:00,2020-08-24 18:00:00,1950.13,1927.94924,1961.22038,1927.94924,0.9886,221.8,219.28,218.88,3,take_profit,25.20837,7.39359,0.86198,-2.0555,london,2020
XAUUSD,1,2020-08-26 04:00:00,2020-08-26 09:00:00,1926.52,1917.38,1917.38,1944.79999,1.2236,-91.4,-111.84,-112.24,5,stop_loss,11.88759,6.09333,-0.84343,-3.00985,,2020
XAUUSD,1,2020-08-27 22:00:00,2020-08-28 09:00:00,1930.45,1944.97,1913.54867,1964.25266,0.655,145.2,95.11,94.71,10,time_exit,11.1754,11.26755,-0.44092,-0.86117,,2020
XAUUSD,1,2020-08-28 10:00:00,2020-08-28 18:00:00,1944.96,1969.39962,1932.74019,1969.39962,0.9137,244.4,223.3,222.9,8,take_profit,13.33182,8.14654,1.16032,-1.05128,london,2020
XAUUSD,1,2020-09-02 03:00:00,2020-09-02 04:00:00,1972.6,1963.08329,1963.08329,1991.63342,1.1967,-95.2,-113.89,-114.29,1,stop_loss,30.10509,6.34447,0.17653,2.26993,,2020
XAUUSD,-1,2020-09-03 23:00:00,2020-09-04 05:00:00,1929.17,1941.78404,1941.78404,1903.94192,0.8938,-126.1,-112.74,-113.14,5,stop_loss,38.9445,8.40936,-2.03322,-0.77013,,2020
XAUUSD,1,2020-09-04 08:00:00,2020-09-04 15:00:00,1936.65,1925.67998,1925.67998,1958.59004,1.0174,-109.7,-111.61,-112.01,7,stop_loss,25.81988,7.31335,-0.86714,-1.13984,london,2020
XAUUSD,-1,2020-09-07 12:00:00,2020-09-08 03:00:00,1931.31,1928.51,1940.66694,1912.59612,1.1809,28.0,33.07,32.67,10,time_exit,12.83595,6.23796,-0.82729,-1.69311,london,2020
XAUUSD,-1,2020-09-15 23:00:00,2020-09-16 07:00:00,1953.63,1961.45617,1961.45617,1937.97765,1.416,-78.3,-110.82,-111.22,7,stop_loss,19.58539,5.21745,-0.32539,1.48591,,2020
XAUUSD,1,2020-09-16 12:00:00,2020-09-16 17:00:00,1965.27,1958.56198,1958.56198,1978.68604,1.6355,-67.1,-109.71,-110.11,5,stop_loss,16.24568,4.47201,1.9428,1.76055,london,2020
XAUUSD,1,2020-09-17 23:00:00,2020-09-18 10:00:00,1948.11,1953.86,1939.02364,1966.28272,1.1953,57.5,68.73,68.33,10,time_exit,24.3743,6.05757,-0.48426,0.26424,,2020
XAUUSD,-1,2020-09-18 18:00:00,2020-09-21 05:00:00,1954.35,1952.57,1961.83294,1939.38411,1.4605,17.8,26.0,25.6,10,time_exit,17.12476,4.98863,0.60664,0.30953,new_york,2020
XAUUSD,-1,2020-09-21 19:00:00,2020-09-22 01:00:00,1899.83,1913.74124,1913.74124,1872.00753,0.7875,-139.1,-109.55,-109.95,5,stop_loss,37.7619,9.27416,-4.62528,-0.54873,new_york,2020
XAUUSD,-1,2020-09-22 02:00:00,2020-09-22 12:00:00,1913.2,1903.65,1924.92637,1889.74726,0.9248,95.5,88.32,87.92,10,time_exit,47.29536,7.81758,-2.87894,-1.26566,,2020
XAUUSD,1,2020-09-23 01:00:00,2020-09-23 07:00:00,1900.03,1889.15481,1889.15481,1921.78038,1.0053,-108.8,-109.33,-109.73,6,stop_loss,37.21651,7.25013,-2.48229,-2.69812,,2020
XAUUSD,-1,2020-09-24 05:00:00,2020-09-24 15:00:00,1861.97,1855.49,1873.81222,1838.28555,0.9139,64.8,59.22,58.82,10,time_exit,42.87924,7.89482,-3.45291,-4.35766,,2020
XAUUSD,-1,2020-09-24 21:00:00,2020-09-25 08:00:00,1872.74,1867.04,1884.6136,1848.99281,0.9165,57.0,52.24,51.84,10,time_exit,29.24164,7.91573,-0.34002,-4.88987,new_york,2020
XAUUSD,1,2020-09-28 11:00:00,2020-09-28 12:00:00,1858.44,1850.44585,1850.44585,1874.42831,1.3677,-79.9,-109.34,-109.74,1,stop_loss,28.2953,5.32944,-1.40722,-6.19296,london,2020
XAUUSD,-1,2020-09-28 12:00:00,2020-09-28 13:00:00,1852.33,1860.91993,1860.91993,1835.15014,1.26,-85.9,-108.23,-108.63,1,stop_loss,30.07605,5.72662,-2.28336,-5.77564,london,2020
XAUUSD,-1,2020-09-28 19:00:00,2020-09-29 02:00:00,1873.0,1883.36807,1883.36807,1852.26386,1.0335,-103.7,-107.15,-107.55,6,stop_loss,25.82527,6.91205,1.12313,-4.47591,new_york,2020
XAUUSD,-1,2020-09-29 14:00:00,2020-09-29 19:00:00,1886.04,1893.8193,1893.8193,1870.4814,1.3636,-77.8,-106.08,-106.48,5,stop_loss,25.25181,5.1862,2.31646,-3.82336,london,2020
XAUUSD,1,2020-09-30 07:00:00,2020-09-30 12:00:00,1889.29,1882.21305,1882.21305,1903.44389,1.4838,-70.8,-105.01,-105.41,5,stop_loss,21.81079,4.71796,1.31718,-2.25391,london,2020
XAUUSD,-1,2020-10-01 10:00:00,2020-10-01 15:00:00,1896.88,1904.94518,1904.94518,1880.74964,1.2889,-80.7,-103.95,-104.35,5,stop_loss,24.10639,5.37679,1.70914,-0.95504,london,2020
XAUUSD,1,2020-10-01 18:00:00,2020-10-02 05:00:00,1904.11,1895.10096,1895.10096,1922.12809,1.1423,-90.1,-102.91,-103.31,10,stop_loss,33.51898,6.00603,2.18083,-0.38875,new_york,2020
XAUUSD,-1,2020-10-05 03:00:00,2020-10-05 13:00:00,1903.0,1900.13,1912.07084,1884.85832,1.1232,28.7,32.24,31.84,10,time_exit,19.02759,6.04723,0.52479,0.61655,,2020
XAUUSD,1,2020-10-06 01:00:00,2020-10-06 11:00:00,1912.67,1909.57,1905.36885,1927.27229,1.3997,-31.0,-43.39,-43.79,10,time_exit,24.9876,4.86743,2.08798,1.13171,,2020
XAUUSD,-1,2020-10-07 13:00:00,2020-10-07 23:00:00,1888.22,1887.93,1897.39448,1869.87105,1.1092,2.9,3.22,2.82,10,time_exit,28.56712,6.11632,-1.4726,-0.1091,london,2020
XAUUSD,-1,2020-10-09 03:00:00,2020-10-09 04:00:00,1895.24,1902.08696,1902.08696,1881.54609,1.4866,-68.5,-101.79,-102.19,1,stop_loss,13.44932,4.56464,0.68781,-0.7319,,2020
XAUUSD,-1,2020-10-13 04:00:00,2020-10-13 14:00:00,1921.77,1920.32,1928.16143,1908.98715,1.5766,14.5,22.86,22.46,10,time_exit,13.65627,4.26095,0.78246,3.06647,,2020
XAUUSD,1,2020-10-14 06:00:00,2020-10-14 16:00:00,1895.66,1911.80522,1887.58739,1911.80522,1.251,161.5,201.98,201.58,10,take_profit,39.17441,5.38174,-2.22981,0.50217,,2020
XAUUSD,1,2020-10-15 08:00:00,2020-10-15 11:00:00,1901.21,1893.56234,1893.56234,1916.50532,1.3469,-76.5,-103.01,-103.41,3,stop_loss,18.78223,5.09844,-0.30445,-0.21201,london,2020
XAUUSD,-1,2020-10-15 22:00:00,2020-10-16 09:00:00,1905.9,1905.85,1914.65673,1888.38653,1.1645,0.5,0.58,0.18,10,time_exit,16.69697,5.83782,0.77346,-0.31812,,2020
XAUUSD,1,2020-10-19 16:00:00,2020-10-19 17:00:00,1911.86,1905.50255,1905.50255,1924.5749,1.604,-63.6,-101.97,-102.37,1,stop_loss,21.96644,4.2383,1.54404,0.27218,new_york,2020
XAUUSD,1,2020-10-20 02:00:00,2020-10-20 04:00:00,1903.46,1897.1514,1897.1514,1916.0772,1.6002,-63.1,-100.95,-101.35,2,stop_loss,17.73193,4.20573,-0.44707,0.25135,,2020
XAUUSD,1,2020-10-22 12:00:00,2020-10-22 15:00:00,1917.01,1910.75753,1910.75753,1929.51493,1.5984,-62.5,-99.94,-100.34,3,stop_loss,19.89554,4.16831,0.33218,1.6803,london,2020
XAUUSD,1,2020-10-23 03:00:00,2020-10-23 13:00:00,1905.02,1910.54,1898.76797,1917.52405,1.5824,55.2,87.35,86.95,10,time_exit,29.66877,4.16802,-1.51605,0.73028,,2020
XAUUSD,-1,2020-10-26 15:00:00,2020-10-27 02:00:00,1903.73,1902.26,1910.32484,1890.54031,1.5133,14.7,22.25,21.85,10,time_exit,24.06867,4.39656,-0.07913,-0.54814,london,2020
XAUUSD,-1,2020-10-27 13:00:00,2020-10-27 16:00:00,1900.96,1906.45322,1906.45322,1889.97356,1.8208,-54.9,-100.02,-100.42,3,stop_loss,18.38915,3.66215,-0.94633,-0.48682,london,2020
XAUUSD,1,2020-10-28 09:00:00,2020-10-28 11:00:00,1908.34,1903.65609,1903.65609,1917.70782,2.114,-46.8,-99.02,-99.42,2,stop_loss,12.7261,3.12261,0.8659,-0.20371,london,2020
XAUUSD,1,2020-10-29 01:00:00,2020-10-29 11:00:00,1876.72,1877.6,1868.98476,1892.19047,1.2672,8.8,11.15,10.75,10,time_exit,37.81417,5.15682,-3.73416,-1.34833,,2020
XAUUSD,-1,2020-10-30 07:00:00,2020-10-30 15:00:00,1876.22,1883.71638,1883.71638,1861.22725,1.309,-75.0,-98.13,-98.53,8,stop_loss,40.53916,4.99758,-0.86056,-3.1265,london,2020
XAUUSD,1,2020-10-30 20:00:00,2020-11-02 07:00:00,1881.6,1884.22,1872.3954,1900.0092,1.0554,26.2,27.65,27.25,10,time_exit,24.28098,6.1364,0.38979,-2.37441,new_york,2020
XAUUSD,-1,2020-11-02 13:00:00,2020-11-02 22:00:00,1888.38,1895.64126,1895.64126,1873.85749,1.3416,-72.6,-97.42,-97.82,9,stop_loss,16.39872,4.84084,1.58368,-2.33951,london,2020
XAUUSD,1,2020-11-03 08:00:00,2020-11-03 15:00:00,1892.1,1903.47638,1886.41181,1903.47638,1.6954,113.8,192.88,192.48,7,take_profit,23.79207,3.79213,1.32293,-1.34297,london,2020
XAUUSD,1,2020-11-03 20:00:00,2020-11-04 02:00:00,1908.98,1901.7182,1901.7182,1923.5036,1.3545,-72.6,-98.36,-98.76,5,stop_loss,27.80066,4.8412,3.41322,-0.13991,new_york,2020
XAUUSD,1,2020-11-04 10:00:00,2020-11-04 20:00:00,1891.81,1898.36,1879.6659,1916.0982,0.8018,65.5,52.52,52.12,10,time_exit,29.19779,8.09607,-0.50429,0.21523,london,2020
XAUUSD,-1,2020-11-05 02:00:00,2020-11-05 10:00:00,1904.75,1915.76906,1915.76906,1882.71187,0.8884,-110.2,-97.89,-98.29,8,stop_loss,17.61481,7.34604,0.92937,0.40674,,2020
XAUUSD,-1,2020-11-05 21:00:00,2020-11-06 08:00:00,1946.8,1941.01,1957.19363,1926.01273,0.9324,57.9,53.99,53.59,10,time_exit,40.96402,6.92909,4.97638,1.81763,new_york,2020
XAUUSD,1,2020-11-09 02:00:00,2020-11-09 12:00:00,1958.59,1958.82,1949.03528,1977.69943,1.0199,2.3,2.35,1.95,10,time_exit,33.67753,6.36981,3.44957,3.98191,,2020
XAUUSD,-1,2020-11-10 09:00:00,2020-11-10 19:00:00,1888.14,1881.9,1901.52442,1861.37117,0.7282,62.4,45.44,45.04,10,time_exit,40.91019,8.92294,-2.25108,-0.12488,london,2020
XAUUSD,1,2020-11-11 17:00:00,2020-11-12 04:00:00,1861.55,1870.4,1850.74079,1883.16843,0.9059,88.5,80.17,79.77,10,time_exit,32.66164,7.20614,-3.37079,-2.0873,new_york,2020
XAUUSD,-1,2020-11-13 20:00:00,2020-11-16 03:00:00,1890.56,1897.58311,1897.58311,1876.51378,1.4056,-70.2,-98.72,-99.12,6,stop_loss,30.87143,4.68207,2.20887,-2.37545,new_york,2020
XAUUSD,-1,2020-11-17 01:00:00,2020-11-17 11:00:00,1888.97,1890.27,1897.69671,1871.51658,1.1199,-13.0,-14.56,-14.96,10,time_exit,20.37776,5.81781,0.49269,-0.83678,,2020
XAUUSD,1,2020-11-18 18:00:00,2020-11-18 20:00:00,1881.77,1873.5726,1873.5726,1898.1648,1.1903,-82.0,-97.57,-97.97,2,stop_loss,28.47672,5.46493,-0.14821,-1.05984,new_york,2020
XAUUSD,1,2020-11-18 23:00:00,2020-11-19 07:00:00,1870.3,1862.47542,1862.47542,1885.94917,1.2345,-78.2,-96.59,-96.99,7,stop_loss,26.48145,5.21639,-2.07085,-1.26439,,2020
XAUUSD,1,2020-11-20 18:00:00,2020-11-23 05:00:00,1874.44,1873.21,1867.15077,1889.01847,1.3119,-12.3,-16.14,-16.54,10,time_exit,23.67162,4.85949,1.11116,-2.31305,new_york,2020
XAUUSD,1,2020-11-23 11:00:00,2020-11-23 13:00:00,1869.05,1863.67831,1863.67831,1879.79337,1.7771,-53.7,-95.46,-95.86,2,stop_loss,15.221,3.58112,-0.5037,-2.32493,london,2020
XAUUSD,-1,2020-11-23 23:00:00,2020-11-24 10:00:00,1836.08,1824.79,1844.08343,1820.07314,1.1808,112.9,133.31,132.91,10,time_exit,36.63204,5.33562,-4.9282,-2.52193,,2020
XAUUSD,-1,2020-11-25 13:00:00,2020-11-25 15:00:00,1808.69,1816.28541,1816.28541,1793.49917,1.2617,-76.0,-95.83,-96.23,2,stop_loss,38.99764,5.06361,-2.95028,-6.6129,london,2020
XAUUSD,1,2020-11-26 01:00:00,2020-11-26 11:00:00,1808.31,1814.1,1801.45476,1822.02049,1.3839,57.9,80.13,79.73,10,time_exit,25.87557,4.57016,-2.38337,-7.33486,,2020
XAUUSD,-1,2020-11-27 13:00:00,2020-11-27 15:00:00,1807.45,1796.17263,1813.08869,1796.17263,1.6966,112.8,191.33,190.93,2,take_profit,23.26829,3.75912,-1.40746,-7.54014,london,2020
XAUUSD,-1,2020-12-03 23:00:00,2020-12-04 10:00:00,1842.25,1840.63,1850.87354,1825.00291,1.1315,16.2,18.33,17.93,10,time_exit,22.6344,5.74903,2.79403,0.5843,,2020
XAUUSD,1,2020-12-07 01:00:00,2020-12-07 10:00:00,1837.42,1829.87366,1829.87366,1852.51269,1.2954,-75.5,-97.76,-98.16,9,stop_loss,21.53998,5.0309,0.96453,1.52259,,2020
XAUUSD,1,2020-12-07 12:00:00,2020-12-07 16:00:00,1831.79,1847.84036,1823.76482,1847.84036,1.2059,160.5,193.55,193.15,4,take_profit,25.75156,5.35012,-0.58646,1.40405,london,2020
XAUUSD,-1,2020-12-10 11:00:00,2020-12-10 15:00:00,1833.4,1842.2676,1842.2676,1815.66481,1.1131,-88.7,-98.71,-99.11,4,stop_loss,29.95523,5.91173,-2.49898,1.26831,london,2020
XAUUSD,1,2020-12-11 12:00:00,2020-12-11 13:00:00,1836.96,1829.41275,1829.41275,1852.05449,1.2947,-75.5,-97.71,-98.11,1,stop_loss,16.12807,5.0315,-0.77106,0.2168,london,2020
XAUUSD,1,2020-12-11 18:00:00,2020-12-14 01:00:00,1844.55,1835.39726,1835.39726,1862.85547,1.0569,-91.5,-96.74,-97.14,6,stop_loss,15.4965,6.10182,0.70662,0.09536,new_york,2020
XAUUSD,1,2020-12-14 11:00:00,2020-12-14 12:00:00,1828.18,1821.93697,1821.93697,1840.66606,1.5339,-62.4,-95.76,-96.16,1,stop_loss,17.05021,4.16202,-2.44974,-0.20468,london,2020
XAUUSD,-1,2020-12-14 22:00:00,2020-12-15 04:00:00,1825.3,1833.55053,1833.55053,1808.79894,1.149,-82.5,-94.8,-95.2,5,stop_loss,21.9536,5.50035,-1.67678,-0.6307,,2020
XAUUSD,1,2020-12-16 09:00:00,2020-12-16 15:00:00,1857.17,1851.31041,1851.31041,1868.88918,1.6016,-58.6,-93.85,-94.25,6,stop_loss,39.14777,3.90639,3.17816,1.14785,london,2020
XAUUSD,-1,2020-12-18 20:00:00,2020-12-21 03:00:00,1884.15,1891.72948,1891.72948,1868.99104,1.2258,-75.8,-92.91,-93.31,6,stop_loss,18.86565,5.05299,1.60294,4.01893,new_york,2020
XAUUSD,1,2020-12-21 11:00:00,2020-12-21 12:00:00,1896.49,1887.93149,1887.93149,1913.60702,1.0747,-85.6,-91.98,-92.38,1,stop_loss,28.74578,5.70567,2.36236,3.96082,london,2020
XAUUSD,-1,2020-12-21 14:00:00,2020-12-22 01:00:00,1878.49,1879.09,1891.65585,1852.15829,0.6916,-6.0,-4.15,-4.55,10,time_exit,28.50929,8.77724,-0.45915,2.45369,london,2020
XAUUSD,-1,2020-12-22 07:00:00,2020-12-22 17:00:00,1880.66,1862.50385,1889.73808,1862.50385,1.0025,181.6,182.02,181.62,10,take_profit,30.86743,6.05205,-0.06048,2.87012,london,2020
XAUUSD,1,2020-12-22 19:00:00,2020-12-23 06:00:00,1865.0,1866.86,1854.89331,1885.21337,0.9184,18.6,17.08,16.68,10,time_exit,30.39738,6.73779,-1.81945,1.88943,new_york,2020
XAUUSD,1,2020-12-23 12:00:00,2020-12-23 14:00:00,1868.69,1861.51457,1861.51457,1883.04085,1.2959,-71.8,-92.99,-93.39,2,stop_loss,23.87949,4.78362,-0.63342,1.47896,london,2020
XAUUSD,1,2020-12-28 12:00:00,2020-12-28 13:00:00,1885.51,1877.56218,1877.56218,1901.40565,1.1582,-79.5,-92.05,-92.45,1,stop_loss,20.34633,5.29855,1.07866,1.90473,london,2020
XAUUSD,-1,2020-12-30 12:00:00,2020-12-30 16:00:00,1878.26,1883.91431,1883.91431,1866.95138,1.6117,-56.5,-91.13,-91.53,4,stop_loss,9.9964,3.76954,-0.38493,1.70583,london,2020
XAUUSD,-1,2020-12-31 04:00:00,2020-12-31 07:00:00,1896.86,1885.44016,1902.56992,1885.44016,1.58,114.2,180.43,180.03,3,take_profit,30.40518,3.80661,3.36073,2.27212,,2020
XAUUSD,-1,2020-12-31 12:00:00,2021-01-04 01:00:00,1894.56,1901.32985,1901.32985,1881.02029,1.3592,-67.7,-92.02,-92.42,9,stop_loss,25.21342,4.51324,1.91319,2.07983,london,2020
XAUUSD,1,2021-01-06 02:00:00,2021-01-06 04:00:00,1950.34,1942.4032,1942.4032,1966.2136,1.1477,-79.4,-91.09,-91.49,2,stop_loss,21.1633,5.2912,2.96802,6.30733,,2021
XAUUSD,-1,2021-01-07 03:00:00,2021-01-07 13:00:00,1919.0,1918.39,1931.81828,1893.36345,0.7035,6.1,4.29,3.89,10,time_exit,29.50497,8.54552,-1.52427,2.81115,,2021
XAUUSD,-1,2021-01-07 21:00:00,2021-01-08 08:00:00,1915.54,1907.29,1926.71646,1893.18708,0.8072,82.5,66.59,66.19,10,time_exit,24.16255,7.45097,-1.10766,1.93454,new_york,2021
XAUUSD,-1,2021-01-08 10:00:00,2021-01-08 11:00:00,1904.86,1888.34622,1913.11689,1888.34622,1.1006,165.1,181.75,181.35,1,take_profit,25.87536,5.50459,-2.55372,1.69234,london,2021
XAUUSD,1,2021-01-08 12:00:00,2021-01-08 15:00:00,1891.89,1881.46648,1881.46648,1912.73704,0.8892,-104.2,-92.69,-93.09,3,stop_loss,30.77845,6.94901,-3.56616,1.08054,london,2021
XAUUSD,1,2021-01-11 01:00:00,2021-01-11 03:00:00,1851.61,1836.54001,1836.54001,1881.74998,0.6089,-150.7,-91.76,-92.16,2,stop_loss,57.29399,10.04666,-4.66475,-0.81733,,2021
XAUUSD,-1,2021-01-11 03:00:00,2021-01-11 13:00:00,1841.43,1849.45,1856.79226,1810.70547,0.5913,-80.2,-47.42,-47.82,10,time_exit,57.46554,10.24151,-4.92017,-1.08066,,2021
XAUUSD,1,2021-01-12 12:00:00,2021-01-12 15:00:00,1862.71,1852.84934,1852.84934,1882.43132,0.9164,-98.6,-90.36,-90.76,3,stop_loss,24.51398,6.57377,0.29557,-4.08666,london,2021
XAUUSD,1,2021-01-14 06:00:00,2021-01-14 16:00:00,1839.18,1844.81,1829.52005,1858.49989,0.926,56.3,52.13,51.73,10,time_exit,24.24909,6.43996,-2.30838,-3.44593,,2021
XAUUSD,-1,2021-01-15 01:00:00,2021-01-15 11:00:00,1847.22,1856.63243,1856.63243,1828.39515,0.9559,-94.1,-89.97,-90.37,10,stop_loss,18.65911,6.27495,-0.53295,-3.44068,,2021
XAUUSD,1,2021-01-18 11:00:00,2021-01-19 01:00:00,1833.71,1837.26,1823.47708,1854.17585,0.8704,35.5,30.9,30.5,10,time_exit,32.40194,6.82195,-0.83207,-3.26842,london,2021
XAUUSD,-1,2021-01-19 20:00:00,2021-01-20 04:00:00,1842.68,1850.09957,1850.09957,1827.84087,1.2045,-74.2,-89.37,-89.77,7,stop_loss,12.9522,4.94638,0.68979,-3.37119,new_york,2021
XAUUSD,1,2021-01-22 11:00:00,2021-01-22 12:00:00,1862.03,1855.70102,1855.70102,1874.68796,1.3979,-63.3,-88.47,-88.87,1,stop_loss,24.61097,4.21932,0.04963,0.7583,london,2021
XAUUSD,1,2021-01-25 22:00:00,2021-01-26 09:00:00,1855.01,1851.03,1846.82205,1871.38589,1.0697,-39.8,-42.57,-42.97,10,time_exit,19.47435,5.45863,-0.43286,-0.05817,,2021
XAUUSD,1,2021-01-28 01:00:00,2021-01-28 03:00:00,1844.48,1835.95371,1835.95371,1861.53259,1.0222,-85.3,-87.16,-87.56,2,stop_loss,31.88384,5.6842,-0.89587,-0.95553,,2021
XAUUSD,1,2021-01-28 11:00:00,2021-01-28 15:00:00,1838.23,1852.57503,1831.05748,1852.57503,1.2029,143.5,172.56,172.16,4,take_profit,40.34814,4.78168,-1.49861,-1.59366,london,2021
XAUUSD,-1,2021-02-01 03:00:00,2021-02-01 08:00:00,1854.32,1866.09209,1866.09209,1830.77582,0.7475,-117.7,-88.0,-88.4,5,stop_loss,19.38239,7.84806,0.58152,-0.28055,,2021
XAUUSD,-1,2021-02-02 19:00:00,2021-02-03 06:00:00,1837.18,1840.69,1848.01906,1815.50187,0.8037,-35.1,-28.21,-28.61,10,time_exit,25.25992,7.22604,-1.85915,-0.15526,new_york,2021
XAUUSD,-1,2021-02-03 13:00:00,2021-02-03 15:00:00,1834.83,1841.85467,1841.85467,1820.78066,1.2361,-70.2,-86.83,-87.23,2,stop_loss,20.42756,4.68311,-2.15499,-1.2079,london,2021
XAUUSD,-1,2021-02-05 14:00:00,2021-02-05 18:00:00,1802.91,1810.65467,1810.65467,1787.42066,1.1099,-77.4,-85.96,-86.36,4,stop_loss,34.41528,5.16311,-1.83259,-4.55975,london,2021
XAUUSD,1,2021-02-10 16:00:00,2021-02-10 17:00:00,1851.19,1843.21459,1843.21459,1867.14082,1.067,-79.8,-85.1,-85.5,1,stop_loss,31.49744,5.31694,2.81236,0.40793,new_york,2021
XAUUSD,1,2021-02-11 13:00:00,2021-02-11 18:00:00,1840.55,1834.15511,1834.15511,1853.33978,1.3173,-63.9,-84.24,-84.64,5,stop_loss,22.19353,4.26326,0.42473,0.81366,london,2021
XAUUSD,-1,2021-02-11 23:00:00,2021-02-12 10:00:00,1826.29,1817.05,1833.41344,1812.04313,1.1707,92.4,108.17,107.77,10,time_exit,24.6709,4.74896,-2.25447,0.38431,,2021
XAUUSD,-1,2021-02-17 04:00:00,2021-02-17 14:00:00,1791.07,1792.21,1800.32948,1772.55103,0.9123,-11.4,-10.4,-10.8,10,time_exit,23.88761,6.17299,-3.37977,-2.14256,,2021
XAUUSD,1,2021-02-17 23:00:00,2021-02-18 10:00:00,1774.6,1787.8,1764.85407,1794.09185,0.8656,132.0,114.26,113.86,10,time_exit,38.28047,6.49728,-3.40092,-3.30355,,2021
XAUUSD,-1,2021-02-18 13:00:00,2021-02-18 17:00:00,1785.07,1769.57997,1792.81501,1769.57997,1.1039,154.9,170.99,170.59,4,take_profit,25.04775,5.16334,-1.17545,-4.39471,london,2021
XAUUSD,-1,2021-02-18 19:00:00,2021-02-19 06:00:00,1776.57,1767.87,1785.92029,1757.86943,0.9327,87.0,81.14,80.74,10,time_exit,25.72357,6.23352,-1.97784,-3.69107,new_york,2021
XAUUSD,1,2021-02-19 10:00:00,2021-02-19 16:00:00,1773.97,1790.54354,1765.68323,1790.54354,1.0621,165.7,176.03,175.63,6,take_profit,35.46471,5.52451,-1.37831,-4.54512,london,2021
XAUUSD,1,2021-02-19 20:00:00,2021-02-22 07:00:00,1783.15,1789.48,1773.34085,1802.7683,0.9152,63.3,57.93,57.53,10,time_exit,28.45407,6.53943,0.37372,-3.56342,new_york,2021
XAUUSD,1,2021-02-23 03:00:00,2021-02-23 13:00:00,1809.63,1809.15,1802.42341,1824.04318,1.2537,-4.8,-6.02,-6.42,10,time_exit,43.9355,4.80439,3.39802,-1.83463,,2021
XAUUSD,-1,2021-02-23 17:00:00,2021-02-24 03:00:00,1801.54,1809.75259,1809.75259,1785.11482,1.0993,-82.1,-90.28,-90.68,9,stop_loss,34.78332,5.47506,0.24351,-0.52986,new_york,2021
XAUUSD,1,2021-02-25 16:00:00,2021-02-25 17:00:00,1781.51,1771.60685,1771.60685,1801.31629,0.9025,-99.0,-89.38,-89.78,1,stop_loss,30.42558,6.6021,-2.55927,-0.56295,new_york,2021
XAUUSD,-1,2021-02-26 12:00:00,2021-02-26 17:00:00,1763.21,1741.15565,1774.23717,1741.15565,0.8024,220.5,176.96,176.56,5,take_profit,55.37933,7.35145,-2.70096,-1.83938,london,2021
XAUUSD,1,2021-03-02 12:00:00,2021-03-02 22:00:00,1722.94,1733.08,1712.59543,1743.62914,0.8724,101.4,88.46,88.06,10,time_exit,34.22614,6.89638,-2.20799,-5.10082,london,2021
XAUUSD,1,2021-03-02 22:00:00,2021-03-03 09:00:00,1734.75,1733.41,1723.91805,1756.4139,0.8412,-13.4,-11.27,-11.67,10,time_exit,21.06662,7.2213,-0.14801,-4.63587,,2021
XAUUSD,1,2021-03-05 15:00:00,2021-03-08 02:00:00,1698.69,1706.93,1689.75902,1716.55196,1.019,82.4,83.97,83.57,10,time_exit,29.38464,5.95399,-1.51009,-5.83769,london,2021
XAUUSD,1,2021-03-08 05:00:00,2021-03-08 09:00:00,1709.09,1699.00529,1699.00529,1729.25942,0.9107,-100.8,-91.84,-92.24,4,stop_loss,24.29247,6.72314,0.53794,-4.75966,,2021
XAUUSD,1,2021-03-09 12:00:00,2021-03-09 16:00:00,1702.68,1719.29776,1694.37112,1719.29776,1.0942,166.2,181.83,181.43,4,take_profit,19.08186,5.53925,1.36775,-5.47089,london,2021
XAUUSD,-1,2021-03-09 21:00:00,2021-03-10 08:00:00,1716.18,1715.09,1725.05063,1698.43875,1.0454,10.9,11.39,10.99,10,time_exit,37.18445,5.91375,2.68574,-4.04795,new_york,2021
XAUUSD,1,2021-03-11 11:00:00,2021-03-11 13:00:00,1738.95,1732.35316,1732.35316,1752.14369,1.4074,-66.0,-92.84,-93.24,2,stop_loss,36.88315,4.3979,4.68397,-1.16727,london,2021
XAUUSD,-1,2021-03-12 05:00:00,2021-03-12 11:00:00,1719.55,1705.03126,1726.80937,1705.03126,1.2661,145.2,183.82,183.42,6,take_profit,21.09061,4.83958,-0.51056,-0.38807,,2021
XAUUSD,-1,2021-03-12 13:00:00,2021-03-12 18:00:00,1703.34,1710.84006,1710.84006,1688.33987,1.2499,-75.0,-93.74,-94.14,5,stop_loss,30.73199,5.00004,-3.11749,-0.80552,london,2021
XAUUSD,1,2021-03-15 20:00:00,2021-03-16 07:00:00,1729.11,1734.18,1721.29937,1744.73127,1.1882,50.7,60.24,59.84,10,time_exit,25.8115,5.20709,1.14904,0.00777,new_york,2021
XAUUSD,1,2021-03-16 17:00:00,2021-03-16 18:00:00,1734.46,1728.23129,1728.23129,1746.91743,1.4996,-62.3,-93.41,-93.81,1,stop_loss,22.83944,4.15248,1.53812,0.81884,new_york,2021
XAUUSD,-1,2021-03-17 04:00:00,2021-03-17 14:00:00,1732.53,1729.42,1738.10769,1721.37463,1.6578,31.1,51.56,51.16,10,time_exit,19.36941,3.71846,0.89844,1.03609,,2021
XAUUSD,-1,2021-03-18 17:00:00,2021-03-18 19:00:00,1723.06,1732.46371,1732.46371,1704.25258,0.9887,-94.0,-92.97,-93.37,2,stop_loss,32.30257,6.26914,-2.16856,1.16263,new_york,2021
XAUUSD,-1,2021-03-18 19:00:00,2021-03-19 06:00:00,1730.59,1731.69,1739.97965,1711.8107,0.9803,-11.0,-10.78,-11.18,10,time_exit,33.13869,6.25977,-0.8788,1.07684,new_york,2021
XAUUSD,1,2021-03-19 09:00:00,2021-03-19 19:00:00,1734.51,1742.36,1727.16805,1749.1939,1.2521,78.5,98.29,97.89,10,time_exit,22.02812,4.89463,-0.10483,1.05403,london,2021
XAUUSD,-1,2021-03-22 05:00:00,2021-03-22 07:00:00,1735.48,1742.89398,1742.89398,1720.65205,1.2532,-74.1,-92.91,-93.31,2,stop_loss,16.09442,4.94265,-0.42902,1.21687,,2021
XAUUSD,1,2021-03-23 06:00:00,2021-03-23 16:00:00,1734.4,1728.80415,1728.80415,1745.5917,1.6437,-56.0,-91.98,-92.38,10,stop_loss,12.24345,3.73057,-0.69779,1.17138,,2021
XAUUSD,-1,2021-03-23 21:00:00,2021-03-24 05:00:00,1727.92,1734.42555,1734.42555,1714.90891,1.3996,-65.1,-91.05,-91.45,7,stop_loss,18.99608,4.33703,-1.8462,0.68213,new_york,2021
XAUUSD,1,2021-03-24 12:00:00,2021-03-24 22:00:00,1731.09,1733.05,1725.87782,1741.51436,1.7294,19.6,33.9,33.5,10,time_exit,19.6247,3.47479,-0.62918,0.21878,london,2021
XAUUSD,1,2021-03-26 05:00:00,2021-03-26 14:00:00,1728.55,1722.37011,1722.37011,1740.90979,1.464,-61.8,-90.47,-90.87,9,stop_loss,10.6201,4.11993,-0.76438,-0.14749,,2021
XAUUSD,1,2021-03-29 08:00:00,2021-03-29 15:00:00,1727.91,1722.9947,1722.9947,1737.7406,1.8222,-49.2,-89.57,-89.97,7,stop_loss,12.15835,3.27687,-0.78807,-0.36963,london,2021
XAUUSD,1,2021-03-30 05:00:00,2021-03-30 09:00:00,1710.3,1704.54082,1704.54082,1721.81837,1.5395,-57.6,-88.66,-89.06,4,stop_loss,32.42434,3.83946,-3.17841,-1.6918,,2021
XAUUSD,1,2021-04-05 07:00:00,2021-04-05 17:00:00,1724.96,1728.98,1719.53178,1735.81645,1.617,40.2,65.0,64.6,10,time_exit,37.21961,3.61882,2.75829,-0.7041,london,2021
XAUUSD,-1,2021-04-05 20:00:00,2021-04-06 04:00:00,1728.15,1734.15749,1734.15749,1716.13502,1.4718,-60.1,-88.42,-88.82,7,stop_loss,21.06673,4.00499,2.14913,0.24345,new_york,2021
XAUUSD,-1,2021-04-07 14:00:00,2021-04-07 18:00:00,1738.29,1743.23436,1743.23436,1728.40127,1.7703,-49.4,-87.53,-87.93,4,stop_loss,17.15646,3.29624,1.19244,2.94387,london,2021
XAUUSD,1,2021-04-07 22:00:00,2021-04-08 04:00:00,1739.19,1733.54492,1733.54492,1750.48015,1.535,-56.5,-86.65,-87.05,5,stop_loss,15.49533,3.76338,0.91358,2.6518,,2021
XAUUSD,1,2021-04-08 04:00:00,2021-04-08 10:00:00,1736.28,1746.09915,1731.37043,1746.09915,1.7472,98.2,171.56,171.16,6,take_profit,18.99308,3.27305,0.09534,2.94836,,2021
XAUUSD,-1,2021-04-08 11:00:00,2021-04-08 14:00:00,1745.23,1750.42042,1750.42042,1734.84916,1.6857,-51.9,-87.49,-87.89,3,stop_loss,20.47954,3.46028,2.34258,2.84768,london,2021
XAUUSD,1,2021-04-09 18:00:00,2021-04-12 05:00:00,1745.07,1738.42631,1738.42631,1758.35739,1.3037,-66.4,-86.61,-87.01,10,stop_loss,30.10912,4.42913,-0.11918,2.80848,new_york,2021
XAUUSD,-1,2021-04-12 14:00:00,2021-04-12 17:00:00,1740.65,1730.59778,1745.67611,1730.59778,1.706,100.5,171.49,171.09,3,take_profit,30.32071,3.35074,-0.72327,2.54786,london,2021
XAUUSD,-1,2021-04-13 01:00:00,2021-04-13 11:00:00,1733.06,1728.37,1738.60424,1721.97151,1.5774,46.9,73.98,73.58,10,time_exit,32.18619,3.69616,-1.95385,1.49895,,2021
XAUUSD,-1,2021-04-14 09:00:00,2021-04-14 17:00:00,1743.94,1733.06059,1749.3797,1733.06059,1.6213,108.8,176.39,175.99,8,take_profit,39.52267,3.62647,1.05125,1.2182,london,2021
XAUUSD,-1,2021-04-14 21:00:00,2021-04-15 08:00:00,1735.57,1741.77639,1741.77639,1723.15723,1.4493,-62.1,-89.95,-90.35,10,stop_loss,31.31542,4.13759,-1.11841,0.98721,new_york,2021
XAUUSD,-1,2021-04-16 14:00:00,2021-04-19 01:00:00,1778.29,1775.34,1784.35121,1766.16759,1.4691,29.5,43.34,42.94,10,time_exit,36.12771,4.0408,5.76795,3.13182,london,2021
XAUUSD,1,2021-04-20 10:00:00,2021-04-20 12:00:00,1770.25,1763.96452,1763.96452,1782.82095,1.4236,-62.9,-89.48,-89.88,2,stop_loss,25.24187,4.19032,-0.22404,4.1306,london,2021
XAUUSD,1,2021-04-20 22:00:00,2021-04-21 09:00:00,1777.83,1787.97,1770.81769,1791.85462,1.2632,101.4,128.09,127.69,10,time_exit,16.55941,4.67487,1.17311,3.46562,,2021
XAUUSD,-1,2021-04-21 11:00:00,2021-04-21 16:00:00,1782.07,1788.37984,1788.37984,1769.45033,1.4241,-63.1,-89.86,-90.26,5,stop_loss,18.97934,4.20656,1.5072,3.98907,london,2021
XAUUSD,1,2021-04-21 18:00:00,2021-04-22 05:00:00,1791.19,1793.93,1783.3605,1806.84901,1.1361,27.4,31.13,30.73,10,time_exit,24.36263,5.21967,2.51025,3.32841,new_york,2021
XAUUSD,-1,2021-04-23 22:00:00,2021-04-26 08:00:00,1776.63,1783.53681,1783.53681,1762.81638,1.2923,-69.1,-89.26,-89.66,9,stop_loss,22.04025,4.60454,-1.55034,2.8354,,2021
XAUUSD,-1,2021-04-26 09:00:00,2021-04-26 15:00:00,1779.94,1769.34112,1785.23944,1769.34112,1.6674,106.0,176.73,176.33,6,take_profit,18.62751,3.53296,-0.61753,2.99641,london,2021
XAUUSD,1,2021-04-30 05:00:00,2021-04-30 15:00:00,1768.66,1769.38,1761.91311,1782.15378,1.3358,7.2,9.62,9.22,10,time_exit,26.68099,4.49793,-1.38825,0.1721,,2021
XAUUSD,1,2021-05-03 10:00:00,2021-05-03 16:00:00,1779.79,1790.7726,1774.2987,1790.7726,1.6429,109.8,180.43,180.03,6,take_profit,18.01297,3.66087,2.08776,-0.30386,london,2021
XAUUSD,1,2021-05-03 18:00:00,2021-05-04 05:00:00,1794.39,1790.4,1787.5767,1808.01659,1.3506,-39.9,-53.89,-54.29,10,time_exit,33.50198,4.5422,4.23379,0.25528,new_york,2021
XAUUSD,1,2021-05-04 22:00:00,2021-05-05 09:00:00,1777.6,1776.13,1769.55099,1793.69801,1.1365,-14.7,-16.71,-17.11,10,time_exit,23.06483,5.366,-0.95059,1.02756,,2021
XAUUSD,1,2021-05-05 18:00:00,2021-05-06 05:00:00,1783.02,1789.9,1776.31291,1796.43418,1.3613,68.8,93.66,93.26,10,time_exit,15.18727,4.47139,0.47656,0.7463,new_york,2021
XAUUSD,-1,2021-05-06 18:00:00,2021-05-07 05:00:00,1815.59,1817.89,1823.35194,1800.06613,1.1883,-23.0,-27.33,-27.73,10,time_exit,17.95198,5.17462,5.31549,1.48004,new_york,2021
XAUUSD,1,2021-05-07 08:00:00,2021-05-07 15:00:00,1819.34,1830.68747,1813.66626,1830.68747,1.6208,113.5,183.92,183.52,7,take_profit,41.55184,3.78249,5.27576,3.8782,london,2021
XAUUSD,1,2021-05-10 04:00:00,2021-05-10 14:00:00,1833.11,1841.17,1825.33241,1848.66519,1.206,80.6,97.2,96.8,10,time_exit,62.00832,5.18506,3.39815,4.46237,,2021
XAUUSD,-1,2021-05-11 02:00:00,2021-05-11 12:00:00,1835.39,1838.43,1841.88191,1822.40618,1.4597,-30.4,-44.37,-44.77,10,time_exit,57.95498,4.32794,1.73825,6.24992,,2021
XAUUSD,1,2021-05-12 12:00:00,2021-05-12 15:00:00,1833.42,1827.55632,1827.55632,1845.14736,1.6085,-58.6,-94.32,-94.72,3,stop_loss,26.31749,3.90912,0.34741,5.60278,london,2021
XAUUSD,1,2021-05-13 23:00:00,2021-05-14 06:00:00,1827.41,1819.86176,1819.86176,1842.50648,1.237,-75.5,-93.37,-93.77,6,stop_loss,24.75687,5.03216,0.62841,2.11455,,2021
XAUUSD,1,2021-05-21 13:00:00,2021-05-21 17:00:00,1878.26,1872.2513,1872.2513,1890.2774,1.5383,-60.1,-92.43,-92.83,4,stop_loss,9.10802,4.0058,1.36934,5.31899,london,2021
XAUUSD,1,2021-05-21 21:00:00,2021-05-24 08:00:00,1877.47,1885.53,1869.68429,1893.04142,1.1753,80.6,94.73,94.33,10,time_exit,11.17672,5.19047,0.65825,3.96454,new_york,2021
XAUUSD,-1,2021-05-24 09:00:00,2021-05-24 19:00:00,1885.53,1883.92,1891.52926,1873.53148,1.541,16.1,24.81,24.41,10,time_exit,19.84134,3.99951,2.08799,5.16654,london,2021
XAUUSD,-1,2021-05-25 16:00:00,2021-05-25 17:00:00,1883.3,1889.44224,1889.44224,1871.01551,1.5091,-61.4,-92.69,-93.09,1,stop_loss,17.52991,4.09483,0.8177,4.17149,new_york,2021
XAUUSD,1,2021-05-27 07:00:00,2021-05-27 15:00:00,1896.63,1890.70764,1890.70764,1908.47473,1.5494,-59.2,-91.76,-92.16,8,stop_loss,25.88393,3.94824,0.39284,5.26304,london,2021
XAUUSD,-1,2021-05-28 10:00:00,2021-05-28 15:00:00,1889.62,1894.96014,1894.96014,1878.93971,1.701,-53.4,-90.84,-91.24,5,stop_loss,19.66523,3.5601,-1.51755,4.46559,london,2021
XAUUSD,-1,2021-05-28 15:00:00,2021-05-28 16:00:00,1891.25,1896.32076,1896.32076,1881.10847,1.7734,-50.7,-89.92,-90.32,1,stop_loss,19.25908,3.38051,-0.96412,4.36248,london,2021
XAUUSD,1,2021-06-01 06:00:00,2021-06-01 11:00:00,1911.17,1906.46684,1906.46684,1920.57632,1.8928,-47.0,-89.02,-89.42,5,stop_loss,18.19938,3.13544,2.68576,5.07497,,2021
XAUUSD,-1,2021-06-01 18:00:00,2021-06-01 19:00:00,1895.04,1902.63011,1902.63011,1879.85978,1.1611,-75.9,-88.13,-88.53,1,stop_loss,19.3609,5.06007,-1.92388,3.06433,new_york,2021
XAUUSD,1,2021-06-02 03:00:00,2021-06-02 13:00:00,1898.87,1895.89,1892.94535,1910.7193,1.4725,-29.8,-43.88,-44.28,10,time_exit,24.01072,3.94977,-1.21027,3.4141,,2021
XAUUSD,-1,2021-06-03 18:00:00,2021-06-04 05:00:00,1870.98,1866.79,1879.21,1854.52,1.0547,41.9,44.19,43.79,10,time_exit,35.19536,5.48667,-5.015,1.02717,new_york,2021
XAUUSD,1,2021-06-04 23:00:00,2021-06-07 05:00:00,1891.93,1885.13949,1885.13949,1905.51101,1.2847,-67.9,-87.24,-87.64,5,stop_loss,35.82209,4.527,1.5433,-0.86203,,2021
XAUUSD,-1,2021-06-07 06:00:00,2021-06-07 16:00:00,1887.17,1888.74,1892.9576,1875.5948,1.4922,-15.7,-23.43,-23.83,10,time_exit,26.78646,3.8584,0.34099,-0.78194,,2021
XAUUSD,-1,2021-06-08 11:00:00,2021-06-08 14:00:00,1892.66,1897.40365,1897.40365,1883.1727,1.8155,-47.4,-86.12,-86.52,3,stop_loss,33.01518,3.16243,0.44007,0.44933,london,2021
XAUUSD,-1,2021-06-09 05:00:00,2021-06-09 15:00:00,1893.09,1893.75,1898.55551,1882.15899,1.5599,-6.6,-10.3,-10.7,10,time_exit,15.93977,3.64367,0.21799,0.51201,,2021
XAUUSD,-1,2021-06-09 23:00:00,2021-06-10 10:00:00,1889.87,1879.3986,1895.1057,1879.3986,1.6264,104.7,170.31,169.91,10,take_profit,10.28863,3.49047,-0.63122,0.3892,,2021
XAUUSD,1,2021-06-11 22:00:00,2021-06-14 04:00:00,1877.17,1870.41791,1870.41791,1890.67418,1.2863,-67.5,-86.85,-87.25,5,stop_loss,36.82038,4.50139,-2.80462,-0.1067,,2021
XAUUSD,-1,2021-06-15 09:00:00,2021-06-15 19:00:00,1866.04,1853.83699,1872.14151,1853.83699,1.4091,122.0,171.95,171.55,10,take_profit,33.43681,4.06767,-1.1746,-2.97109,london,2021
XAUUSD,1,2021-06-16 02:00:00,2021-06-16 04:00:00,1859.91,1854.31282,1854.31282,1871.10436,1.5667,-56.0,-87.69,-88.09,2,stop_loss,27.36876,3.73145,-1.67048,-3.65371,,2021
XAUUSD,1,2021-06-16 17:00:00,2021-06-16 21:00:00,1858.97,1853.59846,1853.59846,1869.71307,1.6161,-53.7,-86.81,-87.21,4,stop_loss,25.63492,3.58102,-0.97828,-3.98498,new_york,2021
XAUUSD,-1,2021-06-16 21:00:00,2021-06-16 22:00:00,1862.16,1850.41344,1868.03328,1850.41344,1.4632,117.5,171.88,171.48,1,take_profit,20.76603,3.91552,0.06968,-3.58097,new_york,2021
XAUUSD,1,2021-06-17 01:00:00,2021-06-17 11:00:00,1812.73,1804.84,1800.90799,1836.37402,0.7415,-78.9,-58.5,-58.9,10,time_exit,29.22326,7.88134,-5.82039,-2.12237,,2021
XAUUSD,1,2021-06-17 18:00:00,2021-06-18 05:00:00,1778.63,1784.51,1766.35443,1803.18115,0.7093,58.8,41.71,41.31,10,time_exit,59.15601,8.18372,-6.50409,-3.93115,new_york,2021
XAUUSD,1,2021-06-21 04:00:00,2021-06-21 14:00:00,1773.14,1782.64,1763.69666,1792.02668,0.9264,95.0,88.01,87.61,10,time_exit,41.74907,6.29556,-3.05274,-7.642,,2021
XAUUSD,-1,2021-06-23 08:00:00,2021-06-23 16:00:00,1781.94,1787.97703,1787.97703,1769.86594,1.4635,-60.4,-88.35,-88.75,8,stop_loss,10.40247,4.02469,-0.00974,-8.66834,london,2021
XAUUSD,-1,2021-06-24 20:00:00,2021-06-25 07:00:00,1776.73,1776.29,1783.45895,1763.2721,1.2999,4.4,5.72,5.32,10,time_exit,17.22781,4.48597,-0.90721,-5.66606,new_york,2021
XAUUSD,1,2021-06-29 11:00:00,2021-06-29 12:00:00,1773.39,1768.37662,1768.37662,1783.41675,1.7457,-50.1,-87.52,-87.92,1,stop_loss,22.48127,3.34225,-1.51569,-4.59849,london,2021
XAUUSD,1,2021-06-29 14:00:00,2021-06-29 15:00:00,1769.06,1763.67056,1763.67056,1779.83888,1.6076,-53.9,-86.64,-87.04,1,stop_loss,25.87378,3.59296,-2.35459,-4.34364,london,2021
XAUUSD,1,2021-06-30 05:00:00,2021-06-30 08:00:00,1763.35,1756.8147,1756.8147,1776.4206,1.3124,-65.4,-85.77,-86.17,3,stop_loss,30.89155,4.35687,-1.67054,-4.20823,,2021
XAUUSD,-1,2021-07-02 06:00:00,2021-07-02 11:00:00,1778.36,1783.72997,1783.72997,1767.62007,1.5812,-53.7,-84.91,-85.31,5,stop_loss,19.54692,3.57998,1.61712,-2.66614,,2021
XAUUSD,1,2021-07-02 19:00:00,2021-07-05 06:00:00,1782.89,1785.47,1774.64117,1799.38767,1.019,25.8,26.29,25.89,10,time_exit,18.23362,5.49922,1.14407,-1.00622,new_york,2021
XAUUSD,1,2021-07-05 17:00:00,2021-07-06 08:00:00,1791.19,1802.37211,1785.59894,1802.37211,1.508,111.8,168.63,168.23,10,take_profit,21.3891,3.72737,1.99676,0.09202,new_york,2021
XAUUSD,-1,2021-07-06 09:00:00,2021-07-06 10:00:00,1803.94,1808.91436,1808.91436,1793.99127,1.7288,-49.7,-86.0,-86.4,1,stop_loss,29.33719,3.31624,4.82847,0.9899,london,2021
XAUUSD,1,2021-07-06 10:00:00,2021-07-06 15:00:00,1804.88,1814.72239,1799.9588,1814.72239,1.7299,98.4,170.26,169.86,5,take_profit,31.92659,3.2808,4.99087,1.14266,london,2021
XAUUSD,-1,2021-07-07 10:00:00,2021-07-07 15:00:00,1803.19,1809.22868,1809.22868,1791.11263,1.4379,-60.4,-86.83,-87.23,5,stop_loss,20.37706,4.02579,1.81141,1.9127,london,2021
XAUUSD,1,2021-07-07 15:00:00,2021-07-07 16:00:00,1806.55,1800.74578,1800.74578,1818.15845,1.481,-58.0,-85.96,-86.36,1,stop_loss,21.96345,3.86948,2.29058,2.23876,london,2021
XAUUSD,1,2021-07-07 17:00:00,2021-07-08 04:00:00,1806.73,1800.36791,1800.36791,1819.45417,1.3375,-63.6,-85.09,-85.49,10,stop_loss,19.99747,4.24139,1.98124,2.1089,new_york,2021
XAUUSD,1,2021-07-08 04:00:00,2021-07-08 05:00:00,1804.48,1798.6284,1798.6284,1816.1832,1.4396,-58.5,-84.24,-84.64,1,stop_loss,14.21411,3.90107,1.09896,2.40796,,2021
XAUUSD,-1,2021-07-12 17:00:00,2021-07-12 18:00:00,1792.41,1799.23368,1799.23368,1778.76265,1.2221,-68.2,-83.39,-83.79,1,stop_loss,10.71576,4.54912,-2.4096,1.47535,new_york,2021
XAUUSD,1,2021-07-14 12:00:00,2021-07-14 15:00:00,1814.08,1825.16209,1808.53896,1825.16209,1.4899,110.8,165.11,164.71,3,take_profit,26.94867,3.69403,1.51009,2.06345,london,2021
XAUUSD,-1,2021-07-14 16:00:00,2021-07-15 03:00:00,1828.63,1825.04,1835.0492,1815.7916,1.3118,35.9,47.09,46.69,10,time_exit,24.4855,4.27947,4.34406,1.97702,new_york,2021
XAUUSD,-1,2021-07-16 08:00:00,2021-07-16 14:00:00,1826.48,1817.03903,1831.20049,1817.03903,1.7937,94.4,169.34,168.94,6,take_profit,18.7172,3.14699,0.96024,4.40576,london,2021
XAUUSD,-1,2021-07-19 01:00:00,2021-07-19 11:00:00,1811.64,1804.37,1818.1306,1798.6588,1.3305,72.7,96.73,96.33,10,time_exit,25.1327,4.32707,-2.0905,2.25744,,2021
XAUUSD,1,2021-07-20 12:00:00,2021-07-20 15:00:00,1813.14,1823.68232,1807.86884,1823.68232,1.6566,105.4,174.64,174.24,3,take_profit,15.84494,3.51411,-0.30221,0.91294,london,2021
XAUUSD,-1,2021-07-20 23:00:00,2021-07-21 10:00:00,1809.93,1807.41,1816.70165,1796.3867,1.3153,25.2,33.15,32.75,10,time_exit,17.02853,4.51443,-0.89932,0.59437,,2021
XAUUSD,-1,2021-07-22 09:00:00,2021-07-22 15:00:00,1798.84,1803.63131,1803.63131,1789.25738,1.8657,-47.9,-89.39,-89.79,6,stop_loss,28.31474,3.19421,-2.36546,-0.94689,london,2021
XAUUSD,-1,2021-07-22 23:00:00,2021-07-23 10:00:00,1807.16,1809.27,1812.9031,1795.6738,1.5409,-21.1,-32.51,-32.91,10,time_exit,23.87436,3.82873,0.65522,-0.97709,,2021
XAUUSD,-1,2021-07-26 04:00:00,2021-07-26 05:00:00,1799.35,1804.94938,1804.94938,1788.15124,1.5746,-56.0,-88.17,-88.57,1,stop_loss,14.26725,3.73292,-1.01703,-1.05274,,2021
XAUUSD,1,2021-07-26 14:00:00,2021-07-26 15:00:00,1807.87,1802.49354,1802.49354,1818.62292,1.6234,-53.8,-87.28,-87.68,1,stop_loss,15.87718,3.58431,0.9272,-0.71225,london,2021
XAUUSD,-1,2021-07-27 22:00:00,2021-07-28 06:00:00,1799.99,1805.99519,1805.99519,1787.97962,1.4388,-60.1,-86.4,-86.8,7,stop_loss,19.55078,4.00346,-0.13714,-1.09846,,2021
XAUUSD,-1,2021-07-30 04:00:00,2021-07-30 14:00:00,1827.45,1827.67,1832.17152,1818.00696,1.8116,-2.2,-3.99,-4.39,10,time_exit,41.62287,3.14768,3.59202,2.43935,,2021
XAUUSD,-1,2021-07-30 21:00:00,2021-08-02 08:00:00,1814.63,1811.52,1820.2269,1803.43619,1.5275,31.1,47.51,47.11,10,time_exit,32.69746,3.73127,-1.55,2.49816,new_york,2021
XAUUSD,-1,2021-08-03 12:00:00,2021-08-03 22:00:00,1810.73,1811.21,1815.32813,1801.53373,1.8695,-4.8,-8.97,-9.37,10,time_exit,20.68184,3.06542,-0.9937,0.79165,london,2021
XAUUSD,1,2021-08-04 07:00:00,2021-08-04 15:00:00,1813.24,1820.51917,1809.60042,1820.51917,2.3593,72.8,171.74,171.34,8,take_profit,16.38292,2.42639,0.27517,0.49531,london,2021
XAUUSD,1,2021-08-05 10:00:00,2021-08-05 16:00:00,1809.9,1805.53741,1805.53741,1818.62518,2.0076,-43.6,-87.58,-87.98,6,stop_loss,16.72518,2.90839,-0.94709,0.30214,london,2021
XAUUSD,1,2021-08-05 19:00:00,2021-08-06 06:00:00,1804.26,1801.15,1798.09209,1816.59582,1.4057,-31.1,-43.72,-44.12,10,time_exit,17.86862,4.11194,-1.75561,-0.01483,new_york,2021
XAUUSD,1,2021-08-10 07:00:00,2021-08-10 13:00:00,1737.34,1728.39012,1728.39012,1755.23977,0.9638,-89.5,-86.26,-86.66,6,stop_loss,42.74066,5.96659,-2.58207,-5.88758,london,2021
XAUUSD,-1,2021-08-11 15:00:00,2021-08-11 16:00:00,1737.64,1743.36121,1743.36121,1726.19758,1.4926,-57.2,-85.39,-85.79,1,stop_loss,20.12107,3.81414,-0.07274,-9.16442,london,2021
XAUUSD,1,2021-08-12 04:00:00,2021-08-12 14:00:00,1751.26,1749.48,1745.52489,1762.73021,1.474,-17.8,-26.24,-26.64,10,time_exit,36.97106,3.8234,2.28582,-7.2556,,2021
XAUUSD,1,2021-08-13 02:00:00,2021-08-13 12:00:00,1753.88,1758.44,1748.64874,1764.34252,1.6109,45.6,73.46,73.06,10,time_exit,23.22316,3.48751,1.7094,-5.44294,,2021
XAUUSD,1,2021-08-13 13:00:00,2021-08-13 17:00:00,1758.44,1767.51723,1753.90139,1767.51723,1.8728,90.8,170.0,169.6,4,take_profit,24.83626,3.02574,2.58252,-4.94728,london,2021
XAUUSD,1,2021-08-16 13:00:00,2021-08-16 14:00:00,1776.18,1771.28704,1771.28704,1785.96592,1.7719,-48.9,-86.7,-87.1,1,stop_loss,49.87821,3.26197,3.31343,-0.63374,london,2021
XAUUSD,1,2021-08-19 02:00:00,2021-08-19 04:00:00,1788.32,1782.46068,1782.46068,1800.03863,1.4648,-58.6,-85.83,-86.23,2,stop_loss,14.78203,3.90621,0.90798,2.24213,,2021
XAUUSD,-1,2021-08-19 11:00:00,2021-08-19 12:00:00,1781.52,1787.28467,1787.28467,1769.99065,1.4739,-57.6,-84.97,-85.37,1,stop_loss,20.46054,3.84312,-0.58912,1.89398,london,2021
XAUUSD,-1,2021-08-19 20:00:00,2021-08-20 07:00:00,1782.75,1785.93,1789.71053,1768.82894,1.2084,-31.8,-38.43,-38.83,10,time_exit,14.93314,4.64035,-0.34988,1.50289,new_york,2021
XAUUSD,-1,2021-08-20 21:00:00,2021-08-23 06:00:00,1782.78,1788.56195,1788.56195,1771.2161,1.448,-57.8,-83.72,-84.12,8,stop_loss,13.32377,3.85463,-0.21783,1.32626,new_york,2021
XAUUSD,-1,2021-08-23 06:00:00,2021-08-23 15:00:00,1787.95,1793.50275,1793.50275,1776.8445,1.4926,-55.5,-82.88,-83.28,9,stop_loss,16.20372,3.70183,1.28508,1.19586,,2021
XAUUSD,1,2021-08-23 19:00:00,2021-08-24 06:00:00,1804.58,1801.15,1798.23969,1817.26063,1.2941,-34.3,-44.39,-44.79,10,time_exit,22.93847,4.22688,4.0764,1.62713,new_york,2021
XAUUSD,-1,2021-08-26 02:00:00,2021-08-26 12:00:00,1790.83,1785.53,1796.27699,1779.93602,1.4981,53.0,79.4,79.0,10,time_exit,29.6481,3.63133,-1.14432,1.99432,,2021
XAUUSD,1,2021-08-27 16:00:00,2021-08-27 17:00:00,1798.62,1793.17555,1793.17555,1809.50889,1.5133,-54.4,-82.39,-82.79,1,stop_loss,21.68165,3.62963,1.17981,1.37533,new_york,2021
XAUUSD,-1,2021-08-31 10:00:00,2021-08-31 16:00:00,1814.79,1806.27665,1819.04668,1806.27665,1.9161,85.1,163.12,162.72,6,take_profit,20.4256,2.83778,1.80757,4.36182,london,2021
XAUUSD,1,2021-09-01 15:00:00,2021-09-02 02:00:00,1813.01,1813.11,1808.20022,1822.62955,1.7296,1.0,1.73,1.33,10,time_exit,15.09575,3.20652,0.259,3.39024,london,2021
XAUUSD,1,2021-09-02 17:00:00,2021-09-02 19:00:00,1812.5,1807.87186,1807.87186,1821.75629,1.7978,-46.3,-83.2,-83.6,2,stop_loss,10.43623,3.08543,-0.27468,3.00787,new_york,2021
XAUUSD,-1,2021-09-03 02:00:00,2021-09-03 05:00:00,1809.07,1813.45815,1813.45815,1800.29371,1.877,-43.9,-82.37,-82.77,3,stop_loss,21.0956,2.92543,-1.1144,2.68474,,2021
XAUUSD,-1,2021-09-03 15:00:00,2021-09-03 16:00:00,1814.72,1818.22467,1818.22467,1807.71065,2.3266,-35.0,-81.54,-81.94,1,stop_loss,12.33116,2.33645,0.98519,2.97986,london,2021
XAUUSD,1,2021-09-03 16:00:00,2021-09-03 18:00:00,1823.45,1833.44082,1818.45459,1833.44082,1.6159,99.9,161.44,161.04,2,take_profit,15.78243,3.33027,3.17403,2.16649,new_york,2021
XAUUSD,1,2021-09-03 21:00:00,2021-09-06 04:00:00,1831.22,1825.23484,1825.23484,1843.19032,1.3756,-59.9,-82.33,-82.73,6,stop_loss,32.26016,3.99011,3.85177,2.26712,new_york,2021
XAUUSD,1,2021-09-08 13:00:00,2021-09-08 16:00:00,1797.03,1792.20645,1792.20645,1806.6771,1.6897,-48.2,-81.5,-81.9,3,stop_loss,31.15663,3.2157,-3.24573,-0.49771,london,2021
XAUUSD,-1,2021-09-09 10:00:00,2021-09-09 11:00:00,1788.33,1792.96982,1792.96982,1779.05035,1.7389,-46.4,-80.68,-81.08,1,stop_loss,28.66144,3.09322,-3.12183,-2.50109,london,2021
XAUUSD,1,2021-09-13 05:00:00,2021-09-13 15:00:00,1788.4,1785.9,1782.74641,1799.70719,1.4128,-25.0,-35.32,-35.72,10,time_exit,18.70816,3.76906,-1.55128,-2.0017,,2021
XAUUSD,-1,2021-09-13 22:00:00,2021-09-14 09:00:00,1792.55,1792.51,1797.96511,1781.71977,1.4684,0.4,0.59,0.19,10,time_exit,12.75095,3.61008,-0.10481,-2.00811,,2021
XAUUSD,1,2021-09-14 11:00:00,2021-09-14 13:00:00,1790.59,1786.49014,1786.49014,1798.78971,1.9395,-41.0,-79.52,-79.92,2,stop_loss,10.18536,2.73324,-0.7067,-2.45169,london,2021
XAUUSD,-1,2021-09-15 04:00:00,2021-09-15 14:00:00,1802.87,1802.12,1808.48099,1791.64801,1.4029,7.5,10.52,10.12,10,time_exit,25.51854,3.74066,1.82559,-0.85257,,2021
XAUUSD,-1,2021-09-17 01:00:00,2021-09-17 08:00:00,1753.54,1760.73739,1760.73739,1739.14523,1.0951,-72.0,-78.82,-79.22,7,stop_loss,64.18441,4.79826,-5.80541,-2.64326,,2021
XAUUSD,1,2021-09-17 08:00:00,2021-09-17 15:00:00,1760.46,1754.73835,1754.73835,1771.90329,1.3637,-57.2,-78.03,-78.43,7,stop_loss,60.10694,3.81443,-3.88171,-4.23538,london,2021
XAUUSD,-1,2021-09-21 03:00:00,2021-09-21 13:00:00,1764.96,1766.0,1770.71866,1753.44268,1.3413,-10.4,-13.95,-14.35,10,time_exit,24.06461,3.83911,0.92056,-4.81993,,2021
XAUUSD,1,2021-09-21 14:00:00,2021-09-21 17:00:00,1766.0,1776.54915,1760.72543,1776.54915,1.4617,105.5,154.2,153.8,3,take_profit,16.91589,3.51638,1.108,-4.57599,london,2021
XAUUSD,-1,2021-09-22 12:00:00,2021-09-22 21:00:00,1775.71,1780.44999,1780.44999,1766.23002,1.659,-47.4,-78.64,-79.04,9,stop_loss_ambiguous,29.18593,3.15999,1.80778,-2.46248,london,2021
XAUUSD,1,2021-09-24 06:00:00,2021-09-24 15:00:00,1751.89,1744.7822,1744.7822,1766.1056,1.0952,-71.1,-77.84,-78.24,9,stop_loss,41.77587,4.73853,-1.95786,-2.40067,,2021
XAUUSD,1,2021-09-24 21:00:00,2021-09-27 08:00:00,1749.78,1759.33,1743.31536,1762.70928,1.1921,95.5,113.85,113.45,10,time_exit,27.83332,4.30976,-1.60953,-2.99613,new_york,2021
XAUUSD,1,2021-09-29 07:00:00,2021-09-29 17:00:00,1740.6,1734.60287,1734.60287,1752.59427,1.3039,-60.0,-78.2,-78.6,10,stop_loss,40.62444,3.99809,-0.74076,-3.92047,london,2021
XAUUSD,1,2021-09-30 10:00:00,2021-09-30 14:00:00,1728.87,1723.56069,1723.56069,1739.48862,1.4581,-53.1,-77.42,-77.82,4,stop_loss,30.94209,3.53954,-2.1158,-4.7945,london,2021
XAUUSD,-1,2021-09-30 16:00:00,2021-09-30 17:00:00,1737.17,1744.08696,1744.08696,1723.33608,1.1079,-69.2,-76.63,-77.03,1,stop_loss,30.55043,4.61131,0.47186,-3.67144,new_york,2021
XAUUSD,1,2021-09-30 22:00:00,2021-10-01 09:00:00,1756.92,1755.74,1748.90468,1772.95064,0.9465,-11.8,-11.17,-11.57,10,time_exit,32.7005,5.34355,3.28943,-2.40116,,2021
XAUUSD,1,2021-10-01 09:00:00,2021-10-01 19:00:00,1752.23,1759.42,1745.8907,1764.90859,1.1949,71.9,85.91,85.51,10,time_exit,30.51476,4.2262,1.88479,-1.9204,london,2021
XAUUSD,1,2021-10-05 02:00:00,2021-10-05 06:00:00,1768.78,1761.64553,1761.64553,1783.04894,1.0737,-71.3,-76.6,-77.0,4,stop_loss,28.1859,4.75631,2.45432,0.51585,,2021
XAUUSD,-1,2021-10-06 02:00:00,2021-10-06 10:00:00,1759.74,1748.18761,1765.51619,1748.18761,1.3129,115.5,151.67,151.27,8,take_profit,11.89126,3.8508,0.36933,0.7043,,2021
XAUUSD,-1,2021-10-06 13:00:00,2021-10-06 14:00:00,1748.63,1754.03579,1754.03579,1737.81843,1.4308,-54.1,-77.35,-77.75,1,stop_loss,23.23996,3.60386,-2.13473,0.2721,london,2021
XAUUSD,1,2021-10-06 14:00:00,2021-10-06 15:00:00,1750.38,1761.02789,1745.05606,1761.02789,1.4382,106.5,153.14,152.74,1,take_profit,24.2339,3.5493,-1.62236,0.22411,london,2021
XAUUSD,1,2021-10-06 23:00:00,2021-10-07 06:00:00,1764.38,1758.35382,1758.35382,1776.43237,1.296,-60.3,-78.1,-78.5,6,stop_loss,21.42889,4.01746,1.69226,0.45116,,2021
XAUUSD,1,2021-10-07 07:00:00,2021-10-07 15:00:00,1760.14,1755.28381,1755.28381,1769.85239,1.592,-48.6,-77.31,-77.71,8,stop_loss,18.19082,3.23746,0.49356,0.73499,london,2021
XAUUSD,-1,2021-10-11 06:00:00,2021-10-11 16:00:00,1759.38,1757.7,1765.94148,1746.25704,1.1664,16.8,19.6,19.2,10,time_exit,11.36081,4.37432,0.13346,0.38102,,2021
XAUUSD,1,2021-10-12 12:00:00,2021-10-12 16:00:00,1757.62,1767.48858,1752.68571,1767.48858,1.555,98.7,153.46,153.06,4,take_profit,12.09499,3.28953,0.16894,0.0661,london,2021
XAUUSD,-1,2021-10-13 17:00:00,2021-10-13 18:00:00,1781.68,1790.52391,1790.52391,1763.99217,0.8849,-88.4,-78.26,-78.66,1,stop_loss,19.64828,5.89594,3.32444,0.61112,new_york,2021
XAUUSD,-1,2021-10-14 16:00:00,2021-10-15 03:00:00,1799.09,1794.61,1805.26816,1786.73367,1.2539,44.8,56.17,55.77,10,time_exit,24.25498,4.11878,4.47383,3.68554,new_york,2021
XAUUSD,1,2021-10-15 15:00:00,2021-10-15 16:00:00,1778.22,1772.90026,1772.90026,1788.85948,1.4668,-53.2,-78.03,-78.43,1,stop_loss,30.21545,3.54649,-2.45911,4.57415,london,2021
XAUUSD,1,2021-10-18 01:00:00,2021-10-18 11:00:00,1766.83,1762.76,1760.83029,1778.82942,1.2875,-40.7,-52.4,-52.8,10,time_exit,50.61523,3.99981,-3.48445,2.73125,,2021
XAUUSD,-1,2021-10-18 15:00:00,2021-10-18 16:00:00,1763.07,1768.63383,1768.63383,1751.94234,1.3788,-55.6,-76.71,-77.11,1,stop_loss,54.5492,3.70922,-3.22084,1.32108,london,2021
XAUUSD,-1,2021-10-18 16:00:00,2021-10-18 17:00:00,1765.21,1771.11463,1771.11463,1753.40075,1.2862,-59.0,-75.95,-76.35,1,stop_loss,52.50631,3.93642,-2.38872,1.15969,new_york,2021
XAUUSD,1,2021-10-18 20:00:00,2021-10-19 07:00:00,1766.77,1774.59,1760.68038,1778.94924,1.2346,78.2,96.55,96.15,10,time_exit,42.97236,4.05975,-1.71208,0.91308,new_york,2021
XAUUSD,1,2021-10-19 19:00:00,2021-10-20 06:00:00,1771.16,1774.09,1764.51648,1784.44703,1.1461,29.3,33.58,33.18,10,time_exit,28.37557,4.42901,-0.68053,0.77551,new_york,2021
XAUUSD,-1,2021-10-20 23:00:00,2021-10-21 10:00:00,1785.46,1782.65,1791.51138,1773.35725,1.2638,28.1,35.51,35.11,10,time_exit,27.06984,4.03425,2.03272,1.20599,,2021
XAUUSD,1,2021-10-21 12:00:00,2021-10-21 14:00:00,1786.03,1780.47894,1780.47894,1797.13213,1.384,-55.5,-76.83,-77.23,2,stop_loss,20.8611,3.70071,1.63595,1.70171,london,2021
XAUUSD,1,2021-10-22 02:00:00,2021-10-22 12:00:00,1783.69,1793.15,1777.9778,1795.1144,1.3314,94.6,125.95,125.55,10,time_exit,13.42967,3.80813,0.75293,1.6033,,2021
XAUUSD,1,2021-10-25 18:00:00,2021-10-26 05:00:00,1807.06,1804.31,1799.91665,1821.34669,1.0823,-27.5,-29.76,-30.16,10,time_exit,25.90014,4.76223,2.70874,2.63553,new_york,2021
XAUUSD,1,2021-10-26 08:00:00,2021-10-26 15:00:00,1803.52,1798.7922,1798.7922,1812.97561,1.6288,-47.3,-77.01,-77.41,7,stop_loss,25.38906,3.15187,1.41772,4.55578,london,2021
XAUUSD,1,2021-10-26 23:00:00,2021-10-27 06:00:00,1793.4,1787.25699,1787.25699,1805.68601,1.241,-61.4,-76.23,-76.63,6,stop_loss,26.89002,4.09534,-1.05518,2.78243,,2021
XAUUSD,-1,2021-10-27 09:00:00,2021-10-27 10:00:00,1786.04,1790.89383,1790.89383,1776.33234,1.5548,-48.5,-75.47,-75.87,1,stop_loss,31.23567,3.23589,-2.88788,2.70198,london,2021
XAUUSD,-1,2021-10-28 12:00:00,2021-10-28 15:00:00,1800.81,1805.92098,1805.92098,1790.58805,1.4617,-51.1,-74.71,-75.11,3,stop_loss,18.17646,3.40732,1.31183,2.2173,london,2021
XAUUSD,1,2021-10-29 14:00:00,2021-10-29 15:00:00,1795.62,1789.32983,1789.32983,1808.20035,1.1758,-62.9,-73.96,-74.36,1,stop_loss,12.46197,4.19345,-0.3615,1.50715,london,2021
XAUUSD,1,2021-11-01 19:00:00,2021-11-02 06:00:00,1793.08,1791.2,1786.70788,1805.82424,1.149,-18.8,-21.6,-22.0,10,time_exit,19.31749,4.24808,0.9317,-0.04034,new_york,2021
XAUUSD,-1,2021-11-03 02:00:00,2021-11-03 12:00:00,1787.06,1782.56,1791.56658,1778.04683,1.6197,45.0,72.89,72.49,10,time_exit,14.36368,3.00439,-1.05078,0.16086,,2021
XAUUSD,-1,2021-11-08 06:00:00,2021-11-08 16:00:00,1819.13,1825.91892,1825.91892,1805.55216,1.0859,-67.9,-73.72,-74.12,10,stop_loss,38.35932,4.52595,4.485,1.80565,,2021
XAUUSD,-1,2021-11-08 22:00:00,2021-11-09 09:00:00,1825.97,1820.14,1831.82744,1814.25513,1.2459,58.3,72.64,72.24,10,time_exit,33.18441,3.90496,4.28896,3.60574,,2021
XAUUSD,-1,2021-11-09 09:00:00,2021-11-09 15:00:00,1824.01,1828.90372,1828.90372,1814.22257,1.506,-48.9,-73.7,-74.1,6,stop_loss,30.99533,3.26248,3.08281,4.97782,london,2021
XAUUSD,1,2021-11-09 23:00:00,2021-11-10 05:00:00,1832.32,1826.44067,1826.44067,1844.07866,1.2409,-58.8,-72.96,-73.36,5,stop_loss,24.22574,3.91955,3.21289,4.63659,,2021
XAUUSD,-1,2021-11-11 01:00:00,2021-11-11 10:00:00,1849.3,1859.02943,1859.02943,1829.84115,0.7423,-97.3,-72.22,-72.62,9,stop_loss,34.52146,6.48628,2.7486,3.44568,,2021
XAUUSD,1,2021-11-12 01:00:00,2021-11-12 05:00:00,1861.75,1855.20203,1855.20203,1874.84593,1.0919,-65.5,-71.5,-71.9,4,stop_loss,37.15302,4.36531,3.25071,6.58273,,2021
XAUUSD,1,2021-11-12 09:00:00,2021-11-12 11:00:00,1857.78,1852.19939,1852.19939,1868.94122,1.2683,-55.8,-70.78,-71.18,2,stop_loss,24.69211,3.72041,1.90268,7.69532,london,2021
XAUUSD,-1,2021-11-12 12:00:00,2021-11-12 16:00:00,1853.06,1859.0704,1859.0704,1841.0392,1.1658,-60.1,-70.07,-70.47,4,stop_loss,22.26379,4.00693,0.49033,7.00627,london,2021
XAUUSD,1,2021-11-15 05:00:00,2021-11-15 15:00:00,1859.59,1864.26,1852.96009,1872.84983,1.0462,46.7,48.86,48.46,10,time_exit,21.59868,4.41994,0.8727,6.14817,,2021
XAUUSD,1,2021-11-17 17:00:00,2021-11-18 04:00:00,1866.01,1866.88,1860.17362,1877.68275,1.1968,8.7,10.41,10.01,10,time_exit,18.08844,3.89092,1.65402,4.30922,new_york,2021
XAUUSD,1,2021-11-19 06:00:00,2021-11-19 09:00:00,1863.11,1857.9643,1857.9643,1873.4014,1.3594,-51.5,-69.95,-70.35,3,stop_loss,27.66898,3.43047,0.30822,3.83009,,2021
XAUUSD,-1,2021-11-22 16:00:00,2021-11-22 17:00:00,1838.29,1823.67359,1845.59821,1823.67359,0.9475,146.2,138.49,138.09,1,take_profit,53.83077,4.87214,-2.86701,0.54586,new_york,2021
XAUUSD,-1,2021-11-22 19:00:00,2021-11-23 06:00:00,1815.79,1807.88,1825.59626,1796.17748,0.7202,79.1,56.97,56.57,10,time_exit,59.10616,6.53751,-4.93748,-0.04147,new_york,2021
XAUUSD,1,2021-11-23 10:00:00,2021-11-23 11:00:00,1807.6,1800.24738,1800.24738,1822.30524,0.9682,-73.5,-71.19,-71.59,1,stop_loss,60.84154,4.90175,-4.67888,-2.51842,london,2021
XAUUSD,-1,2021-11-24 19:00:00,2021-11-25 06:00:00,1789.1,1791.99,1796.33167,1774.63666,0.9745,-28.9,-28.16,-28.56,10,time_exit,41.93326,4.82111,-2.52279,-5.67551,new_york,2021
XAUUSD,1,2021-11-26 06:00:00,2021-11-26 09:00:00,1797.08,1805.2772,1792.9814,1805.2772,1.7125,82.0,140.38,139.98,3,take_profit,19.11775,2.7324,1.193,-8.8543,,2021
XAUUSD,-1,2021-11-29 08:00:00,2021-11-29 18:00:00,1795.78,1783.84,1804.69573,1777.94853,0.803,119.4,95.88,95.48,10,time_exit,24.39055,5.94382,-0.03456,-3.03843,london,2021
XAUUSD,1,2021-12-01 23:00:00,2021-12-02 10:00:00,1778.54,1773.51,1770.15396,1795.31208,0.8651,-50.3,-43.51,-43.91,10,time_exit,11.84556,5.59069,-1.22333,-2.8057,,2021
XAUUSD,1,2021-12-03 03:00:00,2021-12-03 13:00:00,1771.63,1771.89,1765.41106,1784.06787,1.1594,2.6,3.01,2.61,10,time_exit,32.7685,4.14596,-1.45357,-4.35361,,2021
XAUUSD,-1,2021-12-03 14:00:00,2021-12-03 15:00:00,1771.88,1777.68116,1777.68116,1760.27768,1.2434,-58.0,-72.13,-72.53,1,stop_loss,21.61515,3.86744,-0.93771,-4.58512,london,2021
XAUUSD,1,2021-12-06 11:00:00,2021-12-06 21:00:00,1781.58,1778.43,1775.63322,1793.47355,1.2008,-31.5,-37.83,-38.23,10,time_exit,18.17047,3.96452,0.6778,-3.06298,london,2021
XAUUSD,-1,2021-12-07 19:00:00,2021-12-08 06:00:00,1785.97,1789.33,1792.39653,1773.11694,1.1052,-33.6,-37.13,-37.53,10,time_exit,13.51279,4.28435,1.35704,-1.88555,new_york,2021
XAUUSD,1,2021-12-08 15:00:00,2021-12-09 02:00:00,1784.61,1784.75,1778.87923,1796.07153,1.2328,1.4,1.73,1.33,10,time_exit,15.56999,3.82051,0.12463,-1.04562,london,2021
XAUUSD,-1,2021-12-09 14:00:00,2021-12-10 01:00:00,1780.26,1776.37,1785.00372,1770.77256,1.4896,38.9,57.95,57.55,10,time_exit,9.56109,3.16248,-1.15033,-1.03427,london,2021
XAUUSD,-1,2021-12-10 08:00:00,2021-12-10 15:00:00,1777.04,1781.54707,1781.54707,1768.02587,1.5806,-45.1,-71.24,-71.64,7,stop_loss,14.02704,3.00471,-1.18503,-1.68022,london,2021
XAUUSD,-1,2021-12-13 03:00:00,2021-12-13 04:00:00,1782.65,1787.35087,1787.35087,1773.24826,1.5002,-47.0,-70.52,-70.92,1,stop_loss,33.05795,3.13391,0.79875,-1.41858,,2021
XAUUSD,-1,2021-12-14 12:00:00,2021-12-14 15:00:00,1783.77,1775.55082,1787.87959,1775.55082,1.6988,82.2,139.63,139.23,3,take_profit,15.55357,2.73973,-0.3695,-0.12992,london,2021
XAUUSD,1,2021-12-15 16:00:00,2021-12-15 17:00:00,1772.16,1767.90745,1767.90745,1780.6651,1.6744,-42.5,-71.2,-71.6,1,stop_loss,43.58364,2.83503,-1.49657,-2.09021,new_york,2021
XAUUSD,-1,2021-12-15 17:00:00,2021-12-15 20:00:00,1769.68,1760.02312,1774.50844,1760.02312,1.4598,96.6,140.97,140.57,3,take_profit,42.93352,3.21896,-1.94392,-1.88181,new_york,2021
XAUUSD,-1,2021-12-20 04:00:00,2021-12-20 14:00:00,1801.03,1797.54,1806.7609,1789.56819,1.2545,34.9,43.78,43.38,10,time_exit,25.65772,3.8206,1.1526,2.36448,,2021
XAUUSD,1,2021-12-20 19:00:00,2021-12-20 22:00:00,1795.88,1790.04291,1790.04291,1807.55419,1.2391,-58.4,-72.33,-72.73,3,stop_loss,18.45172,3.8914,-0.36182,2.10036,new_york,2021
XAUUSD,1,2021-12-21 07:00:00,2021-12-21 17:00:00,1792.08,1787.54764,1787.54764,1801.14472,1.5798,-45.3,-71.6,-72.0,10,stop_loss,27.74655,3.02157,-1.02005,1.92912,london,2021
XAUUSD,1,2021-12-22 13:00:00,2021-12-22 18:00:00,1789.88,1797.59032,1786.02484,1797.59032,1.8386,77.1,141.76,141.36,5,take_profit,15.20369,2.57011,-0.68029,0.76542,london,2021
XAUUSD,1,2021-12-23 13:00:00,2021-12-23 16:00:00,1804.75,1801.04395,1801.04395,1812.1621,1.9507,-37.1,-72.29,-72.69,3,stop_loss,42.79305,2.4707,2.5114,2.55366,london,2021
XAUUSD,1,2021-12-27 07:00:00,2021-12-27 11:00:00,1809.35,1805.41187,1805.41187,1817.22626,1.8173,-39.4,-71.57,-71.97,4,stop_loss,23.4654,2.62542,2.30437,3.27494,london,2021
XAUUSD,-1,2021-12-27 16:00:00,2021-12-27 17:00:00,1808.68,1812.66816,1812.66816,1800.70367,1.7764,-39.9,-70.85,-71.25,1,stop_loss,16.47975,2.65878,1.5045,3.2928,new_york,2021
XAUUSD,1,2021-12-27 20:00:00,2021-12-28 07:00:00,1808.18,1812.94,1803.88484,1816.77032,1.6329,47.6,77.73,77.33,10,time_exit,14.75778,2.86344,0.97683,3.15374,new_york,2021
XAUUSD,1,2021-12-29 12:00:00,2021-12-29 13:00:00,1802.76,1799.12569,1799.12569,1810.02862,1.9511,-36.3,-70.91,-71.31,1,stop_loss,24.04173,2.42287,-2.18459,3.07409,london,2021
XAUUSD,-1,2021-12-29 21:00:00,2021-12-30 08:00:00,1804.68,1798.31,1810.14755,1793.74491,1.2838,63.7,81.78,81.38,10,time_exit,29.92845,3.64503,-0.14524,1.3143,new_york,2021
XAUUSD,-1,2021-12-30 14:00:00,2021-12-30 16:00:00,1802.62,1806.65572,1806.65572,1794.54856,1.7595,-40.4,-71.01,-71.41,2,stop_loss,22.5946,2.69048,-0.32717,1.07276,london,2021
XAUUSD,-1,2021-12-30 18:00:00,2021-12-30 19:00:00,1807.21,1812.10153,1812.10153,1797.42694,1.4371,-48.9,-70.3,-70.7,1,stop_loss,18.92782,3.26102,1.05906,0.90858,new_york,2021
XAUUSD,-1,2021-12-30 22:00:00,2021-12-31 09:00:00,1815.08,1819.92559,1819.92559,1805.38882,1.4361,-48.5,-69.59,-69.99,10,stop_loss,22.4555,3.23039,3.04618,1.22569,,2021
XAUUSD,1,2022-01-05 05:00:00,2022-01-05 15:00:00,1815.59,1825.01484,1810.87758,1825.01484,1.4618,94.2,137.77,137.37,10,take_profit,19.65281,3.14161,1.33782,1.1909,,2022
XAUUSD,1,2022-01-05 21:00:00,2022-01-05 22:00:00,1823.9,1818.35556,1818.35556,1834.98887,1.2672,-55.4,-70.26,-70.66,1,stop_loss,29.67075,3.69629,2.29948,1.63267,new_york,2022
XAUUSD,-1,2022-01-06 15:00:00,2022-01-07 02:00:00,1791.8,1792.01,1799.13363,1777.13275,0.9484,-2.1,-1.99,-2.39,10,time_exit,30.27998,4.88908,-3.58856,0.16057,london,2022
XAUUSD,1,2022-01-07 11:00:00,2022-01-07 15:00:00,1790.52,1785.40622,1785.40622,1800.74757,1.3597,-51.1,-69.53,-69.93,4,stop_loss,22.56065,3.40919,-2.55669,-1.78315,london,2022
XAUUSD,1,2022-01-12 08:00:00,2022-01-12 09:00:00,1820.45,1815.94751,1815.94751,1829.45499,1.5287,-45.0,-68.83,-69.23,1,stop_loss,34.74465,3.00166,3.81746,1.31978,london,2022
XAUUSD,1,2022-01-12 14:00:00,2022-01-12 19:00:00,1817.21,1825.87123,1812.87939,1825.87123,1.5734,86.6,136.28,135.88,5,take_profit,26.00073,2.88708,2.22154,1.74864,london,2022
XAUUSD,1,2022-01-13 15:00:00,2022-01-13 16:00:00,1824.34,1819.979,1819.979,1833.06201,1.5936,-43.6,-69.5,-69.9,1,stop_loss,23.8025,2.90734,1.73721,3.26791,london,2022
XAUUSD,-1,2022-01-14 08:00:00,2022-01-14 18:00:00,1827.79,1818.98472,1832.19264,1818.98472,1.5627,88.1,137.6,137.2,10,take_profit,18.39601,2.93509,2.40551,3.121,london,2022
XAUUSD,1,2022-01-14 19:00:00,2022-01-17 06:00:00,1818.62,1819.41,1812.90995,1830.0401,1.2289,7.9,9.71,9.31,10,time_exit,16.48655,3.8067,-0.7936,2.32048,new_york,2022
XAUUSD,-1,2022-01-17 20:00:00,2022-01-18 09:00:00,1819.29,1816.28,1822.77666,1812.31667,2.0152,30.1,60.66,60.26,10,time_exit,14.93012,2.32444,-0.39731,2.61077,new_york,2022
XAUUSD,-1,2022-01-19 13:00:00,2022-01-19 15:00:00,1818.78,1823.62628,1823.62628,1809.08744,1.4623,-48.5,-70.87,-71.27,2,stop_loss,27.4813,3.23085,0.82774,0.48841,london,2022
XAUUSD,1,2022-01-26 21:00:00,2022-01-26 22:00:00,1829.08,1823.10448,1823.10448,1841.03105,1.174,-59.8,-70.15,-70.55,1,stop_loss,25.41295,3.98368,-3.12752,2.19103,new_york,2022
XAUUSD,-1,2022-01-27 01:00:00,2022-01-27 11:00:00,1819.49,1816.03,1826.80375,1804.86251,0.9496,34.6,32.86,32.46,10,time_exit,34.25394,4.87583,-4.02051,1.34852,,2022
XAUUSD,-1,2022-01-28 08:00:00,2022-01-28 13:00:00,1797.45,1785.8712,1803.2394,1785.8712,1.2052,115.8,139.55,139.15,5,take_profit,46.90988,3.8596,-4.17542,-3.01904,london,2022
XAUUSD,-1,2022-01-31 12:00:00,2022-01-31 15:00:00,1789.53,1795.13536,1795.13536,1778.31928,1.2696,-56.1,-71.17,-71.57,3,stop_loss,21.46929,3.73691,-2.00161,-5.22806,london,2022
XAUUSD,1,2022-01-31 18:00:00,2022-02-01 05:00:00,1796.31,1796.62,1790.24222,1808.44556,1.161,3.1,3.6,3.2,10,time_exit,19.90861,4.04519,-0.04363,-4.64648,new_york,2022
XAUUSD,-1,2022-02-03 07:00:00,2022-02-03 16:00:00,1806.56,1798.80979,1810.43511,1798.80979,1.8188,77.5,140.96,140.56,9,take_profit,18.83662,2.5834,1.25558,-2.5034,london,2022
XAUUSD,-1,2022-02-04 15:00:00,2022-02-04 16:00:00,1811.22,1802.35358,1815.65321,1802.35358,1.6215,88.7,143.77,143.37,1,take_profit,21.76049,2.95547,1.81155,-1.05253,london,2022
XAUUSD,1,2022-02-07 15:00:00,2022-02-07 21:00:00,1813.25,1823.11139,1808.31931,1823.11139,1.487,98.6,146.64,146.24,6,take_profit,16.7757,3.28713,1.55531,-0.21126,london,2022
XAUUSD,-1,2022-02-08 08:00:00,2022-02-08 15:00:00,1820.31,1824.25317,1824.25317,1812.42367,1.8965,-39.4,-74.78,-75.18,7,stop_loss,34.76357,2.62878,2.48734,1.27846,london,2022
XAUUSD,-1,2022-02-08 15:00:00,2022-02-08 16:00:00,1817.75,1821.64159,1821.64159,1809.96682,1.9023,-38.9,-74.03,-74.43,1,stop_loss,24.04692,2.59439,1.04547,1.53803,london,2022
XAUUSD,-1,2022-02-09 04:00:00,2022-02-09 14:00:00,1826.77,1828.13,1830.37768,1819.55464,2.0314,-13.6,-27.63,-28.03,10,time_exit,32.69216,2.40512,3.14478,2.69994,,2022
XAUUSD,1,2022-02-09 21:00:00,2022-02-10 08:00:00,1834.65,1834.32,1830.30608,1843.33783,1.6807,-3.3,-5.55,-5.95,10,time_exit,36.60441,2.89594,3.67916,3.0338,new_york,2022
XAUUSD,-1,2022-02-11 07:00:00,2022-02-11 14:00:00,1824.2,1829.57418,1829.57418,1813.45165,1.3574,-53.7,-72.95,-73.35,7,stop_loss,29.54394,3.58278,-1.30062,2.56908,london,2022
XAUUSD,-1,2022-02-11 16:00:00,2022-02-11 17:00:00,1827.34,1832.98813,1832.98813,1816.04374,1.2785,-56.5,-72.21,-72.61,1,stop_loss,26.44818,3.76542,-0.22151,2.10268,new_york,2022
XAUUSD,-1,2022-02-14 07:00:00,2022-02-14 15:00:00,1851.93,1859.61222,1859.61222,1836.56555,0.9306,-76.8,-71.49,-71.89,8,stop_loss,42.22125,5.12148,2.62818,2.76106,london,2022
XAUUSD,1,2022-02-14 15:00:00,2022-02-14 17:00:00,1855.69,1870.02403,1848.52298,1870.02403,0.9874,143.3,141.53,141.13,2,take_profit,39.28622,4.77801,2.62968,3.43818,london,2022
XAUUSD,1,2022-02-16 07:00:00,2022-02-16 17:00:00,1852.89,1862.74,1846.84193,1864.98615,1.1934,98.5,117.55,117.15,10,time_exit,30.44211,4.03205,-0.58572,4.3929,london,2022
XAUUSD,-1,2022-02-16 20:00:00,2022-02-17 06:00:00,1869.1,1875.47952,1875.47952,1856.34097,1.1498,-63.8,-73.35,-73.75,9,stop_loss,21.11743,4.25301,2.87995,3.93421,new_york,2022
XAUUSD,-1,2022-02-18 14:00:00,2022-02-18 15:00:00,1891.22,1897.98667,1897.98667,1877.68665,1.0731,-67.7,-72.61,-73.01,1,stop_loss,35.57985,4.51112,1.83003,6.06277,london,2022
XAUUSD,-1,2022-02-18 19:00:00,2022-02-21 01:00:00,1896.21,1903.59554,1903.59554,1881.43891,0.9733,-73.9,-71.88,-72.28,5,stop_loss,29.17547,4.9237,2.22805,5.59636,new_york,2022
XAUUSD,-1,2022-02-21 04:00:00,2022-02-21 14:00:00,1895.68,1897.22,1904.09079,1878.85842,0.8461,-15.4,-13.03,-13.43,10,time_exit,22.58,5.60719,1.2689,4.98419,,2022
XAUUSD,-1,2022-02-22 08:00:00,2022-02-22 10:00:00,1910.15,1896.46855,1916.99072,1896.46855,1.0383,136.8,142.05,141.65,2,take_profit,22.06033,4.56048,2.96576,5.98653,london,2022
XAUUSD,-1,2022-02-23 16:00:00,2022-02-23 17:00:00,1901.24,1907.83277,1907.83277,1888.05445,1.0988,-65.9,-72.44,-72.84,1,stop_loss,21.47659,4.39518,0.76146,4.69754,new_york,2022
XAUUSD,1,2022-02-23 20:00:00,2022-02-24 05:00:00,1908.3,1921.4117,1901.74415,1921.4117,1.0939,131.1,143.43,143.03,8,take_profit,20.88072,4.37057,2.05579,4.78311,new_york,2022
XAUUSD,1,2022-02-24 12:00:00,2022-02-24 16:00:00,1953.45,1942.91089,1942.91089,1974.52823,0.694,-105.4,-73.14,-73.54,4,stop_loss,41.28219,7.02608,5.8447,3.88786,london,2022
XAUUSD,-1,2022-02-28 21:00:00,2022-03-01 08:00:00,1898.84,1907.77,1912.46505,1871.5899,0.5314,-89.3,-47.45,-47.85,10,time_exit,18.0051,9.08337,-0.82956,1.24848,new_york,2022
XAUUSD,1,2022-03-01 11:00:00,2022-03-01 18:00:00,1912.56,1930.05073,1903.81463,1930.05073,0.8225,174.9,143.86,143.46,7,take_profit,11.63932,5.83024,1.01515,1.74154,london,2022
XAUUSD,-1,2022-03-03 08:00:00,2022-03-03 10:00:00,1925.22,1934.83107,1934.83107,1905.99786,0.7633,-96.1,-73.36,-73.76,2,stop_loss,13.84954,6.40738,-0.02569,2.6761,london,2022
XAUUSD,-1,2022-03-03 18:00:00,2022-03-03 22:00:00,1926.29,1936.51967,1936.51967,1905.83065,0.71,-102.3,-72.63,-73.03,4,stop_loss,10.32845,6.81978,-0.067,2.41537,new_york,2022
XAUUSD,1,2022-03-07 23:00:00,2022-03-08 03:00:00,1996.56,1981.4302,1981.4302,2026.81959,0.4752,-151.3,-71.9,-72.3,3,stop_loss,27.23953,10.08653,2.67352,3.62483,,2022
XAUUSD,1,2022-03-09 18:00:00,2022-03-10 03:00:00,1996.1,1974.19132,1974.19132,2039.91737,0.3249,-219.1,-71.18,-71.58,8,stop_loss,27.2449,14.60579,-1.19093,3.43785,new_york,2022
XAUUSD,-1,2022-03-10 06:00:00,2022-03-10 12:00:00,1976.46,1993.87069,1993.87069,1941.63862,0.4047,-174.1,-70.46,-70.86,6,stop_loss,33.28041,11.60713,-2.31812,3.25056,,2022
XAUUSD,1,2022-03-10 14:00:00,2022-03-10 17:00:00,2005.3,1988.90272,1988.90272,2038.09456,0.4254,-164.0,-69.75,-70.15,3,stop_loss,26.93543,10.93152,0.5836,2.90023,london,2022
XAUUSD,1,2022-03-11 03:00:00,2022-03-11 13:00:00,1992.29,1977.76833,1977.76833,2021.33334,0.4755,-145.2,-69.05,-69.45,10,stop_loss,14.8824,9.68111,-0.59895,2.84955,,2022
XAUUSD,1,2022-03-16 12:00:00,2022-03-16 17:00:00,1918.21,1908.42081,1908.42081,1937.78837,0.6983,-97.9,-68.36,-68.76,5,stop_loss,46.8779,6.52612,-2.80913,-3.3651,london,2022
XAUUSD,-1,2022-03-18 18:00:00,2022-03-21 05:00:00,1936.29,1926.39,1945.98123,1916.90754,0.6982,99.0,69.12,68.72,10,time_exit,25.24524,6.46082,0.09292,-1.98478,new_york,2022
XAUUSD,-1,2022-03-22 11:00:00,2022-03-22 17:00:00,1933.54,1919.58362,1940.51819,1919.58362,0.9795,139.6,136.7,136.3,6,take_profit,13.72127,4.65213,0.31332,-2.22081,london,2022
XAUUSD,1,2022-03-23 16:00:00,2022-03-23 22:00:00,1928.95,1943.01889,1921.91556,1943.01889,0.9911,140.7,139.44,139.04,6,take_profit,17.55021,4.68963,0.5418,-2.41594,new_york,2022
XAUUSD,-1,2022-03-24 03:00:00,2022-03-24 13:00:00,1945.92,1943.81,1953.14184,1931.47633,0.9846,21.1,20.78,20.38,10,time_exit,25.0536,4.81456,3.18698,-1.47807,,2022
XAUUSD,1,2022-03-29 01:00:00,2022-03-29 11:00:00,1922.15,1911.8082,1911.8082,1942.8336,0.6895,-103.4,-71.31,-71.71,10,stop_loss,25.53271,6.89453,-2.72677,-0.10716,,2022
XAUUSD,1,2022-03-30 07:00:00,2022-03-30 17:00:00,1923.63,1937.26,1915.49617,1939.89765,0.8679,136.3,118.29,117.89,10,time_exit,30.7348,5.42255,-0.31111,-1.99328,london,2022
XAUUSD,1,2022-04-01 07:00:00,2022-04-01 10:00:00,1938.16,1930.79298,1930.79298,1952.89405,0.9742,-73.7,-71.77,-72.17,3,stop_loss,19.35954,4.91135,1.19378,-0.4704,london,2022
XAUUSD,1,2022-04-01 21:00:00,2022-04-04 08:00:00,1922.13,1920.2,1913.0898,1940.2104,0.7859,-19.3,-15.17,-15.57,10,time_exit,19.21759,6.0268,-1.45533,-0.50398,new_york,2022
XAUUSD,1,2022-04-04 09:00:00,2022-04-04 15:00:00,1920.2,1934.02818,1913.28591,1934.02818,1.0254,138.3,141.79,141.39,6,take_profit,25.42087,4.60939,-1.6338,-1.0813,london,2022
XAUUSD,1,2022-04-05 08:00:00,2022-04-05 16:00:00,1928.63,1940.48398,1922.70301,1940.48398,1.22,118.5,144.62,144.22,8,take_profit,11.84199,3.95133,-0.18461,-0.7369,london,2022
XAUUSD,-1,2022-04-06 01:00:00,2022-04-06 11:00:00,1922.91,1926.18,1932.00926,1904.71149,0.8105,-32.7,-26.5,-26.9,10,time_exit,14.44937,6.06617,-0.83981,-0.51469,,2022
XAUUSD,1,2022-04-06 11:00:00,2022-04-06 21:00:00,1921.96,1924.42,1914.19111,1937.49778,0.9459,24.6,23.27,22.87,10,time_exit,18.34664,5.17926,-0.85069,-0.85743,london,2022
XAUUSD,1,2022-04-08 01:00:00,2022-04-08 11:00:00,1931.78,1931.53,1924.65434,1946.03131,1.0344,-2.5,-2.59,-2.99,10,time_exit,25.36922,4.75044,0.76141,-0.39384,,2022
XAUUSD,-1,2022-04-08 14:00:00,2022-04-08 16:00:00,1933.9,1939.62065,1939.62065,1922.4587,1.288,-57.2,-73.68,-74.08,2,stop_loss,22.76065,3.81377,1.18861,-0.14691,london,2022
XAUUSD,1,2022-04-11 05:00:00,2022-04-11 11:00:00,1944.32,1957.14611,1937.90695,1957.14611,1.1374,128.3,145.88,145.48,6,take_profit,34.56454,4.27537,2.17697,0.81992,,2022
XAUUSD,-1,2022-04-11 12:00:00,2022-04-11 15:00:00,1957.07,1964.46638,1964.46638,1942.27723,1.0058,-74.0,-74.39,-74.79,3,stop_loss,28.52712,4.93092,3.91966,1.05875,london,2022
XAUUSD,1,2022-04-12 20:00:00,2022-04-13 03:00:00,1973.97,1963.65291,1963.65291,1994.60417,0.7138,-103.2,-73.64,-74.04,6,stop_loss,21.01689,6.87806,3.13722,1.94633,new_york,2022
XAUUSD,-1,2022-04-13 07:00:00,2022-04-13 12:00:00,1969.94,1977.9781,1977.9781,1953.8638,0.907,-80.4,-72.91,-73.31,5,stop_loss,20.9607,5.35873,2.32038,2.92987,london,2022
XAUUSD,1,2022-04-14 10:00:00,2022-04-14 16:00:00,1973.49,1967.05106,1967.05106,1986.36789,1.1209,-64.4,-72.17,-72.57,6,stop_loss,15.75796,4.29263,0.93168,4.63617,london,2022
XAUUSD,-1,2022-04-18 06:00:00,2022-04-18 10:00:00,1982.78,1991.54056,1991.54056,1965.25888,0.8156,-87.6,-71.45,-71.85,4,stop_loss,20.1067,5.84037,1.69565,3.22161,,2022
XAUUSD,-1,2022-04-18 15:00:00,2022-04-18 21:00:00,1992.09,1977.28773,1999.49113,1977.28773,0.9557,148.0,141.47,141.07,6,take_profit,26.74688,4.93409,2.85896,4.21139,london,2022
XAUUSD,1,2022-04-20 16:00:00,2022-04-21 03:00:00,1949.96,1955.96,1942.25404,1965.37192,0.9362,60.0,56.17,55.77,10,time_exit,43.84277,5.13731,-2.08662,0.26961,new_york,2022
XAUUSD,-1,2022-04-21 22:00:00,2022-04-22 09:00:00,1951.38,1952.88,1960.0442,1934.05161,0.8391,-15.0,-12.59,-12.99,10,time_exit,24.44257,5.77613,-0.21422,-0.73994,,2022
XAUUSD,-1,2022-04-27 11:00:00,2022-04-27 15:00:00,1897.75,1905.03697,1905.03697,1883.17607,0.9959,-72.9,-72.57,-72.97,4,stop_loss,14.6872,4.85798,-1.97636,-5.24335,london,2022
XAUUSD,-1,2022-04-28 03:00:00,2022-04-28 13:00:00,1885.53,1888.74,1893.15305,1870.2839,0.9424,-32.1,-30.25,-30.65,10,time_exit,21.91828,5.08203,-2.67193,-5.43105,,2022
XAUUSD,1,2022-04-28 14:00:00,2022-04-29 01:00:00,1888.75,1892.91,1880.56026,1905.12948,0.8734,41.6,36.33,35.93,10,time_exit,22.35798,5.45983,-0.87816,-5.2607,london,2022
XAUUSD,-1,2022-04-29 01:00:00,2022-04-29 04:00:00,1894.91,1903.16999,1903.16999,1878.39003,0.8704,-82.6,-71.89,-72.29,3,stop_loss,18.752,5.50666,0.405,-4.86955,,2022
XAUUSD,-1,2022-04-29 08:00:00,2022-04-29 10:00:00,1905.84,1913.41264,1913.41264,1890.69471,0.9398,-75.7,-71.17,-71.57,2,stop_loss,28.07944,5.04843,2.28977,-4.6725,london,2022
XAUUSD,1,2022-05-02 08:00:00,2022-05-02 12:00:00,1885.39,1877.14363,1877.14363,1901.88275,0.8543,-82.5,-70.45,-70.85,4,stop_loss,32.92127,5.49758,-2.39574,-2.93868,london,2022
XAUUSD,1,2022-05-04 23:00:00,2022-05-05 04:00:00,1884.07,1903.27659,1874.46671,1903.27659,0.7263,192.1,139.5,139.1,4,take_profit,19.56442,6.4022,2.06445,-3.51258,,2022
XAUUSD,1,2022-05-05 13:00:00,2022-05-05 17:00:00,1897.46,1889.24902,1889.24902,1913.88196,0.8663,-82.1,-71.13,-71.53,4,stop_loss,39.72889,5.47399,3.00653,-2.30198,london,2022
XAUUSD,-1,2022-05-06 12:00:00,2022-05-06 15:00:00,1881.79,1889.92095,1889.92095,1865.5281,0.8661,-81.3,-70.42,-70.82,3,stop_loss,17.94245,5.42063,0.37713,-2.05878,london,2022
XAUUSD,-1,2022-05-10 08:00:00,2022-05-10 17:00:00,1863.22,1848.10937,1870.77531,1848.10937,0.9227,151.1,139.43,139.03,9,take_profit,23.90551,5.03688,-0.92626,-3.05229,london,2022
XAUUSD,1,2022-05-11 04:00:00,2022-05-11 10:00:00,1832.49,1849.62464,1823.92268,1849.62464,0.8299,171.3,142.2,141.8,6,take_profit,29.75462,5.71155,-4.31664,-3.54422,,2022
XAUUSD,1,2022-05-11 14:00:00,2022-05-11 15:00:00,1852.56,1844.82191,1844.82191,1868.03619,0.9372,-77.4,-72.52,-72.92,1,stop_loss,25.73174,5.15873,-0.08603,-4.11335,london,2022
XAUUSD,-1,2022-05-12 01:00:00,2022-05-12 11:00:00,1851.88,1847.18,1860.9515,1833.73699,0.7914,47.0,37.2,36.8,10,time_exit,15.19577,6.04767,0.00596,-3.24514,,2022
XAUUSD,-1,2022-05-13 07:00:00,2022-05-13 16:00:00,1824.84,1808.18172,1833.16914,1808.18172,0.8663,166.6,144.31,143.91,9,take_profit,45.01314,5.55276,-2.79919,-4.15129,london,2022
XAUUSD,-1,2022-05-13 16:00:00,2022-05-16 03:00:00,1810.32,1815.72,1818.91544,1793.12911,0.8562,-54.0,-46.23,-46.63,10,time_exit,49.71735,5.7303,-4.20164,-4.43549,new_york,2022
XAUUSD,-1,2022-05-16 08:00:00,2022-05-16 10:00:00,1807.67,1792.50579,1815.2521,1792.50579,0.9645,151.6,146.26,145.86,2,take_profit,41.17496,5.05474,-3.20274,-5.75361,london,2022
XAUUSD,1,2022-05-19 19:00:00,2022-05-20 06:00:00,1842.46,1841.62,1833.39911,1860.58178,0.8232,-8.4,-6.91,-7.31,10,time_exit,28.3406,6.04059,3.40186,-2.08921,new_york,2022
XAUUSD,-1,2022-05-23 06:00:00,2022-05-23 11:00:00,1852.47,1859.59573,1859.59573,1838.21854,1.0457,-71.3,-74.51,-74.91,5,stop_loss,31.05627,4.75049,2.9362,0.28941,,2022
XAUUSD,-1,2022-05-25 18:00:00,2022-05-26 05:00:00,1850.49,1851.93,1856.94541,1837.57917,1.1427,-14.4,-16.45,-16.85,10,time_exit,29.34775,4.30361,-1.37061,2.32842,new_york,2022
XAUUSD,-1,2022-05-26 07:00:00,2022-05-26 17:00:00,1850.84,1846.82,1856.58786,1839.34427,1.2805,40.2,51.48,51.08,10,time_exit,28.40862,3.83191,-0.95166,1.96657,london,2022
XAUUSD,1,2022-05-27 04:00:00,2022-05-27 14:00:00,1849.48,1858.39,1843.83666,1860.76669,1.3132,89.1,117.01,116.61,10,time_exit,18.60275,3.76223,-0.44117,1.06332,,2022
XAUUSD,1,2022-05-27 23:00:00,2022-05-30 10:00:00,1853.42,1858.66,1847.59621,1865.06759,1.2926,52.4,67.73,67.33,10,time_exit,20.07288,3.88253,0.05629,1.22058,,2022
XAUUSD,1,2022-05-30 20:00:00,2022-05-31 03:00:00,1856.42,1850.97248,1850.97248,1867.31504,1.3942,-54.5,-75.95,-76.35,4,stop_loss,14.50902,3.63168,0.29757,1.45599,new_york,2022
XAUUSD,1,2022-05-31 05:00:00,2022-05-31 15:00:00,1849.04,1848.96,1843.60483,1859.91034,1.3833,-0.8,-1.11,-1.51,10,time_exit,15.07492,3.62345,-1.51704,1.22311,,2022
XAUUSD,-1,2022-05-31 20:00:00,2022-06-01 07:00:00,1845.98,1833.52,1853.06456,1831.81087,1.061,124.6,132.2,131.8,10,time_exit,18.93201,4.72304,-1.35721,0.48065,new_york,2022
XAUUSD,-1,2022-06-07 02:00:00,2022-06-07 11:00:00,1841.69,1846.39269,1846.39269,1832.28462,1.6265,-47.0,-76.49,-76.89,9,stop_loss,31.03845,3.13513,-3.27252,0.15652,,2022
XAUUSD,1,2022-06-07 20:00:00,2022-06-08 07:00:00,1851.13,1847.47,1844.60491,1864.18017,1.1604,-36.6,-42.47,-42.87,10,time_exit,23.51376,4.35006,0.54149,-0.37203,new_york,2022
XAUUSD,1,2022-06-08 19:00:00,2022-06-08 22:00:00,1858.35,1852.3384,1852.3384,1870.3732,1.2524,-60.1,-75.29,-75.69,3,stop_loss,13.34526,4.00773,2.04955,-0.07479,new_york,2022
XAUUSD,1,2022-06-09 23:00:00,2022-06-10 10:00:00,1847.12,1845.55,1841.41603,1858.52793,1.3067,-15.7,-20.52,-20.92,10,time_exit,22.04567,3.80264,-0.76096,-0.13841,,2022
XAUUSD,1,2022-06-13 15:00:00,2022-06-13 16:00:00,1854.68,1845.97985,1845.97985,1872.08031,0.8543,-87.0,-74.33,-74.73,1,stop_loss,19.42787,5.8001,-0.27359,0.69761,london,2022
XAUUSD,-1,2022-06-14 18:00:00,2022-06-15 05:00:00,1814.09,1817.4,1822.64778,1796.97445,0.8598,-33.1,-28.46,-28.86,10,time_exit,39.09359,5.70518,-3.74436,-1.84928,new_york,2022
XAUUSD,-1,2022-06-15 22:00:00,2022-06-16 09:00:00,1830.88,1830.2,1841.62061,1809.39877,0.6824,6.8,4.64,4.24,10,time_exit,24.82014,7.16041,0.8286,-2.00994,,2022
XAUUSD,1,2022-06-21 05:00:00,2022-06-21 08:00:00,1841.5,1836.37924,1836.37924,1851.74151,1.432,-51.2,-73.33,-73.73,3,stop_loss,10.27126,3.41384,0.61202,-0.10481,,2022
XAUUSD,-1,2022-06-21 10:00:00,2022-06-21 15:00:00,1834.27,1839.36954,1839.36954,1824.07093,1.4235,-51.0,-72.59,-72.99,5,stop_loss,12.19707,3.39969,-1.40555,-0.17083,london,2022
XAUUSD,-1,2022-06-21 23:00:00,2022-06-22 10:00:00,1830.6,1826.77,1837.01175,1817.77649,1.1208,38.3,42.93,42.53,10,time_exit,9.79816,4.2745,-1.58403,-0.38846,,2022
XAUUSD,-1,2022-06-22 14:00:00,2022-06-22 15:00:00,1832.12,1838.25724,1838.25724,1819.84553,1.1779,-61.4,-72.29,-72.69,1,stop_loss,14.16398,4.09149,-0.3449,-1.03499,london,2022
XAUUSD,1,2022-06-23 20:00:00,2022-06-23 21:00:00,1830.41,1822.57931,1822.57931,1846.07138,0.9139,-78.3,-71.56,-71.96,1,stop_loss,19.85987,5.22046,-0.88266,-0.44483,new_york,2022
XAUUSD,1,2022-06-24 08:00:00,2022-06-24 16:00:00,1826.05,1819.97312,1819.97312,1838.20376,1.1658,-60.8,-70.84,-71.24,8,stop_loss,21.12915,4.05125,-1.33065,-1.12964,london,2022
XAUUSD,1,2022-06-24 18:00:00,2022-06-27 05:00:00,1826.45,1835.55,1818.93295,1841.48409,0.933,91.0,84.9,84.5,10,time_exit,19.07633,5.01136,-0.58135,-1.11096,new_york,2022
XAUUSD,-1,2022-06-27 16:00:00,2022-06-28 03:00:00,1831.84,1824.79,1838.47539,1818.56923,1.0697,70.5,75.41,75.01,10,time_exit,20.0085,4.42359,0.04558,-0.66466,new_york,2022
XAUUSD,-1,2022-06-29 18:00:00,2022-06-30 05:00:00,1815.62,1819.87,1823.21368,1800.43264,0.9445,-42.5,-40.14,-40.54,10,time_exit,16.92549,5.06245,-1.45814,-1.35978,new_york,2022
XAUUSD,1,2022-07-01 03:00:00,2022-07-01 08:00:00,1806.69,1799.00967,1799.00967,1822.05065,0.9286,-76.8,-71.32,-71.72,5,stop_loss,21.91147,5.12022,-1.79175,-1.91764,,2022
XAUUSD,-1,2022-07-05 01:00:00,2022-07-05 11:00:00,1807.82,1801.07,1813.07014,1797.31972,1.3448,67.5,90.77,90.37,10,time_exit,11.38902,3.50009,0.07939,-3.0717,,2022
XAUUSD,-1,2022-07-05 15:00:00,2022-07-05 16:00:00,1798.16,1787.56622,1803.45689,1787.56622,1.35,105.9,143.02,142.62,1,take_profit,17.74909,3.53126,-2.57258,-2.74833,london,2022
XAUUSD,-1,2022-07-07 05:00:00,2022-07-07 06:00:00,1737.48,1745.51616,1745.51616,1721.40767,0.9076,-80.4,-72.94,-73.34,1,stop_loss,46.75708,5.35744,-5.44685,-6.06717,,2022
XAUUSD,-1,2022-07-07 17:00:00,2022-07-08 04:00:00,1747.04,1743.48,1754.88372,1731.35256,0.9205,35.6,32.77,32.37,10,time_exit,34.63093,5.22915,-2.08414,-6.68368,new_york,2022
XAUUSD,1,2022-07-08 09:00:00,2022-07-08 10:00:00,1743.08,1737.44385,1737.44385,1754.3523,1.2868,-56.4,-72.53,-72.93,1,stop_loss,21.96031,3.75743,-2.02578,-9.34268,london,2022
XAUUSD,1,2022-07-11 01:00:00,2022-07-11 11:00:00,1741.09,1738.04,1733.76299,1755.74401,0.9799,-30.5,-29.89,-30.29,10,time_exit,15.15901,4.88467,-0.81358,-6.78495,,2022
XAUUSD,-1,2022-07-14 09:00:00,2022-07-14 12:00:00,1727.56,1711.62293,1735.52853,1711.62293,0.8972,159.4,142.99,142.59,3,take_profit,18.9788,5.31236,-0.74824,-4.24313,london,2022
XAUUSD,-1,2022-07-14 13:00:00,2022-07-14 16:00:00,1716.64,1700.35113,1724.78443,1700.35113,0.8953,162.9,145.83,145.43,3,take_profit,24.94489,5.42962,-2.37957,-4.25771,london,2022
XAUUSD,1,2022-07-20 12:00:00,2022-07-20 19:00:00,1708.0,1703.48307,1703.48307,1717.03385,1.6465,-45.2,-74.37,-74.77,7,stop_loss,12.01556,3.01128,-1.06505,-5.39841,london,2022
XAUUSD,1,2022-07-21 12:00:00,2022-07-21 15:00:00,1685.13,1696.90413,1679.24294,1696.90413,1.2506,117.7,147.25,146.85,3,take_profit,37.16428,3.92471,-4.4587,-4.80718,london,2022
XAUUSD,-1,2022-07-21 19:00:00,2022-07-22 06:00:00,1713.23,1713.69,1723.22537,1693.23927,0.7513,-4.6,-3.46,-3.86,10,time_exit,40.55525,6.66358,1.70445,-2.71708,new_york,2022
XAUUSD,-1,2022-07-25 11:00:00,2022-07-25 12:00:00,1725.67,1731.9864,1731.9864,1713.03719,1.1882,-63.2,-75.05,-75.45,1,stop_loss,30.50378,4.21094,1.57018,-0.42098,london,2022
XAUUSD,1,2022-07-25 14:00:00,2022-07-25 15:00:00,1731.71,1724.81099,1724.81099,1745.50802,1.077,-69.0,-74.3,-74.7,1,stop_loss,30.61511,4.59934,2.448,-0.14212,london,2022
XAUUSD,1,2022-07-25 18:00:00,2022-07-26 05:00:00,1716.46,1725.46,1709.29672,1730.78656,1.0268,90.0,92.41,92.01,10,time_exit,26.29862,4.77552,-0.87682,-0.10539,new_york,2022
XAUUSD,-1,2022-07-26 06:00:00,2022-07-26 15:00:00,1725.46,1713.72618,1731.32691,1713.72618,1.2694,117.3,148.95,148.55,9,take_profit,19.69844,3.91127,1.25202,-0.12363,,2022
XAUUSD,1,2022-07-29 13:00:00,2022-07-29 16:00:00,1760.22,1753.32803,1753.32803,1774.00393,1.1021,-68.9,-75.96,-76.36,3,stop_loss,51.61649,4.59464,3.18883,3.44202,london,2022
XAUUSD,-1,2022-08-01 13:00:00,2022-08-01 23:00:00,1773.5,1772.12,1780.46029,1759.57943,1.0803,13.8,14.91,14.51,10,time_exit,19.53336,4.64019,3.70805,4.24326,london,2022
XAUUSD,1,2022-08-02 15:00:00,2022-08-02 20:00:00,1778.62,1772.27562,1772.27562,1791.30876,1.1875,-63.4,-75.34,-75.74,5,stop_loss,15.19509,4.22959,2.72337,5.30447,london,2022
XAUUSD,-1,2022-08-03 11:00:00,2022-08-03 21:00:00,1766.28,1762.48,1773.55765,1751.7247,1.0248,38.0,38.94,38.54,10,time_exit,14.49106,4.85177,-0.24645,3.83827,london,2022
XAUUSD,-1,2022-08-04 22:00:00,2022-08-05 09:00:00,1794.8,1790.84,1801.7589,1780.88221,1.0773,39.6,42.66,42.26,10,time_exit,32.33894,4.63926,4.52292,3.86787,,2022
XAUUSD,1,2022-08-05 16:00:00,2022-08-08 03:00:00,1769.04,1774.27,1761.47803,1784.16393,0.997,52.3,52.14,51.74,10,time_exit,26.34569,5.04131,-2.35765,3.97226,new_york,2022
XAUUSD,-1,2022-08-08 08:00:00,2022-08-08 10:00:00,1772.01,1777.64299,1777.64299,1760.74402,1.3475,-56.3,-75.9,-76.3,2,stop_loss,34.45204,3.75533,-1.57317,4.02173,london,2022
XAUUSD,1,2022-08-10 12:00:00,2022-08-10 15:00:00,1792.41,1801.60209,1787.81396,1801.60209,1.635,91.9,150.29,149.89,3,take_profit,19.56093,3.06403,1.21287,5.09298,london,2022
XAUUSD,1,2022-08-10 15:00:00,2022-08-10 17:00:00,1792.42,1802.20672,1787.52664,1802.20672,1.5663,97.9,153.29,152.89,2,take_profit,17.75284,3.26224,1.00191,4.73886,london,2022
XAUUSD,1,2022-08-11 03:00:00,2022-08-11 05:00:00,1791.77,1785.56564,1785.56564,1804.17872,1.26,-62.0,-78.17,-78.57,2,stop_loss,23.91224,4.13624,0.19374,3.65727,,2022
XAUUSD,1,2022-08-12 19:00:00,2022-08-15 06:00:00,1794.94,1795.43,1788.23667,1808.34666,1.1544,4.9,5.66,5.26,10,time_exit,13.9964,4.46889,1.01114,2.23912,new_york,2022
XAUUSD,-1,2022-08-15 23:00:00,2022-08-16 10:00:00,1778.9,1776.02,1785.45745,1765.7851,1.1809,28.8,34.01,33.61,10,time_exit,22.16601,4.37163,-2.0572,1.28572,,2022
XAUUSD,1,2022-08-18 03:00:00,2022-08-18 13:00:00,1764.95,1769.99,1758.99318,1776.86364,1.3056,50.4,65.8,65.4,10,time_exit,32.7586,3.97121,-2.18037,-1.32416,,2022
XAUUSD,1,2022-08-18 16:00:00,2022-08-18 17:00:00,1767.34,1762.25506,1762.25506,1777.50987,1.5424,-50.8,-78.43,-78.83,1,stop_loss,20.96185,3.38996,-0.92134,-2.00411,new_york,2022
XAUUSD,1,2022-08-19 09:00:00,2022-08-19 13:00:00,1755.73,1750.60966,1750.60966,1765.97069,1.5163,-51.2,-77.64,-78.04,4,stop_loss,27.39698,3.41356,-2.53295,-2.9425,london,2022
XAUUSD,-1,2022-08-22 10:00:00,2022-08-22 11:00:00,1742.34,1733.60181,1746.7091,1733.60181,1.7592,87.4,153.72,153.32,1,take_profit,33.54642,2.91273,-4.11589,-5.01452,london,2022
XAUUSD,1,2022-08-23 14:00:00,2022-08-23 15:00:00,1737.48,1732.13955,1732.13955,1748.16091,1.4679,-53.4,-78.39,-78.79,1,stop_loss,24.50323,3.5603,-1.49911,-5.17533,london,2022
XAUUSD,1,2022-08-24 16:00:00,2022-08-25 03:00:00,1745.85,1752.92,1740.37089,1756.80821,1.4164,70.7,100.14,99.74,10,time_exit,15.96767,3.65274,0.16337,-3.50039,new_york,2022
XAUUSD,-1,2022-08-25 10:00:00,2022-08-25 20:00:00,1760.52,1758.76,1765.5464,1750.46721,1.5638,17.6,27.52,27.12,10,time_exit,29.91229,3.35093,3.34036,-2.35851,london,2022
XAUUSD,1,2022-08-29 01:00:00,2022-08-29 04:00:00,1736.82,1730.38105,1730.38105,1749.6979,1.225,-64.4,-78.88,-79.28,3,stop_loss,24.46942,4.29263,-2.60685,-1.45689,,2022
XAUUSD,-1,2022-08-29 05:00:00,2022-08-29 15:00:00,1723.84,1730.70778,1730.70778,1710.10443,1.1369,-68.7,-78.08,-78.48,10,stop_loss,28.7504,4.57852,-4.99994,-1.72088,,2022
XAUUSD,-1,2022-08-30 07:00:00,2022-08-30 17:00:00,1734.99,1723.99003,1740.48998,1723.99003,1.4054,110.0,154.59,154.19,10,take_profit,26.96079,3.66666,-1.00086,-3.04118,london,2022
XAUUSD,-1,2022-09-01 12:00:00,2022-09-01 17:00:00,1702.2,1690.53601,1708.03199,1690.53601,1.3518,116.6,157.67,157.27,5,take_profit,36.46589,3.888,-3.85812,-5.10075,london,2022
XAUUSD,-1,2022-09-02 01:00:00,2022-09-02 10:00:00,1697.26,1704.385,1704.385,1683.01001,1.1286,-71.2,-80.41,-80.81,9,stop_loss,41.84974,4.75,-2.57085,-4.81122,,2022
XAUUSD,-1,2022-09-02 21:00:00,2022-09-05 08:00:00,1710.86,1713.27,1717.27549,1698.02902,1.2408,-24.1,-29.9,-30.3,10,time_exit,36.04688,4.27699,0.71013,-4.63406,new_york,2022
XAUUSD,-1,2022-09-05 21:00:00,2022-09-06 03:00:00,1710.39,1714.95546,1714.95546,1701.25907,1.737,-45.7,-79.3,-79.7,3,stop_loss,21.76857,3.04364,0.04631,-4.64497,new_york,2022
XAUUSD,-1,2022-09-09 21:00:00,2022-09-12 08:00:00,1716.58,1713.2,1723.45038,1702.83924,1.1426,33.8,38.62,38.22,10,time_exit,21.06568,4.58025,0.18628,-0.42334,new_york,2022
XAUUSD,-1,2022-09-12 13:00:00,2022-09-12 15:00:00,1725.26,1731.25449,1731.25449,1713.27102,1.316,-59.9,-78.89,-79.29,2,stop_loss,17.87052,3.99633,2.09287,-0.19408,london,2022
XAUUSD,1,2022-09-13 05:00:00,2022-09-13 15:00:00,1723.64,1717.73528,1717.73528,1735.44944,1.3225,-59.0,-78.09,-78.49,10,stop_loss,19.22493,3.93648,0.53131,0.63689,,2022
XAUUSD,-1,2022-09-13 18:00:00,2022-09-14 05:00:00,1705.92,1701.74,1714.6157,1688.52859,0.889,41.8,37.16,36.76,10,time_exit,22.46275,5.79714,-2.54877,0.26349,new_york,2022
XAUUSD,-1,2022-09-14 12:00:00,2022-09-14 22:00:00,1704.41,1695.66,1710.78984,1691.65031,1.2175,87.5,106.53,106.13,10,time_exit,38.62446,4.25323,-1.68867,-1.15496,london,2022
XAUUSD,-1,2022-09-14 23:00:00,2022-09-15 10:00:00,1695.56,1689.88,1701.50334,1683.67333,1.3248,56.8,75.25,74.85,10,time_exit,36.29599,3.96222,-3.10722,-1.7664,,2022
XAUUSD,-1,2022-09-16 08:00:00,2022-09-16 17:00:00,1664.14,1670.86495,1670.86495,1650.6901,1.1819,-67.2,-79.48,-79.88,9,stop_loss,45.55042,4.4833,-4.49933,-4.63871,london,2022
XAUUSD,-1,2022-09-19 05:00:00,2022-09-19 15:00:00,1671.74,1664.9,1679.30977,1656.60046,1.0395,68.4,71.1,70.7,10,time_exit,23.09142,5.04651,-0.954,-4.36496,,2022
XAUUSD,1,2022-09-21 01:00:00,2022-09-21 09:00:00,1664.7,1675.81762,1659.14119,1675.81762,1.4282,111.2,158.78,158.38,8,take_profit,24.33333,3.70587,-1.4631,-4.9355,,2022
XAUUSD,1,2022-09-21 16:00:00,2022-09-21 17:00:00,1674.24,1668.70206,1668.70206,1685.31587,1.4622,-55.4,-80.98,-81.38,1,stop_loss,27.97428,3.69196,1.22105,-4.32758,new_york,2022
XAUUSD,1,2022-09-21 21:00:00,2022-09-21 22:00:00,1668.92,1680.71106,1663.02447,1680.71106,1.3597,117.9,160.32,159.92,1,take_profit,21.83641,3.93035,-0.15418,-3.91509,new_york,2022
XAUUSD,1,2022-09-22 13:00:00,2022-09-22 23:00:00,1666.68,1671.16,1656.74083,1686.55834,0.8226,44.8,36.85,36.45,10,time_exit,19.67031,6.62611,-0.15442,-2.19747,london,2022
XAUUSD,1,2022-09-26 08:00:00,2022-09-26 18:00:00,1635.42,1634.45,1625.4949,1655.2702,0.8275,-9.7,-8.03,-8.43,10,time_exit,33.4949,6.61673,-2.95868,-2.81411,london,2022
XAUUSD,1,2022-09-28 14:00:00,2022-09-28 16:00:00,1628.84,1644.56488,1620.97756,1644.56488,1.0435,157.2,164.09,163.69,2,take_profit,25.62478,5.24163,-0.66237,-4.59764,london,2022
XAUUSD,1,2022-09-29 22:00:00,2022-09-30 09:00:00,1658.95,1669.67,1650.07335,1676.7033,0.9427,107.2,101.06,100.66,10,time_exit,21.85693,5.91777,2.01005,-1.41475,,2022
XAUUSD,-1,2022-09-30 14:00:00,2022-09-30 17:00:00,1665.87,1673.01129,1673.01129,1651.58743,1.1859,-71.4,-84.69,-85.09,3,stop_loss,28.95724,4.76086,2.17038,-0.27156,london,2022
XAUUSD,1,2022-10-03 17:00:00,2022-10-03 18:00:00,1669.06,1683.8812,1661.6494,1683.8812,1.1313,148.2,167.67,167.27,1,take_profit,22.03818,4.9404,1.4835,0.59662,new_york,2022
XAUUSD,-1,2022-10-03 18:00:00,2022-10-03 20:00:00,1687.0,1696.27377,1696.27377,1668.45246,0.922,-92.7,-85.5,-85.9,2,stop_loss,25.28888,6.18251,3.94245,0.59209,new_york,2022
XAUUSD,-1,2022-10-04 14:00:00,2022-10-04 16:00:00,1706.03,1713.78851,1713.78851,1690.51299,1.091,-77.6,-84.65,-85.05,2,stop_loss,55.714,5.17234,4.40067,3.30463,london,2022
XAUUSD,1,2022-10-04 16:00:00,2022-10-04 18:00:00,1711.99,1728.50248,1703.73376,1728.50248,1.015,165.1,167.6,167.2,2,take_profit,54.47009,5.50416,4.85172,3.31078,new_york,2022
XAUUSD,1,2022-10-04 22:00:00,2022-10-05 09:00:00,1725.99,1724.42,1717.02738,1743.91524,0.9536,-15.7,-14.97,-15.37,10,time_exit,56.99485,5.97508,5.52113,3.82413,,2022
XAUUSD,-1,2022-10-05 12:00:00,2022-10-05 22:00:00,1714.75,1716.2,1722.83721,1698.57558,1.055,-14.5,-15.3,-15.7,10,time_exit,43.55946,5.39147,1.93912,5.17518,london,2022
XAUUSD,1,2022-10-06 22:00:00,2022-10-07 09:00:00,1712.92,1709.18,1705.41575,1727.9285,1.1348,-37.4,-42.44,-42.84,10,time_exit,18.83183,5.00283,0.14035,4.99177,,2022
XAUUSD,1,2022-10-07 14:00:00,2022-10-07 15:00:00,1708.93,1702.62721,1702.62721,1721.53559,1.3443,-63.0,-84.73,-85.13,1,stop_loss,12.51689,4.20186,-0.68554,5.04259,london,2022
XAUUSD,-1,2022-10-10 09:00:00,2022-10-10 17:00:00,1685.93,1671.73557,1693.02721,1671.73557,1.1819,141.9,167.76,167.36,8,take_profit,39.41816,4.73148,-3.68033,2.49378,london,2022
XAUUSD,1,2022-10-12 02:00:00,2022-10-12 12:00:00,1666.21,1670.18,1658.51784,1681.59432,1.1122,39.7,44.15,43.75,10,time_exit,29.03785,5.12811,-2.109,-1.5121,,2022
XAUUSD,1,2022-10-12 19:00:00,2022-10-13 06:00:00,1669.58,1669.35,1662.25973,1684.22055,1.1747,-2.3,-2.7,-3.1,10,time_exit,14.87182,4.88018,-0.69975,-1.89993,new_york,2022
XAUUSD,-1,2022-10-17 19:00:00,2022-10-17 22:00:00,1663.34,1648.36885,1670.82557,1648.36885,1.1483,149.7,171.91,171.51,3,take_profit,23.52409,4.99038,0.99877,-2.57286,new_york,2022
XAUUSD,-1,2022-10-18 02:00:00,2022-10-18 07:00:00,1650.62,1657.69263,1657.69263,1636.47473,1.2396,-70.7,-87.67,-88.07,5,stop_loss,18.92945,4.71509,-1.32858,-2.79574,,2022
XAUUSD,1,2022-10-18 22:00:00,2022-10-19 09:00:00,1650.3,1643.29409,1643.29409,1664.31183,1.2389,-70.1,-86.8,-87.2,10,stop_loss,12.05573,4.67061,-0.89556,-2.66137,,2022
XAUUSD,-1,2022-10-20 02:00:00,2022-10-20 08:00:00,1628.03,1633.85584,1633.85584,1616.37832,1.4749,-58.3,-85.93,-86.33,6,stop_loss,47.04374,3.88389,-4.01317,-4.38519,,2022
XAUUSD,-1,2022-10-20 10:00:00,2022-10-20 12:00:00,1629.9,1635.76817,1635.76817,1618.16365,1.4495,-58.7,-85.06,-85.46,2,stop_loss,41.04857,3.91212,-2.45823,-4.76845,london,2022
XAUUSD,1,2022-10-20 20:00:00,2022-10-20 21:00:00,1636.22,1628.27,1628.27,1652.11999,1.0592,-79.5,-84.21,-84.61,1,stop_loss,27.01688,5.3,-0.42293,-3.32529,new_york,2022
XAUUSD,-1,2022-10-20 23:00:00,2022-10-21 10:00:00,1627.0,1623.78,1634.767,1611.46601,1.0732,32.2,34.56,34.16,10,time_exit,23.90964,5.178,-2.01194,-3.4593,,2022
XAUUSD,1,2022-10-25 02:00:00,2022-10-25 10:00:00,1651.87,1644.80042,1644.80042,1666.00915,1.184,-70.7,-83.7,-84.1,8,stop_loss,30.72772,4.71305,1.24916,-1.07992,,2022
XAUUSD,1,2022-10-25 12:00:00,2022-10-25 16:00:00,1643.95,1657.01437,1637.41782,1657.01437,1.2685,130.6,165.72,165.32,4,take_profit,22.6998,4.35479,-0.70736,-0.89087,london,2022
XAUUSD,1,2022-10-25 18:00:00,2022-10-26 05:00:00,1655.46,1656.36,1646.7706,1672.8388,0.9726,9.0,8.75,8.35,10,time_exit,23.22542,5.79293,1.43507,-0.6141,new_york,2022
XAUUSD,-1,2022-10-26 14:00:00,2022-10-27 01:00:00,1668.86,1665.19,1675.73548,1655.10903,1.2304,36.7,45.16,44.76,10,time_exit,34.33692,4.58366,3.2822,0.3781,london,2022
XAUUSD,-1,2022-10-27 02:00:00,2022-10-27 12:00:00,1665.2,1662.44,1671.49807,1652.60387,1.3503,27.6,37.27,36.87,10,time_exit,28.97933,4.19871,1.71088,1.07526,,2022
XAUUSD,1,2022-10-28 06:00:00,2022-10-28 09:00:00,1665.3,1659.02484,1659.02484,1677.85033,1.3611,-62.8,-85.41,-85.81,3,stop_loss,14.91388,4.18344,1.01208,1.28591,,2022
XAUUSD,-1,2022-10-28 15:00:00,2022-10-31 02:00:00,1650.39,1643.47,1657.14898,1636.87204,1.251,69.2,86.57,86.17,10,time_exit,23.72917,4.50599,-1.95061,0.78019,london,2022
XAUUSD,1,2022-11-01 11:00:00,2022-11-01 21:00:00,1645.34,1649.76,1639.32197,1657.37607,1.4193,44.2,62.73,62.33,10,time_exit,28.47259,4.01202,0.56575,-1.802,london,2022
XAUUSD,-1,2022-11-03 15:00:00,2022-11-03 17:00:00,1619.5,1626.80656,1626.80656,1604.88689,1.1776,-73.1,-86.04,-86.44,2,stop_loss,21.34535,4.87104,-4.27109,-1.43381,london,2022
XAUUSD,1,2022-11-04 08:00:00,2022-11-04 15:00:00,1646.92,1660.32926,1640.21537,1660.32926,1.2704,134.1,170.35,169.95,7,take_profit,16.87692,4.46975,2.34097,-1.95534,london,2022
XAUUSD,-1,2022-11-04 18:00:00,2022-11-07 05:00:00,1673.24,1673.56,1682.67195,1654.37609,0.9211,-3.2,-2.95,-3.35,10,time_exit,29.78907,6.28797,4.91516,-0.57623,new_york,2022
XAUUSD,-1,2022-11-07 08:00:00,2022-11-07 11:00:00,1672.3,1679.70635,1679.70635,1657.4873,1.1725,-74.1,-86.84,-87.24,3,stop_loss,28.3562,4.93757,3.41878,1.20038,london,2022
XAUUSD,1,2022-11-07 18:00:00,2022-11-08 05:00:00,1678.98,1672.86,1671.79838,1693.34325,1.1971,-61.2,-73.26,-73.66,10,time_exit,22.40689,4.78775,3.46368,2.15858,new_york,2022
XAUUSD,1,2022-11-10 01:00:00,2022-11-10 11:00:00,1706.28,1707.1,1698.92821,1720.98358,1.1593,8.2,9.51,9.11,10,time_exit,25.90886,4.90119,1.98648,5.52064,,2022
XAUUSD,-1,2022-11-10 19:00:00,2022-11-11 06:00:00,1750.03,1752.99,1759.79443,1730.50114,0.8738,-29.6,-25.86,-26.26,10,time_exit,27.90853,6.50962,6.4124,4.67713,new_york,2022
XAUUSD,-1,2022-11-11 07:00:00,2022-11-11 08:00:00,1752.99,1760.61866,1760.61866,1737.73269,1.115,-76.3,-85.06,-85.46,1,stop_loss,45.27145,5.08577,5.72424,7.53281,london,2022
XAUUSD,-1,2022-11-15 09:00:00,2022-11-15 10:00:00,1770.12,1775.88198,1775.88198,1758.59605,1.4614,-57.6,-84.21,-84.61,1,stop_loss,25.94983,3.84132,2.4716,11.58203,london,2022
XAUUSD,-1,2022-11-15 16:00:00,2022-11-15 20:00:00,1777.2,1785.12315,1785.12315,1761.35371,1.0521,-79.2,-83.36,-83.76,4,stop_loss,34.18182,5.2821,2.36571,8.41615,new_york,2022
XAUUSD,-1,2022-11-16 14:00:00,2022-11-17 01:00:00,1783.46,1773.94,1790.70362,1768.97277,1.1392,95.2,108.45,108.05,10,time_exit,40.22826,4.82908,2.44882,8.44269,london,2022
XAUUSD,1,2022-11-17 10:00:00,2022-11-17 15:00:00,1766.99,1760.86983,1760.86983,1779.23033,1.366,-61.2,-83.6,-84.0,5,stop_loss,23.56362,4.08011,-1.06173,8.17225,london,2022
XAUUSD,1,2022-11-18 08:00:00,2022-11-18 15:00:00,1764.05,1758.69279,1758.69279,1774.76442,1.5449,-53.6,-82.76,-83.16,7,stop_loss,17.08503,3.57147,-0.56216,6.58543,london,2022
XAUUSD,1,2022-11-22 20:00:00,2022-11-23 06:00:00,1739.62,1734.24044,1734.24044,1750.37912,1.523,-53.8,-81.93,-82.33,9,stop_loss,17.95316,3.58637,-1.78417,0.58989,new_york,2022
XAUUSD,-1,2022-11-23 21:00:00,2022-11-23 22:00:00,1743.78,1750.77353,1750.77353,1729.79295,1.1598,-69.9,-81.11,-81.51,1,stop_loss,12.67547,4.66235,0.30917,-0.1421,new_york,2022
XAUUSD,1,2022-11-25 12:00:00,2022-11-25 15:00:00,1750.94,1746.11672,1746.11672,1760.58656,1.6647,-48.2,-80.29,-80.69,3,stop_loss,14.02327,3.21552,-0.3813,1.70297,london,2022
XAUUSD,1,2022-11-28 13:00:00,2022-11-28 14:00:00,1760.76,1754.70533,1754.70533,1772.86933,1.3128,-60.5,-79.49,-79.89,1,stop_loss,22.17804,4.03644,2.02797,1.17773,london,2022
XAUUSD,1,2022-11-28 17:00:00,2022-11-28 20:00:00,1748.39,1741.50448,1741.50448,1762.16105,1.1428,-68.9,-78.69,-79.09,3,stop_loss,20.55792,4.59035,-0.94376,1.02566,new_york,2022
XAUUSD,-1,2022-11-28 23:00:00,2022-11-29 03:00:00,1740.07,1746.34389,1746.34389,1727.52223,1.2416,-62.7,-77.9,-78.3,3,stop_loss,27.03586,4.18259,-2.50112,0.66897,,2022
XAUUSD,1,2022-11-29 14:00:00,2022-11-29 15:00:00,1757.34,1751.38859,1751.38859,1769.24283,1.2957,-59.5,-77.11,-77.51,1,stop_loss,24.88935,3.96761,1.67226,0.68184,london,2022
XAUUSD,-1,2022-11-29 15:00:00,2022-11-30 02:00:00,1755.36,1751.17,1761.36095,1743.35809,1.2721,41.9,53.3,52.9,10,time_exit,25.26041,4.00064,1.08909,0.70265,london,2022
XAUUSD,-1,2022-11-30 15:00:00,2022-11-30 17:00:00,1760.8,1750.47855,1765.96073,1750.47855,1.4895,103.2,153.74,153.34,2,take_profit,28.07961,3.44048,2.17323,1.14554,london,2022
XAUUSD,1,2022-11-30 17:00:00,2022-11-30 18:00:00,1757.1,1750.66407,1750.66407,1769.97186,1.2182,-64.4,-78.4,-78.8,1,stop_loss,25.69923,4.29062,0.80768,0.93705,new_york,2022
XAUUSD,-1,2022-11-30 23:00:00,2022-12-01 02:00:00,1769.91,1778.14007,1778.14007,1753.44987,0.943,-82.3,-77.61,-78.01,2,stop_loss,24.63519,5.48671,2.73937,0.86949,,2022
XAUUSD,1,2022-12-01 20:00:00,2022-12-02 07:00:00,1801.59,1797.22,1792.88704,1818.99591,0.8828,-43.7,-38.58,-38.98,10,time_exit,44.71298,5.80197,5.22417,2.62275,new_york,2022
XAUUSD,-1,2022-12-02 17:00:00,2022-12-02 18:00:00,1785.78,1793.26309,1793.26309,1770.81381,1.0215,-74.8,-76.44,-76.84,1,stop_loss,42.26283,4.98873,-0.07409,4.46419,new_york,2022
XAUUSD,1,2022-12-05 02:00:00,2022-12-05 12:00:00,1799.1,1795.15,1791.96895,1813.36209,1.0612,-39.5,-41.92,-42.32,10,time_exit,26.83526,4.75403,2.16177,4.73993,,2022
XAUUSD,-1,2022-12-05 17:00:00,2022-12-05 19:00:00,1784.18,1769.71655,1791.41173,1769.71655,1.0406,144.6,150.51,150.11,2,take_profit,22.12862,4.82115,-1.96158,4.65972,new_york,2022
XAUUSD,1,2022-12-07 08:00:00,2022-12-07 16:00:00,1773.14,1783.70062,1767.85969,1783.70062,1.4535,105.6,153.5,153.1,8,take_profit,20.00374,3.52021,-1.13369,1.64145,london,2022
XAUUSD,1,2022-12-08 16:00:00,2022-12-09 03:00:00,1789.52,1794.22,1783.87042,1800.81916,1.3856,47.0,65.12,64.72,10,time_exit,26.2022,3.76639,2.1394,1.91306,new_york,2022
XAUUSD,-1,2022-12-09 08:00:00,2022-12-09 13:00:00,1795.16,1800.16864,1800.16864,1785.14273,1.5759,-50.1,-78.93,-79.33,5,stop_loss,35.2377,3.33909,2.71594,2.82877,london,2022
XAUUSD,-1,2022-12-13 05:00:00,2022-12-13 15:00:00,1785.76,1790.87729,1790.87729,1775.52542,1.5269,-51.2,-78.14,-78.54,10,stop_loss,26.12385,3.41153,-0.65167,1.92654,,2022
XAUUSD,1,2022-12-13 23:00:00,2022-12-14 10:00:00,1810.75,1808.64,1801.56724,1829.11552,0.8424,-21.1,-17.77,-18.17,10,time_exit,35.8536,6.12184,2.69143,1.60321,,2022
XAUUSD,-1,2022-12-16 19:00:00,2022-12-19 05:00:00,1788.64,1796.00227,1796.00227,1773.91546,1.0482,-73.6,-77.17,-77.57,9,stop_loss,26.29807,4.90818,0.37349,-0.14259,new_york,2022
XAUUSD,1,2022-12-19 12:00:00,2022-12-19 16:00:00,1795.42,1789.77084,1789.77084,1806.71832,1.3523,-56.5,-76.39,-76.79,4,stop_loss,34.06009,3.76611,1.5075,0.40619,london,2022
XAUUSD,1,2022-12-19 16:00:00,2022-12-19 17:00:00,1791.49,1786.29098,1786.29098,1801.88803,1.4546,-52.0,-75.62,-76.02,1,stop_loss,31.95387,3.46601,0.33002,0.55353,new_york,2022
XAUUSD,1,2022-12-22 04:00:00,2022-12-22 08:00:00,1819.43,1814.46682,1814.46682,1829.35636,1.5084,-49.6,-74.86,-75.26,4,stop_loss,29.50763,3.30879,2.80714,3.94648,,2022
XAUUSD,1,2022-12-23 05:00:00,2022-12-23 15:00:00,1792.98,1794.26,1786.78712,1805.36577,1.1967,12.8,15.32,14.92,10,time_exit,36.22174,4.12859,-2.94547,1.56731,,2022
XAUUSD,-1,2022-12-27 11:00:00,2022-12-27 14:00:00,1806.53,1811.36446,1811.36446,1796.86108,1.5361,-48.3,-74.26,-74.66,3,stop_loss,21.46673,3.22297,1.32224,1.0075,london,2022
XAUUSD,1,2022-12-27 21:00:00,2022-12-28 08:00:00,1816.21,1810.04,1807.87714,1832.87572,0.8822,-61.7,-54.43,-54.83,10,time_exit,29.08799,5.55524,1.87854,0.98957,new_york,2022
XAUUSD,1,2022-12-28 22:00:00,2022-12-29 09:00:00,1805.4,1806.38,1798.56839,1819.06322,1.0681,9.8,10.47,10.07,10,time_exit,15.28729,4.55441,-0.18979,0.98018,,2022
XAUUSD,-1,2022-12-30 23:00:00,2023-01-03 01:00:00,1823.37,1829.73781,1829.73781,1810.63439,1.1475,-63.7,-73.07,-73.47,1,stop_loss,22.70283,4.2452,2.01955,1.95387,,2022
XAUUSD,1,2023-01-04 16:00:00,2023-01-04 17:00:00,1860.1,1851.9067,1851.9067,1876.4866,0.8828,-81.9,-72.33,-72.73,1,stop_loss,40.31128,5.4622,3.80604,3.82838,new_york,2023
XAUUSD,-1,2023-01-11 21:00:00,2023-01-12 04:00:00,1877.86,1884.65506,1884.65506,1864.26988,1.0538,-68.0,-71.61,-72.01,6,stop_loss,22.18942,4.53004,0.75202,4.89929,new_york,2023
XAUUSD,1,2023-01-17 05:00:00,2023-01-17 12:00:00,1910.71,1904.70832,1904.70832,1922.71336,1.1811,-60.0,-70.89,-71.29,7,stop_loss,16.23646,4.00112,0.27145,7.39501,,2023
XAUUSD,-1,2023-01-18 12:00:00,2023-01-18 15:00:00,1914.84,1922.05365,1922.05365,1900.4127,0.9728,-72.1,-70.17,-70.57,3,stop_loss,19.59817,4.8091,1.35172,4.36784,london,2023
XAUUSD,-1,2023-01-19 23:00:00,2023-01-20 10:00:00,1933.49,1928.59,1941.17381,1918.12239,0.9041,49.0,44.3,43.9,10,time_exit,27.07328,5.12254,4.05125,3.5188,,2023
XAUUSD,-1,2023-01-20 21:00:00,2023-01-23 08:00:00,1929.43,1922.72,1936.65226,1914.98548,0.9679,67.1,64.95,64.55,10,time_exit,30.62331,4.81484,1.67781,4.21851,new_york,2023
XAUUSD,-1,2023-01-23 11:00:00,2023-01-23 21:00:00,1924.02,1926.46,1930.54124,1910.97752,1.0819,-24.4,-26.4,-26.8,10,time_exit,21.55172,4.34749,0.03349,4.49205,london,2023
XAUUSD,1,2023-01-24 13:00:00,2023-01-24 15:00:00,1938.52,1932.11901,1932.11901,1951.32198,1.098,-64.0,-70.28,-70.68,2,stop_loss,18.51458,4.26733,2.27747,4.38525,london,2023
XAUUSD,1,2023-01-24 15:00:00,2023-01-24 16:00:00,1936.77,1930.55274,1930.55274,1949.20451,1.1191,-62.2,-69.58,-69.98,1,stop_loss,18.9717,4.14484,1.75191,4.5378,london,2023
XAUUSD,1,2023-01-24 18:00:00,2023-01-25 05:00:00,1935.06,1931.85,1926.23273,1952.71454,0.7803,-32.1,-25.05,-25.45,10,time_exit,18.02384,5.88485,0.94262,3.1048,new_york,2023
XAUUSD,-1,2023-01-26 07:00:00,2023-01-26 13:00:00,1946.69,1933.20694,1953.43153,1933.20694,1.0179,134.8,137.24,136.84,6,take_profit,23.74416,4.49435,2.43311,3.80383,london,2023
XAUUSD,-1,2023-01-27 19:00:00,2023-01-30 06:00:00,1929.72,1933.38,1938.18741,1912.78519,0.8266,-36.6,-30.25,-30.65,10,time_exit,20.50988,5.64494,-0.18407,1.53156,new_york,2023
XAUUSD,1,2023-01-31 07:00:00,2023-01-31 08:00:00,1920.21,1914.45876,1914.45876,1931.71249,1.2116,-57.5,-69.68,-70.08,1,stop_loss,12.1793,3.83416,-1.67175,0.89285,london,2023
XAUUSD,-1,2023-02-02 23:00:00,2023-02-03 10:00:00,1912.71,1912.14,1923.21819,1891.69363,0.6565,5.7,3.74,3.34,10,time_exit,42.19028,7.00546,-3.00354,0.92971,,2023
XAUUSD,-1,2023-02-08 02:00:00,2023-02-08 09:00:00,1872.97,1882.68722,1882.68722,1853.53555,0.7103,-97.2,-69.02,-69.42,7,stop_loss,17.44116,6.47815,-0.75819,-3.82666,,2023
XAUUSD,-1,2023-02-08 23:00:00,2023-02-09 10:00:00,1875.29,1883.29892,1883.29892,1859.27215,0.8531,-80.1,-68.32,-68.72,10,stop_loss,18.71343,5.33928,-0.48562,-3.77144,,2023
XAUUSD,1,2023-02-09 16:00:00,2023-02-09 17:00:00,1889.53,1882.35489,1882.35489,1903.88022,0.9426,-71.8,-67.63,-68.03,1,stop_loss,16.16203,4.78341,2.13348,-3.35638,new_york,2023
XAUUSD,1,2023-02-10 21:00:00,2023-02-13 08:00:00,1862.09,1862.91,1853.6315,1879.007,0.7916,8.2,6.49,6.09,10,time_exit,13.69392,5.639,-1.11367,-3.41685,new_york,2023
XAUUSD,1,2023-02-14 05:00:00,2023-02-14 15:00:00,1857.62,1851.84333,1851.84333,1869.17335,1.1601,-57.8,-67.02,-67.42,10,stop_loss_ambiguous,18.2794,3.85112,-0.8391,-4.98807,,2023
XAUUSD,-1,2023-02-14 16:00:00,2023-02-14 18:00:00,1862.62,1846.82998,1870.51501,1846.82998,0.8403,157.9,132.68,132.28,2,take_profit,18.13391,5.26334,0.37207,-3.3114,new_york,2023
XAUUSD,1,2023-02-16 09:00:00,2023-02-16 15:00:00,1836.39,1830.01528,1830.01528,1849.13943,1.0615,-63.7,-67.67,-68.07,6,stop_loss,19.0597,4.24981,-1.95049,-5.12019,london,2023
XAUUSD,-1,2023-02-17 19:00:00,2023-02-20 06:00:00,1839.58,1842.62,1847.98519,1822.76962,0.7969,-30.4,-24.23,-24.63,10,time_exit,26.45162,5.60346,0.85621,-3.92723,new_york,2023
XAUUSD,-1,2023-02-20 12:00:00,2023-02-21 01:00:00,1843.86,1841.76,1849.69963,1832.18074,1.1428,21.0,24.0,23.6,10,time_exit,18.06575,3.89309,1.39176,-4.1626,london,2023
XAUUSD,-1,2023-02-21 04:00:00,2023-02-21 10:00:00,1842.31,1833.51541,1846.7073,1833.51541,1.5231,87.9,133.95,133.55,6,take_profit,11.62717,2.93153,0.70512,-4.43682,,2023
XAUUSD,-1,2023-02-21 17:00:00,2023-02-22 04:00:00,1834.85,1835.99,1840.64824,1823.25353,1.1781,-11.4,-13.43,-13.83,10,time_exit,22.56057,3.86549,-0.93054,-3.25566,new_york,2023
XAUUSD,1,2023-02-22 11:00:00,2023-02-22 14:00:00,1834.82,1845.77281,1829.3436,1845.77281,1.2448,109.5,136.34,135.94,3,take_profit,17.73595,3.65094,-0.68493,-3.14546,london,2023
XAUUSD,1,2023-02-22 16:00:00,2023-02-22 17:00:00,1838.56,1832.19494,1832.19494,1851.29011,1.0924,-63.7,-69.53,-69.93,1,stop_loss,21.1512,4.24337,0.30361,-2.56951,new_york,2023
XAUUSD,-1,2023-02-24 11:00:00,2023-02-24 15:00:00,1822.9,1812.19398,1828.25301,1812.19398,1.2858,107.1,137.66,137.26,4,take_profit,13.55739,3.56867,-1.36828,-3.6626,london,2023
XAUUSD,-1,2023-03-01 18:00:00,2023-03-02 05:00:00,1842.03,1833.42,1849.62025,1826.84949,0.9249,86.1,79.63,79.23,10,time_exit,43.88925,5.06017,3.12099,-0.79592,new_york,2023
XAUUSD,-1,2023-03-02 08:00:00,2023-03-02 17:00:00,1833.53,1838.93991,1838.93991,1822.71019,1.3123,-54.1,-70.99,-71.39,9,stop_loss,29.95239,3.6066,0.93779,-0.22817,london,2023
XAUUSD,1,2023-03-03 02:00:00,2023-03-03 12:00:00,1837.8,1846.9,1832.41375,1848.5725,1.3048,91.0,118.74,118.34,10,time_exit,19.58723,3.59083,1.51154,0.25452,,2023
XAUUSD,-1,2023-03-06 01:00:00,2023-03-06 11:00:00,1854.38,1851.45,1859.69127,1843.75745,1.3455,29.3,39.42,39.02,10,time_exit,34.91547,3.54085,4.09194,1.78345,,2023
XAUUSD,-1,2023-03-07 17:00:00,2023-03-07 18:00:00,1831.69,1821.30035,1836.88482,1821.30035,1.3832,103.9,143.71,143.31,1,take_profit,18.79117,3.46322,-3.88077,1.88876,new_york,2023
XAUUSD,1,2023-03-07 21:00:00,2023-03-08 08:00:00,1814.51,1813.96,1807.69532,1828.13937,1.0755,-5.5,-5.92,-6.32,10,time_exit,30.91106,4.54312,-5.85764,0.71521,new_york,2023
XAUUSD,-1,2023-03-08 09:00:00,2023-03-08 16:00:00,1813.95,1818.83693,1818.83693,1804.17613,1.4984,-48.9,-73.23,-73.63,7,stop_loss,49.1067,3.25796,-5.22142,-1.31673,london,2023
XAUUSD,1,2023-03-14 16:00:00,2023-03-14 17:00:00,1910.03,1900.33227,1900.33227,1929.42545,0.7475,-97.0,-72.49,-72.89,1,stop_loss,41.96026,6.46515,3.46294,5.22574,new_york,2023
XAUUSD,1,2023-03-15 04:00:00,2023-03-15 11:00:00,1901.68,1893.65425,1893.65425,1917.73151,0.8941,-80.3,-71.76,-72.16,7,stop_loss,23.95964,5.3505,1.50331,6.45121,,2023
XAUUSD,-1,2023-03-17 09:00:00,2023-03-17 15:00:00,1929.49,1937.36701,1937.36701,1913.73598,0.9019,-78.8,-71.04,-71.44,6,stop_loss,16.19791,5.25134,2.43653,6.48884,london,2023
XAUUSD,-1,2023-03-21 01:00:00,2023-03-21 11:00:00,1979.09,1966.39,1992.09664,1953.07672,0.5407,127.0,68.67,68.27,10,time_exit,35.3945,8.67109,1.95768,5.90994,,2023
XAUUSD,1,2023-03-22 13:00:00,2023-03-22 21:00:00,1944.14,1960.06763,1936.17619,1960.06763,0.8916,159.3,142.01,141.61,8,take_profit,39.97598,5.30921,-1.76675,5.63744,london,2023
XAUUSD,1,2023-03-23 11:00:00,2023-03-23 20:00:00,1976.89,1998.03326,1966.31837,1998.03326,0.6851,211.4,144.85,144.45,9,take_profit,39.50011,7.04775,2.34734,4.14874,london,2023
XAUUSD,1,2023-03-23 21:00:00,2023-03-24 08:00:00,1999.58,1990.52,1987.95025,2022.8395,0.6352,-90.6,-57.55,-57.95,10,time_exit,35.74764,7.75317,4.09079,4.10908,new_york,2023
XAUUSD,1,2023-03-27 12:00:00,2023-03-27 13:00:00,1968.34,1959.58606,1959.58606,1985.84788,0.8372,-87.5,-73.29,-73.69,1,stop_loss,29.7634,5.83596,-1.69273,4.69467,london,2023
XAUUSD,1,2023-03-27 15:00:00,2023-03-27 16:00:00,1954.08,1944.36591,1944.36591,1973.50819,0.7469,-97.1,-72.55,-72.95,1,stop_loss,36.76008,6.47606,-3.27579,3.7845,london,2023
XAUUSD,-1,2023-03-30 03:00:00,2023-03-30 10:00:00,1963.31,1969.77001,1969.77001,1950.38999,1.1118,-64.6,-71.82,-72.22,7,stop_loss,16.42549,4.30667,-0.5933,2.211,,2023
XAUUSD,1,2023-03-31 10:00:00,2023-03-31 11:00:00,1984.18,1978.65722,1978.65722,1995.22557,1.2874,-55.2,-71.1,-71.5,1,stop_loss,32.9293,3.68186,3.15335,3.20026,london,2023
XAUUSD,1,2023-04-03 14:00:00,2023-04-03 17:00:00,1972.52,1988.83103,1964.36449,1988.83103,0.863,163.1,140.76,140.36,3,take_profit,25.87016,5.43701,0.79466,1.07295,london,2023
XAUUSD,-1,2023-04-04 11:00:00,2023-04-04 16:00:00,1982.2,1988.95524,1988.95524,1968.68952,1.0627,-67.6,-71.79,-72.19,5,stop_loss,17.91442,4.50349,1.41711,2.18711,london,2023
XAUUSD,-1,2023-04-04 22:00:00,2023-04-05 09:00:00,2021.26,2024.45,2030.5077,2002.76461,0.7685,-31.9,-24.52,-24.92,10,time_exit,33.75642,6.16513,5.84817,2.53451,,2023
XAUUSD,1,2023-04-06 10:00:00,2023-04-06 16:00:00,2013.72,2007.10909,2007.10909,2026.94183,1.0712,-66.1,-70.82,-71.22,6,stop_loss,29.13495,4.40728,0.70413,6.00524,london,2023
XAUUSD,-1,2023-04-12 07:00:00,2023-04-12 15:00:00,2017.23,2023.40366,2023.40366,2004.88269,1.1356,-61.7,-70.11,-70.51,8,stop_loss,19.02517,4.11577,3.43296,2.53734,london,2023
XAUUSD,-1,2023-04-12 17:00:00,2023-04-12 22:00:00,2007.75,2017.60179,2017.60179,1988.04641,0.7044,-98.5,-69.4,-69.8,5,stop_loss,21.78772,6.56786,0.19813,1.79423,new_york,2023
XAUUSD,1,2023-04-13 01:00:00,2023-04-13 11:00:00,2014.46,2026.6,2005.55715,2032.26571,0.7717,121.4,93.68,93.28,10,time_exit,27.87962,5.93524,1.21261,1.99537,,2023
XAUUSD,-1,2023-04-13 23:00:00,2023-04-14 10:00:00,2040.44,2039.28,2049.47393,2022.37213,0.7708,11.6,8.94,8.54,10,time_exit,46.83727,6.02262,3.25892,3.11764,,2023
XAUUSD,-1,2023-04-14 16:00:00,2023-04-14 17:00:00,2024.67,2006.37276,2033.81862,2006.37276,0.7621,183.0,139.44,139.04,1,take_profit,32.39111,6.09908,-0.80453,3.57521,new_york,2023
XAUUSD,1,2023-04-14 19:00:00,2023-04-17 06:00:00,1995.78,2004.58,1984.41673,2018.50653,0.6258,88.0,55.07,54.67,10,time_exit,36.90939,7.57551,-4.11644,2.52678,new_york,2023
XAUUSD,1,2023-04-18 01:00:00,2023-04-18 11:00:00,1994.75,2003.24,1986.41406,2011.42188,0.8596,84.9,72.98,72.58,10,time_exit,43.4739,5.55729,-2.5713,0.55603,,2023
XAUUSD,-1,2023-04-20 03:00:00,2023-04-20 09:00:00,1993.78,2001.03191,2001.03191,1979.27618,0.9981,-72.5,-72.38,-72.78,6,stop_loss,21.6775,4.83461,-0.71468,-1.13418,,2023
XAUUSD,1,2023-04-20 17:00:00,2023-04-21 04:00:00,2003.61,2002.12,1995.54606,2019.73789,0.8886,-14.9,-13.24,-13.64,10,time_exit,20.14907,5.37596,1.08951,-0.79941,new_york,2023
XAUUSD,1,2023-04-21 19:00:00,2023-04-24 06:00:00,1976.0,1980.83,1964.9831,1998.03379,0.6492,48.3,31.36,30.96,10,time_exit,29.22171,7.3446,-2.56302,-0.78713,new_york,2023
XAUUSD,-1,2023-04-25 21:00:00,2023-04-26 08:00:00,1999.17,1996.21,2008.37174,1980.76651,0.7806,29.6,23.11,22.71,10,time_exit,15.3307,6.1345,1.60959,-1.0032,new_york,2023
XAUUSD,-1,2023-04-26 20:00:00,2023-04-27 05:00:00,1986.65,1995.3148,1995.3148,1969.3204,0.8316,-86.6,-72.06,-72.46,8,stop_loss,22.782,5.77653,-1.21498,-0.3431,new_york,2023
XAUUSD,1,2023-04-27 19:00:00,2023-04-28 06:00:00,1982.28,1988.88,1972.8426,2001.15479,0.7558,66.0,49.88,49.48,10,time_exit,25.58585,6.2916,-1.72393,-0.31512,new_york,2023
XAUUSD,1,2023-04-28 08:00:00,2023-04-28 11:00:00,1987.39,1980.63335,1980.63335,2000.90331,1.063,-67.6,-71.82,-72.22,3,stop_loss,19.4291,4.50444,-0.84446,-0.69379,london,2023
XAUUSD,1,2023-05-02 10:00:00,2023-05-02 11:00:00,1984.68,1979.0592,1979.0592,1995.92159,1.265,-56.2,-71.1,-71.5,1,stop_loss,10.07704,3.7472,-0.19016,-1.42118,london,2023
XAUUSD,1,2023-05-02 15:00:00,2023-05-02 17:00:00,1986.37,1998.65367,1980.22816,1998.65367,1.1461,122.8,140.78,140.38,2,take_profit,11.06311,4.09456,0.28859,-1.26708,london,2023
XAUUSD,1,2023-05-02 22:00:00,2023-05-03 09:00:00,2014.28,2018.1,2005.69832,2031.44335,0.8366,38.2,31.96,31.56,10,time_exit,28.26504,5.72112,4.18235,-0.19328,,2023
XAUUSD,1,2023-05-03 10:00:00,2023-05-03 15:00:00,2017.98,2012.06573,2012.06573,2029.80853,1.2192,-59.1,-72.11,-72.51,5,stop_loss,42.43793,3.94284,4.65346,1.43524,london,2023
XAUUSD,1,2023-05-03 15:00:00,2023-05-03 20:00:00,2015.94,2026.88929,2010.46535,2026.88929,1.3039,109.5,142.77,142.37,5,take_profit,40.77065,3.64976,3.62168,2.06585,london,2023
XAUUSD,1,2023-05-04 11:00:00,2023-05-04 17:00:00,2034.59,2057.73809,2023.01595,2057.73809,0.6291,231.5,145.62,145.22,6,take_profit,42.17166,7.71603,1.76326,2.43839,london,2023
XAUUSD,-1,2023-05-04 17:00:00,2023-05-04 18:00:00,2044.29,2055.60569,2055.60569,2021.65861,0.6562,-113.2,-74.25,-74.65,1,stop_loss,34.4137,7.5438,2.57245,2.72848,new_york,2023
XAUUSD,-1,2023-05-04 18:00:00,2023-05-05 05:00:00,2055.29,2046.92,2067.58029,2030.70943,0.5981,83.7,50.06,49.66,10,time_exit,34.69209,8.19352,3.55959,2.59555,new_york,2023
XAUUSD,-1,2023-05-05 05:00:00,2023-05-05 15:00:00,2051.98,2033.6408,2061.1496,2033.6408,0.8071,183.4,148.02,147.62,10,take_profit,32.84949,6.11307,2.95552,4.05569,,2023
XAUUSD,-1,2023-05-05 18:00:00,2023-05-08 05:00:00,2010.71,2020.17,2022.03916,1988.05167,0.6663,-94.6,-63.03,-63.43,10,time_exit,31.76821,7.55278,-3.0271,2.82612,new_york,2023
XAUUSD,1,2023-05-08 18:00:00,2023-05-09 05:00:00,2024.93,2023.77,2018.04483,2038.70034,1.0871,-11.6,-12.61,-13.01,10,time_exit,25.44276,4.59011,-0.21101,2.63946,new_york,2023
XAUUSD,1,2023-05-09 05:00:00,2023-05-09 15:00:00,2022.81,2027.04,2017.15033,2034.12934,1.3202,42.3,55.84,55.44,10,time_exit,23.68364,3.77311,-0.54854,2.6891,,2023
XAUUSD,-1,2023-05-10 02:00:00,2023-05-10 12:00:00,2036.02,2029.03,2041.45939,2025.14122,1.3839,69.9,96.73,96.33,10,time_exit,16.21441,3.62626,2.30413,2.83519,,2023
XAUUSD,-1,2023-05-10 12:00:00,2023-05-10 15:00:00,2028.48,2033.94242,2033.94242,2017.55517,1.3957,-54.6,-76.24,-76.64,3,stop_loss,12.37514,3.64161,-0.14969,2.81985,london,2023
XAUUSD,1,2023-05-11 21:00:00,2023-05-12 08:00:00,2013.96,2009.56,2003.58042,2034.71915,0.7271,-44.0,-31.99,-32.39,10,time_exit,16.05661,6.91972,-1.98755,0.90922,new_york,2023
XAUUSD,1,2023-05-15 18:00:00,2023-05-16 05:00:00,2015.25,2016.98,2008.13759,2029.47482,1.0566,17.3,18.28,17.88,10,time_exit,21.96813,4.74161,-0.24143,-0.45522,new_york,2023
XAUUSD,-1,2023-05-18 15:00:00,2023-05-18 16:00:00,1974.03,1963.58683,1979.25159,1963.58683,1.4426,104.4,150.65,150.25,1,take_profit,44.44486,3.48106,-3.99235,-5.08951,london,2023
XAUUSD,1,2023-05-19 08:00:00,2023-05-19 18:00:00,1962.51,1973.93269,1956.79865,1973.93269,1.3452,114.2,153.66,153.26,10,take_profit,51.59564,3.80756,-3.11404,-6.42812,london,2023
XAUUSD,-1,2023-05-22 04:00:00,2023-05-22 14:00:00,1981.11,1972.97,1988.44683,1966.43635,1.0681,81.4,86.94,86.54,10,time_exit,36.50938,4.89122,1.58976,-4.26392,,2023
XAUUSD,1,2023-05-24 08:00:00,2023-05-24 09:00:00,1977.67,1971.82882,1971.82882,1989.35237,1.3564,-58.4,-79.23,-79.63,1,stop_loss,26.11967,3.89412,1.67753,-3.55423,london,2023
XAUUSD,1,2023-05-26 10:00:00,2023-05-26 15:00:00,1951.44,1944.84825,1944.84825,1964.62351,1.1898,-65.9,-78.43,-78.83,5,stop_loss,34.05641,4.3945,-0.74579,-4.29611,london,2023
XAUUSD,-1,2023-05-29 01:00:00,2023-05-29 11:00:00,1943.24,1945.32,1949.69946,1930.32109,1.202,-20.8,-25.0,-25.4,10,time_exit,24.91719,4.3063,-1.21431,-4.31773,,2023
XAUUSD,1,2023-05-29 17:00:00,2023-05-30 02:00:00,1946.74,1941.66326,1941.66326,1956.89348,1.5244,-50.8,-77.39,-77.79,6,stop_loss,19.09071,3.38449,-0.67244,-5.28613,new_york,2023
XAUUSD,-1,2023-06-01 02:00:00,2023-06-01 12:00:00,1966.45,1960.15,1973.45782,1952.43435,1.0932,63.0,68.87,68.47,10,time_exit,20.10673,4.67188,1.8519,-0.98891,,2023
XAUUSD,-1,2023-06-02 07:00:00,2023-06-02 15:00:00,1982.48,1971.08911,1988.17545,1971.08911,1.3572,113.9,154.6,154.2,8,take_profit,14.74261,3.79696,3.85752,0.8704,london,2023
XAUUSD,1,2023-06-05 01:00:00,2023-06-05 10:00:00,1947.26,1940.44068,1940.44068,1960.89864,1.1561,-68.2,-78.84,-79.24,9,stop_loss,31.92074,4.54621,-4.15066,0.34411,,2023
XAUUSD,-1,2023-06-07 08:00:00,2023-06-07 10:00:00,1964.52,1955.52376,1969.01812,1955.52376,1.7351,90.0,156.09,155.69,2,take_profit,18.47362,2.99875,1.20932,-0.34261,london,2023
XAUUSD,1,2023-06-08 08:00:00,2023-06-08 15:00:00,1946.62,1958.16386,1940.84807,1958.16386,1.3791,115.4,159.2,158.8,7,take_profit,17.00674,3.84795,-1.99668,-1.40774,london,2023
XAUUSD,-1,2023-06-12 19:00:00,2023-06-13 06:00:00,1955.43,1961.93454,1961.93454,1942.42092,1.2482,-65.0,-81.19,-81.59,10,stop_loss,18.72296,4.33636,-0.99697,-0.05623,new_york,2023
XAUUSD,1,2023-06-13 23:00:00,2023-06-14 10:00:00,1943.51,1949.66,1935.69473,1959.14055,1.0284,61.5,63.25,62.85,10,time_exit,28.83744,5.21018,-2.50896,-0.46404,,2023
XAUUSD,1,2023-06-14 13:00:00,2023-06-14 21:00:00,1951.41,1945.75128,1945.75128,1962.72744,1.4315,-56.6,-81.0,-81.4,8,stop_loss,26.25832,3.77248,-0.41269,-1.24934,london,2023
XAUUSD,1,2023-06-15 09:00:00,2023-06-15 10:00:00,1937.6,1930.10756,1930.10756,1952.58487,1.0703,-74.9,-80.19,-80.59,1,stop_loss,33.58373,4.99496,-2.11847,-1.43449,london,2023
XAUUSD,1,2023-06-21 08:00:00,2023-06-21 15:00:00,1935.82,1931.00924,1931.00924,1945.44152,1.6501,-48.1,-79.38,-79.78,7,stop_loss,31.08565,3.20717,-2.92409,-2.06796,london,2023
XAUUSD,1,2023-06-22 02:00:00,2023-06-22 10:00:00,1933.52,1927.60181,1927.60181,1945.35639,1.3279,-59.2,-78.59,-78.99,8,stop_loss,36.05842,3.94546,-1.47133,-2.43186,,2023
XAUUSD,-1,2023-06-23 13:00:00,2023-06-23 15:00:00,1917.93,1923.38964,1923.38964,1907.01072,1.4249,-54.6,-77.79,-78.19,2,stop_loss,43.96269,3.63976,-1.71652,-4.56484,london,2023
XAUUSD,-1,2023-06-23 17:00:00,2023-06-23 19:00:00,1932.19,1919.19024,1938.68988,1919.19024,1.1848,130.0,154.02,153.62,2,take_profit,39.45165,4.33325,1.84725,-3.66725,new_york,2023
XAUUSD,-1,2023-06-26 16:00:00,2023-06-27 03:00:00,1930.75,1922.76,1936.18032,1919.88936,1.4465,79.9,115.58,115.18,10,time_exit,31.06926,3.62021,1.76647,-3.26192,new_york,2023
XAUUSD,1,2023-06-27 06:00:00,2023-06-27 13:00:00,1928.83,1923.54409,1923.54409,1939.40182,1.5078,-52.9,-79.7,-80.1,7,stop_loss,16.76894,3.52394,1.0345,-3.00076,,2023
XAUUSD,1,2023-06-28 15:00:00,2023-06-29 02:00:00,1907.17,1909.75,1902.21967,1917.07067,1.5938,25.8,41.12,40.72,10,time_exit,26.58809,3.30022,-3.3167,-3.78837,london,2023
XAUUSD,-1,2023-06-30 06:00:00,2023-06-30 15:00:00,1907.78,1912.98158,1912.98158,1897.37684,1.5247,-52.0,-79.31,-79.71,9,stop_loss,11.36121,3.46772,-0.61246,-3.90563,,2023
XAUUSD,-1,2023-07-04 15:00:00,2023-07-05 04:00:00,1928.61,1924.18,1932.52929,1920.77143,2.0032,44.3,88.74,88.34,10,time_exit,31.82385,2.61286,3.22697,-0.54079,london,2023
XAUUSD,-1,2023-07-05 14:00:00,2023-07-05 16:00:00,1927.31,1931.23812,1931.23812,1919.45376,2.0212,-39.3,-79.4,-79.8,2,stop_loss,14.75805,2.61875,1.48477,0.39679,london,2023
XAUUSD,-1,2023-07-06 05:00:00,2023-07-06 13:00:00,1919.61,1924.40339,1924.40339,1910.02321,1.6397,-47.9,-78.6,-79.0,8,stop_loss,14.09547,3.1956,-0.74486,-0.0656,,2023
XAUUSD,1,2023-07-06 14:00:00,2023-07-06 15:00:00,1924.84,1920.03598,1920.03598,1934.44805,1.6196,-48.0,-77.81,-78.21,1,stop_loss,11.79561,3.20268,1.14252,-0.22076,london,2023
XAUUSD,-1,2023-07-06 16:00:00,2023-07-07 03:00:00,1906.39,1910.6,1913.51924,1892.13153,1.0804,-42.1,-45.48,-45.88,10,time_exit,14.81184,4.75282,-3.05557,-0.20554,new_york,2023
XAUUSD,1,2023-07-07 03:00:00,2023-07-07 13:00:00,1911.58,1916.32,1905.76215,1923.2157,1.316,47.4,62.38,61.98,10,time_exit,24.13399,3.87857,-1.51402,-0.84505,,2023
XAUUSD,-1,2023-07-07 23:00:00,2023-07-10 10:00:00,1924.75,1924.91,1931.42395,1911.4021,1.1565,-1.6,-1.85,-2.25,10,time_exit,34.2215,4.4493,1.3224,-0.34685,,2023
XAUUSD,-1,2023-07-11 13:00:00,2023-07-11 23:00:00,1938.16,1932.09,1943.85164,1926.77671,1.3557,60.7,82.29,81.89,10,time_exit,26.64462,3.79443,3.43094,0.80332,london,2023
XAUUSD,1,2023-07-12 08:00:00,2023-07-12 09:00:00,1938.97,1934.55901,1934.55901,1947.79197,1.7679,-44.1,-77.98,-78.38,1,stop_loss,29.19154,2.94066,3.01061,2.01456,london,2023
XAUUSD,1,2023-07-12 20:00:00,2023-07-13 07:00:00,1959.24,1957.24,1952.11972,1973.48057,1.0842,-20.0,-21.68,-22.08,10,time_exit,40.10923,4.74686,4.97251,1.94191,new_york,2023
XAUUSD,1,2023-07-13 21:00:00,2023-07-14 08:00:00,1960.06,1958.85,1953.73189,1972.71623,1.2164,-12.1,-14.72,-15.12,10,time_exit,34.22309,4.21874,2.37639,3.96315,new_york,2023
XAUUSD,1,2023-07-14 14:00:00,2023-07-14 17:00:00,1956.15,1951.61248,1951.61248,1965.22504,1.6931,-45.4,-76.82,-77.22,3,stop_loss,21.12912,3.02501,0.61919,5.65853,london,2023
XAUUSD,-1,2023-07-18 17:00:00,2023-07-18 18:00:00,1971.29,1977.71069,1977.71069,1958.44861,1.1845,-64.2,-76.05,-76.45,1,stop_loss,24.1513,4.28046,3.10295,3.04467,new_york,2023
XAUUSD,-1,2023-07-19 07:00:00,2023-07-19 10:00:00,1975.54,1980.70139,1980.70139,1965.21721,1.4587,-51.6,-75.29,-75.69,3,stop_loss,40.0733,3.44093,2.76232,4.93928,london,2023
XAUUSD,-1,2023-07-19 21:00:00,2023-07-20 04:00:00,1977.35,1983.50003,1983.50003,1965.04993,1.2119,-61.5,-74.53,-74.93,6,stop_loss,23.01989,4.10002,1.68249,4.35206,new_york,2023
XAUUSD,1,2023-07-20 14:00:00,2023-07-20 15:00:00,1980.64,1975.53836,1975.53836,1990.84328,1.4463,-51.0,-73.79,-74.19,1,stop_loss,14.62522,3.40109,1.53306,5.48151,london,2023
XAUUSD,1,2023-07-21 10:00:00,2023-07-21 11:00:00,1970.71,1966.1364,1966.1364,1979.85721,1.597,-45.7,-73.04,-73.44,1,stop_loss,22.68022,3.04907,-0.79316,4.54403,london,2023
XAUUSD,1,2023-07-25 08:00:00,2023-07-25 14:00:00,1960.65,1955.99451,1955.99451,1969.96097,1.5531,-46.6,-72.3,-72.7,6,stop_loss,23.56232,3.10366,-0.62993,0.86932,london,2023
XAUUSD,-1,2023-07-27 10:00:00,2023-07-27 11:00:00,1974.78,1980.28039,1980.28039,1963.77923,1.3013,-55.0,-71.58,-71.98,1,stop_loss,23.94894,3.66692,1.43049,1.71881,london,2023
XAUUSD,1,2023-07-28 10:00:00,2023-07-28 20:00:00,1951.34,1959.7,1944.5544,1964.9112,1.0443,83.6,87.3,86.9,10,time_exit,24.67254,4.52373,-1.82014,-0.36634,london,2023
XAUUSD,-1,2023-08-01 03:00:00,2023-08-01 13:00:00,1963.94,1956.24,1969.22061,1953.37878,1.3583,77.0,104.59,104.19,10,time_exit,21.39563,3.52041,0.78896,0.03652,,2023
XAUUSD,1,2023-08-07 20:00:00,2023-08-08 07:00:00,1934.44,1934.48,1929.04634,1945.22731,1.3492,0.4,0.54,0.14,10,time_exit,17.51254,3.59577,-0.97534,-2.52123,new_york,2023
XAUUSD,-1,2023-08-08 15:00:00,2023-08-09 02:00:00,1928.92,1925.62,1933.90774,1918.94452,1.459,33.0,48.15,47.75,10,time_exit,18.11709,3.32516,-2.12115,-2.7167,london,2023
XAUUSD,1,2023-08-09 11:00:00,2023-08-09 12:00:00,1930.63,1926.36103,1926.36103,1939.16794,1.7159,-42.7,-73.25,-73.65,1,stop_loss,20.14917,2.84598,-0.29322,-3.64966,london,2023
XAUUSD,-1,2023-08-09 13:00:00,2023-08-09 17:00:00,1926.2,1917.64386,1930.47807,1917.64386,1.695,85.6,145.03,144.63,4,take_profit,19.30159,2.85205,-1.73241,-3.65673,london,2023
XAUUSD,-1,2023-08-09 18:00:00,2023-08-10 05:00:00,1917.16,1917.01,1922.61754,1906.24491,1.3552,1.5,2.03,1.63,10,time_exit,25.48237,3.63836,-3.37549,-3.02938,new_york,2023
XAUUSD,1,2023-08-10 14:00:00,2023-08-10 15:00:00,1921.77,1930.08714,1917.61143,1930.08714,1.7789,83.2,147.95,147.55,1,take_profit,30.54984,2.77238,-0.59249,-4.78825,london,2023
XAUUSD,1,2023-08-15 03:00:00,2023-08-15 12:00:00,1907.58,1903.07995,1903.07995,1916.5801,1.6767,-45.0,-75.45,-75.85,9,stop_loss,26.97456,3.00003,-1.88193,-4.41882,,2023
XAUUSD,1,2023-08-17 19:00:00,2023-08-18 06:00:00,1889.51,1892.73,1884.04977,1900.43046,1.3679,32.2,44.05,43.65,10,time_exit,26.08364,3.64015,-2.72348,-4.09564,new_york,2023
XAUUSD,1,2023-08-22 21:00:00,2023-08-23 08:00:00,1897.73,1902.65,1892.31137,1908.56727,1.3865,49.2,68.22,67.82,10,time_exit,19.2988,3.61242,0.72662,-2.36324,new_york,2023
XAUUSD,-1,2023-08-24 02:00:00,2023-08-24 07:00:00,1917.07,1921.73088,1921.73088,1907.74823,1.6265,-46.6,-75.81,-76.21,5,stop_loss,34.51754,3.10726,4.15201,-0.1048,,2023
XAUUSD,-1,2023-08-24 08:00:00,2023-08-24 15:00:00,1921.22,1913.05658,1925.30171,1913.05658,1.8386,81.6,150.09,149.69,7,take_profit,39.07812,2.72114,5.02485,0.77251,london,2023
XAUUSD,-1,2023-08-25 17:00:00,2023-08-25 18:00:00,1915.46,1907.74775,1919.31613,1907.74775,1.9849,77.1,153.08,152.68,1,take_profit,16.17288,2.57075,0.39518,2.15489,new_york,2023
XAUUSD,1,2023-08-29 14:00:00,2023-08-29 15:00:00,1920.34,1916.58026,1916.58026,1927.85949,2.0764,-37.6,-78.07,-78.47,1,stop_loss,27.84624,2.5065,0.62925,2.70802,london,2023
XAUUSD,1,2023-09-05 15:00:00,2023-09-05 16:00:00,1930.53,1927.26368,1927.26368,1937.06264,2.3661,-32.7,-77.28,-77.68,1,stop_loss,30.9701,2.17755,-3.64376,3.40347,london,2023
XAUUSD,1,2023-09-06 14:00:00,2023-09-06 15:00:00,1926.55,1923.20386,1923.20386,1933.24229,2.2864,-33.5,-76.51,-76.91,1,stop_loss,27.1583,2.23076,-2.18666,0.53727,london,2023
XAUUSD,1,2023-09-06 19:00:00,2023-09-07 06:00:00,1916.87,1920.13,1911.77132,1927.06736,1.4854,32.6,48.42,48.02,10,time_exit,30.02445,3.39912,-3.78192,-0.02412,new_york,2023
XAUUSD,1,2023-09-08 21:00:00,2023-09-11 08:00:00,1920.54,1927.66,1915.9128,1929.7944,1.6472,71.2,117.28,116.88,10,time_exit,21.07761,3.0848,-0.8133,-1.12249,new_york,2023
XAUUSD,1,2023-09-12 09:00:00,2023-09-12 13:00:00,1920.26,1916.75884,1916.75884,1927.26232,2.2103,-35.0,-77.39,-77.79,4,stop_loss,20.85624,2.33411,-1.20725,-1.04841,london,2023
XAUUSD,1,2023-09-12 21:00:00,2023-09-13 08:00:00,1912.06,1910.22,1907.7385,1920.70299,1.7727,-18.4,-32.62,-33.02,10,time_exit,23.70784,2.881,-2.63343,-1.59816,new_york,2023
XAUUSD,1,2023-09-13 12:00:00,2023-09-13 15:00:00,1912.19,1908.65326,1908.65326,1919.26349,2.1568,-35.4,-76.28,-76.68,3,stop_loss,21.12228,2.35783,-1.70214,-2.71262,london,2023
XAUUSD,-1,2023-09-13 20:00:00,2023-09-14 07:00:00,1909.41,1909.48,1914.16295,1899.90411,1.5887,-0.7,-1.11,-1.51,10,time_exit,20.83431,3.16863,-1.75327,-2.14308,new_york,2023
XAUUSD,1,2023-09-14 11:00:00,2023-09-14 15:00:00,1905.86,1902.09727,1902.09727,1913.38546,2.0064,-37.6,-75.5,-75.9,4,stop_loss,22.28919,2.50849,-2.61504,-3.05789,london,2023
XAUUSD,-1,2023-09-15 08:00:00,2023-09-15 15:00:00,1916.18,1920.18587,1920.18587,1908.16825,1.8657,-40.1,-74.74,-75.14,7,stop_loss,20.27882,2.67058,1.79018,-2.58696,london,2023
XAUUSD,-1,2023-09-18 06:00:00,2023-09-18 16:00:00,1928.15,1924.08,1932.28713,1919.87575,1.7884,40.7,72.79,72.39,10,time_exit,41.33531,2.75808,3.70233,-0.41092,,2023
XAUUSD,-1,2023-09-19 19:00:00,2023-09-20 06:00:00,1933.16,1930.67,1936.76144,1925.95711,2.0745,24.9,51.66,51.26,10,time_exit,28.98646,2.40096,1.81818,2.49864,new_york,2023
XAUUSD,1,2023-09-20 06:00:00,2023-09-20 16:00:00,1930.74,1936.61726,1927.80137,1936.61726,2.5598,58.8,150.45,150.05,10,take_profit,17.44119,1.95909,0.63409,3.04353,,2023
XAUUSD,1,2023-09-21 03:00:00,2023-09-21 04:00:00,1929.46,1924.24887,1924.24887,1939.88227,1.4723,-52.1,-76.72,-77.12,1,stop_loss,23.56028,3.47409,-0.89931,2.00503,,2023
XAUUSD,-1,2023-09-25 21:00:00,2023-09-26 08:00:00,1916.03,1913.56,1920.42483,1907.24034,1.7282,24.7,42.69,42.29,10,time_exit,16.36514,2.92989,-2.65248,-0.28338,new_york,2023
XAUUSD,1,2023-09-27 04:00:00,2023-09-27 07:00:00,1900.64,1896.86097,1896.86097,1908.19805,2.021,-37.8,-76.37,-76.77,3,stop_loss,50.83534,2.51935,-4.73092,-3.20591,,2023
XAUUSD,-1,2023-09-27 17:00:00,2023-09-27 19:00:00,1887.89,1879.02304,1892.32348,1879.02304,1.7054,88.7,151.22,150.82,2,take_profit,57.09959,2.95565,-6.05639,-4.03689,new_york,2023
XAUUSD,-1,2023-09-28 20:00:00,2023-09-29 07:00:00,1863.54,1865.05,1869.86708,1850.88583,1.2188,-15.1,-18.4,-18.8,10,time_exit,63.03849,4.21806,-5.09287,-5.39457,new_york,2023
XAUUSD,1,2023-09-29 14:00:00,2023-09-29 17:00:00,1872.3,1867.48735,1867.48735,1881.92531,1.5984,-48.1,-76.93,-77.33,3,stop_loss,40.20831,3.20844,-1.31236,-7.7665,london,2023
XAUUSD,1,2023-10-02 11:00:00,2023-10-02 12:00:00,1839.79,1833.56894,1833.56894,1852.23211,1.2241,-62.2,-76.15,-76.55,1,stop_loss,44.53073,4.14737,-5.19484,-7.43797,london,2023
XAUUSD,-1,2023-10-02 16:00:00,2023-10-03 02:00:00,1836.27,1822.63402,1843.08799,1822.63402,1.1057,136.4,150.77,150.37,9,take_profit,45.86836,4.54533,-4.51652,-7.19025,new_york,2023
XAUUSD,-1,2023-10-03 17:00:00,2023-10-04 04:00:00,1828.9,1822.74,1835.58792,1815.52416,1.1497,61.6,70.82,70.42,10,time_exit,42.90692,4.45861,-1.93064,-8.58985,new_york,2023
XAUUSD,-1,2023-10-05 03:00:00,2023-10-05 06:00:00,1822.54,1828.53667,1828.53667,1810.54666,1.294,-60.0,-77.6,-78.0,3,stop_loss,18.03906,3.99778,-0.98426,-8.70886,,2023
XAUUSD,-1,2023-10-05 17:00:00,2023-10-06 04:00:00,1820.74,1822.8,1827.07117,1808.07767,1.2133,-20.6,-24.99,-25.39,10,time_exit,17.21234,4.22078,-1.01801,-7.41839,new_york,2023
XAUUSD,1,2023-10-06 08:00:00,2023-10-06 15:00:00,1822.8,1818.33711,1818.33711,1831.72579,1.7155,-44.6,-76.56,-76.96,7,stop_loss,14.64492,2.97526,-0.17995,-9.53895,london,2023
XAUUSD,-1,2023-10-06 16:00:00,2023-10-06 17:00:00,1815.12,1820.42573,1820.42573,1804.50853,1.4285,-53.1,-75.79,-76.19,1,stop_loss,15.91942,3.53716,-2.10229,-7.57274,new_york,2023
XAUUSD,1,2023-10-09 03:00:00,2023-10-09 13:00:00,1847.99,1850.1,1839.41237,1865.14526,0.8747,21.1,18.46,18.06,10,time_exit,19.65183,5.71842,3.8022,-3.76482,,2023
XAUUSD,1,2023-10-09 13:00:00,2023-10-09 16:00:00,1851.25,1844.24467,1844.24467,1865.26066,1.0736,-70.1,-75.21,-75.61,3,stop_loss,35.93413,4.67022,3.6259,-2.94057,london,2023
XAUUSD,1,2023-10-10 02:00:00,2023-10-10 09:00:00,1861.52,1855.30982,1855.30982,1873.94036,1.1989,-62.1,-74.45,-74.85,7,stop_loss,35.10418,4.14012,4.70964,-1.62578,,2023
XAUUSD,-1,2023-10-10 16:00:00,2023-10-10 18:00:00,1854.51,1859.68081,1859.68081,1844.16838,1.4255,-51.7,-73.71,-74.11,2,stop_loss,26.26258,3.44721,1.48088,-0.21056,new_york,2023
XAUUSD,-1,2023-10-10 18:00:00,2023-10-10 19:00:00,1856.57,1862.056,1862.056,1845.59799,1.33,-54.9,-72.96,-73.36,1,stop_loss,23.30376,3.65734,1.78337,-0.07632,new_york,2023
XAUUSD,-1,2023-10-11 14:00:00,2023-10-12 01:00:00,1873.91,1874.68,1878.57266,1864.58468,1.5492,-7.7,-11.93,-12.33,10,time_exit,28.83404,3.10844,5.42731,1.49644,london,2023
XAUUSD,1,2023-10-12 03:00:00,2023-10-12 13:00:00,1875.37,1881.34,1870.86847,1884.37306,1.6019,59.7,95.63,95.23,10,time_exit,38.83385,3.00102,4.02228,2.82018,,2023
XAUUSD,-1,2023-10-12 18:00:00,2023-10-13 05:00:00,1872.15,1873.39,1877.77479,1860.90043,1.2989,-12.4,-16.11,-16.51,10,time_exit,45.13621,3.74986,0.54242,3.21467,new_york,2023
XAUUSD,1,2023-10-16 20:00:00,2023-10-17 03:00:00,1921.9,1914.75779,1914.75779,1936.18442,1.0206,-71.4,-72.89,-73.29,6,stop_loss,40.34563,4.76147,3.61188,6.09407,new_york,2023
XAUUSD,1,2023-10-17 04:00:00,2023-10-17 14:00:00,1916.59,1924.1,1910.55728,1928.65544,1.1962,75.1,89.83,89.43,10,time_exit,36.29532,4.02181,2.09971,7.34749,,2023
XAUUSD,-1,2023-10-17 15:00:00,2023-10-17 16:00:00,1923.98,1929.39354,1929.39354,1913.15291,1.3495,-54.1,-73.06,-73.46,1,stop_loss,30.23643,3.60903,3.3418,8.10511,london,2023
XAUUSD,-1,2023-10-18 07:00:00,2023-10-18 12:00:00,1937.52,1944.53495,1944.53495,1923.49009,1.031,-70.1,-72.32,-72.72,5,stop_loss,45.27948,4.67664,3.92704,6.45024,london,2023
XAUUSD,1,2023-10-23 11:00:00,2023-10-23 16:00:00,1979.43,1970.63677,1970.63677,1997.01647,0.8142,-87.9,-71.59,-71.99,5,stop_loss,27.93822,5.86216,1.67506,6.93598,london,2023
XAUUSD,-1,2023-10-23 18:00:00,2023-10-24 05:00:00,1976.25,1977.71,1984.90323,1958.94354,0.8191,-14.6,-11.96,-12.36,10,time_exit,19.09403,5.76882,0.80567,6.81656,new_york,2023
XAUUSD,1,2023-10-25 10:00:00,2023-10-25 16:00:00,1971.34,1983.98763,1965.01618,1983.98763,1.1188,126.5,141.5,141.1,6,take_profit,11.32144,4.21588,-0.1804,6.43532,london,2023
XAUUSD,-1,2023-10-26 04:00:00,2023-10-26 11:00:00,1983.55,1991.48476,1991.48476,1967.68049,0.9095,-79.3,-72.17,-72.57,7,stop_loss,10.35163,5.28984,1.50524,4.78205,,2023
XAUUSD,1,2023-10-26 11:00:00,2023-10-26 14:00:00,1990.1,1983.00086,1983.00086,2004.29827,1.0063,-71.0,-71.44,-71.84,3,stop_loss,10.8366,4.73276,2.503,5.40258,london,2023
XAUUSD,1,2023-10-27 17:00:00,2023-10-27 20:00:00,1982.05,1995.29173,1975.42913,1995.29173,1.0681,132.4,141.43,141.03,3,take_profit,9.52504,4.41391,0.04216,4.9829,new_york,2023
XAUUSD,-1,2023-10-31 12:00:00,2023-10-31 16:00:00,1997.0,2002.28529,2002.28529,1986.42942,1.3647,-52.9,-72.13,-72.53,4,stop_loss,14.52748,3.52353,0.89603,5.93572,london,2023
XAUUSD,1,2023-10-31 21:00:00,2023-11-01 07:00:00,1984.15,1976.55516,1976.55516,1999.33968,0.9402,-75.9,-71.41,-71.81,9,stop_loss,14.32797,5.06323,-2.01991,3.844,new_york,2023
XAUUSD,-1,2023-11-01 18:00:00,2023-11-01 21:00:00,1986.61,1974.04123,1992.89438,1974.04123,1.1248,125.7,141.37,140.97,3,take_profit,22.99411,4.18959,-0.26836,2.7429,new_york,2023
XAUUSD,-1,2023-11-02 10:00:00,2023-11-02 20:00:00,1985.76,1985.03,1991.62582,1974.02837,1.2291,7.3,8.97,8.57,10,time_exit,21.40029,3.91054,0.04363,2.16913,london,2023
XAUUSD,1,2023-11-03 10:00:00,2023-11-03 15:00:00,1987.6,1996.68584,1983.05708,1996.68584,1.5889,90.9,144.36,143.96,5,take_profit,12.63439,3.02861,0.63314,2.25957,london,2023
XAUUSD,-1,2023-11-06 06:00:00,2023-11-06 16:00:00,1985.13,1984.81,1992.19037,1971.00925,1.0427,3.2,3.34,2.94,10,time_exit,22.23841,4.70692,-0.70187,1.59552,,2023
XAUUSD,1,2023-11-07 09:00:00,2023-11-07 10:00:00,1971.11,1966.62489,1966.62489,1980.08021,1.6421,-44.9,-73.65,-74.05,1,stop_loss,39.13012,2.99007,-3.79189,0.54299,london,2023
XAUUSD,-1,2023-11-07 23:00:00,2023-11-08 10:00:00,1968.8,1968.28,1974.83292,1956.73417,1.2085,5.2,6.28,5.88,10,time_exit,46.38851,4.02194,-1.55783,-0.90297,,2023
XAUUSD,-1,2023-11-08 12:00:00,2023-11-08 17:00:00,1965.49,1956.3488,1970.0606,1956.3488,1.5965,91.4,145.94,145.54,5,take_profit,29.20319,3.04707,-2.239,-1.72102,london,2023
XAUUSD,1,2023-11-13 01:00:00,2023-11-13 11:00:00,1938.57,1938.23,1932.67067,1950.36866,1.2616,-3.4,-4.29,-4.69,10,time_exit,44.00634,3.93289,-3.35148,-3.66172,,2023
XAUUSD,1,2023-11-13 13:00:00,2023-11-13 15:00:00,1939.58,1934.31386,1934.31386,1950.11229,1.4124,-52.7,-74.38,-74.78,2,stop_loss,32.65414,3.51076,-2.02789,-4.67116,london,2023
XAUUSD,1,2023-11-13 16:00:00,2023-11-13 18:00:00,1936.03,1946.41779,1930.8361,1946.41779,1.4176,103.9,147.26,146.86,2,take_profit,30.12312,3.4626,-2.74295,-4.83562,new_york,2023
XAUUSD,1,2023-11-14 21:00:00,2023-11-15 08:00:00,1962.78,1969.65,1956.41465,1975.5107,1.1798,68.7,81.05,80.65,10,time_exit,40.56498,4.24357,3.22475,-2.36234,new_york,2023
XAUUSD,-1,2023-11-16 12:00:00,2023-11-16 15:00:00,1966.18,1970.83264,1970.83264,1956.87472,1.6314,-46.5,-75.9,-76.3,3,stop_loss,27.35845,3.10176,1.7644,-0.00562,london,2023
XAUUSD,1,2023-11-17 14:00:00,2023-11-17 15:00:00,1988.84,1983.71232,1983.71232,1999.09536,1.4654,-51.3,-75.14,-75.54,1,stop_loss,44.76283,3.41845,3.95796,2.84256,london,2023
XAUUSD,-1,2023-11-20 04:00:00,2023-11-20 14:00:00,1981.15,1972.53,1986.90383,1969.64235,1.2928,86.2,111.44,111.04,10,time_exit,22.73157,3.83588,0.9243,2.63461,,2023
XAUUSD,1,2023-11-21 04:00:00,2023-11-21 14:00:00,1990.03,1989.17,1983.76872,2002.55256,1.2058,-8.6,-10.37,-10.77,10,time_exit,21.47056,4.17419,2.90244,1.98679,,2023
XAUUSD,1,2023-11-22 12:00:00,2023-11-22 17:00:00,2002.15,1996.30046,1996.30046,2013.84908,1.2888,-58.5,-75.39,-75.79,5,stop_loss,27.02405,3.89969,2.64078,3.85175,london,2023
XAUUSD,-1,2023-11-22 21:00:00,2023-11-23 05:00:00,1988.46,1995.34398,1995.34398,1974.69204,1.0841,-68.8,-74.63,-75.03,7,stop_loss,27.3901,4.58932,-1.0418,3.19343,new_york,2023
XAUUSD,1,2023-11-23 16:00:00,2023-11-24 05:00:00,1992.81,1993.68,1988.19829,2002.03341,1.602,8.7,13.94,13.54,10,time_exit,15.00247,3.07447,-0.22916,4.05591,new_york,2023
XAUUSD,-1,2023-11-24 05:00:00,2023-11-24 12:00:00,1992.35,1996.22116,1996.22116,1984.60768,1.912,-38.7,-74.02,-74.42,7,stop_loss,10.09489,2.58077,-0.33841,4.30896,,2023
XAUUSD,1,2023-11-27 09:00:00,2023-11-27 19:00:00,2009.76,2009.95,2003.88955,2021.5009,1.2482,1.9,2.37,1.97,10,time_exit,41.79797,3.91363,2.73276,3.25481,london,2023
XAUUSD,-1,2023-11-28 11:00:00,2023-11-28 15:00:00,2015.43,2020.20868,2020.20868,2005.87264,1.5337,-47.8,-73.29,-73.69,4,stop_loss,36.45954,3.18579,2.19293,5.06968,london,2023
XAUUSD,-1,2023-11-29 21:00:00,2023-11-30 08:00:00,2047.81,2045.85,2054.57159,2034.28681,1.0731,19.6,21.03,20.63,10,time_exit,39.42701,4.50773,3.5397,5.88221,new_york,2023
XAUUSD,-1,2023-11-30 20:00:00,2023-12-01 07:00:00,2037.08,2041.02,2043.85111,2023.53779,1.0746,-39.4,-42.34,-42.74,10,time_exit,18.67812,4.51407,-0.04797,5.47988,new_york,2023
XAUUSD,-1,2023-12-04 01:00:00,2023-12-04 02:00:00,2072.38,2081.13525,2081.13525,2054.8695,0.8262,-87.6,-72.34,-72.74,1,stop_loss,32.52948,5.83683,4.49238,4.2273,,2023
XAUUSD,-1,2023-12-06 01:00:00,2023-12-06 09:00:00,2018.63,2028.26074,2028.26074,1999.36853,0.7435,-96.3,-71.6,-72.0,8,stop_loss,19.62944,6.42049,-2.53169,1.12464,,2023
XAUUSD,1,2023-12-07 04:00:00,2023-12-07 14:00:00,2026.2,2033.27,2018.96427,2040.67146,0.9797,70.7,69.26,68.86,10,time_exit,15.09325,4.82382,-0.71157,0.37718,,2023
XAUUSD,1,2023-12-11 09:00:00,2023-12-11 10:00:00,1998.96,1992.28938,1992.28938,2012.30124,1.073,-66.7,-71.58,-71.98,1,stop_loss,41.51101,4.44708,-3.89039,-1.85213,london,2023
XAUUSD,1,2023-12-11 15:00:00,2023-12-11 16:00:00,1995.16,1988.28822,1988.28822,2008.90355,1.0311,-68.7,-70.85,-71.25,1,stop_loss,44.58166,4.58118,-3.59403,-2.42864,london,2023
XAUUSD,-1,2023-12-12 15:00:00,2023-12-12 19:00:00,1988.35,1977.52382,1993.76309,1977.52382,1.2958,108.3,140.29,139.89,4,take_profit,28.64593,3.60873,-2.02225,-5.34159,london,2023
XAUUSD,-1,2023-12-13 01:00:00,2023-12-13 11:00:00,1979.63,1982.53,1985.47253,1967.94494,1.2245,-29.0,-35.51,-35.91,10,time_exit,17.34546,3.89502,-3.01342,-5.37018,,2023
XAUUSD,1,2023-12-13 19:00:00,2023-12-13 21:00:00,1981.42,1992.50457,1975.87772,1992.50457,1.2844,110.8,142.37,141.97,2,take_profit,10.21337,3.69486,-1.19348,-5.6782,new_york,2023
XAUUSD,1,2023-12-14 07:00:00,2023-12-14 17:00:00,2031.23,2040.32,2022.08898,2049.51204,0.7943,90.9,72.2,71.8,10,time_exit,40.45112,6.09401,5.31264,-1.54428,london,2023
XAUUSD,-1,2023-12-15 14:00:00,2023-12-15 15:00:00,2041.69,2029.06314,2048.00343,2029.06314,1.1613,126.3,146.64,146.24,1,take_profit,32.65363,4.20895,3.80627,2.36404,london,2023
XAUUSD,-1,2023-12-18 05:00:00,2023-12-18 15:00:00,2021.94,2025.89,2029.42175,2006.9765,0.9995,-39.5,-39.48,-39.88,10,time_exit,29.24387,4.98783,-0.67661,1.66617,,2023
XAUUSD,-1,2023-12-19 19:00:00,2023-12-20 06:00:00,2044.45,2040.55,2051.0926,2031.1648,1.1198,39.0,43.67,43.27,10,time_exit,24.25616,4.4284,3.82025,1.67907,new_york,2023
XAUUSD,-1,2023-12-20 07:00:00,2023-12-20 15:00:00,2040.56,2030.69856,2045.49072,2030.69856,1.5174,98.6,149.64,149.24,8,take_profit,31.24679,3.28715,2.62172,2.9778,london,2023
XAUUSD,1,2023-12-20 21:00:00,2023-12-20 22:00:00,2036.33,2030.68687,2030.68687,2047.61625,1.3523,-56.4,-76.31,-76.71,1,stop_loss,25.06118,3.76208,0.59813,2.64941,new_york,2023
XAUUSD,1,2023-12-21 01:00:00,2023-12-21 11:00:00,2031.76,2035.45,2025.68364,2043.91272,1.2432,36.9,45.87,45.47,10,time_exit,26.76767,4.05091,-0.60412,2.32708,,2023
XAUUSD,-1,2023-12-21 20:00:00,2023-12-22 01:00:00,2041.07,2047.54249,2047.54249,2028.12501,1.1742,-64.7,-76.0,-76.4,4,stop_loss,22.83115,4.315,1.2102,2.14871,new_york,2023
XAUUSD,-1,2023-12-22 05:00:00,2023-12-22 12:00:00,2050.15,2056.9115,2056.9115,2036.627,1.1127,-67.6,-75.24,-75.64,7,stop_loss,29.91065,4.50767,2.51571,2.38632,,2023
XAUUSD,-1,2023-12-26 19:00:00,2023-12-26 22:00:00,2059.63,2065.33564,2065.33564,2048.21872,1.3053,-57.1,-74.48,-74.88,3,stop_loss,25.84183,3.80376,1.30457,4.50759,new_york,2023
XAUUSD,1,2023-12-26 23:00:00,2023-12-27 10:00:00,2068.38,2067.38,2062.56261,2080.01477,1.2674,-10.0,-12.67,-13.07,10,time_exit,22.48708,3.87826,3.2679,4.44766,,2023
XAUUSD,1,2023-12-27 13:00:00,2023-12-27 17:00:00,2064.73,2074.48877,2059.85061,2074.48877,1.5083,97.6,147.19,146.79,4,take_profit,21.22986,3.25292,1.49467,5.55752,london,2023
XAUUSD,1,2023-12-28 04:00:00,2023-12-28 10:00:00,2087.07,2080.83875,2080.83875,2099.5325,1.2047,-62.3,-75.07,-75.47,6,stop_loss,28.18778,4.15417,4.72178,5.06486,,2023
XAUUSD,-1,2023-12-29 02:00:00,2023-12-29 09:00:00,2066.84,2073.2687,2073.2687,2053.98261,1.1559,-64.3,-74.31,-74.71,7,stop_loss,24.3663,4.2858,-1.22855,4.64903,,2023
XAUUSD,1,2023-12-29 10:00:00,2023-12-29 11:00:00,2072.11,2066.86078,2066.86078,2082.60843,1.4014,-52.5,-73.56,-73.96,1,stop_loss,18.29262,3.49948,0.08897,5.17053,london,2023
XAUUSD,-1,2023-12-29 21:00:00,2024-01-02 07:00:00,2065.13,2071.55897,2071.55897,2052.27206,1.1327,-64.3,-72.82,-73.22,9,stop_loss,21.98675,4.28598,-1.04476,3.39613,new_york,2023
XAUUSD,1,2024-01-02 07:00:00,2024-01-02 16:00:00,2069.74,2063.86841,2063.86841,2081.48317,1.2278,-58.7,-72.09,-72.49,9,stop_loss,17.48193,3.91439,0.30953,3.24457,london,2024
XAUUSD,-1,2024-01-03 08:00:00,2024-01-03 13:00:00,2064.12,2052.65241,2069.85379,2052.65241,1.2447,114.7,142.74,142.34,5,take_profit,17.19533,3.82253,-0.60818,2.22252,london,2024
XAUUSD,-1,2024-01-03 15:00:00,2024-01-03 16:00:00,2045.52,2031.98226,2052.28887,2031.98226,1.0754,135.4,145.58,145.18,1,take_profit,26.21734,4.51258,-4.00686,1.32259,london,2024
XAUUSD,1,2024-01-03 21:00:00,2024-01-04 08:00:00,2035.66,2047.26,2027.2726,2052.4348,0.8852,116.0,102.68,102.28,10,time_exit,35.20158,5.5916,-3.91256,0.21702,new_york,2024
XAUUSD,1,2024-01-04 11:00:00,2024-01-04 15:00:00,2046.81,2040.47996,2040.47996,2059.47008,1.189,-63.3,-75.26,-75.66,4,stop_loss,19.10872,4.22003,-1.24808,-0.6758,london,2024
XAUUSD,-1,2024-01-05 01:00:00,2024-01-05 11:00:00,2043.93,2038.85,2049.85231,2032.08537,1.2581,50.8,63.91,63.51,10,time_exit,13.72648,3.94821,-1.39926,-1.21738,,2024
XAUUSD,-1,2024-01-05 16:00:00,2024-01-05 17:00:00,2039.98,2046.56307,2046.56307,2026.81386,1.1415,-65.8,-75.15,-75.55,1,stop_loss,16.57792,4.38871,-1.33779,-1.40409,new_york,2024
XAUUSD,-1,2024-01-08 13:00:00,2024-01-08 18:00:00,2027.63,2034.77921,2034.77921,2013.33158,1.0405,-71.5,-74.39,-74.79,5,stop_loss,22.58915,4.76614,-2.9613,-1.69279,london,2024
XAUUSD,1,2024-01-09 02:00:00,2024-01-09 12:00:00,2030.75,2035.44,2023.4431,2045.36379,1.0078,46.9,47.27,46.87,10,time_exit,25.50607,4.87126,-1.14563,-2.24823,,2024
XAUUSD,-1,2024-01-10 10:00:00,2024-01-10 12:00:00,2031.01,2037.11228,2037.11228,2018.80544,1.2144,-61.0,-74.11,-74.51,2,stop_loss,12.47304,4.06819,-0.40559,-2.57371,london,2024
XAUUSD,1,2024-01-10 17:00:00,2024-01-10 21:00:00,2027.4,2021.05076,2021.05076,2040.09848,1.1555,-63.5,-73.37,-73.77,4,stop_loss,12.45686,4.23283,-1.23685,-2.31492,new_york,2024
XAUUSD,-1,2024-01-11 11:00:00,2024-01-11 15:00:00,2030.7,2035.7195,2035.7195,2020.661,1.4469,-50.2,-72.63,-73.03,4,stop_loss,16.3542,3.34633,0.0044,-2.81116,london,2024
XAUUSD,-1,2024-01-15 10:00:00,2024-01-15 20:00:00,2054.3,2054.42,2060.81052,2041.27895,1.1043,-1.2,-1.33,-1.73,10,time_exit,37.55892,4.34035,2.64738,0.47501,london,2024
XAUUSD,-1,2024-01-16 11:00:00,2024-01-16 15:00:00,2043.1,2033.21122,2048.04439,2033.21122,1.4537,98.9,143.75,143.35,4,take_profit,20.10014,3.29626,-1.44579,1.50683,london,2024
XAUUSD,-1,2024-01-17 23:00:00,2024-01-18 09:00:00,2006.14,2013.97891,2013.97891,1990.46219,0.9352,-78.4,-73.31,-73.71,9,stop_loss,34.58458,5.22594,-4.13037,-1.84638,,2024
XAUUSD,-1,2024-01-18 14:00:00,2024-01-18 20:00:00,2012.62,2018.44955,2018.44955,2000.96091,1.2449,-58.3,-72.57,-72.97,6,stop_loss,27.10962,3.88636,-1.95225,-3.49368,london,2024
XAUUSD,-1,2024-01-22 05:00:00,2024-01-22 15:00:00,2029.84,2023.21,2035.22954,2019.06092,1.333,66.3,88.38,87.98,10,time_exit,23.99884,3.59303,1.32707,-1.6762,,2024
XAUUSD,-1,2024-01-22 15:00:00,2024-01-22 16:00:00,2029.6,2017.84858,2035.47571,2017.84858,1.2377,117.5,145.45,145.05,1,take_profit,18.49985,3.91714,1.26264,-1.44383,london,2024
XAUUSD,1,2024-01-23 02:00:00,2024-01-23 07:00:00,2020.78,2031.42649,2015.45676,2031.42649,1.3934,106.5,148.35,147.95,5,take_profit,14.65887,3.54883,-0.88736,-1.62963,,2024
XAUUSD,1,2024-01-24 02:00:00,2024-01-24 07:00:00,2029.32,2023.63922,2023.63922,2040.68156,1.3318,-56.8,-75.66,-76.06,5,stop_loss,25.23458,3.78719,0.94622,-0.88061,,2024
XAUUSD,1,2024-01-25 02:00:00,2024-01-25 12:00:00,2016.44,2019.21,2009.89555,2029.5289,1.1444,27.7,31.7,31.3,10,time_exit,24.67314,4.36297,-1.69744,-0.94806,,2024
XAUUSD,-1,2024-01-26 16:00:00,2024-01-29 03:00:00,2024.66,2023.28,2030.17492,2013.63015,1.3637,13.8,18.82,18.42,10,time_exit,13.08082,3.67662,1.02263,-1.18196,new_york,2024
XAUUSD,-1,2024-01-29 04:00:00,2024-01-29 08:00:00,2023.31,2028.99385,2028.99385,2011.9423,1.3264,-56.8,-75.39,-75.79,4,stop_loss,15.28354,3.78923,0.77209,-1.12907,,2024
XAUUSD,1,2024-01-31 17:00:00,2024-01-31 21:00:00,2051.58,2045.27482,2045.27482,2064.19036,1.1837,-63.1,-74.63,-75.03,4,stop_loss,28.02968,4.20345,4.08728,1.32629,new_york,2024
XAUUSD,1,2024-02-01 01:00:00,2024-02-01 11:00:00,2039.99,2041.12,2031.63561,2056.69879,0.8844,11.3,9.99,9.59,10,time_exit,28.95708,5.5696,0.39618,1.26106,,2024
XAUUSD,1,2024-02-01 14:00:00,2024-02-01 16:00:00,2033.46,2047.26443,2026.55779,2047.26443,1.0718,138.0,147.96,147.56,2,take_profit,19.81567,4.60148,-1.13738,1.59435,london,2024
XAUUSD,-1,2024-02-01 22:00:00,2024-02-02 09:00:00,2054.84,2055.04,2064.76086,2034.99827,0.7606,-2.0,-1.52,-1.92,10,time_exit,24.236,6.61391,1.94726,1.37161,,2024
XAUUSD,-1,2024-02-02 12:00:00,2024-02-02 15:00:00,2053.04,2041.08736,2059.01632,2041.08736,1.2622,119.5,150.87,150.47,3,take_profit,27.7392,3.98421,1.49918,2.91383,london,2024
XAUUSD,1,2024-02-05 07:00:00,2024-02-05 10:00:00,2031.85,2024.98694,2024.98694,2045.57612,1.1211,-68.6,-76.94,-77.34,3,stop_loss,33.81416,4.57537,-2.29058,1.40594,london,2024
XAUUSD,1,2024-02-06 11:00:00,2024-02-06 17:00:00,2023.86,2034.58245,2018.49877,2034.58245,1.4207,107.2,152.33,151.93,6,take_profit,24.67047,3.57415,-2.0151,-0.65487,london,2024
XAUUSD,1,2024-02-06 21:00:00,2024-02-07 08:00:00,2036.61,2033.55,2030.21824,2049.39353,1.2154,-30.6,-37.19,-37.59,10,time_exit,22.68697,4.26118,1.26456,-0.46933,new_york,2024
XAUUSD,-1,2024-02-07 12:00:00,2024-02-07 16:00:00,2034.41,2038.73175,2038.73175,2025.76651,1.7889,-43.2,-77.31,-77.71,4,stop_loss,15.52206,2.88116,0.59622,-0.24973,london,2024
XAUUSD,-1,2024-02-07 19:00:00,2024-02-08 06:00:00,2038.45,2032.26,2044.257,2026.83599,1.3179,61.9,81.58,81.18,10,time_exit,18.78204,3.87134,1.22194,0.01731,new_york,2024
XAUUSD,1,2024-02-08 14:00:00,2024-02-08 15:00:00,2029.14,2023.56536,2023.56536,2040.28929,1.3874,-55.7,-77.34,-77.74,1,stop_loss,14.12396,3.71643,-1.30711,0.05035,london,2024
XAUUSD,-1,2024-02-09 18:00:00,2024-02-12 05:00:00,2022.54,2022.94,2028.41057,2010.79886,1.3043,-4.0,-5.22,-5.62,10,time_exit,9.25797,3.91371,-2.38417,-0.31545,new_york,2024
XAUUSD,1,2024-02-13 23:00:00,2024-02-14 10:00:00,1992.62,1988.52,1985.8799,2006.10021,1.1352,-41.0,-46.54,-46.94,10,time_exit,35.17483,4.4934,-5.19491,-2.36733,,2024
XAUUSD,-1,2024-02-14 21:00:00,2024-02-15 08:00:00,1991.72,1993.23,1997.71588,1979.72825,1.2682,-15.1,-19.15,-19.55,10,time_exit,44.34493,3.99725,-2.56409,-4.49518,new_york,2024
XAUUSD,1,2024-02-21 22:00:00,2024-02-22 09:00:00,2025.97,2031.52,2021.21004,2035.48991,1.5934,55.5,88.43,88.03,10,time_exit,23.7699,3.1733,0.73938,1.74519,,2024
XAUUSD,1,2024-02-26 15:00:00,2024-02-26 16:00:00,2032.91,2028.41406,2028.41406,2041.90188,1.7066,-45.0,-76.73,-77.13,1,stop_loss,19.68011,2.99729,1.06187,2.20943,london,2024
XAUUSD,-1,2024-02-26 18:00:00,2024-02-27 04:00:00,2029.18,2034.29607,2034.29607,2018.94785,1.4846,-51.2,-75.95,-76.35,9,stop_loss,18.81148,3.41072,-0.16243,1.8854,new_york,2024
XAUUSD,1,2024-02-27 10:00:00,2024-02-27 18:00:00,2035.46,2031.87186,2031.87186,2042.63628,2.0956,-35.9,-75.19,-75.59,8,stop_loss,21.28546,2.39209,1.92719,2.65386,london,2024
XAUUSD,1,2024-02-27 19:00:00,2024-02-27 22:00:00,2033.15,2029.08245,2029.08245,2041.28509,1.83,-40.7,-74.44,-74.84,3,stop_loss,26.47722,2.7117,0.27649,2.54483,new_york,2024
XAUUSD,1,2024-02-28 07:00:00,2024-02-28 11:00:00,2030.27,2026.52722,2026.52722,2037.75557,1.9688,-37.4,-73.69,-74.09,4,stop_loss,14.82036,2.49519,-0.6635,2.34513,london,2024
XAUUSD,-1,2024-02-28 12:00:00,2024-02-28 14:00:00,2024.94,2028.56716,2028.56716,2017.68569,2.0111,-36.3,-72.95,-73.35,2,stop_loss,14.96813,2.4181,-2.60057,2.08029,london,2024
XAUUSD,-1,2024-03-04 15:00:00,2024-03-04 16:00:00,2082.59,2088.17938,2088.17938,2071.41124,1.292,-55.9,-72.21,-72.61,1,stop_loss,41.22604,3.72625,4.68666,6.3065,london,2024
XAUUSD,-1,2024-03-04 23:00:00,2024-03-05 10:00:00,2116.7,2120.71,2124.78227,2100.53545,0.8845,-40.1,-35.47,-35.87,10,time_exit,56.47504,5.38818,7.21527,5.72383,,2024
XAUUSD,-1,2024-03-07 11:00:00,2024-03-07 15:00:00,2155.32,2163.95396,2163.95396,2138.05209,0.8238,-86.3,-71.13,-71.53,4,stop_loss,50.73616,5.75597,3.74083,8.48596,london,2024
XAUUSD,1,2024-03-08 03:00:00,2024-03-08 13:00:00,2160.95,2168.33,2153.47707,2175.89586,0.9422,73.8,69.53,69.13,10,time_exit,30.90498,4.98195,3.22715,9.97609,,2024
XAUUSD,1,2024-03-11 11:00:00,2024-03-11 21:00:00,2182.33,2180.9,2173.5532,2199.88359,0.8101,-14.3,-11.58,-11.98,10,time_exit,41.73016,5.8512,2.74424,8.60939,london,2024
XAUUSD,1,2024-03-12 07:00:00,2024-03-12 15:00:00,2177.51,2170.56292,2170.56292,2191.40417,1.0218,-69.5,-70.99,-71.39,8,stop_loss,37.24199,4.63139,0.77425,10.11393,london,2024
XAUUSD,-1,2024-03-14 06:00:00,2024-03-14 15:00:00,2172.8,2160.82191,2178.78904,2160.82191,1.1733,119.8,140.54,140.14,9,take_profit,33.78463,3.9927,0.99099,6.84168,,2024
XAUUSD,1,2024-03-15 20:00:00,2024-03-18 04:00:00,2158.85,2151.80679,2151.80679,2172.93642,1.0176,-70.4,-71.67,-72.07,7,stop_loss,18.87287,4.69547,-1.43298,3.57942,new_york,2024
XAUUSD,1,2024-03-19 09:00:00,2024-03-19 11:00:00,2157.66,2152.83091,2152.83091,2167.31818,1.4692,-48.3,-70.95,-71.35,2,stop_loss,13.83267,3.21939,-0.63684,2.64532,london,2024
XAUUSD,1,2024-03-19 20:00:00,2024-03-20 07:00:00,2154.54,2156.93,2148.07999,2167.46001,1.0873,23.9,25.99,25.59,10,time_exit,28.65326,4.30667,-0.77644,1.47071,new_york,2024
XAUUSD,1,2024-03-21 04:00:00,2024-03-21 14:00:00,2199.03,2207.57,2186.54192,2224.00616,0.5645,85.4,48.21,47.81,10,time_exit,39.58679,8.32539,4.1026,1.18272,,2024
XAUUSD,-1,2024-03-22 09:00:00,2024-03-22 19:00:00,2174.33,2162.63,2182.99419,2157.00162,0.8191,117.0,95.83,95.43,10,time_exit,24.77529,5.77613,-0.89647,2.78612,london,2024
XAUUSD,-1,2024-03-26 02:00:00,2024-03-26 11:00:00,2172.05,2178.30793,2178.30793,2159.53414,1.1494,-62.6,-71.93,-72.33,9,stop_loss,13.69527,4.17195,-0.1248,1.68198,,2024
XAUUSD,-1,2024-03-27 07:00:00,2024-03-27 12:00:00,2177.78,2185.21226,2185.21226,2162.91548,0.958,-74.3,-71.2,-71.6,5,stop_loss,15.35625,4.95484,0.25085,1.59051,london,2024
XAUUSD,-1,2024-03-28 23:00:00,2024-04-01 01:00:00,2221.86,2232.01572,2232.01572,2201.54857,0.6941,-101.6,-70.49,-70.89,1,stop_loss,40.37918,6.77048,3.70433,2.74273,,2024
XAUUSD,1,2024-04-01 01:00:00,2024-04-01 06:00:00,2239.9,2262.31562,2228.69219,2262.31562,0.6226,224.2,139.56,139.16,5,take_profit,42.43775,7.47187,4.642,2.60193,,2024
XAUUSD,-1,2024-04-01 08:00:00,2024-04-01 17:00:00,2260.39,2236.01528,2272.57736,2236.01528,0.584,243.7,142.35,141.95,9,take_profit,57.7887,8.12491,5.98647,3.44158,london,2024
XAUUSD,-1,2024-04-02 13:00:00,2024-04-02 17:00:00,2260.76,2270.67559,2270.67559,2240.92882,0.7321,-99.2,-72.59,-72.99,4,stop_loss,39.73578,6.61039,3.36745,5.79935,london,2024
XAUUSD,1,2024-04-03 16:00:00,2024-04-03 20:00:00,2274.92,2295.40573,2264.67713,2295.40573,0.7016,204.9,143.73,143.33,4,take_profit,32.41007,6.82858,1.90722,6.57852,new_york,2024
XAUUSD,-1,2024-04-05 03:00:00,2024-04-05 13:00:00,2288.79,2294.0,2299.58944,2267.19112,0.6787,-52.1,-35.36,-35.76,10,time_exit,15.92917,7.19963,0.55839,6.42762,,2024
XAUUSD,-1,2024-04-08 08:00:00,2024-04-08 18:00:00,2342.22,2327.93,2359.1837,2308.29259,0.4299,142.9,61.43,61.03,10,time_exit,22.51426,11.30914,3.46732,4.2263,london,2024
XAUUSD,1,2024-04-09 20:00:00,2024-04-10 07:00:00,2345.06,2356.3,2331.61774,2371.94452,0.5471,112.4,61.49,61.09,10,time_exit,28.57022,8.96151,1.19762,5.95045,new_york,2024
XAUUSD,-1,2024-04-10 12:00:00,2024-04-10 15:00:00,2354.58,2335.86971,2363.93515,2335.86971,0.7927,187.1,148.32,147.92,3,take_profit,23.00666,6.23676,1.89493,8.29708,london,2024
XAUUSD,-1,2024-04-12 10:00:00,2024-04-12 17:00:00,2395.18,2407.36152,2407.36152,2370.81696,0.6209,-121.8,-75.64,-76.04,7,stop_loss,35.27163,8.12101,4.76203,5.35548,london,2024
XAUUSD,1,2024-04-15 15:00:00,2024-04-15 17:00:00,2358.07,2341.62982,2341.62982,2390.95036,0.4554,-164.4,-74.87,-75.27,2,stop_loss,15.43113,10.96012,-0.36612,3.24222,london,2024
XAUUSD,-1,2024-04-16 16:00:00,2024-04-16 18:00:00,2376.27,2390.46462,2390.46462,2347.88076,0.5222,-141.9,-74.12,-74.52,2,stop_loss,14.62292,9.46308,0.68925,3.50423,new_york,2024
XAUUSD,1,2024-04-19 09:00:00,2024-04-19 19:00:00,2381.39,2399.7,2366.32929,2411.51143,0.4872,183.1,89.21,88.81,10,time_exit,18.10399,10.04048,-0.00623,2.38544,london,2024
XAUUSD,-1,2024-04-19 19:00:00,2024-04-22 06:00:00,2394.87,2365.83575,2409.38712,2365.83575,0.5116,290.3,148.54,148.14,10,take_profit,16.13214,9.67808,1.27886,2.31824,new_york,2024
XAUUSD,-1,2024-04-25 08:00:00,2024-04-25 10:00:00,2315.37,2325.43917,2325.43917,2295.23165,0.7523,-100.7,-75.75,-76.15,2,stop_loss,16.48637,6.71278,-1.37323,-2.72893,london,2024
XAUUSD,-1,2024-04-26 06:00:00,2024-04-26 10:00:00,2333.95,2343.71413,2343.71413,2314.42174,0.768,-97.6,-74.99,-75.39,4,stop_loss,14.55536,6.50942,0.98503,-1.96333,,2024
XAUUSD,-1,2024-04-29 21:00:00,2024-04-30 08:00:00,2342.23,2322.97,2352.85868,2320.97264,0.6984,192.6,134.51,134.11,10,time_exit,14.71223,7.08579,1.00379,-0.61304,new_york,2024
XAUUSD,-1,2024-04-30 13:00:00,2024-04-30 17:00:00,2314.87,2297.65274,2323.47863,2297.65274,0.8779,172.2,151.15,150.75,4,take_profit,28.16346,5.73909,-2.89755,-1.11362,london,2024
XAUUSD,-1,2024-05-02 06:00:00,2024-05-02 13:00:00,2320.28,2296.52148,2332.15926,2296.52148,0.6489,237.6,154.17,153.77,7,take_profit,39.6638,7.91951,1.31524,-2.04126,,2024
XAUUSD,-1,2024-05-02 14:00:00,2024-05-03 01:00:00,2299.36,2304.01,2309.94711,2278.18578,0.7426,-46.5,-34.53,-34.93,10,time_exit,29.35324,7.05807,-1.4741,-2.12978,london,2024
XAUUSD,1,2024-05-03 11:00:00,2024-05-03 15:00:00,2299.26,2316.32636,2290.72682,2316.32636,0.9172,170.7,156.53,156.13,4,take_profit,15.34173,5.68879,-1.12337,-2.64019,london,2024
XAUUSD,1,2024-05-03 19:00:00,2024-05-06 06:00:00,2293.79,2309.36,2279.89528,2321.57943,0.5745,155.7,89.45,89.05,10,time_exit,13.63415,9.26314,-1.0339,-1.67918,new_york,2024
XAUUSD,-1,2024-05-06 17:00:00,2024-05-07 04:00:00,2327.95,2322.84,2339.61206,2304.62588,0.6922,51.1,35.37,34.97,10,time_exit,23.577,7.77471,2.51891,-1.14484,new_york,2024
XAUUSD,-1,2024-05-08 13:00:00,2024-05-08 15:00:00,2310.85,2318.67229,2318.67229,2295.20542,1.0364,-78.2,-81.07,-81.47,2,stop_loss,21.16536,5.21486,-0.72197,-0.53757,london,2024
XAUUSD,-1,2024-05-09 22:00:00,2024-05-10 01:00:00,2337.62,2347.3796,2347.3796,2318.1008,0.8223,-97.6,-80.25,-80.65,2,stop_loss,24.42569,6.5064,3.07856,0.04107,,2024
XAUUSD,1,2024-05-10 10:00:00,2024-05-10 17:00:00,2368.56,2359.44827,2359.44827,2386.78346,0.8719,-91.1,-79.45,-79.85,7,stop_loss,47.67933,6.07449,6.37529,1.4763,london,2024
XAUUSD,-1,2024-05-13 21:00:00,2024-05-14 08:00:00,2335.96,2345.06187,2345.06187,2317.75626,0.8641,-91.0,-78.65,-79.05,10,stop_loss,32.67065,6.06791,-1.75029,2.58898,new_york,2024
XAUUSD,1,2024-05-15 17:00:00,2024-05-15 18:00:00,2358.17,2380.49358,2347.00821,2380.49358,0.6976,223.2,155.73,155.33,1,take_profit,26.17254,7.44119,0.52698,2.13443,new_york,2024
XAUUSD,-1,2024-05-16 10:00:00,2024-05-16 20:00:00,2387.11,2381.48,2396.47172,2368.38657,0.8483,56.3,47.76,47.36,10,time_exit,41.89157,6.24114,2.72642,3.92372,london,2024
XAUUSD,-1,2024-05-17 09:00:00,2024-05-17 14:00:00,2381.38,2388.37173,2388.37173,2367.39655,1.1426,-69.9,-79.89,-80.29,5,stop_loss,15.98454,4.66115,1.22265,4.99399,london,2024
XAUUSD,1,2024-05-20 05:00:00,2024-05-20 15:00:00,2434.78,2423.01293,2423.01293,2458.31414,0.6721,-117.7,-79.09,-79.49,10,stop_loss,50.21736,7.84471,5.30739,4.00853,,2024
XAUUSD,1,2024-05-22 12:00:00,2024-05-22 14:00:00,2416.96,2407.8181,2407.8181,2435.2438,0.8564,-91.4,-78.29,-78.69,2,stop_loss,15.11689,6.0946,-0.1999,5.07417,london,2024
XAUUSD,1,2024-05-22 17:00:00,2024-05-22 18:00:00,2411.65,2402.20825,2402.20825,2430.53349,0.8208,-94.4,-77.5,-77.9,1,stop_loss,20.93925,6.2945,-0.87865,4.56275,new_york,2024
XAUUSD,-1,2024-05-23 17:00:00,2024-05-23 20:00:00,2358.76,2334.41261,2370.9337,2334.41261,0.6302,243.5,153.44,153.04,3,take_profit,60.7503,8.1158,-3.7755,0.50961,new_york,2024
XAUUSD,1,2024-05-27 16:00:00,2024-05-28 05:00:00,2347.26,2354.22,2339.82427,2362.13146,1.0524,69.6,73.25,72.85,10,time_exit,22.39361,4.95715,-0.11271,-4.12746,new_york,2024
XAUUSD,1,2024-05-29 05:00:00,2024-05-29 11:00:00,2356.51,2348.77635,2348.77635,2371.9773,1.0213,-77.3,-78.98,-79.38,6,stop_loss,29.49833,5.15577,0.79869,-2.26302,,2024
XAUUSD,-1,2024-05-30 04:00:00,2024-05-30 14:00:00,2336.99,2335.87,2344.44969,2322.07062,1.0481,11.2,11.74,11.34,10,time_exit,29.79175,4.97313,-2.0579,-2.62399,,2024
XAUUSD,-1,2024-05-31 15:00:00,2024-05-31 16:00:00,2343.9,2351.06078,2351.06078,2329.57844,1.0935,-71.6,-78.3,-78.7,1,stop_loss,14.76185,4.77385,0.11959,-2.38953,london,2024
XAUUSD,1,2024-05-31 21:00:00,2024-06-03 08:00:00,2326.01,2320.21,2315.26269,2347.50463,0.7212,-58.0,-41.83,-42.23,10,time_exit,16.45649,7.16488,-2.23622,-1.63491,new_york,2024
XAUUSD,-1,2024-06-03 23:00:00,2024-06-04 10:00:00,2347.73,2339.77,2357.52712,2328.13576,0.7869,79.6,62.64,62.24,10,time_exit,20.88433,6.53141,1.67856,-1.8634,,2024
XAUUSD,1,2024-06-04 17:00:00,2024-06-05 04:00:00,2324.32,2330.54,2314.45339,2344.05322,0.7876,62.2,48.99,48.59,10,time_exit,23.10848,6.57774,-2.11381,-1.43574,new_york,2024
XAUUSD,1,2024-06-05 22:00:00,2024-06-06 05:00:00,2355.87,2374.00094,2346.80453,2374.00094,0.8626,181.3,156.4,156.0,6,take_profit,26.30837,6.04365,2.90909,-1.0883,,2024
XAUUSD,-1,2024-06-06 08:00:00,2024-06-06 18:00:00,2369.49,2378.51018,2378.51018,2351.44964,0.8842,-90.2,-79.76,-80.16,10,stop_loss,41.44152,6.01345,3.96961,-0.1205,london,2024
XAUUSD,1,2024-06-06 21:00:00,2024-06-07 08:00:00,2373.16,2375.96,2363.26768,2392.94465,0.7982,28.0,22.35,21.95,10,time_exit,34.85742,6.59488,2.95668,0.76153,new_york,2024
XAUUSD,1,2024-06-07 13:00:00,2024-06-07 15:00:00,2339.36,2326.76082,2326.76082,2364.55835,0.6284,-126.0,-79.17,-79.57,2,stop_loss,30.41808,8.39945,-2.62463,1.13881,london,2024
XAUUSD,1,2024-06-07 23:00:00,2024-06-10 10:00:00,2288.35,2296.6,2272.36904,2320.31191,0.4905,82.5,40.47,40.07,10,time_exit,49.20947,10.65397,-5.30214,-0.3061,,2024
XAUUSD,-1,2024-06-11 03:00:00,2024-06-11 13:00:00,2309.91,2307.94,2318.11691,2293.49618,0.96,19.7,18.91,18.51,10,time_exit,26.21281,5.47127,-1.48398,-3.56203,,2024
XAUUSD,1,2024-06-11 14:00:00,2024-06-12 01:00:00,2307.94,2316.94,2300.2935,2323.233,1.0327,90.0,92.94,92.54,10,time_exit,24.53276,5.09767,-1.04394,-4.08962,london,2024
XAUUSD,1,2024-06-12 05:00:00,2024-06-12 15:00:00,2314.49,2328.62811,2307.42095,2328.62811,1.1302,141.4,159.79,159.39,10,take_profit,15.38235,4.7127,0.20105,-3.79795,,2024
XAUUSD,1,2024-06-14 17:00:00,2024-06-17 04:00:00,2330.21,2326.34,2320.14119,2350.34763,0.8093,-38.7,-31.32,-31.72,10,time_exit,25.12579,6.71254,2.26583,-1.39563,new_york,2024
XAUUSD,-1,2024-06-18 02:00:00,2024-06-18 12:00:00,2321.12,2311.15,2328.67145,2306.0171,1.0749,99.7,107.17,106.77,10,time_exit,12.70014,5.0343,0.24083,-0.82715,,2024
XAUUSD,1,2024-06-18 20:00:00,2024-06-19 07:00:00,2330.29,2328.03,2321.14588,2348.57824,0.8993,-22.6,-20.32,-20.72,10,time_exit,14.72398,6.09608,1.67928,-0.54925,new_york,2024
XAUUSD,-1,2024-06-20 20:00:00,2024-06-21 07:00:00,2356.39,2362.96,2366.26717,2336.63566,0.8305,-65.7,-54.56,-54.96,10,time_exit,31.3797,6.58478,3.33054,1.05846,new_york,2024
XAUUSD,-1,2024-06-21 16:00:00,2024-06-21 17:00:00,2360.73,2345.33375,2368.42812,2345.33375,1.0584,154.0,162.95,162.55,1,take_profit,41.4548,5.13208,2.26802,3.05553,new_york,2024
XAUUSD,-1,2024-06-21 19:00:00,2024-06-24 06:00:00,2327.98,2325.5,2339.23766,2305.46469,0.7382,24.8,18.31,17.91,10,time_exit,40.94109,7.5051,-2.56397,1.84434,new_york,2024
XAUUSD,1,2024-06-24 15:00:00,2024-06-25 02:00:00,2326.26,2330.87,2317.92265,2342.9347,0.9989,46.1,46.05,45.65,10,time_exit,34.00142,5.55823,-1.59411,0.60146,london,2024
XAUUSD,-1,2024-06-25 07:00:00,2024-06-25 12:00:00,2324.16,2330.93643,2330.93643,2310.60714,1.2358,-67.8,-83.74,-84.14,5,stop_loss,18.98875,4.51762,-1.882,0.25517,london,2024
XAUUSD,1,2024-06-27 01:00:00,2024-06-27 11:00:00,2298.33,2307.63,2289.85008,2315.28983,0.9776,93.0,90.92,90.52,10,time_exit,40.96316,5.65328,-3.20088,-1.77122,,2024
XAUUSD,-1,2024-06-27 14:00:00,2024-06-27 15:00:00,2315.2,2321.87699,2321.87699,2301.84603,1.2551,-66.8,-83.8,-84.2,1,stop_loss,35.2703,4.45132,0.98661,-2.80069,london,2024
XAUUSD,-1,2024-06-28 03:00:00,2024-06-28 13:00:00,2327.73,2334.05066,2334.05066,2315.08867,1.3126,-63.2,-82.97,-83.37,10,stop_loss,40.53052,4.21378,2.66349,-1.66762,,2024
XAUUSD,1,2024-07-01 15:00:00,2024-07-01 16:00:00,2338.22,2330.91303,2330.91303,2352.83393,1.124,-73.1,-82.13,-82.53,1,stop_loss,14.84365,4.87131,2.77836,0.0155,london,2024
XAUUSD,1,2024-07-02 09:00:00,2024-07-02 10:00:00,2329.95,2323.36105,2323.36105,2343.12789,1.234,-65.9,-81.31,-81.71,1,stop_loss,10.4392,4.39263,0.62111,0.41552,london,2024
XAUUSD,1,2024-07-02 14:00:00,2024-07-03 01:00:00,2324.57,2330.07,2317.48882,2338.73235,1.1366,55.0,62.51,62.11,10,time_exit,11.66336,4.72078,-0.60379,0.39739,london,2024
XAUUSD,1,2024-07-03 08:00:00,2024-07-03 13:00:00,2334.5,2347.60961,2327.9452,2347.60961,1.2374,131.1,162.22,161.82,5,take_profit,9.66288,4.36987,1.44588,0.49231,london,2024
XAUUSD,-1,2024-07-03 19:00:00,2024-07-04 06:00:00,2363.1,2358.12,2371.82643,2345.64714,0.948,49.8,47.21,46.81,10,time_exit,30.7314,5.81762,4.69294,1.27111,new_york,2024
XAUUSD,1,2024-07-04 15:00:00,2024-07-05 04:00:00,2358.54,2358.41,2352.28121,2371.05758,1.3292,-1.3,-1.73,-2.13,10,time_exit,24.62821,4.17253,2.62367,3.37327,london,2024
XAUUSD,-1,2024-07-05 20:00:00,2024-07-08 07:00:00,2386.55,2384.99,2395.94534,2367.75933,0.8853,15.6,13.81,13.41,10,time_exit,16.37785,6.26356,4.19726,3.10753,new_york,2024
XAUUSD,1,2024-07-09 01:00:00,2024-07-09 11:00:00,2358.98,2361.69,2350.02727,2376.88547,0.9305,27.1,25.22,24.82,10,time_exit,28.98764,5.96849,-1.57054,3.27379,,2024
XAUUSD,1,2024-07-09 11:00:00,2024-07-09 18:00:00,2359.06,2351.77177,2351.77177,2373.63646,1.1464,-72.9,-83.55,-83.95,7,stop_loss,25.58378,4.85882,-1.60218,3.39821,london,2024
XAUUSD,-1,2024-07-09 20:00:00,2024-07-10 04:00:00,2357.54,2367.17075,2367.17075,2338.27851,0.8589,-96.3,-82.72,-83.12,7,stop_loss,23.87659,6.4205,-1.18051,2.16108,new_york,2024
XAUUSD,1,2024-07-10 14:00:00,2024-07-10 16:00:00,2372.53,2385.02499,2366.28251,2385.02499,1.3107,124.9,163.77,163.37,2,take_profit,18.9853,4.165,1.38542,3.09655,london,2024
XAUUSD,-1,2024-07-10 23:00:00,2024-07-11 06:00:00,2371.86,2379.51024,2379.51024,2356.55953,1.0917,-76.5,-83.52,-83.92,6,stop_loss,25.71981,5.10016,0.43191,2.71132,,2024
XAUUSD,1,2024-07-12 09:00:00,2024-07-12 14:00:00,2408.1,2399.80304,2399.80304,2424.69392,0.9965,-83.0,-82.68,-83.08,5,stop_loss,44.07274,5.53131,2.7974,4.58116,london,2024
XAUUSD,1,2024-07-15 07:00:00,2024-07-15 09:00:00,2411.63,2404.31683,2404.31683,2426.25633,1.1192,-73.1,-81.85,-82.25,2,stop_loss,16.14555,4.87544,2.00323,5.49348,london,2024
XAUUSD,-1,2024-07-16 23:00:00,2024-07-17 04:00:00,2468.66,2479.33579,2479.33579,2447.30843,0.759,-106.8,-81.03,-81.43,4,stop_loss,35.74527,7.11719,5.41121,5.12944,,2024
XAUUSD,-1,2024-07-18 08:00:00,2024-07-18 10:00:00,2465.33,2474.73226,2474.73226,2446.52548,0.8531,-94.0,-80.21,-80.61,2,stop_loss,19.06035,6.26817,1.60301,6.7407,london,2024
XAUUSD,-1,2024-07-18 20:00:00,2024-07-19 03:00:00,2456.23,2437.02893,2465.83054,2437.02893,0.8271,192.0,158.81,158.41,6,take_profit,14.25265,6.40036,-0.43479,6.26173,new_york,2024
XAUUSD,1,2024-07-23 17:00:00,2024-07-24 04:00:00,2402.02,2408.25,2393.16248,2419.73505,0.9144,62.3,56.97,56.57,10,time_exit,22.46145,5.90502,-0.74051,-1.10892,new_york,2024
XAUUSD,1,2024-07-24 14:00:00,2024-07-24 17:00:00,2413.67,2428.54191,2406.23404,2428.54191,1.0968,148.7,163.12,162.72,3,take_profit,16.1315,4.9573,0.90843,-0.68048,london,2024
XAUUSD,-1,2024-07-26 02:00:00,2024-07-26 05:00:00,2363.35,2375.71395,2375.71395,2338.6221,0.6728,-123.6,-83.18,-83.58,3,stop_loss,46.83903,8.24263,-2.72339,-2.2213,,2024
XAUUSD,1,2024-07-31 13:00:00,2024-07-31 22:00:00,2421.05,2439.33723,2411.90638,2439.33723,0.9006,182.9,164.69,164.29,9,take_profit,39.27603,6.09574,3.48903,0.31416,london,2024
XAUUSD,-1,2024-08-02 13:00:00,2024-08-02 15:00:00,2463.95,2474.5561,2474.5561,2442.73781,0.7919,-106.1,-83.99,-84.39,2,stop_loss,28.18238,7.07073,3.29584,3.60654,london,2024
XAUUSD,-1,2024-08-02 16:00:00,2024-08-02 17:00:00,2472.91,2449.03744,2484.84628,2449.03744,0.6966,238.7,166.3,165.9,1,take_profit,28.56538,7.95752,3.71072,3.36981,new_york,2024
XAUUSD,-1,2024-08-05 08:00:00,2024-08-05 13:00:00,2452.7,2415.91348,2471.09326,2415.91348,0.4611,367.9,169.62,169.22,5,take_profit,22.09779,12.26217,0.89394,1.79259,london,2024
XAUUSD,1,2024-08-05 15:00:00,2024-08-06 02:00:00,2386.76,2404.85,2365.24769,2429.78462,0.4021,180.9,72.74,72.34,10,time_exit,25.88545,14.34154,-3.45198,1.14799,london,2024
XAUUSD,-1,2024-08-06 18:00:00,2024-08-07 05:00:00,2388.42,2384.29,2404.48537,2356.28926,0.5429,41.3,22.42,22.02,10,time_exit,25.49124,10.71025,-2.53043,-0.06558,new_york,2024
XAUUSD,1,2024-08-07 05:00:00,2024-08-07 15:00:00,2384.14,2403.88,2371.67591,2409.06818,0.7015,197.4,138.48,138.08,10,time_exit,29.74411,8.30939,-2.68712,-0.85173,,2024
XAUUSD,-1,2024-08-08 10:00:00,2024-08-08 14:00:00,2397.84,2407.12566,2407.12566,2379.26868,0.9565,-92.9,-88.82,-89.22,4,stop_loss,16.22496,6.19044,0.18155,-1.87216,london,2024
XAUUSD,1,2024-08-08 14:00:00,2024-08-08 17:00:00,2405.37,2424.31412,2395.89794,2424.31412,0.9283,189.4,175.86,175.46,3,take_profit,17.70664,6.31471,1.32635,-1.73381,london,2024
XAUUSD,-1,2024-08-09 09:00:00,2024-08-09 10:00:00,2417.24,2426.38059,2426.38059,2398.95881,0.9812,-91.4,-89.69,-90.09,1,stop_loss,32.74607,6.09373,1.28405,-0.10295,london,2024
XAUUSD,1,2024-08-09 12:00:00,2024-08-09 22:00:00,2424.51,2429.12,2415.59004,2442.34991,0.9953,46.1,45.88,45.48,10,time_exit,30.75098,5.94664,2.29173,0.08742,london,2024
XAUUSD,-1,2024-08-12 09:00:00,2024-08-12 10:00:00,2434.69,2442.68172,2442.68172,2418.70656,1.1166,-79.9,-89.24,-89.64,1,stop_loss,38.29805,5.32781,2.52598,1.38022,london,2024
XAUUSD,-1,2024-08-12 11:00:00,2024-08-12 16:00:00,2441.68,2449.69506,2449.69506,2425.64989,1.1022,-80.2,-88.34,-88.74,5,stop_loss,40.59302,5.34337,3.56472,1.54228,london,2024
XAUUSD,-1,2024-08-12 19:00:00,2024-08-12 21:00:00,2459.87,2469.15001,2469.15001,2441.30998,0.9424,-92.8,-87.45,-87.85,2,stop_loss,50.87126,6.18667,4.87518,2.05275,new_york,2024
XAUUSD,-1,2024-08-13 04:00:00,2024-08-13 14:00:00,2472.18,2465.79,2480.59336,2455.35327,1.029,63.9,65.75,65.35,10,time_exit,62.75591,5.60891,5.56802,3.54094,,2024
XAUUSD,-1,2024-08-20 07:00:00,2024-08-20 10:00:00,2501.8,2509.63782,2509.63782,2486.12435,1.1129,-78.4,-87.23,-87.63,3,stop_loss,15.17797,5.22522,1.94859,5.95703,london,2024
XAUUSD,1,2024-08-20 16:00:00,2024-08-20 18:00:00,2526.75,2517.90171,2517.90171,2544.44659,0.9759,-88.5,-86.35,-86.75,2,stop_loss,22.98135,5.89886,4.73177,5.73228,new_york,2024
XAUUSD,-1,2024-08-20 19:00:00,2024-08-21 05:00:00,2508.54,2519.62033,2519.62033,2486.37933,0.7715,-110.8,-85.48,-85.88,9,stop_loss,25.42138,7.38689,0.96064,4.684,new_york,2024
XAUUSD,-1,2024-08-21 21:00:00,2024-08-22 08:00:00,2509.59,2505.57,2519.95522,2488.85955,0.8164,40.2,32.82,32.42,10,time_exit,18.23495,6.91015,0.32676,4.43416,new_york,2024
XAUUSD,1,2024-08-23 06:00:00,2024-08-23 16:00:00,2489.99,2498.43,2481.34815,2507.27371,0.983,84.4,82.97,82.57,10,time_exit,32.86541,5.76124,-1.44778,2.81031,,2024
XAUUSD,1,2024-08-26 07:00:00,2024-08-26 11:00:00,2509.88,2525.53246,2502.05377,2525.53246,1.096,156.5,171.55,171.15,4,take_profit,18.30892,5.21749,1.22416,3.14597,london,2024
XAUUSD,-1,2024-08-27 19:00:00,2024-08-27 20:00:00,2512.19,2521.69767,2521.69767,2493.17467,0.9202,-95.1,-87.49,-87.89,1,stop_loss,13.56667,6.33844,0.1542,2.51969,new_york,2024
XAUUSD,-1,2024-08-28 07:00:00,2024-08-28 15:00:00,2515.94,2500.29244,2523.76378,2500.29244,1.107,156.5,173.22,172.82,8,take_profit,15.54373,5.21585,0.23143,3.21835,london,2024
XAUUSD,-1,2024-09-02 01:00:00,2024-09-02 11:00:00,2503.75,2506.35,2513.05814,2485.13373,0.949,-26.0,-24.67,-25.07,10,time_exit,21.95163,6.20542,-1.59034,1.30133,,2024
XAUUSD,-1,2024-09-04 23:00:00,2024-09-05 09:00:00,2493.41,2502.56691,2502.56691,2475.09618,0.962,-91.6,-88.09,-88.49,9,stop_loss,17.15303,6.10461,-0.02935,-0.98647,,2024
XAUUSD,-1,2024-09-05 16:00:00,2024-09-06 03:00:00,2517.8,2515.98,2525.75667,2501.88666,1.096,18.2,19.95,19.55,10,time_exit,25.70588,5.30445,3.52334,-0.22641,new_york,2024
XAUUSD,1,2024-09-10 11:00:00,2024-09-10 18:00:00,2502.82,2516.22208,2496.11896,2516.22208,1.3042,134.0,174.79,174.39,7,take_profit,12.27555,4.46736,0.0293,0.06453,london,2024
XAUUSD,1,2024-09-10 18:00:00,2024-09-11 05:00:00,2509.1,2518.81,2501.18219,2524.93562,1.1258,97.1,109.32,108.92,10,time_exit,16.31949,5.27854,1.01361,0.20057,new_york,2024
XAUUSD,-1,2024-09-13 04:00:00,2024-09-13 10:00:00,2561.63,2570.8905,2570.8905,2543.10901,0.9744,-92.6,-90.23,-90.63,6,stop_loss,40.20527,6.17366,5.26114,2.67126,,2024
XAUUSD,1,2024-09-16 09:00:00,2024-09-16 10:00:00,2588.81,2581.6751,2581.6751,2603.0798,1.2519,-71.3,-89.32,-89.72,1,stop_loss,55.35502,4.7566,5.55455,7.16068,london,2024
XAUUSD,1,2024-09-16 13:00:00,2024-09-16 17:00:00,2585.59,2578.19277,2578.19277,2600.38446,1.1954,-74.0,-88.43,-88.83,4,stop_loss,52.24387,4.93149,4.02888,7.13561,london,2024
XAUUSD,1,2024-09-17 02:00:00,2024-09-17 07:00:00,2582.94,2575.73841,2575.73841,2597.34317,1.2155,-72.0,-87.54,-87.94,5,stop_loss,26.53798,4.80106,2.25227,7.43748,,2024
XAUUSD,1,2024-09-17 13:00:00,2024-09-17 18:00:00,2573.66,2566.05855,2566.05855,2588.86289,1.14,-76.0,-86.66,-87.06,5,stop_loss,17.80545,5.06763,-0.26557,6.71191,london,2024
XAUUSD,-1,2024-09-18 11:00:00,2024-09-18 14:00:00,2571.56,2579.26227,2579.26227,2556.15546,1.1138,-77.0,-85.79,-86.19,3,stop_loss,12.55491,5.13485,-0.27391,5.10113,london,2024
XAUUSD,1,2024-09-18 15:00:00,2024-09-18 16:00:00,2577.49,2569.77248,2569.77248,2592.92505,1.1004,-77.2,-84.92,-85.32,1,stop_loss,12.46363,5.14502,0.84975,4.91384,london,2024
XAUUSD,1,2024-09-19 16:00:00,2024-09-20 03:00:00,2576.81,2588.12,2564.11405,2602.2019,0.6622,113.1,74.89,74.49,10,time_exit,19.30157,8.46397,0.45866,2.3683,new_york,2024
XAUUSD,-1,2024-09-20 06:00:00,2024-09-20 09:00:00,2591.6,2600.85712,2600.85712,2573.08576,0.9162,-92.6,-84.81,-85.21,3,stop_loss,19.50693,6.17141,2.0633,3.52855,,2024
XAUUSD,-1,2024-09-24 01:00:00,2024-09-24 07:00:00,2628.63,2636.24684,2636.24684,2613.39633,1.1024,-76.2,-83.97,-84.37,6,stop_loss,20.11639,5.07789,2.83705,7.03832,,2024
XAUUSD,-1,2024-09-24 11:00:00,2024-09-24 17:00:00,2628.97,2637.38193,2637.38193,2612.14614,0.9881,-84.1,-83.12,-83.52,6,stop_loss,18.99691,5.60795,1.76756,6.41165,london,2024
XAUUSD,1,2024-09-25 02:00:00,2024-09-25 12:00:00,2659.22,2656.99,2649.40206,2678.85588,0.8381,-22.3,-18.69,-19.09,10,time_exit,29.27033,6.54529,4.36451,6.03567,,2024
XAUUSD,-1,2024-09-26 10:00:00,2024-09-26 11:00:00,2661.78,2669.31653,2669.31653,2646.70695,1.0893,-75.4,-82.1,-82.5,1,stop_loss,18.57416,5.02435,2.13025,8.30953,london,2024
XAUUSD,1,2024-09-27 09:00:00,2024-09-27 17:00:00,2664.94,2655.56012,2655.56012,2683.69976,0.8664,-93.8,-81.27,-81.67,8,stop_loss,15.97045,6.25325,0.37703,6.57779,london,2024
XAUUSD,-1,2024-09-30 07:00:00,2024-09-30 16:00:00,2653.61,2631.42445,2664.70277,2631.42445,0.7253,221.9,160.91,160.51,9,take_profit,18.2557,7.39518,-0.83711,4.24324,london,2024
XAUUSD,-1,2024-10-01 14:00:00,2024-10-01 16:00:00,2650.4,2658.13972,2658.13972,2634.92056,1.0602,-77.4,-82.06,-82.46,2,stop_loss,20.93529,5.15981,0.62934,2.95318,london,2024
XAUUSD,1,2024-10-02 01:00:00,2024-10-02 08:00:00,2663.11,2651.74063,2651.74063,2685.84874,0.7145,-113.7,-81.23,-81.63,7,stop_loss,32.64133,7.57958,1.54695,2.2432,,2024
XAUUSD,-1,2024-10-02 21:00:00,2024-10-03 03:00:00,2652.23,2662.87261,2662.87261,2630.94479,0.7556,-106.4,-80.42,-80.82,5,stop_loss,17.07813,7.09507,-0.03855,2.02951,new_york,2024
XAUUSD,-1,2024-10-03 07:00:00,2024-10-03 17:00:00,2656.1,2639.76572,2664.26714,2639.76572,0.9748,163.3,159.23,158.83,10,take_profit,11.88871,5.44476,0.37266,2.6227,london,2024
XAUUSD,1,2024-10-04 19:00:00,2024-10-07 06:00:00,2653.3,2647.45,2639.85496,2680.19009,0.6039,-58.5,-35.33,-35.73,10,time_exit,17.50522,8.96336,-0.21832,1.2259,new_york,2024
XAUUSD,-1,2024-10-07 11:00:00,2024-10-07 21:00:00,2652.08,2640.86,2662.22672,2631.78656,0.7967,112.2,89.39,88.99,10,time_exit,21.62196,6.76448,0.03114,1.04684,london,2024
XAUUSD,-1,2024-10-08 07:00:00,2024-10-08 17:00:00,2642.98,2620.67632,2654.13184,2620.67632,0.7329,223.0,163.46,163.06,10,take_profit,20.1676,7.43456,-0.69919,0.44429,london,2024
XAUUSD,1,2024-10-08 21:00:00,2024-10-09 08:00:00,2614.57,2619.72,2600.10915,2643.4917,0.5765,51.5,29.69,29.29,10,time_exit,31.2007,9.64057,-2.79632,-0.20068,new_york,2024
XAUUSD,1,2024-10-09 12:00:00,2024-10-09 17:00:00,2616.29,2605.96984,2605.96984,2636.93033,0.8106,-103.2,-83.66,-84.06,5,stop_loss,33.58251,6.88011,-2.20398,-1.26711,london,2024
XAUUSD,-1,2024-10-09 20:00:00,2024-10-10 07:00:00,2608.74,2613.95,2619.4976,2587.2248,0.7698,-52.1,-40.11,-40.51,10,time_exit,28.38279,7.17173,-2.52793,-1.58456,new_york,2024
XAUUSD,-1,2024-10-11 16:00:00,2024-10-11 17:00:00,2643.15,2652.56495,2652.56495,2624.3201,0.8753,-94.1,-82.41,-82.81,1,stop_loss,27.99289,6.27663,2.06652,-0.65259,new_york,2024
XAUUSD,-1,2024-10-14 17:00:00,2024-10-15 04:00:00,2655.51,2648.41,2665.00909,2636.51182,0.8588,71.0,60.97,60.57,10,time_exit,23.62233,6.33273,1.52811,1.11778,new_york,2024
XAUUSD,-1,2024-10-15 21:00:00,2024-10-16 08:00:00,2663.63,2669.51,2673.75651,2643.37697,0.8116,-58.8,-47.72,-48.12,10,time_exit,17.13724,6.75101,2.02595,1.22305,new_york,2024
XAUUSD,1,2024-10-17 07:00:00,2024-10-17 17:00:00,2676.77,2692.62264,2668.84368,2692.62264,1.0308,158.5,163.41,163.01,10,take_profit,18.79642,5.28421,1.77245,3.24362,london,2024
XAUUSD,-1,2024-10-17 21:00:00,2024-10-18 04:00:00,2692.03,2702.25579,2702.25579,2671.57842,0.815,-102.3,-83.34,-83.74,6,stop_loss,22.34251,6.81719,2.42096,3.02667,new_york,2024
XAUUSD,1,2024-10-18 13:00:00,2024-10-18 23:00:00,2711.43,2721.91,2702.6843,2728.9214,0.9433,104.8,98.86,98.46,10,time_exit,32.17516,5.83047,4.04062,4.52985,london,2024
XAUUSD,-1,2024-10-21 20:00:00,2024-10-22 07:00:00,2723.56,2733.65233,2733.65233,2703.37534,0.8272,-100.9,-83.48,-83.88,10,stop_loss,31.1452,6.72822,1.31389,5.4761,new_york,2024
XAUUSD,-1,2024-10-22 13:00:00,2024-10-22 16:00:00,2731.54,2739.98153,2739.98153,2714.65695,0.979,-84.4,-82.64,-83.04,3,stop_loss,21.48761,5.62768,1.85712,6.37522,london,2024
XAUUSD,1,2024-10-23 22:00:00,2024-10-24 09:00:00,2714.15,2735.77633,2703.33684,2735.77633,0.7566,216.3,163.62,163.22,10,take_profit,34.62727,7.20878,-2.75498,4.66992,,2024
XAUUSD,-1,2024-10-24 22:00:00,2024-10-25 09:00:00,2735.62,2732.24,2745.14404,2716.57193,0.8762,33.8,29.62,29.22,10,time_exit,20.62175,6.34936,0.53353,4.06202,,2024
XAUUSD,-1,2024-10-30 04:00:00,2024-10-30 09:00:00,2778.1,2786.43516,2786.43516,2761.42967,1.0046,-83.4,-83.74,-84.14,5,stop_loss,35.39627,5.55678,4.51884,4.6569,,2024
XAUUSD,-1,2024-11-01 23:00:00,2024-11-04 09:00:00,2734.18,2744.62427,2744.62427,2713.29146,0.7937,-104.4,-82.9,-83.3,9,stop_loss,28.70918,6.96285,-3.02678,1.55748,,2024
XAUUSD,1,2024-11-04 18:00:00,2024-11-05 04:00:00,2738.56,2728.25746,2728.25746,2759.16507,0.7965,-103.0,-82.06,-82.46,9,stop_loss,19.19036,6.86836,-1.31955,0.57152,new_york,2024
XAUUSD,1,2024-11-05 04:00:00,2024-11-05 14:00:00,2734.22,2738.02,2726.55175,2749.5565,1.0594,38.0,40.26,39.86,10,time_exit,12.16943,5.11217,-1.96463,0.22507,,2024
XAUUSD,-1,2024-11-07 01:00:00,2024-11-07 11:00:00,2659.17,2661.75,2677.14101,2623.22798,0.4543,-25.8,-11.72,-12.12,10,time_exit,55.41818,11.98067,-4.54994,-1.70531,,2024
XAUUSD,1,2024-11-11 03:00:00,2024-11-11 04:00:00,2684.01,2673.65124,2673.65124,2704.72753,0.7869,-103.6,-81.51,-81.91,1,stop_loss,12.43217,6.90584,-0.99904,-3.49628,,2024
XAUUSD,-1,2024-11-11 06:00:00,2024-11-11 15:00:00,2670.27,2648.70324,2681.05338,2648.70324,0.7484,215.7,161.41,161.01,9,take_profit,17.6518,7.18892,-2.56864,-3.48278,,2024
XAUUSD,1,2024-11-12 19:00:00,2024-11-13 06:00:00,2600.82,2606.25,2588.09302,2626.27396,0.6467,54.3,35.12,34.72,10,time_exit,46.91948,8.48465,-3.97349,-6.13722,new_york,2024
XAUUSD,1,2024-11-14 04:00:00,2024-11-14 11:00:00,2562.62,2550.3948,2550.3948,2587.07041,0.6761,-122.3,-82.65,-83.05,7,stop_loss,30.23022,8.15014,-5.19903,-7.04778,,2024
XAUUSD,1,2024-11-19 04:00:00,2024-11-19 11:00:00,2615.71,2633.74652,2606.69174,2633.74652,0.9073,180.4,163.65,163.25,7,take_profit,47.63478,6.01217,4.054,-5.00933,,2024
XAUUSD,-1,2024-11-19 14:00:00,2024-11-19 15:00:00,2629.59,2638.98237,2638.98237,2610.80525,0.8886,-93.9,-83.46,-83.86,1,stop_loss,56.47206,6.26158,4.26948,-3.04253,london,2024
XAUUSD,1,2024-11-20 17:00:00,2024-11-21 04:00:00,2643.22,2653.75,2633.57405,2662.5119,0.8565,105.3,90.19,89.79,10,time_exit,33.91969,6.43063,3.34783,-0.39111,new_york,2024
XAUUSD,1,2024-11-22 05:00:00,2024-11-22 11:00:00,2686.08,2704.23265,2677.00368,2704.23265,0.9202,181.5,167.04,166.64,6,take_profit,36.72619,6.05088,5.19861,3.15602,,2024
XAUUSD,1,2024-11-25 04:00:00,2024-11-25 05:00:00,2701.28,2686.9069,2686.9069,2730.02619,0.5927,-143.7,-85.19,-85.59,1,stop_loss,36.09604,9.58206,1.88809,3.59954,,2024
XAUUSD,-1,2024-11-25 09:00:00,2024-11-25 13:00:00,2667.0,2684.77781,2684.77781,2631.44439,0.4743,-177.8,-84.32,-84.72,4,stop_loss,39.29181,11.85187,-1.22291,2.6628,london,2024
XAUUSD,1,2024-11-25 14:00:00,2024-11-25 16:00:00,2686.88,2670.75746,2670.75746,2719.12508,0.5178,-161.2,-83.48,-83.88,2,stop_loss,38.48683,10.74836,0.5925,2.72738,london,2024
XAUUSD,1,2024-11-27 22:00:00,2024-11-28 03:00:00,2634.78,2623.63393,2623.63393,2657.07214,0.7414,-111.5,-82.64,-83.04,4,stop_loss,22.31347,7.43071,-1.06648,-0.2488,,2024
XAUUSD,-1,2024-11-28 17:00:00,2024-11-29 04:00:00,2641.34,2650.49714,2650.49714,2623.02573,0.8934,-91.6,-81.81,-82.21,8,stop_loss,19.65048,6.10476,0.04801,-0.42294,new_york,2024
XAUUSD,-1,2024-11-29 20:00:00,2024-12-02 02:00:00,2660.58,2641.33162,2670.20419,2641.33162,0.8415,192.5,161.98,161.58,3,take_profit,19.04087,6.41613,1.66458,0.63506,new_york,2024
XAUUSD,1,2024-12-02 13:00:00,2024-12-02 23:00:00,2635.92,2638.62,2624.56606,2658.62787,0.7275,27.0,19.64,19.24,10,time_exit,33.56358,7.56929,-0.93373,-0.17619,london,2024
XAUUSD,-1,2024-12-04 21:00:00,2024-12-05 08:00:00,2649.09,2646.98,2658.98196,2629.30607,0.837,21.1,17.66,17.26,10,time_exit,11.20675,6.59464,0.63014,0.10062,new_york,2024
XAUUSD,1,2024-12-05 23:00:00,2024-12-06 03:00:00,2631.35,2621.27997,2621.27997,2651.49005,0.8239,-100.7,-82.97,-83.37,3,stop_loss,19.34792,6.71335,-1.82071,-0.09492,,2024
XAUUSD,1,2024-12-06 17:00:00,2024-12-09 04:00:00,2635.62,2646.17,2623.85259,2659.15481,0.698,105.5,73.64,73.24,10,time_exit,18.6965,7.84494,-0.54752,-0.38,new_york,2024
XAUUSD,1,2024-12-09 16:00:00,2024-12-10 03:00:00,2665.58,2667.42,2654.15818,2688.42364,0.7255,18.4,13.35,12.95,10,time_exit,21.21057,7.61455,2.90829,0.0285,new_york,2024
XAUUSD,1,2024-12-10 19:00:00,2024-12-11 06:00:00,2692.34,2684.86,2681.87687,2713.26626,0.7932,-74.8,-59.33,-59.73,10,time_exit,36.85363,6.97542,4.33728,1.8085,new_york,2024
XAUUSD,-1,2024-12-12 12:00:00,2024-12-12 16:00:00,2714.67,2693.40095,2725.30452,2693.40095,0.7748,212.7,164.79,164.39,4,take_profit,24.46465,7.08968,2.25239,4.3913,london,2024
XAUUSD,-1,2024-12-12 17:00:00,2024-12-13 04:00:00,2686.54,2686.67,2698.86819,2661.88363,0.6817,-1.3,-0.89,-1.29,10,time_exit,22.95582,8.21879,-1.55088,3.6566,new_york,2024
XAUUSD,1,2024-12-13 06:00:00,2024-12-13 10:00:00,2688.18,2678.17632,2678.17632,2708.18735,0.84,-100.0,-84.03,-84.43,4,stop_loss,29.95926,6.66912,-0.80795,3.39365,,2024
XAUUSD,1,2024-12-16 01:00:00,2024-12-16 11:00:00,2652.63,2658.2,2642.79515,2672.2997,0.8458,55.7,47.11,46.71,10,time_exit,41.33599,6.55657,-4.5335,1.27543,,2024
XAUUSD,1,2024-12-17 07:00:00,2024-12-17 10:00:00,2651.71,2644.67448,2644.67448,2665.78103,1.189,-70.4,-83.65,-84.05,3,stop_loss,21.15181,4.69034,-2.22501,-0.87719,london,2024
XAUUSD,-1,2024-12-18 11:00:00,2024-12-18 21:00:00,2647.96,2632.94109,2655.46946,2632.94109,1.1028,150.2,165.63,165.23,10,take_profit,14.92688,5.0063,-0.6217,-2.03046,london,2024
XAUUSD,1,2024-12-20 05:00:00,2024-12-20 15:00:00,2597.14,2609.61,2585.74742,2619.92516,0.7414,124.7,92.45,92.05,10,time_exit,20.6278,7.59505,-2.36216,-3.86877,,2024
XAUUSD,-1,2024-12-20 18:00:00,2024-12-23 05:00:00,2630.42,2624.1,2641.19473,2608.87055,0.7925,63.2,50.09,49.69,10,time_exit,16.96277,7.18315,2.54785,-3.86962,new_york,2024
XAUUSD,-1,2024-12-24 15:00:00,2024-12-26 02:00:00,2613.8,2620.25983,2620.25983,2600.88033,1.3295,-64.6,-85.88,-86.28,7,stop_loss,13.45296,4.30656,-0.70337,-3.65706,london,2024
XAUUSD,-1,2024-12-26 08:00:00,2024-12-26 17:00:00,2626.37,2632.48817,2632.48817,2614.13367,1.3896,-61.2,-85.02,-85.42,9,stop_loss,26.43383,4.07878,1.91738,-3.08543,london,2024
XAUUSD,1,2024-12-27 09:00:00,2024-12-27 10:00:00,2634.59,2628.28601,2628.28601,2647.19797,1.3351,-63.0,-84.16,-84.56,1,stop_loss,20.15253,4.20266,1.91086,-1.08567,london,2024
XAUUSD,1,2024-12-30 04:00:00,2024-12-30 09:00:00,2624.22,2616.40156,2616.40156,2639.85689,1.0657,-78.2,-83.32,-83.72,5,stop_loss,22.8099,5.2123,0.02014,-1.0616,,2024
XAUUSD,-1,2024-12-31 10:00:00,2024-12-31 17:00:00,2613.87,2621.70169,2621.70169,2598.20661,1.0532,-78.3,-82.48,-82.88,7,stop_loss,23.36424,5.22113,-0.07925,-2.0393,london,2024
