symbol,direction,entry_dt,exit_dt,entry,exit,stop_loss,take_profit,size,pnl_pips,pnl_gross,pnl,bars_held,exit_reason,adx_entry,atr_entry,ema_distance,trend_gap,session,year
EURUSD,1,2019-01-14 17:00:00,2019-01-15 03:00:00,1.14655,1.14847,1.14438,1.1509,0.46,19.2,88.32,88.32,10,time_exit,29.20418,0.00145,-1.39491,1.00422,new_york,2019
EURUSD,-1,2019-01-15 03:00:00,2019-01-15 11:00:00,1.14768,1.14439,1.14933,1.14439,0.6124,32.9,201.77,201.76,8,take_profit,23.40646,0.0011,-0.38596,0.88962,,2019
EURUSD,1,2019-01-15 18:00:00,2019-01-15 19:00:00,1.14391,1.14151,1.14151,1.1487,0.4296,-24.0,-102.89,-102.89,1,stop_loss,30.20886,0.0016,-1.90864,0.00982,new_york,2019
EURUSD,1,2019-01-15 23:00:00,2019-01-16 09:00:00,1.14134,1.13938,1.13864,1.14675,0.3767,-19.6,-73.83,-73.84,10,time_exit,34.98089,0.0018,-2.38933,-0.52219,,2019
EURUSD,1,2019-01-17 10:00:00,2019-01-17 17:00:00,1.13879,1.13711,1.13711,1.14216,0.6005,-16.8,-101.14,-101.14,7,stop_loss,24.40572,0.00112,-2.03061,-3.10715,london,2019
EURUSD,1,2019-01-21 00:00:00,2019-01-21 09:00:00,1.136,1.13911,1.13444,1.13911,0.6432,31.1,200.23,200.23,9,take_profit,28.59015,0.00104,-2.57926,-3.56268,,2019
EURUSD,1,2019-01-21 12:00:00,2019-01-21 15:00:00,1.13714,1.13576,1.13576,1.13989,0.7415,-13.8,-102.13,-102.13,3,stop_loss,19.60258,0.00092,-1.42914,-3.99979,london,2019
EURUSD,1,2019-01-23 00:00:00,2019-01-23 10:00:00,1.13588,1.13622,1.13447,1.1387,0.7165,3.4,24.36,24.36,10,time_exit,21.2977,0.00094,-0.77635,-3.88413,,2019
EURUSD,-1,2019-01-23 16:00:00,2019-01-23 17:00:00,1.13546,1.1368,1.1368,1.13278,0.7575,-13.4,-101.35,-101.35,1,stop_loss,15.42167,0.00089,-1.1956,-3.62835,new_york,2019
EURUSD,-1,2019-01-24 21:00:00,2019-01-25 07:00:00,1.13039,1.13222,1.13325,1.12466,0.3505,-18.3,-64.14,-64.14,10,time_exit,27.59947,0.00191,-3.00618,-1.47198,new_york,2019
EURUSD,1,2019-01-25 10:00:00,2019-01-25 16:00:00,1.13242,1.13651,1.13038,1.13651,0.4879,40.9,199.37,199.37,6,take_profit,22.77076,0.00136,-1.34864,-2.76872,london,2019
EURUSD,1,2019-01-28 04:00:00,2019-01-28 10:00:00,1.14149,1.13956,1.13956,1.14535,0.5266,-19.3,-101.69,-101.69,6,stop_loss,37.77241,0.00129,3.72086,-1.09719,,2019
EURUSD,-1,2019-01-28 10:00:00,2019-01-28 15:00:00,1.14063,1.14237,1.14237,1.13715,0.578,-17.4,-100.68,-100.68,5,stop_loss,37.50041,0.00116,2.53345,-0.53409,london,2019
EURUSD,1,2019-01-28 19:00:00,2019-01-29 05:00:00,1.14372,1.14296,1.14175,1.14767,0.505,-7.6,-38.38,-38.38,10,time_exit,31.58918,0.00132,3.62347,0.26805,new_york,2019
EURUSD,1,2019-01-30 12:00:00,2019-01-30 16:00:00,1.14303,1.14145,1.14145,1.14618,0.63,-15.8,-99.27,-99.27,4,stop_loss,27.01156,0.00105,0.56487,2.17589,london,2019
EURUSD,1,2019-01-31 01:00:00,2019-01-31 11:00:00,1.14805,1.14844,1.14573,1.15268,0.4243,3.9,16.55,16.55,10,time_exit,31.83213,0.00154,3.09743,1.6934,,2019
EURUSD,-1,2019-01-31 13:00:00,2019-01-31 19:00:00,1.14766,1.14362,1.14968,1.14362,0.4879,40.4,196.89,196.89,6,take_profit,42.33646,0.00135,1.55166,2.93832,london,2019
EURUSD,1,2019-02-01 00:00:00,2019-02-01 10:00:00,1.14458,1.14483,1.14262,1.14851,0.5113,2.5,12.78,12.78,10,time_exit,32.07612,0.00131,-0.81712,2.81352,,2019
EURUSD,1,2019-02-04 09:00:00,2019-02-04 16:00:00,1.14443,1.14309,1.14309,1.14712,0.7488,-13.4,-100.54,-100.55,7,stop_loss,15.4243,0.0009,-1.29327,2.80149,london,2019
EURUSD,-1,2019-02-05 07:00:00,2019-02-05 17:00:00,1.14322,1.141,1.14433,1.141,0.8949,22.2,199.07,199.07,10,take_profit,22.48519,0.00074,-1.73175,1.71725,london,2019
EURUSD,1,2019-02-11 06:00:00,2019-02-11 10:00:00,1.13204,1.13094,1.13094,1.13423,0.9258,-11.0,-101.53,-101.53,4,stop_loss,32.97588,0.00073,-3.00641,-6.08011,,2019
EURUSD,1,2019-02-11 20:00:00,2019-02-12 06:00:00,1.12705,1.12761,1.12532,1.1305,0.5819,5.6,32.59,32.58,10,time_exit,33.84056,0.00115,-4.72749,-4.43075,new_york,2019
EURUSD,1,2019-02-13 04:00:00,2019-02-13 09:00:00,1.1335,1.13193,1.13193,1.13664,0.6431,-15.7,-100.85,-100.85,5,stop_loss,32.03192,0.00105,2.4434,-4.30455,,2019
EURUSD,-1,2019-02-13 16:00:00,2019-02-14 00:00:00,1.12914,1.12544,1.13099,1.12544,0.5392,37.0,199.68,199.68,8,take_profit,23.24017,0.00123,-1.88439,-2.95388,new_york,2019
EURUSD,1,2019-02-15 15:00:00,2019-02-15 20:00:00,1.12628,1.12964,1.1246,1.12964,0.607,33.6,203.66,203.66,5,take_profit,14.94146,0.00112,-2.15457,-3.39261,london,2019
EURUSD,1,2019-02-15 23:00:00,2019-02-18 09:00:00,1.12991,1.13072,1.12775,1.13423,0.4803,8.1,38.9,38.9,10,time_exit,17.20649,0.00144,0.997,-2.5322,,2019
EURUSD,-1,2019-02-18 22:00:00,2019-02-19 08:00:00,1.1312,1.12961,1.13275,1.1281,0.6717,15.9,106.8,106.8,10,time_exit,14.23504,0.00103,1.00912,-1.71477,,2019
EURUSD,1,2019-02-19 09:00:00,2019-02-19 10:00:00,1.12961,1.13203,1.1284,1.13203,0.8713,24.2,210.65,210.65,1,take_profit,13.9902,0.00081,-0.75577,-1.92421,london,2019
EURUSD,1,2019-02-19 22:00:00,2019-02-20 08:00:00,1.13402,1.13338,1.13169,1.13869,0.4605,-6.4,-29.47,-29.47,10,time_exit,22.83375,0.00156,2.01364,-0.55145,,2019
EURUSD,1,2019-02-21 04:00:00,2019-02-21 14:00:00,1.13345,1.13517,1.13165,1.13705,0.5948,17.2,102.31,102.3,10,time_exit,15.24197,0.0012,0.0146,0.79741,,2019
EURUSD,1,2019-02-22 12:00:00,2019-02-22 15:00:00,1.13397,1.13247,1.13247,1.13697,0.7205,-15.0,-108.16,-108.16,3,stop_loss,9.13362,0.001,0.1073,0.97589,london,2019
EURUSD,1,2019-02-22 16:00:00,2019-02-25 02:00:00,1.13363,1.13479,1.13199,1.13691,0.6528,11.6,75.72,75.72,10,time_exit,10.23342,0.00109,-0.19771,0.82654,new_york,2019
EURUSD,1,2019-02-25 09:00:00,2019-02-25 19:00:00,1.13484,1.13478,1.13348,1.13756,0.7921,-0.6,-4.75,-4.75,10,time_exit,9.01797,0.00091,0.95658,0.94007,london,2019
EURUSD,-1,2019-02-26 08:00:00,2019-02-26 15:00:00,1.1359,1.13721,1.13721,1.13328,0.8243,-13.1,-107.79,-107.79,7,stop_loss,8.22636,0.00087,0.98656,1.59698,london,2019
EURUSD,1,2019-02-27 21:00:00,2019-02-28 07:00:00,1.13755,1.13757,1.13576,1.14114,0.595,0.2,1.19,1.19,10,time_exit,14.62577,0.0012,0.19023,1.9906,new_york,2019
EURUSD,1,2019-03-01 10:00:00,2019-03-01 11:00:00,1.13723,1.13579,1.13579,1.14012,0.7386,-14.4,-106.73,-106.73,1,stop_loss,19.26783,0.00096,-0.401,1.85489,london,2019
EURUSD,1,2019-03-01 21:00:00,2019-03-04 07:00:00,1.13635,1.13625,1.1345,1.14004,0.5722,-1.0,-5.72,-5.72,10,time_exit,15.77223,0.00123,-1.00604,1.28482,new_york,2019
EURUSD,-1,2019-03-04 10:00:00,2019-03-04 13:00:00,1.1358,1.13288,1.13726,1.13288,0.7238,29.2,211.19,211.19,3,take_profit,11.11576,0.00097,-1.41815,1.13177,london,2019
EURUSD,-1,2019-03-04 21:00:00,2019-03-05 07:00:00,1.13296,1.13289,1.13469,1.1295,0.6234,0.7,4.36,4.36,10,time_exit,27.77834,0.00115,-2.46949,0.00782,new_york,2019
EURUSD,1,2019-03-06 01:00:00,2019-03-06 11:00:00,1.12992,1.13011,1.12826,1.13323,0.6505,1.9,12.36,12.36,10,time_exit,24.38801,0.0011,-3.00699,-1.56106,,2019
EURUSD,-1,2019-03-07 04:00:00,2019-03-07 14:00:00,1.13084,1.1282,1.13216,1.1282,0.8165,26.4,215.75,215.75,10,take_profit,20.90984,0.00088,-0.75157,-2.69242,,2019
EURUSD,-1,2019-03-08 02:00:00,2019-03-08 12:00:00,1.11981,1.12197,1.12197,1.11549,0.5093,-21.6,-110.04,-110.04,10,stop_loss,49.34726,0.00144,-5.36655,-3.27369,,2019
EURUSD,1,2019-03-12 00:00:00,2019-03-12 10:00:00,1.12447,1.12662,1.12282,1.12778,0.6587,21.5,141.62,141.62,10,time_exit,17.98641,0.0011,0.29182,-4.30656,,2019
EURUSD,-1,2019-03-12 15:00:00,2019-03-12 16:00:00,1.12537,1.12711,1.12711,1.12189,0.6349,-17.4,-110.34,-110.34,1,stop_loss,31.67648,0.00116,0.26773,-2.94817,london,2019
EURUSD,1,2019-03-14 06:00:00,2019-03-14 13:00:00,1.13268,1.13108,1.13108,1.13587,0.6844,-16.0,-109.25,-109.26,7,stop_loss,38.52169,0.00106,2.95496,0.481,,2019
EURUSD,-1,2019-03-15 11:00:00,2019-03-15 16:00:00,1.13258,1.1301,1.13382,1.1301,0.8714,24.8,216.3,216.3,5,take_profit,17.58626,0.00083,2.32585,1.30844,london,2019
EURUSD,1,2019-03-18 00:00:00,2019-03-18 10:00:00,1.13201,1.13498,1.13036,1.13531,0.6676,29.7,198.28,198.28,10,time_exit,16.94769,0.0011,1.12274,1.26886,,2019
EURUSD,-1,2019-03-18 21:00:00,2019-03-18 23:00:00,1.13276,1.13423,1.13423,1.12982,0.7638,-14.7,-112.3,-112.31,2,stop_loss,25.98475,0.00098,0.03364,2.16838,new_york,2019
EURUSD,1,2019-03-20 13:00:00,2019-03-20 21:00:00,1.13492,1.13736,1.1337,1.13736,0.9104,24.4,222.34,222.34,8,take_profit,14.97081,0.00081,0.65908,2.97042,london,2019
EURUSD,-1,2019-03-21 02:00:00,2019-03-21 12:00:00,1.14212,1.14061,1.14445,1.13746,0.4863,15.1,73.43,73.43,10,time_exit,28.24425,0.00155,3.84874,2.18045,,2019
EURUSD,1,2019-03-22 02:00:00,2019-03-22 11:00:00,1.13764,1.13556,1.13556,1.1418,0.5489,-20.8,-114.13,-114.13,9,stop_loss,27.00175,0.00139,-0.10139,2.62359,,2019
EURUSD,-1,2019-03-22 14:00:00,2019-03-25 00:00:00,1.13092,1.12939,1.13358,1.1256,0.4244,15.3,64.93,64.93,10,time_exit,27.50925,0.00177,-3.39175,1.46992,london,2019
EURUSD,1,2019-03-26 02:00:00,2019-03-26 12:00:00,1.13145,1.13172,1.12985,1.13464,0.7124,2.7,19.23,19.23,10,time_exit,16.01375,0.00106,-0.72796,-0.89168,,2019
EURUSD,-1,2019-03-26 13:00:00,2019-03-26 15:00:00,1.1317,1.129,1.13305,1.129,0.8443,27.0,227.67,227.67,2,take_profit,13.31415,0.0009,-0.19267,-1.20772,london,2019
EURUSD,-1,2019-03-27 05:00:00,2019-03-27 11:00:00,1.12556,1.12724,1.12724,1.12219,0.6892,-16.8,-116.11,-116.12,6,stop_loss,26.63998,0.00112,-3.96998,-1.99598,,2019
EURUSD,-1,2019-03-28 06:00:00,2019-03-28 16:00:00,1.12552,1.12198,1.12729,1.12198,0.6493,35.4,229.92,229.92,10,take_profit,25.19183,0.00118,-1.51345,-2.9948,,2019
EURUSD,1,2019-04-02 09:00:00,2019-04-02 10:00:00,1.12077,1.11949,1.11949,1.12333,0.9153,-12.8,-117.25,-117.25,1,stop_loss,25.13935,0.00085,-1.63111,-4.98916,london,2019
EURUSD,-1,2019-04-03 20:00:00,2019-04-04 06:00:00,1.12443,1.12421,1.12611,1.12107,0.6908,2.2,15.2,15.2,10,time_exit,36.77452,0.00112,1.98397,-2.52669,new_york,2019
EURUSD,-1,2019-04-05 20:00:00,2019-04-08 06:00:00,1.12147,1.12284,1.12284,1.11874,0.8504,-13.7,-116.23,-116.23,10,stop_loss,19.40401,0.00091,-1.23941,-1.76572,new_york,2019
EURUSD,-1,2019-04-09 01:00:00,2019-04-09 11:00:00,1.12605,1.12727,1.12727,1.12361,0.9422,-12.2,-115.07,-115.07,10,stop_loss,40.8753,0.00081,2.6678,-0.33763,,2019
EURUSD,1,2019-04-11 03:00:00,2019-04-11 13:00:00,1.1276,1.12837,1.12616,1.13047,0.7933,7.7,61.08,61.08,10,time_exit,17.6463,0.00096,1.2193,1.29759,,2019
EURUSD,-1,2019-04-12 19:00:00,2019-04-15 05:00:00,1.13044,1.13137,1.13215,1.12702,0.6691,-9.3,-62.23,-62.23,10,time_exit,35.55045,0.00114,1.90666,1.81127,new_york,2019
EURUSD,1,2019-04-15 18:00:00,2019-04-16 04:00:00,1.13082,1.12951,1.12951,1.13344,0.8702,-13.1,-113.9,-113.9,10,stop_loss,24.07435,0.00087,1.19703,3.04077,new_york,2019
EURUSD,-1,2019-04-16 15:00:00,2019-04-16 19:00:00,1.13094,1.12805,1.13238,1.12805,0.7814,28.9,225.52,225.52,4,take_profit,19.92416,0.00096,0.89152,2.44802,london,2019
EURUSD,-1,2019-04-17 20:00:00,2019-04-18 06:00:00,1.12962,1.12941,1.1311,1.12667,0.7788,2.1,16.35,16.35,10,time_exit,20.70887,0.00098,-0.34901,1.74937,new_york,2019
EURUSD,-1,2019-04-18 07:00:00,2019-04-18 10:00:00,1.12941,1.1273,1.13047,1.1273,1.0897,21.1,230.37,230.37,3,take_profit,17.3982,0.0007,-0.62567,2.07386,london,2019
EURUSD,1,2019-04-18 22:00:00,2019-04-19 08:00:00,1.12301,1.1243,1.12149,1.12606,0.771,12.9,99.46,99.46,10,time_exit,44.3563,0.00102,-4.69475,-0.20288,,2019
EURUSD,-1,2019-04-22 01:00:00,2019-04-22 11:00:00,1.12427,1.1246,1.125,1.1228,1.6122,-3.3,-53.2,-53.2,10,time_exit,27.98971,0.00049,-2.39568,-3.36814,,2019
EURUSD,-1,2019-04-22 21:00:00,2019-04-23 03:00:00,1.12611,1.12459,1.12687,1.12459,1.5502,15.2,235.9,235.9,6,take_profit,27.36869,0.00051,1.95496,-3.04236,new_york,2019
EURUSD,1,2019-04-25 07:00:00,2019-04-25 11:00:00,1.11566,1.11401,1.11401,1.11895,0.7303,-16.5,-120.31,-120.31,4,stop_loss,56.19434,0.0011,-3.78985,-3.87904,london,2019
EURUSD,-1,2019-04-25 20:00:00,2019-04-26 06:00:00,1.11368,1.11359,1.11561,1.10982,0.6176,0.9,5.56,5.56,10,time_exit,50.69033,0.00129,-3.00594,-4.16647,new_york,2019
EURUSD,1,2019-04-26 11:00:00,2019-04-26 15:00:00,1.11409,1.11268,1.11268,1.11691,0.8443,-14.1,-119.17,-119.17,4,stop_loss,36.8765,0.00094,-1.77765,-6.18835,london,2019
EURUSD,-1,2019-05-01 08:00:00,2019-05-01 10:00:00,1.12175,1.12284,1.12284,1.11957,1.084,-10.9,-117.97,-117.98,2,stop_loss,32.55632,0.00073,3.01116,-0.64159,london,2019
EURUSD,-1,2019-05-01 11:00:00,2019-05-01 12:00:00,1.12273,1.12383,1.12383,1.12053,1.061,-11.0,-116.79,-116.79,1,stop_loss,31.55493,0.00073,3.93435,-0.3258,london,2019
EURUSD,1,2019-05-02 06:00:00,2019-05-02 16:00:00,1.12015,1.11863,1.11863,1.12319,0.7603,-15.2,-115.62,-115.62,10,stop_loss,29.56737,0.00101,-0.64429,0.40747,,2019
EURUSD,-1,2019-05-03 01:00:00,2019-05-03 11:00:00,1.11721,1.11652,1.1187,1.11424,0.7703,6.9,53.15,53.15,10,time_exit,31.78288,0.00099,-2.6097,-0.39932,,2019
EURUSD,-1,2019-05-06 03:00:00,2019-05-06 13:00:00,1.11847,1.11978,1.12056,1.11428,0.5493,-13.1,-71.96,-71.96,10,time_exit,30.15785,0.0014,-0.05802,-0.74906,,2019
EURUSD,-1,2019-05-07 02:00:00,2019-05-07 07:00:00,1.11983,1.12125,1.12125,1.11699,0.8039,-14.2,-114.28,-114.28,5,stop_loss,12.28191,0.00095,0.73702,-0.45639,,2019
EURUSD,1,2019-05-07 16:00:00,2019-05-07 19:00:00,1.11836,1.11683,1.11683,1.12142,0.7395,-15.3,-113.13,-113.14,3,stop_loss,12.92178,0.00102,-1.14712,-0.11976,new_york,2019
EURUSD,-1,2019-05-08 16:00:00,2019-05-08 18:00:00,1.11986,1.12137,1.12137,1.11684,0.7422,-15.1,-112.0,-112.0,2,stop_loss,11.25637,0.00101,0.26553,-0.0083,new_york,2019
EURUSD,-1,2019-05-13 00:00:00,2019-05-13 10:00:00,1.12298,1.12298,1.12446,1.12003,0.7516,-0.0,-0.0,-0.0,10,time_exit,15.28757,0.00098,1.32661,1.62957,,2019
EURUSD,-1,2019-05-13 11:00:00,2019-05-13 12:00:00,1.12298,1.12415,1.12415,1.12065,0.9505,-11.7,-110.88,-110.88,1,stop_loss,10.66067,0.00078,0.6296,2.20313,london,2019
EURUSD,-1,2019-05-13 22:00:00,2019-05-14 08:00:00,1.12317,1.12379,1.12472,1.12006,0.707,-6.2,-43.83,-43.84,10,time_exit,11.36303,0.00104,0.18824,1.80602,,2019
EURUSD,1,2019-05-14 09:00:00,2019-05-14 13:00:00,1.12379,1.12265,1.12265,1.12607,0.9572,-11.4,-109.34,-109.34,4,stop_loss,9.70072,0.00076,0.90299,2.33207,london,2019
EURUSD,1,2019-05-14 20:00:00,2019-05-15 06:00:00,1.12099,1.12085,1.1195,1.12396,0.7279,-1.4,-10.19,-10.19,10,time_exit,25.50906,0.00099,-1.82161,1.38172,new_york,2019
EURUSD,1,2019-05-17 11:00:00,2019-05-17 12:00:00,1.11772,1.11662,1.11662,1.11991,0.9862,-11.0,-108.14,-108.14,1,stop_loss,34.05514,0.00073,-2.03571,-1.80504,london,2019
EURUSD,-1,2019-05-17 15:00:00,2019-05-20 01:00:00,1.11668,1.11631,1.11795,1.11414,0.8444,3.7,31.24,31.24,10,time_exit,38.70381,0.00085,-2.55822,-1.80966,london,2019
EURUSD,-1,2019-05-20 01:00:00,2019-05-20 11:00:00,1.11609,1.11552,1.11735,1.11358,0.8541,5.7,48.68,48.68,10,time_exit,38.64355,0.00084,-2.31596,-2.34455,,2019
EURUSD,1,2019-05-21 01:00:00,2019-05-21 08:00:00,1.11673,1.11575,1.11575,1.1187,1.0962,-9.8,-107.86,-107.86,7,stop_loss,19.16864,0.00066,-0.39489,-3.42551,,2019
EURUSD,-1,2019-05-21 18:00:00,2019-05-22 04:00:00,1.11799,1.11647,1.11951,1.11494,0.7005,15.2,106.48,106.47,10,time_exit,21.5681,0.00102,1.59689,-2.26335,new_york,2019
EURUSD,1,2019-05-22 14:00:00,2019-05-22 17:00:00,1.1169,1.11568,1.11568,1.11935,0.881,-12.2,-107.85,-107.85,3,stop_loss,20.80928,0.00082,0.87988,-2.45101,london,2019
EURUSD,-1,2019-05-24 10:00:00,2019-05-24 17:00:00,1.11956,1.1209,1.1209,1.11688,0.7961,-13.4,-106.77,-106.77,7,stop_loss,15.6753,0.00089,3.2779,-0.97431,london,2019
EURUSD,1,2019-05-27 18:00:00,2019-05-28 04:00:00,1.11922,1.11819,1.11819,1.12128,1.0244,-10.3,-105.7,-105.7,10,stop_loss,22.92582,0.00069,0.15557,1.2951,new_york,2019
EURUSD,1,2019-05-28 08:00:00,2019-05-28 12:00:00,1.11819,1.11977,1.1174,1.11977,1.3228,15.8,209.28,209.28,4,take_profit,21.54194,0.00053,-1.50693,1.34258,london,2019
EURUSD,-1,2019-05-29 20:00:00,2019-05-30 06:00:00,1.11338,1.11383,1.11472,1.1107,0.7951,-4.5,-35.78,-35.78,10,time_exit,45.76128,0.00089,-3.79933,-1.10134,new_york,2019
EURUSD,-1,2019-05-30 16:00:00,2019-05-31 02:00:00,1.11314,1.11296,1.11427,1.11087,0.938,1.8,16.88,16.88,10,time_exit,46.61492,0.00076,-2.51377,-2.61053,new_york,2019
EURUSD,1,2019-05-31 10:00:00,2019-05-31 12:00:00,1.11347,1.11548,1.11247,1.11548,1.0616,20.1,213.1,213.09,2,take_profit,29.04434,0.00067,-0.97976,-3.40263,london,2019
EURUSD,1,2019-06-03 05:00:00,2019-06-03 09:00:00,1.11846,1.11692,1.11692,1.12154,0.7068,-15.4,-108.67,-108.67,4,stop_loss,40.0226,0.00103,3.07828,-1.0208,,2019
EURUSD,1,2019-06-03 15:00:00,2019-06-03 19:00:00,1.11808,1.12128,1.11648,1.12128,0.6717,32.0,215.18,215.18,4,take_profit,32.49295,0.00107,1.83538,-0.34405,london,2019
EURUSD,1,2019-06-04 10:00:00,2019-06-04 11:00:00,1.12643,1.12472,1.12472,1.12985,0.6409,-17.1,-109.74,-109.74,1,stop_loss,54.15547,0.00114,5.30056,2.29334,london,2019
EURUSD,1,2019-06-04 13:00:00,2019-06-04 16:00:00,1.12482,1.12296,1.12296,1.12853,0.5856,-18.6,-108.64,-108.64,3,stop_loss,51.46402,0.00124,3.13505,2.38412,london,2019
EURUSD,-1,2019-06-05 21:00:00,2019-06-06 07:00:00,1.12333,1.12327,1.12565,1.11869,0.4633,0.6,2.78,2.78,10,time_exit,31.9445,0.00155,-0.71197,2.80149,new_york,2019
EURUSD,1,2019-06-07 13:00:00,2019-06-07 15:00:00,1.12565,1.12898,1.12399,1.12898,0.6471,33.3,215.18,215.18,2,take_profit,15.47144,0.00111,-0.10919,3.47969,london,2019
EURUSD,-1,2019-06-07 16:00:00,2019-06-07 17:00:00,1.1317,1.1339,1.1339,1.12731,0.4998,-22.0,-109.74,-109.75,1,stop_loss,16.91013,0.00146,3.8396,2.70869,new_york,2019
EURUSD,-1,2019-06-10 10:00:00,2019-06-10 20:00:00,1.13114,1.1314,1.1328,1.12782,0.6539,-2.6,-17.0,-17.0,10,time_exit,22.44699,0.00111,1.77137,4.86188,london,2019
EURUSD,-1,2019-06-11 04:00:00,2019-06-11 10:00:00,1.13148,1.13299,1.13299,1.12846,0.7187,-15.1,-108.48,-108.48,6,stop_loss,9.73423,0.00101,1.31983,5.14858,,2019
EURUSD,-1,2019-06-11 15:00:00,2019-06-11 19:00:00,1.13103,1.13259,1.13259,1.12792,0.69,-15.6,-107.39,-107.39,4,stop_loss,10.90129,0.00104,0.36965,4.80967,london,2019
EURUSD,-1,2019-06-12 13:00:00,2019-06-12 19:00:00,1.13291,1.13036,1.13419,1.13036,0.8327,25.5,212.63,212.62,6,take_profit,24.99494,0.00085,1.05185,5.7842,london,2019
EURUSD,1,2019-06-13 00:00:00,2019-06-13 10:00:00,1.12868,1.12954,1.12703,1.13198,0.6573,8.6,56.53,56.53,10,time_exit,21.64027,0.0011,-2.4676,3.62419,,2019
EURUSD,1,2019-06-13 11:00:00,2019-06-13 15:00:00,1.12954,1.12822,1.12822,1.13218,0.8262,-13.2,-109.0,-109.0,4,stop_loss,20.30993,0.00088,-1.34285,3.49656,london,2019
EURUSD,1,2019-06-13 20:00:00,2019-06-14 06:00:00,1.12763,1.1272,1.12615,1.13059,0.729,-4.3,-31.35,-31.35,10,time_exit,29.56412,0.00099,-2.3384,2.27561,new_york,2019
EURUSD,-1,2019-06-17 21:00:00,2019-06-18 07:00:00,1.1219,1.12332,1.12346,1.11879,0.6912,-14.2,-98.15,-98.15,10,time_exit,29.37591,0.00104,-2.07207,-2.06491,new_york,2019
EURUSD,1,2019-06-18 12:00:00,2019-06-18 22:00:00,1.11897,1.11944,1.11746,1.122,0.7044,4.7,33.11,33.1,10,time_exit,21.43196,0.00101,-4.31705,-2.30737,london,2019
EURUSD,-1,2019-06-20 05:00:00,2019-06-20 09:00:00,1.12632,1.12798,1.12798,1.123,0.6446,-16.6,-106.95,-106.95,4,stop_loss,34.46844,0.00111,4.04074,-2.00644,,2019
EURUSD,1,2019-06-24 03:00:00,2019-06-24 13:00:00,1.13852,1.13914,1.13647,1.14261,0.5173,6.2,32.07,32.07,10,time_exit,46.17313,0.00136,5.7269,2.91614,,2019
EURUSD,1,2019-06-24 23:00:00,2019-06-25 09:00:00,1.13955,1.14018,1.13788,1.1429,0.6346,6.3,39.98,39.98,10,time_exit,46.25697,0.00112,3.95108,5.6098,,2019
EURUSD,1,2019-06-25 11:00:00,2019-06-25 19:00:00,1.13886,1.13735,1.13735,1.14188,0.7054,-15.1,-106.59,-106.6,8,stop_loss,44.84032,0.00101,1.83759,6.80605,london,2019
EURUSD,1,2019-06-25 20:00:00,2019-06-26 06:00:00,1.13631,1.13558,1.13455,1.13984,0.5985,-7.3,-43.69,-43.69,10,time_exit,27.85035,0.00118,-0.92002,5.56171,new_york,2019
EURUSD,-1,2019-06-27 22:00:00,2019-06-28 08:00:00,1.13735,1.13635,1.13893,1.13419,0.6647,10.0,66.47,66.47,10,time_exit,11.26437,0.00105,0.47841,3.49823,,2019
EURUSD,-1,2019-06-28 21:00:00,2019-07-01 07:00:00,1.13689,1.13485,1.13865,1.13337,0.601,20.4,122.6,122.6,10,time_exit,17.12646,0.00117,-0.27464,2.7183,new_york,2019
EURUSD,-1,2019-07-01 16:00:00,2019-07-01 18:00:00,1.1346,1.13091,1.13644,1.13091,0.5806,36.9,213.97,213.97,2,take_profit,33.0363,0.00123,-1.00583,1.36083,new_york,2019
EURUSD,-1,2019-07-02 06:00:00,2019-07-02 09:00:00,1.12798,1.12943,1.12943,1.12507,0.7504,-14.5,-109.13,-109.13,3,stop_loss,45.05649,0.00097,-5.14649,-0.57566,,2019
EURUSD,1,2019-07-03 14:00:00,2019-07-03 15:00:00,1.12975,1.12827,1.12827,1.13272,0.7282,-14.8,-108.03,-108.03,1,stop_loss,17.3316,0.00099,-0.43726,-2.17603,london,2019
EURUSD,-1,2019-07-03 16:00:00,2019-07-03 17:00:00,1.12826,1.1299,1.1299,1.12498,0.6529,-16.4,-106.96,-106.96,1,stop_loss,16.6286,0.00109,-1.65461,-2.01019,new_york,2019
EURUSD,1,2019-07-04 23:00:00,2019-07-05 09:00:00,1.12842,1.12748,1.12748,1.13031,1.1225,-9.4,-105.89,-105.89,10,stop_loss,8.72545,0.00063,-0.62573,-3.79198,,2019
EURUSD,1,2019-07-08 00:00:00,2019-07-08 10:00:00,1.12219,1.12316,1.12082,1.12493,0.7638,9.7,74.09,74.09,10,time_exit,46.35727,0.00091,-4.21666,-3.88212,,2019
EURUSD,-1,2019-07-08 23:00:00,2019-07-09 09:00:00,1.12092,1.12076,1.12218,1.1184,0.8391,1.6,13.43,13.42,10,time_exit,44.93562,0.00084,-3.43349,-5.44042,,2019
EURUSD,1,2019-07-09 16:00:00,2019-07-10 02:00:00,1.12047,1.12043,1.11934,1.12272,0.939,-0.4,-3.76,-3.76,10,time_exit,35.39853,0.00075,-2.53713,-6.43353,new_york,2019
EURUSD,1,2019-07-10 04:00:00,2019-07-10 11:00:00,1.12035,1.12214,1.11945,1.12214,1.1793,17.9,211.33,211.33,7,take_profit,32.18556,0.0006,-2.31185,-7.92798,,2019
EURUSD,-1,2019-07-10 21:00:00,2019-07-11 05:00:00,1.12542,1.12709,1.12709,1.12208,0.6455,-16.7,-107.77,-107.77,8,stop_loss,39.01663,0.00111,2.73768,-3.14535,new_york,2019
EURUSD,1,2019-07-11 08:00:00,2019-07-11 15:00:00,1.12758,1.12628,1.12628,1.13018,0.8208,-13.0,-106.7,-106.7,7,stop_loss,51.6371,0.00087,4.38222,-2.48291,london,2019
EURUSD,-1,2019-07-11 19:00:00,2019-07-12 05:00:00,1.12608,1.12657,1.12769,1.12285,0.6549,-4.9,-32.09,-32.09,10,time_exit,42.63114,0.00108,1.16318,-1.11522,new_york,2019
EURUSD,-1,2019-07-15 05:00:00,2019-07-15 10:00:00,1.12694,1.12817,1.12817,1.12448,0.8557,-12.3,-105.32,-105.32,5,stop_loss,16.15421,0.00082,1.20997,-0.14795,,2019
EURUSD,-1,2019-07-16 03:00:00,2019-07-16 11:00:00,1.12599,1.12394,1.12702,1.12394,1.0169,20.5,208.52,208.52,8,take_profit,19.68509,0.00068,-0.40056,0.13111,,2019
EURUSD,-1,2019-07-17 20:00:00,2019-07-18 03:00:00,1.12246,1.12371,1.12371,1.11997,0.8528,-12.5,-106.34,-106.35,7,stop_loss,42.18939,0.00083,-0.45438,-2.45262,new_york,2019
EURUSD,1,2019-07-19 10:00:00,2019-07-19 12:00:00,1.12587,1.12424,1.12424,1.12914,0.6439,-16.3,-105.28,-105.28,2,stop_loss,20.63977,0.00109,1.46125,-0.3697,london,2019
EURUSD,-1,2019-07-22 06:00:00,2019-07-22 16:00:00,1.12177,1.12239,1.12325,1.11882,0.7061,-6.2,-43.78,-43.78,10,time_exit,31.86761,0.00098,-1.52187,-1.05593,,2019
EURUSD,-1,2019-07-23 00:00:00,2019-07-23 10:00:00,1.12085,1.11934,1.12215,1.11825,0.7989,15.1,120.63,120.63,10,time_exit,26.85545,0.00087,-1.80638,-1.65438,,2019
EURUSD,-1,2019-07-23 13:00:00,2019-07-23 16:00:00,1.1177,1.11536,1.11887,1.11536,0.8992,23.4,210.0,210.0,3,take_profit,44.30326,0.00078,-4.53188,-2.72514,london,2019
EURUSD,1,2019-07-23 23:00:00,2019-07-24 09:00:00,1.11489,1.11523,1.11356,1.11756,0.8033,3.4,27.31,27.31,10,time_exit,60.73633,0.00089,-5.12117,-3.5978,,2019
EURUSD,-1,2019-07-25 07:00:00,2019-07-25 13:00:00,1.11356,1.1146,1.1146,1.11149,1.037,-10.4,-107.37,-107.37,6,stop_loss,23.40386,0.00069,-3.04612,-6.80471,london,2019
EURUSD,1,2019-07-26 00:00:00,2019-07-26 10:00:00,1.1147,1.11344,1.11251,1.11908,0.485,-12.6,-61.11,-61.11,10,time_exit,20.66518,0.00146,-0.21682,-3.02346,,2019
EURUSD,1,2019-07-29 05:00:00,2019-07-29 09:00:00,1.11362,1.1123,1.1123,1.11626,0.8003,-13.2,-105.68,-105.68,4,stop_loss,18.80562,0.00088,-0.31709,-4.58188,,2019
EURUSD,-1,2019-07-29 13:00:00,2019-07-29 17:00:00,1.11242,1.11352,1.11352,1.11023,0.955,-11.0,-104.63,-104.63,4,stop_loss,19.69123,0.00073,-1.50553,-5.46388,london,2019
EURUSD,-1,2019-07-30 03:00:00,2019-07-30 13:00:00,1.11424,1.11456,1.1153,1.11212,0.9774,-3.2,-31.28,-31.28,10,time_exit,19.42254,0.00071,0.80239,-4.74144,,2019
EURUSD,1,2019-07-31 03:00:00,2019-07-31 11:00:00,1.1157,1.11461,1.11461,1.11788,0.9477,-10.9,-103.26,-103.27,8,stop_loss,19.39356,0.00073,1.73384,-2.89778,,2019
EURUSD,1,2019-07-31 19:00:00,2019-07-31 21:00:00,1.11297,1.11181,1.11181,1.11529,0.88,-11.6,-102.23,-102.23,2,stop_loss,15.05064,0.00077,-2.07931,-2.20836,new_york,2019
EURUSD,-1,2019-08-01 11:00:00,2019-08-01 17:00:00,1.10327,1.10536,1.10536,1.09908,0.4832,-20.9,-101.22,-101.23,6,stop_loss,51.23397,0.0014,-5.31017,-2.99918,london,2019
EURUSD,1,2019-08-02 11:00:00,2019-08-02 13:00:00,1.11134,1.10921,1.10921,1.11559,0.4713,-21.3,-100.21,-100.21,2,stop_loss,26.057,0.00142,1.84806,-3.17509,london,2019
EURUSD,1,2019-08-05 09:00:00,2019-08-05 13:00:00,1.11258,1.11612,1.11081,1.11612,0.5602,35.4,198.4,198.4,4,take_profit,21.968,0.00118,2.03598,-2.21123,london,2019
EURUSD,1,2019-08-07 00:00:00,2019-08-07 10:00:00,1.11969,1.11896,1.11764,1.12379,0.4936,-7.3,-36.03,-36.03,10,time_exit,18.63029,0.00137,1.79051,2.01959,,2019
EURUSD,1,2019-08-08 16:00:00,2019-08-08 21:00:00,1.12043,1.1185,1.1185,1.12429,0.5228,-19.3,-100.82,-100.83,5,stop_loss,14.4995,0.00129,0.21622,2.54148,new_york,2019
EURUSD,1,2019-08-09 06:00:00,2019-08-09 16:00:00,1.11964,1.1193,1.11773,1.12345,0.5237,-3.4,-17.81,-17.81,10,time_exit,12.20185,0.00127,-0.10837,2.03784,,2019
EURUSD,1,2019-08-12 02:00:00,2019-08-12 10:00:00,1.12021,1.11867,1.11867,1.1233,0.6452,-15.4,-99.64,-99.64,8,stop_loss,10.64413,0.00103,0.21336,2.20878,,2019
EURUSD,-1,2019-08-14 14:00:00,2019-08-14 17:00:00,1.11798,1.11487,1.11953,1.11487,0.6344,31.1,197.29,197.29,3,take_profit,13.69834,0.00104,-0.73168,0.34358,london,2019
EURUSD,-1,2019-08-16 02:00:00,2019-08-16 12:00:00,1.11101,1.10841,1.11283,1.10736,0.5517,26.0,143.44,143.44,10,time_exit,35.7481,0.00122,-2.80265,-2.07292,,2019
EURUSD,-1,2019-08-16 17:00:00,2019-08-16 18:00:00,1.10754,1.10908,1.10908,1.10447,0.6646,-15.4,-102.05,-102.05,1,stop_loss,46.40159,0.00102,-4.34414,-3.76674,new_york,2019
EURUSD,1,2019-08-19 05:00:00,2019-08-19 15:00:00,1.10923,1.10995,1.1078,1.11208,0.7081,7.2,50.98,50.98,10,time_exit,21.747,0.00095,-1.86059,-4.33554,,2019
EURUSD,-1,2019-08-20 07:00:00,2019-08-20 16:00:00,1.10872,1.10677,1.1097,1.10677,1.0401,19.5,203.08,203.08,9,take_profit,15.10635,0.00065,-1.48415,-6.22145,london,2019
EURUSD,1,2019-08-20 21:00:00,2019-08-21 03:00:00,1.11054,1.1092,1.1092,1.11321,0.775,-13.4,-103.57,-103.57,6,stop_loss,14.62282,0.00089,1.50017,-4.31664,new_york,2019
EURUSD,-1,2019-08-21 08:00:00,2019-08-21 11:00:00,1.1094,1.1105,1.1105,1.10721,0.9363,-11.0,-102.53,-102.53,3,stop_loss,10.92207,0.00073,0.0199,-4.54476,london,2019
EURUSD,-1,2019-08-21 16:00:00,2019-08-22 02:00:00,1.11034,1.10903,1.11149,1.10804,0.881,13.1,115.41,115.41,10,time_exit,11.98667,0.00077,1.09473,-3.87839,new_york,2019
EURUSD,-1,2019-08-23 20:00:00,2019-08-26 01:00:00,1.11384,1.11619,1.11619,1.10915,0.4377,-23.5,-102.67,-102.67,5,stop_loss,26.91976,0.00156,3.43357,-1.49866,new_york,2019
EURUSD,-1,2019-08-26 02:00:00,2019-08-26 11:00:00,1.11542,1.11107,1.1176,1.11107,0.467,43.5,203.25,203.25,9,take_profit,36.23236,0.00145,3.89379,-0.86885,,2019
EURUSD,-1,2019-08-27 02:00:00,2019-08-27 11:00:00,1.11,1.11154,1.11154,1.10691,0.6714,-15.4,-103.66,-103.66,9,stop_loss,23.86723,0.00103,-0.86351,-0.31925,,2019
EURUSD,-1,2019-08-28 06:00:00,2019-08-28 16:00:00,1.10882,1.10818,1.10986,1.10674,0.9872,6.4,63.18,63.18,10,time_exit,25.7653,0.00069,-1.8071,-1.16134,,2019
EURUSD,1,2019-08-28 20:00:00,2019-08-29 06:00:00,1.10786,1.10842,1.10662,1.11034,0.8338,5.6,46.69,46.69,10,time_exit,25.55325,0.00083,-1.88107,-1.40977,new_york,2019
EURUSD,1,2019-08-30 02:00:00,2019-08-30 05:00:00,1.10582,1.10461,1.10461,1.10824,0.856,-12.1,-103.73,-103.73,3,stop_loss,17.79209,0.00081,-2.30233,-2.50915,,2019
EURUSD,-1,2019-08-30 23:00:00,2019-09-02 09:00:00,1.09918,1.09826,1.10103,1.09549,0.5561,9.2,51.16,51.16,10,time_exit,37.96299,0.00123,-4.37851,-3.07903,,2019
EURUSD,-1,2019-09-02 16:00:00,2019-09-03 02:00:00,1.09658,1.09644,1.09807,1.0936,0.6932,1.4,9.7,9.7,10,time_exit,46.24154,0.00099,-4.78859,-5.47218,new_york,2019
EURUSD,1,2019-09-03 18:00:00,2019-09-04 04:00:00,1.09593,1.09742,1.09394,1.09992,0.5184,14.9,77.24,77.24,10,time_exit,42.54618,0.00133,-1.02398,-5.15387,new_york,2019
EURUSD,-1,2019-09-04 13:00:00,2019-09-04 21:00:00,1.10203,1.10371,1.10371,1.09866,0.6177,-16.8,-104.07,-104.07,8,stop_loss,37.27604,0.00112,3.86116,-4.77141,london,2019
EURUSD,-1,2019-09-05 00:00:00,2019-09-05 10:00:00,1.10356,1.10397,1.1052,1.10028,0.629,-4.1,-25.79,-25.79,10,time_exit,51.69725,0.00109,3.70561,-3.28256,,2019
EURUSD,1,2019-09-06 05:00:00,2019-09-06 15:00:00,1.10303,1.10402,1.1016,1.10589,0.7178,9.9,71.06,71.06,10,time_exit,30.84241,0.00095,0.59131,-0.76955,,2019
EURUSD,-1,2019-09-06 17:00:00,2019-09-09 03:00:00,1.10504,1.10177,1.10667,1.10177,0.6336,32.7,206.96,206.96,10,take_profit,25.77638,0.00109,1.89668,-0.28206,new_york,2019
EURUSD,1,2019-09-09 07:00:00,2019-09-09 15:00:00,1.10272,1.10541,1.10138,1.10541,0.7849,26.9,211.11,211.1,8,take_profit,15.31773,0.0009,-0.21922,-0.34607,london,2019
EURUSD,1,2019-09-11 14:00:00,2019-09-11 16:00:00,1.10076,1.09941,1.09941,1.10345,0.7999,-13.5,-107.67,-107.67,2,stop_loss,24.66823,0.0009,-3.61257,0.38789,london,2019
EURUSD,1,2019-09-12 10:00:00,2019-09-12 14:00:00,1.10143,1.10043,1.10043,1.10343,1.0638,-10.0,-106.59,-106.59,4,stop_loss_ambiguous,25.90151,0.00067,-1.30319,-1.26852,london,2019
EURUSD,1,2019-09-13 22:00:00,2019-09-16 08:00:00,1.10672,1.10688,1.10438,1.11139,0.4518,1.6,7.23,7.23,10,time_exit,16.1236,0.00156,0.59113,1.09459,,2019
EURUSD,-1,2019-09-16 12:00:00,2019-09-16 15:00:00,1.10596,1.10262,1.10763,1.10262,0.6317,33.4,211.18,211.17,3,take_profit,8.82036,0.00111,-0.42517,1.72694,london,2019
EURUSD,1,2019-09-17 04:00:00,2019-09-17 09:00:00,1.10089,1.09924,1.09924,1.1042,0.6515,-16.5,-107.7,-107.7,5,stop_loss,35.71863,0.0011,-2.7323,-0.11146,,2019
EURUSD,1,2019-09-17 20:00:00,2019-09-18 06:00:00,1.10697,1.10658,1.10496,1.11099,0.5311,-3.9,-20.71,-20.71,10,time_exit,28.36423,0.00134,2.70133,-0.33232,new_york,2019
EURUSD,1,2019-09-20 05:00:00,2019-09-20 14:00:00,1.10525,1.1039,1.1039,1.10796,0.7858,-13.5,-106.42,-106.43,9,stop_loss,14.58044,0.0009,0.45267,0.48702,,2019
EURUSD,1,2019-09-23 12:00:00,2019-09-23 22:00:00,1.09774,1.09962,1.09602,1.10118,0.6117,18.8,115.0,115.0,10,time_exit,35.323,0.00115,-4.39833,-0.92465,london,2019
EURUSD,-1,2019-09-23 22:00:00,2019-09-24 08:00:00,1.09958,1.09899,1.1013,1.09613,0.6176,5.9,36.44,36.44,10,time_exit,39.85763,0.00115,-1.68637,-1.63225,,2019
EURUSD,1,2019-09-25 06:00:00,2019-09-25 14:00:00,1.10021,1.09874,1.09874,1.10315,0.7263,-14.7,-106.87,-106.87,8,stop_loss,18.31691,0.00098,-0.46186,-1.86462,,2019
EURUSD,1,2019-09-26 00:00:00,2019-09-26 10:00:00,1.09422,1.09446,1.09268,1.0973,0.6875,2.4,16.5,16.5,10,time_exit,45.56232,0.00103,-4.47147,-2.74713,,2019
EURUSD,-1,2019-09-26 19:00:00,2019-09-27 05:00:00,1.09378,1.09197,1.09566,1.09002,0.5639,18.1,102.07,102.06,10,time_exit,37.44621,0.00125,-2.29852,-3.05427,new_york,2019
EURUSD,-1,2019-10-01 07:00:00,2019-10-01 12:00:00,1.0888,1.08999,1.08999,1.08641,0.8954,-11.9,-106.98,-106.99,5,stop_loss,35.15854,0.0008,-3.83021,-6.02523,london,2019
EURUSD,-1,2019-10-01 17:00:00,2019-10-01 18:00:00,1.08857,1.09005,1.09005,1.0856,0.714,-14.8,-105.92,-105.93,1,stop_loss,30.38434,0.00099,-2.42897,-5.02117,new_york,2019
EURUSD,1,2019-10-02 16:00:00,2019-10-02 20:00:00,1.09309,1.09619,1.09154,1.09619,0.6757,31.0,209.72,209.72,4,take_profit,21.8414,0.00103,0.92535,-3.0885,new_york,2019
EURUSD,-1,2019-10-07 10:00:00,2019-10-07 15:00:00,1.09795,1.09918,1.09918,1.09549,0.8692,-12.3,-106.95,-106.95,5,stop_loss,12.10642,0.00082,0.9201,1.21405,london,2019
EURUSD,-1,2019-10-08 09:00:00,2019-10-08 11:00:00,1.09763,1.09874,1.09874,1.09542,0.9583,-11.1,-105.89,-105.89,2,stop_loss,17.81131,0.00074,0.18358,1.32717,london,2019
EURUSD,-1,2019-10-08 17:00:00,2019-10-08 18:00:00,1.0974,1.09474,1.09873,1.09474,0.7882,26.6,209.66,209.66,1,take_profit,18.74657,0.00089,-0.40436,1.22284,new_york,2019
EURUSD,1,2019-10-09 19:00:00,2019-10-10 05:00:00,1.09779,1.09906,1.09638,1.10062,0.7567,12.7,96.1,96.1,10,time_exit,22.45909,0.00094,0.66381,0.53501,new_york,2019
EURUSD,-1,2019-10-10 10:00:00,2019-10-10 12:00:00,1.10065,1.10202,1.10202,1.0979,0.7859,-13.7,-107.89,-107.89,2,stop_loss,21.18435,0.00092,3.18437,0.92025,london,2019
EURUSD,1,2019-10-14 21:00:00,2019-10-15 07:00:00,1.10259,1.10285,1.1011,1.10558,0.715,2.6,18.59,18.59,10,time_exit,10.9532,0.001,0.29005,2.87641,new_york,2019
EURUSD,1,2019-10-15 09:00:00,2019-10-15 10:00:00,1.10326,1.10213,1.10213,1.10553,0.9439,-11.3,-106.99,-106.99,1,stop_loss,9.03161,0.00076,1.01226,3.54533,london,2019
EURUSD,-1,2019-10-17 22:00:00,2019-10-18 08:00:00,1.11236,1.11198,1.11442,1.10824,0.5147,3.8,19.56,19.56,10,time_exit,47.97677,0.00137,3.47128,3.48866,,2019
EURUSD,1,2019-10-18 21:00:00,2019-10-21 07:00:00,1.11588,1.11574,1.11424,1.11915,0.6483,-1.4,-9.08,-9.08,10,time_exit,43.06639,0.00109,4.33773,5.65211,new_york,2019
EURUSD,1,2019-10-21 09:00:00,2019-10-21 18:00:00,1.11533,1.114,1.114,1.118,0.7944,-13.3,-106.03,-106.03,9,stop_loss,38.99687,0.00089,2.64395,7.56942,london,2019
EURUSD,1,2019-10-23 01:00:00,2019-10-23 11:00:00,1.11247,1.11184,1.11087,1.11567,0.6557,-6.3,-41.31,-41.31,10,time_exit,25.88352,0.00107,-1.42867,4.70101,,2019
EURUSD,-1,2019-10-23 17:00:00,2019-10-23 22:00:00,1.11229,1.11368,1.11368,1.10951,0.7529,-13.9,-104.56,-104.56,5,stop_loss,30.48549,0.00093,-0.85474,3.93376,new_york,2019
EURUSD,-1,2019-10-28 08:00:00,2019-10-28 10:00:00,1.10828,1.10919,1.10919,1.10646,1.1373,-9.1,-103.51,-103.51,2,stop_loss,24.34965,0.00061,-2.82766,0.01116,london,2019
EURUSD,-1,2019-10-30 09:00:00,2019-10-30 10:00:00,1.11098,1.11184,1.11184,1.10927,1.1981,-8.6,-102.48,-102.48,1,stop_loss,23.61359,0.00057,1.37431,0.37926,london,2019
EURUSD,1,2019-11-01 01:00:00,2019-11-01 11:00:00,1.11515,1.11605,1.11344,1.11857,0.5933,9.0,53.4,53.39,10,time_exit,16.25696,0.00114,1.11229,2.14642,,2019
EURUSD,-1,2019-11-01 11:00:00,2019-11-01 15:00:00,1.11638,1.11387,1.11763,1.11387,0.8142,25.1,203.98,203.97,4,take_profit,12.70954,0.00084,2.04925,3.28149,london,2019
EURUSD,-1,2019-11-04 00:00:00,2019-11-04 10:00:00,1.1168,1.11624,1.1184,1.1136,0.651,5.6,36.46,36.45,10,time_exit,10.91275,0.00107,1.26725,2.60252,,2019
EURUSD,-1,2019-11-05 09:00:00,2019-11-05 10:00:00,1.11277,1.11389,1.11389,1.11053,0.9337,-11.2,-104.39,-104.39,1,stop_loss,39.91003,0.00075,-2.22752,1.89902,london,2019
EURUSD,1,2019-11-07 04:00:00,2019-11-07 12:00:00,1.10646,1.10866,1.10536,1.10866,0.9401,22.0,206.7,206.7,8,take_profit,40.94658,0.00073,-3.379,-3.2246,,2019
EURUSD,-1,2019-11-07 13:00:00,2019-11-07 16:00:00,1.10888,1.10629,1.11017,1.10629,0.8153,25.9,210.83,210.83,3,take_profit,36.63108,0.00086,0.59405,-2.96971,london,2019
EURUSD,-1,2019-11-07 20:00:00,2019-11-08 06:00:00,1.10408,1.10476,1.10573,1.10078,0.6522,-6.8,-44.35,-44.35,10,time_exit,32.37799,0.0011,-3.34829,-2.57684,new_york,2019
EURUSD,-1,2019-11-12 00:00:00,2019-11-12 10:00:00,1.10327,1.10244,1.10415,1.1015,1.2133,8.3,100.7,100.7,10,time_exit,20.77232,0.00059,-0.82276,-6.59001,,2019
EURUSD,-1,2019-11-12 23:00:00,2019-11-13 09:00:00,1.10106,1.10067,1.1023,1.09858,0.8711,3.9,33.97,33.97,10,time_exit,25.11726,0.00083,-2.08749,-4.56013,,2019
EURUSD,1,2019-11-13 11:00:00,2019-11-13 19:00:00,1.10091,1.09992,1.09992,1.1029,1.0899,-9.9,-108.43,-108.43,8,stop_loss,28.09471,0.00066,-1.88911,-5.70576,london,2019
EURUSD,-1,2019-11-15 05:00:00,2019-11-15 15:00:00,1.10296,1.10402,1.10402,1.10084,1.0141,-10.6,-107.33,-107.34,10,stop_loss,20.53483,0.00071,2.29828,-4.10162,,2019
EURUSD,1,2019-11-18 15:00:00,2019-11-18 17:00:00,1.10576,1.10783,1.10473,1.10783,1.0281,20.7,212.53,212.53,2,take_profit,41.49648,0.00069,2.29827,-0.31965,london,2019
EURUSD,-1,2019-11-18 18:00:00,2019-11-19 04:00:00,1.10809,1.10724,1.10934,1.1056,0.8689,8.5,73.86,73.85,10,time_exit,41.93733,0.00083,4.32991,0.01264,new_york,2019
EURUSD,-1,2019-11-19 10:00:00,2019-11-19 14:00:00,1.10684,1.10781,1.10781,1.1049,1.1268,-9.7,-109.13,-109.13,4,stop_loss,31.54835,0.00065,1.49813,1.48187,london,2019
EURUSD,-1,2019-11-19 19:00:00,2019-11-20 05:00:00,1.10739,1.10742,1.10849,1.10518,0.9788,-0.3,-2.94,-2.94,10,time_exit,22.63661,0.00074,1.44688,1.65002,new_york,2019
EURUSD,-1,2019-11-22 02:00:00,2019-11-22 10:00:00,1.10657,1.10776,1.10776,1.10418,0.9056,-11.9,-108.0,-108.01,8,stop_loss,23.92277,0.0008,-0.59524,1.30287,,2019
EURUSD,-1,2019-11-22 10:00:00,2019-11-22 16:00:00,1.10652,1.10461,1.10748,1.10461,1.1184,19.1,213.85,213.85,6,take_profit,20.64694,0.00064,-0.59102,1.3362,london,2019
EURUSD,-1,2019-11-25 06:00:00,2019-11-25 09:00:00,1.10196,1.10309,1.10309,1.09969,0.9617,-11.3,-109.06,-109.07,3,stop_loss,36.8746,0.00076,-3.8935,-0.90674,,2019
EURUSD,-1,2019-11-26 17:00:00,2019-11-26 19:00:00,1.10113,1.10214,1.10214,1.09911,1.0715,-10.1,-107.98,-107.98,2,stop_loss,16.26867,0.00067,-1.74716,-3.0767,new_york,2019
EURUSD,-1,2019-11-28 12:00:00,2019-11-28 22:00:00,1.10139,1.10086,1.10223,1.0997,1.2654,5.3,67.07,67.06,10,time_exit,19.25051,0.00056,0.49975,-3.69665,london,2019
EURUSD,1,2019-12-02 09:00:00,2019-12-02 13:00:00,1.10168,1.10085,1.10085,1.10333,1.3019,-8.3,-107.57,-107.57,4,stop_loss,20.48835,0.00055,0.7515,-2.13269,london,2019
EURUSD,1,2019-12-02 17:00:00,2019-12-02 18:00:00,1.10447,1.10683,1.10329,1.10683,0.9008,23.6,212.97,212.97,1,take_profit,18.97085,0.00079,3.75429,-1.16473,new_york,2019
EURUSD,1,2019-12-02 23:00:00,2019-12-03 09:00:00,1.10848,1.10766,1.10701,1.11141,0.7413,-8.2,-60.79,-60.79,10,time_exit,35.19154,0.00098,5.79691,0.11079,,2019
EURUSD,-1,2019-12-03 16:00:00,2019-12-03 17:00:00,1.10724,1.10843,1.10843,1.10485,0.9053,-11.9,-108.01,-108.01,1,stop_loss,41.59792,0.0008,2.59449,2.13239,new_york,2019
EURUSD,1,2019-12-04 06:00:00,2019-12-04 11:00:00,1.10791,1.10697,1.10697,1.1098,1.1343,-9.4,-106.93,-106.93,5,stop_loss,33.8096,0.00063,2.28888,3.7747,,2019
EURUSD,1,2019-12-05 09:00:00,2019-12-05 16:00:00,1.10824,1.11039,1.10717,1.11039,0.9854,21.5,211.73,211.73,7,take_profit,11.66337,0.00072,0.95518,3.51215,london,2019
EURUSD,1,2019-12-05 23:00:00,2019-12-06 09:00:00,1.11024,1.1107,1.10899,1.11273,0.8665,4.6,39.86,39.86,10,time_exit,20.25821,0.00083,2.22129,3.38713,,2019
EURUSD,-1,2019-12-06 11:00:00,2019-12-06 13:00:00,1.11075,1.10914,1.11155,1.10914,1.3496,16.1,216.76,216.76,2,take_profit,24.50641,0.00054,2.77617,5.74026,london,2019
EURUSD,-1,2019-12-06 14:00:00,2019-12-06 15:00:00,1.10934,1.10748,1.11027,1.10748,1.1862,18.6,221.09,221.09,1,take_profit,23.41438,0.00062,0.08842,4.82545,london,2019
EURUSD,1,2019-12-06 22:00:00,2019-12-09 08:00:00,1.1056,1.10618,1.10423,1.10834,0.8227,5.8,47.72,47.71,10,time_exit,40.36851,0.00091,-3.08129,2.32288,,2019
EURUSD,1,2019-12-09 17:00:00,2019-12-09 19:00:00,1.10724,1.1062,1.1062,1.10933,1.0844,-10.4,-113.23,-113.23,2,stop_loss,28.34805,0.0007,-0.17382,1.5441,new_york,2019
EURUSD,1,2019-12-10 07:00:00,2019-12-10 13:00:00,1.10668,1.10828,1.10588,1.10828,1.402,16.0,224.21,224.2,6,take_profit,17.73661,0.00053,-0.61847,1.29878,london,2019
EURUSD,-1,2019-12-11 19:00:00,2019-12-11 21:00:00,1.10914,1.11033,1.11033,1.10676,0.9591,-11.9,-114.35,-114.35,2,stop_loss,18.43859,0.00079,1.15616,1.55568,new_york,2019
EURUSD,-1,2019-12-12 10:00:00,2019-12-12 15:00:00,1.11378,1.11495,1.11495,1.11145,0.9716,-11.7,-113.2,-113.2,5,stop_loss,37.70226,0.00078,4.14981,3.46997,london,2019
EURUSD,-1,2019-12-13 04:00:00,2019-12-13 14:00:00,1.1177,1.11714,1.12033,1.11244,0.4263,5.6,23.87,23.87,10,time_exit,32.182,0.00175,3.0712,1.98818,,2019
EURUSD,1,2019-12-16 01:00:00,2019-12-16 11:00:00,1.11286,1.11348,1.1108,1.11698,0.5454,6.2,33.81,33.81,10,time_exit,31.90067,0.00137,-0.63393,2.68915,,2019
EURUSD,-1,2019-12-17 17:00:00,2019-12-18 03:00:00,1.11504,1.11409,1.11664,1.11185,0.7052,9.5,66.99,66.99,10,time_exit,17.64265,0.00106,0.63596,2.73848,new_york,2019
EURUSD,-1,2019-12-18 07:00:00,2019-12-18 17:00:00,1.11313,1.11256,1.11428,1.11083,0.9867,5.7,56.24,56.24,10,time_exit,14.35576,0.00077,-1.68725,3.35233,london,2019
EURUSD,1,2019-12-18 17:00:00,2019-12-19 03:00:00,1.11156,1.11235,1.11027,1.11415,0.8804,7.9,69.55,69.55,10,time_exit,21.38662,0.00086,-2.67975,2.2325,new_york,2019
EURUSD,1,2019-12-20 17:00:00,2019-12-20 19:00:00,1.10835,1.10703,1.10703,1.11099,0.8674,-13.2,-114.57,-114.57,2,stop_loss,29.14829,0.00088,-4.08617,0.03874,new_york,2019
EURUSD,1,2019-12-23 19:00:00,2019-12-24 05:00:00,1.109,1.10893,1.10783,1.11134,0.9698,-0.7,-6.79,-6.79,10,time_exit,25.71883,0.00078,-0.58927,-2.00582,new_york,2019
EURUSD,1,2019-12-26 00:00:00,2019-12-26 10:00:00,1.10892,1.10937,1.1079,1.11096,1.1117,4.5,50.03,50.02,10,time_exit,16.86866,0.00068,-0.34019,-2.36395,,2019
EURUSD,-1,2019-12-26 14:00:00,2019-12-26 15:00:00,1.10856,1.10938,1.10938,1.10692,1.3874,-8.2,-113.86,-113.86,1,stop_loss,15.13264,0.00055,-0.64715,-2.49063,london,2019
EURUSD,1,2019-12-27 19:00:00,2019-12-30 04:00:00,1.11735,1.12015,1.11595,1.12015,0.8061,28.0,225.44,225.44,9,take_profit,51.99036,0.00093,6.15065,0.89036,new_york,2019
EURUSD,-1,2019-12-30 13:00:00,2019-12-30 18:00:00,1.11938,1.12086,1.12086,1.11642,0.7766,-14.8,-114.97,-114.97,5,stop_loss,63.5476,0.00099,3.9241,3.40268,london,2019
EURUSD,-1,2019-12-31 06:00:00,2019-12-31 11:00:00,1.12036,1.1217,1.1217,1.11768,0.8506,-13.4,-113.83,-113.83,5,stop_loss,42.84797,0.00089,2.7723,4.9978,,2019
EURUSD,1,2020-01-02 17:00:00,2020-01-03 03:00:00,1.11741,1.11736,1.1158,1.12062,0.7017,-0.5,-3.51,-3.51,10,time_exit,22.71159,0.00107,-2.46229,4.2143,new_york,2020
EURUSD,1,2020-01-03 08:00:00,2020-01-03 09:00:00,1.11664,1.11531,1.11531,1.1193,0.8485,-13.3,-112.65,-112.65,1,stop_loss,25.55777,0.00089,-2.39544,3.38624,london,2020
EURUSD,1,2020-01-06 01:00:00,2020-01-06 11:00:00,1.11595,1.11907,1.11439,1.11907,0.7147,31.2,223.07,223.06,10,take_profit,22.45864,0.00104,-1.23158,1.4135,,2020
EURUSD,1,2020-01-07 00:00:00,2020-01-07 07:00:00,1.11968,1.11835,1.11835,1.12235,0.8528,-13.3,-113.75,-113.75,7,stop_loss,22.59501,0.00089,1.97807,1.91489,,2020
EURUSD,-1,2020-01-08 04:00:00,2020-01-08 11:00:00,1.11558,1.11255,1.11709,1.11255,0.7443,30.3,225.23,225.23,7,take_profit,30.29321,0.00101,-1.25433,0.48801,,2020
EURUSD,1,2020-01-08 21:00:00,2020-01-09 07:00:00,1.11132,1.11183,1.10961,1.11474,0.6726,5.1,34.3,34.3,10,time_exit,33.01709,0.00114,-3.21017,-0.77953,new_york,2020
EURUSD,1,2020-01-10 21:00:00,2020-01-13 07:00:00,1.11186,1.11298,1.1104,1.11478,0.7883,11.2,88.29,88.29,10,time_exit,28.85427,0.00097,0.50908,-2.6399,new_york,2020
EURUSD,1,2020-01-15 01:00:00,2020-01-15 11:00:00,1.11262,1.11284,1.11155,1.11477,1.0813,2.2,23.79,23.79,10,time_exit,21.88129,0.00072,-0.20716,-1.05577,,2020
EURUSD,-1,2020-01-15 16:00:00,2020-01-15 19:00:00,1.11492,1.11614,1.11614,1.11247,0.95,-12.2,-116.34,-116.34,3,stop_loss,17.1648,0.00082,2.2206,-0.49815,new_york,2020
EURUSD,-1,2020-01-16 00:00:00,2020-01-16 10:00:00,1.11495,1.11614,1.11614,1.11257,0.9679,-11.9,-115.18,-115.18,10,stop_loss,22.44507,0.00079,1.59721,0.07512,,2020
EURUSD,1,2020-01-17 02:00:00,2020-01-17 11:00:00,1.11371,1.11258,1.11258,1.11597,1.0087,-11.3,-114.02,-114.02,9,stop_loss,16.75882,0.00075,-0.69007,0.45799,,2020
EURUSD,1,2020-01-20 10:00:00,2020-01-20 11:00:00,1.10944,1.10856,1.10856,1.11121,1.2766,-8.8,-112.88,-112.88,1,stop_loss,37.08475,0.00059,-3.42283,-2.67069,london,2020
EURUSD,1,2020-01-21 06:00:00,2020-01-21 10:00:00,1.10974,1.10892,1.10892,1.11137,1.3691,-8.2,-111.75,-111.76,4,stop_loss,26.75085,0.00054,-0.71694,-3.98231,,2020
EURUSD,1,2020-01-22 12:00:00,2020-01-22 13:00:00,1.10908,1.10801,1.10801,1.11122,1.0321,-10.7,-110.63,-110.63,1,stop_loss,23.74163,0.00071,-0.29489,-3.04074,london,2020
EURUSD,1,2020-01-22 23:00:00,2020-01-23 02:00:00,1.10927,1.10804,1.10804,1.11174,0.8883,-12.3,-109.53,-109.53,3,stop_loss,16.86014,0.00082,0.31356,-2.61275,,2020
EURUSD,1,2020-01-23 05:00:00,2020-01-23 15:00:00,1.10895,1.10866,1.1078,1.11124,0.946,-2.9,-27.43,-27.44,10,time_exit,14.94068,0.00076,-0.10663,-2.62,,2020
EURUSD,1,2020-01-24 04:00:00,2020-01-24 11:00:00,1.10539,1.10412,1.10412,1.10794,0.849,-12.7,-108.16,-108.16,7,stop_loss,16.31939,0.00085,-2.53599,-3.08986,,2020
EURUSD,1,2020-01-28 09:00:00,2020-01-28 13:00:00,1.10195,1.10113,1.10113,1.1036,1.3001,-8.2,-107.08,-107.08,4,stop_loss,14.36001,0.00055,-1.96362,-7.4274,london,2020
EURUSD,-1,2020-01-31 13:00:00,2020-01-31 14:00:00,1.10306,1.10423,1.10423,1.10071,0.9023,-11.7,-106.01,-106.01,1,stop_loss,20.11495,0.00078,1.04581,-2.59649,london,2020
EURUSD,1,2020-01-31 21:00:00,2020-02-03 07:00:00,1.10804,1.10843,1.10649,1.11114,0.6778,3.9,26.43,26.43,10,time_exit,42.34232,0.00103,4.42185,-0.95025,new_york,2020
EURUSD,1,2020-02-04 00:00:00,2020-02-04 10:00:00,1.10583,1.10578,1.10448,1.10853,0.78,-0.5,-3.9,-3.9,10,time_exit,34.74665,0.0009,0.39566,0.72616,,2020
EURUSD,-1,2020-02-05 08:00:00,2020-02-05 10:00:00,1.10378,1.10461,1.10461,1.10211,1.26,-8.3,-105.17,-105.17,2,stop_loss,46.69685,0.00056,-1.97318,-0.23213,london,2020
EURUSD,-1,2020-02-05 21:00:00,2020-02-06 07:00:00,1.10024,1.09998,1.10147,1.09779,0.8495,2.6,22.09,22.09,10,time_exit,49.82914,0.00082,-4.05349,-1.30373,new_york,2020
EURUSD,-1,2020-02-06 13:00:00,2020-02-06 17:00:00,1.10012,1.09792,1.10122,1.09792,0.9468,22.0,208.68,208.67,4,take_profit,46.62005,0.00073,-2.29139,-2.86017,london,2020
EURUSD,1,2020-02-07 16:00:00,2020-02-07 19:00:00,1.09582,1.09455,1.09455,1.09836,0.8374,-12.7,-106.43,-106.43,3,stop_loss,51.44234,0.00085,-3.59145,-4.18931,new_york,2020
EURUSD,1,2020-02-07 19:00:00,2020-02-10 05:00:00,1.09494,1.09525,1.0933,1.09822,0.6418,3.1,19.9,19.89,10,time_exit,48.56092,0.00109,-3.30022,-3.35827,new_york,2020
EURUSD,1,2020-02-11 05:00:00,2020-02-11 15:00:00,1.09142,1.09035,1.09035,1.09356,0.9884,-10.7,-105.56,-105.56,10,stop_loss,54.17235,0.00071,-4.1897,-7.41937,,2020
EURUSD,1,2020-02-12 07:00:00,2020-02-12 16:00:00,1.09124,1.09023,1.09023,1.09326,1.0368,-10.1,-104.51,-104.51,9,stop_loss,32.62409,0.00067,-1.97564,-7.8138,london,2020
EURUSD,-1,2020-02-12 22:00:00,2020-02-13 08:00:00,1.08665,1.08716,1.08802,1.0839,0.7532,-5.1,-38.41,-38.42,10,time_exit,36.21087,0.00092,-5.18954,-5.84345,,2020
EURUSD,-1,2020-02-13 19:00:00,2020-02-14 05:00:00,1.08474,1.08312,1.08633,1.08155,0.6467,16.2,104.77,104.76,10,time_exit,44.90335,0.00106,-3.76774,-5.77349,new_york,2020
EURUSD,1,2020-02-17 11:00:00,2020-02-17 14:00:00,1.0846,1.08352,1.08352,1.08676,0.9654,-10.8,-104.12,-104.12,3,stop_loss,28.12342,0.00072,-0.47378,-8.81085,london,2020
EURUSD,-1,2020-02-17 16:00:00,2020-02-18 02:00:00,1.08362,1.08259,1.08474,1.08137,0.917,10.3,94.45,94.45,10,time_exit,22.99306,0.00075,-1.56501,-8.20592,new_york,2020
EURUSD,-1,2020-02-18 18:00:00,2020-02-18 22:00:00,1.08228,1.07912,1.08386,1.07912,0.6594,31.6,208.05,208.05,4,take_profit,24.14755,0.00105,-1.06365,-5.39672,new_york,2020
EURUSD,-1,2020-02-19 01:00:00,2020-02-19 11:00:00,1.07949,1.08032,1.0809,1.07666,0.7502,-8.3,-62.27,-62.27,10,time_exit,29.15142,0.00094,-3.34477,-6.2787,,2020
EURUSD,-1,2020-02-19 11:00:00,2020-02-19 21:00:00,1.0804,1.07964,1.08155,1.0781,0.916,7.6,69.62,69.61,10,time_exit,27.55693,0.00077,-1.68009,-7.7766,london,2020
EURUSD,-1,2020-02-19 22:00:00,2020-02-19 23:00:00,1.07964,1.08103,1.08103,1.07685,0.7614,-13.9,-106.17,-106.18,1,stop_loss,27.38714,0.00093,-1.35447,-6.34116,,2020
EURUSD,-1,2020-02-20 09:00:00,2020-02-20 11:00:00,1.07883,1.08012,1.08012,1.07625,0.8153,-12.9,-105.12,-105.12,2,stop_loss,18.85386,0.00086,-2.0859,-6.38699,london,2020
EURUSD,-1,2020-02-24 14:00:00,2020-02-24 16:00:00,1.0821,1.08395,1.08395,1.0784,0.5628,-18.5,-104.06,-104.06,2,stop_loss,17.04955,0.00123,0.28398,-1.95342,london,2020
EURUSD,1,2020-02-25 22:00:00,2020-02-26 08:00:00,1.08817,1.08748,1.08605,1.09242,0.4854,-6.9,-33.49,-33.49,10,time_exit,19.6661,0.00142,2.58793,0.00641,,2020
EURUSD,-1,2020-02-27 03:00:00,2020-02-27 09:00:00,1.0898,1.09215,1.09215,1.08509,0.4362,-23.5,-102.69,-102.69,6,stop_loss,24.65913,0.00157,1.8404,0.99018,,2020
EURUSD,-1,2020-02-28 04:00:00,2020-02-28 10:00:00,1.0988,1.10097,1.10097,1.09446,0.4688,-21.7,-101.68,-101.68,6,stop_loss,60.92516,0.00145,3.93356,3.72932,,2020
EURUSD,-1,2020-02-28 11:00:00,2020-02-28 13:00:00,1.10342,1.09893,1.10566,1.09893,0.4484,44.9,201.28,201.28,2,take_profit,54.86642,0.0015,5.75017,4.1867,london,2020
EURUSD,-1,2020-03-02 04:00:00,2020-03-02 10:00:00,1.10566,1.10897,1.10897,1.09905,0.3105,-33.1,-102.66,-102.66,6,stop_loss,30.5859,0.0022,3.26602,3.54722,,2020
EURUSD,-1,2020-03-03 03:00:00,2020-03-03 13:00:00,1.11324,1.11138,1.11662,1.10648,0.3005,18.6,55.89,55.89,10,time_exit,43.68331,0.00225,2.97504,5.17313,,2020
EURUSD,-1,2020-03-04 04:00:00,2020-03-04 14:00:00,1.11665,1.11119,1.11995,1.11005,0.3097,54.6,169.1,169.09,10,time_exit,35.91507,0.0022,2.07851,5.80425,,2020
EURUSD,1,2020-03-04 18:00:00,2020-03-05 04:00:00,1.11395,1.11419,1.11047,1.12091,0.2986,2.4,7.17,7.16,10,time_exit,25.11138,0.00232,0.36207,5.08604,new_york,2020
EURUSD,-1,2020-03-06 11:00:00,2020-03-06 12:00:00,1.12724,1.13021,1.13021,1.1213,0.3502,-29.7,-103.95,-103.96,1,stop_loss,36.02572,0.00198,4.32193,5.83745,london,2020
EURUSD,1,2020-03-09 04:00:00,2020-03-09 05:00:00,1.13599,1.14529,1.13134,1.14529,0.2212,93.0,205.79,205.79,1,take_profit,40.74295,0.0031,3.30053,4.71388,,2020
EURUSD,-1,2020-03-10 12:00:00,2020-03-10 22:00:00,1.13602,1.13004,1.14198,1.12411,0.1763,59.8,105.43,105.43,10,time_exit,29.84233,0.00397,-0.11256,4.31928,london,2020
EURUSD,-1,2020-03-11 22:00:00,2020-03-12 04:00:00,1.12821,1.13229,1.13229,1.12005,0.2599,-40.8,-106.04,-106.04,6,stop_loss,18.89656,0.00272,-1.76726,3.66603,,2020
EURUSD,-1,2020-03-12 17:00:00,2020-03-12 18:00:00,1.12391,1.114,1.12887,1.114,0.2118,99.1,209.93,209.93,1,take_profit,16.71553,0.0033,-1.77809,1.82522,new_york,2020
EURUSD,1,2020-03-16 10:00:00,2020-03-16 20:00:00,1.11397,1.11591,1.10773,1.12644,0.1717,19.4,33.31,33.31,10,time_exit,16.79321,0.00416,-0.71915,-0.89123,london,2020
EURUSD,1,2020-03-17 01:00:00,2020-03-17 11:00:00,1.11761,1.11174,1.11174,1.12935,0.1829,-58.7,-107.38,-107.38,10,stop_loss,12.13712,0.00391,0.1908,-0.8361,,2020
EURUSD,-1,2020-03-19 01:00:00,2020-03-19 02:00:00,1.09112,1.09677,1.09677,1.07982,0.1882,-56.5,-106.33,-106.33,1,stop_loss,40.17727,0.00377,-2.32308,-3.36134,,2020
EURUSD,1,2020-03-19 21:00:00,2020-03-20 07:00:00,1.06839,1.07649,1.06041,1.08435,0.1319,81.0,106.84,106.84,10,time_exit,33.64561,0.00532,-4.01921,-3.26364,new_york,2020
EURUSD,-1,2020-03-20 08:00:00,2020-03-20 10:00:00,1.07649,1.08299,1.08299,1.0635,0.1637,-65.0,-106.32,-106.33,2,stop_loss,31.88878,0.00433,-1.42699,-4.74927,london,2020
EURUSD,1,2020-03-20 12:00:00,2020-03-20 13:00:00,1.07873,1.07202,1.07202,1.09214,0.157,-67.1,-105.3,-105.3,1,stop_loss,27.39582,0.00447,-0.72367,-4.53409,london,2020
EURUSD,-1,2020-03-20 22:00:00,2020-03-23 05:00:00,1.06548,1.07289,1.07289,1.05067,0.1407,-74.1,-104.2,-104.2,7,stop_loss,17.06336,0.00494,-2.4991,-4.32155,,2020
EURUSD,-1,2020-03-23 07:00:00,2020-03-23 15:00:00,1.07144,1.07787,1.07787,1.05858,0.1605,-64.3,-103.2,-103.2,8,stop_loss,14.15097,0.00429,-0.90103,-4.9614,london,2020
EURUSD,-1,2020-03-23 18:00:00,2020-03-24 04:00:00,1.08043,1.07937,1.08768,1.06594,0.1409,10.6,14.94,14.93,10,time_exit,15.48967,0.00483,1.18544,-4.0272,new_york,2020
EURUSD,-1,2020-03-24 08:00:00,2020-03-24 09:00:00,1.07888,1.08437,1.08437,1.0679,0.1863,-54.9,-102.29,-102.29,1,stop_loss,21.0519,0.00366,0.91665,-4.46305,london,2020
EURUSD,1,2020-03-27 03:00:00,2020-03-27 11:00:00,1.10474,1.10069,1.10069,1.11284,0.2501,-40.5,-101.26,-101.26,8,stop_loss,44.5078,0.0027,4.62074,0.66302,,2020
EURUSD,-1,2020-03-27 20:00:00,2020-03-27 22:00:00,1.1078,1.11266,1.11266,1.09808,0.2063,-48.6,-100.26,-100.26,2,stop_loss,29.37827,0.00324,3.15022,1.58465,new_york,2020
EURUSD,1,2020-03-27 23:00:00,2020-03-30 07:00:00,1.11229,1.10758,1.10758,1.12172,0.2106,-47.1,-99.27,-99.27,8,stop_loss,30.74119,0.00314,4.16442,1.9501,,2020
EURUSD,-1,2020-03-30 19:00:00,2020-03-31 05:00:00,1.10169,1.10262,1.10613,1.0928,0.2211,-9.3,-20.56,-20.56,10,time_exit,21.36641,0.00296,-0.64225,2.65703,new_york,2020
EURUSD,1,2020-03-31 19:00:00,2020-03-31 20:00:00,1.10142,1.09692,1.09692,1.11042,0.2179,-45.0,-98.05,-98.05,1,stop_loss,31.20708,0.003,0.0154,1.54567,new_york,2020
EURUSD,-1,2020-04-02 04:00:00,2020-04-02 14:00:00,1.09428,1.09135,1.09768,1.08748,0.2856,29.3,83.68,83.68,10,time_exit,28.41595,0.00227,-1.51374,0.36954,,2020
EURUSD,1,2020-04-03 08:00:00,2020-04-03 10:00:00,1.08436,1.08139,1.08139,1.09031,0.3293,-29.7,-97.92,-97.92,2,stop_loss,29.5196,0.00198,-3.15995,-2.05672,london,2020
EURUSD,1,2020-04-03 10:00:00,2020-04-03 11:00:00,1.08278,1.07983,1.07983,1.08868,0.3287,-29.5,-96.95,-96.95,1,stop_loss,30.38785,0.00197,-3.73003,-2.23287,london,2020
EURUSD,-1,2020-04-03 17:00:00,2020-04-03 22:00:00,1.07889,1.08218,1.08218,1.07231,0.2917,-32.9,-95.95,-95.95,5,stop_loss,39.18223,0.00219,-3.90236,-2.73404,new_york,2020
EURUSD,-1,2020-04-06 17:00:00,2020-04-07 03:00:00,1.08025,1.07938,1.0836,1.07354,0.2832,8.7,24.64,24.64,10,time_exit,25.47508,0.00224,-1.36263,-3.33186,new_york,2020
EURUSD,-1,2020-04-07 04:00:00,2020-04-07 07:00:00,1.07938,1.08211,1.08211,1.07392,0.3491,-27.3,-95.26,-95.26,3,stop_loss,27.87412,0.00182,-1.42061,-4.18905,,2020
EURUSD,1,2020-04-07 09:00:00,2020-04-07 13:00:00,1.08292,1.0881,1.08033,1.0881,0.3639,51.8,188.58,188.57,4,take_profit,23.43769,0.00173,0.58683,-4.21138,london,2020
EURUSD,-1,2020-04-07 15:00:00,2020-04-07 16:00:00,1.08774,1.09074,1.09074,1.08175,0.3209,-30.0,-96.19,-96.19,1,stop_loss,30.41455,0.002,2.34733,-3.01179,london,2020
EURUSD,1,2020-04-08 18:00:00,2020-04-09 04:00:00,1.08636,1.08592,1.08329,1.0925,0.3099,-4.4,-13.64,-13.64,10,time_exit,14.8624,0.00205,0.12194,-1.32611,new_york,2020
EURUSD,-1,2020-04-10 01:00:00,2020-04-10 11:00:00,1.09231,1.09422,1.09539,1.08615,0.3089,-19.1,-59.0,-59.0,10,time_exit,26.89626,0.00205,1.8692,-0.15165,,2020
EURUSD,1,2020-04-13 14:00:00,2020-04-14 00:00:00,1.0914,1.09051,1.08926,1.09567,0.4423,-8.9,-39.36,-39.37,10,time_exit,20.87717,0.00142,-0.77025,1.53798,london,2020
EURUSD,1,2020-04-14 23:00:00,2020-04-15 09:00:00,1.09858,1.09622,1.09622,1.10331,0.398,-23.6,-94.09,-94.09,10,stop_loss,25.27169,0.00158,2.86093,1.72772,,2020
EURUSD,-1,2020-04-15 19:00:00,2020-04-15 21:00:00,1.0908,1.09383,1.09383,1.08474,0.3073,-30.3,-93.16,-93.17,2,stop_loss,37.48632,0.00202,-1.53691,0.99268,new_york,2020
EURUSD,-1,2020-04-16 10:00:00,2020-04-16 18:00:00,1.08848,1.08339,1.09103,1.08339,0.3622,50.9,184.46,184.46,8,take_profit,27.82835,0.0017,-2.02988,0.19133,london,2020
EURUSD,-1,2020-04-17 16:00:00,2020-04-20 02:00:00,1.08645,1.08638,1.08938,1.08058,0.3206,0.7,2.24,2.24,10,time_exit,28.40642,0.00196,-0.49586,-1.35438,new_york,2020
EURUSD,-1,2020-04-20 21:00:00,2020-04-21 07:00:00,1.08688,1.08331,1.08935,1.08193,0.3805,35.7,135.84,135.84,10,time_exit,9.92001,0.00165,-0.10003,-1.34946,new_york,2020
EURUSD,-1,2020-04-21 08:00:00,2020-04-21 16:00:00,1.08331,1.08533,1.08533,1.07927,0.4722,-20.2,-95.44,-95.44,8,stop_loss,13.43492,0.00135,-2.27003,-1.84189,london,2020
EURUSD,-1,2020-04-23 05:00:00,2020-04-23 12:00:00,1.08182,1.07788,1.08379,1.07788,0.4794,39.4,188.99,188.99,7,take_profit,23.48309,0.00131,-1.83865,-2.22564,,2020
EURUSD,-1,2020-04-27 15:00:00,2020-04-28 01:00:00,1.08546,1.08286,1.08772,1.08093,0.4257,26.0,110.68,110.68,10,time_exit,26.57519,0.00151,2.57922,-1.70589,london,2020
EURUSD,-1,2020-04-28 22:00:00,2020-04-29 08:00:00,1.08356,1.08554,1.08596,1.07876,0.406,-19.8,-80.39,-80.39,10,time_exit,16.36292,0.0016,0.17578,-0.48475,,2020
EURUSD,-1,2020-04-30 07:00:00,2020-04-30 09:00:00,1.08631,1.08827,1.08827,1.08239,0.493,-19.6,-96.7,-96.7,2,stop_loss,12.11291,0.00131,0.86496,0.5327,london,2020
EURUSD,-1,2020-05-01 14:00:00,2020-05-01 17:00:00,1.09814,1.10056,1.10056,1.0933,0.3955,-24.2,-95.73,-95.73,3,stop_loss,37.60204,0.00161,4.21325,2.84721,london,2020
EURUSD,1,2020-05-04 04:00:00,2020-05-04 11:00:00,1.09472,1.09247,1.09247,1.09923,0.4205,-22.5,-94.77,-94.78,7,stop_loss,34.0504,0.0015,0.4885,3.87106,,2020
EURUSD,-1,2020-05-05 10:00:00,2020-05-05 11:00:00,1.09031,1.092,1.092,1.08692,0.5536,-16.9,-93.82,-93.82,1,stop_loss_ambiguous,26.79415,0.00113,-1.70881,2.76204,london,2020
EURUSD,1,2020-05-05 11:00:00,2020-05-05 12:00:00,1.08986,1.08808,1.08808,1.09342,0.5214,-17.8,-92.89,-92.89,1,stop_loss,27.20087,0.00119,-1.92583,2.54265,london,2020
EURUSD,-1,2020-05-05 16:00:00,2020-05-05 17:00:00,1.08417,1.08692,1.08692,1.07866,0.3339,-27.5,-91.96,-91.97,1,stop_loss,36.59349,0.00184,-3.55291,0.98536,new_york,2020
EURUSD,-1,2020-05-05 23:00:00,2020-05-06 09:00:00,1.08464,1.0833,1.08746,1.079,0.3229,13.4,43.27,43.27,10,time_exit,25.13886,0.00188,-2.45843,0.35287,,2020
EURUSD,1,2020-05-06 12:00:00,2020-05-06 22:00:00,1.08022,1.07936,1.07786,1.08495,0.3869,-8.6,-33.27,-33.28,10,time_exit,24.16863,0.00158,-4.23913,-0.71047,london,2020
EURUSD,-1,2020-05-07 11:00:00,2020-05-07 19:00:00,1.07989,1.08179,1.08179,1.07608,0.4786,-19.0,-91.13,-91.14,8,stop_loss,26.02299,0.00127,-2.21167,-2.86457,london,2020
EURUSD,-1,2020-05-08 01:00:00,2020-05-08 11:00:00,1.08314,1.08345,1.0855,1.07842,0.3825,-3.1,-11.86,-11.86,10,time_exit,19.46612,0.00157,0.74854,-2.3236,,2020
EURUSD,1,2020-05-11 13:00:00,2020-05-11 18:00:00,1.08247,1.08043,1.08043,1.08656,0.4409,-20.4,-90.11,-90.11,5,stop_loss,14.59618,0.00136,-0.77832,-1.19103,london,2020
EURUSD,1,2020-05-13 02:00:00,2020-05-13 10:00:00,1.08519,1.08331,1.08331,1.08894,0.4755,-18.8,-89.21,-89.21,8,stop_loss,27.56765,0.00125,1.40232,-0.81029,,2020
EURUSD,1,2020-05-15 03:00:00,2020-05-15 13:00:00,1.08062,1.08104,1.0787,1.08446,0.4598,4.2,19.31,19.31,10,time_exit,21.17646,0.00128,-0.63047,-1.58617,,2020
EURUSD,1,2020-05-15 14:00:00,2020-05-15 15:00:00,1.08104,1.07931,1.07931,1.0845,0.5112,-17.3,-88.51,-88.51,1,stop_loss,11.86151,0.00115,-0.12695,-1.72126,london,2020
EURUSD,1,2020-05-15 15:00:00,2020-05-15 16:00:00,1.08002,1.08364,1.07821,1.08364,0.4837,36.2,175.22,175.22,1,take_profit,11.67172,0.00121,-0.92021,-1.65699,london,2020
EURUSD,1,2020-05-20 20:00:00,2020-05-21 06:00:00,1.09757,1.09608,1.09539,1.10194,0.4093,-14.9,-60.99,-60.99,10,time_exit,52.88314,0.00146,3.24006,3.86565,new_york,2020
EURUSD,-1,2020-05-22 01:00:00,2020-05-22 11:00:00,1.09468,1.09011,1.09697,1.09011,0.3883,45.7,177.53,177.53,10,take_profit,23.30157,0.00152,-0.44624,3.77132,,2020
EURUSD,1,2020-05-22 19:00:00,2020-05-25 05:00:00,1.08932,1.08876,1.08724,1.09347,0.4361,-5.6,-24.42,-24.42,10,time_exit,36.18169,0.00138,-2.91999,2.44553,new_york,2020
EURUSD,1,2020-05-25 20:00:00,2020-05-26 06:00:00,1.08934,1.09183,1.08773,1.09257,0.5591,24.9,139.22,139.21,10,time_exit,23.05004,0.00108,-1.48811,0.9928,new_york,2020
EURUSD,-1,2020-05-26 06:00:00,2020-05-26 09:00:00,1.0912,1.09244,1.09244,1.08871,0.7367,-12.4,-91.68,-91.68,3,stop_loss,17.9774,0.00083,0.6064,0.96094,,2020
EURUSD,-1,2020-06-01 16:00:00,2020-06-01 17:00:00,1.111,1.11368,1.11368,1.10564,0.3384,-26.8,-90.76,-90.76,1,stop_loss,19.43603,0.00179,0.81429,5.20117,new_york,2020
EURUSD,1,2020-06-03 03:00:00,2020-06-03 13:00:00,1.11852,1.12,1.11628,1.12299,0.402,14.8,59.5,59.49,10,time_exit,23.71283,0.00149,2.93415,6.38692,,2020
EURUSD,1,2020-06-03 17:00:00,2020-06-04 03:00:00,1.12145,1.12221,1.11875,1.12686,0.3347,7.6,25.44,25.44,10,time_exit,31.33521,0.0018,2.57842,5.62269,new_york,2020
EURUSD,-1,2020-06-08 14:00:00,2020-06-08 15:00:00,1.12714,1.12985,1.12985,1.12173,0.3352,-27.1,-90.7,-90.7,1,stop_loss,16.00343,0.0018,-1.04591,6.19917,london,2020
EURUSD,1,2020-06-09 08:00:00,2020-06-09 10:00:00,1.12855,1.12654,1.12654,1.13257,0.4467,-20.1,-89.8,-89.8,2,stop_loss,11.23261,0.00134,-0.50717,7.08001,london,2020
EURUSD,1,2020-06-10 19:00:00,2020-06-10 21:00:00,1.13541,1.13262,1.13262,1.14099,0.3186,-27.9,-88.91,-88.91,2,stop_loss_ambiguous,26.19266,0.00186,1.2168,4.99141,new_york,2020
EURUSD,-1,2020-06-11 18:00:00,2020-06-11 20:00:00,1.13813,1.13105,1.14167,1.13105,0.2486,70.8,176.05,176.05,2,take_profit,20.20817,0.00236,1.08893,3.79312,new_york,2020
EURUSD,-1,2020-06-12 18:00:00,2020-06-15 04:00:00,1.12464,1.12592,1.12836,1.1172,0.2414,-12.8,-30.9,-30.9,10,time_exit,16.61402,0.00248,-3.10173,1.97611,new_york,2020
EURUSD,-1,2020-06-15 10:00:00,2020-06-15 11:00:00,1.12311,1.12613,1.12613,1.11707,0.2963,-30.2,-89.45,-89.45,1,stop_loss,24.92595,0.00201,-2.79987,0.85283,london,2020
EURUSD,-1,2020-06-15 14:00:00,2020-06-15 16:00:00,1.12462,1.12766,1.12766,1.11853,0.291,-30.4,-88.57,-88.57,2,stop_loss,23.7752,0.00203,-1.77105,0.62019,london,2020
EURUSD,1,2020-06-16 08:00:00,2020-06-16 14:00:00,1.13327,1.13077,1.13077,1.13827,0.3505,-25.0,-87.68,-87.69,6,stop_loss,34.47467,0.00167,2.07933,1.31855,london,2020
EURUSD,-1,2020-06-17 07:00:00,2020-06-17 10:00:00,1.12644,1.12891,1.12891,1.1215,0.3517,-24.7,-86.81,-86.82,3,stop_loss,32.24102,0.00165,-1.32097,0.52648,london,2020
EURUSD,-1,2020-06-18 22:00:00,2020-06-19 08:00:00,1.12088,1.12147,1.12362,1.1154,0.3138,-5.9,-18.51,-18.52,10,time_exit,30.57777,0.00183,-1.97251,-1.0738,,2020
EURUSD,1,2020-06-22 08:00:00,2020-06-22 17:00:00,1.12032,1.12477,1.11809,1.12477,0.3853,44.5,171.5,171.5,9,take_profit,31.5278,0.00148,-0.37879,-2.46071,london,2020
EURUSD,1,2020-06-24 11:00:00,2020-06-24 12:00:00,1.12984,1.12776,1.12776,1.134,0.4208,-20.8,-87.47,-87.48,1,stop_loss,29.24814,0.00139,0.98213,1.71998,london,2020
EURUSD,1,2020-06-25 19:00:00,2020-06-26 05:00:00,1.12198,1.12202,1.11957,1.1268,0.3595,0.4,1.44,1.44,10,time_exit,43.14163,0.00161,-2.10296,-0.23788,new_york,2020
EURUSD,1,2020-06-30 23:00:00,2020-07-01 09:00:00,1.12336,1.12334,1.1208,1.12848,0.3385,-0.2,-0.68,-0.68,10,time_exit,21.29598,0.00171,0.03686,-0.63126,,2020
EURUSD,1,2020-07-01 11:00:00,2020-07-01 12:00:00,1.12316,1.12129,1.12129,1.12691,0.462,-18.7,-86.6,-86.6,1,stop_loss,14.26964,0.00125,-0.04911,-0.80885,london,2020
EURUSD,1,2020-07-02 06:00:00,2020-07-02 11:00:00,1.12605,1.1298,1.12418,1.1298,0.4575,37.5,171.48,171.48,5,take_profit,15.23079,0.00125,1.70445,-0.26319,,2020
EURUSD,-1,2020-07-03 04:00:00,2020-07-03 14:00:00,1.124,1.12246,1.12596,1.12007,0.4451,15.4,68.55,68.54,10,time_exit,19.04315,0.00131,-0.50886,0.13289,,2020
EURUSD,-1,2020-07-03 18:00:00,2020-07-06 03:00:00,1.12417,1.12607,1.12607,1.12037,0.4635,-19.0,-88.14,-88.14,9,stop_loss,20.30116,0.00127,-0.01538,-0.14528,new_york,2020
EURUSD,-1,2020-07-06 08:00:00,2020-07-06 14:00:00,1.12917,1.13079,1.13079,1.12592,0.5372,-16.2,-87.25,-87.25,6,stop_loss,23.73858,0.00108,3.95349,0.33009,london,2020
EURUSD,-1,2020-07-06 16:00:00,2020-07-07 02:00:00,1.13298,1.13125,1.13491,1.12912,0.4472,17.3,77.37,77.36,10,time_exit,38.23492,0.00129,5.14049,1.07705,new_york,2020
EURUSD,1,2020-07-07 03:00:00,2020-07-07 09:00:00,1.13125,1.12953,1.12953,1.13469,0.5068,-17.2,-87.16,-87.17,6,stop_loss,35.24567,0.00115,2.74972,2.15302,,2020
EURUSD,-1,2020-07-07 12:00:00,2020-07-07 14:00:00,1.12646,1.12846,1.12846,1.12247,0.4321,-20.0,-86.28,-86.28,2,stop_loss,29.29778,0.00133,-1.68011,2.00908,london,2020
EURUSD,1,2020-07-09 02:00:00,2020-07-09 12:00:00,1.13327,1.13311,1.13132,1.13717,0.4379,-1.6,-7.01,-7.01,10,time_exit,25.79708,0.0013,2.58729,2.10466,,2020
EURUSD,-1,2020-07-09 17:00:00,2020-07-10 03:00:00,1.13266,1.12782,1.13508,1.12782,0.3524,48.4,170.72,170.72,10,take_profit,21.84739,0.00161,0.51654,2.2759,new_york,2020
EURUSD,-1,2020-07-10 09:00:00,2020-07-10 11:00:00,1.12696,1.12875,1.12875,1.12338,0.487,-17.9,-87.07,-87.07,2,stop_loss,29.4841,0.00119,-2.68116,1.63827,london,2020
EURUSD,1,2020-07-13 18:00:00,2020-07-13 22:00:00,1.13675,1.13456,1.13456,1.14113,0.394,-21.9,-86.2,-86.2,4,stop_loss,17.81837,0.00146,3.68071,1.58755,new_york,2020
EURUSD,-1,2020-07-14 22:00:00,2020-07-15 03:00:00,1.13935,1.14156,1.14156,1.13493,0.3862,-22.1,-85.33,-85.33,5,stop_loss,24.23588,0.00147,2.97909,2.79453,,2020
EURUSD,1,2020-07-15 11:00:00,2020-07-15 17:00:00,1.14328,1.14111,1.14111,1.14762,0.3895,-21.7,-84.47,-84.47,6,stop_loss,29.10228,0.00145,4.17415,3.60881,london,2020
EURUSD,-1,2020-07-16 16:00:00,2020-07-16 17:00:00,1.14107,1.14319,1.14319,1.13683,0.3941,-21.2,-83.63,-83.63,1,stop_loss,18.07386,0.00141,0.95714,3.84679,new_york,2020
EURUSD,-1,2020-07-22 09:00:00,2020-07-22 13:00:00,1.15397,1.15603,1.15603,1.14985,0.4019,-20.6,-82.78,-82.79,4,stop_loss,36.31682,0.00137,4.27635,5.23487,london,2020
EURUSD,-1,2020-07-22 22:00:00,2020-07-23 08:00:00,1.15692,1.15843,1.15981,1.15113,0.2832,-15.1,-42.76,-42.77,10,time_exit,35.08503,0.00193,2.74822,4.55895,,2020
EURUSD,-1,2020-07-23 13:00:00,2020-07-23 15:00:00,1.15918,1.15495,1.1613,1.15495,0.3855,42.3,163.09,163.09,2,take_profit,30.31513,0.00141,3.3567,6.76514,london,2020
EURUSD,1,2020-07-23 18:00:00,2020-07-24 04:00:00,1.15955,1.16139,1.15668,1.16529,0.2897,18.4,53.3,53.3,10,time_exit,25.36815,0.00191,2.35927,4.96602,new_york,2020
EURUSD,-1,2020-07-24 05:00:00,2020-07-24 15:00:00,1.16139,1.16149,1.16395,1.15627,0.3271,-1.0,-3.27,-3.27,10,time_exit,16.98047,0.00171,2.56375,5.81196,,2020
EURUSD,-1,2020-07-27 17:00:00,2020-07-28 03:00:00,1.17594,1.17662,1.17911,1.16959,0.2635,-6.8,-17.92,-17.92,10,time_exit,43.1517,0.00212,5.1044,5.79062,new_york,2020
EURUSD,-1,2020-07-28 21:00:00,2020-07-29 07:00:00,1.17308,1.17296,1.17616,1.16692,0.2709,1.2,3.25,3.25,10,time_exit,23.14048,0.00205,1.05315,6.27106,new_york,2020
EURUSD,-1,2020-07-29 15:00:00,2020-07-29 16:00:00,1.17224,1.17458,1.17458,1.16756,0.3572,-23.4,-83.51,-83.52,1,stop_loss,21.14507,0.00156,0.07052,7.44863,london,2020
EURUSD,1,2020-07-29 19:00:00,2020-07-30 05:00:00,1.17692,1.17771,1.17434,1.18207,0.3211,7.9,25.37,25.36,10,time_exit,20.29552,0.00172,2.44665,6.75093,new_york,2020
EURUSD,-1,2020-07-30 22:00:00,2020-07-31 02:00:00,1.18386,1.18689,1.18689,1.1778,0.2736,-30.3,-82.95,-82.96,4,stop_loss,25.77664,0.00202,3.75461,5.52775,,2020
EURUSD,-1,2020-07-31 15:00:00,2020-07-31 19:00:00,1.18398,1.17784,1.18705,1.17784,0.2675,61.4,164.21,164.21,4,take_profit,41.1694,0.00205,1.22622,6.34412,london,2020
EURUSD,1,2020-07-31 20:00:00,2020-08-03 03:00:00,1.17912,1.17529,1.17529,1.18677,0.2189,-38.3,-83.74,-83.74,7,stop_loss,34.58035,0.00255,-0.96724,4.87674,new_york,2020
EURUSD,-1,2020-08-03 10:00:00,2020-08-03 11:00:00,1.17501,1.17818,1.17818,1.16866,0.2612,-31.7,-82.92,-82.92,1,stop_loss,37.74862,0.00212,-2.25632,4.505,london,2020
EURUSD,1,2020-08-04 12:00:00,2020-08-04 13:00:00,1.17926,1.17684,1.17684,1.18409,0.3397,-24.2,-82.09,-82.1,1,stop_loss,22.95436,0.00161,1.16147,3.64635,london,2020
EURUSD,-1,2020-08-05 13:00:00,2020-08-05 16:00:00,1.18565,1.18833,1.18833,1.18029,0.3035,-26.8,-81.26,-81.27,3,stop_loss,24.24279,0.00179,3.62321,3.29336,london,2020
EURUSD,-1,2020-08-05 16:00:00,2020-08-06 02:00:00,1.18778,1.18722,1.1908,1.18175,0.2667,5.6,14.94,14.93,10,time_exit,28.95477,0.00201,3.90952,3.10416,new_york,2020
EURUSD,1,2020-08-06 02:00:00,2020-08-06 10:00:00,1.18725,1.18451,1.18451,1.19274,0.2939,-27.4,-80.61,-80.61,8,stop_loss,34.36425,0.00183,2.69546,4.02021,,2020
EURUSD,-1,2020-08-06 20:00:00,2020-08-07 06:00:00,1.18802,1.18262,1.19155,1.18097,0.2262,54.0,122.15,122.15,10,time_exit,26.74583,0.00235,1.60379,3.16041,new_york,2020
EURUSD,-1,2020-08-07 16:00:00,2020-08-07 17:00:00,1.18312,1.17709,1.18614,1.17709,0.2686,60.3,162.05,162.04,1,take_profit,22.68434,0.00201,-0.66298,3.05864,new_york,2020
EURUSD,1,2020-08-07 23:00:00,2020-08-10 09:00:00,1.17888,1.17662,1.17574,1.18516,0.263,-22.6,-59.44,-59.44,10,time_exit,25.81458,0.00209,-1.90161,2.19297,,2020
EURUSD,-1,2020-08-10 10:00:00,2020-08-10 16:00:00,1.17662,1.17894,1.17894,1.17199,0.354,-23.2,-82.04,-82.04,6,stop_loss,23.18083,0.00154,-3.08043,1.98385,london,2020
EURUSD,-1,2020-08-10 16:00:00,2020-08-11 02:00:00,1.17678,1.17362,1.17929,1.17175,0.3232,31.6,102.13,102.13,10,time_exit,30.9323,0.00168,-2.07121,1.23237,new_york,2020
EURUSD,1,2020-08-14 22:00:00,2020-08-17 08:00:00,1.18383,1.18609,1.18137,1.18876,0.334,22.6,75.48,75.48,10,time_exit,15.69234,0.00164,1.61898,1.37994,,2020
EURUSD,1,2020-08-17 11:00:00,2020-08-17 21:00:00,1.18532,1.1866,1.18335,1.18926,0.4218,12.8,53.99,53.99,10,time_exit,22.91309,0.00131,1.92809,2.38667,london,2020
EURUSD,1,2020-08-18 02:00:00,2020-08-18 11:00:00,1.18726,1.19118,1.1853,1.19118,0.4266,39.2,167.08,167.08,9,take_profit,13.69448,0.00131,2.14986,2.95488,,2020
EURUSD,1,2020-08-19 02:00:00,2020-08-19 12:00:00,1.19396,1.19367,1.19175,1.19839,0.385,-2.9,-11.16,-11.17,10,time_exit,36.55679,0.00148,3.38329,4.11609,,2020
EURUSD,-1,2020-08-20 00:00:00,2020-08-20 10:00:00,1.18364,1.18672,1.18672,1.17749,0.2767,-30.8,-85.1,-85.1,10,stop_loss,34.45352,0.00205,-3.01746,2.69026,,2020
EURUSD,-1,2020-08-20 16:00:00,2020-08-20 18:00:00,1.18308,1.18605,1.18605,1.17713,0.2832,-29.7,-84.25,-84.25,2,stop_loss,32.59873,0.00198,-2.15546,1.41025,new_york,2020
EURUSD,1,2020-08-21 03:00:00,2020-08-21 10:00:00,1.18695,1.18463,1.18463,1.19159,0.3598,-23.2,-83.39,-83.4,7,stop_loss,19.41427,0.00155,0.13931,1.34802,,2020
EURUSD,-1,2020-08-24 05:00:00,2020-08-24 12:00:00,1.18024,1.18251,1.18251,1.17569,0.3631,-22.7,-82.57,-82.57,7,stop_loss,35.53187,0.00152,-1.71557,-0.68486,,2020
EURUSD,-1,2020-08-24 19:00:00,2020-08-25 05:00:00,1.1803,1.1805,1.18269,1.17553,0.3427,-2.0,-6.85,-6.86,10,time_exit,24.38352,0.00159,-1.28728,-0.77376,new_york,2020
EURUSD,1,2020-08-26 01:00:00,2020-08-26 07:00:00,1.18336,1.18125,1.18125,1.18758,0.3872,-21.1,-81.68,-81.68,6,stop_loss,16.6456,0.00141,1.08138,-0.8152,,2020
EURUSD,1,2020-08-26 12:00:00,2020-08-26 15:00:00,1.18145,1.17952,1.17952,1.18531,0.4192,-19.3,-80.86,-80.86,3,stop_loss,14.93555,0.00129,-0.3346,-0.78252,london,2020
EURUSD,1,2020-08-26 18:00:00,2020-08-27 04:00:00,1.18178,1.18293,1.17929,1.18677,0.3211,11.5,36.93,36.92,10,time_exit,16.54364,0.00166,0.0788,-0.67129,new_york,2020
EURUSD,1,2020-08-28 00:00:00,2020-08-28 10:00:00,1.18216,1.18955,1.17846,1.18955,0.2176,73.9,160.84,160.84,10,take_profit,17.84777,0.00246,0.04928,-0.2478,,2020
EURUSD,1,2020-09-01 17:00:00,2020-09-01 18:00:00,1.19751,1.19453,1.19453,1.20348,0.2749,-29.8,-82.02,-82.02,1,stop_loss,37.58882,0.00199,1.90653,3.18227,new_york,2020
EURUSD,-1,2020-09-01 19:00:00,2020-09-02 05:00:00,1.19488,1.19058,1.19807,1.18849,0.2543,43.0,109.35,109.35,10,time_exit,33.88353,0.00213,0.4825,2.96539,new_york,2020
EURUSD,1,2020-09-03 01:00:00,2020-09-03 04:00:00,1.18543,1.18268,1.18268,1.19093,0.299,-27.5,-82.29,-82.3,3,stop_loss,33.61944,0.00183,-2.01461,0.8219,,2020
EURUSD,-1,2020-09-04 18:00:00,2020-09-04 19:00:00,1.17973,1.1826,1.1826,1.17399,0.2838,-28.7,-81.48,-81.48,1,stop_loss,16.4243,0.00191,-2.58247,-0.82571,new_york,2020
EURUSD,-1,2020-09-04 21:00:00,2020-09-07 07:00:00,1.18439,1.18339,1.18743,1.1783,0.2651,10.0,26.51,26.51,10,time_exit,15.64578,0.00203,-0.05601,-0.81011,new_york,2020
EURUSD,1,2020-09-07 19:00:00,2020-09-08 04:00:00,1.18186,1.17988,1.17988,1.18582,0.4088,-19.8,-80.94,-80.94,9,stop_loss,13.78337,0.00132,-1.35441,-1.45495,new_york,2020
EURUSD,-1,2020-09-08 10:00:00,2020-09-08 13:00:00,1.18167,1.17854,1.18323,1.17854,0.5127,31.3,160.23,160.23,3,take_profit,19.39507,0.00104,-0.81824,-2.33633,london,2020
EURUSD,-1,2020-09-11 16:00:00,2020-09-14 02:00:00,1.18465,1.18406,1.18713,1.17969,0.3294,5.9,19.43,19.43,10,time_exit,23.15695,0.00165,0.89874,-0.05755,new_york,2020
EURUSD,1,2020-09-15 19:00:00,2020-09-16 05:00:00,1.18454,1.18455,1.18244,1.18873,0.3909,0.1,0.39,0.39,10,time_exit,20.98776,0.0014,-1.32332,1.35322,new_york,2020
EURUSD,1,2020-09-16 13:00:00,2020-09-16 15:00:00,1.18769,1.18598,1.18598,1.19111,0.4796,-17.1,-81.93,-81.93,2,stop_loss,26.29483,0.00114,1.71483,1.01583,london,2020
EURUSD,-1,2020-09-16 21:00:00,2020-09-17 03:00:00,1.18269,1.17802,1.18503,1.17802,0.3471,46.7,162.19,162.19,6,take_profit,28.7508,0.00156,-1.73194,0.51459,new_york,2020
EURUSD,1,2020-09-18 18:00:00,2020-09-21 04:00:00,1.18603,1.1856,1.18344,1.19122,0.3189,-4.3,-13.71,-13.71,10,time_exit,25.09649,0.00173,1.3719,-0.08206,new_york,2020
EURUSD,1,2020-09-21 07:00:00,2020-09-21 10:00:00,1.18674,1.18481,1.18481,1.1906,0.4274,-19.3,-82.58,-82.58,3,stop_loss,20.77506,0.00129,1.83773,0.29319,london,2020
EURUSD,1,2020-09-21 17:00:00,2020-09-22 03:00:00,1.17502,1.17682,1.17226,1.18053,0.2968,18.0,53.42,53.42,10,time_exit,32.70244,0.00184,-4.43194,-0.30427,new_york,2020
EURUSD,1,2020-09-22 12:00:00,2020-09-22 17:00:00,1.17447,1.17193,1.17193,1.17955,0.3239,-25.4,-82.3,-82.3,5,stop_loss,39.37279,0.00169,-2.73391,-1.88789,london,2020
EURUSD,1,2020-09-22 21:00:00,2020-09-23 03:00:00,1.17103,1.16807,1.16807,1.17696,0.2748,-29.6,-81.47,-81.47,6,stop_loss,42.55246,0.00198,-3.08388,-2.19653,new_york,2020
EURUSD,1,2020-09-23 08:00:00,2020-09-23 18:00:00,1.16785,1.1678,1.16556,1.17242,0.3528,-0.5,-1.76,-1.77,10,time_exit,51.54116,0.00152,-4.2907,-3.83739,london,2020
EURUSD,1,2020-09-24 01:00:00,2020-09-24 11:00:00,1.1659,1.16571,1.16352,1.17065,0.3393,-1.9,-6.45,-6.45,10,time_exit,36.21238,0.00158,-3.39095,-4.47546,,2020
EURUSD,-1,2020-09-25 15:00:00,2020-09-28 01:00:00,1.16312,1.16328,1.16531,1.15875,0.3686,-1.6,-5.9,-5.9,10,time_exit,16.83692,0.00146,-2.75516,-5.01328,london,2020
EURUSD,-1,2020-09-28 02:00:00,2020-09-28 12:00:00,1.16328,1.16461,1.16531,1.15921,0.396,-13.3,-52.67,-52.67,10,time_exit,22.76199,0.00136,-1.66142,-5.66499,,2020
EURUSD,1,2020-09-29 01:00:00,2020-09-29 11:00:00,1.16652,1.16834,1.16453,1.17051,0.4009,18.2,72.96,72.96,10,time_exit,18.40904,0.00133,0.76626,-4.64436,,2020
EURUSD,-1,2020-09-29 23:00:00,2020-09-30 09:00:00,1.17398,1.17344,1.17636,1.16921,0.3385,5.4,18.28,18.28,10,time_exit,38.14542,0.00159,3.55655,-1.81107,,2020
EURUSD,1,2020-09-30 17:00:00,2020-09-30 18:00:00,1.1696,1.17459,1.1671,1.17459,0.324,49.9,161.79,161.79,1,take_profit,26.3336,0.00166,-0.51617,-0.59276,new_york,2020
EURUSD,-1,2020-10-01 17:00:00,2020-10-02 03:00:00,1.1738,1.17349,1.17654,1.16832,0.3012,3.1,9.34,9.34,10,time_exit,15.42398,0.00183,0.74374,0.30349,new_york,2020
EURUSD,1,2020-10-02 04:00:00,2020-10-02 05:00:00,1.17348,1.17146,1.17146,1.17752,0.4085,-20.2,-82.61,-82.62,1,stop_loss,8.97664,0.00135,0.26534,0.72992,,2020
EURUSD,-1,2020-10-05 15:00:00,2020-10-05 16:00:00,1.1765,1.17851,1.17851,1.17249,0.4074,-20.1,-81.78,-81.79,1,stop_loss,17.80754,0.00134,2.68296,0.48554,london,2020
EURUSD,-1,2020-10-06 16:00:00,2020-10-06 21:00:00,1.17914,1.17527,1.18107,1.17527,0.4187,38.7,161.94,161.94,5,take_profit,36.0654,0.00129,2.10418,2.17207,new_york,2020
EURUSD,1,2020-10-09 13:00:00,2020-10-09 19:00:00,1.17967,1.18272,1.17814,1.18272,0.5413,30.5,165.18,165.18,6,take_profit,14.83531,0.00102,2.92862,1.68376,london,2020
EURUSD,-1,2020-10-13 06:00:00,2020-10-13 16:00:00,1.17966,1.1768,1.18109,1.1768,0.5886,28.6,168.49,168.49,10,take_profit,15.85917,0.00095,-0.56888,3.29554,,2020
EURUSD,-1,2020-10-14 10:00:00,2020-10-14 15:00:00,1.17442,1.17578,1.17578,1.1717,0.6309,-13.6,-85.93,-85.93,5,stop_loss,28.81608,0.00091,-2.87251,0.2775,london,2020
EURUSD,1,2020-10-15 09:00:00,2020-10-15 10:00:00,1.17549,1.17405,1.17405,1.17836,0.5927,-14.4,-85.06,-85.06,1,stop_loss,14.07879,0.00096,-0.29548,-0.65513,london,2020
EURUSD,1,2020-10-16 02:00:00,2020-10-16 12:00:00,1.17059,1.17104,1.16887,1.17403,0.489,4.5,22.01,22.0,10,time_exit,26.08833,0.00115,-2.3217,-1.97117,,2020
EURUSD,1,2020-10-16 12:00:00,2020-10-16 14:00:00,1.17048,1.17369,1.16887,1.17369,0.5254,32.1,168.86,168.85,2,take_profit,22.35988,0.00107,-1.79746,-2.46913,london,2020
EURUSD,1,2020-10-16 17:00:00,2020-10-19 03:00:00,1.17302,1.17235,1.17113,1.1768,0.4552,-6.7,-30.5,-30.5,10,time_exit,21.92897,0.00126,0.47313,-1.9834,new_york,2020
EURUSD,-1,2020-10-19 23:00:00,2020-10-20 09:00:00,1.177,1.17672,1.17888,1.17323,0.4555,2.8,12.75,12.75,10,time_exit,38.88448,0.00126,2.37693,-0.54416,,2020
EURUSD,1,2020-10-21 09:00:00,2020-10-21 17:00:00,1.18458,1.18762,1.18306,1.18762,0.5649,30.4,171.89,171.89,8,take_profit,48.45537,0.00101,4.84143,3.14582,london,2020
EURUSD,1,2020-10-21 22:00:00,2020-10-22 05:00:00,1.18612,1.1841,1.1841,1.19017,0.4331,-20.2,-87.67,-87.67,7,stop_loss,53.76302,0.00135,2.81919,3.45243,,2020
EURUSD,-1,2020-10-22 09:00:00,2020-10-22 10:00:00,1.18482,1.18628,1.18628,1.1819,0.5942,-14.6,-86.79,-86.79,1,stop_loss,31.06383,0.00097,1.5859,4.97792,london,2020
EURUSD,-1,2020-10-23 02:00:00,2020-10-23 03:00:00,1.18228,1.17929,1.18378,1.17929,0.5743,29.9,171.83,171.83,1,take_profit,25.34345,0.001,-0.7029,3.87148,,2020
EURUSD,1,2020-10-23 09:00:00,2020-10-23 11:00:00,1.18037,1.18333,1.17889,1.18333,0.5914,29.6,175.28,175.27,2,take_profit,35.7183,0.00099,-1.99433,3.18146,london,2020
EURUSD,1,2020-10-26 03:00:00,2020-10-26 08:00:00,1.18481,1.18304,1.18304,1.18836,0.5043,-17.7,-89.4,-89.4,5,stop_loss,21.74127,0.00118,1.09493,2.91492,,2020
EURUSD,-1,2020-10-26 22:00:00,2020-10-27 08:00:00,1.1813,1.18312,1.18312,1.17766,0.4866,-18.2,-88.5,-88.5,10,stop_loss,20.75515,0.00121,-1.2936,1.96963,,2020
EURUSD,-1,2020-10-27 12:00:00,2020-10-27 14:00:00,1.18095,1.18257,1.18257,1.17772,0.5419,-16.2,-87.61,-87.61,2,stop_loss,17.6699,0.00108,-1.36013,1.64164,london,2020
EURUSD,-1,2020-10-27 22:00:00,2020-10-28 01:00:00,1.18121,1.17759,1.18302,1.17759,0.4797,36.2,173.48,173.48,3,take_profit,12.88344,0.00121,-0.97945,1.32044,,2020
EURUSD,1,2020-10-29 00:00:00,2020-10-29 10:00:00,1.17459,1.17363,1.1726,1.17856,0.4452,-9.6,-42.74,-42.74,10,time_exit,40.30719,0.00132,-2.66544,-1.21086,,2020
EURUSD,1,2020-10-30 01:00:00,2020-10-30 11:00:00,1.1674,1.16688,1.16532,1.17157,0.4226,-5.2,-21.98,-21.98,10,time_exit,44.09036,0.00139,-4.27777,-3.26411,,2020
EURUSD,-1,2020-10-30 11:00:00,2020-10-30 15:00:00,1.16767,1.16949,1.16949,1.16403,0.4822,-18.2,-87.83,-87.83,4,stop_loss,34.57779,0.00121,-3.21866,-4.4044,london,2020
EURUSD,1,2020-11-03 01:00:00,2020-11-03 10:00:00,1.16398,1.16731,1.16232,1.16731,0.5222,33.3,173.88,173.88,9,take_profit,24.24215,0.00111,-1.67008,-6.4805,,2020
EURUSD,-1,2020-11-04 08:00:00,2020-11-04 13:00:00,1.16588,1.17042,1.17042,1.15679,0.1952,-45.4,-88.7,-88.71,5,stop_loss,34.12876,0.00303,-0.63343,-1.32216,london,2020
EURUSD,1,2020-11-04 14:00:00,2020-11-05 00:00:00,1.17074,1.17206,1.16626,1.1797,0.1959,13.2,25.86,25.86,10,time_exit,25.19213,0.00299,0.99314,-1.2693,london,2020
EURUSD,1,2020-11-05 07:00:00,2020-11-05 11:00:00,1.17382,1.18005,1.17071,1.18005,0.2827,62.3,176.1,176.09,4,take_profit,20.97012,0.00208,1.81151,-0.78088,london,2020
EURUSD,-1,2020-11-06 10:00:00,2020-11-06 12:00:00,1.18404,1.18709,1.18709,1.17794,0.2944,-30.5,-89.82,-89.83,2,stop_loss,26.40936,0.00203,3.16931,1.80815,london,2020
EURUSD,-1,2020-11-06 14:00:00,2020-11-09 00:00:00,1.18777,1.18881,1.19091,1.18148,0.2827,-10.4,-29.4,-29.4,10,time_exit,28.45465,0.0021,4.26048,2.12568,london,2020
EURUSD,-1,2020-11-09 00:00:00,2020-11-09 10:00:00,1.18893,1.18717,1.19167,1.18345,0.3237,17.6,56.97,56.97,10,time_exit,29.51862,0.00183,3.12989,3.367,,2020
EURUSD,1,2020-11-09 13:00:00,2020-11-09 17:00:00,1.188,1.18563,1.18563,1.19273,0.377,-23.7,-89.2,-89.2,4,stop_loss,22.01036,0.00158,2.211,4.61703,london,2020
EURUSD,1,2020-11-10 09:00:00,2020-11-10 11:00:00,1.18298,1.18028,1.18028,1.18838,0.3268,-27.0,-88.3,-88.3,2,stop_loss,15.55098,0.0018,-0.45801,3.02599,london,2020
EURUSD,-1,2020-11-10 13:00:00,2020-11-10 14:00:00,1.17802,1.18119,1.18119,1.17169,0.2762,-31.7,-87.43,-87.43,1,stop_loss,16.55333,0.00211,-2.53663,2.33024,london,2020
EURUSD,1,2020-11-10 16:00:00,2020-11-11 02:00:00,1.18102,1.18178,1.17775,1.18755,0.265,7.6,20.14,20.14,10,time_exit,18.29965,0.00218,-0.933,2.08943,new_york,2020
EURUSD,-1,2020-11-11 04:00:00,2020-11-11 12:00:00,1.18271,1.17772,1.18521,1.17772,0.3475,49.9,173.5,173.5,8,take_profit,11.34654,0.00166,0.08598,2.21272,,2020
EURUSD,1,2020-11-12 01:00:00,2020-11-12 11:00:00,1.17766,1.18092,1.17564,1.1817,0.438,32.6,142.79,142.79,10,time_exit,27.9168,0.00135,-1.84311,0.97356,,2020
EURUSD,-1,2020-11-18 07:00:00,2020-11-18 09:00:00,1.18683,1.18824,1.18824,1.18401,0.6387,-14.1,-89.91,-89.91,2,stop_loss,14.00873,0.00094,1.4252,3.56999,london,2020
EURUSD,1,2020-11-18 18:00:00,2020-11-18 22:00:00,1.1875,1.18574,1.18574,1.19102,0.5062,-17.6,-89.01,-89.01,4,stop_loss,16.26651,0.00117,1.14266,2.95983,new_york,2020
EURUSD,-1,2020-11-19 23:00:00,2020-11-20 09:00:00,1.18788,1.18699,1.18966,1.18431,0.4942,8.9,43.98,43.98,10,time_exit,26.45026,0.00119,2.26761,1.65822,,2020
EURUSD,1,2020-11-24 21:00:00,2020-11-25 07:00:00,1.18814,1.18978,1.18582,1.19278,0.3821,16.4,62.66,62.66,10,time_exit,14.52493,0.00155,1.2399,0.91093,new_york,2020
EURUSD,1,2020-11-25 11:00:00,2020-11-25 13:00:00,1.19099,1.18898,1.18898,1.19501,0.4433,-20.1,-89.18,-89.18,2,stop_loss,21.13469,0.00134,2.36245,1.74775,london,2020
EURUSD,1,2020-11-26 02:00:00,2020-11-26 12:00:00,1.19162,1.19078,1.18961,1.19565,0.4383,-8.4,-36.82,-36.82,10,time_exit,27.48103,0.00134,1.79312,2.22863,,2020
EURUSD,1,2020-11-27 03:00:00,2020-11-27 13:00:00,1.19137,1.19226,1.19001,1.19409,0.6459,8.9,57.49,57.48,10,time_exit,15.02756,0.00091,0.95727,3.46905,,2020
EURUSD,-1,2020-11-27 22:00:00,2020-11-30 01:00:00,1.19572,1.19726,1.19726,1.19263,0.573,-15.4,-88.5,-88.51,3,stop_loss,22.57507,0.00103,3.51128,3.64072,,2020
EURUSD,1,2020-12-01 22:00:00,2020-12-02 08:00:00,1.20478,1.20652,1.20238,1.20957,0.3657,17.4,63.63,63.63,10,time_exit,35.46626,0.0016,4.7049,3.38632,,2020
EURUSD,1,2020-12-02 20:00:00,2020-12-03 06:00:00,1.20935,1.21175,1.20677,1.21451,0.3418,24.0,82.03,82.03,10,time_exit,42.07568,0.00172,3.70121,4.72606,new_york,2020
EURUSD,-1,2020-12-04 16:00:00,2020-12-07 02:00:00,1.21458,1.21278,1.21686,1.21001,0.39,18.0,70.2,70.2,10,time_exit,32.78657,0.00152,1.36321,7.1491,new_york,2020
EURUSD,1,2020-12-08 20:00:00,2020-12-09 06:00:00,1.21152,1.21288,1.20933,1.2159,0.4102,13.6,55.79,55.79,10,time_exit,11.75777,0.00146,-0.31282,4.16824,new_york,2020
EURUSD,-1,2020-12-10 16:00:00,2020-12-10 17:00:00,1.21258,1.21488,1.21488,1.20797,0.3922,-23.0,-90.34,-90.34,1,stop_loss,17.93455,0.00154,1.54385,1.84008,new_york,2020
EURUSD,-1,2020-12-14 02:00:00,2020-12-14 09:00:00,1.21333,1.21542,1.21542,1.20914,0.4273,-20.9,-89.43,-89.43,7,stop_loss,19.74446,0.0014,0.83233,2.24812,,2020
EURUSD,1,2020-12-15 05:00:00,2020-12-15 09:00:00,1.21591,1.21404,1.21404,1.21965,0.4728,-18.7,-88.53,-88.53,4,stop_loss,14.73971,0.00125,1.55808,2.87198,,2020
EURUSD,-1,2020-12-16 04:00:00,2020-12-16 09:00:00,1.21511,1.21698,1.21698,1.21137,0.4692,-18.7,-87.65,-87.65,5,stop_loss,11.38203,0.00125,0.35712,2.66372,,2020
EURUSD,-1,2020-12-16 16:00:00,2020-12-16 21:00:00,1.21878,1.21447,1.22094,1.21447,0.4024,43.1,173.54,173.54,5,take_profit,21.54571,0.00144,1.94144,2.70611,new_york,2020
EURUSD,-1,2020-12-17 00:00:00,2020-12-17 06:00:00,1.21988,1.22273,1.22273,1.21418,0.3104,-28.5,-88.5,-88.5,6,stop_loss,18.80887,0.0019,1.78474,2.10068,,2020
EURUSD,-1,2020-12-17 09:00:00,2020-12-17 15:00:00,1.22308,1.22532,1.22532,1.21861,0.392,-22.4,-87.63,-87.63,6,stop_loss,16.30473,0.00149,3.44089,3.12812,london,2020
EURUSD,-1,2020-12-18 16:00:00,2020-12-21 02:00:00,1.22488,1.22104,1.2268,1.22104,0.4516,38.4,173.47,173.47,10,take_profit,23.6912,0.00128,1.40076,5.19173,new_york,2020
EURUSD,-1,2020-12-21 06:00:00,2020-12-21 10:00:00,1.21847,1.22089,1.22089,1.21362,0.365,-24.2,-88.49,-88.49,4,stop_loss,20.25464,0.00162,-2.67094,3.43082,,2020
EURUSD,1,2020-12-22 08:00:00,2020-12-22 17:00:00,1.22185,1.21929,1.21929,1.22698,0.3415,-25.6,-87.59,-87.59,9,stop_loss,13.4715,0.00171,-0.15018,2.29321,london,2020
EURUSD,1,2020-12-24 19:00:00,2020-12-28 07:00:00,1.21816,1.22217,1.21616,1.22217,0.4328,40.1,173.43,173.43,9,take_profit,14.02286,0.00134,-1.03221,0.65985,new_york,2020
EURUSD,1,2020-12-28 11:00:00,2020-12-28 12:00:00,1.22394,1.22203,1.22203,1.22776,0.4627,-19.1,-88.45,-88.46,1,stop_loss,22.72032,0.00127,2.97675,0.95947,london,2020
EURUSD,1,2020-12-28 16:00:00,2020-12-29 02:00:00,1.22133,1.22257,1.21897,1.22605,0.3711,12.4,46.02,46.01,10,time_exit,20.61057,0.00157,0.57536,0.85364,new_york,2020
EURUSD,-1,2020-12-29 12:00:00,2020-12-29 16:00:00,1.22499,1.22693,1.22693,1.2211,0.453,-19.4,-88.03,-88.03,4,stop_loss,30.60895,0.0013,2.48271,1.58666,london,2020
EURUSD,1,2020-12-30 09:00:00,2020-12-30 10:00:00,1.22818,1.22625,1.22625,1.23204,0.4514,-19.3,-87.15,-87.15,1,stop_loss,43.35741,0.00129,2.90194,2.71789,london,2020
EURUSD,1,2020-12-30 11:00:00,2020-12-30 16:00:00,1.22588,1.22998,1.22383,1.22998,0.4213,41.0,172.56,172.55,5,take_profit,39.22924,0.00137,0.94676,2.58878,london,2020
EURUSD,1,2020-12-31 15:00:00,2020-12-31 17:00:00,1.22719,1.22495,1.22495,1.23167,0.3925,-22.4,-88.01,-88.02,2,stop_loss,26.75252,0.00149,-0.20507,3.02379,london,2020
EURUSD,1,2021-01-04 14:00:00,2021-01-04 17:00:00,1.22933,1.22694,1.22694,1.23411,0.3648,-23.9,-87.13,-87.14,3,stop_loss,22.66381,0.00159,1.6657,2.00791,london,2021
EURUSD,1,2021-01-04 17:00:00,2021-01-04 18:00:00,1.22892,1.22637,1.22637,1.23403,0.3378,-25.5,-86.25,-86.25,1,stop_loss,26.39122,0.0017,1.12214,1.97118,new_york,2021
EURUSD,1,2021-01-04 19:00:00,2021-01-05 05:00:00,1.22538,1.2273,1.22261,1.23092,0.3081,19.2,59.16,59.15,10,time_exit,23.41488,0.00185,-0.85592,1.75622,new_york,2021
EURUSD,1,2021-01-07 15:00:00,2021-01-08 01:00:00,1.22676,1.22691,1.22389,1.23251,0.2992,1.5,4.49,4.49,10,time_exit,23.58668,0.00192,-1.64342,1.72435,london,2021
EURUSD,-1,2021-01-08 02:00:00,2021-01-08 10:00:00,1.22691,1.22196,1.22939,1.22196,0.3475,49.5,172.07,172.07,8,take_profit,23.59197,0.00165,-1.11299,1.29619,,2021
EURUSD,1,2021-01-11 22:00:00,2021-01-12 08:00:00,1.21624,1.21609,1.21359,1.22155,0.3306,-1.5,-4.96,-4.96,10,time_exit,35.28665,0.00177,-2.52805,-2.07316,,2021
EURUSD,-1,2021-01-14 17:00:00,2021-01-14 18:00:00,1.21171,1.21408,1.21408,1.20698,0.3706,-23.7,-87.71,-87.71,1,stop_loss,31.37175,0.00158,-2.97892,-2.65073,new_york,2021
EURUSD,1,2021-01-15 09:00:00,2021-01-15 10:00:00,1.21377,1.21179,1.21179,1.21773,0.4386,-19.8,-86.82,-86.82,1,stop_loss,14.94051,0.00132,-1.49534,-3.04806,london,2021
EURUSD,1,2021-01-18 00:00:00,2021-01-18 10:00:00,1.20822,1.20696,1.20623,1.21219,0.4329,-12.6,-54.55,-54.55,10,time_exit,30.93151,0.00132,-4.29761,-3.94235,,2021
EURUSD,1,2021-01-19 09:00:00,2021-01-19 12:00:00,1.20981,1.21239,1.20852,1.21239,0.6632,25.8,170.82,170.81,3,take_profit,23.75299,0.00086,0.43571,-7.04296,london,2021
EURUSD,-1,2021-01-19 18:00:00,2021-01-20 04:00:00,1.21283,1.21471,1.21471,1.20908,0.4643,-18.8,-87.12,-87.12,10,stop_loss,38.08245,0.00125,2.00843,-3.90955,new_york,2021
EURUSD,1,2021-01-20 07:00:00,2021-01-20 11:00:00,1.21408,1.21252,1.21252,1.2172,0.5522,-15.6,-86.24,-86.24,4,stop_loss,47.78673,0.00104,2.40735,-3.27067,london,2021
EURUSD,1,2021-01-20 21:00:00,2021-01-21 07:00:00,1.21094,1.21347,1.2086,1.21562,0.3653,25.3,92.42,92.42,10,time_exit,37.19488,0.00156,-0.42162,-1.9048,new_york,2021
EURUSD,-1,2021-01-22 08:00:00,2021-01-22 11:00:00,1.21721,1.21881,1.21881,1.21402,0.541,-16.0,-86.3,-86.3,3,stop_loss,30.27131,0.00106,2.74112,-0.25363,london,2021
EURUSD,1,2021-01-22 11:00:00,2021-01-22 14:00:00,1.21799,1.21616,1.21616,1.22164,0.468,-18.3,-85.44,-85.44,3,stop_loss,27.20744,0.00122,2.80707,-0.04554,london,2021
EURUSD,1,2021-01-25 12:00:00,2021-01-25 16:00:00,1.21476,1.21296,1.21296,1.21836,0.47,-18.0,-84.59,-84.59,4,stop_loss,20.23749,0.0012,-1.14366,0.80786,london,2021
EURUSD,1,2021-01-25 16:00:00,2021-01-25 17:00:00,1.2147,1.21292,1.21292,1.21826,0.4703,-17.8,-83.74,-83.74,1,stop_loss,22.66552,0.00119,-1.10847,0.71206,new_york,2021
EURUSD,1,2021-01-26 06:00:00,2021-01-26 08:00:00,1.21397,1.21242,1.21242,1.21706,0.5358,-15.5,-82.91,-82.91,2,stop_loss,30.9398,0.00103,-1.11938,0.11651,,2021
EURUSD,-1,2021-01-27 13:00:00,2021-01-27 16:00:00,1.2131,1.20957,1.21486,1.20957,0.4652,35.3,164.16,164.16,3,take_profit,16.2056,0.00118,-1.69927,0.08808,london,2021
EURUSD,1,2021-01-27 18:00:00,2021-01-28 04:00:00,1.20911,1.20943,1.20659,1.21414,0.3327,3.2,10.65,10.64,10,time_exit,29.15262,0.00168,-3.001,-0.35913,new_york,2021
EURUSD,-1,2021-01-29 14:00:00,2021-01-29 15:00:00,1.21268,1.21477,1.21477,1.2085,0.401,-20.9,-83.83,-83.83,1,stop_loss,19.08483,0.00139,0.67401,-1.22105,london,2021
EURUSD,1,2021-02-01 01:00:00,2021-02-01 10:00:00,1.2128,1.21068,1.21068,1.21705,0.3906,-21.2,-82.99,-82.99,9,stop_loss,19.42124,0.00142,0.26973,-0.74595,,2021
EURUSD,-1,2021-02-03 02:00:00,2021-02-03 12:00:00,1.20369,1.20212,1.20568,1.19971,0.4132,15.7,64.87,64.87,10,time_exit,25.10147,0.00133,-2.23717,-3.2017,,2021
EURUSD,-1,2021-02-04 20:00:00,2021-02-05 06:00:00,1.19606,1.19562,1.1979,1.19238,0.4504,4.4,19.82,19.82,10,time_exit,45.27388,0.00123,-4.79321,-4.70092,new_york,2021
EURUSD,-1,2021-02-05 10:00:00,2021-02-05 11:00:00,1.19634,1.19772,1.19772,1.19358,0.601,-13.8,-83.01,-83.01,1,stop_loss,52.37346,0.00092,-3.43425,-7.27964,london,2021
EURUSD,1,2021-02-05 11:00:00,2021-02-05 13:00:00,1.19845,1.19691,1.19691,1.20153,0.5337,-15.4,-82.17,-82.17,2,stop_loss,49.19114,0.00103,-0.98485,-6.4953,london,2021
EURUSD,1,2021-02-08 02:00:00,2021-02-08 03:00:00,1.20486,1.20302,1.20302,1.20855,0.4409,-18.4,-81.34,-81.34,1,stop_loss,44.56688,0.00123,3.25749,-3.84651,,2021
EURUSD,-1,2021-02-09 10:00:00,2021-02-09 11:00:00,1.20813,1.20969,1.20969,1.20501,0.5169,-15.6,-80.54,-80.54,1,stop_loss,32.20428,0.00104,3.79728,-1.20695,london,2021
EURUSD,-1,2021-02-09 14:00:00,2021-02-10 00:00:00,1.21054,1.2119,1.21236,1.2069,0.4385,-13.6,-59.64,-59.64,10,time_exit,39.56145,0.00121,4.48041,-0.43347,london,2021
EURUSD,-1,2021-02-10 21:00:00,2021-02-11 07:00:00,1.213,1.21265,1.21476,1.20948,0.4499,3.5,15.75,15.74,10,time_exit,35.46865,0.00117,2.39433,2.4354,new_york,2021
EURUSD,1,2021-02-16 05:00:00,2021-02-16 07:00:00,1.21455,1.21336,1.21336,1.21692,0.6677,-11.9,-79.29,-79.29,2,stop_loss,17.6287,0.00079,2.24796,3.18773,,2021
EURUSD,1,2021-02-17 13:00:00,2021-02-17 15:00:00,1.20688,1.20509,1.20509,1.21046,0.4383,-17.9,-78.5,-78.5,2,stop_loss,35.77942,0.00119,-3.43072,0.44889,london,2021
EURUSD,-1,2021-02-18 11:00:00,2021-02-18 15:00:00,1.20688,1.20856,1.20856,1.20352,0.462,-16.8,-77.71,-77.72,4,stop_loss,44.91229,0.00112,-0.28062,-1.84522,london,2021
EURUSD,1,2021-02-19 16:00:00,2021-02-19 20:00:00,1.21308,1.21129,1.21129,1.21666,0.43,-17.9,-76.93,-76.93,4,stop_loss,35.54864,0.00119,3.18128,-0.07951,new_york,2021
EURUSD,-1,2021-02-19 20:00:00,2021-02-22 06:00:00,1.21271,1.21207,1.21464,1.20884,0.3937,6.4,25.2,25.19,10,time_exit,35.06134,0.00129,2.22099,0.23717,new_york,2021
EURUSD,-1,2021-02-24 09:00:00,2021-02-24 10:00:00,1.2157,1.21741,1.21741,1.21229,0.4479,-17.1,-76.42,-76.42,1,stop_loss,16.12624,0.00114,0.96396,2.40321,london,2021
EURUSD,1,2021-02-24 14:00:00,2021-02-24 15:00:00,1.21634,1.21447,1.21447,1.22009,0.4037,-18.7,-75.65,-75.65,1,stop_loss,21.77318,0.00125,1.1623,2.24788,london,2021
EURUSD,-1,2021-02-25 10:00:00,2021-02-25 11:00:00,1.21873,1.22056,1.22056,1.21507,0.4089,-18.3,-74.89,-74.89,1,stop_loss,17.47745,0.00122,2.57732,2.3029,london,2021
EURUSD,-1,2021-02-26 22:00:00,2021-03-01 08:00:00,1.20781,1.20904,1.21109,1.20125,0.226,-12.3,-27.8,-27.8,10,time_exit,39.25643,0.00219,-3.17352,0.47921,,2021
EURUSD,1,2021-03-01 22:00:00,2021-03-02 04:00:00,1.20462,1.20208,1.20208,1.20969,0.2911,-25.4,-73.86,-73.86,6,stop_loss,35.89373,0.00169,-2.78286,-1.64412,,2021
EURUSD,-1,2021-03-03 04:00:00,2021-03-03 11:00:00,1.20915,1.21096,1.21096,1.20553,0.4042,-18.1,-73.13,-73.13,7,stop_loss,31.36957,0.00121,1.98777,-2.92765,,2021
EURUSD,1,2021-03-04 06:00:00,2021-03-04 11:00:00,1.20489,1.20288,1.20288,1.2089,0.3607,-20.1,-72.4,-72.4,5,stop_loss,17.18868,0.00134,-1.36949,-2.09436,,2021
EURUSD,-1,2021-03-05 07:00:00,2021-03-05 15:00:00,1.19564,1.19123,1.19784,1.19123,0.3251,44.1,143.35,143.35,8,take_profit,45.59689,0.00147,-4.54078,-3.54475,london,2021
EURUSD,1,2021-03-09 19:00:00,2021-03-10 05:00:00,1.18852,1.18803,1.18607,1.19343,0.298,-4.9,-14.6,-14.6,10,time_exit,33.10978,0.00164,-0.56966,-5.89909,new_york,2021
EURUSD,1,2021-03-10 06:00:00,2021-03-10 16:00:00,1.18803,1.1916,1.18624,1.1916,0.4087,35.7,145.93,145.93,10,take_profit,24.65088,0.00119,-1.12964,-7.31198,,2021
EURUSD,-1,2021-03-11 14:00:00,2021-03-11 20:00:00,1.19644,1.19829,1.19829,1.19275,0.4031,-18.5,-74.43,-74.43,6,stop_loss,24.41954,0.00123,3.89152,-3.84401,london,2021
EURUSD,-1,2021-03-12 00:00:00,2021-03-12 09:00:00,1.19856,1.1939,1.20089,1.1939,0.3161,46.6,147.38,147.38,9,take_profit,21.22365,0.00155,3.25503,-1.91839,,2021
EURUSD,1,2021-03-12 17:00:00,2021-03-15 03:00:00,1.19316,1.19513,1.19098,1.19753,0.3442,19.7,67.81,67.81,10,time_exit,26.96791,0.00146,-0.60921,-1.48634,new_york,2021
EURUSD,1,2021-03-18 14:00:00,2021-03-18 16:00:00,1.19398,1.19162,1.19162,1.1987,0.3213,-23.6,-75.84,-75.84,2,stop_loss,25.39837,0.00157,0.10443,-0.34108,london,2021
EURUSD,1,2021-03-18 19:00:00,2021-03-19 05:00:00,1.19261,1.19087,1.19017,1.19748,0.3082,-17.4,-53.63,-53.63,10,time_exit,22.39978,0.00162,-0.60224,-0.41311,new_york,2021
EURUSD,-1,2021-03-19 07:00:00,2021-03-19 10:00:00,1.19142,1.19343,1.19343,1.1874,0.3708,-20.1,-74.53,-74.53,3,stop_loss,18.86839,0.00134,-1.00687,-0.88181,london,2021
EURUSD,-1,2021-03-19 10:00:00,2021-03-19 16:00:00,1.19254,1.18872,1.19445,1.18872,0.3865,38.2,147.6,147.59,6,take_profit,16.61336,0.00127,-0.11848,-0.94623,london,2021
EURUSD,1,2021-03-23 02:00:00,2021-03-23 10:00:00,1.19337,1.19168,1.19168,1.19675,0.445,-16.9,-75.26,-75.26,8,stop_loss,17.20878,0.00113,1.5463,-1.14639,,2021
EURUSD,1,2021-03-25 01:00:00,2021-03-25 11:00:00,1.1813,1.18052,1.17951,1.18487,0.4171,-7.8,-32.53,-32.54,10,time_exit,44.8484,0.00119,-3.57512,-3.92611,,2021
EURUSD,1,2021-03-26 01:00:00,2021-03-26 11:00:00,1.17685,1.17876,1.1749,1.18074,0.3812,19.1,72.81,72.81,10,time_exit,45.1246,0.0013,-3.8436,-4.77801,,2021
EURUSD,-1,2021-03-26 18:00:00,2021-03-29 04:00:00,1.17903,1.17855,1.18073,1.17564,0.4414,4.8,21.19,21.19,10,time_exit,28.05684,0.00113,-0.89506,-5.67766,new_york,2021
EURUSD,-1,2021-03-31 22:00:00,2021-04-01 08:00:00,1.17255,1.17176,1.17464,1.16838,0.36,7.9,28.44,28.44,10,time_exit,26.99523,0.00139,-1.05439,-4.48987,,2021
EURUSD,1,2021-04-01 14:00:00,2021-04-01 19:00:00,1.17369,1.17764,1.17172,1.17764,0.3823,39.5,150.84,150.84,5,take_profit,15.86451,0.00132,0.15394,-4.31918,london,2021
EURUSD,-1,2021-04-01 21:00:00,2021-04-02 07:00:00,1.17732,1.17778,1.17939,1.17317,0.3708,-4.6,-17.06,-17.06,10,time_exit,21.84001,0.00138,2.32187,-3.496,new_york,2021
EURUSD,1,2021-04-02 14:00:00,2021-04-02 15:00:00,1.17779,1.17641,1.17641,1.18055,0.5568,-13.8,-76.75,-76.75,1,stop_loss,25.36728,0.00092,2.06995,-3.12066,london,2021
EURUSD,1,2021-04-02 21:00:00,2021-04-05 07:00:00,1.17627,1.17591,1.17477,1.17927,0.5065,-3.6,-18.23,-18.24,10,time_exit,25.07129,0.001,0.25637,-2.5838,new_york,2021
EURUSD,-1,2021-04-06 23:00:00,2021-04-07 09:00:00,1.18738,1.18702,1.18926,1.18361,0.4026,3.6,14.49,14.49,10,time_exit,40.47221,0.00126,5.31559,1.19044,,2021
EURUSD,1,2021-04-07 12:00:00,2021-04-07 21:00:00,1.18862,1.18696,1.18696,1.19193,0.4586,-16.6,-75.95,-75.95,9,stop_loss,47.16583,0.0011,4.72594,2.89798,london,2021
EURUSD,1,2021-04-08 16:00:00,2021-04-09 02:00:00,1.18927,1.19153,1.18744,1.19293,0.4111,22.6,92.91,92.91,10,time_exit,19.48997,0.00122,2.44576,3.47573,new_york,2021
EURUSD,1,2021-04-09 03:00:00,2021-04-09 08:00:00,1.19153,1.18995,1.18995,1.19469,0.481,-15.8,-76.11,-76.12,5,stop_loss,31.83456,0.00105,3.29723,4.78621,,2021
EURUSD,-1,2021-04-12 10:00:00,2021-04-12 12:00:00,1.18854,1.18996,1.18996,1.1857,0.5301,-14.2,-75.35,-75.35,2,stop_loss,18.75251,0.00095,-0.53131,4.53819,london,2021
EURUSD,1,2021-04-12 17:00:00,2021-04-13 03:00:00,1.19055,1.19041,1.18874,1.19417,0.4125,-1.4,-5.78,-5.78,10,time_exit,18.04961,0.00121,1.04603,3.47669,new_york,2021
EURUSD,-1,2021-04-13 03:00:00,2021-04-13 13:00:00,1.19118,1.18912,1.19266,1.18822,0.5033,20.6,103.68,103.68,10,time_exit,12.12371,0.00099,1.32147,4.26486,,2021
EURUSD,-1,2021-04-13 23:00:00,2021-04-14 09:00:00,1.1955,1.19693,1.19743,1.19165,0.3924,-14.3,-56.11,-56.12,10,time_exit,26.9016,0.00128,3.60469,3.25823,,2021
EURUSD,-1,2021-04-15 14:00:00,2021-04-15 15:00:00,1.19621,1.19778,1.19778,1.19307,0.4777,-15.7,-75.02,-75.02,1,stop_loss,32.31308,0.00105,0.37771,5.56684,london,2021
EURUSD,1,2021-04-15 20:00:00,2021-04-16 05:00:00,1.19711,1.19516,1.19516,1.201,0.3814,-19.5,-74.28,-74.28,9,stop_loss,26.38548,0.0013,0.83978,4.34261,new_york,2021
EURUSD,-1,2021-04-19 23:00:00,2021-04-20 06:00:00,1.20375,1.20565,1.20565,1.19995,0.3866,-19.0,-73.53,-73.53,7,stop_loss,34.73294,0.00127,3.40758,4.43388,,2021
EURUSD,1,2021-04-20 07:00:00,2021-04-20 09:00:00,1.20666,1.20499,1.20499,1.21001,0.435,-16.7,-72.79,-72.79,2,stop_loss,39.41267,0.00112,5.22507,5.56741,london,2021
EURUSD,1,2021-04-21 09:00:00,2021-04-21 10:00:00,1.20308,1.20153,1.20153,1.20618,0.4643,-15.5,-72.06,-72.06,1,stop_loss,15.75956,0.00103,0.21833,5.83645,london,2021
EURUSD,-1,2021-04-22 13:00:00,2021-04-22 14:00:00,1.20419,1.20582,1.20582,1.20093,0.4379,-16.3,-71.34,-71.34,1,stop_loss,14.8944,0.00109,1.04588,4.36783,london,2021
EURUSD,1,2021-04-29 23:00:00,2021-04-30 09:00:00,1.21288,1.21107,1.21098,1.21668,0.3719,-18.1,-67.31,-67.32,10,time_exit,15.65958,0.00127,1.69558,3.7007,,2021
EURUSD,-1,2021-04-30 13:00:00,2021-04-30 17:00:00,1.2095,1.2068,1.21085,1.2068,0.5185,27.0,139.93,139.92,4,take_profit,19.10414,0.0009,-1.6574,4.71173,london,2021
EURUSD,1,2021-05-03 18:00:00,2021-05-03 19:00:00,1.20734,1.20543,1.20543,1.21115,0.3743,-19.1,-71.35,-71.35,1,stop_loss,40.55847,0.00127,0.87262,0.12897,new_york,2021
EURUSD,1,2021-05-04 09:00:00,2021-05-04 10:00:00,1.20364,1.20232,1.20232,1.20628,0.5357,-13.2,-70.64,-70.64,1,stop_loss,24.50873,0.00088,-2.49375,-0.20897,london,2021
EURUSD,1,2021-05-04 14:00:00,2021-05-05 00:00:00,1.20114,1.20116,1.19951,1.20441,0.428,0.2,0.86,0.85,10,time_exit,33.59567,0.00109,-3.53744,-0.69772,london,2021
EURUSD,-1,2021-05-05 01:00:00,2021-05-05 11:00:00,1.20116,1.19966,1.20291,1.19766,0.3998,15.0,59.97,59.97,10,time_exit,31.91052,0.00117,-2.31274,-1.27634,,2021
EURUSD,1,2021-05-05 13:00:00,2021-05-05 23:00:00,1.20038,1.20054,1.1988,1.20354,0.4465,1.6,7.14,7.14,10,time_exit,29.59513,0.00105,-2.32501,-1.96271,london,2021
EURUSD,1,2021-05-06 18:00:00,2021-05-07 04:00:00,1.20596,1.20658,1.20407,1.20973,0.3743,6.2,23.21,23.2,10,time_exit,34.87519,0.00126,2.84258,-1.35227,new_york,2021
EURUSD,1,2021-05-07 09:00:00,2021-05-07 10:00:00,1.20609,1.20867,1.2048,1.20867,0.5493,25.8,141.69,141.69,1,take_profit,40.29816,0.00086,2.3267,-0.32362,london,2021
EURUSD,-1,2021-05-10 01:00:00,2021-05-10 11:00:00,1.21654,1.21711,1.21904,1.21155,0.2894,-5.7,-16.5,-16.5,10,time_exit,55.93238,0.00166,4.95454,1.63753,,2021
EURUSD,1,2021-05-10 15:00:00,2021-05-10 22:00:00,1.21635,1.21414,1.21414,1.22078,0.3256,-22.1,-72.1,-72.11,7,stop_loss,47.4733,0.00148,3.21723,3.16417,london,2021
EURUSD,-1,2021-05-11 07:00:00,2021-05-11 11:00:00,1.21399,1.21593,1.21593,1.2101,0.3671,-19.4,-71.37,-71.37,4,stop_loss,25.57791,0.0013,0.77806,3.7879,london,2021
EURUSD,1,2021-05-12 12:00:00,2021-05-12 14:00:00,1.21345,1.21176,1.21176,1.21683,0.4177,-16.9,-70.67,-70.67,2,stop_loss,20.32345,0.00113,-0.41179,3.71688,london,2021
EURUSD,-1,2021-05-13 12:00:00,2021-05-13 15:00:00,1.20624,1.20869,1.20869,1.20135,0.2858,-24.5,-69.95,-69.95,3,stop_loss,31.4547,0.00163,-2.59942,0.61748,london,2021
EURUSD,1,2021-05-14 04:00:00,2021-05-14 10:00:00,1.20752,1.21157,1.20549,1.21157,0.3419,40.5,138.52,138.52,6,take_profit,14.07128,0.00135,-1.22663,-0.02185,,2021
EURUSD,1,2021-05-14 16:00:00,2021-05-17 02:00:00,1.21297,1.21499,1.21088,1.21716,0.3373,20.2,68.13,68.13,10,time_exit,23.01021,0.0014,2.28998,0.27399,new_york,2021
EURUSD,-1,2021-05-18 00:00:00,2021-05-18 04:00:00,1.21514,1.21675,1.21675,1.21192,0.4433,-16.1,-71.32,-71.32,4,stop_loss,25.69088,0.00107,1.79812,2.33721,,2021
EURUSD,1,2021-05-18 09:00:00,2021-05-18 10:00:00,1.21667,1.2192,1.2154,1.2192,0.558,25.3,141.23,141.23,1,take_profit,25.70556,0.00084,3.00733,3.4585,london,2021
EURUSD,1,2021-05-18 23:00:00,2021-05-19 09:00:00,1.22265,1.22382,1.22087,1.2262,0.4052,11.7,47.41,47.41,10,time_exit,41.21563,0.00118,4.52542,4.01353,,2021
EURUSD,-1,2021-05-20 16:00:00,2021-05-20 18:00:00,1.22001,1.22197,1.22197,1.21608,0.3693,-19.6,-72.49,-72.5,2,stop_loss,20.44331,0.00131,0.60737,3.14898,new_york,2021
EURUSD,-1,2021-05-21 16:00:00,2021-05-21 19:00:00,1.22061,1.21627,1.22278,1.21627,0.3309,43.4,143.53,143.53,3,take_profit,28.58814,0.00145,-0.32314,3.0585,new_york,2021
EURUSD,-1,2021-05-24 06:00:00,2021-05-24 10:00:00,1.21785,1.21967,1.21967,1.21421,0.4021,-18.2,-73.21,-73.21,4,stop_loss,25.08407,0.00121,-1.55483,2.41708,,2021
EURUSD,-1,2021-05-26 07:00:00,2021-05-26 14:00:00,1.22581,1.22263,1.2274,1.22263,0.4553,31.8,144.96,144.96,7,take_profit,23.24818,0.00106,2.38955,3.77785,london,2021
EURUSD,-1,2021-05-28 07:00:00,2021-05-28 14:00:00,1.21872,1.21576,1.2202,1.21576,0.5003,29.6,147.84,147.84,7,take_profit,18.83623,0.00099,-1.52487,0.62566,london,2021
EURUSD,-1,2021-05-28 23:00:00,2021-05-31 09:00:00,1.21928,1.21896,1.22136,1.21513,0.3633,3.2,11.63,11.62,10,time_exit,16.8283,0.00138,-0.03785,-0.06083,,2021
EURUSD,-1,2021-06-01 06:00:00,2021-06-01 10:00:00,1.22282,1.22413,1.22413,1.2202,0.5755,-13.1,-75.52,-75.52,4,stop_loss,24.99645,0.00087,2.25985,1.13381,,2021
EURUSD,1,2021-06-07 20:00:00,2021-06-08 06:00:00,1.21949,1.21797,1.21763,1.22322,0.4011,-15.2,-60.97,-60.97,10,time_exit,29.35206,0.00124,2.45151,-1.38995,new_york,2021
EURUSD,-1,2021-06-08 06:00:00,2021-06-08 16:00:00,1.21824,1.21827,1.21957,1.21558,0.5574,-0.3,-1.67,-1.67,10,time_exit,28.61855,0.00089,1.14818,-1.08546,,2021
EURUSD,-1,2021-06-11 06:00:00,2021-06-11 12:00:00,1.21901,1.21572,1.22066,1.21572,0.4503,32.9,148.27,148.27,6,take_profit,22.94685,0.0011,1.23948,-0.32181,,2021
EURUSD,1,2021-06-14 00:00:00,2021-06-14 10:00:00,1.21074,1.21182,1.20895,1.21432,0.4221,10.8,45.59,45.58,10,time_exit,47.38231,0.00119,-3.85837,-1.58882,,2021
EURUSD,-1,2021-06-16 02:00:00,2021-06-16 12:00:00,1.21264,1.21248,1.21392,1.21007,0.5929,1.6,9.49,9.48,10,time_exit,11.32382,0.00086,0.0296,-3.01034,,2021
EURUSD,-1,2021-06-17 13:00:00,2021-06-17 19:00:00,1.1951,1.18991,1.1977,1.18991,0.2935,51.9,152.36,152.36,6,take_profit,56.05324,0.00173,-6.24197,-3.72703,london,2021
EURUSD,-1,2021-06-24 04:00:00,2021-06-24 13:00:00,1.19309,1.19464,1.19464,1.18999,0.5007,-15.5,-77.7,-77.7,9,stop_loss,14.57831,0.00103,0.34801,-5.36925,,2021
EURUSD,1,2021-06-24 17:00:00,2021-06-24 18:00:00,1.19501,1.19314,1.19314,1.19875,0.4116,-18.7,-76.93,-76.93,1,stop_loss,15.76913,0.00125,1.56256,-3.72311,new_york,2021
EURUSD,1,2021-06-28 03:00:00,2021-06-28 04:00:00,1.19416,1.1927,1.1927,1.19707,0.5233,-14.6,-76.15,-76.15,1,stop_loss,15.41986,0.00097,0.42748,-2.94264,,2021
EURUSD,-1,2021-06-28 05:00:00,2021-06-28 10:00:00,1.19262,1.19414,1.19414,1.18959,0.4974,-15.2,-75.39,-75.39,5,stop_loss,14.48538,0.00101,-1.06751,-2.80362,,2021
EURUSD,1,2021-06-29 11:00:00,2021-06-29 14:00:00,1.191,1.18954,1.18954,1.19392,0.5113,-14.6,-74.63,-74.63,3,stop_loss,14.9649,0.00097,-1.71724,-2.84333,london,2021
EURUSD,-1,2021-06-30 19:00:00,2021-07-01 05:00:00,1.18485,1.18502,1.18683,1.18089,0.3727,-1.7,-6.34,-6.34,10,time_exit,23.5521,0.00132,-3.97298,-2.77671,new_york,2021
EURUSD,-1,2021-07-05 19:00:00,2021-07-06 05:00:00,1.18661,1.1872,1.18819,1.18345,0.4674,-5.9,-27.58,-27.58,10,time_exit,23.40162,0.00105,0.60284,-3.3355,new_york,2021
EURUSD,-1,2021-07-06 23:00:00,2021-07-07 09:00:00,1.18222,1.1827,1.18397,1.17872,0.4197,-4.8,-20.15,-20.15,10,time_exit,27.92963,0.00117,-2.48787,-2.82949,,2021
EURUSD,-1,2021-07-08 17:00:00,2021-07-09 03:00:00,1.18581,1.18407,1.18787,1.1817,0.3568,17.4,62.08,62.08,10,time_exit,29.84019,0.00137,2.65793,-2.8149,new_york,2021
EURUSD,1,2021-07-13 18:00:00,2021-07-13 20:00:00,1.18227,1.17995,1.17995,1.18691,0.319,-23.2,-73.98,-73.98,2,stop_loss,29.00962,0.00155,-1.84769,-0.39793,new_york,2021
EURUSD,-1,2021-07-14 10:00:00,2021-07-14 15:00:00,1.17917,1.18067,1.18067,1.17617,0.4877,-15.0,-73.22,-73.23,5,stop_loss,48.89385,0.001,-2.81627,-2.70323,london,2021
EURUSD,-1,2021-07-14 17:00:00,2021-07-15 03:00:00,1.18226,1.18334,1.18406,1.17867,0.4038,-10.8,-43.61,-43.61,10,time_exit,39.22159,0.0012,0.58866,-2.365,new_york,2021
EURUSD,-1,2021-07-15 13:00:00,2021-07-15 14:00:00,1.18432,1.18126,1.18585,1.18126,0.4716,30.6,144.13,144.13,1,take_profit,27.82057,0.00102,1.71314,-1.58364,london,2021
EURUSD,-1,2021-07-19 10:00:00,2021-07-19 11:00:00,1.17974,1.1773,1.18096,1.1773,0.6031,24.4,147.0,147.0,1,take_profit,19.76876,0.00081,-1.5498,-2.40362,london,2021
EURUSD,-1,2021-07-20 06:00:00,2021-07-20 16:00:00,1.17946,1.17642,1.18098,1.17642,0.4938,30.4,149.93,149.93,10,take_profit,13.55934,0.00101,-0.63111,-2.16277,,2021
EURUSD,-1,2021-07-22 06:00:00,2021-07-22 14:00:00,1.17901,1.18045,1.18045,1.17613,0.5306,-14.4,-76.46,-76.47,8,stop_loss,15.51957,0.00096,0.31665,-2.13069,,2021
EURUSD,1,2021-07-23 16:00:00,2021-07-23 17:00:00,1.17796,1.1762,1.1762,1.18149,0.429,-17.6,-75.71,-75.71,1,stop_loss,8.04598,0.00118,0.05551,-1.72769,new_york,2021
EURUSD,1,2021-07-26 02:00:00,2021-07-26 12:00:00,1.1774,1.1797,1.17598,1.18024,0.5275,23.0,121.32,121.32,10,time_exit,7.45956,0.00095,-0.15899,-2.18983,,2021
EURUSD,1,2021-07-26 12:00:00,2021-07-26 17:00:00,1.1784,1.18158,1.17681,1.18158,0.4786,31.8,152.31,152.31,5,take_profit,10.10276,0.00106,0.75386,-1.73904,london,2021
EURUSD,1,2021-07-27 08:00:00,2021-07-27 09:00:00,1.18023,1.17895,1.17895,1.18278,0.6086,-12.8,-77.69,-77.69,1,stop_loss,20.36804,0.00085,1.32674,-0.58284,london,2021
EURUSD,-1,2021-07-29 21:00:00,2021-07-30 07:00:00,1.18872,1.18786,1.19033,1.18551,0.4787,8.6,41.17,41.17,10,time_exit,18.6472,0.00107,4.02424,2.79438,new_york,2021
EURUSD,1,2021-07-30 07:00:00,2021-07-30 11:00:00,1.18785,1.19035,1.1866,1.19035,0.6188,25.0,154.63,154.63,4,take_profit,15.21832,0.00083,2.49384,4.41112,london,2021
EURUSD,1,2021-07-30 22:00:00,2021-08-02 08:00:00,1.18562,1.1872,1.1839,1.18906,0.459,15.8,72.52,72.52,10,time_exit,20.31655,0.00115,-0.89042,3.26604,,2021
EURUSD,1,2021-08-02 12:00:00,2021-08-02 19:00:00,1.18848,1.18686,1.18686,1.19173,0.4904,-16.2,-79.59,-79.59,7,stop_loss,21.17631,0.00108,1.45942,3.17574,london,2021
EURUSD,1,2021-08-03 09:00:00,2021-08-03 16:00:00,1.18751,1.18623,1.18623,1.19007,0.6153,-12.8,-78.8,-78.8,7,stop_loss,12.95022,0.00085,0.26064,3.54367,london,2021
EURUSD,1,2021-08-03 17:00:00,2021-08-03 18:00:00,1.18692,1.18536,1.18536,1.19003,0.5013,-15.6,-78.0,-78.0,1,stop_loss,16.88438,0.00104,-0.58135,2.87001,new_york,2021
EURUSD,1,2021-08-03 19:00:00,2021-08-04 05:00:00,1.18586,1.18735,1.18424,1.18911,0.4753,14.9,70.82,70.82,10,time_exit,18.49081,0.00108,-1.41853,2.60715,new_york,2021
EURUSD,-1,2021-08-04 17:00:00,2021-08-04 18:00:00,1.18922,1.18574,1.19096,1.18574,0.4483,34.8,155.88,155.88,1,take_profit,19.09291,0.00116,1.79225,1.82615,new_york,2021
EURUSD,1,2021-08-05 08:00:00,2021-08-05 18:00:00,1.18364,1.18373,1.18235,1.18623,0.6149,0.9,5.53,5.53,10,time_exit,25.07597,0.00086,-2.28806,0.8656,london,2021
EURUSD,1,2021-08-05 19:00:00,2021-08-06 05:00:00,1.18373,1.18215,1.18191,1.18737,0.437,-15.8,-69.05,-69.05,10,time_exit,18.02339,0.00121,-1.08574,0.22728,new_york,2021
EURUSD,1,2021-08-09 06:00:00,2021-08-09 16:00:00,1.17603,1.17613,1.17458,1.17893,0.5435,1.0,5.43,5.43,10,time_exit,51.63359,0.00097,-4.20893,-3.19454,,2021
EURUSD,1,2021-08-11 17:00:00,2021-08-12 03:00:00,1.17342,1.17402,1.17189,1.17648,0.5158,6.0,30.95,30.95,10,time_exit,38.80491,0.00102,0.18786,-5.34275,new_york,2021
EURUSD,1,2021-08-12 10:00:00,2021-08-12 16:00:00,1.17356,1.17242,1.17242,1.17584,0.6941,-11.4,-79.23,-79.23,6,stop_loss,33.75184,0.00076,-0.11734,-5.66563,london,2021
EURUSD,-1,2021-08-13 06:00:00,2021-08-13 14:00:00,1.17408,1.17514,1.17514,1.17196,0.7392,-10.6,-78.43,-78.44,8,stop_loss,15.61044,0.00071,0.6272,-5.00648,,2021
EURUSD,1,2021-08-19 03:00:00,2021-08-19 04:00:00,1.17029,1.16863,1.16863,1.1736,0.4691,-16.6,-77.64,-77.64,1,stop_loss,27.3382,0.0011,-2.16423,-2.60913,,2021
EURUSD,-1,2021-08-20 17:00:00,2021-08-20 19:00:00,1.16797,1.16949,1.16949,1.16493,0.506,-15.2,-76.87,-76.87,2,stop_loss,16.5379,0.00101,-1.1207,-4.0817,new_york,2021
EURUSD,-1,2021-08-23 01:00:00,2021-08-23 04:00:00,1.16956,1.17104,1.17104,1.1666,0.5134,-14.8,-76.1,-76.1,3,stop_loss,22.04307,0.00099,0.3713,-3.76624,,2021
EURUSD,-1,2021-08-25 03:00:00,2021-08-25 13:00:00,1.17528,1.17474,1.17655,1.17274,0.5923,5.4,31.98,31.98,10,time_exit,36.31397,0.00085,2.01734,0.36375,,2021
EURUSD,-1,2021-08-27 07:00:00,2021-08-27 16:00:00,1.17596,1.17728,1.17728,1.17332,0.5732,-13.2,-75.66,-75.66,9,stop_loss,15.20148,0.00088,0.62697,1.37156,london,2021
EURUSD,1,2021-08-27 20:00:00,2021-08-30 06:00:00,1.18007,1.18042,1.17791,1.1844,0.3462,3.5,12.12,12.12,10,time_exit,12.47422,0.00144,2.78444,1.05316,new_york,2021
EURUSD,-1,2021-08-30 09:00:00,2021-08-30 19:00:00,1.17996,1.17975,1.18129,1.1773,0.5646,2.1,11.86,11.85,10,time_exit,19.71538,0.00089,2.57106,2.78857,london,2021
EURUSD,-1,2021-08-31 05:00:00,2021-08-31 06:00:00,1.18035,1.1815,1.1815,1.17805,0.6546,-11.5,-75.14,-75.14,1,stop_loss,13.43845,0.00077,1.95177,3.68413,,2021
EURUSD,1,2021-08-31 12:00:00,2021-08-31 14:00:00,1.18203,1.18448,1.18081,1.18448,0.6076,24.5,148.78,148.78,2,take_profit,28.76379,0.00082,2.91211,3.92852,london,2021
EURUSD,-1,2021-08-31 15:00:00,2021-08-31 17:00:00,1.18398,1.18128,1.18533,1.18128,0.5622,27.0,151.77,151.76,2,take_profit,33.75088,0.0009,4.34598,3.79209,london,2021
EURUSD,1,2021-09-01 14:00:00,2021-09-01 16:00:00,1.18203,1.18478,1.18065,1.18478,0.5627,27.5,154.8,154.79,2,take_profit,17.70223,0.00092,1.59207,3.32014,london,2021
EURUSD,1,2021-09-02 01:00:00,2021-09-02 11:00:00,1.18396,1.18456,1.1825,1.18687,0.5419,6.0,32.51,32.51,10,time_exit,29.75481,0.00097,2.17146,3.74335,,2021
EURUSD,-1,2021-09-02 13:00:00,2021-09-02 17:00:00,1.18517,1.18636,1.18636,1.18279,0.6666,-11.9,-79.27,-79.27,4,stop_loss,33.73155,0.00079,3.00706,4.90138,london,2021
EURUSD,1,2021-09-03 20:00:00,2021-09-06 05:00:00,1.18895,1.18725,1.18725,1.19234,0.4624,-17.0,-78.48,-78.48,9,stop_loss,40.67254,0.00113,2.43668,4.45397,new_york,2021
EURUSD,1,2021-09-07 18:00:00,2021-09-08 04:00:00,1.18465,1.18476,1.18299,1.18797,0.4684,1.1,5.15,5.15,10,time_exit,17.57409,0.00111,-1.96998,3.13719,new_york,2021
EURUSD,1,2021-09-09 11:00:00,2021-09-09 15:00:00,1.18223,1.181,1.181,1.18468,0.6346,-12.3,-77.74,-77.74,4,stop_loss,26.32368,0.00082,-1.24769,0.13987,london,2021
EURUSD,-1,2021-09-09 17:00:00,2021-09-09 19:00:00,1.18153,1.18326,1.18326,1.17807,0.4455,-17.3,-76.96,-76.97,2,stop_loss,21.93989,0.00115,-1.41236,0.0463,new_york,2021
EURUSD,-1,2021-09-09 21:00:00,2021-09-10 07:00:00,1.18341,1.183,1.18515,1.17994,0.4388,4.1,17.99,17.99,10,time_exit,19.92355,0.00116,0.23958,0.00435,new_york,2021
EURUSD,1,2021-09-10 16:00:00,2021-09-10 20:00:00,1.1827,1.18128,1.18128,1.18553,0.5388,-14.2,-76.37,-76.37,4,stop_loss,12.11738,0.00094,-0.40106,-0.01605,new_york,2021
EURUSD,-1,2021-09-13 20:00:00,2021-09-14 06:00:00,1.18074,1.18157,1.18228,1.17766,0.491,-8.3,-40.75,-40.76,10,time_exit,28.26364,0.00103,-0.32754,-1.31503,new_york,2021
EURUSD,-1,2021-09-15 00:00:00,2021-09-15 10:00:00,1.1803,1.18168,1.18189,1.17712,0.4726,-13.8,-65.22,-65.22,10,time_exit,14.88559,0.00106,-0.90164,-0.77458,,2021
EURUSD,1,2021-09-17 18:00:00,2021-09-20 04:00:00,1.17378,1.17206,1.17206,1.17722,0.4338,-17.2,-74.55,-74.55,10,stop_loss,24.20063,0.00115,-3.6875,-2.16326,new_york,2021
EURUSD,-1,2021-09-20 10:00:00,2021-09-20 17:00:00,1.17147,1.17264,1.17264,1.16913,0.6313,-11.7,-73.8,-73.81,7,stop_loss,47.56503,0.00078,-4.86389,-5.14458,london,2021
EURUSD,-1,2021-09-21 20:00:00,2021-09-22 06:00:00,1.17284,1.172,1.17432,1.16989,0.495,8.4,41.58,41.58,10,time_exit,16.18332,0.00098,-0.64293,-3.95668,new_york,2021
EURUSD,-1,2021-09-22 17:00:00,2021-09-22 21:00:00,1.17311,1.17439,1.17439,1.17054,0.5725,-12.8,-73.48,-73.48,4,stop_loss_ambiguous,14.87227,0.00086,0.08057,-4.02501,new_york,2021
EURUSD,1,2021-09-22 22:00:00,2021-09-23 08:00:00,1.16938,1.17094,1.16736,1.17342,0.3606,15.6,56.25,56.25,10,time_exit,16.95515,0.00135,-2.6721,-2.4849,,2021
EURUSD,1,2021-09-23 17:00:00,2021-09-24 03:00:00,1.17391,1.1746,1.17199,1.17774,0.3827,6.9,26.41,26.4,10,time_exit,21.83585,0.00128,1.54343,-2.67578,new_york,2021
EURUSD,-1,2021-09-24 09:00:00,2021-09-24 15:00:00,1.1737,1.1712,1.17495,1.1712,0.5881,25.0,147.16,147.16,6,take_profit,23.08173,0.00083,0.87713,-2.63955,london,2021
EURUSD,1,2021-09-27 06:00:00,2021-09-27 10:00:00,1.17188,1.17054,1.17054,1.17456,0.561,-13.4,-75.04,-75.05,4,stop_loss,21.84333,0.00089,-0.62875,-2.40827,,2021
EURUSD,-1,2021-09-27 20:00:00,2021-09-28 06:00:00,1.17021,1.16915,1.1719,1.16683,0.4398,10.6,46.62,46.62,10,time_exit,32.29216,0.00113,-1.19919,-2.20217,new_york,2021
EURUSD,-1,2021-09-29 01:00:00,2021-09-29 11:00:00,1.16836,1.16638,1.17004,1.165,0.4457,19.8,88.25,88.25,10,time_exit,18.43727,0.00112,-1.1586,-2.86275,,2021
EURUSD,-1,2021-09-30 10:00:00,2021-09-30 13:00:00,1.1606,1.15774,1.16203,1.15774,0.5283,28.6,151.29,151.28,3,take_profit,53.51912,0.00095,-3.86017,-6.03722,london,2021
EURUSD,1,2021-10-01 00:00:00,2021-10-01 10:00:00,1.15822,1.1579,1.15607,1.16252,0.359,-3.2,-11.49,-11.49,10,time_exit,48.95105,0.00143,-2.81814,-4.74365,,2021
EURUSD,-1,2021-10-01 23:00:00,2021-10-04 09:00:00,1.15981,1.16068,1.16144,1.15655,0.4724,-8.7,-41.1,-41.1,10,time_exit,21.84805,0.00109,-0.16394,-5.98182,,2021
EURUSD,1,2021-10-07 14:00:00,2021-10-07 16:00:00,1.15611,1.15486,1.15486,1.15862,0.6112,-12.5,-76.64,-76.64,2,stop_loss,22.10648,0.00084,-0.97337,-5.69199,london,2021
EURUSD,1,2021-10-08 10:00:00,2021-10-08 12:00:00,1.15459,1.15691,1.15343,1.15691,0.6535,23.2,151.73,151.72,2,take_profit,16.2266,0.00077,-1.94289,-5.76869,london,2021
EURUSD,1,2021-10-11 12:00:00,2021-10-11 13:00:00,1.157,1.15564,1.15564,1.15971,0.5706,-13.6,-77.39,-77.39,1,stop_loss,25.03005,0.0009,0.31519,-3.3391,london,2021
EURUSD,1,2021-10-12 12:00:00,2021-10-12 15:00:00,1.1562,1.15493,1.15493,1.15875,0.6016,-12.7,-76.61,-76.61,3,stop_loss,13.50629,0.00085,-0.05236,-3.19517,london,2021
EURUSD,1,2021-10-15 05:00:00,2021-10-15 15:00:00,1.15999,1.15921,1.15873,1.16251,0.6019,-7.8,-46.95,-46.95,10,time_exit,18.01055,0.00084,1.68046,0.26145,,2021
EURUSD,1,2021-10-15 17:00:00,2021-10-18 03:00:00,1.1594,1.15842,1.15794,1.16233,0.5145,-9.8,-50.42,-50.42,10,time_exit,18.15803,0.00098,0.07699,0.71003,new_york,2021
EURUSD,-1,2021-10-19 03:00:00,2021-10-19 04:00:00,1.16134,1.16269,1.16269,1.15864,0.5543,-13.5,-74.87,-74.87,1,stop_loss,22.03741,0.0009,1.64669,0.9825,,2021
EURUSD,1,2021-10-19 16:00:00,2021-10-19 19:00:00,1.16459,1.16304,1.16304,1.16769,0.478,-15.5,-74.12,-74.12,3,stop_loss,43.95967,0.00103,2.5485,2.18136,new_york,2021
EURUSD,1,2021-10-19 22:00:00,2021-10-20 08:00:00,1.16399,1.16448,1.16232,1.16733,0.4397,4.9,21.55,21.54,10,time_exit,33.2457,0.00111,1.42359,2.20822,,2021
EURUSD,1,2021-10-20 11:00:00,2021-10-20 19:00:00,1.16247,1.16555,1.16093,1.16555,0.4777,30.8,147.19,147.18,8,take_profit,23.40402,0.00103,-0.48628,2.47305,london,2021
EURUSD,1,2021-10-22 05:00:00,2021-10-22 15:00:00,1.16294,1.16373,1.16179,1.16523,0.6544,7.9,51.7,51.7,10,time_exit,30.1389,0.00076,-0.98915,2.62963,,2021
EURUSD,1,2021-10-22 18:00:00,2021-10-22 19:00:00,1.16457,1.16322,1.16322,1.16727,0.5591,-13.5,-75.58,-75.58,1,stop_loss,19.86021,0.0009,1.02164,1.96165,new_york,2021
EURUSD,1,2021-10-28 13:00:00,2021-10-28 15:00:00,1.15928,1.16261,1.15761,1.16261,0.4488,33.3,149.65,149.65,2,take_profit,11.29255,0.00111,-1.04878,-0.7802,london,2021
EURUSD,-1,2021-10-29 04:00:00,2021-10-29 12:00:00,1.16844,1.16457,1.17038,1.16457,0.3941,38.7,152.65,152.65,8,take_profit,34.92316,0.00129,3.90091,1.03422,,2021
EURUSD,1,2021-10-29 15:00:00,2021-10-29 16:00:00,1.16471,1.16293,1.16293,1.16826,0.438,-17.8,-77.84,-77.85,1,stop_loss,24.74497,0.00118,0.25105,1.6041,london,2021
EURUSD,-1,2021-11-01 04:00:00,2021-11-01 14:00:00,1.15552,1.15754,1.15754,1.15147,0.3808,-20.2,-77.08,-77.08,10,stop_loss,43.22448,0.00135,-4.22262,-0.43216,,2021
EURUSD,-1,2021-11-02 12:00:00,2021-11-02 13:00:00,1.15887,1.16027,1.16027,1.15606,0.5438,-14.0,-76.3,-76.3,1,stop_loss,19.2218,0.00094,-0.86471,-1.34892,london,2021
EURUSD,1,2021-11-04 20:00:00,2021-11-05 06:00:00,1.15439,1.15466,1.15249,1.15819,0.3974,2.7,10.73,10.73,10,time_exit,31.74606,0.00127,-2.82994,-1.42859,new_york,2021
EURUSD,-1,2021-11-05 07:00:00,2021-11-05 10:00:00,1.15466,1.15609,1.15609,1.15181,0.5302,-14.3,-75.64,-75.64,3,stop_loss,30.49093,0.00095,-2.41028,-2.46897,london,2021
EURUSD,1,2021-11-08 03:00:00,2021-11-08 13:00:00,1.15608,1.15718,1.15421,1.15983,0.3999,11.0,43.99,43.99,10,time_exit,19.61597,0.00125,0.10387,-2.06267,,2021
EURUSD,1,2021-11-08 14:00:00,2021-11-09 00:00:00,1.15717,1.15851,1.15537,1.16078,0.4175,13.4,55.94,55.94,10,time_exit,11.70603,0.0012,0.91712,-1.84001,london,2021
EURUSD,-1,2021-11-10 22:00:00,2021-11-11 08:00:00,1.14834,1.148,1.15101,1.14301,0.2846,3.4,9.68,9.67,10,time_exit,35.54992,0.00178,-4.56337,-0.825,,2021
EURUSD,1,2021-11-15 18:00:00,2021-11-15 19:00:00,1.14201,1.1403,1.1403,1.14543,0.4446,-17.1,-75.99,-75.99,1,stop_loss,20.79384,0.00114,-3.16444,-5.30343,new_york,2021
EURUSD,1,2021-11-16 04:00:00,2021-11-16 11:00:00,1.1379,1.13598,1.13598,1.14173,0.3925,-19.2,-75.22,-75.23,7,stop_loss,45.52499,0.00128,-4.01915,-5.72822,,2021
EURUSD,-1,2021-11-18 17:00:00,2021-11-18 19:00:00,1.13416,1.13614,1.13614,1.1302,0.3766,-19.8,-74.47,-74.48,2,stop_loss,21.63454,0.00132,0.40246,-6.6642,new_york,2021
EURUSD,1,2021-11-19 04:00:00,2021-11-19 10:00:00,1.13568,1.13412,1.13412,1.13879,0.474,-15.6,-73.73,-73.73,6,stop_loss,24.402,0.00104,0.94223,-6.87704,,2021
EURUSD,-1,2021-11-23 04:00:00,2021-11-23 09:00:00,1.12376,1.12563,1.12563,1.12001,0.3896,-18.7,-72.99,-72.99,5,stop_loss,46.71933,0.00125,-3.3255,-6.88357,,2021
EURUSD,-1,2021-11-24 06:00:00,2021-11-24 10:00:00,1.12354,1.12512,1.12512,1.12039,0.4584,-15.8,-72.26,-72.26,4,stop_loss,16.78681,0.00105,-2.19012,-7.58016,,2021
EURUSD,1,2021-11-25 06:00:00,2021-11-25 16:00:00,1.1214,1.12173,1.11979,1.12461,0.4453,3.3,14.69,14.69,10,time_exit,32.1752,0.00107,-1.3235,-7.73282,,2021
EURUSD,-1,2021-11-25 17:00:00,2021-11-26 03:00:00,1.12174,1.12178,1.12322,1.11877,0.4834,-0.4,-1.93,-1.94,10,time_exit,23.17364,0.00099,-0.74242,-7.75485,new_york,2021
EURUSD,-1,2021-11-26 10:00:00,2021-11-26 11:00:00,1.12338,1.12481,1.12481,1.12052,0.5007,-14.3,-71.66,-71.66,1,stop_loss,24.10637,0.00095,1.33941,-7.02076,london,2021
EURUSD,-1,2021-11-29 10:00:00,2021-11-29 11:00:00,1.12641,1.12841,1.12841,1.12241,0.3552,-20.0,-70.95,-70.95,1,stop_loss,35.46956,0.00133,0.07926,-1.91907,london,2021
EURUSD,-1,2021-11-29 18:00:00,2021-11-29 23:00:00,1.12662,1.12878,1.12878,1.1223,0.3253,-21.6,-70.23,-70.24,5,stop_loss,25.66439,0.00144,0.00466,-1.4675,new_york,2021
EURUSD,1,2021-11-30 15:00:00,2021-11-30 17:00:00,1.13546,1.13329,1.13329,1.1398,0.3202,-21.7,-69.54,-69.54,2,stop_loss,36.44506,0.00145,4.21352,0.14942,london,2021
EURUSD,1,2021-11-30 17:00:00,2021-11-30 18:00:00,1.13784,1.13557,1.13557,1.14238,0.3035,-22.7,-68.85,-68.86,1,stop_loss,38.8976,0.00151,5.2067,0.43771,new_york,2021
EURUSD,1,2021-12-03 00:00:00,2021-12-03 10:00:00,1.13007,1.1291,1.12809,1.13404,0.3438,-9.7,-33.35,-33.35,10,time_exit,10.58453,0.00132,-1.05678,0.89974,,2021
EURUSD,1,2021-12-07 10:00:00,2021-12-07 11:00:00,1.12886,1.12745,1.12745,1.13169,0.48,-14.1,-67.83,-67.83,1,stop_loss,9.78576,0.00094,-0.39802,-0.6663,london,2021
EURUSD,1,2021-12-08 16:00:00,2021-12-09 02:00:00,1.13163,1.13397,1.12941,1.13607,0.3024,23.4,70.76,70.76,10,time_exit,22.2248,0.00148,2.31653,-0.6962,new_york,2021
EURUSD,1,2021-12-09 04:00:00,2021-12-09 11:00:00,1.13346,1.13165,1.13165,1.13709,0.3739,-18.1,-67.86,-67.86,7,stop_loss,38.15993,0.00121,2.54633,0.50999,,2021
EURUSD,-1,2021-12-10 01:00:00,2021-12-10 11:00:00,1.12926,1.12822,1.13089,1.12601,0.4128,10.4,42.93,42.93,10,time_exit,34.07864,0.00108,-1.1952,0.4841,,2021
EURUSD,1,2021-12-10 18:00:00,2021-12-13 04:00:00,1.13016,1.12953,1.12802,1.13444,0.3161,-6.3,-19.91,-19.92,10,time_exit,31.19443,0.00143,0.3095,-0.06319,new_york,2021
EURUSD,1,2021-12-14 00:00:00,2021-12-14 10:00:00,1.12835,1.12825,1.12651,1.13202,0.367,-1.0,-3.67,-3.67,10,time_exit,16.29662,0.00122,-0.58355,-0.32043,,2021
EURUSD,1,2021-12-15 05:00:00,2021-12-15 15:00:00,1.12622,1.12735,1.12473,1.12921,0.4506,11.3,50.92,50.92,10,time_exit,21.03462,0.001,-1.89929,-1.11577,,2021
EURUSD,-1,2021-12-16 10:00:00,2021-12-16 14:00:00,1.13053,1.13236,1.13236,1.12687,0.3712,-18.3,-67.87,-67.87,4,stop_loss,16.01187,0.00122,2.10168,-0.70454,london,2021
EURUSD,1,2021-12-17 13:00:00,2021-12-17 16:00:00,1.13252,1.13047,1.13047,1.13663,0.3272,-20.5,-67.2,-67.2,3,stop_loss,21.35504,0.00137,1.04648,1.00931,london,2021
EURUSD,1,2021-12-21 22:00:00,2021-12-22 08:00:00,1.12814,1.12668,1.12635,1.13171,0.3723,-14.6,-54.36,-54.36,10,time_exit,15.76033,0.00119,0.03158,-0.5553,,2021
EURUSD,1,2021-12-22 12:00:00,2021-12-22 15:00:00,1.12832,1.13137,1.1268,1.13137,0.4329,30.5,131.97,131.96,3,take_profit,14.83673,0.00102,0.35076,-0.67411,london,2021
EURUSD,1,2021-12-23 22:00:00,2021-12-24 00:00:00,1.13341,1.13156,1.13156,1.1371,0.3643,-18.5,-67.3,-67.3,2,stop_loss,22.36887,0.00123,1.756,1.26545,,2021
EURUSD,1,2021-12-24 04:00:00,2021-12-24 14:00:00,1.13257,1.13208,1.13098,1.13576,0.4183,-4.9,-20.5,-20.5,10,time_exit,17.33119,0.00106,0.94138,1.58892,,2021
EURUSD,-1,2021-12-27 10:00:00,2021-12-27 20:00:00,1.13298,1.13257,1.13434,1.13026,0.4883,4.1,20.02,20.02,10,time_exit,14.00271,0.00091,1.04554,1.73866,london,2021
EURUSD,1,2021-12-28 00:00:00,2021-12-28 10:00:00,1.13271,1.13234,1.13123,1.13567,0.4497,-3.7,-16.64,-16.64,10,time_exit,13.70019,0.00099,0.60795,1.43705,,2021
EURUSD,-1,2021-12-30 05:00:00,2021-12-30 10:00:00,1.1345,1.13114,1.13618,1.13114,0.3954,33.6,132.9,132.9,5,take_profit,31.35521,0.00112,1.80187,1.07901,,2021
EURUSD,-1,2021-12-30 19:00:00,2021-12-31 05:00:00,1.13168,1.1316,1.13426,1.12651,0.2623,0.8,2.1,2.1,10,time_exit,16.64966,0.00172,-0.38824,0.55628,new_york,2021
EURUSD,-1,2022-01-04 12:00:00,2022-01-04 17:00:00,1.13021,1.13208,1.13208,1.12648,0.3631,-18.7,-67.81,-67.81,5,stop_loss,19.43953,0.00124,-1.18948,-0.09854,london,2022
EURUSD,1,2022-01-06 04:00:00,2022-01-06 08:00:00,1.13166,1.12985,1.12985,1.13527,0.3714,-18.1,-67.12,-67.13,4,stop_loss,19.59002,0.0012,0.57616,-0.30052,,2022
EURUSD,-1,2022-01-06 11:00:00,2022-01-06 12:00:00,1.12938,1.13119,1.13119,1.12577,0.3678,-18.1,-66.46,-66.46,1,stop_loss,16.91461,0.0012,-1.20985,-0.36073,london,2022
EURUSD,-1,2022-01-06 16:00:00,2022-01-07 02:00:00,1.13123,1.12958,1.13332,1.12705,0.3144,16.5,51.88,51.87,10,time_exit,14.03398,0.00139,0.23476,-0.26718,new_york,2022
EURUSD,-1,2022-01-07 16:00:00,2022-01-07 17:00:00,1.13019,1.13194,1.13194,1.12669,0.3794,-17.5,-66.31,-66.31,1,stop_loss,10.38851,0.00117,-0.20537,-0.50895,new_york,2022
EURUSD,-1,2022-01-10 19:00:00,2022-01-11 05:00:00,1.13276,1.13416,1.1349,1.12847,0.3062,-14.0,-42.87,-42.87,10,time_exit,18.475,0.00143,0.2773,0.49929,new_york,2022
EURUSD,-1,2022-01-11 12:00:00,2022-01-11 18:00:00,1.13335,1.13499,1.13499,1.13006,0.397,-16.4,-65.22,-65.22,6,stop_loss,11.45,0.0011,0.37993,0.91145,london,2022
EURUSD,1,2022-01-13 01:00:00,2022-01-13 10:00:00,1.14406,1.14767,1.14225,1.14767,0.3574,36.1,129.13,129.12,9,take_profit,39.65608,0.0012,5.15615,3.29478,,2022
EURUSD,1,2022-01-14 04:00:00,2022-01-14 13:00:00,1.14662,1.14497,1.14497,1.14993,0.3982,-16.5,-65.86,-65.86,9,stop_loss,29.14714,0.0011,3.22736,5.80515,,2022
EURUSD,1,2022-01-17 16:00:00,2022-01-18 02:00:00,1.14016,1.14187,1.1383,1.14389,0.35,17.1,59.85,59.85,10,time_exit,29.11728,0.00124,-1.92748,3.21746,new_york,2022
EURUSD,1,2022-01-18 03:00:00,2022-01-18 05:00:00,1.14188,1.14047,1.14047,1.1447,0.4663,-14.1,-65.8,-65.8,2,stop_loss,20.80845,0.00094,-0.10365,3.36536,,2022
EURUSD,1,2022-01-18 10:00:00,2022-01-18 15:00:00,1.13972,1.13808,1.13808,1.14299,0.3984,-16.4,-65.14,-65.14,5,stop_loss,22.87031,0.00109,-1.69639,2.4412,london,2022
EURUSD,-1,2022-01-19 10:00:00,2022-01-19 11:00:00,1.13312,1.13476,1.13476,1.12984,0.3927,-16.4,-64.5,-64.5,1,stop_loss,52.5955,0.00109,-3.46085,-0.97204,london,2022
EURUSD,-1,2022-01-21 03:00:00,2022-01-21 04:00:00,1.1304,1.13226,1.13226,1.12668,0.3429,-18.6,-63.84,-63.84,1,stop_loss,21.76188,0.00124,-3.03082,-1.94351,,2022
EURUSD,-1,2022-01-24 14:00:00,2022-01-24 17:00:00,1.13042,1.13214,1.13214,1.12697,0.3665,-17.2,-63.21,-63.22,3,stop_loss,22.90911,0.00115,-2.58055,-1.91862,london,2022
EURUSD,1,2022-01-26 17:00:00,2022-01-26 21:00:00,1.12836,1.12689,1.12689,1.13129,0.4268,-14.7,-62.57,-62.57,4,stop_loss,19.45206,0.00098,-1.66784,-3.37618,new_york,2022
EURUSD,-1,2022-01-26 22:00:00,2022-01-27 07:00:00,1.12554,1.12159,1.12751,1.12159,0.314,39.5,123.89,123.89,9,take_profit,19.30702,0.00132,-3.06247,-2.61688,,2022
EURUSD,-1,2022-01-27 08:00:00,2022-01-27 12:00:00,1.12199,1.11884,1.12357,1.11884,0.401,31.5,126.38,126.38,4,take_profit,38.10019,0.00105,-5.1761,-4.41297,london,2022
EURUSD,-1,2022-01-27 13:00:00,2022-01-27 15:00:00,1.11879,1.11541,1.12048,1.11541,0.3813,33.8,128.91,128.91,2,take_profit,48.57516,0.00113,-6.51123,-4.79026,london,2022
EURUSD,-1,2022-01-27 17:00:00,2022-01-28 03:00:00,1.1161,1.11473,1.11828,1.11175,0.3019,13.7,41.36,41.36,10,time_exit,58.14642,0.00145,-5.87205,-4.35561,new_york,2022
EURUSD,-1,2022-01-28 06:00:00,2022-01-28 16:00:00,1.11533,1.11697,1.11697,1.11205,0.404,-16.4,-66.16,-66.16,10,stop_loss,70.66813,0.00109,-4.73885,-7.66891,,2022
EURUSD,-1,2022-01-28 23:00:00,2022-01-31 09:00:00,1.11503,1.1171,1.11719,1.1107,0.3026,-20.7,-62.64,-62.64,10,time_exit,39.48966,0.00144,-1.8547,-6.22478,,2022
EURUSD,1,2022-02-01 02:00:00,2022-02-01 09:00:00,1.12291,1.12675,1.12099,1.12675,0.3377,38.4,129.72,129.72,7,take_profit,40.15853,0.00128,3.1948,-4.65533,,2022
EURUSD,-1,2022-02-01 09:00:00,2022-02-01 10:00:00,1.12347,1.12511,1.12511,1.1202,0.4041,-16.4,-66.17,-66.17,1,stop_loss,42.55057,0.00109,3.23174,-4.35239,london,2022
EURUSD,-1,2022-02-01 12:00:00,2022-02-01 22:00:00,1.12614,1.12687,1.12808,1.12226,0.3374,-7.3,-24.63,-24.63,10,time_exit,45.60045,0.00129,4.23721,-3.16082,london,2022
EURUSD,-1,2022-02-04 17:00:00,2022-02-04 18:00:00,1.14159,1.1447,1.1447,1.13536,0.2096,-31.1,-65.26,-65.26,1,stop_loss,53.34582,0.00208,1.32273,4.02531,new_york,2022
EURUSD,1,2022-02-08 10:00:00,2022-02-08 20:00:00,1.13991,1.14222,1.13792,1.14388,0.3253,23.1,75.14,75.14,10,time_exit,12.83499,0.00132,-1.96194,5.73597,london,2022
EURUSD,1,2022-02-10 09:00:00,2022-02-10 15:00:00,1.14227,1.14084,1.14084,1.14512,0.4582,-14.3,-65.36,-65.36,6,stop_loss,9.13887,0.00095,-0.23185,5.03548,london,2022
EURUSD,1,2022-02-11 03:00:00,2022-02-11 13:00:00,1.13997,1.13948,1.13686,1.14619,0.208,-4.9,-10.19,-10.19,10,time_exit,18.00211,0.00207,-1.48868,2.10559,,2022
EURUSD,-1,2022-02-14 00:00:00,2022-02-14 01:00:00,1.13336,1.13653,1.13653,1.12702,0.2039,-31.7,-64.61,-64.61,1,stop_loss,30.0005,0.00211,-2.63341,0.76259,,2022
EURUSD,-1,2022-02-14 05:00:00,2022-02-14 15:00:00,1.13433,1.13153,1.13721,1.12858,0.2224,28.0,62.27,62.27,10,time_exit,31.25638,0.00192,-2.6091,0.45918,,2022
EURUSD,-1,2022-02-15 00:00:00,2022-02-15 10:00:00,1.13064,1.13339,1.13339,1.12514,0.235,-27.5,-64.58,-64.58,10,stop_loss,35.62905,0.00183,-2.47059,-1.15957,,2022
EURUSD,1,2022-02-15 13:00:00,2022-02-15 16:00:00,1.13482,1.13254,1.13254,1.13938,0.2803,-22.8,-63.92,-63.92,3,stop_loss,25.54037,0.00152,0.5146,-1.73939,london,2022
EURUSD,-1,2022-02-16 04:00:00,2022-02-16 09:00:00,1.1352,1.13712,1.13712,1.13136,0.3293,-19.2,-63.29,-63.29,5,stop_loss,12.79521,0.00128,0.44548,-1.4462,,2022
EURUSD,-1,2022-02-17 21:00:00,2022-02-18 07:00:00,1.13627,1.1366,1.13903,1.13075,0.227,-3.3,-7.49,-7.49,10,time_exit,14.67328,0.00184,-0.01779,-0.15005,new_york,2022
EURUSD,1,2022-02-18 08:00:00,2022-02-18 13:00:00,1.1366,1.13473,1.13473,1.14034,0.3343,-18.7,-62.58,-62.59,5,stop_loss,9.68478,0.00125,0.20761,-0.17525,london,2022
EURUSD,-1,2022-02-18 17:00:00,2022-02-21 03:00:00,1.13484,1.13534,1.13666,1.1312,0.3408,-5.0,-17.04,-17.04,10,time_exit,13.48077,0.00121,-1.23645,-0.18858,new_york,2022
EURUSD,1,2022-02-23 00:00:00,2022-02-23 10:00:00,1.13245,1.13474,1.12993,1.1375,0.2448,22.9,56.06,56.06,10,time_exit,19.63226,0.00168,-0.47444,-1.0463,,2022
EURUSD,1,2022-02-25 11:00:00,2022-02-25 17:00:00,1.11776,1.125,1.11414,1.125,0.1723,72.4,124.66,124.66,6,take_profit,26.66457,0.00241,-2.38189,-2.92646,london,2022
EURUSD,1,2022-02-28 05:00:00,2022-02-28 15:00:00,1.11572,1.12124,1.11114,1.12487,0.1389,55.2,76.67,76.67,10,time_exit,27.52731,0.00305,-2.18409,-2.18802,,2022
EURUSD,1,2022-02-28 16:00:00,2022-03-01 02:00:00,1.12129,1.12059,1.11686,1.13014,0.1454,-7.0,-10.18,-10.18,10,time_exit,21.17607,0.00295,0.0917,-2.36185,new_york,2022
EURUSD,-1,2022-03-01 14:00:00,2022-03-01 18:00:00,1.11758,1.11151,1.12062,1.11151,0.2116,60.7,128.54,128.53,4,take_profit,13.0564,0.00202,-1.57355,-2.84205,london,2022
EURUSD,1,2022-03-02 02:00:00,2022-03-02 08:00:00,1.11324,1.11002,1.11002,1.11967,0.2038,-32.2,-65.54,-65.54,6,stop_loss,30.46256,0.00214,-2.12708,-3.35875,,2022
EURUSD,1,2022-03-03 00:00:00,2022-03-03 10:00:00,1.11179,1.10913,1.10807,1.11922,0.1746,-26.6,-46.44,-46.45,10,time_exit,30.43697,0.00248,-0.70664,-3.42651,,2022
EURUSD,-1,2022-03-04 07:00:00,2022-03-04 13:00:00,1.10357,1.09768,1.10652,1.09768,0.2187,58.9,128.86,128.86,6,take_profit,41.57528,0.00196,-2.6008,-4.86317,london,2022
EURUSD,1,2022-03-08 17:00:00,2022-03-09 03:00:00,1.09048,1.09142,1.08623,1.09897,0.1547,9.4,14.54,14.54,10,time_exit,22.80251,0.00283,-0.01455,-5.31135,new_york,2022
EURUSD,1,2022-03-09 09:00:00,2022-03-09 12:00:00,1.09174,1.09809,1.08857,1.09809,0.2075,63.5,131.68,131.68,3,take_profit,25.43659,0.00212,0.50095,-5.99034,london,2022
EURUSD,1,2022-03-09 18:00:00,2022-03-10 04:00:00,1.1044,1.10523,1.10035,1.1125,0.1659,8.3,13.77,13.77,10,time_exit,35.59654,0.0027,4.18768,-3.63841,new_york,2022
EURUSD,-1,2022-03-10 22:00:00,2022-03-11 08:00:00,1.09851,1.10038,1.10282,1.08988,0.1561,-18.7,-29.19,-29.19,10,time_exit,26.49384,0.00288,-0.69833,-0.98962,,2022
EURUSD,-1,2022-03-11 19:00:00,2022-03-14 05:00:00,1.09358,1.09094,1.09791,1.08492,0.1548,26.4,40.87,40.87,10,time_exit,14.8312,0.00289,-2.01596,-1.06316,new_york,2022
EURUSD,-1,2022-03-15 22:00:00,2022-03-16 02:00:00,1.09406,1.09727,1.09727,1.08763,0.2098,-32.1,-67.42,-67.42,4,stop_loss,18.89809,0.00214,-1.22543,-1.40318,,2022
EURUSD,1,2022-03-18 05:00:00,2022-03-18 11:00:00,1.10877,1.10599,1.10599,1.11433,0.2403,-27.8,-66.74,-66.75,6,stop_loss,22.24343,0.00185,2.27237,1.77125,,2022
EURUSD,1,2022-03-18 18:00:00,2022-03-21 04:00:00,1.10298,1.10452,1.10018,1.10858,0.2361,15.4,36.36,36.36,10,time_exit,20.96764,0.00187,-1.04078,1.66061,new_york,2022
EURUSD,-1,2022-03-22 14:00:00,2022-03-22 15:00:00,1.10034,1.10285,1.10285,1.09533,0.2651,-25.1,-66.44,-66.45,1,stop_loss,27.40407,0.00167,-1.16181,0.11823,london,2022
EURUSD,-1,2022-03-24 00:00:00,2022-03-24 10:00:00,1.10029,1.09783,1.10247,1.09592,0.3013,24.6,74.12,74.12,10,time_exit,23.4559,0.00146,-0.54906,-0.34979,,2022
EURUSD,1,2022-03-25 02:00:00,2022-03-25 12:00:00,1.1006,1.10052,1.09847,1.10486,0.3126,-0.8,-2.5,-2.5,10,time_exit,14.67629,0.00142,0.42353,-0.90752,,2022
EURUSD,-1,2022-03-25 14:00:00,2022-03-28 00:00:00,1.10144,1.09838,1.10344,1.09744,0.3323,30.6,101.68,101.68,10,time_exit,20.18012,0.00133,0.49647,-0.43138,london,2022
EURUSD,1,2022-03-28 17:00:00,2022-03-29 03:00:00,1.09687,1.09738,1.09417,1.10227,0.2501,5.1,12.76,12.75,10,time_exit,25.1279,0.0018,-0.93484,-1.07133,new_york,2022
EURUSD,1,2022-03-29 19:00:00,2022-03-30 05:00:00,1.11068,1.11125,1.10655,1.11894,0.1639,5.7,9.34,9.34,10,time_exit,27.66202,0.00275,3.42835,0.16202,new_york,2022
EURUSD,-1,2022-03-31 02:00:00,2022-03-31 04:00:00,1.11583,1.11835,1.11835,1.1108,0.2692,-25.2,-67.73,-67.74,2,stop_loss,35.65472,0.00168,3.57843,3.53403,,2022
EURUSD,-1,2022-04-01 10:00:00,2022-04-01 20:00:00,1.10736,1.10397,1.1097,1.10267,0.286,33.9,96.95,96.95,10,time_exit,30.65567,0.00156,-1.30588,2.42021,london,2022
EURUSD,1,2022-04-05 15:00:00,2022-04-05 17:00:00,1.09673,1.09475,1.09475,1.10069,0.3434,-19.8,-68.02,-68.02,2,stop_loss,47.24125,0.00132,-2.87475,-2.33503,london,2022
EURUSD,-1,2022-04-05 21:00:00,2022-04-06 07:00:00,1.09132,1.08967,1.09361,1.08673,0.2936,16.5,48.44,48.44,10,time_exit,50.78706,0.00153,-5.0407,-2.61468,new_york,2022
EURUSD,-1,2022-04-06 09:00:00,2022-04-06 10:00:00,1.08839,1.09008,1.09008,1.08501,0.4014,-16.9,-67.84,-67.84,1,stop_loss,57.63647,0.00113,-6.37044,-5.32719,london,2022
EURUSD,1,2022-04-06 12:00:00,2022-04-06 13:00:00,1.09232,1.09028,1.09028,1.09641,0.3287,-20.4,-67.16,-67.16,1,stop_loss,53.11867,0.00136,-1.93128,-4.59917,london,2022
EURUSD,1,2022-04-11 14:00:00,2022-04-11 16:00:00,1.09126,1.0885,1.0885,1.09677,0.2412,-27.6,-66.47,-66.47,2,stop_loss,17.70939,0.00184,1.22581,-3.12603,london,2022
EURUSD,-1,2022-04-11 21:00:00,2022-04-12 07:00:00,1.08824,1.08794,1.09096,1.0828,0.2419,3.0,7.26,7.26,10,time_exit,13.57042,0.00181,-0.39227,-2.97658,new_york,2022
EURUSD,-1,2022-04-13 03:00:00,2022-04-13 13:00:00,1.0826,1.08269,1.0847,1.07839,0.3132,-0.9,-2.82,-2.82,10,time_exit,20.66073,0.0014,-2.84164,-4.00206,,2022
EURUSD,1,2022-04-14 08:00:00,2022-04-14 14:00:00,1.09122,1.08908,1.08908,1.0955,0.3075,-21.4,-65.85,-65.86,6,stop_loss,26.90883,0.00143,3.06253,-2.69955,london,2022
EURUSD,1,2022-04-15 07:00:00,2022-04-15 17:00:00,1.08041,1.08083,1.07764,1.08595,0.2355,4.2,9.89,9.89,10,time_exit,35.15843,0.00185,-2.32021,-2.49987,london,2022
EURUSD,1,2022-04-18 11:00:00,2022-04-18 19:00:00,1.07914,1.07746,1.07746,1.0825,0.3888,-16.8,-65.3,-65.3,8,stop_loss,24.95284,0.00112,-2.42205,-4.75333,london,2022
EURUSD,-1,2022-04-20 01:00:00,2022-04-20 05:00:00,1.07885,1.0808,1.0808,1.07494,0.3309,-19.5,-64.66,-64.66,4,stop_loss,21.03474,0.0013,-0.53095,-3.8406,,2022
EURUSD,-1,2022-04-20 22:00:00,2022-04-21 08:00:00,1.08414,1.08469,1.08672,1.07897,0.2477,-5.5,-13.62,-13.63,10,time_exit,31.95165,0.00172,1.47431,-1.52059,,2022
EURUSD,1,2022-04-21 21:00:00,2022-04-22 07:00:00,1.08496,1.08458,1.08181,1.09126,0.2029,-3.8,-7.71,-7.71,10,time_exit,23.84281,0.0021,0.19934,-0.05448,new_york,2022
EURUSD,1,2022-04-22 09:00:00,2022-04-22 10:00:00,1.08457,1.08238,1.08238,1.08896,0.2907,-21.9,-63.8,-63.8,1,stop_loss,12.65105,0.00146,0.19244,-0.17409,london,2022
EURUSD,-1,2022-04-22 18:00:00,2022-04-25 00:00:00,1.07762,1.0805,1.0805,1.07186,0.2192,-28.8,-63.16,-63.16,6,stop_loss,17.46306,0.00192,-2.9227,-0.52335,new_york,2022
EURUSD,-1,2022-04-26 17:00:00,2022-04-27 03:00:00,1.06745,1.06434,1.0701,1.06214,0.2355,31.1,73.24,73.24,10,time_exit,35.99161,0.00177,-3.52221,-3.65114,new_york,2022
EURUSD,1,2022-04-29 08:00:00,2022-04-29 10:00:00,1.05167,1.05733,1.04884,1.05733,0.2237,56.6,126.51,126.51,2,take_profit,34.86016,0.00189,-1.6484,-7.31668,london,2022
EURUSD,-1,2022-04-29 11:00:00,2022-04-29 21:00:00,1.0562,1.05698,1.05933,1.04994,0.206,-7.8,-16.07,-16.07,10,time_exit,32.42375,0.00209,0.67112,-6.40905,london,2022
EURUSD,1,2022-05-02 08:00:00,2022-05-02 18:00:00,1.05187,1.05216,1.04911,1.05739,0.2331,2.9,6.76,6.76,10,time_exit,15.79177,0.00184,-1.39266,-6.04686,london,2022
EURUSD,-1,2022-05-05 05:00:00,2022-05-05 14:00:00,1.06257,1.05529,1.06621,1.05529,0.177,72.8,128.88,128.88,9,take_profit,42.53508,0.00243,3.00027,-1.81925,,2022
EURUSD,-1,2022-05-06 17:00:00,2022-05-09 03:00:00,1.05735,1.05195,1.0618,1.04845,0.1477,54.0,79.76,79.76,10,time_exit,18.15789,0.00297,0.76333,-1.11483,new_york,2022
EURUSD,1,2022-05-09 19:00:00,2022-05-10 05:00:00,1.0557,1.05727,1.05236,1.06238,0.1991,15.7,31.26,31.26,10,time_exit,19.84687,0.00223,0.77562,-1.48039,new_york,2022
EURUSD,-1,2022-05-10 11:00:00,2022-05-10 21:00:00,1.05572,1.05308,1.05833,1.05049,0.2556,26.4,67.48,67.48,10,time_exit,28.5801,0.00174,0.30962,-1.13727,london,2022
EURUSD,-1,2022-05-10 21:00:00,2022-05-11 07:00:00,1.05376,1.05411,1.05675,1.04778,0.2259,-3.5,-7.91,-7.91,10,time_exit,17.18492,0.00199,-0.5921,-0.9863,new_york,2022
EURUSD,-1,2022-05-11 11:00:00,2022-05-11 12:00:00,1.05522,1.05727,1.05727,1.05112,0.3289,-20.5,-67.42,-67.43,1,stop_loss,14.03768,0.00137,0.58775,-1.51468,london,2022
EURUSD,1,2022-05-11 13:00:00,2022-05-11 15:00:00,1.05634,1.05412,1.05412,1.06078,0.301,-22.2,-66.75,-66.75,2,stop_loss,18.76686,0.00148,1.19535,-1.28911,london,2022
EURUSD,-1,2022-05-11 15:00:00,2022-05-11 16:00:00,1.05451,1.05679,1.05679,1.04995,0.2897,-22.8,-66.07,-66.07,1,stop_loss,19.42807,0.00152,-0.04713,-1.22922,london,2022
EURUSD,-1,2022-05-13 03:00:00,2022-05-13 10:00:00,1.03786,1.04091,1.04091,1.03176,0.2146,-30.5,-65.43,-65.43,7,stop_loss,60.18837,0.00203,-4.18093,-3.36989,,2022
EURUSD,1,2022-05-13 23:00:00,2022-05-16 09:00:00,1.0402,1.04037,1.03732,1.04596,0.225,1.7,3.83,3.82,10,time_exit,36.51919,0.00192,-1.21128,-4.25725,,2022
EURUSD,1,2022-05-17 07:00:00,2022-05-17 11:00:00,1.04403,1.04842,1.04183,1.04842,0.295,43.9,129.6,129.6,4,take_profit,18.72106,0.00146,1.04772,-3.98201,london,2022
EURUSD,1,2022-05-17 11:00:00,2022-05-17 13:00:00,1.04638,1.05085,1.04415,1.05085,0.2959,44.7,132.19,132.18,2,take_profit,22.80533,0.00149,2.35758,-3.55752,london,2022
EURUSD,-1,2022-05-18 13:00:00,2022-05-18 21:00:00,1.05238,1.0475,1.05482,1.0475,0.276,48.8,134.82,134.82,8,take_profit,33.2525,0.00163,1.69582,0.15378,london,2022
EURUSD,1,2022-05-19 10:00:00,2022-05-19 13:00:00,1.04789,1.05254,1.04556,1.05254,0.2958,46.5,137.55,137.55,3,take_profit,20.10734,0.00155,-0.81455,-0.08857,london,2022
EURUSD,-1,2022-05-19 18:00:00,2022-05-20 04:00:00,1.05909,1.05733,1.06245,1.05238,0.2089,17.6,36.77,36.76,10,time_exit,23.26776,0.00224,3.96184,0.29464,new_york,2022
EURUSD,1,2022-05-20 05:00:00,2022-05-20 15:00:00,1.05733,1.05643,1.05479,1.06241,0.2773,-9.0,-24.96,-24.96,10,time_exit,32.57136,0.00169,2.4471,1.58328,,2022
EURUSD,-1,2022-05-23 10:00:00,2022-05-23 11:00:00,1.06061,1.06288,1.06288,1.05608,0.31,-22.7,-70.27,-70.27,1,stop_loss,19.85917,0.00151,2.9333,2.6128,london,2022
EURUSD,-1,2022-05-23 17:00:00,2022-05-23 21:00:00,1.06661,1.06956,1.06956,1.06072,0.2361,-29.5,-69.55,-69.56,4,stop_loss,32.87337,0.00196,4.16277,2.70803,new_york,2022
EURUSD,-1,2022-05-25 06:00:00,2022-05-25 13:00:00,1.07066,1.06578,1.0731,1.06578,0.282,48.8,137.71,137.71,7,take_profit,45.67685,0.00163,1.50152,5.97057,,2022
EURUSD,1,2022-05-26 01:00:00,2022-05-26 11:00:00,1.068,1.06825,1.06538,1.07324,0.2682,2.5,6.7,6.7,10,time_exit,26.64029,0.00175,0.09815,4.47708,,2022
EURUSD,-1,2022-05-27 07:00:00,2022-05-27 13:00:00,1.07556,1.07116,1.07776,1.07116,0.3195,44.0,140.62,140.61,6,take_profit,31.10906,0.00147,3.30333,5.25074,london,2022
EURUSD,1,2022-05-27 17:00:00,2022-05-27 18:00:00,1.07446,1.07179,1.07179,1.0798,0.2684,-26.7,-71.73,-71.73,1,stop_loss,24.56268,0.00178,1.71124,4.18218,new_york,2022
EURUSD,1,2022-05-27 22:00:00,2022-05-30 08:00:00,1.07321,1.07535,1.0705,1.07863,0.2619,21.4,56.05,56.04,10,time_exit,20.05341,0.00181,0.97979,3.93762,,2022
EURUSD,1,2022-05-31 08:00:00,2022-05-31 11:00:00,1.07448,1.07259,1.07259,1.07825,0.3795,-18.9,-71.56,-71.56,3,stop_loss,26.11691,0.00126,-0.34464,5.76574,london,2022
EURUSD,1,2022-05-31 13:00:00,2022-05-31 14:00:00,1.07237,1.07025,1.07025,1.0766,0.3346,-21.2,-70.85,-70.85,1,stop_loss,29.19267,0.00141,-1.56901,4.73361,london,2022
EURUSD,-1,2022-06-01 19:00:00,2022-06-02 05:00:00,1.06447,1.06498,1.06773,1.05795,0.2152,-5.1,-10.98,-10.98,10,time_exit,26.80805,0.00217,-3.61302,1.5832,new_york,2022
EURUSD,1,2022-06-06 20:00:00,2022-06-07 04:00:00,1.07008,1.06765,1.06765,1.07493,0.2885,-24.3,-70.03,-70.03,8,stop_loss,20.39051,0.00162,-1.40382,1.2302,new_york,2022
EURUSD,1,2022-06-07 07:00:00,2022-06-07 14:00:00,1.06817,1.06626,1.06626,1.07199,0.3629,-19.1,-69.32,-69.32,7,stop_loss,35.52543,0.00127,-2.30596,0.70381,london,2022
EURUSD,-1,2022-06-09 14:00:00,2022-06-09 15:00:00,1.0719,1.07373,1.07373,1.06825,0.376,-18.3,-68.62,-68.63,1,stop_loss,17.88101,0.00122,0.62259,0.62842,london,2022
EURUSD,1,2022-06-10 05:00:00,2022-06-10 12:00:00,1.06248,1.05989,1.05989,1.06766,0.2622,-25.9,-67.95,-67.95,7,stop_loss,29.4129,0.00173,-3.20021,-0.90436,,2022
EURUSD,-1,2022-06-10 20:00:00,2022-06-13 06:00:00,1.05167,1.04915,1.05486,1.04529,0.211,25.2,53.17,53.17,10,time_exit,41.37029,0.00213,-5.5177,-2.17319,new_york,2022
EURUSD,1,2022-06-13 07:00:00,2022-06-13 10:00:00,1.04916,1.04672,1.04672,1.05404,0.278,-24.4,-67.79,-67.79,3,stop_loss,51.78153,0.00163,-5.86818,-4.59815,london,2022
EURUSD,1,2022-06-14 10:00:00,2022-06-14 17:00:00,1.0439,1.04095,1.04095,1.0498,0.2273,-29.5,-67.1,-67.11,7,stop_loss,41.75828,0.00197,-2.36958,-6.24907,london,2022
EURUSD,-1,2022-06-15 06:00:00,2022-06-15 08:00:00,1.04452,1.04724,1.04724,1.03908,0.2445,-27.2,-66.45,-66.45,2,stop_loss,16.94053,0.00181,-0.57019,-6.68404,,2022
EURUSD,1,2022-06-15 15:00:00,2022-06-15 16:00:00,1.04583,1.04209,1.04209,1.05331,0.1759,-37.4,-65.79,-65.8,1,stop_loss,20.98111,0.00249,-0.03994,-4.32433,london,2022
EURUSD,-1,2022-06-16 16:00:00,2022-06-16 17:00:00,1.04284,1.04706,1.04706,1.03441,0.1544,-42.2,-65.11,-65.12,1,stop_loss,14.64569,0.00281,-0.26924,-3.53239,new_york,2022
EURUSD,-1,2022-06-17 11:00:00,2022-06-17 17:00:00,1.05175,1.04464,1.0553,1.04464,0.1815,71.1,128.97,128.97,6,take_profit,26.77634,0.00237,1.2697,-2.00378,london,2022
EURUSD,-1,2022-06-17 17:00:00,2022-06-20 03:00:00,1.04844,1.04933,1.05223,1.04086,0.1736,-8.9,-15.45,-15.45,10,time_exit,21.6758,0.00253,-0.25787,-1.67654,new_york,2022
EURUSD,-1,2022-06-20 04:00:00,2022-06-20 06:00:00,1.04934,1.0524,1.0524,1.04322,0.2145,-30.6,-65.6,-65.6,2,stop_loss,17.60292,0.00204,0.20141,-1.91293,,2022
EURUSD,-1,2022-06-21 08:00:00,2022-06-21 10:00:00,1.05224,1.0543,1.0543,1.04812,0.3156,-20.6,-64.96,-64.96,2,stop_loss,14.75135,0.00137,0.78648,-1.10501,london,2022
EURUSD,1,2022-06-22 05:00:00,2022-06-22 09:00:00,1.05076,1.04858,1.04858,1.05512,0.2951,-21.8,-64.3,-64.31,4,stop_loss,15.18599,0.00145,-1.35116,-0.15054,,2022
EURUSD,-1,2022-06-23 21:00:00,2022-06-24 07:00:00,1.05072,1.054,1.05444,1.04329,0.1713,-32.8,-56.19,-56.19,10,time_exit,27.33773,0.00248,-1.0857,0.0791,new_york,2022
EURUSD,-1,2022-06-24 09:00:00,2022-06-24 17:00:00,1.05429,1.0568,1.0568,1.04927,0.2512,-25.1,-63.1,-63.11,8,stop_loss,15.06879,0.00167,0.65402,0.02242,london,2022
EURUSD,1,2022-06-28 03:00:00,2022-06-28 13:00:00,1.05796,1.05782,1.05583,1.06221,0.2938,-1.4,-4.11,-4.12,10,time_exit,22.9716,0.00142,1.12017,1.46034,,2022
EURUSD,1,2022-06-29 17:00:00,2022-06-29 19:00:00,1.0481,1.04504,1.04504,1.05422,0.2042,-30.6,-62.44,-62.44,2,stop_loss,29.21825,0.00204,-2.66345,-0.24321,new_york,2022
EURUSD,-1,2022-06-29 21:00:00,2022-06-30 07:00:00,1.04489,1.04534,1.04792,1.03882,0.2037,-4.5,-9.17,-9.17,10,time_exit,34.31884,0.00202,-3.7409,-0.63322,new_york,2022
EURUSD,-1,2022-06-30 09:00:00,2022-06-30 13:00:00,1.04558,1.0414,1.04767,1.0414,0.295,41.8,123.43,123.42,4,take_profit,41.69189,0.00139,-2.78874,-2.31744,london,2022
EURUSD,-1,2022-06-30 18:00:00,2022-06-30 19:00:00,1.04516,1.04846,1.04846,1.03856,0.1909,-33.0,-62.96,-62.96,1,stop_loss,33.57004,0.0022,-0.99139,-2.04806,new_york,2022
EURUSD,-1,2022-07-01 06:00:00,2022-07-01 15:00:00,1.04664,1.04189,1.04901,1.04189,0.2624,47.5,124.61,124.6,9,take_profit,19.90624,0.00158,-0.49327,-2.47588,,2022
EURUSD,-1,2022-07-07 11:00:00,2022-07-07 21:00:00,1.01924,1.01575,1.02185,1.01402,0.2436,34.9,85.02,85.01,10,time_exit,31.88421,0.00174,-3.06933,-7.8748,london,2022
EURUSD,-1,2022-07-08 05:00:00,2022-07-08 10:00:00,1.01768,1.0128,1.02012,1.0128,0.2637,48.8,128.82,128.81,5,take_profit,24.47041,0.00163,-1.9227,-8.60422,,2022
EURUSD,-1,2022-07-08 22:00:00,2022-07-11 08:00:00,1.0174,1.01397,1.02108,1.01004,0.1784,34.3,61.19,61.19,10,time_exit,24.11872,0.00245,-0.2816,-5.5648,,2022
EURUSD,1,2022-07-12 08:00:00,2022-07-12 18:00:00,1.00152,1.00709,0.99873,1.00709,0.2381,55.7,132.64,132.64,10,take_profit,53.91496,0.00186,-4.77183,-7.99961,london,2022
EURUSD,1,2022-07-13 19:00:00,2022-07-14 03:00:00,1.0078,1.00293,1.00293,1.01754,0.1389,-48.7,-67.63,-67.63,8,stop_loss,18.4269,0.00325,0.61795,-4.06462,new_york,2022
EURUSD,1,2022-07-15 05:00:00,2022-07-15 15:00:00,1.00332,1.00723,0.9999,1.01017,0.1956,39.1,76.48,76.48,10,time_exit,10.99807,0.00228,0.05127,-4.84886,,2022
EURUSD,-1,2022-07-20 05:00:00,2022-07-20 10:00:00,1.0234,1.0262,1.0262,1.0178,0.242,-28.0,-67.73,-67.73,5,stop_loss,37.99126,0.00187,2.92097,1.68176,,2022
EURUSD,-1,2022-07-20 13:00:00,2022-07-20 14:00:00,1.02517,1.01923,1.02814,1.01923,0.2257,59.4,134.1,134.1,1,take_profit,37.88198,0.00198,2.833,2.07229,london,2022
EURUSD,-1,2022-07-22 20:00:00,2022-07-25 06:00:00,1.02319,1.02071,1.02745,1.01466,0.1604,24.8,39.78,39.78,10,time_exit,17.73299,0.00284,1.17945,0.87938,new_york,2022
EURUSD,-1,2022-07-25 10:00:00,2022-07-25 11:00:00,1.01964,1.02263,1.02263,1.01366,0.2299,-29.9,-68.77,-68.77,1,stop_loss,11.46489,0.00199,-0.23012,1.18151,london,2022
EURUSD,-1,2022-07-25 21:00:00,2022-07-26 07:00:00,1.02204,1.02256,1.02566,1.0148,0.1882,-5.2,-9.79,-9.79,10,time_exit,10.06383,0.00241,0.43269,1.1348,new_york,2022
EURUSD,-1,2022-07-28 04:00:00,2022-07-28 07:00:00,1.01864,1.02216,1.02216,1.01161,0.1934,-35.2,-68.0,-68.01,3,stop_loss,27.09097,0.00234,0.84096,-0.36037,,2022
EURUSD,-1,2022-08-01 01:00:00,2022-08-01 11:00:00,1.02157,1.02519,1.02519,1.01432,0.1858,-36.2,-67.31,-67.31,10,stop_loss,13.57249,0.00242,0.87018,0.51096,,2022
EURUSD,-1,2022-08-02 04:00:00,2022-08-02 10:00:00,1.02868,1.023,1.03152,1.023,0.2346,56.8,133.27,133.27,6,take_profit,13.11837,0.00189,2.86721,1.81261,,2022
EURUSD,1,2022-08-03 17:00:00,2022-08-03 18:00:00,1.01664,1.01384,1.01384,1.02224,0.2427,-28.0,-67.98,-67.98,1,stop_loss,24.74534,0.00187,-1.62894,0.10474,new_york,2022
EURUSD,-1,2022-08-03 20:00:00,2022-08-04 06:00:00,1.01501,1.01628,1.01818,1.00867,0.2122,-12.7,-26.95,-26.95,10,time_exit,26.66645,0.00211,-2.05458,-0.13987,new_york,2022
EURUSD,-1,2022-08-05 09:00:00,2022-08-05 15:00:00,1.02312,1.01939,1.02499,1.01939,0.359,37.3,134.06,134.06,6,take_profit,21.77427,0.00124,1.8547,0.7833,london,2022
EURUSD,1,2022-08-05 18:00:00,2022-08-08 04:00:00,1.01667,1.01757,1.01379,1.02244,0.2371,9.0,21.34,21.34,10,time_exit,22.98096,0.00192,-2.14819,0.44287,new_york,2022
EURUSD,1,2022-08-09 19:00:00,2022-08-09 21:00:00,1.02253,1.0204,1.0204,1.02678,0.3226,-21.3,-68.58,-68.58,2,stop_loss,21.09147,0.00142,1.37371,0.46762,new_york,2022
EURUSD,1,2022-08-11 16:00:00,2022-08-11 20:00:00,1.03471,1.03204,1.03204,1.04004,0.2547,-26.7,-67.91,-67.91,4,stop_loss,40.46277,0.00178,3.95629,2.80335,new_york,2022
EURUSD,1,2022-08-12 13:00:00,2022-08-12 15:00:00,1.02986,1.02766,1.02766,1.03427,0.305,-22.0,-67.21,-67.21,2,stop_loss,19.54091,0.00147,-0.07907,3.74632,london,2022
EURUSD,-1,2022-08-15 13:00:00,2022-08-15 16:00:00,1.01993,1.02226,1.02226,1.01528,0.2861,-23.3,-66.54,-66.54,3,stop_loss,43.37089,0.00155,-4.43685,1.4247,london,2022
EURUSD,-1,2022-08-15 16:00:00,2022-08-16 02:00:00,1.02007,1.01616,1.02257,1.01507,0.2633,39.1,102.95,102.95,10,time_exit,47.9092,0.00167,-3.5896,0.94347,new_york,2022
EURUSD,-1,2022-08-17 00:00:00,2022-08-17 10:00:00,1.01705,1.01665,1.01934,1.01247,0.292,4.0,11.68,11.68,10,time_exit,35.04933,0.00153,-1.2413,-2.14661,,2022
EURUSD,-1,2022-08-19 06:00:00,2022-08-19 16:00:00,1.00858,1.00538,1.01082,1.0041,0.299,32.0,95.68,95.68,10,time_exit,29.47665,0.00149,-3.58755,-3.4459,,2022
EURUSD,-1,2022-08-22 09:00:00,2022-08-22 11:00:00,1.00323,0.99984,1.00493,0.99984,0.4011,33.9,135.98,135.98,2,take_profit,34.44333,0.00113,-4.06335,-7.02776,london,2022
EURUSD,-1,2022-08-24 10:00:00,2022-08-24 17:00:00,0.99494,0.99737,0.99737,0.99008,0.2856,-24.3,-69.34,-69.35,7,stop_loss,21.90791,0.00162,-1.38481,-6.65318,london,2022
EURUSD,-1,2022-08-24 21:00:00,2022-08-25 07:00:00,0.99638,0.99987,0.99987,0.9894,0.1966,-34.9,-68.66,-68.66,10,stop_loss,20.12288,0.00233,0.01892,-4.39739,new_york,2022
EURUSD,-1,2022-08-25 07:00:00,2022-08-25 09:00:00,0.99864,1.00117,1.00117,0.99357,0.2683,-25.3,-67.97,-67.97,2,stop_loss,23.31015,0.00169,1.1333,-5.31708,london,2022
EURUSD,-1,2022-08-25 13:00:00,2022-08-25 23:00:00,0.99972,0.99742,1.00276,0.99364,0.2215,23.0,50.95,50.94,10,time_exit,33.61876,0.00203,1.1185,-3.9135,london,2022
EURUSD,1,2022-08-30 13:00:00,2022-08-30 17:00:00,1.00328,1.00032,1.00032,1.00921,0.2287,-29.6,-67.81,-67.81,4,stop_loss,22.15497,0.00198,2.23876,-1.43502,london,2022
EURUSD,-1,2022-08-31 19:00:00,2022-09-01 05:00:00,1.00631,1.00227,1.01023,0.99847,0.1712,40.4,69.16,69.16,10,time_exit,17.65661,0.00261,2.08183,-0.31521,new_york,2022
EURUSD,-1,2022-09-01 06:00:00,2022-09-01 16:00:00,1.00227,0.99818,1.00508,0.99665,0.2412,40.9,98.65,98.65,10,time_exit,15.63611,0.00187,0.14726,0.02543,,2022
EURUSD,1,2022-09-01 16:00:00,2022-09-01 17:00:00,0.99884,0.99592,0.99592,1.00468,0.2357,-29.2,-68.79,-68.79,1,stop_loss,13.64035,0.00195,-1.58117,-0.01584,new_york,2022
EURUSD,1,2022-09-05 12:00:00,2022-09-05 22:00:00,0.99112,0.99307,0.98754,0.99829,0.19,19.5,37.05,37.05,10,time_exit,33.11413,0.00239,-1.9323,-1.58488,london,2022
EURUSD,-1,2022-09-06 21:00:00,2022-09-07 07:00:00,0.9899,0.98925,0.99312,0.98347,0.213,6.5,13.85,13.84,10,time_exit,21.47935,0.00214,-1.81916,-1.84118,new_york,2022
EURUSD,-1,2022-09-08 00:00:00,2022-09-08 10:00:00,1.00074,0.99816,1.0041,0.99402,0.2042,25.8,52.68,52.68,10,time_exit,30.06642,0.00224,3.31462,-1.4416,,2022
EURUSD,1,2022-09-12 17:00:00,2022-09-13 03:00:00,1.01239,1.01353,1.00843,1.02032,0.1745,11.4,19.89,19.89,10,time_exit,30.19323,0.00264,2.07754,2.32395,new_york,2022
EURUSD,-1,2022-09-13 05:00:00,2022-09-13 12:00:00,1.01354,1.01635,1.01635,1.00791,0.2465,-28.1,-69.35,-69.35,7,stop_loss,22.55887,0.00188,2.3581,3.74157,,2022
EURUSD,-1,2022-09-13 23:00:00,2022-09-14 09:00:00,0.99732,0.99669,1.0011,0.98976,0.1816,6.3,11.44,11.44,10,time_exit,36.65028,0.00252,-4.25579,1.97764,,2022
EURUSD,1,2022-09-16 23:00:00,2022-09-19 08:00:00,1.00128,0.99811,0.99811,1.00761,0.2172,-31.7,-68.77,-68.77,9,stop_loss,20.8917,0.00211,0.8647,-0.66238,,2022
EURUSD,-1,2022-09-19 08:00:00,2022-09-19 18:00:00,0.99921,1.00166,1.00166,0.99431,0.2777,-24.5,-68.07,-68.07,10,stop_loss,18.98132,0.00163,-0.40953,-0.60389,london,2022
EURUSD,1,2022-09-20 12:00:00,2022-09-20 15:00:00,1.001,0.99851,0.99851,1.00599,0.2702,-24.9,-67.39,-67.4,3,stop_loss,25.36689,0.00166,0.06056,-0.00275,london,2022
EURUSD,1,2022-09-22 04:00:00,2022-09-22 11:00:00,0.98156,0.98887,0.97791,0.98887,0.1826,73.1,133.45,133.45,7,take_profit,54.01814,0.00244,-4.55584,-2.2282,,2022
EURUSD,-1,2022-09-23 21:00:00,2022-09-26 03:00:00,0.96909,0.96129,0.97299,0.96129,0.1746,78.0,136.1,136.1,6,take_profit,44.11065,0.0026,-4.85442,-4.03813,new_york,2022
EURUSD,1,2022-09-26 07:00:00,2022-09-26 17:00:00,0.9634,0.96477,0.95799,0.97423,0.1282,13.7,17.56,17.56,10,time_exit,58.06296,0.00361,-3.63704,-3.652,london,2022
EURUSD,-1,2022-09-26 18:00:00,2022-09-27 04:00:00,0.96477,0.9629,0.97031,0.95368,0.1255,18.7,23.47,23.47,10,time_exit,47.92161,0.0037,-2.10648,-3.956,new_york,2022
EURUSD,1,2022-09-28 01:00:00,2022-09-28 04:00:00,0.95962,0.95598,0.95598,0.9669,0.1918,-36.4,-69.83,-69.83,3,stop_loss,20.4973,0.00243,-2.14918,-6.45641,,2022
EURUSD,-1,2022-09-28 21:00:00,2022-09-29 07:00:00,0.97307,0.96858,0.97829,0.96262,0.1323,44.9,59.4,59.4,10,time_exit,33.38041,0.00348,3.14516,-4.15111,new_york,2022
EURUSD,-1,2022-09-29 17:00:00,2022-09-29 18:00:00,0.97416,0.97887,0.97887,0.96474,0.1481,-47.1,-69.72,-69.73,1,stop_loss,25.27822,0.00314,2.47699,-2.86353,new_york,2022
EURUSD,-1,2022-09-29 19:00:00,2022-09-30 00:00:00,0.97732,0.98222,0.98222,0.96751,0.1407,-49.0,-69.01,-69.01,5,stop_loss,26.10577,0.00327,3.10482,-2.50977,new_york,2022
EURUSD,-1,2022-10-03 21:00:00,2022-10-04 06:00:00,0.97945,0.98398,0.98398,0.97039,0.1509,-45.3,-68.34,-68.35,9,stop_loss,14.86058,0.00302,0.49793,0.27284,new_york,2022
EURUSD,-1,2022-10-05 09:00:00,2022-10-05 14:00:00,0.99646,0.9908,0.99929,0.9908,0.2389,56.6,135.31,135.3,5,take_profit,45.03331,0.00189,3.5907,4.30233,london,2022
EURUSD,-1,2022-10-05 15:00:00,2022-10-05 17:00:00,0.99052,0.98375,0.99391,0.98375,0.2038,67.7,137.99,137.98,2,take_profit,34.46535,0.00226,0.04708,3.66448,london,2022
EURUSD,1,2022-10-06 03:00:00,2022-10-06 11:00:00,0.99121,0.98795,0.98795,0.99773,0.2159,-32.6,-70.38,-70.39,8,stop_loss,27.90508,0.00217,0.69886,3.12862,,2022
EURUSD,-1,2022-10-06 22:00:00,2022-10-07 08:00:00,0.97924,0.98014,0.98298,0.97176,0.1863,-9.0,-16.77,-16.77,10,time_exit,33.95787,0.00249,-3.48186,1.74192,,2022
EURUSD,-1,2022-10-07 14:00:00,2022-10-07 15:00:00,0.97967,0.97378,0.98261,0.97378,0.2361,58.9,139.0,139.0,1,take_profit,40.76713,0.00196,-2.22133,0.52142,london,2022
EURUSD,1,2022-10-10 17:00:00,2022-10-11 03:00:00,0.97001,0.97203,0.96685,0.97633,0.2243,20.2,45.31,45.31,10,time_exit,47.83564,0.00211,-3.13761,-1.95043,new_york,2022
EURUSD,1,2022-10-12 02:00:00,2022-10-12 12:00:00,0.97136,0.97086,0.96803,0.97803,0.2141,-5.0,-10.71,-10.71,10,time_exit,15.5662,0.00222,-0.55137,-2.41952,,2022
EURUSD,1,2022-10-12 19:00:00,2022-10-13 05:00:00,0.96907,0.96985,0.96575,0.97571,0.2146,7.8,16.74,16.74,10,time_exit,12.19136,0.00221,-1.11211,-2.37518,new_york,2022
EURUSD,1,2022-10-18 00:00:00,2022-10-18 10:00:00,0.98352,0.98578,0.98018,0.99021,0.2136,22.6,48.27,48.27,10,time_exit,26.88152,0.00223,3.45513,0.30982,,2022
EURUSD,1,2022-10-20 02:00:00,2022-10-20 12:00:00,0.97652,0.97831,0.97397,0.98162,0.2819,17.9,50.46,50.46,10,time_exit,33.70071,0.0017,-2.36004,1.19933,,2022
EURUSD,1,2022-10-21 00:00:00,2022-10-21 10:00:00,0.97837,0.9789,0.9752,0.9847,0.2287,5.3,12.12,12.12,10,time_exit,20.65309,0.00211,-0.43629,0.52921,,2022
EURUSD,-1,2022-10-21 17:00:00,2022-10-21 18:00:00,0.97974,0.98365,0.98365,0.97193,0.1857,-39.1,-72.54,-72.54,1,stop_loss,11.59587,0.0026,0.54656,-0.01426,new_york,2022
EURUSD,-1,2022-10-25 15:00:00,2022-10-25 16:00:00,0.98667,0.98948,0.98948,0.98106,0.2559,-28.1,-71.8,-71.8,1,stop_loss,27.02446,0.00187,0.8269,2.11927,london,2022
EURUSD,1,2022-10-26 01:00:00,2022-10-26 10:00:00,0.99661,1.00271,0.99356,1.00271,0.2331,61.0,142.15,142.14,9,take_profit,42.30708,0.00203,3.94782,2.97169,,2022
EURUSD,1,2022-10-26 17:00:00,2022-10-26 19:00:00,1.00143,1.0083,0.99799,1.0083,0.2111,68.7,145.04,145.03,2,take_profit,46.19764,0.00229,3.40347,3.77813,new_york,2022
EURUSD,1,2022-10-28 02:00:00,2022-10-28 10:00:00,0.99714,0.99391,0.99391,1.00361,0.2286,-32.3,-73.94,-73.94,8,stop_loss,33.11836,0.00216,-1.33518,4.57664,,2022
EURUSD,1,2022-10-28 10:00:00,2022-10-28 11:00:00,0.99653,0.99368,0.99368,1.00224,0.2565,-28.5,-73.22,-73.22,1,stop_loss,24.55334,0.0019,-1.3911,4.57475,london,2022
EURUSD,1,2022-11-01 06:00:00,2022-11-01 16:00:00,0.99066,0.99518,0.9884,0.99518,0.3204,45.2,144.94,144.94,10,take_profit,31.9616,0.00151,-1.53003,1.02398,,2022
EURUSD,1,2022-11-02 00:00:00,2022-11-02 10:00:00,0.98749,0.98843,0.9843,0.99386,0.2321,9.4,21.82,21.82,10,time_exit,19.72753,0.00212,-1.97017,0.14544,,2022
EURUSD,1,2022-11-03 14:00:00,2022-11-04 00:00:00,0.97451,0.97487,0.97114,0.98124,0.2203,3.6,7.93,7.93,10,time_exit,17.15082,0.00224,-4.84456,-1.72824,london,2022
EURUSD,1,2022-11-04 14:00:00,2022-11-04 15:00:00,0.97919,0.97638,0.97638,0.98482,0.2638,-28.1,-74.24,-74.24,1,stop_loss_ambiguous,16.26477,0.00188,-0.35649,-3.52427,london,2022
EURUSD,-1,2022-11-07 11:00:00,2022-11-07 19:00:00,0.99865,1.00264,1.00264,0.99067,0.1841,-39.9,-73.48,-73.48,8,stop_loss,39.64764,0.00266,4.28816,-0.13122,london,2022
EURUSD,1,2022-11-08 03:00:00,2022-11-08 07:00:00,1.00276,0.99999,0.99999,1.0083,0.2626,-27.7,-72.76,-72.76,4,stop_loss,43.11175,0.00185,4.8919,2.25655,,2022
EURUSD,-1,2022-11-09 03:00:00,2022-11-09 13:00:00,1.00641,1.00542,1.00922,1.00079,0.2564,9.9,25.38,25.38,10,time_exit,30.09857,0.00187,3.37672,4.0419,,2022
EURUSD,-1,2022-11-11 12:00:00,2022-11-11 15:00:00,1.02692,1.03151,1.03151,1.01775,0.1576,-45.9,-72.28,-72.28,3,stop_loss,39.05721,0.00306,4.92732,3.87514,london,2022
EURUSD,-1,2022-11-14 02:00:00,2022-11-14 12:00:00,1.03269,1.0293,1.03681,1.02445,0.1737,33.9,58.88,58.88,10,time_exit,41.32739,0.00275,4.33395,6.02356,,2022
EURUSD,1,2022-11-14 12:00:00,2022-11-14 13:00:00,1.03126,1.02758,1.02758,1.03862,0.196,-36.8,-72.16,-72.16,1,stop_loss,28.76883,0.00245,2.73356,7.20373,london,2022
EURUSD,1,2022-11-15 23:00:00,2022-11-16 09:00:00,1.03534,1.04027,1.02945,1.04713,0.1212,49.3,59.75,59.75,10,time_exit,26.16202,0.00393,0.55378,4.54774,,2022
EURUSD,-1,2022-11-18 09:00:00,2022-11-18 19:00:00,1.03756,1.03334,1.04036,1.03195,0.2568,42.2,108.37,108.37,10,time_exit,14.33235,0.00187,0.5861,6.18226,london,2022
EURUSD,1,2022-11-18 19:00:00,2022-11-21 03:00:00,1.03481,1.031,1.031,1.04243,0.1918,-38.1,-73.09,-73.09,8,stop_loss,13.01913,0.00254,-0.61043,4.08248,new_york,2022
EURUSD,-1,2022-11-22 15:00:00,2022-11-22 20:00:00,1.02711,1.02974,1.02974,1.02185,0.2754,-26.3,-72.37,-72.37,5,stop_loss,22.47108,0.00175,-0.50153,1.00714,london,2022
EURUSD,-1,2022-11-23 04:00:00,2022-11-23 08:00:00,1.03106,1.03336,1.03336,1.02647,0.312,-23.0,-71.64,-71.64,4,stop_loss,32.70418,0.00153,1.60528,1.3053,,2022
EURUSD,-1,2022-11-23 10:00:00,2022-11-23 12:00:00,1.03433,1.02979,1.0366,1.02979,0.3127,45.4,141.86,141.86,2,take_profit,42.1089,0.00151,3.18351,1.66083,london,2022
EURUSD,1,2022-11-24 15:00:00,2022-11-25 01:00:00,1.0412,1.04075,1.0382,1.0472,0.241,-4.5,-10.84,-10.85,10,time_exit,45.27315,0.002,2.27518,3.2942,london,2022
EURUSD,1,2022-11-25 01:00:00,2022-11-25 11:00:00,1.04084,1.03862,1.03862,1.04529,0.325,-22.2,-72.23,-72.24,10,stop_loss,25.0675,0.00148,1.79267,4.74298,,2022
EURUSD,1,2022-11-30 03:00:00,2022-11-30 13:00:00,1.0343,1.0359,1.03107,1.04077,0.2211,16.0,35.38,35.37,10,time_exit,17.78893,0.00216,-0.98938,0.87239,,2022
EURUSD,-1,2022-12-01 11:00:00,2022-12-01 15:00:00,1.04443,1.04867,1.04867,1.03594,0.1694,-42.4,-71.88,-71.88,4,stop_loss,26.85518,0.00283,2.01073,1.07852,london,2022
EURUSD,-1,2022-12-02 07:00:00,2022-12-02 15:00:00,1.05235,1.04541,1.05582,1.04541,0.2051,69.4,142.32,142.32,8,take_profit,23.9684,0.00231,3.11992,2.96931,london,2022
EURUSD,-1,2022-12-02 23:00:00,2022-12-05 05:00:00,1.05336,1.0575,1.0575,1.04509,0.1755,-41.4,-72.58,-72.59,6,stop_loss,19.12065,0.00276,1.83586,2.90187,,2022
EURUSD,1,2022-12-06 19:00:00,2022-12-06 21:00:00,1.04956,1.04622,1.04622,1.05624,0.2151,-33.4,-71.85,-71.85,2,stop_loss,17.51933,0.00223,-0.5532,2.83463,new_york,2022
EURUSD,-1,2022-12-07 13:00:00,2022-12-07 14:00:00,1.04998,1.05276,1.05276,1.04442,0.2559,-27.8,-71.14,-71.14,1,stop_loss,19.05815,0.00185,0.62935,2.12399,london,2022
EURUSD,1,2022-12-07 14:00:00,2022-12-07 15:00:00,1.04895,1.05444,1.0462,1.05444,0.2563,54.9,140.83,140.83,1,take_profit,18.4498,0.00183,0.07151,2.1299,london,2022
EURUSD,1,2022-12-08 05:00:00,2022-12-08 15:00:00,1.04956,1.05205,1.04693,1.05481,0.2735,24.9,68.1,68.1,10,time_exit,14.72008,0.00175,-0.16399,2.30705,,2022
EURUSD,1,2022-12-08 15:00:00,2022-12-09 01:00:00,1.05188,1.05557,1.04911,1.05743,0.2615,36.9,96.49,96.49,10,time_exit,11.81017,0.00185,0.87627,2.14474,london,2022
EURUSD,-1,2022-12-12 09:00:00,2022-12-12 10:00:00,1.0523,1.05456,1.05456,1.04778,0.3252,-22.6,-73.48,-73.48,1,stop_loss,30.63905,0.00151,-0.68044,2.77354,london,2022
EURUSD,1,2022-12-13 00:00:00,2022-12-13 10:00:00,1.05295,1.05474,1.05,1.05885,0.2466,17.9,44.14,44.14,10,time_exit,22.60594,0.00197,0.04583,1.98131,,2022
EURUSD,1,2022-12-13 11:00:00,2022-12-13 15:00:00,1.05475,1.05963,1.05231,1.05963,0.2999,48.8,146.37,146.37,4,take_profit,13.93704,0.00163,0.45418,2.26079,london,2022
EURUSD,1,2022-12-19 06:00:00,2022-12-19 16:00:00,1.06094,1.06033,1.05825,1.06631,0.2778,-6.1,-16.95,-16.95,10,time_exit,11.74148,0.00179,-0.71274,2.33533,,2022
EURUSD,-1,2022-12-20 04:00:00,2022-12-20 05:00:00,1.06054,1.06293,1.06293,1.05576,0.3117,-23.9,-74.49,-74.49,1,stop_loss,12.55581,0.00159,-0.59694,1.82865,,2022
EURUSD,-1,2022-12-20 05:00:00,2022-12-20 12:00:00,1.06148,1.06383,1.06383,1.05678,0.3138,-23.5,-73.73,-73.73,7,stop_loss,11.71484,0.00157,-0.00674,1.84105,,2022
EURUSD,-1,2022-12-22 06:00:00,2022-12-22 16:00:00,1.06434,1.05983,1.0666,1.05983,0.3233,45.1,145.97,145.96,10,take_profit,12.14493,0.0015,1.71641,1.25808,,2022
EURUSD,-1,2022-12-22 22:00:00,2022-12-23 08:00:00,1.05925,1.06068,1.06205,1.05365,0.2658,-14.3,-38.01,-38.01,10,time_exit,18.14765,0.00187,-1.24044,0.79238,,2022
EURUSD,1,2022-12-27 21:00:00,2022-12-28 07:00:00,1.06488,1.06462,1.06225,1.07013,0.2822,-2.6,-7.34,-7.34,10,time_exit,17.08864,0.00175,0.95588,1.17545,new_york,2022
EURUSD,-1,2022-12-29 16:00:00,2022-12-29 19:00:00,1.06554,1.06786,1.06786,1.0609,0.3187,-23.2,-74.01,-74.01,3,stop_loss,18.19221,0.00155,1.41267,0.89507,new_york,2022
EURUSD,1,2022-12-29 19:00:00,2022-12-30 05:00:00,1.06668,1.06591,1.06405,1.07193,0.279,-7.7,-21.48,-21.49,10,time_exit,22.03253,0.00175,1.7234,0.89503,new_york,2022
EURUSD,1,2022-12-30 06:00:00,2022-12-30 09:00:00,1.06591,1.06396,1.06396,1.06981,0.3747,-19.5,-73.04,-73.04,3,stop_loss,25.63077,0.0013,0.95497,1.65004,,2022
EURUSD,-1,2022-12-30 17:00:00,2023-01-02 03:00:00,1.06884,1.06984,1.07163,1.06325,0.2589,-10.0,-25.89,-25.89,10,time_exit,23.28377,0.00186,1.89953,1.28226,new_york,2022
EURUSD,-1,2023-01-02 13:00:00,2023-01-02 23:00:00,1.06837,1.066,1.07107,1.06297,0.2671,23.7,63.3,63.3,10,time_exit,17.85198,0.0018,0.4676,1.90843,london,2023
EURUSD,1,2023-01-03 16:00:00,2023-01-04 02:00:00,1.05602,1.05582,1.05254,1.06297,0.2091,-2.0,-4.18,-4.18,10,time_exit,38.43135,0.00232,-3.50598,0.09333,new_york,2023
EURUSD,1,2023-01-04 08:00:00,2023-01-04 10:00:00,1.05694,1.06188,1.05447,1.06188,0.2939,49.4,145.28,145.27,2,take_profit,22.1468,0.00165,-2.05422,-1.49004,london,2023
EURUSD,-1,2023-01-04 20:00:00,2023-01-05 06:00:00,1.06074,1.06044,1.06402,1.05417,0.2257,3.0,6.77,6.77,10,time_exit,24.31294,0.00219,0.10487,-0.92836,new_york,2023
EURUSD,1,2023-01-06 19:00:00,2023-01-09 05:00:00,1.06189,1.06676,1.05794,1.06979,0.1878,48.7,91.46,91.46,10,time_exit,31.62499,0.00263,2.41033,-1.68758,new_york,2023
EURUSD,-1,2023-01-11 08:00:00,2023-01-11 16:00:00,1.07478,1.0769,1.0769,1.07053,0.3537,-21.2,-75.07,-75.08,8,stop_loss,25.83206,0.00142,2.46969,4.19667,london,2023
EURUSD,-1,2023-01-12 00:00:00,2023-01-12 10:00:00,1.07574,1.07481,1.07819,1.07083,0.3028,9.3,28.16,28.16,10,time_exit,16.62294,0.00164,1.58817,3.83981,,2023
EURUSD,-1,2023-01-13 15:00:00,2023-01-16 01:00:00,1.08119,1.0823,1.08416,1.07524,0.2509,-11.1,-27.85,-27.85,10,time_exit,32.79109,0.00198,0.43679,4.46478,london,2023
EURUSD,1,2023-01-16 16:00:00,2023-01-17 02:00:00,1.08158,1.08288,1.07899,1.08676,0.2868,13.0,37.28,37.28,10,time_exit,20.89923,0.00173,-0.32275,4.6779,new_york,2023
EURUSD,-1,2023-01-18 21:00:00,2023-01-19 07:00:00,1.07964,1.07918,1.08347,1.07199,0.1952,4.6,8.98,8.98,10,time_exit,21.79156,0.00255,-0.80173,1.77653,new_york,2023
EURUSD,-1,2023-01-20 08:00:00,2023-01-20 10:00:00,1.08353,1.08573,1.08573,1.07913,0.3403,-22.0,-74.81,-74.81,2,stop_loss,21.65173,0.00147,1.1562,2.32222,london,2023
EURUSD,-1,2023-01-20 12:00:00,2023-01-20 21:00:00,1.08311,1.08554,1.08554,1.07825,0.305,-24.3,-74.05,-74.05,9,stop_loss,23.82676,0.00162,0.63583,2.12711,london,2023
EURUSD,1,2023-01-23 00:00:00,2023-01-23 09:00:00,1.08681,1.09157,1.08443,1.09157,0.308,47.6,146.63,146.63,9,take_profit,20.90439,0.00159,1.8305,2.21907,,2023
EURUSD,-1,2023-01-24 03:00:00,2023-01-24 09:00:00,1.08737,1.08954,1.08954,1.08304,0.3453,-21.7,-74.77,-74.77,6,stop_loss,19.69273,0.00144,0.92711,3.29886,,2023
EURUSD,1,2023-01-24 21:00:00,2023-01-25 07:00:00,1.08792,1.08975,1.08516,1.09345,0.2678,18.3,49.01,49.01,10,time_exit,10.99252,0.00184,0.69882,2.3794,new_york,2023
EURUSD,1,2023-01-30 10:00:00,2023-01-30 11:00:00,1.08637,1.09028,1.08441,1.09028,0.3808,39.1,149.04,149.04,1,take_profit,21.66252,0.0013,-1.23976,1.39986,london,2023
EURUSD,1,2023-01-30 16:00:00,2023-01-30 18:00:00,1.08864,1.08622,1.08622,1.09349,0.3135,-24.2,-76.01,-76.01,2,stop_loss,18.41944,0.00162,0.36846,1.26526,new_york,2023
EURUSD,1,2023-01-31 04:00:00,2023-01-31 07:00:00,1.08578,1.08381,1.08381,1.08971,0.3827,-19.7,-75.25,-75.25,3,stop_loss,24.39376,0.00131,-1.05086,0.90111,,2023
EURUSD,-1,2023-01-31 09:00:00,2023-01-31 10:00:00,1.08394,1.0803,1.08576,1.0803,0.4096,36.4,148.97,148.97,1,take_profit,27.46119,0.00121,-2.22255,0.61664,london,2023
EURUSD,1,2023-01-31 22:00:00,2023-02-01 08:00:00,1.08644,1.08697,1.08394,1.09145,0.3035,5.3,16.09,16.08,10,time_exit,21.32376,0.00167,0.32722,0.07939,,2023
EURUSD,-1,2023-02-02 09:00:00,2023-02-02 15:00:00,1.10056,1.09553,1.10308,1.09553,0.3026,50.3,152.29,152.29,6,take_profit,55.98176,0.00168,4.70857,2.81433,london,2023
EURUSD,1,2023-02-03 01:00:00,2023-02-03 11:00:00,1.09086,1.09301,1.0876,1.09737,0.2385,21.5,51.28,51.28,10,time_exit,40.18468,0.00217,-1.11991,2.02746,,2023
EURUSD,1,2023-02-03 20:00:00,2023-02-06 00:00:00,1.08246,1.07832,1.07832,1.09074,0.1889,-41.4,-78.19,-78.19,4,stop_loss,40.04146,0.00276,-3.01382,0.69562,new_york,2023
EURUSD,1,2023-02-06 00:00:00,2023-02-06 10:00:00,1.07824,1.07852,1.07468,1.08536,0.2176,2.8,6.09,6.09,10,time_exit,47.28301,0.00237,-4.13294,0.28625,,2023
EURUSD,1,2023-02-07 01:00:00,2023-02-07 10:00:00,1.07273,1.0703,1.0703,1.0776,0.3184,-24.3,-77.47,-77.47,9,stop_loss,55.23207,0.00162,-4.8454,-3.23463,,2023
EURUSD,1,2023-02-10 07:00:00,2023-02-10 12:00:00,1.07186,1.07001,1.07001,1.07555,0.4154,-18.5,-76.69,-76.69,5,stop_loss,18.01904,0.00123,-1.83185,-4.04863,london,2023
EURUSD,1,2023-02-10 18:00:00,2023-02-13 04:00:00,1.0677,1.06676,1.06504,1.07303,0.285,-9.4,-26.79,-26.79,10,time_exit,20.70078,0.00178,-2.92484,-3.0101,new_york,2023
EURUSD,1,2023-02-14 06:00:00,2023-02-14 15:00:00,1.07344,1.07699,1.07166,1.07699,0.4258,35.5,151.31,151.31,9,take_profit,32.01551,0.00118,2.12076,-3.96638,,2023
EURUSD,1,2023-02-14 22:00:00,2023-02-15 08:00:00,1.07394,1.07053,1.07053,1.08076,0.2263,-34.1,-77.17,-77.17,10,stop_loss,45.4964,0.00227,0.66121,-1.30582,,2023
EURUSD,1,2023-02-15 23:00:00,2023-02-16 09:00:00,1.06902,1.07091,1.06644,1.07418,0.2961,18.9,55.96,55.96,10,time_exit,30.27542,0.00172,-1.18152,-1.92983,,2023
EURUSD,1,2023-02-16 16:00:00,2023-02-16 17:00:00,1.06794,1.06552,1.06552,1.07277,0.3184,-24.2,-76.95,-76.95,1,stop_loss,17.16238,0.00161,-1.61319,-1.95939,new_york,2023
EURUSD,1,2023-02-17 06:00:00,2023-02-17 08:00:00,1.06526,1.06321,1.06321,1.06936,0.3718,-20.5,-76.18,-76.18,2,stop_loss,32.93331,0.00137,-2.7124,-2.80659,,2023
EURUSD,-1,2023-02-20 00:00:00,2023-02-20 10:00:00,1.06851,1.06929,1.07079,1.06395,0.3304,-7.8,-25.77,-25.77,10,time_exit,31.35698,0.00152,1.2732,-2.7614,,2023
EURUSD,-1,2023-02-20 15:00:00,2023-02-20 16:00:00,1.06712,1.0691,1.0691,1.06317,0.3804,-19.8,-75.15,-75.16,1,stop_loss,22.39821,0.00132,-0.61274,-2.48154,london,2023
EURUSD,1,2023-02-21 05:00:00,2023-02-21 11:00:00,1.06637,1.06495,1.06495,1.06922,0.523,-14.2,-74.41,-74.41,6,stop_loss,15.56271,0.00095,-1.75968,-2.93627,,2023
EURUSD,-1,2023-02-22 03:00:00,2023-02-22 13:00:00,1.06578,1.06304,1.06795,1.06145,0.34,27.4,93.16,93.16,10,time_exit,10.68107,0.00144,-0.60501,-2.19464,,2023
EURUSD,-1,2023-02-24 02:00:00,2023-02-24 12:00:00,1.05974,1.05866,1.06168,1.05587,0.3851,10.8,41.59,41.59,10,time_exit,18.77165,0.00129,-1.65398,-3.80153,,2023
EURUSD,1,2023-02-28 18:00:00,2023-02-28 22:00:00,1.06052,1.05801,1.05801,1.06553,0.2994,-25.1,-75.01,-75.01,4,stop_loss,27.3736,0.00167,0.65935,-2.01852,new_york,2023
EURUSD,-1,2023-03-01 01:00:00,2023-03-01 08:00:00,1.05798,1.06012,1.06012,1.05369,0.3464,-21.4,-74.26,-74.27,7,stop_loss,20.43467,0.00143,-0.94035,-2.29556,,2023
EURUSD,-1,2023-03-01 13:00:00,2023-03-01 23:00:00,1.06682,1.0669,1.06937,1.06173,0.2886,-0.8,-2.31,-2.31,10,time_exit,26.36426,0.0017,4.01053,-1.38411,london,2023
EURUSD,-1,2023-03-02 04:00:00,2023-03-02 14:00:00,1.06514,1.06063,1.06739,1.06063,0.3261,45.1,147.0,147.0,10,take_profit,26.11589,0.0015,1.4474,0.01215,,2023
EURUSD,-1,2023-03-02 21:00:00,2023-03-03 07:00:00,1.0593,1.06092,1.06188,1.05414,0.2903,-16.2,-47.03,-47.03,10,time_exit,35.404,0.00172,-1.725,-0.29614,new_york,2023
EURUSD,1,2023-03-03 10:00:00,2023-03-03 17:00:00,1.06101,1.05914,1.05914,1.06475,0.3988,-18.7,-74.49,-74.5,7,stop_loss,24.14147,0.00125,-0.47521,-0.73875,london,2023
EURUSD,1,2023-03-06 13:00:00,2023-03-06 16:00:00,1.06282,1.06678,1.06084,1.06678,0.3725,39.6,147.51,147.51,3,take_profit,14.50219,0.00132,0.16924,0.00999,london,2023
EURUSD,-1,2023-03-09 22:00:00,2023-03-10 02:00:00,1.05758,1.05978,1.05978,1.05317,0.3414,-22.0,-75.22,-75.23,4,stop_loss,26.03919,0.00147,0.41654,-2.26789,,2023
EURUSD,-1,2023-03-13 03:00:00,2023-03-13 05:00:00,1.06811,1.07169,1.07169,1.06094,0.2077,-35.8,-74.46,-74.46,2,stop_loss,37.72485,0.00239,2.92548,0.145,,2023
EURUSD,-1,2023-03-15 00:00:00,2023-03-15 10:00:00,1.07326,1.07375,1.07623,1.06733,0.2485,-4.9,-12.18,-12.18,10,time_exit,26.35078,0.00198,1.67262,2.70473,,2023
EURUSD,-1,2023-03-15 14:00:00,2023-03-15 15:00:00,1.06271,1.05607,1.06603,1.05607,0.2216,66.4,147.22,147.22,1,take_profit,29.97354,0.00221,-3.74005,2.39077,london,2023
EURUSD,1,2023-03-15 18:00:00,2023-03-16 04:00:00,1.05478,1.05938,1.05076,1.06282,0.1867,46.0,85.88,85.88,10,time_exit,39.79633,0.00268,-5.22898,1.28383,new_york,2023
EURUSD,-1,2023-03-16 15:00:00,2023-03-16 16:00:00,1.06131,1.05565,1.06414,1.05565,0.2683,56.6,151.88,151.88,1,take_profit,23.83637,0.00189,-1.15737,-0.34268,london,2023
EURUSD,1,2023-03-16 21:00:00,2023-03-17 07:00:00,1.05922,1.06492,1.05536,1.06694,0.2007,57.0,114.4,114.4,10,time_exit,22.70658,0.00257,-1.40761,-0.41805,new_york,2023
EURUSD,-1,2023-03-21 00:00:00,2023-03-21 10:00:00,1.07181,1.0719,1.07435,1.06672,0.3091,-0.9,-2.78,-2.78,10,time_exit,18.78526,0.0017,2.83384,1.44248,,2023
EURUSD,1,2023-03-23 13:00:00,2023-03-23 21:00:00,1.08858,1.08587,1.08587,1.094,0.2901,-27.1,-78.58,-78.58,8,stop_loss,64.25301,0.00181,3.74277,5.40961,london,2023
EURUSD,-1,2023-03-24 23:00:00,2023-03-27 09:00:00,1.0759,1.07633,1.07887,1.06995,0.2616,-4.3,-11.25,-11.25,10,time_exit,40.25582,0.00198,-2.21926,2.84566,,2023
EURUSD,1,2023-03-27 10:00:00,2023-03-27 20:00:00,1.07634,1.0794,1.07415,1.08073,0.3542,30.6,108.39,108.38,10,time_exit,31.8851,0.00146,-1.84098,2.83789,london,2023
EURUSD,1,2023-03-30 14:00:00,2023-03-30 16:00:00,1.08788,1.09251,1.08557,1.09251,0.3404,46.3,157.51,157.51,2,take_profit,17.56779,0.00154,2.65669,2.97388,london,2023
EURUSD,-1,2023-03-31 01:00:00,2023-03-31 04:00:00,1.0906,1.09256,1.09256,1.08669,0.4104,-19.6,-80.33,-80.33,3,stop_loss,31.36775,0.0013,3.39993,4.43576,,2023
EURUSD,-1,2023-03-31 14:00:00,2023-03-31 15:00:00,1.08693,1.0891,1.0891,1.0826,0.367,-21.7,-79.54,-79.54,1,stop_loss,25.76141,0.00144,-0.45105,4.19443,london,2023
EURUSD,1,2023-03-31 15:00:00,2023-03-31 22:00:00,1.08677,1.08459,1.08459,1.09112,0.3618,-21.8,-78.74,-78.74,7,stop_loss,25.22139,0.00145,-0.56399,4.1181,london,2023
EURUSD,1,2023-04-03 20:00:00,2023-04-04 06:00:00,1.08886,1.08887,1.08614,1.09429,0.2869,0.1,0.29,0.28,10,time_exit,35.38778,0.00181,1.73491,1.85841,new_york,2023
EURUSD,-1,2023-04-04 15:00:00,2023-04-04 17:00:00,1.08975,1.09216,1.09216,1.08493,0.3235,-24.1,-77.94,-77.95,2,stop_loss,36.21478,0.00161,0.948,2.79888,london,2023
EURUSD,1,2023-04-05 22:00:00,2023-04-06 08:00:00,1.0909,1.08946,1.08833,1.09605,0.2997,-14.4,-43.16,-43.16,10,time_exit,28.00434,0.00172,-0.80117,3.35398,,2023
EURUSD,-1,2023-04-10 10:00:00,2023-04-10 15:00:00,1.09049,1.08784,1.09182,1.08784,0.5791,26.5,153.49,153.49,5,take_profit,28.02313,0.00088,-0.51033,2.77613,london,2023
EURUSD,1,2023-04-11 02:00:00,2023-04-11 09:00:00,1.08649,1.0897,1.08489,1.0897,0.488,32.1,156.56,156.55,7,take_profit,35.49418,0.00107,-2.25813,0.6107,,2023
EURUSD,1,2023-04-12 04:00:00,2023-04-12 14:00:00,1.09254,1.09225,1.09095,1.09572,0.5021,-2.9,-14.56,-14.56,10,time_exit,28.09566,0.00106,2.40286,1.19691,,2023
EURUSD,1,2023-04-13 01:00:00,2023-04-13 11:00:00,1.09922,1.10147,1.09718,1.1033,0.3909,22.5,87.95,87.95,10,time_exit,44.93364,0.00136,4.20271,2.53198,,2023
EURUSD,-1,2023-04-14 00:00:00,2023-04-14 05:00:00,1.10462,1.10665,1.10665,1.10056,0.3972,-20.3,-80.57,-80.57,5,stop_loss,51.35921,0.00135,4.2482,4.76434,,2023
EURUSD,1,2023-04-14 14:00:00,2023-04-14 15:00:00,1.10587,1.10424,1.10424,1.10914,0.4884,-16.3,-79.77,-79.77,1,stop_loss,50.59858,0.00109,3.49052,7.13833,london,2023
EURUSD,1,2023-04-17 00:00:00,2023-04-17 04:00:00,1.09887,1.09665,1.09665,1.10331,0.3559,-22.2,-78.98,-78.98,4,stop_loss,43.14785,0.00148,-1.41553,4.47756,,2023
EURUSD,-1,2023-04-18 15:00:00,2023-04-19 01:00:00,1.09664,1.0974,1.09845,1.09302,0.4325,-7.6,-32.87,-32.87,10,time_exit,33.8211,0.00121,0.11587,1.19922,london,2023
EURUSD,-1,2023-04-19 16:00:00,2023-04-19 17:00:00,1.09497,1.09711,1.09711,1.09069,0.3642,-21.4,-77.86,-77.87,1,stop_loss,25.164,0.00143,-0.8541,0.61967,new_york,2023
EURUSD,1,2023-04-19 23:00:00,2023-04-20 09:00:00,1.0955,1.0967,1.09348,1.09953,0.3822,12.0,45.86,45.86,10,time_exit,16.12336,0.00134,-0.4228,0.54808,,2023
EURUSD,1,2023-04-20 10:00:00,2023-04-20 15:00:00,1.09671,1.09514,1.09514,1.09986,0.4923,-15.7,-77.53,-77.53,5,stop_loss,12.56587,0.00105,0.68722,0.57128,london,2023
EURUSD,-1,2023-04-24 11:00:00,2023-04-24 12:00:00,1.0987,1.10051,1.10051,1.09507,0.4231,-18.1,-76.75,-76.75,1,stop_loss,11.89215,0.00121,1.06548,1.0386,london,2023
EURUSD,1,2023-04-25 23:00:00,2023-04-26 09:00:00,1.09702,1.10097,1.09505,1.10097,0.3848,39.5,151.97,151.97,10,take_profit,37.13806,0.00132,-2.80246,2.04384,,2023
EURUSD,1,2023-04-27 07:00:00,2023-04-27 15:00:00,1.10456,1.10254,1.10254,1.1086,0.3834,-20.2,-77.51,-77.51,8,stop_loss,40.5929,0.00135,1.57962,2.39372,london,2023
EURUSD,1,2023-04-27 19:00:00,2023-04-28 05:00:00,1.10157,1.1017,1.09876,1.1072,0.2726,1.3,3.54,3.54,10,time_exit,34.35898,0.00188,-0.66446,1.65143,new_york,2023
EURUSD,-1,2023-04-28 05:00:00,2023-04-28 11:00:00,1.10267,1.09855,1.10473,1.09855,0.3727,41.2,153.52,153.52,6,take_profit,23.23982,0.00137,-0.05504,2.00805,,2023
EURUSD,1,2023-05-01 23:00:00,2023-05-02 09:00:00,1.09727,1.09916,1.09526,1.1013,0.3888,18.9,73.48,73.48,10,time_exit,20.33272,0.00134,-2.42132,0.31381,,2023
EURUSD,1,2023-05-02 17:00:00,2023-05-02 18:00:00,1.0943,1.09873,1.09208,1.09873,0.3568,44.3,158.1,158.1,1,take_profit,15.59888,0.00148,-3.04189,-0.56183,new_york,2023
EURUSD,1,2023-05-03 06:00:00,2023-05-03 16:00:00,1.10253,1.10315,1.10066,1.10628,0.4303,6.2,26.68,26.68,10,time_exit,22.07798,0.00125,2.38362,-0.15728,,2023
EURUSD,-1,2023-05-04 04:00:00,2023-05-04 14:00:00,1.1076,1.10746,1.10996,1.10288,0.3426,1.4,4.8,4.79,10,time_exit,39.4002,0.00157,3.10451,1.26081,,2023
EURUSD,1,2023-05-05 05:00:00,2023-05-05 14:00:00,1.10356,1.10108,1.10108,1.10852,0.3262,-24.8,-80.95,-80.95,9,stop_loss,26.16748,0.00165,0.20508,1.07033,,2023
EURUSD,-1,2023-05-08 21:00:00,2023-05-09 07:00:00,1.10156,1.09889,1.10369,1.0973,0.3761,26.7,100.42,100.42,10,time_exit,14.09527,0.00142,-0.98015,0.75174,new_york,2023
EURUSD,1,2023-05-10 22:00:00,2023-05-11 08:00:00,1.09769,1.09783,1.0952,1.10268,0.3255,1.4,4.56,4.56,10,time_exit,28.8959,0.00166,-0.12581,-1.33843,,2023
EURUSD,1,2023-05-11 12:00:00,2023-05-11 16:00:00,1.09284,1.09062,1.09062,1.09728,0.3659,-22.2,-81.18,-81.18,4,stop_loss,26.24178,0.00148,-3.10182,-1.54785,london,2023
EURUSD,-1,2023-05-12 00:00:00,2023-05-12 10:00:00,1.09154,1.09077,1.0936,1.08742,0.3904,7.7,30.06,30.06,10,time_exit,27.86609,0.00137,-2.74595,-2.55335,,2023
EURUSD,-1,2023-05-15 01:00:00,2023-05-15 09:00:00,1.08525,1.08696,1.08696,1.08182,0.471,-17.1,-80.67,-80.67,8,stop_loss,41.16157,0.00114,-5.13486,-4.92622,,2023
EURUSD,-1,2023-05-15 16:00:00,2023-05-16 02:00:00,1.08786,1.08737,1.08951,1.08457,0.4849,4.9,23.76,23.76,10,time_exit,25.36774,0.0011,-1.09459,-5.64353,new_york,2023
EURUSD,-1,2023-05-16 19:00:00,2023-05-17 05:00:00,1.08647,1.08698,1.08822,1.08296,0.4568,-5.1,-23.3,-23.3,10,time_exit,16.70818,0.00117,-1.56464,-4.47381,new_york,2023
EURUSD,-1,2023-05-17 18:00:00,2023-05-17 19:00:00,1.0821,1.08415,1.08415,1.078,0.3897,-20.5,-79.86,-79.86,1,stop_loss,36.47089,0.00137,-2.94457,-4.15674,new_york,2023
EURUSD,-1,2023-05-17 21:00:00,2023-05-18 07:00:00,1.0844,1.08328,1.08646,1.08029,0.3847,11.2,43.09,43.08,10,time_exit,33.49225,0.00137,-1.05755,-4.1587,new_york,2023
EURUSD,-1,2023-05-22 03:00:00,2023-05-22 13:00:00,1.0822,1.0822,1.08416,1.07828,0.4058,-0.0,-0.0,-0.0,10,time_exit,25.07774,0.00131,1.22609,-4.72017,,2023
EURUSD,1,2023-05-23 13:00:00,2023-05-23 19:00:00,1.07813,1.0763,1.0763,1.08179,0.4348,-18.3,-79.5,-79.5,6,stop_loss,15.42952,0.00122,-2.24595,-3.49818,london,2023
EURUSD,-1,2023-05-25 05:00:00,2023-05-25 15:00:00,1.07439,1.07184,1.0762,1.07078,0.4356,25.5,111.08,111.08,10,time_exit,19.29524,0.0012,-2.44288,-4.1861,,2023
EURUSD,1,2023-05-25 15:00:00,2023-05-25 16:00:00,1.0733,1.0715,1.0715,1.0769,0.4437,-18.0,-79.8,-79.8,1,stop_loss,31.09538,0.0012,-2.21483,-4.63088,london,2023
EURUSD,-1,2023-05-26 01:00:00,2023-05-26 11:00:00,1.07282,1.07318,1.07466,1.06913,0.4284,-3.6,-15.42,-15.42,10,time_exit,26.39623,0.00123,-1.59398,-4.79344,,2023
EURUSD,1,2023-05-29 17:00:00,2023-05-30 03:00:00,1.07096,1.07139,1.06954,1.0738,0.5559,4.3,23.9,23.9,10,time_exit,12.88035,0.00095,-2.14847,-5.29996,new_york,2023
EURUSD,1,2023-06-02 11:00:00,2023-06-02 15:00:00,1.07619,1.07449,1.07449,1.07959,0.4656,-17.0,-79.09,-79.09,4,stop_loss,22.47404,0.00113,2.80844,-1.05818,london,2023
EURUSD,-1,2023-06-05 13:00:00,2023-06-05 17:00:00,1.06922,1.07085,1.07085,1.06596,0.4804,-16.3,-78.31,-78.31,4,stop_loss,39.85489,0.00109,-2.30022,-1.71899,london,2023
EURUSD,1,2023-06-07 16:00:00,2023-06-07 18:00:00,1.0716,1.06997,1.06997,1.07486,0.4757,-16.3,-77.52,-77.52,2,stop_loss,15.90266,0.00109,1.41657,-1.9048,new_york,2023
EURUSD,1,2023-06-07 18:00:00,2023-06-08 04:00:00,1.07078,1.07088,1.06874,1.07487,0.3757,1.0,3.76,3.75,10,time_exit,16.90486,0.00136,0.39237,-1.3999,new_york,2023
EURUSD,-1,2023-06-09 08:00:00,2023-06-09 18:00:00,1.07753,1.07513,1.07873,1.07513,0.6397,24.0,153.57,153.57,10,take_profit,45.3212,0.0008,4.13398,1.73556,london,2023
EURUSD,1,2023-06-12 13:00:00,2023-06-12 14:00:00,1.07855,1.07696,1.07696,1.08174,0.4911,-15.9,-78.31,-78.32,1,stop_loss,23.23223,0.00106,3.19117,1.5131,london,2023
EURUSD,1,2023-06-12 17:00:00,2023-06-13 03:00:00,1.07532,1.07606,1.07342,1.07912,0.4077,7.4,30.17,30.17,10,time_exit,22.54031,0.00127,-0.0041,1.32121,new_york,2023
EURUSD,-1,2023-06-13 06:00:00,2023-06-13 08:00:00,1.07744,1.07888,1.07888,1.07456,0.5407,-14.4,-77.84,-77.84,2,stop_loss,16.64251,0.00096,1.9671,1.70838,,2023
EURUSD,1,2023-06-13 15:00:00,2023-06-13 17:00:00,1.07943,1.07787,1.07787,1.08255,0.4938,-15.6,-77.07,-77.07,2,stop_loss,32.88514,0.00104,2.58911,2.25179,london,2023
EURUSD,-1,2023-06-14 16:00:00,2023-06-14 17:00:00,1.08311,1.08495,1.08495,1.07942,0.4137,-18.4,-76.29,-76.29,1,stop_loss,24.46089,0.00123,3.6919,2.48368,new_york,2023
EURUSD,-1,2023-06-15 03:00:00,2023-06-15 13:00:00,1.08428,1.08423,1.08634,1.08017,0.3675,0.5,1.84,1.84,10,time_exit,24.81546,0.00137,2.69408,3.02204,,2023
EURUSD,-1,2023-06-15 19:00:00,2023-06-16 05:00:00,1.09327,1.09364,1.09639,1.08703,0.2423,-3.7,-8.97,-8.97,10,time_exit,23.56186,0.00208,5.12711,2.40175,new_york,2023
EURUSD,-1,2023-06-16 11:00:00,2023-06-16 14:00:00,1.09424,1.09627,1.09627,1.09018,0.3719,-20.3,-75.47,-75.47,3,stop_loss,40.17316,0.00135,4.52289,5.9498,london,2023
EURUSD,1,2023-06-19 00:00:00,2023-06-19 10:00:00,1.09399,1.09294,1.09189,1.09818,0.3562,-10.5,-37.4,-37.4,10,time_exit,33.42528,0.0014,2.58295,6.27515,,2023
EURUSD,-1,2023-06-19 19:00:00,2023-06-20 05:00:00,1.0922,1.09225,1.09387,1.08886,0.445,-0.5,-2.22,-2.23,10,time_exit,18.54653,0.00111,0.34939,7.22547,new_york,2023
EURUSD,1,2023-06-22 02:00:00,2023-06-22 12:00:00,1.09905,1.10019,1.0972,1.10275,0.4016,11.4,45.78,45.78,10,time_exit,34.13829,0.00123,4.39202,4.81999,,2023
EURUSD,1,2023-06-23 08:00:00,2023-06-23 10:00:00,1.09331,1.09183,1.09183,1.09627,0.5049,-14.8,-74.76,-74.76,2,stop_loss,31.88784,0.00099,-2.33581,5.58365,london,2023
EURUSD,-1,2023-06-27 04:00:00,2023-06-27 05:00:00,1.09047,1.09184,1.09184,1.08774,0.5422,-13.7,-74.01,-74.01,1,stop_loss,15.30411,0.00091,-0.86882,1.28454,,2023
EURUSD,-1,2023-06-29 02:00:00,2023-06-29 12:00:00,1.09138,1.09168,1.09317,1.08779,0.4088,-3.0,-12.26,-12.27,10,time_exit,29.78821,0.0012,-1.47657,1.38981,,2023
EURUSD,-1,2023-06-29 22:00:00,2023-06-30 08:00:00,1.08672,1.08698,1.08905,1.08205,0.3135,-2.6,-8.15,-8.15,10,time_exit,30.41554,0.00156,-2.83204,-0.02652,,2023
EURUSD,-1,2023-06-30 10:00:00,2023-06-30 15:00:00,1.08636,1.08806,1.08806,1.08296,0.4293,-17.0,-73.08,-73.08,5,stop_loss,28.9874,0.00113,-2.66567,-1.06726,london,2023
EURUSD,1,2023-06-30 15:00:00,2023-06-30 16:00:00,1.0854,1.08909,1.08356,1.08909,0.3922,36.9,144.69,144.69,1,take_profit,32.28477,0.00123,-2.65572,-1.41763,london,2023
EURUSD,1,2023-07-03 03:00:00,2023-07-03 09:00:00,1.09074,1.08902,1.08902,1.09418,0.4296,-17.2,-73.79,-73.79,6,stop_loss,31.65232,0.00115,1.02563,-0.77971,,2023
EURUSD,1,2023-07-04 02:00:00,2023-07-04 08:00:00,1.09126,1.08958,1.08958,1.09462,0.4345,-16.8,-73.05,-73.06,6,stop_loss,21.96016,0.00112,0.95348,-0.24394,,2023
EURUSD,1,2023-07-04 18:00:00,2023-07-04 21:00:00,1.09019,1.08871,1.08871,1.09315,0.4879,-14.8,-72.32,-72.32,3,stop_loss,12.27712,0.00099,-0.02266,-0.22837,new_york,2023
EURUSD,1,2023-07-05 01:00:00,2023-07-05 10:00:00,1.08788,1.09043,1.08661,1.09043,0.5621,25.5,143.19,143.18,9,take_profit,15.47922,0.00085,-2.33242,-0.55117,,2023
EURUSD,1,2023-07-07 21:00:00,2023-07-10 07:00:00,1.09676,1.09531,1.09412,1.10203,0.2771,-14.5,-40.18,-40.18,10,time_exit,24.2589,0.00176,4.14976,0.04744,new_york,2023
EURUSD,1,2023-07-12 15:00:00,2023-07-12 16:00:00,1.10149,1.10436,1.10005,1.10436,0.5059,28.7,145.25,145.25,1,take_profit,18.79672,0.00096,1.58809,5.83139,london,2023
EURUSD,-1,2023-07-13 20:00:00,2023-07-13 23:00:00,1.12057,1.12278,1.12278,1.11616,0.3356,-22.1,-74.08,-74.08,3,stop_loss,56.87677,0.00147,6.68748,7.58625,new_york,2023
EURUSD,1,2023-07-17 15:00:00,2023-07-17 16:00:00,1.12336,1.12165,1.12165,1.12678,0.4289,-17.1,-73.34,-73.34,1,stop_loss,15.5366,0.00114,2.24145,11.49425,london,2023
EURUSD,1,2023-07-17 20:00:00,2023-07-18 06:00:00,1.1233,1.1254,1.12135,1.12719,0.3731,21.0,78.35,78.35,10,time_exit,18.43364,0.0013,1.57822,9.84141,new_york,2023
EURUSD,1,2023-07-18 08:00:00,2023-07-18 11:00:00,1.12517,1.12365,1.12365,1.12822,0.482,-15.2,-73.39,-73.39,3,stop_loss,16.34734,0.00102,2.68756,11.98603,london,2023
EURUSD,-1,2023-07-18 19:00:00,2023-07-19 05:00:00,1.12226,1.12216,1.12486,1.11706,0.2793,1.0,2.79,2.79,10,time_exit,15.40128,0.00173,-0.48264,6.54719,new_york,2023
EURUSD,1,2023-07-19 06:00:00,2023-07-19 09:00:00,1.12217,1.12028,1.12028,1.12595,0.3842,-18.9,-72.69,-72.69,3,stop_loss,13.29884,0.00126,-0.60377,7.96703,,2023
EURUSD,1,2023-07-20 17:00:00,2023-07-20 18:00:00,1.11846,1.11641,1.11641,1.12255,0.3517,-20.5,-71.96,-71.96,1,stop_loss,30.31511,0.00136,-2.24309,4.46852,new_york,2023
EURUSD,1,2023-07-20 23:00:00,2023-07-21 09:00:00,1.1132,1.1143,1.11093,1.11775,0.3133,11.0,34.46,34.46,10,time_exit,45.30034,0.00152,-4.24093,2.95073,,2023
EURUSD,-1,2023-07-24 05:00:00,2023-07-24 09:00:00,1.11222,1.11377,1.11377,1.10913,0.4632,-15.5,-71.57,-71.58,4,stop_loss,41.74632,0.00103,-2.55556,0.26735,,2023
EURUSD,1,2023-07-25 06:00:00,2023-07-25 11:00:00,1.10808,1.10624,1.10624,1.11176,0.3848,-18.4,-70.86,-70.86,5,stop_loss,36.39192,0.00123,-2.06504,-2.13396,,2023
EURUSD,-1,2023-07-26 03:00:00,2023-07-26 09:00:00,1.10501,1.10669,1.10669,1.10166,0.4188,-16.8,-70.16,-70.17,6,stop_loss,28.03923,0.00112,-2.32537,-3.72382,,2023
EURUSD,-1,2023-07-26 16:00:00,2023-07-26 21:00:00,1.10684,1.10867,1.10867,1.10318,0.3798,-18.3,-69.45,-69.46,5,stop_loss,21.40296,0.00122,-0.16938,-3.30531,new_york,2023
EURUSD,-1,2023-07-27 11:00:00,2023-07-27 15:00:00,1.11285,1.10833,1.11511,1.10833,0.3041,45.2,137.5,137.5,4,take_profit,27.85117,0.00151,3.15083,-1.70654,london,2023
EURUSD,1,2023-07-28 17:00:00,2023-07-31 03:00:00,1.10174,1.10224,1.09846,1.10831,0.2136,5.0,10.68,10.68,10,time_exit,33.16688,0.00219,-0.26514,-2.6234,new_york,2023
EURUSD,1,2023-07-31 11:00:00,2023-07-31 21:00:00,1.102,1.09991,1.09991,1.10619,0.3356,-20.9,-70.24,-70.24,10,stop_loss,14.22555,0.0014,-0.09053,-3.53807,london,2023
EURUSD,1,2023-08-01 10:00:00,2023-08-01 11:00:00,1.09946,1.09778,1.09778,1.10282,0.4138,-16.8,-69.53,-69.53,1,stop_loss,18.25133,0.00112,-1.40323,-4.18713,london,2023
EURUSD,1,2023-08-01 12:00:00,2023-08-01 15:00:00,1.09748,1.09562,1.09562,1.1012,0.3698,-18.6,-68.85,-68.86,3,stop_loss,20.36685,0.00124,-2.66351,-3.85708,london,2023
EURUSD,-1,2023-08-02 10:00:00,2023-08-02 17:00:00,1.09897,1.09471,1.1011,1.09471,0.3199,42.6,136.33,136.33,7,take_profit,16.6525,0.00142,-0.38935,-3.26802,london,2023
EURUSD,-1,2023-08-02 18:00:00,2023-08-02 19:00:00,1.09268,1.09509,1.09509,1.08785,0.288,-24.1,-69.52,-69.52,1,stop_loss,19.75162,0.00161,-3.74664,-3.01494,new_york,2023
EURUSD,-1,2023-08-02 19:00:00,2023-08-03 05:00:00,1.09383,1.09352,1.0963,1.0889,0.279,3.1,8.65,8.65,10,time_exit,22.29773,0.00164,-2.86856,-3.00869,new_york,2023
EURUSD,1,2023-08-03 07:00:00,2023-08-03 10:00:00,1.09347,1.09176,1.09176,1.09689,0.4028,-17.1,-68.9,-68.91,3,stop_loss,30.24016,0.00114,-2.96503,-4.89633,london,2023
EURUSD,1,2023-08-10 08:00:00,2023-08-10 10:00:00,1.09793,1.10071,1.09654,1.10071,0.4905,27.8,136.45,136.45,2,take_profit,18.0144,0.00093,0.50078,-1.55991,london,2023
EURUSD,-1,2023-08-11 07:00:00,2023-08-11 17:00:00,1.09874,1.09723,1.10063,1.09497,0.3689,15.1,55.7,55.7,10,time_exit,26.605,0.00126,-0.1456,-0.1923,london,2023
EURUSD,-1,2023-08-11 20:00:00,2023-08-14 06:00:00,1.09465,1.09321,1.09726,1.08944,0.2691,14.4,38.75,38.75,10,time_exit,23.9416,0.00174,-2.18032,-0.31974,new_york,2023
EURUSD,-1,2023-08-14 20:00:00,2023-08-15 06:00:00,1.09285,1.09146,1.09533,1.08789,0.2842,13.9,39.5,39.5,10,time_exit,28.93921,0.00165,-1.43078,-1.57337,new_york,2023
EURUSD,-1,2023-08-15 07:00:00,2023-08-15 11:00:00,1.09146,1.09332,1.09332,1.08773,0.3803,-18.6,-70.92,-70.92,4,stop_loss,28.75828,0.00124,-1.76751,-2.75653,london,2023
EURUSD,1,2023-08-16 10:00:00,2023-08-16 15:00:00,1.09191,1.09027,1.09027,1.09519,0.4282,-16.4,-70.22,-70.22,5,stop_loss,17.77891,0.00109,-0.29097,-3.25826,london,2023
EURUSD,-1,2023-08-16 22:00:00,2023-08-17 08:00:00,1.08809,1.08736,1.09024,1.08379,0.3233,7.3,23.6,23.6,10,time_exit,19.06903,0.00143,-2.44963,-2.53364,,2023
EURUSD,1,2023-08-18 01:00:00,2023-08-18 11:00:00,1.08669,1.08675,1.08464,1.09078,0.3408,0.6,2.04,2.04,10,time_exit,15.74895,0.00136,-1.62863,-3.26543,,2023
EURUSD,1,2023-08-18 12:00:00,2023-08-18 15:00:00,1.08675,1.08495,1.08495,1.09036,0.387,-18.0,-69.77,-69.78,3,stop_loss,12.62394,0.0012,-1.55155,-3.53385,london,2023
EURUSD,-1,2023-08-18 20:00:00,2023-08-21 06:00:00,1.08732,1.08804,1.08925,1.08345,0.3574,-7.2,-25.73,-25.73,10,time_exit,13.3869,0.00129,-0.62483,-3.32053,new_york,2023
EURUSD,1,2023-08-23 00:00:00,2023-08-23 10:00:00,1.08451,1.08274,1.08274,1.08806,0.3878,-17.7,-68.82,-68.82,10,stop_loss,30.63934,0.00118,-2.97193,-2.27657,,2023
EURUSD,1,2023-08-28 05:00:00,2023-08-28 15:00:00,1.08026,1.08103,1.07826,1.08425,0.3413,7.7,26.28,26.28,10,time_exit,23.07634,0.00133,-0.6969,-3.72694,,2023
EURUSD,-1,2023-08-29 05:00:00,2023-08-29 13:00:00,1.08347,1.08043,1.08499,1.08043,0.4505,30.4,136.78,136.77,8,take_profit,15.32702,0.00101,2.10297,-3.71512,,2023
EURUSD,1,2023-08-29 14:00:00,2023-08-29 15:00:00,1.08067,1.07903,1.07903,1.08395,0.4255,-16.4,-69.76,-69.77,1,stop_loss,14.64649,0.00109,-0.78524,-3.04668,london,2023
EURUSD,1,2023-08-30 04:00:00,2023-08-30 14:00:00,1.08698,1.08788,1.08489,1.09115,0.3309,9.0,29.78,29.78,10,time_exit,26.182,0.00139,2.61095,-1.13832,,2023
EURUSD,-1,2023-08-31 09:00:00,2023-08-31 11:00:00,1.0918,1.08876,1.09332,1.08876,0.4563,30.4,138.73,138.72,2,take_profit,36.03339,0.00101,3.04497,2.304,london,2023
EURUSD,-1,2023-08-31 13:00:00,2023-08-31 18:00:00,1.08743,1.08386,1.08922,1.08386,0.3958,35.7,141.48,141.48,5,take_profit,32.13428,0.00119,-1.09097,1.88488,london,2023
EURUSD,-1,2023-09-01 01:00:00,2023-09-01 11:00:00,1.0842,1.08485,1.08612,1.08035,0.3749,-6.5,-24.37,-24.37,10,time_exit,33.05552,0.00128,-2.46957,0.77569,,2023
EURUSD,1,2023-09-01 12:00:00,2023-09-01 17:00:00,1.08482,1.0831,1.0831,1.08826,0.4179,-17.2,-71.92,-71.92,5,stop_loss,26.71177,0.00115,-1.30669,0.18236,london,2023
EURUSD,-1,2023-09-04 12:00:00,2023-09-04 22:00:00,1.07979,1.0794,1.08146,1.07644,0.4254,3.9,16.59,16.59,10,time_exit,24.80221,0.00112,-2.00528,-2.444,london,2023
EURUSD,-1,2023-09-04 23:00:00,2023-09-05 09:00:00,1.07939,1.07666,1.08076,1.07666,0.5224,27.3,142.73,142.73,10,take_profit,14.13516,0.00091,-1.92213,-3.36515,,2023
EURUSD,-1,2023-09-05 15:00:00,2023-09-05 16:00:00,1.07326,1.07487,1.07487,1.07004,0.452,-16.1,-72.79,-72.79,1,stop_loss,24.63191,0.00107,-5.59808,-3.68181,london,2023
EURUSD,-1,2023-09-08 06:00:00,2023-09-08 16:00:00,1.07179,1.07263,1.07331,1.06876,0.4752,-8.4,-39.92,-39.92,10,time_exit,30.71754,0.00101,-0.12292,-5.89206,,2023
EURUSD,-1,2023-09-12 13:00:00,2023-09-12 23:00:00,1.07224,1.07392,1.07392,1.06887,0.4257,-16.8,-71.66,-71.67,10,stop_loss,30.68695,0.00112,-0.68862,-2.37989,london,2023
EURUSD,1,2023-09-13 17:00:00,2023-09-14 03:00:00,1.07388,1.074,1.07158,1.07848,0.3085,1.2,3.7,3.7,10,time_exit,21.46731,0.00153,0.15326,-1.02985,new_york,2023
EURUSD,-1,2023-09-19 07:00:00,2023-09-19 13:00:00,1.06828,1.06966,1.06966,1.06551,0.5134,-13.8,-70.99,-70.99,6,stop_loss,12.30648,0.00092,0.49542,-3.4768,london,2023
EURUSD,1,2023-09-20 18:00:00,2023-09-20 21:00:00,1.07196,1.07044,1.07044,1.07501,0.4609,-15.2,-70.27,-70.27,3,stop_loss,23.27658,0.00102,3.08357,-1.57536,new_york,2023
EURUSD,-1,2023-09-22 01:00:00,2023-09-22 10:00:00,1.06583,1.06168,1.0679,1.06168,0.3356,41.5,139.15,139.15,9,take_profit,17.10376,0.00138,-0.55062,-1.91182,,2023
EURUSD,-1,2023-09-22 10:00:00,2023-09-22 20:00:00,1.06596,1.06519,1.06766,1.06256,0.4178,7.7,32.17,32.17,10,time_exit,15.90395,0.00113,-0.21126,-2.35576,london,2023
EURUSD,-1,2023-09-25 11:00:00,2023-09-25 16:00:00,1.06379,1.06056,1.06541,1.06056,0.4411,32.3,142.55,142.55,5,take_profit,20.48314,0.00108,-1.39746,-2.47728,london,2023
EURUSD,-1,2023-09-27 00:00:00,2023-09-27 10:00:00,1.05717,1.05651,1.05889,1.05374,0.4234,6.6,27.94,27.94,10,time_exit,44.76361,0.00114,-2.6659,-4.35271,,2023
EURUSD,1,2023-09-28 06:00:00,2023-09-28 12:00:00,1.04996,1.05353,1.04818,1.05353,0.4093,35.7,145.99,145.99,6,take_profit,53.8859,0.00119,-4.22236,-6.0244,,2023
EURUSD,-1,2023-09-29 18:00:00,2023-10-02 04:00:00,1.05871,1.0568,1.06114,1.05385,0.3061,19.1,58.47,58.46,10,time_exit,23.82444,0.00162,1.23383,-2.28876,new_york,2023
EURUSD,-1,2023-10-03 09:00:00,2023-10-03 10:00:00,1.04657,1.04823,1.04823,1.04326,0.4528,-16.6,-75.03,-75.03,1,stop_loss,47.43651,0.0011,-5.08465,-5.0835,london,2023
EURUSD,1,2023-10-03 21:00:00,2023-10-04 07:00:00,1.04692,1.047,1.04463,1.05151,0.3239,0.8,2.59,2.59,10,time_exit,34.55896,0.00153,-2.21032,-4.12555,new_york,2023
EURUSD,-1,2023-10-04 22:00:00,2023-10-05 04:00:00,1.05032,1.05279,1.05279,1.04537,0.3003,-24.7,-74.32,-74.32,6,stop_loss,22.95255,0.00165,0.55461,-3.28621,,2023
EURUSD,1,2023-10-10 05:00:00,2023-10-10 15:00:00,1.05732,1.05935,1.05526,1.06145,0.3566,20.3,72.39,72.39,10,time_exit,15.41625,0.00138,1.6326,0.26389,,2023
EURUSD,1,2023-10-11 04:00:00,2023-10-11 14:00:00,1.06106,1.0604,1.05911,1.06495,0.3817,-6.6,-25.19,-25.19,10,time_exit,15.19993,0.0013,2.5377,1.63011,,2023
EURUSD,1,2023-10-16 04:00:00,2023-10-16 14:00:00,1.05177,1.05367,1.04987,1.05556,0.3906,19.0,74.21,74.21,10,time_exit,27.16342,0.00126,-2.20196,-1.2087,,2023
EURUSD,1,2023-10-16 15:00:00,2023-10-17 01:00:00,1.05367,1.05561,1.052,1.057,0.4487,19.4,87.05,87.05,10,time_exit,18.83015,0.00111,-0.32162,-1.55486,london,2023
EURUSD,1,2023-10-17 16:00:00,2023-10-17 18:00:00,1.0547,1.05896,1.05257,1.05896,0.3553,42.6,151.32,151.31,2,take_profit,25.29019,0.00142,0.01951,-0.63458,new_york,2023
EURUSD,-1,2023-10-17 20:00:00,2023-10-18 06:00:00,1.05794,1.05756,1.06042,1.05299,0.3115,3.8,11.84,11.84,10,time_exit,28.37696,0.00165,1.72534,-0.34148,new_york,2023
EURUSD,1,2023-10-18 15:00:00,2023-10-18 17:00:00,1.05607,1.05412,1.05412,1.05998,0.3953,-19.5,-77.27,-77.27,2,stop_loss,18.01784,0.0013,-0.13364,0.23169,london,2023
EURUSD,1,2023-10-18 21:00:00,2023-10-19 07:00:00,1.05502,1.05336,1.05271,1.05965,0.3306,-16.6,-54.88,-54.88,10,time_exit,17.16631,0.00154,-0.53992,-0.00546,new_york,2023
EURUSD,1,2023-10-19 07:00:00,2023-10-19 15:00:00,1.0534,1.0566,1.0518,1.0566,0.4743,32.0,151.91,151.9,8,take_profit,14.54277,0.00107,-1.61108,-0.49576,london,2023
EURUSD,-1,2023-10-20 15:00:00,2023-10-23 01:00:00,1.0591,1.05916,1.06095,1.0554,0.4186,-0.6,-2.51,-2.51,10,time_exit,32.68485,0.00123,1.81038,0.63729,london,2023
EURUSD,1,2023-10-25 04:00:00,2023-10-25 12:00:00,1.05928,1.05746,1.05746,1.06291,0.4265,-18.2,-77.45,-77.45,8,stop_loss,38.87134,0.00121,-1.87385,2.29768,,2023
EURUSD,1,2023-10-26 09:00:00,2023-10-26 15:00:00,1.05424,1.05284,1.05284,1.05704,0.5476,-14.0,-76.68,-76.69,6,stop_loss,38.91198,0.00093,-4.33641,-0.04391,london,2023
EURUSD,1,2023-10-27 03:00:00,2023-10-27 13:00:00,1.05638,1.05558,1.05456,1.06002,0.4168,-8.0,-33.34,-33.35,10,time_exit,25.32641,0.00121,-0.21159,-0.95848,,2023
EURUSD,1,2023-10-27 18:00:00,2023-10-30 03:00:00,1.05783,1.05555,1.05555,1.0624,0.331,-22.8,-75.58,-75.58,9,stop_loss,16.33542,0.00152,0.89564,-0.74279,new_york,2023
EURUSD,-1,2023-10-31 06:00:00,2023-10-31 10:00:00,1.0601,1.0618,1.0618,1.0567,0.4407,-17.0,-74.82,-74.83,4,stop_loss,23.6866,0.00113,1.25087,0.64112,,2023
EURUSD,1,2023-11-01 09:00:00,2023-11-01 12:00:00,1.05684,1.0551,1.0551,1.06032,0.4252,-17.4,-74.08,-74.08,3,stop_loss,25.49741,0.00116,-1.75635,0.47289,london,2023
EURUSD,1,2023-11-06 01:00:00,2023-11-06 11:00:00,1.07276,1.07473,1.07041,1.07745,0.3125,19.7,61.56,61.56,10,time_exit,47.91039,0.00156,4.81876,2.94489,,2023
EURUSD,-1,2023-11-07 09:00:00,2023-11-07 13:00:00,1.07005,1.06732,1.07141,1.06732,0.5424,27.3,147.9,147.9,4,take_profit,31.69676,0.00091,-0.42863,7.26289,london,2023
EURUSD,1,2023-11-07 16:00:00,2023-11-08 02:00:00,1.06764,1.06904,1.06594,1.07105,0.443,14.0,62.02,62.02,10,time_exit,38.36651,0.00114,-2.07397,5.10341,new_york,2023
EURUSD,-1,2023-11-09 12:00:00,2023-11-09 16:00:00,1.0698,1.07127,1.07127,1.06687,0.5189,-14.7,-76.04,-76.04,4,stop_loss,15.57746,0.00098,-0.06354,3.85724,london,2023
EURUSD,1,2023-11-13 06:00:00,2023-11-13 14:00:00,1.06857,1.067,1.067,1.0717,0.4806,-15.7,-75.29,-75.29,8,stop_loss,17.73307,0.00104,0.15333,1.55683,,2023
EURUSD,1,2023-11-14 07:00:00,2023-11-14 12:00:00,1.06962,1.07213,1.06837,1.07213,0.5943,25.1,149.07,149.07,5,take_profit,12.00843,0.00084,0.70403,2.02436,london,2023
EURUSD,1,2023-11-15 09:00:00,2023-11-15 11:00:00,1.08752,1.08572,1.08572,1.09111,0.4231,-18.0,-76.03,-76.03,2,stop_loss,60.48348,0.0012,7.39094,6.42124,london,2023
EURUSD,1,2023-11-16 20:00:00,2023-11-17 06:00:00,1.08598,1.08504,1.08351,1.09091,0.3052,-9.4,-28.69,-28.69,10,time_exit,24.54528,0.00164,1.44647,5.20973,new_york,2023
EURUSD,1,2023-11-17 15:00:00,2023-11-17 20:00:00,1.08633,1.09015,1.08442,1.09015,0.393,38.2,149.97,149.97,5,take_profit,12.77756,0.00127,1.36484,6.09992,london,2023
EURUSD,-1,2023-11-20 05:00:00,2023-11-20 15:00:00,1.09226,1.09266,1.09414,1.08851,0.4077,-4.0,-16.31,-16.31,10,time_exit,28.56431,0.00125,4.27692,6.69477,,2023
EURUSD,-1,2023-11-20 23:00:00,2023-11-21 04:00:00,1.09419,1.09601,1.09601,1.09055,0.4192,-18.2,-76.31,-76.31,5,stop_loss,49.96012,0.00121,3.3222,7.60809,,2023
EURUSD,1,2023-11-21 19:00:00,2023-11-21 21:00:00,1.0923,1.09024,1.09024,1.09642,0.3672,-20.6,-75.56,-75.56,2,stop_loss,40.51055,0.00137,-0.25301,6.71322,new_york,2023
EURUSD,-1,2023-11-22 12:00:00,2023-11-22 17:00:00,1.09026,1.08608,1.09235,1.08608,0.358,41.8,149.61,149.61,5,take_profit,34.18014,0.00139,-1.13229,5.16746,london,2023
EURUSD,-1,2023-11-23 09:00:00,2023-11-23 10:00:00,1.09081,1.09236,1.09236,1.0877,0.4911,-15.5,-76.29,-76.29,1,stop_loss,27.0565,0.00104,0.41426,4.74291,london,2023
EURUSD,1,2023-11-24 20:00:00,2023-11-27 06:00:00,1.09406,1.09473,1.09239,1.0974,0.4521,6.7,30.29,30.29,10,time_exit,23.09242,0.00111,2.58542,3.58271,new_york,2023
EURUSD,1,2023-11-27 23:00:00,2023-11-28 09:00:00,1.09569,1.09403,1.09403,1.09901,0.4572,-16.6,-75.83,-75.83,10,stop_loss,21.14016,0.00111,2.11657,4.01099,,2023
EURUSD,1,2023-11-29 01:00:00,2023-11-29 11:00:00,1.09934,1.09727,1.09727,1.10349,0.3621,-20.7,-75.07,-75.08,10,stop_loss,27.65269,0.00138,2.5534,3.63737,,2023
EURUSD,-1,2023-11-29 11:00:00,2023-11-29 21:00:00,1.09891,1.0983,1.10086,1.09501,0.3813,6.1,23.26,23.26,10,time_exit,28.44234,0.0013,1.44106,4.26157,london,2023
EURUSD,1,2023-11-30 15:00:00,2023-11-30 16:00:00,1.09254,1.09015,1.09015,1.09733,0.3114,-23.9,-74.55,-74.55,1,stop_loss,22.74277,0.0016,-2.38172,2.25282,london,2023
EURUSD,-1,2023-12-01 20:00:00,2023-12-04 06:00:00,1.08817,1.08716,1.09109,1.08234,0.2532,10.1,25.57,25.57,10,time_exit,34.29504,0.00194,-1.55199,-0.33252,new_york,2023
EURUSD,-1,2023-12-04 20:00:00,2023-12-05 06:00:00,1.08259,1.08442,1.0852,1.07737,0.2835,-18.3,-51.88,-51.88,10,time_exit,32.39868,0.00174,-3.14005,-1.52166,new_york,2023
EURUSD,1,2023-12-07 04:00:00,2023-12-07 14:00:00,1.07672,1.07694,1.0751,1.07996,0.4536,2.2,9.98,9.98,10,time_exit,24.90146,0.00108,-2.96857,-5.67038,,2023
EURUSD,1,2023-12-08 05:00:00,2023-12-08 15:00:00,1.07896,1.07709,1.07709,1.08271,0.3932,-18.7,-73.65,-73.65,10,stop_loss,19.74572,0.00125,-0.08658,-4.2371,,2023
EURUSD,1,2023-12-08 19:00:00,2023-12-11 05:00:00,1.07449,1.0765,1.0718,1.07987,0.2711,20.1,54.49,54.49,10,time_exit,17.71794,0.00179,-2.11112,-2.8878,new_york,2023
EURUSD,1,2023-12-11 09:00:00,2023-12-11 10:00:00,1.07695,1.07538,1.07538,1.08008,0.469,-15.7,-73.46,-73.47,1,stop_loss,10.09344,0.00104,-0.51139,-4.82545,london,2023
EURUSD,-1,2023-12-11 14:00:00,2023-12-12 00:00:00,1.07683,1.07642,1.07858,1.07333,0.4151,4.1,17.02,17.02,10,time_exit,10.49572,0.00117,-0.43327,-4.2025,london,2023
EURUSD,1,2023-12-14 11:00:00,2023-12-14 16:00:00,1.09019,1.09516,1.08771,1.09516,0.2933,49.7,145.76,145.76,5,take_profit,45.19807,0.00166,4.30571,0.85383,london,2023
EURUSD,-1,2023-12-14 17:00:00,2023-12-15 03:00:00,1.09908,1.09847,1.10227,1.0927,0.2331,6.1,14.22,14.22,10,time_exit,45.18294,0.00213,6.47727,1.39967,new_york,2023
EURUSD,-1,2023-12-15 16:00:00,2023-12-18 02:00:00,1.09164,1.09006,1.09454,1.08585,0.2571,15.8,40.62,40.62,10,time_exit,31.28317,0.00193,-0.59235,3.73861,new_york,2023
EURUSD,1,2023-12-18 08:00:00,2023-12-18 18:00:00,1.09156,1.09192,1.08973,1.09522,0.4098,3.6,14.75,14.75,10,time_exit,33.3282,0.00122,-0.08099,4.42138,london,2023
EURUSD,1,2023-12-20 18:00:00,2023-12-20 19:00:00,1.09737,1.09543,1.09543,1.10126,0.386,-19.4,-75.04,-75.04,1,stop_loss,23.2582,0.0013,1.69658,3.99323,new_york,2023
EURUSD,1,2023-12-22 01:00:00,2023-12-22 11:00:00,1.10077,1.10046,1.09856,1.10518,0.3369,-3.1,-10.44,-10.45,10,time_exit,28.97735,0.00147,2.77076,3.3088,,2023
EURUSD,1,2023-12-26 15:00:00,2023-12-26 21:00:00,1.10129,1.10402,1.09993,1.10402,0.5437,27.3,148.39,148.39,6,take_profit,12.98399,0.00091,0.84394,6.21494,london,2023
EURUSD,-1,2023-12-26 22:00:00,2023-12-27 08:00:00,1.10445,1.10443,1.10585,1.10166,0.5419,0.2,1.08,1.08,10,time_exit,13.51256,0.00093,3.50618,6.17335,,2023
EURUSD,-1,2023-12-27 23:00:00,2023-12-28 09:00:00,1.11064,1.11238,1.11238,1.10716,0.4348,-17.4,-75.68,-75.69,10,stop_loss,43.78673,0.00116,4.95297,6.05286,,2023
EURUSD,-1,2023-12-28 12:00:00,2023-12-28 15:00:00,1.11293,1.10939,1.1147,1.10939,0.4237,35.4,149.84,149.84,3,take_profit,48.02314,0.00118,4.52572,6.83475,london,2023
EURUSD,-1,2023-12-29 00:00:00,2023-12-29 03:00:00,1.10605,1.10828,1.10828,1.10158,0.3423,-22.3,-76.42,-76.42,3,stop_loss,38.26109,0.00149,-1.12292,4.93476,,2023
EURUSD,1,2023-12-29 15:00:00,2024-01-02 01:00:00,1.10517,1.10367,1.10299,1.10952,0.3477,-15.0,-52.16,-52.16,10,time_exit,26.42714,0.00145,-1.47494,4.06672,london,2023
EURUSD,-1,2024-01-02 01:00:00,2024-01-02 11:00:00,1.10435,1.10153,1.10657,1.09992,0.3392,28.2,95.65,95.65,10,time_exit,17.25772,0.00148,-1.46278,3.2406,,2024
EURUSD,1,2024-01-04 08:00:00,2024-01-04 11:00:00,1.09266,1.0961,1.09094,1.0961,0.4419,34.4,152.2,152.2,3,take_profit,18.84546,0.00115,-2.16652,-3.2813,london,2024
EURUSD,-1,2024-01-05 03:00:00,2024-01-05 10:00:00,1.0951,1.09171,1.09679,1.09171,0.4582,33.9,155.24,155.24,7,take_profit,14.97365,0.00113,0.06406,-2.83022,,2024
EURUSD,-1,2024-01-09 20:00:00,2024-01-10 06:00:00,1.09342,1.0932,1.09544,1.08939,0.3928,2.2,8.64,8.64,10,time_exit,11.42517,0.00134,-0.87428,-1.36328,new_york,2024
EURUSD,1,2024-01-10 19:00:00,2024-01-11 05:00:00,1.09596,1.09804,1.09407,1.09974,0.4196,20.8,87.28,87.27,10,time_exit,14.39069,0.00126,1.35463,-1.33585,new_york,2024
EURUSD,-1,2024-01-11 11:00:00,2024-01-11 14:00:00,1.0975,1.09889,1.09889,1.09473,0.5779,-13.9,-80.13,-80.13,3,stop_loss,24.07816,0.00092,1.83561,-0.34577,london,2024
EURUSD,1,2024-01-11 15:00:00,2024-01-11 16:00:00,1.09838,1.09681,1.09681,1.10152,0.5047,-15.7,-79.32,-79.33,1,stop_loss,21.43374,0.00105,2.23108,-0.12444,london,2024
EURUSD,1,2024-01-12 01:00:00,2024-01-12 11:00:00,1.09716,1.09626,1.09467,1.10214,0.3152,-9.0,-28.37,-28.37,10,time_exit,17.76424,0.00166,0.65396,-0.05605,,2024
EURUSD,-1,2024-01-12 13:00:00,2024-01-12 16:00:00,1.096,1.09798,1.09798,1.09204,0.3952,-19.8,-78.25,-78.25,3,stop_loss,11.88236,0.00132,-0.41465,0.18977,london,2024
EURUSD,-1,2024-01-15 10:00:00,2024-01-15 20:00:00,1.09537,1.09528,1.09699,1.09213,0.4776,0.9,4.3,4.3,10,time_exit,9.47586,0.00108,-0.66605,-0.10608,london,2024
EURUSD,1,2024-01-16 12:00:00,2024-01-16 16:00:00,1.08863,1.08682,1.08682,1.09225,0.428,-18.1,-77.52,-77.52,4,stop_loss,37.58118,0.00121,-4.59684,-1.16363,london,2024
EURUSD,1,2024-01-16 21:00:00,2024-01-17 07:00:00,1.087,1.08648,1.08459,1.09181,0.3189,-5.2,-16.58,-16.58,10,time_exit,50.44101,0.0016,-3.2576,-1.6612,new_york,2024
EURUSD,1,2024-01-18 08:00:00,2024-01-18 10:00:00,1.0895,1.08787,1.08787,1.09276,0.4691,-16.3,-76.58,-76.58,2,stop_loss,24.93983,0.00109,0.56554,-3.53432,london,2024
EURUSD,-1,2024-01-18 19:00:00,2024-01-19 03:00:00,1.08618,1.08844,1.08844,1.08165,0.335,-22.6,-75.82,-75.82,8,stop_loss,22.64372,0.00151,-1.46454,-2.52513,new_york,2024
EURUSD,1,2024-01-22 07:00:00,2024-01-22 10:00:00,1.0903,1.08886,1.08886,1.09318,0.5204,-14.4,-75.04,-75.04,3,stop_loss,10.43511,0.00096,1.58493,-2.42771,london,2024
EURUSD,-1,2024-01-22 21:00:00,2024-01-23 07:00:00,1.08902,1.09066,1.09066,1.08575,0.4542,-16.4,-74.29,-74.29,10,stop_loss,12.47629,0.00109,0.01172,-1.71742,new_york,2024
EURUSD,-1,2024-01-23 15:00:00,2024-01-23 17:00:00,1.08643,1.08301,1.08814,1.08301,0.4304,34.2,147.12,147.12,2,take_profit,18.63125,0.00114,-2.15808,-1.472,london,2024
EURUSD,-1,2024-01-24 02:00:00,2024-01-24 09:00:00,1.08574,1.08759,1.08759,1.08204,0.4057,-18.5,-75.02,-75.02,7,stop_loss,28.44319,0.00123,-1.31923,-2.06806,,2024
EURUSD,1,2024-01-24 16:00:00,2024-01-24 17:00:00,1.09249,1.09039,1.09039,1.09669,0.3536,-21.0,-74.28,-74.28,1,stop_loss,27.44584,0.0014,3.46362,-1.42551,new_york,2024
EURUSD,-1,2024-01-25 23:00:00,2024-01-26 09:00:00,1.08399,1.08196,1.08617,1.07963,0.3371,20.3,68.43,68.43,10,time_exit,26.06107,0.00145,-2.2313,-1.27153,,2024
EURUSD,-1,2024-01-26 17:00:00,2024-01-29 03:00:00,1.08721,1.08441,1.08938,1.08286,0.3413,28.0,95.56,95.56,10,time_exit,23.55553,0.00145,0.87696,-1.56197,new_york,2024
EURUSD,1,2024-01-29 08:00:00,2024-01-29 11:00:00,1.084,1.08254,1.08254,1.08693,0.5133,-14.6,-75.17,-75.17,3,stop_loss,15.78252,0.00098,-1.64939,-2.37736,london,2024
EURUSD,1,2024-01-29 18:00:00,2024-01-29 22:00:00,1.07976,1.0832,1.07804,1.0832,0.4327,34.4,148.83,148.82,4,take_profit,23.78643,0.00115,-4.12565,-2.54232,new_york,2024
EURUSD,1,2024-01-30 12:00:00,2024-01-30 22:00:00,1.0827,1.08447,1.08114,1.08581,0.488,17.7,86.38,86.37,10,time_exit,14.91889,0.00104,-0.76958,-2.98635,london,2024
EURUSD,1,2024-02-01 16:00:00,2024-02-01 18:00:00,1.08138,1.08592,1.07911,1.08592,0.338,45.4,153.54,153.54,2,take_profit,19.79691,0.00151,-0.51702,-1.84241,new_york,2024
EURUSD,-1,2024-02-02 18:00:00,2024-02-05 04:00:00,1.08025,1.07789,1.08296,1.07484,0.2894,23.6,68.3,68.3,10,time_exit,38.9373,0.0018,-2.52434,-0.26458,new_york,2024
EURUSD,1,2024-02-05 06:00:00,2024-02-05 11:00:00,1.07791,1.07592,1.07592,1.08189,0.3971,-19.9,-79.0,-79.0,5,stop_loss,46.15367,0.00133,-3.31676,-1.64093,,2024
EURUSD,-1,2024-02-06 07:00:00,2024-02-06 09:00:00,1.07492,1.07621,1.07621,1.07234,0.6052,-12.9,-78.21,-78.21,2,stop_loss,50.34702,0.00086,-3.0856,-5.60533,london,2024
EURUSD,-1,2024-02-06 16:00:00,2024-02-06 17:00:00,1.07303,1.07471,1.07471,1.06968,0.462,-16.8,-77.42,-77.42,1,stop_loss,37.36161,0.00112,-3.07101,-4.64482,new_york,2024
EURUSD,-1,2024-02-07 16:00:00,2024-02-08 02:00:00,1.07703,1.07779,1.0785,1.07409,0.5221,-7.6,-39.68,-39.68,10,time_exit,18.1187,0.00098,0.77269,-4.27455,new_york,2024
EURUSD,1,2024-02-08 16:00:00,2024-02-08 19:00:00,1.07436,1.0775,1.07279,1.0775,0.4864,31.4,152.51,152.51,3,take_profit,20.44153,0.00105,-2.35817,-2.78464,new_york,2024
EURUSD,-1,2024-02-08 22:00:00,2024-02-09 08:00:00,1.07749,1.07746,1.07912,1.07422,0.4759,0.3,1.43,1.43,10,time_exit,20.08041,0.00109,0.52659,-2.48017,,2024
EURUSD,-1,2024-02-09 13:00:00,2024-02-09 15:00:00,1.07668,1.07792,1.07792,1.07421,0.6293,-12.4,-77.78,-77.79,2,stop_loss,15.58521,0.00082,-0.52285,-2.66423,london,2024
EURUSD,1,2024-02-12 23:00:00,2024-02-13 09:00:00,1.07743,1.07714,1.07587,1.08055,0.4933,-2.9,-14.31,-14.31,10,time_exit,17.2809,0.00104,-0.35093,-1.13323,,2024
EURUSD,-1,2024-02-15 21:00:00,2024-02-16 07:00:00,1.07671,1.07603,1.07833,1.07347,0.4746,6.8,32.27,32.27,10,time_exit,40.60628,0.00108,2.59283,-2.11977,new_york,2024
EURUSD,-1,2024-02-16 12:00:00,2024-02-16 13:00:00,1.07662,1.07779,1.07779,1.07427,0.658,-11.7,-77.19,-77.19,1,stop_loss,36.92254,0.00078,1.92631,-1.47025,london,2024
EURUSD,-1,2024-02-20 08:00:00,2024-02-20 11:00:00,1.0768,1.07785,1.07785,1.0747,0.7267,-10.5,-76.42,-76.42,3,stop_loss,14.97119,0.0007,-0.25408,0.45864,london,2024
EURUSD,-1,2024-02-21 20:00:00,2024-02-21 21:00:00,1.08076,1.08221,1.08221,1.07786,0.5224,-14.5,-75.65,-75.65,1,stop_loss,21.52175,0.00097,0.92774,2.07166,new_york,2024
EURUSD,-1,2024-02-26 00:00:00,2024-02-26 10:00:00,1.0831,1.08322,1.08446,1.08038,0.5512,-1.2,-6.61,-6.62,10,time_exit,11.55567,0.00091,-0.23161,2.71066,,2024
EURUSD,-1,2024-02-26 19:00:00,2024-02-27 05:00:00,1.08542,1.08529,1.08683,1.08261,0.5324,1.3,6.92,6.92,10,time_exit,25.59713,0.00094,2.54456,2.73853,new_york,2024
EURUSD,-1,2024-02-27 08:00:00,2024-02-27 09:00:00,1.08523,1.08623,1.08623,1.08322,0.7469,-10.0,-74.9,-74.9,1,stop_loss,15.82402,0.00067,2.05871,4.20924,london,2024
EURUSD,1,2024-02-27 09:00:00,2024-02-27 16:00:00,1.08503,1.08404,1.08404,1.08701,0.7473,-9.9,-74.15,-74.15,7,stop_loss,14.80065,0.00066,1.72307,4.26418,london,2024
EURUSD,-1,2024-02-28 15:00:00,2024-02-28 16:00:00,1.08088,1.08227,1.08227,1.0781,0.5277,-13.9,-73.41,-73.41,1,stop_loss,38.64231,0.00093,-2.82214,1.88529,london,2024
EURUSD,-1,2024-03-01 01:00:00,2024-03-01 11:00:00,1.08049,1.08154,1.08226,1.07695,0.4101,-10.5,-43.06,-43.06,10,time_exit,25.24082,0.00118,-1.99485,0.6261,,2024
EURUSD,1,2024-03-01 12:00:00,2024-03-01 16:00:00,1.08159,1.08023,1.08023,1.08431,0.5304,-13.6,-72.25,-72.25,4,stop_loss,18.32839,0.00091,-0.82217,0.32443,london,2024
EURUSD,-1,2024-03-01 17:00:00,2024-03-01 18:00:00,1.08175,1.08339,1.08339,1.07847,0.4364,-16.4,-71.52,-71.52,1,stop_loss,19.35691,0.00109,-1.8666,0.11043,new_york,2024
EURUSD,-1,2024-03-04 00:00:00,2024-03-04 02:00:00,1.08273,1.08446,1.08446,1.07927,0.409,-17.3,-70.8,-70.8,2,stop_loss,14.92666,0.00115,1.32155,0.3586,,2024
EURUSD,1,2024-03-04 07:00:00,2024-03-04 17:00:00,1.08437,1.08633,1.08295,1.0872,0.4948,19.6,96.98,96.98,10,time_exit,9.56368,0.00094,1.52708,0.74828,london,2024
EURUSD,1,2024-03-05 03:00:00,2024-03-05 09:00:00,1.0853,1.08416,1.08416,1.08758,0.6237,-11.4,-71.07,-71.07,6,stop_loss,9.96231,0.00076,1.33392,1.97152,,2024
EURUSD,-1,2024-03-07 10:00:00,2024-03-07 15:00:00,1.08937,1.08691,1.0906,1.08691,0.5714,24.6,140.7,140.7,5,take_profit,30.28496,0.00082,1.86116,3.79339,london,2024
EURUSD,-1,2024-03-11 12:00:00,2024-03-11 17:00:00,1.09446,1.09166,1.09586,1.09166,0.5118,28.0,143.53,143.53,5,take_profit,26.11978,0.00093,1.40711,5.21055,london,2024
EURUSD,-1,2024-03-12 00:00:00,2024-03-12 03:00:00,1.09186,1.09315,1.09315,1.08929,0.5693,-12.9,-73.2,-73.2,3,stop_loss,23.92219,0.00086,-0.59535,4.94022,,2024
EURUSD,1,2024-03-12 11:00:00,2024-03-12 15:00:00,1.0932,1.09218,1.09218,1.09523,0.7137,-10.2,-72.47,-72.47,4,stop_loss,18.86028,0.00068,0.09001,5.72298,london,2024
EURUSD,1,2024-03-12 18:00:00,2024-03-13 04:00:00,1.09171,1.0924,1.09013,1.09487,0.4536,6.9,31.3,31.3,10,time_exit,29.96802,0.00105,-1.18328,3.29887,new_york,2024
EURUSD,1,2024-03-14 09:00:00,2024-03-14 15:00:00,1.09398,1.09293,1.09293,1.09608,0.6877,-10.5,-72.06,-72.06,6,stop_loss,17.04898,0.0007,0.34733,4.1601,london,2024
EURUSD,-1,2024-03-15 05:00:00,2024-03-15 12:00:00,1.08772,1.08895,1.08895,1.08526,0.5801,-12.3,-71.33,-71.34,7,stop_loss,51.86651,0.00082,-4.82342,1.13838,,2024
EURUSD,1,2024-03-18 04:00:00,2024-03-18 14:00:00,1.08853,1.09025,1.08739,1.09081,0.6192,17.2,106.5,106.5,10,time_exit,31.51745,0.00076,-1.68965,-0.62281,,2024
EURUSD,-1,2024-03-19 03:00:00,2024-03-19 10:00:00,1.08734,1.08538,1.08832,1.08538,0.7314,19.6,143.37,143.37,7,take_profit,28.48328,0.00065,-2.33262,-1.58178,,2024
EURUSD,-1,2024-03-19 19:00:00,2024-03-20 05:00:00,1.08585,1.08689,1.08718,1.0832,0.5509,-10.4,-57.29,-57.3,10,time_exit,36.35263,0.00088,-1.77592,-2.13038,new_york,2024
EURUSD,-1,2024-03-21 09:00:00,2024-03-21 11:00:00,1.09318,1.09057,1.09449,1.09057,0.5554,26.1,145.11,145.1,2,take_profit,41.42804,0.00087,4.93108,-0.15657,london,2024
EURUSD,1,2024-03-21 22:00:00,2024-03-22 05:00:00,1.08625,1.08428,1.08428,1.09019,0.376,-19.7,-74.0,-74.0,7,stop_loss,37.39915,0.00131,-2.04664,-0.09036,,2024
EURUSD,1,2024-03-22 16:00:00,2024-03-22 19:00:00,1.08265,1.08093,1.08093,1.08608,0.4265,-17.2,-73.25,-73.25,3,stop_loss,51.0034,0.00114,-3.10238,-1.74365,new_york,2024
EURUSD,-1,2024-03-26 10:00:00,2024-03-26 13:00:00,1.08507,1.08606,1.08606,1.0831,0.7362,-9.9,-72.53,-72.53,3,stop_loss,22.87752,0.00066,2.12741,-3.99797,london,2024
EURUSD,1,2024-03-27 07:00:00,2024-03-27 15:00:00,1.08263,1.08159,1.08159,1.08471,0.6902,-10.4,-71.8,-71.8,8,stop_loss,24.34831,0.00069,-1.38887,-3.18856,london,2024
EURUSD,1,2024-03-28 01:00:00,2024-03-28 02:00:00,1.08261,1.0815,1.0815,1.08483,0.6399,-11.1,-71.09,-71.09,1,stop_loss,18.14897,0.00074,-0.52004,-3.04784,,2024
EURUSD,-1,2024-03-28 03:00:00,2024-03-28 05:00:00,1.08127,1.08243,1.08243,1.07895,0.6073,-11.6,-70.38,-70.38,2,stop_loss,20.03147,0.00077,-2.0657,-2.98816,,2024
EURUSD,1,2024-03-28 14:00:00,2024-03-28 16:00:00,1.07893,1.08179,1.0775,1.08179,0.4864,28.6,139.34,139.33,2,take_profit,23.58492,0.00095,-3.34097,-2.73203,london,2024
EURUSD,-1,2024-04-01 01:00:00,2024-04-01 11:00:00,1.07894,1.07899,1.08014,1.07654,0.5932,-0.5,-2.97,-2.97,10,time_exit,18.96907,0.0008,-0.79382,-4.25537,,2024
EURUSD,1,2024-04-01 11:00:00,2024-04-01 16:00:00,1.07862,1.07747,1.07747,1.08092,0.6171,-11.5,-71.03,-71.03,5,stop_loss,18.5454,0.00077,-0.91191,-4.24475,london,2024
EURUSD,-1,2024-04-02 13:00:00,2024-04-02 15:00:00,1.07421,1.07556,1.07556,1.07152,0.5224,-13.5,-70.33,-70.33,2,stop_loss,41.25823,0.0009,-2.10217,-5.19674,london,2024
EURUSD,1,2024-04-03 06:00:00,2024-04-03 16:00:00,1.07744,1.07895,1.07632,1.07969,0.6192,15.1,93.5,93.5,10,time_exit,35.37508,0.00075,1.42502,-4.98919,,2024
EURUSD,1,2024-04-04 03:00:00,2024-04-04 12:00:00,1.08381,1.08644,1.08249,1.08644,0.5358,26.3,141.11,141.11,9,take_profit,45.38898,0.00088,5.53304,-1.38323,,2024
EURUSD,1,2024-04-04 16:00:00,2024-04-04 21:00:00,1.08698,1.08558,1.08558,1.08977,0.5153,-14.0,-71.97,-71.97,5,stop_loss,53.34984,0.00093,5.90751,0.75738,new_york,2024
EURUSD,-1,2024-04-05 05:00:00,2024-04-05 11:00:00,1.08269,1.08418,1.08418,1.07971,0.4787,-14.9,-71.25,-71.25,6,stop_loss,37.94593,0.00099,-0.04762,1.50017,,2024
EURUSD,1,2024-04-05 14:00:00,2024-04-05 15:00:00,1.08345,1.08218,1.08218,1.08599,0.5558,-12.7,-70.54,-70.54,1,stop_loss,27.03886,0.00085,0.72072,1.74087,london,2024
EURUSD,-1,2024-04-15 20:00:00,2024-04-16 06:00:00,1.06362,1.06114,1.06568,1.05951,0.3395,24.8,84.2,84.19,10,time_exit,32.3447,0.00137,-2.74418,-5.88514,new_york,2024
EURUSD,1,2024-04-17 03:00:00,2024-04-17 13:00:00,1.06211,1.06394,1.06028,1.06577,0.3863,18.3,70.69,70.69,10,time_exit,19.25991,0.00122,-1.37857,-6.68896,,2024
EURUSD,1,2024-04-18 09:00:00,2024-04-18 15:00:00,1.06809,1.06659,1.06659,1.07109,0.4755,-15.0,-71.38,-71.38,6,stop_loss,28.77969,0.001,2.93219,-5.04713,london,2024
EURUSD,-1,2024-04-19 04:00:00,2024-04-19 05:00:00,1.06388,1.06121,1.06521,1.06121,0.5297,26.7,141.33,141.33,1,take_profit,28.11751,0.00089,-1.61799,-4.62509,,2024
EURUSD,1,2024-04-19 08:00:00,2024-04-19 15:00:00,1.06349,1.06688,1.0618,1.06688,0.4256,33.9,144.17,144.16,7,take_profit,31.43369,0.00113,-1.28552,-3.74499,london,2024
EURUSD,1,2024-04-19 15:00:00,2024-04-22 01:00:00,1.0652,1.0659,1.06331,1.06898,0.3893,7.0,27.25,27.25,10,time_exit,22.46867,0.00126,0.21804,-3.14543,london,2024
EURUSD,-1,2024-04-22 17:00:00,2024-04-22 20:00:00,1.06333,1.06511,1.06511,1.05977,0.4141,-17.8,-73.79,-73.79,3,stop_loss,23.3024,0.00119,-1.63388,-2.3941,new_york,2024
EURUSD,1,2024-04-22 23:00:00,2024-04-23 09:00:00,1.06521,1.06452,1.06362,1.06839,0.4587,-6.9,-31.65,-31.65,10,time_exit,22.49096,0.00106,-0.04691,-2.53618,,2024
EURUSD,1,2024-04-24 00:00:00,2024-04-24 10:00:00,1.07003,1.06884,1.06817,1.07374,0.3918,-11.9,-46.62,-46.63,10,time_exit,31.48331,0.00124,2.72084,-0.77953,,2024
EURUSD,-1,2024-04-24 11:00:00,2024-04-24 21:00:00,1.06884,1.06932,1.07027,1.06599,0.5068,-4.8,-24.33,-24.33,10,time_exit,33.29243,0.00095,0.80671,-0.0123,london,2024
EURUSD,-1,2024-04-25 14:00:00,2024-04-25 15:00:00,1.07249,1.07379,1.07379,1.06988,0.5526,-13.0,-72.02,-72.03,1,stop_loss_ambiguous,27.83095,0.00087,3.19497,1.27538,london,2024
EURUSD,-1,2024-04-25 17:00:00,2024-04-25 18:00:00,1.07008,1.07206,1.07206,1.06613,0.3608,-19.8,-71.3,-71.3,1,stop_loss,27.63734,0.00132,0.20994,0.86046,new_york,2024
EURUSD,1,2024-04-26 01:00:00,2024-04-26 11:00:00,1.07282,1.0741,1.071,1.07646,0.3878,12.8,49.64,49.64,10,time_exit,19.52607,0.00121,1.87891,1.33019,,2024
EURUSD,-1,2024-04-29 05:00:00,2024-04-29 07:00:00,1.07145,1.07326,1.07326,1.06783,0.3927,-18.1,-71.08,-71.08,2,stop_loss,12.92058,0.00121,0.44497,1.14187,,2024
EURUSD,1,2024-04-29 08:00:00,2024-04-29 10:00:00,1.0729,1.07115,1.07115,1.07641,0.4012,-17.5,-70.38,-70.39,2,stop_loss,13.40458,0.00117,1.57441,1.22922,london,2024
EURUSD,-1,2024-04-29 12:00:00,2024-04-29 14:00:00,1.07047,1.07242,1.07242,1.06658,0.3581,-19.5,-69.67,-69.68,2,stop_loss,12.75132,0.0013,-0.50437,1.10701,london,2024
EURUSD,-1,2024-04-30 04:00:00,2024-04-30 12:00:00,1.07152,1.07308,1.07308,1.06839,0.4411,-15.6,-68.98,-68.98,8,stop_loss,9.3486,0.00104,0.13152,1.34863,,2024
EURUSD,-1,2024-05-02 00:00:00,2024-05-02 01:00:00,1.06946,1.07195,1.07195,1.06449,0.2746,-24.9,-68.29,-68.29,1,stop_loss,33.23384,0.00166,1.60759,-0.41473,,2024
EURUSD,1,2024-05-02 13:00:00,2024-05-02 16:00:00,1.07033,1.06832,1.06832,1.07435,0.3361,-20.1,-67.6,-67.6,3,stop_loss,34.80554,0.00134,0.41186,0.10227,london,2024
EURUSD,1,2024-05-02 22:00:00,2024-05-03 08:00:00,1.07303,1.07359,1.07085,1.07739,0.3074,5.6,17.21,17.21,10,time_exit,26.09747,0.00145,2.0483,0.228,,2024
EURUSD,-1,2024-05-03 15:00:00,2024-05-03 16:00:00,1.07457,1.07595,1.07595,1.07181,0.4857,-13.8,-67.1,-67.1,1,stop_loss,25.66407,0.00092,3.04123,1.58773,london,2024
EURUSD,1,2024-05-03 17:00:00,2024-05-06 03:00:00,1.07764,1.07676,1.07549,1.08193,0.3095,-8.8,-27.24,-27.24,10,time_exit,31.53881,0.00143,3.7614,1.27025,new_york,2024
EURUSD,-1,2024-05-06 23:00:00,2024-05-07 09:00:00,1.07675,1.07637,1.07804,1.07417,0.5132,3.8,19.5,19.5,10,time_exit,30.22788,0.00086,1.32758,4.03356,,2024
EURUSD,-1,2024-05-08 07:00:00,2024-05-08 13:00:00,1.07413,1.07529,1.07529,1.07182,0.5739,-11.6,-66.36,-66.36,6,stop_loss,20.61785,0.00077,-2.18612,3.35268,london,2024
EURUSD,-1,2024-05-09 07:00:00,2024-05-09 11:00:00,1.07478,1.07295,1.0757,1.07295,0.7174,18.3,131.38,131.37,4,take_profit,9.14737,0.00061,-0.56057,2.59385,london,2024
EURUSD,1,2024-05-09 20:00:00,2024-05-10 06:00:00,1.0776,1.07761,1.07607,1.08067,0.4365,0.1,0.44,0.43,10,time_exit,22.07203,0.00102,2.45895,1.35025,new_york,2024
EURUSD,-1,2024-05-10 16:00:00,2024-05-10 17:00:00,1.07702,1.07815,1.07815,1.07475,0.5911,-11.3,-67.01,-67.01,1,stop_loss,27.85761,0.00076,0.55598,2.83658,new_york,2024
EURUSD,-1,2024-05-14 13:00:00,2024-05-14 15:00:00,1.07929,1.08022,1.08022,1.07742,0.7104,-9.3,-66.33,-66.34,2,stop_loss_ambiguous,11.09907,0.00062,1.69523,3.81153,london,2024
EURUSD,1,2024-05-14 20:00:00,2024-05-15 06:00:00,1.0817,1.08263,1.08021,1.08469,0.4399,9.3,40.91,40.91,10,time_exit,11.60086,0.001,2.77911,2.73515,new_york,2024
EURUSD,-1,2024-05-16 16:00:00,2024-05-17 02:00:00,1.08633,1.08678,1.08771,1.08357,0.4781,-4.5,-21.51,-21.52,10,time_exit,32.07802,0.00092,1.35592,6.01399,new_york,2024
EURUSD,-1,2024-05-17 19:00:00,2024-05-20 05:00:00,1.08688,1.08742,1.08833,1.08399,0.4552,-5.4,-24.58,-24.58,10,time_exit,26.17868,0.00096,1.26626,4.72837,new_york,2024
EURUSD,-1,2024-05-20 13:00:00,2024-05-20 23:00:00,1.08691,1.08568,1.08797,1.0848,0.621,12.3,76.38,76.38,10,time_exit,20.08035,0.0007,0.49419,6.29311,london,2024
EURUSD,-1,2024-05-21 09:00:00,2024-05-21 10:00:00,1.08584,1.08671,1.08671,1.08411,0.7668,-8.7,-66.38,-66.39,1,stop_loss,22.82849,0.00058,-0.68918,5.93363,london,2024
EURUSD,-1,2024-05-23 18:00:00,2024-05-24 04:00:00,1.08246,1.08107,1.08412,1.07914,0.3957,13.9,55.0,55.0,10,time_exit,23.3869,0.00111,-1.47745,0.57507,new_york,2024
EURUSD,1,2024-05-24 22:00:00,2024-05-27 08:00:00,1.08497,1.08491,1.08362,1.08767,0.4915,-0.6,-2.95,-2.95,10,time_exit,38.50845,0.0009,1.83821,0.06892,,2024
EURUSD,-1,2024-05-28 10:00:00,2024-05-28 14:00:00,1.08755,1.0885,1.0885,1.08564,0.6948,-9.5,-66.25,-66.25,4,stop_loss,21.91252,0.00064,3.27009,2.24053,london,2024
EURUSD,-1,2024-05-28 16:00:00,2024-05-29 01:00:00,1.08767,1.08545,1.08878,1.08545,0.5918,22.2,131.16,131.15,9,take_profit,19.91277,0.00074,2.31893,2.29412,new_york,2024
EURUSD,1,2024-05-30 09:00:00,2024-05-30 11:00:00,1.07901,1.08144,1.0778,1.08144,0.5507,24.3,133.79,133.79,2,take_profit,49.17887,0.00081,-4.89372,-1.12382,london,2024
EURUSD,1,2024-05-30 11:00:00,2024-05-30 17:00:00,1.08086,1.08348,1.07955,1.08348,0.5205,26.2,136.46,136.46,6,take_profit,47.76055,0.00087,-2.17634,-1.19988,london,2024
EURUSD,1,2024-05-31 05:00:00,2024-05-31 12:00:00,1.08205,1.08443,1.08086,1.08443,0.5849,23.8,139.18,139.18,7,take_profit,21.84593,0.00079,-1.05568,-0.98689,,2024
EURUSD,1,2024-05-31 16:00:00,2024-05-31 17:00:00,1.08803,1.08648,1.08648,1.09113,0.4577,-15.5,-70.98,-70.99,1,stop_loss,26.69697,0.00103,4.69499,-0.463,new_york,2024
EURUSD,1,2024-06-03 00:00:00,2024-06-03 10:00:00,1.08463,1.08399,1.08296,1.08798,0.4198,-6.4,-26.87,-26.87,10,time_exit,22.60862,0.00112,1.03829,-0.06598,,2024
EURUSD,1,2024-06-03 12:00:00,2024-06-03 17:00:00,1.08401,1.08686,1.08258,1.08686,0.4908,28.5,140.0,140.0,5,take_profit,15.55687,0.00095,-0.2051,0.30848,london,2024
EURUSD,-1,2024-06-05 07:00:00,2024-06-05 16:00:00,1.08785,1.0889,1.0889,1.08575,0.6803,-10.5,-71.41,-71.41,9,stop_loss,15.488,0.0007,0.42705,3.02224,london,2024
EURUSD,-1,2024-06-05 22:00:00,2024-06-06 04:00:00,1.08757,1.08901,1.08901,1.08468,0.4893,-14.4,-70.69,-70.7,6,stop_loss,16.5278,0.00096,0.12067,1.8076,,2024
EURUSD,1,2024-06-06 13:00:00,2024-06-06 14:00:00,1.088,1.08683,1.08683,1.09034,0.597,-11.7,-69.98,-69.99,1,stop_loss,12.21361,0.00078,0.31756,2.19654,london,2024
EURUSD,1,2024-06-07 10:00:00,2024-06-07 15:00:00,1.08924,1.08808,1.08808,1.09156,0.5977,-11.6,-69.28,-69.29,5,stop_loss,14.89249,0.00077,1.0631,2.40019,london,2024
EURUSD,1,2024-06-10 12:00:00,2024-06-10 13:00:00,1.07568,1.07393,1.07393,1.07918,0.3922,-17.5,-68.59,-68.59,1,stop_loss,56.31055,0.00117,-5.86074,-2.22574,london,2024
EURUSD,-1,2024-06-10 17:00:00,2024-06-10 20:00:00,1.07402,1.07596,1.07596,1.07015,0.3508,-19.4,-67.9,-67.9,3,stop_loss,53.76369,0.00129,-5.42918,-2.75529,new_york,2024
EURUSD,-1,2024-06-11 16:00:00,2024-06-11 22:00:00,1.07324,1.07483,1.07483,1.07006,0.4231,-15.9,-67.23,-67.23,6,stop_loss,28.66262,0.00106,-4.26963,-4.71303,new_york,2024
EURUSD,-1,2024-06-12 02:00:00,2024-06-12 12:00:00,1.0741,1.07527,1.07542,1.07146,0.5048,-11.7,-59.06,-59.06,10,time_exit,27.17365,0.00088,-2.64981,-6.21418,,2024
EURUSD,1,2024-06-13 06:00:00,2024-06-13 14:00:00,1.08081,1.07909,1.07909,1.08425,0.383,-17.2,-65.96,-65.96,8,stop_loss,29.92071,0.00115,1.98243,-2.28275,,2024
EURUSD,1,2024-06-13 14:00:00,2024-06-13 17:00:00,1.07943,1.07785,1.07785,1.0826,0.4125,-15.8,-65.31,-65.31,3,stop_loss,21.88335,0.00106,0.36877,-1.9412,london,2024
EURUSD,1,2024-06-13 19:00:00,2024-06-14 00:00:00,1.07555,1.07336,1.07336,1.07993,0.2953,-21.9,-64.64,-64.65,5,stop_loss,19.86505,0.00146,-2.23881,-1.45396,new_york,2024
EURUSD,1,2024-06-18 21:00:00,2024-06-19 07:00:00,1.07353,1.07359,1.07197,1.07664,0.411,0.6,2.47,2.46,10,time_exit,22.33123,0.00104,0.78973,-3.42056,new_york,2024
EURUSD,1,2024-06-19 20:00:00,2024-06-20 06:00:00,1.07471,1.07419,1.0735,1.07713,0.5286,-5.2,-27.49,-27.49,10,time_exit,15.06254,0.00081,1.36123,-2.74345,new_york,2024
EURUSD,1,2024-06-21 16:00:00,2024-06-24 02:00:00,1.06948,1.06879,1.06781,1.07283,0.3807,-6.9,-26.27,-26.27,10,time_exit,36.7025,0.00112,-1.85583,-2.52258,new_york,2024
EURUSD,-1,2024-06-24 04:00:00,2024-06-24 09:00:00,1.06919,1.07063,1.07063,1.06632,0.442,-14.4,-63.49,-63.49,5,stop_loss,40.12971,0.00096,-1.47591,-3.30375,,2024
EURUSD,1,2024-06-25 04:00:00,2024-06-25 10:00:00,1.07342,1.07229,1.07229,1.07568,0.5555,-11.3,-62.86,-62.86,6,stop_loss,28.07325,0.00075,2.19516,-2.21816,,2024
EURUSD,1,2024-06-25 14:00:00,2024-06-25 15:00:00,1.07234,1.07118,1.07118,1.07465,0.5381,-11.6,-62.23,-62.23,1,stop_loss,21.99964,0.00077,0.10041,-1.50869,london,2024
EURUSD,-1,2024-06-27 08:00:00,2024-06-27 15:00:00,1.06944,1.07054,1.07054,1.06723,0.5584,-11.0,-61.61,-61.61,7,stop_loss,22.38813,0.00074,-0.38962,-3.19617,london,2024
EURUSD,1,2024-06-28 03:00:00,2024-06-28 04:00:00,1.07077,1.06957,1.06957,1.07318,0.5072,-12.0,-61.0,-61.0,1,stop_loss,15.00411,0.0008,0.84901,-2.10687,,2024
EURUSD,-1,2024-07-02 04:00:00,2024-07-02 14:00:00,1.07348,1.07241,1.075,1.07043,0.3965,10.7,42.43,42.42,10,time_exit,19.78358,0.00102,0.48573,0.75877,,2024
EURUSD,1,2024-07-02 14:00:00,2024-07-02 16:00:00,1.07174,1.07456,1.07033,1.07456,0.4306,28.2,121.62,121.62,2,take_profit,20.59427,0.00094,-1.14679,0.60746,london,2024
EURUSD,-1,2024-07-10 00:00:00,2024-07-10 10:00:00,1.08134,1.08163,1.08254,1.07893,0.5155,-2.9,-14.95,-14.95,10,time_exit,20.97424,0.0008,-0.83886,4.19626,,2024
EURUSD,1,2024-07-10 11:00:00,2024-07-10 21:00:00,1.08163,1.08251,1.08064,1.08361,0.6259,8.8,55.08,55.08,10,time_exit,18.42621,0.00066,-0.43257,4.44123,london,2024
EURUSD,1,2024-07-11 01:00:00,2024-07-11 11:00:00,1.08291,1.08475,1.0819,1.08493,0.6178,18.4,113.68,113.67,10,time_exit,10.16259,0.00067,1.11884,4.03359,,2024
EURUSD,1,2024-07-11 18:00:00,2024-07-11 20:00:00,1.08786,1.08605,1.08605,1.09148,0.3508,-18.1,-63.57,-63.57,2,stop_loss,33.29956,0.00121,3.52949,2.74139,new_york,2024
EURUSD,-1,2024-07-12 07:00:00,2024-07-12 11:00:00,1.0869,1.08823,1.08823,1.08423,0.4719,-13.3,-62.92,-62.93,4,stop_loss,40.49435,0.00089,2.28367,4.27411,london,2024
EURUSD,-1,2024-07-12 19:00:00,2024-07-15 05:00:00,1.09014,1.08918,1.09163,1.08717,0.4191,9.6,40.23,40.23,10,time_exit,38.89516,0.00099,3.83114,4.4614,new_york,2024
EURUSD,-1,2024-07-16 18:00:00,2024-07-16 21:00:00,1.08786,1.0893,1.0893,1.08497,0.4339,-14.4,-62.69,-62.7,3,stop_loss,17.15618,0.00096,-1.26996,4.40169,new_york,2024
EURUSD,1,2024-07-16 22:00:00,2024-07-17 08:00:00,1.0896,1.09048,1.08827,1.09227,0.4654,8.8,40.96,40.95,10,time_exit,17.08439,0.00089,0.59517,4.58005,,2024
EURUSD,-1,2024-07-19 03:00:00,2024-07-19 11:00:00,1.09005,1.0877,1.09122,1.0877,0.5328,23.5,124.96,124.96,8,take_profit,26.44091,0.00078,-1.92591,4.6625,,2024
EURUSD,-1,2024-07-19 12:00:00,2024-07-19 14:00:00,1.08792,1.08905,1.08905,1.08566,0.5635,-11.3,-63.73,-63.73,2,stop_loss,39.77339,0.00075,-3.69306,3.6084,london,2024
EURUSD,-1,2024-07-23 00:00:00,2024-07-23 10:00:00,1.08906,1.08763,1.09018,1.08683,0.5649,14.3,80.78,80.78,10,time_exit,25.86266,0.00074,-0.16112,1.30534,,2024
EURUSD,1,2024-07-23 13:00:00,2024-07-23 15:00:00,1.08674,1.08556,1.08556,1.08911,0.5395,-11.8,-63.9,-63.9,2,stop_loss,29.54316,0.00079,-2.75891,0.84806,london,2024
EURUSD,-1,2024-07-29 06:00:00,2024-07-29 11:00:00,1.08644,1.08401,1.08765,1.08401,0.5213,24.3,126.52,126.52,5,take_profit,16.98625,0.00081,1.06226,-1.04454,,2024
EURUSD,1,2024-07-29 23:00:00,2024-07-30 09:00:00,1.08238,1.08228,1.08109,1.08495,0.5012,-1.0,-5.01,-5.01,10,time_exit,33.56452,0.00086,-2.26872,-1.86408,,2024
EURUSD,1,2024-07-30 20:00:00,2024-07-31 06:00:00,1.08139,1.08222,1.07996,1.08425,0.4516,8.3,37.48,37.48,10,time_exit,35.2139,0.00095,-1.61171,-2.35709,new_york,2024
EURUSD,1,2024-08-02 01:00:00,2024-08-02 11:00:00,1.07915,1.08146,1.07731,1.08284,0.3517,23.1,81.24,81.24,10,time_exit,12.21118,0.00123,-1.48818,-2.10546,,2024
EURUSD,-1,2024-08-06 09:00:00,2024-08-06 19:00:00,1.09466,1.09279,1.09684,1.0903,0.3014,18.7,56.36,56.36,10,time_exit,30.93477,0.00145,1.82822,3.54461,london,2024
EURUSD,1,2024-08-08 06:00:00,2024-08-08 15:00:00,1.09338,1.09207,1.09207,1.096,0.5065,-13.1,-66.23,-66.23,9,stop_loss,10.42244,0.00087,1.2399,3.97646,,2024
EURUSD,1,2024-08-09 01:00:00,2024-08-09 11:00:00,1.09166,1.09177,1.0901,1.09479,0.4195,1.1,4.61,4.61,10,time_exit,21.8876,0.00104,-0.44153,2.61286,,2024
EURUSD,1,2024-08-12 04:00:00,2024-08-12 14:00:00,1.09184,1.0926,1.09076,1.09401,0.6051,7.6,45.99,45.99,10,time_exit,14.38674,0.00072,-0.14283,2.71135,,2024
EURUSD,-1,2024-08-13 10:00:00,2024-08-13 15:00:00,1.09335,1.09435,1.09435,1.09135,0.6591,-10.0,-66.07,-66.07,5,stop_loss,8.0754,0.00067,0.98505,2.93831,london,2024
EURUSD,-1,2024-08-13 16:00:00,2024-08-13 17:00:00,1.0941,1.09538,1.09538,1.09154,0.5104,-12.8,-65.41,-65.41,1,stop_loss,13.97313,0.00085,1.61364,2.19091,new_york,2024
EURUSD,1,2024-08-14 03:00:00,2024-08-14 12:00:00,1.0996,1.10255,1.09813,1.10255,0.4396,29.5,129.5,129.49,9,take_profit,30.75677,0.00098,4.98871,3.14916,,2024
EURUSD,-1,2024-08-14 17:00:00,2024-08-15 03:00:00,1.10378,1.10098,1.10556,1.10023,0.372,28.0,104.16,104.16,10,time_exit,38.9348,0.00118,5.39802,3.86366,new_york,2024
EURUSD,-1,2024-08-15 19:00:00,2024-08-16 05:00:00,1.09857,1.09814,1.10042,1.09487,0.3622,4.3,15.57,15.57,10,time_exit,22.38706,0.00123,-0.63113,3.82119,new_york,2024
EURUSD,-1,2024-08-19 03:00:00,2024-08-19 06:00:00,1.10248,1.10377,1.10377,1.09989,0.52,-12.9,-67.24,-67.24,3,stop_loss,24.91474,0.00086,3.22412,4.41075,,2024
EURUSD,1,2024-08-19 13:00:00,2024-08-19 17:00:00,1.10352,1.1061,1.10223,1.1061,0.5163,25.8,133.14,133.13,4,take_profit,39.71511,0.00086,2.86539,5.11959,london,2024
EURUSD,-1,2024-08-21 07:00:00,2024-08-21 17:00:00,1.11211,1.11248,1.11341,1.10952,0.5236,-3.7,-19.37,-19.38,10,time_exit,49.56985,0.00086,4.20312,8.62851,london,2024
EURUSD,-1,2024-08-23 08:00:00,2024-08-23 17:00:00,1.11278,1.1142,1.1142,1.10994,0.4774,-14.2,-67.72,-67.72,9,stop_loss,17.86506,0.00095,0.67159,6.86525,london,2024
EURUSD,-1,2024-08-26 17:00:00,2024-08-26 18:00:00,1.11598,1.11761,1.11761,1.11272,0.4107,-16.3,-67.04,-67.04,1,stop_loss,28.09095,0.00109,0.24582,6.40946,new_york,2024
EURUSD,-1,2024-08-26 20:00:00,2024-08-27 06:00:00,1.11713,1.11669,1.11893,1.11352,0.3679,4.4,16.19,16.19,10,time_exit,23.84084,0.0012,1.05234,5.72157,new_york,2024
EURUSD,-1,2024-08-27 09:00:00,2024-08-27 19:00:00,1.11669,1.11659,1.11797,1.11414,0.5208,1.0,5.21,5.21,10,time_exit,12.76399,0.00085,0.66388,7.31088,london,2024
EURUSD,1,2024-08-29 15:00:00,2024-08-29 16:00:00,1.10962,1.10767,1.10767,1.11353,0.3406,-19.5,-66.58,-66.59,1,stop_loss,36.43265,0.0013,-2.90805,1.37002,london,2024
EURUSD,1,2024-08-30 08:00:00,2024-08-30 15:00:00,1.10742,1.10598,1.10598,1.11029,0.4586,-14.4,-65.91,-65.91,7,stop_loss,55.34981,0.00096,-3.35645,-0.41199,london,2024
EURUSD,-1,2024-08-30 17:00:00,2024-09-02 03:00:00,1.10722,1.10536,1.10911,1.10344,0.3454,18.6,64.24,64.24,10,time_exit,39.13077,0.00126,-2.01972,-0.77189,new_york,2024
EURUSD,1,2024-09-02 04:00:00,2024-09-02 14:00:00,1.10536,1.10598,1.10374,1.1086,0.4067,6.2,25.22,25.21,10,time_exit,40.21025,0.00108,-2.57204,-1.88178,,2024
EURUSD,-1,2024-09-02 21:00:00,2024-09-03 07:00:00,1.10689,1.10543,1.10827,1.10412,0.4776,14.6,69.73,69.73,10,time_exit,21.0111,0.00092,-0.39418,-2.49732,new_york,2024
EURUSD,-1,2024-09-04 19:00:00,2024-09-05 05:00:00,1.10809,1.10799,1.10982,1.10463,0.3862,1.0,3.86,3.86,10,time_exit,15.83916,0.00115,2.02588,-1.97412,new_york,2024
EURUSD,1,2024-09-05 11:00:00,2024-09-05 15:00:00,1.10873,1.11127,1.10746,1.11127,0.5261,25.4,133.76,133.76,4,take_profit,22.71861,0.00085,2.2381,-1.41828,london,2024
EURUSD,1,2024-09-05 18:00:00,2024-09-06 04:00:00,1.10797,1.11108,1.10607,1.11178,0.3581,31.1,111.37,111.37,10,time_exit,33.12828,0.00127,0.39222,-0.5141,new_york,2024
EURUSD,1,2024-09-06 07:00:00,2024-09-06 15:00:00,1.11153,1.1102,1.1102,1.11419,0.521,-13.3,-69.34,-69.34,8,stop_loss_ambiguous,38.50231,0.00089,3.01934,0.44011,london,2024
EURUSD,-1,2024-09-09 01:00:00,2024-09-09 11:00:00,1.10827,1.10477,1.1108,1.10322,0.2717,35.0,95.1,95.09,10,time_exit,34.72281,0.00168,-0.61172,0.37097,,2024
EURUSD,1,2024-09-09 22:00:00,2024-09-10 08:00:00,1.1043,1.10396,1.10258,1.10774,0.4049,-3.4,-13.77,-13.77,10,time_exit,25.29062,0.00115,-2.56491,-0.82649,,2024
EURUSD,1,2024-09-10 12:00:00,2024-09-10 16:00:00,1.10379,1.10251,1.10251,1.10635,0.5425,-12.8,-69.45,-69.45,4,stop_loss,20.99739,0.00085,-2.31033,-2.16515,london,2024
EURUSD,1,2024-09-10 20:00:00,2024-09-11 06:00:00,1.10269,1.10386,1.10126,1.10554,0.4824,11.7,56.44,56.44,10,time_exit,20.33085,0.00095,-2.38971,-2.4045,new_york,2024
EURUSD,-1,2024-09-12 08:00:00,2024-09-12 15:00:00,1.10165,1.10286,1.10286,1.09924,0.575,-12.1,-69.32,-69.32,7,stop_loss,26.37334,0.0008,-1.41152,-3.7031,london,2024
EURUSD,-1,2024-09-16 06:00:00,2024-09-16 07:00:00,1.10892,1.11013,1.11013,1.1065,0.5668,-12.1,-68.63,-68.63,1,stop_loss,26.7991,0.00081,2.46753,0.8718,,2024
EURUSD,-1,2024-09-18 09:00:00,2024-09-18 11:00:00,1.11208,1.11322,1.11322,1.10979,0.5942,-11.4,-67.94,-67.94,2,stop_loss,17.34964,0.00076,0.55671,3.91913,london,2024
EURUSD,-1,2024-09-19 05:00:00,2024-09-19 06:00:00,1.10833,1.11094,1.11094,1.10312,0.258,-26.1,-67.26,-67.26,1,stop_loss,18.39284,0.00174,-1.94215,1.41567,,2024
EURUSD,-1,2024-09-23 01:00:00,2024-09-23 10:00:00,1.11609,1.11229,1.11799,1.11229,0.3507,38.0,133.19,133.19,9,take_profit,13.65095,0.00127,0.71774,2.87948,,2024
EURUSD,1,2024-09-23 16:00:00,2024-09-24 02:00:00,1.11225,1.1111,1.11015,1.11645,0.3233,-11.5,-37.18,-37.18,10,time_exit,21.90615,0.0014,-1.6082,1.88431,new_york,2024
EURUSD,1,2024-09-25 23:00:00,2024-09-26 09:00:00,1.11262,1.11537,1.11063,1.1166,0.3393,27.5,93.31,93.31,10,time_exit,34.01045,0.00133,-2.52988,1.97367,,2024
EURUSD,1,2024-09-30 08:00:00,2024-09-30 11:00:00,1.11617,1.11973,1.11439,1.11973,0.3852,35.6,136.99,136.98,3,take_profit,10.31851,0.00119,-0.08049,1.46982,london,2024
EURUSD,-1,2024-10-02 03:00:00,2024-10-02 13:00:00,1.10647,1.10668,1.10855,1.10231,0.3356,-2.1,-7.05,-7.05,10,time_exit,42.77403,0.00139,-3.61141,-1.53239,,2024
EURUSD,-1,2024-10-02 19:00:00,2024-10-03 05:00:00,1.10496,1.10359,1.10712,1.10064,0.3229,13.7,44.24,44.24,10,time_exit,33.24334,0.00144,-2.79009,-2.45552,new_york,2024
EURUSD,-1,2024-10-03 07:00:00,2024-10-03 17:00:00,1.10357,1.1017,1.10509,1.10054,0.463,18.7,86.58,86.58,10,time_exit,35.58611,0.00101,-3.57146,-4.35887,london,2024
EURUSD,-1,2024-10-07 07:00:00,2024-10-07 17:00:00,1.09721,1.09748,1.09874,1.09414,0.4638,-2.7,-12.52,-12.52,10,time_exit,36.33414,0.00102,-3.50126,-6.51222,london,2024
EURUSD,-1,2024-10-08 21:00:00,2024-10-09 07:00:00,1.09744,1.09633,1.09897,1.09437,0.4628,11.1,51.37,51.37,10,time_exit,19.50873,0.00102,-1.03889,-5.74979,new_york,2024
EURUSD,1,2024-10-09 16:00:00,2024-10-09 17:00:00,1.09568,1.0943,1.0943,1.09845,0.5167,-13.8,-71.48,-71.48,1,stop_loss,30.37007,0.00092,-2.06214,-5.97304,new_york,2024
EURUSD,-1,2024-10-09 18:00:00,2024-10-10 04:00:00,1.0948,1.0943,1.09633,1.09174,0.4626,5.0,23.13,23.13,10,time_exit,32.86511,0.00102,-2.53739,-5.43658,new_york,2024
EURUSD,1,2024-10-14 14:00:00,2024-10-14 15:00:00,1.09228,1.09109,1.09109,1.09467,0.5943,-11.9,-71.0,-71.01,1,stop_loss,14.90955,0.0008,-1.47666,-5.9826,london,2024
EURUSD,1,2024-10-14 19:00:00,2024-10-14 22:00:00,1.09069,1.08919,1.08919,1.09369,0.4679,-15.0,-70.29,-70.29,3,stop_loss,14.94841,0.001,-2.36593,-4.81563,new_york,2024
EURUSD,-1,2024-10-15 02:00:00,2024-10-15 12:00:00,1.09087,1.09137,1.09232,1.08798,0.4814,-5.0,-24.07,-24.07,10,time_exit,19.73692,0.00096,-1.62036,-5.13674,,2024
EURUSD,1,2024-10-16 16:00:00,2024-10-16 17:00:00,1.08889,1.08759,1.08759,1.0915,0.5319,-13.0,-69.34,-69.34,1,stop_loss,22.55338,0.00087,-1.20362,-5.66926,new_york,2024
EURUSD,-1,2024-10-18 18:00:00,2024-10-21 01:00:00,1.08573,1.08716,1.08716,1.08288,0.4813,-14.3,-68.65,-68.66,7,stop_loss,23.59168,0.00095,0.49842,-5.92667,new_york,2024
EURUSD,-1,2024-10-22 23:00:00,2024-10-23 09:00:00,1.07949,1.07926,1.0809,1.07667,0.4826,2.3,11.1,11.1,10,time_exit,28.36661,0.00094,-3.39355,-5.36787,,2024
EURUSD,1,2024-10-23 20:00:00,2024-10-24 06:00:00,1.07731,1.07871,1.07585,1.08022,0.4677,14.0,65.48,65.48,10,time_exit,37.33842,0.00097,-3.14963,-5.83305,new_york,2024
EURUSD,1,2024-10-24 09:00:00,2024-10-24 10:00:00,1.07889,1.07773,1.07773,1.08121,0.5913,-11.6,-68.73,-68.73,1,stop_loss,21.33483,0.00077,-0.90703,-7.10476,london,2024
EURUSD,-1,2024-10-25 20:00:00,2024-10-28 06:00:00,1.08051,1.0783,1.08202,1.07749,0.4506,22.1,99.58,99.58,10,time_exit,21.35547,0.00101,-0.81096,-2.74013,new_york,2024
EURUSD,1,2024-10-28 12:00:00,2024-10-28 22:00:00,1.08191,1.08152,1.08047,1.0848,0.4786,-3.9,-18.67,-18.67,10,time_exit,23.08764,0.00096,1.45658,-3.02602,london,2024
EURUSD,-1,2024-10-29 02:00:00,2024-10-29 12:00:00,1.08126,1.0825,1.0825,1.07877,0.5533,-12.4,-68.86,-68.86,10,stop_loss,28.21494,0.00083,0.35878,-2.67298,,2024
EURUSD,-1,2024-10-29 12:00:00,2024-10-29 15:00:00,1.08185,1.07955,1.083,1.07955,0.592,23.0,136.32,136.32,3,take_profit,26.40384,0.00077,1.01849,-2.51704,london,2024
EURUSD,-1,2024-10-30 19:00:00,2024-10-31 05:00:00,1.08638,1.08491,1.08854,1.08205,0.3212,14.7,47.22,47.21,10,time_exit,26.54234,0.00144,3.09882,-0.54457,new_york,2024
EURUSD,1,2024-10-31 09:00:00,2024-10-31 15:00:00,1.08514,1.08807,1.08368,1.08807,0.4782,29.3,139.99,139.99,6,take_profit,18.12777,0.00098,1.7235,0.38847,london,2024
EURUSD,1,2024-10-31 19:00:00,2024-11-01 05:00:00,1.08555,1.08783,1.08345,1.08975,0.3397,22.8,77.45,77.45,10,time_exit,20.25347,0.0014,0.82027,0.72458,new_york,2024
EURUSD,-1,2024-11-04 01:00:00,2024-11-04 05:00:00,1.08814,1.09033,1.09033,1.08376,0.3298,-21.9,-72.18,-72.19,4,stop_loss,17.50048,0.00146,1.55995,1.04737,,2024
EURUSD,1,2024-11-06 07:00:00,2024-11-06 08:00:00,1.07778,1.07371,1.07371,1.08591,0.1757,-40.7,-71.45,-71.45,1,stop_loss,42.80276,0.00271,-3.64087,0.61049,london,2024
EURUSD,-1,2024-11-07 11:00:00,2024-11-07 16:00:00,1.0769,1.07986,1.07986,1.07097,0.2388,-29.6,-70.75,-70.75,5,stop_loss,32.92241,0.00198,-0.68345,-2.38792,london,2024
EURUSD,1,2024-11-08 11:00:00,2024-11-08 15:00:00,1.07789,1.07559,1.07559,1.08249,0.3044,-23.0,-70.03,-70.03,4,stop_loss,19.17896,0.00153,-0.39027,-2.31591,london,2024
EURUSD,1,2024-11-08 20:00:00,2024-11-11 06:00:00,1.07092,1.0714,1.06813,1.0765,0.2483,4.8,11.92,11.92,10,time_exit,26.24329,0.00186,-3.51919,-2.14371,new_york,2024
EURUSD,1,2024-11-12 17:00:00,2024-11-12 18:00:00,1.06175,1.05986,1.05986,1.06553,0.3672,-18.9,-69.46,-69.46,1,stop_loss,55.84278,0.00126,-4.30318,-6.96837,new_york,2024
EURUSD,1,2024-11-12 22:00:00,2024-11-13 08:00:00,1.06124,1.06135,1.05934,1.06504,0.3615,1.1,3.98,3.97,10,time_exit,55.38302,0.00127,-3.78121,-7.25127,,2024
EURUSD,-1,2024-11-13 08:00:00,2024-11-13 11:00:00,1.06131,1.06291,1.06291,1.05811,0.4303,-16.0,-68.8,-68.8,3,stop_loss,39.85019,0.00107,-3.17598,-8.69861,london,2024
EURUSD,-1,2024-11-13 11:00:00,2024-11-13 13:00:00,1.06122,1.06292,1.06292,1.05782,0.4003,-17.0,-68.11,-68.11,2,stop_loss,39.63655,0.00113,-2.69128,-8.20786,london,2024
EURUSD,-1,2024-11-13 23:00:00,2024-11-14 09:00:00,1.05621,1.05513,1.05906,1.05051,0.2364,10.8,25.53,25.53,10,time_exit,32.67987,0.0019,-3.21531,-5.08149,,2024
EURUSD,1,2024-11-14 20:00:00,2024-11-14 22:00:00,1.05593,1.05298,1.05298,1.06183,0.2295,-29.5,-67.69,-67.69,2,stop_loss,29.69398,0.00197,-1.06517,-5.44485,new_york,2024
EURUSD,-1,2024-11-15 15:00:00,2024-11-15 16:00:00,1.0576,1.05298,1.05991,1.05298,0.29,46.2,134.0,134.0,1,take_profit,21.51602,0.00154,0.74457,-6.40903,london,2024
EURUSD,-1,2024-11-19 13:00:00,2024-11-19 15:00:00,1.05611,1.05865,1.05865,1.05103,0.2691,-25.4,-68.33,-68.33,2,stop_loss,29.83247,0.00169,-0.532,-3.36352,london,2024
EURUSD,1,2024-11-19 18:00:00,2024-11-20 04:00:00,1.05867,1.05959,1.05582,1.06437,0.2376,9.2,21.86,21.86,10,time_exit,24.32671,0.0019,0.83219,-2.82126,new_york,2024
EURUSD,-1,2024-11-21 03:00:00,2024-11-21 13:00:00,1.05456,1.05202,1.05639,1.05089,0.37,25.4,93.98,93.98,10,time_exit,27.2635,0.00122,-1.30926,-3.75859,,2024
EURUSD,-1,2024-11-22 20:00:00,2024-11-25 00:00:00,1.0419,1.04565,1.04565,1.03441,0.1836,-37.5,-68.8,-68.8,4,stop_loss,58.00553,0.0025,-2.50887,-3.28998,new_york,2024
EURUSD,1,2024-11-26 02:00:00,2024-11-26 11:00:00,1.04438,1.05127,1.04094,1.05127,0.1979,68.9,136.27,136.27,9,take_profit,20.12138,0.0023,-1.63089,-2.6265,,2024
EURUSD,-1,2024-11-26 22:00:00,2024-11-27 08:00:00,1.04729,1.04799,1.05052,1.04083,0.2151,-7.0,-15.06,-15.06,10,time_exit,13.82206,0.00215,-0.46683,-2.22996,,2024
EURUSD,1,2024-11-27 13:00:00,2024-11-27 16:00:00,1.05278,1.05779,1.05028,1.05779,0.277,50.1,138.7,138.7,3,take_profit,15.44136,0.00167,2.3852,-2.25727,london,2024
EURUSD,-1,2024-11-29 19:00:00,2024-11-29 20:00:00,1.05466,1.05702,1.05702,1.04994,0.2999,-23.6,-70.72,-70.72,1,stop_loss,12.48723,0.00157,-0.29181,0.76248,new_york,2024
EURUSD,-1,2024-12-02 05:00:00,2024-12-02 15:00:00,1.05254,1.05058,1.05482,1.04799,0.3075,19.6,60.27,60.27,10,time_exit,18.22218,0.00152,-1.80085,0.77715,,2024
EURUSD,-1,2024-12-03 05:00:00,2024-12-03 10:00:00,1.04893,1.05129,1.05129,1.04422,0.2999,-23.6,-70.63,-70.63,5,stop_loss,26.15304,0.00157,-1.90619,-0.83313,,2024
EURUSD,1,2024-12-05 06:00:00,2024-12-05 15:00:00,1.0523,1.05672,1.05009,1.05672,0.3167,44.2,139.86,139.86,9,take_profit,11.13303,0.00147,0.72118,-0.77237,,2024
EURUSD,1,2024-12-09 06:00:00,2024-12-09 12:00:00,1.05373,1.05811,1.05154,1.05811,0.3257,43.8,142.64,142.64,6,take_profit,14.18878,0.00146,-1.3828,1.246,,2024
EURUSD,1,2024-12-11 14:00:00,2024-12-11 17:00:00,1.05034,1.0484,1.0484,1.05422,0.3753,-19.4,-72.74,-72.75,3,stop_loss,32.20204,0.00129,-2.20839,-0.51048,london,2024
EURUSD,-1,2024-12-13 14:00:00,2024-12-13 15:00:00,1.04889,1.05104,1.05104,1.04458,0.3344,-21.5,-72.01,-72.01,1,stop_loss,22.78482,0.00144,-0.13231,-2.00218,london,2024
EURUSD,-1,2024-12-16 22:00:00,2024-12-17 02:00:00,1.05101,1.05343,1.05343,1.04617,0.2949,-24.2,-71.3,-71.3,4,stop_loss,11.47189,0.00161,0.55462,-0.89187,,2024
EURUSD,-1,2024-12-17 14:00:00,2024-12-17 16:00:00,1.04913,1.05092,1.05092,1.04555,0.3945,-17.9,-70.59,-70.59,2,stop_loss,15.17971,0.00119,-0.92712,-0.96368,london,2024
EURUSD,-1,2024-12-19 17:00:00,2024-12-20 03:00:00,1.03959,1.03636,1.04227,1.03422,0.2604,32.3,84.11,84.11,10,time_exit,22.05269,0.00179,-2.24061,-2.81567,new_york,2024
EURUSD,1,2024-12-20 07:00:00,2024-12-20 10:00:00,1.03588,1.03976,1.03394,1.03976,0.3647,38.8,141.44,141.44,3,take_profit,31.74192,0.00129,-3.59477,-5.03684,london,2024
EURUSD,-1,2024-12-20 10:00:00,2024-12-20 15:00:00,1.03828,1.0404,1.0404,1.03403,0.3397,-21.2,-72.13,-72.13,5,stop_loss,32.00617,0.00142,-1.34472,-4.64301,london,2024
EURUSD,-1,2024-12-20 16:00:00,2024-12-20 18:00:00,1.04075,1.04312,1.04312,1.03601,0.3012,-23.7,-71.41,-71.41,2,stop_loss,23.79864,0.00158,0.47868,-4.00262,new_york,2024
EURUSD,-1,2024-12-23 19:00:00,2024-12-24 05:00:00,1.04079,1.0391,1.04304,1.0363,0.3147,16.9,53.18,53.18,10,time_exit,26.48774,0.0015,-0.20493,-2.78962,new_york,2024
EURUSD,-1,2024-12-24 06:00:00,2024-12-24 16:00:00,1.0391,1.04089,1.04089,1.03551,0.3973,-17.9,-71.23,-71.24,10,stop_loss,14.05827,0.0012,-1.41937,-3.31201,,2024
EURUSD,-1,2024-12-26 10:00:00,2024-12-26 17:00:00,1.03976,1.04106,1.04106,1.03715,0.5405,-13.0,-70.52,-70.52,7,stop_loss,7.60972,0.00087,-0.29913,-3.9999,london,2024
EURUSD,1,2024-12-27 22:00:00,2024-12-30 08:00:00,1.04284,1.04288,1.04124,1.04605,0.4353,0.4,1.74,1.74,10,time_exit,19.68931,0.00107,1.27024,-1.38726,,2024
