symbol,direction,entry_dt,exit_dt,entry,exit,stop_loss,take_profit,size,pnl_pips,pnl_gross,pnl,bars_held,exit_reason,adx_entry,atr_entry,ema_distance,trend_gap,session,year
GBPJPY,-1,2019-01-15 00:00:00,2019-01-15 02:00:00,139.152,139.62378,139.62378,138.20845,0.2329,-47.2,-99.99,-100.31,2,stop_loss,26.95953,0.31452,0.89304,1.1649,,2019
GBPJPY,1,2019-01-15 12:00:00,2019-01-15 14:00:00,139.691,139.23328,139.23328,140.60644,0.2377,-45.8,-99.01,-99.33,2,stop_loss,38.5809,0.30515,1.3909,1.90256,london,2019
GBPJPY,1,2019-01-15 15:00:00,2019-01-15 18:00:00,139.273,138.78668,138.78668,140.24563,0.2215,-48.6,-98.02,-98.34,3,stop_loss,31.77061,0.32421,0.00104,1.75613,london,2019
GBPJPY,-1,2019-01-15 18:00:00,2019-01-15 20:00:00,138.994,138.01229,139.48485,138.01229,0.2172,98.2,194.04,193.72,2,take_profit,26.7299,0.32724,-0.82142,1.66146,new_york,2019
GBPJPY,1,2019-01-15 22:00:00,2019-01-16 08:00:00,139.348,139.354,138.63049,140.78303,0.1516,0.6,0.83,0.51,10,time_exit,27.16156,0.47834,0.39158,0.93566,,2019
GBPJPY,1,2019-01-16 14:00:00,2019-01-17 00:00:00,139.858,140.527,139.30524,140.96353,0.1967,66.9,119.75,119.43,10,time_exit,15.66848,0.36851,1.286,1.45351,london,2019
GBPJPY,1,2019-01-17 02:00:00,2019-01-17 09:00:00,140.526,139.99333,139.99333,141.59135,0.2066,-53.3,-100.15,-100.46,7,stop_loss,30.32023,0.35512,2.31148,1.97993,,2019
GBPJPY,-1,2019-01-17 16:00:00,2019-01-17 18:00:00,140.56,141.02427,141.02427,139.63146,0.2347,-46.4,-99.16,-99.48,2,stop_loss,21.73254,0.30951,2.01955,2.492,new_york,2019
GBPJPY,1,2019-01-18 09:00:00,2019-01-18 12:00:00,141.94,141.53717,141.53717,142.74565,0.2678,-40.3,-98.17,-98.49,3,stop_loss,41.5362,0.26855,4.23476,4.65336,london,2019
GBPJPY,-1,2019-01-21 03:00:00,2019-01-21 13:00:00,140.958,141.086,141.36385,140.14631,0.2631,-12.8,-30.65,-30.96,10,time_exit,25.40577,0.27056,-0.52852,4.58851,,2019
GBPJPY,-1,2019-01-22 05:00:00,2019-01-22 12:00:00,141.183,141.46177,141.46177,140.62546,0.3818,-27.9,-96.85,-97.17,7,stop_loss,15.48066,0.18585,0.09184,5.41803,,2019
GBPJPY,1,2019-01-22 14:00:00,2019-01-22 17:00:00,141.128,141.821,140.7815,141.821,0.3041,69.3,191.77,191.46,3,take_profit,19.0606,0.231,-0.03395,3.88793,london,2019
GBPJPY,1,2019-01-22 21:00:00,2019-01-23 07:00:00,141.71,141.942,141.31824,142.49353,0.2743,23.2,57.91,57.59,10,time_exit,18.87594,0.26118,1.79766,3.50428,new_york,2019
GBPJPY,-1,2019-01-23 18:00:00,2019-01-24 04:00:00,143.264,143.202,143.70695,142.37811,0.2441,6.2,13.77,13.45,10,time_exit,33.44379,0.2953,4.67783,4.02713,new_york,2019
GBPJPY,-1,2019-01-25 19:00:00,2019-01-28 05:00:00,144.39,144.36,144.85792,143.45417,0.2314,3.0,6.32,6.0,10,time_exit,33.93424,0.31194,3.33947,5.08473,new_york,2019
GBPJPY,-1,2019-01-29 01:00:00,2019-01-29 11:00:00,143.727,144.08625,144.08625,143.0085,0.3015,-35.9,-98.57,-98.88,10,stop_loss,20.89856,0.2395,-0.52666,6.15252,,2019
GBPJPY,1,2019-01-29 20:00:00,2019-01-29 21:00:00,143.688,143.23832,143.23832,144.58736,0.2385,-45.0,-97.6,-97.91,1,stop_loss,18.67183,0.29979,-0.56351,4.08663,new_york,2019
GBPJPY,1,2019-01-30 08:00:00,2019-01-30 18:00:00,143.103,143.127,142.69855,143.91191,0.2625,2.4,5.73,5.41,10,time_exit,29.15127,0.26964,-1.76252,3.30272,london,2019
GBPJPY,1,2019-01-31 08:00:00,2019-01-31 11:00:00,142.742,142.40576,142.40576,143.41448,0.3159,-33.6,-96.66,-96.98,3,stop_loss,14.63671,0.22416,-2.18556,2.08575,london,2019
GBPJPY,-1,2019-02-04 08:00:00,2019-02-04 10:00:00,143.487,143.80019,143.80019,142.86062,0.3358,-31.3,-95.7,-96.02,2,stop_loss,20.71813,0.20879,2.31516,0.96347,london,2019
GBPJPY,1,2019-02-07 12:00:00,2019-02-07 13:00:00,142.003,141.7093,141.7093,142.59041,0.3544,-29.4,-94.72,-95.04,1,stop_loss,24.7794,0.1958,-1.83801,-1.68163,london,2019
GBPJPY,1,2019-02-13 13:00:00,2019-02-13 14:00:00,142.607,143.1392,142.3409,143.1392,0.3873,53.2,187.57,187.25,1,take_profit,28.36516,0.1774,1.11496,-0.10313,london,2019
GBPJPY,1,2019-02-13 20:00:00,2019-02-14 06:00:00,142.549,142.833,142.16706,143.31288,0.2752,28.4,71.12,70.8,10,time_exit,29.1709,0.25463,0.13054,0.2325,new_york,2019
GBPJPY,1,2019-02-18 11:00:00,2019-02-18 21:00:00,142.805,142.959,142.53083,143.35334,0.3862,15.4,54.12,53.8,10,time_exit,41.3759,0.18278,3.29372,-0.45679,london,2019
GBPJPY,1,2019-02-19 13:00:00,2019-02-19 16:00:00,143.226,143.7727,142.95265,143.7727,0.3896,54.7,193.82,193.5,3,take_profit,28.5544,0.18223,3.18089,1.21082,london,2019
GBPJPY,1,2019-02-20 08:00:00,2019-02-20 10:00:00,144.736,144.39948,144.39948,145.40903,0.3227,-33.7,-98.82,-99.14,2,stop_loss,48.45091,0.22434,5.17145,3.66465,london,2019
GBPJPY,1,2019-02-25 07:00:00,2019-02-25 17:00:00,144.623,144.865,144.32471,145.21958,0.3605,24.2,79.39,79.07,10,time_exit,17.33282,0.19886,0.98345,3.99829,london,2019
GBPJPY,1,2019-02-27 08:00:00,2019-02-27 13:00:00,146.472,147.13969,146.13815,147.13969,0.3247,66.8,197.29,196.97,5,take_profit,50.98249,0.22256,2.71064,6.1715,london,2019
GBPJPY,1,2019-02-28 12:00:00,2019-02-28 17:00:00,147.359,148.0614,147.0078,148.0614,0.3148,70.2,201.21,200.9,5,take_profit,36.32622,0.23413,1.94236,7.30051,london,2019
GBPJPY,1,2019-02-28 17:00:00,2019-03-01 03:00:00,147.956,148.092,147.54391,148.78019,0.2736,13.6,33.86,33.54,10,time_exit,29.08827,0.27473,3.41293,6.21834,new_york,2019
GBPJPY,-1,2019-03-01 21:00:00,2019-03-04 00:00:00,147.771,148.16954,148.16954,146.97391,0.2839,-39.9,-102.96,-103.28,3,stop_loss,35.09454,0.2657,0.32595,6.47139,new_york,2019
GBPJPY,1,2019-03-04 10:00:00,2019-03-04 12:00:00,148.149,147.82444,147.82444,148.79811,0.3451,-32.5,-101.92,-102.24,2,stop_loss,22.69957,0.21637,1.36918,7.53237,london,2019
GBPJPY,1,2019-03-05 13:00:00,2019-03-05 14:00:00,147.321,146.99727,146.99727,147.96846,0.3425,-32.4,-100.9,-101.22,1,stop_loss,25.64722,0.21582,-1.09565,4.85199,london,2019
GBPJPY,-1,2019-03-07 12:00:00,2019-03-07 14:00:00,147.058,146.51373,147.33013,146.51373,0.4033,54.4,199.75,199.43,2,take_profit,8.54008,0.18142,-0.57958,2.43575,london,2019
GBPJPY,1,2019-03-07 18:00:00,2019-03-07 21:00:00,146.314,145.92554,145.92554,147.09093,0.2882,-38.8,-101.88,-102.2,3,stop_loss,22.90469,0.25898,-2.78633,1.23485,new_york,2019
GBPJPY,1,2019-03-07 22:00:00,2019-03-08 07:00:00,145.83,145.38579,145.38579,146.71842,0.2495,-44.4,-100.86,-101.17,9,stop_loss,27.09301,0.29614,-3.62488,0.71375,,2019
GBPJPY,1,2019-03-11 02:00:00,2019-03-11 03:00:00,144.243,143.74597,143.74597,145.23707,0.2207,-49.7,-99.82,-100.14,1,stop_loss,34.3239,0.33136,-4.2877,-2.00971,,2019
GBPJPY,1,2019-03-12 21:00:00,2019-03-13 07:00:00,145.499,145.637,144.70483,147.08734,0.1368,13.8,17.18,16.86,10,time_exit,34.50093,0.52945,-0.96407,-0.29804,new_york,2019
GBPJPY,1,2019-03-13 08:00:00,2019-03-13 16:00:00,145.636,146.76539,145.0713,146.76539,0.1927,112.9,198.05,197.73,8,take_profit,20.70805,0.37646,-0.54853,-0.68532,london,2019
GBPJPY,-1,2019-03-14 20:00:00,2019-03-15 06:00:00,148.26,147.862,148.93721,146.90558,0.1639,39.8,59.36,59.04,10,time_exit,41.85163,0.45147,2.28821,1.57281,new_york,2019
GBPJPY,-1,2019-03-15 23:00:00,2019-03-18 09:00:00,148.189,148.152,148.63677,147.29346,0.2493,3.7,8.39,8.08,10,time_exit,14.83274,0.29851,1.48111,2.94335,,2019
GBPJPY,1,2019-03-19 07:00:00,2019-03-19 17:00:00,147.664,147.725,147.32515,148.3417,0.3297,6.1,18.3,17.98,10,time_exit,22.25355,0.2259,-0.45448,2.79213,london,2019
GBPJPY,-1,2019-03-19 18:00:00,2019-03-20 04:00:00,147.725,147.971,148.09874,146.97752,0.2994,-24.6,-67.02,-67.34,10,time_exit,15.29389,0.24916,-0.09442,2.22569,new_york,2019
GBPJPY,-1,2019-03-20 05:00:00,2019-03-20 15:00:00,147.971,147.38898,148.26201,147.38898,0.382,58.2,202.32,202.0,10,take_profit,14.30997,0.19401,0.9799,2.68126,,2019
GBPJPY,1,2019-03-21 22:00:00,2019-03-22 08:00:00,144.842,145.625,144.20612,146.11376,0.1783,78.3,127.04,126.73,10,time_exit,46.5921,0.42392,-3.37342,-1.51588,,2019
GBPJPY,1,2019-03-22 09:00:00,2019-03-22 11:00:00,145.625,145.15582,145.15582,146.56335,0.2446,-46.9,-104.43,-104.75,2,stop_loss,30.08494,0.31278,-1.10126,-2.52097,london,2019
GBPJPY,1,2019-03-22 20:00:00,2019-03-25 06:00:00,144.989,144.929,144.39877,146.16947,0.1925,-6.0,-10.51,-10.83,10,time_exit,25.95276,0.39349,-1.69875,-2.35913,new_york,2019
GBPJPY,-1,2019-03-25 23:00:00,2019-03-26 09:00:00,145.12,145.356,145.68705,143.9859,0.2002,-23.6,-42.99,-43.31,10,time_exit,14.38629,0.37803,-0.55193,-2.43576,,2019
GBPJPY,-1,2019-03-26 17:00:00,2019-03-27 03:00:00,146.278,145.996,146.80817,145.21766,0.2132,28.2,54.71,54.39,10,time_exit,18.57908,0.35345,2.33214,-1.90548,new_york,2019
GBPJPY,-1,2019-03-27 10:00:00,2019-03-27 15:00:00,145.782,146.16386,146.16386,145.01828,0.2976,-38.2,-103.41,-103.73,5,stop_loss,15.58442,0.25457,0.33992,-1.60044,london,2019
GBPJPY,1,2019-03-28 00:00:00,2019-03-28 02:00:00,145.716,145.14634,145.14634,146.85532,0.1975,-57.0,-102.38,-102.7,2,stop_loss,15.87563,0.37977,-0.12186,-0.69693,,2019
GBPJPY,1,2019-04-02 01:00:00,2019-04-02 11:00:00,145.423,145.283,144.92144,146.42613,0.222,-14.0,-28.28,-28.6,10,time_exit,35.86325,0.33438,0.61379,-0.87724,,2019
GBPJPY,1,2019-04-02 14:00:00,2019-04-02 15:00:00,145.428,145.00863,145.00863,146.26674,0.2648,-41.9,-101.05,-101.37,1,stop_loss,20.77376,0.27958,0.38873,-0.68977,london,2019
GBPJPY,1,2019-04-03 18:00:00,2019-04-04 04:00:00,146.705,146.909,146.22864,147.65772,0.2308,20.4,42.85,42.53,10,time_exit,29.56708,0.31757,2.11772,1.05466,new_york,2019
GBPJPY,1,2019-04-05 04:00:00,2019-04-05 14:00:00,146.128,145.967,145.8146,146.75479,0.3523,-16.1,-51.62,-51.93,10,time_exit,27.08646,0.20893,-0.53454,1.62216,,2019
GBPJPY,-1,2019-04-08 04:00:00,2019-04-08 14:00:00,145.489,145.42,145.80436,144.85829,0.3483,6.9,21.87,21.55,10,time_exit,29.77025,0.21024,-2.11381,0.26107,,2019
GBPJPY,1,2019-04-08 19:00:00,2019-04-09 05:00:00,145.434,145.592,145.14905,146.00389,0.3863,15.8,55.54,55.22,10,time_exit,37.46527,0.18996,-1.50412,-0.53725,new_york,2019
GBPJPY,1,2019-04-09 13:00:00,2019-04-09 15:00:00,145.647,145.27229,145.27229,146.39641,0.2954,-37.5,-100.73,-101.05,2,stop_loss,19.0253,0.2498,-0.11512,-0.45616,london,2019
GBPJPY,1,2019-04-10 15:00:00,2019-04-10 16:00:00,145.45,145.16291,145.16291,146.02418,0.3816,-28.7,-99.69,-100.01,1,stop_loss,15.73678,0.19139,0.51343,-1.53182,london,2019
GBPJPY,1,2019-04-15 03:00:00,2019-04-15 13:00:00,146.582,146.769,146.30491,147.13617,0.3915,18.7,66.62,66.3,10,time_exit,42.46485,0.18472,2.75705,1.64134,,2019
GBPJPY,1,2019-04-16 10:00:00,2019-04-16 15:00:00,146.454,146.23121,146.23121,146.89958,0.4901,-22.3,-99.36,-99.68,5,stop_loss,22.39076,0.14853,-0.12632,3.16656,london,2019
GBPJPY,-1,2019-04-16 15:00:00,2019-04-16 18:00:00,146.546,146.04749,146.79525,146.04749,0.4337,49.9,196.75,196.43,3,take_profit,20.29779,0.16617,0.4741,2.66846,london,2019
GBPJPY,1,2019-04-18 09:00:00,2019-04-18 10:00:00,145.939,145.72414,145.72414,146.36873,0.5132,-21.5,-100.34,-100.66,1,stop_loss,18.14244,0.14324,-1.28819,0.58763,london,2019
GBPJPY,1,2019-04-22 00:00:00,2019-04-22 10:00:00,145.412,145.42,145.24055,145.75489,0.6367,0.8,4.64,4.32,10,time_exit,25.15384,0.1143,-2.28826,-2.23337,,2019
GBPJPY,1,2019-04-22 21:00:00,2019-04-23 03:00:00,145.318,145.17145,145.17145,145.61111,0.7451,-14.7,-99.37,-99.69,6,stop_loss,25.18608,0.0977,-1.56824,-3.03585,new_york,2019
GBPJPY,-1,2019-04-23 07:00:00,2019-04-23 12:00:00,145.271,145.43254,145.43254,144.94793,0.6692,-16.2,-98.37,-98.69,5,stop_loss,36.11442,0.10769,-1.10582,-3.03235,london,2019
GBPJPY,-1,2019-04-23 13:00:00,2019-04-23 15:00:00,145.547,145.18745,145.72678,145.18745,0.5953,36.0,194.78,194.46,2,take_profit,28.68948,0.11985,1.41402,-2.64036,london,2019
GBPJPY,1,2019-04-24 07:00:00,2019-04-24 17:00:00,144.599,144.821,144.38032,145.03636,0.4992,22.2,100.85,100.53,10,time_exit,33.89256,0.14579,-3.34364,-3.19946,london,2019
GBPJPY,-1,2019-04-25 00:00:00,2019-04-25 10:00:00,144.735,144.3,145.00895,144.18709,0.4025,43.5,159.33,159.01,10,time_exit,25.09836,0.18264,-1.09119,-2.76874,,2019
GBPJPY,1,2019-04-25 15:00:00,2019-04-25 17:00:00,144.045,143.78662,143.78662,144.56177,0.4335,-25.8,-101.93,-102.25,2,stop_loss,33.67022,0.17226,-3.79445,-3.44152,london,2019
GBPJPY,1,2019-04-26 23:00:00,2019-04-29 00:00:00,144.273,144.05764,144.05764,144.70373,0.5149,-21.5,-100.91,-101.23,1,stop_loss,19.50033,0.14358,-0.36993,-4.54148,,2019
GBPJPY,1,2019-04-29 05:00:00,2019-04-29 10:00:00,144.275,144.67265,144.07617,144.67265,0.5521,39.8,199.78,199.47,5,take_profit,20.64688,0.13255,-0.22156,-4.75109,,2019
GBPJPY,1,2019-04-29 15:00:00,2019-04-30 01:00:00,144.418,144.435,144.22041,144.81318,0.5667,1.7,8.77,8.45,10,time_exit,17.70999,0.13173,0.39975,-3.9939,london,2019
GBPJPY,1,2019-04-30 01:00:00,2019-04-30 09:00:00,144.388,144.1891,144.1891,144.78581,0.5634,-19.9,-101.98,-102.3,8,stop_loss,14.31523,0.1326,-0.1945,-3.33171,,2019
GBPJPY,1,2019-05-01 02:00:00,2019-05-01 12:00:00,145.292,145.523,145.03335,145.8093,0.4289,23.1,90.16,89.84,10,time_exit,30.87334,0.17243,3.27324,-0.71241,,2019
GBPJPY,1,2019-05-01 19:00:00,2019-05-02 00:00:00,145.58,145.36183,145.36183,146.01634,0.513,-21.8,-101.85,-102.17,5,stop_loss,38.62577,0.14545,3.30411,1.04496,new_york,2019
GBPJPY,1,2019-05-03 23:00:00,2019-05-06 00:00:00,146.284,145.95825,145.95825,146.9355,0.3401,-32.6,-100.82,-101.14,1,stop_loss,35.30761,0.21717,3.77123,1.38392,,2019
GBPJPY,-1,2019-05-06 03:00:00,2019-05-06 13:00:00,145.493,145.229,145.93513,144.60874,0.2481,26.4,59.6,59.29,10,time_exit,30.11458,0.29475,-0.07354,1.1098,,2019
GBPJPY,1,2019-05-06 13:00:00,2019-05-06 23:00:00,145.119,145.165,144.69991,145.95718,0.2633,4.6,11.02,10.7,10,time_exit,21.65079,0.27939,-1.06534,0.80713,london,2019
GBPJPY,-1,2019-05-07 19:00:00,2019-05-08 05:00:00,144.008,143.868,144.33416,143.35568,0.3387,14.0,43.15,42.83,10,time_exit,27.10347,0.21744,-4.69805,-0.44388,new_york,2019
GBPJPY,1,2019-05-09 07:00:00,2019-05-09 10:00:00,143.025,142.74647,142.74647,143.58207,0.3983,-27.9,-100.96,-101.27,3,stop_loss,48.11396,0.18569,-4.03746,-4.61794,london,2019
GBPJPY,1,2019-05-09 12:00:00,2019-05-09 22:00:00,142.52,142.804,142.19948,143.16103,0.3426,28.4,88.54,88.22,10,time_exit,49.66786,0.21368,-5.08218,-4.40042,london,2019
GBPJPY,1,2019-05-10 09:00:00,2019-05-10 19:00:00,142.683,142.876,142.33704,143.37493,0.3202,19.3,56.24,55.92,10,time_exit,26.4707,0.23064,-2.01917,-4.61606,london,2019
GBPJPY,1,2019-05-13 00:00:00,2019-05-13 10:00:00,142.66,142.637,142.34182,143.29636,0.3501,-2.3,-7.33,-7.65,10,time_exit,11.94458,0.21212,-0.16453,-4.68579,,2019
GBPJPY,-1,2019-05-14 08:00:00,2019-05-14 16:00:00,142.105,141.44929,142.43286,141.44929,0.3395,65.6,202.58,202.26,8,take_profit,27.13942,0.21857,-1.13047,-5.37102,london,2019
GBPJPY,1,2019-05-15 05:00:00,2019-05-15 11:00:00,141.556,141.28306,141.28306,142.10188,0.416,-27.3,-103.32,-103.64,6,stop_loss,27.35507,0.18196,-2.1218,-6.71516,,2019
GBPJPY,1,2019-05-17 23:00:00,2019-05-20 09:00:00,139.937,140.242,139.59218,140.62664,0.326,30.5,90.48,90.16,10,time_exit,34.12802,0.22988,-2.14895,-6.33747,,2019
GBPJPY,1,2019-05-21 07:00:00,2019-05-21 09:00:00,140.307,140.06414,140.06414,140.79273,0.4669,-24.3,-103.19,-103.51,2,stop_loss,15.87327,0.16191,0.5623,-7.37005,london,2019
GBPJPY,1,2019-05-21 10:00:00,2019-05-21 11:00:00,140.015,139.77615,139.77615,140.4927,0.47,-23.9,-102.16,-102.47,1,stop_loss,14.63682,0.15923,-1.19905,-7.32396,london,2019
GBPJPY,1,2019-05-23 20:00:00,2019-05-24 06:00:00,138.839,138.71,138.48044,139.55612,0.3099,-12.9,-36.38,-36.7,10,time_exit,33.60434,0.23904,-3.17715,-4.49393,new_york,2019
GBPJPY,1,2019-05-24 15:00:00,2019-05-27 01:00:00,138.734,139.241,138.36104,139.47991,0.2969,50.7,136.98,136.66,10,time_exit,27.07323,0.24864,-1.82533,-4.65585,london,2019
GBPJPY,1,2019-05-27 05:00:00,2019-05-27 12:00:00,139.319,138.99631,138.99631,139.96439,0.3478,-32.3,-102.13,-102.45,7,stop_loss,20.279,0.21513,0.86695,-4.86706,,2019
GBPJPY,1,2019-05-27 21:00:00,2019-05-28 07:00:00,138.839,138.832,138.57526,139.36649,0.4212,-0.7,-2.68,-3.0,10,time_exit,20.90808,0.17583,-1.4608,-5.24009,new_york,2019
GBPJPY,1,2019-05-29 12:00:00,2019-05-29 22:00:00,138.126,138.424,137.85253,138.67293,0.4061,29.8,110.13,109.81,10,time_exit,35.89052,0.18231,-2.73743,-5.07957,london,2019
GBPJPY,1,2019-05-30 01:00:00,2019-05-30 11:00:00,138.358,138.526,138.01751,139.03898,0.3297,16.8,50.4,50.09,10,time_exit,25.95729,0.22699,-0.5012,-4.05231,,2019
GBPJPY,-1,2019-05-31 21:00:00,2019-06-03 07:00:00,137.007,136.62,137.3956,136.2298,0.2903,38.7,102.23,101.92,10,time_exit,44.45049,0.25907,-2.89522,-4.16135,new_york,2019
GBPJPY,-1,2019-06-06 02:00:00,2019-06-06 12:00:00,137.389,137.339,137.64542,136.87616,0.4444,5.0,20.22,19.9,10,time_exit,19.30017,0.17095,0.27863,-3.47329,,2019
GBPJPY,-1,2019-06-07 07:00:00,2019-06-07 10:00:00,137.713,137.96875,137.96875,137.20151,0.4464,-25.6,-103.89,-104.21,3,stop_loss,25.09563,0.1705,1.46288,-2.09983,london,2019
GBPJPY,-1,2019-06-10 18:00:00,2019-06-11 04:00:00,137.673,137.735,137.94165,137.13571,0.4207,-6.2,-23.74,-24.05,10,time_exit,24.06568,0.1791,-0.37722,-0.47017,new_york,2019
GBPJPY,1,2019-06-12 05:00:00,2019-06-12 15:00:00,138.001,138.089,137.7803,138.44239,0.5109,8.8,40.91,40.59,10,time_exit,23.07211,0.14713,0.71818,0.31771,,2019
GBPJPY,-1,2019-06-12 22:00:00,2019-06-13 08:00:00,137.666,137.488,137.92814,137.14172,0.4318,17.8,69.94,69.62,10,time_exit,19.30504,0.17476,-1.30437,0.2088,,2019
GBPJPY,1,2019-06-13 22:00:00,2019-06-14 08:00:00,137.375,137.302,137.12691,137.87118,0.4594,-7.3,-30.52,-30.84,10,time_exit,23.22044,0.16539,-1.73402,-0.75991,,2019
GBPJPY,-1,2019-06-17 00:00:00,2019-06-17 03:00:00,136.535,136.76257,136.76257,136.07986,0.4993,-22.8,-103.4,-103.72,3,stop_loss,50.66526,0.15171,-3.52338,-2.72669,,2019
GBPJPY,1,2019-06-17 08:00:00,2019-06-17 10:00:00,136.781,136.57789,136.57789,137.18721,0.5538,-20.3,-102.36,-102.68,2,stop_loss,46.26335,0.1354,-2.14996,-3.46276,london,2019
GBPJPY,1,2019-06-17 18:00:00,2019-06-17 20:00:00,136.454,136.21503,136.21503,136.93194,0.466,-23.9,-101.34,-101.66,2,stop_loss,36.12643,0.15931,-3.14425,-3.20506,new_york,2019
GBPJPY,1,2019-06-19 02:00:00,2019-06-19 09:00:00,136.257,135.98078,135.98078,136.80944,0.3991,-27.6,-100.32,-100.64,7,stop_loss,29.2549,0.18415,0.03309,-4.36142,,2019
GBPJPY,1,2019-06-20 00:00:00,2019-06-20 10:00:00,136.648,136.994,136.36324,137.21753,0.3832,34.6,120.65,120.34,10,time_exit,26.12862,0.18984,1.36208,-2.79991,,2019
GBPJPY,1,2019-06-20 14:00:00,2019-06-20 15:00:00,137.134,136.81958,136.81958,137.76284,0.3513,-31.4,-100.52,-100.83,1,stop_loss,21.90104,0.20961,2.75132,-1.70775,london,2019
GBPJPY,1,2019-06-20 17:00:00,2019-06-20 19:00:00,136.66,136.3066,136.3066,137.3668,0.3094,-35.3,-99.5,-99.82,2,stop_loss,18.93654,0.2356,0.41655,-1.44757,new_york,2019
GBPJPY,-1,2019-06-21 03:00:00,2019-06-21 13:00:00,136.349,136.192,136.6591,135.7288,0.3491,15.7,49.88,49.56,10,time_exit,24.07821,0.20673,-0.73911,-1.70179,,2019
GBPJPY,-1,2019-06-21 14:00:00,2019-06-21 17:00:00,136.192,136.51308,136.51308,135.54984,0.3388,-32.1,-98.99,-99.31,3,stop_loss,21.56414,0.21405,-0.97079,-1.81744,london,2019
GBPJPY,-1,2019-06-25 13:00:00,2019-06-25 17:00:00,136.612,135.94063,136.94769,135.94063,0.3208,67.1,195.99,195.67,4,take_profit,15.24301,0.22379,-0.02446,-0.57716,london,2019
GBPJPY,1,2019-06-27 18:00:00,2019-06-28 04:00:00,136.594,136.419,136.27909,137.22383,0.3488,-17.5,-55.55,-55.86,10,time_exit,23.00196,0.20994,-0.55985,0.15637,new_york,2019
GBPJPY,1,2019-06-28 06:00:00,2019-06-28 15:00:00,136.383,136.88828,136.13036,136.88828,0.4324,50.5,198.82,198.5,9,take_profit,20.18421,0.16843,-1.50474,-0.14346,,2019
GBPJPY,-1,2019-06-28 19:00:00,2019-07-01 00:00:00,136.992,137.2754,137.2754,136.42519,0.3932,-28.3,-101.41,-101.72,5,stop_loss,21.10391,0.18894,1.7769,-0.01435,new_york,2019
GBPJPY,1,2019-07-01 13:00:00,2019-07-01 23:00:00,136.933,137.033,136.60713,137.58475,0.3385,10.0,30.8,30.48,10,time_exit,25.96648,0.21725,-0.11591,0.92951,london,2019
GBPJPY,-1,2019-07-02 11:00:00,2019-07-02 17:00:00,136.665,136.15443,136.92029,136.15443,0.4334,51.1,201.37,201.05,6,take_profit,11.30322,0.17019,-1.8571,1.03379,london,2019
GBPJPY,-1,2019-07-05 03:00:00,2019-07-05 09:00:00,135.669,135.82875,135.82875,135.3495,0.7064,-16.0,-102.69,-103.01,6,stop_loss,20.46012,0.1065,-0.51885,-5.17756,,2019
GBPJPY,-1,2019-07-08 03:00:00,2019-07-08 13:00:00,135.874,135.923,136.07657,135.46886,0.5515,-4.9,-24.59,-24.91,10,time_exit,20.83174,0.13505,0.91029,-3.04908,,2019
GBPJPY,-1,2019-07-09 07:00:00,2019-07-09 11:00:00,136.073,135.68956,136.26472,135.68956,0.5813,38.3,202.83,202.51,4,take_profit,27.95536,0.12781,1.25061,-1.56447,london,2019
GBPJPY,-1,2019-07-09 20:00:00,2019-07-10 06:00:00,135.65,135.602,135.92398,135.10203,0.4149,4.8,18.12,17.8,10,time_exit,27.70278,0.18266,-0.97872,-1.29439,new_york,2019
GBPJPY,1,2019-07-10 16:00:00,2019-07-10 17:00:00,135.86,135.64374,135.64374,136.29252,0.5265,-21.6,-103.61,-103.93,1,stop_loss,18.29412,0.14417,0.57529,-1.5676,new_york,2019
GBPJPY,-1,2019-07-10 19:00:00,2019-07-11 05:00:00,135.616,135.13162,135.85819,135.13162,0.4654,48.4,205.14,204.82,10,take_profit,17.55779,0.16146,-0.96305,-1.38895,new_york,2019
GBPJPY,-1,2019-07-12 15:00:00,2019-07-15 01:00:00,135.738,135.649,135.95944,135.29512,0.5192,8.9,42.05,41.73,10,time_exit,23.65752,0.14763,-0.25589,-0.82062,london,2019
GBPJPY,-1,2019-07-16 14:00:00,2019-07-16 15:00:00,134.083,134.35557,134.35557,133.53787,0.4235,-27.3,-105.04,-105.36,1,stop_loss,31.01559,0.18171,-6.28914,-2.37774,london,2019
GBPJPY,1,2019-07-17 06:00:00,2019-07-17 09:00:00,134.239,134.00611,134.00611,134.70477,0.4907,-23.3,-103.99,-104.31,3,stop_loss,41.38047,0.15526,-3.64599,-4.23968,,2019
GBPJPY,-1,2019-07-18 23:00:00,2019-07-19 04:00:00,134.682,134.97791,134.97791,134.09019,0.3823,-29.6,-102.94,-103.26,5,stop_loss,27.38518,0.19727,1.06574,-3.12649,,2019
GBPJPY,1,2019-07-19 22:00:00,2019-07-22 08:00:00,134.719,135.012,134.46742,135.22215,0.4452,29.3,118.7,118.39,10,time_exit,22.02186,0.16772,0.29896,-2.13896,,2019
GBPJPY,-1,2019-07-22 14:00:00,2019-07-22 17:00:00,134.506,134.76364,134.76364,133.99072,0.4397,-25.8,-103.09,-103.41,3,stop_loss,24.87692,0.17176,-1.28597,-1.5728,london,2019
GBPJPY,1,2019-07-23 11:00:00,2019-07-23 14:00:00,134.497,134.91927,134.28587,134.91927,0.5312,42.2,204.12,203.8,3,take_profit,12.46701,0.14076,-1.27093,-1.79537,london,2019
GBPJPY,1,2019-07-24 17:00:00,2019-07-25 03:00:00,134.856,135.057,134.57356,135.42089,0.405,20.1,74.08,73.76,10,time_exit,13.30374,0.1883,0.9694,-0.97116,new_york,2019
GBPJPY,1,2019-07-25 15:00:00,2019-07-25 16:00:00,135.012,135.49472,134.77064,135.49472,0.4773,48.3,209.67,209.35,1,take_profit,13.43944,0.16091,0.98591,-0.19038,london,2019
GBPJPY,-1,2019-07-25 21:00:00,2019-07-26 07:00:00,135.343,135.21,135.65115,134.7267,0.3813,13.3,46.15,45.83,10,time_exit,22.9663,0.20543,1.80366,0.28412,new_york,2019
GBPJPY,1,2019-07-26 16:00:00,2019-07-26 17:00:00,134.98,134.73158,134.73158,135.47683,0.475,-24.8,-107.38,-107.7,1,stop_loss,16.34101,0.16561,-0.6235,0.72845,new_york,2019
GBPJPY,1,2019-07-29 19:00:00,2019-07-30 04:00:00,133.181,132.83434,132.83434,133.87432,0.337,-34.7,-106.31,-106.63,9,stop_loss,53.83752,0.23111,-5.15156,-1.69263,new_york,2019
GBPJPY,1,2019-07-30 07:00:00,2019-07-30 08:00:00,132.088,131.74939,131.74939,132.76523,0.3416,-33.9,-105.26,-105.58,1,stop_loss,66.39392,0.22574,-7.40519,-3.46309,london,2019
GBPJPY,-1,2019-07-31 05:00:00,2019-07-31 15:00:00,131.928,132.24079,132.24079,131.30242,0.366,-31.3,-104.18,-104.5,10,stop_loss,46.41263,0.20853,-3.95886,-6.20734,,2019
GBPJPY,-1,2019-08-02 08:00:00,2019-08-02 16:00:00,129.64,130.1667,130.1667,128.58659,0.2152,-52.7,-103.15,-103.46,8,stop_loss,54.26585,0.35114,-4.94379,-4.7645,london,2019
GBPJPY,-1,2019-08-05 03:00:00,2019-08-05 05:00:00,129.48,128.56891,129.93554,128.56891,0.2463,91.1,204.21,203.89,2,take_profit,37.50997,0.3037,-3.00478,-6.74189,,2019
GBPJPY,-1,2019-08-05 16:00:00,2019-08-06 02:00:00,129.095,128.383,129.63101,128.02299,0.2135,71.2,138.33,138.01,10,time_exit,32.97531,0.35734,-1.84225,-6.28077,new_york,2019
GBPJPY,-1,2019-08-07 04:00:00,2019-08-07 14:00:00,129.433,128.59553,129.85173,128.59553,0.2769,83.7,211.02,210.71,10,take_profit,28.73008,0.27916,0.00126,-6.22002,,2019
GBPJPY,1,2019-08-08 23:00:00,2019-08-09 00:00:00,128.688,128.29792,128.29792,129.46817,0.3032,-39.0,-107.63,-107.95,1,stop_loss,18.40064,0.26006,-1.11665,-5.36932,,2019
GBPJPY,-1,2019-08-09 13:00:00,2019-08-09 14:00:00,128.177,127.49167,128.51967,127.49167,0.3417,68.5,213.1,212.78,1,take_profit,31.29564,0.22844,-2.6736,-5.90995,london,2019
GBPJPY,1,2019-08-12 05:00:00,2019-08-12 15:00:00,126.976,127.276,126.55065,127.82671,0.2808,30.0,76.66,76.34,10,time_exit,53.19129,0.28357,-3.77806,-5.87438,,2019
GBPJPY,-1,2019-08-12 20:00:00,2019-08-13 06:00:00,127.214,127.24,127.61034,126.42132,0.3035,-2.6,-7.18,-7.5,10,time_exit,28.30669,0.26423,-1.53926,-6.53428,new_york,2019
GBPJPY,1,2019-08-13 14:00:00,2019-08-13 16:00:00,127.155,127.78428,126.84036,127.78428,0.382,62.9,218.75,218.43,2,take_profit,14.98555,0.20976,-1.01057,-7.70017,london,2019
GBPJPY,-1,2019-08-13 21:00:00,2019-08-14 07:00:00,128.608,128.468,129.14147,127.54106,0.2298,14.0,29.28,28.96,10,time_exit,30.31971,0.35565,2.87197,-3.78443,new_york,2019
GBPJPY,-1,2019-08-14 16:00:00,2019-08-15 02:00:00,127.941,127.731,128.38762,127.04775,0.2752,21.0,52.59,52.27,10,time_exit,29.09893,0.29775,-0.15081,-2.84844,new_york,2019
GBPJPY,-1,2019-08-16 22:00:00,2019-08-19 08:00:00,129.163,129.37,129.52464,128.43973,0.3415,-20.7,-64.33,-64.65,10,time_exit,30.8928,0.24109,2.41018,-0.35708,,2019
GBPJPY,1,2019-08-21 01:00:00,2019-08-21 11:00:00,129.243,129.396,128.88536,129.95829,0.3433,15.3,47.8,47.48,10,time_exit,25.79308,0.23843,0.78498,0.81499,,2019
GBPJPY,1,2019-08-22 01:00:00,2019-08-22 07:00:00,129.28,128.98995,128.98995,129.86009,0.4251,-29.0,-112.2,-112.52,6,stop_loss,13.19013,0.19336,0.45389,1.24036,,2019
GBPJPY,-1,2019-08-22 07:00:00,2019-08-22 10:00:00,129.065,129.31639,129.31639,128.56221,0.4855,-25.1,-111.07,-111.39,3,stop_loss,11.27872,0.1676,-0.74529,1.33603,london,2019
GBPJPY,-1,2019-08-22 16:00:00,2019-08-23 02:00:00,130.282,130.441,130.74376,129.35848,0.2617,-15.9,-37.87,-38.18,10,time_exit,15.29152,0.30784,3.41589,0.74477,new_york,2019
GBPJPY,1,2019-08-23 14:00:00,2019-08-23 18:00:00,130.285,129.95616,129.95616,130.94269,0.3662,-32.9,-109.58,-109.9,4,stop_loss,26.90784,0.21923,1.8938,2.78578,london,2019
GBPJPY,1,2019-08-26 06:00:00,2019-08-26 16:00:00,129.397,129.599,128.81875,130.55349,0.2062,20.2,37.9,37.59,10,time_exit,35.46017,0.3855,-0.5487,0.86236,,2019
GBPJPY,-1,2019-08-27 15:00:00,2019-08-27 16:00:00,129.749,130.14382,130.14382,128.95936,0.303,-39.5,-108.86,-109.18,1,stop_loss,16.27774,0.26321,0.84584,0.71497,london,2019
GBPJPY,-1,2019-08-28 15:00:00,2019-08-28 18:00:00,129.085,129.52984,129.52984,128.19533,0.2662,-44.5,-107.76,-108.08,3,stop_loss,29.74927,0.29656,-1.87019,0.70132,london,2019
GBPJPY,-1,2019-08-29 08:00:00,2019-08-29 11:00:00,129.263,129.57748,129.57748,128.63405,0.3728,-31.4,-106.69,-107.0,3,stop_loss,23.67913,0.20965,-1.30773,0.49667,london,2019
GBPJPY,1,2019-08-30 01:00:00,2019-08-30 11:00:00,129.734,129.495,129.37409,130.45382,0.3225,-23.9,-70.14,-70.46,10,time_exit,20.14704,0.23994,0.44904,0.62917,,2019
GBPJPY,-1,2019-09-03 05:00:00,2019-09-03 08:00:00,128.176,127.59974,128.46413,127.59974,0.4001,57.6,209.81,209.49,3,take_profit,45.26653,0.19209,-3.0607,-2.44201,,2019
GBPJPY,-1,2019-09-03 23:00:00,2019-09-04 09:00:00,128.124,128.5998,128.5998,127.17241,0.2471,-47.6,-106.99,-107.31,10,stop_loss,32.43601,0.3172,-0.41756,-2.30679,,2019
GBPJPY,1,2019-09-05 06:00:00,2019-09-05 09:00:00,130.604,130.1939,130.1939,131.4242,0.2838,-41.0,-105.91,-106.23,3,stop_loss,53.85851,0.2734,5.21858,0.35026,,2019
GBPJPY,-1,2019-09-06 10:00:00,2019-09-06 20:00:00,131.875,131.428,132.21836,131.18829,0.3356,44.7,136.51,136.19,10,time_exit,51.6433,0.2289,4.47177,5.0936,london,2019
GBPJPY,1,2019-09-09 06:00:00,2019-09-09 10:00:00,131.294,130.99699,130.99699,131.88802,0.393,-29.7,-106.22,-106.54,4,stop_loss,20.18957,0.19801,0.70022,5.82672,,2019
GBPJPY,1,2019-09-09 16:00:00,2019-09-10 02:00:00,132.286,132.519,131.8723,133.1134,0.2793,23.3,59.22,58.9,10,time_exit,24.59499,0.2758,3.41424,4.28923,new_york,2019
GBPJPY,-1,2019-09-10 05:00:00,2019-09-10 15:00:00,132.635,132.726,132.97496,131.95509,0.3418,-9.1,-28.3,-28.62,10,time_exit,27.36228,0.22664,3.79601,5.91398,,2019
GBPJPY,-1,2019-09-11 10:00:00,2019-09-11 20:00:00,133.159,132.726,133.45398,132.56904,0.3929,43.3,154.81,154.5,10,time_exit,34.73965,0.19665,3.47356,7.4358,london,2019
GBPJPY,-1,2019-09-11 21:00:00,2019-09-12 02:00:00,132.726,133.06851,133.06851,132.04097,0.3433,-34.3,-107.0,-107.32,5,stop_loss,20.21641,0.22834,0.3761,6.23858,new_york,2019
GBPJPY,1,2019-09-12 05:00:00,2019-09-12 11:00:00,133.218,132.90801,132.90801,133.83797,0.3755,-31.0,-105.92,-106.24,6,stop_loss,18.14651,0.20666,2.25562,6.75558,,2019
GBPJPY,1,2019-09-12 18:00:00,2019-09-13 04:00:00,133.055,133.38,132.55815,134.04871,0.232,32.5,68.61,68.3,10,time_exit,16.71958,0.33124,0.63603,3.89691,new_york,2019
GBPJPY,-1,2019-09-13 04:00:00,2019-09-13 09:00:00,133.457,133.84308,133.84308,132.68484,0.3004,-38.6,-105.54,-105.86,5,stop_loss,11.84217,0.25739,1.65198,5.04727,,2019
GBPJPY,1,2019-09-16 07:00:00,2019-09-16 11:00:00,134.5,134.0739,134.0739,135.3522,0.2695,-42.6,-104.5,-104.82,4,stop_loss,29.5346,0.28407,1.79025,5.72069,london,2019
GBPJPY,-1,2019-09-16 23:00:00,2019-09-17 09:00:00,134.304,134.413,134.66526,133.58147,0.3147,-10.9,-31.22,-31.53,10,time_exit,22.74221,0.24084,0.85261,6.05767,,2019
GBPJPY,1,2019-09-19 06:00:00,2019-09-19 13:00:00,134.776,134.42323,134.42323,135.48155,0.3213,-35.3,-103.14,-103.46,7,stop_loss,20.70095,0.23518,-0.33874,5.42658,,2019
GBPJPY,1,2019-09-23 11:00:00,2019-09-23 21:00:00,133.579,133.637,133.1831,134.37081,0.2834,5.8,14.96,14.64,10,time_exit,26.54035,0.26394,-4.16551,2.28545,london,2019
GBPJPY,1,2019-09-24 07:00:00,2019-09-24 12:00:00,133.615,134.20312,133.32094,134.20312,0.3821,58.8,204.5,204.18,5,take_profit,29.44834,0.19604,-2.53311,0.58668,london,2019
GBPJPY,1,2019-09-24 16:00:00,2019-09-24 18:00:00,134.372,133.97643,133.97643,135.16314,0.2897,-39.6,-104.28,-104.6,2,stop_loss,28.95928,0.26371,1.15572,0.2869,new_york,2019
GBPJPY,-1,2019-09-24 18:00:00,2019-09-25 04:00:00,134.038,133.743,134.44614,133.22173,0.278,29.5,74.63,74.31,10,time_exit,28.93835,0.27209,-0.14788,0.30786,new_york,2019
GBPJPY,-1,2019-09-25 06:00:00,2019-09-25 14:00:00,133.88,133.14755,134.24623,133.14755,0.312,73.2,207.96,207.64,8,take_profit,15.42349,0.24415,-0.32478,-0.04385,,2019
GBPJPY,-1,2019-09-25 15:00:00,2019-09-25 17:00:00,132.98,133.3794,133.3794,132.18121,0.2918,-39.9,-106.05,-106.37,2,stop_loss,16.60141,0.26626,-3.16946,-0.39636,london,2019
GBPJPY,-1,2019-09-25 21:00:00,2019-09-26 07:00:00,133.197,133.225,133.60489,132.38123,0.2829,-2.8,-7.21,-7.53,10,time_exit,23.6397,0.27192,-1.83952,-0.7149,new_york,2019
GBPJPY,-1,2019-09-26 17:00:00,2019-09-27 03:00:00,132.916,132.849,133.2608,132.2264,0.3344,6.7,20.39,20.07,10,time_exit,37.20615,0.22987,-1.70693,-1.84768,new_york,2019
GBPJPY,1,2019-10-01 01:00:00,2019-10-01 11:00:00,132.844,133.163,132.52695,133.4781,0.3644,31.9,105.78,105.46,10,time_exit,21.16956,0.21137,-0.16572,-2.19646,,2019
GBPJPY,1,2019-10-02 10:00:00,2019-10-02 11:00:00,132.112,131.76037,131.76037,132.81526,0.3318,-35.2,-106.17,-106.49,1,stop_loss,13.92535,0.23442,-2.22818,-2.144,london,2019
GBPJPY,1,2019-10-02 23:00:00,2019-10-03 09:00:00,131.841,131.652,131.43068,132.66163,0.2815,-18.9,-48.42,-48.73,10,time_exit,13.14789,0.27354,-1.82665,-2.36188,,2019
GBPJPY,1,2019-10-08 05:00:00,2019-10-08 10:00:00,131.984,131.72221,131.72221,132.50757,0.4392,-26.2,-104.63,-104.95,5,stop_loss,17.94308,0.17452,1.01362,-3.04281,,2019
GBPJPY,1,2019-10-08 15:00:00,2019-10-09 01:00:00,130.58,130.82,130.22801,131.28397,0.3234,24.0,70.63,70.31,10,time_exit,27.05418,0.23466,-4.78796,-2.3794,london,2019
GBPJPY,-1,2019-10-09 22:00:00,2019-10-10 04:00:00,131.31,131.66368,131.66368,130.60264,0.324,-35.4,-104.28,-104.6,6,stop_loss,27.66653,0.23579,0.30202,-2.91964,,2019
GBPJPY,-1,2019-10-11 14:00:00,2019-10-11 15:00:00,135.978,136.61596,136.61596,134.70208,0.1778,-63.8,-103.22,-103.54,1,stop_loss,65.52151,0.42531,6.7538,1.87203,london,2019
GBPJPY,1,2019-10-11 15:00:00,2019-10-14 01:00:00,137.092,137.148,136.33772,138.60057,0.1489,5.6,7.59,7.27,10,time_exit,67.27252,0.50286,7.62052,1.79969,london,2019
GBPJPY,-1,2019-10-15 07:00:00,2019-10-15 09:00:00,136.654,137.1702,137.1702,135.62161,0.2177,-51.6,-102.26,-102.58,2,stop_loss,22.95483,0.34413,2.2656,6.15667,london,2019
GBPJPY,-1,2019-10-16 06:00:00,2019-10-16 15:00:00,138.614,139.21359,139.21359,137.41483,0.1856,-60.0,-101.27,-101.59,9,stop_loss,42.39075,0.39972,3.28962,6.63402,,2019
GBPJPY,-1,2019-10-16 23:00:00,2019-10-17 09:00:00,139.482,138.9,140.30914,137.82772,0.1332,58.2,70.55,70.23,10,time_exit,27.53416,0.55143,2.37059,5.16023,,2019
GBPJPY,1,2019-10-17 10:00:00,2019-10-17 12:00:00,138.907,140.02892,138.34604,140.02892,0.1977,112.2,201.84,201.52,2,take_profit,21.07781,0.37397,0.85802,7.57751,london,2019
GBPJPY,1,2019-10-21 05:00:00,2019-10-21 11:00:00,140.069,141.09858,139.55421,141.09858,0.2198,103.0,205.93,205.62,6,take_profit,13.39979,0.34319,1.06233,7.32764,,2019
GBPJPY,-1,2019-10-21 14:00:00,2019-10-22 00:00:00,140.962,140.712,141.48294,139.92011,0.2215,25.0,50.39,50.07,10,time_exit,15.80378,0.3473,2.94886,7.10198,london,2019
GBPJPY,1,2019-10-23 19:00:00,2019-10-24 05:00:00,139.988,140.295,139.4874,140.9892,0.2316,30.7,64.7,64.38,10,time_exit,23.43058,0.33373,0.13326,4.08248,new_york,2019
GBPJPY,1,2019-10-24 15:00:00,2019-10-24 16:00:00,140.098,139.73978,139.73978,140.81445,0.3256,-35.8,-106.14,-106.46,1,stop_loss,16.37599,0.23882,0.00227,5.10267,london,2019
GBPJPY,1,2019-10-24 17:00:00,2019-10-24 18:00:00,139.579,139.15263,139.15263,140.43173,0.2708,-42.6,-105.07,-105.39,1,stop_loss,16.02804,0.28424,-1.77659,4.1641,new_york,2019
GBPJPY,1,2019-10-25 19:00:00,2019-10-28 05:00:00,139.545,139.351,139.18096,140.27308,0.314,-19.4,-55.43,-55.75,10,time_exit,9.36885,0.24269,-0.50297,2.64476,new_york,2019
GBPJPY,-1,2019-10-28 05:00:00,2019-10-28 10:00:00,139.397,139.68275,139.68275,138.8255,0.3979,-28.6,-103.47,-103.79,5,stop_loss,7.95193,0.1905,-0.99031,2.74485,,2019
GBPJPY,1,2019-10-30 11:00:00,2019-10-30 12:00:00,140.339,140.07442,140.07442,140.86816,0.4255,-26.5,-102.45,-102.77,1,stop_loss,15.99361,0.17639,2.06455,3.03534,london,2019
GBPJPY,-1,2019-10-31 05:00:00,2019-10-31 11:00:00,140.399,140.68096,140.68096,139.83508,0.3952,-28.2,-101.4,-101.72,6,stop_loss,26.21559,0.18797,1.31153,3.01576,,2019
GBPJPY,1,2019-11-01 10:00:00,2019-11-01 20:00:00,139.993,140.049,139.72452,140.52997,0.4109,5.6,20.94,20.62,10,time_exit,17.79727,0.17899,-0.34447,1.96181,london,2019
GBPJPY,1,2019-11-04 06:00:00,2019-11-04 16:00:00,140.005,140.002,139.78711,140.44078,0.5073,-0.3,-1.38,-1.7,10,time_exit,9.3196,0.14526,-0.1189,1.83248,,2019
GBPJPY,1,2019-11-04 22:00:00,2019-11-05 08:00:00,139.929,140.135,139.71243,140.36214,0.5103,20.6,95.66,95.34,10,time_exit,10.95687,0.14438,-0.7318,1.62778,,2019
GBPJPY,1,2019-11-06 06:00:00,2019-11-06 09:00:00,140.452,140.24904,140.24904,140.85791,0.5497,-20.3,-101.52,-101.84,3,stop_loss,24.25894,0.1353,1.12911,2.57726,,2019
GBPJPY,1,2019-11-08 11:00:00,2019-11-08 16:00:00,140.132,139.88756,139.88756,140.62088,0.4519,-24.4,-100.52,-100.84,5,stop_loss,12.15917,0.16296,0.1932,0.52592,london,2019
GBPJPY,-1,2019-11-11 05:00:00,2019-11-11 13:00:00,139.482,139.71003,139.71003,139.02594,0.4795,-22.8,-99.5,-99.82,8,stop_loss,19.34323,0.15202,-2.71465,-0.46063,,2019
GBPJPY,-1,2019-11-12 06:00:00,2019-11-12 08:00:00,140.344,140.5813,140.5813,139.86939,0.4562,-23.7,-98.51,-98.83,2,stop_loss,27.15354,0.1582,2.06765,0.23341,,2019
GBPJPY,1,2019-11-14 13:00:00,2019-11-14 23:00:00,139.675,139.645,139.39907,140.22685,0.3884,-3.0,-10.6,-10.92,10,time_exit,24.65526,0.18395,-0.80494,-0.67484,london,2019
GBPJPY,-1,2019-11-15 01:00:00,2019-11-15 02:00:00,139.633,139.88184,139.88184,139.13532,0.4302,-24.9,-97.42,-97.74,1,stop_loss,15.22908,0.16589,-0.54859,-1.08881,,2019
GBPJPY,1,2019-11-15 20:00:00,2019-11-18 06:00:00,140.414,140.618,140.15027,140.94146,0.4018,20.4,74.59,74.27,10,time_exit,36.093,0.17582,3.03757,-0.21609,new_york,2019
GBPJPY,-1,2019-11-20 08:00:00,2019-11-20 16:00:00,140.067,140.34993,140.34993,139.50113,0.3774,-28.3,-97.17,-97.49,8,stop_loss,34.91264,0.18862,-1.84252,1.05861,london,2019
GBPJPY,-1,2019-11-25 14:00:00,2019-11-25 16:00:00,140.151,140.38133,140.38133,139.69035,0.459,-23.0,-96.2,-96.52,2,stop_loss,23.2293,0.15355,1.16931,-0.98489,london,2019
GBPJPY,1,2019-11-27 21:00:00,2019-11-28 00:00:00,141.292,141.84748,141.01426,141.84748,0.3768,55.5,190.47,190.15,3,take_profit,31.45605,0.18516,4.70636,0.91262,new_york,2019
GBPJPY,1,2019-11-28 11:00:00,2019-11-28 14:00:00,141.584,141.28846,141.28846,142.17507,0.3612,-29.6,-97.14,-97.46,3,stop_loss,42.92734,0.19702,3.4804,2.43907,london,2019
GBPJPY,1,2019-11-29 02:00:00,2019-11-29 11:00:00,141.408,141.19697,141.19697,141.83006,0.5008,-21.1,-96.17,-96.49,9,stop_loss,18.30264,0.14069,2.0433,4.02695,,2019
GBPJPY,1,2019-11-29 11:00:00,2019-11-29 12:00:00,141.39,141.19871,141.19871,141.77259,0.5469,-19.1,-95.2,-95.52,1,stop_loss,12.0183,0.12753,1.46251,4.50973,london,2019
GBPJPY,1,2019-11-29 20:00:00,2019-12-02 06:00:00,141.477,141.606,141.22043,141.99015,0.4036,12.9,47.38,47.06,10,time_exit,15.95374,0.17105,1.25311,3.33769,new_york,2019
GBPJPY,1,2019-12-02 22:00:00,2019-12-03 08:00:00,141.054,141.298,140.77079,141.62041,0.3675,24.4,81.6,81.28,10,time_exit,20.79849,0.1888,-1.66508,2.65047,,2019
GBPJPY,1,2019-12-04 17:00:00,2019-12-05 03:00:00,142.345,142.718,142.00747,143.02006,0.311,37.3,105.56,105.24,10,time_exit,33.31791,0.22502,4.12374,1.69611,new_york,2019
GBPJPY,1,2019-12-06 08:00:00,2019-12-06 10:00:00,142.962,142.75513,142.75513,143.37574,0.513,-20.7,-96.57,-96.89,2,stop_loss,35.96154,0.13791,2.37376,7.20102,london,2019
GBPJPY,-1,2019-12-09 05:00:00,2019-12-09 08:00:00,142.738,142.98017,142.98017,142.25366,0.4339,-24.2,-95.62,-95.94,3,stop_loss,19.5609,0.16145,0.43908,5.11173,,2019
GBPJPY,1,2019-12-11 22:00:00,2019-12-12 08:00:00,143.301,143.489,143.03197,143.83906,0.3866,18.8,66.14,65.82,10,time_exit,16.28335,0.17935,1.79132,3.37436,,2019
GBPJPY,-1,2019-12-12 12:00:00,2019-12-12 15:00:00,143.281,142.77921,143.5319,142.77921,0.4174,50.2,190.6,190.28,3,take_profit,20.97125,0.16726,0.62857,3.97031,london,2019
GBPJPY,1,2019-12-16 08:00:00,2019-12-16 11:00:00,146.46,145.99815,145.99815,147.3837,0.2313,-46.2,-97.21,-97.53,3,stop_loss,17.42013,0.3079,2.94336,6.04571,london,2019
GBPJPY,1,2019-12-17 01:00:00,2019-12-17 09:00:00,145.64,145.18428,145.18428,146.55144,0.2321,-45.6,-96.25,-96.57,8,stop_loss,11.73251,0.30381,-0.72825,5.85045,,2019
GBPJPY,1,2019-12-17 15:00:00,2019-12-17 17:00:00,144.443,143.91139,143.91139,145.50621,0.1969,-53.2,-95.25,-95.57,2,stop_loss,32.81717,0.3544,-3.1248,3.7182,london,2019
GBPJPY,1,2019-12-17 18:00:00,2019-12-18 03:00:00,143.892,143.33873,143.33873,144.99855,0.1873,-55.3,-94.3,-94.62,9,stop_loss,38.94845,0.36885,-4.0133,3.12615,new_york,2019
GBPJPY,-1,2019-12-18 13:00:00,2019-12-18 23:00:00,143.366,143.312,143.83904,142.41992,0.2169,5.4,10.66,10.34,10,time_exit,43.09772,0.31536,-3.22191,0.89191,london,2019
GBPJPY,-1,2019-12-26 21:00:00,2019-12-27 03:00:00,142.664,142.19895,142.89653,142.19895,0.4417,46.5,186.93,186.61,6,take_profit,35.70318,0.15502,3.53141,-4.15716,new_york,2019
GBPJPY,1,2019-12-27 06:00:00,2019-12-27 10:00:00,142.391,142.90824,142.13238,142.90824,0.4051,51.7,190.68,190.36,4,take_profit,28.7849,0.17241,1.04759,-3.03053,,2019
GBPJPY,-1,2019-12-27 21:00:00,2019-12-30 07:00:00,143.398,143.219,143.69937,142.79525,0.3546,17.9,57.76,57.44,10,time_exit,37.29818,0.20092,3.71627,-0.6938,new_york,2019
GBPJPY,-1,2019-12-30 11:00:00,2019-12-30 13:00:00,142.948,143.26023,143.26023,142.32354,0.3443,-31.2,-97.83,-98.14,2,stop_loss,22.35005,0.20815,0.33375,0.17982,london,2019
GBPJPY,-1,2019-12-31 01:00:00,2019-12-31 11:00:00,142.845,142.921,143.14826,142.23848,0.3509,-7.6,-24.27,-24.59,10,time_exit,30.00919,0.20217,-0.35284,0.27583,,2019
GBPJPY,1,2019-12-31 17:00:00,2019-12-31 18:00:00,143.552,144.25784,143.19908,144.25784,0.3008,70.6,193.21,192.89,1,take_profit,32.42491,0.23528,2.65338,0.25337,new_york,2019
GBPJPY,1,2020-01-02 21:00:00,2020-01-03 03:00:00,142.599,142.18084,142.18084,143.43532,0.2589,-41.8,-98.52,-98.84,6,stop_loss,33.27106,0.27877,-2.37038,0.85983,new_york,2020
GBPJPY,1,2020-01-06 00:00:00,2020-01-06 10:00:00,141.188,141.516,140.78949,141.98502,0.2689,32.8,80.26,79.94,10,time_exit,48.51158,0.26567,-3.0789,-2.02843,,2020
GBPJPY,-1,2020-01-08 13:00:00,2020-01-08 23:00:00,142.589,142.913,143.2012,141.3646,0.1765,-32.4,-52.04,-52.36,10,time_exit,16.31734,0.40813,0.67735,-0.47907,london,2020
GBPJPY,1,2020-01-09 12:00:00,2020-01-09 22:00:00,142.565,143.081,142.11641,143.46217,0.2396,51.6,112.51,112.19,10,time_exit,12.55315,0.29906,-0.48266,0.39445,london,2020
GBPJPY,1,2020-01-10 22:00:00,2020-01-13 00:00:00,143.059,142.74718,142.74718,143.68264,0.3486,-31.2,-98.92,-99.24,2,stop_loss,13.17912,0.20788,0.23265,1.30273,,2020
GBPJPY,1,2020-01-14 14:00:00,2020-01-15 00:00:00,142.954,143.201,142.63286,143.59628,0.3351,24.7,75.32,75.0,10,time_exit,17.96171,0.21409,0.36374,0.50657,london,2020
GBPJPY,1,2020-01-16 04:00:00,2020-01-16 14:00:00,143.392,143.682,143.11842,143.93916,0.3964,29.0,104.61,104.29,10,time_exit,17.22206,0.18239,1.56576,1.18598,,2020
GBPJPY,1,2020-01-17 02:00:00,2020-01-17 11:00:00,144.077,143.81559,143.81559,144.59982,0.4192,-26.1,-99.72,-100.04,9,stop_loss,40.52256,0.17427,3.31243,2.53715,,2020
GBPJPY,-1,2020-01-17 23:00:00,2020-01-20 09:00:00,143.363,142.907,143.66207,142.76487,0.3628,45.6,150.55,150.23,10,time_exit,25.63965,0.19938,-1.34223,2.20427,,2020
GBPJPY,-1,2020-01-21 09:00:00,2020-01-21 10:00:00,142.939,143.16156,143.16156,142.49388,0.4949,-22.3,-100.23,-100.55,1,stop_loss,21.9045,0.14837,-2.32037,0.6253,london,2020
GBPJPY,-1,2020-01-21 19:00:00,2020-01-22 05:00:00,143.448,143.452,143.77448,142.79505,0.334,-0.4,-1.22,-1.53,10,time_exit,24.00607,0.21765,0.44525,0.62287,new_york,2020
GBPJPY,-1,2020-01-22 13:00:00,2020-01-22 14:00:00,143.638,143.91514,143.91514,143.08372,0.3934,-27.7,-99.21,-99.53,1,stop_loss,20.47547,0.18476,1.15562,0.90336,london,2020
GBPJPY,1,2020-01-22 19:00:00,2020-01-23 03:00:00,144.388,144.04895,144.04895,145.0661,0.3183,-33.9,-98.21,-98.53,8,stop_loss,32.49301,0.22603,3.42861,1.29993,new_york,2020
GBPJPY,-1,2020-01-23 11:00:00,2020-01-23 21:00:00,143.787,143.664,144.07699,143.20703,0.3684,12.3,41.24,40.92,10,time_exit,23.37904,0.19332,-0.22155,2.0459,london,2020
GBPJPY,-1,2020-01-27 20:00:00,2020-01-28 06:00:00,142.344,142.283,142.7099,141.61219,0.2932,6.1,16.28,15.96,10,time_exit,42.48368,0.24394,-2.25699,-1.49724,new_york,2020
GBPJPY,1,2020-01-30 01:00:00,2020-01-30 09:00:00,141.869,141.61703,141.61703,142.37294,0.4265,-25.2,-97.79,-98.11,8,stop_loss,17.00628,0.16798,-1.38631,-3.82636,,2020
GBPJPY,-1,2020-01-30 11:00:00,2020-01-30 12:00:00,141.46,141.72679,141.72679,140.92642,0.3988,-26.7,-96.82,-97.14,1,stop_loss,23.13144,0.17786,-2.91635,-3.79254,london,2020
GBPJPY,1,2020-01-30 14:00:00,2020-01-31 00:00:00,142.223,142.576,141.88075,142.9075,0.3077,35.3,98.84,98.52,10,time_exit,22.32673,0.22817,1.11441,-2.89741,london,2020
GBPJPY,-1,2020-01-31 17:00:00,2020-02-03 03:00:00,142.993,143.045,143.33727,142.30445,0.3091,-5.2,-14.63,-14.95,10,time_exit,26.70107,0.22952,2.09788,-0.62929,new_york,2020
GBPJPY,1,2020-02-04 04:00:00,2020-02-04 11:00:00,141.207,141.88085,140.87008,141.88085,0.3153,67.4,193.34,193.02,7,take_profit,48.24757,0.22462,-3.70408,-2.01427,,2020
GBPJPY,-1,2020-02-04 14:00:00,2020-02-04 15:00:00,141.887,142.32627,142.32627,141.00846,0.2467,-43.9,-98.62,-98.93,1,stop_loss,33.12206,0.29285,0.02456,-1.77883,london,2020
GBPJPY,1,2020-02-06 10:00:00,2020-02-06 12:00:00,142.68,142.4092,142.4092,143.2216,0.3961,-27.1,-97.61,-97.93,2,stop_loss,13.09421,0.18053,0.72539,0.29833,london,2020
GBPJPY,1,2020-02-06 13:00:00,2020-02-06 23:00:00,142.328,142.195,142.02943,142.92514,0.3557,-13.3,-43.05,-43.37,10,time_exit,15.4284,0.19905,-1.10349,0.25675,london,2020
GBPJPY,-1,2020-02-07 16:00:00,2020-02-07 21:00:00,141.981,141.41978,142.26161,141.41978,0.3768,56.1,192.44,192.12,5,take_profit,35.61666,0.18707,-1.70126,-0.6737,new_york,2020
GBPJPY,-1,2020-02-10 02:00:00,2020-02-10 03:00:00,141.298,141.57302,141.57302,140.74797,0.3921,-27.5,-98.13,-98.45,1,stop_loss,41.72511,0.18334,-4.13424,-1.57123,,2020
GBPJPY,1,2020-02-10 14:00:00,2020-02-11 00:00:00,141.879,141.725,141.56874,142.49951,0.3441,-15.4,-48.22,-48.54,10,time_exit,28.82182,0.20684,-0.08537,-1.77206,london,2020
GBPJPY,1,2020-02-11 15:00:00,2020-02-12 01:00:00,142.065,142.313,141.8077,142.5796,0.4128,24.8,93.16,92.84,10,time_exit,15.92854,0.17153,1.00891,-1.66428,london,2020
GBPJPY,-1,2020-02-12 17:00:00,2020-02-13 03:00:00,142.642,142.473,142.91573,142.09455,0.3918,16.9,60.25,59.94,10,time_exit,33.07591,0.18248,2.07561,0.16079,new_york,2020
GBPJPY,1,2020-02-13 03:00:00,2020-02-13 13:00:00,142.334,142.443,142.0781,142.84581,0.4216,10.9,41.82,41.5,10,time_exit,29.83865,0.1706,-0.22357,0.60813,,2020
GBPJPY,-1,2020-02-13 15:00:00,2020-02-13 17:00:00,142.985,143.31912,143.31912,142.31675,0.3243,-33.4,-98.6,-98.92,2,stop_loss,22.94531,0.22275,2.65878,0.48032,london,2020
GBPJPY,1,2020-02-14 05:00:00,2020-02-14 11:00:00,143.357,143.07738,143.07738,143.91624,0.3836,-28.0,-97.61,-97.93,6,stop_loss,35.83044,0.18641,3.18282,1.88974,,2020
GBPJPY,1,2020-02-14 18:00:00,2020-02-17 04:00:00,142.86,143.301,142.56419,143.45162,0.359,44.1,144.07,143.75,10,time_exit,28.18831,0.19721,-0.19774,2.03587,new_york,2020
GBPJPY,-1,2020-02-17 06:00:00,2020-02-17 16:00:00,143.26,142.974,143.49733,142.78535,0.4541,28.6,118.18,117.87,10,time_exit,16.89885,0.15822,1.55636,2.76575,,2020
GBPJPY,1,2020-02-19 02:00:00,2020-02-19 11:00:00,142.889,143.35089,142.65806,143.35089,0.4723,46.2,198.52,198.2,9,take_profit,18.30043,0.15396,-0.05691,1.33947,,2020
GBPJPY,-1,2020-02-19 18:00:00,2020-02-19 21:00:00,143.681,144.01457,144.01457,143.01386,0.3335,-33.4,-101.23,-101.55,3,stop_loss,34.17425,0.22238,2.69531,1.38723,new_york,2020
GBPJPY,1,2020-02-24 11:00:00,2020-02-24 12:00:00,143.98,143.61129,143.61129,144.71742,0.2987,-36.9,-100.22,-100.54,1,stop_loss,25.9545,0.24581,-1.26896,3.19005,london,2020
GBPJPY,1,2020-02-25 07:00:00,2020-02-25 17:00:00,143.367,143.356,142.98905,144.12289,0.2885,-1.1,-2.89,-3.21,10,time_exit,30.43904,0.25196,-1.44414,1.06227,london,2020
GBPJPY,-1,2020-02-26 00:00:00,2020-02-26 05:00:00,143.306,143.67333,143.67333,142.57133,0.2967,-36.7,-99.18,-99.5,5,stop_loss,21.75273,0.24489,-0.87677,0.30896,,2020
GBPJPY,-1,2020-02-26 11:00:00,2020-02-26 20:00:00,143.027,142.27482,143.40309,142.27482,0.2869,75.2,196.38,196.06,9,take_profit,14.99182,0.25073,-1.73885,0.12603,london,2020
GBPJPY,1,2020-02-28 02:00:00,2020-02-28 04:00:00,141.273,140.80692,140.80692,142.20516,0.2361,-46.6,-100.14,-100.46,2,stop_loss,39.3943,0.31072,-3.28882,-2.31854,,2020
GBPJPY,-1,2020-02-28 13:00:00,2020-02-28 17:00:00,139.962,138.93978,140.47311,138.93978,0.2132,102.2,198.32,198.0,4,take_profit,52.88493,0.34074,-4.86228,-3.31027,london,2020
GBPJPY,1,2020-03-02 07:00:00,2020-03-02 11:00:00,138.667,137.85661,137.85661,140.28778,0.1371,-81.0,-101.11,-101.42,4,stop_loss,55.09344,0.54026,-2.44059,-3.80481,london,2020
GBPJPY,1,2020-03-09 13:00:00,2020-03-09 16:00:00,134.644,133.58809,133.58809,136.75582,0.1042,-105.6,-100.12,-100.44,3,stop_loss,40.90837,0.70394,-2.46119,-3.09142,london,2020
GBPJPY,-1,2020-03-10 17:00:00,2020-03-11 03:00:00,136.1,135.364,137.19645,133.90711,0.0993,73.6,66.51,66.19,10,time_exit,27.24467,0.73096,0.57605,-2.7882,new_york,2020
GBPJPY,-1,2020-03-11 06:00:00,2020-03-11 12:00:00,135.381,136.44002,136.44002,133.26295,0.1035,-105.9,-99.74,-100.06,6,stop_loss,15.4105,0.70602,-0.25837,-2.64141,,2020
GBPJPY,1,2020-03-12 00:00:00,2020-03-12 04:00:00,133.965,133.01681,133.01681,135.86138,0.1145,-94.8,-98.8,-99.12,4,stop_loss,18.34257,0.63213,-2.12071,-2.78792,,2020
GBPJPY,1,2020-03-12 04:00:00,2020-03-12 05:00:00,134.101,133.24641,133.24641,135.81017,0.1257,-85.5,-97.75,-98.07,1,stop_loss,21.7439,0.56972,-1.74559,-3.20799,,2020
GBPJPY,1,2020-03-13 19:00:00,2020-03-16 00:00:00,132.91,131.79776,131.79776,135.13447,0.0956,-111.2,-96.76,-97.08,5,stop_loss,24.43217,0.74149,-0.4365,-3.10019,new_york,2020
GBPJPY,1,2020-03-16 11:00:00,2020-03-16 13:00:00,131.104,129.80425,129.80425,133.7035,0.081,-130.0,-95.8,-96.12,2,stop_loss,23.19345,0.8665,-1.85248,-2.69688,london,2020
GBPJPY,1,2020-03-17 16:00:00,2020-03-18 02:00:00,129.451,130.141,128.46312,131.42677,0.1055,69.0,66.24,65.92,10,time_exit,17.83984,0.65859,-2.17459,-4.42208,new_york,2020
GBPJPY,-1,2020-03-18 18:00:00,2020-03-18 19:00:00,127.384,125.54822,128.30189,125.54822,0.1144,183.6,191.11,190.79,1,take_profit,30.03246,0.61193,-3.83746,-4.9326,new_york,2020
GBPJPY,-1,2020-03-18 19:00:00,2020-03-18 20:00:00,127.557,125.70599,128.48251,125.70599,0.1157,185.1,194.89,194.57,1,take_profit,32.14664,0.617,-3.39036,-4.94661,new_york,2020
GBPJPY,-1,2020-03-24 12:00:00,2020-03-24 13:00:00,129.139,130.0976,130.0976,127.2218,0.1139,-95.9,-99.36,-99.68,1,stop_loss,11.193,0.63907,1.13005,-2.43399,london,2020
GBPJPY,-1,2020-03-24 23:00:00,2020-03-25 08:00:00,130.958,131.9248,131.9248,129.02439,0.1118,-96.7,-98.36,-98.68,9,stop_loss,31.51225,0.64454,2.73698,-1.30159,,2020
GBPJPY,1,2020-03-25 14:00:00,2020-03-25 16:00:00,132.247,131.29231,131.29231,134.15639,0.1121,-95.5,-97.39,-97.71,2,stop_loss,40.58201,0.63646,3.0826,0.06183,london,2020
GBPJPY,-1,2020-03-27 23:00:00,2020-03-30 09:00:00,134.509,133.667,135.4988,132.5294,0.107,84.2,81.99,81.67,10,time_exit,15.21056,0.65987,2.87931,2.09821,,2020
GBPJPY,1,2020-03-31 05:00:00,2020-03-31 15:00:00,133.782,134.31,132.97528,135.39543,0.1324,52.8,63.62,63.3,10,time_exit,13.50958,0.53781,0.75033,2.82742,,2020
GBPJPY,-1,2020-04-01 01:00:00,2020-04-01 11:00:00,133.599,132.951,134.29516,132.20668,0.1545,64.8,91.11,90.79,10,time_exit,16.36769,0.46411,-0.02492,3.00976,,2020
GBPJPY,-1,2020-04-01 23:00:00,2020-04-02 09:00:00,132.79,133.095,133.38313,131.60374,0.183,-30.5,-50.79,-51.11,10,time_exit,24.41349,0.39542,-1.22269,2.25822,,2020
GBPJPY,-1,2020-04-02 12:00:00,2020-04-02 13:00:00,133.319,133.79422,133.79422,132.36855,0.2272,-47.5,-98.25,-98.57,1,stop_loss,16.28205,0.31682,0.45074,2.26974,london,2020
GBPJPY,1,2020-04-03 13:00:00,2020-04-03 17:00:00,133.33,132.80801,132.80801,134.37398,0.2048,-52.2,-97.28,-97.6,4,stop_loss,14.15314,0.34799,-0.27864,2.07919,london,2020
GBPJPY,1,2020-04-07 07:00:00,2020-04-07 14:00:00,133.393,134.59937,132.78982,134.59937,0.1754,120.6,192.55,192.23,7,take_profit,26.367,0.40212,-0.41818,1.44634,london,2020
GBPJPY,-1,2020-04-08 20:00:00,2020-04-09 03:00:00,134.765,135.28305,135.28305,133.72891,0.2083,-51.8,-98.2,-98.52,7,stop_loss,16.70881,0.34536,1.79773,2.20587,new_york,2020
GBPJPY,-1,2020-04-09 16:00:00,2020-04-10 02:00:00,135.364,135.161,135.83538,134.42124,0.2267,20.3,41.88,41.56,10,time_exit,25.20242,0.31425,2.32623,3.04751,new_york,2020
GBPJPY,1,2020-04-10 16:00:00,2020-04-10 23:00:00,135.365,135.05044,135.05044,135.99413,0.3411,-31.5,-97.64,-97.96,7,stop_loss,12.94094,0.20971,1.85463,4.6706,new_york,2020
GBPJPY,-1,2020-04-13 13:00:00,2020-04-13 23:00:00,135.017,134.737,135.34792,134.35516,0.321,28.0,81.79,81.47,10,time_exit,23.12989,0.22061,0.20172,3.56253,london,2020
GBPJPY,-1,2020-04-14 03:00:00,2020-04-14 04:00:00,134.754,135.03453,135.03453,134.19294,0.3819,-28.1,-97.49,-97.81,1,stop_loss,25.85592,0.18702,-0.62242,3.28085,,2020
GBPJPY,1,2020-04-14 10:00:00,2020-04-14 12:00:00,135.265,134.9608,134.9608,135.87339,0.3486,-30.4,-96.5,-96.82,2,stop_loss,21.6972,0.2028,1.56547,3.095,london,2020
GBPJPY,-1,2020-04-14 23:00:00,2020-04-15 09:00:00,135.263,134.596,135.65254,134.48391,0.2695,66.7,163.58,163.26,10,time_exit,14.37095,0.2597,0.98401,2.28554,,2020
GBPJPY,1,2020-04-15 22:00:00,2020-04-16 08:00:00,134.85,134.646,134.378,135.79399,0.2262,-20.4,-41.99,-42.31,10,time_exit,26.67499,0.31466,0.16203,1.0348,,2020
GBPJPY,1,2020-04-17 06:00:00,2020-04-17 09:00:00,134.723,134.32058,134.32058,135.52783,0.2642,-40.2,-96.75,-97.07,3,stop_loss,21.6711,0.26828,0.56755,0.34497,,2020
GBPJPY,-1,2020-04-21 01:00:00,2020-04-21 08:00:00,133.883,133.20573,134.22164,133.20573,0.3108,67.7,191.55,191.23,7,take_profit,13.56512,0.22576,-1.86967,-0.48822,,2020
GBPJPY,1,2020-04-21 08:00:00,2020-04-21 11:00:00,133.354,132.98995,132.98995,134.0821,0.2949,-36.4,-97.7,-98.01,3,stop_loss,21.76611,0.2427,-3.26992,-0.88807,london,2020
GBPJPY,1,2020-04-21 11:00:00,2020-04-21 12:00:00,133.147,132.78093,132.78093,133.87914,0.2903,-36.6,-96.71,-97.02,1,stop_loss,27.38003,0.24405,-3.70398,-1.15289,london,2020
GBPJPY,-1,2020-04-22 06:00:00,2020-04-22 12:00:00,132.454,132.85506,132.85506,131.65188,0.2623,-40.1,-95.73,-96.05,6,stop_loss,24.69495,0.26737,-2.74528,-3.04452,,2020
GBPJPY,1,2020-04-22 21:00:00,2020-04-23 07:00:00,132.631,132.977,132.18619,133.52062,0.2341,34.6,73.71,73.39,10,time_exit,19.3642,0.29654,-1.27443,-2.76814,new_york,2020
GBPJPY,1,2020-04-27 08:00:00,2020-04-27 18:00:00,133.336,133.175,132.94906,134.10987,0.2713,-16.1,-39.75,-40.07,10,time_exit,17.39555,0.25796,1.6422,-1.92723,london,2020
GBPJPY,-1,2020-04-29 10:00:00,2020-04-29 12:00:00,132.802,132.31072,133.04764,132.31072,0.4255,49.1,190.23,189.91,2,take_profit,16.45894,0.16376,-1.23038,-1.7051,london,2020
GBPJPY,1,2020-04-29 21:00:00,2020-04-30 07:00:00,132.756,132.827,132.43203,133.40395,0.329,7.1,21.26,20.94,10,time_exit,19.57771,0.21598,-0.26272,-1.76743,new_york,2020
GBPJPY,1,2020-04-30 16:00:00,2020-04-30 17:00:00,133.399,134.05566,133.07067,134.05566,0.3254,65.7,194.45,194.13,1,take_profit,14.6086,0.21889,2.18558,-1.09179,new_york,2020
GBPJPY,-1,2020-04-30 23:00:00,2020-05-01 09:00:00,135.166,134.469,135.71902,134.05995,0.197,69.7,124.95,124.63,10,time_exit,29.9877,0.36868,4.94438,0.23101,,2020
GBPJPY,-1,2020-05-01 23:00:00,2020-05-04 08:00:00,133.663,132.74413,134.12243,132.74413,0.2402,91.9,200.85,200.53,9,take_profit,20.06124,0.30629,-0.45573,1.12978,,2020
GBPJPY,-1,2020-05-04 11:00:00,2020-05-04 21:00:00,132.943,132.773,133.39325,132.04249,0.2499,17.0,38.66,38.34,10,time_exit,23.56109,0.30017,-1.8577,0.31513,london,2020
GBPJPY,-1,2020-05-05 17:00:00,2020-05-06 03:00:00,132.914,132.29868,133.22166,132.29868,0.3672,61.5,205.61,205.29,10,take_profit,15.42626,0.20511,-0.55187,-1.04976,new_york,2020
GBPJPY,1,2020-05-07 01:00:00,2020-05-07 09:00:00,130.915,131.55564,130.59468,131.55564,0.3597,64.1,209.7,209.38,8,take_profit,57.75631,0.21355,-5.24639,-3.87296,,2020
GBPJPY,-1,2020-05-07 09:00:00,2020-05-07 10:00:00,131.051,131.35605,131.35605,130.4409,0.3852,-30.5,-106.93,-107.25,1,stop_loss,61.59679,0.20337,-3.20503,-4.86159,london,2020
GBPJPY,1,2020-05-08 06:00:00,2020-05-08 16:00:00,131.859,131.945,131.48195,132.61311,0.3085,8.6,24.14,23.82,10,time_exit,29.30143,0.25137,1.05383,-3.5145,,2020
GBPJPY,1,2020-05-13 07:00:00,2020-05-13 17:00:00,131.531,131.15459,131.15459,132.28383,0.3098,-37.6,-106.12,-106.44,10,stop_loss,33.08917,0.25094,-2.27207,-1.07523,london,2020
GBPJPY,1,2020-05-18 21:00:00,2020-05-19 07:00:00,130.894,131.128,130.46077,131.76045,0.2664,23.4,56.73,56.41,10,time_exit,32.39326,0.28882,1.70272,-3.11059,new_york,2020
GBPJPY,1,2020-05-19 18:00:00,2020-05-19 23:00:00,132.249,131.81178,131.81178,133.12345,0.2654,-43.7,-105.6,-105.91,5,stop_loss,42.13326,0.29148,4.25666,-1.0623,new_york,2020
GBPJPY,-1,2020-05-20 18:00:00,2020-05-21 04:00:00,131.811,131.336,132.22556,130.98187,0.2771,47.5,119.78,119.46,10,time_exit,23.8476,0.27638,0.66372,0.57518,new_york,2020
GBPJPY,-1,2020-05-28 18:00:00,2020-05-29 04:00:00,132.589,132.405,132.98455,131.7979,0.2938,18.4,49.19,48.88,10,time_exit,14.42528,0.2637,1.59917,1.40025,new_york,2020
GBPJPY,-1,2020-06-01 00:00:00,2020-06-01 03:00:00,132.71,133.17851,133.17851,131.77297,0.2492,-46.9,-106.25,-106.56,3,stop_loss,23.92583,0.31234,1.8598,1.48554,,2020
GBPJPY,-1,2020-06-01 14:00:00,2020-06-01 17:00:00,133.413,133.87507,133.87507,132.48886,0.2501,-46.2,-105.16,-105.48,3,stop_loss,25.68321,0.30805,1.92371,2.12517,london,2020
GBPJPY,-1,2020-06-02 16:00:00,2020-06-02 17:00:00,135.912,136.41902,136.41902,134.89796,0.2256,-50.7,-104.09,-104.41,1,stop_loss,43.43638,0.33801,5.5283,3.89763,new_york,2020
GBPJPY,-1,2020-06-04 10:00:00,2020-06-04 17:00:00,136.648,137.03753,137.03753,135.86893,0.2908,-39.0,-103.08,-103.4,7,stop_loss,23.5349,0.25969,1.58777,8.28694,london,2020
GBPJPY,1,2020-06-05 20:00:00,2020-06-08 06:00:00,139.173,139.133,138.55876,140.40148,0.1825,-4.0,-6.64,-6.96,10,time_exit,41.0556,0.40949,4.01229,5.8356,new_york,2020
GBPJPY,1,2020-06-09 01:00:00,2020-06-09 04:00:00,137.921,137.43179,137.43179,138.89941,0.229,-48.9,-101.95,-102.26,3,stop_loss,34.04108,0.32614,-0.68604,6.58284,,2020
GBPJPY,1,2020-06-15 01:00:00,2020-06-15 08:00:00,134.368,133.78739,133.78739,135.52921,0.191,-58.1,-100.92,-101.23,7,stop_loss,29.33788,0.38707,-2.18853,-1.70875,,2020
GBPJPY,1,2020-06-15 13:00:00,2020-06-15 23:00:00,134.568,135.303,134.01345,135.6771,0.198,73.5,132.43,132.11,10,time_exit,22.69454,0.3697,-0.67837,-2.33006,london,2020
GBPJPY,-1,2020-06-16 22:00:00,2020-06-17 08:00:00,134.929,134.624,135.55212,133.68276,0.1786,30.5,49.57,49.25,10,time_exit,22.18259,0.41541,-0.81042,-0.80203,,2020
GBPJPY,1,2020-06-17 11:00:00,2020-06-17 17:00:00,134.811,134.31327,134.31327,135.80646,0.2246,-49.8,-101.73,-102.05,6,stop_loss,18.4313,0.33182,-0.77051,-1.30237,london,2020
GBPJPY,-1,2020-06-18 12:00:00,2020-06-18 15:00:00,133.962,132.99749,134.44426,132.99749,0.2295,96.5,201.43,201.12,3,take_profit,30.52298,0.3215,-1.87338,-2.10107,london,2020
GBPJPY,1,2020-06-18 20:00:00,2020-06-19 06:00:00,132.657,132.924,132.11123,133.74853,0.2069,26.7,50.27,49.95,10,time_exit,32.95175,0.36384,-4.08251,-2.55392,new_york,2020
GBPJPY,1,2020-06-19 17:00:00,2020-06-22 03:00:00,132.23,131.895,131.76459,133.16082,0.2437,-33.5,-74.29,-74.61,10,time_exit,30.95661,0.31027,-3.57318,-4.16753,new_york,2020
GBPJPY,-1,2020-06-22 09:00:00,2020-06-22 10:00:00,132.291,132.65542,132.65542,131.56216,0.309,-36.4,-102.47,-102.79,1,stop_loss,26.65191,0.24295,-1.90561,-6.18413,london,2020
GBPJPY,-1,2020-06-22 19:00:00,2020-06-23 01:00:00,132.982,133.43111,133.43111,132.08377,0.2482,-44.9,-101.44,-101.76,6,stop_loss,18.23681,0.29941,0.77989,-4.55504,new_york,2020
GBPJPY,-1,2020-06-24 03:00:00,2020-06-24 13:00:00,133.293,133.398,133.71445,132.4501,0.2619,-10.5,-25.02,-25.34,10,time_exit,14.14262,0.28097,0.35883,-2.56445,,2020
GBPJPY,1,2020-06-25 14:00:00,2020-06-25 16:00:00,133.478,133.09169,133.09169,134.25063,0.285,-38.6,-100.19,-100.51,2,stop_loss,15.07334,0.25754,1.2805,-2.08072,london,2020
GBPJPY,1,2020-06-26 07:00:00,2020-06-26 10:00:00,133.161,132.87466,132.87466,133.73368,0.3806,-28.6,-99.17,-99.49,3,stop_loss,8.79861,0.19089,0.16763,-2.43488,london,2020
GBPJPY,-1,2020-06-29 05:00:00,2020-06-29 15:00:00,132.55,132.248,132.86771,131.91459,0.3396,30.2,93.33,93.01,10,time_exit,33.36489,0.2118,-0.84712,-3.06018,,2020
GBPJPY,1,2020-06-30 04:00:00,2020-06-30 09:00:00,132.465,132.1679,132.1679,133.0592,0.3666,-29.7,-99.11,-99.43,5,stop_loss,14.76826,0.19807,-0.11722,-3.38846,,2020
GBPJPY,-1,2020-06-30 09:00:00,2020-06-30 17:00:00,132.359,132.63433,132.63433,131.80834,0.3916,-27.5,-98.12,-98.43,8,stop_loss,13.6116,0.18355,-0.72424,-3.46801,london,2020
GBPJPY,-1,2020-07-01 17:00:00,2020-07-01 18:00:00,133.651,134.06458,134.06458,132.82384,0.2581,-41.4,-97.14,-97.46,1,stop_loss,22.32422,0.27572,2.18715,-0.35407,new_york,2020
GBPJPY,-1,2020-07-03 09:00:00,2020-07-03 19:00:00,134.019,134.051,134.25707,133.54286,0.4439,-3.2,-12.93,-13.24,10,time_exit,12.60426,0.15871,0.74232,2.71548,london,2020
GBPJPY,1,2020-07-06 03:00:00,2020-07-06 09:00:00,134.203,134.66849,133.97025,134.66849,0.4534,46.5,192.06,191.74,6,take_profit,10.5585,0.15516,1.4571,2.66533,,2020
GBPJPY,1,2020-07-07 02:00:00,2020-07-07 12:00:00,134.126,134.426,133.87219,134.63363,0.4241,30.0,115.78,115.46,10,time_exit,18.05643,0.16921,-0.31457,2.69697,,2020
GBPJPY,-1,2020-07-07 19:00:00,2020-07-08 05:00:00,135.176,135.18,135.49374,134.54051,0.3427,-0.4,-1.25,-1.57,10,time_exit,24.87562,0.21183,3.731,2.52136,new_york,2020
GBPJPY,-1,2020-07-08 05:00:00,2020-07-08 15:00:00,135.061,134.919,135.36609,134.45082,0.3569,14.2,46.12,45.8,10,time_exit,28.97807,0.20339,2.34351,3.07099,,2020
GBPJPY,-1,2020-07-10 00:00:00,2020-07-10 08:00:00,135.14,134.55778,135.43111,134.55778,0.3758,58.2,199.11,198.79,8,take_profit,21.75652,0.19407,-0.37327,4.02499,,2020
GBPJPY,-1,2020-07-10 14:00:00,2020-07-10 16:00:00,134.692,134.97982,134.97982,134.11636,0.3877,-28.8,-101.54,-101.86,2,stop_loss,35.42369,0.19188,-1.59518,2.75814,london,2020
GBPJPY,1,2020-07-14 07:00:00,2020-07-14 10:00:00,134.52,134.25265,134.25265,135.05469,0.4132,-26.7,-100.53,-100.84,3,stop_loss,21.04505,0.17823,-2.26506,1.63877,london,2020
GBPJPY,-1,2020-07-14 21:00:00,2020-07-15 04:00:00,134.614,134.94709,134.94709,133.94783,0.3283,-33.3,-99.51,-99.83,7,stop_loss,25.27103,0.22206,-0.4917,0.51174,new_york,2020
GBPJPY,-1,2020-07-16 06:00:00,2020-07-16 15:00:00,134.278,134.56181,134.56181,133.71038,0.3814,-28.4,-98.5,-98.82,9,stop_loss,24.27631,0.18921,-2.1812,0.28211,,2020
GBPJPY,-1,2020-07-17 03:00:00,2020-07-17 13:00:00,134.737,134.481,135.01794,134.17511,0.3814,25.6,88.85,88.53,10,time_exit,21.26567,0.1873,0.47853,0.09741,,2020
GBPJPY,1,2020-07-20 01:00:00,2020-07-20 11:00:00,134.454,134.939,134.19506,134.97188,0.4176,48.5,184.31,183.99,10,time_exit,21.57235,0.17263,-0.5491,-0.31592,,2020
GBPJPY,1,2020-07-21 22:00:00,2020-07-22 00:00:00,136.229,135.88612,135.88612,136.91476,0.3213,-34.3,-100.25,-100.57,2,stop_loss,42.96052,0.22859,2.78758,2.74887,,2020
GBPJPY,-1,2020-07-22 00:00:00,2020-07-22 10:00:00,135.966,135.516,136.30932,135.27937,0.3176,45.0,130.06,129.74,10,time_exit,37.56465,0.22888,1.5526,2.78781,,2020
GBPJPY,1,2020-07-23 02:00:00,2020-07-23 10:00:00,136.464,136.14448,136.14448,137.10304,0.3458,-32.0,-100.55,-100.86,8,stop_loss,23.11819,0.21301,2.3174,3.423,,2020
GBPJPY,-1,2020-07-23 13:00:00,2020-07-23 23:00:00,136.399,136.132,136.7048,135.78739,0.3577,26.7,86.91,86.59,10,time_exit,18.6602,0.20387,1.31647,3.75619,london,2020
GBPJPY,-1,2020-07-27 16:00:00,2020-07-28 00:00:00,135.502,135.87337,135.87337,134.75926,0.2971,-37.1,-100.4,-100.72,8,stop_loss,19.30018,0.24758,-0.54935,0.65596,new_york,2020
GBPJPY,-1,2020-07-28 14:00:00,2020-07-28 16:00:00,135.526,135.82439,135.82439,134.92921,0.366,-29.8,-99.38,-99.7,2,stop_loss,15.94834,0.19893,-0.69429,0.7461,london,2020
GBPJPY,1,2020-07-28 19:00:00,2020-07-29 05:00:00,136.011,135.758,135.67984,136.67332,0.3265,-25.3,-75.17,-75.49,10,time_exit,15.9202,0.22077,1.52384,0.67935,new_york,2020
GBPJPY,-1,2020-07-29 22:00:00,2020-07-30 08:00:00,136.173,136.46359,136.46359,135.59181,0.3692,-29.1,-97.63,-97.95,10,stop_loss,24.85821,0.19373,1.246,1.47604,,2020
GBPJPY,1,2020-07-30 08:00:00,2020-07-30 10:00:00,136.383,136.1393,136.1393,136.8704,0.4358,-24.4,-96.65,-96.96,2,stop_loss,23.62777,0.16247,1.9151,2.24232,london,2020
GBPJPY,1,2020-07-30 19:00:00,2020-07-31 05:00:00,136.931,136.906,136.59892,137.59517,0.3166,-2.5,-7.2,-7.52,10,time_exit,26.98685,0.22139,2.7823,2.23924,new_york,2020
GBPJPY,1,2020-07-31 13:00:00,2020-07-31 15:00:00,137.473,138.1095,137.15475,138.1095,0.3301,63.7,191.2,190.88,2,take_profit,26.82195,0.21217,3.47645,3.3045,london,2020
GBPJPY,1,2020-07-31 23:00:00,2020-08-03 09:00:00,138.583,138.427,138.12488,139.49924,0.2339,-15.6,-33.2,-33.52,10,time_exit,45.42351,0.30541,4.13506,3.45747,,2020
GBPJPY,-1,2020-08-03 12:00:00,2020-08-03 22:00:00,138.344,138.565,138.72549,137.58102,0.2799,-22.1,-56.29,-56.61,10,time_exit,41.94159,0.25433,2.09186,4.99068,london,2020
GBPJPY,1,2020-08-05 03:00:00,2020-08-05 12:00:00,138.211,138.80167,137.91567,138.80167,0.3595,59.1,193.23,192.91,9,take_profit,18.42696,0.19689,-0.08591,5.53541,,2020
GBPJPY,-1,2020-08-06 00:00:00,2020-08-06 09:00:00,138.48,138.77356,138.77356,137.89289,0.3689,-29.4,-98.55,-98.87,9,stop_loss,10.59246,0.1957,0.47434,5.07196,,2020
GBPJPY,-1,2020-08-06 12:00:00,2020-08-06 22:00:00,139.075,138.695,139.4135,138.39799,0.3167,38.0,109.51,109.2,10,time_exit,12.28393,0.22567,2.56685,4.2529,london,2020
GBPJPY,1,2020-08-07 07:00:00,2020-08-07 16:00:00,138.361,138.08472,138.08472,138.91357,0.3924,-27.6,-98.66,-98.97,9,stop_loss,14.33934,0.18419,-1.33511,4.69669,london,2020
GBPJPY,-1,2020-08-07 18:00:00,2020-08-10 04:00:00,138.187,138.237,138.5287,137.5036,0.3141,-5.0,-14.29,-14.61,10,time_exit,23.11798,0.2278,-1.34349,3.03975,new_york,2020
GBPJPY,-1,2020-08-10 10:00:00,2020-08-10 11:00:00,138.231,138.47392,138.47392,137.74516,0.4411,-24.3,-97.51,-97.83,1,stop_loss,16.91648,0.16195,-0.87428,3.12846,london,2020
GBPJPY,1,2020-08-10 12:00:00,2020-08-10 13:00:00,138.555,138.28538,138.28538,139.09424,0.3935,-27.0,-96.55,-96.87,1,stop_loss,16.46873,0.17975,0.98564,2.79297,london,2020
GBPJPY,-1,2020-08-10 23:00:00,2020-08-11 05:00:00,138.528,138.78638,138.78638,138.01125,0.4065,-25.8,-95.58,-95.9,6,stop_loss,15.12295,0.17225,0.7373,2.72054,,2020
GBPJPY,1,2020-08-12 09:00:00,2020-08-12 19:00:00,139.099,139.343,138.83601,139.62498,0.3953,24.4,87.77,87.45,10,time_exit,18.55615,0.17533,1.39322,3.55595,london,2020
GBPJPY,1,2020-08-17 01:00:00,2020-08-17 11:00:00,139.639,139.37525,139.37525,140.1665,0.3978,-26.4,-95.48,-95.8,10,stop_loss,12.25763,0.17583,0.51424,3.87544,,2020
GBPJPY,1,2020-08-17 19:00:00,2020-08-18 05:00:00,138.864,138.699,138.58583,139.42035,0.3734,-16.5,-56.07,-56.38,10,time_exit,19.49274,0.18545,-3.08192,2.62364,new_york,2020
GBPJPY,1,2020-08-18 06:00:00,2020-08-18 13:00:00,138.682,139.1554,138.4453,139.1554,0.4362,47.3,187.91,187.59,7,take_profit,33.00528,0.1578,-3.42787,1.88239,,2020
GBPJPY,-1,2020-08-18 15:00:00,2020-08-18 16:00:00,138.978,139.24572,139.24572,138.44257,0.3934,-26.8,-95.84,-96.16,1,stop_loss,26.43598,0.17848,-0.87535,1.0975,london,2020
GBPJPY,-1,2020-08-20 01:00:00,2020-08-20 11:00:00,139.012,138.858,139.33131,138.37337,0.3265,15.4,45.76,45.44,10,time_exit,27.45514,0.21288,-1.30168,1.044,,2020
GBPJPY,-1,2020-08-25 16:00:00,2020-08-26 02:00:00,139.777,139.909,140.09748,139.13603,0.3269,-13.2,-39.27,-39.59,10,time_exit,31.02135,0.21366,3.98824,-0.31635,new_york,2020
GBPJPY,-1,2020-08-26 05:00:00,2020-08-26 15:00:00,140.015,139.738,140.27635,139.4923,0.3992,27.7,100.63,100.31,10,time_exit,45.96931,0.17423,4.0926,1.17407,,2020
GBPJPY,1,2020-08-27 00:00:00,2020-08-27 10:00:00,140.0,140.123,139.71883,140.56233,0.375,12.3,41.97,41.66,10,time_exit,36.85083,0.18744,2.1822,2.01732,,2020
GBPJPY,1,2020-08-31 19:00:00,2020-09-01 05:00:00,141.572,141.633,141.12523,142.46555,0.237,6.1,13.16,12.84,10,time_exit,18.34358,0.29785,2.69941,2.79299,new_york,2020
GBPJPY,1,2020-09-01 08:00:00,2020-09-01 13:00:00,141.778,142.43602,141.44899,142.43602,0.3223,65.8,192.99,192.67,5,take_profit,32.65727,0.21934,3.07531,4.39954,london,2020
GBPJPY,1,2020-09-01 18:00:00,2020-09-01 19:00:00,142.55,142.17457,142.17457,143.30087,0.288,-37.5,-98.39,-98.71,1,stop_loss,44.14237,0.25029,4.2874,4.55377,new_york,2020
GBPJPY,1,2020-09-02 20:00:00,2020-09-03 06:00:00,141.506,141.616,141.12432,142.26937,0.2805,11.0,28.08,27.76,10,time_exit,30.6615,0.25446,-0.49853,3.82101,new_york,2020
GBPJPY,-1,2020-09-04 19:00:00,2020-09-04 21:00:00,140.704,141.14413,141.14413,139.82374,0.2439,-44.0,-97.69,-98.0,2,stop_loss,26.02462,0.29342,-1.37189,0.93879,new_york,2020
GBPJPY,-1,2020-09-07 09:00:00,2020-09-07 13:00:00,140.477,139.77983,140.82559,139.77983,0.3049,69.7,193.44,193.12,4,take_profit,24.65865,0.23239,-2.17299,0.64604,london,2020
GBPJPY,1,2020-09-07 13:00:00,2020-09-07 14:00:00,140.115,139.71962,139.71962,140.90577,0.2742,-39.5,-98.66,-98.98,1,stop_loss,31.23593,0.26359,-2.87282,0.23806,london,2020
GBPJPY,-1,2020-09-08 04:00:00,2020-09-08 12:00:00,139.785,139.19457,140.08021,139.19457,0.3635,59.0,195.3,194.99,8,take_profit,41.39831,0.19681,-3.27052,-1.2747,,2020
GBPJPY,-1,2020-09-09 13:00:00,2020-09-09 15:00:00,137.309,137.70718,137.70718,136.51265,0.2749,-39.8,-99.61,-99.93,2,stop_loss,72.71497,0.26545,-4.65414,-5.3024,london,2020
GBPJPY,-1,2020-09-10 17:00:00,2020-09-10 18:00:00,137.371,136.40529,137.85386,136.40529,0.2244,96.6,197.2,196.88,1,take_profit,24.68503,0.3219,-2.26067,-4.1876,new_york,2020
GBPJPY,-1,2020-09-10 21:00:00,2020-09-11 07:00:00,136.173,136.1,136.75833,135.00235,0.1888,7.3,12.54,12.22,10,time_exit,33.58481,0.39022,-4.26363,-3.80727,new_york,2020
GBPJPY,1,2020-09-11 23:00:00,2020-09-14 09:00:00,135.764,136.019,135.30156,136.68888,0.2393,25.5,55.53,55.21,10,time_exit,25.16235,0.30829,-2.72292,-6.31273,,2020
GBPJPY,-1,2020-09-16 08:00:00,2020-09-16 12:00:00,135.805,136.11073,136.11073,135.19353,0.3639,-30.6,-101.24,-101.56,4,stop_loss,20.45139,0.20382,-0.93456,-7.00497,london,2020
GBPJPY,-1,2020-09-16 17:00:00,2020-09-17 03:00:00,136.007,135.883,136.38673,135.24754,0.2901,12.4,32.73,32.42,10,time_exit,17.10523,0.25315,-0.00324,-5.11882,new_york,2020
GBPJPY,-1,2020-09-17 13:00:00,2020-09-17 14:00:00,135.927,135.22767,136.27666,135.22767,0.316,69.9,201.1,200.78,1,take_profit,23.49418,0.23311,-0.17011,-4.69049,london,2020
GBPJPY,1,2020-09-18 05:00:00,2020-09-18 12:00:00,135.77,135.35513,135.35513,136.59973,0.2717,-41.5,-102.57,-102.89,7,stop_loss,17.95645,0.27658,-0.16655,-3.72207,,2020
GBPJPY,-1,2020-09-18 19:00:00,2020-09-21 05:00:00,135.242,135.142,135.64434,134.43731,0.2773,10.0,25.23,24.92,10,time_exit,15.54107,0.26823,-1.63393,-3.70193,new_york,2020
GBPJPY,-1,2020-09-21 05:00:00,2020-09-21 10:00:00,135.123,134.46324,135.45288,134.46324,0.3391,66.0,203.59,203.27,5,take_profit,17.16869,0.21992,-1.74961,-4.63965,,2020
GBPJPY,-1,2020-09-22 21:00:00,2020-09-23 07:00:00,133.605,133.617,134.12487,132.56525,0.2195,-1.2,-2.4,-2.72,10,time_exit,23.28173,0.34658,-1.89477,-4.16855,new_york,2020
GBPJPY,1,2020-09-23 20:00:00,2020-09-23 22:00:00,134.483,134.01223,134.01223,135.42455,0.2423,-47.1,-103.8,-104.12,2,stop_loss,21.29,0.31385,1.52192,-4.17279,new_york,2020
GBPJPY,1,2020-09-25 03:00:00,2020-09-25 13:00:00,134.495,134.12893,134.12893,135.22715,0.3085,-36.6,-102.77,-103.09,10,stop_loss,10.74972,0.24405,1.30105,-3.45372,,2020
GBPJPY,1,2020-09-28 10:00:00,2020-09-28 12:00:00,134.685,135.38156,134.33672,135.38156,0.321,69.7,203.47,203.15,2,take_profit,9.72104,0.23219,1.27117,-2.07636,london,2020
GBPJPY,1,2020-09-29 03:00:00,2020-09-29 13:00:00,135.74,135.821,135.35493,136.51013,0.2961,8.1,21.83,21.51,10,time_exit,27.86467,0.25671,3.03736,-0.0572,,2020
GBPJPY,-1,2020-09-30 08:00:00,2020-09-30 13:00:00,135.47,135.79801,135.79801,134.81398,0.3483,-32.8,-103.96,-104.28,5,stop_loss,29.00944,0.21867,-0.29015,1.61151,london,2020
GBPJPY,1,2020-09-30 18:00:00,2020-10-01 05:00:00,136.431,136.433,135.9836,137.3258,0.2528,0.2,0.46,0.14,10,time_exit,23.17063,0.29827,2.82738,1.2077,new_york,2020
GBPJPY,1,2020-10-02 00:00:00,2020-10-02 08:00:00,135.924,135.42942,135.42942,136.91315,0.2287,-49.5,-102.93,-103.25,8,stop_loss,18.26218,0.32972,0.12738,1.54187,,2020
GBPJPY,1,2020-10-02 10:00:00,2020-10-02 11:00:00,135.31,136.19063,134.86968,136.19063,0.2543,88.1,203.79,203.47,1,take_profit,20.24314,0.29354,-2.00134,1.37479,london,2020
GBPJPY,1,2020-10-02 18:00:00,2020-10-05 04:00:00,136.245,136.601,135.68303,137.36893,0.2032,35.6,65.83,65.51,10,time_exit,13.98328,0.37464,0.83338,1.06149,new_york,2020
GBPJPY,1,2020-10-05 21:00:00,2020-10-06 07:00:00,137.148,137.19,136.77455,137.8949,0.3078,4.2,11.76,11.45,10,time_exit,12.56532,0.24897,2.81466,2.61083,new_york,2020
GBPJPY,-1,2020-10-09 02:00:00,2020-10-09 12:00:00,137.146,137.018,137.43777,136.56245,0.3943,12.8,45.93,45.61,10,time_exit,10.9162,0.19452,1.22779,2.77273,,2020
GBPJPY,1,2020-10-09 21:00:00,2020-10-12 07:00:00,137.673,137.564,137.34118,138.33663,0.3483,-10.9,-34.55,-34.87,10,time_exit,13.14643,0.22121,2.64414,2.58758,new_york,2020
GBPJPY,1,2020-10-12 23:00:00,2020-10-13 04:00:00,137.618,137.37207,137.37207,138.10985,0.4683,-24.6,-104.8,-105.12,5,stop_loss,16.04442,0.16395,1.41713,3.85048,,2020
GBPJPY,1,2020-10-13 17:00:00,2020-10-13 19:00:00,137.023,136.71612,136.71612,137.63676,0.3715,-30.7,-103.74,-104.06,2,stop_loss,17.52713,0.20459,-2.01319,2.73931,new_york,2020
GBPJPY,-1,2020-10-14 09:00:00,2020-10-14 12:00:00,136.187,136.45504,136.45504,135.65093,0.4211,-26.8,-102.71,-103.03,3,stop_loss,47.97334,0.17869,-4.36758,0.84585,london,2020
GBPJPY,1,2020-10-14 14:00:00,2020-10-14 17:00:00,136.524,137.26949,136.15126,137.26949,0.2998,74.5,203.38,203.06,3,take_profit,48.17853,0.2485,-1.20698,0.15821,london,2020
GBPJPY,1,2020-10-14 22:00:00,2020-10-15 08:00:00,136.887,137.025,136.49878,137.66345,0.2936,13.8,36.87,36.55,10,time_exit,30.04048,0.25882,0.1066,0.23837,,2020
GBPJPY,1,2020-10-15 21:00:00,2020-10-16 07:00:00,136.047,135.653,135.58519,136.97062,0.2477,-39.4,-88.81,-89.13,10,time_exit,23.49615,0.30787,-1.95665,-0.34133,new_york,2020
GBPJPY,1,2020-10-19 02:00:00,2020-10-19 11:00:00,136.156,137.00647,135.73076,137.00647,0.2667,85.0,206.41,206.09,9,take_profit,14.01565,0.28349,-0.2631,-1.19317,,2020
GBPJPY,1,2020-10-20 19:00:00,2020-10-21 05:00:00,136.705,136.656,136.36085,137.3933,0.3361,-4.9,-14.99,-15.31,10,time_exit,9.56404,0.22943,0.46557,-0.00752,new_york,2020
GBPJPY,1,2020-10-22 03:00:00,2020-10-22 12:00:00,137.436,137.13131,137.13131,138.04538,0.3791,-30.5,-105.11,-105.43,9,stop_loss,32.45992,0.20313,2.41525,1.18587,,2020
GBPJPY,1,2020-10-23 03:00:00,2020-10-23 04:00:00,137.194,136.95694,136.95694,137.66813,0.4823,-23.7,-104.05,-104.36,1,stop_loss,19.35684,0.15804,0.39009,1.94255,,2020
GBPJPY,1,2020-10-23 21:00:00,2020-10-26 07:00:00,136.41,136.615,136.08791,137.05417,0.3514,20.5,65.55,65.24,10,time_exit,24.13802,0.21472,-2.54924,0.63321,new_york,2020
GBPJPY,-1,2020-10-27 17:00:00,2020-10-28 03:00:00,136.358,136.148,136.61148,135.85104,0.4494,21.0,85.88,85.56,10,time_exit,29.55161,0.16899,-1.41353,-0.76159,new_york,2020
GBPJPY,1,2020-10-28 10:00:00,2020-10-28 11:00:00,136.054,135.81915,135.81915,136.5237,0.489,-23.5,-104.51,-104.82,1,stop_loss,32.99781,0.15657,-2.12961,-1.62298,london,2020
GBPJPY,-1,2020-10-28 13:00:00,2020-10-28 17:00:00,135.184,135.4891,135.4891,134.5738,0.3726,-30.5,-103.45,-103.77,4,stop_loss,35.931,0.2034,-5.42828,-1.57026,london,2020
GBPJPY,-1,2020-10-30 22:00:00,2020-11-02 08:00:00,135.648,135.187,136.07076,134.80248,0.2662,46.1,111.67,111.36,10,time_exit,18.24207,0.28184,0.95761,-2.34645,,2020
GBPJPY,1,2020-11-03 04:00:00,2020-11-03 11:00:00,135.4,135.95575,135.12213,135.95575,0.4095,55.6,207.1,206.78,7,take_profit,18.78383,0.18525,0.42805,-2.8352,,2020
GBPJPY,1,2020-11-04 08:00:00,2020-11-04 09:00:00,136.316,135.7618,135.7618,137.4244,0.2094,-55.4,-105.6,-105.92,1,stop_loss,33.96114,0.36947,1.12152,-0.00339,london,2020
GBPJPY,-1,2020-11-06 07:00:00,2020-11-06 17:00:00,135.758,135.83,136.13807,134.99787,0.3023,-7.2,-19.81,-20.13,10,time_exit,14.85101,0.25338,-0.29324,-0.11587,london,2020
GBPJPY,1,2020-11-10 04:00:00,2020-11-10 11:00:00,138.336,139.26105,137.87347,139.26105,0.2479,92.5,208.68,208.36,7,take_profit,50.94532,0.30835,3.93388,2.78498,,2020
GBPJPY,1,2020-11-11 06:00:00,2020-11-11 11:00:00,139.43,140.19464,139.04768,140.19464,0.3059,76.5,212.85,212.53,5,take_profit,47.92004,0.25488,3.46142,6.28196,,2020
GBPJPY,1,2020-11-11 15:00:00,2020-11-12 01:00:00,139.531,139.395,139.1088,140.37541,0.2825,-13.6,-34.96,-35.28,10,time_exit,43.35644,0.28147,2.17889,6.13804,london,2020
GBPJPY,1,2020-11-16 04:00:00,2020-11-16 10:00:00,138.204,137.87517,137.87517,138.86166,0.3616,-32.9,-108.2,-108.52,6,stop_loss,19.54556,0.21922,-0.19731,2.37303,,2020
GBPJPY,1,2020-11-16 10:00:00,2020-11-16 11:00:00,138.142,137.85726,137.85726,138.71149,0.4134,-28.5,-107.12,-107.44,1,stop_loss,14.54807,0.18983,-0.52377,2.55016,london,2020
GBPJPY,-1,2020-11-16 13:00:00,2020-11-16 14:00:00,137.978,138.3076,138.3076,137.31879,0.3535,-33.0,-106.03,-106.35,1,stop_loss,17.11248,0.21974,-0.97896,1.99251,london,2020
GBPJPY,-1,2020-11-16 17:00:00,2020-11-17 03:00:00,137.893,138.119,138.3404,136.9982,0.2578,-22.6,-53.02,-53.34,10,time_exit,17.37709,0.29827,-1.03716,1.40986,new_york,2020
GBPJPY,1,2020-11-17 23:00:00,2020-11-18 09:00:00,138.077,137.926,137.78242,138.66617,0.3896,-15.1,-53.53,-53.85,10,time_exit,8.8419,0.19639,-0.16963,1.31294,,2020
GBPJPY,1,2020-11-19 03:00:00,2020-11-19 12:00:00,137.416,137.95162,137.14819,137.95162,0.4264,53.6,207.83,207.52,9,take_profit,15.64957,0.17854,-3.05632,0.52753,,2020
GBPJPY,-1,2020-11-19 12:00:00,2020-11-19 13:00:00,137.455,137.75132,137.75132,136.86236,0.393,-29.6,-105.97,-106.29,1,stop_loss,25.14186,0.19755,-1.68808,-0.19468,london,2020
GBPJPY,1,2020-11-20 06:00:00,2020-11-20 16:00:00,137.693,137.833,137.40389,138.27122,0.3988,14.0,50.81,50.49,10,time_exit,13.24728,0.19274,0.0152,-0.50658,,2020
GBPJPY,-1,2020-11-23 10:00:00,2020-11-23 11:00:00,138.366,138.5985,138.5985,137.90101,0.4983,-23.2,-105.43,-105.74,1,stop_loss,24.02586,0.155,2.91626,0.50505,london,2020
GBPJPY,1,2020-11-23 13:00:00,2020-11-23 21:00:00,138.611,139.18847,138.32227,139.18847,0.3972,57.7,208.73,208.41,8,take_profit,31.71769,0.19249,3.15237,0.74054,london,2020
GBPJPY,1,2020-11-23 23:00:00,2020-11-24 09:00:00,139.258,139.345,138.96046,139.85309,0.3931,8.7,31.12,30.8,10,time_exit,44.01506,0.19836,4.7122,1.80403,,2020
GBPJPY,-1,2020-11-24 16:00:00,2020-11-24 17:00:00,139.328,139.60917,139.60917,138.76567,0.4172,-28.1,-106.75,-107.06,1,stop_loss,34.32416,0.18744,2.75785,3.39573,new_york,2020
GBPJPY,-1,2020-11-24 19:00:00,2020-11-25 05:00:00,139.642,139.593,139.96415,138.99771,0.3605,4.9,16.07,15.76,10,time_exit,32.89998,0.21476,3.42178,3.19987,new_york,2020
GBPJPY,1,2020-11-26 20:00:00,2020-11-27 03:00:00,139.234,138.96612,138.96612,139.76977,0.4342,-26.8,-105.85,-106.17,7,stop_loss,24.31267,0.17859,-0.68524,3.64197,new_york,2020
GBPJPY,1,2020-11-27 09:00:00,2020-11-27 12:00:00,139.07,138.85781,138.85781,139.49438,0.5427,-21.2,-104.79,-105.11,3,stop_loss,28.9095,0.14146,-1.28876,3.4948,london,2020
GBPJPY,-1,2020-11-30 08:00:00,2020-11-30 09:00:00,138.55,138.83159,138.83159,137.98682,0.4048,-28.2,-103.73,-104.05,1,stop_loss,23.0492,0.18773,-1.76307,0.77266,london,2020
GBPJPY,1,2020-12-01 08:00:00,2020-12-01 11:00:00,139.515,139.20483,139.20483,140.13534,0.3638,-31.0,-102.68,-103.0,3,stop_loss,15.77729,0.20678,2.20276,1.15371,london,2020
GBPJPY,-1,2020-12-02 00:00:00,2020-12-02 09:00:00,139.954,140.32936,140.32936,139.20327,0.2976,-37.5,-101.65,-101.97,9,stop_loss,25.14653,0.25024,2.62215,1.63576,,2020
GBPJPY,1,2020-12-02 22:00:00,2020-12-03 08:00:00,139.67,139.923,139.28499,140.44002,0.2873,25.3,66.15,65.83,10,time_exit,22.97278,0.25667,0.45101,1.76882,,2020
GBPJPY,-1,2020-12-04 17:00:00,2020-12-07 00:00:00,140.604,139.69975,141.05612,139.69975,0.2462,90.4,202.59,202.27,7,take_profit,16.4336,0.30142,2.56294,1.56081,new_york,2020
GBPJPY,-1,2020-12-07 01:00:00,2020-12-07 10:00:00,139.776,138.868,140.23,138.868,0.2501,90.8,206.65,206.34,9,take_profit,18.08758,0.30267,-0.45064,1.61385,,2020
GBPJPY,-1,2020-12-07 16:00:00,2020-12-07 21:00:00,138.591,139.0826,139.0826,137.6078,0.2356,-49.2,-105.4,-105.72,5,stop_loss,36.79159,0.32773,-2.77489,0.38179,new_york,2020
GBPJPY,1,2020-12-08 23:00:00,2020-12-09 09:00:00,139.123,139.438,138.65775,140.0535,0.2464,31.5,70.63,70.31,10,time_exit,16.74337,0.31017,0.04174,-0.47661,,2020
GBPJPY,1,2020-12-09 23:00:00,2020-12-10 00:00:00,139.598,139.21356,139.21356,140.36688,0.3002,-38.4,-105.02,-105.34,1,stop_loss,19.85012,0.25629,0.72259,0.3574,,2020
GBPJPY,-1,2020-12-10 06:00:00,2020-12-10 13:00:00,139.622,138.79554,140.03523,138.79554,0.2765,82.6,207.95,207.63,7,take_profit,18.55622,0.27549,0.65904,0.36978,,2020
GBPJPY,1,2020-12-11 03:00:00,2020-12-11 10:00:00,138.33,137.91994,137.91994,139.15013,0.2842,-41.0,-106.05,-106.37,7,stop_loss,33.88396,0.27338,-2.64706,-0.68574,,2020
GBPJPY,-1,2020-12-11 11:00:00,2020-12-11 21:00:00,137.569,137.569,138.01627,136.67447,0.258,-0.0,-0.0,-0.32,10,time_exit,32.01241,0.29818,-4.28514,-1.0711,london,2020
GBPJPY,1,2020-12-11 21:00:00,2020-12-14 00:00:00,137.562,138.55417,137.06592,138.55417,0.2326,99.2,210.01,209.69,3,take_profit,40.36672,0.33072,-2.36209,-1.96276,new_york,2020
GBPJPY,1,2020-12-15 12:00:00,2020-12-15 18:00:00,138.567,139.30322,138.19889,139.30322,0.3197,73.6,214.19,213.87,6,take_profit,16.51533,0.24541,-0.26005,-1.05129,london,2020
GBPJPY,-1,2020-12-16 11:00:00,2020-12-16 13:00:00,139.568,139.93375,139.93375,138.83651,0.3282,-36.6,-109.23,-109.55,2,stop_loss,12.27875,0.24383,2.25946,0.2293,london,2020
GBPJPY,-1,2020-12-17 19:00:00,2020-12-18 05:00:00,140.356,139.942,140.74459,139.57882,0.3058,41.4,115.21,114.89,10,time_exit,19.33162,0.25906,2.58074,1.80799,new_york,2020
GBPJPY,-1,2020-12-18 09:00:00,2020-12-18 10:00:00,139.962,140.27714,140.27714,139.33172,0.3811,-31.5,-109.29,-109.61,1,stop_loss,20.70043,0.21009,0.70795,2.37803,london,2020
GBPJPY,1,2020-12-21 17:00:00,2020-12-21 21:00:00,137.761,138.84303,137.21999,138.84303,0.2197,108.2,216.33,216.01,4,take_profit,45.63072,0.36068,-2.9542,-0.88539,new_york,2020
GBPJPY,-1,2020-12-21 23:00:00,2020-12-22 09:00:00,139.011,138.935,139.62933,137.77433,0.1961,7.6,13.56,13.24,10,time_exit,39.08454,0.41222,0.66453,-0.8823,,2020
GBPJPY,1,2020-12-22 16:00:00,2020-12-22 17:00:00,138.706,138.16206,138.16206,139.79389,0.2232,-54.4,-110.48,-110.8,1,stop_loss,18.73614,0.36263,-0.09177,-0.84458,new_york,2020
GBPJPY,-1,2020-12-23 04:00:00,2020-12-23 14:00:00,138.647,138.916,139.09226,137.75647,0.2699,-26.9,-66.07,-66.39,10,time_exit,16.73643,0.29684,0.03539,-1.15341,,2020
GBPJPY,-1,2020-12-24 15:00:00,2020-12-28 04:00:00,140.782,140.442,141.23447,139.87707,0.264,34.0,81.68,81.36,10,time_exit,51.68766,0.30164,3.61477,1.53082,london,2020
GBPJPY,-1,2020-12-28 22:00:00,2020-12-29 08:00:00,139.603,139.788,140.01026,138.78848,0.2955,-18.5,-49.75,-50.07,10,time_exit,22.94819,0.27151,-1.32502,1.86035,,2020
GBPJPY,1,2020-12-29 10:00:00,2020-12-29 11:00:00,140.076,139.75654,139.75654,140.71493,0.375,-31.9,-109.02,-109.34,1,stop_loss,18.16903,0.21298,0.78873,1.92948,london,2020
GBPJPY,1,2020-12-29 13:00:00,2020-12-29 23:00:00,139.84,139.826,139.49941,140.52119,0.3482,-1.4,-4.44,-4.75,10,time_exit,17.17318,0.22706,-0.27055,1.73463,london,2020
GBPJPY,1,2020-12-30 12:00:00,2020-12-30 22:00:00,140.166,140.618,139.89244,140.71312,0.4333,45.2,178.22,177.91,10,time_exit,13.11285,0.18237,1.50381,1.68971,london,2020
GBPJPY,-1,2021-01-04 01:00:00,2021-01-04 11:00:00,140.966,140.486,141.34284,140.21232,0.3198,48.0,139.69,139.37,10,time_exit,19.24272,0.25123,1.81414,2.42178,,2021
GBPJPY,-1,2021-01-04 22:00:00,2021-01-05 08:00:00,139.882,140.035,140.27153,139.10293,0.3133,-15.3,-43.62,-43.94,10,time_exit,32.02734,0.25969,-2.32125,1.81159,,2021
GBPJPY,1,2021-01-05 12:00:00,2021-01-05 22:00:00,139.575,139.934,139.23108,140.26284,0.3534,35.9,115.45,115.13,10,time_exit,34.04261,0.22928,-2.83335,0.98735,london,2021
GBPJPY,-1,2021-01-07 21:00:00,2021-01-08 07:00:00,140.888,140.898,141.23564,140.19272,0.3533,-1.0,-3.22,-3.53,10,time_exit,22.99658,0.23176,2.12866,1.21134,new_york,2021
GBPJPY,1,2021-01-08 19:00:00,2021-01-11 00:00:00,141.114,140.82792,140.82792,141.68617,0.4291,-28.6,-111.71,-112.03,5,stop_loss,24.56972,0.19072,1.82906,2.4813,new_york,2021
GBPJPY,-1,2021-01-11 05:00:00,2021-01-11 15:00:00,140.733,140.405,141.01346,140.17207,0.4334,32.8,129.36,129.04,10,time_exit,24.86577,0.18698,-0.34564,2.41558,,2021
GBPJPY,1,2021-01-11 21:00:00,2021-01-12 07:00:00,140.875,141.17,140.60581,141.41338,0.4568,29.5,122.63,122.31,10,time_exit,30.04649,0.17946,0.89085,1.81599,new_york,2021
GBPJPY,1,2021-01-12 19:00:00,2021-01-13 03:00:00,141.933,141.65066,141.65066,142.49768,0.4403,-28.2,-113.13,-113.44,8,stop_loss,48.25439,0.18823,4.49555,2.78598,new_york,2021
GBPJPY,1,2021-01-13 06:00:00,2021-01-13 11:00:00,141.788,142.25213,141.55594,142.25213,0.5303,46.4,223.97,223.66,5,take_profit,42.85222,0.15471,2.97648,4.13068,,2021
GBPJPY,1,2021-01-13 23:00:00,2021-01-14 09:00:00,141.584,142.08611,141.33294,142.08611,0.4999,50.2,228.41,228.1,10,take_profit,30.01544,0.16737,0.07734,4.20368,,2021
GBPJPY,1,2021-01-15 02:00:00,2021-01-15 08:00:00,142.079,141.82915,141.82915,142.57871,0.5124,-25.0,-116.5,-116.82,6,stop_loss,15.05549,0.16657,1.56554,4.20237,,2021
GBPJPY,1,2021-01-15 18:00:00,2021-01-18 04:00:00,141.084,140.918,140.78445,141.6831,0.4231,-16.6,-63.91,-64.23,10,time_exit,33.24861,0.1997,-3.10182,2.55973,new_york,2021
GBPJPY,-1,2021-01-18 12:00:00,2021-01-18 16:00:00,140.446,140.70748,140.70748,139.92304,0.482,-26.1,-114.69,-115.01,4,stop_loss,59.8997,0.17432,-4.70355,0.70788,london,2021
GBPJPY,-1,2021-01-27 22:00:00,2021-01-28 08:00:00,142.545,142.616,142.84253,141.94994,0.4193,-7.1,-27.09,-27.41,10,time_exit,24.42581,0.19835,1.31551,2.19421,,2021
GBPJPY,1,2021-01-29 00:00:00,2021-01-29 10:00:00,142.977,143.249,142.69364,143.54371,0.4393,27.2,108.74,108.42,10,time_exit,26.75077,0.1889,2.77269,2.92842,,2021
GBPJPY,1,2021-02-02 17:00:00,2021-02-03 03:00:00,143.176,143.563,142.92171,143.68458,0.4941,38.7,174.01,173.69,10,time_exit,14.6636,0.16953,-1.84308,4.26751,new_york,2021
GBPJPY,1,2021-02-03 10:00:00,2021-02-03 11:00:00,143.619,143.41379,143.41379,144.02942,0.6216,-20.5,-116.08,-116.4,1,stop_loss,13.3787,0.13681,1.01348,4.42389,london,2021
GBPJPY,-1,2021-02-03 18:00:00,2021-02-04 04:00:00,143.365,143.28,143.61218,142.87064,0.5109,8.5,39.52,39.2,10,time_exit,13.41503,0.16479,-0.47375,3.2236,new_york,2021
GBPJPY,1,2021-02-04 13:00:00,2021-02-04 14:00:00,142.931,143.39041,142.70129,143.39041,0.5516,45.9,230.61,230.29,1,take_profit,19.4963,0.15314,-2.31782,2.1528,london,2021
GBPJPY,-1,2021-02-05 00:00:00,2021-02-05 10:00:00,144.281,144.333,144.56337,143.71626,0.4577,-5.2,-21.66,-21.98,10,time_exit,35.2246,0.18825,4.01472,2.59528,,2021
GBPJPY,1,2021-02-05 20:00:00,2021-02-08 06:00:00,144.675,144.836,144.41616,145.19269,0.4984,16.1,73.02,72.7,10,time_exit,45.00088,0.17256,3.44018,4.38805,new_york,2021
GBPJPY,1,2021-02-09 09:00:00,2021-02-09 11:00:00,144.403,144.20764,144.20764,144.79373,0.6644,-19.5,-118.12,-118.44,2,stop_loss,16.03854,0.13024,-0.73209,5.873,london,2021
GBPJPY,1,2021-02-09 19:00:00,2021-02-10 05:00:00,144.317,144.525,144.09413,144.76273,0.5766,20.8,109.14,108.82,10,time_exit,22.8347,0.14858,-0.61851,4.23009,new_york,2021
GBPJPY,1,2021-02-11 19:00:00,2021-02-12 04:00:00,144.783,144.57585,144.57585,145.1973,0.6261,-20.7,-118.02,-118.34,9,stop_loss,13.03889,0.1381,0.64138,4.03971,new_york,2021
GBPJPY,1,2021-02-12 17:00:00,2021-02-15 01:00:00,145.219,145.69242,144.98229,145.69242,0.5424,47.3,233.67,233.35,8,take_profit,26.94078,0.15781,3.10988,3.00868,new_york,2021
GBPJPY,1,2021-02-15 16:00:00,2021-02-16 02:00:00,146.46,146.889,146.20806,146.96389,0.5198,42.9,202.92,202.61,10,time_exit,68.97997,0.16796,5.79121,5.31111,new_york,2021
GBPJPY,1,2021-02-22 00:00:00,2021-02-22 03:00:00,147.656,148.24345,147.36228,148.24345,0.4535,58.7,242.43,242.11,3,take_profit,22.18837,0.19582,0.94162,5.8831,,2021
GBPJPY,1,2021-02-24 06:00:00,2021-02-24 16:00:00,149.385,149.675,149.01316,150.12868,0.3653,29.0,96.4,96.08,10,time_exit,24.13217,0.24789,4.54146,4.67829,,2021
GBPJPY,-1,2021-02-25 19:00:00,2021-02-25 20:00:00,149.821,149.10402,150.17949,149.10402,0.3819,71.7,249.17,248.85,1,take_profit,26.17993,0.23899,1.21771,6.63336,new_york,2021
GBPJPY,-1,2021-02-25 22:00:00,2021-02-26 06:00:00,149.052,148.07144,149.54228,148.07144,0.2848,98.1,254.13,253.81,8,take_profit,29.05176,0.32685,-1.31796,4.5953,,2021
GBPJPY,-1,2021-02-26 14:00:00,2021-02-26 17:00:00,148.079,148.71331,148.71331,146.81039,0.2245,-63.4,-129.59,-129.9,3,stop_loss,44.05684,0.42287,-1.99338,2.10157,london,2021
GBPJPY,1,2021-02-26 20:00:00,2021-03-01 06:00:00,148.719,148.784,148.01703,150.12293,0.2009,6.5,11.88,11.56,10,time_exit,34.08041,0.46798,-0.26282,1.66712,new_york,2021
GBPJPY,1,2021-03-02 18:00:00,2021-03-03 04:00:00,148.856,149.155,148.43157,149.70486,0.3325,29.9,90.47,90.15,10,time_exit,14.24741,0.28295,0.69031,1.33968,new_york,2021
GBPJPY,-1,2021-03-04 01:00:00,2021-03-04 09:00:00,149.252,149.57838,149.57838,148.59925,0.4355,-32.6,-129.34,-129.66,8,stop_loss,9.28617,0.21758,0.78486,2.53538,,2021
GBPJPY,1,2021-03-04 10:00:00,2021-03-04 15:00:00,149.542,150.13249,149.24676,150.13249,0.4765,59.0,256.05,255.73,5,take_profit,11.05012,0.19683,1.96519,2.82111,london,2021
GBPJPY,1,2021-03-05 01:00:00,2021-03-05 03:00:00,150.029,149.64155,149.64155,150.8039,0.3704,-38.7,-130.6,-130.91,2,stop_loss,21.04761,0.2583,1.97616,2.83656,,2021
GBPJPY,1,2021-03-05 03:00:00,2021-03-05 13:00:00,149.874,149.49933,149.49933,150.62334,0.3792,-37.5,-129.29,-129.61,10,stop_loss,19.81705,0.24978,1.29483,2.9674,,2021
GBPJPY,1,2021-03-08 01:00:00,2021-03-08 11:00:00,149.977,150.157,149.56012,150.81076,0.3374,18.0,55.27,54.95,10,time_exit,11.53841,0.27792,0.84108,2.58919,,2021
GBPJPY,1,2021-03-08 22:00:00,2021-03-09 08:00:00,150.645,150.994,150.27536,151.38428,0.3821,34.9,121.35,121.03,10,time_exit,21.14558,0.24643,2.51475,3.17193,,2021
GBPJPY,1,2021-03-09 13:00:00,2021-03-09 23:00:00,150.902,150.674,150.56805,151.56991,0.4269,-22.8,-88.57,-88.89,10,time_exit,30.48829,0.22264,2.20972,4.2168,london,2021
GBPJPY,-1,2021-03-12 04:00:00,2021-03-12 13:00:00,152.054,151.57364,152.29418,151.57364,0.5896,48.0,257.73,257.41,9,take_profit,31.83908,0.16012,4.53897,6.45311,,2021
GBPJPY,-1,2021-03-16 20:00:00,2021-03-17 06:00:00,151.45,151.528,151.73832,150.87335,0.5009,-7.8,-35.55,-35.87,10,time_exit,33.56794,0.19222,-0.25376,2.98129,new_york,2021
GBPJPY,-1,2021-03-17 17:00:00,2021-03-17 22:00:00,151.763,152.0239,152.0239,151.2412,0.5521,-26.1,-131.08,-131.4,5,stop_loss,21.49293,0.17393,1.07083,2.99347,new_york,2021
GBPJPY,-1,2021-03-18 22:00:00,2021-03-19 08:00:00,151.831,151.531,152.21588,151.06124,0.3705,30.0,101.15,100.83,10,time_exit,11.68188,0.25659,-0.18882,2.27908,,2021
GBPJPY,1,2021-03-25 01:00:00,2021-03-25 11:00:00,148.808,149.50401,148.46,149.50401,0.4129,69.6,261.52,261.2,10,take_profit,31.11691,0.232,-2.97871,-4.32512,,2021
GBPJPY,-1,2021-03-25 21:00:00,2021-03-26 03:00:00,149.912,150.27766,150.27766,149.18068,0.4008,-36.6,-133.37,-133.69,6,stop_loss,27.45858,0.24377,1.82674,-3.43169,new_york,2021
GBPJPY,1,2021-04-01 10:00:00,2021-04-01 17:00:00,152.442,153.03535,152.14532,153.03535,0.4891,59.3,264.09,263.77,7,take_profit,26.55368,0.19778,1.6038,4.56018,london,2021
GBPJPY,-1,2021-04-05 06:00:00,2021-04-05 11:00:00,152.971,153.21147,153.21147,152.49005,0.6154,-24.0,-134.67,-134.99,5,stop_loss,19.97867,0.16032,0.91365,6.16628,,2021
GBPJPY,1,2021-04-06 15:00:00,2021-04-06 16:00:00,152.552,152.26425,152.26425,153.1275,0.5092,-28.8,-133.34,-133.65,1,stop_loss,20.8845,0.19183,-2.54908,4.38357,london,2021
GBPJPY,-1,2021-04-06 22:00:00,2021-04-07 08:00:00,151.854,151.66,152.18004,151.20193,0.4449,19.4,78.54,78.22,10,time_exit,40.48635,0.21736,-4.27828,2.74659,,2021
GBPJPY,-1,2021-04-07 17:00:00,2021-04-08 03:00:00,150.904,150.826,151.33831,150.03538,0.3359,7.8,23.84,23.52,10,time_exit,48.45469,0.28954,-4.33629,0.23474,new_york,2021
GBPJPY,-1,2021-04-08 04:00:00,2021-04-08 14:00:00,150.827,150.338,151.18768,150.10565,0.4053,48.9,180.35,180.04,10,time_exit,52.30799,0.24045,-3.63035,-1.10267,,2021
GBPJPY,1,2021-04-08 19:00:00,2021-04-09 05:00:00,150.099,150.092,149.70389,150.88921,0.3749,-0.7,-2.39,-2.71,10,time_exit,55.79041,0.2634,-4.01615,-2.30907,new_york,2021
GBPJPY,-1,2021-04-12 12:00:00,2021-04-12 22:00:00,150.42,150.308,150.78724,149.68553,0.4033,11.2,41.1,40.79,10,time_exit,36.0473,0.24482,0.00397,-3.39645,london,2021
GBPJPY,1,2021-04-14 01:00:00,2021-04-14 03:00:00,149.952,149.65954,149.65954,150.53693,0.508,-29.2,-135.2,-135.52,2,stop_loss,30.76117,0.19498,-1.80665,-3.42842,,2021
GBPJPY,1,2021-04-15 19:00:00,2021-04-16 05:00:00,149.895,149.827,149.59009,150.50483,0.4823,-6.8,-29.84,-30.16,10,time_exit,12.61016,0.20328,-0.80097,-2.82631,new_york,2021
GBPJPY,1,2021-04-19 02:00:00,2021-04-19 03:00:00,150.442,150.18381,150.18381,150.95837,0.5684,-25.8,-133.54,-133.86,1,stop_loss,24.51703,0.17212,1.96354,-2.18105,,2021
GBPJPY,-1,2021-04-20 09:00:00,2021-04-20 10:00:00,151.503,151.79255,151.79255,150.92391,0.5017,-29.0,-132.19,-132.51,1,stop_loss,31.35036,0.19303,3.87093,0.82907,london,2021
GBPJPY,-1,2021-04-20 19:00:00,2021-04-21 05:00:00,150.802,150.354,151.17542,150.05515,0.3851,44.8,157.0,156.68,10,time_exit,29.05623,0.24895,-0.59647,1.14139,new_york,2021
GBPJPY,-1,2021-04-22 02:00:00,2021-04-22 12:00:00,150.463,150.255,150.74249,149.90401,0.5207,20.8,98.56,98.24,10,time_exit,18.03942,0.18633,-1.10432,0.16365,,2021
GBPJPY,-1,2021-04-22 15:00:00,2021-04-22 16:00:00,150.163,149.63224,150.42838,149.63224,0.5525,53.1,266.85,266.53,1,take_profit,20.17368,0.17692,-2.16861,-0.33848,london,2021
GBPJPY,1,2021-04-22 21:00:00,2021-04-23 07:00:00,149.508,149.588,149.16736,150.18928,0.439,8.0,31.96,31.64,10,time_exit,29.47286,0.22709,-3.76753,-0.83227,new_york,2021
GBPJPY,-1,2021-04-26 20:00:00,2021-04-27 06:00:00,150.154,150.282,150.47984,149.50232,0.46,-12.8,-53.58,-53.9,10,time_exit,20.26612,0.21723,1.23336,-1.65198,new_york,2021
GBPJPY,-1,2021-04-27 09:00:00,2021-04-27 13:00:00,150.35,150.60203,150.60203,149.84594,0.5924,-25.2,-135.87,-136.18,4,stop_loss,24.46645,0.16802,1.73642,-1.16143,london,2021
GBPJPY,1,2021-04-27 23:00:00,2021-04-28 09:00:00,151.191,151.247,150.89166,151.78967,0.4938,5.6,25.16,24.85,10,time_exit,34.63897,0.19956,4.10369,0.26907,,2021
GBPJPY,-1,2021-04-28 11:00:00,2021-04-28 21:00:00,151.247,151.49872,151.49872,150.74355,0.5883,-25.2,-134.76,-135.08,10,stop_loss,31.65824,0.16782,3.42757,1.5397,london,2021
GBPJPY,-1,2021-04-29 23:00:00,2021-04-30 09:00:00,151.9,151.593,152.20247,151.29507,0.4847,30.7,135.41,135.09,10,time_exit,40.80431,0.20164,2.14804,3.3963,,2021
GBPJPY,-1,2021-04-30 22:00:00,2021-05-03 03:00:00,150.921,151.25647,151.25647,150.25006,0.4414,-33.5,-134.75,-135.07,5,stop_loss,30.89429,0.22365,-2.39309,2.35704,,2021
GBPJPY,-1,2021-05-03 18:00:00,2021-05-04 04:00:00,151.717,151.644,152.03048,151.09004,0.4676,7.3,31.06,30.74,10,time_exit,16.40704,0.20899,1.1059,2.19432,new_york,2021
GBPJPY,-1,2021-05-04 21:00:00,2021-05-05 07:00:00,151.82,152.065,152.17203,151.11594,0.4174,-24.5,-93.06,-93.38,10,time_exit,15.32684,0.23469,0.94536,1.79188,new_york,2021
GBPJPY,-1,2021-05-05 11:00:00,2021-05-05 21:00:00,151.984,151.94,152.26204,151.42792,0.5248,4.4,21.01,20.69,10,time_exit,14.64563,0.18536,1.2636,2.55024,london,2021
GBPJPY,-1,2021-05-06 07:00:00,2021-05-06 14:00:00,151.975,151.49139,152.2168,151.49139,0.6043,48.4,265.94,265.62,7,take_profit,9.48235,0.1612,0.75691,2.8318,london,2021
GBPJPY,1,2021-05-07 03:00:00,2021-05-07 13:00:00,151.53,151.855,151.24331,152.10337,0.5199,32.5,153.76,153.44,10,time_exit,37.05889,0.19112,-1.11709,1.53919,,2021
GBPJPY,1,2021-05-07 16:00:00,2021-05-07 23:00:00,151.512,152.10969,151.21316,152.10969,0.5044,59.8,274.34,274.02,7,take_profit,24.38733,0.19923,-1.26343,1.35111,new_york,2021
GBPJPY,1,2021-05-11 04:00:00,2021-05-11 14:00:00,153.8,153.613,153.48752,154.42495,0.492,-18.7,-83.72,-84.04,10,time_exit,42.73469,0.20832,4.34566,4.49419,,2021
GBPJPY,-1,2021-05-12 14:00:00,2021-05-12 15:00:00,153.705,153.97246,153.97246,153.17007,0.5714,-26.7,-139.07,-139.39,1,stop_loss,13.49713,0.17831,1.20241,5.77471,london,2021
GBPJPY,-1,2021-05-13 00:00:00,2021-05-13 10:00:00,154.043,154.086,154.34207,153.44486,0.5059,-4.3,-19.8,-20.11,10,time_exit,24.90402,0.19938,2.4934,5.39328,,2021
GBPJPY,-1,2021-05-18 00:00:00,2021-05-18 02:00:00,154.242,154.48243,154.48243,153.76113,0.6283,-24.0,-137.47,-137.79,2,stop_loss,17.06013,0.16029,2.45887,4.4834,,2021
GBPJPY,-1,2021-05-18 06:00:00,2021-05-18 16:00:00,154.715,154.667,154.95135,154.24229,0.6328,4.8,27.64,27.32,10,time_exit,19.08946,0.15757,3.49158,4.78205,,2021
GBPJPY,-1,2021-05-19 18:00:00,2021-05-19 19:00:00,153.608,153.95592,153.95592,152.91216,0.4307,-34.8,-136.36,-136.68,1,stop_loss,20.10235,0.23195,-3.57166,2.94696,new_york,2021
GBPJPY,1,2021-05-20 10:00:00,2021-05-20 11:00:00,154.082,153.80621,153.80621,154.63358,0.5379,-27.6,-135.0,-135.32,1,stop_loss,27.13559,0.18386,-1.02268,2.53711,london,2021
GBPJPY,-1,2021-05-24 02:00:00,2021-05-24 12:00:00,154.064,153.912,154.29326,153.60549,0.6406,15.2,88.61,88.29,10,time_exit,17.37563,0.15284,-1.16797,1.95695,,2021
GBPJPY,-1,2021-05-25 00:00:00,2021-05-25 02:00:00,153.901,154.1082,154.1082,153.4866,0.7135,-20.7,-134.53,-134.85,2,stop_loss,12.07009,0.13813,-0.98762,1.00068,,2021
GBPJPY,-1,2021-05-25 09:00:00,2021-05-25 13:00:00,154.166,154.35641,154.35641,153.78517,0.7686,-19.0,-133.18,-133.5,4,stop_loss,11.03643,0.12694,0.61138,0.99835,london,2021
GBPJPY,1,2021-05-25 20:00:00,2021-05-26 06:00:00,153.969,154.082,153.73689,154.43322,0.6242,11.3,64.19,63.87,10,time_exit,16.52919,0.15474,-0.79686,0.73791,new_york,2021
GBPJPY,1,2021-05-27 23:00:00,2021-05-28 09:00:00,155.926,155.992,155.57928,156.61944,0.4199,6.6,25.22,24.9,10,time_exit,42.79199,0.23115,6.12049,1.66004,,2021
GBPJPY,1,2021-05-28 14:00:00,2021-05-31 00:00:00,155.823,155.8,155.55752,156.35397,0.5494,-2.3,-11.5,-11.82,10,time_exit,46.28528,0.17699,3.80343,4.36501,london,2021
GBPJPY,1,2021-05-31 15:00:00,2021-05-31 17:00:00,155.537,155.31877,155.31877,155.97346,0.6678,-21.8,-132.62,-132.94,2,stop_loss,26.00151,0.14549,0.31922,5.61313,london,2021
GBPJPY,-1,2021-06-01 03:00:00,2021-06-01 13:00:00,155.77,155.3616,155.9742,155.3616,0.7065,40.8,262.57,262.25,10,take_profit,22.6928,0.13613,1.75747,5.52586,,2021
GBPJPY,-1,2021-06-01 17:00:00,2021-06-02 00:00:00,155.313,154.77469,155.58216,154.77469,0.5467,53.8,267.81,267.49,7,take_profit,24.73999,0.17944,-1.30741,3.69744,new_york,2021
GBPJPY,1,2021-06-02 03:00:00,2021-06-02 13:00:00,154.993,155.158,154.76362,155.45177,0.6543,16.5,98.24,97.92,10,time_exit,39.92037,0.15292,-2.32972,2.9969,,2021
GBPJPY,-1,2021-06-03 05:00:00,2021-06-03 11:00:00,155.381,155.59115,155.59115,154.96071,0.7194,-21.0,-137.57,-137.89,6,stop_loss,13.62601,0.1401,0.50691,2.35095,,2021
GBPJPY,1,2021-06-09 16:00:00,2021-06-10 02:00:00,154.631,154.674,154.39352,155.10597,0.6302,4.3,24.66,24.34,10,time_exit,19.83001,0.15832,-2.22062,-0.33654,new_york,2021
GBPJPY,-1,2021-06-10 03:00:00,2021-06-10 10:00:00,154.674,154.28,154.871,154.28,0.761,39.4,272.85,272.53,7,take_profit,23.8534,0.13133,-1.61857,-0.88659,,2021
GBPJPY,-1,2021-06-14 14:00:00,2021-06-14 16:00:00,154.716,154.95354,154.95354,154.24093,0.6438,-23.8,-139.16,-139.48,2,stop_loss,22.76435,0.15836,-0.81335,-0.56566,london,2021
GBPJPY,1,2021-06-15 07:00:00,2021-06-15 11:00:00,155.357,155.17257,155.17257,155.72586,0.8208,-18.4,-137.76,-138.07,4,stop_loss,17.94153,0.12295,2.56203,0.50697,london,2021
GBPJPY,1,2021-06-16 05:00:00,2021-06-16 15:00:00,155.014,155.04,154.81528,155.41143,0.7542,2.6,17.84,17.53,10,time_exit,21.01797,0.13248,-0.18606,0.33432,,2021
GBPJPY,-1,2021-06-18 14:00:00,2021-06-18 17:00:00,153.065,152.28634,153.45433,152.28634,0.3854,77.9,273.09,272.77,3,take_profit,53.61657,0.25955,-3.43493,-2.64117,london,2021
GBPJPY,-1,2021-06-21 15:00:00,2021-06-21 16:00:00,152.78,153.23503,153.23503,151.86993,0.3364,-45.5,-139.3,-139.61,1,stop_loss,39.47629,0.30336,-0.29878,-4.09687,london,2021
GBPJPY,-1,2021-06-22 13:00:00,2021-06-22 14:00:00,153.203,153.55624,153.55624,152.49652,0.429,-35.3,-137.9,-138.22,1,stop_loss,24.61466,0.23549,-0.07428,-3.25063,london,2021
GBPJPY,-1,2021-06-22 22:00:00,2021-06-23 08:00:00,154.215,154.401,154.56526,153.51448,0.4283,-18.6,-72.49,-72.81,10,time_exit,26.50197,0.23351,3.29328,-2.29334,,2021
GBPJPY,-1,2021-06-24 04:00:00,2021-06-24 14:00:00,155.009,154.46976,155.27862,154.46976,0.5534,53.9,271.56,271.24,10,take_profit,23.91975,0.17975,3.42804,1.18557,,2021
GBPJPY,-1,2021-06-25 15:00:00,2021-06-25 18:00:00,153.871,154.14284,154.14284,153.32731,0.5598,-27.2,-138.48,-138.8,3,stop_loss,35.18271,0.18123,-2.62566,0.57423,london,2021
GBPJPY,1,2021-06-28 20:00:00,2021-06-29 04:00:00,153.49,153.14935,153.14935,154.17129,0.4423,-34.1,-137.11,-137.43,8,stop_loss,27.36016,0.2271,-2.34176,-0.56712,new_york,2021
GBPJPY,-1,2021-06-29 04:00:00,2021-06-29 14:00:00,153.228,152.935,153.50592,152.67217,0.5367,29.3,143.1,142.78,10,time_exit,32.22456,0.18528,-3.4254,-1.2604,,2021
GBPJPY,-1,2021-06-29 17:00:00,2021-06-30 03:00:00,152.985,153.161,153.27127,152.41247,0.5265,-17.6,-84.32,-84.64,10,time_exit,36.39164,0.19084,-3.1241,-2.11795,new_york,2021
GBPJPY,1,2021-06-30 04:00:00,2021-06-30 09:00:00,153.161,152.91097,152.91097,153.66107,0.5991,-25.0,-136.31,-136.63,5,stop_loss,38.25359,0.16669,-1.31627,-3.01828,,2021
GBPJPY,-1,2021-07-02 13:00:00,2021-07-02 15:00:00,153.302,153.54282,153.54282,152.82036,0.6158,-24.1,-134.95,-135.27,2,stop_loss,13.58636,0.16055,-1.28201,-1.22377,london,2021
GBPJPY,-1,2021-07-02 19:00:00,2021-07-05 05:00:00,153.501,153.568,153.78108,152.94084,0.5241,-6.7,-31.95,-32.27,10,time_exit,14.20068,0.18672,0.19811,-1.15948,new_york,2021
GBPJPY,-1,2021-07-05 05:00:00,2021-07-05 15:00:00,153.57,153.583,153.80976,153.09049,0.6108,-1.3,-7.23,-7.54,10,time_exit,14.99022,0.15984,0.353,-1.00823,,2021
GBPJPY,-1,2021-07-07 10:00:00,2021-07-07 20:00:00,152.863,152.659,153.1821,152.22481,0.4587,20.4,85.15,84.83,10,time_exit,35.94563,0.21273,-1.12061,-1.82807,london,2021
GBPJPY,1,2021-07-09 07:00:00,2021-07-09 15:00:00,151.423,152.15805,151.05547,152.15805,0.4008,73.5,268.09,267.77,8,take_profit,45.51693,0.24502,-1.99618,-4.07678,london,2021
GBPJPY,1,2021-07-12 17:00:00,2021-07-13 03:00:00,153.136,153.348,152.74985,153.90829,0.3891,21.2,75.07,74.75,10,time_exit,27.57522,0.25743,2.49197,-1.27826,new_york,2021
GBPJPY,1,2021-07-13 16:00:00,2021-07-14 02:00:00,152.581,152.682,152.29995,153.14311,0.5375,10.1,49.4,49.08,10,time_exit,25.82301,0.18737,-1.41999,-0.19458,new_york,2021
GBPJPY,1,2021-07-14 08:00:00,2021-07-14 13:00:00,152.713,153.14963,152.49469,153.14963,0.6944,43.7,275.91,275.59,5,take_profit,25.94034,0.14554,-0.64049,-0.41153,london,2021
GBPJPY,-1,2021-07-14 18:00:00,2021-07-15 03:00:00,152.684,152.08352,152.98424,152.08352,0.515,60.0,281.41,281.1,9,take_profit,21.58216,0.20016,-0.80535,-0.12261,new_york,2021
GBPJPY,1,2021-07-15 12:00:00,2021-07-15 13:00:00,151.942,152.65151,151.58724,152.65151,0.4446,71.0,287.06,286.74,1,take_profit,33.17379,0.2365,-2.34333,-1.11643,london,2021
GBPJPY,-1,2021-07-16 16:00:00,2021-07-16 21:00:00,152.328,151.58403,152.69998,151.58403,0.4325,74.4,292.81,292.49,5,take_profit,15.97264,0.24799,0.3287,-1.43977,new_york,2021
GBPJPY,-1,2021-07-20 09:00:00,2021-07-20 11:00:00,149.595,149.97407,149.97407,148.83687,0.4329,-37.9,-149.33,-149.65,2,stop_loss,47.69994,0.25271,-4.00098,-5.06138,london,2021
GBPJPY,-1,2021-07-20 23:00:00,2021-07-21 09:00:00,149.693,149.673,150.19336,148.69227,0.3246,2.0,5.91,5.59,10,time_exit,35.4301,0.33358,-1.28217,-4.34441,,2021
GBPJPY,1,2021-07-22 06:00:00,2021-07-22 10:00:00,150.891,151.56211,150.55545,151.56211,0.4843,67.1,295.77,295.45,4,take_profit,25.57344,0.2237,1.98432,-3.65968,,2021
GBPJPY,1,2021-07-22 16:00:00,2021-07-23 02:00:00,151.546,151.694,151.14481,152.34838,0.4131,14.8,55.64,55.32,10,time_exit,28.90011,0.26746,2.88392,-1.89316,new_york,2021
GBPJPY,-1,2021-07-23 07:00:00,2021-07-23 15:00:00,151.743,152.03636,152.03636,151.15628,0.5671,-29.3,-151.39,-151.71,8,stop_loss,19.07063,0.19557,2.94234,-0.82794,london,2021
GBPJPY,1,2021-07-23 23:00:00,2021-07-26 04:00:00,151.994,151.71958,151.71958,152.54283,0.6001,-27.4,-149.86,-150.18,5,stop_loss,20.98965,0.18294,2.66225,0.54434,,2021
GBPJPY,-1,2021-07-26 10:00:00,2021-07-26 12:00:00,151.602,151.88048,151.88048,151.04505,0.5855,-27.8,-148.37,-148.69,2,stop_loss,19.83258,0.18565,-0.12802,0.90724,london,2021
GBPJPY,-1,2021-07-27 11:00:00,2021-07-27 17:00:00,151.851,152.15559,152.15559,151.24183,0.5299,-30.5,-146.87,-147.19,6,stop_loss,17.69784,0.20306,-1.05848,2.07417,london,2021
GBPJPY,1,2021-07-29 14:00:00,2021-07-29 18:00:00,153.354,153.08035,153.08035,153.9013,0.5839,-27.4,-145.4,-145.72,4,stop_loss,21.90599,0.18243,3.76586,3.47323,london,2021
GBPJPY,1,2021-07-30 17:00:00,2021-07-30 18:00:00,153.064,152.79206,152.79206,153.60788,0.5817,-27.2,-143.95,-144.27,1,stop_loss,17.06389,0.18129,1.15593,3.33403,new_york,2021
GBPJPY,-1,2021-08-04 13:00:00,2021-08-04 15:00:00,152.138,151.61009,152.40195,151.61009,0.5933,52.8,285.02,284.7,2,take_profit,16.9391,0.17597,0.98813,-0.90187,london,2021
GBPJPY,1,2021-08-04 20:00:00,2021-08-05 06:00:00,152.205,152.342,151.84576,152.92348,0.4446,13.7,55.43,55.11,10,time_exit,16.76572,0.23949,0.94473,-0.57096,new_york,2021
GBPJPY,-1,2021-08-05 12:00:00,2021-08-05 17:00:00,152.512,152.76056,152.76056,152.01488,0.645,-24.9,-145.89,-146.21,5,stop_loss,17.60213,0.16571,2.35602,-0.0961,london,2021
GBPJPY,-1,2021-08-05 17:00:00,2021-08-05 20:00:00,152.603,152.93288,152.93288,151.94324,0.4812,-33.0,-144.45,-144.77,3,stop_loss,16.52071,0.21992,1.90567,0.13517,new_york,2021
GBPJPY,-1,2021-08-06 03:00:00,2021-08-06 13:00:00,152.853,152.748,153.10535,152.3483,0.6227,10.5,59.5,59.18,10,time_exit,23.69693,0.16823,2.60754,1.14256,,2021
GBPJPY,-1,2021-08-06 13:00:00,2021-08-06 15:00:00,152.759,152.98832,152.98832,152.30035,0.688,-22.9,-143.58,-143.89,2,stop_loss,19.49145,0.15288,1.30459,1.81022,london,2021
GBPJPY,1,2021-08-06 19:00:00,2021-08-09 05:00:00,152.911,152.811,152.64583,153.44134,0.5891,-10.0,-53.61,-53.93,10,time_exit,19.57238,0.17678,1.50888,1.81979,new_york,2021
GBPJPY,-1,2021-08-10 02:00:00,2021-08-10 10:00:00,152.734,152.95592,152.95592,152.29016,0.7012,-22.2,-141.6,-141.92,8,stop_loss,12.51661,0.14795,-0.15722,2.05245,,2021
GBPJPY,-1,2021-08-10 18:00:00,2021-08-11 04:00:00,153.091,153.002,153.34847,152.57607,0.5983,8.9,48.46,48.14,10,time_exit,18.47707,0.17164,1.37469,1.91601,new_york,2021
GBPJPY,-1,2021-08-12 09:00:00,2021-08-12 17:00:00,153.104,152.78111,153.26544,152.78111,0.9575,32.3,281.34,281.02,8,take_profit,15.37069,0.10763,0.59932,3.11778,london,2021
GBPJPY,-1,2021-08-13 23:00:00,2021-08-16 01:00:00,151.961,152.17049,152.17049,151.54202,0.7526,-20.9,-143.47,-143.79,2,stop_loss,49.84506,0.13966,-4.01234,-0.76106,,2021
GBPJPY,-1,2021-08-16 17:00:00,2021-08-16 18:00:00,151.008,151.3362,151.3362,150.3516,0.4756,-32.8,-142.04,-142.36,1,stop_loss,50.37026,0.2188,-4.75408,-1.89708,new_york,2021
GBPJPY,1,2021-08-17 09:00:00,2021-08-17 10:00:00,151.151,150.91598,150.91598,151.62103,0.6575,-23.5,-140.62,-140.93,1,stop_loss,47.62338,0.15668,-3.05653,-4.10468,london,2021
GBPJPY,-1,2021-08-19 11:00:00,2021-08-19 12:00:00,150.384,149.80799,150.672,149.80799,0.5312,57.6,278.44,278.12,1,take_profit,24.87325,0.192,-3.20156,-3.71032,london,2021
GBPJPY,1,2021-08-19 17:00:00,2021-08-19 18:00:00,150.23,149.8461,149.8461,150.99779,0.4064,-38.4,-141.97,-142.29,1,stop_loss,36.87056,0.25593,-2.22086,-3.18986,new_york,2021
GBPJPY,1,2021-08-20 12:00:00,2021-08-20 22:00:00,149.403,149.576,149.05645,150.0961,0.4457,17.3,70.17,69.85,10,time_exit,50.11543,0.23103,-3.27504,-4.80863,london,2021
GBPJPY,-1,2021-08-23 06:00:00,2021-08-23 08:00:00,149.832,150.12472,150.12472,149.24656,0.5303,-29.3,-141.26,-141.58,2,stop_loss,24.25852,0.19515,-0.22026,-5.73376,,2021
GBPJPY,-1,2021-08-23 23:00:00,2021-08-24 08:00:00,150.555,150.84225,150.84225,149.98051,0.535,-28.7,-139.85,-140.16,9,stop_loss,26.90664,0.1915,2.15046,-3.92522,,2021
GBPJPY,-1,2021-08-24 18:00:00,2021-08-25 04:00:00,150.62,150.7,150.99865,149.86269,0.4018,-8.0,-29.25,-29.57,10,time_exit,15.79901,0.25244,1.02876,-1.90173,new_york,2021
GBPJPY,-1,2021-08-25 12:00:00,2021-08-25 17:00:00,150.672,150.93632,150.93632,150.14336,0.5744,-26.4,-138.16,-138.48,5,stop_loss,9.32215,0.17621,1.13446,-1.8343,london,2021
GBPJPY,1,2021-08-26 00:00:00,2021-08-26 10:00:00,151.329,151.448,151.07275,151.8415,0.5865,11.9,63.51,63.19,10,time_exit,30.00486,0.17083,3.89631,-0.72446,,2021
GBPJPY,-1,2021-08-27 02:00:00,2021-08-27 11:00:00,150.796,151.05141,151.05141,150.28517,0.5911,-25.5,-137.39,-137.71,9,stop_loss,25.73586,0.17028,-0.82533,0.2708,,2021
GBPJPY,1,2021-09-01 05:00:00,2021-09-01 10:00:00,151.401,151.82257,151.19021,151.82257,0.7091,42.2,272.03,271.71,5,take_profit,13.48674,0.14052,1.12826,1.39273,,2021
GBPJPY,-1,2021-09-02 01:00:00,2021-09-02 09:00:00,151.461,151.6857,151.6857,151.0116,0.6785,-22.5,-138.74,-139.06,8,stop_loss,21.97737,0.1498,0.15259,1.95733,,2021
GBPJPY,1,2021-09-06 14:00:00,2021-09-07 00:00:00,152.016,151.948,151.78853,152.47094,0.6635,-6.8,-41.06,-41.38,10,time_exit,13.02244,0.15165,0.05424,3.07636,london,2021
GBPJPY,-1,2021-09-07 01:00:00,2021-09-07 05:00:00,151.948,152.13536,152.13536,151.57328,0.8031,-18.7,-136.93,-137.24,4,stop_loss,15.56627,0.12491,-0.32417,3.24077,,2021
GBPJPY,-1,2021-09-09 02:00:00,2021-09-09 12:00:00,151.841,151.88,152.0583,151.4064,0.6856,-3.9,-24.33,-24.65,10,time_exit,28.09969,0.14487,-0.32766,1.27829,,2021
GBPJPY,-1,2021-09-10 01:00:00,2021-09-10 06:00:00,151.839,152.06829,152.06829,151.38043,0.6485,-22.9,-135.31,-135.63,5,stop_loss,21.84554,0.15286,-0.21631,0.81431,,2021
GBPJPY,1,2021-09-13 09:00:00,2021-09-13 19:00:00,152.091,152.187,151.85763,152.55775,0.6308,9.6,55.11,54.79,10,time_exit,20.85427,0.15558,0.07612,1.48527,london,2021
GBPJPY,1,2021-09-14 07:00:00,2021-09-14 15:00:00,152.381,152.77966,152.18167,152.77966,0.7415,39.9,269.0,268.68,8,take_profit,15.50871,0.13289,1.56012,1.88626,london,2021
GBPJPY,1,2021-09-17 18:00:00,2021-09-20 00:00:00,151.171,150.85438,150.85438,151.80423,0.4762,-31.7,-137.2,-137.52,6,stop_loss,16.17058,0.21108,-1.43043,-0.93786,new_york,2021
GBPJPY,1,2021-09-20 21:00:00,2021-09-21 07:00:00,149.399,149.833,148.98977,150.21746,0.3647,43.4,144.03,143.72,10,time_exit,46.08695,0.27282,-4.57766,-2.61642,new_york,2021
GBPJPY,-1,2021-09-21 10:00:00,2021-09-21 11:00:00,149.78,150.13261,150.13261,149.07478,0.4278,-35.3,-137.27,-137.59,1,stop_loss,32.93803,0.23507,-1.90632,-3.90526,london,2021
GBPJPY,1,2021-09-22 08:00:00,2021-09-22 18:00:00,149.514,149.8,149.16676,150.20847,0.43,28.6,111.91,111.59,10,time_exit,27.45866,0.23149,-0.95055,-4.61777,london,2021
GBPJPY,-1,2021-09-23 10:00:00,2021-09-23 12:00:00,150.004,150.28077,150.28077,149.45046,0.5439,-27.7,-136.99,-137.31,2,stop_loss,29.17741,0.18451,1.89756,-4.70974,london,2021
GBPJPY,-1,2021-09-27 19:00:00,2021-09-28 05:00:00,152.157,152.358,152.48727,151.49645,0.4512,-20.1,-82.53,-82.85,10,time_exit,30.75922,0.22018,3.67456,1.98337,new_york,2021
GBPJPY,1,2021-09-28 13:00:00,2021-09-28 14:00:00,151.876,151.57496,151.57496,152.47808,0.492,-30.1,-134.78,-135.1,1,stop_loss,26.23376,0.20069,0.4748,3.28748,london,2021
GBPJPY,1,2021-09-28 19:00:00,2021-09-29 05:00:00,150.696,150.92,150.29865,151.4907,0.369,22.4,75.22,74.9,10,time_exit,34.70345,0.2649,-3.54565,1.95655,new_york,2021
GBPJPY,-1,2021-09-29 09:00:00,2021-09-29 11:00:00,151.042,150.39457,151.36572,150.39457,0.4555,64.7,268.36,268.05,2,take_profit,34.12929,0.21581,-1.44761,1.16762,london,2021
GBPJPY,-1,2021-09-29 15:00:00,2021-09-30 01:00:00,150.275,150.371,150.64499,149.53502,0.4065,-9.6,-35.51,-35.83,10,time_exit,37.86596,0.24666,-3.59047,0.39202,london,2021
GBPJPY,1,2021-09-30 16:00:00,2021-09-30 17:00:00,150.74,150.38645,150.38645,151.4471,0.4243,-35.4,-136.51,-136.83,1,stop_loss,23.32233,0.2357,0.18115,-0.92775,new_york,2021
GBPJPY,1,2021-10-01 15:00:00,2021-10-04 01:00:00,150.506,150.62,150.04865,151.42069,0.3247,11.4,33.68,33.37,10,time_exit,26.56143,0.3049,0.87932,-1.56245,london,2021
GBPJPY,-1,2021-10-04 03:00:00,2021-10-04 12:00:00,150.55,150.97317,150.97317,149.70367,0.3518,-42.3,-135.47,-135.79,9,stop_loss,16.35571,0.28211,0.78517,-1.28799,,2021
GBPJPY,-1,2021-10-04 20:00:00,2021-10-05 06:00:00,150.863,151.137,151.33269,149.92362,0.3138,-27.4,-78.24,-78.56,10,time_exit,17.18681,0.31313,0.95664,-0.44715,new_york,2021
GBPJPY,-1,2021-10-07 15:00:00,2021-10-07 17:00:00,151.51,151.83349,151.83349,150.86302,0.4529,-32.3,-133.32,-133.64,2,stop_loss,19.39395,0.21566,0.68007,1.41137,london,2021
GBPJPY,-1,2021-10-07 18:00:00,2021-10-08 04:00:00,151.916,152.25314,152.25314,151.24173,0.4303,-33.7,-132.01,-132.33,10,stop_loss,18.57488,0.22476,2.292,1.44135,new_york,2021
GBPJPY,-1,2021-10-11 09:00:00,2021-10-11 15:00:00,153.924,154.24101,154.24101,153.28999,0.453,-31.7,-130.68,-131.0,6,stop_loss,38.27831,0.21134,6.80492,4.31495,london,2021
GBPJPY,1,2021-10-11 15:00:00,2021-10-12 01:00:00,153.919,154.047,153.56796,154.62109,0.405,12.8,47.17,46.86,10,time_exit,45.8199,0.23403,4.81576,4.64513,london,2021
GBPJPY,-1,2021-10-12 08:00:00,2021-10-12 12:00:00,154.101,154.40031,154.40031,153.50239,0.4767,-29.9,-129.84,-130.16,4,stop_loss,31.49515,0.19954,3.22136,6.85973,london,2021
GBPJPY,-1,2021-10-12 23:00:00,2021-10-13 09:00:00,154.411,154.561,154.81799,153.59701,0.347,-15.0,-47.37,-47.68,10,time_exit,20.43273,0.27133,2.02617,5.37917,,2021
GBPJPY,1,2021-10-14 10:00:00,2021-10-14 20:00:00,155.279,155.521,155.00683,155.82334,0.517,24.2,113.85,113.54,10,time_exit,19.0361,0.18145,3.94905,8.14155,london,2021
GBPJPY,1,2021-10-15 08:00:00,2021-10-15 10:00:00,155.977,156.46875,155.73112,156.46875,0.5774,49.2,258.38,258.06,2,take_profit,36.77747,0.16392,4.85264,9.76744,london,2021
GBPJPY,1,2021-10-15 18:00:00,2021-10-18 04:00:00,157.054,156.7017,156.7017,157.75859,0.411,-35.2,-131.76,-132.08,10,stop_loss,55.7938,0.23486,5.54328,7.90228,new_york,2021
GBPJPY,1,2021-10-18 09:00:00,2021-10-18 19:00:00,156.93,156.86,156.58908,157.61184,0.4205,-7.0,-26.79,-27.1,10,time_exit,36.23993,0.22728,2.58655,8.82209,london,2021
GBPJPY,1,2021-10-19 18:00:00,2021-10-20 04:00:00,157.671,158.032,157.33422,158.34455,0.4248,36.1,139.55,139.23,10,time_exit,23.46978,0.22452,3.00116,8.29898,new_york,2021
GBPJPY,-1,2021-10-20 15:00:00,2021-10-20 16:00:00,157.216,157.55169,157.55169,156.54462,0.4307,-33.6,-131.57,-131.89,1,stop_loss,30.01487,0.22379,-1.00683,8.0713,london,2021
GBPJPY,1,2021-10-21 12:00:00,2021-10-21 16:00:00,157.378,156.97618,156.97618,158.18163,0.3562,-40.2,-130.25,-130.56,4,stop_loss,22.45786,0.26788,-1.00845,5.97292,london,2021
GBPJPY,-1,2021-10-25 08:00:00,2021-10-25 18:00:00,156.643,156.6,157.02927,155.87045,0.3668,4.3,14.35,14.03,10,time_exit,26.33538,0.25752,-0.88264,2.09909,london,2021
GBPJPY,1,2021-10-26 00:00:00,2021-10-26 10:00:00,156.522,157.046,156.17642,157.21316,0.4105,52.4,195.74,195.42,10,time_exit,17.4732,0.23039,-0.7891,1.49149,,2021
GBPJPY,-1,2021-10-27 00:00:00,2021-10-27 10:00:00,157.077,156.45006,157.39047,156.45006,0.4594,62.7,262.1,261.78,10,take_profit,31.01735,0.20898,0.81037,2.1139,,2021
GBPJPY,-1,2021-11-01 04:00:00,2021-11-01 08:00:00,155.986,156.3669,156.3669,155.2242,0.3856,-38.1,-133.66,-133.97,4,stop_loss,18.81706,0.25393,-1.70783,-0.20107,,2021
GBPJPY,1,2021-11-02 15:00:00,2021-11-03 01:00:00,155.177,155.16,154.7881,155.95479,0.3739,-1.7,-5.78,-6.1,10,time_exit,34.37369,0.25926,-2.43651,-1.72508,london,2021
GBPJPY,-1,2021-11-03 05:00:00,2021-11-03 15:00:00,155.206,155.51097,155.51097,154.59607,0.4766,-30.5,-132.27,-132.58,10,stop_loss,21.50524,0.20331,-1.5117,-2.90785,,2021
GBPJPY,1,2021-11-04 01:00:00,2021-11-04 11:00:00,155.971,155.67891,155.67891,156.55518,0.4926,-29.2,-130.93,-131.25,10,stop_loss,27.98639,0.19473,2.27558,-2.36395,,2021
GBPJPY,1,2021-11-05 13:00:00,2021-11-05 23:00:00,152.889,153.025,152.4684,153.7302,0.3387,13.6,41.92,41.6,10,time_exit,43.2629,0.2804,-5.23571,-4.00539,london,2021
GBPJPY,-1,2021-11-08 09:00:00,2021-11-08 14:00:00,153.163,153.49727,153.49727,152.49446,0.4275,-33.4,-130.04,-130.36,5,stop_loss,23.07092,0.22285,-2.10738,-6.26325,london,2021
GBPJPY,-1,2021-11-08 18:00:00,2021-11-09 04:00:00,153.506,153.15,153.89772,152.72256,0.3611,35.6,116.98,116.66,10,time_exit,17.84106,0.26115,-0.09121,-5.19474,new_york,2021
GBPJPY,1,2021-11-09 08:00:00,2021-11-09 17:00:00,153.108,152.77534,152.77534,153.77332,0.4291,-33.3,-129.9,-130.22,9,stop_loss,18.35319,0.22177,-1.57864,-5.55468,london,2021
GBPJPY,1,2021-11-10 16:00:00,2021-11-10 20:00:00,153.226,152.87019,152.87019,153.93762,0.3972,-35.6,-128.61,-128.93,4,stop_loss,17.50461,0.23721,0.129,-4.46859,new_york,2021
GBPJPY,1,2021-11-11 02:00:00,2021-11-11 12:00:00,152.764,152.585,152.39372,153.50456,0.3778,-17.9,-61.54,-61.86,10,time_exit,19.83205,0.24685,-1.4718,-4.08694,,2021
GBPJPY,1,2021-11-11 21:00:00,2021-11-12 07:00:00,152.502,152.684,152.18201,153.14198,0.4351,18.2,72.06,71.74,10,time_exit,16.48144,0.21333,-1.90249,-4.62031,new_york,2021
GBPJPY,-1,2021-11-12 20:00:00,2021-11-15 06:00:00,152.889,152.886,153.17202,152.32295,0.4947,0.3,1.35,1.03,10,time_exit,12.35623,0.18868,0.65462,-4.63283,new_york,2021
GBPJPY,-1,2021-11-15 08:00:00,2021-11-15 17:00:00,152.941,153.16812,153.16812,152.48675,0.6165,-22.7,-127.42,-127.74,9,stop_loss,19.70866,0.15142,0.85792,-4.90592,london,2021
GBPJPY,1,2021-11-15 17:00:00,2021-11-16 03:00:00,153.041,153.43,152.77582,153.57136,0.5227,38.9,185.03,184.71,10,time_exit,19.67655,0.17679,1.07449,-3.6776,new_york,2021
GBPJPY,1,2021-11-16 04:00:00,2021-11-16 07:00:00,153.43,153.17398,153.17398,153.94205,0.5493,-25.6,-127.98,-128.3,3,stop_loss,21.55543,0.17068,2.77361,-2.96884,,2021
GBPJPY,1,2021-11-17 06:00:00,2021-11-17 09:00:00,154.11,154.72158,153.80421,154.72158,0.4553,61.2,253.39,253.07,3,take_profit,38.54464,0.20386,2.62318,0.11255,,2021
GBPJPY,1,2021-11-17 18:00:00,2021-11-17 19:00:00,154.207,153.84332,153.84332,154.93436,0.3905,-36.4,-129.23,-129.55,1,stop_loss,31.60694,0.24245,1.43418,0.89584,new_york,2021
GBPJPY,-1,2021-11-18 04:00:00,2021-11-18 11:00:00,153.844,154.18941,154.18941,153.15319,0.407,-34.5,-127.93,-128.25,7,stop_loss,21.34074,0.23027,-0.21577,0.97115,,2021
GBPJPY,1,2021-11-19 07:00:00,2021-11-19 10:00:00,154.18,153.94998,153.94998,154.64003,0.6051,-23.0,-126.66,-126.98,3,stop_loss,8.32014,0.15334,0.82744,1.81544,london,2021
GBPJPY,1,2021-11-19 13:00:00,2021-11-19 14:00:00,153.067,152.68664,152.68664,153.82771,0.3623,-38.0,-125.4,-125.72,1,stop_loss,16.15017,0.25357,-3.6723,0.86802,london,2021
GBPJPY,1,2021-11-22 05:00:00,2021-11-22 15:00:00,153.333,153.473,152.95348,154.09204,0.3594,14.0,45.79,45.47,10,time_exit,28.15934,0.25301,-1.19065,-0.23355,,2021
GBPJPY,-1,2021-11-22 20:00:00,2021-11-23 05:00:00,153.802,154.17006,154.17006,153.06587,0.372,-36.8,-124.6,-124.92,9,stop_loss,19.63202,0.24538,0.88476,-0.34067,new_york,2021
GBPJPY,1,2021-11-23 22:00:00,2021-11-24 08:00:00,153.975,153.822,153.6191,154.68681,0.3808,-15.3,-53.02,-53.34,10,time_exit,19.86877,0.23727,1.06251,0.10044,,2021
GBPJPY,-1,2021-11-24 17:00:00,2021-11-25 03:00:00,153.826,153.887,154.16998,153.13803,0.3923,-6.1,-21.78,-22.1,10,time_exit,18.06543,0.22932,0.25751,0.21666,new_york,2021
GBPJPY,-1,2021-11-29 19:00:00,2021-11-30 05:00:00,151.182,151.404,151.7572,150.0316,0.2342,-22.2,-47.31,-47.63,10,time_exit,30.90589,0.38347,-1.88472,-2.87177,new_york,2021
GBPJPY,-1,2021-11-30 10:00:00,2021-11-30 18:00:00,150.854,149.94478,151.30861,149.94478,0.2952,90.9,244.25,243.93,8,take_profit,25.56783,0.30307,-2.44442,-3.85745,london,2021
GBPJPY,1,2021-12-01 00:00:00,2021-12-01 10:00:00,150.454,150.831,149.94273,151.47654,0.2677,37.7,91.84,91.52,10,time_exit,26.384,0.34085,-1.70556,-4.02586,,2021
GBPJPY,1,2021-12-01 10:00:00,2021-12-01 16:00:00,151.058,150.59095,150.59095,151.99209,0.2952,-46.7,-125.46,-125.78,6,stop_loss,25.04882,0.31136,0.05597,-4.07215,london,2021
GBPJPY,1,2021-12-06 17:00:00,2021-12-07 03:00:00,149.978,150.63,149.5743,150.7854,0.3381,65.2,200.6,200.28,10,time_exit,22.08764,0.26913,-0.17221,-4.18615,new_york,2021
GBPJPY,-1,2021-12-08 03:00:00,2021-12-08 12:00:00,150.375,149.68862,150.71819,149.68862,0.4041,68.6,252.4,252.09,9,take_profit,23.45549,0.22879,-0.02195,-2.58615,,2021
GBPJPY,-1,2021-12-09 04:00:00,2021-12-09 14:00:00,150.115,149.623,150.50622,149.33256,0.3616,49.2,161.9,161.58,10,time_exit,37.92348,0.26081,-0.84648,-1.89331,,2021
GBPJPY,1,2021-12-10 01:00:00,2021-12-10 11:00:00,149.972,150.067,149.63616,150.64368,0.4265,9.5,36.87,36.55,10,time_exit,29.44183,0.22389,-0.49632,-2.53738,,2021
GBPJPY,1,2021-12-13 19:00:00,2021-12-14 05:00:00,150.093,149.76522,149.76522,150.74855,0.4382,-32.8,-130.71,-131.02,10,stop_loss,11.39659,0.21852,-0.92125,-1.08041,new_york,2021
GBPJPY,-1,2021-12-14 06:00:00,2021-12-14 08:00:00,149.858,150.11759,150.11759,149.33882,0.5478,-26.0,-129.41,-129.72,2,stop_loss,19.96358,0.17306,-1.91769,-1.63339,,2021
GBPJPY,-1,2021-12-14 15:00:00,2021-12-15 01:00:00,150.467,150.471,150.73918,149.92265,0.5172,-0.4,-1.88,-2.2,10,time_exit,17.81789,0.18145,1.46395,-1.37635,london,2021
GBPJPY,1,2021-12-15 11:00:00,2021-12-15 16:00:00,150.911,150.65595,150.65595,151.4211,0.5518,-25.5,-128.07,-128.39,5,stop_loss,10.76465,0.17003,3.15559,-0.49783,london,2021
GBPJPY,-1,2021-12-20 02:00:00,2021-12-20 12:00:00,150.163,149.948,150.53919,149.41063,0.3704,21.5,72.47,72.15,10,time_exit,24.789,0.25079,-3.13847,0.75584,,2021
GBPJPY,-1,2021-12-22 15:00:00,2021-12-22 16:00:00,151.985,152.29778,152.29778,151.35944,0.448,-31.3,-127.51,-127.83,1,stop_loss,29.2674,0.20852,4.46066,1.43335,london,2021
GBPJPY,-1,2021-12-22 17:00:00,2021-12-22 18:00:00,152.222,152.54692,152.54692,151.57217,0.4269,-32.5,-126.22,-126.54,1,stop_loss,31.78523,0.21661,4.92618,1.65437,new_york,2021
GBPJPY,1,2021-12-23 01:00:00,2021-12-23 10:00:00,152.28,152.86087,151.98956,152.86087,0.4728,58.1,249.92,249.6,9,take_profit,38.83731,0.19362,4.03338,3.02576,,2021
GBPJPY,-1,2021-12-23 14:00:00,2021-12-24 00:00:00,153.529,153.413,153.83062,152.92575,0.4644,11.6,49.02,48.7,10,time_exit,48.17211,0.20108,7.57126,4.3523,london,2021
GBPJPY,-1,2021-12-28 22:00:00,2021-12-29 08:00:00,154.143,154.25,154.37658,153.67585,0.602,-10.7,-58.62,-58.94,10,time_exit,29.26774,0.15572,1.0788,8.96832,,2021
GBPJPY,1,2021-12-29 23:00:00,2021-12-30 09:00:00,155.042,155.093,154.77914,155.56773,0.5325,5.1,24.71,24.39,10,time_exit,31.05859,0.17524,3.91688,7.69665,,2021
GBPJPY,1,2021-12-30 09:00:00,2021-12-30 10:00:00,155.183,154.96873,154.96873,155.61154,0.6545,-21.4,-127.62,-127.94,1,stop_loss,37.18878,0.14285,3.83761,9.89101,london,2021
GBPJPY,-1,2021-12-31 03:00:00,2021-12-31 10:00:00,155.339,155.579,155.579,154.859,0.5784,-24.0,-126.32,-126.64,7,stop_loss,29.02033,0.16,2.25118,8.8845,,2021
GBPJPY,-1,2022-01-03 03:00:00,2022-01-03 13:00:00,155.82,155.458,156.14119,155.17762,0.4279,36.2,140.96,140.64,10,time_exit,28.26716,0.21413,2.44795,6.45076,,2022
GBPJPY,1,2022-01-04 00:00:00,2022-01-04 06:00:00,155.395,155.989,155.098,155.989,0.4679,59.4,252.92,252.6,6,take_profit,20.60878,0.198,0.1694,5.96827,,2022
GBPJPY,-1,2022-01-04 09:00:00,2022-01-04 10:00:00,155.906,156.19737,156.19737,155.32327,0.4865,-29.1,-128.99,-129.31,1,stop_loss,18.72366,0.19424,2.1236,5.92036,london,2022
GBPJPY,-1,2022-01-04 12:00:00,2022-01-04 14:00:00,156.494,156.81706,156.81706,155.84787,0.4344,-32.3,-127.71,-128.03,2,stop_loss,23.31446,0.21538,4.26398,5.49817,london,2022
GBPJPY,1,2022-01-05 20:00:00,2022-01-06 02:00:00,157.591,157.22539,157.22539,158.32222,0.38,-36.6,-126.43,-126.75,6,stop_loss,25.36066,0.24374,3.99107,6.16281,new_york,2022
GBPJPY,1,2022-01-06 23:00:00,2022-01-07 09:00:00,156.82,156.884,156.45484,157.55033,0.3766,6.4,21.93,21.61,10,time_exit,15.38949,0.24344,0.25997,5.02589,,2022
GBPJPY,-1,2022-01-07 18:00:00,2022-01-10 04:00:00,156.945,157.24929,157.24929,156.33641,0.4528,-30.4,-125.38,-125.7,10,stop_loss,8.79276,0.20286,0.4813,5.2836,new_york,2022
GBPJPY,1,2022-01-11 20:00:00,2022-01-12 06:00:00,157.215,157.353,156.89199,157.86101,0.4223,13.8,53.03,52.71,10,time_exit,17.10567,0.21534,1.85829,2.92168,new_york,2022
GBPJPY,-1,2022-01-12 12:00:00,2022-01-12 14:00:00,157.201,157.44459,157.44459,156.71383,0.5623,-24.4,-124.64,-124.96,2,stop_loss,17.10622,0.16239,1.11832,4.17568,london,2022
GBPJPY,1,2022-01-12 14:00:00,2022-01-12 18:00:00,157.333,157.09021,157.09021,157.81859,0.5585,-24.3,-123.4,-123.71,4,stop_loss,16.86787,0.16186,1.78303,4.21644,london,2022
GBPJPY,-1,2022-01-13 23:00:00,2022-01-14 09:00:00,156.401,156.188,156.74934,155.70432,0.3854,21.3,74.7,74.38,10,time_exit,24.66997,0.23223,-2.48628,1.87274,,2022
GBPJPY,1,2022-01-17 02:00:00,2022-01-17 12:00:00,156.292,156.566,155.94367,156.98866,0.3877,27.4,96.67,96.35,10,time_exit,33.65632,0.23222,-0.47496,-0.1903,,2022
GBPJPY,1,2022-01-18 10:00:00,2022-01-18 11:00:00,156.74,156.47165,156.47165,157.2767,0.5072,-26.8,-123.86,-124.18,1,stop_loss,16.20782,0.1789,1.50935,0.07596,london,2022
GBPJPY,1,2022-01-19 04:00:00,2022-01-19 06:00:00,155.942,155.65057,155.65057,156.52485,0.4624,-29.1,-122.63,-122.95,2,stop_loss,28.7435,0.19428,-1.09615,-1.05436,,2022
GBPJPY,-1,2022-01-19 13:00:00,2022-01-19 23:00:00,156.055,155.622,156.36628,155.43244,0.4285,43.3,168.84,168.52,10,time_exit,26.1066,0.20752,0.18962,-1.37724,london,2022
GBPJPY,-1,2022-01-20 00:00:00,2022-01-20 05:00:00,155.607,155.88507,155.88507,155.05087,0.4864,-27.8,-123.08,-123.4,5,stop_loss,18.04516,0.18538,-1.73219,-1.67053,,2022
GBPJPY,1,2022-01-20 08:00:00,2022-01-20 11:00:00,155.947,155.67745,155.67745,156.48609,0.4967,-27.0,-121.83,-122.15,3,stop_loss,15.32263,0.1797,0.29528,-1.78422,london,2022
GBPJPY,-1,2022-01-25 11:00:00,2022-01-25 21:00:00,153.579,153.96259,153.96259,152.81182,0.3456,-38.4,-120.64,-120.96,10,stop_loss,27.87419,0.25573,-1.3234,-4.79297,london,2022
GBPJPY,-1,2022-01-27 08:00:00,2022-01-27 10:00:00,154.021,154.36308,154.36308,153.33685,0.3836,-34.2,-119.41,-119.73,2,stop_loss,19.75144,0.22805,-0.24409,-2.89932,london,2022
GBPJPY,1,2022-01-27 21:00:00,2022-01-28 07:00:00,154.197,154.825,153.78276,155.02547,0.3136,62.8,179.22,178.9,10,time_exit,14.54014,0.27616,0.04629,-1.83061,new_york,2022
GBPJPY,1,2022-01-28 17:00:00,2022-01-28 21:00:00,154.635,154.26257,154.26257,155.37985,0.3541,-37.2,-120.01,-120.33,4,stop_loss,10.49105,0.24828,0.8017,-0.95608,new_york,2022
GBPJPY,-1,2022-01-28 22:00:00,2022-01-31 02:00:00,154.221,154.59537,154.59537,153.47225,0.3487,-37.4,-118.79,-119.11,4,stop_loss,11.49817,0.24958,-0.82401,-0.94471,,2022
GBPJPY,1,2022-02-01 14:00:00,2022-02-02 00:00:00,154.679,155.097,154.37622,155.28457,0.4268,41.8,162.35,162.03,10,time_exit,14.39198,0.20186,-0.14781,0.01947,london,2022
GBPJPY,1,2022-02-02 15:00:00,2022-02-02 16:00:00,155.136,154.88098,154.88098,155.64604,0.5138,-25.5,-119.24,-119.55,1,stop_loss,12.84653,0.17001,1.23242,0.87953,london,2022
GBPJPY,1,2022-02-02 18:00:00,2022-02-03 04:00:00,155.157,155.124,154.85386,155.76328,0.4279,-3.3,-12.85,-13.17,10,time_exit,11.61353,0.20209,1.0422,0.77251,new_york,2022
GBPJPY,-1,2022-02-04 13:00:00,2022-02-04 23:00:00,155.832,155.817,156.17037,155.15525,0.3829,1.5,5.23,4.91,10,time_exit,31.37907,0.22558,0.14882,2.84136,london,2022
GBPJPY,1,2022-02-07 01:00:00,2022-02-07 11:00:00,155.968,155.63678,155.63678,156.63045,0.3913,-33.1,-117.94,-118.26,10,stop_loss,21.31409,0.22082,0.51985,2.74254,,2022
GBPJPY,1,2022-02-07 11:00:00,2022-02-07 12:00:00,155.802,155.49161,155.49161,156.42279,0.4134,-31.0,-116.77,-117.09,1,stop_loss,12.64016,0.20693,-0.39619,2.75397,london,2022
GBPJPY,-1,2022-02-07 20:00:00,2022-02-08 02:00:00,155.662,155.9938,155.9938,154.9984,0.3829,-33.2,-115.61,-115.93,6,stop_loss,15.64591,0.2212,-0.54237,2.02906,new_york,2022
GBPJPY,-1,2022-02-09 13:00:00,2022-02-09 19:00:00,156.798,156.23136,157.08132,156.23136,0.4439,56.7,228.89,228.58,6,take_profit,14.11094,0.18888,2.7631,3.24797,london,2022
GBPJPY,-1,2022-02-11 09:00:00,2022-02-11 10:00:00,156.938,157.2267,157.2267,156.36059,0.4443,-28.9,-116.73,-117.05,1,stop_loss,23.51678,0.19247,-0.01815,4.17397,london,2022
GBPJPY,1,2022-02-15 00:00:00,2022-02-15 10:00:00,156.223,156.806,155.72572,157.21757,0.2554,58.3,135.5,135.18,10,time_exit,21.22763,0.33152,-0.49012,0.79387,,2022
GBPJPY,-1,2022-02-15 16:00:00,2022-02-16 02:00:00,156.62,156.676,157.02674,155.80652,0.3158,-5.6,-16.09,-16.41,10,time_exit,19.58042,0.27116,0.59765,0.70046,new_york,2022
GBPJPY,-1,2022-02-16 05:00:00,2022-02-16 10:00:00,156.68,156.98758,156.98758,156.06484,0.4171,-30.8,-116.74,-117.06,5,stop_loss,12.98142,0.20505,0.89769,0.95231,,2022
GBPJPY,-1,2022-02-17 05:00:00,2022-02-17 06:00:00,156.921,156.31629,157.22335,156.31629,0.42,60.5,231.12,230.8,1,take_profit,11.69324,0.20157,1.13649,1.40277,,2022
GBPJPY,-1,2022-02-17 15:00:00,2022-02-18 01:00:00,156.689,156.375,157.13862,155.78975,0.2881,31.4,82.32,82.0,10,time_exit,27.1105,0.29975,0.16201,0.73616,london,2022
GBPJPY,-1,2022-02-18 11:00:00,2022-02-18 16:00:00,157.065,156.37824,157.40838,156.37824,0.3799,68.7,237.42,237.1,5,take_profit,23.89796,0.22892,1.7932,0.84319,london,2022
GBPJPY,-1,2022-02-21 12:00:00,2022-02-21 22:00:00,156.626,156.15,156.93268,156.01264,0.4338,47.6,187.9,187.59,10,time_exit,11.31316,0.20445,0.19065,0.51737,london,2022
GBPJPY,1,2022-02-22 21:00:00,2022-02-23 07:00:00,156.141,156.374,155.7578,156.90741,0.3526,23.3,74.76,74.44,10,time_exit,24.3071,0.25547,-0.19991,-0.66685,new_york,2022
GBPJPY,-1,2022-02-23 17:00:00,2022-02-23 21:00:00,156.316,155.68081,156.6336,155.68081,0.428,63.5,247.39,247.08,4,take_profit,27.64542,0.21173,-0.04015,-0.2659,new_york,2022
GBPJPY,-1,2022-02-23 23:00:00,2022-02-24 05:00:00,155.756,155.12827,156.06986,155.12827,0.4417,62.8,252.31,251.99,6,take_profit,25.069,0.20924,-2.19517,-0.61367,,2022
GBPJPY,-1,2022-02-24 06:00:00,2022-02-24 09:00:00,155.002,154.21758,155.39421,154.21758,0.3605,78.4,257.33,257.01,3,take_profit,27.56823,0.26147,-4.01907,-0.90453,,2022
GBPJPY,-1,2022-02-24 10:00:00,2022-02-24 13:00:00,154.498,153.57131,154.96135,153.57131,0.3113,92.7,262.52,262.2,3,take_profit,36.28896,0.3089,-4.36026,-1.24063,london,2022
GBPJPY,1,2022-02-28 18:00:00,2022-02-28 19:00:00,154.55,154.08917,154.08917,155.47165,0.3192,-46.1,-133.86,-134.18,1,stop_loss,17.8994,0.30722,-0.45865,-2.58523,new_york,2022
GBPJPY,-1,2022-03-01 14:00:00,2022-03-01 18:00:00,153.919,153.17678,154.29011,153.17678,0.3924,74.2,265.03,264.72,4,take_profit,14.11331,0.24741,-2.20428,-3.25437,london,2022
GBPJPY,-1,2022-03-02 00:00:00,2022-03-02 10:00:00,153.048,153.21,153.4778,152.1884,0.3456,-16.2,-50.95,-51.27,10,time_exit,32.60121,0.28653,-3.31615,-3.56554,,2022
GBPJPY,1,2022-03-03 05:00:00,2022-03-03 15:00:00,154.893,154.738,154.50408,155.67084,0.3805,-15.5,-53.67,-53.99,10,time_exit,30.86167,0.25928,3.13088,-2.72392,,2022
GBPJPY,1,2022-03-04 18:00:00,2022-03-07 04:00:00,151.782,151.687,151.2616,152.82279,0.2832,-9.5,-24.48,-24.8,10,time_exit,44.70269,0.34693,-5.94841,-2.01115,new_york,2022
GBPJPY,1,2022-03-07 05:00:00,2022-03-07 15:00:00,151.686,151.885,151.16918,152.71963,0.2847,19.9,51.56,51.24,10,time_exit,58.33572,0.34454,-4.18244,-3.28956,,2022
GBPJPY,-1,2022-03-08 10:00:00,2022-03-08 11:00:00,151.137,151.56262,151.56262,150.28575,0.347,-42.6,-134.4,-134.72,1,stop_loss,28.90666,0.28375,-2.92393,-5.61484,london,2022
GBPJPY,1,2022-03-08 13:00:00,2022-03-08 23:00:00,151.672,151.533,151.2208,152.57439,0.324,-13.9,-40.98,-41.3,10,time_exit,24.14717,0.3008,-0.85676,-5.2356,london,2022
GBPJPY,-1,2022-03-08 23:00:00,2022-03-09 03:00:00,151.482,151.92541,151.92541,150.59519,0.3287,-44.3,-132.63,-132.95,4,stop_loss,15.41306,0.2956,-1.17908,-5.05459,,2022
GBPJPY,1,2022-03-09 15:00:00,2022-03-10 01:00:00,152.341,152.819,151.96048,153.10204,0.3792,47.8,164.94,164.63,10,time_exit,27.41971,0.25368,1.65641,-4.7524,london,2022
GBPJPY,1,2022-03-10 11:00:00,2022-03-10 18:00:00,152.488,152.12634,152.12634,153.21131,0.404,-36.2,-132.96,-133.28,7,stop_loss,32.33726,0.2411,0.50131,-2.83438,london,2022
GBPJPY,1,2022-03-10 22:00:00,2022-03-11 08:00:00,152.063,152.824,151.64749,152.89403,0.3481,76.1,241.06,240.74,10,time_exit,27.18755,0.27701,-1.14887,-2.18005,,2022
GBPJPY,-1,2022-03-14 02:00:00,2022-03-14 11:00:00,153.23,153.61766,153.61766,152.45468,0.3799,-38.8,-134.02,-134.34,9,stop_loss,33.87168,0.25844,2.23617,-1.03005,,2022
GBPJPY,1,2022-03-15 18:00:00,2022-03-16 04:00:00,154.391,154.376,153.93133,155.31033,0.3172,-1.5,-4.33,-4.65,10,time_exit,27.00335,0.30644,2.44635,1.38053,new_york,2022
GBPJPY,-1,2022-03-16 23:00:00,2022-03-17 03:00:00,156.013,156.46762,156.46762,155.10375,0.3206,-45.5,-132.63,-132.95,4,stop_loss,38.19944,0.30308,5.27022,2.74828,,2022
GBPJPY,-1,2022-03-17 05:00:00,2022-03-17 10:00:00,156.059,156.50997,156.50997,155.15706,0.3199,-45.1,-131.28,-131.6,5,stop_loss,51.71332,0.30065,4.24478,3.51438,,2022
GBPJPY,-1,2022-03-17 11:00:00,2022-03-17 15:00:00,156.408,155.58822,156.81789,155.58822,0.3485,82.0,259.98,259.66,4,take_profit,56.20221,0.27326,4.76083,4.50506,london,2022
GBPJPY,1,2022-03-21 04:00:00,2022-03-21 14:00:00,156.885,156.55316,156.55316,157.54868,0.4391,-33.2,-132.6,-132.91,10,stop_loss,31.74256,0.22123,2.76729,6.95234,,2022
GBPJPY,1,2022-03-21 20:00:00,2022-03-22 06:00:00,157.408,157.696,157.07059,158.08282,0.4275,28.8,112.04,111.72,10,time_exit,22.406,0.22494,3.66049,6.78424,new_york,2022
GBPJPY,1,2022-03-22 15:00:00,2022-03-23 01:00:00,159.69,160.62667,159.22166,160.62667,0.3106,93.7,264.75,264.43,10,take_profit,51.26409,0.31222,7.28097,5.89791,london,2022
GBPJPY,1,2022-03-23 09:00:00,2022-03-23 11:00:00,160.812,160.35257,160.35257,161.73085,0.3229,-45.9,-135.0,-135.32,2,stop_loss,65.43976,0.30628,5.98065,8.52263,london,2022
GBPJPY,-1,2022-03-24 17:00:00,2022-03-24 19:00:00,160.768,161.23682,161.23682,159.83036,0.3133,-46.9,-133.66,-133.98,2,stop_loss,20.30227,0.31255,3.14357,7.7228,new_york,2022
GBPJPY,-1,2022-03-30 02:00:00,2022-03-30 06:00:00,161.072,159.54651,161.83475,159.54651,0.1906,152.5,264.59,264.27,4,take_profit,14.32942,0.5085,-0.64853,3.4537,,2022
GBPJPY,-1,2022-03-30 12:00:00,2022-03-30 16:00:00,159.804,160.59846,160.59846,158.21508,0.1867,-79.4,-134.98,-135.3,4,stop_loss,21.85945,0.52964,-2.16379,2.39233,london,2022
GBPJPY,-1,2022-03-31 13:00:00,2022-03-31 23:00:00,160.014,159.952,160.60844,158.82512,0.247,6.2,13.94,13.62,10,time_exit,12.02538,0.39629,-1.17932,1.71073,london,2022
GBPJPY,-1,2022-04-01 06:00:00,2022-04-01 16:00:00,160.98,161.044,161.50935,159.9213,0.2777,-6.4,-16.17,-16.49,10,time_exit,15.18706,0.3529,2.05669,1.19892,,2022
GBPJPY,1,2022-04-05 16:00:00,2022-04-06 02:00:00,161.356,161.707,160.99228,162.08344,0.4036,35.1,128.91,128.6,10,time_exit,20.84111,0.24248,1.88242,2.45365,new_york,2022
GBPJPY,1,2022-04-07 08:00:00,2022-04-07 18:00:00,161.799,161.676,161.46924,162.45853,0.4494,-12.3,-50.3,-50.62,10,time_exit,19.10262,0.21984,0.70989,3.80488,london,2022
GBPJPY,-1,2022-04-07 19:00:00,2022-04-07 21:00:00,161.676,162.06377,162.06377,160.90047,0.3808,-38.8,-134.37,-134.69,2,stop_loss,13.3471,0.25851,-0.25111,3.1606,new_york,2022
GBPJPY,1,2022-04-08 18:00:00,2022-04-11 04:00:00,161.801,162.52408,161.43946,162.52408,0.4043,72.3,266.03,265.71,10,take_profit,9.30073,0.24103,-0.1819,2.9682,new_york,2022
GBPJPY,1,2022-04-13 00:00:00,2022-04-13 09:00:00,162.929,163.63056,162.57822,163.63056,0.425,70.2,271.33,271.01,9,take_profit,23.32693,0.23385,0.03726,4.60852,,2022
GBPJPY,-1,2022-04-15 00:00:00,2022-04-15 02:00:00,164.469,164.80174,164.80174,163.80351,0.457,-33.3,-138.38,-138.7,2,stop_loss,15.2835,0.22183,2.11176,6.1219,,2022
GBPJPY,1,2022-04-18 09:00:00,2022-04-18 10:00:00,164.978,164.64704,164.64704,165.63991,0.4549,-33.1,-137.0,-137.32,1,stop_loss,14.26212,0.22064,0.59482,6.31172,london,2022
GBPJPY,-1,2022-04-19 04:00:00,2022-04-19 05:00:00,165.583,165.85936,165.85936,165.03029,0.5393,-27.6,-135.63,-135.94,1,stop_loss,18.09123,0.18424,3.18917,6.82796,,2022
GBPJPY,1,2022-04-19 11:00:00,2022-04-19 19:00:00,166.676,167.49528,166.26636,167.49528,0.3602,81.9,268.55,268.23,8,take_profit,36.8774,0.27309,4.87723,5.22262,london,2022
GBPJPY,-1,2022-04-19 19:00:00,2022-04-20 01:00:00,167.236,167.71903,167.71903,166.26995,0.3116,-48.3,-136.96,-137.28,6,stop_loss,40.06464,0.32202,4.29748,5.21933,new_york,2022
GBPJPY,1,2022-04-21 07:00:00,2022-04-21 17:00:00,167.381,167.477,166.83569,168.47162,0.2732,9.6,23.87,23.55,10,time_exit,22.86474,0.36354,1.19664,5.00461,london,2022
GBPJPY,1,2022-04-21 20:00:00,2022-04-21 21:00:00,167.631,167.08922,167.08922,168.71455,0.2755,-54.2,-135.83,-136.14,1,stop_loss,16.1122,0.36118,1.35224,4.80703,new_york,2022
GBPJPY,-1,2022-04-22 14:00:00,2022-04-25 00:00:00,165.814,164.9,166.40876,164.62448,0.2484,91.4,206.6,206.29,10,time_exit,26.83664,0.39651,-2.64874,3.14215,london,2022
GBPJPY,-1,2022-04-25 12:00:00,2022-04-25 22:00:00,163.314,163.1,164.03142,161.87916,0.2091,21.4,40.72,40.4,10,time_exit,41.35988,0.47828,-4.61881,0.18307,london,2022
GBPJPY,1,2022-04-26 19:00:00,2022-04-27 00:00:00,160.675,159.92918,159.92918,162.16664,0.2017,-74.6,-136.89,-137.21,5,stop_loss,39.29365,0.49721,-5.31703,-2.71818,new_york,2022
GBPJPY,-1,2022-04-27 12:00:00,2022-04-27 13:00:00,160.418,161.05222,161.05222,159.14956,0.2348,-63.4,-135.51,-135.83,1,stop_loss,41.08671,0.42281,-3.56817,-4.93905,london,2022
GBPJPY,1,2022-04-29 08:00:00,2022-04-29 18:00:00,163.091,162.5631,162.5631,164.1468,0.2793,-52.8,-134.17,-134.49,10,stop_loss,18.61468,0.35193,1.67688,-2.60388,london,2022
GBPJPY,-1,2022-04-29 22:00:00,2022-05-02 01:00:00,163.079,163.70129,163.70129,161.83442,0.2346,-62.2,-132.85,-133.17,3,stop_loss,18.44799,0.41486,0.64817,-1.40571,,2022
GBPJPY,-1,2022-05-03 01:00:00,2022-05-03 07:00:00,162.572,163.01012,163.01012,161.69576,0.3298,-43.8,-131.49,-131.81,6,stop_loss,26.04162,0.29208,-1.5228,-1.18122,,2022
GBPJPY,1,2022-05-03 10:00:00,2022-05-03 20:00:00,162.828,162.583,162.44178,163.60045,0.3704,-24.5,-82.58,-82.9,10,time_exit,21.12501,0.25748,-0.37133,-1.41719,london,2022
GBPJPY,1,2022-05-04 06:00:00,2022-05-04 16:00:00,162.5,162.387,162.15871,163.18258,0.4165,-11.3,-42.83,-43.15,10,time_exit,13.38927,0.22753,-1.2864,-1.72203,,2022
GBPJPY,-1,2022-05-06 21:00:00,2022-05-09 07:00:00,161.061,160.907,161.70309,159.77682,0.2207,15.4,30.93,30.61,10,time_exit,26.08887,0.42806,-1.06615,-2.3044,new_york,2022
GBPJPY,-1,2022-05-09 18:00:00,2022-05-09 19:00:00,160.632,161.26097,161.26097,159.37406,0.2258,-62.9,-129.24,-129.56,1,stop_loss,21.8971,0.41931,-1.6757,-2.1856,new_york,2022
GBPJPY,1,2022-05-09 21:00:00,2022-05-10 03:00:00,160.833,160.17617,160.17617,162.14666,0.214,-65.7,-127.91,-128.23,6,stop_loss,21.47481,0.43789,-1.01783,-2.12373,new_york,2022
GBPJPY,1,2022-05-12 09:00:00,2022-05-12 10:00:00,158.145,157.50005,157.50005,159.43489,0.2158,-64.5,-126.65,-126.97,1,stop_loss,39.18167,0.42996,-4.15248,-3.12101,london,2022
GBPJPY,1,2022-05-12 14:00:00,2022-05-12 16:00:00,157.079,156.30772,156.30772,158.62156,0.1786,-77.1,-125.35,-125.67,2,stop_loss,48.58144,0.51419,-4.55154,-3.21712,london,2022
GBPJPY,-1,2022-05-13 00:00:00,2022-05-13 03:00:00,156.497,157.37249,157.37249,154.74602,0.1558,-87.5,-124.13,-124.44,3,stop_loss,55.74139,0.58366,-3.31951,-3.76581,,2022
GBPJPY,-1,2022-05-13 22:00:00,2022-05-16 04:00:00,158.335,159.05549,159.05549,156.89401,0.1874,-72.0,-122.87,-123.19,6,stop_loss,22.60664,0.48033,0.84278,-4.33862,,2022
GBPJPY,1,2022-05-16 19:00:00,2022-05-17 05:00:00,158.448,159.4,157.70787,159.92825,0.1806,95.2,156.46,156.14,10,time_exit,12.56375,0.49342,0.65093,-3.16018,new_york,2022
GBPJPY,1,2022-05-17 14:00:00,2022-05-18 00:00:00,161.219,161.583,160.52404,162.60892,0.1948,36.4,64.53,64.21,10,time_exit,40.23775,0.46331,4.74659,-1.43154,london,2022
GBPJPY,-1,2022-05-19 02:00:00,2022-05-19 05:00:00,158.502,159.1291,159.1291,157.2478,0.217,-62.7,-123.83,-124.15,3,stop_loss,40.76849,0.41807,-2.92745,-0.3504,,2022
GBPJPY,-1,2022-05-19 20:00:00,2022-05-20 06:00:00,159.484,158.852,160.39526,157.66148,0.1479,63.2,85.06,84.74,10,time_exit,24.3943,0.60751,0.31628,-0.68043,new_york,2022
GBPJPY,1,2022-05-20 09:00:00,2022-05-20 19:00:00,159.356,159.267,158.62368,160.82064,0.1853,-8.9,-15.01,-15.33,10,time_exit,12.77132,0.48821,0.08822,-0.71571,london,2022
GBPJPY,-1,2022-05-23 09:00:00,2022-05-23 19:00:00,160.453,160.68,161.14226,159.07448,0.1966,-22.7,-40.61,-40.93,10,time_exit,19.89353,0.45951,1.8724,-0.18628,london,2022
GBPJPY,-1,2022-05-24 06:00:00,2022-05-24 11:00:00,160.486,159.45196,161.00302,159.45196,0.2612,103.4,245.78,245.46,5,take_profit,20.55642,0.34468,0.8677,0.95443,,2022
GBPJPY,-1,2022-05-24 13:00:00,2022-05-24 23:00:00,159.076,159.001,159.73884,157.75032,0.2078,7.5,14.18,13.86,10,time_exit,19.72723,0.44189,-2.40346,0.60939,london,2022
GBPJPY,-1,2022-05-27 14:00:00,2022-05-27 15:00:00,160.046,160.52064,160.52064,159.09673,0.2905,-47.5,-125.47,-125.79,1,stop_loss,14.32495,0.31642,0.07076,0.65445,london,2022
GBPJPY,-1,2022-05-27 20:00:00,2022-05-30 02:00:00,160.287,160.76649,160.76649,159.32801,0.2847,-47.9,-124.23,-124.54,6,stop_loss,12.3064,0.31966,0.60713,0.75888,new_york,2022
GBPJPY,1,2022-05-30 07:00:00,2022-05-30 15:00:00,160.574,161.38215,160.16993,161.38215,0.3345,80.8,246.0,245.68,8,take_profit,9.58287,0.26938,1.203,1.23109,london,2022
GBPJPY,-1,2022-05-30 18:00:00,2022-05-31 03:00:00,161.426,161.81977,161.81977,160.63846,0.3501,-39.4,-125.45,-125.77,9,stop_loss,22.65353,0.26251,3.45308,1.86953,new_york,2022
GBPJPY,-1,2022-05-31 07:00:00,2022-05-31 16:00:00,161.581,161.92833,161.92833,160.88633,0.3929,-34.7,-124.19,-124.5,9,stop_loss,42.79613,0.23156,2.82118,3.09682,london,2022
GBPJPY,1,2022-06-01 06:00:00,2022-06-01 16:00:00,162.542,162.14928,162.14928,163.32744,0.344,-39.3,-122.94,-123.26,10,stop_loss,40.95031,0.26181,3.67963,3.8834,,2022
GBPJPY,-1,2022-06-03 09:00:00,2022-06-03 12:00:00,163.217,163.53601,163.53601,162.57898,0.4193,-31.9,-121.72,-122.04,3,stop_loss,18.76198,0.21267,2.16201,6.09769,london,2022
GBPJPY,1,2022-06-07 12:00:00,2022-06-07 18:00:00,165.855,166.85306,165.35597,166.85306,0.2653,99.8,240.95,240.64,6,take_profit,52.233,0.33269,3.93527,5.6949,london,2022
GBPJPY,1,2022-06-08 19:00:00,2022-06-09 05:00:00,168.388,168.309,167.81024,169.54352,0.2338,-7.9,-16.81,-17.13,10,time_exit,47.0183,0.38517,4.66249,7.04618,new_york,2022
GBPJPY,-1,2022-06-09 09:00:00,2022-06-09 15:00:00,167.574,168.0934,168.0934,166.53521,0.2597,-51.9,-122.75,-123.07,6,stop_loss,29.68602,0.34626,0.82624,8.1997,london,2022
GBPJPY,-1,2022-06-15 03:00:00,2022-06-15 13:00:00,162.474,162.516,163.16738,161.08725,0.1926,-4.2,-7.36,-7.68,10,time_exit,35.35001,0.46225,-2.1069,-2.24468,,2022
GBPJPY,1,2022-06-16 08:00:00,2022-06-16 10:00:00,163.258,162.63478,162.63478,164.50445,0.2141,-62.3,-121.42,-121.74,2,stop_loss,25.04646,0.41548,0.59596,-2.47667,london,2022
GBPJPY,-1,2022-06-16 18:00:00,2022-06-17 02:00:00,162.704,163.82849,163.82849,160.45502,0.1175,-112.4,-120.24,-120.55,8,stop_loss,27.17658,0.74966,-0.02144,-1.51542,new_york,2022
GBPJPY,1,2022-06-17 14:00:00,2022-06-17 17:00:00,165.629,164.49602,164.49602,167.89496,0.1154,-113.3,-118.98,-119.3,3,stop_loss,29.24886,0.75532,2.63335,-0.37694,london,2022
GBPJPY,-1,2022-06-20 10:00:00,2022-06-20 20:00:00,164.998,165.315,165.71284,163.56831,0.1811,-31.7,-52.24,-52.56,10,time_exit,21.28907,0.47656,1.27047,0.57043,london,2022
GBPJPY,-1,2022-06-21 08:00:00,2022-06-21 10:00:00,165.72,166.14977,166.14977,164.86046,0.2999,-43.0,-117.29,-117.61,2,stop_loss,16.03109,0.28651,2.42043,2.25848,london,2022
GBPJPY,1,2022-06-21 14:00:00,2022-06-21 23:00:00,166.774,167.81491,166.25354,167.81491,0.2451,104.1,232.17,231.85,9,take_profit,22.50874,0.34697,4.25355,2.3289,london,2022
GBPJPY,1,2022-06-23 08:00:00,2022-06-23 10:00:00,165.979,165.36607,165.36607,167.20487,0.2123,-61.3,-118.41,-118.73,2,stop_loss,21.32646,0.40862,-1.26579,2.90477,london,2022
GBPJPY,1,2022-06-27 22:00:00,2022-06-28 04:00:00,166.246,165.75726,165.75726,167.22348,0.2636,-48.9,-117.24,-117.56,6,stop_loss,19.29138,0.32583,0.98663,1.29326,,2022
GBPJPY,1,2022-06-29 00:00:00,2022-06-29 10:00:00,165.826,165.885,165.36497,166.74806,0.2766,5.9,14.85,14.53,10,time_exit,14.28603,0.30735,-0.71846,1.46064,,2022
GBPJPY,-1,2022-06-30 21:00:00,2022-07-01 06:00:00,165.203,164.13758,165.73571,164.13758,0.2397,106.5,232.4,232.08,9,take_profit,17.51142,0.35514,-1.08809,-0.14056,new_york,2022
GBPJPY,-1,2022-07-01 06:00:00,2022-07-01 10:00:00,164.323,163.33249,164.81826,163.33249,0.263,99.1,237.06,236.74,4,take_profit,16.3348,0.33017,-3.35879,-0.49862,,2022
GBPJPY,1,2022-07-04 08:00:00,2022-07-04 15:00:00,163.4,164.59464,162.80268,164.59464,0.2224,119.5,241.78,241.46,7,take_profit,32.15052,0.39821,-1.68871,-2.5187,london,2022
GBPJPY,-1,2022-07-04 15:00:00,2022-07-05 01:00:00,164.464,164.34,165.05317,163.28567,0.23,12.4,25.95,25.63,10,time_exit,24.07076,0.39278,0.96093,-2.34536,london,2022
GBPJPY,1,2022-07-05 23:00:00,2022-07-06 04:00:00,162.359,161.72685,161.72685,163.62329,0.2148,-63.2,-123.56,-123.88,5,stop_loss,37.61748,0.42143,-3.1351,-2.36455,,2022
GBPJPY,-1,2022-07-08 03:00:00,2022-07-08 10:00:00,163.504,162.50752,164.00224,162.50752,0.2698,99.6,244.65,244.33,7,take_profit,24.91404,0.33216,2.17904,-2.89244,,2022
GBPJPY,-1,2022-07-12 05:00:00,2022-07-12 15:00:00,162.888,161.84806,163.40797,161.84806,0.2637,104.0,249.55,249.23,10,take_profit,17.9115,0.34665,-1.55644,-0.63669,,2022
GBPJPY,-1,2022-07-13 00:00:00,2022-07-13 05:00:00,162.674,163.16581,163.16581,161.69038,0.2843,-49.2,-127.24,-127.56,5,stop_loss,22.03425,0.32787,-0.8307,-1.50689,,2022
GBPJPY,1,2022-07-13 20:00:00,2022-07-14 06:00:00,163.584,163.849,162.91048,164.93104,0.2056,26.5,49.58,49.26,10,time_exit,25.77042,0.44901,1.07944,-0.67805,new_york,2022
GBPJPY,1,2022-07-14 15:00:00,2022-07-15 01:00:00,164.214,164.432,163.56053,165.52093,0.2127,21.8,42.2,41.88,10,time_exit,31.0381,0.43564,1.44812,0.18925,london,2022
GBPJPY,1,2022-07-15 09:00:00,2022-07-15 10:00:00,164.221,163.70444,163.70444,165.25413,0.2699,-51.7,-126.87,-127.19,1,stop_loss,13.28384,0.34438,0.82971,0.93609,london,2022
GBPJPY,-1,2022-07-15 15:00:00,2022-07-18 01:00:00,164.128,164.378,164.68225,163.01951,0.2491,-25.0,-56.67,-56.99,10,time_exit,17.91564,0.3695,0.36052,0.9136,london,2022
GBPJPY,1,2022-07-18 11:00:00,2022-07-18 16:00:00,164.995,165.87429,164.55535,165.87429,0.3126,87.9,250.13,249.81,5,take_profit,15.19855,0.2931,2.61486,1.49587,london,2022
GBPJPY,-1,2022-07-19 10:00:00,2022-07-19 11:00:00,164.942,165.39701,165.39701,164.03198,0.308,-45.5,-127.53,-127.85,1,stop_loss,17.02425,0.30334,0.4619,2.35553,london,2022
GBPJPY,-1,2022-07-21 01:00:00,2022-07-21 11:00:00,165.577,165.546,166.04466,164.64168,0.2967,3.1,8.37,8.05,10,time_exit,18.4461,0.31177,0.25169,2.85132,,2022
GBPJPY,1,2022-07-22 13:00:00,2022-07-22 14:00:00,164.186,163.58179,163.58179,165.39442,0.2298,-60.4,-126.35,-126.67,1,stop_loss,32.50243,0.40281,-2.20161,0.81515,london,2022
GBPJPY,-1,2022-07-27 09:00:00,2022-07-27 19:00:00,165.121,165.357,165.52066,164.32169,0.3439,-23.6,-73.86,-74.17,10,time_exit,26.76817,0.26644,2.11779,0.10878,london,2022
GBPJPY,-1,2022-08-04 06:00:00,2022-08-04 10:00:00,162.576,163.1439,163.1439,161.44019,0.2406,-56.8,-124.34,-124.66,4,stop_loss,16.59425,0.3786,1.1801,-1.86833,,2022
GBPJPY,-1,2022-08-04 13:00:00,2022-08-04 14:00:00,163.341,163.85517,163.85517,162.31266,0.2631,-51.4,-123.1,-123.42,1,stop_loss_ambiguous,20.64826,0.34278,2.92119,-1.46996,london,2022
GBPJPY,-1,2022-08-08 09:00:00,2022-08-08 10:00:00,163.276,163.74014,163.74014,162.34773,0.2885,-46.4,-121.85,-122.17,1,stop_loss,26.46566,0.30942,2.45871,-0.48433,london,2022
GBPJPY,1,2022-08-08 15:00:00,2022-08-08 19:00:00,163.335,162.82803,162.82803,164.34894,0.2615,-50.7,-120.64,-120.96,4,stop_loss,28.28014,0.33798,1.89629,-0.03362,london,2022
GBPJPY,1,2022-08-09 01:00:00,2022-08-09 11:00:00,163.043,163.477,162.56298,164.00303,0.2734,43.4,107.98,107.66,10,time_exit,17.88397,0.32001,0.76086,0.20524,,2022
GBPJPY,1,2022-08-09 16:00:00,2022-08-10 02:00:00,163.348,163.2,162.89383,164.25634,0.2916,-14.8,-39.27,-39.59,10,time_exit,13.00138,0.30278,1.30073,0.57151,new_york,2022
GBPJPY,-1,2022-08-10 20:00:00,2022-08-11 06:00:00,162.341,162.354,162.89722,161.22856,0.2373,-1.3,-2.81,-3.13,10,time_exit,19.10569,0.37081,-1.62113,0.27649,new_york,2022
GBPJPY,-1,2022-08-11 19:00:00,2022-08-12 05:00:00,162.242,162.586,162.72835,161.2693,0.2713,-34.4,-84.93,-85.25,10,time_exit,31.17797,0.32423,-0.60711,-0.79592,new_york,2022
GBPJPY,-1,2022-08-12 07:00:00,2022-08-12 17:00:00,162.463,162.036,162.85039,161.68822,0.3382,42.7,131.41,131.1,10,time_exit,18.71511,0.25826,0.26735,-1.00509,london,2022
GBPJPY,1,2022-08-12 18:00:00,2022-08-15 03:00:00,162.036,161.55819,161.55819,162.99161,0.2772,-47.8,-120.53,-120.85,9,stop_loss,12.43199,0.31854,-0.9112,-0.88534,new_york,2022
GBPJPY,1,2022-08-15 12:00:00,2022-08-15 15:00:00,161.036,160.59592,160.59592,161.91616,0.298,-44.0,-119.34,-119.66,3,stop_loss,22.0838,0.29339,-3.1885,-1.64901,london,2022
GBPJPY,-1,2022-08-16 13:00:00,2022-08-16 15:00:00,161.276,161.73533,161.73533,160.35735,0.2826,-45.9,-118.12,-118.44,2,stop_loss,26.38679,0.30622,0.17659,-2.813,london,2022
GBPJPY,-1,2022-08-16 20:00:00,2022-08-17 06:00:00,162.372,162.402,162.88324,161.34953,0.2514,-3.0,-6.86,-7.18,10,time_exit,34.22903,0.34082,2.67632,-1.84741,new_york,2022
GBPJPY,-1,2022-08-18 19:00:00,2022-08-19 04:00:00,161.933,162.45654,162.45654,160.88592,0.2453,-52.4,-116.87,-117.18,9,stop_loss,21.9563,0.34903,-1.55154,0.47172,new_york,2022
GBPJPY,-1,2022-08-19 15:00:00,2022-08-22 01:00:00,162.144,161.962,162.61567,161.20067,0.2696,18.2,44.65,44.33,10,time_exit,21.55957,0.31444,-0.62421,0.15603,london,2022
GBPJPY,1,2022-08-22 20:00:00,2022-08-23 06:00:00,161.849,161.504,161.34408,162.85884,0.2528,-34.5,-79.37,-79.69,10,time_exit,23.0631,0.33661,-0.55704,-0.47612,new_york,2022
GBPJPY,1,2022-08-23 15:00:00,2022-08-24 01:00:00,161.654,161.725,161.15227,162.65746,0.2526,7.1,16.32,16.0,10,time_exit,23.61703,0.33449,-0.39739,-0.906,london,2022
GBPJPY,-1,2022-08-25 00:00:00,2022-08-25 10:00:00,161.68,161.609,162.06018,160.91963,0.3339,7.1,21.57,21.25,10,time_exit,15.3077,0.25346,0.44572,-1.35222,,2022
GBPJPY,-1,2022-08-25 22:00:00,2022-08-26 08:00:00,161.367,161.542,161.74549,160.61002,0.336,-17.5,-53.51,-53.83,10,time_exit,12.74925,0.25233,-0.85555,-1.13093,,2022
GBPJPY,1,2022-08-30 09:00:00,2022-08-30 16:00:00,162.117,161.76785,161.76785,162.81529,0.3625,-34.9,-115.17,-115.49,7,stop_loss,23.75446,0.23276,0.50716,0.48045,london,2022
GBPJPY,-1,2022-08-30 16:00:00,2022-08-31 02:00:00,162.02,161.772,162.4097,161.24061,0.3216,24.8,72.58,72.26,10,time_exit,20.3308,0.2598,-0.10149,0.51704,new_york,2022
GBPJPY,1,2022-08-31 20:00:00,2022-09-01 06:00:00,161.254,161.549,160.8101,162.14179,0.2841,29.5,76.27,75.95,10,time_exit,22.86089,0.29593,-1.42995,-0.47397,new_york,2022
GBPJPY,1,2022-09-02 16:00:00,2022-09-02 17:00:00,162.22,161.83783,161.83783,162.98433,0.3322,-38.2,-115.53,-115.85,1,stop_loss,22.27694,0.25478,1.6988,0.04773,new_york,2022
GBPJPY,1,2022-09-02 22:00:00,2022-09-05 00:00:00,161.318,160.80872,160.80872,162.33656,0.2468,-50.9,-114.38,-114.7,2,stop_loss,25.91722,0.33952,-1.31451,-0.0195,,2022
GBPJPY,-1,2022-09-05 02:00:00,2022-09-05 12:00:00,161.116,161.63097,161.63097,160.08605,0.2416,-51.5,-113.22,-113.54,10,stop_loss,32.56542,0.34332,-1.66154,-0.19219,,2022
GBPJPY,1,2022-09-05 20:00:00,2022-09-06 04:00:00,161.82,162.6509,161.40455,162.6509,0.2964,83.1,224.11,223.79,8,take_profit,20.81042,0.27697,0.94542,-0.48487,new_york,2022
GBPJPY,1,2022-09-06 23:00:00,2022-09-07 09:00:00,164.467,165.56549,163.91776,165.56549,0.2287,109.8,228.61,228.3,10,take_profit,59.25505,0.36616,4.04064,2.37133,,2022
GBPJPY,1,2022-09-08 18:00:00,2022-09-09 04:00:00,165.415,165.958,164.79779,166.64942,0.2076,54.3,102.58,102.26,10,time_exit,21.62253,0.41147,0.73752,4.39339,new_york,2022
GBPJPY,-1,2022-09-09 09:00:00,2022-09-09 13:00:00,165.647,164.60367,166.16866,164.60367,0.2478,104.3,235.27,234.95,4,take_profit,15.11869,0.34778,0.72435,5.05395,london,2022
GBPJPY,1,2022-09-12 00:00:00,2022-09-12 08:00:00,165.422,166.39549,164.93525,166.39549,0.2708,97.3,239.9,239.58,8,take_profit,16.13538,0.3245,-0.06551,4.4426,,2022
GBPJPY,-1,2022-09-12 13:00:00,2022-09-12 23:00:00,166.685,166.85,167.21361,165.62779,0.2544,-16.5,-38.2,-38.52,10,time_exit,23.56445,0.3524,2.89879,4.35034,london,2022
GBPJPY,1,2022-09-13 20:00:00,2022-09-14 06:00:00,166.299,166.159,165.72005,167.4569,0.2315,-14.0,-29.49,-29.81,10,time_exit,24.16015,0.38597,-0.08657,3.9863,new_york,2022
GBPJPY,-1,2022-09-15 21:00:00,2022-09-16 07:00:00,164.646,164.278,165.10927,163.71946,0.2886,36.8,96.65,96.33,10,time_exit,25.23036,0.30885,-2.38886,1.17558,new_york,2022
GBPJPY,1,2022-09-19 22:00:00,2022-09-20 08:00:00,163.589,163.698,163.20284,164.36131,0.349,10.9,34.62,34.3,10,time_exit,13.14399,0.25744,-0.34373,-2.89889,,2022
GBPJPY,-1,2022-09-21 03:00:00,2022-09-21 08:00:00,163.417,163.81776,163.81776,162.61547,0.3372,-40.1,-122.98,-123.29,5,stop_loss,16.33419,0.26718,-1.12801,-2.02991,,2022
GBPJPY,-1,2022-09-23 21:00:00,2022-09-26 03:00:00,155.888,153.79011,156.93695,153.79011,0.1276,209.8,243.6,243.28,6,take_profit,45.72948,0.6993,-5.78981,-3.75459,new_york,2022
GBPJPY,1,2022-09-26 14:00:00,2022-09-27 00:00:00,154.771,154.426,152.87136,158.57028,0.0718,-34.5,-22.54,-22.86,10,time_exit,55.81863,1.26643,-1.56829,-3.47142,london,2022
GBPJPY,-1,2022-09-27 11:00:00,2022-09-27 21:00:00,155.873,155.315,157.16546,153.28809,0.1054,55.8,53.52,53.2,10,time_exit,18.92927,0.86164,-0.10226,-4.74731,london,2022
GBPJPY,-1,2022-09-28 01:00:00,2022-09-28 11:00:00,155.385,154.691,156.32463,153.50575,0.1456,69.4,91.95,91.63,10,time_exit,14.12223,0.62642,-0.61856,-5.90185,,2022
GBPJPY,-1,2022-09-28 11:00:00,2022-09-28 13:00:00,154.705,155.62575,155.62575,152.86351,0.1497,-92.1,-125.43,-125.75,2,stop_loss,21.8744,0.61383,-1.02434,-5.95386,london,2022
GBPJPY,1,2022-09-28 14:00:00,2022-09-28 15:00:00,154.367,153.21419,153.21419,156.67261,0.1183,-115.3,-124.1,-124.42,1,stop_loss,22.14097,0.76854,-1.13994,-4.70015,london,2022
GBPJPY,-1,2022-09-29 13:00:00,2022-09-29 16:00:00,157.258,158.26838,158.26838,155.23725,0.1337,-101.0,-122.93,-123.25,3,stop_loss,23.49083,0.67358,2.18958,-3.71609,london,2022
GBPJPY,-1,2022-09-29 21:00:00,2022-09-30 01:00:00,159.82,160.9472,160.9472,157.56561,0.1186,-112.7,-121.65,-121.97,4,stop_loss,39.82324,0.75146,4.30763,-2.29662,new_york,2022
GBPJPY,-1,2022-09-30 12:00:00,2022-09-30 14:00:00,161.858,159.67673,162.94864,159.67673,0.1214,218.1,240.97,240.66,2,take_profit,50.84539,0.72709,4.54759,-0.18398,london,2022
GBPJPY,1,2022-09-30 18:00:00,2022-10-03 04:00:00,161.647,161.489,160.35244,164.23612,0.1043,-15.8,-15.0,-15.31,10,time_exit,39.64347,0.86304,3.11214,0.21873,new_york,2022
GBPJPY,1,2022-10-04 02:00:00,2022-10-04 12:00:00,163.699,164.509,162.89825,165.3005,0.1684,81.0,124.13,123.81,10,time_exit,40.46033,0.53383,4.0335,3.37913,,2022
GBPJPY,1,2022-10-05 17:00:00,2022-10-06 03:00:00,163.355,164.3,162.58364,164.89772,0.1766,94.5,151.87,151.55,10,time_exit,25.40895,0.51424,-1.15795,5.12518,new_york,2022
GBPJPY,-1,2022-10-06 10:00:00,2022-10-06 17:00:00,163.655,162.39573,164.28464,162.39573,0.219,125.9,250.96,250.64,7,take_profit,16.58178,0.41976,-0.62094,5.27376,london,2022
GBPJPY,-1,2022-10-07 00:00:00,2022-10-07 10:00:00,161.953,161.838,162.69251,160.47397,0.1902,11.5,19.9,19.59,10,time_exit,29.79133,0.49301,-2.6667,2.95235,,2022
GBPJPY,1,2022-10-07 23:00:00,2022-10-10 09:00:00,161.057,160.855,160.34178,162.48744,0.1969,-20.2,-36.19,-36.51,10,time_exit,37.55568,0.47681,-2.58618,1.08458,,2022
GBPJPY,-1,2022-10-11 22:00:00,2022-10-12 08:00:00,160.683,160.966,161.53821,158.97258,0.1642,-28.3,-42.29,-42.6,10,time_exit,18.64524,0.57014,-1.215,-0.29445,,2022
GBPJPY,1,2022-10-12 10:00:00,2022-10-12 13:00:00,160.704,162.36261,159.8747,162.36261,0.1688,165.9,254.78,254.46,3,take_profit,20.2067,0.55287,-0.47955,-0.78775,london,2022
GBPJPY,-1,2022-10-12 23:00:00,2022-10-13 09:00:00,162.901,162.475,163.7661,161.17079,0.165,42.6,63.96,63.65,10,time_exit,28.55712,0.57674,2.39637,0.02335,,2022
GBPJPY,1,2022-10-13 21:00:00,2022-10-14 07:00:00,166.653,166.908,165.57603,168.80693,0.1332,25.5,30.91,30.59,10,time_exit,49.98702,0.71798,4.93919,1.54669,new_york,2022
GBPJPY,-1,2022-10-17 03:00:00,2022-10-17 13:00:00,167.087,168.06327,168.06327,165.13446,0.1473,-97.6,-130.86,-131.18,10,stop_loss,27.18724,0.65085,2.47114,3.54648,,2022
GBPJPY,-1,2022-10-18 06:00:00,2022-10-18 07:00:00,168.965,169.65342,169.65342,167.58816,0.2068,-68.8,-129.55,-129.87,1,stop_loss,42.18543,0.45895,3.07034,6.8388,,2022
GBPJPY,1,2022-10-18 18:00:00,2022-10-19 04:00:00,168.743,169.182,167.90363,170.42173,0.1679,43.9,67.07,66.76,10,time_exit,24.78088,0.55958,1.31285,5.53701,new_york,2022
GBPJPY,1,2022-10-19 23:00:00,2022-10-20 09:00:00,168.237,168.307,167.60085,169.5093,0.2227,7.0,14.19,13.87,10,time_exit,19.16116,0.4241,-0.30624,5.95637,,2022
GBPJPY,-1,2022-10-20 13:00:00,2022-10-20 14:00:00,167.905,168.49569,168.49569,166.72361,0.2401,-59.1,-129.06,-129.38,1,stop_loss,18.07964,0.3938,-0.79866,5.31063,london,2022
GBPJPY,-1,2022-10-20 22:00:00,2022-10-21 08:00:00,168.451,168.42,169.18197,166.98906,0.1921,3.1,5.42,5.1,10,time_exit,21.91832,0.48731,0.19022,4.12097,,2022
GBPJPY,1,2022-10-21 09:00:00,2022-10-21 12:00:00,168.394,167.85257,167.85257,169.47687,0.2594,-54.1,-127.81,-128.13,3,stop_loss,13.88516,0.36096,0.07247,5.06109,london,2022
GBPJPY,1,2022-10-24 19:00:00,2022-10-25 05:00:00,167.986,168.325,166.7914,170.37519,0.1164,33.9,35.91,35.59,10,time_exit,15.44355,0.7964,-0.42895,1.62162,new_york,2022
GBPJPY,-1,2022-10-27 20:00:00,2022-10-28 04:00:00,169.109,169.73761,169.73761,167.85177,0.2218,-62.9,-126.88,-127.2,8,stop_loss,21.17469,0.41908,-0.79506,2.8323,new_york,2022
GBPJPY,-1,2022-10-28 20:00:00,2022-10-31 03:00:00,171.178,171.81402,171.81402,169.90595,0.217,-63.6,-125.6,-125.91,7,stop_loss,23.23905,0.42402,3.43232,2.69553,new_york,2022
GBPJPY,1,2022-11-01 13:00:00,2022-11-01 19:00:00,170.086,169.56806,169.56806,171.12188,0.2638,-51.8,-124.34,-124.65,6,stop_loss,26.25214,0.34529,-1.50106,3.55608,london,2022
GBPJPY,1,2022-11-02 05:00:00,2022-11-02 12:00:00,169.525,168.97158,168.97158,170.63183,0.2444,-55.3,-123.08,-123.4,7,stop_loss,26.91121,0.36894,-2.07631,2.2393,,2022
GBPJPY,-1,2022-11-03 12:00:00,2022-11-03 15:00:00,166.761,165.63669,167.32315,165.63669,0.2382,112.4,243.71,243.39,3,take_profit,55.43276,0.37477,-5.93609,-0.68353,london,2022
GBPJPY,1,2022-11-03 18:00:00,2022-11-04 01:00:00,165.941,165.16066,165.16066,167.50167,0.1751,-78.0,-124.34,-124.66,7,stop_loss,66.11926,0.52022,-4.72506,-1.28369,new_york,2022
GBPJPY,1,2022-11-04 05:00:00,2022-11-04 15:00:00,165.838,165.23141,165.23141,167.05118,0.2229,-60.7,-123.04,-123.36,10,stop_loss,72.63551,0.40439,-3.87597,-3.2153,,2022
GBPJPY,1,2022-11-04 18:00:00,2022-11-07 04:00:00,166.006,166.76,165.35093,167.31615,0.2044,75.4,140.25,139.93,10,time_exit,50.0732,0.43672,-1.77231,-3.62549,new_york,2022
GBPJPY,-1,2022-11-10 04:00:00,2022-11-10 14:00:00,166.524,166.627,167.04388,165.48424,0.2605,-10.3,-24.42,-24.74,10,time_exit,38.7505,0.34659,-1.97829,-1.91567,,2022
GBPJPY,-1,2022-11-10 23:00:00,2022-11-11 09:00:00,165.437,165.835,166.14628,164.01844,0.1905,-39.8,-69.0,-69.31,10,time_exit,28.43553,0.47285,-2.56243,-1.99649,,2022
GBPJPY,1,2022-11-11 18:00:00,2022-11-14 04:00:00,163.749,164.036,162.87074,165.50553,0.153,28.7,39.96,39.64,10,time_exit,39.01044,0.58551,-3.35691,-2.43656,new_york,2022
GBPJPY,1,2022-11-14 10:00:00,2022-11-14 20:00:00,164.458,165.071,163.73817,165.89765,0.1873,61.3,104.48,104.16,10,time_exit,36.36371,0.47988,-1.04726,-3.61482,london,2022
GBPJPY,-1,2022-11-14 22:00:00,2022-11-15 08:00:00,164.802,165.378,165.50805,163.3899,0.1926,-57.6,-100.95,-101.27,10,time_exit,20.57667,0.4707,-0.44405,-3.20058,,2022
GBPJPY,-1,2022-11-15 17:00:00,2022-11-15 21:00:00,165.908,164.42858,166.64771,164.42858,0.1823,147.9,245.42,245.11,4,take_profit,14.78182,0.49314,1.65031,-2.39046,new_york,2022
GBPJPY,1,2022-11-16 11:00:00,2022-11-16 16:00:00,165.949,165.22481,165.22481,167.39737,0.1899,-72.4,-125.15,-125.46,5,stop_loss,12.81535,0.48279,1.25792,-1.67935,london,2022
GBPJPY,-1,2022-11-17 05:00:00,2022-11-17 15:00:00,165.782,165.307,166.33405,164.6779,0.2466,47.5,106.59,106.27,10,time_exit,8.03253,0.36803,0.36452,-1.27481,,2022
GBPJPY,1,2022-11-21 04:00:00,2022-11-21 11:00:00,166.353,167.28631,165.88635,167.28631,0.2943,93.3,249.95,249.63,7,take_profit,19.06417,0.3111,-0.03578,0.471,,2022
GBPJPY,1,2022-11-21 17:00:00,2022-11-22 02:00:00,167.229,168.20707,166.73996,168.20707,0.2864,97.8,254.91,254.59,9,take_profit,22.81913,0.32602,1.95292,0.90128,new_york,2022
GBPJPY,1,2022-11-23 07:00:00,2022-11-23 11:00:00,167.99,168.58425,167.69287,168.58425,0.4808,59.4,260.0,259.68,4,take_profit,15.40119,0.19808,1.99652,4.05497,london,2022
GBPJPY,-1,2022-11-24 02:00:00,2022-11-24 12:00:00,168.152,167.29008,168.58296,167.29008,0.3381,86.2,265.19,264.87,10,take_profit,19.17216,0.28731,0.61648,3.21962,,2022
GBPJPY,1,2022-11-30 16:00:00,2022-11-30 17:00:00,167.071,166.5455,166.5455,168.12201,0.2828,-52.6,-135.24,-135.56,1,stop_loss,20.84528,0.35034,2.00371,-1.51131,new_york,2022
GBPJPY,1,2022-12-01 08:00:00,2022-12-01 15:00:00,165.08,166.37624,164.43188,166.37624,0.227,129.6,267.76,267.45,7,take_profit,22.33006,0.43208,-2.45894,-1.4271,london,2022
GBPJPY,-1,2022-12-02 08:00:00,2022-12-02 11:00:00,165.272,164.18539,165.81531,164.18539,0.2762,108.7,273.11,272.79,3,take_profit,13.58579,0.3622,-1.71602,-1.80055,london,2022
GBPJPY,-1,2022-12-02 11:00:00,2022-12-02 15:00:00,164.283,164.90059,164.90059,163.04782,0.2479,-61.8,-139.32,-139.64,4,stop_loss,17.77588,0.41173,-3.63268,-1.74221,london,2022
GBPJPY,-1,2022-12-02 17:00:00,2022-12-05 03:00:00,165.427,165.465,166.0888,164.1034,0.229,-3.8,-7.92,-8.24,10,time_exit,22.38662,0.4412,-0.32974,-1.87209,new_york,2022
GBPJPY,1,2022-12-06 01:00:00,2022-12-06 11:00:00,166.7,166.556,166.1649,167.77021,0.283,-14.4,-37.08,-37.4,10,time_exit,14.63985,0.35674,2.09933,-0.95327,,2022
GBPJPY,1,2022-12-07 08:00:00,2022-12-07 18:00:00,166.639,166.514,166.1597,167.5976,0.3151,-12.5,-35.84,-36.16,10,time_exit,10.97818,0.31953,0.91171,-0.00333,london,2022
GBPJPY,-1,2022-12-08 02:00:00,2022-12-08 06:00:00,166.511,167.01513,167.01513,165.50274,0.2988,-50.4,-137.08,-137.4,4,stop_loss,13.62874,0.33609,-0.14853,0.41776,,2022
GBPJPY,1,2022-12-13 15:00:00,2022-12-13 16:00:00,168.918,168.44361,168.44361,169.86678,0.3144,-47.4,-135.72,-136.04,1,stop_loss,20.45942,0.31626,2.06806,3.30398,london,2022
GBPJPY,-1,2022-12-13 20:00:00,2022-12-14 06:00:00,167.349,167.382,167.96381,166.11939,0.2401,-3.3,-7.21,-7.53,10,time_exit,27.86108,0.40987,-1.88797,2.17425,new_york,2022
GBPJPY,-1,2022-12-14 07:00:00,2022-12-14 17:00:00,167.38,167.255,167.85408,166.43184,0.3113,12.5,35.41,35.09,10,time_exit,32.25496,0.31605,-1.59334,1.99042,london,2022
GBPJPY,-1,2022-12-16 01:00:00,2022-12-16 10:00:00,167.847,166.76613,168.38744,166.76613,0.2738,108.1,269.31,268.99,9,take_profit,15.07803,0.36029,-0.49987,1.27329,,2022
GBPJPY,-1,2022-12-19 08:00:00,2022-12-19 11:00:00,165.74,166.3131,166.3131,164.5938,0.2633,-57.3,-137.32,-137.63,3,stop_loss,22.38073,0.38207,-2.91131,-0.98304,london,2022
GBPJPY,1,2022-12-19 19:00:00,2022-12-20 00:00:00,166.706,166.12124,166.12124,167.87552,0.2555,-58.5,-135.96,-136.28,5,stop_loss,14.83458,0.38984,0.26324,-1.30891,new_york,2022
GBPJPY,-1,2022-12-20 01:00:00,2022-12-20 02:00:00,166.268,166.75612,166.75612,165.29176,0.303,-48.8,-134.59,-134.91,1,stop_loss,11.5816,0.32541,-1.00144,-1.59501,,2022
GBPJPY,1,2022-12-21 09:00:00,2022-12-21 10:00:00,160.697,159.88609,159.88609,162.31882,0.1805,-81.1,-133.2,-133.51,1,stop_loss,35.76934,0.54061,-3.41659,-5.44551,london,2022
GBPJPY,-1,2022-12-21 10:00:00,2022-12-21 20:00:00,160.519,159.715,161.31452,158.92796,0.1822,80.4,133.3,132.99,10,time_exit,35.23846,0.53035,-3.67943,-5.60767,london,2022
GBPJPY,-1,2022-12-22 03:00:00,2022-12-22 13:00:00,159.802,159.1,160.42409,158.55782,0.2353,70.2,150.31,150.0,10,time_exit,22.99159,0.41473,-3.33553,-8.16286,,2022
GBPJPY,-1,2022-12-23 09:00:00,2022-12-23 13:00:00,159.674,160.13492,160.13492,158.75216,0.3212,-46.1,-134.72,-135.04,4,stop_loss,17.7897,0.30728,-1.0292,-10.58744,london,2022
GBPJPY,-1,2022-12-27 14:00:00,2022-12-28 00:00:00,160.416,160.516,160.88304,159.48192,0.3138,-10.0,-28.56,-28.87,10,time_exit,31.17911,0.31136,0.47902,-7.22522,london,2022
GBPJPY,1,2022-12-29 10:00:00,2022-12-29 15:00:00,161.005,160.56484,160.56484,161.88533,0.3323,-44.0,-133.1,-133.42,5,stop_loss,27.75124,0.29344,-0.00796,-3.41695,london,2022
GBPJPY,1,2022-12-29 19:00:00,2022-12-30 02:00:00,160.576,160.07645,160.07645,161.5751,0.2898,-50.0,-131.74,-132.06,7,stop_loss,26.55517,0.33303,-1.02475,-2.94904,new_york,2022
GBPJPY,-1,2023-01-02 01:00:00,2023-01-02 11:00:00,157.902,157.662,158.59101,156.52398,0.208,24.0,45.43,45.11,10,time_exit,48.48065,0.45934,-3.93064,-3.46038,,2023
GBPJPY,1,2023-01-02 17:00:00,2023-01-03 03:00:00,157.516,157.08006,157.08006,158.38787,0.3299,-43.6,-130.87,-131.19,10,stop_loss,41.76056,0.29062,-4.34231,-6.64285,new_york,2023
GBPJPY,-1,2023-01-03 15:00:00,2023-01-03 17:00:00,156.587,157.23347,157.23347,155.29407,0.2203,-64.6,-129.6,-129.92,2,stop_loss,36.54045,0.43098,-2.33114,-5.4955,london,2023
GBPJPY,-1,2023-01-04 02:00:00,2023-01-04 12:00:00,157.114,157.389,157.68953,155.96294,0.2449,-27.5,-61.29,-61.6,10,time_exit,20.91293,0.38369,-0.478,-6.09069,,2023
GBPJPY,1,2023-01-05 05:00:00,2023-01-05 15:00:00,159.015,159.354,158.41807,160.20886,0.235,33.9,72.5,72.18,10,time_exit,38.56097,0.39795,2.29041,-3.01793,,2023
GBPJPY,1,2023-01-09 12:00:00,2023-01-09 14:00:00,161.033,160.482,160.482,162.135,0.256,-55.1,-128.36,-128.68,2,stop_loss,18.51223,0.36733,4.13841,0.30815,london,2023
GBPJPY,-1,2023-01-10 17:00:00,2023-01-11 03:00:00,160.469,160.858,160.91714,159.57273,0.3116,-38.9,-110.3,-110.62,10,time_exit,17.82544,0.29876,0.83893,1.76907,new_york,2023
GBPJPY,1,2023-01-11 06:00:00,2023-01-11 12:00:00,160.981,160.5962,160.5962,161.75059,0.3598,-38.5,-125.99,-126.31,6,stop_loss,18.98981,0.25653,2.12599,2.41441,,2023
GBPJPY,-1,2023-01-11 20:00:00,2023-01-12 06:00:00,160.579,159.936,161.02214,159.69272,0.3093,64.3,180.98,180.66,10,time_exit,15.28941,0.29543,-0.04931,2.19541,new_york,2023
GBPJPY,1,2023-01-13 20:00:00,2023-01-16 06:00:00,155.917,156.494,155.29613,157.15874,0.2239,57.7,117.56,117.24,10,time_exit,64.22519,0.41391,-5.10808,-2.99707,new_york,2023
GBPJPY,-1,2023-01-16 06:00:00,2023-01-16 10:00:00,156.308,156.88492,156.88492,155.15417,0.2432,-57.7,-127.68,-128.0,4,stop_loss,42.37373,0.38461,-3.11419,-3.89184,,2023
GBPJPY,1,2023-01-18 04:00:00,2023-01-18 05:00:00,157.936,158.976,157.416,158.976,0.2672,104.0,252.88,252.56,1,take_profit,25.64663,0.34667,1.86369,-2.91697,,2023
GBPJPY,-1,2023-01-18 15:00:00,2023-01-19 01:00:00,159.662,158.717,160.57226,157.84149,0.1557,94.5,133.89,133.58,10,time_exit,36.71315,0.60684,2.19251,-0.29412,london,2023
GBPJPY,-1,2023-01-20 00:00:00,2023-01-20 03:00:00,159.102,159.59046,159.59046,158.12508,0.2931,-48.8,-130.28,-130.6,3,stop_loss,18.46012,0.32564,1.68633,0.10938,,2023
GBPJPY,1,2023-01-23 23:00:00,2023-01-24 02:00:00,161.707,161.26138,161.26138,162.59823,0.3181,-44.6,-128.99,-129.31,3,stop_loss,36.01141,0.29708,3.79197,4.12928,,2023
GBPJPY,-1,2023-01-25 14:00:00,2023-01-25 15:00:00,159.601,160.11817,160.11817,158.56665,0.2713,-51.7,-127.68,-128.0,1,stop_loss,20.37388,0.34478,-2.81242,2.28275,london,2023
GBPJPY,-1,2023-01-26 20:00:00,2023-01-27 06:00:00,161.29,160.955,161.79878,160.27244,0.273,33.5,83.22,82.91,10,time_exit,26.17504,0.33919,1.84673,1.95325,new_york,2023
GBPJPY,1,2023-01-27 09:00:00,2023-01-27 10:00:00,161.031,160.56721,160.56721,161.95859,0.3015,-46.4,-127.25,-127.57,1,stop_loss,20.58371,0.3092,0.54871,2.31333,london,2023
GBPJPY,1,2023-01-31 22:00:00,2023-02-01 02:00:00,160.409,160.00274,160.00274,161.22152,0.3407,-40.6,-125.96,-126.27,4,stop_loss,26.951,0.27084,-1.16419,1.04886,,2023
GBPJPY,-1,2023-02-01 04:00:00,2023-02-01 07:00:00,160.057,160.43773,160.43773,159.29554,0.3599,-38.1,-124.69,-125.01,3,stop_loss,29.35005,0.25382,-2.16956,0.70112,,2023
GBPJPY,-1,2023-02-01 14:00:00,2023-02-01 17:00:00,160.012,159.29625,160.36987,159.29625,0.3791,71.6,246.92,246.6,3,take_profit,22.60737,0.23858,-1.9149,0.25819,london,2023
GBPJPY,1,2023-02-01 22:00:00,2023-02-02 08:00:00,159.266,159.335,158.80769,160.18261,0.3019,6.9,18.96,18.64,10,time_exit,32.18916,0.30554,-2.93927,-0.54324,,2023
GBPJPY,-1,2023-02-03 01:00:00,2023-02-03 11:00:00,157.264,157.426,157.77747,156.23705,0.2699,-16.2,-39.79,-40.11,10,time_exit,47.3947,0.34232,-5.03441,-2.7925,,2023
GBPJPY,1,2023-02-06 13:00:00,2023-02-06 23:00:00,159.036,159.446,158.48471,160.13857,0.2506,41.0,93.5,93.18,10,time_exit,39.68948,0.36752,1.46477,-2.35526,london,2023
GBPJPY,1,2023-02-07 17:00:00,2023-02-07 18:00:00,158.077,157.63226,157.63226,158.96648,0.3129,-44.5,-126.64,-126.95,1,stop_loss,35.76691,0.29649,-2.47742,-1.62346,new_york,2023
GBPJPY,1,2023-02-08 07:00:00,2023-02-08 17:00:00,158.099,158.772,157.69108,158.91484,0.3377,67.3,206.82,206.5,10,time_exit,42.84251,0.27195,-1.1954,-2.52441,london,2023
GBPJPY,-1,2023-02-08 21:00:00,2023-02-09 07:00:00,158.638,159.01737,159.01737,157.87925,0.3691,-37.9,-127.42,-127.74,10,stop_loss,26.30078,0.25292,0.84283,-2.34369,new_york,2023
GBPJPY,-1,2023-02-09 07:00:00,2023-02-09 17:00:00,158.84,159.17897,159.17897,158.16205,0.4089,-33.9,-126.13,-126.45,10,stop_loss,24.26381,0.22598,1.46265,-2.10065,london,2023
GBPJPY,-1,2023-02-09 21:00:00,2023-02-10 07:00:00,159.421,159.189,159.83215,158.5987,0.3338,23.2,70.47,70.15,10,time_exit,16.7913,0.2741,2.48412,-0.90614,new_york,2023
GBPJPY,1,2023-02-10 12:00:00,2023-02-10 22:00:00,158.426,158.406,157.83273,159.61254,0.2326,-2.0,-4.23,-4.55,10,time_exit,20.73428,0.39551,-1.14281,-0.31429,london,2023
GBPJPY,-1,2023-02-13 23:00:00,2023-02-14 09:00:00,160.564,160.338,161.01068,159.67065,0.3088,22.6,63.51,63.19,10,time_exit,44.20347,0.29778,3.62527,1.20239,,2023
GBPJPY,1,2023-02-15 17:00:00,2023-02-16 03:00:00,160.856,161.159,160.35804,161.85193,0.2784,30.3,76.76,76.44,10,time_exit,30.02511,0.33198,-0.29955,3.3349,new_york,2023
GBPJPY,1,2023-02-16 12:00:00,2023-02-16 15:00:00,161.382,161.0042,161.0042,162.1376,0.3692,-37.8,-126.93,-127.25,3,stop_loss,17.68085,0.25187,1.05815,4.05644,london,2023
GBPJPY,1,2023-02-16 20:00:00,2023-02-16 22:00:00,160.917,160.50974,160.50974,161.73152,0.3391,-40.7,-125.67,-125.99,2,stop_loss,18.95007,0.27151,-0.70971,3.46357,new_york,2023
GBPJPY,-1,2023-02-17 02:00:00,2023-02-17 03:00:00,160.539,160.91054,160.91054,159.79591,0.3679,-37.2,-124.39,-124.71,1,stop_loss,24.0894,0.2477,-1.89356,3.27569,,2023
GBPJPY,1,2023-02-17 07:00:00,2023-02-17 17:00:00,160.938,161.175,160.57741,161.65918,0.3753,23.7,80.94,80.62,10,time_exit,18.48631,0.24039,-0.17895,3.13242,london,2023
GBPJPY,1,2023-02-17 19:00:00,2023-02-20 05:00:00,161.207,161.424,160.82981,161.96137,0.3611,21.7,71.31,70.99,10,time_exit,13.65937,0.25146,0.75714,2.75702,new_york,2023
GBPJPY,-1,2023-02-20 08:00:00,2023-02-20 18:00:00,161.476,161.412,161.79227,160.84346,0.4332,6.4,25.23,24.91,10,time_exit,20.73057,0.21085,1.24885,3.53955,london,2023
GBPJPY,-1,2023-02-22 20:00:00,2023-02-23 06:00:00,162.687,162.544,163.10379,161.85342,0.3294,14.3,42.86,42.55,10,time_exit,30.62763,0.27786,0.19925,4.46747,new_york,2023
GBPJPY,-1,2023-02-23 11:00:00,2023-02-23 14:00:00,162.363,162.66299,162.66299,161.76301,0.4591,-30.0,-125.33,-125.65,3,stop_loss,26.87491,0.2,-1.14623,5.1975,london,2023
GBPJPY,1,2023-02-24 05:00:00,2023-02-24 15:00:00,161.957,162.574,161.51593,162.83913,0.3092,61.7,173.61,173.29,10,time_exit,38.07939,0.29404,-1.14379,2.24632,,2023
GBPJPY,1,2023-02-24 21:00:00,2023-02-27 07:00:00,162.999,162.776,162.54593,163.90515,0.3052,-22.3,-61.93,-62.25,10,time_exit,23.64335,0.30205,2.01796,2.10069,new_york,2023
GBPJPY,-1,2023-02-27 13:00:00,2023-02-27 16:00:00,163.244,163.64874,163.64874,162.43452,0.3399,-40.5,-125.19,-125.51,3,stop_loss,14.68864,0.26983,2.21167,2.66615,london,2023
GBPJPY,1,2023-02-27 22:00:00,2023-02-28 08:00:00,164.277,164.228,163.86782,165.09536,0.3329,-4.9,-14.84,-15.16,10,time_exit,35.07589,0.27279,4.71394,3.32885,,2023
GBPJPY,-1,2023-03-01 08:00:00,2023-03-01 12:00:00,164.257,163.40195,164.68453,163.40195,0.3182,85.5,247.59,247.27,4,take_profit,28.21204,0.28502,0.77891,4.45556,london,2023
GBPJPY,1,2023-03-01 23:00:00,2023-03-02 09:00:00,163.669,163.84,163.15267,164.70167,0.2687,17.1,41.81,41.49,10,time_exit,25.22712,0.34422,-0.45773,2.7437,,2023
GBPJPY,1,2023-03-03 16:00:00,2023-03-06 02:00:00,163.204,163.398,162.82793,163.95613,0.3702,19.4,65.36,65.04,10,time_exit,20.95038,0.25071,-1.24359,1.72083,new_york,2023
GBPJPY,-1,2023-03-07 00:00:00,2023-03-07 03:00:00,163.401,163.73975,163.73975,162.72349,0.413,-33.9,-127.31,-127.63,3,stop_loss,12.69825,0.22584,-0.00388,1.24188,,2023
GBPJPY,1,2023-03-07 14:00:00,2023-03-07 17:00:00,163.106,162.72937,162.72937,163.85925,0.3678,-37.7,-126.06,-126.37,3,stop_loss,12.98541,0.25108,-1.46618,1.00659,london,2023
GBPJPY,1,2023-03-07 20:00:00,2023-03-08 06:00:00,162.164,162.952,161.70229,163.08743,0.297,78.8,212.97,212.65,10,time_exit,21.29195,0.30781,-3.73596,0.39062,new_york,2023
GBPJPY,1,2023-03-10 05:00:00,2023-03-10 11:00:00,162.938,163.97363,162.42019,163.97363,0.2693,103.6,253.79,253.48,6,take_profit,18.77873,0.34521,1.52418,-1.18079,,2023
GBPJPY,1,2023-03-13 13:00:00,2023-03-13 21:00:00,160.894,162.68358,159.99921,162.68358,0.159,179.0,258.94,258.62,8,take_profit,16.34623,0.59653,-2.7793,-0.40336,london,2023
GBPJPY,1,2023-03-14 22:00:00,2023-03-15 08:00:00,163.344,163.668,162.59599,164.84002,0.194,32.4,57.2,56.88,10,time_exit,16.70921,0.49867,1.34011,-0.08095,,2023
GBPJPY,1,2023-03-15 09:00:00,2023-03-15 12:00:00,163.668,163.1494,163.1494,164.70521,0.281,-51.9,-132.61,-132.93,3,stop_loss,16.65214,0.34574,2.14241,0.41577,london,2023
GBPJPY,1,2023-03-16 03:00:00,2023-03-16 13:00:00,160.373,160.076,159.43115,162.25671,0.1532,-29.7,-41.41,-41.72,10,time_exit,28.15114,0.6279,-2.48973,-0.91361,,2023
GBPJPY,-1,2023-03-17 20:00:00,2023-03-20 06:00:00,160.982,160.723,161.79228,159.36143,0.1775,25.9,41.83,41.52,10,time_exit,20.55,0.54019,-0.55154,-1.37162,new_york,2023
GBPJPY,-1,2023-03-23 12:00:00,2023-03-23 21:00:00,161.641,160.56603,162.17848,160.56603,0.2684,107.5,262.55,262.24,9,take_profit,25.39143,0.35832,0.24135,-0.40634,london,2023
GBPJPY,1,2023-03-27 21:00:00,2023-03-28 03:00:00,161.67,161.0804,161.0804,162.84919,0.2496,-59.0,-133.92,-134.24,6,stop_loss,31.88727,0.39306,2.68506,-1.32005,new_york,2023
GBPJPY,-1,2023-03-28 03:00:00,2023-03-28 13:00:00,161.37,161.23,161.83965,160.4307,0.3102,14.0,39.52,39.2,10,time_exit,35.60805,0.3131,1.77268,-1.08014,,2023
GBPJPY,-1,2023-03-28 14:00:00,2023-03-29 00:00:00,161.232,161.416,161.77224,160.15153,0.2704,-18.4,-45.28,-45.59,10,time_exit,21.89803,0.36016,0.90355,-0.67681,london,2023
GBPJPY,1,2023-03-29 04:00:00,2023-03-29 14:00:00,161.987,162.94165,161.50967,162.94165,0.305,95.5,264.96,264.65,10,take_profit,12.62424,0.31822,2.66727,-0.15347,,2023
GBPJPY,1,2023-03-30 20:00:00,2023-03-31 02:00:00,163.973,164.94729,163.48585,164.94729,0.3048,97.4,270.24,269.92,6,take_profit,24.93887,0.32476,3.01631,3.42039,new_york,2023
GBPJPY,-1,2023-04-03 21:00:00,2023-04-04 05:00:00,164.217,164.71546,164.71546,163.22007,0.3039,-49.8,-137.85,-138.17,8,stop_loss,17.87135,0.33231,0.24434,3.88104,new_york,2023
GBPJPY,1,2023-04-05 00:00:00,2023-04-05 03:00:00,164.621,164.12264,164.12264,165.61771,0.3009,-49.8,-136.46,-136.78,3,stop_loss,21.33048,0.33224,-0.06444,4.01183,,2023
GBPJPY,-1,2023-04-06 11:00:00,2023-04-06 21:00:00,163.747,164.04,164.17749,162.88602,0.3448,-29.3,-91.93,-92.25,10,time_exit,25.71997,0.28699,-0.35582,1.43506,london,2023
GBPJPY,-1,2023-04-07 18:00:00,2023-04-10 03:00:00,164.08,164.43665,164.43665,163.36669,0.4134,-35.7,-134.17,-134.49,9,stop_loss,16.59545,0.23777,0.77392,1.35787,new_york,2023
GBPJPY,-1,2023-04-10 22:00:00,2023-04-11 08:00:00,165.428,165.462,165.85932,164.56537,0.3384,-3.4,-10.47,-10.79,10,time_exit,30.3627,0.28754,3.4669,2.15248,,2023
GBPJPY,-1,2023-04-11 12:00:00,2023-04-11 17:00:00,165.514,165.89816,165.89816,164.74568,0.3796,-38.4,-132.7,-133.02,5,stop_loss,33.03707,0.25611,2.49087,3.30634,london,2023
GBPJPY,1,2023-04-12 16:00:00,2023-04-12 20:00:00,165.58,166.38544,165.17728,166.38544,0.3585,80.5,262.76,262.45,4,take_profit,35.51583,0.26848,-0.3111,4.28281,new_york,2023
GBPJPY,-1,2023-04-14 14:00:00,2023-04-14 18:00:00,165.821,166.18938,166.18938,165.08424,0.3997,-36.8,-133.99,-134.31,4,stop_loss,23.32718,0.24559,-0.74043,3.6466,london,2023
GBPJPY,1,2023-04-14 19:00:00,2023-04-17 05:00:00,166.061,166.054,165.65981,166.86339,0.3634,-0.7,-2.31,-2.63,10,time_exit,20.47907,0.26746,0.23361,3.16316,new_york,2023
GBPJPY,1,2023-04-18 15:00:00,2023-04-19 01:00:00,166.576,166.564,166.21202,167.30396,0.4004,-1.2,-4.37,-4.69,10,time_exit,15.41328,0.24265,0.93376,3.18482,london,2023
GBPJPY,-1,2023-04-20 04:00:00,2023-04-20 14:00:00,167.565,167.373,167.90477,166.88546,0.4288,19.2,74.92,74.6,10,time_exit,21.21381,0.22651,2.26817,4.36718,,2023
GBPJPY,1,2023-04-20 21:00:00,2023-04-21 02:00:00,167.177,166.82187,166.82187,167.88725,0.4126,-35.5,-133.34,-133.66,5,stop_loss,20.72766,0.23675,0.05991,3.83037,new_york,2023
GBPJPY,-1,2023-04-24 12:00:00,2023-04-24 15:00:00,167.214,167.61043,167.61043,166.42114,0.3659,-39.6,-132.0,-132.32,3,stop_loss,16.65074,0.26429,1.55171,1.58687,london,2023
GBPJPY,1,2023-04-24 23:00:00,2023-04-25 09:00:00,167.636,167.761,167.25977,168.38847,0.3817,12.5,43.42,43.1,10,time_exit,17.02016,0.25082,2.31587,2.21324,,2023
GBPJPY,-1,2023-04-26 00:00:00,2023-04-26 09:00:00,165.903,166.39738,166.39738,164.91424,0.2914,-49.4,-131.1,-131.42,9,stop_loss,34.07644,0.32959,-2.67143,0.76036,,2023
GBPJPY,1,2023-04-26 11:00:00,2023-04-26 21:00:00,166.27,166.332,165.83329,167.14342,0.3266,6.2,18.43,18.11,10,time_exit,29.34884,0.29114,-0.91169,0.05755,london,2023
GBPJPY,1,2023-04-28 02:00:00,2023-04-28 06:00:00,167.173,166.72898,166.72898,168.06104,0.3217,-44.4,-129.99,-130.3,4,stop_loss,16.97228,0.29601,1.2805,0.63884,,2023
GBPJPY,-1,2023-04-28 08:00:00,2023-04-28 09:00:00,168.074,168.78021,168.78021,166.66158,0.2002,-70.6,-128.66,-128.98,1,stop_loss,17.93891,0.47081,2.4512,0.58337,london,2023
GBPJPY,-1,2023-04-28 18:00:00,2023-05-01 04:00:00,170.94,171.639,171.73036,169.35927,0.1771,-69.9,-112.65,-112.97,10,time_exit,31.84589,0.52691,5.97783,1.65815,new_york,2023
GBPJPY,-1,2023-05-02 00:00:00,2023-05-02 08:00:00,171.75,172.16801,172.16801,170.91399,0.3319,-41.8,-126.25,-126.57,8,stop_loss,39.20065,0.27867,4.86587,8.27014,,2023
GBPJPY,-1,2023-05-02 10:00:00,2023-05-02 12:00:00,171.934,171.20752,172.29724,171.20752,0.3781,72.6,249.96,249.64,2,take_profit,36.02574,0.24216,4.34303,10.00196,london,2023
GBPJPY,-1,2023-05-02 13:00:00,2023-05-02 17:00:00,171.246,170.38501,171.67649,170.38501,0.3254,86.1,254.95,254.63,4,take_profit,32.71287,0.287,1.00499,8.38053,london,2023
GBPJPY,-1,2023-05-02 23:00:00,2023-05-03 09:00:00,170.312,169.895,170.81402,169.30796,0.2846,41.7,108.0,107.68,10,time_exit,32.15053,0.33468,-1.62915,6.28161,,2023
GBPJPY,1,2023-05-03 13:00:00,2023-05-03 15:00:00,169.759,169.32527,169.32527,170.62645,0.3322,-43.4,-131.12,-131.44,2,stop_loss,37.92765,0.28915,-2.511,5.4242,london,2023
GBPJPY,1,2023-05-03 15:00:00,2023-05-03 21:00:00,169.41,170.34997,168.94001,170.34997,0.3035,94.0,259.61,259.29,6,take_profit,38.07922,0.31332,-3.17578,4.71933,london,2023
GBPJPY,-1,2023-05-09 12:00:00,2023-05-09 21:00:00,170.268,170.67165,170.67165,169.4607,0.3604,-40.4,-132.38,-132.7,9,stop_loss,17.99813,0.2691,0.26129,2.59488,london,2023
GBPJPY,-1,2023-05-10 01:00:00,2023-05-10 09:00:00,170.61,170.93573,170.93573,169.95854,0.4421,-32.6,-131.04,-131.36,8,stop_loss,14.95657,0.21715,1.45912,3.16925,,2023
GBPJPY,1,2023-05-10 13:00:00,2023-05-10 15:00:00,170.646,170.31152,170.31152,171.31497,0.4263,-33.4,-129.76,-130.08,2,stop_loss,18.61242,0.22299,0.81946,3.24917,london,2023
GBPJPY,-1,2023-05-11 16:00:00,2023-05-12 02:00:00,168.442,168.216,169.0422,167.24161,0.2352,22.6,48.37,48.05,10,time_exit,37.7148,0.40013,-3.29607,0.20872,new_york,2023
GBPJPY,-1,2023-05-12 16:00:00,2023-05-15 02:00:00,168.795,169.115,169.21209,167.96083,0.3397,-32.0,-98.92,-99.24,10,time_exit,26.94721,0.27806,-0.73683,-1.50032,new_york,2023
GBPJPY,-1,2023-05-15 08:00:00,2023-05-15 11:00:00,169.595,169.94321,169.94321,168.89858,0.4037,-34.8,-127.92,-128.24,3,stop_loss,19.29029,0.23214,2.31961,-1.35106,london,2023
GBPJPY,1,2023-05-15 14:00:00,2023-05-15 15:00:00,170.239,169.8566,169.8566,171.00379,0.3639,-38.2,-126.63,-126.95,1,stop_loss,28.1993,0.25493,3.88494,-0.6172,london,2023
GBPJPY,1,2023-05-17 00:00:00,2023-05-17 10:00:00,170.241,170.162,169.82416,171.07469,0.3305,-7.9,-23.76,-24.08,10,time_exit,17.10643,0.2779,0.89689,1.31183,,2023
GBPJPY,-1,2023-05-18 02:00:00,2023-05-18 12:00:00,171.796,171.436,172.17622,171.03555,0.3617,36.0,118.49,118.17,10,time_exit,34.71284,0.25348,4.25721,2.99208,,2023
GBPJPY,-1,2023-05-18 16:00:00,2023-05-19 02:00:00,171.831,172.05,172.25598,170.98104,0.3266,-21.9,-65.09,-65.41,10,time_exit,20.34456,0.28332,2.68867,3.18924,new_york,2023
GBPJPY,-1,2023-05-19 13:00:00,2023-05-19 14:00:00,171.645,171.99592,171.99592,170.94316,0.3935,-35.1,-125.66,-125.98,1,stop_loss,19.62762,0.23395,0.76891,4.22367,london,2023
GBPJPY,1,2023-05-19 20:00:00,2023-05-22 06:00:00,171.777,171.541,171.28933,172.75235,0.2803,-23.6,-60.2,-60.52,10,time_exit,20.56403,0.32512,0.51267,3.15728,new_york,2023
GBPJPY,1,2023-05-22 19:00:00,2023-05-23 05:00:00,172.239,172.495,171.76571,173.18557,0.2874,25.6,66.95,66.63,10,time_exit,20.5828,0.31552,1.64423,2.84694,new_york,2023
GBPJPY,-1,2023-05-23 11:00:00,2023-05-23 17:00:00,171.689,172.12102,172.12102,170.82497,0.3166,-43.2,-124.47,-124.79,6,stop_loss,14.00625,0.28801,-0.99658,3.25344,london,2023
GBPJPY,1,2023-05-24 07:00:00,2023-05-24 09:00:00,172.009,172.70981,171.6586,172.70981,0.3864,70.1,246.42,246.1,2,take_profit,9.74701,0.2336,0.1632,3.27945,london,2023
GBPJPY,-1,2023-05-24 16:00:00,2023-05-25 02:00:00,172.011,172.302,172.54454,170.94392,0.2589,-29.1,-68.56,-68.88,10,time_exit,12.48224,0.35569,0.15158,1.93894,new_york,2023
GBPJPY,1,2023-05-25 03:00:00,2023-05-25 13:00:00,172.305,172.492,171.7805,173.354,0.2619,18.7,44.57,44.25,10,time_exit,11.58602,0.34967,0.75446,1.93642,,2023
GBPJPY,1,2023-05-25 16:00:00,2023-05-26 02:00:00,172.431,172.433,171.96464,173.36373,0.2956,0.2,0.54,0.22,10,time_exit,8.84707,0.31091,0.76715,2.26718,new_york,2023
GBPJPY,-1,2023-05-29 07:00:00,2023-05-29 17:00:00,173.595,173.264,173.95918,172.86663,0.3785,33.1,114.01,113.69,10,time_exit,25.90869,0.24279,2.66703,4.02994,london,2023
GBPJPY,1,2023-05-30 18:00:00,2023-05-31 04:00:00,173.46,173.339,172.96497,174.45007,0.281,-12.1,-30.94,-31.26,10,time_exit,17.37827,0.33002,0.30317,2.87817,new_york,2023
GBPJPY,1,2023-05-31 05:00:00,2023-05-31 08:00:00,173.336,172.9227,172.9227,174.16261,0.3357,-41.3,-126.26,-126.58,3,stop_loss,9.42227,0.27554,-0.13758,3.14332,,2023
GBPJPY,-1,2023-06-01 03:00:00,2023-06-01 09:00:00,173.158,173.61931,173.61931,172.23539,0.2978,-46.1,-125.01,-125.33,6,stop_loss,14.70402,0.30754,-0.15108,1.9031,,2023
GBPJPY,1,2023-06-01 14:00:00,2023-06-01 16:00:00,173.915,173.46529,173.46529,174.81441,0.3024,-45.0,-123.75,-124.07,2,stop_loss,21.48469,0.2998,1.8971,2.09809,london,2023
GBPJPY,1,2023-06-02 07:00:00,2023-06-02 17:00:00,173.955,174.292,173.58634,174.69232,0.3651,33.7,111.97,111.65,10,time_exit,18.21585,0.24577,1.34049,2.92868,london,2023
GBPJPY,-1,2023-06-02 22:00:00,2023-06-05 08:00:00,174.24,174.118,174.61051,173.49898,0.3666,12.2,40.7,40.38,10,time_exit,25.52562,0.24701,1.49735,3.2017,,2023
GBPJPY,1,2023-06-05 18:00:00,2023-06-06 04:00:00,173.298,173.613,172.92107,174.05186,0.3616,31.5,103.65,103.33,10,time_exit,27.50763,0.25129,-2.43193,2.6399,new_york,2023
GBPJPY,-1,2023-06-07 00:00:00,2023-06-07 08:00:00,173.476,172.80503,173.81149,172.80503,0.4096,67.1,250.1,249.78,8,take_profit,17.15082,0.22366,-0.449,1.24656,,2023
GBPJPY,1,2023-06-08 01:00:00,2023-06-08 07:00:00,174.297,173.95195,173.95195,174.9871,0.4062,-34.5,-127.54,-127.86,6,stop_loss,28.22691,0.23003,2.62247,1.34773,,2023
GBPJPY,-1,2023-06-09 01:00:00,2023-06-09 04:00:00,174.434,174.75929,174.75929,173.78341,0.4266,-32.5,-126.28,-126.6,3,stop_loss,22.9745,0.21686,1.89584,2.16421,,2023
GBPJPY,1,2023-06-09 08:00:00,2023-06-09 16:00:00,174.717,175.29431,174.42834,175.29431,0.4759,57.7,250.02,249.7,8,take_profit,23.28824,0.19244,2.81267,2.85117,london,2023
GBPJPY,1,2023-06-13 23:00:00,2023-06-14 09:00:00,176.778,176.682,176.3379,177.6582,0.3184,-9.6,-27.82,-28.13,10,time_exit,46.63755,0.2934,4.94387,3.17714,,2023
GBPJPY,1,2023-06-14 10:00:00,2023-06-14 20:00:00,176.689,176.759,176.35644,177.35413,0.4204,7.0,26.78,26.46,10,time_exit,47.58113,0.22171,3.93256,5.30084,london,2023
GBPJPY,1,2023-06-16 02:00:00,2023-06-16 08:00:00,179.192,179.95233,178.81184,179.95233,0.3685,76.0,254.96,254.65,6,take_profit,44.15467,0.25344,5.07919,8.34201,,2023
GBPJPY,-1,2023-06-19 03:00:00,2023-06-19 13:00:00,182.024,181.68,182.51135,181.04929,0.2932,34.4,91.78,91.46,10,time_exit,56.02059,0.3249,6.52693,9.20595,,2023
GBPJPY,1,2023-06-23 12:00:00,2023-06-23 22:00:00,181.7,182.878,181.07819,182.94362,0.2314,117.8,248.06,247.74,10,time_exit,30.98051,0.41454,0.28639,4.33175,london,2023
GBPJPY,1,2023-06-23 22:00:00,2023-06-26 08:00:00,182.76,182.544,182.15266,183.97467,0.2414,-21.6,-47.45,-47.77,10,time_exit,20.93466,0.40489,2.24937,4.49424,,2023
GBPJPY,-1,2023-06-27 05:00:00,2023-06-27 08:00:00,182.445,182.83846,182.83846,181.65808,0.3713,-39.3,-132.94,-133.26,3,stop_loss,14.64033,0.26231,0.68643,6.04396,,2023
GBPJPY,-1,2023-06-27 11:00:00,2023-06-27 17:00:00,182.759,183.12666,183.12666,182.02368,0.3934,-36.8,-131.62,-131.94,6,stop_loss,14.38213,0.24511,1.666,6.3678,london,2023
GBPJPY,1,2023-06-28 00:00:00,2023-06-28 03:00:00,183.64,183.26528,183.26528,184.38943,0.3821,-37.5,-130.29,-130.61,3,stop_loss,23.11511,0.24981,3.62162,6.61566,,2023
GBPJPY,1,2023-06-28 19:00:00,2023-06-29 05:00:00,182.235,182.292,181.7895,183.126,0.3182,5.7,16.51,16.19,10,time_exit,20.85248,0.297,-2.0629,4.80288,new_york,2023
GBPJPY,1,2023-06-30 06:00:00,2023-06-30 09:00:00,182.633,182.29609,182.29609,183.30681,0.4213,-33.7,-129.16,-129.48,3,stop_loss,14.12725,0.2246,-0.05767,3.92752,,2023
GBPJPY,-1,2023-07-03 08:00:00,2023-07-03 18:00:00,183.517,183.425,183.87367,182.80365,0.3939,9.2,32.98,32.66,10,time_exit,22.78053,0.23778,1.98868,3.99664,london,2023
GBPJPY,-1,2023-07-04 07:00:00,2023-07-04 15:00:00,183.545,183.84492,183.84492,182.94516,0.4697,-30.0,-128.19,-128.51,8,stop_loss,10.75167,0.19995,1.11664,4.69331,london,2023
GBPJPY,-1,2023-07-05 19:00:00,2023-07-06 05:00:00,183.697,183.254,184.09652,182.89796,0.349,44.3,140.69,140.37,10,time_exit,12.90216,0.26635,0.57781,2.95843,new_york,2023
GBPJPY,-1,2023-07-06 13:00:00,2023-07-06 16:00:00,183.443,183.92783,183.92783,182.47335,0.2908,-48.5,-128.3,-128.62,3,stop_loss,26.27154,0.32322,0.08323,1.75756,london,2023
GBPJPY,1,2023-07-07 09:00:00,2023-07-07 10:00:00,182.941,182.54757,182.54757,183.72787,0.3548,-39.3,-127.03,-127.35,1,stop_loss,19.88369,0.26229,-1.83767,1.7548,london,2023
GBPJPY,-1,2023-07-11 07:00:00,2023-07-11 16:00:00,181.312,181.7752,181.7752,180.3856,0.2983,-46.3,-125.74,-126.06,9,stop_loss,35.46104,0.3088,-2.97736,-1.41058,london,2023
GBPJPY,-1,2023-07-11 22:00:00,2023-07-12 08:00:00,181.584,180.714,182.09495,180.5621,0.2677,87.0,211.94,211.62,10,time_exit,21.40977,0.34063,-0.68274,-1.93791,,2023
GBPJPY,-1,2023-07-13 08:00:00,2023-07-13 11:00:00,180.166,180.60612,180.60612,179.28576,0.3161,-44.0,-126.6,-126.92,3,stop_loss,34.78636,0.29341,-1.6351,-4.1656,london,2023
GBPJPY,-1,2023-07-13 15:00:00,2023-07-13 16:00:00,180.905,181.42241,181.42241,179.87017,0.2662,-51.7,-125.34,-125.66,1,stop_loss,28.0463,0.34494,0.79612,-3.32171,london,2023
GBPJPY,1,2023-07-14 13:00:00,2023-07-14 23:00:00,181.644,181.719,181.12505,182.68191,0.2627,7.5,17.93,17.61,10,time_exit,22.05325,0.34597,2.12987,-2.13663,london,2023
GBPJPY,1,2023-07-17 11:00:00,2023-07-17 12:00:00,181.69,181.22087,181.22087,182.62825,0.291,-46.9,-124.23,-124.55,1,stop_loss,17.72971,0.31275,1.22497,-1.07537,london,2023
GBPJPY,1,2023-07-19 01:00:00,2023-07-19 09:00:00,180.975,180.48538,180.48538,181.95424,0.2761,-49.0,-123.02,-123.34,8,stop_loss,12.35706,0.32641,-0.85397,-0.84235,,2023
GBPJPY,1,2023-07-19 22:00:00,2023-07-20 08:00:00,180.515,180.276,179.9667,181.6116,0.244,-23.9,-53.07,-53.39,10,time_exit,18.36206,0.36553,-1.13364,-1.2239,,2023
GBPJPY,-1,2023-07-20 10:00:00,2023-07-20 19:00:00,180.159,180.56606,180.56606,179.34487,0.3273,-40.7,-121.24,-121.56,9,stop_loss,18.71739,0.27138,-2.14903,-1.94168,london,2023
GBPJPY,1,2023-07-20 22:00:00,2023-07-21 08:00:00,180.285,180.562,179.87116,181.11268,0.3187,27.7,80.33,80.02,10,time_exit,21.84226,0.27589,-0.91753,-2.21497,,2023
GBPJPY,-1,2023-07-21 20:00:00,2023-07-24 06:00:00,182.171,181.884,182.75806,180.99689,0.2262,28.7,59.08,58.76,10,time_exit,26.92109,0.39137,3.00119,-0.41455,new_york,2023
GBPJPY,1,2023-07-24 09:00:00,2023-07-24 10:00:00,182.279,181.81696,181.81696,183.20307,0.2888,-46.2,-121.43,-121.75,1,stop_loss,16.74431,0.30802,2.67076,0.57554,london,2023
GBPJPY,1,2023-07-24 21:00:00,2023-07-25 07:00:00,181.513,181.482,181.00774,182.52353,0.2614,-3.1,-7.37,-7.69,10,time_exit,22.54065,0.33684,0.38103,0.31629,new_york,2023
GBPJPY,1,2023-07-25 09:00:00,2023-07-25 15:00:00,181.566,181.19355,181.19355,182.31091,0.3544,-37.2,-120.12,-120.44,6,stop_loss,15.17631,0.2483,0.69609,0.40892,london,2023
GBPJPY,-1,2023-07-28 11:00:00,2023-07-28 15:00:00,178.574,179.97524,179.97524,175.77153,0.0933,-140.1,-118.97,-119.29,4,stop_loss,37.13027,0.93416,-1.53076,-1.01198,london,2023
GBPJPY,1,2023-07-28 19:00:00,2023-07-31 05:00:00,181.052,182.176,179.85855,183.43891,0.1084,112.4,110.88,110.56,10,time_exit,27.78099,0.79564,1.386,-1.13706,new_york,2023
GBPJPY,1,2023-07-31 06:00:00,2023-07-31 16:00:00,182.172,182.97,181.32192,183.87216,0.1536,79.8,111.54,111.22,10,time_exit,30.82112,0.56672,3.02617,-0.79201,,2023
GBPJPY,1,2023-07-31 21:00:00,2023-08-01 07:00:00,182.669,183.129,182.04406,183.91888,0.2109,46.0,88.28,87.96,10,time_exit,41.20262,0.41663,2.83556,0.78168,new_york,2023
GBPJPY,1,2023-08-01 15:00:00,2023-08-02 01:00:00,182.785,182.882,182.35111,183.65278,0.306,9.7,27.01,26.69,10,time_exit,36.82278,0.28926,2.08055,2.58134,london,2023
GBPJPY,1,2023-08-03 14:00:00,2023-08-04 00:00:00,180.935,181.163,180.36531,182.07439,0.2336,22.8,48.47,48.15,10,time_exit,28.16774,0.3798,-3.23456,1.03128,london,2023
GBPJPY,1,2023-08-07 14:00:00,2023-08-07 19:00:00,181.204,182.02299,180.79451,182.02299,0.3262,81.9,243.11,242.79,5,take_profit,17.62987,0.273,-0.03727,-1.0752,london,2023
GBPJPY,1,2023-08-08 07:00:00,2023-08-08 09:00:00,182.823,182.46435,182.46435,183.5403,0.3799,-35.9,-123.99,-124.31,2,stop_loss,38.54182,0.2391,4.72568,0.3757,london,2023
GBPJPY,-1,2023-08-08 10:00:00,2023-08-08 14:00:00,182.415,181.63872,182.80314,181.63872,0.3475,77.6,245.48,245.16,4,take_profit,40.24582,0.25876,2.33104,0.65256,london,2023
GBPJPY,-1,2023-08-14 12:00:00,2023-08-14 18:00:00,184.047,184.41233,184.41233,183.31633,0.3766,-36.5,-125.2,-125.52,6,stop_loss,16.87584,0.24356,1.7359,3.77643,london,2023
GBPJPY,1,2023-08-15 06:00:00,2023-08-15 13:00:00,184.584,185.28959,184.23121,185.28959,0.3861,70.6,247.91,247.59,7,take_profit,23.16106,0.2352,2.41667,4.42228,,2023
GBPJPY,-1,2023-08-16 10:00:00,2023-08-16 11:00:00,184.978,185.29191,185.29191,184.35019,0.4426,-31.4,-126.43,-126.75,1,stop_loss,18.75005,0.20927,1.66334,5.61728,london,2023
GBPJPY,-1,2023-08-16 14:00:00,2023-08-16 17:00:00,185.514,185.88006,185.88006,184.78188,0.3757,-36.6,-125.15,-125.47,3,stop_loss,25.41341,0.24404,3.07191,5.0304,london,2023
GBPJPY,-1,2023-08-17 06:00:00,2023-08-17 16:00:00,186.189,186.195,186.51837,185.53027,0.4134,-0.6,-2.26,-2.58,10,time_exit,40.63289,0.21958,3.68601,6.71058,,2023
GBPJPY,-1,2023-08-18 07:00:00,2023-08-18 10:00:00,185.365,184.60695,185.74402,184.60695,0.3591,75.8,247.71,247.4,3,take_profit,29.69246,0.25268,-1.48209,5.42466,london,2023
GBPJPY,-1,2023-08-18 17:00:00,2023-08-21 03:00:00,185.209,185.054,185.7061,184.21481,0.2793,15.5,39.4,39.08,10,time_exit,31.82028,0.3314,-0.92163,3.26067,new_york,2023
GBPJPY,1,2023-08-22 10:00:00,2023-08-22 11:00:00,186.5,186.18643,186.18643,187.12714,0.4441,-31.4,-126.72,-127.04,1,stop_loss,34.93017,0.20905,2.53018,5.00377,london,2023
GBPJPY,-1,2023-08-22 22:00:00,2023-08-23 08:00:00,185.792,185.758,186.12882,185.11836,0.4093,3.4,12.66,12.35,10,time_exit,28.82051,0.22455,-0.66478,4.05531,,2023
GBPJPY,-1,2023-08-23 11:00:00,2023-08-23 12:00:00,184.942,184.17428,185.32586,184.17428,0.3595,76.8,251.16,250.84,1,take_profit,32.46461,0.25591,-3.35743,2.73214,london,2023
GBPJPY,1,2023-08-25 08:00:00,2023-08-25 14:00:00,183.475,184.17729,183.12385,184.17729,0.4009,70.2,256.21,255.89,6,take_profit,35.59431,0.2341,-3.50152,-1.80022,london,2023
GBPJPY,-1,2023-08-29 00:00:00,2023-08-29 08:00:00,184.641,184.94145,184.94145,184.0401,0.4779,-30.0,-130.66,-130.98,8,stop_loss,15.39278,0.2003,1.61342,-1.10842,,2023
GBPJPY,-1,2023-08-29 23:00:00,2023-08-30 09:00:00,184.462,184.85548,184.85548,183.67504,0.3612,-39.3,-129.33,-129.65,10,stop_loss,22.4328,0.26232,-0.2279,-0.28222,,2023
GBPJPY,-1,2023-09-04 08:00:00,2023-09-04 10:00:00,184.269,184.58629,184.58629,183.63441,0.4435,-31.7,-128.05,-128.37,2,stop_loss,28.95271,0.21153,-0.52784,-1.16538,london,2023
GBPJPY,-1,2023-09-04 11:00:00,2023-09-04 21:00:00,184.761,185.048,185.09836,184.08627,0.4129,-28.7,-107.84,-108.16,10,time_exit,25.82963,0.22491,1.66673,-1.01222,london,2023
GBPJPY,1,2023-09-06 06:00:00,2023-09-06 08:00:00,185.476,185.12954,185.12954,186.16893,0.3986,-34.6,-125.67,-125.99,2,stop_loss,15.64754,0.23098,1.66691,1.2181,,2023
GBPJPY,-1,2023-09-06 20:00:00,2023-09-07 06:00:00,184.516,184.52,184.96394,183.62012,0.3052,-0.4,-1.11,-1.43,10,time_exit,18.699,0.29863,-1.62604,0.59267,new_york,2023
GBPJPY,-1,2023-09-11 09:00:00,2023-09-11 12:00:00,182.964,183.45797,183.45797,181.97607,0.2768,-49.4,-124.42,-124.74,3,stop_loss,31.59148,0.32931,-2.80699,-1.56476,london,2023
GBPJPY,1,2023-09-11 23:00:00,2023-09-12 09:00:00,183.339,183.789,182.8829,184.2512,0.2967,45.0,121.5,121.18,10,time_exit,26.16968,0.30407,-1.11593,-1.94126,,2023
GBPJPY,-1,2023-09-12 15:00:00,2023-09-12 17:00:00,183.183,183.57766,183.57766,182.39368,0.3463,-39.5,-124.37,-124.69,2,stop_loss,19.95615,0.26311,-1.32857,-2.30681,london,2023
GBPJPY,1,2023-09-14 16:00:00,2023-09-14 17:00:00,183.379,183.00144,183.00144,184.13412,0.3584,-37.8,-123.14,-123.46,1,stop_loss,16.42068,0.25171,-1.79114,-0.8368,new_york,2023
GBPJPY,1,2023-09-19 01:00:00,2023-09-19 11:00:00,182.818,182.808,182.53886,183.37628,0.4799,-1.0,-4.37,-4.69,10,time_exit,14.79981,0.18609,-1.47934,-2.74643,,2023
GBPJPY,1,2023-09-22 03:00:00,2023-09-22 09:00:00,181.498,182.21312,181.14044,182.21312,0.3745,71.5,243.71,243.39,6,take_profit,47.3681,0.23837,-3.14343,-3.39662,,2023
GBPJPY,-1,2023-09-22 16:00:00,2023-09-25 02:00:00,181.711,181.694,182.18778,180.75745,0.2864,1.7,4.43,4.11,10,time_exit,24.97065,0.31785,-1.01458,-2.70843,new_york,2023
GBPJPY,-1,2023-09-26 13:00:00,2023-09-26 23:00:00,181.4,181.212,181.70877,180.78246,0.4425,18.8,75.7,75.38,10,time_exit,17.55816,0.20585,-1.44806,-3.59787,london,2023
GBPJPY,1,2023-09-27 01:00:00,2023-09-27 11:00:00,181.121,181.103,180.83215,181.6987,0.4758,-1.8,-7.79,-8.11,10,time_exit,26.05864,0.19257,-2.11651,-4.07147,,2023
GBPJPY,1,2023-09-27 23:00:00,2023-09-28 00:00:00,181.585,181.24767,181.24767,182.25965,0.4072,-33.7,-125.0,-125.32,1,stop_loss,21.02022,0.22488,1.08889,-3.2802,,2023
GBPJPY,-1,2023-09-28 06:00:00,2023-09-28 10:00:00,181.273,181.58746,181.58746,180.64409,0.4324,-31.4,-123.73,-124.05,4,stop_loss,16.13063,0.20964,-0.45943,-3.21928,,2023
GBPJPY,1,2023-09-29 03:00:00,2023-09-29 10:00:00,182.248,181.91803,181.91803,182.90794,0.408,-33.0,-122.51,-122.83,7,stop_loss,26.34876,0.21998,2.41085,-1.36637,,2023
GBPJPY,-1,2023-09-29 22:00:00,2023-10-02 08:00:00,182.345,182.25,182.80058,181.43383,0.2925,9.5,25.29,24.97,10,time_exit,20.70961,0.30372,0.7696,0.04016,,2023
GBPJPY,-1,2023-10-03 19:00:00,2023-10-04 05:00:00,179.986,180.184,180.66664,178.62472,0.1962,-19.8,-35.35,-35.67,10,time_exit,46.49566,0.45376,-3.10912,-1.06377,new_york,2023
GBPJPY,1,2023-10-04 12:00:00,2023-10-04 22:00:00,180.474,181.1,179.96197,181.49807,0.26,62.6,148.11,147.79,10,time_exit,56.01368,0.34136,-0.78682,-2.4936,london,2023
GBPJPY,1,2023-10-06 01:00:00,2023-10-06 11:00:00,181.013,181.648,180.6376,181.76381,0.359,63.5,207.45,207.13,10,time_exit,13.41544,0.25027,1.05253,-2.27898,,2023
GBPJPY,-1,2023-10-10 00:00:00,2023-10-10 10:00:00,181.709,182.10934,182.10934,180.90832,0.3423,-40.0,-124.7,-125.02,10,stop_loss,14.78286,0.26689,0.4094,0.45987,,2023
GBPJPY,1,2023-10-11 02:00:00,2023-10-11 12:00:00,182.624,182.646,182.29155,183.2889,0.4081,2.2,8.17,7.85,10,time_exit,13.42469,0.22163,2.34221,1.89286,,2023
GBPJPY,1,2023-10-11 18:00:00,2023-10-11 19:00:00,183.621,183.25026,183.25026,184.36248,0.3662,-37.1,-123.55,-123.86,1,stop_loss,20.34327,0.24716,4.46078,2.60798,new_york,2023
GBPJPY,-1,2023-10-16 08:00:00,2023-10-16 09:00:00,181.711,182.01659,182.01659,181.09982,0.4398,-30.6,-122.3,-122.62,1,stop_loss,43.2643,0.20373,-2.54282,0.22731,london,2023
GBPJPY,1,2023-10-17 16:00:00,2023-10-17 19:00:00,181.835,182.71939,181.39281,182.71939,0.3009,88.4,242.16,241.84,3,take_profit,31.30556,0.2948,-1.38881,0.14489,new_york,2023
GBPJPY,1,2023-10-18 13:00:00,2023-10-18 16:00:00,182.619,182.25187,182.25187,183.35326,0.3696,-36.7,-123.48,-123.8,3,stop_loss,21.11106,0.24475,1.14731,0.40558,london,2023
GBPJPY,-1,2023-10-19 07:00:00,2023-10-19 16:00:00,181.682,182.00142,182.00142,181.04316,0.4206,-31.9,-122.26,-122.58,9,stop_loss,27.12911,0.21295,-2.20475,-0.22554,london,2023
GBPJPY,1,2023-10-23 18:00:00,2023-10-24 04:00:00,182.951,183.313,182.55781,183.73737,0.3383,36.2,111.44,111.12,10,time_exit,14.85865,0.26212,2.98523,0.13109,new_york,2023
GBPJPY,-1,2023-10-25 01:00:00,2023-10-25 11:00:00,182.221,181.963,182.56637,181.53025,0.3886,25.8,91.24,90.92,10,time_exit,36.59497,0.23025,-1.98521,1.35657,,2023
GBPJPY,1,2023-10-26 04:00:00,2023-10-26 09:00:00,181.603,181.28858,181.28858,182.23184,0.4301,-31.4,-123.06,-123.38,5,stop_loss,32.81839,0.20961,-2.76374,-0.42604,,2023
GBPJPY,1,2023-10-30 03:00:00,2023-10-30 10:00:00,181.367,181.01671,181.01671,182.06758,0.3822,-35.0,-121.83,-122.15,7,stop_loss,34.38526,0.23353,-2.10993,-1.13955,,2023
GBPJPY,1,2023-10-30 16:00:00,2023-10-30 17:00:00,181.854,181.45941,181.45941,182.64317,0.3359,-39.5,-120.61,-120.93,1,stop_loss,29.43929,0.26306,0.73199,-1.42616,new_york,2023
GBPJPY,-1,2023-11-01 16:00:00,2023-11-02 02:00:00,183.26,183.422,183.67987,182.42026,0.3125,-16.2,-46.07,-46.39,10,time_exit,19.77785,0.27991,0.67431,2.38895,new_york,2023
GBPJPY,-1,2023-11-02 02:00:00,2023-11-02 12:00:00,183.306,183.148,183.75771,182.40257,0.2893,15.8,41.6,41.28,10,time_exit,12.70445,0.30114,0.55926,2.12981,,2023
GBPJPY,1,2023-11-02 12:00:00,2023-11-02 22:00:00,182.945,183.69,182.54936,183.73628,0.3315,74.5,224.74,224.42,10,time_exit,14.09324,0.26376,-0.77504,2.26098,london,2023
GBPJPY,-1,2023-11-03 06:00:00,2023-11-03 15:00:00,183.494,183.81793,183.81793,182.84614,0.4125,-32.4,-121.59,-121.91,9,stop_loss,11.98457,0.21595,0.95916,2.73064,,2023
GBPJPY,-1,2023-11-03 15:00:00,2023-11-03 16:00:00,183.618,183.89409,183.89409,183.06582,0.4791,-27.6,-120.37,-120.69,1,stop_loss,9.83057,0.18406,1.4895,3.164,london,2023
GBPJPY,1,2023-11-07 14:00:00,2023-11-08 00:00:00,184.837,184.922,184.53265,185.4457,0.4302,8.5,33.28,32.96,10,time_exit,18.91505,0.2029,-0.41372,6.18366,london,2023
GBPJPY,1,2023-11-08 13:00:00,2023-11-08 17:00:00,184.791,185.34408,184.51446,185.34408,0.4748,55.3,238.97,238.65,4,take_profit,20.49071,0.18436,-0.65799,5.36608,london,2023
GBPJPY,-1,2023-11-09 00:00:00,2023-11-09 10:00:00,185.414,185.666,185.6895,184.863,0.4861,-25.2,-111.47,-111.79,10,time_exit,21.36056,0.18367,2.13187,5.43792,,2023
GBPJPY,-1,2023-11-10 13:00:00,2023-11-10 23:00:00,185.144,185.235,185.41023,184.61155,0.4984,-9.1,-41.27,-41.59,10,time_exit,18.5122,0.17748,0.04814,4.02222,london,2023
GBPJPY,1,2023-11-10 23:00:00,2023-11-13 00:00:00,185.257,184.9587,184.9587,185.85361,0.4433,-29.8,-120.34,-120.65,1,stop_loss,17.82075,0.19887,0.78559,3.15052,,2023
GBPJPY,1,2023-11-13 16:00:00,2023-11-13 17:00:00,185.913,185.64591,185.64591,186.44719,0.4901,-26.7,-119.12,-119.44,1,stop_loss,18.21468,0.17806,3.03214,4.0078,new_york,2023
GBPJPY,-1,2023-11-14 09:00:00,2023-11-14 11:00:00,186.235,186.46418,186.46418,185.77663,0.5655,-22.9,-117.94,-118.26,2,stop_loss,9.48059,0.15279,3.10687,5.63452,london,2023
GBPJPY,1,2023-11-14 12:00:00,2023-11-14 13:00:00,186.625,186.35599,186.35599,187.16301,0.4769,-26.9,-116.74,-117.06,1,stop_loss,13.45536,0.17934,4.45037,4.9949,london,2023
GBPJPY,-1,2023-11-14 23:00:00,2023-11-15 07:00:00,187.826,188.22774,188.22774,187.02252,0.3162,-40.2,-115.6,-115.92,8,stop_loss,39.34007,0.26783,5.16123,4.63484,,2023
GBPJPY,-1,2023-11-17 18:00:00,2023-11-17 22:00:00,185.965,186.40258,186.40258,185.08984,0.2874,-43.8,-114.44,-114.76,4,stop_loss,53.81916,0.29172,-2.78353,2.12121,new_york,2023
GBPJPY,-1,2023-11-17 22:00:00,2023-11-20 01:00:00,186.286,186.68249,186.68249,185.49302,0.314,-39.6,-113.29,-113.61,3,stop_loss,47.55521,0.26433,-1.56369,2.03354,,2023
GBPJPY,1,2023-11-20 07:00:00,2023-11-20 11:00:00,185.978,185.5423,185.5423,186.8494,0.2828,-43.6,-112.13,-112.45,4,stop_loss,34.67325,0.29047,-2.07358,1.39801,london,2023
GBPJPY,-1,2023-11-22 00:00:00,2023-11-22 08:00:00,186.038,186.44672,186.44672,185.22057,0.2985,-40.9,-111.02,-111.34,8,stop_loss,26.1751,0.27248,1.65691,-1.08281,,2023
GBPJPY,1,2023-11-22 21:00:00,2023-11-23 02:00:00,186.937,186.51857,186.51857,187.77386,0.2886,-41.8,-109.89,-110.21,5,stop_loss,29.80247,0.27895,3.08092,0.31159,new_york,2023
GBPJPY,1,2023-11-24 16:00:00,2023-11-27 02:00:00,188.141,188.284,187.82309,188.77683,0.3761,14.3,48.94,48.62,10,time_exit,30.5915,0.21194,4.59684,3.44353,new_york,2023
GBPJPY,-1,2023-11-27 22:00:00,2023-11-28 08:00:00,187.726,187.326,188.07673,187.02454,0.3424,40.0,124.63,124.32,10,time_exit,20.94506,0.23382,-0.18984,3.88088,,2023
GBPJPY,1,2023-11-28 22:00:00,2023-11-29 01:00:00,187.206,186.8409,186.8409,187.93619,0.3327,-36.5,-110.54,-110.85,3,stop_loss,21.66168,0.2434,-1.42912,2.34071,,2023
GBPJPY,-1,2023-12-01 00:00:00,2023-12-01 10:00:00,186.987,187.38747,187.38747,186.18606,0.3003,-40.0,-109.44,-109.76,10,stop_loss,22.79599,0.26698,0.34886,0.14083,,2023
GBPJPY,-1,2023-12-01 10:00:00,2023-12-01 17:00:00,187.351,186.64754,187.70273,186.64754,0.3384,70.3,216.63,216.31,7,take_profit,15.15248,0.23449,1.30775,0.26367,london,2023
GBPJPY,1,2023-12-01 17:00:00,2023-12-01 18:00:00,186.714,186.31937,186.31937,187.50326,0.3077,-39.5,-110.5,-110.82,1,stop_loss,17.40631,0.26309,-0.97259,0.31002,new_york,2023
GBPJPY,-1,2023-12-04 00:00:00,2023-12-04 10:00:00,186.07,185.997,186.45877,185.29247,0.3092,7.3,20.54,20.22,10,time_exit,22.29645,0.25918,-1.27932,-0.08308,,2023
GBPJPY,1,2023-12-06 18:00:00,2023-12-06 22:00:00,185.385,185.02874,185.02874,186.09752,0.338,-35.6,-109.58,-109.9,4,stop_loss,27.57314,0.23751,-1.13859,-2.82749,new_york,2023
GBPJPY,1,2023-12-08 15:00:00,2023-12-08 16:00:00,181.526,180.61764,180.61764,183.34272,0.1312,-90.8,-108.45,-108.77,1,stop_loss,53.53134,0.60557,-1.58559,-3.94948,london,2023
GBPJPY,-1,2023-12-11 09:00:00,2023-12-11 10:00:00,182.415,183.01848,183.01848,181.20804,0.1956,-60.3,-107.42,-107.74,1,stop_loss,24.35582,0.40232,0.42141,-5.32325,london,2023
GBPJPY,1,2023-12-12 04:00:00,2023-12-12 09:00:00,183.114,182.62075,182.62075,184.1005,0.2369,-49.3,-106.33,-106.65,5,stop_loss,22.38473,0.32883,0.46199,-3.94711,,2023
GBPJPY,-1,2023-12-12 14:00:00,2023-12-12 15:00:00,182.497,182.96979,182.96979,181.55141,0.2446,-47.3,-105.24,-105.56,1,stop_loss,27.47203,0.3152,-1.32773,-3.84974,london,2023
GBPJPY,-1,2023-12-14 02:00:00,2023-12-14 05:00:00,180.205,178.86993,180.87253,178.86993,0.1715,133.5,208.36,208.04,3,take_profit,42.14786,0.44502,-4.34035,-3.10536,,2023
GBPJPY,1,2023-12-14 16:00:00,2023-12-15 02:00:00,180.546,181.41,179.65171,182.33457,0.1306,86.4,102.68,102.36,10,time_exit,53.67815,0.59619,-0.71312,-3.37925,new_york,2023
GBPJPY,-1,2023-12-15 02:00:00,2023-12-15 12:00:00,181.686,181.09,182.39983,180.25835,0.1652,59.6,89.6,89.28,10,time_exit,32.53497,0.47588,1.49603,-3.79801,,2023
GBPJPY,-1,2023-12-18 05:00:00,2023-12-18 15:00:00,180.518,180.904,181.1308,179.2924,0.194,-38.6,-68.14,-68.46,10,time_exit,28.86525,0.40853,-0.50786,-3.84121,,2023
GBPJPY,1,2023-12-18 18:00:00,2023-12-19 00:00:00,180.955,180.45102,180.45102,181.96297,0.2344,-50.4,-107.5,-107.82,6,stop_loss,17.80375,0.33599,0.70565,-4.10377,new_york,2023
GBPJPY,-1,2023-12-22 19:00:00,2023-12-26 05:00:00,181.32,180.764,181.82438,180.31124,0.2319,55.6,117.33,117.01,10,time_exit,19.34173,0.33625,1.33179,-2.19558,new_york,2023
GBPJPY,-1,2023-12-26 19:00:00,2023-12-27 02:00:00,181.063,181.38365,181.38365,180.4217,0.3688,-32.1,-107.61,-107.93,7,stop_loss,12.14295,0.21377,1.03302,-2.7904,new_york,2023
GBPJPY,-1,2023-12-28 06:00:00,2023-12-28 11:00:00,181.059,180.13887,181.51907,180.13887,0.2544,92.0,213.01,212.7,5,take_profit,26.26813,0.30671,-0.7573,-0.48115,,2023
GBPJPY,-1,2024-01-02 14:00:00,2024-01-03 00:00:00,179.587,179.272,180.09752,178.56596,0.2339,31.5,67.05,66.73,10,time_exit,22.10821,0.34035,-1.5837,-2.09695,london,2024
GBPJPY,-1,2024-01-03 08:00:00,2024-01-03 09:00:00,179.51,179.89714,179.89714,178.73572,0.3103,-38.7,-109.32,-109.64,1,stop_loss,24.90997,0.25809,-0.75794,-3.40581,london,2024
GBPJPY,1,2024-01-03 15:00:00,2024-01-03 17:00:00,180.448,181.34478,179.99961,181.34478,0.2652,89.7,216.42,216.1,2,take_profit,26.38075,0.29893,2.09959,-2.46114,london,2024
GBPJPY,-1,2024-01-04 17:00:00,2024-01-05 03:00:00,183.56,183.726,184.10287,182.47426,0.2234,-16.6,-33.75,-34.07,10,time_exit,51.3726,0.36191,6.1928,1.21965,new_york,2024
GBPJPY,1,2024-01-08 10:00:00,2024-01-08 11:00:00,183.525,183.11537,183.11537,184.34425,0.2952,-41.0,-110.04,-110.36,1,stop_loss,21.65449,0.27308,0.90077,5.25534,london,2024
GBPJPY,1,2024-01-09 01:00:00,2024-01-09 03:00:00,183.847,183.46892,183.46892,184.60316,0.3166,-37.8,-108.93,-109.25,2,stop_loss,14.425,0.25205,1.62455,5.3643,,2024
GBPJPY,1,2024-01-10 08:00:00,2024-01-10 14:00:00,183.892,184.65774,183.50913,184.65774,0.3095,76.6,215.67,215.35,6,take_profit,11.9118,0.25525,1.40979,4.14666,london,2024
GBPJPY,-1,2024-01-12 10:00:00,2024-01-12 20:00:00,185.143,184.693,185.6035,184.22201,0.2625,45.0,107.49,107.18,10,time_exit,20.13727,0.307,-0.08162,5.08406,london,2024
GBPJPY,1,2024-01-15 12:00:00,2024-01-15 22:00:00,185.37,185.547,185.02063,186.06874,0.3493,17.7,56.26,55.94,10,time_exit,19.78901,0.23291,1.39541,4.84993,london,2024
GBPJPY,1,2024-01-16 01:00:00,2024-01-16 02:00:00,185.475,185.20828,185.20828,186.00843,0.4599,-26.7,-111.62,-111.94,1,stop_loss,30.12742,0.17781,1.27496,6.3468,,2024
GBPJPY,1,2024-01-17 01:00:00,2024-01-17 09:00:00,185.904,186.60796,185.55202,186.60796,0.345,70.4,221.01,220.69,8,take_profit,19.32479,0.23465,1.89052,4.46989,,2024
GBPJPY,1,2024-01-17 12:00:00,2024-01-17 22:00:00,187.318,187.98,186.85573,188.24253,0.2679,66.2,161.39,161.07,10,time_exit,28.06959,0.30818,4.88909,3.8446,london,2024
GBPJPY,-1,2024-01-18 23:00:00,2024-01-19 04:00:00,188.171,188.52688,188.52688,187.45925,0.353,-35.6,-114.32,-114.64,5,stop_loss,33.36319,0.23725,3.78869,7.29884,,2024
GBPJPY,1,2024-01-19 04:00:00,2024-01-19 09:00:00,188.515,188.15752,188.15752,189.22996,0.3479,-35.7,-113.17,-113.49,5,stop_loss,35.06022,0.23832,4.44219,7.46822,,2024
GBPJPY,1,2024-01-23 06:00:00,2024-01-23 08:00:00,188.196,187.80784,187.80784,188.97232,0.3172,-38.8,-112.04,-112.36,2,stop_loss,11.55896,0.25877,0.51812,5.4776,,2024
GBPJPY,1,2024-01-26 03:00:00,2024-01-26 13:00:00,187.458,188.26276,187.05562,188.26276,0.3029,80.5,221.82,221.5,10,take_profit,20.12765,0.26825,-1.15385,2.0237,,2024
GBPJPY,-1,2024-01-29 05:00:00,2024-01-29 15:00:00,188.105,187.828,188.42953,187.45594,0.3831,27.7,96.57,96.25,10,time_exit,9.69134,0.21635,0.7313,2.51503,,2024
GBPJPY,1,2024-01-30 11:00:00,2024-01-30 12:00:00,187.074,186.74558,186.74558,187.73083,0.3818,-32.8,-114.1,-114.42,1,stop_loss,33.27713,0.21894,-2.2999,0.69575,london,2024
GBPJPY,1,2024-01-30 15:00:00,2024-01-31 01:00:00,186.843,187.036,186.49435,187.54031,0.356,19.3,62.52,62.21,10,time_exit,38.63621,0.23244,-2.68831,0.27969,london,2024
GBPJPY,-1,2024-02-01 13:00:00,2024-02-01 14:00:00,185.488,185.96298,185.96298,184.53804,0.2628,-47.5,-113.59,-113.91,1,stop_loss,42.21672,0.31665,-3.54332,-1.64286,london,2024
GBPJPY,-1,2024-02-01 15:00:00,2024-02-02 01:00:00,186.255,186.677,186.81643,185.13213,0.2201,-42.2,-84.52,-84.84,10,time_exit,40.54266,0.37429,-0.80191,-1.46497,london,2024
GBPJPY,-1,2024-02-02 09:00:00,2024-02-02 10:00:00,186.705,187.11061,187.11061,185.89378,0.3023,-40.6,-111.58,-111.9,1,stop_loss,23.11706,0.27041,0.77724,-1.81855,london,2024
GBPJPY,-1,2024-02-06 16:00:00,2024-02-07 02:00:00,186.721,186.277,187.01741,186.12818,0.4095,44.4,165.45,165.14,10,time_exit,21.08281,0.19761,0.4097,-1.34283,new_york,2024
GBPJPY,1,2024-02-07 12:00:00,2024-02-07 16:00:00,186.866,186.57882,186.57882,187.44037,0.429,-28.7,-112.11,-112.43,4,stop_loss,17.80749,0.19146,1.63916,-1.43017,london,2024
GBPJPY,1,2024-02-07 16:00:00,2024-02-07 17:00:00,187.082,186.78264,186.78264,187.68072,0.4074,-29.9,-110.98,-111.3,1,stop_loss,26.83392,0.19957,2.2455,-1.02092,new_york,2024
GBPJPY,1,2024-02-08 04:00:00,2024-02-08 10:00:00,187.346,187.99184,187.02308,187.99184,0.3739,64.6,219.74,219.43,6,take_profit,16.38332,0.21528,2.59945,-0.34836,,2024
GBPJPY,-1,2024-02-09 06:00:00,2024-02-09 10:00:00,188.518,188.78984,188.78984,187.97431,0.4531,-27.2,-112.09,-112.41,4,stop_loss,45.40303,0.18123,4.49427,3.04962,,2024
GBPJPY,-1,2024-02-09 18:00:00,2024-02-12 04:00:00,188.66,188.448,188.97527,188.02946,0.3867,21.2,74.6,74.28,10,time_exit,41.99045,0.21018,3.10456,3.3543,new_york,2024
GBPJPY,-1,2024-02-13 03:00:00,2024-02-13 09:00:00,188.497,188.73965,188.73965,188.0117,0.5058,-24.3,-111.69,-112.0,6,stop_loss,21.02168,0.16177,0.93178,4.42887,,2024
GBPJPY,1,2024-02-14 10:00:00,2024-02-14 20:00:00,189.026,189.049,188.66847,189.74106,0.3399,2.3,7.11,6.8,10,time_exit,20.66828,0.23835,-0.56564,4.41728,london,2024
GBPJPY,1,2024-02-15 07:00:00,2024-02-15 09:00:00,188.644,188.32855,188.32855,189.27491,0.3854,-31.5,-110.63,-110.95,2,stop_loss,21.99666,0.2103,-1.99157,3.73163,london,2024
GBPJPY,1,2024-02-16 21:00:00,2024-02-19 00:00:00,189.466,189.15764,189.15764,190.08273,0.3903,-30.8,-109.52,-109.84,3,stop_loss,14.19929,0.20558,2.22833,2.58113,new_york,2024
GBPJPY,1,2024-02-20 15:00:00,2024-02-20 16:00:00,189.185,189.67927,188.93787,189.67927,0.4822,49.4,216.89,216.57,1,take_profit,10.70327,0.16476,0.16683,2.63732,london,2024
GBPJPY,1,2024-02-21 00:00:00,2024-02-21 10:00:00,189.324,189.346,189.06269,189.84662,0.4651,2.2,9.31,8.99,10,time_exit,13.15259,0.17421,0.53665,2.61615,,2024
GBPJPY,-1,2024-02-22 01:00:00,2024-02-22 03:00:00,189.954,190.22561,190.22561,189.41077,0.4478,-27.2,-110.68,-111.0,2,stop_loss,24.32594,0.18108,2.86457,2.71181,,2024
GBPJPY,1,2024-02-22 08:00:00,2024-02-22 10:00:00,190.032,190.56614,189.76493,190.56614,0.4509,53.4,219.17,218.85,2,take_profit,33.07408,0.17805,2.50443,3.18363,london,2024
GBPJPY,-1,2024-02-22 20:00:00,2024-02-23 06:00:00,190.618,190.646,191.01933,189.81535,0.306,-2.8,-7.8,-8.12,10,time_exit,38.04885,0.26755,2.79265,2.62778,new_york,2024
GBPJPY,-1,2024-02-23 12:00:00,2024-02-23 13:00:00,190.788,191.04938,191.04938,190.26524,0.4696,-26.1,-111.7,-112.02,1,stop_loss,31.9784,0.17425,3.21629,4.85846,london,2024
GBPJPY,1,2024-02-27 13:00:00,2024-02-27 23:00:00,190.589,190.953,190.32655,191.1139,0.463,36.4,153.36,153.05,10,time_exit,21.0109,0.17497,-1.02517,4.68216,london,2024
GBPJPY,1,2024-02-28 08:00:00,2024-02-28 11:00:00,190.647,190.39832,190.39832,191.14437,0.4953,-24.9,-112.09,-112.41,3,stop_loss,14.00217,0.16579,-0.69327,4.05783,london,2024
GBPJPY,1,2024-02-28 14:00:00,2024-02-29 00:00:00,190.588,190.683,190.28451,191.19499,0.4018,9.5,34.74,34.42,10,time_exit,13.52161,0.20233,-0.67506,2.99255,london,2024
GBPJPY,-1,2024-03-01 22:00:00,2024-03-04 08:00:00,190.081,190.44324,190.44324,189.35651,0.3377,-36.2,-111.32,-111.64,10,stop_loss,18.5418,0.2415,0.32472,-0.17851,,2024
GBPJPY,1,2024-03-05 20:00:00,2024-03-05 21:00:00,190.787,190.48567,190.48567,191.38965,0.4019,-30.1,-110.2,-110.52,1,stop_loss,18.17186,0.20088,0.80059,1.70977,new_york,2024
GBPJPY,-1,2024-03-07 15:00:00,2024-03-07 16:00:00,188.499,188.92876,188.92876,187.63949,0.279,-43.0,-109.11,-109.43,1,stop_loss,52.45273,0.2865,-4.51324,-1.19439,london,2024
GBPJPY,-1,2024-03-07 23:00:00,2024-03-08 09:00:00,189.67,189.344,190.11523,188.77954,0.2666,32.6,79.09,78.77,10,time_exit,34.57391,0.29682,-0.01893,-1.33384,,2024
GBPJPY,1,2024-03-11 04:00:00,2024-03-11 11:00:00,188.681,188.2545,188.2545,189.534,0.2803,-42.6,-108.79,-109.11,7,stop_loss,21.65667,0.28433,-2.07566,-1.98631,,2024
GBPJPY,1,2024-03-11 16:00:00,2024-03-12 02:00:00,188.293,188.086,187.88029,189.11843,0.2868,-20.7,-54.02,-54.34,10,time_exit,31.972,0.27514,-2.60098,-2.49813,new_york,2024
GBPJPY,-1,2024-03-12 07:00:00,2024-03-12 17:00:00,188.943,188.906,189.32851,188.17197,0.3054,3.7,10.28,9.96,10,time_exit,35.19723,0.25701,0.86864,-3.06784,london,2024
GBPJPY,1,2024-03-12 18:00:00,2024-03-13 04:00:00,188.907,188.41621,188.41621,189.88857,0.2402,-49.1,-107.28,-107.6,10,stop_loss,22.62368,0.32719,0.60909,-2.19119,new_york,2024
GBPJPY,-1,2024-03-13 16:00:00,2024-03-14 02:00:00,189.372,188.933,189.7801,188.5558,0.2859,43.9,114.21,113.9,10,time_exit,17.15743,0.27207,1.95439,-1.76615,new_york,2024
GBPJPY,-1,2024-03-14 17:00:00,2024-03-15 03:00:00,189.063,189.064,189.4375,188.31399,0.3149,-0.1,-0.29,-0.61,10,time_exit,14.46902,0.24967,0.09278,-0.97087,new_york,2024
GBPJPY,1,2024-03-15 03:00:00,2024-03-15 09:00:00,189.015,188.7138,188.7138,189.6174,0.3915,-30.1,-107.31,-107.63,6,stop_loss,19.18888,0.2008,-0.09597,-1.10292,,2024
GBPJPY,-1,2024-03-18 07:00:00,2024-03-18 10:00:00,189.743,190.08499,190.08499,189.05903,0.3414,-34.2,-106.25,-106.56,3,stop_loss,17.03861,0.22799,1.32444,0.47295,london,2024
GBPJPY,-1,2024-03-19 05:00:00,2024-03-19 06:00:00,189.89,190.15654,190.15654,189.35691,0.4336,-26.7,-105.17,-105.49,1,stop_loss,14.86136,0.1777,1.0954,1.41049,,2024
GBPJPY,1,2024-03-20 14:00:00,2024-03-20 22:00:00,192.537,193.28007,192.16546,193.28007,0.3079,74.3,208.2,207.88,8,take_profit,55.4334,0.24769,4.76002,5.08137,london,2024
GBPJPY,-1,2024-03-21 05:00:00,2024-03-21 08:00:00,192.57,193.00663,193.00663,191.69673,0.2673,-43.7,-106.21,-106.53,3,stop_loss,42.78476,0.29109,1.82184,5.34498,,2024
GBPJPY,1,2024-03-22 09:00:00,2024-03-22 10:00:00,191.516,191.12223,191.12223,192.30355,0.2934,-39.4,-105.14,-105.45,1,stop_loss,28.78092,0.26252,-2.30279,4.57149,london,2024
GBPJPY,1,2024-03-25 07:00:00,2024-03-25 17:00:00,190.649,191.38074,190.28313,191.38074,0.3126,73.2,208.15,207.84,10,take_profit,50.34589,0.24391,-2.65269,1.70151,london,2024
GBPJPY,1,2024-03-26 17:00:00,2024-03-27 00:00:00,191.427,191.14937,191.14937,191.98226,0.4202,-27.8,-106.16,-106.48,7,stop_loss,17.31494,0.18509,0.57451,1.74231,new_york,2024
GBPJPY,1,2024-03-28 00:00:00,2024-03-28 01:00:00,191.139,190.84388,190.84388,191.72924,0.3913,-29.5,-105.09,-105.41,1,stop_loss,21.77898,0.19675,-0.18646,0.71326,,2024
GBPJPY,-1,2024-03-28 15:00:00,2024-03-28 16:00:00,190.849,191.1666,191.1666,190.2138,0.36,-31.8,-104.05,-104.36,1,stop_loss,16.95405,0.21173,-1.11443,0.25338,london,2024
GBPJPY,1,2024-03-29 17:00:00,2024-03-29 20:00:00,191.163,190.86963,190.86963,191.74974,0.3858,-29.3,-103.0,-103.31,3,stop_loss,22.63463,0.19558,0.65811,0.02576,new_york,2024
GBPJPY,1,2024-04-03 19:00:00,2024-04-04 05:00:00,191.615,191.915,191.31325,192.2185,0.3713,30.0,101.36,101.05,10,time_exit,22.67556,0.20117,4.26815,-0.55354,new_york,2024
GBPJPY,-1,2024-04-05 00:00:00,2024-04-05 10:00:00,191.318,191.096,191.65113,190.65173,0.3397,22.2,68.63,68.31,10,time_exit,47.66481,0.22209,-0.84541,1.78557,,2024
GBPJPY,-1,2024-04-08 12:00:00,2024-04-08 17:00:00,191.734,192.01876,192.01876,191.16448,0.4,-28.5,-103.65,-103.97,5,stop_loss,19.5652,0.18984,1.46607,1.38913,london,2024
GBPJPY,-1,2024-04-09 22:00:00,2024-04-10 08:00:00,192.257,192.412,192.53331,191.70438,0.4081,-15.5,-57.56,-57.88,10,time_exit,23.48248,0.18421,1.1792,3.03435,,2024
GBPJPY,1,2024-04-11 04:00:00,2024-04-11 11:00:00,191.617,192.40794,191.22153,192.40794,0.2835,79.1,204.05,203.73,7,take_profit,28.94778,0.26365,-1.7668,1.60272,,2024
GBPJPY,1,2024-04-15 06:00:00,2024-04-15 15:00:00,191.527,192.4508,191.0651,192.4508,0.2476,92.4,208.15,207.83,9,take_profit,29.22462,0.30793,0.18366,-0.50865,,2024
GBPJPY,1,2024-04-16 16:00:00,2024-04-16 17:00:00,192.695,192.29786,192.29786,193.48928,0.2937,-39.7,-106.14,-106.46,1,stop_loss,18.56858,0.26476,2.84983,0.70064,new_york,2024
GBPJPY,1,2024-04-17 08:00:00,2024-04-17 18:00:00,192.218,192.366,191.88774,192.87851,0.3497,14.8,47.1,46.78,10,time_exit,15.60758,0.22017,0.54025,1.21453,london,2024
GBPJPY,1,2024-04-18 02:00:00,2024-04-18 12:00:00,192.168,192.597,191.77881,192.94637,0.298,42.9,116.34,116.02,10,time_exit,16.43883,0.25946,-0.23656,1.18356,,2024
GBPJPY,1,2024-04-19 04:00:00,2024-04-19 05:00:00,192.16,191.85981,191.85981,192.76038,0.3906,-30.0,-106.7,-107.02,1,stop_loss,12.42845,0.20013,-0.77714,1.46147,,2024
GBPJPY,1,2024-04-19 08:00:00,2024-04-19 18:00:00,191.661,191.591,191.10785,192.7673,0.2099,-7.0,-13.37,-13.69,10,time_exit,23.2939,0.36877,-1.39069,0.47452,london,2024
GBPJPY,-1,2024-04-22 14:00:00,2024-04-22 20:00:00,190.728,191.17017,191.17017,189.84366,0.2622,-44.2,-105.5,-105.82,6,stop_loss,26.11342,0.29478,-3.3596,-0.59941,london,2024
GBPJPY,-1,2024-04-23 06:00:00,2024-04-23 10:00:00,191.203,191.52119,191.52119,190.56662,0.3607,-31.8,-104.44,-104.76,4,stop_loss,23.80882,0.21213,-0.98979,-1.67487,,2024
GBPJPY,1,2024-04-23 23:00:00,2024-04-24 09:00:00,192.753,192.783,192.29336,193.67227,0.2472,3.0,6.75,6.43,10,time_exit,34.09525,0.30642,3.4238,-0.29693,,2024
GBPJPY,-1,2024-04-24 21:00:00,2024-04-25 06:00:00,193.415,193.79509,193.79509,192.65482,0.2991,-38.0,-103.45,-103.77,9,stop_loss,34.87795,0.25339,4.2135,1.41817,new_york,2024
GBPJPY,1,2024-04-25 06:00:00,2024-04-25 09:00:00,193.774,194.45252,193.43474,194.45252,0.3318,67.9,204.87,204.55,3,take_profit,41.61461,0.22617,4.71475,2.59756,,2024
GBPJPY,1,2024-04-26 23:00:00,2024-04-29 04:00:00,197.324,198.60273,196.68463,198.60273,0.1796,127.9,208.99,208.67,5,take_profit,18.96701,0.42624,5.33852,4.36021,,2024
GBPJPY,1,2024-04-29 11:00:00,2024-04-29 21:00:00,194.923,195.758,193.23084,198.30732,0.0692,83.5,52.58,52.26,10,time_exit,28.52881,1.12811,-0.94751,2.0432,london,2024
GBPJPY,-1,2024-04-30 23:00:00,2024-05-01 09:00:00,197.066,196.961,197.66223,195.87355,0.1974,10.5,18.86,18.54,10,time_exit,11.66784,0.39748,1.40733,4.93178,,2024
GBPJPY,-1,2024-05-01 16:00:00,2024-05-01 23:00:00,197.036,196.30209,197.40295,196.30209,0.3212,73.4,214.51,214.2,7,take_profit,8.64247,0.24464,1.00058,7.55427,new_york,2024
GBPJPY,1,2024-05-02 10:00:00,2024-05-02 14:00:00,194.646,193.6702,193.6702,196.5976,0.1232,-97.6,-109.4,-109.72,4,stop_loss,35.15317,0.65053,-2.28006,1.66366,london,2024
GBPJPY,-1,2024-05-03 08:00:00,2024-05-03 18:00:00,191.873,191.803,192.61477,190.38947,0.1605,7.0,10.22,9.91,10,time_exit,52.02737,0.49451,-4.37044,-1.11076,london,2024
GBPJPY,-1,2024-05-07 05:00:00,2024-05-07 11:00:00,193.829,193.0395,194.22375,193.0395,0.3018,79.0,216.83,216.51,6,take_profit,19.48925,0.26317,2.28794,-2.77016,,2024
GBPJPY,1,2024-05-07 13:00:00,2024-05-07 23:00:00,193.767,193.481,193.30699,194.68701,0.2642,-28.6,-68.76,-69.08,10,time_exit,20.74361,0.30667,1.29983,-1.86543,london,2024
GBPJPY,-1,2024-05-09 04:00:00,2024-05-09 12:00:00,194.374,194.72533,194.72533,193.67133,0.3437,-35.1,-109.89,-110.2,8,stop_loss,21.67229,0.23422,1.96017,-0.14651,,2024
GBPJPY,1,2024-05-10 06:00:00,2024-05-10 16:00:00,194.963,195.102,194.65974,195.56952,0.3942,13.9,49.86,49.54,10,time_exit,15.38435,0.20217,2.89675,1.38134,,2024
GBPJPY,-1,2024-05-10 23:00:00,2024-05-13 09:00:00,195.145,195.198,195.44592,194.54316,0.3991,-5.3,-19.25,-19.57,10,time_exit,17.37282,0.20061,1.99269,2.43724,,2024
GBPJPY,-1,2024-05-13 10:00:00,2024-05-13 14:00:00,195.197,195.49237,195.49237,194.60625,0.4058,-29.5,-109.08,-109.39,4,stop_loss,15.24841,0.19692,1.60737,2.72002,london,2024
GBPJPY,-1,2024-05-14 07:00:00,2024-05-14 11:00:00,196.444,195.91923,196.70639,195.91923,0.4523,52.5,215.99,215.68,4,take_profit,38.15862,0.17492,5.11373,5.08078,london,2024
GBPJPY,-1,2024-05-14 12:00:00,2024-05-14 13:00:00,196.018,196.34742,196.34742,195.35916,0.3674,-32.9,-110.14,-110.45,1,stop_loss,38.96125,0.21961,1.5054,4.31438,london,2024
GBPJPY,1,2024-05-15 20:00:00,2024-05-16 02:00:00,196.424,195.96021,195.96021,197.35158,0.2584,-46.4,-109.06,-109.38,6,stop_loss,31.25379,0.30919,0.14458,3.58844,new_york,2024
GBPJPY,1,2024-05-16 04:00:00,2024-05-16 14:00:00,195.141,196.015,194.59722,196.22857,0.2181,87.4,173.46,173.15,10,time_exit,39.69012,0.36252,-3.2103,2.67232,,2024
GBPJPY,-1,2024-05-20 00:00:00,2024-05-20 01:00:00,197.444,197.763,197.763,196.806,0.3778,-31.9,-109.67,-109.99,1,stop_loss,38.34843,0.21267,3.26943,5.06409,,2024
GBPJPY,-1,2024-05-20 06:00:00,2024-05-20 15:00:00,197.949,198.27034,198.27034,197.30631,0.3713,-32.1,-108.58,-108.9,9,stop_loss,35.08288,0.21423,3.68723,5.4063,,2024
GBPJPY,-1,2024-05-21 11:00:00,2024-05-21 21:00:00,198.612,198.573,198.91225,198.01151,0.3934,3.9,13.96,13.64,10,time_exit,26.90765,0.20016,2.80296,7.26598,london,2024
GBPJPY,-1,2024-05-22 06:00:00,2024-05-22 09:00:00,198.764,199.02552,199.02552,198.24095,0.4522,-26.2,-107.62,-107.94,3,stop_loss,13.14583,0.17435,2.5206,7.95932,,2024
GBPJPY,1,2024-05-23 06:00:00,2024-05-23 10:00:00,199.437,199.12423,199.12423,200.06255,0.3743,-31.3,-106.53,-106.85,4,stop_loss,22.12719,0.20852,2.56262,7.06803,,2024
GBPJPY,-1,2024-05-24 16:00:00,2024-05-27 02:00:00,199.779,199.753,200.07248,199.19204,0.3949,2.6,9.34,9.02,10,time_exit,10.93071,0.19565,2.47599,6.60904,new_york,2024
GBPJPY,-1,2024-05-27 06:00:00,2024-05-27 10:00:00,199.688,199.96979,199.96979,199.12443,0.4117,-28.2,-105.57,-105.89,4,stop_loss,13.93727,0.18786,0.86311,6.83228,,2024
GBPJPY,1,2024-05-27 11:00:00,2024-05-27 21:00:00,199.936,200.303,199.67202,200.46395,0.4351,36.7,145.31,144.99,10,time_exit,12.65873,0.17598,2.00379,7.13995,london,2024
GBPJPY,1,2024-05-28 15:00:00,2024-05-29 01:00:00,200.481,200.604,200.2382,200.96659,0.4796,12.3,53.68,53.36,10,time_exit,24.05965,0.16186,2.50707,7.87573,london,2024
GBPJPY,1,2024-05-29 09:00:00,2024-05-29 17:00:00,200.451,200.22446,200.22446,200.90409,0.5166,-22.7,-106.5,-106.82,8,stop_loss,14.42892,0.15103,0.87205,8.1559,london,2024
GBPJPY,-1,2024-05-30 10:00:00,2024-05-30 11:00:00,198.832,199.20627,199.20627,198.08345,0.3095,-37.4,-105.41,-105.73,1,stop_loss,51.6632,0.24952,-5.19217,3.26998,london,2024
GBPJPY,-1,2024-05-30 13:00:00,2024-05-30 23:00:00,199.468,199.642,199.88542,198.63316,0.2748,-17.4,-43.51,-43.83,10,time_exit,50.25698,0.27828,-2.1164,2.65266,london,2024
GBPJPY,1,2024-05-31 03:00:00,2024-05-31 04:00:00,199.832,199.47401,199.47401,200.54798,0.319,-35.8,-103.92,-104.24,1,stop_loss,35.60082,0.23866,-0.1091,2.12058,,2024
GBPJPY,1,2024-05-31 05:00:00,2024-05-31 12:00:00,199.319,200.13857,198.90921,200.13857,0.2759,82.0,205.77,205.45,7,take_profit,34.44433,0.27319,-1.85133,1.72531,,2024
GBPJPY,-1,2024-06-04 04:00:00,2024-06-04 09:00:00,200.365,199.49315,200.80092,199.49315,0.2645,87.2,209.85,209.53,5,take_profit,16.0975,0.29062,1.53762,1.18008,,2024
GBPJPY,-1,2024-06-05 18:00:00,2024-06-06 04:00:00,199.447,199.35,199.96248,198.41604,0.2282,9.7,20.14,19.82,10,time_exit,30.44276,0.34365,1.20841,-0.80029,new_york,2024
GBPJPY,-1,2024-06-06 17:00:00,2024-06-07 03:00:00,199.614,199.209,200.10523,198.63155,0.2399,40.5,88.42,88.1,10,time_exit,16.95598,0.32748,0.90267,-0.0915,new_york,2024
GBPJPY,-1,2024-06-07 04:00:00,2024-06-07 14:00:00,199.208,199.271,199.64394,198.33612,0.2725,-6.3,-15.62,-15.94,10,time_exit,17.74646,0.29063,-0.17186,-0.23648,,2024
GBPJPY,1,2024-06-10 05:00:00,2024-06-10 12:00:00,199.648,199.18891,199.18891,200.56618,0.2584,-45.9,-107.95,-108.27,7,stop_loss,12.22921,0.30606,1.13287,-0.04327,,2024
GBPJPY,1,2024-06-10 21:00:00,2024-06-11 07:00:00,199.925,200.273,199.51519,200.74461,0.2866,34.8,90.76,90.44,10,time_exit,12.19177,0.2732,1.73305,0.32456,new_york,2024
GBPJPY,1,2024-06-11 19:00:00,2024-06-12 05:00:00,200.148,200.283,199.7625,200.91901,0.3072,13.5,37.74,37.42,10,time_exit,15.69214,0.257,1.30069,1.21413,new_york,2024
GBPJPY,-1,2024-06-12 11:00:00,2024-06-12 14:00:00,200.522,200.81363,200.81363,199.93874,0.4075,-29.2,-108.14,-108.46,3,stop_loss,10.76662,0.19442,2.55266,2.12359,london,2024
GBPJPY,-1,2024-06-17 10:00:00,2024-06-17 11:00:00,199.333,199.82023,199.82023,198.35854,0.2415,-48.7,-107.08,-107.39,1,stop_loss,19.89607,0.32482,-2.01579,0.22163,london,2024
GBPJPY,-1,2024-06-18 12:00:00,2024-06-18 22:00:00,200.537,200.614,200.88236,199.84628,0.3373,-7.7,-23.63,-23.95,10,time_exit,13.93636,0.23024,1.60795,0.78597,london,2024
GBPJPY,-1,2024-06-21 10:00:00,2024-06-21 11:00:00,201.178,200.63025,201.45188,200.63025,0.4243,54.8,211.49,211.18,1,take_profit,13.78278,0.18258,0.85842,3.00585,london,2024
GBPJPY,-1,2024-06-24 07:00:00,2024-06-24 11:00:00,201.894,202.23934,202.23934,201.20332,0.3432,-34.5,-107.85,-108.17,4,stop_loss,18.24929,0.23023,2.33248,2.95708,london,2024
GBPJPY,1,2024-06-24 21:00:00,2024-06-25 04:00:00,202.495,202.08571,202.08571,203.31358,0.2867,-40.9,-106.78,-107.1,7,stop_loss,17.41076,0.27286,2.78343,3.14418,new_york,2024
GBPJPY,1,2024-06-26 09:00:00,2024-06-26 16:00:00,202.745,202.47029,202.47029,203.29442,0.4229,-27.5,-105.72,-106.04,7,stop_loss,10.09669,0.18314,2.18949,5.33298,london,2024
GBPJPY,1,2024-06-26 22:00:00,2024-06-27 08:00:00,202.826,202.724,202.4526,203.5728,0.308,-10.2,-28.59,-28.91,10,time_exit,13.01796,0.24893,1.21785,3.94895,,2024
GBPJPY,1,2024-06-27 12:00:00,2024-06-27 22:00:00,202.866,203.251,202.5574,203.48319,0.3716,38.5,130.19,129.87,10,time_exit,13.68116,0.20573,1.15292,4.51253,london,2024
GBPJPY,-1,2024-07-01 20:00:00,2024-07-02 06:00:00,204.296,204.245,204.67354,203.54092,0.3076,5.1,14.28,13.96,10,time_exit,38.09626,0.25169,2.65819,4.4872,new_york,2024
GBPJPY,1,2024-07-02 19:00:00,2024-07-03 05:00:00,204.752,205.037,204.42464,205.40671,0.3552,28.5,92.12,91.8,10,time_exit,29.86416,0.21824,3.20289,5.42394,new_york,2024
GBPJPY,1,2024-07-03 19:00:00,2024-07-03 20:00:00,206.112,205.73893,205.73893,206.85815,0.3143,-37.3,-106.7,-107.02,1,stop_loss,48.33625,0.24872,5.02935,5.93942,new_york,2024
GBPJPY,-1,2024-07-04 00:00:00,2024-07-04 10:00:00,205.956,205.691,206.30746,205.25309,0.3303,26.5,79.65,79.33,10,time_exit,38.59132,0.2343,4.21993,6.60958,,2024
GBPJPY,-1,2024-07-05 03:00:00,2024-07-05 06:00:00,205.811,205.3194,206.0568,205.3194,0.4759,49.2,212.9,212.58,3,take_profit,19.21872,0.16387,2.04535,8.84341,,2024
GBPJPY,1,2024-07-05 11:00:00,2024-07-05 15:00:00,205.475,206.14936,205.13782,206.14936,0.3538,67.4,217.12,216.8,4,take_profit,26.59747,0.22479,0.15331,5.83654,london,2024
GBPJPY,1,2024-07-09 06:00:00,2024-07-09 16:00:00,206.148,206.349,205.83767,206.76866,0.3921,20.1,71.72,71.4,10,time_exit,13.2779,0.20689,1.10715,5.52402,,2024
GBPJPY,1,2024-07-10 04:00:00,2024-07-10 12:00:00,206.445,206.96367,206.18566,206.96367,0.4723,51.9,222.92,222.6,8,take_profit,18.32223,0.17289,1.86348,6.09122,,2024
GBPJPY,-1,2024-07-10 18:00:00,2024-07-10 19:00:00,207.409,207.70488,207.70488,206.81724,0.4222,-29.6,-113.68,-114.0,1,stop_loss,36.57475,0.19725,5.03917,5.69463,new_york,2024
GBPJPY,-1,2024-07-11 18:00:00,2024-07-12 01:00:00,204.925,205.59751,205.59751,203.57998,0.1839,-67.3,-112.54,-112.86,7,stop_loss,61.89716,0.44834,-4.58837,2.74871,new_york,2024
GBPJPY,1,2024-07-12 21:00:00,2024-07-15 07:00:00,205.195,204.997,204.38211,206.82078,0.1506,-19.8,-27.14,-27.45,10,time_exit,49.58668,0.54193,-1.38783,0.52203,new_york,2024
GBPJPY,-1,2024-07-16 18:00:00,2024-07-17 04:00:00,205.333,205.602,205.76029,204.47843,0.2858,-26.9,-69.96,-70.28,10,time_exit,19.47715,0.28486,-0.14375,-0.42029,new_york,2024
GBPJPY,1,2024-07-17 12:00:00,2024-07-17 21:00:00,203.565,203.06276,203.06276,204.56949,0.2416,-50.2,-110.42,-110.74,9,stop_loss,26.65089,0.33483,-5.05568,-0.56367,london,2024
GBPJPY,-1,2024-07-18 19:00:00,2024-07-19 05:00:00,203.643,203.766,204.2264,202.47621,0.2059,-12.3,-23.05,-23.36,10,time_exit,36.2025,0.38893,-0.50349,-2.66054,new_york,2024
GBPJPY,-1,2024-07-19 19:00:00,2024-07-22 05:00:00,203.362,203.584,203.87124,202.34353,0.2354,-22.2,-47.56,-47.87,10,time_exit,12.66528,0.33949,-0.8699,-2.76407,new_york,2024
GBPJPY,-1,2024-07-22 11:00:00,2024-07-22 21:00:00,202.661,203.003,203.16621,201.65057,0.2362,-34.2,-73.51,-73.83,10,time_exit,16.94087,0.33681,-2.31556,-2.8227,london,2024
GBPJPY,1,2024-07-23 13:00:00,2024-07-23 20:00:00,201.347,200.80684,200.80684,202.42733,0.2195,-54.0,-107.9,-108.21,7,stop_loss,31.10997,0.36011,-4.01927,-3.25146,london,2024
GBPJPY,-1,2024-07-23 20:00:00,2024-07-24 06:00:00,201.116,200.02872,201.65964,200.02872,0.2159,108.7,213.62,213.3,10,take_profit,31.77942,0.36243,-3.69011,-3.69353,new_york,2024
GBPJPY,1,2024-07-25 10:00:00,2024-07-25 11:00:00,196.938,196.18527,196.18527,198.44345,0.159,-75.3,-108.91,-109.23,1,stop_loss,57.46505,0.50182,-4.78373,-5.774,london,2024
GBPJPY,1,2024-07-25 18:00:00,2024-07-26 04:00:00,197.843,197.559,196.82799,199.87301,0.1167,-28.4,-30.16,-30.48,10,time_exit,47.65922,0.67667,-1.23878,-4.64363,new_york,2024
GBPJPY,-1,2024-08-02 03:00:00,2024-08-02 13:00:00,189.913,189.525,190.91666,187.90568,0.1177,38.8,41.56,41.24,10,time_exit,34.20115,0.66911,-4.35865,-6.09846,,2024
GBPJPY,-1,2024-08-05 00:00:00,2024-08-05 04:00:00,187.534,185.4329,188.58455,185.4329,0.1129,210.1,215.86,215.55,4,take_profit,51.51544,0.70037,-4.25673,-6.92328,,2024
GBPJPY,1,2024-08-05 04:00:00,2024-08-05 06:00:00,186.03,184.91986,184.91986,188.25029,0.109,-111.0,-110.12,-110.43,2,stop_loss,56.78882,0.7401,-5.35265,-6.86255,,2024
GBPJPY,-1,2024-08-05 21:00:00,2024-08-06 02:00:00,183.729,185.7337,185.7337,179.71961,0.0597,-200.5,-108.91,-109.23,5,stop_loss,48.50302,1.33646,-2.06308,-5.00652,new_york,2024
GBPJPY,1,2024-08-06 04:00:00,2024-08-06 12:00:00,185.694,183.82181,183.82181,189.43837,0.0633,-187.2,-107.84,-108.16,8,stop_loss,34.60191,1.24812,-0.27371,-5.25558,,2024
GBPJPY,-1,2024-08-07 13:00:00,2024-08-07 23:00:00,187.556,186.207,189.13697,184.39407,0.0742,134.9,91.09,90.77,10,time_exit,23.23194,1.05398,1.96512,-4.74472,london,2024
GBPJPY,1,2024-08-08 01:00:00,2024-08-08 02:00:00,186.17,185.01781,185.01781,188.47438,0.1027,-115.2,-107.68,-108.0,1,stop_loss,17.11465,0.76813,0.23023,-5.32412,,2024
GBPJPY,1,2024-08-12 02:00:00,2024-08-12 12:00:00,187.432,187.98,186.76728,188.76143,0.1763,54.8,87.92,87.6,10,time_exit,14.20518,0.44314,0.98473,-4.25213,,2024
GBPJPY,1,2024-08-12 15:00:00,2024-08-12 20:00:00,188.455,187.92463,187.92463,189.51574,0.2228,-53.0,-107.53,-107.85,5,stop_loss,16.5956,0.35358,3.09702,-3.95598,london,2024
GBPJPY,-1,2024-08-14 00:00:00,2024-08-14 10:00:00,188.812,189.25,189.39223,187.65155,0.2016,-43.8,-80.35,-80.67,10,time_exit,14.70887,0.38682,1.61759,-1.11946,,2024
GBPJPY,1,2024-08-14 22:00:00,2024-08-15 08:00:00,188.918,188.962,188.25998,190.23404,0.1764,4.4,7.06,6.74,10,time_exit,15.10129,0.43868,0.69552,-0.25823,,2024
GBPJPY,1,2024-08-16 06:00:00,2024-08-16 14:00:00,191.662,191.14608,191.14608,192.69383,0.2251,-51.6,-105.68,-106.0,8,stop_loss,41.12278,0.34394,4.45328,2.75474,,2024
GBPJPY,1,2024-08-19 06:00:00,2024-08-19 07:00:00,190.881,190.33935,190.33935,191.9643,0.2123,-54.2,-104.64,-104.96,1,stop_loss,21.93588,0.3611,0.19174,3.27636,,2024
GBPJPY,-1,2024-08-20 10:00:00,2024-08-20 17:00:00,191.085,189.7122,191.7714,189.7122,0.1658,137.3,207.12,206.81,7,take_profit,14.37183,0.4576,1.45989,1.47515,london,2024
GBPJPY,-1,2024-08-20 17:00:00,2024-08-21 01:00:00,190.336,189.00565,191.00117,189.00565,0.1746,133.0,211.37,211.06,8,take_profit,13.317,0.44345,-0.19991,1.42798,new_york,2024
GBPJPY,1,2024-08-21 14:00:00,2024-08-21 16:00:00,190.625,190.02074,190.02074,191.83352,0.196,-60.4,-107.78,-108.09,2,stop_loss,20.38658,0.40284,1.4878,0.64018,london,2024
GBPJPY,1,2024-08-22 06:00:00,2024-08-22 15:00:00,190.29,191.59201,189.639,191.59201,0.1801,130.2,213.39,213.07,9,take_profit,21.6813,0.434,0.55011,0.54806,,2024
GBPJPY,1,2024-08-26 23:00:00,2024-08-27 09:00:00,190.652,191.083,190.12708,191.70184,0.2278,43.1,89.35,89.03,10,time_exit,16.4882,0.34995,0.39009,0.76755,,2024
GBPJPY,1,2024-08-29 01:00:00,2024-08-29 11:00:00,190.524,190.824,189.98473,191.60253,0.2236,30.0,61.04,60.72,10,time_exit,21.36239,0.35951,-0.95243,0.95036,,2024
GBPJPY,-1,2024-08-29 11:00:00,2024-08-29 21:00:00,191.338,190.693,191.85016,190.31368,0.2367,64.5,138.93,138.61,10,time_exit,19.59086,0.34144,1.30338,0.96496,london,2024
GBPJPY,1,2024-09-02 23:00:00,2024-09-03 04:00:00,193.101,192.67475,192.67475,193.95351,0.288,-42.6,-111.71,-112.03,5,stop_loss,34.37104,0.28417,3.70075,3.29979,,2024
GBPJPY,-1,2024-09-04 03:00:00,2024-09-04 13:00:00,190.615,190.223,191.19337,189.45827,0.2101,39.2,74.95,74.63,10,time_exit,34.3226,0.38558,-2.63733,1.02572,,2024
GBPJPY,1,2024-09-04 13:00:00,2024-09-04 17:00:00,190.342,189.67801,189.67801,191.66999,0.1843,-66.4,-111.36,-111.68,4,stop_loss,41.08403,0.44266,-1.98041,0.143,london,2024
GBPJPY,1,2024-09-04 18:00:00,2024-09-04 23:00:00,189.675,188.98085,188.98085,191.0633,0.1745,-69.4,-110.23,-110.55,5,stop_loss,40.18523,0.46277,-2.89339,-0.19072,new_york,2024
GBPJPY,1,2024-09-06 10:00:00,2024-09-06 15:00:00,187.793,188.99631,187.19134,188.99631,0.1993,120.3,218.24,217.92,5,take_profit,29.10625,0.4011,-3.51606,-2.85166,london,2024
GBPJPY,1,2024-09-09 02:00:00,2024-09-09 12:00:00,186.701,187.823,185.89616,188.31068,0.1519,112.2,155.09,154.77,10,time_exit,32.71797,0.53656,-3.08587,-2.91929,,2024
GBPJPY,-1,2024-09-10 17:00:00,2024-09-11 03:00:00,186.717,186.004,187.321,185.509,0.2053,71.3,133.2,132.89,10,time_exit,15.7079,0.40267,-1.99567,-3.88049,new_york,2024
GBPJPY,-1,2024-09-11 11:00:00,2024-09-11 15:00:00,184.975,185.66268,185.66268,183.59963,0.1824,-68.8,-114.14,-114.46,4,stop_loss,42.97129,0.45846,-3.524,-4.25267,london,2024
GBPJPY,-1,2024-09-12 16:00:00,2024-09-12 17:00:00,185.501,186.17679,186.17679,184.14943,0.1838,-67.6,-113.03,-113.35,1,stop_loss,17.63339,0.45052,-1.14418,-3.99793,new_york,2024
GBPJPY,-1,2024-09-16 12:00:00,2024-09-16 13:00:00,184.438,185.00598,185.00598,183.30204,0.2165,-56.8,-111.9,-112.22,1,stop_loss,31.02914,0.37865,-1.73952,-4.63257,london,2024
GBPJPY,1,2024-09-17 18:00:00,2024-09-18 04:00:00,186.847,186.35,186.27523,187.99055,0.2129,-49.7,-96.29,-96.61,10,time_exit,21.75738,0.38118,3.19883,-2.47095,new_york,2024
GBPJPY,1,2024-09-20 03:00:00,2024-09-20 04:00:00,189.737,189.0327,189.0327,191.1456,0.1713,-70.4,-109.79,-110.11,1,stop_loss,23.00048,0.46953,2.73652,2.44508,,2024
GBPJPY,-1,2024-09-23 09:00:00,2024-09-23 10:00:00,191.918,190.75946,192.49727,190.75946,0.2062,115.9,217.39,217.07,1,take_profit,31.27049,0.38618,3.60873,5.71059,london,2024
GBPJPY,-1,2024-09-23 18:00:00,2024-09-24 04:00:00,191.946,191.73,192.73341,190.37119,0.1547,21.6,30.41,30.09,10,time_exit,24.39049,0.52494,2.27991,4.15209,new_york,2024
GBPJPY,1,2024-09-24 19:00:00,2024-09-25 05:00:00,192.307,192.347,191.57409,193.77281,0.1667,4.0,6.07,5.75,10,time_exit,21.06091,0.4886,1.28533,4.75326,new_york,2024
GBPJPY,-1,2024-09-26 04:00:00,2024-09-26 05:00:00,192.583,193.03319,193.03319,191.68262,0.2715,-45.0,-111.23,-111.54,1,stop_loss,8.44116,0.30013,0.76613,7.01006,,2024
GBPJPY,-1,2024-09-26 14:00:00,2024-09-26 17:00:00,193.144,193.69219,193.69219,192.04762,0.2207,-54.8,-110.1,-110.42,3,stop_loss,17.71193,0.36546,1.35986,5.78043,london,2024
GBPJPY,-1,2024-10-02 10:00:00,2024-10-02 12:00:00,191.15,191.93369,191.93369,189.58261,0.1528,-78.4,-108.97,-109.29,2,stop_loss,26.09442,0.52246,-0.51848,0.30006,london,2024
GBPJPY,1,2024-10-02 18:00:00,2024-10-03 04:00:00,193.707,194.616,192.86911,195.38277,0.1415,90.9,117.05,116.73,10,time_exit,26.47498,0.55859,3.56242,0.66023,new_york,2024
GBPJPY,1,2024-10-04 08:00:00,2024-10-04 13:00:00,191.965,193.01955,191.43772,193.01955,0.2273,105.5,218.13,217.81,5,take_profit,15.23028,0.35152,-1.94345,2.10293,london,2024
GBPJPY,-1,2024-10-07 11:00:00,2024-10-07 21:00:00,194.42,193.59,195.0366,193.18679,0.1983,83.0,149.78,149.46,10,time_exit,29.52765,0.41107,1.31428,3.37952,london,2024
GBPJPY,1,2024-10-07 22:00:00,2024-10-08 08:00:00,193.591,193.711,193.01353,194.74594,0.2146,12.0,23.43,23.12,10,time_exit,26.31439,0.38498,-0.68018,3.17775,,2024
GBPJPY,1,2024-10-08 12:00:00,2024-10-08 22:00:00,193.665,194.252,193.0183,194.9584,0.192,58.7,102.56,102.24,10,time_exit,36.94286,0.43113,-0.20747,2.30962,london,2024
GBPJPY,1,2024-10-09 06:00:00,2024-10-09 10:00:00,194.092,193.6218,193.6218,195.0324,0.2664,-47.0,-113.99,-114.31,4,stop_loss,19.753,0.31347,0.55401,3.01207,,2024
GBPJPY,1,2024-10-14 15:00:00,2024-10-15 01:00:00,195.111,195.612,194.75518,195.82265,0.3486,50.1,158.93,158.61,10,time_exit,20.92141,0.23722,1.57492,3.43648,london,2024
GBPJPY,-1,2024-10-16 12:00:00,2024-10-16 22:00:00,194.361,194.368,194.95965,193.1637,0.2101,-0.7,-1.34,-1.66,10,time_exit,34.63681,0.3991,-1.56106,1.55717,london,2024
GBPJPY,1,2024-10-17 03:00:00,2024-10-17 05:00:00,194.298,193.88879,193.88879,195.11642,0.3073,-40.9,-114.43,-114.75,2,stop_loss,35.24896,0.27281,-1.63623,1.33728,,2024
GBPJPY,-1,2024-10-17 14:00:00,2024-10-17 15:00:00,194.616,195.0219,195.0219,193.80419,0.3067,-40.6,-113.29,-113.61,1,stop_loss,32.21168,0.2706,0.09288,0.81409,london,2024
GBPJPY,-1,2024-10-17 20:00:00,2024-10-18 06:00:00,195.433,195.175,195.91423,194.47055,0.2561,25.8,60.13,59.81,10,time_exit,27.45489,0.32082,2.3536,0.84875,new_york,2024
GBPJPY,1,2024-10-22 09:00:00,2024-10-22 13:00:00,196.061,195.6568,195.6568,196.86941,0.3065,-40.4,-112.74,-113.06,4,stop_loss,18.81317,0.26947,2.43412,2.05367,london,2024
GBPJPY,1,2024-10-23 04:00:00,2024-10-23 07:00:00,196.559,197.39028,196.14336,197.39028,0.2951,83.1,223.23,222.91,3,take_profit,13.05345,0.27709,2.93839,2.49041,,2024
GBPJPY,1,2024-10-23 11:00:00,2024-10-23 21:00:00,197.537,197.05145,197.05145,198.5081,0.2577,-48.6,-113.86,-114.18,10,stop_loss,27.02525,0.3237,4.33379,2.86539,london,2024
GBPJPY,1,2024-10-25 05:00:00,2024-10-25 08:00:00,196.928,196.4255,196.4255,197.93301,0.2465,-50.3,-112.72,-113.04,3,stop_loss,13.68144,0.335,-0.04231,3.09424,,2024
GBPJPY,-1,2024-10-25 11:00:00,2024-10-25 16:00:00,197.091,197.59826,197.59826,196.07648,0.2417,-50.7,-111.57,-111.89,5,stop_loss,12.44885,0.33817,0.48772,2.8503,london,2024
GBPJPY,1,2024-10-25 20:00:00,2024-10-28 00:00:00,197.501,198.47213,197.01544,198.47213,0.25,97.1,220.93,220.61,4,take_profit,14.76945,0.32371,1.38256,3.00922,new_york,2024
GBPJPY,-1,2024-10-28 10:00:00,2024-10-28 20:00:00,198.789,198.872,199.4158,197.5354,0.1975,-8.3,-14.92,-15.24,10,time_exit,35.60863,0.41787,2.76261,3.0133,london,2024
GBPJPY,1,2024-10-29 01:00:00,2024-10-29 07:00:00,198.74,198.25004,198.25004,199.71991,0.2523,-49.0,-112.49,-112.81,6,stop_loss,23.52548,0.32664,1.97648,4.30837,,2024
GBPJPY,-1,2024-10-29 08:00:00,2024-10-29 10:00:00,198.217,198.65624,198.65624,197.33852,0.2787,-43.9,-111.4,-111.72,2,stop_loss,19.35171,0.29283,0.09293,4.70176,london,2024
GBPJPY,1,2024-10-29 18:00:00,2024-10-30 04:00:00,199.356,199.347,198.85286,200.36229,0.2408,-0.9,-1.97,-2.29,10,time_exit,22.57072,0.33543,2.57501,4.35872,new_york,2024
GBPJPY,-1,2024-10-30 16:00:00,2024-10-30 17:00:00,198.594,199.10565,199.10565,197.57071,0.2368,-51.2,-110.25,-110.57,1,stop_loss,18.52531,0.3411,-0.92173,4.2131,new_york,2024
GBPJPY,1,2024-11-01 23:00:00,2024-11-04 03:00:00,197.642,196.99705,196.99705,198.9319,0.186,-64.5,-109.16,-109.48,4,stop_loss,20.03277,0.42997,0.4104,0.02183,,2024
GBPJPY,-1,2024-11-05 17:00:00,2024-11-06 02:00:00,197.516,197.94751,197.94751,196.65298,0.2751,-43.2,-108.02,-108.34,9,stop_loss,12.24763,0.28767,0.56588,-0.13025,new_york,2024
GBPJPY,-1,2024-11-06 22:00:00,2024-11-07 08:00:00,199.088,199.073,199.74613,197.77175,0.1786,1.5,2.44,2.12,10,time_exit,33.33267,0.43875,2.23278,1.09327,,2024
GBPJPY,-1,2024-11-08 00:00:00,2024-11-08 10:00:00,198.544,197.45075,199.09063,197.45075,0.2151,109.3,213.99,213.68,10,take_profit,17.7456,0.36442,-0.1282,1.88953,,2024
GBPJPY,1,2024-11-08 21:00:00,2024-11-11 06:00:00,197.062,198.25492,196.46554,198.25492,0.201,119.3,218.2,217.88,9,take_profit,31.2439,0.39764,-2.5564,0.45469,new_york,2024
GBPJPY,-1,2024-11-12 03:00:00,2024-11-12 07:00:00,197.846,197.04128,198.24836,197.04128,0.304,80.5,222.62,222.3,4,take_profit,17.33685,0.26824,-0.36085,0.19636,,2024
GBPJPY,1,2024-11-12 17:00:00,2024-11-12 18:00:00,197.503,197.02312,197.02312,198.46277,0.2599,-48.0,-113.5,-113.82,1,stop_loss,20.92218,0.31992,-0.74691,-0.29603,new_york,2024
GBPJPY,1,2024-11-13 01:00:00,2024-11-13 11:00:00,196.987,197.514,196.56347,197.83406,0.2916,52.7,139.84,139.52,10,time_exit,26.30021,0.28235,-2.03398,-0.76553,,2024
GBPJPY,-1,2024-11-13 23:00:00,2024-11-14 09:00:00,197.668,197.714,198.10853,196.78694,0.2838,-4.6,-11.88,-12.2,10,time_exit,14.14847,0.29369,0.69107,-0.79581,,2024
GBPJPY,-1,2024-11-18 02:00:00,2024-11-18 03:00:00,195.141,195.84872,195.84872,193.72556,0.1765,-70.8,-113.67,-113.99,1,stop_loss,41.20569,0.47181,-3.39934,-1.47963,,2024
GBPJPY,-1,2024-11-18 06:00:00,2024-11-18 14:00:00,195.246,196.0331,196.0331,193.6718,0.1571,-78.7,-112.52,-112.84,8,stop_loss,35.57276,0.52473,-2.43803,-1.58262,,2024
GBPJPY,-1,2024-11-18 15:00:00,2024-11-19 01:00:00,196.032,196.029,196.71936,194.65728,0.1781,0.3,0.49,0.17,10,time_exit,23.36402,0.45824,-0.42511,-2.12072,london,2024
GBPJPY,1,2024-11-21 01:00:00,2024-11-21 08:00:00,196.483,195.90708,195.90708,197.63484,0.2125,-57.6,-111.37,-111.69,7,stop_loss,16.23882,0.38395,0.29927,-0.95488,,2024
GBPJPY,1,2024-11-21 11:00:00,2024-11-21 16:00:00,195.227,194.58763,194.58763,196.50573,0.1895,-63.9,-110.26,-110.57,5,stop_loss,21.66696,0.42624,-2.42036,-0.96434,london,2024
GBPJPY,1,2024-11-22 08:00:00,2024-11-22 11:00:00,194.442,193.88864,193.88864,195.54873,0.2168,-55.3,-109.17,-109.49,3,stop_loss,43.03983,0.36891,-2.32039,-2.66577,london,2024
GBPJPY,-1,2024-11-25 10:00:00,2024-11-25 20:00:00,194.28,193.793,194.89136,193.05727,0.1942,48.7,86.06,85.75,10,time_exit,22.96667,0.40758,-0.35413,-3.22739,london,2024
GBPJPY,-1,2024-11-25 23:00:00,2024-11-26 03:00:00,193.715,192.6172,194.2639,192.6172,0.2181,109.8,217.88,217.56,4,take_profit,17.90207,0.36593,-1.34105,-3.58475,,2024
GBPJPY,1,2024-11-26 10:00:00,2024-11-26 18:00:00,193.219,192.6269,192.6269,194.4032,0.2062,-59.2,-111.1,-111.42,8,stop_loss,26.6709,0.39473,-1.56095,-3.64285,london,2024
GBPJPY,-1,2024-11-27 03:00:00,2024-11-27 08:00:00,192.251,191.21978,192.76661,191.21978,0.2344,103.1,219.96,219.64,5,take_profit,30.41858,0.34374,-2.9128,-4.7155,,2024
GBPJPY,-1,2024-11-27 18:00:00,2024-11-28 02:00:00,191.553,192.13759,192.13759,190.38381,0.2109,-58.5,-112.19,-112.51,8,stop_loss,38.47223,0.38973,-2.2102,-5.07087,new_york,2024
GBPJPY,1,2024-11-29 02:00:00,2024-11-29 03:00:00,191.941,191.533,191.533,192.75701,0.2991,-40.8,-111.05,-111.37,1,stop_loss,11.60094,0.272,-0.70256,-5.8515,,2024
GBPJPY,1,2024-11-29 06:00:00,2024-11-29 12:00:00,190.825,190.26906,190.26906,191.93689,0.2173,-55.6,-109.93,-110.25,6,stop_loss,23.89198,0.37063,-3.01363,-4.50535,,2024
GBPJPY,1,2024-12-03 03:00:00,2024-12-03 13:00:00,189.6,189.607,188.99891,190.80218,0.199,0.7,1.27,0.95,10,time_exit,36.93077,0.40073,-1.9656,-5.03026,,2024
GBPJPY,-1,2024-12-04 20:00:00,2024-12-05 06:00:00,190.962,191.04,191.55133,189.78334,0.203,-7.8,-14.41,-14.73,10,time_exit,21.06382,0.39289,1.66845,-3.33906,new_york,2024
GBPJPY,1,2024-12-10 05:00:00,2024-12-10 15:00:00,192.687,193.64149,192.20975,193.64149,0.2503,95.4,217.41,217.09,10,take_profit,31.86039,0.31816,2.10014,1.10009,,2024
GBPJPY,1,2024-12-11 06:00:00,2024-12-11 09:00:00,193.577,193.17952,193.17952,194.37195,0.3065,-39.7,-110.86,-111.18,3,stop_loss,29.63239,0.26498,2.02359,3.59317,,2024
GBPJPY,-1,2024-12-11 17:00:00,2024-12-12 03:00:00,194.068,194.052,194.72223,192.75955,0.1844,1.6,2.68,2.37,10,time_exit,26.05968,0.43615,1.59584,2.50016,new_york,2024
GBPJPY,1,2024-12-12 05:00:00,2024-12-12 13:00:00,194.409,193.91807,193.91807,195.39086,0.2457,-49.1,-109.77,-110.08,8,stop_loss,18.12458,0.32729,2.0233,3.75901,,2024
GBPJPY,1,2024-12-16 02:00:00,2024-12-16 11:00:00,193.765,194.66533,193.31484,194.66533,0.2653,90.0,217.36,217.04,9,take_profit,14.85439,0.30011,-0.16113,2.72819,,2024
GBPJPY,1,2024-12-18 16:00:00,2024-12-18 21:00:00,195.252,194.7792,194.7792,196.19759,0.2577,-47.3,-110.87,-111.19,5,stop_loss,17.17897,0.3152,0.71626,3.36186,new_york,2024
GBPJPY,-1,2024-12-19 21:00:00,2024-12-20 07:00:00,197.36,196.088,198.20945,195.66111,0.142,127.2,164.37,164.05,10,time_exit,28.63474,0.5663,2.15248,2.77284,new_york,2024
GBPJPY,-1,2024-12-20 14:00:00,2024-12-20 17:00:00,196.062,196.74201,196.74201,194.70198,0.18,-68.0,-111.39,-111.7,3,stop_loss,20.22756,0.45334,-0.39836,3.05743,london,2024
GBPJPY,1,2024-12-20 21:00:00,2024-12-23 07:00:00,196.586,196.998,195.94767,197.86267,0.1898,41.2,71.16,70.84,10,time_exit,15.46049,0.42556,0.69488,3.12269,new_york,2024
GBPJPY,-1,2024-12-23 15:00:00,2024-12-24 01:00:00,196.787,196.889,197.26292,195.83516,0.2562,-10.2,-23.78,-24.1,10,time_exit,10.73989,0.31728,0.74907,4.05975,london,2024
GBPJPY,-1,2024-12-24 19:00:00,2024-12-26 00:00:00,196.897,197.30932,197.30932,196.07235,0.2951,-41.2,-110.73,-111.04,5,stop_loss,16.14876,0.27488,0.32407,4.15513,new_york,2024
GBPJPY,-1,2024-12-27 04:00:00,2024-12-27 13:00:00,197.538,197.90886,197.90886,196.79628,0.3248,-37.1,-109.61,-109.93,9,stop_loss,19.22218,0.24724,0.76737,4.73634,,2024
GBPJPY,-1,2024-12-30 00:00:00,2024-12-30 08:00:00,198.322,198.76628,198.76628,197.43343,0.2684,-44.4,-108.51,-108.83,8,stop_loss,25.70281,0.29619,2.16764,4.16865,,2024
GBPJPY,-1,2024-12-30 20:00:00,2024-12-31 06:00:00,197.124,195.96141,197.7053,195.96141,0.2031,116.3,214.87,214.55,10,take_profit,30.55749,0.38753,-2.0485,2.88264,new_york,2024
