symbol,direction,entry_dt,exit_dt,entry,exit,stop_loss,take_profit,size,pnl_pips,pnl_gross,pnl,bars_held,exit_reason,adx_entry,atr_entry,ema_distance,trend_gap,session,year
AUDUSD,1,2019-01-14 11:00:00,2019-01-14 21:00:00,0.71921,0.71984,0.71758,0.72247,0.6132,6.3,38.63,38.63,10,time_exit,21.50544,0.00109,-0.10718,5.21705,london,2019
AUDUSD,-1,2019-01-15 00:00:00,2019-01-15 02:00:00,0.71962,0.721,0.721,0.71686,0.727,-13.8,-100.39,-100.39,2,stop_loss,14.03468,0.00092,0.16995,5.53384,tokyo,2019
AUDUSD,-1,2019-01-15 13:00:00,2019-01-15 23:00:00,0.7201,0.72027,0.72164,0.71703,0.6464,-1.7,-10.99,-10.99,10,time_exit,16.40301,0.00102,0.0411,4.75129,london,2019
AUDUSD,1,2019-01-16 15:00:00,2019-01-17 01:00:00,0.71743,0.7172,0.71575,0.72079,0.5917,-2.3,-13.61,-13.61,10,time_exit,16.13798,0.00112,-1.97857,3.08506,london,2019
AUDUSD,-1,2019-01-17 15:00:00,2019-01-17 21:00:00,0.71704,0.71855,0.71855,0.71403,0.6578,-15.1,-99.13,-99.13,6,stop_loss,28.20747,0.001,-0.81799,1.5319,london,2019
AUDUSD,-1,2019-01-18 01:00:00,2019-01-18 11:00:00,0.71875,0.7184,0.72063,0.71499,0.5218,3.5,18.26,18.26,10,time_exit,30.18993,0.00125,0.68062,1.13239,tokyo,2019
AUDUSD,-1,2019-01-18 13:00:00,2019-01-18 17:00:00,0.71913,0.72082,0.72082,0.71575,0.5826,-16.9,-98.32,-98.33,4,stop_loss,33.15675,0.00113,0.71821,1.38854,london,2019
AUDUSD,1,2019-01-18 22:00:00,2019-01-21 08:00:00,0.71679,0.71724,0.715,0.72036,0.5448,4.5,24.52,24.51,10,time_exit,28.10062,0.00119,-1.21957,1.14622,,2019
AUDUSD,-1,2019-01-21 16:00:00,2019-01-22 02:00:00,0.71464,0.71545,0.71616,0.71159,0.64,-8.1,-51.84,-51.84,10,time_exit,16.01634,0.00102,-2.49391,0.39849,new_york,2019
AUDUSD,-1,2019-01-23 08:00:00,2019-01-23 18:00:00,0.71366,0.71322,0.71505,0.71087,0.696,4.4,30.62,30.62,10,time_exit,26.05722,0.00093,-0.55257,-1.7029,tokyo,2019
AUDUSD,-1,2019-01-24 17:00:00,2019-01-25 03:00:00,0.71044,0.70845,0.71222,0.70687,0.5456,19.9,108.57,108.57,10,time_exit,25.40937,0.00119,-1.82789,-1.86466,new_york,2019
AUDUSD,1,2019-01-28 05:00:00,2019-01-28 13:00:00,0.71941,0.71764,0.71764,0.72296,0.5554,-17.7,-98.46,-98.46,8,stop_loss,44.6054,0.00118,4.64791,-0.35026,tokyo,2019
AUDUSD,1,2019-01-28 18:00:00,2019-01-29 02:00:00,0.71672,0.7152,0.7152,0.71976,0.6408,-15.2,-97.48,-97.48,8,stop_loss,30.20876,0.00101,1.10634,0.78607,new_york,2019
AUDUSD,-1,2019-01-29 10:00:00,2019-01-29 20:00:00,0.71601,0.71555,0.71758,0.71288,0.6164,4.6,28.35,28.35,10,time_exit,20.90423,0.00104,0.09249,0.85611,london,2019
AUDUSD,1,2019-01-30 16:00:00,2019-01-30 21:00:00,0.71869,0.72142,0.71732,0.72142,0.7088,27.3,193.57,193.57,5,take_profit,32.42123,0.00091,1.47829,1.83064,new_york,2019
AUDUSD,-1,2019-01-31 04:00:00,2019-01-31 09:00:00,0.72543,0.72751,0.72751,0.72128,0.4752,-20.8,-98.71,-98.72,5,stop_loss,43.93645,0.00138,4.26063,2.19738,tokyo,2019
AUDUSD,-1,2019-01-31 23:00:00,2019-02-01 09:00:00,0.72682,0.72491,0.72861,0.72325,0.5472,19.1,104.52,104.51,10,time_exit,53.57909,0.00119,2.71122,4.4203,,2019
AUDUSD,-1,2019-02-01 10:00:00,2019-02-01 15:00:00,0.72492,0.72654,0.72654,0.72168,0.6105,-16.2,-98.77,-98.78,5,stop_loss,31.78874,0.00108,0.71001,4.72367,london,2019
AUDUSD,-1,2019-02-01 23:00:00,2019-02-04 09:00:00,0.72507,0.72382,0.72665,0.72191,0.6187,12.5,77.34,77.34,10,time_exit,26.26992,0.00105,0.27032,4.67587,,2019
AUDUSD,1,2019-02-05 14:00:00,2019-02-05 17:00:00,0.72488,0.72317,0.72317,0.7283,0.5764,-17.1,-98.56,-98.57,3,stop_loss,22.79973,0.00114,1.10051,2.35458,london,2019
AUDUSD,1,2019-02-05 20:00:00,2019-02-06 03:00:00,0.72354,0.72197,0.72197,0.72668,0.6215,-15.7,-97.58,-97.58,7,stop_loss,16.71658,0.00105,-0.10635,2.42522,new_york,2019
AUDUSD,-1,2019-02-06 19:00:00,2019-02-07 05:00:00,0.71275,0.71059,0.71446,0.70933,0.565,21.6,122.04,122.04,10,time_exit,48.94138,0.00114,-5.53578,-1.0121,new_york,2019
AUDUSD,1,2019-02-07 08:00:00,2019-02-07 18:00:00,0.70945,0.70922,0.70782,0.71271,0.6008,-2.3,-13.82,-13.82,10,time_exit,61.06316,0.00109,-5.74585,-3.1145,tokyo,2019
AUDUSD,1,2019-02-07 23:00:00,2019-02-08 02:00:00,0.71035,0.70879,0.70879,0.71347,0.6263,-15.6,-97.68,-97.68,3,stop_loss,41.81786,0.00104,-2.77956,-4.42797,,2019
AUDUSD,1,2019-02-11 03:00:00,2019-02-11 11:00:00,0.70978,0.70823,0.70823,0.71288,0.6239,-15.5,-96.72,-96.72,8,stop_loss,21.01195,0.00103,-0.43821,-5.20052,tokyo,2019
AUDUSD,-1,2019-02-12 09:00:00,2019-02-12 16:00:00,0.70816,0.70972,0.70972,0.70503,0.6124,-15.6,-95.74,-95.74,7,stop_loss,18.9354,0.00104,-0.14805,-5.02326,london,2019
AUDUSD,1,2019-02-12 18:00:00,2019-02-13 03:00:00,0.70893,0.71169,0.70755,0.71169,0.6876,27.6,189.57,189.57,9,take_profit,17.81724,0.00092,0.56025,-5.13337,new_york,2019
AUDUSD,-1,2019-02-19 05:00:00,2019-02-19 15:00:00,0.71185,0.71127,0.71322,0.70911,0.705,5.8,40.89,40.89,10,time_exit,20.77259,0.00091,-1.17545,0.55713,tokyo,2019
AUDUSD,-1,2019-02-21 08:00:00,2019-02-21 18:00:00,0.71065,0.70798,0.71356,0.70483,0.3337,26.7,89.1,89.1,10,time_exit,19.8938,0.00194,-2.43721,0.9339,tokyo,2019
AUDUSD,-1,2019-02-22 09:00:00,2019-02-22 15:00:00,0.71028,0.7125,0.7125,0.70583,0.4404,-22.2,-97.99,-97.99,6,stop_loss,13.74193,0.00148,-1.00673,-0.63675,london,2019
AUDUSD,1,2019-02-22 22:00:00,2019-02-25 08:00:00,0.71334,0.71475,0.71142,0.71718,0.5051,14.1,71.22,71.22,10,time_exit,19.57778,0.00128,0.98581,-0.46469,,2019
AUDUSD,1,2019-02-25 16:00:00,2019-02-26 02:00:00,0.71729,0.71626,0.71556,0.72074,0.5662,-10.3,-58.32,-58.32,10,time_exit,31.20602,0.00115,2.94953,0.66129,new_york,2019
AUDUSD,1,2019-02-28 13:00:00,2019-02-28 15:00:00,0.71355,0.71196,0.71196,0.71673,0.6111,-15.9,-97.13,-97.13,2,stop_loss,16.81498,0.00106,-1.52155,0.61634,london,2019
AUDUSD,1,2019-03-01 02:00:00,2019-03-01 04:00:00,0.71015,0.7086,0.7086,0.71326,0.6186,-15.5,-96.16,-96.16,2,stop_loss,32.9936,0.00104,-3.04069,-0.71977,tokyo,2019
AUDUSD,1,2019-03-01 11:00:00,2019-03-01 19:00:00,0.70927,0.70764,0.70764,0.71254,0.5829,-16.3,-95.2,-95.2,8,stop_loss,30.57255,0.00109,-2.59498,-1.41889,london,2019
AUDUSD,1,2019-03-01 22:00:00,2019-03-04 00:00:00,0.70726,0.71063,0.70557,0.71063,0.5589,33.7,188.5,188.5,2,take_profit,21.26694,0.00112,-3.42624,-1.86177,,2019
AUDUSD,1,2019-03-04 06:00:00,2019-03-04 10:00:00,0.71002,0.70814,0.70814,0.71378,0.5117,-18.8,-96.12,-96.12,4,stop_loss,16.63711,0.00125,-0.39302,-1.88556,tokyo,2019
AUDUSD,1,2019-03-05 14:00:00,2019-03-05 17:00:00,0.70785,0.70645,0.70645,0.71066,0.6785,-14.0,-95.17,-95.17,3,stop_loss,10.9074,0.00094,-1.02872,-2.97849,london,2019
AUDUSD,-1,2019-03-06 23:00:00,2019-03-07 04:00:00,0.70286,0.70428,0.70428,0.70002,0.6637,-14.2,-94.22,-94.22,5,stop_loss,33.80917,0.00095,-2.80294,-4.4358,,2019
AUDUSD,-1,2019-03-07 11:00:00,2019-03-07 21:00:00,0.70434,0.70184,0.70559,0.70184,0.7447,25.0,186.54,186.54,10,take_profit,20.24781,0.00083,-0.70966,-4.94108,london,2019
AUDUSD,1,2019-03-11 03:00:00,2019-03-11 13:00:00,0.70376,0.70435,0.70241,0.70647,0.7033,5.9,41.49,41.49,10,time_exit,27.03942,0.0009,0.30016,-3.94362,tokyo,2019
AUDUSD,1,2019-03-11 19:00:00,2019-03-12 05:00:00,0.70562,0.70723,0.70433,0.70821,0.7385,16.1,118.9,118.9,10,time_exit,23.13127,0.00086,1.81865,-3.05464,new_york,2019
AUDUSD,-1,2019-03-12 20:00:00,2019-03-13 02:00:00,0.70854,0.70584,0.70989,0.70584,0.7155,27.0,193.5,193.5,6,take_profit,30.05307,0.0009,2.68586,-0.74582,new_york,2019
AUDUSD,-1,2019-03-14 02:00:00,2019-03-14 06:00:00,0.70939,0.70671,0.71073,0.70671,0.7375,26.8,197.36,197.36,4,take_profit,28.23844,0.00089,2.60504,0.14615,tokyo,2019
AUDUSD,-1,2019-03-14 13:00:00,2019-03-14 23:00:00,0.7061,0.70641,0.70734,0.70362,0.8108,-3.1,-25.13,-25.14,10,time_exit,16.77892,0.00083,-0.99514,0.02916,london,2019
AUDUSD,1,2019-03-18 07:00:00,2019-03-18 13:00:00,0.7113,0.70997,0.70997,0.71395,0.7571,-13.3,-100.4,-100.4,6,stop_loss,26.8023,0.00088,3.76875,0.86331,tokyo,2019
AUDUSD,1,2019-03-22 09:00:00,2019-03-22 11:00:00,0.7108,0.70924,0.70924,0.71393,0.6351,-15.6,-99.39,-99.39,2,stop_loss,21.25074,0.00104,-0.40702,1.67883,london,2019
AUDUSD,-1,2019-03-22 11:00:00,2019-03-22 18:00:00,0.71128,0.70829,0.71278,0.70829,0.6574,29.9,196.82,196.82,7,take_profit,19.49201,0.001,0.06573,1.7054,london,2019
AUDUSD,1,2019-03-25 18:00:00,2019-03-26 04:00:00,0.71038,0.71168,0.70904,0.71307,0.7471,13.0,97.12,97.12,10,time_exit,22.12281,0.0009,1.00243,0.21221,new_york,2019
AUDUSD,1,2019-03-26 07:00:00,2019-03-26 17:00:00,0.71187,0.7139,0.71067,0.71426,0.8467,20.3,171.88,171.88,10,time_exit,30.41807,0.0008,2.00663,0.89545,tokyo,2019
AUDUSD,-1,2019-03-27 21:00:00,2019-03-28 07:00:00,0.70818,0.70962,0.70962,0.7053,0.7155,-14.4,-103.07,-103.07,10,stop_loss,43.73646,0.00096,-2.60056,0.57807,new_york,2019
AUDUSD,-1,2019-04-02 17:00:00,2019-04-03 03:00:00,0.70731,0.70884,0.70884,0.70425,0.6669,-15.3,-102.03,-102.03,10,stop_loss,31.45652,0.00102,-2.37537,-0.14385,new_york,2019
AUDUSD,1,2019-04-05 14:00:00,2019-04-05 16:00:00,0.71158,0.71059,0.71059,0.71356,1.019,-9.9,-101.02,-101.02,2,stop_loss,14.60694,0.00066,0.22761,1.47724,london,2019
AUDUSD,-1,2019-04-08 14:00:00,2019-04-08 15:00:00,0.71025,0.71129,0.71129,0.70817,0.9599,-10.4,-100.0,-100.0,1,stop_loss,14.65647,0.00069,-0.48951,0.31476,london,2019
AUDUSD,-1,2019-04-08 15:00:00,2019-04-08 16:00:00,0.71072,0.71176,0.71176,0.70865,0.9547,-10.4,-99.0,-99.0,1,stop_loss,14.31829,0.00069,0.15293,0.31772,london,2019
AUDUSD,-1,2019-04-08 19:00:00,2019-04-09 05:00:00,0.71231,0.7128,0.71341,0.71012,0.894,-4.9,-43.81,-43.81,10,time_exit,20.07683,0.00073,2.01462,0.51356,new_york,2019
AUDUSD,1,2019-04-09 21:00:00,2019-04-10 04:00:00,0.7126,0.71139,0.71139,0.71502,0.8062,-12.1,-97.58,-97.58,7,stop_loss,32.99081,0.00081,0.10583,1.72439,new_york,2019
AUDUSD,-1,2019-04-10 11:00:00,2019-04-10 19:00:00,0.71493,0.71622,0.71622,0.71235,0.7482,-12.9,-96.59,-96.59,8,stop_loss,23.96701,0.00086,2.57525,1.5878,london,2019
AUDUSD,1,2019-04-16 00:00:00,2019-04-16 04:00:00,0.7172,0.7161,0.7161,0.71939,0.8725,-11.0,-95.63,-95.63,4,stop_loss,17.50549,0.00073,0.94805,3.44974,tokyo,2019
AUDUSD,1,2019-04-17 00:00:00,2019-04-17 01:00:00,0.71732,0.71615,0.71615,0.71965,0.8123,-11.7,-94.67,-94.67,1,stop_loss,23.74479,0.00078,1.41149,2.44666,tokyo,2019
AUDUSD,1,2019-04-17 01:00:00,2019-04-17 02:00:00,0.71742,0.71627,0.71627,0.71973,0.813,-11.5,-93.73,-93.73,1,stop_loss,23.46275,0.00077,1.27088,2.48736,tokyo,2019
AUDUSD,-1,2019-04-17 05:00:00,2019-04-17 06:00:00,0.71748,0.71895,0.71895,0.71454,0.6306,-14.7,-92.79,-92.79,1,stop_loss,21.80332,0.00098,1.05654,1.89586,tokyo,2019
AUDUSD,1,2019-04-17 09:00:00,2019-04-17 17:00:00,0.72006,0.71838,0.71838,0.72342,0.547,-16.8,-91.87,-91.87,8,stop_loss,26.42239,0.00112,2.86189,1.87967,london,2019
AUDUSD,-1,2019-04-19 13:00:00,2019-04-19 23:00:00,0.71514,0.71488,0.71613,0.71316,0.9195,2.6,23.91,23.9,10,time_exit,16.88118,0.00066,-1.22769,0.80814,london,2019
AUDUSD,-1,2019-04-22 06:00:00,2019-04-22 16:00:00,0.71415,0.7134,0.71501,0.71242,1.0554,7.5,79.15,79.15,10,time_exit,18.78429,0.00058,-2.1148,0.08166,tokyo,2019
AUDUSD,-1,2019-04-23 12:00:00,2019-04-23 16:00:00,0.71152,0.70964,0.71246,0.70964,0.9809,18.8,183.94,183.94,4,take_profit,45.95157,0.00063,-3.44874,-1.72382,london,2019
AUDUSD,-1,2019-04-24 06:00:00,2019-04-24 16:00:00,0.70387,0.7028,0.70543,0.70075,0.602,10.7,64.41,64.41,10,time_exit,62.10384,0.00104,-7.1277,-2.46449,tokyo,2019
AUDUSD,1,2019-04-25 06:00:00,2019-04-25 11:00:00,0.70221,0.70075,0.70075,0.70514,0.6456,-14.6,-94.46,-94.46,5,stop_loss,58.69038,0.00098,-3.66867,-5.78731,tokyo,2019
AUDUSD,1,2019-04-25 17:00:00,2019-04-26 03:00:00,0.70062,0.7012,0.69907,0.70371,0.6043,5.8,35.05,35.05,10,time_exit,59.53151,0.00103,-3.30826,-6.11275,new_york,2019
AUDUSD,-1,2019-04-26 11:00:00,2019-04-26 15:00:00,0.70309,0.70455,0.70455,0.70017,0.6437,-14.6,-93.86,-93.86,4,stop_loss,26.80447,0.00097,0.12053,-6.14866,london,2019
AUDUSD,1,2019-04-29 04:00:00,2019-04-29 14:00:00,0.70463,0.70458,0.70332,0.70725,0.7098,-0.5,-3.55,-3.55,10,time_exit,19.86278,0.00087,1.26144,-5.33039,tokyo,2019
AUDUSD,1,2019-04-30 04:00:00,2019-04-30 05:00:00,0.70671,0.70571,0.70571,0.7087,0.9316,-10.0,-92.89,-92.89,1,stop_loss,15.43009,0.00066,2.99851,-4.32299,tokyo,2019
AUDUSD,1,2019-05-01 00:00:00,2019-05-01 10:00:00,0.7045,0.70577,0.70324,0.70702,0.7302,12.7,92.74,92.73,10,time_exit,11.84973,0.00084,0.38348,-2.78665,tokyo,2019
AUDUSD,1,2019-05-01 16:00:00,2019-05-01 21:00:00,0.7038,0.70268,0.70268,0.70605,0.8265,-11.2,-92.89,-92.89,5,stop_loss,10.93454,0.00075,-1.44651,-2.51861,new_york,2019
AUDUSD,1,2019-05-03 08:00:00,2019-05-03 17:00:00,0.69958,0.7018,0.69847,0.7018,0.8275,22.2,183.91,183.91,9,take_profit,43.35289,0.00074,-2.77281,-4.46162,tokyo,2019
AUDUSD,-1,2019-05-07 00:00:00,2019-05-07 04:00:00,0.69897,0.70033,0.70033,0.69626,0.692,-13.6,-93.8,-93.8,4,stop_loss,13.08289,0.0009,-0.55478,-3.63753,tokyo,2019
AUDUSD,-1,2019-05-08 01:00:00,2019-05-08 06:00:00,0.70117,0.7026,0.7026,0.6983,0.6474,-14.3,-92.85,-92.86,5,stop_loss,11.76906,0.00096,0.62073,-2.19088,tokyo,2019
AUDUSD,-1,2019-05-08 15:00:00,2019-05-09 01:00:00,0.70031,0.69939,0.7017,0.69753,0.6621,9.2,60.91,60.91,10,time_exit,14.35543,0.00093,-0.68446,-1.69712,london,2019
AUDUSD,-1,2019-05-10 00:00:00,2019-05-10 04:00:00,0.69872,0.70009,0.70009,0.69598,0.6751,-13.7,-92.54,-92.54,4,stop_loss,26.87746,0.00091,-0.39853,-2.53881,tokyo,2019
AUDUSD,1,2019-05-10 23:00:00,2019-05-13 02:00:00,0.7,0.69856,0.69856,0.70288,0.6363,-14.4,-91.61,-91.62,3,stop_loss,13.70525,0.00096,0.54088,-1.63318,,2019
AUDUSD,-1,2019-05-13 03:00:00,2019-05-13 13:00:00,0.69836,0.6975,0.6998,0.69548,0.6293,8.6,54.12,54.12,10,time_exit,13.46919,0.00096,-1.11165,-1.60109,tokyo,2019
AUDUSD,1,2019-05-15 09:00:00,2019-05-15 10:00:00,0.69322,0.69211,0.69211,0.69544,0.8231,-11.1,-91.24,-91.24,1,stop_loss,29.60195,0.00074,-2.50722,-4.62135,london,2019
AUDUSD,1,2019-05-16 17:00:00,2019-05-16 22:00:00,0.69032,0.68897,0.68897,0.69301,0.6704,-13.5,-90.33,-90.33,5,stop_loss,28.18968,0.0009,-2.86795,-4.29942,new_york,2019
AUDUSD,1,2019-05-17 09:00:00,2019-05-17 19:00:00,0.68804,0.68738,0.68696,0.6902,0.8278,-6.6,-54.63,-54.64,10,time_exit,44.52659,0.00072,-4.32918,-6.25279,london,2019
AUDUSD,-1,2019-05-20 12:00:00,2019-05-20 22:00:00,0.69204,0.69086,0.69347,0.68918,0.6209,11.8,73.27,73.26,10,time_exit,43.51476,0.00095,1.85101,-4.08901,london,2019
AUDUSD,-1,2019-05-21 13:00:00,2019-05-21 23:00:00,0.68816,0.68839,0.6896,0.68528,0.6228,-2.3,-14.32,-14.33,10,time_exit,30.08967,0.00096,-2.02297,-3.35037,london,2019
AUDUSD,1,2019-05-22 00:00:00,2019-05-22 10:00:00,0.68818,0.68805,0.68692,0.69071,0.7082,-1.3,-9.21,-9.21,10,time_exit,22.91484,0.00084,-1.10414,-4.07046,tokyo,2019
AUDUSD,1,2019-05-22 12:00:00,2019-05-22 22:00:00,0.68846,0.68817,0.68727,0.69084,0.7521,-2.9,-21.81,-21.81,10,time_exit,23.34381,0.00079,-0.47214,-4.27034,london,2019
AUDUSD,1,2019-05-24 07:00:00,2019-05-24 13:00:00,0.68836,0.69074,0.68717,0.69074,0.7485,23.8,178.32,178.31,6,take_profit,18.69833,0.00079,-0.31887,-2.85462,tokyo,2019
AUDUSD,-1,2019-05-24 21:00:00,2019-05-27 07:00:00,0.69257,0.69315,0.69375,0.6902,0.7689,-5.8,-44.6,-44.6,10,time_exit,28.36459,0.00079,3.87175,-1.6805,new_york,2019
AUDUSD,-1,2019-05-27 11:00:00,2019-05-27 21:00:00,0.69261,0.69149,0.69367,0.69048,0.85,11.2,95.2,95.2,10,time_exit,38.8253,0.00071,2.17731,-0.10528,london,2019
AUDUSD,1,2019-05-28 01:00:00,2019-05-28 11:00:00,0.69171,0.69178,0.69098,0.69317,1.2535,0.7,8.77,8.77,10,time_exit,19.10832,0.00049,0.64137,0.33336,tokyo,2019
AUDUSD,1,2019-05-29 12:00:00,2019-05-29 18:00:00,0.69161,0.69073,0.69073,0.69337,1.0383,-8.8,-91.53,-91.54,6,stop_loss,15.49484,0.00059,-0.98887,1.00827,london,2019
AUDUSD,1,2019-05-29 20:00:00,2019-05-30 06:00:00,0.6914,0.69257,0.69029,0.69361,0.8195,11.7,95.88,95.88,10,time_exit,17.44051,0.00074,-0.87407,0.59682,new_york,2019
AUDUSD,1,2019-05-31 15:00:00,2019-05-31 17:00:00,0.69081,0.6936,0.68941,0.6936,0.6554,27.9,183.17,183.16,2,take_profit,24.01966,0.00093,-0.8678,-0.00294,london,2019
AUDUSD,1,2019-06-04 15:00:00,2019-06-05 01:00:00,0.69854,0.69898,0.69668,0.70226,0.5022,4.4,22.1,22.09,10,time_exit,31.38935,0.00124,2.18678,2.0905,london,2019
AUDUSD,1,2019-06-05 01:00:00,2019-06-05 11:00:00,0.6993,0.70002,0.69768,0.70254,0.5771,7.2,41.55,41.55,10,time_exit,21.46146,0.00108,2.2168,2.85871,tokyo,2019
AUDUSD,1,2019-06-05 13:00:00,2019-06-05 14:00:00,0.70023,0.69889,0.69889,0.70291,0.7026,-13.4,-94.04,-94.04,1,stop_loss,14.64353,0.00089,2.50467,3.95479,london,2019
AUDUSD,1,2019-06-05 16:00:00,2019-06-05 18:00:00,0.69955,0.69799,0.69799,0.70267,0.5973,-15.6,-93.11,-93.11,2,stop_loss,14.29294,0.00104,1.37103,3.38796,new_york,2019
AUDUSD,1,2019-06-07 06:00:00,2019-06-07 13:00:00,0.69761,0.69648,0.69648,0.69988,0.8128,-11.3,-92.18,-92.18,7,stop_loss,21.13037,0.00076,-0.17247,2.91541,tokyo,2019
AUDUSD,-1,2019-06-12 04:00:00,2019-06-12 14:00:00,0.69584,0.69498,0.69678,0.69397,0.975,8.6,83.85,83.85,10,time_exit,16.37515,0.00062,-0.81026,0.28585,tokyo,2019
AUDUSD,-1,2019-06-12 17:00:00,2019-06-13 03:00:00,0.6945,0.69297,0.6955,0.69249,0.9171,15.3,140.32,140.31,10,time_exit,15.37939,0.00067,-1.90108,-0.35593,new_york,2019
AUDUSD,1,2019-06-13 06:00:00,2019-06-13 16:00:00,0.69131,0.69113,0.69014,0.69364,0.8023,-1.8,-14.44,-14.44,10,time_exit,24.15309,0.00078,-4.28205,-1.32124,tokyo,2019
AUDUSD,1,2019-06-14 03:00:00,2019-06-14 04:00:00,0.69109,0.69019,0.69019,0.6929,1.0334,-9.0,-93.35,-93.35,1,stop_loss,16.25894,0.0006,-2.64172,-3.52489,tokyo,2019
AUDUSD,-1,2019-06-14 21:00:00,2019-06-17 00:00:00,0.68635,0.68755,0.68755,0.68396,0.7732,-12.0,-92.41,-92.41,3,stop_loss,30.94376,0.0008,-5.48663,-3.93147,new_york,2019
AUDUSD,-1,2019-06-18 05:00:00,2019-06-18 15:00:00,0.68426,0.6846,0.68527,0.68224,0.9039,-3.4,-30.73,-30.73,10,time_exit,38.96038,0.00067,-4.7322,-6.48593,tokyo,2019
AUDUSD,-1,2019-06-18 15:00:00,2019-06-18 16:00:00,0.68467,0.6857,0.6857,0.68261,0.8851,-10.3,-91.18,-91.18,1,stop_loss,45.7557,0.00069,-2.438,-6.91193,london,2019
AUDUSD,-1,2019-06-18 17:00:00,2019-06-18 18:00:00,0.68652,0.68773,0.68773,0.6841,0.7448,-12.1,-90.28,-90.28,1,stop_loss,42.77403,0.00081,0.29011,-5.8121,new_york,2019
AUDUSD,1,2019-06-18 23:00:00,2019-06-19 09:00:00,0.68756,0.68764,0.68638,0.68991,0.7591,0.8,6.07,6.07,10,time_exit,40.87105,0.00078,1.36904,-5.44893,,2019
AUDUSD,-1,2019-06-19 13:00:00,2019-06-19 21:00:00,0.68748,0.68847,0.68847,0.68551,0.9068,-9.9,-89.43,-89.43,8,stop_loss,31.56052,0.00066,0.82909,-5.18364,london,2019
AUDUSD,1,2019-06-21 04:00:00,2019-06-21 12:00:00,0.69255,0.69121,0.69121,0.69523,0.6611,-13.4,-88.54,-88.54,8,stop_loss,40.87673,0.00089,2.7618,-0.2732,tokyo,2019
AUDUSD,-1,2019-06-26 07:00:00,2019-06-26 09:00:00,0.69636,0.69771,0.69771,0.69366,0.6504,-13.5,-87.65,-87.65,2,stop_loss,26.96291,0.0009,0.86776,2.98132,tokyo,2019
AUDUSD,1,2019-06-26 21:00:00,2019-06-27 07:00:00,0.6987,0.69938,0.6974,0.7013,0.6682,6.8,45.44,45.44,10,time_exit,29.81897,0.00087,2.34843,3.5719,new_york,2019
AUDUSD,1,2019-06-28 07:00:00,2019-06-28 17:00:00,0.70089,0.70174,0.69999,0.70269,0.9713,8.5,82.56,82.56,10,time_exit,33.49324,0.0006,3.00045,6.24677,tokyo,2019
AUDUSD,1,2019-07-01 23:00:00,2019-07-02 07:00:00,0.69618,0.69849,0.69503,0.69849,0.763,23.1,176.11,176.1,8,take_profit,34.43654,0.00077,-4.06383,3.15771,,2019
AUDUSD,1,2019-07-02 13:00:00,2019-07-02 23:00:00,0.69898,0.69938,0.69766,0.70162,0.6803,4.0,27.21,27.21,10,time_exit,30.12036,0.00088,0.42894,1.87382,london,2019
AUDUSD,-1,2019-07-03 06:00:00,2019-07-03 11:00:00,0.69909,0.70008,0.70008,0.69711,0.9107,-9.9,-90.08,-90.09,5,stop_loss,14.423,0.00066,0.28447,2.41785,tokyo,2019
AUDUSD,-1,2019-07-03 14:00:00,2019-07-03 17:00:00,0.70235,0.70351,0.70351,0.70003,0.7672,-11.6,-89.18,-89.19,3,stop_loss,15.53778,0.00077,3.90984,2.2926,london,2019
AUDUSD,1,2019-07-04 23:00:00,2019-07-05 09:00:00,0.70225,0.70165,0.70134,0.70407,0.9686,-6.0,-58.12,-58.12,10,time_exit,18.40576,0.00061,0.83047,4.50887,,2019
AUDUSD,1,2019-07-08 20:00:00,2019-07-09 04:00:00,0.6969,0.69585,0.69585,0.69901,0.8332,-10.5,-87.71,-87.72,8,stop_loss,36.33003,0.0007,-3.3876,0.22826,new_york,2019
AUDUSD,-1,2019-07-10 02:00:00,2019-07-10 12:00:00,0.69279,0.69262,0.69375,0.69086,0.9018,1.7,15.33,15.33,10,time_exit,44.23743,0.00064,-4.4812,-3.52465,tokyo,2019
AUDUSD,1,2019-07-10 16:00:00,2019-07-11 02:00:00,0.69552,0.69581,0.69412,0.69832,0.6205,2.9,17.99,17.99,10,time_exit,37.11288,0.00093,1.32368,-3.1283,new_york,2019
AUDUSD,1,2019-07-11 16:00:00,2019-07-11 20:00:00,0.69818,0.6969,0.6969,0.70075,0.6789,-12.8,-87.18,-87.18,4,stop_loss,34.28954,0.00086,2.58257,-1.34777,new_york,2019
AUDUSD,1,2019-07-12 21:00:00,2019-07-15 07:00:00,0.70187,0.70318,0.70055,0.7045,0.6552,13.1,85.83,85.83,10,time_exit,27.64105,0.00088,4.16778,0.70353,new_york,2019
AUDUSD,-1,2019-07-16 05:00:00,2019-07-16 15:00:00,0.7036,0.7029,0.70448,0.70183,0.985,7.0,68.95,68.95,10,time_exit,31.35464,0.00059,2.8973,4.70377,tokyo,2019
AUDUSD,1,2019-07-16 18:00:00,2019-07-16 19:00:00,0.70294,0.70198,0.70198,0.70486,0.915,-9.6,-87.85,-87.85,1,stop_loss,20.3001,0.00064,0.85465,4.34955,new_york,2019
AUDUSD,-1,2019-07-19 14:00:00,2019-07-22 00:00:00,0.70577,0.70436,0.70702,0.70327,0.695,14.1,98.0,97.99,10,time_exit,25.00656,0.00083,1.59876,3.52607,london,2019
AUDUSD,1,2019-07-22 03:00:00,2019-07-22 13:00:00,0.70428,0.70518,0.70303,0.70679,0.7011,9.0,63.1,63.1,10,time_exit,22.55194,0.00084,-0.32534,3.16934,tokyo,2019
AUDUSD,1,2019-07-23 20:00:00,2019-07-24 03:00:00,0.70018,0.69899,0.69899,0.70256,0.743,-11.9,-88.57,-88.58,7,stop_loss,28.71921,0.00079,-3.5336,0.88393,new_york,2019
AUDUSD,-1,2019-07-24 21:00:00,2019-07-25 07:00:00,0.6974,0.69693,0.69848,0.69524,0.812,4.7,38.16,38.16,10,time_exit,30.87327,0.00072,-3.78523,-1.87554,new_york,2019
AUDUSD,1,2019-07-26 15:00:00,2019-07-26 16:00:00,0.69292,0.69196,0.69196,0.69483,0.9207,-9.6,-88.08,-88.08,1,stop_loss,38.56165,0.00064,-4.78403,-5.45382,london,2019
AUDUSD,1,2019-07-29 13:00:00,2019-07-29 17:00:00,0.69051,0.68967,0.68967,0.69219,1.0384,-8.4,-87.19,-87.19,4,stop_loss,49.75181,0.00056,-4.40946,-8.5406,london,2019
AUDUSD,1,2019-07-30 09:00:00,2019-07-30 12:00:00,0.68958,0.6887,0.6887,0.69135,0.9757,-8.8,-86.32,-86.32,3,stop_loss,37.53489,0.00059,-3.12134,-8.4128,london,2019
AUDUSD,-1,2019-07-31 23:00:00,2019-08-01 05:00:00,0.68379,0.68568,0.68568,0.68002,0.4529,-18.9,-85.45,-85.46,6,stop_loss,25.51358,0.00126,-4.007,-3.93875,,2019
AUDUSD,1,2019-08-01 17:00:00,2019-08-01 20:00:00,0.68384,0.68236,0.68236,0.68679,0.573,-14.8,-84.6,-84.6,3,stop_loss,35.5243,0.00098,-2.84343,-5.73457,new_york,2019
AUDUSD,1,2019-08-01 20:00:00,2019-08-01 21:00:00,0.6866,0.68498,0.68498,0.68983,0.5184,-16.2,-83.77,-83.77,1,stop_loss,29.92015,0.00108,0.06257,-5.15028,new_york,2019
AUDUSD,-1,2019-08-01 21:00:00,2019-08-02 07:00:00,0.682,0.68096,0.68408,0.67783,0.398,10.4,41.39,41.39,10,time_exit,30.30596,0.00139,-3.14248,-4.05065,new_york,2019
AUDUSD,-1,2019-08-05 02:00:00,2019-08-05 04:00:00,0.67909,0.676,0.68064,0.676,0.539,30.9,166.68,166.68,2,take_profit,36.03097,0.00103,-2.721,-6.84783,tokyo,2019
AUDUSD,1,2019-08-05 07:00:00,2019-08-05 10:00:00,0.67835,0.67616,0.67616,0.68274,0.3874,-21.9,-85.01,-85.01,3,stop_loss,37.72738,0.00146,-1.98862,-4.90815,tokyo,2019
AUDUSD,1,2019-08-05 10:00:00,2019-08-05 12:00:00,0.67734,0.67528,0.67528,0.68146,0.4087,-20.6,-84.15,-84.16,2,stop_loss,39.36462,0.00137,-2.53685,-5.31129,london,2019
AUDUSD,-1,2019-08-06 06:00:00,2019-08-06 16:00:00,0.67881,0.6786,0.68068,0.67508,0.4465,2.1,9.38,9.37,10,time_exit,28.17212,0.00124,0.14821,-5.97608,tokyo,2019
AUDUSD,1,2019-08-07 07:00:00,2019-08-07 17:00:00,0.67,0.67485,0.66758,0.67485,0.3442,48.5,166.8,166.8,10,take_profit,24.02162,0.00162,-4.51079,-4.1639,tokyo,2019
AUDUSD,-1,2019-08-08 12:00:00,2019-08-08 16:00:00,0.67814,0.67992,0.67992,0.67458,0.4784,-17.8,-85.08,-85.08,4,stop_loss,19.16224,0.00119,1.52593,-4.66423,london,2019
AUDUSD,-1,2019-08-09 02:00:00,2019-08-09 09:00:00,0.67997,0.6818,0.6818,0.67631,0.4604,-18.3,-84.23,-84.23,7,stop_loss,32.18593,0.00122,1.69484,-3.03928,tokyo,2019
AUDUSD,1,2019-08-09 10:00:00,2019-08-09 18:00:00,0.68158,0.67981,0.67981,0.68511,0.4718,-17.7,-83.38,-83.38,8,stop_loss,22.77189,0.00118,2.41622,-2.39103,london,2019
AUDUSD,1,2019-08-13 03:00:00,2019-08-13 13:00:00,0.67556,0.67733,0.67442,0.67785,0.722,17.7,127.79,127.79,10,time_exit,35.68904,0.00076,-2.16688,-3.91489,tokyo,2019
AUDUSD,-1,2019-08-14 01:00:00,2019-08-14 11:00:00,0.67987,0.67698,0.68141,0.67679,0.545,28.9,157.5,157.5,10,time_exit,30.49669,0.00103,2.20732,-2.02506,tokyo,2019
AUDUSD,1,2019-08-15 01:00:00,2019-08-15 04:00:00,0.67471,0.6776,0.67327,0.6776,0.5918,28.9,170.8,170.8,3,take_profit,31.236,0.00096,-2.13191,-2.35684,tokyo,2019
AUDUSD,-1,2019-08-16 07:00:00,2019-08-16 17:00:00,0.67908,0.67769,0.68029,0.67667,0.7221,13.9,100.37,100.37,10,time_exit,17.96713,0.0008,2.05474,-1.53597,tokyo,2019
AUDUSD,-1,2019-08-20 05:00:00,2019-08-20 06:00:00,0.67695,0.67795,0.67795,0.67496,0.8851,-10.0,-88.11,-88.11,1,stop_loss,22.49278,0.00066,-0.59817,-1.40205,tokyo,2019
AUDUSD,-1,2019-08-22 10:00:00,2019-08-22 20:00:00,0.67694,0.67585,0.67807,0.67468,0.7722,10.9,84.17,84.17,10,time_exit,25.34585,0.00075,-1.25054,-0.39766,london,2019
AUDUSD,-1,2019-08-26 08:00:00,2019-08-26 09:00:00,0.67325,0.67534,0.67534,0.66907,0.4215,-20.9,-88.06,-88.06,1,stop_loss,22.30408,0.00139,-1.36185,-1.3586,tokyo,2019
AUDUSD,1,2019-08-27 07:00:00,2019-08-27 17:00:00,0.67614,0.67612,0.67466,0.6791,0.5891,-0.2,-1.18,-1.18,10,time_exit,18.79791,0.00099,-0.0797,-0.79888,tokyo,2019
AUDUSD,1,2019-08-28 07:00:00,2019-08-28 17:00:00,0.67372,0.67437,0.67246,0.67624,0.6918,6.5,44.97,44.96,10,time_exit,17.53036,0.00084,-2.30839,-1.17513,tokyo,2019
AUDUSD,1,2019-08-30 07:00:00,2019-08-30 17:00:00,0.6716,0.67387,0.67035,0.67411,0.6989,22.7,158.65,158.65,10,time_exit,18.95298,0.00084,-2.35488,-2.23795,tokyo,2019
AUDUSD,1,2019-09-02 01:00:00,2019-09-02 11:00:00,0.67242,0.67236,0.67109,0.67507,0.6723,-0.6,-4.03,-4.04,10,time_exit,13.33859,0.00088,-0.77202,-2.1188,tokyo,2019
AUDUSD,-1,2019-09-03 14:00:00,2019-09-03 16:00:00,0.67246,0.67372,0.67372,0.66993,0.7051,-12.6,-89.17,-89.17,2,stop_loss,15.6017,0.00084,0.52119,-2.32794,london,2019
AUDUSD,1,2019-09-03 16:00:00,2019-09-03 17:00:00,0.67306,0.67559,0.67179,0.67559,0.6972,25.3,176.57,176.57,1,take_profit,17.74398,0.00084,1.13212,-2.20525,new_york,2019
AUDUSD,1,2019-09-03 21:00:00,2019-09-04 07:00:00,0.67614,0.67749,0.6748,0.67882,0.6732,13.5,90.88,90.88,10,time_exit,28.52349,0.00089,3.85916,-1.49706,new_york,2019
AUDUSD,1,2019-09-04 11:00:00,2019-09-04 21:00:00,0.67835,0.67985,0.67702,0.68101,0.6833,15.0,102.49,102.49,10,time_exit,45.11935,0.00089,4.25145,0.17813,london,2019
AUDUSD,-1,2019-09-04 21:00:00,2019-09-05 04:00:00,0.67944,0.68069,0.68069,0.67695,0.7387,-12.5,-91.98,-91.98,7,stop_loss,48.42283,0.00083,4.08678,1.43571,new_york,2019
AUDUSD,-1,2019-09-05 11:00:00,2019-09-05 14:00:00,0.68131,0.6825,0.6825,0.67893,0.7642,-11.9,-91.06,-91.06,3,stop_loss,54.51734,0.00079,4.08249,3.08708,london,2019
AUDUSD,-1,2019-09-09 08:00:00,2019-09-09 11:00:00,0.68564,0.68686,0.68686,0.68321,0.7405,-12.2,-90.15,-90.15,3,stop_loss,22.00075,0.00081,3.4392,5.48748,tokyo,2019
AUDUSD,1,2019-09-10 06:00:00,2019-09-10 16:00:00,0.6853,0.68509,0.68419,0.68751,0.8069,-2.1,-16.94,-16.95,10,time_exit,23.21553,0.00074,0.49437,6.71267,tokyo,2019
AUDUSD,-1,2019-09-13 07:00:00,2019-09-13 17:00:00,0.68724,0.68838,0.68838,0.68496,0.7801,-11.4,-89.08,-89.08,10,stop_loss,18.98983,0.00076,0.56672,4.38219,tokyo,2019
AUDUSD,-1,2019-09-13 17:00:00,2019-09-16 03:00:00,0.68792,0.68735,0.68908,0.6856,0.7591,5.7,43.27,43.27,10,time_exit,17.15375,0.00077,1.15332,4.09913,new_york,2019
AUDUSD,-1,2019-09-18 01:00:00,2019-09-18 10:00:00,0.68676,0.68437,0.68795,0.68437,0.7423,23.9,177.24,177.24,9,take_profit,27.77352,0.0008,1.06467,1.33919,tokyo,2019
AUDUSD,-1,2019-09-18 21:00:00,2019-09-18 22:00:00,0.68492,0.68279,0.68599,0.68279,0.8481,21.3,180.78,180.78,1,take_profit,20.5972,0.00071,-0.30103,0.49285,new_york,2019
AUDUSD,-1,2019-09-19 06:00:00,2019-09-19 16:00:00,0.67853,0.6802,0.6802,0.67518,0.5509,-16.7,-92.19,-92.19,10,stop_loss,32.07833,0.00112,-4.96501,-0.41699,tokyo,2019
AUDUSD,-1,2019-09-20 02:00:00,2019-09-20 09:00:00,0.67955,0.68075,0.68075,0.67715,0.7598,-12.0,-91.28,-91.28,7,stop_loss,36.37999,0.0008,-2.51824,-2.55948,tokyo,2019
AUDUSD,1,2019-09-23 12:00:00,2019-09-23 22:00:00,0.67684,0.67728,0.67585,0.67883,0.9101,4.4,40.04,40.04,10,time_exit,26.74699,0.00066,-2.75783,-4.98898,london,2019
AUDUSD,1,2019-09-24 05:00:00,2019-09-24 07:00:00,0.6766,0.67839,0.6757,0.67839,1.0139,17.9,181.54,181.54,2,take_profit,17.00494,0.0006,-2.23259,-5.52761,tokyo,2019
AUDUSD,-1,2019-09-25 08:00:00,2019-09-25 16:00:00,0.67833,0.67573,0.67963,0.67573,0.7116,26.0,185.16,185.15,8,take_profit,29.93442,0.00087,-0.41671,-2.29956,tokyo,2019
AUDUSD,-1,2019-09-26 05:00:00,2019-09-26 07:00:00,0.67501,0.67616,0.67616,0.6727,0.8188,-11.5,-94.44,-94.44,2,stop_loss,36.26518,0.00077,-2.65894,-3.57334,tokyo,2019
AUDUSD,1,2019-09-26 13:00:00,2019-09-26 23:00:00,0.67582,0.67463,0.67463,0.67821,0.7829,-11.9,-93.49,-93.5,10,stop_loss,24.01815,0.0008,-1.06883,-3.52302,london,2019
AUDUSD,1,2019-09-27 05:00:00,2019-09-27 15:00:00,0.67503,0.67602,0.67394,0.6772,0.8526,9.9,84.41,84.41,10,time_exit,16.88644,0.00072,-1.47576,-3.8617,tokyo,2019
AUDUSD,1,2019-09-27 23:00:00,2019-09-30 08:00:00,0.67637,0.67509,0.67509,0.67893,0.7298,-12.8,-93.4,-93.4,9,stop_loss,9.5648,0.00085,0.32435,-2.73422,,2019
AUDUSD,-1,2019-10-02 21:00:00,2019-10-03 03:00:00,0.66998,0.67128,0.67128,0.66738,0.7103,-13.0,-92.47,-92.47,6,stop_loss,17.34263,0.00087,-1.29868,-4.6701,new_york,2019
AUDUSD,1,2019-10-04 10:00:00,2019-10-04 20:00:00,0.67533,0.67713,0.67417,0.67765,0.7901,18.0,142.22,142.22,10,time_exit,36.37999,0.00077,2.9349,-1.88467,london,2019
AUDUSD,1,2019-10-04 22:00:00,2019-10-07 00:00:00,0.67704,0.67578,0.67578,0.67956,0.7375,-12.6,-92.96,-92.97,2,stop_loss,29.43734,0.00084,3.27347,-0.50309,,2019
AUDUSD,1,2019-10-08 00:00:00,2019-10-08 09:00:00,0.67324,0.67554,0.67209,0.67554,0.7998,23.0,184.05,184.05,9,take_profit,27.69711,0.00077,-1.55694,-0.37326,tokyo,2019
AUDUSD,-1,2019-10-08 18:00:00,2019-10-09 04:00:00,0.67325,0.67381,0.67444,0.67087,0.7889,-5.6,-44.18,-44.18,10,time_exit,20.3002,0.00079,-1.39022,-0.36434,new_york,2019
AUDUSD,1,2019-10-09 07:00:00,2019-10-09 17:00:00,0.67404,0.67295,0.67295,0.67621,0.8607,-10.9,-93.43,-93.44,10,stop_loss,28.0062,0.00072,0.21025,-0.7832,tokyo,2019
AUDUSD,-1,2019-10-10 03:00:00,2019-10-10 04:00:00,0.67193,0.67305,0.67305,0.6697,0.8284,-11.2,-92.5,-92.5,1,stop_loss,26.46226,0.00074,-2.07144,-1.04906,tokyo,2019
AUDUSD,-1,2019-10-10 05:00:00,2019-10-10 12:00:00,0.67395,0.67548,0.67548,0.67088,0.5972,-15.3,-91.57,-91.57,7,stop_loss,26.83852,0.00102,0.51684,-0.78505,tokyo,2019
AUDUSD,1,2019-10-11 20:00:00,2019-10-14 00:00:00,0.6803,0.67882,0.67882,0.68325,0.6138,-14.8,-90.66,-90.66,4,stop_loss,34.96677,0.00098,3.4701,1.71833,new_york,2019
AUDUSD,-1,2019-10-16 10:00:00,2019-10-16 18:00:00,0.67415,0.67545,0.67545,0.67154,0.6883,-13.0,-89.75,-89.75,8,stop_loss,28.48643,0.00087,-1.89641,0.03281,london,2019
AUDUSD,1,2019-10-16 19:00:00,2019-10-17 03:00:00,0.67545,0.67844,0.67395,0.67844,0.5934,29.9,177.7,177.7,8,take_profit,28.64925,0.001,0.25415,-0.40313,new_york,2019
AUDUSD,1,2019-10-21 06:00:00,2019-10-21 16:00:00,0.68635,0.68756,0.6852,0.68864,0.7902,12.1,95.61,95.61,10,time_exit,35.59852,0.00076,4.7062,5.43146,tokyo,2019
AUDUSD,-1,2019-10-23 23:00:00,2019-10-24 09:00:00,0.68535,0.68397,0.6864,0.68325,0.8723,13.8,120.38,120.38,10,time_exit,21.00847,0.0007,0.30332,4.42534,,2019
AUDUSD,1,2019-10-24 09:00:00,2019-10-24 11:00:00,0.68412,0.68316,0.68316,0.68604,0.9689,-9.6,-92.79,-92.79,2,stop_loss,14.3388,0.00064,-1.44906,4.28242,london,2019
AUDUSD,1,2019-10-24 17:00:00,2019-10-24 18:00:00,0.68263,0.6814,0.6814,0.68509,0.7483,-12.3,-91.86,-91.87,1,stop_loss,16.90547,0.00082,-2.42776,2.70616,new_york,2019
AUDUSD,-1,2019-10-24 20:00:00,2019-10-25 06:00:00,0.68201,0.68181,0.68329,0.67945,0.7097,2.0,14.19,14.19,10,time_exit,20.30346,0.00085,-2.69213,2.25897,new_york,2019
AUDUSD,-1,2019-10-28 02:00:00,2019-10-28 12:00:00,0.68213,0.68283,0.68305,0.68029,0.9901,-7.0,-69.31,-69.31,10,time_exit,13.53778,0.00061,-1.21811,0.86838,tokyo,2019
AUDUSD,-1,2019-10-28 23:00:00,2019-10-29 05:00:00,0.68404,0.68504,0.68504,0.68203,0.9,-10.0,-90.39,-90.39,6,stop_loss,27.42543,0.00067,1.79769,0.64529,,2019
AUDUSD,1,2019-10-29 05:00:00,2019-10-29 15:00:00,0.6843,0.68605,0.68343,0.68605,1.0254,17.5,178.98,178.97,10,take_profit,33.06397,0.00058,2.11572,1.00383,tokyo,2019
AUDUSD,-1,2019-10-30 00:00:00,2019-10-30 10:00:00,0.6864,0.68737,0.68737,0.68445,0.9365,-9.7,-91.28,-91.28,10,stop_loss,45.74671,0.00065,3.02385,2.21691,tokyo,2019
AUDUSD,1,2019-10-31 01:00:00,2019-10-31 07:00:00,0.68998,0.69295,0.6885,0.69295,0.609,29.7,180.73,180.72,6,take_profit,26.02112,0.00099,3.8257,2.30206,tokyo,2019
AUDUSD,-1,2019-10-31 21:00:00,2019-11-01 04:00:00,0.6888,0.69046,0.69046,0.68548,0.5546,-16.6,-92.18,-92.18,7,stop_loss,21.93248,0.00111,0.19803,3.10528,new_york,2019
AUDUSD,1,2019-11-05 23:00:00,2019-11-06 09:00:00,0.68944,0.68928,0.68805,0.69222,0.6565,-1.6,-10.5,-10.51,10,time_exit,23.67717,0.00093,-0.75327,2.45539,,2019
AUDUSD,-1,2019-11-08 03:00:00,2019-11-08 13:00:00,0.6886,0.68657,0.69024,0.68531,0.5549,20.3,112.64,112.64,10,time_exit,16.7045,0.0011,-0.60125,0.845,tokyo,2019
AUDUSD,-1,2019-11-11 05:00:00,2019-11-11 11:00:00,0.68521,0.68626,0.68626,0.68312,0.8816,-10.5,-92.27,-92.28,6,stop_loss,25.11796,0.0007,-3.02734,-0.85217,tokyo,2019
AUDUSD,-1,2019-11-11 23:00:00,2019-11-12 04:00:00,0.68516,0.68328,0.6861,0.68328,0.9707,18.8,182.7,182.7,5,take_profit,20.76954,0.00063,-1.92376,-1.83239,,2019
AUDUSD,1,2019-11-12 22:00:00,2019-11-13 02:00:00,0.68436,0.68312,0.68312,0.68683,0.754,-12.4,-93.17,-93.17,4,stop_loss,20.91327,0.00082,-1.04211,-2.02652,,2019
AUDUSD,1,2019-11-13 12:00:00,2019-11-13 22:00:00,0.68267,0.68372,0.68141,0.68519,0.7329,10.5,76.95,76.95,10,time_exit,17.77949,0.00084,-2.41361,-2.16466,london,2019
AUDUSD,-1,2019-11-14 14:00:00,2019-11-15 00:00:00,0.67852,0.67853,0.67991,0.67574,0.67,-0.1,-0.67,-0.67,10,time_exit,36.79868,0.00093,-4.22228,-3.1774,london,2019
AUDUSD,1,2019-11-15 14:00:00,2019-11-15 23:00:00,0.67966,0.68193,0.67852,0.68193,0.8193,22.7,186.01,186.0,9,take_profit,24.3187,0.00076,-0.74626,-4.93739,london,2019
AUDUSD,-1,2019-11-15 23:00:00,2019-11-18 09:00:00,0.68157,0.68131,0.68258,0.67955,0.9402,2.6,24.45,24.44,10,time_exit,26.88348,0.00067,1.62319,-4.80252,,2019
AUDUSD,-1,2019-11-21 06:00:00,2019-11-21 12:00:00,0.67974,0.68098,0.68098,0.67726,0.7669,-12.4,-95.11,-95.11,6,stop_loss,23.6513,0.00083,-1.15017,-1.86862,tokyo,2019
AUDUSD,1,2019-11-25 02:00:00,2019-11-25 12:00:00,0.67915,0.67887,0.67827,0.68091,1.0724,-2.8,-30.03,-30.03,10,time_exit,13.78276,0.00059,-0.17303,-3.19159,tokyo,2019
AUDUSD,-1,2019-11-28 14:00:00,2019-11-29 00:00:00,0.67708,0.67662,0.67793,0.67538,1.1064,4.6,50.89,50.89,10,time_exit,28.38474,0.00057,-0.90283,-3.02478,london,2019
AUDUSD,-1,2019-12-02 05:00:00,2019-12-02 10:00:00,0.67719,0.67807,0.67807,0.67542,1.0679,-8.8,-94.37,-94.37,5,stop_loss,31.05696,0.00059,0.34995,-2.57165,tokyo,2019
AUDUSD,-1,2019-12-04 04:00:00,2019-12-04 10:00:00,0.68369,0.68132,0.68488,0.68132,0.7867,23.7,186.84,186.84,6,take_profit,30.99783,0.00079,1.7372,2.91243,tokyo,2019
AUDUSD,1,2019-12-05 15:00:00,2019-12-06 01:00:00,0.68262,0.68324,0.68156,0.68475,0.8966,6.2,55.59,55.59,10,time_exit,16.82496,0.00071,-1.15496,3.27878,london,2019
AUDUSD,1,2019-12-06 06:00:00,2019-12-06 15:00:00,0.68393,0.68572,0.68303,0.68572,1.0683,17.9,191.69,191.69,9,take_profit,15.04927,0.0006,0.90138,3.29815,tokyo,2019
AUDUSD,1,2019-12-09 10:00:00,2019-12-09 14:00:00,0.68299,0.68216,0.68216,0.68465,1.176,-8.3,-97.76,-97.77,4,stop_loss,16.01751,0.00055,-1.06749,2.86303,london,2019
AUDUSD,-1,2019-12-09 16:00:00,2019-12-09 17:00:00,0.68265,0.68348,0.68348,0.68099,1.169,-8.3,-96.79,-96.79,1,stop_loss,20.94339,0.00055,-1.26473,2.39995,new_york,2019
AUDUSD,1,2019-12-10 13:00:00,2019-12-10 14:00:00,0.68143,0.68049,0.68049,0.68331,1.0199,-9.4,-95.81,-95.82,1,stop_loss,18.26538,0.00063,-2.37055,1.23473,london,2019
AUDUSD,-1,2019-12-11 04:00:00,2019-12-11 10:00:00,0.68156,0.68253,0.68253,0.67961,0.9753,-9.7,-94.86,-94.86,6,stop_loss,31.24795,0.00065,-0.84795,0.17156,tokyo,2019
AUDUSD,1,2019-12-16 01:00:00,2019-12-16 11:00:00,0.68701,0.68821,0.68533,0.69038,0.5575,12.0,66.9,66.9,10,time_exit,31.82417,0.00112,-1.49923,3.09087,tokyo,2019
AUDUSD,1,2019-12-17 06:00:00,2019-12-17 10:00:00,0.68669,0.68551,0.68551,0.68906,0.7996,-11.8,-94.58,-94.59,4,stop_loss,24.37843,0.00079,-1.93954,2.91873,tokyo,2019
AUDUSD,-1,2019-12-19 18:00:00,2019-12-20 01:00:00,0.68787,0.68903,0.68903,0.68555,0.8069,-11.6,-93.63,-93.63,7,stop_loss,26.33825,0.00077,1.77738,0.75296,new_york,2019
AUDUSD,-1,2019-12-23 18:00:00,2019-12-24 02:00:00,0.69173,0.69295,0.69295,0.68929,0.7589,-12.2,-92.69,-92.7,8,stop_loss,23.91137,0.00081,2.18179,2.97571,new_york,2019
AUDUSD,-1,2019-12-27 05:00:00,2019-12-27 10:00:00,0.6949,0.69566,0.69566,0.69337,1.2026,-7.6,-91.77,-91.77,5,stop_loss,31.70497,0.00051,3.85401,6.15947,tokyo,2019
AUDUSD,1,2019-12-27 17:00:00,2019-12-27 18:00:00,0.69655,0.69849,0.69558,0.69849,0.9371,19.4,181.71,181.71,1,take_profit,39.17822,0.00065,3.7148,5.63933,new_york,2019
AUDUSD,1,2019-12-30 18:00:00,2019-12-31 04:00:00,0.69956,0.70044,0.69838,0.70193,0.7822,8.8,68.83,68.83,10,time_exit,40.44966,0.00079,2.96029,6.12577,new_york,2019
AUDUSD,1,2019-12-31 19:00:00,2019-12-31 20:00:00,0.70295,0.70198,0.70198,0.70489,0.9607,-9.7,-93.36,-93.36,1,stop_loss,34.97035,0.00065,5.14963,8.31198,new_york,2019
AUDUSD,1,2020-01-02 03:00:00,2020-01-02 06:00:00,0.70142,0.70031,0.70031,0.70364,0.8316,-11.1,-92.43,-92.43,3,stop_loss,30.10268,0.00074,1.98393,7.26405,tokyo,2020
AUDUSD,-1,2020-01-02 06:00:00,2020-01-02 13:00:00,0.7006,0.69837,0.70172,0.69837,0.8195,22.3,183.01,183.01,7,take_profit,25.85986,0.00074,0.65637,7.15677,tokyo,2020
AUDUSD,1,2020-01-03 04:00:00,2020-01-03 07:00:00,0.69735,0.69604,0.69604,0.69997,0.7115,-13.1,-93.34,-93.34,3,stop_loss,25.6539,0.00087,-2.35361,4.32501,tokyo,2020
AUDUSD,1,2020-01-06 09:00:00,2020-01-06 19:00:00,0.69393,0.69351,0.69252,0.69675,0.6564,-4.2,-27.57,-27.57,10,time_exit,30.55071,0.00094,-2.47838,0.86046,london,2020
AUDUSD,1,2020-01-07 16:00:00,2020-01-08 02:00:00,0.68666,0.68593,0.68497,0.69004,0.5452,-7.3,-39.8,-39.8,10,time_exit,44.21817,0.00113,-5.64764,-1.41436,new_york,2020
AUDUSD,1,2020-01-08 07:00:00,2020-01-08 17:00:00,0.68697,0.6853,0.6853,0.69031,0.5492,-16.7,-91.73,-91.73,10,stop_loss,47.86694,0.00111,-2.89048,-2.99526,tokyo,2020
AUDUSD,1,2020-01-09 04:00:00,2020-01-09 11:00:00,0.68745,0.68595,0.68595,0.69046,0.6042,-15.0,-90.8,-90.8,7,stop_loss,18.07749,0.001,-0.89074,-3.91979,tokyo,2020
AUDUSD,1,2020-01-09 15:00:00,2020-01-10 01:00:00,0.6861,0.68534,0.68477,0.68876,0.6772,-7.6,-51.47,-51.47,10,time_exit,17.17647,0.00089,-1.88052,-4.44373,london,2020
AUDUSD,-1,2020-01-13 00:00:00,2020-01-13 03:00:00,0.68963,0.691,0.691,0.68688,0.6509,-13.7,-89.39,-89.39,3,stop_loss,43.88019,0.00092,2.09103,-2.77269,tokyo,2020
AUDUSD,-1,2020-01-13 11:00:00,2020-01-13 21:00:00,0.69107,0.69059,0.69228,0.68866,0.7331,4.8,35.19,35.19,10,time_exit,46.38052,0.0008,2.43182,-1.84655,london,2020
AUDUSD,-1,2020-01-14 02:00:00,2020-01-14 10:00:00,0.68974,0.69082,0.69082,0.68759,0.8246,-10.8,-88.84,-88.84,8,stop_loss,20.46567,0.00072,0.05602,-1.21603,tokyo,2020
AUDUSD,-1,2020-01-16 07:00:00,2020-01-16 11:00:00,0.6906,0.69177,0.69177,0.68826,0.7516,-11.7,-87.96,-87.96,4,stop_loss,12.03256,0.00078,0.63468,-0.3278,tokyo,2020
AUDUSD,-1,2020-01-16 20:00:00,2020-01-17 06:00:00,0.68923,0.6894,0.69058,0.68652,0.6434,-1.7,-10.94,-10.94,10,time_exit,17.1899,0.0009,-1.37784,0.02989,new_york,2020
AUDUSD,-1,2020-01-17 08:00:00,2020-01-17 09:00:00,0.68976,0.69087,0.69087,0.68754,0.7819,-11.1,-86.96,-86.96,1,stop_loss,15.05058,0.00074,-0.46284,-0.30964,tokyo,2020
AUDUSD,-1,2020-01-17 16:00:00,2020-01-20 02:00:00,0.6888,0.68772,0.69002,0.68637,0.7077,10.8,76.43,76.43,10,time_exit,13.2578,0.00081,-1.58574,-0.29771,new_york,2020
AUDUSD,1,2020-01-20 13:00:00,2020-01-20 23:00:00,0.6862,0.68721,0.6852,0.68819,0.871,10.1,87.97,87.97,10,time_exit,26.11828,0.00066,-3.89663,-1.61317,london,2020
AUDUSD,-1,2020-01-22 04:00:00,2020-01-22 05:00:00,0.68321,0.68438,0.68438,0.68087,0.75,-11.7,-87.74,-87.74,1,stop_loss,30.23641,0.00078,-3.87518,-2.98813,tokyo,2020
AUDUSD,-1,2020-01-23 07:00:00,2020-01-23 17:00:00,0.6867,0.68473,0.68797,0.68416,0.6848,19.7,134.91,134.9,10,time_exit,27.2824,0.00085,1.51644,-2.65949,tokyo,2020
AUDUSD,-1,2020-01-23 17:00:00,2020-01-23 18:00:00,0.68629,0.68388,0.68749,0.68388,0.733,24.1,176.43,176.43,1,take_profit,27.46421,0.0008,0.55153,-2.14605,new_york,2020
AUDUSD,1,2020-01-27 03:00:00,2020-01-27 08:00:00,0.68141,0.67994,0.67994,0.68436,0.6103,-14.7,-89.97,-89.97,5,stop_loss,25.38797,0.00098,-2.6243,-2.50189,tokyo,2020
AUDUSD,-1,2020-01-28 01:00:00,2020-01-28 11:00:00,0.67591,0.67471,0.67707,0.6736,0.7707,12.0,92.48,92.48,10,time_exit,66.07588,0.00077,-5.40838,-5.99854,tokyo,2020
AUDUSD,-1,2020-01-29 15:00:00,2020-01-29 21:00:00,0.67488,0.67607,0.67607,0.67251,0.7579,-11.9,-90.0,-90.0,6,stop_loss,30.65666,0.00079,-2.33548,-6.47942,london,2020
AUDUSD,-1,2020-01-30 12:00:00,2020-01-30 17:00:00,0.67316,0.67047,0.6745,0.67047,0.6629,26.9,178.19,178.19,5,take_profit,28.63003,0.0009,-2.29886,-5.79232,london,2020
AUDUSD,1,2020-02-03 02:00:00,2020-02-03 12:00:00,0.66926,0.66921,0.66778,0.67223,0.6122,-0.5,-3.06,-3.06,10,time_exit,29.77178,0.00099,-2.08245,-6.02902,tokyo,2020
AUDUSD,-1,2020-02-03 17:00:00,2020-02-04 03:00:00,0.66999,0.66935,0.67142,0.66713,0.6357,6.4,40.68,40.68,10,time_exit,15.07568,0.00095,-0.43115,-5.90455,new_york,2020
AUDUSD,1,2020-02-05 04:00:00,2020-02-05 11:00:00,0.67436,0.67725,0.67292,0.67725,0.6317,28.9,182.53,182.52,7,take_profit,40.66199,0.00096,2.74702,-3.26733,tokyo,2020
AUDUSD,-1,2020-02-05 19:00:00,2020-02-06 05:00:00,0.67478,0.6752,0.67651,0.67131,0.5369,-4.2,-22.55,-22.55,10,time_exit,34.00349,0.00116,1.29104,-1.39213,new_york,2020
AUDUSD,-1,2020-02-06 16:00:00,2020-02-06 22:00:00,0.67545,0.67285,0.67675,0.67285,0.7153,26.0,185.7,185.7,6,take_profit,19.43654,0.00087,1.36779,-0.73195,new_york,2020
AUDUSD,1,2020-02-07 07:00:00,2020-02-07 09:00:00,0.67168,0.67043,0.67043,0.67419,0.7554,-12.5,-94.72,-94.72,2,stop_loss,29.15966,0.00084,-2.28793,-1.24322,tokyo,2020
AUDUSD,-1,2020-02-07 17:00:00,2020-02-07 18:00:00,0.66713,0.66861,0.66861,0.66416,0.6322,-14.8,-93.77,-93.77,1,stop_loss,45.64534,0.00099,-5.00464,-2.05286,new_york,2020
AUDUSD,-1,2020-02-07 21:00:00,2020-02-10 03:00:00,0.66745,0.66895,0.66895,0.66446,0.62,-15.0,-92.83,-92.83,6,stop_loss,45.61822,0.001,-4.01433,-2.41177,new_york,2020
AUDUSD,-1,2020-02-10 08:00:00,2020-02-10 18:00:00,0.6703,0.66729,0.6718,0.66729,0.6115,30.1,183.79,183.79,10,take_profit,33.22739,0.001,-0.17903,-2.83273,tokyo,2020
AUDUSD,1,2020-02-10 19:00:00,2020-02-11 03:00:00,0.66745,0.67039,0.66598,0.67039,0.6372,29.4,187.47,187.47,8,take_profit,20.50415,0.00098,-2.49474,-3.02075,new_york,2020
AUDUSD,1,2020-02-11 19:00:00,2020-02-12 05:00:00,0.67113,0.67292,0.66968,0.67404,0.6575,17.9,117.69,117.69,10,time_exit,26.15758,0.00097,0.87775,-2.09027,new_york,2020
AUDUSD,-1,2020-02-12 11:00:00,2020-02-12 21:00:00,0.67444,0.67354,0.67576,0.6718,0.7345,9.0,66.11,66.1,10,time_exit,34.06257,0.00088,3.58344,-1.15339,london,2020
AUDUSD,1,2020-02-17 09:00:00,2020-02-17 14:00:00,0.67259,0.67148,0.67148,0.67482,0.8757,-11.1,-97.45,-97.45,5,stop_loss,17.4542,0.00074,0.57943,-0.29336,london,2020
AUDUSD,1,2020-02-18 05:00:00,2020-02-18 11:00:00,0.66858,0.66755,0.66755,0.67064,0.9362,-10.3,-96.48,-96.48,6,stop_loss,22.85114,0.00069,-4.42465,-0.83362,tokyo,2020
AUDUSD,1,2020-02-20 20:00:00,2020-02-21 04:00:00,0.66175,0.65997,0.65997,0.6653,0.5378,-17.8,-95.52,-95.52,8,stop_loss,31.32916,0.00118,-3.6562,-3.03527,new_york,2020
AUDUSD,-1,2020-02-21 05:00:00,2020-02-21 15:00:00,0.65981,0.66052,0.66141,0.65662,0.5924,-7.1,-42.06,-42.06,10,time_exit,31.55771,0.00106,-4.51227,-4.08181,tokyo,2020
AUDUSD,-1,2020-02-24 17:00:00,2020-02-25 03:00:00,0.66101,0.66161,0.66283,0.65737,0.5179,-6.0,-31.07,-31.08,10,time_exit,24.07433,0.00121,-0.41199,-4.06315,new_york,2020
AUDUSD,-1,2020-02-26 04:00:00,2020-02-26 14:00:00,0.65926,0.65677,0.66071,0.65635,0.645,24.9,160.6,160.6,10,time_exit,12.58357,0.00097,-1.34318,-4.21983,tokyo,2020
AUDUSD,-1,2020-03-04 14:00:00,2020-03-05 00:00:00,0.66224,0.66207,0.66453,0.65766,0.4169,1.7,7.09,7.09,10,time_exit,35.3535,0.00153,2.95911,-0.36148,london,2020
AUDUSD,-1,2020-03-09 02:00:00,2020-03-09 04:00:00,0.66079,0.65583,0.66327,0.65583,0.3849,49.6,190.98,190.98,2,take_profit,20.4751,0.00165,-0.53779,1.07706,tokyo,2020
AUDUSD,-1,2020-03-09 20:00:00,2020-03-10 06:00:00,0.66192,0.65779,0.66814,0.64949,0.1567,41.3,64.72,64.71,10,time_exit,30.33989,0.00414,0.41364,0.13771,new_york,2020
AUDUSD,-1,2020-03-10 07:00:00,2020-03-10 17:00:00,0.65779,0.6525,0.6624,0.64857,0.2128,52.9,112.57,112.57,10,time_exit,25.87209,0.00307,-0.60211,0.03298,tokyo,2020
AUDUSD,1,2020-03-10 18:00:00,2020-03-10 19:00:00,0.65253,0.64875,0.64875,0.66009,0.2625,-37.8,-99.18,-99.18,1,stop_loss,21.84196,0.00252,-2.22403,-0.3989,new_york,2020
AUDUSD,1,2020-03-11 13:00:00,2020-03-11 22:00:00,0.65237,0.64914,0.64914,0.65882,0.3043,-32.3,-98.19,-98.19,9,stop_loss,20.07741,0.00215,-0.72262,-1.67907,london,2020
AUDUSD,-1,2020-03-13 07:00:00,2020-03-13 17:00:00,0.62904,0.62803,0.6346,0.61792,0.1748,10.1,17.65,17.65,10,time_exit,56.21399,0.00371,-3.03041,-3.04799,tokyo,2020
AUDUSD,1,2020-03-16 23:00:00,2020-03-17 09:00:00,0.61265,0.6067,0.6067,0.62454,0.1638,-59.5,-97.39,-97.4,10,stop_loss,27.37433,0.00396,-2.29385,-4.79732,,2020
AUDUSD,-1,2020-03-17 09:00:00,2020-03-17 13:00:00,0.60949,0.59934,0.61456,0.59934,0.19,101.5,192.81,192.8,4,take_profit,27.04842,0.00338,-2.61176,-5.80378,london,2020
AUDUSD,-1,2020-03-17 16:00:00,2020-03-18 02:00:00,0.60042,0.59897,0.60543,0.59039,0.1961,14.5,28.43,28.43,10,time_exit,35.99122,0.00334,-4.2869,-6.25242,new_york,2020
AUDUSD,-1,2020-03-18 03:00:00,2020-03-18 13:00:00,0.59898,0.59295,0.60382,0.5893,0.2037,60.3,122.83,122.83,10,time_exit,37.78432,0.00323,-3.16177,-7.02237,tokyo,2020
AUDUSD,-1,2020-03-18 21:00:00,2020-03-19 04:00:00,0.57864,0.56727,0.58432,0.56727,0.1757,113.7,199.71,199.7,7,take_profit,44.53668,0.00379,-5.68563,-6.65935,new_york,2020
AUDUSD,-1,2020-03-19 21:00:00,2020-03-20 07:00:00,0.58062,0.58522,0.59106,0.55974,0.0976,-46.0,-44.9,-44.9,10,time_exit,34.46651,0.00696,-0.50717,-4.33589,new_york,2020
AUDUSD,1,2020-03-20 08:00:00,2020-03-20 18:00:00,0.58522,0.58393,0.57523,0.60521,0.1015,-12.9,-13.09,-13.1,10,time_exit,23.76246,0.00666,0.44269,-4.25074,tokyo,2020
AUDUSD,-1,2020-03-24 18:00:00,2020-03-25 04:00:00,0.59391,0.59729,0.59996,0.58182,0.1675,-33.8,-56.61,-56.62,10,time_exit,21.35301,0.00403,1.95191,-3.25289,new_york,2020
AUDUSD,-1,2020-03-26 00:00:00,2020-03-26 04:00:00,0.59588,0.58738,0.60013,0.58738,0.237,85.0,201.39,201.39,4,take_profit,15.78318,0.00283,0.50996,-1.54535,tokyo,2020
AUDUSD,-1,2020-03-27 15:00:00,2020-03-27 18:00:00,0.60585,0.61093,0.61093,0.5957,0.2024,-50.8,-102.72,-102.72,3,stop_loss,29.18322,0.00338,1.10553,0.65143,london,2020
AUDUSD,1,2020-03-27 22:00:00,2020-03-30 01:00:00,0.61907,0.61331,0.61331,0.63059,0.1766,-57.6,-101.7,-101.7,3,stop_loss,27.6577,0.00384,3.80371,0.98555,,2020
AUDUSD,1,2020-03-30 03:00:00,2020-03-30 10:00:00,0.61745,0.61181,0.61181,0.62872,0.1786,-56.4,-100.68,-100.68,7,stop_loss,28.61946,0.00376,2.89885,1.35785,tokyo,2020
AUDUSD,-1,2020-03-30 13:00:00,2020-03-30 23:00:00,0.61445,0.61694,0.61947,0.60442,0.1987,-24.9,-49.48,-49.48,10,time_exit,24.78914,0.00334,1.57663,1.94188,london,2020
AUDUSD,-1,2020-03-31 12:00:00,2020-03-31 22:00:00,0.61454,0.61522,0.61946,0.60469,0.2014,-6.8,-13.7,-13.7,10,time_exit,18.53706,0.00328,0.30826,2.45765,london,2020
AUDUSD,-1,2020-04-01 16:00:00,2020-04-01 17:00:00,0.60475,0.60895,0.60895,0.59634,0.2356,-42.0,-99.04,-99.04,1,stop_loss,27.32869,0.0028,-2.35991,1.64657,new_york,2020
AUDUSD,-1,2020-04-02 01:00:00,2020-04-02 09:00:00,0.60684,0.61118,0.61118,0.59816,0.226,-43.4,-98.06,-98.06,8,stop_loss,19.78696,0.00289,-1.22818,1.2159,tokyo,2020
AUDUSD,1,2020-04-02 14:00:00,2020-04-02 15:00:00,0.60877,0.60513,0.60513,0.61606,0.2665,-36.4,-97.08,-97.08,1,stop_loss,17.80115,0.00243,-0.42494,1.10504,london,2020
AUDUSD,1,2020-04-03 11:00:00,2020-04-03 12:00:00,0.60347,0.60053,0.60053,0.60935,0.327,-29.4,-96.11,-96.11,1,stop_loss,9.73741,0.00196,-2.01193,0.30651,london,2020
AUDUSD,1,2020-04-06 02:00:00,2020-04-06 12:00:00,0.60053,0.60657,0.59751,0.60657,0.3152,60.4,190.24,190.24,10,take_profit,23.91386,0.00201,-1.75184,-0.89871,tokyo,2020
AUDUSD,1,2020-04-06 18:00:00,2020-04-07 04:00:00,0.6079,0.61183,0.60455,0.6146,0.2898,39.3,113.89,113.89,10,time_exit,33.70005,0.00223,1.50362,-0.51222,new_york,2020
AUDUSD,1,2020-04-08 01:00:00,2020-04-08 03:00:00,0.61667,0.61371,0.61371,0.62258,0.3321,-29.6,-98.17,-98.17,2,stop_loss,51.14345,0.00197,2.05463,2.26118,tokyo,2020
AUDUSD,1,2020-04-09 05:00:00,2020-04-09 15:00:00,0.62156,0.62737,0.61866,0.62737,0.3346,58.1,194.38,194.38,10,take_profit,39.91892,0.00194,2.17905,3.40448,tokyo,2020
AUDUSD,1,2020-04-10 18:00:00,2020-04-13 04:00:00,0.63436,0.63403,0.63213,0.63883,0.4438,-3.3,-14.65,-14.65,10,time_exit,37.47426,0.00149,3.73168,7.93009,new_york,2020
AUDUSD,1,2020-04-13 08:00:00,2020-04-13 15:00:00,0.63384,0.63726,0.63213,0.63726,0.5794,34.2,197.98,197.97,7,take_profit,21.3385,0.00114,2.42517,10.39583,tokyo,2020
AUDUSD,-1,2020-04-13 15:00:00,2020-04-13 18:00:00,0.63626,0.63828,0.63828,0.63222,0.4996,-20.2,-100.97,-100.97,3,stop_loss,19.3699,0.00135,3.20463,8.67012,london,2020
AUDUSD,-1,2020-04-14 06:00:00,2020-04-14 13:00:00,0.6424,0.63772,0.64474,0.63772,0.4274,46.8,199.92,199.92,7,take_profit,33.04631,0.00156,4.54895,7.94796,tokyo,2020
AUDUSD,1,2020-04-15 07:00:00,2020-04-15 08:00:00,0.6409,0.63862,0.63862,0.64547,0.4466,-22.8,-101.95,-101.96,1,stop_loss,23.2059,0.00152,0.87309,8.18366,tokyo,2020
AUDUSD,-1,2020-04-17 20:00:00,2020-04-20 06:00:00,0.63522,0.63428,0.63863,0.6284,0.2962,9.4,27.84,27.84,10,time_exit,19.45755,0.00227,0.47081,1.92982,new_york,2020
AUDUSD,-1,2020-04-20 22:00:00,2020-04-21 05:00:00,0.63447,0.62872,0.63735,0.62872,0.3519,57.5,202.44,202.44,7,take_profit,14.67841,0.00192,-0.54599,2.24104,,2020
AUDUSD,-1,2020-04-21 11:00:00,2020-04-21 21:00:00,0.62936,0.6286,0.63223,0.62362,0.3598,7.6,27.34,27.34,10,time_exit,22.69861,0.00191,-2.38938,1.38653,london,2020
AUDUSD,-1,2020-04-22 15:00:00,2020-04-23 01:00:00,0.63304,0.63171,0.63613,0.62686,0.335,13.3,44.56,44.55,10,time_exit,28.83713,0.00206,0.63495,0.34296,london,2020
AUDUSD,1,2020-04-23 14:00:00,2020-04-23 17:00:00,0.63454,0.63979,0.63191,0.63979,0.3957,52.5,207.91,207.9,3,take_profit,22.31063,0.00175,1.41167,0.46854,london,2020
AUDUSD,1,2020-04-27 18:00:00,2020-04-28 04:00:00,0.64632,0.64412,0.64412,0.65072,0.4824,-22.0,-106.04,-106.04,10,stop_loss,41.25036,0.00147,4.09847,3.76538,new_york,2020
AUDUSD,1,2020-04-28 20:00:00,2020-04-29 06:00:00,0.64964,0.65346,0.64733,0.65426,0.4542,38.2,173.5,173.5,10,time_exit,35.39788,0.00154,3.07738,4.73387,new_york,2020
AUDUSD,-1,2020-04-29 22:00:00,2020-04-30 07:00:00,0.65413,0.65637,0.65637,0.64966,0.4774,-22.4,-106.72,-106.72,9,stop_loss,38.00544,0.00149,2.99634,5.87681,,2020
AUDUSD,-1,2020-04-30 08:00:00,2020-04-30 15:00:00,0.65638,0.65198,0.65858,0.65198,0.4805,44.0,211.28,211.28,7,take_profit,28.10881,0.00147,3.37227,6.26747,tokyo,2020
AUDUSD,1,2020-05-01 17:00:00,2020-05-01 21:00:00,0.64384,0.64132,0.64132,0.64888,0.4277,-25.2,-107.77,-107.77,4,stop_loss,40.05506,0.00168,-3.17521,2.91146,new_york,2020
AUDUSD,1,2020-05-04 14:00:00,2020-05-05 00:00:00,0.64002,0.64256,0.6374,0.64527,0.4068,25.4,103.33,103.32,10,time_exit,43.5241,0.00175,-2.33471,0.33125,london,2020
AUDUSD,-1,2020-05-06 04:00:00,2020-05-06 08:00:00,0.64219,0.64452,0.64452,0.63754,0.4631,-23.3,-107.72,-107.72,4,stop_loss,16.50298,0.00155,-1.10218,0.22858,tokyo,2020
AUDUSD,1,2020-05-06 17:00:00,2020-05-06 18:00:00,0.64433,0.64211,0.64211,0.64876,0.481,-22.2,-106.64,-106.65,1,stop_loss,11.30832,0.00148,0.3366,0.17627,new_york,2020
AUDUSD,-1,2020-05-07 11:00:00,2020-05-07 18:00:00,0.64548,0.64803,0.64803,0.64038,0.4138,-25.5,-105.57,-105.57,7,stop_loss,21.78205,0.0017,1.67754,-0.34673,london,2020
AUDUSD,1,2020-05-07 23:00:00,2020-05-08 04:00:00,0.64859,0.65349,0.64614,0.65349,0.4267,49.0,209.05,209.05,5,take_profit,31.94477,0.00163,2.54975,0.47276,,2020
AUDUSD,1,2020-05-08 08:00:00,2020-05-08 11:00:00,0.65325,0.6508,0.6508,0.65814,0.4357,-24.5,-106.62,-106.62,3,stop_loss,44.31166,0.00163,3.99155,1.43945,tokyo,2020
AUDUSD,-1,2020-05-08 20:00:00,2020-05-11 05:00:00,0.65367,0.65604,0.65604,0.64894,0.446,-23.7,-105.54,-105.54,9,stop_loss,38.5374,0.00158,2.98189,2.3219,new_york,2020
AUDUSD,-1,2020-05-11 08:00:00,2020-05-11 11:00:00,0.65538,0.65152,0.65731,0.65152,0.5408,38.6,208.98,208.98,3,take_profit,32.7511,0.00129,3.50859,3.56617,tokyo,2020
AUDUSD,1,2020-05-12 23:00:00,2020-05-13 02:00:00,0.64785,0.64519,0.64519,0.65316,0.4013,-26.6,-106.57,-106.57,3,stop_loss,20.78148,0.00177,-0.89877,1.29102,,2020
AUDUSD,1,2020-05-13 15:00:00,2020-05-13 16:00:00,0.65159,0.64891,0.64891,0.65694,0.3944,-26.8,-105.51,-105.51,1,stop_loss,25.54888,0.00178,1.61393,0.82581,london,2020
AUDUSD,1,2020-05-14 23:00:00,2020-05-15 09:00:00,0.64623,0.64473,0.64337,0.65195,0.3649,-15.0,-54.73,-54.74,10,time_exit,28.62605,0.00191,0.56184,-0.64412,,2020
AUDUSD,1,2020-05-15 18:00:00,2020-05-18 04:00:00,0.64138,0.64414,0.63853,0.64708,0.3645,27.6,100.6,100.6,10,time_exit,18.50467,0.0019,-1.95498,-0.58463,new_york,2020
AUDUSD,-1,2020-05-19 02:00:00,2020-05-19 03:00:00,0.65239,0.65453,0.65453,0.6481,0.4894,-21.4,-104.91,-104.92,1,stop_loss,43.1843,0.00143,4.03954,0.30353,tokyo,2020
AUDUSD,1,2020-05-26 10:00:00,2020-05-26 11:00:00,0.6584,0.66155,0.65682,0.66155,0.6593,31.5,207.75,207.74,1,take_profit,23.58111,0.00105,3.32301,2.20669,london,2020
AUDUSD,1,2020-05-26 11:00:00,2020-05-26 14:00:00,0.65964,0.6629,0.65801,0.6629,0.6495,32.6,211.89,211.89,3,take_profit,26.14964,0.00109,4.16161,2.23692,london,2020
AUDUSD,-1,2020-05-27 02:00:00,2020-05-27 12:00:00,0.66481,0.66698,0.66698,0.66048,0.4987,-21.7,-108.07,-108.07,10,stop_loss,57.2645,0.00144,3.77807,3.49832,tokyo,2020
AUDUSD,-1,2020-05-28 21:00:00,2020-05-29 07:00:00,0.66583,0.66493,0.66842,0.66064,0.4126,9.0,37.13,37.13,10,time_exit,21.16442,0.00173,2.09618,2.85858,new_york,2020
AUDUSD,1,2020-06-02 19:00:00,2020-06-03 03:00:00,0.68716,0.69335,0.68407,0.69335,0.347,61.9,214.72,214.72,8,take_profit,51.30789,0.00206,4.80539,5.57355,new_york,2020
AUDUSD,-1,2020-06-03 12:00:00,2020-06-03 17:00:00,0.68895,0.69217,0.69217,0.68252,0.3404,-32.2,-109.5,-109.5,5,stop_loss,58.82223,0.00214,2.15858,6.78685,london,2020
AUDUSD,1,2020-06-04 12:00:00,2020-06-04 17:00:00,0.68989,0.6952,0.68723,0.6952,0.408,53.1,216.79,216.78,5,take_profit,19.62965,0.00177,0.857,7.94798,london,2020
AUDUSD,1,2020-06-05 13:00:00,2020-06-05 23:00:00,0.69789,0.69674,0.69459,0.70448,0.3354,-11.5,-38.57,-38.57,10,time_exit,38.50295,0.0022,2.33191,6.33971,london,2020
AUDUSD,-1,2020-06-08 09:00:00,2020-06-08 11:00:00,0.69736,0.69996,0.69996,0.69216,0.4242,-26.0,-110.19,-110.19,2,stop_loss,17.56505,0.00173,1.15831,7.59157,london,2020
AUDUSD,1,2020-06-08 11:00:00,2020-06-08 21:00:00,0.69863,0.70207,0.69594,0.70401,0.4057,34.4,139.56,139.56,10,time_exit,16.8585,0.00179,1.70767,7.27727,london,2020
AUDUSD,-1,2020-06-11 04:00:00,2020-06-11 10:00:00,0.69824,0.69103,0.70184,0.69103,0.3066,72.1,220.98,220.98,6,take_profit,30.85871,0.0024,-0.01621,3.42809,tokyo,2020
AUDUSD,-1,2020-06-12 01:00:00,2020-06-12 10:00:00,0.68417,0.68771,0.68771,0.67708,0.3179,-35.4,-112.68,-112.68,9,stop_loss,31.58294,0.00236,-3.94534,1.41957,tokyo,2020
AUDUSD,1,2020-06-12 20:00:00,2020-06-15 06:00:00,0.68366,0.68311,0.6796,0.69179,0.2745,-5.5,-15.1,-15.1,10,time_exit,21.95192,0.00271,-2.15562,0.04192,new_york,2020
AUDUSD,1,2020-06-15 06:00:00,2020-06-15 09:00:00,0.68212,0.67793,0.67793,0.69051,0.2657,-41.9,-111.4,-111.4,3,stop_loss,22.69985,0.0028,-1.92701,-0.48271,tokyo,2020
AUDUSD,-1,2020-06-16 06:00:00,2020-06-16 16:00:00,0.69736,0.69317,0.70129,0.6895,0.2806,41.9,117.57,117.57,10,time_exit,30.05067,0.00262,3.52291,-0.14007,tokyo,2020
AUDUSD,-1,2020-06-18 08:00:00,2020-06-18 18:00:00,0.68777,0.68464,0.69104,0.68123,0.3409,31.3,106.7,106.7,10,time_exit,14.98877,0.00218,-0.39041,-0.07732,tokyo,2020
AUDUSD,1,2020-06-24 09:00:00,2020-06-24 10:00:00,0.69419,0.69194,0.69194,0.6987,0.4995,-22.5,-112.55,-112.55,1,stop_loss,16.45948,0.0015,1.4663,1.7268,london,2020
AUDUSD,1,2020-06-24 13:00:00,2020-06-24 16:00:00,0.69174,0.68924,0.68924,0.69674,0.4453,-25.0,-111.42,-111.43,3,stop_loss,17.53277,0.00167,-0.18046,1.51263,london,2020
AUDUSD,-1,2020-06-25 19:00:00,2020-06-25 22:00:00,0.68662,0.68925,0.68925,0.68136,0.4191,-26.3,-110.31,-110.32,3,stop_loss,30.32085,0.00175,-1.159,-0.17944,new_york,2020
AUDUSD,-1,2020-06-29 14:00:00,2020-06-29 17:00:00,0.68818,0.68422,0.69016,0.68422,0.551,39.6,218.4,218.4,3,take_profit,16.97102,0.00132,0.42264,-0.63375,london,2020
AUDUSD,-1,2020-07-01 10:00:00,2020-07-01 17:00:00,0.69079,0.69279,0.69279,0.68679,0.5572,-20.0,-111.38,-111.38,7,stop_loss,24.94886,0.00133,1.87422,0.04304,london,2020
AUDUSD,1,2020-07-01 19:00:00,2020-07-02 05:00:00,0.69163,0.69185,0.68916,0.69657,0.4463,2.2,9.82,9.82,10,time_exit,22.21927,0.00165,1.56718,0.36254,new_york,2020
AUDUSD,-1,2020-07-02 15:00:00,2020-07-02 17:00:00,0.69302,0.69484,0.69484,0.68938,0.6063,-18.2,-110.37,-110.37,2,stop_loss,26.19549,0.00121,1.89594,1.32915,london,2020
AUDUSD,-1,2020-07-03 02:00:00,2020-07-03 12:00:00,0.69251,0.69341,0.69443,0.68868,0.5702,-9.0,-51.32,-51.32,10,time_exit,17.43811,0.00128,0.973,1.44533,tokyo,2020
AUDUSD,1,2020-07-06 13:00:00,2020-07-06 23:00:00,0.6965,0.69736,0.69493,0.69964,0.6928,8.6,59.58,59.58,10,time_exit,27.24084,0.00105,2.39205,2.94701,london,2020
AUDUSD,1,2020-07-09 20:00:00,2020-07-10 06:00:00,0.69555,0.69437,0.69349,0.69967,0.5306,-11.8,-62.61,-62.61,10,time_exit,21.01368,0.00137,-0.95376,2.09904,new_york,2020
AUDUSD,1,2020-07-13 14:00:00,2020-07-13 22:00:00,0.69713,0.69544,0.69544,0.70051,0.6424,-16.9,-108.72,-108.72,8,stop_loss,14.99392,0.00113,0.97885,1.32735,london,2020
AUDUSD,1,2020-07-15 07:00:00,2020-07-15 16:00:00,0.69918,0.70342,0.69706,0.70342,0.5075,42.4,215.26,215.26,9,take_profit,20.46063,0.00141,1.79092,1.05497,tokyo,2020
AUDUSD,-1,2020-07-17 01:00:00,2020-07-17 05:00:00,0.69679,0.69874,0.69874,0.69289,0.5626,-19.5,-109.79,-109.8,4,stop_loss,17.76218,0.0013,-1.38174,1.51316,tokyo,2020
AUDUSD,1,2020-07-20 10:00:00,2020-07-20 20:00:00,0.69902,0.70092,0.69752,0.70202,0.7236,19.0,137.48,137.48,10,time_exit,12.78417,0.001,0.27787,1.52585,london,2020
AUDUSD,-1,2020-07-21 01:00:00,2020-07-21 03:00:00,0.70162,0.70294,0.70294,0.69899,0.8361,-13.2,-110.06,-110.06,2,stop_loss,16.32378,0.00088,2.34541,2.16172,tokyo,2020
AUDUSD,-1,2020-07-21 05:00:00,2020-07-21 08:00:00,0.70238,0.70379,0.70379,0.69956,0.7733,-14.1,-108.96,-108.96,3,stop_loss,20.7522,0.00094,2.58552,2.24533,tokyo,2020
AUDUSD,-1,2020-07-22 20:00:00,2020-07-23 06:00:00,0.71441,0.71447,0.71695,0.70934,0.4255,-0.6,-2.55,-2.56,10,time_exit,38.93856,0.00169,2.5499,4.59866,new_york,2020
AUDUSD,-1,2020-07-24 15:00:00,2020-07-27 01:00:00,0.70843,0.7095,0.71094,0.7034,0.4289,-10.7,-45.89,-45.89,10,time_exit,23.66405,0.00168,-1.34292,3.05715,london,2020
AUDUSD,1,2020-07-27 11:00:00,2020-07-27 21:00:00,0.71294,0.71414,0.71064,0.71754,0.467,12.0,56.04,56.04,10,time_exit,18.14975,0.00153,1.24235,2.92158,london,2020
AUDUSD,-1,2020-07-28 02:00:00,2020-07-28 10:00:00,0.71594,0.71178,0.71802,0.71178,0.5185,41.6,215.91,215.9,8,take_profit,22.02045,0.00139,2.52042,3.48498,tokyo,2020
AUDUSD,1,2020-07-28 14:00:00,2020-07-29 00:00:00,0.71464,0.71563,0.71227,0.71938,0.4644,9.9,45.98,45.97,10,time_exit,17.79086,0.00158,0.92558,3.0454,london,2020
AUDUSD,1,2020-07-31 00:00:00,2020-07-31 10:00:00,0.71944,0.71985,0.71704,0.72423,0.4612,4.1,18.91,18.91,10,time_exit,20.45786,0.0016,2.14096,2.60486,tokyo,2020
AUDUSD,1,2020-07-31 19:00:00,2020-08-03 00:00:00,0.71587,0.7132,0.7132,0.72121,0.4151,-26.7,-110.75,-110.75,5,stop_loss,20.03704,0.00178,-1.1121,2.57748,new_york,2020
AUDUSD,1,2020-08-03 16:00:00,2020-08-04 02:00:00,0.70913,0.71163,0.70659,0.7142,0.4325,25.0,108.12,108.12,10,time_exit,35.23954,0.00169,-3.41649,1.00834,new_york,2020
AUDUSD,1,2020-08-04 13:00:00,2020-08-04 15:00:00,0.71445,0.71233,0.71233,0.7187,0.5214,-21.2,-110.72,-110.72,2,stop_loss,20.73759,0.00142,0.6436,0.36255,london,2020
AUDUSD,-1,2020-08-06 04:00:00,2020-08-06 14:00:00,0.72085,0.7181,0.72284,0.71688,0.5517,27.5,151.72,151.72,10,time_exit,18.05452,0.00132,2.18299,2.39686,tokyo,2020
AUDUSD,-1,2020-08-06 23:00:00,2020-08-07 09:00:00,0.72388,0.72081,0.72615,0.71934,0.4891,30.7,150.15,150.15,10,time_exit,25.39013,0.00151,2.87401,2.45633,,2020
AUDUSD,1,2020-08-07 19:00:00,2020-08-10 05:00:00,0.71618,0.71645,0.71364,0.72125,0.4443,2.7,12.0,11.99,10,time_exit,17.95248,0.00169,-2.33669,2.01391,new_york,2020
AUDUSD,1,2020-08-10 21:00:00,2020-08-11 07:00:00,0.71563,0.71813,0.71366,0.71956,0.5732,25.0,143.3,143.3,10,time_exit,21.3348,0.00131,-1.31639,0.63985,new_york,2020
AUDUSD,-1,2020-08-11 08:00:00,2020-08-11 18:00:00,0.71813,0.7154,0.71984,0.71472,0.6697,27.3,182.83,182.83,10,time_exit,16.82197,0.00114,1.06426,0.39936,tokyo,2020
AUDUSD,-1,2020-08-11 19:00:00,2020-08-12 05:00:00,0.71541,0.71136,0.71743,0.71136,0.5733,40.5,232.04,232.04,10,take_profit,14.31465,0.00135,-1.17149,0.33118,new_york,2020
AUDUSD,-1,2020-08-12 05:00:00,2020-08-12 15:00:00,0.71331,0.71473,0.71534,0.70925,0.5833,-14.2,-82.83,-82.83,10,time_exit,25.0637,0.00135,-2.14412,-0.12142,tokyo,2020
AUDUSD,1,2020-08-12 22:00:00,2020-08-13 08:00:00,0.71619,0.7167,0.71398,0.72062,0.5308,5.1,27.07,27.07,10,time_exit,24.60905,0.00148,0.58867,-0.46669,,2020
AUDUSD,1,2020-08-13 09:00:00,2020-08-13 19:00:00,0.71672,0.71628,0.71483,0.72049,0.6243,-4.4,-27.47,-27.47,10,time_exit,21.03231,0.00126,0.73098,-0.23019,london,2020
AUDUSD,-1,2020-08-17 10:00:00,2020-08-17 15:00:00,0.71821,0.71975,0.71975,0.71513,0.7631,-15.4,-117.51,-117.51,5,stop_loss,19.22383,0.00103,1.50851,0.45066,london,2020
AUDUSD,1,2020-08-19 13:00:00,2020-08-19 17:00:00,0.72665,0.72476,0.72476,0.73043,0.6163,-18.9,-116.34,-116.34,4,stop_loss,27.67459,0.00126,3.00137,3.13722,london,2020
AUDUSD,-1,2020-08-21 06:00:00,2020-08-21 15:00:00,0.72017,0.71612,0.7222,0.71612,0.5682,40.5,230.35,230.35,9,take_profit,21.78431,0.00135,0.36009,0.48425,tokyo,2020
AUDUSD,-1,2020-08-24 15:00:00,2020-08-24 21:00:00,0.71977,0.71618,0.72157,0.71618,0.6541,35.9,234.95,234.95,6,take_profit,19.09566,0.0012,1.50841,-0.48012,london,2020
AUDUSD,1,2020-08-25 02:00:00,2020-08-25 12:00:00,0.71662,0.71692,0.71504,0.71978,0.7577,3.0,22.73,22.73,10,time_exit,17.13048,0.00105,-0.9347,-0.7426,tokyo,2020
AUDUSD,-1,2020-08-26 06:00:00,2020-08-26 11:00:00,0.71919,0.72083,0.72083,0.7159,0.7299,-16.4,-120.04,-120.05,5,stop_loss,15.68758,0.0011,0.96782,-0.1844,tokyo,2020
AUDUSD,-1,2020-08-31 07:00:00,2020-08-31 17:00:00,0.73664,0.73881,0.73881,0.73229,0.5465,-21.7,-118.85,-118.85,10,stop_loss,66.56733,0.00145,4.17538,4.92289,tokyo,2020
AUDUSD,-1,2020-09-02 09:00:00,2020-09-02 16:00:00,0.73602,0.73204,0.73801,0.73204,0.5915,39.8,235.31,235.3,7,take_profit,27.65547,0.00133,-0.31381,5.6221,london,2020
AUDUSD,1,2020-09-04 16:00:00,2020-09-04 17:00:00,0.72672,0.72467,0.72467,0.73082,0.586,-20.5,-120.01,-120.02,1,stop_loss,34.32733,0.00137,-2.12062,0.22171,new_york,2020
AUDUSD,1,2020-09-07 01:00:00,2020-09-07 11:00:00,0.72839,0.72814,0.72603,0.73311,0.5038,-2.5,-12.59,-12.6,10,time_exit,25.65806,0.00157,-0.41277,-0.08899,tokyo,2020
AUDUSD,-1,2020-09-08 11:00:00,2020-09-08 12:00:00,0.72924,0.72653,0.7306,0.72653,0.8758,27.1,237.38,237.38,1,take_profit,17.78396,0.0009,0.96402,-0.54596,london,2020
AUDUSD,1,2020-09-08 17:00:00,2020-09-08 22:00:00,0.72313,0.72117,0.72117,0.72705,0.6182,-19.6,-121.06,-121.06,5,stop_loss,20.12191,0.00131,-3.43523,-0.77872,new_york,2020
AUDUSD,1,2020-09-09 01:00:00,2020-09-09 11:00:00,0.72009,0.72288,0.71797,0.72434,0.5645,27.9,157.5,157.49,10,time_exit,30.49734,0.00142,-4.27436,-1.41657,tokyo,2020
AUDUSD,1,2020-09-09 23:00:00,2020-09-10 09:00:00,0.72807,0.72808,0.72594,0.73232,0.571,0.1,0.57,0.57,10,time_exit,29.63228,0.00142,1.9836,-1.48394,,2020
AUDUSD,1,2020-09-11 00:00:00,2020-09-11 10:00:00,0.72579,0.72881,0.72346,0.73045,0.5209,30.2,157.31,157.31,10,time_exit,20.34154,0.00155,-0.60707,-0.44486,tokyo,2020
AUDUSD,1,2020-09-14 05:00:00,2020-09-14 15:00:00,0.72782,0.72759,0.72601,0.73143,0.6813,-2.3,-15.67,-15.67,10,time_exit,16.43346,0.0012,0.20816,0.02527,tokyo,2020
AUDUSD,-1,2020-09-14 15:00:00,2020-09-14 16:00:00,0.72706,0.72869,0.72869,0.7238,0.7531,-16.3,-122.85,-122.85,1,stop_loss,17.78073,0.00109,-0.52168,0.05962,london,2020
AUDUSD,-1,2020-09-14 16:00:00,2020-09-14 17:00:00,0.72759,0.72918,0.72918,0.7244,0.763,-15.9,-121.62,-121.62,1,stop_loss,18.69357,0.00106,-0.03374,0.05938,new_york,2020
AUDUSD,-1,2020-09-15 22:00:00,2020-09-16 08:00:00,0.7309,0.73116,0.73284,0.72702,0.6206,-2.6,-16.14,-16.14,10,time_exit,13.96401,0.00129,0.79674,1.15957,,2020
AUDUSD,1,2020-09-16 14:00:00,2020-09-16 16:00:00,0.73384,0.73218,0.73218,0.73716,0.7252,-16.6,-120.25,-120.25,2,stop_loss,13.87862,0.00111,2.89048,1.67231,london,2020
AUDUSD,1,2020-09-18 09:00:00,2020-09-18 14:00:00,0.73195,0.72983,0.72983,0.73619,0.5615,-21.2,-119.04,-119.04,5,stop_loss,17.71899,0.00141,1.07195,0.80408,london,2020
AUDUSD,-1,2020-09-21 01:00:00,2020-09-21 05:00:00,0.72959,0.73163,0.73163,0.72551,0.5781,-20.4,-117.84,-117.85,4,stop_loss,13.10905,0.00136,-0.60994,0.67122,tokyo,2020
AUDUSD,-1,2020-09-22 07:00:00,2020-09-22 17:00:00,0.72231,0.71764,0.72464,0.71764,0.5001,46.7,233.35,233.35,10,take_profit,42.00302,0.00156,-2.44836,-1.42994,tokyo,2020
AUDUSD,1,2020-09-24 02:00:00,2020-09-24 05:00:00,0.70747,0.7053,0.7053,0.71181,0.5483,-21.7,-119.0,-119.01,3,stop_loss,47.80837,0.00145,-5.23014,-5.78364,tokyo,2020
AUDUSD,-1,2020-09-24 12:00:00,2020-09-24 20:00:00,0.70487,0.70713,0.70713,0.70035,0.5208,-22.6,-117.82,-117.82,8,stop_loss,52.99046,0.00151,-4.53789,-6.57867,london,2020
AUDUSD,1,2020-09-24 22:00:00,2020-09-25 08:00:00,0.70503,0.70612,0.70224,0.71062,0.4174,10.9,45.5,45.49,10,time_exit,41.20159,0.00186,-2.2485,-5.76829,,2020
AUDUSD,-1,2020-09-28 22:00:00,2020-09-29 02:00:00,0.70689,0.70903,0.70903,0.70261,0.5472,-21.4,-117.1,-117.1,4,stop_loss,12.80015,0.00143,0.86027,-5.98867,,2020
AUDUSD,1,2020-09-29 15:00:00,2020-09-29 18:00:00,0.71311,0.7112,0.7112,0.71693,0.6063,-19.1,-115.92,-115.92,3,stop_loss,24.38161,0.00127,4.3608,-4.61912,london,2020
AUDUSD,-1,2020-09-29 19:00:00,2020-09-29 20:00:00,0.71081,0.71287,0.71287,0.7067,0.5583,-20.6,-114.76,-114.76,1,stop_loss,29.77898,0.00137,1.93287,-3.79632,new_york,2020
AUDUSD,1,2020-09-30 06:00:00,2020-09-30 08:00:00,0.71273,0.71076,0.71076,0.71666,0.5778,-19.7,-113.62,-113.63,2,stop_loss,29.77564,0.00131,2.10014,-2.57252,tokyo,2020
AUDUSD,1,2020-09-30 14:00:00,2020-09-30 17:00:00,0.71182,0.71611,0.70968,0.71611,0.5246,42.9,224.96,224.96,3,take_profit,19.58536,0.00143,0.98419,-1.9576,london,2020
AUDUSD,1,2020-10-02 10:00:00,2020-10-02 20:00:00,0.71601,0.71527,0.71374,0.72056,0.5048,-7.4,-37.36,-37.36,10,time_exit,27.68708,0.00152,-0.01434,0.93418,london,2020
AUDUSD,-1,2020-10-02 21:00:00,2020-10-05 03:00:00,0.71526,0.71775,0.71775,0.71029,0.4598,-24.9,-114.36,-114.36,6,stop_loss,26.33938,0.00166,-0.32853,0.67303,new_york,2020
AUDUSD,1,2020-10-06 01:00:00,2020-10-06 09:00:00,0.71824,0.71664,0.71664,0.72143,0.7091,-16.0,-113.21,-113.21,8,stop_loss,10.57328,0.00106,0.62638,1.64811,tokyo,2020
AUDUSD,-1,2020-10-06 12:00:00,2020-10-06 21:00:00,0.71605,0.71206,0.71805,0.71206,0.5616,39.9,224.18,224.18,9,take_profit,13.9326,0.00133,-1.04888,1.30031,london,2020
AUDUSD,-1,2020-10-07 04:00:00,2020-10-07 08:00:00,0.71071,0.71295,0.71295,0.70624,0.511,-22.4,-114.32,-114.32,4,stop_loss,25.58527,0.00149,-3.12786,0.00044,tokyo,2020
AUDUSD,1,2020-10-08 01:00:00,2020-10-08 11:00:00,0.71376,0.7165,0.71207,0.71714,0.6703,27.4,183.66,183.66,10,time_exit,14.32502,0.00113,-0.46396,-0.62753,tokyo,2020
AUDUSD,1,2020-10-12 00:00:00,2020-10-12 10:00:00,0.72194,0.72308,0.72051,0.7248,0.8033,11.4,91.58,91.57,10,time_exit,44.96805,0.00095,5.75726,2.43513,tokyo,2020
AUDUSD,1,2020-10-12 20:00:00,2020-10-13 03:00:00,0.72151,0.71996,0.71996,0.72461,0.7474,-15.5,-115.93,-115.94,7,stop_loss,21.53602,0.00103,1.1005,3.05317,new_york,2020
AUDUSD,1,2020-10-13 17:00:00,2020-10-14 03:00:00,0.71654,0.71677,0.71478,0.72005,0.6533,2.3,15.03,15.02,10,time_exit,25.49406,0.00117,-2.55505,1.67976,new_york,2020
AUDUSD,1,2020-10-14 06:00:00,2020-10-14 16:00:00,0.71677,0.71842,0.7153,0.71971,0.7822,16.5,129.06,129.06,10,time_exit,27.97638,0.00098,-1.44058,0.80124,tokyo,2020
AUDUSD,-1,2020-10-16 08:00:00,2020-10-16 10:00:00,0.70708,0.70875,0.70875,0.70374,0.6953,-16.7,-116.21,-116.21,2,stop_loss,36.17761,0.00111,-4.0384,-3.3078,tokyo,2020
AUDUSD,-1,2020-10-19 09:00:00,2020-10-19 12:00:00,0.70943,0.711,0.711,0.7063,0.7351,-15.7,-115.05,-115.05,3,stop_loss,14.06702,0.00104,-0.30286,-3.87745,london,2020
AUDUSD,-1,2020-10-20 00:00:00,2020-10-20 10:00:00,0.7062,0.70432,0.70778,0.70303,0.7194,18.8,135.25,135.25,10,time_exit,18.87369,0.00106,-2.34836,-3.58123,tokyo,2020
AUDUSD,-1,2020-10-20 14:00:00,2020-10-20 18:00:00,0.70412,0.70563,0.70563,0.70111,0.765,-15.1,-115.25,-115.25,4,stop_loss,34.70294,0.001,-3.14793,-4.71384,london,2020
AUDUSD,-1,2020-10-21 04:00:00,2020-10-21 06:00:00,0.70627,0.70798,0.70798,0.70285,0.6678,-17.1,-114.1,-114.1,2,stop_loss,20.7334,0.00114,-0.08445,-4.16499,tokyo,2020
AUDUSD,-1,2020-10-21 13:00:00,2020-10-21 15:00:00,0.70809,0.70996,0.70996,0.70435,0.6041,-18.7,-112.96,-112.96,2,stop_loss,20.69984,0.00125,1.03909,-3.23059,london,2020
AUDUSD,-1,2020-10-22 05:00:00,2020-10-22 10:00:00,0.7094,0.7113,0.7113,0.7056,0.5893,-19.0,-111.84,-111.84,5,stop_loss,29.89121,0.00127,0.43252,-1.59396,tokyo,2020
AUDUSD,-1,2020-10-22 11:00:00,2020-10-22 21:00:00,0.71141,0.71132,0.71328,0.70766,0.5905,0.9,5.31,5.31,10,time_exit,22.89067,0.00125,1.86404,-1.3855,london,2020
AUDUSD,1,2020-10-23 20:00:00,2020-10-26 06:00:00,0.71191,0.71137,0.70981,0.71611,0.528,-5.4,-28.51,-28.51,10,time_exit,17.36553,0.0014,0.42491,0.13466,new_york,2020
AUDUSD,-1,2020-10-26 23:00:00,2020-10-27 09:00:00,0.71266,0.71322,0.7147,0.70858,0.5409,-5.6,-30.29,-30.29,10,time_exit,13.10246,0.00136,0.48038,0.42267,,2020
AUDUSD,1,2020-10-27 16:00:00,2020-10-28 00:00:00,0.7132,0.71164,0.71164,0.71632,0.7052,-15.6,-110.18,-110.18,8,stop_loss,8.95607,0.00104,0.7624,0.7347,new_york,2020
AUDUSD,-1,2020-10-28 18:00:00,2020-10-28 19:00:00,0.70461,0.7069,0.7069,0.70002,0.4754,-22.9,-109.08,-109.08,1,stop_loss,27.36553,0.00153,-4.66653,0.03612,new_york,2020
AUDUSD,1,2020-10-29 05:00:00,2020-10-29 12:00:00,0.70653,0.70448,0.70448,0.71063,0.5272,-20.5,-107.99,-107.99,7,stop_loss,38.29582,0.00137,-2.19163,-1.11671,tokyo,2020
AUDUSD,-1,2020-10-30 02:00:00,2020-10-30 04:00:00,0.70285,0.70521,0.70521,0.69813,0.4526,-23.6,-106.9,-106.91,2,stop_loss,29.46199,0.00157,-2.0826,-2.2509,tokyo,2020
AUDUSD,1,2020-11-02 08:00:00,2020-11-02 18:00:00,0.70066,0.70438,0.69828,0.70541,0.4456,37.2,165.76,165.76,10,time_exit,23.05679,0.00158,-1.87503,-2.69635,tokyo,2020
AUDUSD,-1,2020-11-02 18:00:00,2020-11-03 04:00:00,0.70388,0.70615,0.70615,0.69934,0.4731,-22.7,-107.5,-107.5,10,stop_loss,19.39688,0.00151,0.28193,-2.63011,new_york,2020
AUDUSD,-1,2020-11-03 10:00:00,2020-11-03 11:00:00,0.707,0.70926,0.70926,0.70247,0.47,-22.6,-106.42,-106.42,1,stop_loss,13.18815,0.00151,1.8786,-1.91829,london,2020
AUDUSD,-1,2020-11-04 04:00:00,2020-11-04 09:00:00,0.71395,0.70617,0.71784,0.70617,0.2709,77.8,210.71,210.71,5,take_profit,40.77463,0.00259,1.7196,0.47241,tokyo,2020
AUDUSD,1,2020-11-05 18:00:00,2020-11-06 04:00:00,0.72726,0.72653,0.72354,0.73471,0.2887,-7.3,-21.08,-21.08,10,time_exit,27.13895,0.00248,4.34328,2.19141,new_york,2020
AUDUSD,-1,2020-11-06 05:00:00,2020-11-06 15:00:00,0.72653,0.72719,0.72977,0.72004,0.3305,-6.6,-21.81,-21.82,10,time_exit,29.46601,0.00216,2.93471,3.46064,tokyo,2020
AUDUSD,-1,2020-11-09 00:00:00,2020-11-09 07:00:00,0.72729,0.72991,0.72991,0.72205,0.4084,-26.2,-107.04,-107.04,7,stop_loss,17.42441,0.00175,1.4567,4.8429,tokyo,2020
AUDUSD,1,2020-11-09 12:00:00,2020-11-09 13:00:00,0.7269,0.73204,0.72433,0.73204,0.4121,51.4,211.92,211.92,1,take_profit,13.9322,0.00171,0.89124,5.12815,london,2020
AUDUSD,-1,2020-11-09 21:00:00,2020-11-10 07:00:00,0.72743,0.72797,0.73119,0.71992,0.2877,-5.4,-15.54,-15.54,10,time_exit,15.12457,0.0025,0.2913,3.58325,new_york,2020
AUDUSD,-1,2020-11-10 20:00:00,2020-11-11 04:00:00,0.72804,0.73077,0.73077,0.72258,0.3955,-27.3,-107.93,-107.93,8,stop_loss,12.17923,0.00182,0.39935,4.1356,new_york,2020
AUDUSD,1,2020-11-11 22:00:00,2020-11-12 08:00:00,0.72749,0.72553,0.72553,0.73141,0.5444,-19.6,-106.84,-106.84,10,stop_loss,17.16231,0.00131,-0.40265,4.76418,,2020
AUDUSD,-1,2020-11-13 00:00:00,2020-11-13 10:00:00,0.72303,0.72366,0.72521,0.71867,0.4856,-6.3,-30.59,-30.6,10,time_exit,22.43366,0.00145,-2.32468,2.66806,tokyo,2020
AUDUSD,-1,2020-11-13 21:00:00,2020-11-16 01:00:00,0.72641,0.72838,0.72838,0.72247,0.5354,-19.7,-105.48,-105.48,4,stop_loss,17.93784,0.00131,0.70594,1.80452,new_york,2020
AUDUSD,-1,2020-11-16 10:00:00,2020-11-16 13:00:00,0.72926,0.7309,0.7309,0.72598,0.6374,-16.4,-104.42,-104.42,3,stop_loss,28.39379,0.00109,2.38039,2.66878,london,2020
AUDUSD,1,2020-11-16 19:00:00,2020-11-17 05:00:00,0.73226,0.73211,0.73015,0.73647,0.4907,-1.5,-7.36,-7.36,10,time_exit,35.50699,0.0014,3.24496,2.43282,new_york,2020
AUDUSD,-1,2020-11-19 11:00:00,2020-11-19 21:00:00,0.72696,0.72873,0.72873,0.72342,0.5832,-17.7,-103.3,-103.3,10,stop_loss,24.32528,0.00118,-2.59627,2.34688,london,2020
AUDUSD,1,2020-11-19 21:00:00,2020-11-20 07:00:00,0.72781,0.72953,0.72591,0.7316,0.539,17.2,92.71,92.71,10,time_exit,32.25065,0.00126,-0.98405,1.43771,new_york,2020
AUDUSD,-1,2020-11-20 09:00:00,2020-11-20 16:00:00,0.72975,0.73153,0.73153,0.72619,0.5805,-17.8,-103.18,-103.19,7,stop_loss,17.76125,0.00119,0.71014,1.27785,london,2020
AUDUSD,-1,2020-11-23 06:00:00,2020-11-23 11:00:00,0.73158,0.73313,0.73313,0.72847,0.6572,-15.5,-102.16,-102.16,5,stop_loss,17.88187,0.00104,1.46226,1.9516,tokyo,2020
AUDUSD,1,2020-11-24 09:00:00,2020-11-24 10:00:00,0.73204,0.73559,0.73026,0.73559,0.5692,35.5,202.26,202.26,1,take_profit,21.82654,0.00118,1.34469,1.47565,london,2020
AUDUSD,-1,2020-11-24 15:00:00,2020-11-24 22:00:00,0.73389,0.73608,0.73608,0.72951,0.4706,-21.9,-103.15,-103.15,7,stop_loss,27.5263,0.00146,1.79516,1.55443,london,2020
AUDUSD,-1,2020-11-25 05:00:00,2020-11-25 15:00:00,0.73586,0.73461,0.73773,0.73212,0.5465,12.5,68.31,68.31,10,time_exit,25.1252,0.00125,2.2748,2.57881,tokyo,2020
AUDUSD,1,2020-11-26 05:00:00,2020-11-26 15:00:00,0.73692,0.73571,0.73527,0.74022,0.6232,-12.1,-75.41,-75.41,10,time_exit,8.857,0.0011,2.06581,3.29698,tokyo,2020
AUDUSD,-1,2020-11-26 20:00:00,2020-11-27 06:00:00,0.73626,0.73765,0.73765,0.73348,0.7347,-13.9,-102.06,-102.06,10,stop_loss,6.8275,0.00093,1.01877,3.86852,new_york,2020
AUDUSD,1,2020-11-30 02:00:00,2020-11-30 06:00:00,0.74008,0.73846,0.73846,0.74332,0.6232,-16.2,-101.03,-101.04,4,stop_loss,18.69264,0.00108,2.7485,3.56165,tokyo,2020
AUDUSD,-1,2020-12-01 01:00:00,2020-12-01 02:00:00,0.73445,0.73618,0.73618,0.73099,0.5789,-17.3,-100.03,-100.03,1,stop_loss,40.33032,0.00115,-2.21873,2.52847,tokyo,2020
AUDUSD,1,2020-12-01 08:00:00,2020-12-01 11:00:00,0.73677,0.73516,0.73516,0.73999,0.6146,-16.1,-99.02,-99.02,3,stop_loss,29.99316,0.00107,-0.0456,2.41073,tokyo,2020
AUDUSD,1,2020-12-01 19:00:00,2020-12-02 05:00:00,0.73544,0.73825,0.73366,0.73901,0.5494,28.1,154.38,154.38,10,time_exit,21.86005,0.00119,-0.78063,1.68021,new_york,2020
AUDUSD,1,2020-12-02 09:00:00,2020-12-02 14:00:00,0.73712,0.73537,0.73537,0.74061,0.57,-17.5,-99.58,-99.58,5,stop_loss,12.43497,0.00116,0.30863,1.73541,london,2020
AUDUSD,1,2020-12-02 21:00:00,2020-12-03 07:00:00,0.73965,0.74112,0.73766,0.74363,0.4951,14.7,72.78,72.78,10,time_exit,16.22596,0.00133,1.86192,1.57183,new_york,2020
AUDUSD,1,2020-12-03 07:00:00,2020-12-03 17:00:00,0.7409,0.74443,0.73913,0.74443,0.5626,35.3,198.64,198.64,10,take_profit,22.70872,0.00118,2.14299,2.32945,tokyo,2020
AUDUSD,-1,2020-12-03 19:00:00,2020-12-04 05:00:00,0.74438,0.74256,0.74625,0.74064,0.5414,18.2,98.53,98.53,10,time_exit,28.36668,0.00125,3.40836,2.93932,new_york,2020
AUDUSD,-1,2020-12-04 11:00:00,2020-12-04 16:00:00,0.74186,0.74347,0.74347,0.73864,0.6362,-16.1,-102.29,-102.29,5,stop_loss,18.59755,0.00107,0.23407,3.86418,london,2020
AUDUSD,-1,2020-12-04 18:00:00,2020-12-07 04:00:00,0.74327,0.7431,0.74514,0.73953,0.5417,1.7,9.21,9.21,10,time_exit,16.3008,0.00125,1.12509,3.24457,new_york,2020
AUDUSD,1,2020-12-07 04:00:00,2020-12-07 10:00:00,0.74283,0.74122,0.74122,0.74606,0.6285,-16.1,-101.35,-101.35,6,stop_loss,13.2046,0.00108,0.46764,3.70491,tokyo,2020
AUDUSD,-1,2020-12-07 11:00:00,2020-12-07 15:00:00,0.73959,0.74113,0.74113,0.7365,0.6502,-15.4,-100.34,-100.34,4,stop_loss,17.18102,0.00103,-2.66161,3.60667,london,2020
AUDUSD,1,2020-12-08 07:00:00,2020-12-08 09:00:00,0.74247,0.74087,0.74087,0.74566,0.6221,-16.0,-99.34,-99.34,2,stop_loss,16.17447,0.00106,0.21305,2.80804,tokyo,2020
AUDUSD,1,2020-12-08 14:00:00,2020-12-09 00:00:00,0.7412,0.74108,0.73944,0.74472,0.5591,-1.2,-6.71,-6.71,10,time_exit,14.46978,0.00117,-0.85857,2.36089,london,2020
AUDUSD,1,2020-12-09 14:00:00,2020-12-09 17:00:00,0.74759,0.74586,0.74586,0.75106,0.5672,-17.3,-98.28,-98.28,3,stop_loss,29.15818,0.00116,3.96852,2.42092,london,2020
AUDUSD,-1,2020-12-15 10:00:00,2020-12-15 17:00:00,0.75229,0.75406,0.75406,0.74875,0.549,-17.7,-97.3,-97.3,7,stop_loss,14.81807,0.00118,-0.80484,4.77361,london,2020
AUDUSD,1,2020-12-15 20:00:00,2020-12-16 03:00:00,0.75648,0.75463,0.75463,0.76019,0.5199,-18.5,-96.32,-96.32,7,stop_loss,14.09594,0.00124,2.528,4.21318,new_york,2020
AUDUSD,-1,2020-12-17 00:00:00,2020-12-17 07:00:00,0.75763,0.75934,0.75934,0.7542,0.5564,-17.1,-95.35,-95.35,7,stop_loss,21.94339,0.00114,2.03832,4.5906,tokyo,2020
AUDUSD,-1,2020-12-17 21:00:00,2020-12-18 07:00:00,0.76234,0.75906,0.76398,0.75906,0.5749,32.8,188.82,188.82,10,take_profit,32.36809,0.00109,3.31404,5.97273,new_york,2020
AUDUSD,1,2020-12-18 12:00:00,2020-12-18 22:00:00,0.75946,0.76194,0.75768,0.76302,0.5402,24.8,133.97,133.97,10,time_exit,21.63728,0.00119,-0.05816,5.20455,london,2020
AUDUSD,-1,2020-12-22 03:00:00,2020-12-22 13:00:00,0.75663,0.75512,0.75929,0.75132,0.3676,15.1,55.51,55.51,10,time_exit,22.37021,0.00177,-0.48241,1.59417,tokyo,2020
AUDUSD,-1,2020-12-24 05:00:00,2020-12-24 15:00:00,0.75908,0.76,0.76114,0.75496,0.4768,-9.2,-43.87,-43.87,10,time_exit,12.75577,0.00137,1.79915,1.074,tokyo,2020
AUDUSD,-1,2020-12-24 19:00:00,2020-12-28 08:00:00,0.75991,0.76156,0.76156,0.75661,0.5916,-16.5,-97.75,-97.75,10,stop_loss,15.065,0.0011,1.85672,1.96211,new_york,2020
AUDUSD,-1,2020-12-29 00:00:00,2020-12-29 05:00:00,0.75792,0.75973,0.75973,0.7543,0.5347,-18.1,-96.78,-96.78,5,stop_loss,27.96757,0.00121,-0.4848,1.78596,tokyo,2020
AUDUSD,1,2020-12-29 15:00:00,2020-12-30 01:00:00,0.76048,0.761,0.759,0.76343,0.6493,5.2,33.76,33.76,10,time_exit,15.8796,0.00098,1.39551,2.17032,london,2020
AUDUSD,1,2021-01-06 03:00:00,2021-01-06 04:00:00,0.77658,0.77427,0.77427,0.7812,0.416,-23.1,-96.15,-96.15,1,stop_loss,28.41828,0.00154,3.20156,4.07131,tokyo,2021
AUDUSD,-1,2021-01-06 09:00:00,2021-01-06 12:00:00,0.77875,0.78139,0.78139,0.77348,0.361,-26.4,-95.18,-95.18,3,stop_loss,26.26304,0.00176,3.49254,3.75857,london,2021
AUDUSD,1,2021-01-11 10:00:00,2021-01-11 16:00:00,0.76987,0.76717,0.76717,0.77526,0.3495,-27.0,-94.23,-94.23,6,stop_loss,33.04054,0.0018,-2.71123,1.93188,london,2021
AUDUSD,-1,2021-01-14 04:00:00,2021-01-14 11:00:00,0.77497,0.7769,0.7769,0.77111,0.4835,-19.3,-93.27,-93.28,7,stop_loss,11.53309,0.00129,0.6373,1.43267,tokyo,2021
AUDUSD,1,2021-01-15 08:00:00,2021-01-15 10:00:00,0.77541,0.77339,0.77339,0.77945,0.4576,-20.2,-92.35,-92.35,2,stop_loss,15.00955,0.00135,-0.39908,1.92207,tokyo,2021
AUDUSD,1,2021-01-18 08:00:00,2021-01-18 11:00:00,0.76899,0.76689,0.76689,0.77319,0.4358,-21.0,-91.42,-91.42,3,stop_loss,38.18925,0.0014,-2.76291,-0.04794,tokyo,2021
AUDUSD,1,2021-01-19 05:00:00,2021-01-19 15:00:00,0.7711,0.77163,0.76931,0.77468,0.5053,5.3,26.78,26.78,10,time_exit,31.58274,0.00119,0.61871,-1.41464,tokyo,2021
AUDUSD,1,2021-01-19 17:00:00,2021-01-20 03:00:00,0.77035,0.77096,0.76842,0.77421,0.4698,6.1,28.66,28.66,10,time_exit,26.15699,0.00129,-0.21786,-1.01699,new_york,2021
AUDUSD,1,2021-01-21 01:00:00,2021-01-21 11:00:00,0.77476,0.77735,0.77308,0.77811,0.5436,25.9,140.79,140.79,10,time_exit,36.41036,0.00112,2.18109,0.16369,tokyo,2021
AUDUSD,-1,2021-01-21 21:00:00,2021-01-22 07:00:00,0.77539,0.77454,0.77731,0.77155,0.4813,8.5,40.91,40.91,10,time_exit,26.91275,0.00128,0.66464,1.29945,new_york,2021
AUDUSD,1,2021-01-22 11:00:00,2021-01-22 12:00:00,0.7737,0.77204,0.77204,0.77703,0.5581,-16.6,-92.88,-92.88,1,stop_loss,22.92206,0.00111,-0.88732,1.38042,london,2021
AUDUSD,-1,2021-01-25 21:00:00,2021-01-26 07:00:00,0.77123,0.76887,0.77324,0.76721,0.4578,23.6,108.04,108.04,10,time_exit,22.88764,0.00134,-1.13337,-0.07677,new_york,2021
AUDUSD,1,2021-01-26 21:00:00,2021-01-27 07:00:00,0.77466,0.77442,0.77271,0.77857,0.476,-2.4,-11.42,-11.43,10,time_exit,28.83392,0.0013,2.01995,-0.37371,new_york,2021
AUDUSD,-1,2021-01-29 01:00:00,2021-01-29 11:00:00,0.76752,0.76456,0.77009,0.76238,0.3615,29.6,107.0,107.0,10,time_exit,35.12954,0.00171,0.14668,-1.92155,tokyo,2021
AUDUSD,1,2021-02-02 01:00:00,2021-02-02 11:00:00,0.7626,0.76187,0.76029,0.76722,0.4072,-7.3,-29.73,-29.73,10,time_exit,19.77478,0.00154,-1.17898,-2.5056,tokyo,2021
AUDUSD,1,2021-02-03 00:00:00,2021-02-03 10:00:00,0.76066,0.7615,0.75825,0.76547,0.3892,8.4,32.69,32.69,10,time_exit,23.4022,0.0016,-0.77569,-2.88114,tokyo,2021
AUDUSD,-1,2021-02-03 19:00:00,2021-02-04 03:00:00,0.76214,0.76407,0.76407,0.75827,0.4864,-19.3,-94.02,-94.02,8,stop_loss,10.70698,0.00129,0.27668,-3.10251,new_york,2021
AUDUSD,1,2021-02-05 14:00:00,2021-02-05 16:00:00,0.76072,0.76392,0.75912,0.76392,0.5823,32.0,186.17,186.16,2,take_profit,20.23565,0.00107,-0.32398,-2.93373,london,2021
AUDUSD,1,2021-02-08 09:00:00,2021-02-08 11:00:00,0.76757,0.76603,0.76603,0.77066,0.6149,-15.4,-94.94,-94.95,2,stop_loss,39.13262,0.00103,3.41976,-0.5201,london,2021
AUDUSD,-1,2021-02-09 08:00:00,2021-02-09 18:00:00,0.77276,0.77236,0.77424,0.76981,0.6367,4.0,25.47,25.47,10,time_exit,42.94862,0.00098,5.06867,2.14341,tokyo,2021
AUDUSD,-1,2021-02-15 06:00:00,2021-02-15 16:00:00,0.77835,0.77712,0.77981,0.77542,0.6436,12.3,79.16,79.16,10,time_exit,21.9821,0.00098,3.71481,3.94169,tokyo,2021
AUDUSD,-1,2021-02-16 03:00:00,2021-02-16 04:00:00,0.77865,0.77986,0.77986,0.77623,0.7856,-12.1,-95.04,-95.04,1,stop_loss,17.1688,0.00081,2.49824,5.45559,tokyo,2021
AUDUSD,-1,2021-02-17 11:00:00,2021-02-17 15:00:00,0.77662,0.77276,0.77855,0.77276,0.4877,38.6,188.17,188.16,4,take_profit,26.90987,0.00129,0.21716,2.25268,london,2021
AUDUSD,-1,2021-02-17 22:00:00,2021-02-18 02:00:00,0.77486,0.77686,0.77686,0.77086,0.48,-20.0,-95.96,-95.96,4,stop_loss,22.1274,0.00133,-0.58966,1.57842,,2021
AUDUSD,1,2021-02-18 16:00:00,2021-02-18 17:00:00,0.77776,0.77585,0.77585,0.78157,0.4983,-19.1,-95.01,-95.02,1,stop_loss,18.01651,0.00127,1.31902,1.62927,new_york,2021
AUDUSD,-1,2021-02-22 07:00:00,2021-02-22 15:00:00,0.78765,0.78976,0.78976,0.78343,0.4462,-21.1,-94.06,-94.06,8,stop_loss,49.68682,0.00141,3.76625,3.99793,tokyo,2021
AUDUSD,-1,2021-02-23 01:00:00,2021-02-23 03:00:00,0.79141,0.79328,0.79328,0.78768,0.4986,-18.7,-93.11,-93.12,2,stop_loss,44.08466,0.00124,4.08697,5.96209,tokyo,2021
AUDUSD,1,2021-02-23 10:00:00,2021-02-23 11:00:00,0.79156,0.78974,0.78974,0.7952,0.5061,-18.2,-92.19,-92.19,1,stop_loss,43.18337,0.00121,2.93161,6.57439,london,2021
AUDUSD,-1,2021-02-24 19:00:00,2021-02-24 22:00:00,0.79336,0.79563,0.79563,0.78882,0.4021,-22.7,-91.27,-91.27,3,stop_loss,13.72565,0.00151,1.86045,4.86035,new_york,2021
AUDUSD,1,2021-02-25 01:00:00,2021-02-25 11:00:00,0.79628,0.80057,0.79414,0.80057,0.4214,42.9,180.73,180.72,10,take_profit,20.41643,0.00143,3.28904,5.373,tokyo,2021
AUDUSD,1,2021-02-25 19:00:00,2021-02-25 20:00:00,0.79524,0.79282,0.79282,0.80008,0.3811,-24.2,-92.17,-92.17,1,stop_loss,29.32238,0.00161,0.37844,5.26673,new_york,2021
AUDUSD,1,2021-02-26 07:00:00,2021-02-26 12:00:00,0.78301,0.77962,0.77962,0.78978,0.2694,-33.9,-91.25,-91.26,5,stop_loss,47.14273,0.00226,-3.80717,2.38309,tokyo,2021
AUDUSD,1,2021-02-26 13:00:00,2021-02-26 18:00:00,0.77668,0.773,0.773,0.78405,0.2453,-36.8,-90.34,-90.35,5,stop_loss,51.83383,0.00246,-5.19639,1.41974,london,2021
AUDUSD,-1,2021-03-01 03:00:00,2021-03-01 13:00:00,0.77469,0.77286,0.7787,0.76666,0.2228,18.3,40.77,40.77,10,time_exit,52.22301,0.00268,-2.93026,-0.6692,tokyo,2021
AUDUSD,1,2021-03-02 20:00:00,2021-03-03 06:00:00,0.78217,0.78214,0.77924,0.78803,0.3066,-0.3,-0.92,-0.92,10,time_exit,18.52569,0.00195,1.91846,-1.72657,new_york,2021
AUDUSD,1,2021-03-03 14:00:00,2021-03-03 15:00:00,0.7812,0.77901,0.77901,0.78558,0.4097,-21.9,-89.83,-89.83,1,stop_loss,18.89248,0.00146,0.52621,-1.00285,london,2021
AUDUSD,-1,2021-03-03 19:00:00,2021-03-04 01:00:00,0.78078,0.77563,0.78335,0.77563,0.3456,51.5,177.85,177.85,6,take_profit,18.73005,0.00172,0.27069,-0.86201,new_york,2021
AUDUSD,1,2021-03-05 11:00:00,2021-03-05 15:00:00,0.76775,0.76473,0.76473,0.77378,0.3007,-30.2,-90.69,-90.69,4,stop_loss,38.45897,0.00201,-3.88731,-2.06445,london,2021
AUDUSD,1,2021-03-08 04:00:00,2021-03-08 09:00:00,0.77092,0.76776,0.76776,0.77724,0.2843,-31.6,-89.79,-89.79,5,stop_loss,29.33309,0.00211,-0.53302,-2.79139,tokyo,2021
AUDUSD,1,2021-03-08 20:00:00,2021-03-09 00:00:00,0.76707,0.76387,0.76387,0.77348,0.2776,-32.0,-88.9,-88.9,4,stop_loss,24.13298,0.00214,-1.24071,-3.10452,new_york,2021
AUDUSD,-1,2021-03-09 15:00:00,2021-03-10 01:00:00,0.76987,0.77151,0.77275,0.76411,0.3056,-16.4,-50.12,-50.12,10,time_exit,20.49401,0.00192,0.80072,-3.31975,london,2021
AUDUSD,-1,2021-03-10 15:00:00,2021-03-10 16:00:00,0.77089,0.77315,0.77315,0.76636,0.3866,-22.6,-87.5,-87.5,1,stop_loss,15.2113,0.00151,1.04865,-2.90153,london,2021
AUDUSD,-1,2021-03-11 03:00:00,2021-03-11 07:00:00,0.77268,0.77495,0.77495,0.76813,0.381,-22.7,-86.64,-86.64,4,stop_loss,18.60627,0.00152,1.34193,-1.93788,tokyo,2021
AUDUSD,1,2021-03-11 19:00:00,2021-03-12 05:00:00,0.77729,0.77797,0.77483,0.7822,0.3492,6.8,23.75,23.74,10,time_exit,30.36699,0.00164,2.39621,-0.37557,new_york,2021
AUDUSD,1,2021-03-12 10:00:00,2021-03-12 13:00:00,0.77532,0.77331,0.77331,0.77935,0.4271,-20.1,-86.01,-86.01,3,stop_loss,21.60924,0.00134,-0.0802,0.65777,london,2021
AUDUSD,1,2021-03-12 15:00:00,2021-03-12 16:00:00,0.77525,0.77303,0.77303,0.7797,0.3829,-22.2,-85.15,-85.15,1,stop_loss,25.79452,0.00148,-0.01609,0.48576,london,2021
AUDUSD,-1,2021-03-15 01:00:00,2021-03-15 11:00:00,0.77559,0.77542,0.77782,0.77114,0.3786,1.7,6.44,6.43,10,time_exit,21.51403,0.00148,0.12041,0.51143,tokyo,2021
AUDUSD,1,2021-03-15 12:00:00,2021-03-15 14:00:00,0.77542,0.77324,0.77324,0.77979,0.3865,-21.8,-84.36,-84.36,2,stop_loss,20.64807,0.00146,0.16096,0.35307,london,2021
AUDUSD,-1,2021-03-15 20:00:00,2021-03-15 23:00:00,0.77364,0.77596,0.77596,0.76901,0.3605,-23.2,-83.5,-83.5,3,stop_loss,22.78178,0.00154,-0.72236,0.10501,new_york,2021
AUDUSD,1,2021-03-16 15:00:00,2021-03-17 01:00:00,0.77444,0.77453,0.77252,0.77828,0.4304,0.9,3.87,3.87,10,time_exit,23.75083,0.00128,-0.06122,-0.04016,london,2021
AUDUSD,1,2021-03-17 04:00:00,2021-03-17 14:00:00,0.77339,0.7717,0.7717,0.77677,0.4898,-16.9,-82.71,-82.71,10,stop_loss,19.74954,0.00113,-0.96469,-0.06197,tokyo,2021
AUDUSD,1,2021-03-17 18:00:00,2021-03-17 21:00:00,0.77136,0.77485,0.76961,0.77485,0.4687,34.9,163.79,163.79,3,take_profit,32.62443,0.00116,-2.00943,-0.5232,new_york,2021
AUDUSD,1,2021-03-23 07:00:00,2021-03-23 08:00:00,0.77132,0.76945,0.76945,0.77506,0.4471,-18.7,-83.53,-83.54,1,stop_loss,23.44255,0.00125,-2.19613,-0.62886,tokyo,2021
AUDUSD,1,2021-03-23 08:00:00,2021-03-23 09:00:00,0.77,0.76808,0.76808,0.77384,0.4311,-19.2,-82.69,-82.69,1,stop_loss,25.74676,0.00128,-3.04705,-0.69926,tokyo,2021
AUDUSD,1,2021-03-23 23:00:00,2021-03-24 02:00:00,0.76265,0.76025,0.76025,0.76744,0.3415,-24.0,-81.87,-81.87,3,stop_loss,43.37448,0.0016,-5.04594,-1.87404,,2021
AUDUSD,-1,2021-03-25 20:00:00,2021-03-26 04:00:00,0.75785,0.76027,0.76027,0.75302,0.3355,-24.2,-81.05,-81.06,8,stop_loss,25.71093,0.00161,-2.3036,-4.47696,new_york,2021
AUDUSD,1,2021-03-26 19:00:00,2021-03-29 05:00:00,0.76269,0.76423,0.76085,0.76636,0.4371,15.4,67.31,67.31,10,time_exit,25.73529,0.00122,1.18421,-4.81425,new_york,2021
AUDUSD,1,2021-03-29 22:00:00,2021-03-30 08:00:00,0.76294,0.76469,0.76094,0.76695,0.404,17.5,70.7,70.7,10,time_exit,16.61175,0.00134,0.11939,-2.60832,,2021
AUDUSD,-1,2021-03-31 08:00:00,2021-03-31 11:00:00,0.76008,0.76188,0.76188,0.75648,0.4533,-18.0,-81.62,-81.63,3,stop_loss,28.18731,0.0012,-1.30848,-2.7461,tokyo,2021
AUDUSD,1,2021-04-02 01:00:00,2021-04-02 11:00:00,0.76153,0.76128,0.75979,0.765,0.4651,-2.5,-11.63,-11.63,10,time_exit,25.51188,0.00116,1.49332,-2.83584,tokyo,2021
AUDUSD,-1,2021-04-02 18:00:00,2021-04-05 02:00:00,0.76033,0.76195,0.76195,0.75709,0.4987,-16.2,-80.69,-80.69,8,stop_loss,26.55873,0.00108,-0.45931,-1.93339,new_york,2021
AUDUSD,1,2021-04-05 10:00:00,2021-04-05 15:00:00,0.76052,0.76316,0.7592,0.76316,0.6052,26.4,159.76,159.76,5,take_profit,19.57774,0.00088,-0.43973,-1.94605,london,2021
AUDUSD,-1,2021-04-06 12:00:00,2021-04-06 16:00:00,0.76272,0.76444,0.76444,0.75928,0.4738,-17.2,-81.48,-81.48,4,stop_loss,19.92904,0.00115,-0.27932,0.05867,london,2021
AUDUSD,-1,2021-04-06 20:00:00,2021-04-07 06:00:00,0.76616,0.76528,0.76809,0.7623,0.4184,8.8,36.82,36.82,10,time_exit,21.16674,0.00129,2.21249,0.21043,new_york,2021
AUDUSD,1,2021-04-07 14:00:00,2021-04-07 21:00:00,0.76278,0.76089,0.76089,0.76657,0.4279,-18.9,-81.03,-81.03,7,stop_loss,20.28052,0.00126,-1.13846,0.62895,london,2021
AUDUSD,-1,2021-04-07 22:00:00,2021-04-08 07:00:00,0.76053,0.76265,0.76265,0.75628,0.3777,-21.2,-80.22,-80.22,9,stop_loss,17.12329,0.00142,-2.2153,0.24096,,2021
AUDUSD,-1,2021-04-08 13:00:00,2021-04-08 14:00:00,0.76287,0.76455,0.76455,0.75951,0.4729,-16.8,-79.41,-79.41,1,stop_loss,15.69538,0.00112,-0.11688,-0.12798,london,2021
AUDUSD,-1,2021-04-09 11:00:00,2021-04-09 14:00:00,0.76148,0.76342,0.76342,0.75759,0.4045,-19.4,-78.62,-78.62,3,stop_loss,24.86355,0.0013,-1.5595,0.14097,london,2021
AUDUSD,-1,2021-04-09 20:00:00,2021-04-12 06:00:00,0.76246,0.7609,0.76449,0.75841,0.3842,15.6,59.94,59.93,10,time_exit,23.44722,0.00135,-0.53119,-0.04109,new_york,2021
AUDUSD,1,2021-04-13 04:00:00,2021-04-13 07:00:00,0.76117,0.75969,0.75969,0.76412,0.5315,-14.8,-78.43,-78.43,3,stop_loss,16.53245,0.00098,-1.13848,-0.59433,tokyo,2021
AUDUSD,-1,2021-04-13 07:00:00,2021-04-13 11:00:00,0.75994,0.76144,0.76144,0.75693,0.5162,-15.0,-77.66,-77.66,4,stop_loss,18.98427,0.001,-2.16169,-0.70007,tokyo,2021
AUDUSD,1,2021-04-15 08:00:00,2021-04-15 10:00:00,0.7708,0.77434,0.76903,0.77434,0.4342,35.4,153.73,153.73,2,take_profit,40.26484,0.00118,2.26643,2.96954,tokyo,2021
AUDUSD,-1,2021-04-15 19:00:00,2021-04-16 05:00:00,0.77451,0.77293,0.77658,0.77038,0.3794,15.8,59.95,59.94,10,time_exit,45.07996,0.00138,2.98484,3.43422,new_york,2021
AUDUSD,1,2021-04-16 12:00:00,2021-04-16 22:00:00,0.77418,0.77318,0.77241,0.77772,0.447,-10.0,-44.7,-44.7,10,time_exit,24.42389,0.00118,1.58648,4.5045,london,2021
AUDUSD,1,2021-04-19 08:00:00,2021-04-19 11:00:00,0.77354,0.77681,0.77191,0.77681,0.4812,32.7,157.12,157.11,3,take_profit,15.66934,0.00109,0.73959,4.23929,tokyo,2021
AUDUSD,1,2021-04-21 05:00:00,2021-04-21 15:00:00,0.77177,0.77181,0.76963,0.77604,0.3753,0.4,1.5,1.5,10,time_exit,34.36625,0.00142,-2.24694,2.80369,tokyo,2021
AUDUSD,-1,2021-04-26 06:00:00,2021-04-26 13:00:00,0.77757,0.77933,0.77933,0.77406,0.4565,-17.6,-80.14,-80.14,7,stop_loss,14.41236,0.00117,3.01443,1.43218,tokyo,2021
AUDUSD,-1,2021-04-27 06:00:00,2021-04-27 16:00:00,0.77848,0.7771,0.78003,0.77538,0.5112,13.8,70.55,70.54,10,time_exit,28.91065,0.00103,1.20205,3.32244,tokyo,2021
AUDUSD,-1,2021-05-03 01:00:00,2021-05-03 03:00:00,0.77146,0.77324,0.77324,0.7679,0.4499,-17.8,-80.06,-80.06,2,stop_loss,36.74872,0.00119,-3.41736,0.12937,tokyo,2021
AUDUSD,-1,2021-05-04 22:00:00,2021-05-05 03:00:00,0.77074,0.77287,0.77287,0.76647,0.3712,-21.3,-79.25,-79.25,5,stop_loss,31.25909,0.00142,-1.70661,-0.9523,,2021
AUDUSD,1,2021-05-05 03:00:00,2021-05-05 13:00:00,0.77134,0.7737,0.76948,0.77505,0.4226,23.6,99.73,99.73,10,time_exit,32.29894,0.00124,-1.19857,-1.25127,tokyo,2021
AUDUSD,-1,2021-05-05 22:00:00,2021-05-06 05:00:00,0.77449,0.77108,0.77619,0.77108,0.4663,34.1,158.92,158.92,7,take_profit,13.92577,0.00114,1.15791,-0.89616,,2021
AUDUSD,-1,2021-05-07 16:00:00,2021-05-07 17:00:00,0.78201,0.78425,0.78425,0.77754,0.3625,-22.4,-81.04,-81.05,1,stop_loss,20.35927,0.00149,3.83534,0.8751,new_york,2021
AUDUSD,-1,2021-05-11 09:00:00,2021-05-11 19:00:00,0.78392,0.78388,0.78596,0.77983,0.3925,0.4,1.57,1.57,10,time_exit,26.41166,0.00136,0.5866,3.52834,london,2021
AUDUSD,-1,2021-05-13 02:00:00,2021-05-13 12:00:00,0.77305,0.77016,0.77541,0.76834,0.3404,28.9,98.38,98.37,10,time_exit,48.34373,0.00157,-4.05942,0.35134,tokyo,2021
AUDUSD,1,2021-05-14 13:00:00,2021-05-14 17:00:00,0.7736,0.77775,0.77153,0.77775,0.3917,41.5,162.47,162.47,4,take_profit,18.04756,0.00138,-0.52104,-1.92512,london,2021
AUDUSD,1,2021-05-17 02:00:00,2021-05-17 03:00:00,0.77776,0.77592,0.77592,0.78144,0.45,-18.4,-82.86,-82.86,1,stop_loss,34.15086,0.00123,1.85249,-1.22921,tokyo,2021
AUDUSD,1,2021-05-17 20:00:00,2021-05-18 06:00:00,0.77693,0.7796,0.77487,0.78106,0.3975,26.7,106.13,106.13,10,time_exit,15.75319,0.00138,0.97105,-0.86351,new_york,2021
AUDUSD,-1,2021-05-19 23:00:00,2021-05-20 08:00:00,0.77252,0.77507,0.77507,0.76743,0.3263,-25.5,-83.08,-83.08,9,stop_loss,29.88155,0.0017,-2.45837,-0.2251,,2021
AUDUSD,1,2021-05-21 17:00:00,2021-05-21 18:00:00,0.77584,0.77379,0.77379,0.77994,0.4011,-20.5,-82.27,-82.27,1,stop_loss,17.22682,0.00137,-0.18259,-0.37939,new_york,2021
AUDUSD,1,2021-05-21 19:00:00,2021-05-24 05:00:00,0.77305,0.77252,0.77085,0.77745,0.3701,-5.3,-19.62,-19.62,10,time_exit,18.35952,0.00147,-1.92123,-0.45352,new_york,2021
AUDUSD,-1,2021-05-24 12:00:00,2021-05-24 15:00:00,0.77188,0.77377,0.77377,0.76811,0.4308,-18.9,-81.25,-81.25,3,stop_loss,19.31659,0.00126,-1.99121,-1.24566,london,2021
AUDUSD,1,2021-06-02 18:00:00,2021-06-03 04:00:00,0.77506,0.77428,0.77335,0.77848,0.47,-7.8,-36.66,-36.66,10,time_exit,18.24726,0.00114,0.70528,-0.20347,new_york,2021
AUDUSD,1,2021-06-03 12:00:00,2021-06-03 15:00:00,0.77299,0.77149,0.77149,0.77599,0.5334,-15.0,-80.07,-80.07,3,stop_loss,18.49406,0.001,-1.1818,-0.27299,london,2021
AUDUSD,1,2021-06-04 05:00:00,2021-06-04 15:00:00,0.76556,0.76892,0.76388,0.76892,0.472,33.6,158.54,158.54,10,take_profit,40.61107,0.00112,-4.50331,-2.42187,tokyo,2021
AUDUSD,1,2021-06-09 00:00:00,2021-06-09 10:00:00,0.77388,0.77458,0.77254,0.77655,0.6045,7.0,42.32,42.31,10,time_exit,13.81002,0.00089,-0.25926,0.56759,tokyo,2021
AUDUSD,1,2021-06-11 19:00:00,2021-06-14 05:00:00,0.76953,0.77028,0.76766,0.77327,0.4343,7.5,32.57,32.57,10,time_exit,20.76552,0.00125,-3.68558,0.25687,new_york,2021
AUDUSD,1,2021-06-14 15:00:00,2021-06-15 01:00:00,0.77143,0.7712,0.76999,0.77432,0.5648,-2.3,-12.99,-12.99,10,time_exit,28.07687,0.00096,-0.91067,-0.99422,london,2021
AUDUSD,-1,2021-06-15 17:00:00,2021-06-16 03:00:00,0.7694,0.76871,0.77084,0.76653,0.5676,6.9,39.16,39.16,10,time_exit,23.15316,0.00096,-1.74252,-1.63156,new_york,2021
AUDUSD,-1,2021-06-18 01:00:00,2021-06-18 11:00:00,0.75514,0.75399,0.7574,0.75061,0.3615,11.5,41.57,41.57,10,time_exit,43.40822,0.00151,-4.69088,-4.34321,tokyo,2021
AUDUSD,1,2021-06-22 04:00:00,2021-06-22 08:00:00,0.75265,0.75085,0.75085,0.75625,0.4566,-18.0,-82.27,-82.28,4,stop_loss,20.99225,0.0012,-0.5928,-7.21308,tokyo,2021
AUDUSD,1,2021-06-23 05:00:00,2021-06-23 14:00:00,0.75414,0.7578,0.75231,0.7578,0.4448,36.6,162.91,162.91,9,take_profit,22.0284,0.00122,0.74261,-5.53434,tokyo,2021
AUDUSD,-1,2021-06-23 23:00:00,2021-06-24 09:00:00,0.75718,0.75808,0.759,0.75355,0.4575,-9.0,-41.18,-41.18,10,time_exit,36.63655,0.00121,1.68356,-3.56467,,2021
AUDUSD,-1,2021-06-25 17:00:00,2021-06-28 00:00:00,0.76104,0.75817,0.76247,0.75817,0.5767,28.7,165.34,165.34,7,take_profit,32.4973,0.00096,3.0665,-1.05114,new_york,2021
AUDUSD,1,2021-06-28 01:00:00,2021-06-28 11:00:00,0.75845,0.75847,0.75697,0.76141,0.5702,0.2,1.14,1.14,10,time_exit,23.9819,0.00099,0.07021,-0.75201,tokyo,2021
AUDUSD,1,2021-06-29 00:00:00,2021-06-29 06:00:00,0.75652,0.75507,0.75507,0.75942,0.5822,-14.5,-84.33,-84.34,6,stop_loss,19.63007,0.00097,-1.33945,-0.96108,tokyo,2021
AUDUSD,-1,2021-06-29 11:00:00,2021-06-29 14:00:00,0.75469,0.75185,0.75611,0.75185,0.5873,28.4,166.97,166.97,3,take_profit,24.87758,0.00095,-2.61067,-1.42682,london,2021
AUDUSD,1,2021-06-29 19:00:00,2021-06-30 05:00:00,0.75167,0.75226,0.74994,0.75513,0.4926,5.9,29.06,29.06,10,time_exit,38.42147,0.00115,-3.58529,-1.95474,new_york,2021
AUDUSD,1,2021-07-02 07:00:00,2021-07-02 10:00:00,0.74635,0.74506,0.74506,0.74893,0.6627,-12.9,-85.45,-85.45,3,stop_loss,27.11,0.00086,-3.10798,-5.84613,tokyo,2021
AUDUSD,1,2021-07-05 21:00:00,2021-07-06 05:00:00,0.75294,0.75566,0.75158,0.75566,0.6221,27.2,169.19,169.19,8,take_profit,30.09192,0.00091,2.06689,-2.23282,new_york,2021
AUDUSD,1,2021-07-06 08:00:00,2021-07-06 09:00:00,0.75599,0.75924,0.75436,0.75924,0.531,32.5,172.59,172.59,1,take_profit,29.52069,0.00108,3.41075,-0.84733,tokyo,2021
AUDUSD,1,2021-07-06 15:00:00,2021-07-06 16:00:00,0.75741,0.75559,0.75559,0.76105,0.4832,-18.2,-88.01,-88.01,1,stop_loss,32.35268,0.00121,3.08917,0.10654,london,2021
AUDUSD,-1,2021-07-08 04:00:00,2021-07-08 10:00:00,0.74687,0.74301,0.7488,0.74301,0.4518,38.6,174.27,174.27,6,take_profit,19.60544,0.00129,-2.74552,-1.5203,tokyo,2021
AUDUSD,1,2021-07-09 08:00:00,2021-07-09 12:00:00,0.74201,0.74563,0.7402,0.74563,0.4906,36.2,177.75,177.75,4,take_profit,35.11906,0.00121,-2.93018,-3.83241,tokyo,2021
AUDUSD,-1,2021-07-09 17:00:00,2021-07-09 22:00:00,0.74724,0.74917,0.74917,0.74337,0.469,-19.3,-90.65,-90.65,5,stop_loss,29.17303,0.00129,1.37942,-3.32145,new_york,2021
AUDUSD,1,2021-07-12 13:00:00,2021-07-12 17:00:00,0.74606,0.74929,0.74445,0.74929,0.5563,32.3,179.49,179.49,4,take_profit,21.56184,0.00108,-0.6128,-2.49498,london,2021
AUDUSD,1,2021-07-15 09:00:00,2021-07-15 13:00:00,0.74758,0.74594,0.74594,0.75086,0.5588,-16.4,-91.54,-91.54,4,stop_loss,15.10041,0.00109,0.72226,-1.26367,london,2021
AUDUSD,-1,2021-07-15 22:00:00,2021-07-16 01:00:00,0.74171,0.74355,0.74355,0.73804,0.4933,-18.4,-90.62,-90.62,3,stop_loss,22.32105,0.00122,-3.30953,-1.58164,,2021
AUDUSD,-1,2021-07-19 03:00:00,2021-07-19 11:00:00,0.7388,0.73571,0.74034,0.73571,0.5809,30.9,179.43,179.43,8,take_profit,34.63138,0.00103,-3.86155,-3.32,tokyo,2021
AUDUSD,1,2021-07-19 11:00:00,2021-07-19 12:00:00,0.73674,0.73517,0.73517,0.73988,0.5829,-15.7,-91.51,-91.52,1,stop_loss,42.23412,0.00105,-4.50114,-3.93339,london,2021
AUDUSD,1,2021-07-20 14:00:00,2021-07-21 00:00:00,0.73192,0.73295,0.72982,0.73611,0.4321,10.3,44.51,44.5,10,time_exit,32.46907,0.0014,-2.98383,-4.74642,london,2021
AUDUSD,-1,2021-07-21 22:00:00,2021-07-22 08:00:00,0.73568,0.73559,0.73754,0.73197,0.4904,0.9,4.41,4.41,10,time_exit,26.90431,0.00124,1.61996,-5.05817,,2021
AUDUSD,-1,2021-07-23 01:00:00,2021-07-23 11:00:00,0.73793,0.73706,0.74008,0.73363,0.4237,8.7,36.86,36.86,10,time_exit,22.47261,0.00143,0.15172,-2.31842,tokyo,2021
AUDUSD,-1,2021-07-23 14:00:00,2021-07-26 00:00:00,0.73764,0.73635,0.73947,0.73398,0.4997,12.9,64.46,64.46,10,time_exit,16.01357,0.00122,0.90626,-2.02224,london,2021
AUDUSD,1,2021-07-26 18:00:00,2021-07-27 04:00:00,0.7389,0.73808,0.73692,0.74287,0.4641,-8.2,-38.06,-38.06,10,time_exit,24.52599,0.00132,2.01668,-1.57539,new_york,2021
AUDUSD,-1,2021-07-27 10:00:00,2021-07-27 11:00:00,0.73654,0.73375,0.73793,0.73375,0.6577,27.9,183.45,183.45,1,take_profit,16.94075,0.00093,-0.52781,-1.31208,london,2021
AUDUSD,1,2021-07-27 19:00:00,2021-07-28 05:00:00,0.73675,0.73667,0.73451,0.74123,0.4175,-0.8,-3.34,-3.34,10,time_exit,21.87212,0.00149,-0.04336,-0.85115,new_york,2021
AUDUSD,-1,2021-07-28 06:00:00,2021-07-28 15:00:00,0.73667,0.73317,0.73842,0.73317,0.5344,35.0,187.06,187.06,9,take_profit,18.34982,0.00117,0.03897,-1.08437,tokyo,2021
AUDUSD,-1,2021-07-29 02:00:00,2021-07-29 11:00:00,0.73754,0.7397,0.7397,0.73322,0.4414,-21.6,-95.39,-95.39,9,stop_loss,24.19476,0.00144,1.07744,-1.0019,tokyo,2021
AUDUSD,-1,2021-07-30 20:00:00,2021-08-02 06:00:00,0.73434,0.73419,0.73636,0.73029,0.4669,1.5,7.0,7.0,10,time_exit,17.95883,0.00135,-2.4962,-0.0338,new_york,2021
AUDUSD,-1,2021-08-02 06:00:00,2021-08-02 11:00:00,0.73418,0.73597,0.73597,0.73061,0.5291,-17.9,-94.5,-94.51,5,stop_loss,23.78371,0.00119,-1.95238,-0.75108,tokyo,2021
AUDUSD,1,2021-08-03 19:00:00,2021-08-04 05:00:00,0.73848,0.74055,0.73646,0.74251,0.464,20.7,96.05,96.05,10,time_exit,21.32163,0.00134,0.88938,-0.02955,new_york,2021
AUDUSD,1,2021-08-04 15:00:00,2021-08-04 17:00:00,0.74114,0.73951,0.73951,0.74441,0.5786,-16.3,-94.52,-94.52,2,stop_loss,15.76865,0.00109,1.94285,1.06539,london,2021
AUDUSD,1,2021-08-05 17:00:00,2021-08-06 03:00:00,0.74003,0.73925,0.73843,0.74322,0.5867,-7.8,-45.76,-45.76,10,time_exit,14.13675,0.00106,0.7091,1.02125,new_york,2021
AUDUSD,1,2021-08-09 15:00:00,2021-08-09 17:00:00,0.73554,0.73398,0.73398,0.73866,0.5964,-15.6,-93.11,-93.12,2,stop_loss,32.36744,0.00104,-1.15138,-0.98889,london,2021
AUDUSD,1,2021-08-17 11:00:00,2021-08-17 16:00:00,0.72888,0.72727,0.72727,0.73209,0.5744,-16.1,-92.2,-92.2,5,stop_loss,39.07181,0.00107,-4.19792,-1.66919,london,2021
AUDUSD,-1,2021-08-18 00:00:00,2021-08-18 05:00:00,0.72496,0.72653,0.72653,0.72182,0.5808,-15.7,-91.26,-91.26,5,stop_loss,55.23568,0.00105,-4.89195,-3.35173,tokyo,2021
AUDUSD,-1,2021-08-18 06:00:00,2021-08-18 16:00:00,0.72625,0.72519,0.72785,0.72305,0.5639,10.6,59.77,59.77,10,time_exit,58.14675,0.00107,-3.09375,-3.81664,tokyo,2021
AUDUSD,1,2021-08-18 23:00:00,2021-08-19 03:00:00,0.72385,0.72207,0.72207,0.72741,0.5108,-17.8,-90.95,-90.96,4,stop_loss,53.37636,0.00119,-2.81045,-4.27826,,2021
AUDUSD,-1,2021-08-19 07:00:00,2021-08-19 10:00:00,0.72046,0.7168,0.72229,0.7168,0.4918,36.6,180.1,180.1,3,take_profit,40.045,0.00122,-4.37629,-4.66146,tokyo,2021
AUDUSD,1,2021-08-19 23:00:00,2021-08-20 04:00:00,0.71473,0.71266,0.71266,0.71887,0.444,-20.7,-91.84,-91.85,5,stop_loss,57.10572,0.00138,-4.856,-5.71724,,2021
AUDUSD,-1,2021-08-20 06:00:00,2021-08-20 16:00:00,0.71333,0.71463,0.71521,0.70957,0.4832,-13.0,-62.82,-62.82,10,time_exit,59.27786,0.00125,-5.06323,-6.8552,tokyo,2021
AUDUSD,-1,2021-08-23 13:00:00,2021-08-23 16:00:00,0.71753,0.71928,0.71928,0.71403,0.5165,-17.5,-90.3,-90.31,3,stop_loss,21.7779,0.00117,1.25453,-7.26513,london,2021
AUDUSD,-1,2021-08-24 01:00:00,2021-08-24 08:00:00,0.72102,0.72249,0.72249,0.71807,0.607,-14.7,-89.39,-89.39,7,stop_loss,36.31166,0.00098,3.38,-6.46614,tokyo,2021
AUDUSD,-1,2021-08-25 03:00:00,2021-08-25 12:00:00,0.72484,0.72626,0.72626,0.722,0.6225,-14.2,-88.51,-88.51,9,stop_loss,44.59555,0.00095,3.05802,-2.1965,tokyo,2021
AUDUSD,-1,2021-08-25 15:00:00,2021-08-25 19:00:00,0.72521,0.72672,0.72672,0.72219,0.5805,-15.1,-87.62,-87.62,4,stop_loss,26.95795,0.00101,2.12998,-1.03647,london,2021
AUDUSD,1,2021-08-26 19:00:00,2021-08-27 03:00:00,0.72487,0.72329,0.72329,0.72804,0.5481,-15.8,-86.74,-86.74,8,stop_loss,20.9262,0.00106,-0.25119,0.4702,new_york,2021
AUDUSD,-1,2021-08-27 04:00:00,2021-08-27 05:00:00,0.72276,0.72412,0.72412,0.72004,0.6323,-13.6,-85.88,-85.88,1,stop_loss,31.56772,0.00091,-2.1895,0.18807,tokyo,2021
AUDUSD,1,2021-08-27 11:00:00,2021-08-27 16:00:00,0.72533,0.72399,0.72399,0.72801,0.6335,-13.4,-85.02,-85.02,5,stop_loss,27.30256,0.00089,0.75508,0.10969,london,2021
AUDUSD,-1,2021-08-30 05:00:00,2021-08-30 15:00:00,0.73085,0.72939,0.73249,0.72756,0.512,14.6,74.75,74.75,10,time_exit,30.43123,0.0011,3.31503,1.70089,tokyo,2021
AUDUSD,1,2021-08-31 16:00:00,2021-08-31 17:00:00,0.73242,0.73091,0.73091,0.73544,0.5614,-15.1,-84.91,-84.91,1,stop_loss,28.96489,0.00101,2.43861,3.06623,new_york,2021
AUDUSD,-1,2021-08-31 17:00:00,2021-09-01 03:00:00,0.73108,0.7311,0.73267,0.72789,0.5274,-0.2,-1.05,-1.06,10,time_exit,27.55934,0.00106,1.00248,2.91083,new_york,2021
AUDUSD,1,2021-09-01 03:00:00,2021-09-01 10:00:00,0.73177,0.73445,0.73043,0.73445,0.6269,26.8,168.09,168.09,7,take_profit,18.1135,0.00089,1.46871,3.4945,tokyo,2021
AUDUSD,-1,2021-09-03 00:00:00,2021-09-03 08:00:00,0.73984,0.74113,0.74113,0.73726,0.6645,-12.9,-85.73,-85.73,8,stop_loss,45.86849,0.00086,4.07593,6.78885,tokyo,2021
AUDUSD,-1,2021-09-03 11:00:00,2021-09-03 15:00:00,0.74296,0.74432,0.74432,0.74024,0.6242,-13.6,-84.87,-84.87,4,stop_loss,42.91351,0.00091,5.24206,6.97783,london,2021
AUDUSD,-1,2021-09-07 01:00:00,2021-09-07 03:00:00,0.74369,0.7449,0.7449,0.74127,0.6943,-12.1,-84.03,-84.03,2,stop_loss,16.70215,0.00081,1.32677,8.56248,tokyo,2021
AUDUSD,-1,2021-09-08 14:00:00,2021-09-09 00:00:00,0.73749,0.73654,0.73912,0.73423,0.5108,9.5,48.53,48.52,10,time_exit,31.14606,0.00109,-2.30644,2.78098,london,2021
AUDUSD,-1,2021-09-09 00:00:00,2021-09-09 10:00:00,0.73618,0.73791,0.73791,0.73272,0.483,-17.3,-83.67,-83.68,10,stop_loss,30.59659,0.00115,-2.11765,1.77392,tokyo,2021
AUDUSD,1,2021-09-09 19:00:00,2021-09-10 04:00:00,0.73804,0.73619,0.73619,0.74174,0.4479,-18.5,-82.84,-82.84,9,stop_loss,20.12656,0.00123,0.04102,0.78887,new_york,2021
AUDUSD,1,2021-09-10 19:00:00,2021-09-13 00:00:00,0.73662,0.73483,0.73483,0.74021,0.4569,-17.9,-82.0,-82.0,5,stop_loss,18.56763,0.0012,-1.33163,0.80546,new_york,2021
AUDUSD,-1,2021-09-13 09:00:00,2021-09-13 15:00:00,0.73475,0.73644,0.73644,0.73138,0.4812,-16.9,-81.19,-81.19,6,stop_loss,18.23255,0.00112,-2.14936,0.09806,london,2021
AUDUSD,1,2021-09-14 00:00:00,2021-09-14 06:00:00,0.73657,0.73491,0.73491,0.7399,0.483,-16.6,-80.37,-80.37,6,stop_loss,11.32695,0.00111,0.33057,-0.16565,tokyo,2021
AUDUSD,1,2021-09-17 07:00:00,2021-09-17 17:00:00,0.72952,0.72802,0.72802,0.73253,0.5292,-15.0,-79.56,-79.57,10,stop_loss,29.75977,0.001,-1.63548,-3.05601,tokyo,2021
AUDUSD,-1,2021-09-17 21:00:00,2021-09-20 05:00:00,0.72673,0.72328,0.72846,0.72328,0.4563,34.5,157.55,157.54,8,take_profit,23.66646,0.00115,-3.2212,-2.75702,new_york,2021
AUDUSD,-1,2021-09-22 07:00:00,2021-09-22 17:00:00,0.72398,0.72574,0.72604,0.71986,0.39,-17.6,-68.64,-68.64,10,time_exit,26.62928,0.00137,-0.94315,-3.27992,tokyo,2021
AUDUSD,-1,2021-09-23 17:00:00,2021-09-24 03:00:00,0.72992,0.73103,0.7323,0.72517,0.3351,-11.1,-37.2,-37.2,10,time_exit,33.00359,0.00158,2.73772,-1.86951,new_york,2021
AUDUSD,-1,2021-09-24 13:00:00,2021-09-24 23:00:00,0.72651,0.72539,0.72845,0.72262,0.4079,11.2,45.68,45.68,10,time_exit,28.7959,0.0013,-0.87668,-0.79921,london,2021
AUDUSD,-1,2021-09-27 07:00:00,2021-09-27 17:00:00,0.72782,0.72816,0.72957,0.72432,0.4556,-3.4,-15.49,-15.49,10,time_exit,19.13351,0.00117,0.72526,-1.11023,tokyo,2021
AUDUSD,-1,2021-09-28 09:00:00,2021-09-28 10:00:00,0.73094,0.72755,0.73263,0.72755,0.4701,33.9,159.18,159.17,1,take_profit,16.90524,0.00113,2.69577,-0.31052,london,2021
AUDUSD,-1,2021-09-29 17:00:00,2021-09-30 03:00:00,0.72001,0.71909,0.72229,0.71546,0.3567,9.2,32.82,32.81,10,time_exit,32.90418,0.00152,-3.3281,-1.35941,new_york,2021
AUDUSD,1,2021-09-30 18:00:00,2021-10-01 04:00:00,0.72226,0.72264,0.72002,0.72674,0.3639,3.8,13.83,13.83,10,time_exit,25.72368,0.00149,0.35626,-2.50795,new_york,2021
AUDUSD,1,2021-10-01 10:00:00,2021-10-01 12:00:00,0.72025,0.72415,0.7183,0.72415,0.4182,39.0,163.3,163.3,2,take_profit,21.6596,0.0013,-1.27545,-2.35777,london,2021
AUDUSD,1,2021-10-01 13:00:00,2021-10-01 23:00:00,0.72342,0.72612,0.72128,0.72771,0.3885,27.0,104.9,104.89,10,time_exit,20.23796,0.00143,1.0364,-2.05802,london,2021
AUDUSD,-1,2021-10-04 15:00:00,2021-10-05 01:00:00,0.72888,0.72921,0.73093,0.72478,0.4117,-3.3,-13.59,-13.59,10,time_exit,17.43311,0.00137,2.8342,-0.1912,london,2021
AUDUSD,-1,2021-10-05 09:00:00,2021-10-05 11:00:00,0.72571,0.72755,0.72755,0.72202,0.4566,-18.4,-84.19,-84.19,2,stop_loss,19.42023,0.00123,-0.68721,0.64661,london,2021
AUDUSD,-1,2021-10-06 11:00:00,2021-10-06 15:00:00,0.72329,0.72514,0.72514,0.71959,0.451,-18.5,-83.36,-83.36,4,stop_loss,24.9919,0.00123,-3.12121,0.7807,london,2021
AUDUSD,1,2021-10-07 11:00:00,2021-10-07 21:00:00,0.72941,0.731,0.72761,0.73302,0.4573,15.9,72.71,72.71,10,time_exit,22.75802,0.0012,1.88935,0.68976,london,2021
AUDUSD,-1,2021-10-11 00:00:00,2021-10-11 04:00:00,0.73054,0.73223,0.73223,0.72716,0.4927,-16.9,-83.26,-83.26,4,stop_loss,25.10621,0.00113,0.9486,1.99635,tokyo,2021
AUDUSD,-1,2021-10-12 17:00:00,2021-10-13 03:00:00,0.73658,0.73396,0.73852,0.7327,0.4244,26.2,111.19,111.19,10,time_exit,24.77496,0.00129,1.95773,3.13634,new_york,2021
AUDUSD,1,2021-10-14 11:00:00,2021-10-14 21:00:00,0.74011,0.74177,0.73852,0.7433,0.524,16.6,86.98,86.98,10,time_exit,11.82268,0.00106,3.43543,4.01446,london,2021
AUDUSD,-1,2021-10-15 15:00:00,2021-10-18 01:00:00,0.74184,0.74339,0.74339,0.73875,0.546,-15.5,-84.4,-84.41,10,stop_loss,27.53453,0.00103,1.71794,5.38672,london,2021
AUDUSD,1,2021-10-18 04:00:00,2021-10-18 09:00:00,0.74108,0.7393,0.7393,0.74465,0.4682,-17.8,-83.56,-83.56,5,stop_loss,18.03181,0.00119,0.26726,4.49487,tokyo,2021
AUDUSD,-1,2021-10-18 15:00:00,2021-10-18 17:00:00,0.73869,0.74043,0.74043,0.7352,0.4746,-17.4,-82.73,-82.73,2,stop_loss,20.28617,0.00116,-1.50102,3.9099,london,2021
AUDUSD,-1,2021-10-18 22:00:00,2021-10-19 04:00:00,0.74172,0.74339,0.74339,0.73838,0.491,-16.7,-81.88,-81.89,6,stop_loss,15.84417,0.00111,1.03818,3.91213,,2021
AUDUSD,-1,2021-10-19 09:00:00,2021-10-19 18:00:00,0.74639,0.74796,0.74796,0.74326,0.5178,-15.7,-81.07,-81.08,9,stop_loss,23.0677,0.00104,4.61338,4.40632,london,2021
AUDUSD,1,2021-10-19 23:00:00,2021-10-20 09:00:00,0.7476,0.74822,0.7461,0.7506,0.5343,6.2,33.13,33.12,10,time_exit,37.31515,0.001,3.54852,5.73632,,2021
AUDUSD,-1,2021-10-22 03:00:00,2021-10-22 04:00:00,0.74633,0.74806,0.74806,0.74287,0.466,-17.3,-80.59,-80.59,1,stop_loss,27.47126,0.00115,-1.8022,4.87888,tokyo,2021
AUDUSD,1,2021-10-25 03:00:00,2021-10-25 11:00:00,0.74685,0.75049,0.74503,0.75049,0.4388,36.4,159.56,159.55,8,take_profit,23.99168,0.00121,-0.99827,3.45367,tokyo,2021
AUDUSD,1,2021-10-26 04:00:00,2021-10-26 14:00:00,0.74969,0.75134,0.74826,0.75255,0.5695,16.5,93.97,93.97,10,time_exit,10.51674,0.00095,1.12468,3.81,tokyo,2021
AUDUSD,-1,2021-10-29 05:00:00,2021-10-29 15:00:00,0.75422,0.75223,0.75614,0.75037,0.4279,19.9,85.15,85.15,10,time_exit,15.00337,0.00128,1.58903,2.859,tokyo,2021
AUDUSD,1,2021-10-29 17:00:00,2021-10-29 18:00:00,0.75199,0.75014,0.75014,0.75568,0.4506,-18.5,-83.18,-83.18,1,stop_loss,13.26,0.00123,-0.60936,2.95513,new_york,2021
AUDUSD,-1,2021-11-02 22:00:00,2021-11-03 08:00:00,0.74259,0.74396,0.74452,0.73872,0.4257,-13.7,-58.32,-58.32,10,time_exit,45.31232,0.00129,-4.9656,-0.2474,,2021
AUDUSD,-1,2021-11-04 19:00:00,2021-11-05 05:00:00,0.74022,0.73857,0.74228,0.73611,0.3978,16.5,65.64,65.63,10,time_exit,28.64778,0.00137,-2.91441,-2.1822,new_york,2021
AUDUSD,-1,2021-11-05 10:00:00,2021-11-05 18:00:00,0.73869,0.74039,0.74039,0.73529,0.485,-17.0,-82.41,-82.41,8,stop_loss,33.91965,0.00113,-3.01788,-3.55622,london,2021
AUDUSD,1,2021-11-05 19:00:00,2021-11-08 03:00:00,0.74064,0.73867,0.73867,0.74459,0.4132,-19.7,-81.6,-81.6,8,stop_loss,28.84776,0.00132,-0.25686,-3.40197,new_york,2021
AUDUSD,1,2021-11-09 22:00:00,2021-11-10 07:00:00,0.73786,0.73604,0.73604,0.74151,0.4429,-18.2,-80.78,-80.78,9,stop_loss,26.27704,0.00122,-2.07239,-2.54451,,2021
AUDUSD,-1,2021-11-10 20:00:00,2021-11-11 04:00:00,0.73545,0.73118,0.73758,0.73118,0.3749,42.7,159.92,159.92,8,take_profit,29.07303,0.00142,-1.93279,-2.76349,new_york,2021
AUDUSD,1,2021-11-11 13:00:00,2021-11-11 23:00:00,0.7295,0.72907,0.72745,0.7336,0.3978,-4.3,-17.11,-17.11,10,time_exit,36.26875,0.00137,-3.88149,-4.15305,london,2021
AUDUSD,1,2021-11-11 23:00:00,2021-11-12 09:00:00,0.72888,0.73064,0.72713,0.73238,0.4657,17.6,81.96,81.96,10,time_exit,32.50757,0.00117,-3.66652,-5.41442,,2021
AUDUSD,1,2021-11-12 14:00:00,2021-11-12 19:00:00,0.72961,0.7326,0.72811,0.7326,0.5498,29.9,164.44,164.43,5,take_profit,22.02518,0.001,-1.7825,-6.66415,london,2021
AUDUSD,-1,2021-11-15 21:00:00,2021-11-16 07:00:00,0.73552,0.73404,0.73689,0.73279,0.6135,14.8,90.8,90.8,10,time_exit,39.71854,0.00091,1.99978,-3.64541,new_york,2021
AUDUSD,-1,2021-11-16 20:00:00,2021-11-17 05:00:00,0.73055,0.72701,0.73232,0.72701,0.4792,35.4,169.53,169.53,9,take_profit,24.55604,0.00118,-2.65084,-2.29875,new_york,2021
AUDUSD,1,2021-11-17 23:00:00,2021-11-18 09:00:00,0.72665,0.72898,0.72492,0.73011,0.4995,23.3,116.38,116.38,10,time_exit,41.5306,0.00115,-2.94734,-3.85762,,2021
AUDUSD,-1,2021-11-19 04:00:00,2021-11-19 11:00:00,0.72783,0.72483,0.72933,0.72483,0.584,30.0,175.26,175.25,7,take_profit,18.11563,0.001,-0.41053,-4.46899,tokyo,2021
AUDUSD,1,2021-11-19 16:00:00,2021-11-22 02:00:00,0.72451,0.72323,0.72259,0.72834,0.4665,-12.8,-59.71,-59.71,10,time_exit,26.32072,0.00128,-2.23286,-3.59602,new_york,2021
AUDUSD,-1,2021-11-22 21:00:00,2021-11-23 07:00:00,0.72289,0.72154,0.72468,0.71931,0.4956,13.5,66.91,66.9,10,time_exit,18.78211,0.00119,-2.11983,-3.90111,new_york,2021
AUDUSD,-1,2021-11-24 04:00:00,2021-11-24 14:00:00,0.72214,0.72027,0.72369,0.71905,0.5783,18.7,108.14,108.14,10,time_exit,15.2427,0.00103,-0.98023,-4.69063,tokyo,2021
AUDUSD,1,2021-11-24 21:00:00,2021-11-25 07:00:00,0.71894,0.72012,0.71729,0.72225,0.5476,11.8,64.62,64.61,10,time_exit,27.35216,0.0011,-2.59503,-4.54628,new_york,2021
AUDUSD,1,2021-11-26 01:00:00,2021-11-26 02:00:00,0.71868,0.71756,0.71756,0.72092,0.8135,-11.2,-91.17,-91.18,1,stop_loss,22.63625,0.00075,-1.7899,-6.64052,tokyo,2021
AUDUSD,1,2021-11-30 01:00:00,2021-11-30 07:00:00,0.71381,0.71207,0.71207,0.71729,0.5183,-17.4,-90.26,-90.27,6,stop_loss,21.2806,0.00116,-0.67971,-5.2664,tokyo,2021
AUDUSD,1,2021-11-30 08:00:00,2021-11-30 15:00:00,0.71035,0.71427,0.70839,0.71427,0.4562,39.2,178.72,178.72,7,take_profit,19.5996,0.00131,-3.14702,-4.4517,tokyo,2021
AUDUSD,-1,2021-12-01 15:00:00,2021-12-01 17:00:00,0.71437,0.7166,0.7166,0.7099,0.408,-22.3,-91.16,-91.16,2,stop_loss,12.70113,0.00149,0.15652,-2.94633,london,2021
AUDUSD,-1,2021-12-03 11:00:00,2021-12-03 15:00:00,0.70582,0.70754,0.70754,0.70238,0.5245,-17.2,-90.25,-90.25,4,stop_loss,30.26913,0.00115,-3.77609,-4.81297,london,2021
AUDUSD,-1,2021-12-03 18:00:00,2021-12-06 04:00:00,0.70154,0.70176,0.70371,0.6972,0.4112,-2.2,-9.05,-9.05,10,time_exit,30.22891,0.00145,-5.01807,-4.21332,new_york,2021
AUDUSD,1,2021-12-06 18:00:00,2021-12-07 04:00:00,0.70472,0.70527,0.70292,0.70833,0.4945,5.5,27.2,27.2,10,time_exit,24.46625,0.0012,-0.07232,-6.13378,new_york,2021
AUDUSD,1,2021-12-07 06:00:00,2021-12-07 10:00:00,0.70656,0.70989,0.7049,0.70989,0.5384,33.3,179.03,179.03,4,take_profit,31.31997,0.00111,1.48436,-5.85773,tokyo,2021
AUDUSD,-1,2021-12-07 21:00:00,2021-12-08 04:00:00,0.71092,0.71282,0.71282,0.70712,0.4801,-19.0,-91.31,-91.31,7,stop_loss,43.43196,0.00127,2.9471,-3.13394,new_york,2021
AUDUSD,1,2021-12-08 23:00:00,2021-12-09 03:00:00,0.71761,0.71583,0.71583,0.72118,0.507,-17.8,-90.4,-90.4,4,stop_loss,40.25969,0.00119,4.82578,0.05812,,2021
AUDUSD,1,2021-12-09 04:00:00,2021-12-09 13:00:00,0.71627,0.71463,0.71463,0.71955,0.5452,-16.4,-89.49,-89.49,9,stop_loss,36.39541,0.00109,3.22599,0.6249,tokyo,2021
AUDUSD,-1,2021-12-13 14:00:00,2021-12-14 00:00:00,0.71381,0.71312,0.71545,0.71053,0.5405,6.9,37.29,37.29,10,time_exit,22.46598,0.00109,-1.44766,1.5972,london,2021
AUDUSD,-1,2021-12-14 04:00:00,2021-12-14 10:00:00,0.71121,0.71283,0.71283,0.70798,0.5503,-16.2,-88.97,-88.97,6,stop_loss,29.9969,0.00108,-2.8043,0.66173,tokyo,2021
AUDUSD,-1,2021-12-14 17:00:00,2021-12-15 03:00:00,0.71256,0.71112,0.71455,0.70858,0.443,14.4,63.79,63.79,10,time_exit,23.95851,0.00133,-0.50088,-0.04638,new_york,2021
AUDUSD,-1,2021-12-15 06:00:00,2021-12-15 09:00:00,0.71086,0.71236,0.71236,0.70785,0.5898,-15.0,-88.71,-88.72,3,stop_loss,23.3788,0.001,-1.3526,-0.791,tokyo,2021
AUDUSD,-1,2021-12-16 12:00:00,2021-12-16 22:00:00,0.72012,0.7181,0.7224,0.71556,0.3856,20.2,77.89,77.89,10,time_exit,14.46034,0.00152,3.75865,0.62784,london,2021
AUDUSD,-1,2021-12-20 06:00:00,2021-12-20 16:00:00,0.71146,0.71192,0.71321,0.70797,0.5076,-4.6,-23.35,-23.35,10,time_exit,41.87733,0.00116,-2.97449,0.51571,tokyo,2021
AUDUSD,-1,2021-12-21 04:00:00,2021-12-21 12:00:00,0.71184,0.71352,0.71352,0.70848,0.5263,-16.8,-88.37,-88.38,8,stop_loss,33.83325,0.00112,-0.66235,-0.94314,tokyo,2021
AUDUSD,1,2021-12-22 07:00:00,2021-12-22 12:00:00,0.71326,0.71595,0.71191,0.71595,0.6501,26.9,175.0,174.99,5,take_profit,20.21123,0.0009,-0.06272,-0.30758,tokyo,2021
AUDUSD,-1,2021-12-22 15:00:00,2021-12-22 16:00:00,0.71694,0.7184,0.7184,0.71401,0.61,-14.6,-89.24,-89.24,1,stop_loss,21.33802,0.00098,3.24172,0.08032,london,2021
AUDUSD,-1,2021-12-24 01:00:00,2021-12-24 11:00:00,0.7238,0.72431,0.72521,0.72099,0.6277,-5.1,-32.01,-32.01,10,time_exit,32.23884,0.00094,3.48226,4.60896,tokyo,2021
AUDUSD,-1,2021-12-28 01:00:00,2021-12-28 11:00:00,0.72344,0.72474,0.72474,0.72084,0.6762,-13.0,-88.03,-88.04,10,stop_loss,16.00157,0.00087,0.9164,4.58806,tokyo,2021
AUDUSD,-1,2021-12-28 18:00:00,2021-12-29 04:00:00,0.72292,0.72248,0.72447,0.71981,0.5609,4.4,24.68,24.68,10,time_exit,15.74153,0.00104,-0.53201,3.78989,new_york,2021
AUDUSD,-1,2021-12-29 14:00:00,2021-12-29 16:00:00,0.72259,0.72415,0.72415,0.71946,0.5592,-15.6,-87.4,-87.4,2,stop_loss,25.87748,0.00104,-0.41153,2.80285,london,2021
AUDUSD,-1,2021-12-29 21:00:00,2021-12-30 07:00:00,0.72504,0.72497,0.72693,0.72127,0.4588,0.7,3.21,3.21,10,time_exit,24.30725,0.00126,1.355,2.34526,new_york,2021
AUDUSD,-1,2021-12-30 18:00:00,2021-12-31 04:00:00,0.72547,0.72555,0.72718,0.72205,0.5068,-0.8,-4.05,-4.06,10,time_exit,24.34717,0.00114,0.62405,2.931,new_york,2021
AUDUSD,-1,2021-12-31 10:00:00,2021-12-31 11:00:00,0.72597,0.7272,0.7272,0.72351,0.7039,-12.3,-86.51,-86.52,1,stop_loss,20.4454,0.00082,1.10031,3.74307,london,2021
AUDUSD,1,2022-01-03 13:00:00,2022-01-03 15:00:00,0.72497,0.72343,0.72343,0.72804,0.5571,-15.4,-85.65,-85.66,2,stop_loss,17.79857,0.00102,-0.5411,2.66173,london,2022
AUDUSD,-1,2022-01-03 20:00:00,2022-01-04 06:00:00,0.71965,0.72109,0.72147,0.71601,0.4655,-14.4,-67.03,-67.03,10,time_exit,31.11514,0.00121,-3.95457,1.44339,new_york,2022
AUDUSD,-1,2022-01-05 09:00:00,2022-01-05 11:00:00,0.7232,0.72477,0.72477,0.72006,0.5361,-15.7,-84.12,-84.12,2,stop_loss,16.65704,0.00105,0.40315,0.34059,london,2022
AUDUSD,-1,2022-01-07 20:00:00,2022-01-10 06:00:00,0.7178,0.71919,0.71995,0.71349,0.3869,-13.9,-53.78,-53.78,10,time_exit,32.4338,0.00144,0.01926,-2.00244,new_york,2022
AUDUSD,1,2022-01-10 06:00:00,2022-01-10 15:00:00,0.71902,0.71737,0.71737,0.72231,0.5023,-16.5,-82.75,-82.75,9,stop_loss,21.35728,0.0011,0.91303,-2.2132,tokyo,2022
AUDUSD,-1,2022-01-10 15:00:00,2022-01-11 01:00:00,0.71758,0.718,0.71926,0.71422,0.4874,-4.2,-20.47,-20.47,10,time_exit,16.38581,0.00112,-0.66085,-1.78453,london,2022
AUDUSD,1,2022-01-11 01:00:00,2022-01-11 11:00:00,0.71713,0.71845,0.71554,0.72031,0.5145,13.2,67.91,67.91,10,time_exit,22.67205,0.00106,-0.6936,-2.01252,tokyo,2022
AUDUSD,-1,2022-01-11 16:00:00,2022-01-11 17:00:00,0.71652,0.71826,0.71826,0.71303,0.4726,-17.4,-82.39,-82.39,1,stop_loss,16.88981,0.00116,-1.2425,-1.52504,new_york,2022
AUDUSD,-1,2022-01-12 17:00:00,2022-01-12 19:00:00,0.72633,0.72815,0.72815,0.72268,0.4475,-18.2,-81.57,-81.58,2,stop_loss,18.4555,0.00122,5.05744,0.08377,new_york,2022
AUDUSD,1,2022-01-13 00:00:00,2022-01-13 10:00:00,0.72844,0.73054,0.72669,0.73194,0.4614,21.0,96.89,96.89,10,time_exit,37.90716,0.00117,5.34845,1.3138,tokyo,2022
AUDUSD,-1,2022-01-18 06:00:00,2022-01-18 08:00:00,0.71862,0.72029,0.72029,0.71528,0.4897,-16.7,-81.72,-81.72,2,stop_loss,18.44662,0.00111,-3.45606,-0.09105,tokyo,2022
AUDUSD,1,2022-01-19 05:00:00,2022-01-19 15:00:00,0.71888,0.72219,0.71723,0.72219,0.4891,33.1,161.81,161.81,10,take_profit,20.63015,0.0011,-1.20162,-1.44032,tokyo,2022
AUDUSD,-1,2022-01-20 05:00:00,2022-01-20 15:00:00,0.72368,0.72554,0.72554,0.71996,0.4432,-18.6,-82.51,-82.52,10,stop_loss,24.96329,0.00124,2.0724,-0.47815,tokyo,2022
AUDUSD,1,2022-01-20 19:00:00,2022-01-20 21:00:00,0.72646,0.72454,0.72454,0.7303,0.4257,-19.2,-81.7,-81.7,2,stop_loss,33.48398,0.00128,3.02813,0.40479,new_york,2022
AUDUSD,-1,2022-01-26 06:00:00,2022-01-26 16:00:00,0.71583,0.71677,0.71777,0.71195,0.4169,-9.4,-39.19,-39.19,10,time_exit,23.61461,0.00129,0.36153,-2.5695,tokyo,2022
AUDUSD,1,2022-01-26 18:00:00,2022-01-26 21:00:00,0.71599,0.71426,0.71426,0.71946,0.464,-17.3,-80.49,-80.5,3,stop_loss,29.04572,0.00116,0.16059,-2.27051,new_york,2022
AUDUSD,-1,2022-01-26 22:00:00,2022-01-27 03:00:00,0.71256,0.70789,0.7149,0.70789,0.3409,46.7,159.34,159.34,5,take_profit,26.57664,0.00156,-2.03142,-1.64857,,2022
AUDUSD,-1,2022-01-27 04:00:00,2022-01-27 14:00:00,0.70818,0.70752,0.71057,0.7034,0.3398,6.6,22.43,22.42,10,time_exit,37.5415,0.00159,-4.05716,-2.0089,tokyo,2022
AUDUSD,-1,2022-01-27 22:00:00,2022-01-28 08:00:00,0.70254,0.70339,0.70512,0.69738,0.3161,-8.5,-26.87,-26.87,10,time_exit,49.29181,0.00172,-4.61044,-3.25679,,2022
AUDUSD,1,2022-01-28 10:00:00,2022-01-28 12:00:00,0.70178,0.69968,0.69968,0.70598,0.387,-21.0,-81.22,-81.22,2,stop_loss,45.84425,0.0014,-4.2443,-4.90077,london,2022
AUDUSD,1,2022-02-01 06:00:00,2022-02-01 09:00:00,0.7038,0.70795,0.70173,0.70795,0.388,41.5,160.83,160.83,3,take_profit,23.31604,0.00138,-0.76593,-4.12848,tokyo,2022
AUDUSD,-1,2022-02-03 07:00:00,2022-02-03 15:00:00,0.71187,0.71353,0.71353,0.70856,0.4951,-16.6,-82.02,-82.03,8,stop_loss,16.45945,0.0011,0.25714,0.35208,tokyo,2022
AUDUSD,1,2022-02-04 15:00:00,2022-02-04 16:00:00,0.70917,0.70732,0.70732,0.71287,0.4386,-18.5,-81.21,-81.21,1,stop_loss,26.02657,0.00123,-2.54071,0.54447,london,2022
AUDUSD,1,2022-02-07 15:00:00,2022-02-08 01:00:00,0.71073,0.71274,0.70885,0.71448,0.4285,20.1,86.13,86.13,10,time_exit,23.86076,0.00125,0.6728,-0.78314,london,2022
AUDUSD,-1,2022-02-08 03:00:00,2022-02-08 13:00:00,0.7133,0.71226,0.71497,0.70996,0.4868,10.4,50.63,50.63,10,time_exit,32.98359,0.00111,2.33912,-0.24458,tokyo,2022
AUDUSD,-1,2022-02-08 14:00:00,2022-02-08 21:00:00,0.71225,0.71413,0.71413,0.70848,0.4343,-18.8,-81.77,-81.77,7,stop_loss,26.27138,0.00126,0.70141,0.17205,london,2022
AUDUSD,-1,2022-02-15 05:00:00,2022-02-15 15:00:00,0.71402,0.71449,0.71627,0.70951,0.3593,-4.7,-16.89,-16.89,10,time_exit,11.8004,0.0015,0.45142,-0.12872,tokyo,2022
AUDUSD,1,2022-02-15 15:00:00,2022-02-16 01:00:00,0.71374,0.71483,0.71134,0.71853,0.3371,10.9,36.74,36.74,10,time_exit,13.74423,0.0016,0.30443,-0.14903,london,2022
AUDUSD,-1,2022-02-16 09:00:00,2022-02-16 19:00:00,0.71699,0.71818,0.7188,0.71337,0.4481,-11.9,-53.32,-53.33,10,time_exit,9.44144,0.00121,2.33515,0.37709,london,2022
AUDUSD,1,2022-02-18 01:00:00,2022-02-18 11:00:00,0.71841,0.7215,0.71615,0.72294,0.3559,30.9,109.97,109.97,10,time_exit,13.56983,0.00151,0.15328,1.80119,tokyo,2022
AUDUSD,-1,2022-02-21 05:00:00,2022-02-21 15:00:00,0.72054,0.72051,0.72266,0.71629,0.3846,0.3,1.15,1.15,10,time_exit,14.53031,0.00142,1.17913,1.73103,tokyo,2022
AUDUSD,1,2022-02-22 03:00:00,2022-02-22 13:00:00,0.71973,0.72222,0.71776,0.72366,0.4155,24.9,103.46,103.46,10,time_exit,15.79386,0.00131,0.07801,1.87037,tokyo,2022
AUDUSD,1,2022-02-22 16:00:00,2022-02-23 02:00:00,0.72154,0.72269,0.7194,0.72582,0.3866,11.5,44.46,44.46,10,time_exit,13.92479,0.00143,1.05564,1.7166,new_york,2022
AUDUSD,1,2022-02-23 03:00:00,2022-02-23 11:00:00,0.72269,0.72662,0.72072,0.72662,0.4234,39.3,166.4,166.39,8,take_profit,13.40644,0.00131,1.49236,2.0502,tokyo,2022
AUDUSD,1,2022-02-23 12:00:00,2022-02-23 17:00:00,0.72649,0.72456,0.72456,0.73035,0.4396,-19.3,-84.87,-84.87,5,stop_loss,28.27581,0.00129,3.71227,2.46132,london,2022
AUDUSD,-1,2022-02-24 06:00:00,2022-02-24 16:00:00,0.71854,0.71425,0.72083,0.71396,0.3668,42.9,157.36,157.35,10,time_exit,26.87852,0.00153,-2.58012,2.0259,tokyo,2022
AUDUSD,-1,2022-02-25 02:00:00,2022-02-25 06:00:00,0.71602,0.71894,0.71894,0.71019,0.2934,-29.2,-85.59,-85.59,4,stop_loss,44.69338,0.00194,-1.50331,0.06549,tokyo,2022
AUDUSD,1,2022-02-28 00:00:00,2022-02-28 10:00:00,0.71589,0.71972,0.71336,0.72095,0.3348,38.3,128.23,128.23,10,time_exit,23.50164,0.00169,1.555,0.54671,tokyo,2022
AUDUSD,1,2022-02-28 14:00:00,2022-03-01 00:00:00,0.72151,0.72596,0.71897,0.72658,0.339,44.5,150.86,150.85,10,time_exit,20.02499,0.00169,1.07826,0.33323,london,2022
AUDUSD,-1,2022-03-04 06:00:00,2022-03-04 07:00:00,0.73359,0.73608,0.73608,0.7286,0.3511,-24.9,-87.52,-87.53,1,stop_loss,17.54611,0.00166,2.11108,3.21999,tokyo,2022
AUDUSD,-1,2022-03-04 08:00:00,2022-03-04 18:00:00,0.73549,0.73616,0.73801,0.73044,0.3432,-6.7,-22.99,-23.0,10,time_exit,18.83383,0.00168,2.94843,3.30361,tokyo,2022
AUDUSD,1,2022-03-07 00:00:00,2022-03-07 03:00:00,0.73714,0.74234,0.73454,0.74234,0.3323,52.0,172.85,172.85,3,take_profit,17.38733,0.00173,2.50636,3.77096,tokyo,2022
AUDUSD,-1,2022-03-10 01:00:00,2022-03-10 08:00:00,0.7316,0.73358,0.73358,0.72765,0.4458,-19.8,-88.15,-88.15,7,stop_loss,25.53236,0.00132,0.41237,1.33629,tokyo,2022
AUDUSD,1,2022-03-10 11:00:00,2022-03-10 21:00:00,0.7333,0.73649,0.73113,0.73763,0.4029,31.9,128.53,128.52,10,time_exit,17.31729,0.00144,1.27569,1.29356,london,2022
AUDUSD,1,2022-03-10 21:00:00,2022-03-11 03:00:00,0.73608,0.73391,0.73391,0.74041,0.4089,-21.7,-88.54,-88.54,6,stop_loss,23.68511,0.00144,2.43709,1.72532,new_york,2022
AUDUSD,-1,2022-03-11 14:00:00,2022-03-14 00:00:00,0.73262,0.72887,0.73484,0.72818,0.3953,37.5,148.24,148.24,10,time_exit,16.97879,0.00148,-0.42689,1.71859,london,2022
AUDUSD,1,2022-03-15 18:00:00,2022-03-15 19:00:00,0.72164,0.71922,0.71922,0.72649,0.3676,-24.2,-89.14,-89.14,1,stop_loss,32.98905,0.00162,-0.93287,-2.8033,new_york,2022
AUDUSD,-1,2022-03-18 00:00:00,2022-03-18 09:00:00,0.73748,0.73982,0.73982,0.7328,0.3774,-23.4,-88.25,-88.25,9,stop_loss,38.76963,0.00156,4.71445,1.41479,tokyo,2022
AUDUSD,1,2022-03-18 17:00:00,2022-03-21 03:00:00,0.73795,0.74163,0.73562,0.7426,0.3754,36.8,138.15,138.15,10,time_exit,30.92351,0.00155,2.47112,2.94602,new_york,2022
AUDUSD,1,2022-03-21 04:00:00,2022-03-21 09:00:00,0.74163,0.73958,0.73958,0.74573,0.4325,-20.5,-88.75,-88.75,5,stop_loss,26.38974,0.00137,3.7363,4.23734,tokyo,2022
AUDUSD,-1,2022-03-21 22:00:00,2022-03-22 08:00:00,0.7391,0.73911,0.74139,0.73453,0.3843,-0.1,-0.38,-0.39,10,time_exit,17.11904,0.00152,0.53404,3.96269,,2022
AUDUSD,-1,2022-03-22 20:00:00,2022-03-22 22:00:00,0.74397,0.7461,0.7461,0.73971,0.4126,-21.3,-87.87,-87.87,2,stop_loss,23.99379,0.00142,2.7992,4.26035,new_york,2022
AUDUSD,1,2022-03-23 13:00:00,2022-03-23 16:00:00,0.74765,0.74561,0.74561,0.75174,0.4258,-20.4,-86.98,-86.98,3,stop_loss,28.41019,0.00136,3.34364,5.30456,london,2022
AUDUSD,-1,2022-03-24 16:00:00,2022-03-24 17:00:00,0.74928,0.75146,0.75146,0.74493,0.3956,-21.8,-86.12,-86.12,1,stop_loss,19.90994,0.00145,1.74384,5.41523,new_york,2022
AUDUSD,-1,2022-03-24 18:00:00,2022-03-25 04:00:00,0.75243,0.75234,0.75485,0.7476,0.3527,0.9,3.17,3.17,10,time_exit,19.77994,0.00161,3.32859,4.93103,new_york,2022
AUDUSD,-1,2022-03-25 05:00:00,2022-03-25 15:00:00,0.75234,0.75174,0.75446,0.7481,0.4019,6.0,24.11,24.11,10,time_exit,24.38581,0.00141,2.72357,5.73982,tokyo,2022
AUDUSD,1,2022-03-28 09:00:00,2022-03-28 16:00:00,0.75169,0.74959,0.74959,0.75589,0.4076,-21.0,-85.52,-85.52,7,stop_loss,10.00749,0.0014,0.84199,5.33529,london,2022
AUDUSD,-1,2022-03-29 02:00:00,2022-03-29 09:00:00,0.74954,0.75164,0.75164,0.74535,0.404,-21.0,-84.67,-84.67,7,stop_loss,14.68442,0.0014,-0.51002,4.32703,tokyo,2022
AUDUSD,1,2022-03-30 20:00:00,2022-03-31 06:00:00,0.75162,0.7493,0.7493,0.75626,0.3616,-23.2,-83.83,-83.83,10,stop_loss,7.71772,0.00155,0.45132,2.9131,new_york,2022
AUDUSD,1,2022-03-31 15:00:00,2022-04-01 01:00:00,0.74826,0.74888,0.74624,0.75231,0.4101,6.2,25.43,25.42,10,time_exit,11.77469,0.00135,-1.33806,2.32284,london,2022
AUDUSD,1,2022-04-04 08:00:00,2022-04-04 18:00:00,0.75101,0.75457,0.74923,0.75457,0.4678,35.6,166.47,166.47,10,take_profit,13.39692,0.00119,1.0328,1.63195,tokyo,2022
AUDUSD,-1,2022-04-04 20:00:00,2022-04-05 06:00:00,0.75401,0.75388,0.75591,0.75022,0.4478,1.3,5.82,5.82,10,time_exit,22.36849,0.00126,2.56569,1.90807,new_york,2022
AUDUSD,-1,2022-04-07 11:00:00,2022-04-07 21:00:00,0.74857,0.7484,0.75074,0.74423,0.3918,1.7,6.66,6.66,10,time_exit,42.40669,0.00145,-3.38391,1.23668,london,2022
AUDUSD,1,2022-04-12 02:00:00,2022-04-12 04:00:00,0.74218,0.74036,0.74036,0.74583,0.4663,-18.2,-85.03,-85.03,2,stop_loss,27.15223,0.00122,-2.24919,-3.05326,tokyo,2022
AUDUSD,1,2022-04-13 13:00:00,2022-04-13 15:00:00,0.7425,0.74024,0.74024,0.74702,0.3728,-22.6,-84.19,-84.19,2,stop_loss,18.7191,0.00151,-1.55081,-1.74132,london,2022
AUDUSD,-1,2022-04-14 08:00:00,2022-04-14 16:00:00,0.74586,0.74186,0.74786,0.74186,0.4167,40.0,166.66,166.66,8,take_profit,15.34359,0.00133,0.94502,-1.72665,tokyo,2022
AUDUSD,1,2022-04-18 03:00:00,2022-04-18 04:00:00,0.73965,0.73856,0.73856,0.74183,0.7805,-10.9,-85.01,-85.01,1,stop_loss,30.72449,0.00073,-2.16424,-4.96248,tokyo,2022
AUDUSD,1,2022-04-18 16:00:00,2022-04-18 17:00:00,0.73714,0.73583,0.73583,0.73976,0.6417,-13.1,-84.15,-84.15,1,stop_loss,28.67583,0.00087,-2.5762,-5.08544,new_york,2022
AUDUSD,-1,2022-04-18 23:00:00,2022-04-19 03:00:00,0.73482,0.73625,0.73625,0.73195,0.5809,-14.3,-83.31,-83.32,4,stop_loss,27.54923,0.00096,-3.76578,-5.07256,,2022
AUDUSD,-1,2022-04-20 09:00:00,2022-04-20 13:00:00,0.74244,0.74445,0.74445,0.73841,0.4094,-20.1,-82.48,-82.48,4,stop_loss,14.23019,0.00134,3.00359,-2.44194,london,2022
AUDUSD,-1,2022-04-21 18:00:00,2022-04-22 04:00:00,0.73972,0.73589,0.74201,0.73514,0.3566,38.3,136.58,136.58,10,time_exit,14.34326,0.00153,-1.64149,-0.0336,new_york,2022
AUDUSD,-1,2022-04-22 06:00:00,2022-04-22 09:00:00,0.73575,0.73185,0.7377,0.73185,0.4255,39.0,166.03,166.02,3,take_profit,38.12501,0.0013,-3.34718,-1.18783,tokyo,2022
AUDUSD,-1,2022-04-25 11:00:00,2022-04-25 21:00:00,0.71806,0.71661,0.72075,0.71267,0.3145,14.5,45.6,45.6,10,time_exit,76.08363,0.0018,-5.89021,-4.88187,london,2022
AUDUSD,-1,2022-04-26 02:00:00,2022-04-26 06:00:00,0.71826,0.72097,0.72097,0.71284,0.314,-27.1,-85.13,-85.14,4,stop_loss,43.96322,0.00181,-2.75103,-6.23255,tokyo,2022
AUDUSD,1,2022-04-26 11:00:00,2022-04-26 17:00:00,0.7184,0.7156,0.7156,0.724,0.3012,-28.0,-84.27,-84.28,6,stop_loss,30.03886,0.00187,-2.07492,-5.8869,london,2022
AUDUSD,-1,2022-04-27 15:00:00,2022-04-28 01:00:00,0.71366,0.71247,0.71655,0.70787,0.2883,11.9,34.31,34.31,10,time_exit,20.69736,0.00193,-2.18621,-5.77488,london,2022
AUDUSD,-1,2022-04-29 08:00:00,2022-04-29 14:00:00,0.71445,0.71724,0.71724,0.70886,0.2998,-27.9,-83.78,-83.78,6,stop_loss,18.33502,0.00186,1.11242,-5.70872,tokyo,2022
AUDUSD,1,2022-04-29 19:00:00,2022-04-29 22:00:00,0.71017,0.70688,0.70688,0.71675,0.2523,-32.9,-82.96,-82.96,3,stop_loss,20.28331,0.00219,-1.38496,-4.08001,new_york,2022
AUDUSD,-1,2022-05-02 02:00:00,2022-05-02 12:00:00,0.70697,0.70728,0.70994,0.70102,0.2762,-3.1,-8.56,-8.56,10,time_exit,26.8653,0.00198,-2.43414,-4.72753,tokyo,2022
AUDUSD,1,2022-05-02 20:00:00,2022-05-03 05:00:00,0.70395,0.70988,0.70098,0.70988,0.2765,59.3,164.06,164.06,9,take_profit,23.808,0.00198,-2.31133,-5.08427,new_york,2022
AUDUSD,1,2022-05-03 12:00:00,2022-05-03 22:00:00,0.7099,0.70961,0.70645,0.71681,0.2422,-2.9,-7.02,-7.03,10,time_exit,30.05287,0.0023,0.67793,-3.75026,london,2022
AUDUSD,1,2022-05-04 09:00:00,2022-05-04 19:00:00,0.71093,0.71507,0.70858,0.71563,0.3561,41.4,147.43,147.42,10,time_exit,17.26547,0.00157,0.96069,-4.00388,london,2022
AUDUSD,1,2022-05-06 03:00:00,2022-05-06 04:00:00,0.71198,0.70875,0.70875,0.71845,0.263,-32.3,-85.08,-85.08,1,stop_loss,35.81633,0.00216,-1.4733,-0.49237,tokyo,2022
AUDUSD,-1,2022-05-06 17:00:00,2022-05-06 18:00:00,0.70696,0.71085,0.71085,0.69919,0.2167,-38.9,-84.23,-84.23,1,stop_loss,29.33458,0.00259,-2.16083,-1.04904,new_york,2022
AUDUSD,-1,2022-05-09 08:00:00,2022-05-09 18:00:00,0.70084,0.6989,0.70413,0.69426,0.2536,19.4,49.2,49.2,10,time_exit,28.26582,0.00219,-3.81079,-2.15829,tokyo,2022
AUDUSD,1,2022-05-09 18:00:00,2022-05-09 21:00:00,0.69808,0.69491,0.69491,0.70441,0.265,-31.7,-83.88,-83.88,3,stop_loss,33.12168,0.00211,-3.89329,-3.0229,new_york,2022
AUDUSD,-1,2022-05-10 05:00:00,2022-05-10 06:00:00,0.69316,0.69649,0.69649,0.68651,0.2496,-33.3,-83.03,-83.03,1,stop_loss,34.51449,0.00222,-4.14065,-3.82639,tokyo,2022
AUDUSD,-1,2022-05-11 12:00:00,2022-05-11 15:00:00,0.70042,0.69475,0.70325,0.69475,0.2901,56.7,164.4,164.39,3,take_profit,16.09925,0.00189,1.53174,-4.87359,london,2022
AUDUSD,-1,2022-05-11 19:00:00,2022-05-12 05:00:00,0.69936,0.69195,0.70409,0.68989,0.1772,74.1,131.31,131.3,10,time_exit,18.11298,0.00316,0.39835,-2.59112,new_york,2022
AUDUSD,-1,2022-05-13 11:00:00,2022-05-13 19:00:00,0.68982,0.69314,0.69314,0.68319,0.2567,-33.2,-85.15,-85.15,8,stop_loss,24.01324,0.00221,-0.16835,-4.6666,london,2022
AUDUSD,-1,2022-05-16 15:00:00,2022-05-16 20:00:00,0.69217,0.6952,0.6952,0.6861,0.2779,-30.3,-84.33,-84.33,5,stop_loss,15.17942,0.00202,0.69257,-3.66678,london,2022
AUDUSD,-1,2022-05-19 05:00:00,2022-05-19 06:00:00,0.69637,0.6991,0.6991,0.69091,0.3058,-27.3,-83.47,-83.47,1,stop_loss,22.20766,0.00182,-1.29864,-0.08631,tokyo,2022
AUDUSD,-1,2022-05-20 22:00:00,2022-05-20 23:00:00,0.70189,0.70476,0.70476,0.69615,0.2878,-28.7,-82.65,-82.65,1,stop_loss,19.52683,0.00191,-0.42531,1.20988,,2022
AUDUSD,-1,2022-05-24 07:00:00,2022-05-24 17:00:00,0.70878,0.7071,0.71104,0.70425,0.3612,16.8,60.68,60.68,10,time_exit,21.99096,0.00151,0.80051,3.11214,tokyo,2022
AUDUSD,-1,2022-05-25 01:00:00,2022-05-25 11:00:00,0.7107,0.70805,0.71338,0.70534,0.3074,26.5,81.46,81.46,10,time_exit,14.0456,0.00179,1.42673,2.43058,tokyo,2022
AUDUSD,1,2022-05-25 12:00:00,2022-05-25 14:00:00,0.70805,0.70538,0.70538,0.71338,0.312,-26.7,-83.22,-83.22,2,stop_loss,12.60188,0.00178,-0.45244,2.46779,london,2022
AUDUSD,-1,2022-05-25 22:00:00,2022-05-26 08:00:00,0.7092,0.70618,0.71218,0.70325,0.2768,30.2,83.59,83.59,10,time_exit,16.52433,0.00198,0.54738,1.73692,,2022
AUDUSD,1,2022-05-26 21:00:00,2022-05-27 07:00:00,0.70907,0.71429,0.70638,0.71444,0.3099,52.2,161.77,161.77,10,time_exit,15.39366,0.00179,0.41009,1.60732,new_york,2022
AUDUSD,1,2022-05-27 13:00:00,2022-05-27 23:00:00,0.7142,0.71594,0.71197,0.71865,0.381,17.4,66.29,66.29,10,time_exit,26.86308,0.00148,2.72406,2.51896,london,2022
AUDUSD,1,2022-05-30 04:00:00,2022-05-30 14:00:00,0.71615,0.71858,0.71432,0.7198,0.4682,24.3,113.77,113.77,10,time_exit,35.87373,0.00122,2.98895,3.98753,tokyo,2022
AUDUSD,1,2022-05-31 13:00:00,2022-05-31 15:00:00,0.71833,0.71648,0.71648,0.72202,0.4695,-18.5,-86.65,-86.65,2,stop_loss,24.44678,0.00123,1.05769,5.10349,london,2022
AUDUSD,-1,2022-06-02 10:00:00,2022-06-02 14:00:00,0.71803,0.72044,0.72044,0.71322,0.3564,-24.1,-85.78,-85.78,4,stop_loss,18.1999,0.0016,0.25635,2.67585,london,2022
AUDUSD,-1,2022-06-03 01:00:00,2022-06-03 11:00:00,0.72634,0.72607,0.72852,0.72197,0.3888,2.7,10.5,10.5,10,time_exit,31.79749,0.00146,4.12106,3.86413,tokyo,2022
AUDUSD,-1,2022-06-03 17:00:00,2022-06-06 03:00:00,0.72389,0.72007,0.72601,0.71966,0.4019,38.2,153.53,153.52,10,time_exit,32.81221,0.00141,0.87835,4.5129,new_york,2022
AUDUSD,-1,2022-06-06 05:00:00,2022-06-06 11:00:00,0.72011,0.72221,0.72221,0.71591,0.4118,-21.0,-86.56,-86.56,6,stop_loss,32.60455,0.0014,-1.33422,3.68714,tokyo,2022
AUDUSD,1,2022-06-06 23:00:00,2022-06-07 03:00:00,0.71959,0.71736,0.71736,0.72406,0.3837,-22.3,-85.7,-85.7,4,stop_loss,23.48709,0.00149,-1.25928,2.6663,,2022
AUDUSD,-1,2022-06-07 09:00:00,2022-06-07 11:00:00,0.71746,0.72022,0.72022,0.71195,0.3079,-27.6,-84.84,-84.84,2,stop_loss,31.29775,0.00184,-1.57765,1.53596,london,2022
AUDUSD,1,2022-06-07 13:00:00,2022-06-07 15:00:00,0.71876,0.71586,0.71586,0.72456,0.2897,-29.0,-84.0,-84.01,2,stop_loss,29.38089,0.00193,-0.71603,1.30567,london,2022
AUDUSD,1,2022-06-07 15:00:00,2022-06-07 20:00:00,0.7168,0.72251,0.71395,0.72251,0.2914,57.1,166.32,166.32,5,take_profit,27.06351,0.0019,-1.65238,1.21817,london,2022
AUDUSD,-1,2022-06-08 07:00:00,2022-06-08 17:00:00,0.72011,0.72099,0.72256,0.71522,0.3466,-8.8,-30.5,-30.5,10,time_exit,27.47907,0.00163,-0.44883,1.60203,tokyo,2022
AUDUSD,1,2022-06-09 01:00:00,2022-06-09 04:00:00,0.71911,0.71689,0.71689,0.72355,0.3809,-22.2,-84.51,-84.51,3,stop_loss,13.3958,0.00148,-0.90862,1.23369,tokyo,2022
AUDUSD,-1,2022-06-09 06:00:00,2022-06-09 16:00:00,0.71745,0.71474,0.71961,0.71312,0.3867,27.1,104.8,104.79,10,time_exit,15.77359,0.00144,-1.67681,0.98171,tokyo,2022
AUDUSD,-1,2022-06-14 02:00:00,2022-06-14 07:00:00,0.69344,0.69651,0.69651,0.6873,0.276,-30.7,-84.71,-84.71,5,stop_loss,47.3896,0.00205,-4.22323,-4.73887,tokyo,2022
AUDUSD,1,2022-06-14 09:00:00,2022-06-14 11:00:00,0.6964,0.69338,0.69338,0.70244,0.2778,-30.2,-83.87,-83.87,2,stop_loss,33.35214,0.00201,-1.90451,-5.12599,london,2022
AUDUSD,-1,2022-06-14 18:00:00,2022-06-15 04:00:00,0.68846,0.6917,0.6917,0.68198,0.2561,-32.4,-83.04,-83.04,10,stop_loss,29.42888,0.00216,-4.1856,-5.27796,new_york,2022
AUDUSD,1,2022-06-17 03:00:00,2022-06-17 09:00:00,0.70401,0.7006,0.7006,0.71083,0.2409,-34.1,-82.19,-82.2,6,stop_loss,24.54472,0.00227,2.23658,-2.09371,tokyo,2022
AUDUSD,-1,2022-06-17 13:00:00,2022-06-17 17:00:00,0.69944,0.69313,0.7026,0.69313,0.2579,63.1,162.78,162.78,4,take_profit,19.00187,0.0021,-0.01626,-1.86327,london,2022
AUDUSD,1,2022-06-20 00:00:00,2022-06-20 09:00:00,0.6918,0.69788,0.68876,0.69788,0.2729,60.8,166.03,166.03,9,take_profit,34.21489,0.00203,-2.05955,-2.38493,tokyo,2022
AUDUSD,1,2022-06-20 16:00:00,2022-06-20 20:00:00,0.69802,0.6955,0.6955,0.70307,0.3353,-25.2,-84.66,-84.66,4,stop_loss,20.43221,0.00168,0.51047,-2.61267,new_york,2022
AUDUSD,-1,2022-06-21 19:00:00,2022-06-22 05:00:00,0.69726,0.6919,0.69994,0.6919,0.3127,53.6,167.63,167.62,10,take_profit,13.8343,0.00179,0.29446,-2.01298,new_york,2022
AUDUSD,1,2022-06-23 03:00:00,2022-06-23 10:00:00,0.69048,0.68811,0.68811,0.69521,0.3612,-23.7,-85.49,-85.5,7,stop_loss,16.12495,0.00158,-2.15317,-2.84697,tokyo,2022
AUDUSD,1,2022-06-23 11:00:00,2022-06-23 21:00:00,0.68784,0.68905,0.68529,0.69293,0.3325,12.1,40.23,40.23,10,time_exit,22.91996,0.0017,-2.8673,-2.955,london,2022
AUDUSD,-1,2022-06-24 03:00:00,2022-06-24 13:00:00,0.69025,0.69083,0.69254,0.68566,0.3709,-5.8,-21.51,-21.51,10,time_exit,14.81646,0.00153,-0.6808,-3.42969,tokyo,2022
AUDUSD,-1,2022-06-24 18:00:00,2022-06-27 04:00:00,0.69411,0.69216,0.69673,0.68888,0.3242,19.5,63.22,63.22,10,time_exit,9.76979,0.00174,1.70335,-2.64216,new_york,2022
AUDUSD,1,2022-06-27 18:00:00,2022-06-27 22:00:00,0.69422,0.69173,0.69173,0.6992,0.3431,-24.9,-85.47,-85.47,4,stop_loss,11.13387,0.00166,1.0393,-1.66339,new_york,2022
AUDUSD,-1,2022-06-28 15:00:00,2022-06-29 01:00:00,0.69417,0.69093,0.69652,0.68948,0.3607,32.4,116.87,116.86,10,time_exit,20.77527,0.00156,0.74492,-1.18853,london,2022
AUDUSD,-1,2022-06-29 20:00:00,2022-06-30 05:00:00,0.68722,0.68983,0.68983,0.682,0.3287,-26.1,-85.77,-85.77,9,stop_loss,30.65909,0.00174,-1.95749,-1.72917,new_york,2022
AUDUSD,-1,2022-06-30 15:00:00,2022-06-30 16:00:00,0.68806,0.69041,0.69041,0.68337,0.3621,-23.5,-84.92,-84.92,1,stop_loss,28.33639,0.00156,-0.83103,-2.13064,london,2022
AUDUSD,-1,2022-07-04 00:00:00,2022-07-04 10:00:00,0.68112,0.68406,0.68406,0.67524,0.2857,-29.4,-84.06,-84.06,10,stop_loss,40.37657,0.00196,-1.51957,-2.83303,tokyo,2022
AUDUSD,1,2022-07-05 14:00:00,2022-07-05 16:00:00,0.67983,0.67699,0.67699,0.68552,0.2926,-28.4,-83.21,-83.22,2,stop_loss,25.21739,0.0019,-2.69348,-1.95453,london,2022
AUDUSD,-1,2022-07-06 15:00:00,2022-07-07 01:00:00,0.68029,0.67863,0.68287,0.67513,0.3191,16.6,52.97,52.97,10,time_exit,19.66247,0.00172,-0.69969,-2.93485,london,2022
AUDUSD,-1,2022-07-07 16:00:00,2022-07-07 21:00:00,0.68192,0.68461,0.68461,0.67654,0.3084,-26.9,-82.94,-82.94,5,stop_loss,17.01916,0.00179,0.50598,-2.32264,new_york,2022
AUDUSD,1,2022-07-11 01:00:00,2022-07-11 04:00:00,0.68536,0.6826,0.6826,0.69089,0.297,-27.6,-82.1,-82.1,3,stop_loss,11.70433,0.00184,1.20758,-0.91186,tokyo,2022
AUDUSD,1,2022-07-11 07:00:00,2022-07-11 12:00:00,0.68247,0.67994,0.67994,0.68753,0.3211,-25.3,-81.27,-81.27,5,stop_loss,16.50623,0.00169,-0.41637,-0.91895,tokyo,2022
AUDUSD,-1,2022-07-11 18:00:00,2022-07-12 04:00:00,0.67364,0.67367,0.67665,0.66762,0.2673,-0.3,-0.8,-0.8,10,time_exit,40.06302,0.00201,-3.78603,-1.37554,new_york,2022
AUDUSD,-1,2022-07-12 07:00:00,2022-07-12 16:00:00,0.67321,0.67564,0.67564,0.66835,0.3308,-24.3,-80.45,-80.46,9,stop_loss,53.81322,0.00162,-3.08154,-2.81436,tokyo,2022
AUDUSD,1,2022-07-13 17:00:00,2022-07-14 03:00:00,0.6746,0.67376,0.67168,0.68045,0.2725,-8.4,-22.89,-22.89,10,time_exit,20.89284,0.00195,-1.06196,-2.12029,new_york,2022
AUDUSD,-1,2022-07-14 22:00:00,2022-07-15 08:00:00,0.67574,0.67298,0.6795,0.66823,0.2114,27.6,58.35,58.34,10,time_exit,16.91966,0.0025,0.23577,-1.6517,,2022
AUDUSD,-1,2022-07-15 09:00:00,2022-07-15 13:00:00,0.67298,0.67585,0.67585,0.66724,0.2788,-28.7,-79.99,-79.99,4,stop_loss,13.17403,0.00191,-1.01509,-2.00835,london,2022
AUDUSD,-1,2022-07-18 17:00:00,2022-07-19 03:00:00,0.68377,0.68051,0.68625,0.6788,0.3189,32.6,103.96,103.96,10,time_exit,29.10171,0.00166,2.92943,-0.05542,new_york,2022
AUDUSD,-1,2022-07-19 03:00:00,2022-07-19 05:00:00,0.68097,0.68298,0.68298,0.67695,0.3993,-20.1,-80.24,-80.24,2,stop_loss,19.74372,0.00134,0.77572,0.45747,tokyo,2022
AUDUSD,1,2022-07-19 21:00:00,2022-07-20 07:00:00,0.69007,0.69215,0.68788,0.69445,0.3631,20.8,75.52,75.52,10,time_exit,40.36477,0.00146,4.17997,2.29018,new_york,2022
AUDUSD,-1,2022-07-21 14:00:00,2022-07-21 15:00:00,0.68731,0.6895,0.6895,0.68294,0.3669,-21.9,-80.2,-80.2,1,stop_loss,18.43127,0.00146,-0.63969,3.1629,london,2022
AUDUSD,1,2022-07-22 00:00:00,2022-07-22 07:00:00,0.69267,0.6901,0.6901,0.69781,0.3088,-25.7,-79.4,-79.4,7,stop_loss,21.01142,0.00171,2.69809,2.72284,tokyo,2022
AUDUSD,1,2022-07-22 16:00:00,2022-07-22 21:00:00,0.69391,0.69153,0.69153,0.69867,0.3305,-23.8,-78.6,-78.6,5,stop_loss,22.64225,0.00159,2.18786,3.16962,new_york,2022
AUDUSD,-1,2022-07-28 16:00:00,2022-07-29 02:00:00,0.6985,0.69975,0.70114,0.69322,0.295,-12.5,-36.87,-36.88,10,time_exit,25.05452,0.00176,1.1447,2.81847,new_york,2022
AUDUSD,1,2022-07-29 04:00:00,2022-07-29 14:00:00,0.69988,0.69766,0.69766,0.70432,0.3488,-22.2,-77.45,-77.45,10,stop_loss,22.32495,0.00148,1.83765,3.27946,tokyo,2022
AUDUSD,-1,2022-08-01 05:00:00,2022-08-01 10:00:00,0.69842,0.70111,0.70111,0.69303,0.2845,-26.9,-76.67,-76.67,5,stop_loss,15.12261,0.0018,0.24884,2.38609,tokyo,2022
AUDUSD,-1,2022-08-01 20:00:00,2022-08-02 06:00:00,0.7034,0.70162,0.70602,0.69816,0.2894,17.8,51.51,51.51,10,time_exit,21.84633,0.00175,2.03546,2.85887,new_york,2022
AUDUSD,1,2022-08-02 19:00:00,2022-08-02 21:00:00,0.69516,0.69222,0.69222,0.70103,0.2603,-29.4,-76.42,-76.42,2,stop_loss,31.79462,0.00196,-1.48548,1.35639,new_york,2022
AUDUSD,-1,2022-08-02 21:00:00,2022-08-03 07:00:00,0.69364,0.69294,0.6966,0.68773,0.256,7.0,17.92,17.92,10,time_exit,30.45062,0.00197,-2.10115,1.21225,new_york,2022
AUDUSD,-1,2022-08-03 18:00:00,2022-08-03 19:00:00,0.69132,0.6939,0.6939,0.68615,0.2936,-25.8,-75.83,-75.84,1,stop_loss,19.2142,0.00172,-2.00688,-0.03307,new_york,2022
AUDUSD,1,2022-08-05 01:00:00,2022-08-05 11:00:00,0.69647,0.69513,0.69447,0.70047,0.3755,-13.4,-50.32,-50.32,10,time_exit,13.76686,0.00133,0.51872,0.51584,tokyo,2022
AUDUSD,1,2022-08-05 15:00:00,2022-08-05 16:00:00,0.69503,0.69329,0.69329,0.6985,0.4295,-17.4,-74.58,-74.58,1,stop_loss,12.59297,0.00116,-0.709,0.52976,london,2022
AUDUSD,1,2022-08-08 00:00:00,2022-08-08 10:00:00,0.69038,0.69517,0.68798,0.69517,0.308,47.9,147.64,147.64,10,take_profit,28.80625,0.0016,-1.93467,-0.34475,tokyo,2022
AUDUSD,-1,2022-08-09 13:00:00,2022-08-09 21:00:00,0.69914,0.69564,0.70089,0.69564,0.4309,35.0,150.61,150.61,8,take_profit,22.5998,0.00117,2.1244,1.04866,london,2022
AUDUSD,-1,2022-08-10 22:00:00,2022-08-11 08:00:00,0.70851,0.7075,0.71124,0.70304,0.281,10.1,28.38,28.38,10,time_exit,34.69723,0.00182,4.9637,1.62301,,2022
AUDUSD,1,2022-08-12 03:00:00,2022-08-12 13:00:00,0.71021,0.70922,0.70828,0.71407,0.3995,-9.9,-39.55,-39.55,10,time_exit,36.52543,0.00129,2.66817,5.31846,tokyo,2022
AUDUSD,1,2022-08-12 20:00:00,2022-08-15 06:00:00,0.71117,0.71054,0.7091,0.7153,0.3711,-6.3,-23.38,-23.38,10,time_exit,20.41499,0.00138,1.79457,5.17328,new_york,2022
AUDUSD,-1,2022-08-16 12:00:00,2022-08-16 22:00:00,0.70095,0.70241,0.70339,0.69608,0.3137,-14.6,-45.8,-45.8,10,time_exit,42.36425,0.00162,-2.49071,1.3677,london,2022
AUDUSD,1,2022-08-17 20:00:00,2022-08-18 06:00:00,0.69258,0.69205,0.68986,0.69802,0.2792,-5.3,-14.8,-14.8,10,time_exit,44.23563,0.00181,-4.02728,-0.99239,new_york,2022
AUDUSD,1,2022-08-19 14:00:00,2022-08-19 17:00:00,0.68894,0.68677,0.68677,0.69328,0.3492,-21.7,-75.86,-75.86,3,stop_loss,16.66005,0.00145,-3.04381,-3.50116,london,2022
AUDUSD,1,2022-08-22 18:00:00,2022-08-23 04:00:00,0.68736,0.68936,0.68496,0.69217,0.3125,20.0,62.5,62.5,10,time_exit,15.89689,0.0016,-1.92727,-3.52779,new_york,2022
AUDUSD,-1,2022-08-24 16:00:00,2022-08-24 17:00:00,0.68892,0.6914,0.6914,0.68397,0.3057,-24.8,-75.72,-75.72,1,stop_loss,13.69879,0.00165,-0.95203,-2.05169,new_york,2022
AUDUSD,1,2022-08-29 19:00:00,2022-08-30 05:00:00,0.69068,0.68781,0.68781,0.69641,0.2616,-28.7,-74.96,-74.96,10,stop_loss,33.59978,0.00191,0.0879,-1.30884,new_york,2022
AUDUSD,-1,2022-08-30 08:00:00,2022-08-30 09:00:00,0.68864,0.69096,0.69096,0.68399,0.3195,-23.2,-74.23,-74.23,1,stop_loss,23.55941,0.00155,-0.9958,-1.57303,tokyo,2022
AUDUSD,1,2022-08-31 20:00:00,2022-09-01 02:00:00,0.68562,0.68303,0.68303,0.69081,0.2833,-25.9,-73.48,-73.48,6,stop_loss,15.95396,0.00173,-1.32124,-1.86767,new_york,2022
AUDUSD,1,2022-09-05 18:00:00,2022-09-06 04:00:00,0.67954,0.68282,0.67722,0.68419,0.3132,32.8,102.73,102.73,10,time_exit,9.58843,0.00155,-0.49464,-3.47845,new_york,2022
AUDUSD,1,2022-09-07 07:00:00,2022-09-07 17:00:00,0.67057,0.67228,0.66843,0.67486,0.3443,17.1,58.88,58.87,10,time_exit,45.07373,0.00143,-4.25594,-4.36733,tokyo,2022
AUDUSD,-1,2022-09-08 08:00:00,2022-09-08 09:00:00,0.67326,0.67579,0.67579,0.6682,0.2939,-25.3,-74.35,-74.35,1,stop_loss,24.30959,0.00169,-0.95561,-3.54337,tokyo,2022
AUDUSD,1,2022-09-08 16:00:00,2022-09-09 02:00:00,0.67326,0.67644,0.6704,0.67898,0.2575,31.8,81.89,81.88,10,time_exit,17.62133,0.00191,-0.71253,-2.9837,new_york,2022
AUDUSD,-1,2022-09-09 22:00:00,2022-09-12 08:00:00,0.68411,0.6844,0.68669,0.67895,0.2886,-2.9,-8.37,-8.37,10,time_exit,34.63167,0.00172,2.63603,-0.49038,,2022
AUDUSD,1,2022-09-15 12:00:00,2022-09-15 13:00:00,0.67531,0.67305,0.67305,0.67982,0.3295,-22.6,-74.36,-74.36,1,stop_loss,15.42532,0.0015,-0.88213,-2.12254,london,2022
AUDUSD,1,2022-09-19 06:00:00,2022-09-19 09:00:00,0.67131,0.66899,0.66899,0.67595,0.3171,-23.2,-73.61,-73.61,3,stop_loss,16.86004,0.00155,-0.28673,-3.17794,tokyo,2022
AUDUSD,1,2022-09-19 13:00:00,2022-09-19 22:00:00,0.66758,0.67181,0.66547,0.67181,0.3446,42.3,145.73,145.73,9,take_profit,17.44767,0.00141,-2.5049,-3.59638,london,2022
AUDUSD,-1,2022-09-20 13:00:00,2022-09-20 23:00:00,0.6697,0.66891,0.67201,0.66508,0.3218,7.9,25.42,25.42,10,time_exit,20.76538,0.00154,-1.03273,-2.49184,london,2022
AUDUSD,1,2022-09-23 18:00:00,2022-09-26 03:00:00,0.65362,0.65055,0.65055,0.65977,0.2426,-30.7,-74.58,-74.58,9,stop_loss,25.66756,0.00205,-4.23636,-3.25997,new_york,2022
AUDUSD,-1,2022-09-26 09:00:00,2022-09-26 10:00:00,0.64953,0.65285,0.65285,0.6429,0.2226,-33.2,-73.83,-73.83,1,stop_loss,47.47152,0.00221,-3.63723,-4.10516,london,2022
AUDUSD,1,2022-09-26 18:00:00,2022-09-26 19:00:00,0.64911,0.64537,0.64537,0.65658,0.1956,-37.4,-73.08,-73.08,1,stop_loss,39.44123,0.00249,-2.48341,-3.97254,new_york,2022
AUDUSD,1,2022-09-26 21:00:00,2022-09-27 07:00:00,0.64394,0.64849,0.64013,0.65156,0.1899,45.5,86.4,86.4,10,time_exit,40.31691,0.00254,-4.02148,-4.11255,new_york,2022
AUDUSD,1,2022-09-28 13:00:00,2022-09-28 16:00:00,0.63787,0.64427,0.63467,0.64427,0.2288,64.0,146.46,146.46,3,take_profit,36.79045,0.00213,-3.47942,-5.89838,london,2022
AUDUSD,-1,2022-09-28 16:00:00,2022-09-28 17:00:00,0.64266,0.64641,0.64641,0.63516,0.1991,-37.5,-74.71,-74.71,1,stop_loss,30.71207,0.0025,-0.88239,-5.00838,new_york,2022
AUDUSD,1,2022-09-29 23:00:00,2022-09-30 09:00:00,0.64956,0.64854,0.64606,0.65655,0.2115,-10.2,-21.57,-21.58,10,time_exit,15.79063,0.00233,0.97966,-3.32087,,2022
AUDUSD,1,2022-09-30 18:00:00,2022-09-30 22:00:00,0.64297,0.6392,0.6392,0.65051,0.1956,-37.7,-73.71,-73.72,4,stop_loss,11.68423,0.00251,-2.03631,-2.3776,new_york,2022
AUDUSD,-1,2022-09-30 23:00:00,2022-10-03 04:00:00,0.63965,0.64321,0.64321,0.63253,0.205,-35.6,-72.99,-72.99,5,stop_loss,18.73389,0.00237,-3.03337,-2.74484,,2022
AUDUSD,-1,2022-10-04 00:00:00,2022-10-04 06:00:00,0.65142,0.64585,0.6542,0.64585,0.2596,55.7,144.5,144.5,6,take_profit,33.66247,0.00186,2.57193,-2.67742,tokyo,2022
AUDUSD,1,2022-10-05 01:00:00,2022-10-05 11:00:00,0.65018,0.64822,0.6467,0.65714,0.2119,-19.6,-41.53,-41.53,10,time_exit,16.62916,0.00232,0.7779,-1.22456,tokyo,2022
AUDUSD,1,2022-10-07 15:00:00,2022-10-07 16:00:00,0.64112,0.63835,0.63835,0.64666,0.2644,-27.7,-73.3,-73.3,1,stop_loss,28.10732,0.00185,-1.77382,-2.28283,london,2022
AUDUSD,-1,2022-10-10 14:00:00,2022-10-11 00:00:00,0.63063,0.62955,0.63367,0.62454,0.2383,10.8,25.74,25.73,10,time_exit,51.65639,0.00203,-3.93184,-3.58738,london,2022
AUDUSD,-1,2022-10-11 03:00:00,2022-10-11 13:00:00,0.6296,0.62712,0.63221,0.62439,0.2794,24.8,69.29,69.29,10,time_exit,46.34963,0.00174,-3.13827,-5.11375,tokyo,2022
AUDUSD,-1,2022-10-13 11:00:00,2022-10-13 15:00:00,0.62781,0.62339,0.63002,0.62339,0.3328,44.2,147.03,147.03,4,take_profit,12.76672,0.00147,-0.22257,-5.89783,london,2022
AUDUSD,-1,2022-10-13 22:00:00,2022-10-14 08:00:00,0.63043,0.6327,0.63484,0.6216,0.1699,-22.7,-38.57,-38.57,10,time_exit,16.65242,0.00294,0.92838,-2.73616,,2022
AUDUSD,1,2022-10-14 18:00:00,2022-10-14 21:00:00,0.62412,0.61984,0.61984,0.63269,0.1742,-42.8,-74.61,-74.61,3,stop_loss,13.14497,0.00286,-1.73239,-2.00569,new_york,2022
AUDUSD,-1,2022-10-17 11:00:00,2022-10-17 15:00:00,0.62465,0.62754,0.62754,0.61886,0.2553,-28.9,-73.85,-73.85,4,stop_loss,13.47779,0.00193,-0.562,-3.67592,london,2022
AUDUSD,1,2022-10-18 22:00:00,2022-10-19 08:00:00,0.62943,0.6309,0.62596,0.63637,0.2108,14.7,30.99,30.99,10,time_exit,20.46187,0.00231,0.33794,-1.35401,,2022
AUDUSD,-1,2022-10-19 10:00:00,2022-10-19 20:00:00,0.62918,0.6263,0.63172,0.6241,0.2893,28.8,83.32,83.32,10,time_exit,14.1106,0.00169,-0.2647,-1.25238,london,2022
AUDUSD,1,2022-10-20 21:00:00,2022-10-21 07:00:00,0.62907,0.62571,0.62571,0.63578,0.2212,-33.6,-74.26,-74.26,10,stop_loss,22.42592,0.00224,0.12905,-0.84217,new_york,2022
AUDUSD,1,2022-10-25 12:00:00,2022-10-25 16:00:00,0.63206,0.63766,0.62926,0.63766,0.2628,56.0,147.04,147.03,4,take_profit,16.73068,0.00187,0.24211,0.32412,london,2022
AUDUSD,-1,2022-10-25 22:00:00,2022-10-26 08:00:00,0.63875,0.6409,0.64187,0.63251,0.2405,-21.5,-51.71,-51.71,10,time_exit,28.44283,0.00208,2.67222,0.82858,,2022
AUDUSD,-1,2022-10-27 02:00:00,2022-10-27 08:00:00,0.64862,0.6515,0.6515,0.64287,0.2588,-28.8,-74.46,-74.46,6,stop_loss,42.27528,0.00192,3.58172,3.63751,tokyo,2022
AUDUSD,1,2022-11-02 17:00:00,2022-11-02 21:00:00,0.64149,0.64651,0.63898,0.64651,0.2937,50.2,147.42,147.42,4,take_profit,12.67977,0.00167,0.03478,1.02721,new_york,2022
AUDUSD,-1,2022-11-03 22:00:00,2022-11-04 06:00:00,0.62982,0.6331,0.6331,0.62325,0.2289,-32.8,-75.18,-75.18,8,stop_loss,16.6144,0.00219,-2.58658,-1.23407,,2022
AUDUSD,-1,2022-11-07 12:00:00,2022-11-07 22:00:00,0.64626,0.64794,0.65006,0.63867,0.1961,-16.8,-32.94,-32.95,10,time_exit,32.13224,0.00253,2.55459,0.47006,london,2022
AUDUSD,1,2022-11-08 07:00:00,2022-11-08 17:00:00,0.64642,0.65137,0.64395,0.65137,0.2997,49.5,148.2,148.2,10,take_profit,25.85347,0.00165,1.61854,2.21164,tokyo,2022
AUDUSD,1,2022-11-09 04:00:00,2022-11-09 14:00:00,0.64859,0.64716,0.6457,0.65437,0.2614,-14.3,-37.38,-37.38,10,time_exit,15.87647,0.00193,0.85301,2.67053,tokyo,2022
AUDUSD,1,2022-11-09 16:00:00,2022-11-09 20:00:00,0.64578,0.64276,0.64276,0.65182,0.2489,-30.2,-75.21,-75.21,4,stop_loss,12.11775,0.00201,-0.87715,2.4715,new_york,2022
AUDUSD,-1,2022-11-09 21:00:00,2022-11-10 07:00:00,0.64306,0.64189,0.64652,0.63614,0.2151,11.7,25.17,25.16,10,time_exit,10.66387,0.00231,-1.68527,1.86837,new_york,2022
AUDUSD,-1,2022-11-10 07:00:00,2022-11-10 15:00:00,0.64185,0.64445,0.64445,0.63665,0.2876,-26.0,-74.73,-74.73,8,stop_loss,14.4816,0.00173,-2.09791,1.63704,tokyo,2022
AUDUSD,1,2022-11-11 11:00:00,2022-11-11 21:00:00,0.66745,0.67148,0.66315,0.67605,0.1719,40.3,69.28,69.27,10,time_exit,41.20477,0.00287,4.88577,2.67759,london,2022
AUDUSD,-1,2022-11-11 21:00:00,2022-11-14 07:00:00,0.67089,0.66657,0.67482,0.66303,0.1899,43.2,82.04,82.03,10,time_exit,44.60016,0.00262,4.77247,3.99574,new_york,2022
AUDUSD,1,2022-11-14 16:00:00,2022-11-15 02:00:00,0.66932,0.66902,0.66613,0.67571,0.2363,-3.0,-7.09,-7.09,10,time_exit,19.80901,0.00213,2.50689,5.83068,new_york,2022
AUDUSD,-1,2022-11-15 22:00:00,2022-11-16 08:00:00,0.67724,0.67682,0.6815,0.66872,0.177,4.2,7.43,7.43,10,time_exit,24.45437,0.00284,2.31476,4.78068,,2022
AUDUSD,1,2022-11-16 12:00:00,2022-11-16 17:00:00,0.67812,0.67443,0.67443,0.68549,0.2048,-36.9,-75.49,-75.5,5,stop_loss,15.12701,0.00246,2.09099,5.46575,london,2022
AUDUSD,1,2022-11-17 10:00:00,2022-11-17 11:00:00,0.67393,0.67108,0.67108,0.67963,0.2621,-28.5,-74.73,-74.74,1,stop_loss,22.44652,0.0019,0.30732,5.76341,london,2022
AUDUSD,1,2022-11-17 19:00:00,2022-11-18 05:00:00,0.66649,0.67148,0.6628,0.67388,0.2003,49.9,99.95,99.95,10,time_exit,30.22533,0.00246,-1.97581,3.47988,new_york,2022
AUDUSD,1,2022-11-18 19:00:00,2022-11-21 04:00:00,0.66802,0.66475,0.66475,0.67457,0.229,-32.7,-74.97,-74.98,9,stop_loss,17.22275,0.00218,-1.11856,2.8338,new_york,2022
AUDUSD,1,2022-11-22 05:00:00,2022-11-22 15:00:00,0.66178,0.66328,0.65968,0.66599,0.3528,15.0,52.92,52.92,10,time_exit,39.954,0.0014,-1.84199,0.34902,tokyo,2022
AUDUSD,1,2022-11-23 07:00:00,2022-11-23 16:00:00,0.66393,0.66792,0.66193,0.66792,0.3746,39.9,149.52,149.52,9,take_profit,17.06682,0.00133,-0.04886,0.14081,tokyo,2022
AUDUSD,1,2022-11-24 01:00:00,2022-11-24 11:00:00,0.67298,0.67424,0.67041,0.67812,0.2969,12.6,37.41,37.41,10,time_exit,43.64101,0.00171,3.68188,1.19089,tokyo,2022
AUDUSD,1,2022-11-25 02:00:00,2022-11-25 10:00:00,0.67652,0.67484,0.67484,0.67988,0.4563,-16.8,-76.63,-76.64,8,stop_loss,40.54974,0.00112,3.58479,4.83378,tokyo,2022
AUDUSD,1,2022-11-28 08:00:00,2022-11-28 18:00:00,0.66776,0.66936,0.66531,0.67265,0.3101,16.0,49.62,49.61,10,time_exit,42.88049,0.00163,-3.04434,2.43787,tokyo,2022
AUDUSD,-1,2022-11-28 21:00:00,2022-11-29 05:00:00,0.66638,0.66905,0.66905,0.66104,0.286,-26.7,-76.36,-76.37,8,stop_loss,35.23807,0.00178,-2.76036,1.3983,new_york,2022
AUDUSD,-1,2022-11-29 12:00:00,2022-11-29 22:00:00,0.67183,0.66885,0.67474,0.66601,0.26,29.8,77.48,77.48,10,time_exit,29.08042,0.00194,0.90615,0.7007,london,2022
AUDUSD,1,2022-12-02 02:00:00,2022-12-02 12:00:00,0.68108,0.68191,0.67794,0.68737,0.2429,8.3,20.16,20.16,10,time_exit,23.0972,0.0021,1.64009,2.60401,tokyo,2022
AUDUSD,-1,2022-12-05 20:00:00,2022-12-06 06:00:00,0.67076,0.67279,0.67401,0.66425,0.2353,-20.3,-47.77,-47.77,10,time_exit,22.5932,0.00217,-3.93978,2.02739,new_york,2022
AUDUSD,1,2022-12-06 12:00:00,2022-12-06 20:00:00,0.6715,0.66861,0.66861,0.67728,0.2635,-28.9,-76.1,-76.1,8,stop_loss,26.76513,0.00193,-2.10777,0.62521,london,2022
AUDUSD,-1,2022-12-07 04:00:00,2022-12-07 14:00:00,0.67099,0.66934,0.67337,0.66623,0.3164,16.5,52.21,52.2,10,time_exit,27.56191,0.00159,-1.26683,-0.47388,tokyo,2022
AUDUSD,-1,2022-12-09 21:00:00,2022-12-12 07:00:00,0.68052,0.6773,0.68323,0.67511,0.2803,32.2,90.26,90.25,10,time_exit,18.51043,0.0018,2.3528,1.0867,new_york,2022
AUDUSD,-1,2022-12-13 00:00:00,2022-12-13 02:00:00,0.67381,0.67586,0.67586,0.66971,0.3741,-20.5,-76.76,-76.76,2,stop_loss,23.59666,0.00137,-1.16584,1.05122,tokyo,2022
AUDUSD,1,2022-12-14 11:00:00,2022-12-14 21:00:00,0.68679,0.6843,0.6843,0.69177,0.3049,-24.9,-75.99,-75.99,10,stop_loss,27.23419,0.00166,3.41476,2.53535,london,2022
AUDUSD,-1,2022-12-15 09:00:00,2022-12-15 11:00:00,0.68264,0.67759,0.68516,0.67759,0.2981,50.5,150.48,150.48,2,take_profit,25.24383,0.00168,-0.49311,2.93662,london,2022
AUDUSD,1,2022-12-16 03:00:00,2022-12-16 11:00:00,0.67069,0.66809,0.66809,0.67589,0.2951,-26.0,-76.75,-76.75,8,stop_loss,53.75273,0.00173,-4.19222,0.14923,tokyo,2022
AUDUSD,1,2022-12-20 00:00:00,2022-12-20 05:00:00,0.66999,0.66785,0.66785,0.67426,0.3557,-21.4,-75.97,-75.98,5,stop_loss_ambiguous,14.33047,0.00142,-1.19514,-2.33431,tokyo,2022
AUDUSD,-1,2022-12-20 21:00:00,2022-12-21 01:00:00,0.66635,0.66943,0.66943,0.66019,0.2443,-30.8,-75.21,-75.21,4,stop_loss,10.9046,0.00205,-1.35511,-2.16433,new_york,2022
AUDUSD,1,2022-12-22 07:00:00,2022-12-22 11:00:00,0.67613,0.67394,0.67394,0.68051,0.3404,-21.9,-74.47,-74.47,4,stop_loss,36.66432,0.00146,4.11024,-1.60859,tokyo,2022
AUDUSD,-1,2022-12-23 02:00:00,2022-12-23 09:00:00,0.66763,0.66999,0.66999,0.66292,0.313,-23.6,-73.72,-73.72,7,stop_loss,36.26099,0.00157,-1.45927,-1.40543,tokyo,2022
AUDUSD,1,2022-12-27 13:00:00,2022-12-27 23:00:00,0.67474,0.67344,0.67244,0.67935,0.3168,-13.0,-41.18,-41.19,10,time_exit,28.48305,0.00154,1.75333,-0.00475,london,2022
AUDUSD,-1,2022-12-28 00:00:00,2022-12-28 04:00:00,0.6729,0.67488,0.67488,0.66893,0.3659,-19.8,-72.57,-72.58,4,stop_loss,15.90806,0.00132,0.62187,0.29393,tokyo,2022
AUDUSD,-1,2022-12-28 15:00:00,2022-12-28 17:00:00,0.67967,0.67572,0.68165,0.67572,0.3635,39.5,143.68,143.68,2,take_profit,20.69447,0.00132,4.3117,1.00661,london,2022
AUDUSD,1,2022-12-29 08:00:00,2022-12-29 09:00:00,0.67426,0.67237,0.67237,0.67804,0.388,-18.9,-73.28,-73.29,1,stop_loss,11.70891,0.00126,-0.16441,1.12685,tokyo,2022
AUDUSD,-1,2022-12-30 11:00:00,2022-12-30 17:00:00,0.67976,0.67597,0.68166,0.67597,0.3824,37.9,145.09,145.09,6,take_profit,20.96152,0.00126,3.08265,1.65166,london,2022
AUDUSD,-1,2022-12-30 23:00:00,2023-01-02 09:00:00,0.68083,0.68014,0.68309,0.67631,0.3273,6.9,22.58,22.58,10,time_exit,22.86029,0.00151,2.22822,1.97177,,2022
AUDUSD,-1,2023-01-03 15:00:00,2023-01-03 16:00:00,0.6706,0.67368,0.67368,0.66444,0.241,-30.8,-74.23,-74.23,1,stop_loss,28.49919,0.00205,-3.68049,1.03513,london,2023
AUDUSD,1,2023-01-06 09:00:00,2023-01-06 11:00:00,0.67606,0.67342,0.67342,0.68134,0.2782,-26.4,-73.49,-73.49,2,stop_loss,19.76554,0.00176,-1.46085,0.56157,london,2023
AUDUSD,1,2023-01-06 12:00:00,2023-01-06 17:00:00,0.6742,0.67969,0.67145,0.67969,0.2649,54.9,145.47,145.46,5,take_profit,20.60007,0.00183,-2.18374,0.34849,london,2023
AUDUSD,1,2023-01-09 03:00:00,2023-01-09 13:00:00,0.68998,0.69136,0.68673,0.69648,0.2282,13.8,31.49,31.49,10,time_exit,36.64178,0.00217,4.18515,1.17239,tokyo,2023
AUDUSD,1,2023-01-10 18:00:00,2023-01-11 04:00:00,0.68812,0.6889,0.68522,0.69392,0.2568,7.8,20.03,20.03,10,time_exit,19.17376,0.00193,-0.25573,3.16129,new_york,2023
AUDUSD,-1,2023-01-13 08:00:00,2023-01-13 10:00:00,0.69528,0.69812,0.69812,0.68961,0.2635,-28.4,-74.71,-74.71,2,stop_loss,34.60875,0.00189,1.1796,3.19812,tokyo,2023
AUDUSD,1,2023-01-17 12:00:00,2023-01-17 21:00:00,0.69505,0.69961,0.69277,0.69961,0.3246,45.6,147.95,147.95,9,take_profit,19.729,0.00152,-0.64566,3.37528,london,2023
AUDUSD,1,2023-01-19 05:00:00,2023-01-19 12:00:00,0.69054,0.68752,0.68752,0.69659,0.2495,-30.2,-75.44,-75.44,7,stop_loss,29.57585,0.00202,-3.20859,1.88712,tokyo,2023
AUDUSD,-1,2023-01-24 15:00:00,2023-01-24 17:00:00,0.7014,0.70353,0.70353,0.69714,0.3505,-21.3,-74.7,-74.7,2,stop_loss,15.83167,0.00142,0.85773,3.22659,london,2023
AUDUSD,1,2023-01-25 06:00:00,2023-01-25 14:00:00,0.71012,0.70753,0.70753,0.71531,0.2851,-25.9,-73.96,-73.96,8,stop_loss,25.01653,0.00173,4.25981,3.30946,tokyo,2023
AUDUSD,1,2023-01-27 04:00:00,2023-01-27 08:00:00,0.71234,0.71002,0.71002,0.71698,0.3159,-23.2,-73.21,-73.21,4,stop_loss,13.59963,0.00155,1.82619,4.88706,tokyo,2023
AUDUSD,1,2023-01-30 16:00:00,2023-01-31 02:00:00,0.70733,0.70505,0.70505,0.71188,0.3184,-22.8,-72.47,-72.47,10,stop_loss,14.30416,0.00152,-1.46152,3.41337,new_york,2023
AUDUSD,-1,2023-02-01 15:00:00,2023-02-01 21:00:00,0.70772,0.70956,0.70956,0.70404,0.39,-18.4,-71.74,-71.74,6,stop_loss,23.24357,0.00123,1.36963,1.14324,london,2023
AUDUSD,1,2023-02-02 21:00:00,2023-02-03 04:00:00,0.70893,0.70589,0.70589,0.715,0.2339,-30.4,-71.03,-71.04,7,stop_loss,30.22104,0.00202,-0.48434,1.72983,new_york,2023
AUDUSD,1,2023-02-03 08:00:00,2023-02-03 15:00:00,0.70634,0.70407,0.70407,0.71088,0.3097,-22.7,-70.33,-70.33,7,stop_loss,34.35118,0.00151,-1.63418,1.54169,tokyo,2023
AUDUSD,-1,2023-02-03 18:00:00,2023-02-06 00:00:00,0.69758,0.69049,0.70112,0.69049,0.1965,70.9,139.26,139.25,6,take_profit,43.21261,0.00236,-3.96724,0.31591,new_york,2023
AUDUSD,-1,2023-02-06 15:00:00,2023-02-07 01:00:00,0.69082,0.68889,0.69355,0.68535,0.2597,19.3,50.12,50.12,10,time_exit,52.26151,0.00182,-4.19493,-2.77294,london,2023
AUDUSD,-1,2023-02-07 04:00:00,2023-02-07 05:00:00,0.69036,0.69259,0.69259,0.6859,0.3206,-22.3,-71.52,-71.52,1,stop_loss,40.73814,0.00149,-2.71301,-4.90681,tokyo,2023
AUDUSD,1,2023-02-09 10:00:00,2023-02-09 15:00:00,0.69648,0.70053,0.69446,0.70053,0.3499,40.5,141.59,141.59,5,take_profit,20.23787,0.00135,1.30533,-2.9794,london,2023
AUDUSD,-1,2023-02-10 06:00:00,2023-02-10 09:00:00,0.69149,0.69365,0.69365,0.68717,0.3341,-21.6,-72.2,-72.21,3,stop_loss,20.24317,0.00144,-2.426,-2.21608,tokyo,2023
AUDUSD,-1,2023-02-13 05:00:00,2023-02-13 09:00:00,0.6911,0.69305,0.69305,0.6872,0.3665,-19.5,-71.49,-71.49,4,stop_loss,14.9025,0.0013,-1.65802,-2.85091,tokyo,2023
AUDUSD,-1,2023-02-14 12:00:00,2023-02-14 14:00:00,0.69706,0.69893,0.69893,0.69332,0.378,-18.7,-70.77,-70.77,2,stop_loss,29.56086,0.00125,1.7332,-1.25803,london,2023
AUDUSD,1,2023-02-15 00:00:00,2023-02-15 04:00:00,0.69829,0.69501,0.69501,0.70485,0.2138,-32.8,-70.08,-70.08,4,stop_loss,43.34465,0.00219,1.20007,-0.27684,tokyo,2023
AUDUSD,-1,2023-02-15 17:00:00,2023-02-15 18:00:00,0.68669,0.68948,0.68948,0.68112,0.249,-27.9,-69.35,-69.36,1,stop_loss,40.89138,0.00186,-3.94756,-1.05341,new_york,2023
AUDUSD,-1,2023-02-16 08:00:00,2023-02-16 16:00:00,0.69149,0.68624,0.69411,0.68624,0.2618,52.5,137.35,137.35,8,take_profit,31.26705,0.00175,-0.45771,-1.62952,tokyo,2023
AUDUSD,1,2023-02-17 22:00:00,2023-02-20 08:00:00,0.68794,0.6899,0.68548,0.69286,0.2848,19.6,55.82,55.82,10,time_exit,33.00483,0.00164,0.35796,-3.10896,,2023
AUDUSD,1,2023-02-21 12:00:00,2023-02-21 14:00:00,0.68899,0.68708,0.68708,0.69282,0.3689,-19.1,-70.61,-70.61,2,stop_loss,25.89211,0.00128,-0.27762,-1.79454,london,2023
AUDUSD,-1,2023-02-21 14:00:00,2023-02-22 00:00:00,0.6884,0.68578,0.69037,0.68445,0.3541,26.2,92.77,92.77,10,time_exit,24.4107,0.00132,-0.62072,-1.76059,london,2023
AUDUSD,-1,2023-02-22 06:00:00,2023-02-22 16:00:00,0.68383,0.68264,0.68617,0.67916,0.3032,11.9,36.08,36.08,10,time_exit,26.16505,0.00156,-2.38887,-2.02982,tokyo,2023
AUDUSD,1,2023-02-23 22:00:00,2023-02-24 08:00:00,0.68056,0.68075,0.6782,0.68527,0.302,1.9,5.74,5.74,10,time_exit,21.00183,0.00157,-1.47847,-3.12602,,2023
AUDUSD,1,2023-02-24 14:00:00,2023-02-24 15:00:00,0.67664,0.67474,0.67474,0.68045,0.3742,-19.0,-71.25,-71.25,1,stop_loss,18.17817,0.00127,-3.85926,-4.05159,london,2023
AUDUSD,1,2023-02-27 11:00:00,2023-02-27 21:00:00,0.67178,0.67353,0.66976,0.67583,0.3486,17.5,61.0,61.0,10,time_exit,36.59596,0.00135,-3.30582,-5.71529,london,2023
AUDUSD,-1,2023-03-01 19:00:00,2023-03-02 05:00:00,0.67672,0.67463,0.67939,0.67139,0.2668,20.9,55.76,55.76,10,time_exit,15.75569,0.00178,1.04544,-2.75111,new_york,2023
AUDUSD,1,2023-03-02 09:00:00,2023-03-02 15:00:00,0.67383,0.67173,0.67173,0.67804,0.3408,-21.0,-71.7,-71.7,6,stop_loss,26.66983,0.0014,-0.71496,-3.03754,london,2023
AUDUSD,1,2023-03-03 15:00:00,2023-03-06 01:00:00,0.67502,0.67539,0.67315,0.67876,0.3795,3.7,14.04,14.04,10,time_exit,25.58205,0.00125,0.57019,-2.75171,london,2023
AUDUSD,1,2023-03-06 15:00:00,2023-03-07 01:00:00,0.67289,0.67314,0.67096,0.67675,0.3687,2.5,9.22,9.22,10,time_exit,22.43671,0.00129,-1.41496,-1.9157,london,2023
AUDUSD,-1,2023-03-07 04:00:00,2023-03-07 05:00:00,0.67372,0.67057,0.67529,0.67057,0.4525,31.5,142.43,142.43,1,take_profit,17.72506,0.00105,-0.33439,-2.50222,tokyo,2023
AUDUSD,1,2023-03-09 07:00:00,2023-03-09 17:00:00,0.66098,0.66154,0.65904,0.66486,0.3742,5.6,20.96,20.95,10,time_exit,21.67547,0.00129,-0.82845,-6.54677,tokyo,2023
AUDUSD,1,2023-03-10 10:00:00,2023-03-10 11:00:00,0.65976,0.65785,0.65785,0.66358,0.3812,-19.1,-72.85,-72.85,1,stop_loss,18.87916,0.00127,-0.61779,-5.89248,london,2023
AUDUSD,-1,2023-03-10 23:00:00,2023-03-13 00:00:00,0.65769,0.66056,0.66056,0.65194,0.2509,-28.7,-72.11,-72.11,1,stop_loss,17.03486,0.00192,-1.31707,-3.57263,,2023
AUDUSD,-1,2023-03-13 12:00:00,2023-03-13 17:00:00,0.66597,0.66915,0.66915,0.65962,0.2247,-31.8,-71.4,-71.4,5,stop_loss,28.56913,0.00212,1.9396,-2.26779,london,2023
AUDUSD,-1,2023-03-14 09:00:00,2023-03-14 15:00:00,0.66538,0.66795,0.66795,0.66024,0.2748,-25.7,-70.68,-70.68,6,stop_loss,17.64692,0.00171,0.79887,-1.43929,london,2023
AUDUSD,1,2023-03-14 19:00:00,2023-03-15 05:00:00,0.66619,0.67063,0.66325,0.67207,0.2379,44.4,105.63,105.63,10,time_exit,18.90397,0.00196,0.66508,-0.81926,new_york,2023
AUDUSD,1,2023-03-15 23:00:00,2023-03-16 09:00:00,0.66194,0.66458,0.65892,0.66797,0.2355,26.4,62.17,62.17,10,time_exit,23.81846,0.00201,-1.55332,-0.62842,,2023
AUDUSD,-1,2023-03-17 19:00:00,2023-03-17 20:00:00,0.66823,0.67062,0.67062,0.66346,0.3004,-23.9,-71.67,-71.67,1,stop_loss,20.20321,0.00159,0.72849,0.40863,new_york,2023
AUDUSD,-1,2023-03-20 00:00:00,2023-03-20 10:00:00,0.67089,0.66897,0.67316,0.66635,0.3125,19.2,60.0,60.0,10,time_exit,19.95101,0.00151,1.55958,0.68295,tokyo,2023
AUDUSD,1,2023-03-20 10:00:00,2023-03-20 17:00:00,0.66771,0.67249,0.66532,0.67249,0.2991,47.8,143.1,143.1,7,take_profit,18.97906,0.00159,-0.43816,0.92317,london,2023
AUDUSD,-1,2023-03-20 21:00:00,2023-03-21 07:00:00,0.67159,0.66904,0.67414,0.66648,0.2856,25.5,72.83,72.83,10,time_exit,17.14978,0.0017,1.45902,1.0788,new_york,2023
AUDUSD,1,2023-03-21 15:00:00,2023-03-21 17:00:00,0.66826,0.66628,0.66628,0.67222,0.3725,-19.8,-73.7,-73.7,2,stop_loss,24.89294,0.00132,-0.82163,1.25991,london,2023
AUDUSD,1,2023-03-21 18:00:00,2023-03-22 04:00:00,0.66587,0.6686,0.66375,0.6701,0.3446,27.3,94.08,94.07,10,time_exit,27.9507,0.00141,-2.33292,1.02128,new_york,2023
AUDUSD,1,2023-03-23 00:00:00,2023-03-23 07:00:00,0.66811,0.67366,0.66534,0.67366,0.2664,55.5,147.8,147.8,7,take_profit,24.5829,0.00185,-0.19552,0.44577,tokyo,2023
AUDUSD,1,2023-03-23 15:00:00,2023-03-23 16:00:00,0.67209,0.6698,0.6698,0.67667,0.3295,-22.9,-75.38,-75.38,1,stop_loss,44.68444,0.00153,1.20487,1.20305,london,2023
AUDUSD,1,2023-03-23 23:00:00,2023-03-24 09:00:00,0.66844,0.66868,0.66576,0.6738,0.2784,2.4,6.68,6.68,10,time_exit,31.54246,0.00179,-1.00242,0.94884,,2023
AUDUSD,-1,2023-03-24 21:00:00,2023-03-27 07:00:00,0.6645,0.66501,0.66668,0.66014,0.3429,-5.1,-17.49,-17.49,10,time_exit,38.30224,0.00145,-2.26639,-0.23429,new_york,2023
AUDUSD,1,2023-03-27 14:00:00,2023-03-28 00:00:00,0.66371,0.66484,0.66156,0.668,0.3474,11.3,39.26,39.25,10,time_exit,28.62935,0.00143,-1.81789,-0.91385,london,2023
AUDUSD,1,2023-03-28 09:00:00,2023-03-28 19:00:00,0.66847,0.67092,0.66678,0.67186,0.4422,24.5,108.34,108.34,10,time_exit,26.00583,0.00113,1.95185,-0.92983,london,2023
AUDUSD,-1,2023-03-28 23:00:00,2023-03-29 09:00:00,0.67059,0.66796,0.67224,0.6673,0.4614,26.3,121.35,121.35,10,time_exit,31.14982,0.0011,2.82763,-0.04981,,2023
AUDUSD,-1,2023-03-29 22:00:00,2023-03-30 08:00:00,0.66791,0.66966,0.66966,0.66441,0.4415,-17.5,-77.2,-77.2,10,stop_loss,18.09247,0.00117,-0.19627,0.30725,,2023
AUDUSD,-1,2023-03-30 18:00:00,2023-03-31 03:00:00,0.67052,0.67235,0.67235,0.66687,0.4186,-18.3,-76.44,-76.44,9,stop_loss,15.97451,0.00122,1.40728,0.63329,new_york,2023
AUDUSD,1,2023-04-03 06:00:00,2023-04-03 12:00:00,0.66678,0.67121,0.66456,0.67121,0.3414,44.3,151.34,151.34,6,take_profit,24.09316,0.00148,-1.60853,0.38401,tokyo,2023
AUDUSD,1,2023-04-04 17:00:00,2023-04-05 03:00:00,0.67304,0.67583,0.67068,0.67777,0.3266,27.9,91.12,91.12,10,time_exit,29.81755,0.00158,-0.59444,2.21409,new_york,2023
AUDUSD,1,2023-04-05 07:00:00,2023-04-05 08:00:00,0.67546,0.67343,0.67343,0.67952,0.3851,-20.3,-78.1,-78.1,1,stop_loss,19.31152,0.00135,0.70055,2.5157,tokyo,2023
AUDUSD,1,2023-04-07 06:00:00,2023-04-07 15:00:00,0.66818,0.66681,0.66681,0.67092,0.565,-13.7,-77.31,-77.32,9,stop_loss,27.73509,0.00091,-1.7571,-0.82439,tokyo,2023
AUDUSD,1,2023-04-07 15:00:00,2023-04-07 17:00:00,0.6676,0.66643,0.66643,0.66994,0.6537,-11.7,-76.54,-76.54,2,stop_loss,18.45715,0.00078,-2.12536,-1.33457,london,2023
AUDUSD,1,2023-04-10 12:00:00,2023-04-10 15:00:00,0.66685,0.66534,0.66534,0.66987,0.5025,-15.1,-75.77,-75.77,3,stop_loss,26.83234,0.00101,-0.87228,-1.86647,london,2023
AUDUSD,1,2023-04-10 15:00:00,2023-04-10 16:00:00,0.66578,0.66417,0.66417,0.669,0.4665,-16.1,-75.01,-75.02,1,stop_loss,23.17867,0.00107,-1.67603,-1.77488,london,2023
AUDUSD,-1,2023-04-10 21:00:00,2023-04-11 05:00:00,0.66409,0.66582,0.66582,0.66063,0.4296,-17.3,-74.27,-74.27,8,stop_loss,28.13531,0.00115,-2.22125,-2.18821,new_york,2023
AUDUSD,1,2023-04-11 08:00:00,2023-04-11 13:00:00,0.66678,0.66522,0.66522,0.66989,0.4725,-15.6,-73.52,-73.53,5,stop_loss,21.02282,0.00104,0.63457,-2.48068,tokyo,2023
AUDUSD,-1,2023-04-12 07:00:00,2023-04-12 15:00:00,0.66647,0.66787,0.66787,0.66367,0.5191,-14.0,-72.78,-72.79,8,stop_loss,11.69979,0.00093,0.64597,-2.38522,tokyo,2023
AUDUSD,1,2023-04-17 05:00:00,2023-04-17 15:00:00,0.67057,0.66928,0.66851,0.6747,0.3492,-12.9,-45.05,-45.05,10,time_exit,32.7196,0.00138,-1.84566,1.74467,tokyo,2023
AUDUSD,1,2023-04-17 16:00:00,2023-04-18 02:00:00,0.66927,0.66985,0.66746,0.67288,0.3966,5.8,23.0,23.0,10,time_exit,30.64118,0.0012,-2.40268,1.2624,new_york,2023
AUDUSD,-1,2023-04-18 07:00:00,2023-04-18 08:00:00,0.67132,0.67283,0.67283,0.66829,0.4749,-15.1,-71.85,-71.85,1,stop_loss,26.07056,0.00101,0.08302,0.69568,tokyo,2023
AUDUSD,1,2023-04-18 17:00:00,2023-04-19 03:00:00,0.6727,0.67375,0.67103,0.67604,0.4261,10.5,44.74,44.74,10,time_exit,26.86864,0.00111,0.69481,0.98781,new_york,2023
AUDUSD,1,2023-04-20 11:00:00,2023-04-20 15:00:00,0.67104,0.67407,0.66952,0.67407,0.4719,30.3,143.13,143.13,4,take_profit,22.20993,0.00101,-0.54817,0.43256,london,2023
AUDUSD,-1,2023-04-20 18:00:00,2023-04-21 04:00:00,0.67661,0.67231,0.67876,0.67231,0.3394,43.0,145.99,145.99,10,take_profit,21.24109,0.00143,3.14519,0.55492,new_york,2023
AUDUSD,1,2023-04-24 09:00:00,2023-04-24 19:00:00,0.66758,0.66854,0.66601,0.67071,0.4751,9.6,45.61,45.61,10,time_exit,33.88189,0.00104,-2.57073,-0.71175,london,2023
AUDUSD,-1,2023-04-26 16:00:00,2023-04-27 02:00:00,0.66037,0.6608,0.66221,0.65668,0.4066,-4.3,-17.48,-17.49,10,time_exit,37.66009,0.00123,-3.12423,-3.41349,new_york,2023
AUDUSD,-1,2023-05-01 01:00:00,2023-05-01 06:00:00,0.66165,0.66332,0.66332,0.65831,0.4482,-16.7,-74.74,-74.74,5,stop_loss,14.80934,0.00111,-0.37152,-3.48763,tokyo,2023
AUDUSD,1,2023-05-01 19:00:00,2023-05-02 05:00:00,0.6635,0.66334,0.66177,0.66696,0.4282,-1.6,-6.85,-6.85,10,time_exit,20.80028,0.00115,0.80028,-2.09452,new_york,2023
AUDUSD,-1,2023-05-02 12:00:00,2023-05-02 22:00:00,0.66948,0.66668,0.67167,0.6651,0.3377,28.0,94.56,94.55,10,time_exit,26.44232,0.00146,3.691,-0.65817,london,2023
AUDUSD,-1,2023-05-03 00:00:00,2023-05-03 10:00:00,0.66613,0.66614,0.66798,0.66242,0.4041,-0.1,-0.4,-0.41,10,time_exit,22.41934,0.00124,0.77344,0.01915,tokyo,2023
AUDUSD,1,2023-05-05 04:00:00,2023-05-05 09:00:00,0.67058,0.67433,0.6687,0.67433,0.3989,37.5,149.74,149.74,5,take_profit,17.61095,0.00125,2.26994,1.1685,tokyo,2023
AUDUSD,1,2023-05-05 18:00:00,2023-05-08 04:00:00,0.67428,0.67513,0.67209,0.67866,0.3491,8.5,29.67,29.67,10,time_exit,27.36437,0.00146,2.98676,1.93764,new_york,2023
AUDUSD,-1,2023-05-10 02:00:00,2023-05-10 12:00:00,0.6763,0.67554,0.67751,0.67387,0.631,7.6,47.96,47.95,10,time_exit,28.47581,0.00081,0.31197,5.8548,tokyo,2023
AUDUSD,-1,2023-05-11 14:00:00,2023-05-11 17:00:00,0.67371,0.6698,0.67567,0.6698,0.3942,39.1,154.28,154.28,3,take_profit,23.99011,0.0013,-1.96111,2.6009,london,2023
AUDUSD,-1,2023-05-12 03:00:00,2023-05-12 13:00:00,0.66994,0.66858,0.67161,0.66659,0.4702,13.6,63.95,63.95,10,time_exit,33.4274,0.00112,-3.52383,1.16015,tokyo,2023
AUDUSD,-1,2023-05-15 22:00:00,2023-05-16 08:00:00,0.67002,0.66724,0.67156,0.66694,0.5147,27.8,143.09,143.08,10,time_exit,31.28758,0.00103,1.05561,-1.8764,,2023
AUDUSD,1,2023-05-16 14:00:00,2023-05-16 15:00:00,0.66836,0.66675,0.66675,0.67157,0.5028,-16.1,-80.76,-80.76,1,stop_loss,21.38701,0.00107,-0.63228,-1.46963,london,2023
AUDUSD,1,2023-05-17 20:00:00,2023-05-18 04:00:00,0.66681,0.66469,0.66469,0.67104,0.3777,-21.2,-79.94,-79.94,8,stop_loss,17.43645,0.00141,0.20714,-1.99094,new_york,2023
AUDUSD,-1,2023-05-18 04:00:00,2023-05-18 14:00:00,0.66562,0.66391,0.66726,0.66234,0.4823,17.1,82.47,82.47,10,time_exit,13.78015,0.00109,-0.68541,-2.45586,tokyo,2023
AUDUSD,-1,2023-05-19 05:00:00,2023-05-19 06:00:00,0.66209,0.66381,0.66381,0.65866,0.4661,-17.2,-79.97,-79.98,1,stop_loss,22.89303,0.00114,-1.71508,-3.18115,tokyo,2023
AUDUSD,1,2023-05-19 09:00:00,2023-05-19 15:00:00,0.66349,0.66688,0.6618,0.66688,0.4676,33.9,158.34,158.34,6,take_profit,17.96261,0.00113,-0.43799,-3.14149,london,2023
AUDUSD,1,2023-05-24 00:00:00,2023-05-24 05:00:00,0.66075,0.65932,0.65932,0.66362,0.5635,-14.3,-80.76,-80.76,5,stop_loss,21.19915,0.00096,-2.63011,-2.57238,tokyo,2023
AUDUSD,1,2023-05-25 03:00:00,2023-05-25 04:00:00,0.65434,0.65263,0.65263,0.65776,0.4671,-17.1,-79.95,-79.95,1,stop_loss,54.72961,0.00114,-3.86938,-4.41335,tokyo,2023
AUDUSD,-1,2023-05-30 10:00:00,2023-05-30 11:00:00,0.65242,0.65414,0.65414,0.64899,0.4612,-17.2,-79.15,-79.16,1,stop_loss,15.08876,0.00114,-0.71589,-3.9032,london,2023
AUDUSD,-1,2023-05-30 13:00:00,2023-05-30 18:00:00,0.65448,0.65101,0.65622,0.65101,0.4515,34.7,156.72,156.72,5,take_profit,13.90784,0.00116,1.00858,-3.69185,london,2023
AUDUSD,1,2023-05-31 01:00:00,2023-05-31 04:00:00,0.65168,0.65005,0.65005,0.65495,0.4895,-16.3,-79.92,-79.92,3,stop_loss,15.18885,0.00109,-1.15837,-3.81514,tokyo,2023
AUDUSD,-1,2023-06-01 06:00:00,2023-06-01 16:00:00,0.65124,0.65334,0.65334,0.64705,0.3776,-21.0,-79.13,-79.13,10,stop_loss,15.79144,0.0014,0.56057,-3.28863,tokyo,2023
AUDUSD,1,2023-06-01 21:00:00,2023-06-02 07:00:00,0.65804,0.66068,0.65595,0.66221,0.3755,26.4,99.13,99.13,10,time_exit,17.60599,0.00139,4.48253,-2.13532,new_york,2023
AUDUSD,-1,2023-06-02 10:00:00,2023-06-02 12:00:00,0.6613,0.66312,0.66312,0.65766,0.4364,-18.2,-79.33,-79.34,2,stop_loss,28.67291,0.00121,5.33966,-0.38894,london,2023
AUDUSD,-1,2023-06-02 14:00:00,2023-06-05 00:00:00,0.66256,0.65999,0.6644,0.65888,0.4273,25.7,109.82,109.81,10,time_exit,34.44109,0.00123,5.38579,0.30453,london,2023
AUDUSD,1,2023-06-05 06:00:00,2023-06-05 12:00:00,0.66043,0.65871,0.65871,0.66387,0.4624,-17.2,-79.63,-79.64,6,stop_loss,19.43022,0.00115,1.94187,1.6289,tokyo,2023
AUDUSD,-1,2023-06-05 16:00:00,2023-06-05 17:00:00,0.66021,0.66188,0.66188,0.65687,0.472,-16.7,-78.84,-78.84,1,stop_loss,20.61726,0.00111,1.38524,1.80199,new_york,2023
AUDUSD,1,2023-06-06 00:00:00,2023-06-06 07:00:00,0.66171,0.66495,0.66009,0.66495,0.4813,32.4,156.09,156.09,7,take_profit,22.92571,0.00108,1.99824,2.28734,tokyo,2023
AUDUSD,1,2023-06-06 11:00:00,2023-06-06 21:00:00,0.66639,0.66736,0.66408,0.671,0.3454,9.7,33.5,33.5,10,time_exit,31.03804,0.00154,3.5009,2.12214,london,2023
AUDUSD,-1,2023-06-07 09:00:00,2023-06-07 13:00:00,0.66773,0.6694,0.6694,0.66438,0.4773,-16.7,-79.94,-79.94,4,stop_loss,30.07356,0.00112,2.85588,4.47723,london,2023
AUDUSD,-1,2023-06-08 10:00:00,2023-06-08 11:00:00,0.66642,0.66814,0.66814,0.66299,0.4609,-17.2,-79.15,-79.15,1,stop_loss,13.89296,0.00114,0.48324,4.12398,london,2023
AUDUSD,-1,2023-06-09 14:00:00,2023-06-09 15:00:00,0.67141,0.67299,0.67299,0.66826,0.4971,-15.8,-78.35,-78.35,1,stop_loss,23.44678,0.00105,2.12092,5.41974,london,2023
AUDUSD,1,2023-06-13 16:00:00,2023-06-13 17:00:00,0.67951,0.67758,0.67758,0.68337,0.4015,-19.3,-77.58,-77.58,1,stop_loss,23.75803,0.00129,3.54843,5.28044,new_york,2023
AUDUSD,-1,2023-06-14 07:00:00,2023-06-14 13:00:00,0.67754,0.67927,0.67927,0.67408,0.4434,-17.3,-76.8,-76.8,6,stop_loss,22.04775,0.00115,1.36688,5.68651,tokyo,2023
AUDUSD,1,2023-06-16 05:00:00,2023-06-16 15:00:00,0.68791,0.68732,0.68592,0.69188,0.3829,-5.9,-22.59,-22.59,10,time_exit,27.73151,0.00132,3.98363,6.30771,tokyo,2023
AUDUSD,1,2023-06-16 18:00:00,2023-06-19 04:00:00,0.6871,0.68498,0.68498,0.69133,0.3582,-21.2,-75.8,-75.8,10,stop_loss,22.48661,0.00141,1.73919,6.18485,new_york,2023
AUDUSD,1,2023-06-19 13:00:00,2023-06-19 23:00:00,0.68484,0.685,0.6827,0.68911,0.3513,1.6,5.62,5.62,10,time_exit,16.81124,0.00142,-0.43775,5.45574,london,2023
AUDUSD,1,2023-06-20 14:00:00,2023-06-20 15:00:00,0.67924,0.67739,0.67739,0.68295,0.4052,-18.5,-75.09,-75.09,1,stop_loss,38.17563,0.00124,-3.40369,3.74188,london,2023
AUDUSD,-1,2023-06-22 13:00:00,2023-06-22 17:00:00,0.67939,0.67573,0.68122,0.67573,0.4063,36.6,148.7,148.7,4,take_profit,16.01833,0.00122,0.24561,0.42461,london,2023
AUDUSD,1,2023-06-22 22:00:00,2023-06-23 04:00:00,0.67584,0.67399,0.67399,0.67954,0.4099,-18.5,-75.83,-75.83,6,stop_loss,20.84236,0.00123,-1.99427,-0.07565,,2023
AUDUSD,1,2023-06-23 22:00:00,2023-06-26 08:00:00,0.66776,0.66801,0.66582,0.67165,0.3865,2.5,9.66,9.66,10,time_exit,42.70483,0.0013,-4.22935,-2.72646,,2023
AUDUSD,-1,2023-06-26 14:00:00,2023-06-27 00:00:00,0.66741,0.66727,0.66896,0.66432,0.4858,1.4,6.8,6.8,10,time_exit,40.66786,0.00103,-3.16889,-4.60444,london,2023
AUDUSD,1,2023-06-28 06:00:00,2023-06-28 15:00:00,0.66402,0.66186,0.66186,0.66833,0.3491,-21.6,-75.25,-75.25,9,stop_loss,21.97925,0.00144,-3.36447,-2.99889,tokyo,2023
AUDUSD,1,2023-06-29 09:00:00,2023-06-29 19:00:00,0.66138,0.66268,0.65965,0.66484,0.4308,13.0,56.0,56.0,10,time_exit,42.17852,0.00115,-2.22722,-5.64991,london,2023
AUDUSD,-1,2023-07-04 18:00:00,2023-07-05 04:00:00,0.66993,0.66843,0.6717,0.66638,0.423,15.0,63.45,63.45,10,time_exit,19.42406,0.00118,2.71862,-0.86266,new_york,2023
AUDUSD,1,2023-07-07 10:00:00,2023-07-07 16:00:00,0.66302,0.6664,0.66133,0.6664,0.4474,33.8,151.37,151.37,6,take_profit,28.24636,0.00113,-1.51036,-1.77227,london,2023
AUDUSD,1,2023-07-10 01:00:00,2023-07-10 06:00:00,0.66873,0.66657,0.66657,0.67306,0.3569,-21.6,-77.18,-77.19,5,stop_loss,28.59536,0.00144,2.02735,-0.65587,tokyo,2023
AUDUSD,-1,2023-07-10 16:00:00,2023-07-10 17:00:00,0.66265,0.66469,0.66469,0.65857,0.3744,-20.4,-76.43,-76.43,1,stop_loss,28.7782,0.00136,-2.27991,-0.64085,new_york,2023
AUDUSD,-1,2023-07-11 23:00:00,2023-07-12 03:00:00,0.66851,0.67031,0.67031,0.66492,0.4211,-18.0,-75.66,-75.66,4,stop_loss,19.82859,0.0012,1.39833,0.02791,,2023
AUDUSD,-1,2023-07-12 15:00:00,2023-07-12 16:00:00,0.6688,0.67074,0.67074,0.66492,0.386,-19.4,-74.9,-74.9,1,stop_loss,19.45697,0.00129,0.31082,0.83718,london,2023
AUDUSD,-1,2023-07-13 04:00:00,2023-07-13 06:00:00,0.67888,0.68104,0.68104,0.67455,0.3427,-21.6,-74.16,-74.16,2,stop_loss,40.23897,0.00144,4.43886,2.64891,tokyo,2023
AUDUSD,1,2023-07-13 07:00:00,2023-07-13 14:00:00,0.68146,0.68586,0.67926,0.68586,0.3335,44.0,146.82,146.81,7,take_profit,42.07194,0.00147,5.49688,2.99433,tokyo,2023
AUDUSD,1,2023-07-14 02:00:00,2023-07-14 09:00:00,0.68886,0.68683,0.68683,0.69292,0.369,-20.3,-74.87,-74.88,7,stop_loss,48.75094,0.00135,6.0748,6.34044,tokyo,2023
AUDUSD,1,2023-07-17 18:00:00,2023-07-18 04:00:00,0.68172,0.68168,0.67978,0.68559,0.3826,-0.4,-1.53,-1.53,10,time_exit,39.46567,0.00129,-0.8097,5.18633,new_york,2023
AUDUSD,1,2023-07-18 12:00:00,2023-07-18 22:00:00,0.68084,0.68119,0.67886,0.68481,0.3736,3.5,13.08,13.07,10,time_exit,20.07837,0.00132,-1.10917,3.9921,london,2023
AUDUSD,-1,2023-07-18 22:00:00,2023-07-19 08:00:00,0.68132,0.6796,0.68352,0.67693,0.338,17.2,58.14,58.13,10,time_exit,15.03389,0.00146,-0.38995,3.07917,,2023
AUDUSD,-1,2023-07-19 20:00:00,2023-07-20 04:00:00,0.67668,0.67889,0.67889,0.67226,0.3388,-22.1,-74.83,-74.83,8,stop_loss,26.91218,0.00147,-2.07128,1.43246,new_york,2023
AUDUSD,1,2023-07-21 00:00:00,2023-07-21 10:00:00,0.67787,0.67574,0.67574,0.68214,0.3471,-21.3,-74.07,-74.07,10,stop_loss,22.80938,0.00142,-1.40343,1.20136,tokyo,2023
AUDUSD,-1,2023-07-21 10:00:00,2023-07-21 11:00:00,0.67822,0.67452,0.68007,0.67452,0.396,37.0,146.68,146.67,1,take_profit,25.27059,0.00123,-0.76699,0.83256,london,2023
AUDUSD,-1,2023-07-24 14:00:00,2023-07-25 00:00:00,0.67474,0.67378,0.67644,0.67134,0.4406,9.6,42.3,42.3,10,time_exit,31.06607,0.00113,-0.53344,-1.48796,london,2023
AUDUSD,1,2023-07-25 15:00:00,2023-07-26 01:00:00,0.6765,0.67857,0.6747,0.68011,0.4172,20.7,86.36,86.36,10,time_exit,20.17261,0.0012,0.92903,-1.02116,london,2023
AUDUSD,1,2023-07-26 04:00:00,2023-07-26 05:00:00,0.6777,0.67606,0.67606,0.68097,0.4651,-16.4,-76.09,-76.1,1,stop_loss,20.17341,0.00109,0.99659,-0.20261,tokyo,2023
AUDUSD,1,2023-07-28 07:00:00,2023-07-28 10:00:00,0.66656,0.66398,0.66398,0.67172,0.2919,-25.8,-75.34,-75.34,3,stop_loss,33.52753,0.00172,-4.6201,-0.96201,tokyo,2023
AUDUSD,-1,2023-07-28 20:00:00,2023-07-31 06:00:00,0.66622,0.66762,0.66892,0.66082,0.2761,-14.0,-38.65,-38.66,10,time_exit,34.46951,0.0018,-2.63124,-2.17837,new_york,2023
AUDUSD,-1,2023-08-01 15:00:00,2023-08-02 01:00:00,0.66286,0.66179,0.66491,0.65876,0.3617,10.7,38.7,38.7,10,time_exit,39.60794,0.00137,-4.3029,-2.85387,london,2023
AUDUSD,1,2023-08-02 03:00:00,2023-08-02 06:00:00,0.66176,0.65997,0.65997,0.66535,0.4156,-17.9,-74.57,-74.57,3,stop_loss,40.77619,0.0012,-3.47232,-4.56074,tokyo,2023
AUDUSD,1,2023-08-02 21:00:00,2023-08-03 07:00:00,0.65461,0.65264,0.65237,0.65909,0.3296,-19.7,-64.93,-64.93,10,time_exit,48.83798,0.00149,-4.58767,-5.11184,new_york,2023
AUDUSD,-1,2023-08-03 18:00:00,2023-08-03 19:00:00,0.65358,0.6558,0.6558,0.64915,0.3302,-22.2,-73.17,-73.17,1,stop_loss,34.11288,0.00148,-2.23087,-6.27191,new_york,2023
AUDUSD,1,2023-08-04 02:00:00,2023-08-04 12:00:00,0.65568,0.6559,0.65369,0.65966,0.3642,2.2,8.01,8.01,10,time_exit,27.72168,0.00133,-0.53631,-6.702,tokyo,2023
AUDUSD,-1,2023-08-10 22:00:00,2023-08-11 08:00:00,0.65381,0.65194,0.65624,0.64894,0.2981,18.7,55.74,55.74,10,time_exit,28.72548,0.00162,-0.54918,-2.18494,,2023
AUDUSD,-1,2023-08-11 22:00:00,2023-08-14 08:00:00,0.6493,0.64766,0.65142,0.64506,0.3445,16.4,56.5,56.5,10,time_exit,16.73916,0.00141,-2.29144,-2.99661,,2023
AUDUSD,1,2023-08-14 19:00:00,2023-08-15 04:00:00,0.64954,0.64726,0.64726,0.6541,0.3229,-22.8,-73.65,-73.65,9,stop_loss,19.87095,0.00152,-0.43921,-3.29261,new_york,2023
AUDUSD,1,2023-08-16 16:00:00,2023-08-17 00:00:00,0.64366,0.64151,0.64151,0.64795,0.3397,-21.5,-72.91,-72.91,8,stop_loss,23.83549,0.00143,-2.40426,-3.5668,new_york,2023
AUDUSD,1,2023-08-17 05:00:00,2023-08-17 13:00:00,0.6382,0.6428,0.6359,0.6428,0.3141,46.0,144.35,144.35,8,take_profit,30.94121,0.00153,-4.55582,-3.84133,tokyo,2023
AUDUSD,1,2023-08-18 07:00:00,2023-08-18 14:00:00,0.64054,0.63851,0.63851,0.64461,0.3619,-20.3,-73.63,-73.64,7,stop_loss,16.87176,0.00136,-1.40247,-4.63278,tokyo,2023
AUDUSD,-1,2023-08-21 01:00:00,2023-08-21 11:00:00,0.64037,0.6399,0.64217,0.63676,0.4042,4.7,19.0,19.0,10,time_exit,11.45156,0.0012,-0.76511,-4.96553,tokyo,2023
AUDUSD,-1,2023-08-21 13:00:00,2023-08-21 23:00:00,0.64106,0.64137,0.64284,0.63749,0.4097,-3.1,-12.7,-12.7,10,time_exit,9.84424,0.00119,0.05915,-4.66156,london,2023
AUDUSD,-1,2023-08-22 01:00:00,2023-08-22 09:00:00,0.64145,0.64312,0.64312,0.63811,0.437,-16.7,-72.95,-72.95,8,stop_loss,9.51037,0.00111,0.40493,-4.42887,tokyo,2023
AUDUSD,-1,2023-08-23 00:00:00,2023-08-23 04:00:00,0.64227,0.64413,0.64413,0.63855,0.3881,-18.6,-72.22,-72.23,4,stop_loss,15.12517,0.00124,0.2568,-2.6453,tokyo,2023
AUDUSD,-1,2023-08-24 00:00:00,2023-08-24 10:00:00,0.64779,0.64571,0.64963,0.64412,0.3892,20.8,80.95,80.95,10,time_exit,23.83077,0.00122,3.63194,-1.14893,tokyo,2023
AUDUSD,-1,2023-08-28 15:00:00,2023-08-29 01:00:00,0.6414,0.64308,0.64308,0.63805,0.4317,-16.8,-72.31,-72.31,10,stop_loss,19.95864,0.00112,-0.64771,-1.60216,london,2023
AUDUSD,-1,2023-08-29 14:00:00,2023-08-29 17:00:00,0.64322,0.64497,0.64497,0.63972,0.409,-17.5,-71.59,-71.59,3,stop_loss,14.79607,0.00117,0.25796,-0.74483,london,2023
AUDUSD,1,2023-08-30 11:00:00,2023-08-30 15:00:00,0.64651,0.65027,0.64463,0.65027,0.3767,37.6,141.75,141.75,4,take_profit,17.07222,0.00125,1.27934,0.54341,london,2023
AUDUSD,-1,2023-09-01 22:00:00,2023-09-04 05:00:00,0.64508,0.64742,0.64742,0.6404,0.309,-23.4,-72.3,-72.3,7,stop_loss,12.06794,0.00156,-1.28195,0.85743,,2023
AUDUSD,1,2023-09-05 07:00:00,2023-09-05 08:00:00,0.6426,0.64125,0.64125,0.64529,0.5319,-13.5,-71.58,-71.58,1,stop_loss,18.10118,0.0009,-3.74303,0.25434,tokyo,2023
AUDUSD,-1,2023-09-07 14:00:00,2023-09-08 00:00:00,0.63816,0.63777,0.63975,0.63498,0.4452,3.9,17.36,17.36,10,time_exit,17.9408,0.00106,-0.73814,-3.35074,london,2023
AUDUSD,1,2023-09-08 21:00:00,2023-09-11 05:00:00,0.63785,0.64116,0.6362,0.64116,0.4293,33.1,142.04,142.04,8,take_profit,18.81598,0.0011,-0.81329,-2.44947,new_york,2023
AUDUSD,-1,2023-09-11 19:00:00,2023-09-12 05:00:00,0.64326,0.64334,0.64495,0.63989,0.4299,-0.8,-3.44,-3.44,10,time_exit,39.12867,0.00112,2.27113,-0.73342,new_york,2023
AUDUSD,1,2023-09-13 09:00:00,2023-09-13 15:00:00,0.64105,0.63953,0.63953,0.6441,0.475,-15.2,-72.42,-72.42,6,stop_loss,21.59513,0.00102,-0.73632,0.05008,london,2023
AUDUSD,-1,2023-09-13 20:00:00,2023-09-14 03:00:00,0.64282,0.64477,0.64477,0.63893,0.3683,-19.5,-71.69,-71.69,7,stop_loss,28.3664,0.0013,0.83019,-0.00166,new_york,2023
AUDUSD,1,2023-09-14 07:00:00,2023-09-14 15:00:00,0.64373,0.6419,0.6419,0.6474,0.3871,-18.3,-70.98,-70.98,8,stop_loss,23.966,0.00122,1.34476,0.21336,tokyo,2023
AUDUSD,-1,2023-09-18 23:00:00,2023-09-19 09:00:00,0.64371,0.64294,0.64522,0.6407,0.4666,7.7,35.93,35.93,10,time_exit,17.48803,0.001,-0.09018,0.86705,,2023
AUDUSD,1,2023-09-21 23:00:00,2023-09-22 09:00:00,0.64138,0.6424,0.6395,0.64514,0.3753,10.2,38.28,38.28,10,time_exit,25.43517,0.00125,-1.59357,-0.17439,,2023
AUDUSD,-1,2023-09-25 12:00:00,2023-09-25 13:00:00,0.64152,0.64292,0.64292,0.63872,0.5064,-14.0,-71.01,-71.01,1,stop_loss,20.52193,0.00093,-1.8966,-0.2098,london,2023
AUDUSD,-1,2023-09-25 20:00:00,2023-09-26 06:00:00,0.64186,0.64186,0.64353,0.63853,0.422,-0.0,-0.0,-0.0,10,time_exit,22.86228,0.00111,-0.99474,-0.36477,new_york,2023
AUDUSD,1,2023-09-27 11:00:00,2023-09-27 14:00:00,0.63794,0.63632,0.63632,0.64117,0.4349,-16.2,-70.3,-70.3,3,stop_loss,38.25963,0.00108,-2.50803,-1.67401,london,2023
AUDUSD,1,2023-09-27 18:00:00,2023-09-27 19:00:00,0.63762,0.63596,0.63596,0.64095,0.4183,-16.6,-69.6,-69.6,1,stop_loss,39.33133,0.00111,-2.02163,-2.01829,new_york,2023
AUDUSD,-1,2023-09-28 15:00:00,2023-09-28 17:00:00,0.63922,0.64105,0.64105,0.63556,0.3767,-18.3,-68.89,-68.9,2,stop_loss,21.65602,0.00122,0.85912,-2.37725,london,2023
AUDUSD,1,2023-09-29 23:00:00,2023-10-02 07:00:00,0.64285,0.64064,0.64064,0.64727,0.3087,-22.1,-68.21,-68.22,8,stop_loss,30.1803,0.00147,-0.15652,0.71156,,2023
AUDUSD,1,2023-10-02 14:00:00,2023-10-02 16:00:00,0.6397,0.63773,0.63773,0.64363,0.3432,-19.7,-67.52,-67.52,2,stop_loss,22.76361,0.00131,-2.04224,0.28502,london,2023
AUDUSD,1,2023-10-02 18:00:00,2023-10-03 04:00:00,0.63716,0.63513,0.63513,0.64121,0.3299,-20.3,-66.86,-66.86,10,stop_loss,25.51572,0.00135,-3.43218,-0.06219,new_york,2023
AUDUSD,1,2023-10-03 12:00:00,2023-10-03 13:00:00,0.63225,0.63032,0.63032,0.63611,0.3427,-19.3,-66.18,-66.18,1,stop_loss,48.03405,0.00129,-4.46911,-2.07337,london,2023
AUDUSD,-1,2023-10-03 19:00:00,2023-10-04 03:00:00,0.62919,0.63134,0.63134,0.62489,0.3047,-21.5,-65.51,-65.51,8,stop_loss,48.8097,0.00143,-4.87219,-2.67075,new_york,2023
AUDUSD,-1,2023-10-04 08:00:00,2023-10-04 15:00:00,0.63204,0.63412,0.63412,0.62787,0.3113,-20.8,-64.87,-64.88,7,stop_loss,41.97681,0.00139,-1.30185,-3.587,tokyo,2023
AUDUSD,1,2023-10-04 16:00:00,2023-10-04 17:00:00,0.63368,0.6315,0.6315,0.63804,0.2943,-21.8,-64.22,-64.22,1,stop_loss,26.50196,0.00145,0.23108,-3.39447,new_york,2023
AUDUSD,1,2023-10-05 04:00:00,2023-10-05 14:00:00,0.63442,0.63491,0.63236,0.63853,0.3091,4.9,15.15,15.14,10,time_exit,15.05386,0.00137,0.95005,-3.3179,tokyo,2023
AUDUSD,1,2023-10-09 03:00:00,2023-10-09 10:00:00,0.63692,0.63435,0.63435,0.64206,0.248,-25.7,-63.73,-63.74,7,stop_loss,14.68629,0.00171,0.52508,-0.67287,tokyo,2023
AUDUSD,-1,2023-10-09 13:00:00,2023-10-09 17:00:00,0.63619,0.63843,0.63843,0.6317,0.2812,-22.4,-63.09,-63.1,4,stop_loss,18.05666,0.0015,0.14949,-0.7209,london,2023
AUDUSD,1,2023-10-11 09:00:00,2023-10-11 19:00:00,0.64146,0.64035,0.6397,0.64498,0.3547,-11.1,-39.37,-39.37,10,time_exit,13.98019,0.00117,0.68513,1.8298,london,2023
AUDUSD,1,2023-10-12 12:00:00,2023-10-12 15:00:00,0.64136,0.63966,0.63966,0.64476,0.3648,-17.0,-62.06,-62.07,3,stop_loss,21.62292,0.00113,0.08392,1.78596,london,2023
AUDUSD,-1,2023-10-13 11:00:00,2023-10-13 17:00:00,0.6326,0.62941,0.6342,0.62941,0.385,31.9,122.89,122.89,6,take_profit,48.34945,0.00106,-3.52248,-1.58574,london,2023
AUDUSD,-1,2023-10-16 02:00:00,2023-10-16 05:00:00,0.63052,0.63206,0.63206,0.62744,0.4068,-15.4,-62.67,-62.68,3,stop_loss,37.29863,0.00103,-3.09835,-3.22602,tokyo,2023
AUDUSD,1,2023-10-18 11:00:00,2023-10-18 13:00:00,0.63819,0.6365,0.6365,0.64156,0.368,-16.9,-62.04,-62.05,2,stop_loss,19.7754,0.00112,2.30714,-0.47268,london,2023
AUDUSD,1,2023-10-18 21:00:00,2023-10-19 00:00:00,0.63505,0.63319,0.63319,0.63877,0.3301,-18.6,-61.42,-61.43,3,stop_loss,20.43039,0.00124,-0.43542,-0.39514,new_york,2023
AUDUSD,1,2023-10-19 03:00:00,2023-10-19 04:00:00,0.63332,0.63176,0.63176,0.63644,0.3898,-15.6,-60.8,-60.81,1,stop_loss,20.09598,0.00104,-1.76449,-0.76273,tokyo,2023
AUDUSD,-1,2023-10-24 13:00:00,2023-10-24 23:00:00,0.63624,0.63554,0.63783,0.63306,0.3782,7.0,26.47,26.47,10,time_exit,29.51051,0.00106,2.63529,-0.51258,london,2023
AUDUSD,-1,2023-10-26 13:00:00,2023-10-26 23:00:00,0.63121,0.63217,0.63315,0.62732,0.3113,-9.6,-29.88,-29.89,10,time_exit,36.61759,0.0013,-0.78617,-1.12739,london,2023
AUDUSD,-1,2023-10-27 06:00:00,2023-10-27 16:00:00,0.63404,0.63594,0.63594,0.63025,0.3173,-19.0,-60.16,-60.16,10,stop_loss,22.06224,0.00126,1.40634,-0.93271,tokyo,2023
AUDUSD,-1,2023-11-01 08:00:00,2023-11-01 15:00:00,0.63312,0.63482,0.63482,0.62972,0.3503,-17.0,-59.57,-59.57,7,stop_loss,31.21516,0.00113,-1.2787,0.26307,tokyo,2023
AUDUSD,-1,2023-11-02 06:00:00,2023-11-02 16:00:00,0.6436,0.64371,0.64575,0.6393,0.2744,-1.1,-3.02,-3.02,10,time_exit,47.49156,0.00143,4.7731,1.25946,tokyo,2023
AUDUSD,1,2023-11-03 04:00:00,2023-11-03 14:00:00,0.64254,0.6444,0.64082,0.64598,0.343,18.6,63.8,63.8,10,time_exit,40.71606,0.00115,1.81712,3.39889,tokyo,2023
AUDUSD,-1,2023-11-03 19:00:00,2023-11-06 05:00:00,0.65037,0.65122,0.65264,0.64583,0.2623,-8.5,-22.3,-22.3,10,time_exit,42.30781,0.00151,4.96532,3.33631,new_york,2023
AUDUSD,-1,2023-11-06 09:00:00,2023-11-06 19:00:00,0.65136,0.64967,0.65305,0.64799,0.3519,16.9,59.47,59.47,10,time_exit,46.55861,0.00112,4.3652,6.13636,london,2023
AUDUSD,-1,2023-11-07 12:00:00,2023-11-07 22:00:00,0.64216,0.64329,0.6442,0.63807,0.2934,-11.3,-33.15,-33.16,10,time_exit,38.58396,0.00136,-3.51371,3.9855,london,2023
AUDUSD,1,2023-11-10 10:00:00,2023-11-10 17:00:00,0.6362,0.63458,0.63458,0.63943,0.369,-16.2,-59.61,-59.61,7,stop_loss,39.18273,0.00108,-3.23467,-1.21083,london,2023
AUDUSD,1,2023-11-10 21:00:00,2023-11-13 07:00:00,0.63576,0.63636,0.63412,0.63903,0.3607,6.0,21.64,21.64,10,time_exit,42.3172,0.00109,-2.25208,-2.01688,new_york,2023
AUDUSD,1,2023-11-13 14:00:00,2023-11-14 00:00:00,0.63747,0.63726,0.63609,0.64024,0.4278,-2.1,-8.98,-8.99,10,time_exit,28.73517,0.00092,0.06717,-2.60112,london,2023
AUDUSD,-1,2023-11-14 13:00:00,2023-11-14 15:00:00,0.63734,0.63864,0.63864,0.63473,0.4541,-13.0,-59.15,-59.16,2,stop_loss,16.8996,0.00087,-0.09702,-2.20275,london,2023
AUDUSD,-1,2023-11-14 15:00:00,2023-11-14 16:00:00,0.63704,0.63831,0.63831,0.6345,0.4612,-12.7,-58.55,-58.56,1,stop_loss,16.97198,0.00085,-0.41196,-2.24651,london,2023
AUDUSD,1,2023-11-15 05:00:00,2023-11-15 15:00:00,0.65028,0.65089,0.64824,0.65437,0.2835,6.1,17.29,17.29,10,time_exit,39.73962,0.00136,5.70058,1.41595,tokyo,2023
AUDUSD,-1,2023-11-16 08:00:00,2023-11-16 10:00:00,0.64754,0.64964,0.64964,0.64334,0.277,-21.0,-58.15,-58.15,2,stop_loss,23.7274,0.0014,0.07953,3.26397,tokyo,2023
AUDUSD,-1,2023-11-16 14:00:00,2023-11-17 00:00:00,0.64907,0.64697,0.65107,0.64507,0.2876,21.0,60.4,60.39,10,time_exit,19.24484,0.00133,0.99221,3.40342,london,2023
AUDUSD,-1,2023-11-20 21:00:00,2023-11-21 04:00:00,0.65581,0.65783,0.65783,0.65177,0.2879,-20.2,-58.16,-58.16,7,stop_loss,25.95247,0.00135,2.80094,4.03853,new_york,2023
AUDUSD,-1,2023-11-21 11:00:00,2023-11-21 21:00:00,0.65734,0.65578,0.65919,0.65364,0.3111,15.6,48.53,48.53,10,time_exit,27.12524,0.00123,2.60816,5.01713,london,2023
AUDUSD,-1,2023-11-24 08:00:00,2023-11-24 16:00:00,0.65692,0.65812,0.65812,0.65452,0.4836,-12.0,-58.07,-58.07,8,stop_loss,9.09678,0.0008,1.55678,4.87494,tokyo,2023
AUDUSD,1,2023-11-24 17:00:00,2023-11-27 03:00:00,0.65815,0.65876,0.65683,0.6608,0.434,6.1,26.47,26.47,10,time_exit,9.503,0.00088,2.37016,4.34468,new_york,2023
AUDUSD,1,2023-11-27 04:00:00,2023-11-27 05:00:00,0.65876,0.65749,0.65749,0.66129,0.4562,-12.7,-57.75,-57.76,1,stop_loss,14.68153,0.00084,2.19658,4.79023,tokyo,2023
AUDUSD,1,2023-11-27 14:00:00,2023-11-27 16:00:00,0.66032,0.65889,0.65889,0.66319,0.3989,-14.3,-57.18,-57.18,2,stop_loss,18.31651,0.00096,2.89919,4.3093,london,2023
AUDUSD,-1,2023-11-29 02:00:00,2023-11-29 03:00:00,0.6656,0.66754,0.66754,0.66172,0.2916,-19.4,-56.61,-56.61,1,stop_loss,28.25657,0.00129,3.19617,4.1618,tokyo,2023
AUDUSD,-1,2023-11-29 12:00:00,2023-11-29 22:00:00,0.66263,0.66136,0.66466,0.65856,0.2755,12.7,34.99,34.99,10,time_exit,21.55794,0.00136,0.1684,4.09018,london,2023
AUDUSD,1,2023-11-29 23:00:00,2023-11-30 09:00:00,0.6614,0.66355,0.65925,0.66569,0.2627,21.5,56.48,56.48,10,time_exit,14.67086,0.00143,-0.64577,3.41448,,2023
AUDUSD,-1,2023-12-01 01:00:00,2023-12-01 04:00:00,0.66061,0.66288,0.66288,0.65607,0.2509,-22.7,-56.94,-56.95,3,stop_loss,10.81466,0.00151,-0.82698,2.21895,tokyo,2023
AUDUSD,-1,2023-12-01 18:00:00,2023-12-01 19:00:00,0.66388,0.66599,0.66599,0.65966,0.2673,-21.1,-56.39,-56.39,1,stop_loss,11.99894,0.00141,1.59489,1.99853,new_york,2023
AUDUSD,-1,2023-12-05 17:00:00,2023-12-06 02:00:00,0.655,0.6569,0.6569,0.65119,0.2932,-19.0,-55.83,-55.83,9,stop_loss,55.91873,0.00127,-4.49472,0.56144,new_york,2023
AUDUSD,-1,2023-12-06 12:00:00,2023-12-06 22:00:00,0.6574,0.65504,0.6593,0.6536,0.2907,23.6,68.61,68.6,10,time_exit,27.8887,0.00127,-1.21366,-0.51318,london,2023
AUDUSD,1,2023-12-08 13:00:00,2023-12-08 15:00:00,0.66079,0.65917,0.65917,0.66403,0.3451,-16.2,-55.94,-55.95,2,stop_loss,35.33813,0.00108,1.75536,-0.07912,london,2023
AUDUSD,1,2023-12-14 19:00:00,2023-12-15 05:00:00,0.67122,0.67174,0.66831,0.67705,0.1901,5.2,9.89,9.88,10,time_exit,37.23797,0.00194,3.398,2.28202,new_york,2023
AUDUSD,1,2023-12-18 03:00:00,2023-12-18 13:00:00,0.67083,0.67247,0.66861,0.67526,0.2504,16.4,41.07,41.06,10,time_exit,12.84985,0.00148,1.3414,3.95414,tokyo,2023
AUDUSD,-1,2023-12-18 20:00:00,2023-12-19 04:00:00,0.6703,0.67231,0.67231,0.66627,0.2776,-20.1,-55.91,-55.91,8,stop_loss,13.3968,0.00134,0.12035,4.32797,new_york,2023
AUDUSD,-1,2023-12-20 01:00:00,2023-12-20 06:00:00,0.67615,0.67761,0.67761,0.67323,0.3786,-14.6,-55.34,-55.34,5,stop_loss,28.7593,0.00097,3.48131,6.26414,tokyo,2023
AUDUSD,-1,2023-12-20 17:00:00,2023-12-20 22:00:00,0.67724,0.67408,0.67882,0.67408,0.3463,31.6,109.58,109.58,5,take_profit,27.02297,0.00105,2.5328,6.14854,new_york,2023
AUDUSD,-1,2023-12-21 05:00:00,2023-12-21 14:00:00,0.67466,0.67637,0.67637,0.67124,0.327,-17.1,-55.87,-55.88,9,stop_loss,28.18753,0.00114,0.03993,5.08214,tokyo,2023
AUDUSD,-1,2023-12-22 02:00:00,2023-12-22 12:00:00,0.67962,0.68014,0.68135,0.67616,0.3194,-5.2,-16.61,-16.61,10,time_exit,28.79433,0.00115,2.88104,5.09362,tokyo,2023
AUDUSD,-1,2023-12-22 17:00:00,2023-12-26 03:00:00,0.68156,0.68086,0.68333,0.67803,0.3124,7.0,21.87,21.87,10,time_exit,21.67726,0.00118,3.21228,5.14781,new_york,2023
AUDUSD,-1,2023-12-28 19:00:00,2023-12-29 05:00:00,0.68425,0.68382,0.68634,0.68007,0.265,4.3,11.4,11.39,10,time_exit,15.8182,0.00139,0.50823,4.24617,new_york,2023
AUDUSD,1,2023-12-29 06:00:00,2023-12-29 11:00:00,0.68383,0.68211,0.68211,0.68726,0.3235,-17.2,-55.48,-55.48,5,stop_loss,11.9398,0.00114,0.28117,4.60714,tokyo,2023
AUDUSD,1,2024-01-02 01:00:00,2024-01-02 11:00:00,0.68071,0.68215,0.67872,0.68468,0.2764,14.4,39.8,39.8,10,time_exit,15.60251,0.00132,-1.40287,2.75722,tokyo,2024
AUDUSD,1,2024-01-03 12:00:00,2024-01-03 13:00:00,0.67491,0.67328,0.67328,0.67817,0.339,-16.3,-55.33,-55.33,1,stop_loss,30.04957,0.00109,-3.54008,0.11564,london,2024
AUDUSD,-1,2024-01-03 16:00:00,2024-01-03 17:00:00,0.6715,0.67323,0.67323,0.66804,0.3169,-17.3,-54.78,-54.79,1,stop_loss,35.78973,0.00115,-5.55336,-0.45828,new_york,2024
AUDUSD,1,2024-01-04 00:00:00,2024-01-04 10:00:00,0.67239,0.67498,0.6704,0.67638,0.2721,25.9,70.47,70.47,10,time_exit,35.52288,0.00133,-2.45665,-1.19629,tokyo,2024
AUDUSD,1,2024-01-04 15:00:00,2024-01-04 16:00:00,0.67241,0.67056,0.67056,0.67612,0.2962,-18.5,-54.93,-54.93,1,stop_loss,27.93733,0.00124,-2.22581,-1.76109,london,2024
AUDUSD,1,2024-01-04 22:00:00,2024-01-05 08:00:00,0.67036,0.66936,0.6685,0.67408,0.2928,-10.0,-29.28,-29.28,10,time_exit,35.28844,0.00124,-2.99093,-2.29858,,2024
AUDUSD,1,2024-01-05 16:00:00,2024-01-05 17:00:00,0.66868,0.67286,0.66659,0.67286,0.2588,41.8,108.19,108.19,1,take_profit,41.13063,0.00139,-2.25036,-2.84715,new_york,2024
AUDUSD,-1,2024-01-08 03:00:00,2024-01-08 13:00:00,0.67224,0.66838,0.67429,0.66813,0.2686,38.6,103.68,103.68,10,time_exit,21.0406,0.00137,0.37552,-2.60107,tokyo,2024
AUDUSD,-1,2024-01-11 22:00:00,2024-01-12 03:00:00,0.6687,0.671,0.671,0.6641,0.2447,-23.0,-56.22,-56.22,5,stop_loss,26.56283,0.00153,-0.61777,-1.60902,,2024
AUDUSD,-1,2024-01-15 03:00:00,2024-01-15 13:00:00,0.6689,0.66632,0.67095,0.6648,0.2711,25.8,69.94,69.94,10,time_exit,11.56136,0.00137,-0.43115,-1.43837,tokyo,2024
AUDUSD,-1,2024-01-15 20:00:00,2024-01-16 02:00:00,0.66598,0.66288,0.66753,0.66288,0.3638,31.0,112.7,112.7,6,take_profit,25.43492,0.00103,-2.17775,-2.47922,new_york,2024
AUDUSD,1,2024-01-16 02:00:00,2024-01-16 03:00:00,0.66504,0.6637,0.6637,0.66772,0.4291,-13.4,-57.47,-57.48,1,stop_loss,29.86409,0.00089,-2.9697,-3.12995,tokyo,2024
AUDUSD,1,2024-01-16 13:00:00,2024-01-16 19:00:00,0.65997,0.65817,0.65817,0.66356,0.3166,-18.0,-56.89,-56.89,6,stop_loss,43.42956,0.0012,-4.60534,-3.39807,london,2024
AUDUSD,-1,2024-01-16 19:00:00,2024-01-17 05:00:00,0.65969,0.65699,0.66176,0.65555,0.2719,27.0,73.41,73.41,10,time_exit,38.51764,0.00138,-3.36575,-3.38686,new_york,2024
AUDUSD,-1,2024-01-19 07:00:00,2024-01-19 11:00:00,0.65777,0.65949,0.65949,0.65433,0.332,-17.2,-57.07,-57.07,4,stop_loss,22.21919,0.00115,0.47569,-5.28391,tokyo,2024
AUDUSD,-1,2024-01-22 13:00:00,2024-01-22 23:00:00,0.65876,0.65699,0.66034,0.6556,0.3574,17.7,63.26,63.26,10,time_exit,11.66068,0.00105,0.15862,-3.42814,london,2024
AUDUSD,1,2024-01-25 08:00:00,2024-01-25 15:00:00,0.65739,0.66048,0.65585,0.66048,0.3703,30.9,114.26,114.26,7,take_profit,15.27533,0.00103,-0.92381,-1.93862,tokyo,2024
AUDUSD,1,2024-01-25 16:00:00,2024-01-25 17:00:00,0.6606,0.65887,0.65887,0.66407,0.336,-17.3,-58.26,-58.27,1,stop_loss,11.65445,0.00116,1.85756,-1.51346,new_york,2024
AUDUSD,-1,2024-01-26 11:00:00,2024-01-26 13:00:00,0.65862,0.66009,0.66009,0.65569,0.3935,-14.7,-57.69,-57.69,2,stop_loss,9.41589,0.00098,0.10286,-1.44444,london,2024
AUDUSD,-1,2024-01-29 00:00:00,2024-01-29 03:00:00,0.65716,0.65855,0.65855,0.65438,0.411,-13.9,-57.11,-57.11,3,stop_loss,8.72099,0.00093,-0.68212,-1.25529,tokyo,2024
AUDUSD,-1,2024-01-29 03:00:00,2024-01-29 06:00:00,0.65805,0.65948,0.65948,0.6552,0.3962,-14.3,-56.54,-56.54,3,stop_loss,9.19951,0.00095,-0.50042,-1.26787,tokyo,2024
AUDUSD,-1,2024-01-29 17:00:00,2024-01-29 22:00:00,0.65876,0.66015,0.66015,0.65598,0.4034,-13.9,-55.98,-55.98,5,stop_loss,21.57989,0.00093,-0.18201,-0.8121,new_york,2024
AUDUSD,-1,2024-01-30 12:00:00,2024-01-30 17:00:00,0.66052,0.65759,0.66199,0.65759,0.378,29.3,110.82,110.81,5,take_profit,11.71653,0.00098,0.61264,0.04902,london,2024
AUDUSD,-1,2024-01-31 00:00:00,2024-01-31 04:00:00,0.65989,0.65685,0.66141,0.65685,0.3722,30.4,113.05,113.05,4,take_profit,14.90115,0.00101,0.44513,-0.04631,tokyo,2024
AUDUSD,-1,2024-01-31 05:00:00,2024-01-31 10:00:00,0.65691,0.65858,0.65858,0.65358,0.346,-16.7,-57.65,-57.65,5,stop_loss,20.43186,0.00111,-2.36934,-0.20533,tokyo,2024
AUDUSD,1,2024-01-31 10:00:00,2024-01-31 16:00:00,0.65733,0.66041,0.65579,0.66041,0.3708,30.8,114.14,114.14,6,take_profit,28.85639,0.00103,-1.69828,-0.55281,london,2024
AUDUSD,-1,2024-02-01 06:00:00,2024-02-01 09:00:00,0.65666,0.65227,0.65885,0.65227,0.2654,43.9,116.44,116.44,3,take_profit,17.02348,0.00146,-1.25843,-0.59992,tokyo,2024
AUDUSD,1,2024-02-05 06:00:00,2024-02-05 16:00:00,0.65054,0.64849,0.64849,0.65463,0.2902,-20.5,-59.39,-59.39,10,stop_loss,45.30331,0.00136,-3.10165,-2.06719,tokyo,2024
AUDUSD,-1,2024-02-06 01:00:00,2024-02-06 04:00:00,0.64829,0.64976,0.64976,0.64535,0.4001,-14.7,-58.8,-58.8,3,stop_loss,43.82576,0.00098,-3.53077,-4.49439,tokyo,2024
AUDUSD,1,2024-02-08 14:00:00,2024-02-08 15:00:00,0.64971,0.64839,0.64839,0.65235,0.441,-13.2,-58.21,-58.21,1,stop_loss,21.38717,0.00088,-2.45215,-2.59192,london,2024
AUDUSD,1,2024-02-09 03:00:00,2024-02-09 11:00:00,0.64874,0.65121,0.64751,0.65121,0.4668,24.7,115.23,115.23,8,take_profit,32.28786,0.00082,-2.4065,-3.40611,tokyo,2024
AUDUSD,1,2024-02-12 00:00:00,2024-02-12 10:00:00,0.65137,0.65142,0.65018,0.65376,0.4919,0.5,2.46,2.46,10,time_exit,42.12255,0.0008,1.79964,-2.56696,tokyo,2024
AUDUSD,-1,2024-02-12 16:00:00,2024-02-12 18:00:00,0.65196,0.65315,0.65315,0.64959,0.4957,-11.9,-58.79,-58.8,2,stop_loss,18.64904,0.00079,0.53028,-1.74024,new_york,2024
AUDUSD,1,2024-02-14 06:00:00,2024-02-14 16:00:00,0.64605,0.64776,0.64461,0.64893,0.4041,17.1,69.1,69.1,10,time_exit,48.43405,0.00096,-3.18646,-2.80532,tokyo,2024
AUDUSD,1,2024-02-15 06:00:00,2024-02-15 15:00:00,0.64849,0.65116,0.64715,0.65116,0.4408,26.7,117.78,117.78,9,take_profit,20.59875,0.00089,-0.2105,-2.67293,tokyo,2024
AUDUSD,1,2024-02-16 00:00:00,2024-02-16 10:00:00,0.65197,0.65202,0.65064,0.65464,0.4505,0.5,2.25,2.25,10,time_exit,33.17262,0.00089,3.01725,-1.34767,tokyo,2024
AUDUSD,-1,2024-02-16 13:00:00,2024-02-16 15:00:00,0.65244,0.65022,0.65355,0.65022,0.5403,22.2,120.19,120.19,2,take_profit,25.93216,0.00074,2.37693,-0.58597,london,2024
AUDUSD,1,2024-02-19 14:00:00,2024-02-20 00:00:00,0.65366,0.65369,0.65255,0.65588,0.5529,0.3,1.66,1.66,10,time_exit,22.83155,0.00074,1.53684,1.19896,london,2024
AUDUSD,1,2024-02-20 23:00:00,2024-02-21 09:00:00,0.65541,0.65631,0.65409,0.65804,0.4663,9.0,41.97,41.96,10,time_exit,28.68414,0.00088,1.48127,1.93499,,2024
AUDUSD,-1,2024-02-21 23:00:00,2024-02-22 07:00:00,0.65487,0.65627,0.65627,0.65208,0.4421,-14.0,-61.73,-61.74,8,stop_loss,16.92195,0.00093,0.03502,1.91404,,2024
AUDUSD,1,2024-02-22 20:00:00,2024-02-23 06:00:00,0.65512,0.65721,0.65349,0.65838,0.3752,20.9,78.42,78.41,10,time_exit,20.22026,0.00109,-0.47911,1.82374,new_york,2024
AUDUSD,1,2024-02-28 10:00:00,2024-02-28 11:00:00,0.65086,0.64957,0.64957,0.65343,0.4811,-12.9,-61.9,-61.91,1,stop_loss,37.96108,0.00086,-3.73812,-0.24965,london,2024
AUDUSD,1,2024-02-28 17:00:00,2024-02-29 03:00:00,0.64928,0.6502,0.64792,0.652,0.4506,9.2,41.46,41.45,10,time_exit,48.40576,0.00091,-4.05817,-1.10325,new_york,2024
AUDUSD,-1,2024-03-01 06:00:00,2024-03-01 16:00:00,0.65138,0.64922,0.65277,0.64859,0.4424,21.6,95.56,95.56,10,time_exit,16.32132,0.00093,0.46522,-2.02593,tokyo,2024
AUDUSD,-1,2024-03-01 16:00:00,2024-03-01 17:00:00,0.64983,0.65119,0.65119,0.6471,0.4597,-13.6,-62.65,-62.65,1,stop_loss,14.08658,0.00091,-0.99967,-2.04195,new_york,2024
AUDUSD,-1,2024-03-04 17:00:00,2024-03-05 00:00:00,0.65211,0.64964,0.65335,0.64964,0.5013,24.7,124.05,124.04,7,take_profit,9.50176,0.00082,0.47066,-0.98594,new_york,2024
AUDUSD,1,2024-03-06 21:00:00,2024-03-07 07:00:00,0.65714,0.6576,0.65551,0.66041,0.387,4.6,17.8,17.8,10,time_exit,36.39358,0.00109,4.576,0.04501,new_york,2024
AUDUSD,-1,2024-03-07 11:00:00,2024-03-07 13:00:00,0.65938,0.66083,0.66083,0.65648,0.4378,-14.5,-63.45,-63.45,2,stop_loss,43.30489,0.00097,5.03661,1.75801,london,2024
AUDUSD,-1,2024-03-07 23:00:00,2024-03-08 07:00:00,0.66186,0.66321,0.66321,0.65916,0.4646,-13.5,-62.81,-62.81,8,stop_loss,56.03518,0.0009,5.30346,3.69914,,2024
AUDUSD,1,2024-03-11 23:00:00,2024-03-12 09:00:00,0.66105,0.66161,0.65971,0.66373,0.4648,5.6,26.03,26.03,10,time_exit,27.27184,0.00089,-0.02444,4.62924,,2024
AUDUSD,-1,2024-03-13 09:00:00,2024-03-13 19:00:00,0.66157,0.66238,0.66287,0.65896,0.4788,-8.1,-38.78,-38.78,10,time_exit,29.2584,0.00087,0.71679,3.27175,london,2024
AUDUSD,1,2024-03-15 04:00:00,2024-03-15 11:00:00,0.6567,0.65528,0.65528,0.65953,0.4379,-14.2,-62.06,-62.06,7,stop_loss,39.64533,0.00094,-3.8109,1.38511,tokyo,2024
AUDUSD,-1,2024-03-19 20:00:00,2024-03-20 06:00:00,0.65319,0.65366,0.65459,0.65039,0.4383,-4.7,-20.6,-20.6,10,time_exit,32.78867,0.00093,-1.64889,-2.58848,new_york,2024
AUDUSD,-1,2024-03-21 09:00:00,2024-03-21 16:00:00,0.66237,0.65918,0.66396,0.65918,0.3841,31.9,122.47,122.47,7,take_profit,42.2201,0.00106,5.80181,-0.446,london,2024
AUDUSD,-1,2024-03-21 20:00:00,2024-03-22 05:00:00,0.65711,0.65372,0.65881,0.65372,0.3681,33.9,124.9,124.9,9,take_profit,33.33476,0.00113,-0.23088,0.34433,new_york,2024
AUDUSD,-1,2024-03-22 13:00:00,2024-03-22 17:00:00,0.65135,0.65292,0.65292,0.64821,0.4055,-15.7,-63.7,-63.7,4,stop_loss,38.23306,0.00105,-4.27573,-0.74074,london,2024
AUDUSD,1,2024-03-22 17:00:00,2024-03-22 22:00:00,0.65279,0.65121,0.65121,0.65595,0.3985,-15.8,-63.06,-63.06,5,stop_loss,36.69881,0.00105,-2.34567,-1.09806,new_york,2024
AUDUSD,-1,2024-03-25 18:00:00,2024-03-26 04:00:00,0.65431,0.65479,0.65562,0.6517,0.4783,-4.8,-22.96,-22.96,10,time_exit,18.21763,0.00087,0.79695,-2.23108,new_york,2024
AUDUSD,-1,2024-03-26 19:00:00,2024-03-27 05:00:00,0.65362,0.65156,0.65493,0.65099,0.4738,20.6,97.6,97.6,10,time_exit,12.89793,0.00088,-0.47154,-1.40546,new_york,2024
AUDUSD,-1,2024-03-27 10:00:00,2024-03-27 20:00:00,0.65286,0.65254,0.65407,0.65043,0.521,3.2,16.67,16.67,10,time_exit,19.55319,0.00081,-0.7984,-1.76915,london,2024
AUDUSD,1,2024-03-28 12:00:00,2024-03-28 18:00:00,0.64934,0.65227,0.64787,0.65227,0.4323,29.3,126.68,126.68,6,take_profit,18.22771,0.00098,-3.51745,-1.62445,london,2024
AUDUSD,-1,2024-03-29 08:00:00,2024-03-29 15:00:00,0.65105,0.65221,0.65221,0.64872,0.5558,-11.6,-64.61,-64.61,7,stop_loss,10.67555,0.00078,-1.18674,-2.35762,tokyo,2024
AUDUSD,1,2024-04-01 06:00:00,2024-04-01 15:00:00,0.65256,0.65125,0.65125,0.65518,0.4889,-13.1,-63.97,-63.98,9,stop_loss,14.62274,0.00087,0.61263,-1.6172,tokyo,2024
AUDUSD,-1,2024-04-01 21:00:00,2024-04-02 04:00:00,0.64849,0.64976,0.64976,0.64595,0.4986,-12.7,-63.34,-63.34,7,stop_loss,24.41883,0.00085,-3.57562,-1.89554,new_york,2024
AUDUSD,1,2024-04-03 04:00:00,2024-04-03 14:00:00,0.65082,0.65178,0.64956,0.65334,0.4966,9.6,47.67,47.67,10,time_exit,18.98413,0.00084,0.05194,-1.84525,tokyo,2024
AUDUSD,1,2024-04-04 17:00:00,2024-04-04 21:00:00,0.66107,0.65967,0.65967,0.66388,0.4498,-14.0,-63.17,-63.17,4,stop_loss,46.2198,0.00094,5.76233,2.32934,new_york,2024
AUDUSD,-1,2024-04-05 17:00:00,2024-04-05 18:00:00,0.65614,0.65781,0.65781,0.6528,0.374,-16.7,-62.55,-62.55,1,stop_loss,25.33678,0.00111,-0.99427,2.4187,new_york,2024
AUDUSD,-1,2024-04-10 10:00:00,2024-04-10 15:00:00,0.66272,0.66029,0.66394,0.66029,0.5089,24.3,123.84,123.84,5,take_profit,14.26952,0.00081,1.97492,4.55188,london,2024
AUDUSD,1,2024-04-11 10:00:00,2024-04-11 16:00:00,0.65175,0.65521,0.65002,0.65521,0.3646,34.6,126.31,126.3,6,take_profit,46.86093,0.00115,-3.81299,-0.41157,london,2024
AUDUSD,-1,2024-04-12 01:00:00,2024-04-12 11:00:00,0.65369,0.65138,0.6556,0.64986,0.3367,23.1,77.78,77.78,10,time_exit,25.28513,0.00128,-0.85561,-1.05762,tokyo,2024
AUDUSD,1,2024-04-16 05:00:00,2024-04-16 15:00:00,0.64185,0.64173,0.64014,0.64528,0.3805,-1.2,-4.57,-4.57,10,time_exit,34.20746,0.00114,-5.0635,-4.42933,tokyo,2024
AUDUSD,1,2024-04-18 11:00:00,2024-04-18 15:00:00,0.6451,0.64353,0.64353,0.64825,0.414,-15.7,-65.15,-65.15,4,stop_loss,13.57077,0.00105,1.42606,-4.62451,london,2024
AUDUSD,1,2024-04-19 16:00:00,2024-04-22 02:00:00,0.64208,0.64253,0.64005,0.64614,0.318,4.5,14.31,14.31,10,time_exit,20.48873,0.00135,-0.07877,-3.38685,new_york,2024
AUDUSD,-1,2024-04-24 02:00:00,2024-04-24 04:00:00,0.6488,0.65013,0.65013,0.64613,0.4848,-13.3,-64.64,-64.64,2,stop_loss,30.89874,0.00089,3.55357,-0.45774,tokyo,2024
AUDUSD,-1,2024-04-24 04:00:00,2024-04-24 05:00:00,0.64946,0.65077,0.65077,0.64684,0.4892,-13.1,-63.99,-63.99,1,stop_loss,29.77949,0.00087,4.10171,-0.22579,tokyo,2024
AUDUSD,-1,2024-04-24 13:00:00,2024-04-24 23:00:00,0.64992,0.64976,0.65133,0.6471,0.45,1.6,7.2,7.2,10,time_exit,29.86878,0.00094,2.5951,1.0307,london,2024
AUDUSD,1,2024-04-25 21:00:00,2024-04-26 07:00:00,0.65183,0.65277,0.65002,0.65545,0.3505,9.4,32.95,32.94,10,time_exit,16.37678,0.00121,1.62775,1.83685,new_york,2024
AUDUSD,-1,2024-04-30 13:00:00,2024-04-30 15:00:00,0.65317,0.65028,0.65461,0.65028,0.4419,28.9,127.52,127.52,2,take_profit,28.40359,0.00096,-1.18529,3.55898,london,2024
AUDUSD,-1,2024-05-01 02:00:00,2024-05-01 12:00:00,0.64736,0.64815,0.64889,0.64431,0.426,-7.9,-33.65,-33.66,10,time_exit,49.16388,0.00102,-4.68449,1.43297,tokyo,2024
AUDUSD,-1,2024-05-02 10:00:00,2024-05-02 19:00:00,0.65368,0.65556,0.65556,0.64993,0.3449,-18.8,-64.69,-64.69,9,stop_loss,42.23208,0.00125,2.00363,0.51884,london,2024
AUDUSD,1,2024-05-02 20:00:00,2024-05-03 06:00:00,0.65571,0.65753,0.65372,0.65969,0.3215,18.2,58.51,58.51,10,time_exit,34.27987,0.00133,2.80551,0.87287,new_york,2024
AUDUSD,-1,2024-05-07 06:00:00,2024-05-07 09:00:00,0.66212,0.65929,0.66353,0.65929,0.4573,28.3,129.28,129.27,3,take_profit,23.25971,0.00094,1.44696,5.83758,tokyo,2024
AUDUSD,1,2024-05-07 23:00:00,2024-05-08 03:00:00,0.65988,0.65834,0.65834,0.66296,0.4282,-15.4,-65.92,-65.93,4,stop_loss,18.39632,0.00103,-0.70323,4.41279,,2024
AUDUSD,-1,2024-05-08 07:00:00,2024-05-08 17:00:00,0.65732,0.65748,0.65865,0.65467,0.4921,-1.6,-7.87,-7.88,10,time_exit,24.94549,0.00088,-3.01841,4.22424,tokyo,2024
AUDUSD,-1,2024-05-08 20:00:00,2024-05-09 06:00:00,0.65769,0.65833,0.65903,0.65501,0.487,-6.4,-31.17,-31.17,10,time_exit,25.92365,0.00089,-1.30151,2.78422,new_york,2024
AUDUSD,-1,2024-05-10 05:00:00,2024-05-10 15:00:00,0.66084,0.66092,0.66204,0.65843,0.5385,-0.8,-4.31,-4.31,10,time_exit,28.09087,0.0008,1.59671,2.92302,tokyo,2024
AUDUSD,-1,2024-05-10 20:00:00,2024-05-13 06:00:00,0.66069,0.6599,0.66202,0.65802,0.486,7.9,38.39,38.39,10,time_exit,14.91502,0.00089,0.61943,2.7245,new_york,2024
AUDUSD,1,2024-05-13 23:00:00,2024-05-14 09:00:00,0.66072,0.66013,0.65957,0.66302,0.5664,-5.9,-33.42,-33.42,10,time_exit,14.05303,0.00077,0.29571,2.72976,,2024
AUDUSD,-1,2024-05-14 11:00:00,2024-05-14 15:00:00,0.66085,0.66182,0.66182,0.65892,0.6706,-9.7,-64.88,-64.88,4,stop_loss_ambiguous,12.86765,0.00064,0.6037,2.8536,london,2024
AUDUSD,-1,2024-05-14 16:00:00,2024-05-15 02:00:00,0.66176,0.66238,0.66311,0.65905,0.4741,-6.2,-29.39,-29.4,10,time_exit,14.23115,0.0009,1.31154,2.03228,new_york,2024
AUDUSD,-1,2024-05-20 09:00:00,2024-05-20 15:00:00,0.67041,0.66782,0.67171,0.66782,0.4932,25.9,127.87,127.87,6,take_profit,29.67464,0.00086,2.75336,4.91898,london,2024
AUDUSD,-1,2024-05-20 23:00:00,2024-05-21 09:00:00,0.66685,0.66542,0.66815,0.66424,0.5,14.3,71.5,71.5,10,time_exit,24.90587,0.00087,-1.32152,4.20966,,2024
AUDUSD,1,2024-05-22 12:00:00,2024-05-22 14:00:00,0.66613,0.6648,0.6648,0.6688,0.4943,-13.3,-65.93,-65.93,2,stop_loss,17.93575,0.00089,-0.93986,2.15289,london,2024
AUDUSD,-1,2024-05-22 16:00:00,2024-05-22 21:00:00,0.66455,0.6618,0.66592,0.6618,0.4753,27.5,130.54,130.53,5,take_profit,18.57975,0.00092,-2.39682,1.83014,new_york,2024
AUDUSD,1,2024-05-22 22:00:00,2024-05-23 08:00:00,0.66134,0.66214,0.65964,0.66474,0.3915,8.0,31.32,31.32,10,time_exit,24.91373,0.00113,-4.14697,0.93823,,2024
AUDUSD,1,2024-05-23 19:00:00,2024-05-23 20:00:00,0.66279,0.66108,0.66108,0.66621,0.3917,-17.1,-66.9,-66.9,1,stop_loss,28.38679,0.00114,-1.21601,-0.31995,new_york,2024
AUDUSD,-1,2024-05-24 10:00:00,2024-05-24 11:00:00,0.65991,0.66121,0.66121,0.65731,0.5087,-13.0,-66.22,-66.22,1,stop_loss,40.03238,0.00087,-2.84506,-1.79936,london,2024
AUDUSD,1,2024-05-27 12:00:00,2024-05-27 22:00:00,0.66414,0.66578,0.66303,0.66635,0.5925,16.4,97.17,97.17,10,time_exit,23.72536,0.00074,1.91953,-1.26639,london,2024
AUDUSD,-1,2024-05-29 05:00:00,2024-05-29 14:00:00,0.6655,0.66283,0.66684,0.66283,0.4975,26.7,133.06,133.05,9,take_profit,20.40723,0.00089,0.49453,0.81229,tokyo,2024
AUDUSD,1,2024-05-31 10:00:00,2024-05-31 15:00:00,0.66366,0.66621,0.66238,0.66621,0.5315,25.5,135.74,135.73,5,take_profit,16.12777,0.00085,0.63697,-0.67555,london,2024
AUDUSD,-1,2024-06-03 04:00:00,2024-06-03 14:00:00,0.66616,0.66572,0.66765,0.66319,0.466,4.4,20.5,20.5,10,time_exit,15.08725,0.00099,2.06687,0.20599,tokyo,2024
AUDUSD,1,2024-06-03 17:00:00,2024-06-04 01:00:00,0.66642,0.66938,0.66494,0.66938,0.4691,29.6,138.85,138.85,8,take_profit,15.16651,0.00099,1.98625,0.43772,new_york,2024
AUDUSD,-1,2024-06-04 08:00:00,2024-06-04 11:00:00,0.66817,0.6653,0.66961,0.6653,0.4931,28.7,141.63,141.62,3,take_profit,28.74214,0.00096,2.10286,1.6102,tokyo,2024
AUDUSD,-1,2024-06-04 18:00:00,2024-06-05 04:00:00,0.66469,0.66635,0.66635,0.66137,0.4355,-16.6,-72.22,-72.23,10,stop_loss,25.27904,0.00111,-0.92354,0.97514,new_york,2024
AUDUSD,1,2024-06-05 12:00:00,2024-06-05 17:00:00,0.66518,0.66383,0.66383,0.66789,0.5283,-13.5,-71.5,-71.51,5,stop_loss,12.43762,0.0009,-0.3845,0.85643,london,2024
AUDUSD,-1,2024-06-05 20:00:00,2024-06-06 03:00:00,0.66424,0.66581,0.66581,0.6611,0.4509,-15.7,-70.79,-70.8,7,stop_loss,15.97744,0.00105,-0.91813,0.46316,new_york,2024
AUDUSD,-1,2024-06-10 06:00:00,2024-06-10 16:00:00,0.6589,0.65952,0.66037,0.65597,0.478,-6.2,-29.64,-29.64,10,time_exit,42.26679,0.00098,-3.93831,-1.59467,tokyo,2024
AUDUSD,-1,2024-06-11 00:00:00,2024-06-11 10:00:00,0.66068,0.66042,0.66189,0.65826,0.5767,2.6,14.99,14.99,10,time_exit,24.754,0.00081,-0.22849,-2.84862,tokyo,2024
AUDUSD,1,2024-06-12 09:00:00,2024-06-12 10:00:00,0.66201,0.6608,0.6608,0.66442,0.5795,-12.1,-69.94,-69.94,1,stop_loss,13.82691,0.0008,1.55353,-2.39064,london,2024
AUDUSD,-1,2024-06-12 15:00:00,2024-06-12 16:00:00,0.66129,0.66245,0.66245,0.65898,0.5991,-11.6,-69.24,-69.25,1,stop_loss,12.54294,0.00077,0.51677,-2.2264,london,2024
AUDUSD,1,2024-06-13 12:00:00,2024-06-13 17:00:00,0.6653,0.66361,0.66361,0.66869,0.4047,-16.9,-68.55,-68.55,5,stop_loss,16.16042,0.00113,1.19156,0.52698,london,2024
AUDUSD,-1,2024-06-14 21:00:00,2024-06-17 07:00:00,0.66126,0.66036,0.66299,0.65781,0.3931,9.0,35.38,35.38,10,time_exit,28.69377,0.00115,-1.32438,-0.34063,new_york,2024
AUDUSD,-1,2024-06-17 19:00:00,2024-06-17 20:00:00,0.65971,0.66108,0.66108,0.65697,0.498,-13.7,-68.22,-68.22,1,stop_loss,42.69768,0.00091,-1.76249,-1.42553,new_york,2024
AUDUSD,-1,2024-06-18 21:00:00,2024-06-19 04:00:00,0.66512,0.66681,0.66681,0.66173,0.3985,-16.9,-67.54,-67.54,7,stop_loss,24.56751,0.00113,2.69859,-0.41116,new_york,2024
AUDUSD,1,2024-06-19 08:00:00,2024-06-19 18:00:00,0.66623,0.66739,0.665,0.66869,0.5439,11.6,63.09,63.09,10,time_exit,31.73522,0.00082,3.34951,0.71636,tokyo,2024
AUDUSD,1,2024-06-20 02:00:00,2024-06-20 09:00:00,0.66724,0.66636,0.66636,0.669,0.7663,-8.8,-67.48,-67.49,7,stop_loss,34.94245,0.00059,3.19688,2.99765,tokyo,2024
AUDUSD,1,2024-06-20 23:00:00,2024-06-21 09:00:00,0.66581,0.66627,0.66454,0.66835,0.5271,4.6,24.25,24.24,10,time_exit,15.91321,0.00085,-0.23058,2.18802,,2024
AUDUSD,-1,2024-06-21 17:00:00,2024-06-24 03:00:00,0.66457,0.66384,0.66598,0.66174,0.4744,7.3,34.63,34.63,10,time_exit,15.15266,0.00094,-1.40864,1.55054,new_york,2024
AUDUSD,1,2024-06-25 20:00:00,2024-06-26 04:00:00,0.66385,0.66622,0.66266,0.66622,0.5687,23.7,134.81,134.81,8,take_profit,18.95238,0.00079,-1.74029,0.72676,new_york,2024
AUDUSD,1,2024-06-26 14:00:00,2024-06-26 16:00:00,0.66586,0.66446,0.66446,0.66865,0.4921,-14.0,-68.74,-68.75,2,stop_loss,20.67855,0.00093,0.01866,0.99515,london,2024
AUDUSD,-1,2024-06-26 17:00:00,2024-06-27 03:00:00,0.66508,0.66439,0.66655,0.66213,0.4617,6.9,31.86,31.86,10,time_exit,18.99968,0.00098,-0.74446,0.88415,new_york,2024
AUDUSD,1,2024-06-27 22:00:00,2024-06-28 04:00:00,0.66479,0.66343,0.66343,0.66751,0.503,-13.6,-68.39,-68.39,6,stop_loss,15.76572,0.00091,-0.93831,0.60723,,2024
AUDUSD,1,2024-06-28 22:00:00,2024-07-01 08:00:00,0.66692,0.66668,0.66527,0.67021,0.4115,-2.4,-9.88,-9.88,10,time_exit,30.90739,0.0011,1.33992,0.33394,,2024
AUDUSD,1,2024-07-02 14:00:00,2024-07-03 00:00:00,0.66514,0.66651,0.66386,0.66771,0.5268,13.7,72.17,72.17,10,time_exit,21.57763,0.00086,-0.53236,0.26417,london,2024
AUDUSD,1,2024-07-03 14:00:00,2024-07-03 16:00:00,0.66704,0.66923,0.66595,0.66923,0.6247,21.9,136.63,136.63,2,take_profit,26.73546,0.00073,0.80409,1.04817,london,2024
AUDUSD,-1,2024-07-04 16:00:00,2024-07-05 02:00:00,0.67269,0.67248,0.67378,0.67051,0.6401,2.1,13.44,13.44,10,time_exit,46.04739,0.00073,4.11603,3.76082,new_york,2024
AUDUSD,-1,2024-07-08 08:00:00,2024-07-08 18:00:00,0.67531,0.67377,0.67668,0.67257,0.5093,15.4,78.43,78.43,10,time_exit,21.58532,0.00091,2.3711,4.31429,tokyo,2024
AUDUSD,1,2024-07-09 05:00:00,2024-07-09 15:00:00,0.67367,0.67324,0.67252,0.67598,0.6115,-4.3,-26.29,-26.3,10,time_exit,15.66543,0.00077,0.03192,4.57164,tokyo,2024
AUDUSD,1,2024-07-10 06:00:00,2024-07-10 16:00:00,0.67413,0.67432,0.67308,0.67623,0.67,1.9,12.73,12.73,10,time_exit,9.11529,0.0007,0.45,4.07628,tokyo,2024
AUDUSD,1,2024-07-11 03:00:00,2024-07-11 13:00:00,0.67517,0.67547,0.67427,0.67697,0.7843,3.0,23.53,23.53,10,time_exit,7.13226,0.0006,1.6233,4.3097,tokyo,2024
AUDUSD,1,2024-07-11 16:00:00,2024-07-11 17:00:00,0.67902,0.67766,0.67766,0.68173,0.521,-13.6,-70.71,-70.71,1,stop_loss,20.82788,0.0009,4.50872,3.09426,new_york,2024
AUDUSD,-1,2024-07-15 05:00:00,2024-07-15 11:00:00,0.67709,0.67838,0.67838,0.6745,0.5413,-12.9,-70.0,-70.0,6,stop_loss,24.5561,0.00086,0.32638,3.58396,tokyo,2024
AUDUSD,1,2024-07-15 18:00:00,2024-07-15 20:00:00,0.6776,0.67638,0.67638,0.68003,0.5696,-12.2,-69.3,-69.3,2,stop_loss,14.36584,0.00081,0.51853,3.66652,new_york,2024
AUDUSD,1,2024-07-16 09:00:00,2024-07-16 15:00:00,0.67399,0.67283,0.67283,0.67631,0.5922,-11.6,-68.6,-68.61,6,stop_loss,30.18025,0.00077,-3.14116,2.6087,london,2024
AUDUSD,-1,2024-07-17 18:00:00,2024-07-18 04:00:00,0.67298,0.67336,0.67433,0.67028,0.5033,-3.8,-19.13,-19.13,10,time_exit,24.06595,0.0009,-1.60272,0.26066,new_york,2024
AUDUSD,-1,2024-07-18 09:00:00,2024-07-18 19:00:00,0.67381,0.67258,0.67505,0.67132,0.544,12.3,66.91,66.91,10,time_exit,30.63047,0.00083,-0.01137,-0.24897,london,2024
AUDUSD,-1,2024-07-19 06:00:00,2024-07-19 16:00:00,0.67058,0.66916,0.67177,0.6682,0.5755,14.2,81.72,81.72,10,time_exit,47.11444,0.00079,-2.5584,-1.29072,tokyo,2024
AUDUSD,1,2024-07-22 13:00:00,2024-07-22 15:00:00,0.66649,0.66527,0.66527,0.66892,0.5694,-12.2,-69.21,-69.21,2,stop_loss,47.88454,0.00081,-3.60274,-3.48898,london,2024
AUDUSD,1,2024-07-23 23:00:00,2024-07-24 05:00:00,0.66139,0.66039,0.66039,0.66339,0.6868,-10.0,-68.52,-68.52,6,stop_loss,64.58974,0.00067,-4.65101,-7.70336,,2024
AUDUSD,1,2024-07-24 07:00:00,2024-07-24 17:00:00,0.65944,0.66056,0.65841,0.6615,0.6588,11.2,73.79,73.78,10,time_exit,68.83705,0.00069,-5.86661,-7.93909,tokyo,2024
AUDUSD,1,2024-07-25 01:00:00,2024-07-25 03:00:00,0.65804,0.65679,0.65679,0.66054,0.5491,-12.5,-68.57,-68.57,2,stop_loss,49.84933,0.00083,-4.01325,-7.24222,tokyo,2024
AUDUSD,1,2024-07-25 12:00:00,2024-07-25 13:00:00,0.65362,0.65218,0.65218,0.6565,0.4716,-14.4,-67.89,-67.89,1,stop_loss,63.48577,0.00096,-5.74096,-7.2653,london,2024
AUDUSD,-1,2024-07-26 15:00:00,2024-07-29 01:00:00,0.65608,0.65549,0.65733,0.65357,0.5363,5.9,31.64,31.64,10,time_exit,27.62237,0.00084,-0.3413,-8.43475,london,2024
AUDUSD,1,2024-07-29 15:00:00,2024-07-29 17:00:00,0.65428,0.65291,0.65291,0.65703,0.4918,-13.7,-67.53,-67.53,2,stop_loss,13.90202,0.00092,-1.57736,-6.53124,london,2024
AUDUSD,-1,2024-07-30 00:00:00,2024-07-30 01:00:00,0.65415,0.65534,0.65534,0.65176,0.5597,-11.9,-66.86,-66.86,1,stop_loss,14.91559,0.0008,-0.46573,-7.25589,tokyo,2024
AUDUSD,1,2024-07-30 07:00:00,2024-07-30 14:00:00,0.65537,0.65404,0.65404,0.65804,0.496,-13.3,-66.18,-66.19,7,stop_loss,16.20613,0.00089,0.20237,-6.13065,tokyo,2024
AUDUSD,-1,2024-07-30 14:00:00,2024-07-31 00:00:00,0.65413,0.65374,0.65536,0.65166,0.5315,3.9,20.73,20.73,10,time_exit,16.43809,0.00082,-1.25844,-6.21197,london,2024
AUDUSD,1,2024-07-31 14:00:00,2024-07-31 17:00:00,0.65004,0.65361,0.64825,0.65361,0.368,35.7,131.44,131.44,3,take_profit,43.13823,0.00119,-2.49892,-4.62101,london,2024
AUDUSD,1,2024-08-01 03:00:00,2024-08-01 05:00:00,0.65484,0.65304,0.65304,0.65845,0.3714,-18.0,-67.04,-67.04,2,stop_loss,26.41253,0.0012,1.32179,-3.86241,tokyo,2024
AUDUSD,-1,2024-08-01 10:00:00,2024-08-01 15:00:00,0.65293,0.65474,0.65474,0.64931,0.3669,-18.1,-66.36,-66.37,5,stop_loss,18.27443,0.00121,-0.26069,-3.59758,london,2024
AUDUSD,-1,2024-08-01 15:00:00,2024-08-01 16:00:00,0.65346,0.65519,0.65519,0.65,0.3798,-17.3,-65.71,-65.72,1,stop_loss,15.76654,0.00115,0.27609,-3.64817,london,2024
AUDUSD,-1,2024-08-01 20:00:00,2024-08-02 06:00:00,0.65117,0.65071,0.65331,0.64689,0.3041,4.6,13.99,13.99,10,time_exit,15.54971,0.00143,-1.3639,-2.81699,new_york,2024
AUDUSD,-1,2024-08-02 08:00:00,2024-08-02 15:00:00,0.65132,0.65328,0.65328,0.6474,0.3323,-19.6,-65.18,-65.19,7,stop_loss,18.7349,0.00131,-0.49487,-3.33426,tokyo,2024
AUDUSD,1,2024-08-05 09:00:00,2024-08-05 16:00:00,0.64178,0.64769,0.63882,0.64769,0.2182,59.1,129.05,129.05,7,take_profit,18.40634,0.00197,-4.67283,-2.08176,london,2024
AUDUSD,1,2024-08-07 14:00:00,2024-08-07 19:00:00,0.657,0.6546,0.6546,0.6618,0.2742,-24.0,-65.84,-65.84,5,stop_loss,22.46019,0.0016,2.96516,-0.75724,london,2024
AUDUSD,-1,2024-08-08 03:00:00,2024-08-08 05:00:00,0.65184,0.65377,0.65377,0.64797,0.3372,-19.3,-65.17,-65.17,2,stop_loss,21.96553,0.00129,-0.67774,-0.58481,tokyo,2024
AUDUSD,-1,2024-08-08 19:00:00,2024-08-09 05:00:00,0.65788,0.6601,0.6601,0.65343,0.2903,-22.2,-64.52,-64.53,10,stop_loss,25.19563,0.00148,2.62033,0.1646,new_york,2024
AUDUSD,-1,2024-08-12 19:00:00,2024-08-13 05:00:00,0.65946,0.65908,0.66098,0.65643,0.4211,3.8,16.0,16.0,10,time_exit,18.50547,0.00101,1.42257,2.38666,new_york,2024
AUDUSD,-1,2024-08-13 05:00:00,2024-08-13 10:00:00,0.65907,0.66033,0.66033,0.65656,0.5095,-12.6,-64.03,-64.03,5,stop_loss,11.27336,0.00084,0.99707,2.78818,tokyo,2024
AUDUSD,-1,2024-08-14 06:00:00,2024-08-14 16:00:00,0.66273,0.66161,0.66428,0.65963,0.4086,11.2,45.76,45.76,10,time_exit,24.81137,0.00103,2.08323,3.30827,tokyo,2024
AUDUSD,1,2024-08-16 20:00:00,2024-08-19 03:00:00,0.66559,0.66852,0.66413,0.66852,0.436,29.3,127.69,127.69,7,take_profit,20.30462,0.00098,3.25685,2.9761,new_york,2024
AUDUSD,-1,2024-08-20 04:00:00,2024-08-20 14:00:00,0.67263,0.67339,0.67393,0.67003,0.5016,-7.6,-38.12,-38.12,10,time_exit,44.90167,0.00087,4.97388,6.86473,tokyo,2024
AUDUSD,1,2024-08-20 18:00:00,2024-08-21 04:00:00,0.67441,0.67439,0.67309,0.67705,0.4906,-0.2,-0.98,-0.98,10,time_exit,33.44249,0.00088,4.65858,7.4851,new_york,2024
AUDUSD,-1,2024-08-21 16:00:00,2024-08-21 18:00:00,0.67431,0.67544,0.67544,0.67205,0.5728,-11.3,-64.74,-64.74,2,stop_loss,21.81233,0.00075,2.27309,9.0024,new_york,2024
AUDUSD,1,2024-08-21 18:00:00,2024-08-22 04:00:00,0.67385,0.67383,0.67262,0.6763,0.5222,-0.2,-1.04,-1.05,10,time_exit,19.67674,0.00082,1.38766,8.22277,new_york,2024
AUDUSD,-1,2024-08-22 15:00:00,2024-08-22 17:00:00,0.67308,0.67055,0.67435,0.67055,0.5062,25.3,128.15,128.15,2,take_profit,15.6479,0.00084,-0.50138,7.08092,london,2024
AUDUSD,1,2024-08-26 12:00:00,2024-08-26 22:00:00,0.67746,0.67732,0.67608,0.68022,0.4741,-1.4,-6.64,-6.64,10,time_exit,39.69521,0.00092,2.07406,5.83455,london,2024
AUDUSD,-1,2024-08-28 01:00:00,2024-08-28 04:00:00,0.67933,0.68053,0.68053,0.67693,0.5449,-12.0,-65.29,-65.29,3,stop_loss,16.47839,0.0008,2.23372,6.15134,tokyo,2024
AUDUSD,-1,2024-08-29 00:00:00,2024-08-29 03:00:00,0.67789,0.6794,0.6794,0.67486,0.427,-15.1,-64.64,-64.65,3,stop_loss,15.96739,0.00101,0.37896,4.24888,tokyo,2024
AUDUSD,-1,2024-08-29 11:00:00,2024-08-29 21:00:00,0.68122,0.67983,0.68266,0.67834,0.4442,13.9,61.74,61.74,10,time_exit,22.15671,0.00096,2.62433,4.43739,london,2024
AUDUSD,1,2024-08-29 23:00:00,2024-08-30 09:00:00,0.67975,0.68038,0.67806,0.68313,0.382,6.3,24.07,24.06,10,time_exit,17.79539,0.00113,0.34667,3.76522,,2024
AUDUSD,1,2024-08-30 22:00:00,2024-09-02 08:00:00,0.67666,0.67652,0.67503,0.67991,0.3988,-1.4,-5.58,-5.59,10,time_exit,21.86402,0.00108,-2.22451,2.89279,,2024
AUDUSD,1,2024-09-02 13:00:00,2024-09-02 23:00:00,0.6783,0.67905,0.67687,0.68115,0.4545,7.5,34.09,34.09,10,time_exit,17.88415,0.00095,0.10898,2.20514,london,2024
AUDUSD,-1,2024-09-05 00:00:00,2024-09-05 10:00:00,0.67245,0.67187,0.67412,0.6691,0.3894,5.8,22.59,22.58,10,time_exit,21.55024,0.00112,-0.46686,-1.69822,tokyo,2024
AUDUSD,1,2024-09-06 09:00:00,2024-09-06 15:00:00,0.67244,0.67507,0.67112,0.67507,0.4966,26.3,130.73,130.73,6,take_profit,12.04409,0.00088,-0.73001,-1.4851,london,2024
AUDUSD,-1,2024-09-10 02:00:00,2024-09-10 12:00:00,0.6664,0.66663,0.66784,0.66353,0.4645,-2.3,-10.68,-10.69,10,time_exit,18.33256,0.00096,-1.96287,-4.04936,tokyo,2024
AUDUSD,1,2024-09-10 22:00:00,2024-09-11 08:00:00,0.66589,0.66591,0.66442,0.66884,0.4517,0.2,0.9,0.9,10,time_exit,12.66239,0.00098,-1.07943,-4.14751,,2024
AUDUSD,1,2024-09-12 01:00:00,2024-09-12 11:00:00,0.66737,0.66572,0.66572,0.67067,0.4032,-16.5,-66.57,-66.58,10,stop_loss,12.06569,0.0011,0.99034,-3.19549,tokyo,2024
AUDUSD,1,2024-09-17 06:00:00,2024-09-17 16:00:00,0.67514,0.67513,0.67399,0.67744,0.5723,-0.1,-0.57,-0.57,10,time_exit,24.03797,0.00077,3.06952,2.38311,tokyo,2024
AUDUSD,-1,2024-09-18 07:00:00,2024-09-18 10:00:00,0.67624,0.67747,0.67747,0.67379,0.5378,-12.3,-65.9,-65.9,3,stop_loss,18.71883,0.00082,1.86926,3.30702,tokyo,2024
AUDUSD,1,2024-09-18 16:00:00,2024-09-18 17:00:00,0.6777,0.67642,0.67642,0.68025,0.5115,-12.8,-65.24,-65.24,1,stop_loss,21.69204,0.00085,2.51249,3.62671,new_york,2024
AUDUSD,-1,2024-09-18 23:00:00,2024-09-19 01:00:00,0.67484,0.67712,0.67712,0.67028,0.283,-22.8,-64.59,-64.59,2,stop_loss,19.67531,0.00152,-0.65848,2.02602,,2024
AUDUSD,-1,2024-09-20 02:00:00,2024-09-20 12:00:00,0.68105,0.68069,0.68313,0.67689,0.3071,3.6,11.06,11.05,10,time_exit,15.82758,0.00139,1.47877,3.20707,tokyo,2024
AUDUSD,-1,2024-09-20 12:00:00,2024-09-20 22:00:00,0.68101,0.68079,0.68283,0.67737,0.3523,2.2,7.75,7.75,10,time_exit,11.55365,0.00121,1.02709,3.77547,london,2024
AUDUSD,1,2024-09-23 16:00:00,2024-09-24 02:00:00,0.68378,0.68332,0.68205,0.68724,0.3709,-4.6,-17.06,-17.06,10,time_exit,10.87905,0.00115,2.35015,3.75306,new_york,2024
AUDUSD,1,2024-09-26 06:00:00,2024-09-26 13:00:00,0.68409,0.68761,0.68233,0.68761,0.3639,35.2,127.92,127.92,7,take_profit,29.36094,0.00117,-0.80112,3.56042,tokyo,2024
AUDUSD,-1,2024-09-27 04:00:00,2024-09-27 14:00:00,0.68872,0.68944,0.69062,0.68492,0.3436,-7.2,-24.74,-24.74,10,time_exit,21.15775,0.00127,1.40111,3.69881,tokyo,2024
AUDUSD,1,2024-09-27 15:00:00,2024-09-27 17:00:00,0.68943,0.6931,0.6876,0.6931,0.3544,36.7,129.99,129.98,2,take_profit,15.06405,0.00122,1.63237,3.71089,london,2024
AUDUSD,1,2024-09-27 17:00:00,2024-09-27 19:00:00,0.69239,0.69033,0.69033,0.6965,0.3223,-20.6,-66.3,-66.3,2,stop_loss,18.9763,0.00137,3.31979,3.44997,new_york,2024
AUDUSD,1,2024-09-27 20:00:00,2024-09-30 00:00:00,0.69098,0.68884,0.68884,0.69526,0.3067,-21.4,-65.64,-65.64,4,stop_loss,21.2496,0.00143,1.90272,3.44468,new_york,2024
AUDUSD,1,2024-09-30 04:00:00,2024-09-30 14:00:00,0.69224,0.69231,0.69032,0.69609,0.3377,0.7,2.36,2.36,10,time_exit,17.13233,0.00128,2.49102,3.97611,tokyo,2024
AUDUSD,1,2024-09-30 15:00:00,2024-09-30 21:00:00,0.69231,0.69058,0.69058,0.69578,0.3748,-17.3,-65.0,-65.0,6,stop_loss,18.09593,0.00116,1.72611,4.72671,london,2024
AUDUSD,-1,2024-09-30 23:00:00,2024-10-01 09:00:00,0.69145,0.6927,0.69352,0.68732,0.3113,-12.5,-38.91,-38.91,10,time_exit,18.22089,0.00138,0.3048,4.03297,,2024
AUDUSD,1,2024-10-01 14:00:00,2024-10-01 16:00:00,0.69012,0.68806,0.68806,0.69424,0.3108,-20.6,-63.96,-63.97,2,stop_loss,19.01072,0.00137,-0.86637,3.62264,london,2024
AUDUSD,-1,2024-10-02 23:00:00,2024-10-03 09:00:00,0.68874,0.68717,0.69073,0.68477,0.3189,15.7,50.07,50.07,10,time_exit,21.67439,0.00132,-0.67196,1.91171,,2024
AUDUSD,-1,2024-10-03 16:00:00,2024-10-04 02:00:00,0.68384,0.68503,0.68567,0.68018,0.3484,-11.9,-41.46,-41.46,10,time_exit,33.34523,0.00122,-3.39136,0.80056,new_york,2024
AUDUSD,-1,2024-10-07 08:00:00,2024-10-07 17:00:00,0.68056,0.67749,0.6821,0.67749,0.4128,30.7,126.83,126.82,9,take_profit,38.00732,0.00102,-2.34102,-2.43847,tokyo,2024
AUDUSD,1,2024-10-08 08:00:00,2024-10-08 18:00:00,0.6737,0.67374,0.6716,0.67791,0.3072,0.4,1.23,1.23,10,time_exit,50.7743,0.0014,-3.62844,-3.39297,tokyo,2024
AUDUSD,1,2024-10-09 02:00:00,2024-10-09 06:00:00,0.67465,0.67287,0.67287,0.67821,0.3636,-17.8,-64.69,-64.69,4,stop_loss,38.78984,0.00119,-1.33688,-4.8084,tokyo,2024
AUDUSD,1,2024-10-11 16:00:00,2024-10-14 02:00:00,0.67329,0.67306,0.67163,0.67661,0.3856,-2.3,-8.87,-8.87,10,time_exit,12.94553,0.00111,-0.20418,-3.89867,new_york,2024
AUDUSD,-1,2024-10-14 04:00:00,2024-10-14 14:00:00,0.67338,0.67165,0.67514,0.66986,0.3633,17.3,62.85,62.85,10,time_exit,20.22675,0.00117,-0.43513,-3.03167,tokyo,2024
AUDUSD,1,2024-10-14 21:00:00,2024-10-15 07:00:00,0.67221,0.67134,0.67049,0.67565,0.3755,-8.7,-32.67,-32.67,10,time_exit,21.55602,0.00115,-0.9302,-3.0007,new_york,2024
AUDUSD,1,2024-10-15 16:00:00,2024-10-15 20:00:00,0.67168,0.67018,0.67018,0.67469,0.4273,-15.0,-64.25,-64.26,4,stop_loss,30.74481,0.001,-0.78859,-3.38617,new_york,2024
AUDUSD,-1,2024-10-16 17:00:00,2024-10-17 03:00:00,0.66746,0.66899,0.66899,0.66441,0.4165,-15.3,-63.61,-63.62,10,stop_loss,36.38131,0.00102,-2.85435,-3.99653,new_york,2024
AUDUSD,1,2024-10-17 19:00:00,2024-10-18 00:00:00,0.67016,0.66838,0.66838,0.67371,0.3547,-17.8,-62.97,-62.97,5,stop_loss,21.36784,0.00118,0.8678,-3.28449,new_york,2024
AUDUSD,-1,2024-10-18 04:00:00,2024-10-18 05:00:00,0.66982,0.67128,0.67128,0.66691,0.4281,-14.6,-62.34,-62.34,1,stop_loss,14.26829,0.00097,0.52838,-3.52389,tokyo,2024
AUDUSD,-1,2024-10-21 02:00:00,2024-10-21 09:00:00,0.67149,0.66891,0.67278,0.66891,0.4777,25.8,123.44,123.44,7,take_profit,14.01621,0.00086,1.53807,-2.52274,tokyo,2024
AUDUSD,1,2024-10-21 20:00:00,2024-10-22 06:00:00,0.666,0.66842,0.66446,0.66908,0.409,24.2,98.98,98.98,10,time_exit,25.09493,0.00103,-3.43839,-2.23554,new_york,2024
AUDUSD,1,2024-10-23 00:00:00,2024-10-23 10:00:00,0.66722,0.66626,0.66599,0.66967,0.5215,-9.6,-50.06,-50.07,10,time_exit,21.72988,0.00082,-0.07991,-3.01041,tokyo,2024
AUDUSD,-1,2024-10-23 12:00:00,2024-10-23 15:00:00,0.66586,0.6631,0.66724,0.6631,0.4596,27.6,126.89,126.89,3,take_profit,20.38223,0.00092,-2.2826,-2.64377,london,2024
AUDUSD,-1,2024-10-23 20:00:00,2024-10-24 03:00:00,0.66271,0.66408,0.66408,0.65998,0.474,-13.7,-64.72,-64.72,7,stop_loss,34.04281,0.00091,-4.50597,-3.37244,new_york,2024
AUDUSD,1,2024-10-25 00:00:00,2024-10-25 06:00:00,0.66387,0.66252,0.66252,0.66658,0.4735,-13.5,-64.06,-64.06,6,stop_loss,21.46286,0.0009,-1.14478,-3.82542,tokyo,2024
AUDUSD,-1,2024-10-28 10:00:00,2024-10-28 14:00:00,0.6596,0.66101,0.66101,0.65678,0.4497,-14.1,-63.42,-63.42,4,stop_loss,30.34711,0.00094,-2.73761,-4.60854,london,2024
AUDUSD,1,2024-10-28 22:00:00,2024-10-29 06:00:00,0.65812,0.65682,0.65682,0.66072,0.4838,-13.0,-62.79,-62.79,8,stop_loss,25.79818,0.00087,-3.56749,-5.23801,,2024
AUDUSD,1,2024-10-30 04:00:00,2024-10-30 06:00:00,0.65614,0.65482,0.65482,0.65877,0.4725,-13.2,-62.16,-62.16,2,stop_loss,30.98022,0.00088,-1.97769,-6.27787,tokyo,2024
AUDUSD,1,2024-10-30 11:00:00,2024-10-30 16:00:00,0.65596,0.65891,0.65448,0.65891,0.4167,29.5,123.08,123.08,5,take_profit,25.94181,0.00098,-1.27339,-5.69956,london,2024
AUDUSD,-1,2024-10-31 00:00:00,2024-10-31 10:00:00,0.6564,0.65762,0.65796,0.65327,0.4014,-12.2,-48.97,-48.97,10,time_exit,22.63864,0.00104,-0.24717,-4.55669,tokyo,2024
AUDUSD,1,2024-11-01 09:00:00,2024-11-01 19:00:00,0.65656,0.65763,0.65519,0.65931,0.4532,10.7,48.49,48.49,10,time_exit,12.12088,0.00092,-0.72385,-3.87534,london,2024
AUDUSD,-1,2024-11-01 23:00:00,2024-11-04 00:00:00,0.65563,0.65727,0.65727,0.65235,0.3826,-16.4,-62.76,-62.77,1,stop_loss,13.38122,0.00109,-1.32424,-2.9142,,2024
AUDUSD,-1,2024-11-06 06:00:00,2024-11-06 07:00:00,0.65177,0.6544,0.6544,0.64651,0.2361,-26.3,-62.15,-62.15,1,stop_loss,37.60314,0.00175,-4.77581,-0.07933,tokyo,2024
AUDUSD,-1,2024-11-06 10:00:00,2024-11-06 11:00:00,0.65488,0.65782,0.65782,0.649,0.2093,-29.4,-61.53,-61.53,1,stop_loss,39.89225,0.00196,-2.25947,-0.38443,london,2024
AUDUSD,1,2024-11-07 01:00:00,2024-11-07 06:00:00,0.6568,0.66238,0.65401,0.66238,0.2185,55.8,121.83,121.82,5,take_profit,20.06599,0.00186,-0.85117,-0.6938,tokyo,2024
AUDUSD,-1,2024-11-07 06:00:00,2024-11-07 15:00:00,0.6621,0.66479,0.66479,0.65673,0.2312,-26.9,-62.12,-62.12,9,stop_loss,18.67934,0.00179,1.99788,-0.62535,tokyo,2024
AUDUSD,-1,2024-11-11 13:00:00,2024-11-11 23:00:00,0.6583,0.65744,0.65999,0.65492,0.3641,8.6,31.31,31.31,10,time_exit,38.47005,0.00113,-2.06354,-0.06278,london,2024
AUDUSD,-1,2024-11-12 05:00:00,2024-11-12 15:00:00,0.65549,0.65508,0.65705,0.65236,0.3955,4.1,16.22,16.21,10,time_exit,41.18496,0.00104,-3.34862,-1.15517,tokyo,2024
AUDUSD,-1,2024-11-13 01:00:00,2024-11-13 11:00:00,0.6531,0.65324,0.65471,0.64988,0.3855,-1.4,-5.4,-5.4,10,time_exit,35.22672,0.00107,-2.89386,-2.68831,tokyo,2024
AUDUSD,-1,2024-11-13 17:00:00,2024-11-14 03:00:00,0.64995,0.64842,0.6519,0.64604,0.3171,15.3,48.52,48.51,10,time_exit,25.28903,0.0013,-3.52667,-2.77527,new_york,2024
AUDUSD,-1,2024-11-14 04:00:00,2024-11-14 14:00:00,0.64843,0.64663,0.65027,0.64475,0.3393,18.0,61.07,61.07,10,time_exit,24.15109,0.00123,-3.34639,-3.79984,tokyo,2024
AUDUSD,-1,2024-11-15 17:00:00,2024-11-15 19:00:00,0.64477,0.64674,0.64674,0.64083,0.3198,-19.7,-63.01,-63.01,2,stop_loss,28.13536,0.00131,-2.35111,-4.5944,new_york,2024
AUDUSD,1,2024-11-18 13:00:00,2024-11-18 18:00:00,0.64582,0.649,0.64423,0.649,0.393,31.8,124.78,124.78,5,take_profit,20.70608,0.00106,-1.09859,-5.21138,london,2024
AUDUSD,1,2024-11-18 23:00:00,2024-11-19 09:00:00,0.65071,0.65105,0.64912,0.65389,0.3998,3.4,13.59,13.59,10,time_exit,28.14559,0.00106,2.98309,-4.31068,,2024
AUDUSD,-1,2024-11-21 11:00:00,2024-11-21 21:00:00,0.65199,0.65159,0.6534,0.64917,0.4527,4.0,18.11,18.11,10,time_exit,15.26192,0.00094,1.22365,-0.9118,london,2024
AUDUSD,1,2024-11-22 00:00:00,2024-11-22 07:00:00,0.65112,0.64951,0.64951,0.65435,0.3963,-16.1,-63.96,-63.96,7,stop_loss,12.86237,0.00108,-0.07065,-0.50865,tokyo,2024
AUDUSD,1,2024-11-22 14:00:00,2024-11-22 18:00:00,0.65029,0.6484,0.6484,0.65408,0.3343,-18.9,-63.32,-63.32,4,stop_loss,16.5938,0.00126,-0.45067,-0.55843,london,2024
AUDUSD,-1,2024-11-26 12:00:00,2024-11-26 22:00:00,0.64853,0.6462,0.6508,0.64399,0.2764,23.3,64.4,64.4,10,time_exit,18.34577,0.00151,-0.82741,-0.80059,london,2024
AUDUSD,1,2024-11-27 04:00:00,2024-11-27 14:00:00,0.64725,0.64818,0.64513,0.65148,0.2991,9.3,27.82,27.81,10,time_exit,16.69025,0.00141,-0.91605,-1.34082,tokyo,2024
AUDUSD,1,2024-11-27 17:00:00,2024-11-28 03:00:00,0.64942,0.6504,0.64759,0.65309,0.3468,9.8,33.99,33.98,10,time_exit,14.08996,0.00122,0.74463,-1.3948,new_york,2024
AUDUSD,1,2024-11-29 03:00:00,2024-11-29 13:00:00,0.65055,0.65077,0.64923,0.65319,0.4849,2.2,10.67,10.67,10,time_exit,10.51752,0.00088,1.18512,-0.64185,tokyo,2024
AUDUSD,1,2024-12-02 08:00:00,2024-12-02 14:00:00,0.64983,0.64832,0.64832,0.65285,0.4237,-15.1,-64.04,-64.04,6,stop_loss,17.55666,0.00101,-0.56406,0.12443,tokyo,2024
AUDUSD,1,2024-12-03 08:00:00,2024-12-03 10:00:00,0.64697,0.65016,0.64538,0.65016,0.398,31.9,126.8,126.8,2,take_profit,20.8526,0.00106,-1.40534,-1.12912,tokyo,2024
AUDUSD,1,2024-12-04 08:00:00,2024-12-04 11:00:00,0.64425,0.64206,0.64206,0.64863,0.295,-21.9,-64.67,-64.67,3,stop_loss,28.13646,0.00146,-2.26701,-1.10793,tokyo,2024
AUDUSD,1,2024-12-04 17:00:00,2024-12-05 03:00:00,0.64116,0.64288,0.63915,0.64517,0.319,17.2,54.87,54.87,10,time_exit,37.76956,0.00134,-3.48174,-2.03945,new_york,2024
AUDUSD,-1,2024-12-05 08:00:00,2024-12-05 18:00:00,0.6437,0.6437,0.64534,0.64043,0.3944,-0.0,-0.0,-0.0,10,time_exit,24.86738,0.00109,-0.88159,-2.88505,tokyo,2024
AUDUSD,-1,2024-12-06 12:00:00,2024-12-06 15:00:00,0.64264,0.6442,0.6442,0.63953,0.415,-15.6,-64.58,-64.58,3,stop_loss,22.78421,0.00104,-1.34191,-2.70768,london,2024
AUDUSD,1,2024-12-06 15:00:00,2024-12-06 17:00:00,0.64146,0.63992,0.63992,0.64453,0.4162,-15.4,-63.94,-63.94,2,stop_loss,26.76911,0.00102,-2.26669,-2.84977,london,2024
AUDUSD,-1,2024-12-09 19:00:00,2024-12-10 03:00:00,0.64596,0.64206,0.64791,0.64206,0.3245,39.0,126.58,126.58,8,take_profit,33.98753,0.0013,2.61807,-2.17369,new_york,2024
AUDUSD,-1,2024-12-10 12:00:00,2024-12-10 22:00:00,0.63942,0.63792,0.64156,0.63513,0.301,15.0,45.15,45.15,10,time_exit,33.19681,0.00143,-1.81548,-1.97134,london,2024
AUDUSD,1,2024-12-12 17:00:00,2024-12-12 19:00:00,0.63978,0.63765,0.63765,0.64405,0.3045,-21.3,-65.01,-65.01,2,stop_loss,24.13469,0.00142,0.33323,-2.03541,new_york,2024
AUDUSD,-1,2024-12-13 22:00:00,2024-12-16 03:00:00,0.6357,0.63723,0.63723,0.63264,0.4208,-15.3,-64.36,-64.37,5,stop_loss,26.46252,0.00102,-1.73099,-3.29086,,2024
AUDUSD,-1,2024-12-16 22:00:00,2024-12-17 08:00:00,0.63686,0.6348,0.63839,0.63379,0.4154,20.6,85.57,85.57,10,time_exit,15.07969,0.00102,-0.05395,-2.93027,,2024
AUDUSD,-1,2024-12-17 08:00:00,2024-12-17 18:00:00,0.63505,0.63374,0.63641,0.63234,0.4763,13.1,62.4,62.39,10,time_exit,16.00826,0.0009,-1.92833,-3.09385,tokyo,2024
AUDUSD,-1,2024-12-17 23:00:00,2024-12-18 09:00:00,0.63348,0.6315,0.63476,0.63092,0.509,19.8,100.78,100.78,10,time_exit,26.30777,0.00085,-2.52576,-3.77732,,2024
AUDUSD,-1,2024-12-18 22:00:00,2024-12-19 01:00:00,0.6241,0.62029,0.626,0.62029,0.3479,38.1,132.41,132.4,3,take_profit,38.66775,0.00127,-6.97298,-3.45661,,2024
AUDUSD,1,2024-12-19 05:00:00,2024-12-19 15:00:00,0.62316,0.62526,0.62107,0.62733,0.3236,21.0,67.96,67.95,10,time_exit,52.83367,0.00139,-5.12675,-4.32863,tokyo,2024
AUDUSD,1,2024-12-26 11:00:00,2024-12-26 21:00:00,0.62266,0.62215,0.62127,0.62543,0.4922,-5.1,-25.1,-25.1,10,time_exit,13.78201,0.00092,-1.47699,-4.84331,london,2024
AUDUSD,1,2024-12-27 12:00:00,2024-12-27 22:00:00,0.62096,0.62158,0.61965,0.62359,0.517,6.2,32.05,32.05,10,time_exit,28.84706,0.00088,-1.98034,-4.98652,london,2024
AUDUSD,1,2024-12-30 01:00:00,2024-12-30 11:00:00,0.62255,0.62242,0.62117,0.6253,0.496,-1.3,-6.45,-6.45,10,time_exit,18.27659,0.00092,0.37202,-4.54192,tokyo,2024
