symbol,direction,entry_dt,exit_dt,entry,exit,stop_loss,take_profit,size,pnl_pips,pnl_gross,pnl,bars_held,exit_reason,adx_entry,atr_entry,ema_distance,trend_gap,session,year
EURUSD,-1,2019-01-16 17:00:00,2019-01-17 03:00:00,1.13971,1.13942,1.14202,1.13509,0.4325,2.9,12.54,12.54,10,time_exit,28.04384,0.00154,-1.98809,-1.7683,new_york,2019
EURUSD,-1,2019-01-17 17:00:00,2019-01-18 03:00:00,1.1387,1.13951,1.14053,1.13504,0.5467,-8.1,-44.28,-44.28,10,time_exit,25.88171,0.00122,-1.65985,-2.87422,new_york,2019
EURUSD,-1,2019-01-21 03:00:00,2019-01-21 09:00:00,1.13743,1.13891,1.13891,1.13447,0.6733,-14.8,-99.68,-99.69,6,stop_loss,28.96023,0.00099,-1.35824,-3.81864,,2019
EURUSD,-1,2019-01-21 09:00:00,2019-01-21 19:00:00,1.13796,1.13684,1.13919,1.13551,0.805,11.2,90.16,90.16,10,time_exit,22.14723,0.00082,-0.72349,-4.53812,london,2019
EURUSD,1,2019-01-22 02:00:00,2019-01-22 06:00:00,1.13689,1.13582,1.13582,1.13904,0.9277,-10.7,-99.58,-99.58,4,stop_loss,14.85569,0.00072,-1.17432,-5.15356,,2019
EURUSD,1,2019-01-22 11:00:00,2019-01-22 15:00:00,1.13608,1.13494,1.13494,1.13837,0.8619,-11.4,-98.59,-98.59,4,stop_loss,22.18107,0.00076,-1.53328,-4.88506,london,2019
EURUSD,1,2019-01-22 16:00:00,2019-01-22 19:00:00,1.13456,1.13694,1.13337,1.13694,0.8204,23.8,195.2,195.2,3,take_profit,22.07232,0.00079,-3.0185,-4.74133,new_york,2019
EURUSD,-1,2019-01-23 14:00:00,2019-01-23 17:00:00,1.13654,1.13776,1.13776,1.1341,0.8164,-12.2,-99.56,-99.56,3,stop_loss,16.11169,0.00081,-0.03581,-4.02126,london,2019
EURUSD,-1,2019-01-25 13:00:00,2019-01-25 16:00:00,1.13383,1.13586,1.13586,1.12977,0.4854,-20.3,-98.57,-98.57,3,stop_loss,19.12945,0.00135,-0.22258,-2.76634,london,2019
EURUSD,-1,2019-01-28 05:00:00,2019-01-28 15:00:00,1.14137,1.14173,1.14323,1.13764,0.5238,-3.6,-18.86,-18.86,10,time_exit,38.18914,0.00124,3.62089,-1.01581,,2019
EURUSD,1,2019-01-28 23:00:00,2019-01-29 09:00:00,1.14282,1.14349,1.14109,1.14628,0.5636,6.7,37.76,37.76,10,time_exit,32.14481,0.00115,2.821,0.68754,,2019
EURUSD,1,2019-01-29 14:00:00,2019-01-29 15:00:00,1.14359,1.14218,1.14218,1.14642,0.6918,-14.1,-97.76,-97.76,1,stop_loss,33.40481,0.00094,2.46612,1.97773,london,2019
EURUSD,-1,2019-01-29 17:00:00,2019-01-30 03:00:00,1.14258,1.14411,1.14411,1.13952,0.6328,-15.3,-96.79,-96.8,10,stop_loss,28.20505,0.00102,1.11679,1.87785,new_york,2019
EURUSD,1,2019-01-31 15:00:00,2019-01-31 17:00:00,1.14928,1.14728,1.14728,1.15328,0.4796,-20.0,-95.83,-95.83,2,stop_loss,39.82295,0.00133,2.55664,3.05438,london,2019
EURUSD,1,2019-01-31 20:00:00,2019-02-01 06:00:00,1.145,1.14422,1.14267,1.14967,0.4065,-7.8,-31.71,-31.71,10,time_exit,33.55633,0.00156,-0.67225,2.5757,new_york,2019
EURUSD,-1,2019-02-01 07:00:00,2019-02-01 11:00:00,1.14422,1.14575,1.14575,1.14116,0.6176,-15.3,-94.54,-94.54,4,stop_loss,30.56655,0.00102,-1.23691,3.12572,london,2019
EURUSD,1,2019-02-04 12:00:00,2019-02-04 16:00:00,1.14455,1.14316,1.14316,1.14733,0.6736,-13.9,-93.6,-93.6,4,stop_loss,14.89286,0.00093,-0.99414,2.54208,london,2019
EURUSD,1,2019-02-04 16:00:00,2019-02-04 17:00:00,1.1449,1.14352,1.14352,1.14767,0.6697,-13.8,-92.67,-92.67,1,stop_loss,12.83625,0.00092,-0.53444,2.38271,new_york,2019
EURUSD,-1,2019-02-05 05:00:00,2019-02-05 10:00:00,1.14391,1.1416,1.14507,1.1416,0.7937,23.1,183.48,183.48,5,take_profit,21.0152,0.00077,-0.8926,1.78783,,2019
EURUSD,1,2019-02-08 07:00:00,2019-02-08 10:00:00,1.13411,1.13292,1.13292,1.1365,0.784,-11.9,-93.57,-93.57,3,stop_loss,40.58428,0.0008,-2.72142,-4.87046,london,2019
EURUSD,1,2019-02-08 17:00:00,2019-02-08 18:00:00,1.13379,1.13241,1.13241,1.13655,0.6717,-13.8,-92.63,-92.63,1,stop_loss,30.23607,0.00092,-1.84661,-4.42131,new_york,2019
EURUSD,1,2019-02-08 23:00:00,2019-02-11 09:00:00,1.13223,1.1321,1.13091,1.13487,0.6944,-1.3,-9.03,-9.03,10,time_exit,30.49476,0.00088,-2.98864,-4.86554,,2019
EURUSD,-1,2019-02-12 07:00:00,2019-02-12 10:00:00,1.12761,1.12884,1.12884,1.12516,0.7474,-12.3,-91.62,-91.62,3,stop_loss,35.17163,0.00082,-3.91967,-7.04617,london,2019
EURUSD,-1,2019-02-12 16:00:00,2019-02-12 18:00:00,1.12926,1.13087,1.13087,1.12605,0.5651,-16.1,-90.7,-90.71,2,stop_loss,27.00526,0.00107,-0.72835,-5.433,new_york,2019
EURUSD,1,2019-02-13 01:00:00,2019-02-13 11:00:00,1.13288,1.13209,1.13126,1.13612,0.5544,-7.9,-43.8,-43.8,10,time_exit,30.36968,0.00108,2.07681,-4.49756,,2019
EURUSD,1,2019-02-15 19:00:00,2019-02-18 03:00:00,1.12681,1.13111,1.12466,1.13111,0.4152,43.0,178.72,178.72,8,take_profit,18.08019,0.00143,-1.06892,-2.71762,new_york,2019
EURUSD,1,2019-02-18 07:00:00,2019-02-18 17:00:00,1.1312,1.13069,1.12942,1.13476,0.5121,-5.1,-26.12,-26.12,10,time_exit,19.50015,0.00119,1.81933,-2.49103,london,2019
EURUSD,1,2019-02-19 04:00:00,2019-02-19 13:00:00,1.13041,1.1291,1.1291,1.13303,0.6943,-13.1,-90.88,-90.88,9,stop_loss,10.86504,0.00087,0.10719,-1.78216,,2019
EURUSD,-1,2019-02-19 14:00:00,2019-02-19 16:00:00,1.1283,1.13021,1.13021,1.12448,0.4716,-19.1,-89.98,-89.98,2,stop_loss,15.37584,0.00127,-1.49878,-1.15668,london,2019
EURUSD,1,2019-02-19 18:00:00,2019-02-20 04:00:00,1.13339,1.13503,1.13121,1.13774,0.4091,16.4,67.09,67.09,10,time_exit,16.62697,0.00145,2.09967,-0.9135,new_york,2019
EURUSD,1,2019-02-20 13:00:00,2019-02-20 23:00:00,1.13424,1.1337,1.13249,1.13774,0.5134,-5.4,-27.72,-27.73,10,time_exit,24.65926,0.00117,1.52252,0.29041,london,2019
EURUSD,1,2019-02-21 07:00:00,2019-02-21 08:00:00,1.13498,1.13331,1.13331,1.13833,0.5344,-16.7,-89.47,-89.47,1,stop_loss,13.23132,0.00112,1.27246,0.91716,london,2019
EURUSD,-1,2019-02-22 00:00:00,2019-02-22 10:00:00,1.13341,1.13484,1.13544,1.12936,0.437,-14.3,-62.49,-62.49,10,time_exit,10.2589,0.00135,-0.38346,0.75126,,2019
EURUSD,-1,2019-02-22 15:00:00,2019-02-22 16:00:00,1.1327,1.1342,1.1342,1.12969,0.585,-15.0,-87.95,-87.95,1,stop_loss,8.84779,0.001,-1.15242,0.91751,london,2019
EURUSD,1,2019-02-25 01:00:00,2019-02-25 11:00:00,1.13362,1.13493,1.13196,1.13695,0.523,13.1,68.51,68.51,10,time_exit,8.27289,0.00111,-0.23573,0.72726,,2019
EURUSD,-1,2019-02-26 08:00:00,2019-02-26 15:00:00,1.1359,1.13721,1.13721,1.13328,0.6711,-13.1,-87.76,-87.76,7,stop_loss,8.22636,0.00087,0.98656,1.59698,london,2019
EURUSD,-1,2019-02-26 22:00:00,2019-02-27 08:00:00,1.13962,1.13752,1.1415,1.13587,0.4631,21.0,97.25,97.25,10,time_exit,11.84241,0.00125,3.04327,1.41157,,2019
EURUSD,1,2019-02-27 09:00:00,2019-02-27 13:00:00,1.13752,1.14018,1.13619,1.14018,0.6608,26.6,175.69,175.69,4,take_profit,13.2465,0.00089,0.88182,2.5155,london,2019
EURUSD,1,2019-02-27 18:00:00,2019-02-27 19:00:00,1.13815,1.1364,1.1364,1.14165,0.5122,-17.5,-89.61,-89.61,1,stop_loss,14.46301,0.00117,0.67041,2.1193,new_york,2019
EURUSD,1,2019-03-01 00:00:00,2019-03-01 10:00:00,1.13699,1.13634,1.13516,1.14065,0.4847,-6.5,-31.51,-31.51,10,time_exit,15.47631,0.00122,-0.71884,1.80666,,2019
EURUSD,1,2019-03-01 21:00:00,2019-03-04 07:00:00,1.13635,1.13625,1.1345,1.14004,0.4787,-1.0,-4.79,-4.79,10,time_exit,15.77223,0.00123,-1.00604,1.28482,new_york,2019
EURUSD,-1,2019-03-05 06:00:00,2019-03-05 16:00:00,1.13276,1.13258,1.13412,1.13005,0.6519,1.8,11.73,11.73,10,time_exit,27.2868,0.0009,-2.60358,-0.54854,,2019
EURUSD,-1,2019-03-05 20:00:00,2019-03-06 06:00:00,1.12972,1.1299,1.13157,1.12602,0.4788,-1.8,-8.62,-8.62,10,time_exit,26.2229,0.00123,-3.32198,-1.08961,new_york,2019
EURUSD,1,2019-03-08 14:00:00,2019-03-11 00:00:00,1.1215,1.12328,1.11977,1.12497,0.5098,17.8,90.74,90.74,10,time_exit,44.86277,0.00116,-2.91535,-5.24158,london,2019
EURUSD,1,2019-03-14 21:00:00,2019-03-15 07:00:00,1.12991,1.1319,1.12829,1.13316,0.5498,19.9,109.41,109.41,10,time_exit,22.03951,0.00108,-0.2129,0.77939,new_york,2019
EURUSD,-1,2019-03-18 19:00:00,2019-03-19 05:00:00,1.13373,1.13426,1.13516,1.13088,0.6337,-5.3,-33.59,-33.59,10,time_exit,28.73218,0.00095,1.03439,2.27233,new_york,2019
EURUSD,1,2019-03-20 01:00:00,2019-03-20 11:00:00,1.13491,1.13431,1.13354,1.13766,0.6556,-6.0,-39.34,-39.34,10,time_exit,20.06882,0.00092,0.84843,2.77244,,2019
EURUSD,-1,2019-03-20 13:00:00,2019-03-20 15:00:00,1.13492,1.13614,1.13614,1.13248,0.7342,-12.2,-89.66,-89.66,2,stop_loss,14.97081,0.00081,0.65908,2.97042,london,2019
EURUSD,1,2019-03-21 03:00:00,2019-03-21 11:00:00,1.14285,1.14059,1.14059,1.14737,0.3926,-22.6,-88.75,-88.75,8,stop_loss,30.65149,0.00151,4.2733,2.35691,,2019
EURUSD,-1,2019-03-21 17:00:00,2019-03-21 19:00:00,1.1392,1.13512,1.14124,1.13512,0.4304,40.8,175.74,175.74,2,take_profit,29.65568,0.00136,0.6411,3.2352,new_york,2019
EURUSD,1,2019-03-22 07:00:00,2019-03-22 11:00:00,1.13747,1.13569,1.13569,1.14103,0.5032,-17.8,-89.63,-89.63,4,stop_loss,24.03255,0.00119,-0.18978,2.86093,london,2019
EURUSD,-1,2019-03-26 07:00:00,2019-03-26 15:00:00,1.13161,1.12901,1.13291,1.12901,0.6813,26.0,177.45,177.45,8,take_profit,17.01887,0.00087,-0.586,-1.12771,london,2019
EURUSD,-1,2019-03-27 00:00:00,2019-03-27 10:00:00,1.12655,1.12522,1.12836,1.12293,0.4999,13.3,66.49,66.48,10,time_exit,22.33523,0.00121,-3.43882,-1.49907,,2019
EURUSD,-1,2019-03-27 13:00:00,2019-03-27 17:00:00,1.12804,1.12443,1.12984,1.12443,0.5052,36.1,182.34,182.34,4,take_profit,28.53863,0.0012,-0.80119,-2.32372,london,2019
EURUSD,-1,2019-03-29 05:00:00,2019-03-29 15:00:00,1.12274,1.12442,1.12442,1.11938,0.5535,-16.8,-92.98,-92.99,10,stop_loss,37.67335,0.00112,-1.9784,-3.92136,,2019
EURUSD,1,2019-03-29 19:00:00,2019-04-01 05:00:00,1.12271,1.12317,1.12081,1.12652,0.4839,4.6,22.26,22.26,10,time_exit,27.49075,0.00127,-1.06149,-3.49859,new_york,2019
EURUSD,1,2019-04-01 15:00:00,2019-04-01 17:00:00,1.12293,1.12144,1.12144,1.12591,0.6195,-14.9,-92.28,-92.28,2,stop_loss,20.26983,0.00099,-0.5683,-4.02579,london,2019
EURUSD,-1,2019-04-01 23:00:00,2019-04-02 09:00:00,1.12101,1.12009,1.12258,1.11786,0.5803,9.2,53.39,53.39,10,time_exit,19.313,0.00105,-1.86407,-3.86841,,2019
EURUSD,-1,2019-04-02 12:00:00,2019-04-02 15:00:00,1.1198,1.12116,1.12116,1.11708,0.6755,-13.6,-91.89,-91.89,3,stop_loss,26.03539,0.00091,-2.32831,-4.76428,london,2019
EURUSD,1,2019-04-04 14:00:00,2019-04-04 15:00:00,1.12279,1.12146,1.12146,1.12545,0.6832,-13.3,-90.97,-90.97,1,stop_loss,22.62368,0.00089,-0.29196,-2.02757,london,2019
EURUSD,-1,2019-04-04 20:00:00,2019-04-05 06:00:00,1.12192,1.1224,1.12329,1.11918,0.6567,-4.8,-31.52,-31.52,10,time_exit,27.49632,0.00091,-0.93481,-2.07238,new_york,2019
EURUSD,1,2019-04-09 18:00:00,2019-04-10 03:00:00,1.12732,1.12599,1.12599,1.12998,0.6747,-13.3,-89.75,-89.75,9,stop_loss,47.07681,0.00089,2.15743,0.93368,new_york,2019
EURUSD,1,2019-04-10 07:00:00,2019-04-10 14:00:00,1.12605,1.12813,1.12501,1.12813,0.8536,20.8,177.71,177.71,7,take_profit,25.22075,0.00069,0.34789,1.44408,london,2019
EURUSD,-1,2019-04-10 14:00:00,2019-04-10 15:00:00,1.12754,1.1287,1.1287,1.12522,0.7812,-11.6,-90.64,-90.64,1,stop_loss,24.19805,0.00077,1.86997,1.4772,london,2019
EURUSD,1,2019-04-11 09:00:00,2019-04-11 14:00:00,1.12822,1.12706,1.12706,1.13054,0.775,-11.6,-89.73,-89.73,5,stop_loss,14.13819,0.00077,1.94933,1.79211,london,2019
EURUSD,-1,2019-04-12 17:00:00,2019-04-15 03:00:00,1.1314,1.13039,1.13306,1.12809,0.5366,10.1,54.2,54.19,10,time_exit,34.23466,0.0011,3.04891,1.76074,new_york,2019
EURUSD,-1,2019-04-15 13:00:00,2019-04-15 23:00:00,1.1314,1.1304,1.13257,1.12905,0.7608,10.0,76.08,76.08,10,time_exit,28.62574,0.00078,2.3762,3.33072,london,2019
EURUSD,1,2019-04-16 09:00:00,2019-04-16 12:00:00,1.13049,1.12949,1.12949,1.13249,0.9016,-10.0,-90.13,-90.13,3,stop_loss,18.88917,0.00067,0.75008,3.65776,london,2019
EURUSD,1,2019-04-18 02:00:00,2019-04-18 10:00:00,1.12986,1.12865,1.12865,1.13228,0.736,-12.1,-89.23,-89.23,8,stop_loss,15.94589,0.00081,-0.09386,1.98215,,2019
EURUSD,-1,2019-04-19 22:00:00,2019-04-22 08:00:00,1.1245,1.12428,1.12521,1.12308,1.2439,2.2,27.37,27.36,10,time_exit,27.70012,0.00047,-2.26185,-3.35509,,2019
EURUSD,-1,2019-04-23 06:00:00,2019-04-23 11:00:00,1.12496,1.12571,1.12571,1.12346,1.1796,-7.5,-88.61,-88.61,5,stop_loss,27.7263,0.0005,-0.52067,-2.67533,,2019
EURUSD,-1,2019-04-23 22:00:00,2019-04-24 08:00:00,1.12148,1.12146,1.12282,1.11879,0.6531,0.2,1.31,1.3,10,time_exit,34.91726,0.0009,-3.04249,-2.08392,,2019
EURUSD,-1,2019-04-24 11:00:00,2019-04-24 16:00:00,1.12167,1.11913,1.12294,1.11913,0.6907,25.4,175.48,175.48,5,take_profit,36.12079,0.00085,-1.81302,-2.76694,london,2019
EURUSD,-1,2019-04-25 23:00:00,2019-04-26 09:00:00,1.1133,1.11446,1.11507,1.10977,0.5069,-11.6,-58.8,-58.8,10,time_exit,47.55041,0.00118,-3.16,-4.72062,,2019
EURUSD,-1,2019-04-29 05:00:00,2019-04-29 09:00:00,1.11492,1.11633,1.11633,1.11211,0.632,-14.1,-88.9,-88.91,4,stop_loss,29.91953,0.00094,-0.4548,-5.48192,,2019
EURUSD,-1,2019-04-30 10:00:00,2019-04-30 11:00:00,1.11828,1.11945,1.11945,1.11595,0.7542,-11.7,-88.01,-88.01,1,stop_loss,28.29578,0.00078,1.78782,-3.61526,london,2019
EURUSD,1,2019-04-30 23:00:00,2019-05-01 09:00:00,1.12164,1.12164,1.12005,1.12482,0.5487,0.0,0.0,-0.0,10,time_exit,35.76071,0.00106,2.7976,-1.13771,,2019
EURUSD,1,2019-05-02 13:00:00,2019-05-02 16:00:00,1.12019,1.11854,1.11854,1.12349,0.5284,-16.5,-87.14,-87.14,3,stop_loss,25.78429,0.0011,-0.48954,0.30098,london,2019
EURUSD,1,2019-05-02 23:00:00,2019-05-03 09:00:00,1.11725,1.11616,1.1156,1.12055,0.5226,-10.9,-56.96,-56.97,10,time_exit,30.27927,0.0011,-2.48225,-0.21796,,2019
EURUSD,-1,2019-05-06 07:00:00,2019-05-06 17:00:00,1.11936,1.11966,1.12122,1.11564,0.4603,-3.0,-13.81,-13.81,10,time_exit,23.93295,0.00124,0.60504,-0.76879,london,2019
EURUSD,-1,2019-05-07 03:00:00,2019-05-07 08:00:00,1.12012,1.12148,1.12148,1.1174,0.6282,-13.6,-85.55,-85.55,5,stop_loss,11.56668,0.00091,1.04609,-0.43981,,2019
EURUSD,-1,2019-05-09 04:00:00,2019-05-09 14:00:00,1.11916,1.11897,1.1205,1.11648,0.6332,1.9,12.03,12.03,10,time_exit,14.97767,0.00089,-0.45189,-0.03412,,2019
EURUSD,1,2019-05-09 17:00:00,2019-05-09 19:00:00,1.12352,1.12162,1.12162,1.12732,0.4464,-19.0,-84.83,-84.83,2,stop_loss,16.95556,0.00127,3.08204,0.00907,new_york,2019
EURUSD,1,2019-05-13 01:00:00,2019-05-13 11:00:00,1.12364,1.12299,1.12216,1.12661,0.566,-6.5,-36.79,-36.79,10,time_exit,15.10844,0.00099,1.43269,1.64809,,2019
EURUSD,1,2019-05-14 18:00:00,2019-05-15 04:00:00,1.12116,1.1207,1.11965,1.12418,0.5529,-4.6,-25.43,-25.44,10,time_exit,20.94288,0.00101,-1.79354,1.50807,new_york,2019
EURUSD,1,2019-05-16 04:00:00,2019-05-16 14:00:00,1.12066,1.12046,1.11938,1.12322,0.6508,-2.0,-13.02,-13.02,10,time_exit,19.84118,0.00085,-0.46783,-0.11441,,2019
EURUSD,1,2019-05-17 07:00:00,2019-05-17 12:00:00,1.11774,1.11671,1.11671,1.1198,0.8065,-10.3,-83.21,-83.22,5,stop_loss,33.11596,0.00069,-2.48196,-1.71966,london,2019
EURUSD,1,2019-05-20 11:00:00,2019-05-20 21:00:00,1.1163,1.11674,1.11528,1.11835,0.8046,4.4,35.4,35.4,10,time_exit,34.77397,0.00068,-1.51288,-3.34593,london,2019
EURUSD,-1,2019-05-21 08:00:00,2019-05-21 11:00:00,1.11602,1.11441,1.11683,1.11441,1.0252,16.1,165.47,165.47,3,take_profit,16.52446,0.00054,-1.50038,-4.04603,london,2019
EURUSD,1,2019-05-21 13:00:00,2019-05-21 17:00:00,1.11506,1.11722,1.11398,1.11722,0.7831,21.6,168.79,168.79,4,take_profit,21.20324,0.00072,-2.02325,-3.20129,london,2019
EURUSD,1,2019-05-23 15:00:00,2019-05-23 16:00:00,1.11387,1.1127,1.1127,1.11621,0.7345,-11.7,-86.09,-86.09,1,stop_loss,23.6464,0.00078,-1.94094,-2.70496,london,2019
EURUSD,1,2019-05-24 14:00:00,2019-05-27 00:00:00,1.11859,1.12096,1.11711,1.12155,0.5758,23.7,136.46,136.46,10,time_exit,19.58959,0.00099,1.6638,-0.61815,london,2019
EURUSD,1,2019-05-27 01:00:00,2019-05-27 10:00:00,1.12103,1.11966,1.11966,1.12377,0.6314,-13.7,-86.58,-86.58,9,stop_loss,32.1705,0.00091,3.08234,0.33317,,2019
EURUSD,1,2019-05-27 18:00:00,2019-05-28 04:00:00,1.11922,1.11819,1.11819,1.12128,0.8308,-10.3,-85.72,-85.72,10,stop_loss,22.92582,0.00069,0.15557,1.2951,new_york,2019
EURUSD,-1,2019-05-28 18:00:00,2019-05-29 04:00:00,1.1174,1.11664,1.11864,1.11492,0.6842,7.6,52.0,52.0,10,time_exit,20.6414,0.00083,-1.84261,0.70403,new_york,2019
EURUSD,1,2019-05-30 07:00:00,2019-05-30 10:00:00,1.11383,1.1128,1.1128,1.11589,0.8305,-10.3,-85.38,-85.38,3,stop_loss,52.76901,0.00069,-2.68101,-2.434,london,2019
EURUSD,1,2019-05-31 03:00:00,2019-05-31 11:00:00,1.11297,1.11505,1.11193,1.11505,0.8114,20.8,169.06,169.06,8,take_profit,38.35972,0.00069,-2.06082,-3.20689,,2019
EURUSD,1,2019-05-31 17:00:00,2019-05-31 18:00:00,1.11588,1.11455,1.11455,1.11855,0.6462,-13.3,-86.23,-86.23,1,stop_loss,28.01892,0.00089,1.74729,-2.21363,new_york,2019
EURUSD,-1,2019-06-04 13:00:00,2019-06-04 16:00:00,1.12482,1.12668,1.12668,1.12111,0.4601,-18.6,-85.36,-85.36,3,stop_loss,51.46402,0.00124,3.13505,2.38412,london,2019
EURUSD,1,2019-06-06 15:00:00,2019-06-07 01:00:00,1.12643,1.12774,1.12433,1.13064,0.4018,13.1,52.64,52.63,10,time_exit,14.3226,0.0014,1.84237,2.31264,london,2019
EURUSD,-1,2019-06-07 02:00:00,2019-06-07 12:00:00,1.12774,1.12566,1.1301,1.12302,0.3603,20.8,74.94,74.94,10,time_exit,24.42947,0.00157,1.55162,2.49777,,2019
EURUSD,-1,2019-06-10 16:00:00,2019-06-11 02:00:00,1.13086,1.13181,1.13258,1.12742,0.4983,-9.5,-47.34,-47.34,10,time_exit,17.1947,0.00115,1.28196,4.55956,new_york,2019
EURUSD,-1,2019-06-11 05:00:00,2019-06-11 10:00:00,1.1311,1.13261,1.13261,1.12807,0.5634,-15.1,-85.3,-85.3,5,stop_loss,9.57484,0.00101,0.90242,5.10905,,2019
EURUSD,-1,2019-06-11 13:00:00,2019-06-11 20:00:00,1.13186,1.13332,1.13332,1.12895,0.5794,-14.6,-84.45,-84.45,7,stop_loss,10.48971,0.00097,1.29863,5.20228,london,2019
EURUSD,-1,2019-06-12 00:00:00,2019-06-12 10:00:00,1.13256,1.134,1.13418,1.12933,0.5174,-14.4,-74.51,-74.51,10,time_exit,15.73651,0.00108,1.29019,4.59156,,2019
EURUSD,-1,2019-06-12 11:00:00,2019-06-12 13:00:00,1.13398,1.13156,1.13519,1.13156,0.6836,24.2,165.73,165.73,2,take_profit,24.79223,0.00081,2.58754,6.12542,london,2019
EURUSD,1,2019-06-14 18:00:00,2019-06-14 19:00:00,1.12253,1.1207,1.1207,1.1262,0.4608,-18.3,-84.52,-84.52,1,stop_loss,30.03853,0.00122,-4.4783,0.39596,new_york,2019
EURUSD,1,2019-06-17 06:00:00,2019-06-17 09:00:00,1.12198,1.12064,1.12064,1.12466,0.6252,-13.4,-83.67,-83.68,3,stop_loss,44.03633,0.00089,-3.94657,-1.49632,,2019
EURUSD,-1,2019-06-18 21:00:00,2019-06-19 07:00:00,1.1195,1.11882,1.12151,1.11548,0.4119,6.8,28.01,28.01,10,time_exit,18.54255,0.00134,-2.02091,-2.19871,new_york,2019
EURUSD,-1,2019-06-19 10:00:00,2019-06-19 17:00:00,1.11959,1.12084,1.12084,1.11709,0.6659,-12.5,-83.12,-83.12,7,stop_loss,12.26775,0.00083,-1.79166,-4.05171,london,2019
EURUSD,-1,2019-06-20 14:00:00,2019-06-21 00:00:00,1.13031,1.12927,1.13229,1.12634,0.4149,10.4,43.15,43.15,10,time_exit,53.09531,0.00132,4.90728,-0.46591,london,2019
EURUSD,-1,2019-06-21 17:00:00,2019-06-21 20:00:00,1.13262,1.13459,1.13459,1.12869,0.4206,-19.7,-82.72,-82.72,3,stop_loss,35.44284,0.00131,3.51301,1.72776,new_york,2019
EURUSD,-1,2019-06-24 10:00:00,2019-06-24 14:00:00,1.13784,1.13954,1.13954,1.13443,0.4809,-17.0,-81.9,-81.9,4,stop_loss,50.17063,0.00114,4.71068,4.39312,london,2019
EURUSD,1,2019-06-24 21:00:00,2019-06-25 07:00:00,1.13913,1.14096,1.13743,1.14253,0.4771,18.3,87.31,87.31,10,time_exit,45.87768,0.00113,3.8561,5.37589,new_york,2019
EURUSD,1,2019-06-25 11:00:00,2019-06-25 19:00:00,1.13886,1.13735,1.13735,1.14188,0.5423,-15.1,-81.95,-81.95,8,stop_loss,44.84032,0.00101,1.83759,6.80605,london,2019
EURUSD,1,2019-06-26 15:00:00,2019-06-27 01:00:00,1.136,1.13732,1.13432,1.13936,0.4836,13.2,63.84,63.83,10,time_exit,35.72621,0.00112,-0.69841,4.45866,london,2019
EURUSD,-1,2019-07-01 23:00:00,2019-07-02 09:00:00,1.12872,1.12913,1.13057,1.12501,0.4413,-4.1,-18.09,-18.1,10,time_exit,37.52448,0.00124,-4.62493,0.43506,,2019
EURUSD,1,2019-07-03 15:00:00,2019-07-03 18:00:00,1.12912,1.12762,1.12762,1.13211,0.5452,-15.0,-81.59,-81.59,3,stop_loss,16.26753,0.001,-1.02318,-2.16689,london,2019
EURUSD,-1,2019-07-03 23:00:00,2019-07-04 04:00:00,1.12778,1.12946,1.12946,1.12441,0.48,-16.8,-80.77,-80.77,5,stop_loss,14.20118,0.00112,-1.59256,-2.14835,,2019
EURUSD,-1,2019-07-08 10:00:00,2019-07-08 11:00:00,1.12203,1.12317,1.12317,1.11975,0.7004,-11.4,-79.96,-79.96,1,stop_loss,49.83866,0.00076,-4.12398,-5.37236,london,2019
EURUSD,-1,2019-07-09 01:00:00,2019-07-09 11:00:00,1.12154,1.11988,1.12274,1.11914,0.6596,16.6,109.49,109.49,10,time_exit,43.16777,0.0008,-2.59072,-5.75506,,2019
EURUSD,1,2019-07-11 02:00:00,2019-07-11 12:00:00,1.12595,1.12663,1.12451,1.12884,0.5562,6.8,37.82,37.82,10,time_exit,43.98619,0.00096,3.14258,-3.04799,,2019
EURUSD,1,2019-07-11 14:00:00,2019-07-11 16:00:00,1.12716,1.12588,1.12588,1.12972,0.6303,-12.8,-80.63,-80.63,2,stop_loss,49.28309,0.00085,3.13318,-1.76602,london,2019
EURUSD,1,2019-07-11 22:00:00,2019-07-12 08:00:00,1.12576,1.12733,1.12411,1.12905,0.4851,15.7,76.16,76.16,10,time_exit,36.0488,0.0011,0.79982,-1.01137,,2019
EURUSD,1,2019-07-12 18:00:00,2019-07-15 04:00:00,1.12517,1.12694,1.12376,1.12799,0.5708,17.7,101.03,101.03,10,time_exit,24.04594,0.00094,-0.26192,-0.59274,new_york,2019
EURUSD,-1,2019-07-16 23:00:00,2019-07-17 09:00:00,1.1209,1.12026,1.12239,1.11793,0.5491,6.4,35.14,35.14,10,time_exit,55.03987,0.00099,-3.61525,-1.19438,,2019
EURUSD,1,2019-07-17 23:00:00,2019-07-18 09:00:00,1.12252,1.12376,1.12131,1.12494,0.6779,12.4,84.06,84.06,10,time_exit,34.29395,0.00081,-0.3461,-2.49091,,2019
EURUSD,-1,2019-07-18 12:00:00,2019-07-18 13:00:00,1.12395,1.12188,1.12499,1.12188,0.7985,20.7,165.57,165.57,1,take_profit,31.81516,0.00069,1.22863,-2.24602,london,2019
EURUSD,-1,2019-07-22 03:00:00,2019-07-22 13:00:00,1.12176,1.1222,1.12334,1.1186,0.534,-4.4,-23.5,-23.5,10,time_exit,29.55518,0.00105,-1.64734,-0.85044,,2019
EURUSD,-1,2019-07-22 14:00:00,2019-07-23 00:00:00,1.12221,1.1209,1.12352,1.11959,0.6425,13.1,84.17,84.17,10,time_exit,28.20262,0.00087,-0.80103,-1.40021,london,2019
EURUSD,-1,2019-07-23 16:00:00,2019-07-24 02:00:00,1.1169,1.1151,1.1181,1.11449,0.707,18.0,127.26,127.26,10,time_exit,48.33259,0.0008,-4.859,-2.96437,new_york,2019
EURUSD,-1,2019-07-25 13:00:00,2019-07-25 14:00:00,1.11287,1.1139,1.1139,1.1108,0.8346,-10.3,-86.33,-86.33,1,stop_loss,26.42105,0.00069,-3.2545,-6.99399,london,2019
EURUSD,1,2019-07-26 02:00:00,2019-07-26 12:00:00,1.11465,1.11419,1.11271,1.11852,0.4416,-4.6,-20.31,-20.32,10,time_exit,20.22716,0.00129,-0.23701,-3.36801,,2019
EURUSD,1,2019-07-29 08:00:00,2019-07-29 14:00:00,1.11268,1.1115,1.1115,1.11504,0.7231,-11.8,-85.26,-85.26,6,stop_loss,17.20439,0.00079,-1.39834,-5.08357,london,2019
EURUSD,1,2019-07-29 20:00:00,2019-07-30 06:00:00,1.114,1.11428,1.11269,1.11662,0.6448,2.8,18.05,18.05,10,time_exit,18.77401,0.00087,0.68618,-4.35827,new_york,2019
EURUSD,1,2019-07-31 03:00:00,2019-07-31 11:00:00,1.1157,1.11461,1.11461,1.11788,0.7763,-10.9,-84.59,-84.59,8,stop_loss,19.39356,0.00073,1.73384,-2.89778,,2019
EURUSD,-1,2019-07-31 13:00:00,2019-07-31 19:00:00,1.11461,1.1126,1.11561,1.1126,0.8348,20.1,167.49,167.49,6,take_profit,13.82081,0.00067,-0.12216,-2.58367,london,2019
EURUSD,-1,2019-08-01 20:00:00,2019-08-01 22:00:00,1.1068,1.10894,1.10894,1.10251,0.3983,-21.4,-85.43,-85.43,2,stop_loss,49.99262,0.00143,-1.42584,-3.57701,new_york,2019
EURUSD,-1,2019-08-02 11:00:00,2019-08-02 21:00:00,1.11134,1.11108,1.11347,1.10709,0.3977,2.6,10.34,10.34,10,time_exit,26.057,0.00142,1.84806,-3.17509,london,2019
EURUSD,-1,2019-08-06 08:00:00,2019-08-06 18:00:00,1.12028,1.11965,1.12249,1.11586,0.3829,6.3,24.12,24.12,10,time_exit,43.26757,0.00147,2.82154,1.31662,london,2019
EURUSD,-1,2019-08-07 01:00:00,2019-08-07 11:00:00,1.12013,1.11908,1.12212,1.11616,0.4273,10.5,44.87,44.86,10,time_exit,17.83677,0.00132,1.75294,2.11613,,2019
EURUSD,1,2019-08-08 12:00:00,2019-08-08 14:00:00,1.12147,1.11972,1.11972,1.12496,0.489,-17.5,-85.36,-85.36,2,stop_loss,13.38101,0.00116,1.14509,2.92662,london,2019
EURUSD,1,2019-08-09 00:00:00,2019-08-09 10:00:00,1.11797,1.11876,1.11564,1.12263,0.3625,7.9,28.64,28.64,10,time_exit,13.27733,0.00155,-1.27808,1.85252,,2019
EURUSD,-1,2019-08-12 14:00:00,2019-08-12 15:00:00,1.11974,1.1214,1.1214,1.11643,0.5118,-16.6,-84.79,-84.79,1,stop_loss,17.65462,0.0011,-0.13539,1.75264,london,2019
EURUSD,1,2019-08-12 22:00:00,2019-08-13 05:00:00,1.12202,1.12026,1.12026,1.12554,0.4766,-17.6,-83.94,-83.94,7,stop_loss,19.44946,0.00117,1.51078,1.74298,,2019
EURUSD,-1,2019-08-13 11:00:00,2019-08-13 12:00:00,1.11924,1.12075,1.12075,1.11622,0.5499,-15.1,-83.1,-83.1,1,stop_loss,19.27068,0.00101,-0.95243,1.73865,london,2019
EURUSD,1,2019-08-14 08:00:00,2019-08-14 16:00:00,1.1172,1.11573,1.11573,1.12014,0.5597,-14.7,-82.27,-82.27,8,stop_loss,16.96208,0.00098,-1.86412,0.61195,london,2019
EURUSD,-1,2019-08-15 05:00:00,2019-08-15 13:00:00,1.11429,1.11581,1.11581,1.11126,0.5372,-15.2,-81.45,-81.45,8,stop_loss,28.01693,0.00101,-2.56764,-0.97268,,2019
EURUSD,1,2019-08-15 17:00:00,2019-08-16 03:00:00,1.11124,1.11037,1.1094,1.11492,0.4383,-8.7,-38.13,-38.13,10,time_exit,25.69878,0.00123,-3.85744,-1.24565,new_york,2019
EURUSD,1,2019-08-16 06:00:00,2019-08-16 11:00:00,1.10998,1.10838,1.10838,1.11319,0.5001,-16.0,-80.25,-80.25,5,stop_loss,38.56226,0.00107,-3.56171,-2.68156,,2019
EURUSD,1,2019-08-16 20:00:00,2019-08-19 06:00:00,1.10934,1.10911,1.10746,1.11309,0.4237,-2.3,-9.75,-9.75,10,time_exit,38.55571,0.00125,-1.9021,-3.1525,new_york,2019
EURUSD,1,2019-08-20 01:00:00,2019-08-20 11:00:00,1.10797,1.10784,1.10678,1.11035,0.6661,-1.3,-8.66,-8.66,10,time_exit,19.24821,0.00079,-2.57442,-5.10421,,2019
EURUSD,-1,2019-08-21 03:00:00,2019-08-21 13:00:00,1.10973,1.11016,1.11092,1.10734,0.6645,-4.3,-28.57,-28.58,10,time_exit,12.94431,0.0008,0.48468,-4.42553,,2019
EURUSD,-1,2019-08-23 16:00:00,2019-08-23 17:00:00,1.10632,1.10772,1.10772,1.10353,0.5657,-14.0,-78.98,-78.99,1,stop_loss,21.78764,0.00093,-1.68009,-3.0822,new_york,2019
EURUSD,1,2019-08-26 09:00:00,2019-08-26 10:00:00,1.11435,1.1125,1.1125,1.11805,0.4229,-18.5,-78.2,-78.2,1,stop_loss,34.97474,0.00123,2.82342,-0.309,london,2019
EURUSD,1,2019-08-27 14:00:00,2019-08-27 16:00:00,1.11069,1.10945,1.10945,1.11317,0.624,-12.4,-77.4,-77.41,2,stop_loss,17.80406,0.00083,-0.06883,-0.46958,london,2019
EURUSD,-1,2019-08-29 09:00:00,2019-08-29 16:00:00,1.10844,1.10666,1.10933,1.10666,0.8624,17.8,153.27,153.27,7,take_profit,15.52833,0.00059,-0.83529,-2.28657,london,2019
EURUSD,1,2019-09-02 19:00:00,2019-09-03 03:00:00,1.09676,1.09533,1.09533,1.09962,0.5464,-14.3,-78.17,-78.17,8,stop_loss,46.56213,0.00095,-4.25911,-5.92117,new_york,2019
EURUSD,-1,2019-09-04 01:00:00,2019-09-04 10:00:00,1.09709,1.09882,1.09882,1.09364,0.4484,-17.3,-77.38,-77.38,9,stop_loss,33.60973,0.00115,-0.11119,-5.59464,,2019
EURUSD,-1,2019-09-05 12:00:00,2019-09-05 13:00:00,1.10376,1.10528,1.10528,1.10072,0.5035,-15.2,-76.61,-76.61,1,stop_loss,46.0472,0.00101,2.88354,-2.14187,london,2019
EURUSD,1,2019-09-05 23:00:00,2019-09-06 09:00:00,1.10361,1.10425,1.10177,1.10729,0.4118,6.4,26.36,26.35,10,time_exit,39.82081,0.00123,1.10888,-0.77762,,2019
EURUSD,-1,2019-09-11 04:00:00,2019-09-11 12:00:00,1.10468,1.10207,1.10598,1.10207,0.5833,26.1,152.23,152.23,8,take_profit,20.64807,0.00087,0.58198,0.611,,2019
EURUSD,1,2019-09-12 04:00:00,2019-09-12 14:00:00,1.10107,1.09991,1.09991,1.10339,0.669,-11.6,-77.63,-77.64,10,stop_loss_ambiguous,29.92552,0.00077,-1.92548,-0.89475,,2019
EURUSD,1,2019-09-16 11:00:00,2019-09-16 13:00:00,1.10722,1.10559,1.10559,1.11048,0.471,-16.3,-76.85,-76.85,2,stop_loss,8.89325,0.00109,0.70502,1.80034,london,2019
EURUSD,-1,2019-09-18 09:00:00,2019-09-18 11:00:00,1.1066,1.10425,1.10778,1.10425,0.6467,23.5,152.17,152.17,2,take_profit,30.1964,0.00078,2.32337,0.76892,london,2019
EURUSD,-1,2019-09-18 18:00:00,2019-09-18 21:00:00,1.10608,1.10319,1.10752,1.10319,0.5371,28.9,155.21,155.21,3,take_profit,23.05749,0.00096,1.19883,0.68336,new_york,2019
EURUSD,1,2019-09-19 01:00:00,2019-09-19 11:00:00,1.10328,1.1059,1.1013,1.10724,0.3997,26.2,104.72,104.72,10,time_exit,26.68428,0.00132,-1.16927,0.38883,,2019
EURUSD,-1,2019-09-20 12:00:00,2019-09-20 15:00:00,1.10476,1.10199,1.10614,1.10199,0.58,27.7,160.4,160.4,3,take_profit,13.90344,0.00092,-0.27832,0.57297,london,2019
EURUSD,-1,2019-09-24 05:00:00,2019-09-24 14:00:00,1.09875,1.10007,1.10007,1.09612,0.621,-13.2,-81.81,-81.82,9,stop_loss,35.92631,0.00088,-2.53556,-2.43955,,2019
EURUSD,1,2019-09-25 08:00:00,2019-09-25 14:00:00,1.09958,1.09819,1.09819,1.10236,0.5816,-13.9,-80.99,-80.99,6,stop_loss,20.06463,0.00093,-1.11289,-1.97936,london,2019
EURUSD,-1,2019-09-26 14:00:00,2019-09-26 15:00:00,1.09302,1.09439,1.09439,1.09028,0.5847,-13.7,-80.19,-80.19,1,stop_loss,45.01407,0.00091,-4.51288,-3.99048,london,2019
EURUSD,-1,2019-09-27 10:00:00,2019-09-27 13:00:00,1.09164,1.0931,1.0931,1.08872,0.5439,-14.6,-79.37,-79.38,3,stop_loss,37.62742,0.00097,-3.02097,-4.86613,london,2019
EURUSD,1,2019-09-30 00:00:00,2019-09-30 10:00:00,1.09424,1.09356,1.0927,1.09733,0.5088,-6.8,-34.6,-34.6,10,time_exit,22.77742,0.00103,-0.0657,-4.22553,,2019
EURUSD,-1,2019-10-01 09:00:00,2019-10-01 12:00:00,1.08892,1.09009,1.09009,1.08658,0.6698,-11.7,-78.24,-78.24,3,stop_loss,35.96589,0.00078,-3.45922,-6.24781,london,2019
EURUSD,1,2019-10-03 13:00:00,2019-10-03 17:00:00,1.09486,1.09792,1.09333,1.09792,0.5067,30.6,154.9,154.9,4,take_profit,25.47696,0.00102,0.75863,-1.27185,london,2019
EURUSD,1,2019-10-04 12:00:00,2019-10-04 15:00:00,1.09738,1.09599,1.09599,1.10015,0.5699,-13.9,-79.01,-79.01,3,stop_loss,24.04129,0.00092,1.47643,0.27288,london,2019
EURUSD,-1,2019-10-08 07:00:00,2019-10-08 11:00:00,1.09754,1.09873,1.09873,1.09515,0.655,-11.9,-78.22,-78.22,4,stop_loss,18.31533,0.0008,0.05841,1.24213,london,2019
EURUSD,-1,2019-10-08 15:00:00,2019-10-08 17:00:00,1.0988,1.09636,1.10002,1.09636,0.6358,24.4,154.88,154.88,2,take_profit,19.08021,0.00081,1.29912,1.34997,london,2019
EURUSD,-1,2019-10-08 21:00:00,2019-10-09 07:00:00,1.09518,1.09623,1.09667,1.0922,0.5293,-10.5,-55.58,-55.58,10,time_exit,24.63331,0.00099,-2.21258,0.76834,new_york,2019
EURUSD,-1,2019-10-10 02:00:00,2019-10-10 09:00:00,1.09848,1.09984,1.09984,1.09577,0.5781,-13.6,-78.42,-78.42,7,stop_loss,16.18435,0.0009,1.3381,0.60442,,2019
EURUSD,-1,2019-10-10 13:00:00,2019-10-10 23:00:00,1.10304,1.10058,1.10457,1.09999,0.5086,24.6,125.12,125.11,10,time_exit,28.53514,0.00102,4.71866,1.16755,london,2019
EURUSD,1,2019-10-11 09:00:00,2019-10-11 11:00:00,1.10158,1.1004,1.1004,1.10394,0.6699,-11.8,-78.89,-78.89,2,stop_loss,18.78704,0.00079,2.03674,2.72065,london,2019
EURUSD,-1,2019-10-11 14:00:00,2019-10-11 15:00:00,1.10352,1.10505,1.10505,1.10046,0.5097,-15.3,-78.11,-78.11,1,stop_loss,18.98484,0.00102,3.12009,2.24145,london,2019
EURUSD,1,2019-10-14 06:00:00,2019-10-14 16:00:00,1.10282,1.1025,1.1012,1.10605,0.4787,-3.2,-15.32,-15.32,10,time_exit,15.79246,0.00108,0.80909,2.82879,,2019
EURUSD,1,2019-10-14 19:00:00,2019-10-15 05:00:00,1.10264,1.10267,1.10106,1.10579,0.4895,0.3,1.47,1.47,10,time_exit,12.02868,0.00105,0.37873,2.75268,new_york,2019
EURUSD,1,2019-10-15 12:00:00,2019-10-15 13:00:00,1.1027,1.10121,1.10121,1.10568,0.5187,-14.9,-77.19,-77.19,1,stop_loss,10.5043,0.00099,0.14249,2.65278,london,2019
EURUSD,1,2019-10-17 05:00:00,2019-10-17 12:00:00,1.108,1.11121,1.1064,1.11121,0.4765,32.1,152.84,152.84,7,take_profit,35.30368,0.00107,3.1287,3.01194,,2019
EURUSD,1,2019-10-18 02:00:00,2019-10-18 12:00:00,1.11251,1.113,1.11081,1.11592,0.4578,4.9,22.43,22.43,10,time_exit,48.127,0.00114,3.67077,4.5216,,2019
EURUSD,1,2019-10-18 19:00:00,2019-10-21 05:00:00,1.11546,1.11566,1.11379,1.11879,0.4694,2.0,9.39,9.39,10,time_exit,41.54206,0.00111,4.23852,5.40069,new_york,2019
EURUSD,-1,2019-10-21 14:00:00,2019-10-22 00:00:00,1.11627,1.11487,1.1177,1.11341,0.5465,14.0,76.51,76.51,10,time_exit,38.47667,0.00095,2.81205,7.19223,london,2019
EURUSD,-1,2019-10-24 21:00:00,2019-10-25 07:00:00,1.11066,1.11022,1.11257,1.10683,0.4132,4.4,18.18,18.18,10,time_exit,18.74011,0.00128,-1.61748,1.95671,new_york,2019
EURUSD,1,2019-10-25 14:00:00,2019-10-25 15:00:00,1.11142,1.11022,1.11022,1.11382,0.6613,-12.0,-79.21,-79.21,1,stop_loss,15.33353,0.0008,-0.44287,1.83664,london,2019
EURUSD,-1,2019-10-28 18:00:00,2019-10-28 22:00:00,1.10917,1.11031,1.11031,1.10689,0.688,-11.4,-78.41,-78.41,4,stop_loss,18.70167,0.00076,-0.73349,-0.24217,new_york,2019
EURUSD,-1,2019-10-30 21:00:00,2019-10-30 22:00:00,1.11166,1.11301,1.11301,1.10896,0.575,-13.5,-77.63,-77.63,1,stop_loss,27.53892,0.0009,1.00298,0.64382,new_york,2019
EURUSD,-1,2019-10-31 08:00:00,2019-10-31 17:00:00,1.1165,1.11363,1.11794,1.11363,0.5352,28.7,153.71,153.71,9,take_profit,20.53035,0.00096,4.18787,1.84157,london,2019
EURUSD,1,2019-11-01 12:00:00,2019-11-01 13:00:00,1.11605,1.11474,1.11474,1.11867,0.5989,-13.1,-78.39,-78.39,1,stop_loss,11.84995,0.00087,1.54295,3.15624,london,2019
EURUSD,-1,2019-11-04 06:00:00,2019-11-04 16:00:00,1.11694,1.1148,1.11827,1.11428,0.5845,21.4,125.08,125.08,10,time_exit,9.28719,0.00089,1.64605,3.21573,,2019
EURUSD,-1,2019-11-06 02:00:00,2019-11-06 10:00:00,1.10741,1.1087,1.1087,1.10483,0.6114,-12.9,-78.86,-78.86,8,stop_loss,52.87042,0.00086,-4.94778,-0.87388,,2019
EURUSD,-1,2019-11-07 01:00:00,2019-11-07 09:00:00,1.10675,1.10794,1.10794,1.10438,0.6585,-11.9,-78.08,-78.08,8,stop_loss,41.29791,0.00079,-3.13156,-2.81208,,2019
EURUSD,-1,2019-11-07 09:00:00,2019-11-07 10:00:00,1.10598,1.10697,1.10697,1.104,0.7819,-9.9,-77.29,-77.29,1,stop_loss,44.11064,0.00066,-3.70584,-4.00423,london,2019
EURUSD,1,2019-11-07 21:00:00,2019-11-08 07:00:00,1.10458,1.10525,1.10293,1.10787,0.465,6.7,31.16,31.15,10,time_exit,33.15631,0.0011,-2.78516,-2.64087,new_york,2019
EURUSD,1,2019-11-11 02:00:00,2019-11-11 12:00:00,1.10218,1.10338,1.10119,1.10417,0.7736,12.0,92.83,92.83,10,time_exit,43.90855,0.00066,-3.82235,-6.21345,,2019
EURUSD,1,2019-11-12 01:00:00,2019-11-12 10:00:00,1.10314,1.1023,1.1023,1.10482,0.9235,-8.4,-77.76,-77.76,9,stop_loss,20.05081,0.00056,-1.10242,-6.87213,,2019
EURUSD,1,2019-11-12 12:00:00,2019-11-12 13:00:00,1.10327,1.10233,1.10233,1.10514,0.8225,-9.4,-76.98,-76.98,1,stop_loss,13.85325,0.00062,-0.42689,-5.79188,london,2019
EURUSD,-1,2019-11-13 14:00:00,2019-11-14 00:00:00,1.1009,1.10077,1.10196,1.09878,0.7206,1.3,9.37,9.37,10,time_exit,25.76491,0.00071,-1.64186,-5.31916,london,2019
EURUSD,1,2019-11-15 02:00:00,2019-11-15 12:00:00,1.10199,1.10264,1.10087,1.10423,0.6813,6.5,44.28,44.28,10,time_exit,19.50474,0.00075,1.09953,-4.16682,,2019
EURUSD,1,2019-11-18 15:00:00,2019-11-18 17:00:00,1.10576,1.10783,1.10473,1.10783,0.7425,20.7,153.49,153.49,2,take_profit,41.49648,0.00069,2.29827,-0.31965,london,2019
EURUSD,1,2019-11-18 19:00:00,2019-11-19 03:00:00,1.10792,1.10664,1.10664,1.11047,0.6134,-12.8,-78.29,-78.29,8,stop_loss,43.64981,0.00085,3.9083,0.13128,new_york,2019
EURUSD,1,2019-11-19 04:00:00,2019-11-19 14:00:00,1.10696,1.10748,1.10596,1.10896,0.7768,5.2,40.39,40.39,10,time_exit,39.95041,0.00067,2.27975,1.04151,,2019
EURUSD,1,2019-11-20 07:00:00,2019-11-20 10:00:00,1.10733,1.10648,1.10648,1.10903,0.9147,-8.5,-77.9,-77.91,3,stop_loss,16.95726,0.00057,0.83607,2.53566,london,2019
EURUSD,-1,2019-11-20 16:00:00,2019-11-20 17:00:00,1.1064,1.10742,1.10742,1.10435,0.7531,-10.2,-77.12,-77.12,1,stop_loss,30.62476,0.00068,-0.48528,1.78293,new_york,2019
EURUSD,-1,2019-11-20 17:00:00,2019-11-21 03:00:00,1.10786,1.10773,1.10904,1.10549,0.6452,1.3,8.39,8.39,10,time_exit,28.74753,0.00079,1.38679,1.56972,new_york,2019
EURUSD,1,2019-11-22 13:00:00,2019-11-22 16:00:00,1.10568,1.10434,1.10434,1.10836,0.5712,-13.4,-76.43,-76.43,3,stop_loss,18.42122,0.00089,-1.2826,0.86597,london,2019
EURUSD,-1,2019-11-22 23:00:00,2019-11-25 09:00:00,1.10228,1.10299,1.10373,1.09938,0.5227,-7.1,-37.11,-37.11,10,time_exit,27.17326,0.00097,-3.6233,-0.05992,,2019
EURUSD,-1,2019-11-26 00:00:00,2019-11-26 10:00:00,1.10135,1.10179,1.1025,1.09905,0.6537,-4.4,-28.76,-28.76,10,time_exit,32.50795,0.00077,-2.57562,-2.31724,,2019
EURUSD,-1,2019-11-26 15:00:00,2019-11-27 01:00:00,1.10194,1.1022,1.10286,1.1001,0.8149,-2.6,-21.19,-21.19,10,time_exit,16.59872,0.00061,-0.72911,-3.34498,london,2019
EURUSD,1,2019-11-27 07:00:00,2019-11-27 10:00:00,1.10124,1.10041,1.10041,1.10289,0.904,-8.3,-74.8,-74.8,3,stop_loss,14.19766,0.00055,-1.56725,-3.52392,london,2019
EURUSD,1,2019-11-27 11:00:00,2019-11-27 15:00:00,1.10082,1.09998,1.09998,1.10251,0.8774,-8.4,-74.05,-74.05,4,stop_loss,18.10657,0.00056,-1.97395,-3.54678,london,2019
EURUSD,-1,2019-11-28 01:00:00,2019-11-28 10:00:00,1.10052,1.10159,1.10159,1.09837,0.6835,-10.7,-73.31,-73.32,9,stop_loss,29.13173,0.00072,-0.97383,-3.12431,,2019
EURUSD,-1,2019-11-29 11:00:00,2019-11-29 15:00:00,1.10054,1.09925,1.10119,1.09925,1.1237,12.9,145.16,145.16,4,take_profit,12.43631,0.00043,-0.99667,-4.02812,london,2019
EURUSD,1,2019-12-02 00:00:00,2019-12-02 10:00:00,1.10227,1.10134,1.10116,1.10448,0.669,-9.3,-62.22,-62.22,10,time_exit,21.54741,0.00074,1.10199,-2.00586,,2019
EURUSD,1,2019-12-03 17:00:00,2019-12-04 03:00:00,1.10822,1.10792,1.10692,1.11082,0.5653,-3.0,-16.96,-16.96,10,time_exit,41.41848,0.00087,3.37784,2.04256,new_york,2019
EURUSD,-1,2019-12-04 21:00:00,2019-12-05 07:00:00,1.1073,1.10832,1.10899,1.10392,0.4336,-10.2,-44.23,-44.23,10,time_exit,20.89212,0.00113,0.10182,2.25509,new_york,2019
EURUSD,-1,2019-12-05 19:00:00,2019-12-06 05:00:00,1.11034,1.11076,1.11168,1.10767,0.5443,-4.2,-22.86,-22.86,10,time_exit,17.73702,0.00089,2.47085,3.02121,new_york,2019
EURUSD,-1,2019-12-06 17:00:00,2019-12-09 03:00:00,1.10575,1.10572,1.1071,1.10305,0.5383,0.3,1.61,1.61,10,time_exit,28.68004,0.0009,-3.72666,3.06702,new_york,2019
EURUSD,1,2019-12-09 07:00:00,2019-12-09 14:00:00,1.10568,1.10771,1.10466,1.10771,0.7136,20.3,145.17,145.17,7,take_profit,46.82264,0.00068,-2.80518,2.00122,london,2019
EURUSD,1,2019-12-11 14:00:00,2019-12-11 15:00:00,1.10819,1.10733,1.10733,1.1099,0.8637,-8.6,-74.04,-74.04,1,stop_loss,22.05226,0.00057,0.06334,2.18211,london,2019
EURUSD,-1,2019-12-11 17:00:00,2019-12-11 20:00:00,1.1091,1.1102,1.1102,1.1069,0.6649,-11.0,-73.3,-73.3,3,stop_loss,21.0777,0.00073,1.26121,1.66684,new_york,2019
EURUSD,1,2019-12-13 00:00:00,2019-12-13 01:00:00,1.11285,1.11646,1.11104,1.11646,0.4017,36.1,145.11,145.11,1,take_profit,23.80548,0.0012,1.52684,2.40543,,2019
EURUSD,-1,2019-12-17 00:00:00,2019-12-17 10:00:00,1.1143,1.11381,1.11566,1.11157,0.5423,4.9,26.57,26.57,10,time_exit,13.89879,0.00091,0.53255,3.38298,,2019
EURUSD,1,2019-12-17 15:00:00,2019-12-17 16:00:00,1.11698,1.11554,1.11554,1.11987,0.5148,-14.4,-74.29,-74.29,1,stop_loss,18.83947,0.00096,2.74021,3.06193,london,2019
EURUSD,1,2019-12-18 10:00:00,2019-12-18 15:00:00,1.11308,1.11195,1.11195,1.11533,0.6524,-11.3,-73.53,-73.53,5,stop_loss,16.4723,0.00075,-1.64218,3.2087,london,2019
EURUSD,-1,2019-12-19 07:00:00,2019-12-19 11:00:00,1.11258,1.11368,1.11368,1.11037,0.6595,-11.0,-72.8,-72.8,4,stop_loss,17.24501,0.00074,-0.66573,1.52436,london,2019
EURUSD,-1,2019-12-19 11:00:00,2019-12-19 12:00:00,1.11292,1.11395,1.11395,1.11086,0.6998,-10.3,-72.07,-72.07,1,stop_loss,17.24766,0.00069,-0.16323,1.52929,london,2019
EURUSD,1,2019-12-20 22:00:00,2019-12-23 08:00:00,1.10752,1.1084,1.10622,1.11012,0.5479,8.8,48.22,48.21,10,time_exit,41.01089,0.00087,-4.16175,-0.64977,,2019
EURUSD,1,2019-12-26 11:00:00,2019-12-26 12:00:00,1.10937,1.10855,1.10855,1.11102,0.8727,-8.2,-71.83,-71.83,1,stop_loss,16.16119,0.00055,0.78932,-2.52694,london,2019
EURUSD,1,2019-12-30 09:00:00,2019-12-30 19:00:00,1.11955,1.12106,1.11814,1.12238,0.5034,15.1,76.01,76.01,10,time_exit,65.09202,0.00094,5.06671,3.12747,london,2019
EURUSD,1,2020-01-02 12:00:00,2020-01-02 13:00:00,1.12031,1.119,1.119,1.12293,0.5495,-13.1,-71.88,-71.88,1,stop_loss,19.24815,0.00087,0.02518,5.6625,london,2020
EURUSD,-1,2020-01-03 14:00:00,2020-01-03 15:00:00,1.113,1.11449,1.11449,1.11001,0.4767,-14.9,-71.16,-71.16,1,stop_loss,35.01768,0.001,-4.89185,2.18083,london,2020
EURUSD,1,2020-01-03 16:00:00,2020-01-03 18:00:00,1.11382,1.11693,1.11227,1.11693,0.4537,31.1,140.88,140.88,2,take_profit,35.9925,0.00104,-3.61344,1.8342,new_york,2020
EURUSD,-1,2020-01-03 21:00:00,2020-01-06 07:00:00,1.11666,1.11624,1.11831,1.11336,0.4356,4.2,18.3,18.29,10,time_exit,28.68258,0.0011,-0.64498,1.52292,new_york,2020
EURUSD,1,2020-01-06 12:00:00,2020-01-06 22:00:00,1.11934,1.11936,1.11792,1.12217,0.509,0.2,1.02,1.02,10,time_exit,15.34142,0.00094,2.41295,1.30742,london,2020
EURUSD,1,2020-01-07 05:00:00,2020-01-07 09:00:00,1.11915,1.11801,1.11801,1.12142,0.6336,-11.4,-72.05,-72.05,4,stop_loss,22.54549,0.00076,1.28001,2.37591,,2020
EURUSD,1,2020-01-07 23:00:00,2020-01-08 09:00:00,1.11439,1.11512,1.11287,1.11743,0.4691,7.3,34.24,34.24,10,time_exit,36.08405,0.00101,-2.74182,0.75565,,2020
EURUSD,-1,2020-01-08 16:00:00,2020-01-09 02:00:00,1.112,1.11134,1.11372,1.10856,0.4169,6.6,27.52,27.51,10,time_exit,32.21376,0.00115,-3.20569,-0.34513,new_york,2020
EURUSD,1,2020-01-09 21:00:00,2020-01-10 07:00:00,1.11051,1.1109,1.10896,1.11362,0.4631,3.9,18.06,18.06,10,time_exit,31.71474,0.00104,-1.94922,-2.23015,new_york,2020
EURUSD,-1,2020-01-13 12:00:00,2020-01-13 15:00:00,1.11152,1.11273,1.11273,1.1091,0.5961,-12.1,-72.13,-72.13,3,stop_loss,22.65833,0.00081,-0.34665,-2.36741,london,2020
EURUSD,-1,2020-01-14 11:00:00,2020-01-14 15:00:00,1.11352,1.11142,1.11457,1.11142,0.6798,21.0,142.81,142.81,4,take_profit,35.79257,0.0007,0.98343,-1.159,london,2020
EURUSD,-1,2020-01-15 06:00:00,2020-01-15 13:00:00,1.11305,1.11395,1.11395,1.11126,0.8118,-9.0,-72.83,-72.83,7,stop_loss,16.81588,0.0006,0.41892,-1.16359,,2020
EURUSD,1,2020-01-16 14:00:00,2020-01-16 16:00:00,1.1159,1.11484,1.11484,1.11803,0.6784,-10.6,-72.11,-72.11,2,stop_loss,24.66671,0.00071,2.10745,0.75664,london,2020
EURUSD,-1,2020-01-20 15:00:00,2020-01-20 22:00:00,1.10839,1.10931,1.10931,1.10656,0.7799,-9.2,-71.38,-71.38,7,stop_loss,39.86019,0.00061,-4.18968,-3.06782,london,2020
EURUSD,1,2020-01-21 05:00:00,2020-01-21 10:00:00,1.10958,1.10875,1.10875,1.11123,0.8544,-8.3,-70.67,-70.67,5,stop_loss,28.72396,0.00055,-1.02656,-3.94772,,2020
EURUSD,1,2020-01-23 19:00:00,2020-01-24 05:00:00,1.10411,1.10505,1.10235,1.10763,0.3981,9.4,37.42,37.42,10,time_exit,14.85536,0.00117,-3.71708,-1.83538,new_york,2020
EURUSD,-1,2020-01-27 19:00:00,2020-01-28 05:00:00,1.1019,1.10214,1.10325,1.0992,0.5203,-2.4,-12.49,-12.49,10,time_exit,21.17155,0.0009,-2.15997,-4.48261,new_york,2020
EURUSD,1,2020-01-28 09:00:00,2020-01-28 13:00:00,1.10195,1.10113,1.10113,1.1036,0.8525,-8.2,-70.21,-70.22,4,stop_loss,14.36001,0.00055,-1.96362,-7.4274,london,2020
EURUSD,-1,2020-01-28 23:00:00,2020-01-29 09:00:00,1.10218,1.10058,1.10321,1.10012,0.6732,16.0,107.71,107.71,10,time_exit,18.12672,0.00069,-0.08375,-5.95069,,2020
EURUSD,-1,2020-01-31 04:00:00,2020-01-31 14:00:00,1.10292,1.10408,1.10408,1.1006,0.6072,-11.6,-70.58,-70.58,10,stop_loss,26.30343,0.00077,1.05771,-3.00459,,2020
EURUSD,1,2020-02-03 08:00:00,2020-02-03 09:00:00,1.10844,1.10723,1.10723,1.11086,0.5764,-12.1,-69.88,-69.88,1,stop_loss,49.08332,0.00081,3.90483,0.48269,london,2020
EURUSD,1,2020-02-04 10:00:00,2020-02-04 17:00:00,1.10502,1.10396,1.10396,1.10714,0.653,-10.6,-69.18,-69.19,7,stop_loss,31.18257,0.00071,-1.08132,0.86382,london,2020
EURUSD,-1,2020-02-04 20:00:00,2020-02-05 06:00:00,1.1037,1.10346,1.10493,1.10125,0.558,2.4,13.39,13.39,10,time_exit,39.32108,0.00082,-2.07216,0.34785,new_york,2020
EURUSD,-1,2020-02-05 09:00:00,2020-02-05 10:00:00,1.1036,1.10442,1.10442,1.10197,0.8412,-8.2,-68.62,-68.62,1,stop_loss,46.51729,0.00054,-2.2754,-0.30445,london,2020
EURUSD,1,2020-02-07 16:00:00,2020-02-07 19:00:00,1.09582,1.09455,1.09455,1.09836,0.5345,-12.7,-67.93,-67.93,3,stop_loss,51.44234,0.00085,-3.59145,-4.18931,new_york,2020
EURUSD,-1,2020-02-10 02:00:00,2020-02-10 12:00:00,1.09494,1.09496,1.09626,1.09229,0.5084,-0.2,-1.02,-1.02,10,time_exit,47.04669,0.00088,-2.98278,-4.68882,,2020
EURUSD,-1,2020-02-12 00:00:00,2020-02-12 10:00:00,1.09151,1.09218,1.09272,1.08909,0.5558,-6.7,-37.24,-37.24,10,time_exit,36.21089,0.00081,-1.63383,-6.68221,,2020
EURUSD,-1,2020-02-13 15:00:00,2020-02-13 17:00:00,1.08639,1.08368,1.08775,1.08368,0.4931,27.1,133.75,133.75,2,take_profit,41.6563,0.0009,-3.29193,-6.53404,london,2020
EURUSD,-1,2020-02-13 23:00:00,2020-02-14 09:00:00,1.08415,1.08412,1.08554,1.08137,0.4915,0.3,1.47,1.47,10,time_exit,49.50185,0.00093,-4.23558,-6.89833,,2020
EURUSD,1,2020-02-14 10:00:00,2020-02-14 20:00:00,1.08412,1.08438,1.08304,1.08627,0.6345,2.6,16.5,16.49,10,time_exit,55.7171,0.00072,-3.35818,-9.50723,london,2020
EURUSD,-1,2020-02-14 21:00:00,2020-02-17 07:00:00,1.08438,1.08397,1.0858,1.08153,0.4804,4.1,19.7,19.69,10,time_exit,35.31343,0.00095,-1.48504,-6.9833,new_york,2020
EURUSD,1,2020-02-17 16:00:00,2020-02-18 02:00:00,1.08362,1.0825,1.0825,1.08587,0.6102,-11.2,-68.59,-68.6,10,stop_loss,22.99306,0.00075,-1.56501,-8.20592,new_york,2020
EURUSD,1,2020-02-18 09:00:00,2020-02-18 14:00:00,1.083,1.08207,1.08207,1.08485,0.7322,-9.3,-67.9,-67.91,5,stop_loss,23.89673,0.00062,-1.63125,-9.26466,london,2020
EURUSD,-1,2020-02-18 16:00:00,2020-02-18 17:00:00,1.08022,1.08156,1.08156,1.07753,0.5003,-13.4,-67.23,-67.23,1,stop_loss,21.85908,0.0009,-3.72016,-6.33381,new_york,2020
EURUSD,1,2020-02-18 17:00:00,2020-02-18 22:00:00,1.08078,1.07929,1.07929,1.08376,0.4473,-14.9,-66.55,-66.55,5,stop_loss,24.43372,0.00099,-2.67613,-5.74528,new_york,2020
EURUSD,1,2020-02-19 21:00:00,2020-02-20 07:00:00,1.07983,1.07966,1.07842,1.08264,0.4682,-1.7,-7.96,-7.96,10,time_exit,28.1774,0.00094,-1.2052,-6.30601,new_york,2020
EURUSD,1,2020-02-21 10:00:00,2020-02-21 11:00:00,1.07962,1.08196,1.07845,1.08196,0.5618,23.4,131.62,131.62,1,take_profit,15.8528,0.00078,-0.22699,-6.16644,london,2020
EURUSD,-1,2020-02-21 12:00:00,2020-02-21 16:00:00,1.081,1.08242,1.08242,1.07816,0.4719,-14.2,-67.12,-67.12,4,stop_loss,17.97174,0.00095,1.13398,-4.89426,london,2020
EURUSD,1,2020-02-24 05:00:00,2020-02-24 15:00:00,1.08228,1.08148,1.08037,1.0861,0.3478,-8.0,-27.82,-27.83,10,time_exit,23.05592,0.00127,0.46959,-2.11004,,2020
EURUSD,1,2020-02-24 17:00:00,2020-02-25 03:00:00,1.08492,1.08587,1.08282,1.08912,0.3153,9.5,29.95,29.95,10,time_exit,16.52131,0.0014,2.18202,-1.60763,new_york,2020
EURUSD,-1,2020-02-25 10:00:00,2020-02-25 18:00:00,1.08536,1.08702,1.08702,1.08205,0.4016,-16.6,-66.47,-66.48,8,stop_loss,17.1098,0.0011,1.50286,-0.58528,london,2020
EURUSD,1,2020-03-02 13:00:00,2020-03-02 15:00:00,1.10849,1.11466,1.1054,1.11466,0.2132,61.7,131.61,131.61,2,take_profit,29.72191,0.00206,3.7105,4.30532,london,2020
EURUSD,-1,2020-03-04 03:00:00,2020-03-04 13:00:00,1.11726,1.11474,1.12067,1.11044,0.1968,25.2,49.59,49.59,10,time_exit,35.70809,0.00227,2.36584,5.61037,,2020
EURUSD,-1,2020-03-05 17:00:00,2020-03-05 20:00:00,1.11907,1.12171,1.12171,1.11379,0.2563,-26.4,-67.63,-67.63,3,stop_loss,21.68998,0.00176,2.6865,5.83409,new_york,2020
EURUSD,-1,2020-03-06 14:00:00,2020-03-09 00:00:00,1.13325,1.1349,1.1365,1.12674,0.2057,-16.5,-33.94,-33.94,10,time_exit,41.47449,0.00217,6.0507,5.66187,london,2020
EURUSD,-1,2020-03-09 04:00:00,2020-03-09 05:00:00,1.13599,1.14064,1.14064,1.12669,0.1432,-46.5,-66.61,-66.61,1,stop_loss,40.74295,0.0031,3.30053,4.71388,,2020
EURUSD,-1,2020-03-10 04:00:00,2020-03-10 14:00:00,1.13851,1.136,1.14489,1.12575,0.1033,25.1,25.93,25.93,10,time_exit,43.68523,0.00425,0.5717,4.30055,,2020
EURUSD,1,2020-03-12 08:00:00,2020-03-12 11:00:00,1.1296,1.12586,1.12586,1.13708,0.1769,-37.4,-66.2,-66.2,3,stop_loss,20.97229,0.00249,-0.78773,3.21119,london,2020
EURUSD,-1,2020-03-12 16:00:00,2020-03-12 18:00:00,1.12154,1.11186,1.12638,1.11186,0.1353,96.8,131.03,131.02,2,take_profit,17.80243,0.00323,-2.62834,1.94287,new_york,2020
EURUSD,-1,2020-03-13 12:00:00,2020-03-13 17:00:00,1.12077,1.10993,1.12619,1.10993,0.1234,108.4,133.72,133.72,5,take_profit,14.54179,0.00361,-0.82143,0.26474,london,2020
EURUSD,-1,2020-03-18 05:00:00,2020-03-18 08:00:00,1.10004,1.10441,1.10441,1.09131,0.1562,-43.7,-68.2,-68.2,3,stop_loss,35.81439,0.00291,-2.89216,-2.82143,,2020
EURUSD,1,2020-03-19 18:00:00,2020-03-19 19:00:00,1.07951,1.0721,1.0721,1.09433,0.0911,-74.1,-67.5,-67.5,1,stop_loss,29.06813,0.00494,-2.63778,-3.19886,new_york,2020
EURUSD,-1,2020-03-20 10:00:00,2020-03-20 20:00:00,1.07599,1.06668,1.08227,1.06343,0.1064,93.1,99.06,99.06,10,time_exit,28.00269,0.00419,-1.48036,-4.91133,london,2020
EURUSD,1,2020-03-23 15:00:00,2020-03-23 16:00:00,1.06854,1.08046,1.06258,1.08046,0.1138,119.2,135.61,135.61,1,take_profit,11.31888,0.00397,-1.40473,-5.15956,london,2020
EURUSD,-1,2020-03-24 20:00:00,2020-03-25 06:00:00,1.07905,1.08092,1.08534,1.06646,0.1099,-18.7,-20.55,-20.55,10,time_exit,24.039,0.0042,0.24484,-3.03051,new_york,2020
EURUSD,1,2020-03-26 07:00:00,2020-03-26 17:00:00,1.09171,1.09916,1.08767,1.09979,0.1707,74.5,127.17,127.17,10,time_exit,26.36061,0.00269,3.13758,-2.00561,london,2020
EURUSD,1,2020-03-30 15:00:00,2020-03-30 16:00:00,1.10604,1.10178,1.10178,1.11455,0.165,-42.6,-70.23,-70.23,1,stop_loss,23.32758,0.00284,0.7853,2.94714,london,2020
EURUSD,-1,2020-04-01 07:00:00,2020-04-01 11:00:00,1.10195,1.09433,1.10576,1.09433,0.1825,76.2,139.05,139.05,4,take_profit,16.82171,0.00254,0.13218,1.68913,london,2020
EURUSD,1,2020-04-02 15:00:00,2020-04-02 16:00:00,1.09135,1.08824,1.08824,1.09757,0.228,-31.1,-70.91,-70.92,1,stop_loss,18.81229,0.00207,-2.28913,-0.19251,london,2020
EURUSD,1,2020-04-03 16:00:00,2020-04-06 02:00:00,1.07766,1.08055,1.07438,1.08421,0.2143,28.9,61.93,61.93,10,time_exit,37.9687,0.00218,-4.66287,-2.65143,new_york,2020
EURUSD,1,2020-04-06 14:00:00,2020-04-06 16:00:00,1.08008,1.07697,1.07697,1.08631,0.2275,-31.1,-70.83,-70.83,2,stop_loss,23.33679,0.00208,-1.77884,-3.53654,london,2020
EURUSD,1,2020-04-07 16:00:00,2020-04-08 02:00:00,1.09051,1.08938,1.08726,1.09701,0.2159,-11.3,-24.4,-24.4,10,time_exit,31.87126,0.00217,3.30561,-2.65082,new_york,2020
EURUSD,1,2020-04-10 22:00:00,2020-04-13 08:00:00,1.09337,1.09338,1.09167,1.09676,0.412,0.1,0.41,0.41,10,time_exit,26.47338,0.00113,1.56632,1.62551,,2020
EURUSD,-1,2020-04-14 04:00:00,2020-04-14 05:00:00,1.09233,1.09437,1.09437,1.08824,0.3421,-20.4,-69.89,-69.89,1,stop_loss,19.51648,0.00136,0.17413,1.19194,,2020
EURUSD,-1,2020-04-14 09:00:00,2020-04-14 14:00:00,1.09389,1.09581,1.09581,1.09004,0.3599,-19.2,-69.2,-69.2,5,stop_loss,17.48659,0.00128,1.09314,1.43063,london,2020
EURUSD,-1,2020-04-17 20:00:00,2020-04-20 06:00:00,1.08672,1.0861,1.08977,1.08063,0.2249,6.2,13.94,13.94,10,time_exit,23.81932,0.00203,-0.40052,-1.21683,new_york,2020
EURUSD,-1,2020-04-20 22:00:00,2020-04-21 08:00:00,1.08613,1.08414,1.08857,1.08125,0.2814,19.9,56.0,56.0,10,time_exit,9.22493,0.00163,-0.54065,-1.3712,,2020
EURUSD,-1,2020-04-22 21:00:00,2020-04-23 07:00:00,1.08142,1.08157,1.0838,1.07667,0.2913,-1.5,-4.37,-4.37,10,time_exit,22.81853,0.00158,-2.37027,-1.53812,new_york,2020
EURUSD,1,2020-04-24 02:00:00,2020-04-24 09:00:00,1.078,1.07498,1.07498,1.08404,0.2291,-30.2,-69.15,-69.16,7,stop_loss,21.11298,0.00201,-1.69832,-2.13179,,2020
EURUSD,1,2020-04-24 11:00:00,2020-04-24 13:00:00,1.07407,1.07914,1.07154,1.07914,0.2701,50.7,136.91,136.91,2,take_profit,25.3504,0.00169,-3.41034,-2.99551,london,2020
EURUSD,-1,2020-04-27 17:00:00,2020-04-28 03:00:00,1.08474,1.08329,1.08698,1.08026,0.3115,14.5,45.17,45.17,10,time_exit,26.19131,0.00149,1.95037,-1.56049,new_york,2020
EURUSD,1,2020-04-28 03:00:00,2020-04-28 12:00:00,1.08244,1.08604,1.08064,1.08604,0.3905,36.0,140.57,140.57,9,take_profit,16.27635,0.0012,0.21479,-1.54817,,2020
EURUSD,1,2020-04-28 20:00:00,2020-04-29 06:00:00,1.08317,1.08467,1.08059,1.08833,0.2777,15.0,41.66,41.65,10,time_exit,17.26234,0.00172,-0.05553,-0.47017,new_york,2020
EURUSD,-1,2020-04-29 23:00:00,2020-04-30 09:00:00,1.08752,1.08811,1.08982,1.08291,0.313,-5.9,-18.47,-18.47,10,time_exit,12.06842,0.00154,1.93326,0.17455,,2020
EURUSD,-1,2020-04-30 17:00:00,2020-04-30 18:00:00,1.08591,1.0887,1.0887,1.08032,0.2574,-27.9,-71.93,-71.93,1,stop_loss,12.63481,0.00186,0.04543,0.58467,new_york,2020
EURUSD,1,2020-05-01 03:00:00,2020-05-01 13:00:00,1.09447,1.09814,1.09154,1.10033,0.2432,36.7,89.25,89.25,10,time_exit,25.61799,0.00195,2.9442,1.57203,,2020
EURUSD,1,2020-05-04 04:00:00,2020-05-04 11:00:00,1.09472,1.09247,1.09247,1.09923,0.3199,-22.5,-72.1,-72.1,7,stop_loss,34.0504,0.0015,0.4885,3.87106,,2020
EURUSD,1,2020-05-04 15:00:00,2020-05-04 17:00:00,1.09393,1.09165,1.09165,1.0985,0.3124,-22.8,-71.38,-71.38,2,stop_loss,21.54158,0.00152,-0.01459,3.40824,london,2020
EURUSD,1,2020-05-05 16:00:00,2020-05-06 02:00:00,1.08417,1.08386,1.08142,1.08968,0.2565,-3.1,-7.95,-7.95,10,time_exit,36.59349,0.00184,-3.55291,0.98536,new_york,2020
EURUSD,-1,2020-05-08 18:00:00,2020-05-11 00:00:00,1.08722,1.0822,1.08973,1.0822,0.2811,50.2,141.15,141.15,6,take_profit,16.31772,0.00167,2.49288,-1.39843,new_york,2020
EURUSD,1,2020-05-11 19:00:00,2020-05-12 03:00:00,1.0817,1.0794,1.0794,1.0863,0.3132,-23.0,-72.0,-72.0,8,stop_loss,16.63593,0.00153,-1.01457,-1.13725,new_york,2020
EURUSD,1,2020-05-12 05:00:00,2020-05-12 13:00:00,1.0795,1.08323,1.07763,1.08323,0.3817,37.3,142.54,142.54,8,take_profit,20.93593,0.00124,-2.29696,-1.77045,,2020
EURUSD,-1,2020-05-14 14:00:00,2020-05-14 17:00:00,1.07918,1.08101,1.08101,1.07551,0.3964,-18.3,-72.69,-72.69,3,stop_loss,28.5098,0.00122,-2.83898,-1.11407,london,2020
EURUSD,1,2020-05-15 08:00:00,2020-05-15 15:00:00,1.08054,1.07897,1.07897,1.08367,0.4597,-15.7,-71.97,-71.97,7,stop_loss_ambiguous,15.14667,0.00104,-0.678,-1.97681,london,2020
EURUSD,1,2020-05-18 06:00:00,2020-05-18 11:00:00,1.08254,1.08066,1.08066,1.0863,0.3794,-18.8,-71.25,-71.25,5,stop_loss,11.16487,0.00125,0.83262,-1.17946,,2020
EURUSD,1,2020-05-18 13:00:00,2020-05-18 15:00:00,1.08086,1.08431,1.07914,1.08431,0.4093,34.5,141.09,141.09,2,take_profit,11.7434,0.00115,-0.57227,-1.18754,london,2020
EURUSD,-1,2020-05-18 17:00:00,2020-05-18 18:00:00,1.08576,1.08785,1.08785,1.08158,0.3445,-20.9,-71.95,-71.95,1,stop_loss,14.06195,0.00139,2.83488,-0.80519,new_york,2020
EURUSD,-1,2020-05-19 15:00:00,2020-05-20 01:00:00,1.09482,1.09242,1.09732,1.08983,0.2854,24.0,68.5,68.49,10,time_exit,51.17078,0.00166,4.11698,1.97225,london,2020
EURUSD,1,2020-05-20 09:00:00,2020-05-20 16:00:00,1.09431,1.09803,1.09245,1.09803,0.3862,37.2,143.84,143.84,7,take_profit,39.42522,0.00124,2.7632,3.78348,london,2020
EURUSD,-1,2020-05-22 03:00:00,2020-05-22 10:00:00,1.09492,1.09078,1.09699,1.09078,0.3541,41.4,146.69,146.69,7,take_profit,20.92419,0.00138,-0.29773,4.06414,,2020
EURUSD,1,2020-05-22 14:00:00,2020-05-25 00:00:00,1.09032,1.0896,1.08823,1.0945,0.3576,-7.2,-25.75,-25.75,10,time_exit,30.82976,0.00139,-2.76049,3.00302,london,2020
EURUSD,1,2020-05-27 05:00:00,2020-05-27 12:00:00,1.09676,1.09495,1.09495,1.10037,0.4126,-18.1,-74.56,-74.56,7,stop_loss_ambiguous,47.84041,0.0012,1.9921,2.58153,,2020
EURUSD,-1,2020-06-01 03:00:00,2020-06-01 08:00:00,1.11155,1.11415,1.11415,1.10635,0.2841,-26.0,-73.82,-73.82,5,stop_loss,24.05512,0.00173,2.40353,5.12907,,2020
EURUSD,1,2020-06-01 23:00:00,2020-06-02 09:00:00,1.11352,1.11184,1.11106,1.11843,0.2975,-16.8,-49.98,-49.98,10,time_exit,14.82574,0.00164,1.9052,5.67227,,2020
EURUSD,1,2020-06-02 11:00:00,2020-06-02 12:00:00,1.11278,1.11674,1.1108,1.11674,0.3663,39.6,145.16,145.16,1,take_profit,8.91165,0.00132,1.11617,6.71835,london,2020
EURUSD,1,2020-06-04 02:00:00,2020-06-04 09:00:00,1.12322,1.12079,1.12079,1.12808,0.3046,-24.3,-74.03,-74.03,7,stop_loss,35.64344,0.00162,2.69565,6.61532,,2020
EURUSD,-1,2020-06-05 09:00:00,2020-06-05 15:00:00,1.1369,1.13113,1.13979,1.13113,0.2539,57.7,146.6,146.6,6,take_profit,49.73415,0.00192,5.25363,6.85226,london,2020
EURUSD,-1,2020-06-08 18:00:00,2020-06-09 04:00:00,1.1301,1.12925,1.13295,1.12441,0.2627,8.5,22.33,22.33,10,time_exit,15.47154,0.0019,0.51155,5.69538,new_york,2020
EURUSD,1,2020-06-09 08:00:00,2020-06-09 10:00:00,1.12855,1.12654,1.12654,1.13257,0.373,-20.1,-74.98,-74.98,2,stop_loss,11.23261,0.00134,-0.50717,7.08001,london,2020
EURUSD,1,2020-06-10 09:00:00,2020-06-10 19:00:00,1.13625,1.13512,1.13416,1.14042,0.3559,-11.3,-40.22,-40.22,10,time_exit,23.45086,0.00139,3.39344,6.4746,london,2020
EURUSD,-1,2020-06-11 00:00:00,2020-06-11 10:00:00,1.13729,1.13635,1.14125,1.12937,0.1865,9.4,17.53,17.53,10,time_exit,29.49184,0.00264,1.37303,3.57026,,2020
EURUSD,1,2020-06-15 01:00:00,2020-06-15 11:00:00,1.1242,1.12666,1.12069,1.13121,0.2111,24.6,51.93,51.93,10,time_exit,23.43664,0.00234,-2.63819,1.34724,,2020
EURUSD,-1,2020-06-16 01:00:00,2020-06-16 11:00:00,1.13248,1.13364,1.13549,1.12647,0.2479,-11.6,-28.76,-28.76,10,time_exit,25.96187,0.002,1.93491,0.70861,,2020
EURUSD,1,2020-06-17 01:00:00,2020-06-17 11:00:00,1.12611,1.12573,1.12318,1.13197,0.2534,-3.8,-9.63,-9.63,10,time_exit,33.83925,0.00195,-1.57859,0.7038,,2020
EURUSD,-1,2020-06-18 11:00:00,2020-06-18 19:00:00,1.12432,1.1197,1.12663,1.1197,0.3207,46.2,148.28,148.28,8,take_profit,17.3895,0.00154,-0.9037,-0.77646,london,2020
EURUSD,-1,2020-06-19 06:00:00,2020-06-19 15:00:00,1.12107,1.12317,1.12317,1.11688,0.3607,-21.0,-75.63,-75.63,9,stop_loss,34.13961,0.0014,-1.67554,-1.83908,,2020
EURUSD,-1,2020-06-19 16:00:00,2020-06-19 17:00:00,1.12381,1.11897,1.12623,1.11897,0.3096,48.4,149.72,149.71,1,take_profit,33.17109,0.00161,0.60944,-1.70847,new_york,2020
EURUSD,-1,2020-06-23 02:00:00,2020-06-23 10:00:00,1.12731,1.12936,1.12936,1.12321,0.3721,-20.5,-76.36,-76.36,8,stop_loss,30.86043,0.00137,3.42549,-1.34611,,2020
EURUSD,-1,2020-06-23 21:00:00,2020-06-24 07:00:00,1.13192,1.13147,1.13462,1.12653,0.2804,4.5,12.62,12.62,10,time_exit,33.56884,0.0018,3.06796,0.61054,new_york,2020
EURUSD,1,2020-06-25 21:00:00,2020-06-26 07:00:00,1.12232,1.12238,1.12005,1.12686,0.3339,0.6,2.0,2.0,10,time_exit,40.29599,0.00151,-1.86438,-0.35454,new_york,2020
EURUSD,-1,2020-06-26 09:00:00,2020-06-26 11:00:00,1.12216,1.12379,1.12379,1.1189,0.4644,-16.3,-75.74,-75.74,2,stop_loss,30.49475,0.00109,-1.62654,-1.21853,london,2020
EURUSD,-1,2020-06-29 16:00:00,2020-06-29 17:00:00,1.12861,1.1245,1.13067,1.1245,0.3645,41.1,149.95,149.95,1,take_profit,26.24491,0.00137,3.26011,-0.51687,new_york,2020
EURUSD,1,2020-06-29 19:00:00,2020-06-30 05:00:00,1.12361,1.12418,1.12118,1.12847,0.3146,5.7,17.93,17.93,10,time_exit,23.30895,0.00162,-0.36114,-0.39929,new_york,2020
EURUSD,1,2020-06-30 14:00:00,2020-06-30 18:00:00,1.12092,1.12535,1.1187,1.12535,0.3459,44.3,153.33,153.33,4,take_profit,26.28115,0.00148,-1.784,-0.66106,london,2020
EURUSD,1,2020-06-30 21:00:00,2020-07-01 07:00:00,1.12375,1.12182,1.12102,1.12921,0.2866,-19.3,-55.31,-55.32,10,time_exit,24.30858,0.00182,0.25008,-0.60487,new_york,2020
EURUSD,-1,2020-07-02 22:00:00,2020-07-03 08:00:00,1.12341,1.12362,1.12593,1.11837,0.3081,-2.1,-6.47,-6.47,10,time_exit,22.1817,0.00168,-0.86831,0.20291,,2020
EURUSD,1,2020-07-03 18:00:00,2020-07-06 04:00:00,1.12417,1.12683,1.12227,1.12797,0.408,26.6,108.53,108.53,10,time_exit,20.30116,0.00127,-0.01538,-0.14528,new_york,2020
EURUSD,1,2020-07-06 15:00:00,2020-07-07 00:00:00,1.13189,1.12998,1.12998,1.13571,0.4115,-19.1,-78.67,-78.67,9,stop_loss,36.09415,0.00127,4.55068,0.93939,london,2020
EURUSD,-1,2020-07-08 03:00:00,2020-07-08 10:00:00,1.12746,1.1294,1.1294,1.12359,0.4021,-19.4,-77.87,-77.88,7,stop_loss,17.25339,0.00129,-0.80397,1.67072,,2020
EURUSD,-1,2020-07-09 03:00:00,2020-07-09 06:00:00,1.13374,1.13562,1.13562,1.12997,0.4091,-18.8,-77.09,-77.09,3,stop_loss,26.44009,0.00126,2.93299,2.24658,,2020
EURUSD,1,2020-07-10 05:00:00,2020-07-10 09:00:00,1.12784,1.12583,1.12583,1.13185,0.3802,-20.1,-76.32,-76.33,4,stop_loss,26.16366,0.00134,-2.09751,1.81103,,2020
EURUSD,-1,2020-07-13 13:00:00,2020-07-13 14:00:00,1.13191,1.1338,1.1338,1.12812,0.3993,-18.9,-75.57,-75.57,1,stop_loss,15.16123,0.00126,0.91776,1.53727,london,2020
EURUSD,1,2020-07-14 09:00:00,2020-07-14 13:00:00,1.13383,1.13716,1.13217,1.13716,0.4495,33.3,149.61,149.61,4,take_profit,12.70949,0.00111,0.82499,2.72652,london,2020
EURUSD,1,2020-07-16 12:00:00,2020-07-16 16:00:00,1.1393,1.14297,1.13746,1.14297,0.4154,36.7,152.61,152.61,4,take_profit,17.48494,0.00122,-0.3287,4.59034,london,2020
EURUSD,-1,2020-07-17 07:00:00,2020-07-17 11:00:00,1.13918,1.14107,1.14107,1.1354,0.4117,-18.9,-77.84,-77.84,4,stop_loss,20.09754,0.00126,-0.28681,3.58091,london,2020
EURUSD,1,2020-07-21 08:00:00,2020-07-21 17:00:00,1.14307,1.14744,1.14089,1.14744,0.3529,43.7,154.09,154.09,9,take_profit,13.04189,0.00146,-0.19252,3.46276,london,2020
EURUSD,-1,2020-07-22 08:00:00,2020-07-22 13:00:00,1.15392,1.15604,1.15604,1.14968,0.3709,-21.2,-78.59,-78.6,5,stop_loss,35.36139,0.00141,4.29112,5.01184,london,2020
EURUSD,1,2020-07-22 13:00:00,2020-07-22 15:00:00,1.1545,1.15981,1.15184,1.15981,0.2929,53.1,155.61,155.61,2,take_profit,30.91413,0.00177,3.20825,4.19959,london,2020
EURUSD,1,2020-07-22 18:00:00,2020-07-23 04:00:00,1.15936,1.15743,1.15622,1.16563,0.253,-19.3,-48.83,-48.83,10,time_exit,35.99361,0.00209,4.19282,4.00339,new_york,2020
EURUSD,-1,2020-07-27 12:00:00,2020-07-27 13:00:00,1.16954,1.17222,1.17222,1.16419,0.2948,-26.8,-78.87,-78.87,1,stop_loss,41.84009,0.00178,3.52099,6.41326,london,2020
EURUSD,-1,2020-07-28 04:00:00,2020-07-28 10:00:00,1.17662,1.17132,1.17927,1.17132,0.2949,53.0,156.17,156.17,6,take_profit,45.94792,0.00177,4.37753,7.72637,,2020
EURUSD,-1,2020-07-28 17:00:00,2020-07-29 03:00:00,1.17322,1.17216,1.1765,1.16666,0.2427,10.6,25.73,25.72,10,time_exit,24.71247,0.00219,1.23182,5.99341,new_york,2020
EURUSD,-1,2020-07-30 22:00:00,2020-07-31 02:00:00,1.18386,1.18689,1.18689,1.1778,0.2636,-30.3,-79.92,-79.92,4,stop_loss,25.77664,0.00202,3.75461,5.52775,,2020
EURUSD,-1,2020-07-31 07:00:00,2020-07-31 14:00:00,1.18919,1.18356,1.19201,1.18356,0.281,56.3,158.23,158.23,7,take_profit,41.0856,0.00188,5.21089,6.64663,london,2020
EURUSD,1,2020-08-10 13:00:00,2020-08-10 23:00:00,1.17601,1.17366,1.17358,1.18087,0.3324,-23.5,-78.11,-78.12,10,time_exit,27.22537,0.00162,-2.99056,1.59168,london,2020
EURUSD,-1,2020-08-11 02:00:00,2020-08-11 11:00:00,1.17416,1.17631,1.17631,1.16986,0.3715,-21.5,-79.91,-79.91,9,stop_loss,26.97409,0.00143,-3.05296,0.4462,,2020
EURUSD,-1,2020-08-12 05:00:00,2020-08-12 11:00:00,1.17293,1.17542,1.17542,1.16796,0.3182,-24.9,-79.11,-79.11,6,stop_loss,19.74103,0.00166,-2.08815,-0.55045,,2020
EURUSD,-1,2020-08-12 15:00:00,2020-08-12 16:00:00,1.17669,1.17935,1.17935,1.17137,0.2944,-26.6,-78.31,-78.31,1,stop_loss,20.86091,0.00177,0.53063,-0.72157,london,2020
EURUSD,-1,2020-08-13 04:00:00,2020-08-13 09:00:00,1.18067,1.18305,1.18305,1.17591,0.326,-23.8,-77.53,-77.53,5,stop_loss,26.5808,0.00159,2.24869,-0.10101,,2020
EURUSD,-1,2020-08-14 08:00:00,2020-08-14 16:00:00,1.18134,1.18336,1.18336,1.17731,0.3808,-20.2,-76.77,-76.77,8,stop_loss,19.82065,0.00134,0.74268,1.42217,london,2020
EURUSD,1,2020-08-14 16:00:00,2020-08-17 02:00:00,1.18187,1.1852,1.17936,1.1869,0.3022,33.3,100.63,100.63,10,time_exit,16.04408,0.00168,0.81573,1.12112,new_york,2020
EURUSD,-1,2020-08-17 12:00:00,2020-08-17 15:00:00,1.18382,1.18592,1.18592,1.17962,0.367,-21.0,-77.01,-77.01,3,stop_loss,21.52411,0.0014,0.70699,2.23748,london,2020
EURUSD,1,2020-08-17 17:00:00,2020-08-18 03:00:00,1.18732,1.18906,1.18491,1.19214,0.3164,17.4,55.05,55.05,10,time_exit,16.95291,0.00161,2.45078,2.10644,new_york,2020
EURUSD,-1,2020-08-18 19:00:00,2020-08-19 05:00:00,1.19279,1.19369,1.19551,1.18735,0.2822,-9.0,-25.4,-25.4,10,time_exit,31.51652,0.00181,2.90305,2.97289,new_york,2020
EURUSD,1,2020-08-24 02:00:00,2020-08-24 12:00:00,1.18011,1.18336,1.17768,1.18497,0.3147,32.5,102.28,102.28,10,time_exit,37.99945,0.00162,-1.91896,-0.48173,,2020
EURUSD,-1,2020-08-26 12:00:00,2020-08-26 15:00:00,1.18145,1.17759,1.18338,1.17759,0.402,38.6,155.08,155.08,3,take_profit,14.93555,0.00129,-0.3346,-0.78252,london,2020
EURUSD,-1,2020-08-27 02:00:00,2020-08-27 12:00:00,1.18367,1.18252,1.18584,1.17933,0.3648,11.5,41.95,41.95,10,time_exit,11.75282,0.00145,1.20744,-0.5735,,2020
EURUSD,-1,2020-08-28 01:00:00,2020-08-28 06:00:00,1.18194,1.18542,1.18542,1.17498,0.2285,-34.8,-79.52,-79.52,5,stop_loss,18.13004,0.00232,-0.04497,-0.26192,,2020
EURUSD,1,2020-08-28 13:00:00,2020-08-28 23:00:00,1.18896,1.19063,1.18568,1.19552,0.24,16.7,40.08,40.08,10,time_exit,32.71594,0.00219,2.44471,0.26715,london,2020
EURUSD,1,2020-08-31 07:00:00,2020-08-31 11:00:00,1.19114,1.18849,1.18849,1.19645,0.2982,-26.5,-79.12,-79.12,4,stop_loss,40.20653,0.00177,2.32952,1.60103,london,2020
EURUSD,1,2020-09-01 04:00:00,2020-09-01 05:00:00,1.19412,1.19841,1.19197,1.19841,0.365,42.9,156.66,156.66,1,take_profit,34.34762,0.00143,2.51611,3.25879,,2020
EURUSD,-1,2020-09-01 15:00:00,2020-09-01 19:00:00,1.19876,1.19333,1.20148,1.19333,0.2941,54.3,159.8,159.79,4,take_profit,37.6167,0.00181,3.00031,3.41008,london,2020
EURUSD,-1,2020-09-01 22:00:00,2020-09-02 08:00:00,1.191,1.19077,1.19417,1.18465,0.2568,2.3,5.91,5.9,10,time_exit,30.19175,0.00212,-1.24715,2.82015,,2020
EURUSD,1,2020-09-03 02:00:00,2020-09-03 04:00:00,1.18538,1.18278,1.18278,1.19058,0.3135,-26.0,-81.57,-81.57,2,stop_loss,32.28688,0.00173,-2.08636,0.79725,,2020
EURUSD,-1,2020-09-03 07:00:00,2020-09-03 16:00:00,1.18209,1.18444,1.18444,1.17739,0.3439,-23.5,-80.75,-80.75,9,stop_loss,32.45526,0.00157,-3.71699,0.33938,london,2020
EURUSD,-1,2020-09-03 16:00:00,2020-09-03 22:00:00,1.18324,1.18598,1.18598,1.17776,0.2916,-27.4,-79.93,-79.93,6,stop_loss,30.79709,0.00183,-1.51829,-0.47319,new_york,2020
EURUSD,1,2020-09-03 23:00:00,2020-09-04 09:00:00,1.18563,1.18367,1.18282,1.19125,0.2818,-19.6,-55.23,-55.23,10,time_exit,20.85078,0.00187,0.00301,-0.57983,,2020
EURUSD,1,2020-09-04 15:00:00,2020-09-04 16:00:00,1.18433,1.18193,1.18193,1.18914,0.3269,-24.0,-78.59,-78.59,1,stop_loss,9.69761,0.0016,-0.55964,-0.74807,london,2020
EURUSD,-1,2020-09-07 13:00:00,2020-09-07 23:00:00,1.18286,1.18127,1.18491,1.17876,0.3792,15.9,60.29,60.29,10,time_exit,10.91999,0.00137,-0.87817,-1.25746,london,2020
EURUSD,-1,2020-09-08 00:00:00,2020-09-08 10:00:00,1.18124,1.18168,1.18278,1.17817,0.51,-4.4,-22.44,-22.44,10,time_exit,15.12193,0.00102,-1.92667,-2.07007,,2020
EURUSD,1,2020-09-08 20:00:00,2020-09-09 01:00:00,1.1796,1.177,1.177,1.1848,0.3007,-26.0,-78.16,-78.16,5,stop_loss,31.96872,0.00173,-1.13305,-1.6676,new_york,2020
EURUSD,1,2020-09-09 06:00:00,2020-09-09 13:00:00,1.17748,1.17538,1.17538,1.18167,0.369,-21.0,-77.39,-77.39,7,stop_loss,42.88496,0.0014,-1.97674,-2.54404,,2020
EURUSD,1,2020-09-10 08:00:00,2020-09-10 15:00:00,1.18192,1.18559,1.18009,1.18559,0.4181,36.7,153.24,153.24,7,take_profit,32.58517,0.00122,1.45479,-2.23046,london,2020
EURUSD,-1,2020-09-11 00:00:00,2020-09-11 10:00:00,1.1815,1.18458,1.18458,1.17534,0.2537,-30.8,-78.15,-78.15,10,stop_loss,33.34117,0.00205,-0.38656,-0.42042,,2020
EURUSD,1,2020-09-11 14:00:00,2020-09-11 15:00:00,1.1859,1.1835,1.1835,1.19071,0.3217,-24.0,-77.37,-77.37,1,stop_loss,23.69829,0.0016,1.794,-0.12672,london,2020
EURUSD,-1,2020-09-15 01:00:00,2020-09-15 06:00:00,1.18654,1.18831,1.18831,1.183,0.4333,-17.7,-76.6,-76.61,5,stop_loss,18.94347,0.00118,1.28707,0.99747,,2020
EURUSD,1,2020-09-15 21:00:00,2020-09-16 07:00:00,1.18467,1.18478,1.18269,1.18864,0.3821,1.1,4.2,4.2,10,time_exit,22.15852,0.00132,-1.20981,1.33985,new_york,2020
EURUSD,1,2020-09-16 19:00:00,2020-09-16 21:00:00,1.18347,1.18105,1.18105,1.18832,0.3129,-24.2,-75.87,-75.87,2,stop_loss,25.8516,0.00162,-1.30272,0.59878,new_york,2020
EURUSD,1,2020-09-17 02:00:00,2020-09-17 03:00:00,1.18159,1.17887,1.17887,1.18703,0.2759,-27.2,-75.11,-75.12,1,stop_loss,38.83736,0.00181,-1.64556,0.09822,,2020
EURUSD,1,2020-09-17 05:00:00,2020-09-17 15:00:00,1.17622,1.18083,1.17322,1.18222,0.2479,46.1,114.28,114.28,10,time_exit,45.10942,0.002,-3.81101,-0.18534,,2020
EURUSD,-1,2020-09-17 20:00:00,2020-09-17 22:00:00,1.18223,1.18509,1.18509,1.17652,0.2643,-28.6,-75.52,-75.52,2,stop_loss,31.54003,0.0019,0.14706,-0.83539,new_york,2020
EURUSD,1,2020-09-18 03:00:00,2020-09-18 13:00:00,1.18471,1.18412,1.18236,1.18941,0.3179,-5.9,-18.76,-18.76,10,time_exit,28.34503,0.00157,1.36369,-0.65815,,2020
EURUSD,1,2020-09-18 20:00:00,2020-09-18 23:00:00,1.18657,1.18406,1.18406,1.19159,0.2973,-25.1,-74.56,-74.56,3,stop_loss,25.02755,0.00167,1.62958,0.00045,new_york,2020
EURUSD,1,2020-09-21 22:00:00,2020-09-22 08:00:00,1.1754,1.17524,1.17273,1.18074,0.2765,-1.6,-4.42,-4.43,10,time_exit,39.9288,0.00178,-3.47993,-0.93691,,2020
EURUSD,-1,2020-09-23 10:00:00,2020-09-23 12:00:00,1.16914,1.17146,1.17146,1.16449,0.3175,-23.2,-73.77,-73.78,2,stop_loss,50.96897,0.00155,-3.11435,-3.90037,london,2020
EURUSD,1,2020-09-28 06:00:00,2020-09-28 14:00:00,1.16347,1.16747,1.16147,1.16747,0.3655,40.0,146.08,146.08,8,take_profit,22.12058,0.00133,-1.25478,-5.75263,,2020
EURUSD,1,2020-09-29 01:00:00,2020-09-29 11:00:00,1.16652,1.16834,1.16453,1.17051,0.3734,18.2,67.96,67.96,10,time_exit,18.40904,0.00133,0.76626,-4.64436,,2020
EURUSD,1,2020-09-30 13:00:00,2020-09-30 16:00:00,1.17088,1.16861,1.16861,1.17542,0.3312,-22.7,-75.17,-75.17,3,stop_loss,29.29906,0.00151,0.28274,-0.68687,london,2020
EURUSD,-1,2020-10-01 10:00:00,2020-10-01 20:00:00,1.17536,1.1741,1.17756,1.17097,0.3389,12.6,42.7,42.7,10,time_exit,17.55381,0.00146,2.43633,0.06115,london,2020
EURUSD,-1,2020-10-02 01:00:00,2020-10-02 08:00:00,1.17447,1.16986,1.17678,1.16986,0.3246,46.1,149.7,149.7,7,take_profit,9.84104,0.00154,0.92556,0.59791,,2020
EURUSD,-1,2020-10-02 11:00:00,2020-10-02 21:00:00,1.17231,1.17123,1.17468,1.16758,0.3227,10.8,34.85,34.85,10,time_exit,15.05165,0.00158,-0.38407,0.48283,london,2020
EURUSD,-1,2020-10-05 06:00:00,2020-10-05 12:00:00,1.17321,1.1752,1.1752,1.16923,0.3855,-19.9,-76.69,-76.69,6,stop_loss,16.29192,0.00133,0.67992,0.17465,,2020
EURUSD,-1,2020-10-05 18:00:00,2020-10-06 04:00:00,1.17898,1.17865,1.18117,1.17459,0.3463,3.3,11.43,11.43,10,time_exit,24.95965,0.00146,3.75541,0.72531,new_york,2020
EURUSD,1,2020-10-06 09:00:00,2020-10-06 11:00:00,1.17862,1.17716,1.17716,1.18153,0.5218,-14.6,-76.04,-76.04,2,stop_loss,39.08318,0.00097,2.88541,2.58655,london,2020
EURUSD,-1,2020-10-07 00:00:00,2020-10-07 10:00:00,1.17332,1.17592,1.17592,1.16813,0.2899,-26.0,-75.29,-75.3,10,stop_loss,31.11543,0.00173,-1.81945,1.51828,,2020
EURUSD,1,2020-10-08 02:00:00,2020-10-08 12:00:00,1.17683,1.17588,1.17506,1.18037,0.4209,-9.5,-39.99,-39.99,10,time_exit,24.33831,0.00118,0.69199,1.5022,,2020
EURUSD,1,2020-10-12 23:00:00,2020-10-13 03:00:00,1.18129,1.17971,1.17971,1.18444,0.4701,-15.8,-74.12,-74.13,4,stop_loss,13.74225,0.00105,1.15155,3.1201,,2020
EURUSD,-1,2020-10-13 20:00:00,2020-10-14 06:00:00,1.17347,1.1744,1.1754,1.16962,0.3809,-9.3,-35.42,-35.43,10,time_exit,26.98678,0.00128,-4.30956,1.45662,new_york,2020
EURUSD,1,2020-10-14 14:00:00,2020-10-14 15:00:00,1.17344,1.17685,1.17173,1.17685,0.428,34.1,146.06,146.05,1,take_profit,30.80459,0.00114,-2.71485,-0.11065,london,2020
EURUSD,-1,2020-10-15 12:00:00,2020-10-15 13:00:00,1.17067,1.17248,1.17248,1.16705,0.4111,-18.1,-74.5,-74.5,1,stop_loss,17.13334,0.00121,-3.9257,-0.7181,london,2020
EURUSD,1,2020-10-15 14:00:00,2020-10-15 15:00:00,1.17181,1.16995,1.16995,1.17553,0.3969,-18.6,-73.74,-73.75,1,stop_loss,19.71655,0.00124,-2.67513,-0.86587,london,2020
EURUSD,1,2020-10-19 22:00:00,2020-10-20 08:00:00,1.1767,1.17774,1.17477,1.18057,0.3777,10.4,39.28,39.28,10,time_exit,39.05927,0.00129,2.17825,-0.60692,,2020
EURUSD,1,2020-10-20 15:00:00,2020-10-21 01:00:00,1.18057,1.18281,1.17865,1.18441,0.3822,22.4,85.61,85.61,10,time_exit,36.67139,0.00128,3.59634,0.61191,london,2020
EURUSD,1,2020-10-21 11:00:00,2020-10-21 12:00:00,1.18674,1.18499,1.18499,1.19024,0.424,-17.5,-74.26,-74.26,1,stop_loss,50.88864,0.00117,5.63775,2.99562,london,2020
EURUSD,1,2020-10-22 04:00:00,2020-10-22 12:00:00,1.18459,1.18285,1.18285,1.18807,0.423,-17.4,-73.51,-73.52,8,stop_loss,41.99543,0.00116,1.35982,4.22451,,2020
EURUSD,1,2020-10-22 12:00:00,2020-10-22 13:00:00,1.18444,1.18269,1.18269,1.18794,0.416,-17.5,-72.79,-72.79,1,stop_loss,26.41747,0.00117,0.82705,4.16509,london,2020
EURUSD,1,2020-10-22 21:00:00,2020-10-23 03:00:00,1.18195,1.1801,1.1801,1.18564,0.3904,-18.5,-72.05,-72.05,6,stop_loss,25.92758,0.00123,-1.00718,3.43504,new_york,2020
EURUSD,1,2020-10-23 10:00:00,2020-10-23 11:00:00,1.17988,1.1829,1.17837,1.1829,0.4731,30.2,142.67,142.67,1,take_profit,37.171,0.00101,-2.3515,3.024,london,2020
EURUSD,1,2020-10-23 15:00:00,2020-10-23 17:00:00,1.1845,1.18264,1.18264,1.18823,0.3905,-18.6,-72.77,-72.77,2,stop_loss,31.00268,0.00124,1.53637,2.53301,london,2020
EURUSD,-1,2020-10-23 19:00:00,2020-10-23 22:00:00,1.18429,1.18623,1.18623,1.18041,0.3711,-19.4,-72.03,-72.03,3,stop_loss,26.61275,0.00129,1.12456,2.47449,new_york,2020
EURUSD,-1,2020-10-26 06:00:00,2020-10-26 16:00:00,1.18366,1.18172,1.18538,1.18021,0.4136,19.4,80.24,80.24,10,time_exit,18.87608,0.00115,0.07573,2.94496,,2020
EURUSD,-1,2020-10-27 05:00:00,2020-10-27 08:00:00,1.18184,1.18334,1.18334,1.17883,0.48,-15.0,-72.12,-72.12,3,stop_loss,19.75606,0.001,-0.61653,1.92796,,2020
EURUSD,1,2020-10-27 14:00:00,2020-10-27 23:00:00,1.18146,1.17978,1.17978,1.18483,0.424,-16.8,-71.39,-71.39,9,stop_loss,18.96521,0.00112,-0.7667,1.48213,london,2020
EURUSD,1,2020-10-28 09:00:00,2020-10-28 10:00:00,1.17842,1.17682,1.17682,1.18162,0.4419,-16.0,-70.67,-70.68,1,stop_loss,30.37146,0.00107,-2.40352,0.38438,london,2020
EURUSD,1,2020-10-28 13:00:00,2020-10-28 15:00:00,1.17486,1.17296,1.17296,1.17867,0.3675,-19.0,-69.98,-69.98,2,stop_loss,36.78262,0.00127,-4.2677,-0.09286,london,2020
EURUSD,1,2020-10-28 17:00:00,2020-10-29 03:00:00,1.17342,1.17514,1.17132,1.17761,0.3303,17.2,56.81,56.81,10,time_exit,44.8059,0.0014,-4.17538,-0.61693,new_york,2020
EURUSD,-1,2020-10-29 17:00:00,2020-10-30 03:00:00,1.16919,1.16743,1.17136,1.16484,0.3213,17.6,56.55,56.55,10,time_exit,32.5982,0.00145,-4.53779,-2.08624,new_york,2020
EURUSD,-1,2020-10-30 08:00:00,2020-10-30 15:00:00,1.16816,1.16998,1.16998,1.16452,0.3867,-18.2,-70.4,-70.41,7,stop_loss,36.87963,0.00121,-3.21654,-4.24213,london,2020
EURUSD,-1,2020-10-30 18:00:00,2020-11-02 04:00:00,1.1678,1.16441,1.17006,1.16328,0.3087,33.9,104.65,104.65,10,time_exit,29.19702,0.00151,-1.92284,-3.73997,new_york,2020
EURUSD,-1,2020-11-02 06:00:00,2020-11-02 16:00:00,1.16407,1.16322,1.16586,1.1605,0.3962,8.5,33.68,33.68,10,time_exit,30.09075,0.00119,-3.5465,-5.61008,,2020
EURUSD,-1,2020-11-02 19:00:00,2020-11-03 04:00:00,1.16334,1.16519,1.16519,1.15964,0.3842,-18.5,-71.08,-71.08,9,stop_loss,26.87899,0.00123,-2.55802,-5.78006,new_york,2020
EURUSD,-1,2020-11-04 02:00:00,2020-11-04 03:00:00,1.17619,1.17139,1.17859,1.17139,0.2931,48.0,140.73,140.73,1,take_profit,42.19965,0.0016,4.89112,-2.38875,,2020
EURUSD,-1,2020-11-04 18:00:00,2020-11-05 04:00:00,1.17084,1.17332,1.17539,1.16175,0.1579,-24.8,-39.16,-39.16,10,time_exit,23.20513,0.00303,0.84714,-1.08111,new_york,2020
EURUSD,1,2020-11-05 09:00:00,2020-11-05 11:00:00,1.17352,1.17928,1.17064,1.17928,0.2478,57.6,142.78,142.77,2,take_profit,20.61478,0.00192,1.66149,-0.72302,london,2020
EURUSD,-1,2020-11-05 12:00:00,2020-11-05 14:00:00,1.17946,1.18276,1.18276,1.17285,0.2204,-33.0,-72.81,-72.82,2,stop_loss,22.12767,0.0022,3.81104,-0.3639,london,2020
EURUSD,-1,2020-11-05 17:00:00,2020-11-06 03:00:00,1.1828,1.1812,1.18628,1.17584,0.2071,16.0,33.14,33.13,10,time_exit,32.17006,0.00232,4.14425,0.33852,new_york,2020
EURUSD,1,2020-11-06 23:00:00,2020-11-09 09:00:00,1.18789,1.18886,1.18506,1.19355,0.2558,9.7,24.81,24.81,10,time_exit,30.2544,0.00189,3.34676,3.19608,,2020
EURUSD,1,2020-11-10 10:00:00,2020-11-10 12:00:00,1.18168,1.17894,1.17894,1.18717,0.2649,-27.4,-72.68,-72.68,2,stop_loss,15.49217,0.00183,-1.11625,2.9164,london,2020
EURUSD,-1,2020-11-11 17:00:00,2020-11-11 22:00:00,1.17524,1.17785,1.17785,1.17002,0.2755,-26.1,-71.95,-71.95,5,stop_loss,26.80229,0.00174,-3.43302,1.29497,new_york,2020
EURUSD,-1,2020-11-12 07:00:00,2020-11-12 10:00:00,1.177,1.17872,1.17872,1.17357,0.4152,-17.2,-71.23,-71.23,3,stop_loss,24.55221,0.00114,-2.28697,0.75037,london,2020
EURUSD,1,2020-11-13 06:00:00,2020-11-13 16:00:00,1.1802,1.18168,1.1785,1.1836,0.4145,14.8,61.35,61.34,10,time_exit,12.34098,0.00113,0.18945,0.84461,,2020
EURUSD,1,2020-11-16 07:00:00,2020-11-16 12:00:00,1.18518,1.18374,1.18374,1.18806,0.4938,-14.4,-71.13,-71.13,5,stop_loss,33.53988,0.00096,3.32524,2.18503,london,2020
EURUSD,-1,2020-11-17 21:00:00,2020-11-18 07:00:00,1.18676,1.18734,1.18862,1.18304,0.3783,-5.8,-21.94,-21.94,10,time_exit,20.20424,0.00124,1.30342,2.76278,new_york,2020
EURUSD,1,2020-11-19 06:00:00,2020-11-19 10:00:00,1.18423,1.18269,1.18269,1.18732,0.4549,-15.4,-70.2,-70.2,4,stop_loss,22.57169,0.00103,-1.51989,2.72922,,2020
EURUSD,1,2020-11-19 19:00:00,2020-11-19 22:00:00,1.18423,1.18781,1.18244,1.18781,0.3877,35.8,138.98,138.98,3,take_profit,30.00819,0.00119,-0.61722,1.5762,new_york,2020
EURUSD,1,2020-11-20 12:00:00,2020-11-20 22:00:00,1.18593,1.18582,1.18429,1.18921,0.4328,-1.1,-4.76,-4.76,10,time_exit,21.04954,0.00109,-0.14428,2.16284,london,2020
EURUSD,1,2020-11-23 05:00:00,2020-11-23 13:00:00,1.18744,1.19031,1.18601,1.19031,0.4942,28.7,141.67,141.67,8,take_profit,13.98076,0.00096,1.25152,2.20252,,2020
EURUSD,-1,2020-11-23 18:00:00,2020-11-23 19:00:00,1.18166,1.18397,1.18397,1.17704,0.3125,-23.1,-72.25,-72.25,1,stop_loss,18.35346,0.00154,-3.33595,1.45861,new_york,2020
EURUSD,1,2020-11-25 07:00:00,2020-11-25 13:00:00,1.19044,1.18869,1.18869,1.19394,0.4083,-17.5,-71.54,-71.54,6,stop_loss,20.34514,0.00117,2.61465,1.80266,london,2020
EURUSD,1,2020-11-27 15:00:00,2020-11-27 18:00:00,1.19248,1.19519,1.19113,1.19519,0.5231,27.1,141.63,141.63,3,take_profit,11.97727,0.0009,1.40611,3.64956,london,2020
EURUSD,1,2020-12-01 07:00:00,2020-12-01 15:00:00,1.19576,1.19914,1.19407,1.19914,0.4276,33.8,144.46,144.45,8,take_profit,24.05291,0.00113,0.77772,3.82418,london,2020
EURUSD,-1,2020-12-04 04:00:00,2020-12-04 10:00:00,1.2144,1.21642,1.21642,1.21036,0.365,-20.2,-73.68,-73.68,6,stop_loss,39.19046,0.00135,2.84324,7.97679,,2020
EURUSD,1,2020-12-07 06:00:00,2020-12-07 10:00:00,1.21344,1.2113,1.2113,1.21773,0.3401,-21.4,-72.94,-72.94,4,stop_loss,29.44806,0.00143,0.3814,6.80314,,2020
EURUSD,-1,2020-12-07 17:00:00,2020-12-08 03:00:00,1.21507,1.2107,1.21762,1.20998,0.2835,43.7,123.89,123.89,10,time_exit,31.17892,0.0017,1.43627,5.02399,new_york,2020
EURUSD,1,2020-12-09 06:00:00,2020-12-09 14:00:00,1.21212,1.21051,1.21051,1.21534,0.4557,-16.1,-73.44,-73.44,8,stop_loss,12.2487,0.00107,0.42842,4.91631,,2020
EURUSD,1,2020-12-09 17:00:00,2020-12-09 18:00:00,1.2099,1.20776,1.20776,1.21419,0.3393,-21.4,-72.72,-72.72,1,stop_loss,15.8988,0.00143,-1.36185,3.39748,new_york,2020
EURUSD,-1,2020-12-10 13:00:00,2020-12-10 14:00:00,1.2097,1.21152,1.21152,1.20606,0.395,-18.2,-71.99,-71.99,1,stop_loss,17.3489,0.00121,-0.34263,2.33742,london,2020
EURUSD,1,2020-12-11 06:00:00,2020-12-11 09:00:00,1.21579,1.21367,1.21367,1.22003,0.3359,-21.2,-71.26,-71.26,3,stop_loss,34.073,0.00141,2.74223,2.58409,,2020
EURUSD,-1,2020-12-11 15:00:00,2020-12-14 01:00:00,1.21264,1.21332,1.21497,1.20798,0.3029,-6.8,-20.6,-20.6,10,time_exit,26.8793,0.00155,0.19166,2.3394,london,2020
EURUSD,1,2020-12-14 19:00:00,2020-12-15 05:00:00,1.21445,1.2152,1.212,1.21935,0.2869,7.5,21.52,21.52,10,time_exit,20.76134,0.00163,0.65845,2.13338,new_york,2020
EURUSD,-1,2020-12-17 04:00:00,2020-12-17 06:00:00,1.22024,1.22273,1.22273,1.21527,0.2837,-24.9,-70.55,-70.55,2,stop_loss,16.44748,0.00166,1.9397,2.5251,,2020
EURUSD,-1,2020-12-21 14:00:00,2020-12-21 15:00:00,1.21622,1.21977,1.21977,1.20913,0.197,-35.5,-69.86,-69.86,1,stop_loss,23.02107,0.00236,-2.2382,1.77424,london,2020
EURUSD,-1,2020-12-21 15:00:00,2020-12-21 16:00:00,1.21636,1.21999,1.21999,1.20911,0.1907,-36.3,-69.15,-69.15,1,stop_loss,23.07067,0.00242,-2.05931,1.65515,london,2020
EURUSD,1,2020-12-21 23:00:00,2020-12-22 09:00:00,1.22322,1.22167,1.21977,1.23012,0.1984,-15.5,-30.75,-30.75,10,time_exit,18.01108,0.0023,0.66707,1.72724,,2020
EURUSD,1,2020-12-23 04:00:00,2020-12-23 14:00:00,1.21773,1.21824,1.21492,1.22334,0.2428,5.1,12.38,12.38,10,time_exit,21.43715,0.00187,-1.37261,1.0339,,2020
EURUSD,1,2020-12-23 15:00:00,2020-12-24 01:00:00,1.21824,1.2194,1.21572,1.22327,0.2713,11.6,31.47,31.47,10,time_exit,13.57443,0.00168,-0.8958,0.79911,london,2020
EURUSD,-1,2020-12-24 08:00:00,2020-12-24 18:00:00,1.2205,1.21816,1.22266,1.21618,0.3179,23.4,74.39,74.39,10,time_exit,15.68937,0.00144,0.55904,0.77607,london,2020
EURUSD,1,2020-12-24 20:00:00,2020-12-28 07:00:00,1.21831,1.22222,1.21635,1.22222,0.3545,39.1,138.67,138.67,8,take_profit,14.53339,0.0013,-0.90542,0.64166,new_york,2020
EURUSD,1,2020-12-28 11:00:00,2020-12-28 12:00:00,1.22394,1.22203,1.22203,1.22776,0.37,-19.1,-70.73,-70.74,1,stop_loss,22.72032,0.00127,2.97675,0.95947,london,2020
EURUSD,1,2020-12-28 18:00:00,2020-12-29 04:00:00,1.2215,1.22339,1.21886,1.22679,0.2649,18.9,50.07,50.06,10,time_exit,20.69908,0.00176,0.54267,0.80931,new_york,2020
EURUSD,-1,2020-12-31 06:00:00,2020-12-31 16:00:00,1.22911,1.22694,1.2312,1.22493,0.3371,21.7,73.15,73.15,10,time_exit,35.1948,0.00139,1.47078,3.30357,,2020
EURUSD,1,2021-01-04 13:00:00,2021-01-04 17:00:00,1.22924,1.22676,1.22676,1.2342,0.2876,-24.8,-71.26,-71.26,4,stop_loss,21.62474,0.00165,1.61684,1.90574,london,2021
EURUSD,1,2021-01-04 19:00:00,2021-01-05 05:00:00,1.22538,1.2273,1.22261,1.23092,0.2545,19.2,48.86,48.86,10,time_exit,23.41488,0.00185,-0.85592,1.75622,new_york,2021
EURUSD,-1,2021-01-06 18:00:00,2021-01-06 20:00:00,1.22825,1.23141,1.23141,1.22192,0.2245,-31.6,-71.03,-71.03,2,stop_loss,29.42102,0.00211,-0.53292,1.7559,new_york,2021
EURUSD,1,2021-01-06 22:00:00,2021-01-07 08:00:00,1.23071,1.23205,1.22755,1.23704,0.2223,13.4,29.79,29.79,10,time_exit,23.90194,0.00211,0.57804,1.72873,,2021
EURUSD,-1,2021-01-07 20:00:00,2021-01-08 06:00:00,1.22658,1.22634,1.22951,1.22073,0.2412,2.4,5.79,5.79,10,time_exit,26.18721,0.00195,-1.37377,1.36759,new_york,2021
EURUSD,1,2021-01-08 06:00:00,2021-01-08 09:00:00,1.22621,1.22379,1.22379,1.23105,0.2918,-24.2,-70.66,-70.67,3,stop_loss,26.50336,0.00161,-1.29377,1.06939,,2021
EURUSD,-1,2021-01-08 13:00:00,2021-01-08 15:00:00,1.22394,1.22648,1.22648,1.21886,0.2757,-25.4,-69.96,-69.96,2,stop_loss,33.06655,0.00169,-2.04221,0.56269,london,2021
EURUSD,-1,2021-01-11 02:00:00,2021-01-11 12:00:00,1.21871,1.21672,1.22201,1.2121,0.2097,19.9,41.73,41.73,10,time_exit,28.91289,0.0022,-3.10965,-0.21359,,2021
EURUSD,1,2021-01-12 06:00:00,2021-01-12 16:00:00,1.21486,1.21512,1.21266,1.21926,0.3167,2.6,8.23,8.23,10,time_exit,35.37907,0.00147,-2.96036,-3.05013,,2021
EURUSD,-1,2021-01-13 01:00:00,2021-01-13 11:00:00,1.22047,1.21894,1.22276,1.21589,0.3044,15.3,46.57,46.57,10,time_exit,23.03104,0.00153,1.51691,-2.86416,,2021
EURUSD,-1,2021-01-13 23:00:00,2021-01-14 09:00:00,1.21544,1.21432,1.21776,1.21081,0.3031,11.2,33.95,33.95,10,time_exit,27.39566,0.00154,-1.66264,-2.37017,,2021
EURUSD,1,2021-01-14 15:00:00,2021-01-14 19:00:00,1.21296,1.21759,1.21064,1.21759,0.3045,46.3,141.12,141.12,4,take_profit,28.45621,0.00154,-2.47268,-2.5754,london,2021
EURUSD,1,2021-01-18 03:00:00,2021-01-18 13:00:00,1.20758,1.20655,1.20558,1.21159,0.3591,-10.3,-36.99,-36.99,10,time_exit,34.77049,0.00134,-3.74689,-4.16127,,2021
EURUSD,-1,2021-01-20 15:00:00,2021-01-20 17:00:00,1.20984,1.21174,1.21174,1.20605,0.3776,-19.0,-71.61,-71.61,2,stop_loss,38.84786,0.00126,-1.65663,-2.28832,london,2021
EURUSD,-1,2021-01-21 19:00:00,2021-01-21 22:00:00,1.21427,1.21659,1.21659,1.20962,0.3051,-23.2,-70.89,-70.89,3,stop_loss,24.07814,0.00155,1.07973,-1.07731,new_york,2021
EURUSD,1,2021-01-22 05:00:00,2021-01-22 09:00:00,1.21742,1.2156,1.2156,1.22107,0.3846,-18.2,-70.19,-70.19,4,stop_loss,28.90832,0.00122,2.88505,-0.46928,,2021
EURUSD,1,2021-01-22 10:00:00,2021-01-22 11:00:00,1.21568,1.21887,1.21408,1.21887,0.4355,31.9,138.98,138.98,1,take_profit,27.46719,0.00106,1.17114,-0.15144,london,2021
EURUSD,1,2021-01-22 23:00:00,2021-01-25 09:00:00,1.21684,1.21796,1.21483,1.22086,0.3527,11.2,39.5,39.5,10,time_exit,25.10265,0.00134,0.98726,0.45269,,2021
EURUSD,1,2021-01-25 12:00:00,2021-01-25 16:00:00,1.21476,1.21296,1.21296,1.21836,0.396,-18.0,-71.27,-71.27,4,stop_loss,20.23749,0.0012,-1.14366,0.80786,london,2021
EURUSD,-1,2021-01-25 18:00:00,2021-01-26 04:00:00,1.21302,1.21424,1.21505,1.20897,0.3482,-12.2,-42.48,-42.48,10,time_exit,26.93693,0.00135,-2.02064,0.46727,new_york,2021
EURUSD,-1,2021-01-27 06:00:00,2021-01-27 11:00:00,1.21567,1.21254,1.21723,1.21254,0.4486,31.3,140.27,140.27,5,take_profit,14.58887,0.00104,0.44357,0.1929,,2021
EURUSD,1,2021-01-27 16:00:00,2021-01-27 17:00:00,1.21113,1.20921,1.20921,1.21496,0.3732,-19.2,-71.55,-71.55,1,stop_loss,22.72393,0.00128,-2.76697,-0.17721,new_york,2021
EURUSD,1,2021-01-28 02:00:00,2021-01-28 12:00:00,1.21028,1.21088,1.20778,1.21528,0.2835,6.0,17.01,17.01,10,time_exit,35.03392,0.00167,-1.77258,-0.72821,,2021
EURUSD,1,2021-01-29 17:00:00,2021-02-01 01:00:00,1.21468,1.21237,1.21237,1.2193,0.3075,-23.1,-70.99,-70.99,8,stop_loss,22.715,0.00154,1.72584,-0.93687,new_york,2021
EURUSD,-1,2021-02-01 06:00:00,2021-02-01 10:00:00,1.21296,1.20926,1.21481,1.20926,0.3797,37.0,140.55,140.55,4,take_profit,15.51888,0.00123,0.39768,-0.77794,,2021
EURUSD,-1,2021-02-01 15:00:00,2021-02-01 16:00:00,1.20757,1.20973,1.20973,1.20325,0.3317,-21.6,-71.69,-71.69,1,stop_loss,25.15596,0.00144,-2.92083,-0.9617,london,2021
EURUSD,-1,2021-02-01 21:00:00,2021-02-02 07:00:00,1.20679,1.20794,1.20904,1.2023,0.316,-11.5,-36.34,-36.34,10,time_exit,28.98416,0.0015,-2.75186,-1.29942,new_york,2021
EURUSD,1,2021-02-02 11:00:00,2021-02-02 12:00:00,1.20868,1.20688,1.20688,1.21228,0.3924,-18.0,-70.6,-70.6,1,stop_loss,20.19122,0.0012,-0.57397,-2.29047,london,2021
EURUSD,-1,2021-02-03 12:00:00,2021-02-03 22:00:00,1.20236,1.20332,1.20408,1.19892,0.4062,-9.6,-39.0,-39.0,10,time_exit,22.71309,0.00115,-3.01277,-3.91619,london,2021
EURUSD,1,2021-02-04 17:00:00,2021-02-04 19:00:00,1.1981,1.19632,1.19632,1.20165,0.3915,-17.8,-69.51,-69.52,2,stop_loss,40.50909,0.00118,-3.76006,-4.61943,new_york,2021
EURUSD,-1,2021-02-05 07:00:00,2021-02-05 10:00:00,1.19563,1.19708,1.19708,1.19272,0.4732,-14.5,-68.81,-68.81,3,stop_loss,55.76721,0.00097,-4.41201,-6.81445,london,2021
EURUSD,1,2021-02-05 13:00:00,2021-02-05 15:00:00,1.1974,1.20048,1.19586,1.20048,0.4419,30.8,136.24,136.24,2,take_profit,43.30031,0.00103,-1.86216,-6.46525,london,2021
EURUSD,1,2021-02-05 22:00:00,2021-02-08 08:00:00,1.20428,1.20392,1.20236,1.20813,0.3612,-3.6,-13.0,-13.01,10,time_exit,43.72963,0.00128,3.19432,-4.23897,,2021
EURUSD,1,2021-02-09 20:00:00,2021-02-10 06:00:00,1.21055,1.21289,1.20873,1.21418,0.3821,23.4,89.41,89.41,10,time_exit,40.08337,0.00121,3.62812,0.22234,new_york,2021
EURUSD,-1,2021-02-11 01:00:00,2021-02-11 11:00:00,1.21183,1.21339,1.21339,1.20872,0.4512,-15.6,-70.26,-70.26,10,stop_loss,27.62411,0.00104,1.30134,2.84535,,2021
EURUSD,-1,2021-02-11 17:00:00,2021-02-12 03:00:00,1.2135,1.21273,1.21489,1.21072,0.4999,7.7,38.49,38.49,10,time_exit,20.05852,0.00093,2.12793,3.50371,new_york,2021
EURUSD,1,2021-02-12 17:00:00,2021-02-12 18:00:00,1.20921,1.21258,1.20752,1.21258,0.4148,33.7,139.87,139.87,1,take_profit,21.56597,0.00112,-2.15001,2.29456,new_york,2021
EURUSD,-1,2021-02-15 13:00:00,2021-02-15 23:00:00,1.21336,1.21271,1.21474,1.21061,0.5183,6.5,33.69,33.69,10,time_exit,15.6295,0.00092,1.14226,2.81598,london,2021
EURUSD,-1,2021-02-16 22:00:00,2021-02-17 08:00:00,1.21154,1.20861,1.21346,1.2077,0.3731,29.3,109.32,109.32,10,time_exit,22.61032,0.00128,-1.04224,1.68834,,2021
EURUSD,1,2021-02-17 10:00:00,2021-02-17 13:00:00,1.20741,1.2058,1.2058,1.21064,0.4511,-16.1,-72.77,-72.77,3,stop_loss,30.69916,0.00108,-3.7744,0.86253,london,2021
EURUSD,1,2021-02-22 08:00:00,2021-02-22 10:00:00,1.21204,1.21044,1.21044,1.21524,0.4498,-16.0,-72.04,-72.05,2,stop_loss,25.10935,0.00107,1.29336,0.8054,london,2021
EURUSD,-1,2021-02-23 13:00:00,2021-02-23 17:00:00,1.2147,1.21646,1.21646,1.21119,0.4061,-17.6,-71.32,-71.33,4,stop_loss,23.47138,0.00117,0.57423,2.44217,london,2021
EURUSD,1,2021-02-23 22:00:00,2021-02-24 08:00:00,1.21442,1.2157,1.2123,1.21866,0.3331,12.8,42.64,42.63,10,time_exit,16.41168,0.00141,0.11014,1.96926,,2021
EURUSD,1,2021-02-25 09:00:00,2021-02-25 11:00:00,1.21812,1.22158,1.21639,1.22158,0.4105,34.6,142.04,142.04,2,take_profit,16.62858,0.00115,2.3109,2.37845,london,2021
EURUSD,-1,2021-02-26 10:00:00,2021-02-26 19:00:00,1.21348,1.20781,1.21631,1.20781,0.2556,56.7,144.91,144.91,9,take_profit,28.33985,0.00189,-1.9293,1.64275,london,2021
EURUSD,-1,2021-03-01 03:00:00,2021-03-01 11:00:00,1.20917,1.20332,1.21209,1.20332,0.2527,58.5,147.82,147.82,8,take_profit,40.21647,0.00195,-2.22781,0.05265,,2021
EURUSD,-1,2021-03-01 14:00:00,2021-03-02 00:00:00,1.20437,1.20499,1.20702,1.19908,0.2848,-6.2,-17.66,-17.66,10,time_exit,38.35407,0.00176,-3.80894,-0.92831,london,2021
EURUSD,1,2021-03-02 02:00:00,2021-03-02 03:00:00,1.20485,1.20272,1.20272,1.2091,0.3536,-21.3,-75.19,-75.19,1,stop_loss,33.96533,0.00142,-2.68508,-2.23233,,2021
EURUSD,-1,2021-03-03 05:00:00,2021-03-03 09:00:00,1.20836,1.21013,1.21013,1.20481,0.4198,-17.7,-74.44,-74.44,4,stop_loss,31.14897,0.00118,1.30656,-2.9176,,2021
EURUSD,-1,2021-03-03 16:00:00,2021-03-03 18:00:00,1.20546,1.20775,1.20775,1.20087,0.3213,-22.9,-73.69,-73.69,2,stop_loss,28.21222,0.00153,-1.11836,-1.86251,new_york,2021
EURUSD,-1,2021-03-04 11:00:00,2021-03-04 19:00:00,1.20406,1.20018,1.206,1.20018,0.3759,38.8,145.92,145.92,8,take_profit,18.21422,0.00129,-1.85089,-2.20635,london,2021
EURUSD,-1,2021-03-08 22:00:00,2021-03-09 08:00:00,1.18582,1.18575,1.18816,1.18114,0.3178,0.7,2.22,2.22,10,time_exit,51.31684,0.00156,-3.87818,-6.39935,,2021
EURUSD,-1,2021-03-09 09:00:00,2021-03-09 10:00:00,1.18576,1.18769,1.18769,1.1819,0.3861,-19.3,-74.45,-74.45,1,stop_loss,40.47149,0.00129,-2.9079,-8.27149,london,2021
EURUSD,1,2021-03-10 20:00:00,2021-03-11 06:00:00,1.19083,1.19276,1.18861,1.19527,0.3318,19.3,64.04,64.04,10,time_exit,17.04852,0.00148,0.94319,-5.07183,new_york,2021
EURUSD,1,2021-03-11 10:00:00,2021-03-11 18:00:00,1.19384,1.19744,1.19204,1.19744,0.4132,36.0,148.69,148.69,8,take_profit,18.5752,0.0012,2.51385,-4.6318,london,2021
EURUSD,-1,2021-03-12 08:00:00,2021-03-12 11:00:00,1.19635,1.19263,1.19821,1.19263,0.4072,37.2,151.67,151.67,3,take_profit,17.71655,0.00124,1.50306,-1.62184,london,2021
EURUSD,-1,2021-03-15 02:00:00,2021-03-15 12:00:00,1.19481,1.19258,1.19684,1.19074,0.3805,22.3,84.85,84.85,10,time_exit,19.31273,0.00136,0.3511,-1.30635,,2021
EURUSD,-1,2021-03-15 21:00:00,2021-03-16 07:00:00,1.19279,1.19378,1.19501,1.18835,0.352,-9.9,-34.85,-34.85,10,time_exit,23.08226,0.00148,-0.62722,-1.28831,new_york,2021
EURUSD,1,2021-03-16 23:00:00,2021-03-17 09:00:00,1.19052,1.19076,1.18848,1.1946,0.3815,2.4,9.16,9.15,10,time_exit,26.36674,0.00136,-1.50317,-1.66389,,2021
EURUSD,1,2021-03-18 13:00:00,2021-03-18 16:00:00,1.19422,1.19179,1.19179,1.19908,0.321,-24.3,-77.93,-77.93,3,stop_loss,27.10169,0.00162,0.25396,-0.33808,london,2021
EURUSD,1,2021-03-19 06:00:00,2021-03-19 16:00:00,1.19087,1.18884,1.18884,1.19493,0.3802,-20.3,-77.17,-77.17,10,stop_loss,19.15891,0.00135,-1.44431,-0.85138,,2021
EURUSD,-1,2021-03-22 18:00:00,2021-03-22 20:00:00,1.19217,1.19428,1.19428,1.18795,0.362,-21.1,-76.38,-76.38,2,stop_loss,13.7365,0.00141,0.92721,-1.41066,new_york,2021
EURUSD,1,2021-03-23 18:00:00,2021-03-23 21:00:00,1.18737,1.18539,1.18539,1.19132,0.3829,-19.8,-75.63,-75.63,3,stop_loss,24.97415,0.00132,-2.77827,-1.17117,new_york,2021
EURUSD,-1,2021-03-24 04:00:00,2021-03-24 14:00:00,1.1843,1.18337,1.18597,1.18096,0.4489,9.3,41.75,41.75,10,time_exit,40.51083,0.00111,-4.31105,-2.5117,,2021
EURUSD,-1,2021-03-26 22:00:00,2021-03-29 08:00:00,1.17894,1.17758,1.18066,1.17551,0.439,13.6,59.7,59.7,10,time_exit,22.81074,0.00114,-0.87004,-5.46221,,2021
EURUSD,1,2021-03-29 20:00:00,2021-03-30 06:00:00,1.17736,1.17668,1.17536,1.18137,0.3785,-6.8,-25.74,-25.74,10,time_exit,16.63648,0.00134,-1.07973,-4.32836,new_york,2021
EURUSD,1,2021-03-30 09:00:00,2021-03-30 10:00:00,1.17611,1.17468,1.17468,1.17896,0.5303,-14.3,-75.62,-75.62,1,stop_loss,19.79323,0.00095,-1.92282,-5.98066,london,2021
EURUSD,1,2021-03-30 12:00:00,2021-03-30 15:00:00,1.17462,1.17288,1.17288,1.1781,0.4302,-17.4,-74.86,-74.86,3,stop_loss,26.73426,0.00116,-2.50494,-5.01839,london,2021
EURUSD,1,2021-03-30 17:00:00,2021-03-31 03:00:00,1.17193,1.17225,1.16996,1.17587,0.3758,3.2,12.03,12.02,10,time_exit,35.27926,0.00131,-3.64662,-4.65848,new_york,2021
EURUSD,-1,2021-04-02 04:00:00,2021-04-02 14:00:00,1.17716,1.1773,1.17887,1.17374,0.4343,-1.4,-6.08,-6.08,10,time_exit,26.2878,0.00114,1.93191,-3.42306,,2021
EURUSD,1,2021-04-02 17:00:00,2021-04-05 03:00:00,1.17676,1.17649,1.17508,1.18012,0.442,-2.7,-11.93,-11.94,10,time_exit,24.19331,0.00112,0.67012,-2.40666,new_york,2021
EURUSD,-1,2021-04-09 12:00:00,2021-04-09 19:00:00,1.18857,1.19012,1.19012,1.18546,0.4767,-15.5,-74.06,-74.07,7,stop_loss,25.15173,0.00104,-0.08787,4.8702,london,2021
EURUSD,1,2021-04-13 14:00:00,2021-04-13 15:00:00,1.18912,1.19227,1.18754,1.19227,0.4652,31.5,146.64,146.64,1,take_profit,15.70669,0.00105,-0.59096,3.49821,london,2021
EURUSD,1,2021-04-14 15:00:00,2021-04-15 01:00:00,1.1959,1.1981,1.19429,1.19913,0.4635,22.0,101.97,101.97,10,time_exit,36.89076,0.00108,2.48886,4.81009,london,2021
EURUSD,1,2021-04-19 01:00:00,2021-04-19 04:00:00,1.1975,1.19596,1.19596,1.20058,0.4924,-15.4,-75.81,-75.81,3,stop_loss,25.72181,0.00103,0.28533,4.75938,,2021
EURUSD,-1,2021-04-19 19:00:00,2021-04-20 05:00:00,1.20278,1.20495,1.20495,1.19843,0.3454,-21.7,-75.05,-75.05,10,stop_loss,33.56321,0.00145,2.83916,3.64285,new_york,2021
EURUSD,-1,2021-04-21 02:00:00,2021-04-21 12:00:00,1.20336,1.20071,1.20516,1.19976,0.4122,26.5,109.23,109.23,10,time_exit,23.52876,0.0012,0.50597,5.31799,,2021
EURUSD,-1,2021-04-21 18:00:00,2021-04-22 04:00:00,1.20281,1.20419,1.20477,1.19889,0.3844,-13.8,-53.05,-53.05,10,time_exit,20.09543,0.00131,0.29308,3.97648,new_york,2021
EURUSD,-1,2021-04-22 13:00:00,2021-04-22 14:00:00,1.20419,1.20582,1.20582,1.20093,0.4595,-16.3,-74.86,-74.86,1,stop_loss,14.8944,0.00109,1.04588,4.36783,london,2021
EURUSD,-1,2021-04-22 18:00:00,2021-04-23 04:00:00,1.20227,1.20254,1.20469,1.19743,0.306,-2.7,-8.26,-8.26,10,time_exit,15.56261,0.00161,-0.61921,2.88638,new_york,2021
EURUSD,-1,2021-04-26 04:00:00,2021-04-26 14:00:00,1.21033,1.20827,1.21197,1.20705,0.4516,20.6,93.03,93.03,10,time_exit,33.14158,0.00109,4.54724,4.44271,,2021
EURUSD,-1,2021-04-27 14:00:00,2021-04-28 00:00:00,1.20838,1.20885,1.21002,1.2051,0.4571,-4.7,-21.48,-21.49,10,time_exit,23.76091,0.00109,0.9218,4.2084,london,2021
EURUSD,1,2021-04-29 13:00:00,2021-04-29 23:00:00,1.21189,1.21199,1.20996,1.21575,0.387,1.0,3.87,3.87,10,time_exit,24.83021,0.00129,1.35346,3.65603,london,2021
EURUSD,1,2021-04-30 00:00:00,2021-04-30 10:00:00,1.21161,1.21022,1.20975,1.21533,0.4017,-13.9,-55.84,-55.84,10,time_exit,14.85951,0.00124,0.96487,3.76621,,2021
EURUSD,-1,2021-04-30 23:00:00,2021-05-03 09:00:00,1.20231,1.20377,1.20421,1.19851,0.3906,-14.6,-57.03,-57.03,10,time_exit,48.66633,0.00127,-5.19579,1.81636,,2021
EURUSD,-1,2021-05-06 05:00:00,2021-05-06 10:00:00,1.20094,1.20237,1.20237,1.19808,0.5156,-14.3,-73.65,-73.65,5,stop_loss,22.72455,0.00095,-0.74476,-2.68576,,2021
EURUSD,-1,2021-05-10 08:00:00,2021-05-10 11:00:00,1.21516,1.21717,1.21717,1.21113,0.3622,-20.1,-72.91,-72.91,3,stop_loss,55.58796,0.00134,3.7344,2.89278,london,2021
EURUSD,-1,2021-05-10 15:00:00,2021-05-11 01:00:00,1.21635,1.21393,1.21856,1.21192,0.326,24.2,78.89,78.89,10,time_exit,47.4733,0.00148,3.21723,3.16417,london,2021
EURUSD,1,2021-05-11 08:00:00,2021-05-11 16:00:00,1.21416,1.21789,1.2123,1.21789,0.3917,37.3,145.96,145.96,8,take_profit,24.15507,0.00124,0.91155,3.94104,london,2021
EURUSD,-1,2021-05-11 23:00:00,2021-05-12 09:00:00,1.2149,1.21317,1.21695,1.2108,0.3631,17.3,62.82,62.81,10,time_exit,14.05579,0.00137,0.43396,3.72954,,2021
EURUSD,-1,2021-05-12 11:00:00,2021-05-12 15:00:00,1.21337,1.20997,1.21507,1.20997,0.4413,34.0,150.12,150.12,4,take_profit,21.15101,0.00113,-0.48806,3.74698,london,2021
EURUSD,-1,2021-05-13 06:00:00,2021-05-13 10:00:00,1.20809,1.21022,1.21022,1.20382,0.359,-21.3,-76.57,-76.57,4,stop_loss,37.05142,0.00142,-2.17198,1.13659,,2021
EURUSD,-1,2021-05-20 06:00:00,2021-05-20 09:00:00,1.21772,1.21977,1.21977,1.21363,0.3706,-20.5,-75.81,-75.81,3,stop_loss,27.43159,0.00136,-1.14899,3.37102,,2021
EURUSD,1,2021-05-20 23:00:00,2021-05-21 09:00:00,1.22282,1.22262,1.22096,1.22654,0.4037,-2.0,-8.07,-8.08,10,time_exit,28.16775,0.00124,2.3699,3.48042,,2021
EURUSD,1,2021-05-24 17:00:00,2021-05-25 03:00:00,1.22222,1.22218,1.22032,1.22603,0.3939,-0.4,-1.58,-1.58,10,time_exit,16.02913,0.00127,1.83749,2.17123,new_york,2021
EURUSD,1,2021-05-25 05:00:00,2021-05-25 10:00:00,1.22252,1.22552,1.22102,1.22552,0.4993,30.0,149.88,149.88,5,take_profit,12.59326,0.001,1.92983,2.92321,,2021
EURUSD,-1,2021-05-25 19:00:00,2021-05-25 21:00:00,1.22328,1.2252,1.2252,1.21944,0.3984,-19.2,-76.45,-76.45,2,stop_loss,26.72378,0.00128,0.81837,2.89302,new_york,2021
EURUSD,-1,2021-05-27 03:00:00,2021-05-27 11:00:00,1.21921,1.22084,1.22084,1.21595,0.4639,-16.3,-75.68,-75.68,8,stop_loss,31.10101,0.00109,-2.75275,2.29877,,2021
EURUSD,-1,2021-05-28 16:00:00,2021-05-28 17:00:00,1.2135,1.21553,1.21553,1.20943,0.3683,-20.3,-74.92,-74.92,1,stop_loss,22.83725,0.00136,-4.36278,-0.02113,new_york,2021
EURUSD,1,2021-05-28 22:00:00,2021-05-31 08:00:00,1.21962,1.21941,1.21744,1.22397,0.3408,-2.1,-7.16,-7.16,10,time_exit,17.8109,0.00145,0.20365,-0.05748,,2021
EURUSD,-1,2021-05-31 09:00:00,2021-05-31 17:00:00,1.21941,1.22098,1.22098,1.21627,0.4718,-15.7,-74.1,-74.1,8,stop_loss,9.99365,0.00105,-0.00646,-0.00727,london,2021
EURUSD,1,2021-06-02 02:00:00,2021-06-02 10:00:00,1.22147,1.21994,1.21994,1.22452,0.4807,-15.3,-73.36,-73.36,8,stop_loss,16.37322,0.00102,-0.43822,1.47429,,2021
EURUSD,1,2021-06-02 15:00:00,2021-06-02 18:00:00,1.218,1.22141,1.2163,1.22141,0.4261,34.1,145.25,145.25,3,take_profit,25.67277,0.00114,-2.83098,0.72698,london,2021
EURUSD,-1,2021-06-02 20:00:00,2021-06-03 06:00:00,1.22121,1.22066,1.22297,1.2177,0.4219,5.5,23.2,23.2,10,time_exit,21.6371,0.00117,0.09854,0.59024,new_york,2021
EURUSD,1,2021-06-04 00:00:00,2021-06-04 08:00:00,1.21274,1.21101,1.21101,1.21621,0.4284,-17.3,-74.31,-74.31,8,stop_loss,33.41127,0.00116,-4.78877,-1.2753,,2021
EURUSD,-1,2021-06-04 17:00:00,2021-06-07 03:00:00,1.21803,1.21674,1.22013,1.21383,0.3503,12.9,45.19,45.19,10,time_exit,43.2914,0.0014,1.84352,-2.24314,new_york,2021
EURUSD,1,2021-06-07 16:00:00,2021-06-07 18:00:00,1.21634,1.21981,1.21461,1.21981,0.4269,34.7,148.04,148.04,2,take_profit,24.70736,0.00116,0.29802,-1.859,new_york,2021
EURUSD,-1,2021-06-07 22:00:00,2021-06-08 08:00:00,1.21946,1.21773,1.22119,1.216,0.4363,17.3,75.48,75.48,10,time_exit,31.43826,0.00115,2.39694,-1.3124,,2021
EURUSD,1,2021-06-09 11:00:00,2021-06-09 16:00:00,1.21828,1.22039,1.21723,1.22039,0.7245,21.1,152.51,152.51,5,take_profit,14.93604,0.0007,0.89637,-0.70508,london,2021
EURUSD,1,2021-06-10 00:00:00,2021-06-10 06:00:00,1.21798,1.21664,1.21664,1.22066,0.5814,-13.4,-77.79,-77.79,6,stop_loss,23.44379,0.00089,-0.1472,-0.17485,,2021
EURUSD,-1,2021-06-10 21:00:00,2021-06-11 07:00:00,1.2174,1.21872,1.21955,1.2131,0.3583,-13.2,-47.3,-47.3,10,time_exit,20.57717,0.00143,-0.1306,-0.30128,new_york,2021
EURUSD,1,2021-06-11 07:00:00,2021-06-11 11:00:00,1.21873,1.21715,1.21715,1.22189,0.485,-15.8,-76.54,-76.54,4,stop_loss,21.3942,0.00105,0.98671,-0.30235,london,2021
EURUSD,-1,2021-06-14 10:00:00,2021-06-14 11:00:00,1.21037,1.21187,1.21187,1.20737,0.5052,-15.0,-75.77,-75.77,1,stop_loss,50.6653,0.001,-3.35832,-2.88656,london,2021
EURUSD,1,2021-06-16 11:00:00,2021-06-16 12:00:00,1.21327,1.2121,1.2121,1.21562,0.6384,-11.7,-75.0,-75.0,1,stop_loss,9.3792,0.00078,0.81697,-2.9968,london,2021
EURUSD,-1,2021-06-17 07:00:00,2021-06-17 10:00:00,1.19937,1.19519,1.20146,1.19519,0.3555,41.8,148.52,148.51,3,take_profit,47.29191,0.00139,-6.38892,-3.60655,london,2021
EURUSD,-1,2021-06-17 16:00:00,2021-06-18 02:00:00,1.19313,1.19131,1.19573,1.18793,0.2912,18.2,53.0,53.0,10,time_exit,59.86253,0.00173,-6.54313,-4.21554,new_york,2021
EURUSD,-1,2021-06-18 02:00:00,2021-06-18 12:00:00,1.19119,1.19168,1.19361,1.18634,0.3148,-4.9,-15.43,-15.43,10,time_exit,60.49499,0.00162,-5.54681,-6.02232,,2021
EURUSD,1,2021-06-21 04:00:00,2021-06-21 06:00:00,1.18724,1.185,1.185,1.19171,0.3405,-22.4,-76.11,-76.11,2,stop_loss,51.23696,0.00149,-3.62863,-8.3207,,2021
EURUSD,1,2021-06-21 22:00:00,2021-06-22 08:00:00,1.1908,1.18918,1.18871,1.19497,0.3613,-16.2,-58.53,-58.53,10,time_exit,27.95008,0.00139,-0.12301,-8.23871,,2021
EURUSD,-1,2021-06-23 21:00:00,2021-06-24 07:00:00,1.19372,1.1924,1.19566,1.18983,0.3848,13.2,50.79,50.79,10,time_exit,21.70743,0.0013,0.78923,-4.62483,new_york,2021
EURUSD,-1,2021-06-24 13:00:00,2021-06-24 23:00:00,1.19436,1.19315,1.19606,1.19096,0.4422,12.1,53.51,53.5,10,time_exit,13.99212,0.00113,1.38619,-4.4411,london,2021
EURUSD,1,2021-06-28 18:00:00,2021-06-29 04:00:00,1.19263,1.19167,1.19067,1.19654,0.3877,-9.6,-37.22,-37.22,10,time_exit,16.20167,0.0013,-0.54806,-2.09929,new_york,2021
EURUSD,-1,2021-06-29 10:00:00,2021-06-29 14:00:00,1.19197,1.1892,1.19336,1.1892,0.5443,27.7,150.89,150.89,4,take_profit,14.34288,0.00092,-0.84324,-2.96853,london,2021
EURUSD,-1,2021-07-01 01:00:00,2021-07-01 11:00:00,1.18576,1.18447,1.18744,1.18241,0.4592,12.9,59.24,59.23,10,time_exit,31.93793,0.00112,-3.00384,-3.74608,,2021
EURUSD,1,2021-07-01 12:00:00,2021-07-01 14:00:00,1.18448,1.18752,1.18296,1.18752,0.5109,30.4,155.09,155.08,2,take_profit,37.81374,0.00101,-3.14873,-4.72842,london,2021
EURUSD,-1,2021-07-01 18:00:00,2021-07-02 04:00:00,1.18681,1.18437,1.1887,1.18304,0.4193,24.4,102.31,102.31,10,time_exit,28.29364,0.00126,-0.55789,-3.65362,new_york,2021
EURUSD,-1,2021-07-05 02:00:00,2021-07-05 12:00:00,1.18588,1.18779,1.18779,1.18207,0.4203,-19.1,-80.12,-80.12,10,stop_loss,27.15211,0.00127,0.26361,-3.55932,,2021
EURUSD,-1,2021-07-05 22:00:00,2021-07-06 08:00:00,1.18689,1.18827,1.18827,1.18414,0.5762,-13.8,-79.32,-79.32,10,stop_loss,21.71565,0.00092,0.88409,-3.63884,,2021
EURUSD,1,2021-07-07 02:00:00,2021-07-07 12:00:00,1.18199,1.18288,1.18043,1.1851,0.5046,8.9,44.91,44.91,10,time_exit,28.85291,0.00104,-2.68064,-3.33134,,2021
EURUSD,1,2021-07-08 11:00:00,2021-07-08 15:00:00,1.18202,1.18541,1.18032,1.18541,0.4654,33.9,157.96,157.96,4,take_profit,19.77141,0.00113,0.32716,-3.97694,london,2021
EURUSD,1,2021-07-09 09:00:00,2021-07-09 14:00:00,1.18346,1.18633,1.18202,1.18633,0.5605,28.7,161.11,161.11,5,take_profit,24.05746,0.00096,0.38606,-2.77665,london,2021
EURUSD,1,2021-07-12 02:00:00,2021-07-12 09:00:00,1.18758,1.18613,1.18613,1.19049,0.5648,-14.5,-82.16,-82.16,7,stop_loss,32.30223,0.00097,2.90409,-1.11123,,2021
EURUSD,-1,2021-07-12 17:00:00,2021-07-13 03:00:00,1.18655,1.18666,1.18841,1.18283,0.4371,-1.1,-4.81,-4.81,10,time_exit,23.60259,0.00124,0.88773,-0.37687,new_york,2021
EURUSD,-1,2021-07-13 04:00:00,2021-07-13 12:00:00,1.18666,1.18395,1.18802,1.18395,0.5994,27.1,162.58,162.58,8,take_profit,13.88845,0.0009,1.07118,-0.26403,,2021
EURUSD,-1,2021-07-15 02:00:00,2021-07-15 11:00:00,1.1836,1.18507,1.18507,1.18067,0.5659,-14.7,-82.92,-82.92,9,stop_loss,35.27521,0.00098,1.61016,-2.29226,,2021
EURUSD,-1,2021-07-15 19:00:00,2021-07-16 05:00:00,1.18056,1.18079,1.18239,1.17689,0.4479,-2.3,-10.3,-10.3,10,time_exit,22.64156,0.00122,-1.41318,-1.41518,new_york,2021
EURUSD,-1,2021-07-16 13:00:00,2021-07-16 23:00:00,1.18197,1.18053,1.18343,1.17905,0.5617,14.4,80.88,80.88,10,time_exit,23.30231,0.00097,0.33266,-1.92643,london,2021
EURUSD,1,2021-07-19 06:00:00,2021-07-19 10:00:00,1.18034,1.17899,1.17899,1.18304,0.6123,-13.5,-82.79,-82.79,4,stop_loss,19.97447,0.0009,-0.87321,-2.14592,,2021
EURUSD,1,2021-07-21 01:00:00,2021-07-21 09:00:00,1.17812,1.17644,1.17644,1.18148,0.4874,-16.8,-81.97,-81.97,8,stop_loss,11.84541,0.00112,-0.7946,-2.27116,,2021
EURUSD,-1,2021-07-21 11:00:00,2021-07-21 12:00:00,1.17613,1.17746,1.17746,1.17347,0.6098,-13.3,-81.14,-81.14,1,stop_loss,17.55819,0.00089,-2.59243,-3.07765,london,2021
EURUSD,-1,2021-07-22 01:00:00,2021-07-22 11:00:00,1.17965,1.17966,1.18127,1.17641,0.4957,-0.1,-0.5,-0.5,10,time_exit,17.81958,0.00108,0.93658,-2.06818,,2021
EURUSD,-1,2021-07-22 15:00:00,2021-07-22 16:00:00,1.17935,1.18102,1.18102,1.176,0.4799,-16.7,-80.34,-80.34,1,stop_loss,14.7531,0.00112,0.39721,-1.53523,london,2021
EURUSD,1,2021-07-23 03:00:00,2021-07-23 13:00:00,1.17725,1.17637,1.17535,1.18105,0.4181,-8.8,-36.79,-36.79,10,time_exit,10.1893,0.00127,-0.93065,-1.48739,,2021
EURUSD,-1,2021-07-26 01:00:00,2021-07-26 10:00:00,1.17733,1.1788,1.1788,1.1744,0.5402,-14.7,-79.16,-79.16,9,stop_loss,7.35696,0.00098,-0.69273,-2.13967,,2021
EURUSD,-1,2021-07-26 17:00:00,2021-07-27 03:00:00,1.18061,1.18084,1.18249,1.17685,0.417,-2.3,-9.59,-9.59,10,time_exit,15.50091,0.00125,2.1387,-1.20773,new_york,2021
EURUSD,1,2021-07-28 06:00:00,2021-07-28 09:00:00,1.18249,1.18101,1.18101,1.18544,0.53,-14.8,-78.28,-78.28,3,stop_loss,17.6756,0.00098,2.05737,0.5544,,2021
EURUSD,-1,2021-07-28 21:00:00,2021-07-28 22:00:00,1.18114,1.18303,1.18303,1.17736,0.4097,-18.9,-77.49,-77.5,1,stop_loss,15.20102,0.00126,0.36935,0.48187,new_york,2021
EURUSD,-1,2021-08-03 17:00:00,2021-08-04 03:00:00,1.18692,1.1862,1.18848,1.18381,0.493,7.2,35.5,35.49,10,time_exit,16.88438,0.00104,-0.58135,2.87001,new_york,2021
EURUSD,1,2021-08-04 04:00:00,2021-08-04 11:00:00,1.1862,1.1849,1.1849,1.18879,0.595,-13.0,-77.06,-77.07,7,stop_loss,17.09628,0.00086,-1.09414,2.78074,,2021
EURUSD,-1,2021-08-04 18:00:00,2021-08-05 04:00:00,1.18431,1.1836,1.18653,1.17987,0.3441,7.1,24.43,24.43,10,time_exit,19.52186,0.00148,-1.86043,1.36076,new_york,2021
EURUSD,-1,2021-08-06 05:00:00,2021-08-06 15:00:00,1.18263,1.18006,1.18392,1.18006,0.5954,25.7,153.08,153.08,10,take_profit,17.45547,0.00086,-2.16775,-0.20175,,2021
EURUSD,-1,2021-08-06 20:00:00,2021-08-09 06:00:00,1.17562,1.17592,1.17729,1.17228,0.4675,-3.0,-14.02,-14.03,10,time_exit,44.99301,0.00111,-6.01619,-1.50774,new_york,2021
EURUSD,1,2021-08-09 15:00:00,2021-08-09 17:00:00,1.17627,1.1748,1.1748,1.17921,0.53,-14.7,-77.93,-77.93,2,stop_loss,40.69131,0.00098,-2.59599,-3.81292,london,2021
EURUSD,1,2021-08-10 08:00:00,2021-08-10 10:00:00,1.17382,1.17273,1.17273,1.17601,0.7047,-10.9,-77.15,-77.15,2,stop_loss,39.40011,0.00073,-3.62721,-6.53475,london,2021
EURUSD,1,2021-08-13 18:00:00,2021-08-16 04:00:00,1.17918,1.17981,1.1778,1.18195,0.5521,6.3,34.78,34.78,10,time_exit,24.26292,0.00092,5.33804,-2.91348,new_york,2021
EURUSD,-1,2021-08-18 04:00:00,2021-08-18 10:00:00,1.17122,1.17257,1.17257,1.16851,0.5664,-13.5,-76.73,-76.73,6,stop_loss,43.16851,0.0009,-4.01775,-1.98717,,2021
EURUSD,-1,2021-08-23 12:00:00,2021-08-23 21:00:00,1.1731,1.17461,1.17461,1.17009,0.5039,-15.1,-75.96,-75.96,9,stop_loss,33.43045,0.001,3.08202,-2.75229,london,2021
EURUSD,-1,2021-08-24 05:00:00,2021-08-24 15:00:00,1.1736,1.17486,1.17486,1.17108,0.598,-12.6,-75.21,-75.21,10,stop_loss,35.40529,0.00084,2.01426,-1.21258,,2021
EURUSD,1,2021-08-25 07:00:00,2021-08-25 17:00:00,1.17381,1.17494,1.17254,1.17636,0.584,11.3,65.99,65.99,10,time_exit,28.42985,0.00085,0.23737,0.38233,london,2021
EURUSD,-1,2021-08-26 22:00:00,2021-08-27 08:00:00,1.1752,1.17616,1.17675,1.17211,0.486,-9.6,-46.66,-46.66,10,time_exit,12.31375,0.00103,-0.26345,1.31429,,2021
EURUSD,1,2021-08-27 15:00:00,2021-08-27 16:00:00,1.17626,1.17492,1.17492,1.17894,0.5568,-13.4,-74.65,-74.65,1,stop_loss,11.23261,0.00089,0.74775,1.38524,london,2021
EURUSD,1,2021-08-30 10:00:00,2021-08-30 15:00:00,1.18006,1.17873,1.17873,1.18271,0.5569,-13.3,-73.9,-73.9,5,stop_loss,18.73297,0.00088,2.61457,2.84398,london,2021
EURUSD,-1,2021-09-01 02:00:00,2021-09-01 12:00:00,1.18104,1.18172,1.1824,1.17832,0.5386,-6.8,-36.62,-36.63,10,time_exit,21.1909,0.00091,0.63441,3.65747,,2021
EURUSD,-1,2021-09-01 22:00:00,2021-09-02 08:00:00,1.18466,1.18434,1.18629,1.1814,0.4468,3.2,14.3,14.3,10,time_exit,29.3891,0.00109,2.82964,3.26379,,2021
EURUSD,-1,2021-09-02 18:00:00,2021-09-03 03:00:00,1.1868,1.18823,1.18823,1.18394,0.5092,-14.3,-72.93,-72.93,9,stop_loss,34.21446,0.00095,3.69993,4.25564,new_york,2021
EURUSD,-1,2021-09-06 12:00:00,2021-09-06 22:00:00,1.18641,1.18684,1.18769,1.18385,0.5637,-4.3,-24.24,-24.24,10,time_exit,23.02942,0.00085,-0.49395,5.51644,london,2021
EURUSD,-1,2021-09-08 19:00:00,2021-09-09 05:00:00,1.18183,1.1825,1.18332,1.17884,0.4815,-6.7,-32.26,-32.26,10,time_exit,32.28892,0.001,-2.70122,1.15857,new_york,2021
EURUSD,-1,2021-09-10 07:00:00,2021-09-10 10:00:00,1.18304,1.1843,1.1843,1.18053,0.5699,-12.6,-71.64,-71.64,3,stop_loss,12.80343,0.00084,0.10823,-0.14084,london,2021
EURUSD,1,2021-09-13 11:00:00,2021-09-13 14:00:00,1.17867,1.17741,1.17741,1.1812,0.5611,-12.6,-70.92,-70.93,3,stop_loss,28.80048,0.00084,-3.69004,-1.09889,london,2021
EURUSD,-1,2021-09-14 08:00:00,2021-09-14 10:00:00,1.18132,1.18241,1.18241,1.17915,0.6458,-10.9,-70.22,-70.22,2,stop_loss,16.83203,0.00072,0.36398,-1.65658,london,2021
EURUSD,1,2021-09-15 09:00:00,2021-09-15 13:00:00,1.18058,1.18308,1.17933,1.18308,0.5561,25.0,139.04,139.04,4,take_profit,12.44399,0.00083,-0.63829,-1.11871,london,2021
EURUSD,1,2021-09-15 14:00:00,2021-09-15 15:00:00,1.18277,1.18137,1.18137,1.18557,0.5058,-14.0,-70.9,-70.9,1,stop_loss,14.2496,0.00093,1.59129,-0.80599,london,2021
EURUSD,-1,2021-09-16 10:00:00,2021-09-16 12:00:00,1.17919,1.17674,1.18042,1.17674,0.5726,24.5,140.38,140.38,2,take_profit,13.38891,0.00082,-2.54269,-0.77793,london,2021
EURUSD,1,2021-09-17 08:00:00,2021-09-17 16:00:00,1.17732,1.17615,1.17615,1.17966,0.6125,-11.7,-71.6,-71.6,8,stop_loss,31.32958,0.00078,-1.49151,-3.02411,london,2021
EURUSD,1,2021-09-20 11:00:00,2021-09-20 18:00:00,1.1711,1.17354,1.16988,1.17354,0.5812,24.4,141.75,141.75,7,take_profit,48.66815,0.00081,-4.91718,-5.03256,london,2021
EURUSD,1,2021-09-21 13:00:00,2021-09-21 17:00:00,1.17372,1.17241,1.17241,1.17634,0.5517,-13.1,-72.3,-72.3,4,stop_loss,18.57634,0.00087,0.15113,-4.70109,london,2021
EURUSD,-1,2021-09-22 05:00:00,2021-09-22 15:00:00,1.17279,1.17296,1.17408,1.17022,0.556,-1.7,-9.45,-9.45,10,time_exit,17.88165,0.00086,-0.46112,-4.38642,,2021
EURUSD,1,2021-09-22 22:00:00,2021-09-23 08:00:00,1.16938,1.17094,1.16736,1.17342,0.3543,15.6,55.27,55.27,10,time_exit,16.95515,0.00135,-2.6721,-2.4849,,2021
EURUSD,1,2021-09-23 10:00:00,2021-09-23 17:00:00,1.17147,1.17469,1.16986,1.17469,0.4477,32.2,144.08,144.08,7,take_profit,25.23334,0.00107,-0.30471,-3.50726,london,2021
EURUSD,-1,2021-09-28 01:00:00,2021-09-28 11:00:00,1.16975,1.16804,1.17117,1.16692,0.5187,17.1,88.7,88.7,10,time_exit,30.84238,0.00094,-1.62357,-2.73672,,2021
EURUSD,1,2021-09-29 01:00:00,2021-09-29 10:00:00,1.16836,1.16668,1.16668,1.17172,0.4433,-16.8,-74.37,-74.37,9,stop_loss,18.43727,0.00112,-1.1586,-2.86275,,2021
EURUSD,-1,2021-09-30 02:00:00,2021-09-30 12:00:00,1.15984,1.15981,1.16152,1.15648,0.4388,0.3,1.32,1.31,10,time_exit,52.30839,0.00112,-5.29596,-4.55041,,2021
EURUSD,1,2021-10-05 10:00:00,2021-10-05 16:00:00,1.1599,1.15865,1.15865,1.1624,0.5897,-12.5,-73.63,-73.63,6,stop_loss,20.86258,0.00083,-1.0408,-4.9406,london,2021
EURUSD,1,2021-10-05 20:00:00,2021-10-06 04:00:00,1.16052,1.15893,1.15893,1.1637,0.4586,-15.9,-72.9,-72.9,8,stop_loss,20.3258,0.00106,0.01878,-3.68882,new_york,2021
EURUSD,-1,2021-10-06 08:00:00,2021-10-06 10:00:00,1.15848,1.15599,1.15972,1.15599,0.5799,24.9,144.34,144.33,2,take_profit,19.66811,0.00083,-1.96025,-4.51817,london,2021
EURUSD,-1,2021-10-07 19:00:00,2021-10-08 05:00:00,1.15602,1.15548,1.15748,1.15311,0.5058,5.4,27.31,27.31,10,time_exit,17.20581,0.00097,-0.75258,-4.79604,new_york,2021
EURUSD,-1,2021-10-08 22:00:00,2021-10-11 08:00:00,1.15773,1.15734,1.15931,1.15458,0.4686,3.9,18.28,18.27,10,time_exit,20.93777,0.00105,1.3468,-3.62587,,2021
EURUSD,-1,2021-10-14 02:00:00,2021-10-14 11:00:00,1.15973,1.1613,1.1613,1.15658,0.4703,-15.7,-74.06,-74.06,9,stop_loss,25.00098,0.00105,3.26023,-1.53664,,2021
EURUSD,-1,2021-10-14 15:00:00,2021-10-15 01:00:00,1.16034,1.15975,1.16183,1.15736,0.4927,5.9,29.07,29.07,10,time_exit,28.24927,0.00099,2.4935,-0.32798,london,2021
EURUSD,-1,2021-10-18 09:00:00,2021-10-18 10:00:00,1.15785,1.15916,1.15916,1.15523,0.5626,-13.1,-73.62,-73.62,1,stop_loss,17.78751,0.00087,-1.63839,0.64062,london,2021
EURUSD,1,2021-10-19 09:00:00,2021-10-19 17:00:00,1.16499,1.16355,1.16355,1.16787,0.5065,-14.4,-72.88,-72.89,8,stop_loss,33.78719,0.00096,4.42003,1.56259,london,2021
EURUSD,-1,2021-10-21 14:00:00,2021-10-22 00:00:00,1.16404,1.16253,1.16534,1.16143,0.5533,15.1,83.55,83.55,10,time_exit,18.44993,0.00087,-0.17008,3.15755,london,2021
EURUSD,-1,2021-10-22 11:00:00,2021-10-22 18:00:00,1.16422,1.16536,1.16536,1.16194,0.6401,-11.4,-72.98,-72.99,7,stop_loss,26.60157,0.00076,0.86498,2.38461,london,2021
EURUSD,1,2021-10-26 11:00:00,2021-10-26 13:00:00,1.1598,1.16235,1.15852,1.16235,0.5657,25.5,144.52,144.52,2,take_profit,38.90811,0.00085,-2.68893,0.07561,london,2021
EURUSD,-1,2021-10-28 18:00:00,2021-10-29 04:00:00,1.16756,1.16774,1.17022,1.16224,0.2772,-1.8,-4.99,-4.99,10,time_exit,18.01838,0.00177,3.71311,-0.23417,new_york,2021
EURUSD,-1,2021-10-29 19:00:00,2021-11-01 05:00:00,1.15497,1.15545,1.15756,1.14979,0.2843,-4.8,-13.65,-13.65,10,time_exit,31.78832,0.00173,-4.99964,0.71548,new_york,2021
EURUSD,-1,2021-11-02 12:00:00,2021-11-02 13:00:00,1.15887,1.16027,1.16027,1.15606,0.524,-14.0,-73.52,-73.52,1,stop_loss,19.2218,0.00094,-0.86471,-1.34892,london,2021
EURUSD,-1,2021-11-04 03:00:00,2021-11-04 09:00:00,1.16154,1.15806,1.16328,1.15806,0.4182,34.8,145.55,145.55,6,take_profit,22.35864,0.00116,1.95494,-0.88897,,2021
EURUSD,-1,2021-11-05 01:00:00,2021-11-05 11:00:00,1.15529,1.15494,1.15692,1.15203,0.4551,3.5,15.93,15.93,10,time_exit,29.62475,0.00109,-2.02472,-1.90892,,2021
EURUSD,-1,2021-11-08 13:00:00,2021-11-08 17:00:00,1.15676,1.15856,1.15856,1.15316,0.413,-18.0,-74.4,-74.4,4,stop_loss,11.95793,0.0012,0.59815,-1.88998,london,2021
EURUSD,-1,2021-11-08 23:00:00,2021-11-09 07:00:00,1.15891,1.16058,1.16058,1.15557,0.4417,-16.7,-73.66,-73.66,8,stop_loss,14.97152,0.00111,1.92061,-1.36067,,2021
EURUSD,1,2021-11-10 21:00:00,2021-11-11 04:00:00,1.14987,1.14718,1.14718,1.15524,0.2715,-26.9,-72.92,-72.92,7,stop_loss,33.05332,0.00179,-3.86648,-0.68791,new_york,2021
EURUSD,1,2021-11-11 04:00:00,2021-11-11 10:00:00,1.14795,1.1458,1.1458,1.15225,0.3355,-21.5,-72.18,-72.18,6,stop_loss,45.82368,0.00143,-4.68144,-1.87916,,2021
EURUSD,1,2021-11-12 18:00:00,2021-11-15 04:00:00,1.14443,1.14599,1.14268,1.14792,0.4093,15.6,63.85,63.85,10,time_exit,31.20234,0.00116,-2.32856,-5.50424,new_york,2021
EURUSD,1,2021-11-15 05:00:00,2021-11-15 10:00:00,1.14598,1.14456,1.14456,1.14881,0.5092,-14.2,-72.11,-72.11,5,stop_loss,20.4631,0.00094,-0.33521,-6.70926,,2021
EURUSD,1,2021-11-16 10:00:00,2021-11-16 11:00:00,1.13797,1.13631,1.13631,1.1413,0.4293,-16.6,-71.39,-71.39,1,stop_loss,47.70434,0.00111,-3.60783,-6.9171,london,2021
EURUSD,-1,2021-11-16 22:00:00,2021-11-17 05:00:00,1.13167,1.12736,1.13383,1.12736,0.3279,43.1,141.33,141.33,7,take_profit,55.36253,0.00144,-5.2442,-6.11139,,2021
EURUSD,-1,2021-11-18 08:00:00,2021-11-18 09:00:00,1.13182,1.13362,1.13362,1.12822,0.4009,-18.0,-72.08,-72.08,1,stop_loss,29.19647,0.0012,-1.53823,-8.00751,london,2021
EURUSD,-1,2021-11-19 03:00:00,2021-11-19 10:00:00,1.13648,1.13334,1.13805,1.13334,0.4552,31.4,142.73,142.73,7,take_profit,25.93476,0.00105,1.74797,-6.92025,,2021
EURUSD,1,2021-11-22 17:00:00,2021-11-22 21:00:00,1.12579,1.12326,1.12326,1.13085,0.288,-25.3,-72.8,-72.8,4,stop_loss,42.59011,0.00169,-2.51987,-4.70693,new_york,2021
EURUSD,-1,2021-11-23 14:00:00,2021-11-23 17:00:00,1.12434,1.12653,1.12653,1.11997,0.3297,-21.9,-72.07,-72.07,3,stop_loss,34.26403,0.00146,-1.7262,-5.85073,london,2021
EURUSD,-1,2021-11-23 19:00:00,2021-11-24 05:00:00,1.12638,1.12354,1.12866,1.12181,0.3124,28.4,88.72,88.72,10,time_exit,26.50341,0.00152,-0.13993,-5.44829,new_york,2021
EURUSD,-1,2021-11-24 21:00:00,2021-11-25 04:00:00,1.11928,1.12136,1.12136,1.11512,0.3469,-20.8,-72.23,-72.23,7,stop_loss,38.23273,0.00139,-3.24094,-5.99357,new_york,2021
EURUSD,-1,2021-11-25 06:00:00,2021-11-25 16:00:00,1.1214,1.12173,1.12301,1.11819,0.4451,-3.3,-14.69,-14.69,10,time_exit,32.1752,0.00107,-1.3235,-7.73282,,2021
EURUSD,-1,2021-11-26 00:00:00,2021-11-26 02:00:00,1.12058,1.12179,1.12179,1.11817,0.5921,-12.1,-71.36,-71.36,2,stop_loss,15.22103,0.0008,-1.51434,-9.23789,,2021
EURUSD,-1,2021-11-26 10:00:00,2021-11-26 11:00:00,1.12338,1.12481,1.12481,1.12052,0.4936,-14.3,-70.65,-70.65,1,stop_loss,24.10637,0.00095,1.33941,-7.02076,london,2021
EURUSD,-1,2021-11-26 16:00:00,2021-11-26 17:00:00,1.1293,1.13161,1.13161,1.12467,0.3023,-23.1,-69.94,-69.94,1,stop_loss,43.63534,0.00154,3.88873,-3.51707,new_york,2021
EURUSD,1,2021-11-29 00:00:00,2021-11-29 04:00:00,1.13014,1.12773,1.12773,1.13497,0.2867,-24.1,-69.23,-69.23,4,stop_loss,56.72151,0.00161,3.39799,-2.17621,,2021
EURUSD,-1,2021-11-29 06:00:00,2021-11-29 16:00:00,1.1281,1.1261,1.13022,1.12386,0.3232,20.0,64.64,64.64,10,time_exit,45.04065,0.00141,1.40032,-1.96426,,2021
EURUSD,1,2021-11-29 23:00:00,2021-11-30 08:00:00,1.12791,1.13182,1.12595,1.13182,0.3538,39.1,138.4,138.4,9,take_profit,19.89444,0.0013,0.9366,-1.49775,,2021
EURUSD,1,2021-11-30 12:00:00,2021-11-30 14:00:00,1.13637,1.13429,1.13429,1.14052,0.3401,-20.8,-70.58,-70.58,2,stop_loss,32.19106,0.00138,5.62386,-0.26762,london,2021
EURUSD,-1,2021-11-30 23:00:00,2021-12-01 09:00:00,1.13416,1.13405,1.13787,1.12673,0.1882,1.1,2.07,2.07,10,time_exit,29.71038,0.00248,1.62637,0.30463,,2021
EURUSD,-1,2021-12-03 11:00:00,2021-12-03 12:00:00,1.1291,1.1308,1.1308,1.12569,0.41,-17.0,-69.88,-69.89,1,stop_loss,12.32559,0.00114,-1.54004,0.49363,london,2021
EURUSD,-1,2021-12-06 05:00:00,2021-12-06 15:00:00,1.12916,1.12972,1.13122,1.12504,0.3356,-5.6,-18.79,-18.8,10,time_exit,11.8528,0.00137,-1.02728,0.20104,,2021
EURUSD,1,2021-12-06 15:00:00,2021-12-06 17:00:00,1.12918,1.12731,1.12731,1.13291,0.3699,-18.7,-69.01,-69.01,2,stop_loss,11.08537,0.00124,-0.68964,-0.10244,london,2021
EURUSD,-1,2021-12-07 00:00:00,2021-12-07 10:00:00,1.12844,1.1275,1.13026,1.12479,0.3746,9.4,35.21,35.21,10,time_exit,12.14141,0.00122,-0.82227,-0.40186,,2021
EURUSD,-1,2021-12-09 16:00:00,2021-12-09 17:00:00,1.13167,1.12849,1.13326,1.12849,0.4318,31.8,137.34,137.34,1,take_profit,24.64096,0.00106,0.56311,0.97476,new_york,2021
EURUSD,1,2021-12-10 04:00:00,2021-12-10 11:00:00,1.12968,1.12814,1.12814,1.13277,0.4537,-15.4,-70.04,-70.04,7,stop_loss,34.45788,0.00103,-0.65523,0.40039,,2021
EURUSD,1,2021-12-13 19:00:00,2021-12-14 02:00:00,1.12969,1.12761,1.12761,1.13384,0.3341,-20.8,-69.33,-69.34,7,stop_loss,21.12888,0.00138,0.20481,-0.24633,new_york,2021
EURUSD,1,2021-12-14 20:00:00,2021-12-15 06:00:00,1.12717,1.12641,1.12525,1.131,0.3581,-7.6,-27.22,-27.22,10,time_exit,20.30092,0.00128,-1.41206,-0.40722,new_york,2021
EURUSD,-1,2021-12-15 13:00:00,2021-12-15 21:00:00,1.12674,1.12378,1.12822,1.12378,0.4626,29.6,136.75,136.74,8,take_profit,14.91815,0.00099,-1.02759,-1.2962,london,2021
EURUSD,1,2021-12-15 22:00:00,2021-12-16 08:00:00,1.12722,1.12917,1.12502,1.13162,0.3172,19.5,61.85,61.85,10,time_exit,16.6105,0.00147,-0.0398,-1.01356,,2021
EURUSD,-1,2021-12-17 01:00:00,2021-12-17 11:00:00,1.13299,1.13343,1.13535,1.12827,0.2978,-4.4,-13.1,-13.11,10,time_exit,21.3511,0.00157,1.97991,0.37667,,2021
EURUSD,-1,2021-12-21 23:00:00,2021-12-22 09:00:00,1.12827,1.12676,1.12997,1.12486,0.4124,15.1,62.27,62.27,10,time_exit,15.04144,0.00114,0.14185,-0.57247,,2021
EURUSD,1,2021-12-22 15:00:00,2021-12-22 18:00:00,1.1304,1.13376,1.12872,1.13376,0.4222,33.6,141.69,141.69,3,take_profit,17.57228,0.00112,2.00139,-0.44372,london,2021
EURUSD,1,2021-12-23 02:00:00,2021-12-23 12:00:00,1.13264,1.13265,1.13096,1.136,0.4301,0.1,0.43,0.43,10,time_exit,34.63724,0.00112,2.63761,0.58293,,2021
EURUSD,-1,2021-12-24 03:00:00,2021-12-24 12:00:00,1.13253,1.13422,1.13422,1.12916,0.4285,-16.9,-72.27,-72.27,9,stop_loss,18.01162,0.00112,0.88981,1.48839,,2021
EURUSD,-1,2021-12-27 20:00:00,2021-12-28 06:00:00,1.13267,1.1327,1.13438,1.12925,0.4184,-0.3,-1.26,-1.26,10,time_exit,12.84502,0.00114,0.60174,1.23151,new_york,2021
EURUSD,-1,2021-12-28 11:00:00,2021-12-28 16:00:00,1.13232,1.12974,1.13361,1.12974,0.5546,25.8,143.08,143.08,5,take_profit,11.56354,0.00086,0.12619,1.59348,london,2021
EURUSD,1,2021-12-31 03:00:00,2021-12-31 09:00:00,1.13269,1.13057,1.13057,1.13693,0.3441,-21.2,-72.97,-72.97,6,stop_loss,10.9324,0.00141,0.28093,0.59373,,2021
EURUSD,-1,2022-01-04 07:00:00,2022-01-04 17:00:00,1.13007,1.13181,1.13181,1.12659,0.415,-17.4,-72.23,-72.23,10,stop_loss,19.15309,0.00116,-1.78318,0.19254,london,2022
EURUSD,-1,2022-01-05 03:00:00,2022-01-05 05:00:00,1.12772,1.12963,1.12963,1.12391,0.3751,-19.1,-71.52,-71.52,2,stop_loss,13.52096,0.00127,-2.01718,-0.84995,,2022
EURUSD,-1,2022-01-05 07:00:00,2022-01-05 10:00:00,1.12889,1.13063,1.13063,1.12542,0.408,-17.4,-70.8,-70.8,3,stop_loss,11.89758,0.00116,-1.04174,-1.0108,london,2022
EURUSD,-1,2022-01-06 01:00:00,2022-01-06 11:00:00,1.13092,1.13054,1.13287,1.12703,0.3602,3.8,13.69,13.69,10,time_exit,23.50586,0.0013,-0.01314,-0.30464,,2022
EURUSD,1,2022-01-07 18:00:00,2022-01-10 04:00:00,1.13473,1.13396,1.13266,1.13887,0.3396,-7.7,-26.15,-26.15,10,time_exit,14.91098,0.00138,2.91904,-0.2782,new_york,2022
EURUSD,-1,2022-01-11 04:00:00,2022-01-11 14:00:00,1.13366,1.13313,1.1353,1.13037,0.4258,5.3,22.57,22.57,10,time_exit,11.47185,0.0011,1.0347,0.69736,,2022
EURUSD,1,2022-01-11 15:00:00,2022-01-11 16:00:00,1.13313,1.1314,1.1314,1.13659,0.4057,-17.3,-70.19,-70.19,1,stop_loss,9.917,0.00115,0.13711,0.8706,london,2022
EURUSD,1,2022-01-14 17:00:00,2022-01-14 18:00:00,1.14421,1.14241,1.14241,1.14781,0.3861,-18.0,-69.49,-69.49,1,stop_loss,23.29957,0.0012,-0.01694,5.34585,new_york,2022
EURUSD,1,2022-01-14 21:00:00,2022-01-17 07:00:00,1.14098,1.1419,1.13897,1.145,0.3426,9.2,31.52,31.52,10,time_exit,30.30392,0.00134,-2.10755,4.37826,new_york,2022
EURUSD,1,2022-01-17 13:00:00,2022-01-17 14:00:00,1.14201,1.14037,1.14037,1.14528,0.4221,-16.4,-69.11,-69.11,1,stop_loss,28.07143,0.00109,-0.75057,3.96431,london,2022
EURUSD,1,2022-01-17 16:00:00,2022-01-18 02:00:00,1.14016,1.14187,1.1383,1.14389,0.3673,17.1,62.81,62.81,10,time_exit,29.11728,0.00124,-1.92748,3.21746,new_york,2022
EURUSD,-1,2022-01-18 02:00:00,2022-01-18 12:00:00,1.141,1.13901,1.14239,1.13822,0.497,19.9,98.9,98.9,10,time_exit,21.64217,0.00093,-1.04894,3.45587,,2022
EURUSD,-1,2022-01-18 16:00:00,2022-01-18 18:00:00,1.13783,1.13426,1.13962,1.13426,0.3923,35.7,140.08,140.07,2,take_profit,30.21074,0.00119,-2.63339,1.73452,new_york,2022
EURUSD,1,2022-01-19 07:00:00,2022-01-19 17:00:00,1.13302,1.13445,1.13133,1.13641,0.4219,14.3,60.33,60.33,10,time_exit,55.47888,0.00113,-3.82811,-0.65291,london,2022
EURUSD,-1,2022-01-19 18:00:00,2022-01-20 03:00:00,1.13448,1.13632,1.13632,1.1308,0.3913,-18.4,-72.04,-72.05,9,stop_loss,33.0041,0.00123,-1.3493,-1.24659,new_york,2022
EURUSD,1,2022-01-24 02:00:00,2022-01-24 07:00:00,1.13412,1.13255,1.13255,1.13726,0.4536,-15.7,-71.32,-71.32,5,stop_loss,19.21244,0.00105,0.13249,-1.90643,,2022
EURUSD,1,2022-01-28 02:00:00,2022-01-28 10:00:00,1.11448,1.11258,1.11258,1.11828,0.372,-19.0,-70.61,-70.61,8,stop_loss,71.37495,0.00127,-5.53094,-6.30958,,2022
EURUSD,1,2022-02-02 10:00:00,2022-02-02 12:00:00,1.12814,1.13125,1.12658,1.13125,0.4492,31.1,139.81,139.81,2,take_profit,36.57032,0.00104,3.81315,-0.87427,london,2022
EURUSD,-1,2022-02-03 00:00:00,2022-02-03 10:00:00,1.13024,1.12953,1.13201,1.12671,0.4038,7.1,28.67,28.67,10,time_exit,38.01665,0.00118,2.96672,0.96419,,2022
EURUSD,-1,2022-02-03 16:00:00,2022-02-03 17:00:00,1.13662,1.13914,1.13914,1.13158,0.284,-25.2,-71.59,-71.59,1,stop_loss,23.01253,0.00168,4.78388,1.15696,new_york,2022
EURUSD,-1,2022-02-03 19:00:00,2022-02-04 04:00:00,1.14259,1.14584,1.14584,1.13609,0.2181,-32.5,-70.88,-70.88,9,stop_loss,32.82165,0.00217,5.88929,1.3658,new_york,2022
EURUSD,1,2022-02-08 10:00:00,2022-02-08 20:00:00,1.13991,1.14222,1.13792,1.14388,0.3533,23.1,81.61,81.61,10,time_exit,12.83499,0.00132,-1.96194,5.73597,london,2022
EURUSD,1,2022-02-09 05:00:00,2022-02-09 09:00:00,1.14318,1.14141,1.14141,1.14671,0.4019,-17.7,-70.97,-70.98,4,stop_loss,18.42171,0.00118,0.88881,5.13259,,2022
EURUSD,1,2022-02-10 21:00:00,2022-02-10 22:00:00,1.1465,1.14342,1.14342,1.15266,0.228,-30.8,-70.26,-70.26,1,stop_loss,16.16368,0.00205,1.57972,2.3294,new_york,2022
EURUSD,-1,2022-02-14 06:00:00,2022-02-14 16:00:00,1.1343,1.13201,1.13704,1.12881,0.2535,22.9,58.05,58.05,10,time_exit,31.63747,0.00183,-2.62687,0.39637,,2022
EURUSD,1,2022-02-14 16:00:00,2022-02-14 21:00:00,1.1315,1.12863,1.12863,1.13723,0.2446,-28.7,-70.13,-70.14,5,stop_loss,35.46561,0.00191,-2.84333,-0.46918,new_york,2022
EURUSD,1,2022-02-21 07:00:00,2022-02-21 14:00:00,1.13623,1.13433,1.13433,1.14003,0.3652,-19.0,-69.45,-69.45,7,stop_loss,24.69425,0.00127,0.80888,-0.74902,london,2022
EURUSD,1,2022-02-22 03:00:00,2022-02-22 05:00:00,1.13137,1.12929,1.12929,1.13553,0.3309,-20.8,-68.76,-68.76,2,stop_loss,26.82596,0.00139,-1.98087,-1.12847,,2022
EURUSD,-1,2022-02-22 15:00:00,2022-02-23 01:00:00,1.13509,1.1329,1.13778,1.1297,0.2527,21.9,55.34,55.34,10,time_exit,26.99071,0.0018,1.00353,-1.08768,london,2022
EURUSD,-1,2022-02-23 03:00:00,2022-02-23 11:00:00,1.13332,1.13552,1.13552,1.12892,0.312,-22.0,-68.61,-68.61,8,stop_loss,17.81794,0.00147,0.02456,-1.18753,,2022
EURUSD,-1,2022-02-28 14:00:00,2022-02-28 18:00:00,1.11992,1.12439,1.12439,1.11097,0.1518,-44.7,-67.92,-67.92,4,stop_loss,22.56415,0.00298,-0.3743,-2.36905,london,2022
EURUSD,-1,2022-03-02 23:00:00,2022-03-03 09:00:00,1.11272,1.10977,1.11661,1.10494,0.1728,29.5,50.98,50.97,10,time_exit,32.10918,0.00259,-0.41328,-3.28446,,2022
EURUSD,-1,2022-03-08 17:00:00,2022-03-08 19:00:00,1.09048,1.09473,1.09473,1.08199,0.1596,-42.5,-67.77,-67.78,2,stop_loss,22.80251,0.00283,-0.01455,-5.31135,new_york,2022
EURUSD,1,2022-03-09 12:00:00,2022-03-09 16:00:00,1.09701,1.104,1.09352,1.104,0.192,69.9,134.14,134.14,4,take_profit,28.09735,0.00233,2.52277,-5.13868,london,2022
EURUSD,-1,2022-03-09 21:00:00,2022-03-10 07:00:00,1.10658,1.1059,1.11091,1.09792,0.1581,6.8,10.75,10.75,10,time_exit,41.56177,0.00289,4.10102,-2.88313,new_york,2022
EURUSD,-1,2022-03-11 14:00:00,2022-03-11 18:00:00,1.10111,1.09361,1.10486,1.09361,0.1829,75.0,137.1,137.1,4,take_profit,15.51896,0.0025,0.48896,-1.14196,london,2022
EURUSD,-1,2022-03-14 17:00:00,2022-03-14 18:00:00,1.09428,1.0977,1.0977,1.08744,0.2043,-34.2,-69.9,-69.9,1,stop_loss,18.51306,0.00228,-0.64038,-2.11753,new_york,2022
EURUSD,1,2022-03-15 13:00:00,2022-03-15 16:00:00,1.10055,1.09742,1.09742,1.1068,0.2214,-31.3,-69.22,-69.22,3,stop_loss,18.82774,0.00208,1.93789,-1.63277,london,2022
EURUSD,-1,2022-03-16 00:00:00,2022-03-16 10:00:00,1.09536,1.09582,1.09841,1.08927,0.2248,-4.6,-10.34,-10.34,10,time_exit,18.58483,0.00203,-0.56754,-1.48761,,2022
EURUSD,-1,2022-03-17 03:00:00,2022-03-17 11:00:00,1.10217,1.10577,1.10577,1.09497,0.1899,-36.0,-68.4,-68.4,8,stop_loss,18.24821,0.0024,1.44927,-0.35032,,2022
EURUSD,1,2022-03-21 00:00:00,2022-03-21 10:00:00,1.10562,1.10512,1.10295,1.11096,0.2537,-5.0,-12.68,-12.69,10,time_exit,15.26774,0.00178,0.03583,1.67447,,2022
EURUSD,1,2022-03-21 10:00:00,2022-03-21 20:00:00,1.10381,1.10183,1.10183,1.10777,0.3414,-19.8,-67.61,-67.61,10,stop_loss,8.93071,0.00132,-0.75036,1.93515,london,2022
EURUSD,-1,2022-03-21 23:00:00,2022-03-22 09:00:00,1.10142,1.09675,1.10375,1.09675,0.2868,46.7,133.86,133.85,10,take_profit,14.13591,0.00156,-1.87951,1.2275,,2022
EURUSD,-1,2022-03-22 14:00:00,2022-03-22 15:00:00,1.10034,1.10285,1.10285,1.09533,0.2723,-25.1,-68.25,-68.25,1,stop_loss,27.40407,0.00167,-1.16181,0.11823,london,2022
EURUSD,1,2022-03-22 19:00:00,2022-03-23 05:00:00,1.10219,1.10324,1.09942,1.10773,0.2439,10.5,25.61,25.61,10,time_exit,22.75869,0.00185,-0.03938,0.10327,new_york,2022
EURUSD,-1,2022-03-23 05:00:00,2022-03-23 14:00:00,1.10259,1.09829,1.10474,1.09829,0.3155,43.0,135.68,135.67,9,take_profit,16.70664,0.00143,0.14165,0.17833,,2022
EURUSD,-1,2022-03-23 17:00:00,2022-03-23 18:00:00,1.0966,1.09902,1.09902,1.09177,0.2863,-24.2,-69.19,-69.19,1,stop_loss,21.77621,0.00161,-3.22456,-0.15018,new_york,2022
EURUSD,1,2022-03-24 00:00:00,2022-03-24 06:00:00,1.10029,1.09811,1.09811,1.10466,0.3137,-21.8,-68.49,-68.5,6,stop_loss,23.4559,0.00146,-0.54906,-0.34979,,2022
EURUSD,1,2022-03-29 02:00:00,2022-03-29 12:00:00,1.09887,1.10363,1.09649,1.10363,0.2849,47.6,135.62,135.62,10,take_profit,16.92837,0.00159,0.21479,-1.11941,,2022
EURUSD,-1,2022-03-29 17:00:00,2022-03-30 03:00:00,1.11297,1.10976,1.11704,1.10482,0.1698,32.1,54.51,54.5,10,time_exit,23.82402,0.00272,4.60507,-0.04424,new_york,2022
EURUSD,-1,2022-03-30 16:00:00,2022-03-30 17:00:00,1.1125,1.11558,1.11558,1.10633,0.2261,-30.8,-69.71,-69.71,1,stop_loss,39.26269,0.00206,2.69398,2.07347,new_york,2022
EURUSD,1,2022-03-31 11:00:00,2022-03-31 12:00:00,1.11507,1.11276,1.11276,1.11969,0.2987,-23.1,-69.02,-69.02,1,stop_loss,34.53735,0.00154,2.07287,4.44391,london,2022
EURUSD,1,2022-04-01 05:00:00,2022-04-01 10:00:00,1.1072,1.1046,1.1046,1.11241,0.2624,-26.0,-68.32,-68.32,5,stop_loss,30.69518,0.00174,-1.65523,2.55708,,2022
EURUSD,1,2022-04-04 01:00:00,2022-04-04 11:00:00,1.10393,1.10223,1.10162,1.10855,0.2928,-17.0,-49.78,-49.78,10,time_exit,36.4426,0.00154,-2.25518,1.13027,,2022
EURUSD,1,2022-04-07 13:00:00,2022-04-07 22:00:00,1.08922,1.08678,1.08678,1.09409,0.2755,-24.4,-67.15,-67.15,9,stop_loss,20.51409,0.00162,-1.82197,-4.1242,london,2022
EURUSD,-1,2022-04-08 03:00:00,2022-04-08 13:00:00,1.08642,1.08884,1.08884,1.08157,0.2744,-24.2,-66.48,-66.49,10,stop_loss,18.63709,0.00162,-2.63969,-4.25653,,2022
EURUSD,-1,2022-04-11 22:00:00,2022-04-12 08:00:00,1.089,1.08706,1.09168,1.08364,0.2458,19.4,47.69,47.68,10,time_exit,13.267,0.00179,0.0261,-2.99379,,2022
EURUSD,1,2022-04-12 14:00:00,2022-04-12 19:00:00,1.0867,1.08474,1.08474,1.09061,0.339,-19.6,-66.29,-66.29,5,stop_loss,13.34195,0.0013,-1.1293,-3.91341,london,2022
EURUSD,-1,2022-04-14 06:00:00,2022-04-14 15:00:00,1.0902,1.08564,1.09248,1.08564,0.2876,45.6,131.24,131.24,9,take_profit,26.25049,0.00152,2.43029,-2.7565,,2022
EURUSD,1,2022-04-14 17:00:00,2022-04-15 03:00:00,1.07707,1.08081,1.07347,1.08428,0.1857,37.4,69.45,69.45,10,time_exit,30.81402,0.0024,-4.20772,-1.37984,new_york,2022
EURUSD,-1,2022-04-18 08:00:00,2022-04-18 14:00:00,1.07925,1.08093,1.08093,1.07588,0.4017,-16.8,-67.62,-67.63,6,stop_loss,25.02268,0.00112,-2.60614,-4.6675,london,2022
EURUSD,-1,2022-04-20 13:00:00,2022-04-20 23:00:00,1.08543,1.08543,1.08775,1.08079,0.2889,-0.0,-0.0,-0.0,10,time_exit,30.11227,0.00155,3.31939,-2.51389,london,2022
EURUSD,-1,2022-04-21 01:00:00,2022-04-21 09:00:00,1.08516,1.08756,1.08756,1.08037,0.2795,-24.0,-66.96,-66.96,8,stop_loss,31.9066,0.0016,1.95973,-1.39747,,2022
EURUSD,1,2022-04-22 10:00:00,2022-04-22 11:00:00,1.08263,1.08031,1.08031,1.08728,0.2853,-23.2,-66.27,-66.27,1,stop_loss,12.74088,0.00155,-1.05374,-0.19494,london,2022
EURUSD,-1,2022-04-25 07:00:00,2022-04-25 09:00:00,1.07813,1.0734,1.08049,1.0734,0.2776,47.3,131.24,131.23,2,take_profit,14.67412,0.00158,-2.23073,-1.27406,london,2022
EURUSD,-1,2022-04-25 23:00:00,2022-04-26 09:00:00,1.07138,1.07038,1.07433,1.06548,0.2269,10.0,22.69,22.69,10,time_exit,34.20409,0.00197,-3.08603,-2.36392,,2022
EURUSD,-1,2022-04-26 19:00:00,2022-04-27 05:00:00,1.06591,1.06345,1.06873,1.06027,0.2382,24.6,58.6,58.6,10,time_exit,39.48501,0.00188,-3.78924,-3.61797,new_york,2022
EURUSD,1,2022-04-28 20:00:00,2022-04-29 06:00:00,1.05127,1.05132,1.04706,1.05969,0.161,0.5,0.81,0.8,10,time_exit,51.76239,0.00281,-2.12698,-4.84936,new_york,2022
EURUSD,-1,2022-04-29 08:00:00,2022-04-29 09:00:00,1.05167,1.0545,1.0545,1.04601,0.2396,-28.3,-67.75,-67.75,1,stop_loss,34.86016,0.00189,-1.6484,-7.31668,london,2022
EURUSD,1,2022-05-02 08:00:00,2022-05-02 18:00:00,1.05187,1.05216,1.04911,1.05739,0.243,2.9,7.05,7.04,10,time_exit,15.79177,0.00184,-1.39266,-6.04686,london,2022
EURUSD,-1,2022-05-03 05:00:00,2022-05-03 15:00:00,1.05223,1.0546,1.0546,1.04748,0.2828,-23.7,-67.14,-67.14,10,stop_loss,10.73475,0.00158,-0.35198,-6.40484,,2022
EURUSD,-1,2022-05-03 17:00:00,2022-05-04 03:00:00,1.05562,1.05248,1.05886,1.04915,0.2054,31.4,64.5,64.49,10,time_exit,18.05484,0.00216,1.40353,-4.23153,new_york,2022
EURUSD,-1,2022-05-04 04:00:00,2022-05-04 14:00:00,1.05248,1.05307,1.05501,1.04742,0.2652,-5.9,-15.65,-15.65,10,time_exit,18.56463,0.00169,-0.0412,-4.8497,,2022
EURUSD,1,2022-05-04 18:00:00,2022-05-04 21:00:00,1.05464,1.05204,1.05204,1.05983,0.258,-26.0,-66.97,-66.97,3,stop_loss_ambiguous,23.51425,0.00173,1.14838,-4.06238,new_york,2022
EURUSD,1,2022-05-05 09:00:00,2022-05-05 14:00:00,1.06121,1.05802,1.05802,1.06758,0.2081,-31.9,-66.29,-66.29,5,stop_loss,45.32981,0.00212,2.34728,-1.67364,london,2022
EURUSD,-1,2022-05-05 21:00:00,2022-05-05 22:00:00,1.05038,1.054,1.054,1.04314,0.1814,-36.2,-65.63,-65.64,1,stop_loss,36.51656,0.00241,-2.27545,-1.41899,new_york,2022
EURUSD,1,2022-05-06 13:00:00,2022-05-06 23:00:00,1.057,1.05446,1.05301,1.06497,0.163,-25.4,-41.4,-41.4,10,time_exit,21.97324,0.00266,0.88851,-1.3918,london,2022
EURUSD,-1,2022-05-09 08:00:00,2022-05-09 13:00:00,1.05124,1.0541,1.0541,1.04551,0.2254,-28.6,-64.57,-64.57,5,stop_loss,22.75782,0.00191,-1.65457,-1.75498,london,2022
EURUSD,-1,2022-05-10 19:00:00,2022-05-11 05:00:00,1.05312,1.05346,1.05617,1.04703,0.2098,-3.4,-7.13,-7.14,10,time_exit,19.41592,0.00203,-0.96672,-0.94464,new_york,2022
EURUSD,1,2022-05-12 06:00:00,2022-05-12 09:00:00,1.05157,1.04905,1.04905,1.05661,0.2536,-25.2,-63.85,-63.85,3,stop_loss,20.24167,0.00168,-1.20801,-1.36816,,2022
EURUSD,-1,2022-05-12 21:00:00,2022-05-13 07:00:00,1.03684,1.03971,1.04094,1.02865,0.1543,-28.7,-44.28,-44.29,10,time_exit,52.93247,0.00273,-4.32775,-2.00025,new_york,2022
EURUSD,1,2022-05-19 19:00:00,2022-05-20 05:00:00,1.05868,1.056,1.05532,1.06541,0.1865,-26.8,-49.98,-49.98,10,time_exit,25.45567,0.00224,3.62642,0.4015,new_york,2022
EURUSD,-1,2022-05-20 20:00:00,2022-05-23 01:00:00,1.0549,1.05766,1.05766,1.04938,0.2257,-27.6,-62.25,-62.26,5,stop_loss,20.48045,0.00184,0.00624,1.89119,new_york,2022
EURUSD,-1,2022-05-23 04:00:00,2022-05-23 08:00:00,1.05829,1.06076,1.06076,1.05335,0.2493,-24.7,-61.63,-61.63,4,stop_loss,17.4555,0.00165,1.82265,2.12522,,2022
EURUSD,1,2022-05-23 11:00:00,2022-05-23 12:00:00,1.0601,1.0647,1.0578,1.0647,0.2653,46.0,122.03,122.03,1,take_profit,20.61521,0.00153,2.45186,2.62426,london,2022
EURUSD,-1,2022-05-24 05:00:00,2022-05-24 09:00:00,1.06676,1.06921,1.06921,1.06186,0.2542,-24.5,-62.24,-62.24,4,stop_loss,44.20592,0.00163,2.8506,4.46781,,2022
EURUSD,1,2022-05-25 07:00:00,2022-05-25 10:00:00,1.07138,1.069,1.069,1.07614,0.2588,-23.8,-61.62,-61.62,3,stop_loss,42.84902,0.00159,1.92139,6.12072,london,2022
EURUSD,1,2022-05-27 00:00:00,2022-05-27 10:00:00,1.07224,1.07358,1.06974,1.07725,0.2436,13.4,32.64,32.64,10,time_exit,24.11181,0.00167,2.04196,4.38151,,2022
EURUSD,-1,2022-05-30 16:00:00,2022-05-30 17:00:00,1.07527,1.07766,1.07766,1.07048,0.2562,-23.9,-61.34,-61.35,1,stop_loss,29.96279,0.0016,1.24162,4.52101,new_york,2022
EURUSD,-1,2022-05-30 19:00:00,2022-05-31 05:00:00,1.07797,1.07513,1.08034,1.07324,0.2566,28.4,72.87,72.87,10,time_exit,29.58701,0.00158,2.65972,4.67677,new_york,2022
EURUSD,-1,2022-05-31 17:00:00,2022-05-31 21:00:00,1.07128,1.07425,1.07425,1.06534,0.2068,-29.7,-61.46,-61.46,4,stop_loss,37.62433,0.00198,-1.36077,2.99255,new_york,2022
EURUSD,-1,2022-05-31 22:00:00,2022-06-01 08:00:00,1.07368,1.071,1.07678,1.06749,0.1965,26.8,52.66,52.66,10,time_exit,35.07414,0.00206,-0.05263,2.67476,,2022
EURUSD,-1,2022-06-01 18:00:00,2022-06-02 04:00:00,1.06674,1.06548,1.06978,1.06065,0.2017,12.6,25.41,25.41,10,time_exit,24.69469,0.00203,-2.91405,1.83201,new_york,2022
EURUSD,-1,2022-06-02 17:00:00,2022-06-02 18:00:00,1.06995,1.0723,1.0723,1.06524,0.2619,-23.5,-61.62,-61.62,1,stop_loss,28.77955,0.00157,0.43388,0.51455,new_york,2022
EURUSD,1,2022-06-03 20:00:00,2022-06-06 06:00:00,1.0729,1.07254,1.07038,1.07794,0.2419,-3.6,-8.71,-8.71,10,time_exit,31.68744,0.00168,0.25535,1.57167,new_york,2022
EURUSD,1,2022-06-06 11:00:00,2022-06-06 15:00:00,1.07421,1.07229,1.07229,1.07805,0.3175,-19.2,-60.91,-60.91,4,stop_loss,16.10312,0.00128,1.37352,1.76843,london,2022
EURUSD,1,2022-06-07 01:00:00,2022-06-07 04:00:00,1.06944,1.06732,1.06732,1.07369,0.2838,-21.2,-60.31,-60.31,3,stop_loss,27.73312,0.00142,-1.65044,1.07166,,2022
EURUSD,1,2022-06-10 19:00:00,2022-06-13 02:00:00,1.05201,1.04873,1.04873,1.05856,0.1822,-32.8,-59.7,-59.7,7,stop_loss,39.33084,0.00218,-5.42787,-1.97068,new_york,2022
EURUSD,-1,2022-06-13 10:00:00,2022-06-13 17:00:00,1.04703,1.04234,1.04938,1.04234,0.252,46.9,118.21,118.21,7,take_profit,52.91487,0.00156,-6.69468,-5.19775,london,2022
EURUSD,1,2022-06-14 00:00:00,2022-06-14 10:00:00,1.0407,1.04728,1.03741,1.04728,0.1831,65.8,120.55,120.55,10,take_profit,55.50524,0.00219,-4.97907,-5.06424,,2022
EURUSD,1,2022-06-14 15:00:00,2022-06-14 17:00:00,1.04422,1.04098,1.04098,1.0507,0.1897,-32.4,-61.49,-61.5,2,stop_loss,31.8536,0.00216,-1.70382,-5.6418,london,2022
EURUSD,1,2022-06-16 19:00:00,2022-06-17 05:00:00,1.05292,1.05266,1.04807,1.06261,0.1256,-2.6,-3.27,-3.27,10,time_exit,17.99872,0.00323,2.68848,-2.83656,new_york,2022
EURUSD,1,2022-06-17 12:00:00,2022-06-17 14:00:00,1.05201,1.04841,1.04841,1.05921,0.1689,-36.0,-60.85,-60.85,2,stop_loss,25.72398,0.0024,1.30318,-1.91693,london,2022
EURUSD,1,2022-06-17 18:00:00,2022-06-20 04:00:00,1.04583,1.04932,1.04185,1.05379,0.1514,34.9,52.84,52.84,10,time_exit,22.22768,0.00265,-1.17794,-1.61687,new_york,2022
EURUSD,-1,2022-06-20 10:00:00,2022-06-20 20:00:00,1.05244,1.05061,1.05518,1.04695,0.2215,18.3,40.53,40.53,10,time_exit,17.98654,0.00183,1.57628,-1.7455,london,2022
EURUSD,-1,2022-06-22 09:00:00,2022-06-22 11:00:00,1.04886,1.05096,1.05096,1.04467,0.2916,-21.0,-61.16,-61.16,2,stop_loss,21.07413,0.0014,-2.48602,-0.35429,london,2022
EURUSD,-1,2022-06-23 13:00:00,2022-06-23 17:00:00,1.05179,1.05509,1.05509,1.0452,0.1837,-33.0,-60.56,-60.56,4,stop_loss,28.25168,0.0022,-1.10003,0.3762,london,2022
EURUSD,-1,2022-06-24 06:00:00,2022-06-24 16:00:00,1.05345,1.05343,1.05625,1.04786,0.2144,0.2,0.43,0.43,10,time_exit,16.7973,0.00186,0.17798,-0.01474,,2022
EURUSD,-1,2022-06-27 23:00:00,2022-06-28 09:00:00,1.05804,1.06056,1.06056,1.05301,0.2384,-25.2,-59.96,-59.96,10,stop_loss,24.56806,0.00168,1.18309,1.14559,,2022
EURUSD,-1,2022-06-28 16:00:00,2022-06-29 02:00:00,1.05378,1.05221,1.05635,1.04865,0.2312,15.7,36.3,36.3,10,time_exit,19.36634,0.00171,-1.78286,1.25013,new_york,2022
EURUSD,1,2022-06-29 21:00:00,2022-06-30 07:00:00,1.04489,1.04534,1.04186,1.05096,0.1968,4.5,8.86,8.85,10,time_exit,34.31884,0.00202,-3.7409,-0.63322,new_york,2022
EURUSD,-1,2022-06-30 08:00:00,2022-06-30 13:00:00,1.04533,1.04107,1.04746,1.04107,0.2807,42.6,119.61,119.61,5,take_profit,42.15664,0.00142,-3.02597,-2.21406,london,2022
EURUSD,-1,2022-07-01 16:00:00,2022-07-04 02:00:00,1.04067,1.04324,1.04374,1.03453,0.1986,-25.7,-51.04,-51.04,10,time_exit,19.31808,0.00205,-2.86854,-2.04454,new_york,2022
EURUSD,-1,2022-07-04 12:00:00,2022-07-04 14:00:00,1.04378,1.04614,1.04614,1.03906,0.2562,-23.6,-60.49,-60.49,2,stop_loss,17.40724,0.00157,-0.34936,-3.10641,london,2022
EURUSD,1,2022-07-08 18:00:00,2022-07-11 04:00:00,1.01737,1.01396,1.01318,1.02574,0.1431,-34.1,-48.8,-48.8,10,time_exit,26.69434,0.00279,-0.31858,-5.04994,new_york,2022
EURUSD,1,2022-07-12 00:00:00,2022-07-12 04:00:00,1.004,1.00085,1.00085,1.0103,0.1886,-31.5,-59.41,-59.41,4,stop_loss,49.39091,0.0021,-4.30825,-6.64924,,2022
EURUSD,1,2022-07-14 08:00:00,2022-07-14 16:00:00,1.0023,0.99902,0.99902,1.00885,0.1795,-32.8,-58.8,-58.8,8,stop_loss,14.8237,0.00218,-1.34053,-5.50551,london,2022
EURUSD,-1,2022-07-14 16:00:00,2022-07-14 18:00:00,1.00022,1.00364,1.00364,0.99338,0.1701,-34.2,-58.21,-58.22,2,stop_loss,11.77364,0.00228,-1.79118,-5.14907,new_york,2022
EURUSD,1,2022-07-14 21:00:00,2022-07-15 07:00:00,1.00138,1.00305,0.99692,1.0103,0.1293,16.7,21.59,21.59,10,time_exit,13.61939,0.00297,-0.72728,-3.94207,new_york,2022
EURUSD,-1,2022-07-15 07:00:00,2022-07-15 13:00:00,1.00255,1.00575,1.00575,0.99614,0.1806,-32.0,-57.85,-57.86,6,stop_loss,11.47465,0.00214,-0.30289,-5.08153,london,2022
EURUSD,-1,2022-07-15 16:00:00,2022-07-18 02:00:00,1.00725,1.00973,1.01041,1.00093,0.1813,-24.8,-44.96,-44.96,10,time_exit,14.71694,0.00211,1.78367,-4.61119,new_york,2022
EURUSD,-1,2022-07-19 06:00:00,2022-07-19 09:00:00,1.01295,1.0158,1.0158,1.00725,0.1994,-28.5,-56.81,-56.81,3,stop_loss,29.76567,0.0019,1.08815,-1.05047,,2022
EURUSD,1,2022-07-21 16:00:00,2022-07-21 17:00:00,1.02645,1.0226,1.0226,1.03415,0.1462,-38.5,-56.27,-56.27,1,stop_loss,18.40593,0.00257,2.58536,1.27961,new_york,2022
EURUSD,-1,2022-07-22 13:00:00,2022-07-22 16:00:00,1.01594,1.01991,1.01991,1.00801,0.1404,-39.7,-55.68,-55.68,3,stop_loss,16.63789,0.00264,-1.3213,0.898,london,2022
EURUSD,-1,2022-07-22 19:00:00,2022-07-25 05:00:00,1.02269,1.0211,1.02703,1.01401,0.1271,15.9,20.21,20.21,10,time_exit,17.24924,0.00289,1.03374,0.83736,new_york,2022
EURUSD,-1,2022-07-25 06:00:00,2022-07-25 12:00:00,1.02108,1.02452,1.02452,1.0142,0.1609,-34.4,-55.33,-55.33,6,stop_loss,12.25906,0.00229,0.44071,1.0636,,2022
EURUSD,-1,2022-07-26 17:00:00,2022-07-27 03:00:00,1.01436,1.01403,1.0177,1.00768,0.1639,3.3,5.41,5.41,10,time_exit,20.81048,0.00223,-2.7068,0.77906,new_york,2022
EURUSD,1,2022-07-27 07:00:00,2022-07-27 17:00:00,1.01425,1.01186,1.01186,1.01903,0.2296,-23.9,-54.83,-54.83,10,stop_loss,30.78779,0.00159,-1.84312,-0.4361,london,2022
EURUSD,-1,2022-07-29 05:00:00,2022-07-29 09:00:00,1.01972,1.02281,1.02281,1.01354,0.1757,-30.9,-54.28,-54.28,4,stop_loss,16.80734,0.00206,1.01398,-0.01416,,2022
EURUSD,-1,2022-07-29 10:00:00,2022-07-29 15:00:00,1.0242,1.01782,1.02739,1.01782,0.1684,63.8,107.47,107.47,5,take_profit,22.45053,0.00213,2.76055,0.22729,london,2022
EURUSD,-1,2022-07-29 23:00:00,2022-08-01 09:00:00,1.0221,1.02334,1.02598,1.01433,0.1411,-12.4,-17.5,-17.5,10,time_exit,15.19132,0.00259,1.08467,0.42256,,2022
EURUSD,1,2022-08-02 01:00:00,2022-08-02 10:00:00,1.02578,1.02292,1.02292,1.0315,0.191,-28.6,-54.64,-54.64,9,stop_loss,13.12599,0.00191,1.57178,1.6593,,2022
EURUSD,-1,2022-08-02 10:00:00,2022-08-02 17:00:00,1.02418,1.01856,1.02699,1.01856,0.1926,56.2,108.18,108.18,7,take_profit,16.19164,0.00187,0.11822,2.00014,london,2022
EURUSD,1,2022-08-02 17:00:00,2022-08-02 20:00:00,1.02069,1.01751,1.01751,1.02706,0.1733,-31.8,-55.17,-55.17,3,stop_loss,20.72917,0.00212,-1.36643,1.5144,new_york,2022
EURUSD,-1,2022-08-02 21:00:00,2022-08-03 07:00:00,1.0184,1.01861,1.02169,1.01182,0.1661,-2.1,-3.49,-3.49,10,time_exit,27.57328,0.00219,-2.07781,1.19884,new_york,2022
EURUSD,-1,2022-08-03 11:00:00,2022-08-03 14:00:00,1.01782,1.02052,1.02052,1.01243,0.2025,-27.0,-54.59,-54.59,3,stop_loss,32.50945,0.0018,-1.5061,0.31185,london,2022
EURUSD,-1,2022-08-04 04:00:00,2022-08-04 11:00:00,1.0165,1.01898,1.01898,1.01154,0.2178,-24.8,-54.05,-54.05,7,stop_loss,21.53363,0.00165,-1.21196,-0.52919,,2022
EURUSD,-1,2022-08-08 15:00:00,2022-08-09 01:00:00,1.02011,1.01948,1.02253,1.01527,0.2211,6.3,13.93,13.93,10,time_exit,21.27858,0.00161,0.37601,-0.1215,london,2022
EURUSD,1,2022-08-09 08:00:00,2022-08-09 11:00:00,1.01941,1.02276,1.01774,1.02276,0.3207,33.5,107.3,107.3,3,take_profit,9.35003,0.00112,-0.10507,-0.09791,london,2022
EURUSD,1,2022-08-10 06:00:00,2022-08-10 14:00:00,1.02182,1.0252,1.02013,1.0252,0.3238,33.8,109.45,109.45,8,take_profit,11.88667,0.00113,0.92047,0.64605,,2022
EURUSD,1,2022-08-10 16:00:00,2022-08-10 22:00:00,1.03243,1.02949,1.02949,1.03831,0.1897,-29.4,-55.81,-55.82,6,stop_loss,20.65469,0.00196,5.44844,0.69185,new_york,2022
EURUSD,-1,2022-08-11 23:00:00,2022-08-12 09:00:00,1.0317,1.03115,1.03444,1.02623,0.202,5.5,11.11,11.11,10,time_exit,36.53844,0.00182,1.45493,3.08299,,2022
EURUSD,1,2022-08-12 12:00:00,2022-08-12 14:00:00,1.0302,1.02798,1.02798,1.03464,0.2496,-22.2,-55.37,-55.38,2,stop_loss,19.90808,0.00148,0.17519,3.76098,london,2022
EURUSD,-1,2022-08-15 04:00:00,2022-08-15 11:00:00,1.02663,1.02265,1.02862,1.02265,0.2754,39.8,109.61,109.61,7,take_profit,34.72651,0.00133,-1.2596,2.70561,,2022
EURUSD,-1,2022-08-15 16:00:00,2022-08-16 02:00:00,1.02007,1.01616,1.02257,1.01507,0.2234,39.1,87.35,87.35,10,time_exit,47.9092,0.00167,-3.5896,0.94347,new_york,2022
EURUSD,-1,2022-08-17 04:00:00,2022-08-17 14:00:00,1.01706,1.01676,1.01903,1.01312,0.2879,3.0,8.64,8.63,10,time_exit,26.54382,0.00131,-1.21712,-2.56083,,2022
EURUSD,-1,2022-08-18 03:00:00,2022-08-18 13:00:00,1.01777,1.01736,1.01993,1.01346,0.2636,4.1,10.81,10.81,10,time_exit,20.08285,0.00144,-0.04992,-2.23625,,2022
EURUSD,-1,2022-08-18 18:00:00,2022-08-19 04:00:00,1.01288,1.00737,1.01564,1.00737,0.2068,55.1,113.97,113.97,10,take_profit,17.04672,0.00184,-2.33277,-1.77333,new_york,2022
EURUSD,1,2022-08-22 18:00:00,2022-08-22 19:00:00,0.99669,0.9943,0.9943,1.00148,0.2427,-23.9,-58.12,-58.12,1,stop_loss,46.21368,0.0016,-5.47894,-5.62189,new_york,2022
EURUSD,1,2022-08-23 17:00:00,2022-08-23 20:00:00,0.99978,0.99655,0.99655,1.00623,0.1783,-32.3,-57.55,-57.55,3,stop_loss,47.16411,0.00215,0.66835,-5.48279,new_york,2022
EURUSD,1,2022-08-24 03:00:00,2022-08-24 09:00:00,0.99665,0.99403,0.99403,1.00189,0.2174,-26.2,-56.96,-56.96,6,stop_loss,33.65796,0.00175,-0.72259,-6.28777,,2022
EURUSD,-1,2022-08-25 02:00:00,2022-08-25 07:00:00,0.99688,0.99971,0.99971,0.99121,0.1989,-28.3,-56.39,-56.39,5,stop_loss,19.58494,0.00189,0.24597,-5.12203,,2022
EURUSD,1,2022-08-30 03:00:00,2022-08-30 05:00:00,1.00108,0.99825,0.99825,1.00675,0.197,-28.3,-55.82,-55.82,2,stop_loss,22.43818,0.00189,1.69631,-2.06434,,2022
EURUSD,-1,2022-08-31 00:00:00,2022-08-31 10:00:00,1.00135,1.00015,1.00462,0.99481,0.1691,12.0,20.29,20.29,10,time_exit,14.9251,0.00218,0.74934,-0.82537,,2022
EURUSD,1,2022-09-02 14:00:00,2022-09-02 19:00:00,0.99976,0.99711,0.99711,1.00506,0.2095,-26.5,-55.47,-55.48,5,stop_loss,24.17807,0.00177,0.5858,-1.1797,london,2022
EURUSD,-1,2022-09-05 03:00:00,2022-09-05 13:00:00,0.99079,0.99338,0.99441,0.98355,0.1517,-25.9,-39.29,-39.29,10,time_exit,27.18061,0.00241,-2.9119,-1.03434,,2022
EURUSD,-1,2022-09-06 08:00:00,2022-09-06 09:00:00,0.99461,0.99693,0.99693,0.98998,0.2354,-23.2,-54.53,-54.53,1,stop_loss,17.93977,0.00154,-0.06047,-2.42475,london,2022
EURUSD,1,2022-09-06 20:00:00,2022-09-07 06:00:00,0.99087,0.98867,0.98755,0.99751,0.1625,-22.0,-35.75,-35.75,10,time_exit,21.06551,0.00221,-1.40825,-1.74584,new_york,2022
EURUSD,-1,2022-09-07 21:00:00,2022-09-08 07:00:00,0.99968,0.99897,1.00326,0.99252,0.1499,7.1,10.64,10.64,10,time_exit,24.43547,0.00239,3.07523,-1.66981,new_york,2022
EURUSD,-1,2022-09-12 05:00:00,2022-09-12 09:00:00,1.00884,1.01211,1.01211,1.00229,0.1641,-32.7,-53.72,-53.72,4,stop_loss,19.05656,0.00218,2.64546,1.77392,,2022
EURUSD,-1,2022-09-12 11:00:00,2022-09-12 21:00:00,1.01749,1.01182,1.02121,1.01004,0.1429,56.7,81.02,81.02,10,time_exit,25.93084,0.00248,5.1263,1.97378,london,2022
EURUSD,-1,2022-09-14 04:00:00,2022-09-14 12:00:00,0.99789,1.00114,1.00114,0.99138,0.166,-32.5,-53.99,-54.0,8,stop_loss,40.84705,0.00217,-3.78504,1.52323,,2022
EURUSD,-1,2022-09-14 19:00:00,2022-09-15 05:00:00,0.99938,0.99741,1.00272,0.99271,0.1602,19.7,31.56,31.56,10,time_exit,29.74289,0.00222,-1.62916,0.32062,new_york,2022
EURUSD,-1,2022-09-15 13:00:00,2022-09-15 15:00:00,0.99945,1.00171,1.00171,0.99492,0.2377,-22.6,-53.79,-53.79,2,stop_loss,28.2295,0.00151,-0.61926,-0.78771,london,2022
EURUSD,1,2022-09-15 15:00:00,2022-09-16 01:00:00,0.9985,0.99937,0.99604,1.00341,0.2166,8.7,18.84,18.84,10,time_exit,26.32146,0.00164,-1.04921,-0.78577,london,2022
EURUSD,-1,2022-09-16 19:00:00,2022-09-19 05:00:00,1.00122,1.0003,1.00468,0.9943,0.1544,9.2,14.2,14.2,10,time_exit,19.88598,0.00231,0.82348,-0.68552,new_york,2022
EURUSD,-1,2022-09-19 06:00:00,2022-09-19 16:00:00,1.00027,0.99869,1.0029,0.99501,0.2037,15.8,32.18,32.18,10,time_exit,21.41876,0.00175,0.21627,-0.56061,,2022
EURUSD,1,2022-09-20 06:00:00,2022-09-20 11:00:00,1.00335,1.00112,1.00112,1.00782,0.2413,-22.3,-53.89,-53.89,5,stop_loss,27.44857,0.00149,1.91118,-0.20743,,2022
EURUSD,-1,2022-09-21 07:00:00,2022-09-21 09:00:00,0.99662,0.99225,0.99881,0.99225,0.2439,43.7,106.69,106.69,2,take_profit,27.80104,0.00146,-1.70901,-0.85483,london,2022
EURUSD,1,2022-09-21 22:00:00,2022-09-21 23:00:00,0.99054,0.98659,0.98659,0.99843,0.1379,-39.5,-54.43,-54.43,1,stop_loss,46.07584,0.00263,-1.7408,-1.46116,,2022
EURUSD,-1,2022-09-23 19:00:00,2022-09-26 03:00:00,0.97175,0.96408,0.97559,0.96408,0.1404,76.7,107.75,107.75,8,take_profit,39.83166,0.00256,-4.26755,-3.89296,new_york,2022
EURUSD,-1,2022-09-26 12:00:00,2022-09-26 22:00:00,0.96851,0.96089,0.97376,0.958,0.1046,76.2,79.71,79.7,10,time_exit,56.86899,0.0035,-1.71157,-4.0005,london,2022
EURUSD,1,2022-09-28 08:00:00,2022-09-28 16:00:00,0.95508,0.96181,0.95172,0.96181,0.1658,67.3,111.52,111.52,8,take_profit,26.83902,0.00224,-3.41244,-7.15698,london,2022
EURUSD,-1,2022-09-28 22:00:00,2022-09-29 08:00:00,0.97446,0.96648,0.9796,0.96417,0.1105,79.8,88.18,88.18,10,time_exit,35.60665,0.00343,3.46635,-4.06781,,2022
EURUSD,1,2022-09-29 12:00:00,2022-09-29 14:00:00,0.96653,0.97405,0.96277,0.97405,0.1535,75.2,115.47,115.47,2,take_profit,28.51919,0.00251,0.50223,-4.10136,london,2022
EURUSD,1,2022-10-03 09:00:00,2022-10-03 10:00:00,0.9826,0.9787,0.9787,0.99039,0.1511,-39.0,-58.88,-58.89,1,stop_loss,15.36117,0.0026,2.05134,0.13778,london,2022
EURUSD,1,2022-10-07 15:00:00,2022-10-07 16:00:00,0.97874,0.97582,0.97582,0.98458,0.1997,-29.2,-58.31,-58.31,1,stop_loss,40.54786,0.00195,-2.61067,0.44093,london,2022
EURUSD,-1,2022-10-07 22:00:00,2022-10-10 08:00:00,0.97354,0.97168,0.97726,0.9661,0.1551,18.6,28.85,28.85,10,time_exit,44.18085,0.00248,-3.37813,-0.23528,,2022
EURUSD,-1,2022-10-10 18:00:00,2022-10-11 04:00:00,0.97023,0.96972,0.97371,0.96328,0.1668,5.1,8.51,8.5,10,time_exit,45.15402,0.00232,-2.63669,-1.83565,new_york,2022
EURUSD,1,2022-10-11 05:00:00,2022-10-11 15:00:00,0.96971,0.97198,0.96682,0.9755,0.2009,22.7,45.6,45.6,10,time_exit,23.10285,0.00193,-2.3684,-2.73681,,2022
EURUSD,-1,2022-10-12 02:00:00,2022-10-12 12:00:00,0.97136,0.97086,0.97469,0.96469,0.1757,5.0,8.79,8.78,10,time_exit,15.5662,0.00222,-0.55137,-2.41952,,2022
EURUSD,1,2022-10-12 15:00:00,2022-10-12 17:00:00,0.97081,0.96766,0.96766,0.9771,0.1864,-31.5,-58.63,-58.64,2,stop_loss,10.54715,0.0021,-0.50722,-2.49219,london,2022
EURUSD,-1,2022-10-14 16:00:00,2022-10-17 02:00:00,0.97732,0.97397,0.98155,0.96887,0.1374,33.5,46.03,46.03,10,time_exit,15.63813,0.00282,1.03974,-0.50115,new_york,2022
EURUSD,1,2022-10-17 21:00:00,2022-10-18 07:00:00,0.98413,0.98574,0.9804,0.99159,0.1568,16.1,25.24,25.24,10,time_exit,21.7566,0.00249,3.37463,-0.00619,new_york,2022
EURUSD,1,2022-10-18 16:00:00,2022-10-19 02:00:00,0.98547,0.98627,0.98196,0.9925,0.1673,8.0,13.38,13.38,10,time_exit,29.95945,0.00234,2.2158,1.29277,new_york,2022
EURUSD,-1,2022-10-19 05:00:00,2022-10-19 13:00:00,0.98586,0.98019,0.9887,0.98019,0.2077,56.7,117.83,117.82,8,take_profit,23.53435,0.00189,1.79877,2.22627,,2022
EURUSD,1,2022-10-19 19:00:00,2022-10-20 05:00:00,0.9779,0.97654,0.97475,0.9842,0.1907,-13.6,-25.94,-25.94,10,time_exit,29.32555,0.0021,-1.82127,1.47398,new_york,2022
EURUSD,-1,2022-10-20 16:00:00,2022-10-20 17:00:00,0.98028,0.98324,0.98324,0.97436,0.2023,-29.6,-59.83,-59.83,1,stop_loss,25.8695,0.00197,0.32738,0.59086,new_york,2022
EURUSD,1,2022-10-21 13:00:00,2022-10-21 15:00:00,0.97406,0.97105,0.97105,0.98009,0.1965,-30.1,-59.24,-59.24,2,stop_loss,12.32738,0.00201,-2.2672,0.10893,london,2022
EURUSD,-1,2022-10-24 15:00:00,2022-10-24 16:00:00,0.98354,0.98769,0.98769,0.97524,0.1412,-41.5,-58.62,-58.62,1,stop_loss,21.4084,0.00277,0.65397,0.81345,london,2022
EURUSD,-1,2022-10-25 07:00:00,2022-10-25 16:00:00,0.98849,0.99141,0.99141,0.98265,0.1987,-29.2,-58.05,-58.06,9,stop_loss,37.70867,0.00195,1.98725,2.0122,london,2022
EURUSD,1,2022-10-26 04:00:00,2022-10-26 10:00:00,0.99472,1.00046,0.99185,1.00046,0.2004,57.4,114.93,114.93,6,take_profit,42.23994,0.00191,2.81117,3.37535,,2022
EURUSD,1,2022-10-27 04:00:00,2022-10-27 12:00:00,1.00782,1.00491,1.00491,1.01364,0.2015,-29.1,-58.61,-58.62,8,stop_loss,50.23293,0.00194,4.73366,5.85199,,2022
EURUSD,1,2022-10-27 15:00:00,2022-10-27 16:00:00,1.00499,1.00218,1.00218,1.0106,0.2068,-28.1,-58.02,-58.02,1,stop_loss,32.39032,0.00187,2.0128,6.41062,london,2022
EURUSD,1,2022-10-28 02:00:00,2022-10-28 10:00:00,0.99714,0.99391,0.99391,1.00361,0.1776,-32.3,-57.44,-57.44,8,stop_loss,33.11836,0.00216,-1.33518,4.57664,,2022
EURUSD,-1,2022-10-28 20:00:00,2022-10-31 06:00:00,0.99387,0.99648,0.9974,0.9868,0.161,-26.1,-42.02,-42.02,10,time_exit,24.0446,0.00236,-1.75952,2.90186,new_york,2022
EURUSD,-1,2022-10-31 06:00:00,2022-10-31 16:00:00,0.99555,0.98995,0.99835,0.98995,0.2017,56.0,112.89,112.89,10,take_profit,16.36391,0.00187,-0.88142,3.01025,,2022
EURUSD,1,2022-10-31 21:00:00,2022-11-01 07:00:00,0.9887,0.99053,0.98575,0.99459,0.1955,18.3,35.78,35.77,10,time_exit,28.45731,0.00196,-3.07684,1.56577,new_york,2022
EURUSD,1,2022-11-02 07:00:00,2022-11-02 17:00:00,0.98933,0.98735,0.98682,0.99434,0.2311,-19.8,-45.76,-45.76,10,time_exit,14.72368,0.00167,-0.90657,-0.15425,london,2022
EURUSD,-1,2022-11-02 21:00:00,2022-11-02 22:00:00,0.9881,0.98225,0.99102,0.98225,0.1966,58.5,114.94,114.94,1,take_profit,10.70145,0.00195,-0.94729,-0.42887,new_york,2022
EURUSD,-1,2022-11-03 01:00:00,2022-11-03 11:00:00,0.98204,0.97678,0.98609,0.97395,0.145,52.6,76.27,76.27,10,time_exit,12.15112,0.0027,-2.7775,-0.55953,,2022
EURUSD,1,2022-11-03 19:00:00,2022-11-04 05:00:00,0.9758,0.97668,0.97196,0.98349,0.1546,8.8,13.6,13.6,10,time_exit,16.77827,0.00256,-3.03447,-1.95318,new_york,2022
EURUSD,-1,2022-11-04 05:00:00,2022-11-04 09:00:00,0.9764,0.97917,0.97917,0.97086,0.2149,-27.7,-59.53,-59.54,4,stop_loss,10.54047,0.00185,-2.39804,-3.51565,,2022
EURUSD,1,2022-11-09 14:00:00,2022-11-09 15:00:00,1.00544,1.00271,1.00271,1.0109,0.2158,-27.3,-58.94,-58.94,1,stop_loss,22.64836,0.00182,1.74304,4.56942,london,2022
EURUSD,1,2022-11-09 18:00:00,2022-11-10 04:00:00,1.00278,1.0017,0.99926,1.00982,0.1658,-10.8,-17.91,-17.91,10,time_exit,19.95978,0.00235,0.17952,3.4447,new_york,2022
EURUSD,-1,2022-11-10 05:00:00,2022-11-10 11:00:00,1.0017,0.99615,1.00447,0.99615,0.2097,55.5,116.31,116.31,6,take_profit,12.52538,0.00185,-0.23907,3.8291,,2022
EURUSD,-1,2022-11-10 12:00:00,2022-11-10 15:00:00,0.99614,0.9991,0.9991,0.99022,0.2004,-29.6,-59.32,-59.32,3,stop_loss,13.64957,0.00197,-2.88544,3.22378,london,2022
EURUSD,-1,2022-11-14 02:00:00,2022-11-14 12:00:00,1.03269,1.0293,1.03681,1.02445,0.1426,33.9,48.34,48.34,10,time_exit,41.32739,0.00275,4.33395,6.02356,,2022
EURUSD,1,2022-11-15 01:00:00,2022-11-15 09:00:00,1.03226,1.03912,1.02883,1.03912,0.1726,68.6,118.41,118.41,8,take_profit,19.66288,0.00229,1.89638,7.79603,,2022
EURUSD,1,2022-11-16 04:00:00,2022-11-16 14:00:00,1.03439,1.04196,1.02944,1.04429,0.1221,75.7,92.43,92.43,10,time_exit,19.15973,0.0033,0.2762,5.21497,,2022
EURUSD,1,2022-11-18 22:00:00,2022-11-21 04:00:00,1.03278,1.02929,1.02929,1.03976,0.1757,-34.9,-61.31,-61.32,6,stop_loss,15.58934,0.00233,-1.36214,4.20813,,2022
EURUSD,-1,2022-11-21 09:00:00,2022-11-21 19:00:00,1.02596,1.02326,1.02901,1.01985,0.1989,27.0,53.7,53.7,10,time_exit,31.44325,0.00204,-3.93426,3.57226,london,2022
EURUSD,-1,2022-11-22 11:00:00,2022-11-22 19:00:00,1.02716,1.02951,1.02951,1.02245,0.2603,-23.5,-61.26,-61.26,8,stop_loss,24.87168,0.00157,-0.63898,1.2357,london,2022
EURUSD,-1,2022-11-23 01:00:00,2022-11-23 07:00:00,1.03042,1.0328,1.0328,1.02566,0.2546,-23.8,-60.64,-60.64,6,stop_loss,28.36313,0.00159,1.25632,1.15892,,2022
EURUSD,1,2022-11-23 11:00:00,2022-11-23 16:00:00,1.03138,1.03628,1.02893,1.03628,0.2448,49.0,120.07,120.07,5,take_profit,41.87099,0.00163,1.08373,1.55391,london,2022
EURUSD,1,2022-11-23 17:00:00,2022-11-24 03:00:00,1.03698,1.04234,1.03396,1.04302,0.2028,53.6,108.7,108.7,10,time_exit,37.61017,0.00201,3.15243,1.45919,new_york,2022
EURUSD,1,2022-11-24 08:00:00,2022-11-24 10:00:00,1.0434,1.04063,1.04063,1.04894,0.2248,-27.7,-62.32,-62.32,2,stop_loss,59.2563,0.00185,4.46197,3.19665,london,2022
EURUSD,1,2022-11-24 21:00:00,2022-11-25 07:00:00,1.04056,1.04113,1.03796,1.04576,0.2371,5.7,13.51,13.51,10,time_exit,31.78532,0.00173,1.68761,3.98753,new_york,2022
EURUSD,-1,2022-11-28 12:00:00,2022-11-28 13:00:00,1.04481,1.04825,1.04825,1.03793,0.1799,-34.4,-61.84,-61.84,1,stop_loss,31.08113,0.00229,2.56331,2.32751,london,2022
EURUSD,-1,2022-11-29 04:00:00,2022-11-29 06:00:00,1.03596,1.03911,1.03911,1.02966,0.1945,-31.5,-61.22,-61.23,2,stop_loss,26.57401,0.0021,-1.21071,1.99234,,2022
EURUSD,1,2022-11-29 14:00:00,2022-11-29 15:00:00,1.03826,1.03457,1.03457,1.04565,0.1641,-36.9,-60.61,-60.61,1,stop_loss,15.92843,0.00246,0.01394,1.45524,london,2022
EURUSD,-1,2022-11-30 03:00:00,2022-11-30 11:00:00,1.0343,1.03753,1.03753,1.02783,0.1855,-32.3,-60.01,-60.01,8,stop_loss,17.78893,0.00216,-0.98938,0.87239,,2022
EURUSD,-1,2022-12-02 22:00:00,2022-12-05 05:00:00,1.05362,1.05796,1.05796,1.04493,0.1367,-43.4,-59.39,-59.39,7,stop_loss,20.4331,0.0029,1.91921,2.73658,,2022
EURUSD,-1,2022-12-05 23:00:00,2022-12-06 09:00:00,1.04853,1.04906,1.05238,1.04084,0.1529,-5.3,-8.1,-8.11,10,time_exit,20.8092,0.00256,-1.25086,3.30133,,2022
EURUSD,-1,2022-12-06 16:00:00,2022-12-07 02:00:00,1.05134,1.04611,1.05453,1.04497,0.1843,52.3,96.39,96.39,10,time_exit,20.0268,0.00212,0.19191,3.10608,new_york,2022
EURUSD,-1,2022-12-08 04:00:00,2022-12-08 09:00:00,1.05018,1.05286,1.05286,1.04482,0.2227,-26.8,-59.69,-59.69,5,stop_loss,15.68479,0.00179,0.19096,2.28797,,2022
EURUSD,-1,2022-12-08 23:00:00,2022-12-09 03:00:00,1.05554,1.05834,1.05834,1.04995,0.2112,-28.0,-59.08,-59.08,4,stop_loss,23.86097,0.00186,2.18505,2.44162,,2022
EURUSD,-1,2022-12-09 17:00:00,2022-12-12 03:00:00,1.05348,1.05125,1.05637,1.0477,0.2025,22.3,45.16,45.16,10,time_exit,33.21198,0.00193,-0.22828,2.79156,new_york,2022
EURUSD,-1,2022-12-12 12:00:00,2022-12-12 22:00:00,1.05594,1.05356,1.05848,1.05086,0.232,23.8,55.22,55.21,10,time_exit,27.15083,0.00169,1.49204,2.44941,london,2022
EURUSD,-1,2022-12-13 00:00:00,2022-12-13 09:00:00,1.05295,1.0559,1.0559,1.04705,0.2017,-29.5,-59.49,-59.49,9,stop_loss,22.60594,0.00197,0.04583,1.98131,,2022
EURUSD,1,2022-12-14 10:00:00,2022-12-14 20:00:00,1.06299,1.06812,1.06042,1.06812,0.2296,51.3,117.83,117.83,10,take_profit,32.731,0.00171,2.42991,3.60748,london,2022
EURUSD,1,2022-12-15 01:00:00,2022-12-15 06:00:00,1.0681,1.06497,1.06497,1.07436,0.1919,-31.3,-60.07,-60.07,5,stop_loss,29.28971,0.00209,2.82016,3.64729,,2022
EURUSD,1,2022-12-15 08:00:00,2022-12-15 10:00:00,1.06586,1.06328,1.06328,1.07101,0.231,-25.8,-59.48,-59.49,2,stop_loss,20.13125,0.00172,1.59942,4.54882,london,2022
EURUSD,1,2022-12-15 16:00:00,2022-12-15 17:00:00,1.06525,1.06235,1.06235,1.07105,0.2031,-29.0,-58.89,-58.89,1,stop_loss,22.50825,0.00193,1.10238,3.73403,new_york,2022
EURUSD,-1,2022-12-16 00:00:00,2022-12-16 10:00:00,1.06233,1.06554,1.06631,1.05437,0.1465,-32.1,-47.03,-47.03,10,time_exit,17.15063,0.00265,-0.22187,2.5329,,2022
EURUSD,-1,2022-12-20 01:00:00,2022-12-20 05:00:00,1.06091,1.06349,1.06349,1.05574,0.2238,-25.8,-57.84,-57.85,4,stop_loss,13.42998,0.00172,-0.50848,1.79319,,2022
EURUSD,1,2022-12-23 16:00:00,2022-12-27 02:00:00,1.06078,1.06426,1.05818,1.06598,0.2202,34.8,76.63,76.63,10,time_exit,12.60208,0.00173,-0.23192,0.5641,new_york,2022
EURUSD,-1,2022-12-28 04:00:00,2022-12-28 14:00:00,1.06421,1.06462,1.06648,1.05966,0.2552,-4.1,-10.46,-10.47,10,time_exit,12.84598,0.00152,0.55263,1.33872,,2022
EURUSD,1,2022-12-29 07:00:00,2022-12-29 15:00:00,1.06253,1.06651,1.06054,1.06651,0.2909,39.8,115.85,115.84,8,take_profit,9.87172,0.00133,-0.43764,1.0107,london,2022
EURUSD,1,2023-01-02 06:00:00,2023-01-02 09:00:00,1.06954,1.06704,1.06704,1.07454,0.2362,-25.0,-59.08,-59.09,3,stop_loss,19.77856,0.00167,1.45014,2.03396,,2023
EURUSD,-1,2023-01-02 10:00:00,2023-01-02 20:00:00,1.06794,1.06527,1.07054,1.06275,0.2253,26.7,60.16,60.15,10,time_exit,17.74442,0.00173,0.23224,2.01246,london,2023
EURUSD,1,2023-01-03 04:00:00,2023-01-03 09:00:00,1.066,1.06366,1.06366,1.07068,0.2524,-23.4,-59.08,-59.09,5,stop_loss,23.69966,0.00156,-0.71707,1.70743,,2023
EURUSD,1,2023-01-03 15:00:00,2023-01-04 01:00:00,1.05356,1.05456,1.05027,1.06014,0.1778,10.0,17.78,17.78,10,time_exit,38.15156,0.00219,-4.9767,0.21356,london,2023
EURUSD,-1,2023-01-06 08:00:00,2023-01-06 15:00:00,1.0515,1.05373,1.05373,1.04704,0.263,-22.3,-58.68,-58.68,7,stop_loss,30.01616,0.00149,-3.58385,-2.68775,london,2023
EURUSD,-1,2023-01-09 15:00:00,2023-01-09 16:00:00,1.06892,1.07173,1.07173,1.0633,0.2069,-28.1,-58.09,-58.09,1,stop_loss,49.21689,0.00187,3.81531,0.3118,london,2023
EURUSD,-1,2023-01-13 01:00:00,2023-01-13 11:00:00,1.08487,1.08425,1.08822,1.07817,0.1717,6.2,10.65,10.64,10,time_exit,40.36842,0.00223,3.3088,3.55171,,2023
EURUSD,1,2023-01-16 11:00:00,2023-01-16 21:00:00,1.08036,1.08196,1.07762,1.08585,0.2101,16.0,33.62,33.61,10,time_exit,18.129,0.00183,-0.96843,4.64448,london,2023
EURUSD,1,2023-01-19 18:00:00,2023-01-20 04:00:00,1.07896,1.08366,1.07586,1.08516,0.1869,47.0,87.84,87.84,10,time_exit,14.6019,0.00207,-0.96493,1.54089,new_york,2023
EURUSD,-1,2023-01-20 10:00:00,2023-01-20 20:00:00,1.08403,1.08478,1.08632,1.07945,0.2568,-7.5,-19.26,-19.26,10,time_exit,22.24537,0.00153,1.35831,2.23782,london,2023
EURUSD,1,2023-01-20 22:00:00,2023-01-23 08:00:00,1.0854,1.0907,1.08275,1.0907,0.2214,53.0,117.25,117.25,10,take_profit,19.86826,0.00177,1.65884,1.93054,,2023
EURUSD,1,2023-01-23 13:00:00,2023-01-23 14:00:00,1.08993,1.08728,1.08728,1.09523,0.2256,-26.5,-59.79,-59.8,1,stop_loss,44.65983,0.00177,2.52592,2.84773,london,2023
EURUSD,-1,2023-01-24 02:00:00,2023-01-24 09:00:00,1.08714,1.08939,1.08939,1.08264,0.2631,-22.5,-59.19,-59.2,7,stop_loss,20.88439,0.0015,0.78198,3.17922,,2023
EURUSD,1,2023-01-24 11:00:00,2023-01-24 12:00:00,1.08752,1.08546,1.08546,1.09165,0.2841,-20.6,-58.61,-58.61,1,stop_loss,16.28694,0.00138,0.68319,3.48354,london,2023
EURUSD,-1,2023-01-24 12:00:00,2023-01-24 18:00:00,1.08608,1.08833,1.08833,1.08158,0.2581,-22.5,-58.02,-58.02,6,stop_loss,16.01591,0.0015,-0.31439,3.15579,london,2023
EURUSD,1,2023-01-24 18:00:00,2023-01-25 04:00:00,1.08752,1.08966,1.08462,1.09331,0.1983,21.4,42.44,42.43,10,time_exit,13.17863,0.00193,0.53773,2.27933,new_york,2023
EURUSD,1,2023-01-25 14:00:00,2023-01-25 17:00:00,1.08646,1.09107,1.08415,1.09107,0.2509,46.1,115.74,115.74,3,take_profit,12.39327,0.00154,-0.73848,2.82673,london,2023
EURUSD,1,2023-01-26 11:00:00,2023-01-26 14:00:00,1.09091,1.08883,1.08883,1.09507,0.2836,-20.8,-59.03,-59.04,3,stop_loss,17.47847,0.00139,0.94971,3.50629,london,2023
EURUSD,-1,2023-01-27 19:00:00,2023-01-30 05:00:00,1.08564,1.08686,1.08836,1.0802,0.2147,-12.2,-26.19,-26.2,10,time_exit,20.2659,0.00181,-1.41889,1.44322,new_york,2023
EURUSD,1,2023-01-31 07:00:00,2023-01-31 10:00:00,1.08463,1.08281,1.08281,1.08826,0.3204,-18.2,-58.18,-58.18,3,stop_loss,25.31364,0.00121,-1.85681,0.78218,london,2023
EURUSD,-1,2023-01-31 12:00:00,2023-01-31 15:00:00,1.08297,1.08533,1.08533,1.07825,0.2439,-23.6,-57.6,-57.6,3,stop_loss,30.59208,0.00157,-2.02832,0.24424,london,2023
EURUSD,-1,2023-02-06 21:00:00,2023-02-07 07:00:00,1.07264,1.07404,1.07542,1.06708,0.2052,-14.0,-28.73,-28.73,10,time_exit,58.02732,0.00185,-4.98235,-2.38592,new_york,2023
EURUSD,1,2023-02-08 03:00:00,2023-02-08 13:00:00,1.07318,1.0735,1.07014,1.07926,0.1865,3.2,5.97,5.97,10,time_exit,28.52138,0.00203,-0.92188,-3.72751,,2023
EURUSD,-1,2023-02-10 10:00:00,2023-02-10 12:00:00,1.07412,1.07031,1.07603,1.07031,0.2979,38.1,113.6,113.59,2,take_profit,17.4854,0.00127,0.09398,-3.87629,london,2023
EURUSD,-1,2023-02-13 06:00:00,2023-02-13 09:00:00,1.06609,1.06807,1.06807,1.06213,0.2926,-19.8,-57.92,-57.93,3,stop_loss,28.61147,0.00132,-3.49949,-4.7639,,2023
EURUSD,1,2023-02-13 14:00:00,2023-02-13 17:00:00,1.06758,1.07146,1.06564,1.07146,0.2959,38.8,114.7,114.7,3,take_profit,23.25602,0.00129,-1.74614,-4.97049,london,2023
EURUSD,-1,2023-02-16 22:00:00,2023-02-17 06:00:00,1.06904,1.0639,1.07161,1.0639,0.2278,51.4,117.02,117.01,8,take_profit,21.93629,0.00171,-0.59284,-1.93579,,2023
EURUSD,-1,2023-02-17 15:00:00,2023-02-17 16:00:00,1.06202,1.06419,1.06419,1.05767,0.2746,-21.7,-59.66,-59.66,1,stop_loss,37.0692,0.00145,-3.67489,-3.2322,london,2023
EURUSD,1,2023-02-20 03:00:00,2023-02-20 13:00:00,1.06791,1.06854,1.06575,1.07223,0.2734,6.3,17.22,17.22,10,time_exit,28.11881,0.00144,0.24402,-2.77204,,2023
EURUSD,-1,2023-02-21 02:00:00,2023-02-21 11:00:00,1.06824,1.06545,1.06964,1.06545,0.4242,27.9,118.49,118.49,9,take_profit,15.80217,0.00093,0.08263,-2.98857,,2023
EURUSD,-1,2023-02-21 17:00:00,2023-02-21 18:00:00,1.06486,1.06705,1.06705,1.06048,0.2756,-21.9,-60.42,-60.42,1,stop_loss,13.4453,0.00146,-1.66263,-2.05121,new_york,2023
EURUSD,1,2023-02-22 18:00:00,2023-02-22 21:00:00,1.06269,1.06045,1.06045,1.06717,0.2671,-22.4,-59.82,-59.82,3,stop_loss,12.07326,0.00149,-2.02648,-2.26675,new_york,2023
EURUSD,-1,2023-02-23 22:00:00,2023-02-24 08:00:00,1.05956,1.05985,1.06178,1.05512,0.2669,-2.9,-7.74,-7.74,10,time_exit,21.83047,0.00148,-1.8189,-3.25947,,2023
EURUSD,-1,2023-02-24 12:00:00,2023-02-24 15:00:00,1.05857,1.05514,1.06029,1.05514,0.3449,34.3,118.3,118.3,3,take_profit,15.01252,0.00114,-2.2243,-4.35767,london,2023
EURUSD,1,2023-02-27 12:00:00,2023-02-27 16:00:00,1.05511,1.05877,1.05328,1.05877,0.3297,36.6,120.67,120.67,4,take_profit,35.62556,0.00122,-1.85733,-5.23882,london,2023
EURUSD,-1,2023-02-27 22:00:00,2023-02-28 08:00:00,1.06076,1.05873,1.063,1.05628,0.2745,20.3,55.72,55.72,10,time_exit,32.88587,0.00149,1.92442,-3.61938,,2023
EURUSD,1,2023-02-28 17:00:00,2023-02-28 18:00:00,1.06356,1.06137,1.06137,1.06795,0.2829,-21.9,-62.09,-62.09,1,stop_loss,27.37476,0.00146,2.75841,-2.35026,new_york,2023
EURUSD,-1,2023-03-01 00:00:00,2023-03-01 08:00:00,1.0575,1.05976,1.05976,1.05299,0.2725,-22.6,-61.47,-61.47,8,stop_loss,21.32702,0.0015,-1.16295,-2.17618,,2023
EURUSD,-1,2023-03-01 19:00:00,2023-03-02 05:00:00,1.06734,1.06459,1.07017,1.06167,0.2147,27.5,59.04,59.04,10,time_exit,35.57278,0.00189,3.06277,-0.56999,new_york,2023
EURUSD,-1,2023-03-02 21:00:00,2023-03-03 07:00:00,1.0593,1.06092,1.06188,1.05414,0.238,-16.2,-38.56,-38.56,10,time_exit,35.404,0.00172,-1.725,-0.29614,new_york,2023
EURUSD,1,2023-03-03 11:00:00,2023-03-03 12:00:00,1.06211,1.06017,1.06017,1.06599,0.3144,-19.4,-61.07,-61.07,1,stop_loss,23.82191,0.00129,0.40676,-0.69098,london,2023
EURUSD,-1,2023-03-06 19:00:00,2023-03-07 05:00:00,1.06937,1.06911,1.07176,1.06458,0.2527,2.6,6.57,6.57,10,time_exit,20.43311,0.0016,3.72984,0.38242,new_york,2023
EURUSD,-1,2023-03-07 08:00:00,2023-03-07 14:00:00,1.06853,1.06507,1.07026,1.06507,0.3502,34.6,121.04,121.04,6,take_profit,30.03551,0.00115,2.69591,1.69171,london,2023
EURUSD,-1,2023-03-08 10:00:00,2023-03-08 17:00:00,1.05436,1.05635,1.05635,1.05037,0.3098,-19.9,-61.74,-61.74,7,stop_loss,55.92318,0.00133,-4.45318,-1.5576,london,2023
EURUSD,-1,2023-03-08 19:00:00,2023-03-09 05:00:00,1.05475,1.05493,1.05717,1.04991,0.2523,-1.8,-4.54,-4.54,10,time_exit,43.67907,0.00161,-2.33938,-1.95251,new_york,2023
EURUSD,-1,2023-03-09 20:00:00,2023-03-10 02:00:00,1.05768,1.05984,1.05984,1.05336,0.2828,-21.6,-61.07,-61.07,6,stop_loss,23.81902,0.00144,0.59733,-2.41741,new_york,2023
EURUSD,-1,2023-03-14 10:00:00,2023-03-14 14:00:00,1.06979,1.07232,1.07232,1.06472,0.2387,-25.3,-60.46,-60.46,4,stop_loss,21.13851,0.00169,0.85066,2.81356,london,2023
EURUSD,-1,2023-03-14 20:00:00,2023-03-14 21:00:00,1.07173,1.07494,1.07494,1.06532,0.1867,-32.1,-59.86,-59.86,1,stop_loss,21.32637,0.00214,1.10619,2.37341,new_york,2023
EURUSD,-1,2023-03-15 20:00:00,2023-03-15 21:00:00,1.05422,1.05827,1.05827,1.04612,0.1462,-40.5,-59.24,-59.25,1,stop_loss,43.93161,0.0027,-4.952,0.93315,new_york,2023
EURUSD,-1,2023-03-16 05:00:00,2023-03-16 10:00:00,1.05939,1.06263,1.06263,1.05291,0.181,-32.4,-58.65,-58.65,5,stop_loss,38.16626,0.00216,-2.46748,0.11249,,2023
EURUSD,-1,2023-03-16 17:00:00,2023-03-17 03:00:00,1.06065,1.06184,1.06428,1.05339,0.16,-11.9,-19.04,-19.04,10,time_exit,23.71587,0.00242,-1.04818,-0.35024,new_york,2023
EURUSD,1,2023-03-17 03:00:00,2023-03-17 13:00:00,1.06136,1.06332,1.05835,1.06737,0.1925,19.6,37.73,37.73,10,time_exit,23.4562,0.002,-0.57733,-0.62256,,2023
EURUSD,-1,2023-03-20 22:00:00,2023-03-21 08:00:00,1.07243,1.07156,1.07525,1.06678,0.2063,8.7,17.95,17.95,10,time_exit,18.37667,0.00188,2.78364,1.16484,,2023
EURUSD,-1,2023-03-22 05:00:00,2023-03-22 12:00:00,1.07726,1.07902,1.07902,1.07375,0.3327,-17.6,-58.43,-58.43,7,stop_loss,30.37627,0.00117,3.62747,4.61883,,2023
EURUSD,1,2023-03-22 12:00:00,2023-03-22 21:00:00,1.07802,1.08137,1.07635,1.08137,0.3459,33.5,115.72,115.71,9,take_profit,28.99126,0.00112,3.60432,5.16305,london,2023
EURUSD,1,2023-03-23 14:00:00,2023-03-23 21:00:00,1.08772,1.085,1.085,1.09316,0.217,-27.2,-59.0,-59.0,7,stop_loss,62.37531,0.00181,3.12147,5.43097,london,2023
EURUSD,1,2023-03-24 11:00:00,2023-03-24 12:00:00,1.08286,1.08063,1.08063,1.08731,0.2625,-22.3,-58.43,-58.43,1,stop_loss,26.69621,0.00148,-0.3745,5.92564,london,2023
EURUSD,-1,2023-03-27 13:00:00,2023-03-27 16:00:00,1.0766,1.07905,1.07905,1.07169,0.2356,-24.5,-57.84,-57.84,3,stop_loss,28.05046,0.00164,-1.28248,2.31507,london,2023
EURUSD,-1,2023-03-30 23:00:00,2023-03-31 09:00:00,1.0907,1.09038,1.09288,1.08633,0.2622,3.2,8.39,8.39,10,time_exit,30.58915,0.00146,3.37553,3.864,,2023
EURUSD,-1,2023-03-31 18:00:00,2023-04-03 01:00:00,1.0868,1.08153,1.08944,1.08153,0.2175,52.7,114.68,114.68,7,take_profit,21.94302,0.00176,-0.51755,3.32862,new_york,2023
EURUSD,1,2023-04-03 14:00:00,2023-04-04 00:00:00,1.08704,1.09006,1.08449,1.09213,0.2296,30.2,69.34,69.34,10,time_exit,33.87764,0.0017,1.18556,1.79038,london,2023
EURUSD,-1,2023-04-06 16:00:00,2023-04-06 17:00:00,1.08921,1.09135,1.09135,1.08493,0.2768,-21.4,-59.17,-59.17,1,stop_loss,17.49083,0.00143,-1.34691,2.82844,new_york,2023
EURUSD,-1,2023-04-07 22:00:00,2023-04-10 08:00:00,1.09071,1.08994,1.09218,1.08777,0.3983,7.7,30.67,30.67,10,time_exit,20.24091,0.00098,-0.73237,3.18382,,2023
EURUSD,-1,2023-04-11 01:00:00,2023-04-11 03:00:00,1.08608,1.08773,1.08773,1.08278,0.3564,-16.5,-58.89,-58.9,2,stop_loss,35.78293,0.0011,-2.78073,0.66621,,2023
EURUSD,-1,2023-04-11 11:00:00,2023-04-11 12:00:00,1.08954,1.09122,1.09122,1.08619,0.3479,-16.8,-58.31,-58.31,1,stop_loss,23.88561,0.00112,0.72761,0.43082,london,2023
EURUSD,-1,2023-04-11 15:00:00,2023-04-11 16:00:00,1.09048,1.09238,1.09238,1.08669,0.3046,-19.0,-57.73,-57.73,1,stop_loss,27.31179,0.00126,1.10741,0.57754,london,2023
EURUSD,-1,2023-04-14 11:00:00,2023-04-14 15:00:00,1.10654,1.10323,1.10819,1.10323,0.3457,33.1,114.29,114.29,4,take_profit,54.77881,0.0011,4.52285,6.91989,london,2023
EURUSD,1,2023-04-14 15:00:00,2023-04-14 16:00:00,1.10544,1.10381,1.10381,1.10871,0.3569,-16.3,-58.3,-58.3,1,stop_loss,48.17544,0.00109,2.93871,7.15629,london,2023
EURUSD,-1,2023-04-17 21:00:00,2023-04-18 07:00:00,1.09238,1.09369,1.09472,1.0877,0.2465,-13.1,-32.29,-32.29,10,time_exit,44.81939,0.00156,-3.8369,2.04635,new_york,2023
EURUSD,1,2023-04-18 10:00:00,2023-04-18 11:00:00,1.09492,1.09815,1.0933,1.09815,0.355,32.3,114.77,114.77,1,take_profit,35.15649,0.00108,-1.28625,1.27178,london,2023
EURUSD,-1,2023-04-19 00:00:00,2023-04-19 10:00:00,1.09717,1.09627,1.09889,1.09372,0.3394,9.0,30.55,30.54,10,time_exit,21.42156,0.00115,0.72341,1.16971,,2023
EURUSD,1,2023-04-20 19:00:00,2023-04-21 05:00:00,1.09697,1.09653,1.09452,1.10187,0.2404,-4.4,-10.58,-10.58,10,time_exit,12.73118,0.00163,0.42634,0.46273,new_york,2023
EURUSD,1,2023-04-25 21:00:00,2023-04-26 07:00:00,1.09688,1.09812,1.09479,1.10107,0.2806,12.4,34.79,34.79,10,time_exit,35.6866,0.0014,-2.93505,2.12801,new_york,2023
EURUSD,1,2023-04-26 08:00:00,2023-04-26 10:00:00,1.09812,1.10124,1.09656,1.10124,0.3785,31.2,118.17,118.17,2,take_profit,38.64546,0.00104,-1.58641,1.74619,london,2023
EURUSD,1,2023-04-26 16:00:00,2023-04-27 02:00:00,1.10537,1.10452,1.103,1.11011,0.2544,-8.5,-21.62,-21.63,10,time_exit,38.60695,0.00158,2.95352,1.49896,new_york,2023
EURUSD,-1,2023-04-27 16:00:00,2023-04-28 02:00:00,1.10132,1.10316,1.10396,1.09604,0.2277,-18.4,-41.9,-41.9,10,time_exit,34.27146,0.00176,-0.97206,1.90365,new_york,2023
EURUSD,1,2023-05-01 03:00:00,2023-05-01 13:00:00,1.1011,1.1009,1.09877,1.10577,0.2554,-2.0,-5.11,-5.11,10,time_exit,14.75714,0.00156,-0.48755,1.0491,,2023
EURUSD,-1,2023-05-02 23:00:00,2023-05-03 06:00:00,1.10059,1.10282,1.10282,1.09613,0.267,-22.3,-59.58,-59.58,7,stop_loss,16.82339,0.00149,1.05342,-0.43113,,2023
EURUSD,1,2023-05-03 18:00:00,2023-05-04 04:00:00,1.10526,1.10816,1.10318,1.10942,0.2833,29.0,82.16,82.16,10,time_exit,28.39775,0.00139,3.03182,0.64429,new_york,2023
EURUSD,1,2023-05-04 14:00:00,2023-05-04 15:00:00,1.10607,1.10378,1.10378,1.11064,0.2616,-22.9,-59.8,-59.8,1,stop_loss,37.21145,0.00152,1.30026,1.81358,london,2023
EURUSD,1,2023-05-04 19:00:00,2023-05-05 05:00:00,1.10083,1.10312,1.09723,1.10803,0.1644,22.9,37.65,37.65,10,time_exit,34.94326,0.0024,-1.21597,0.99016,new_york,2023
EURUSD,1,2023-05-05 19:00:00,2023-05-08 05:00:00,1.10248,1.10321,1.0998,1.10784,0.2225,7.3,16.24,16.24,10,time_exit,24.41673,0.00179,-0.13147,0.65673,new_york,2023
EURUSD,1,2023-05-08 11:00:00,2023-05-08 12:00:00,1.10494,1.10306,1.10306,1.1087,0.3177,-18.8,-59.75,-59.75,1,stop_loss,16.38045,0.00125,1.62647,0.91455,london,2023
EURUSD,-1,2023-05-08 20:00:00,2023-05-09 03:00:00,1.10274,1.09852,1.10485,1.09852,0.2802,42.2,118.3,118.3,7,take_profit,14.10369,0.00141,-0.19826,0.79677,new_york,2023
EURUSD,1,2023-05-09 09:00:00,2023-05-09 10:00:00,1.09942,1.09788,1.09788,1.1025,0.3922,-15.4,-60.33,-60.33,1,stop_loss,27.31388,0.00103,-2.19131,0.03631,london,2023
EURUSD,-1,2023-05-10 08:00:00,2023-05-10 15:00:00,1.09719,1.09871,1.09871,1.09415,0.3927,-15.2,-59.72,-59.72,7,stop_loss,39.23869,0.00101,-1.43839,-1.92428,london,2023
EURUSD,-1,2023-05-11 07:00:00,2023-05-11 09:00:00,1.09745,1.09371,1.09932,1.09371,0.3159,37.4,118.25,118.25,2,take_profit,26.14003,0.00125,-0.45923,-1.55861,london,2023
EURUSD,1,2023-05-12 00:00:00,2023-05-12 10:00:00,1.09154,1.09077,1.08948,1.09566,0.293,-7.7,-22.56,-22.56,10,time_exit,27.86609,0.00137,-2.74595,-2.55335,,2023
EURUSD,1,2023-05-12 21:00:00,2023-05-15 07:00:00,1.08545,1.08631,1.08348,1.08939,0.3048,8.6,26.21,26.21,10,time_exit,34.71501,0.00131,-5.06044,-3.85819,new_york,2023
EURUSD,1,2023-05-15 11:00:00,2023-05-15 12:00:00,1.08739,1.08588,1.08588,1.09041,0.3997,-15.1,-60.34,-60.34,1,stop_loss,31.7279,0.00101,-2.0607,-6.19597,london,2023
EURUSD,1,2023-05-15 15:00:00,2023-05-16 01:00:00,1.08776,1.08761,1.08619,1.09091,0.3796,-1.5,-5.69,-5.7,10,time_exit,25.64858,0.00105,-1.3255,-5.92921,london,2023
EURUSD,1,2023-05-18 16:00:00,2023-05-18 17:00:00,1.07901,1.07714,1.07714,1.08276,0.3186,-18.7,-59.69,-59.69,1,stop_loss,31.76764,0.00125,-4.13267,-4.70097,new_york,2023
EURUSD,-1,2023-05-19 15:00:00,2023-05-19 20:00:00,1.08086,1.08282,1.08282,1.07695,0.3019,-19.6,-59.08,-59.08,5,stop_loss,32.53632,0.0013,0.3978,-5.48339,london,2023
EURUSD,1,2023-05-19 20:00:00,2023-05-22 06:00:00,1.0821,1.08208,1.07975,1.0868,0.249,-0.2,-0.5,-0.5,10,time_exit,29.71668,0.00157,1.08384,-4.32464,new_york,2023
EURUSD,-1,2023-05-23 18:00:00,2023-05-24 04:00:00,1.07787,1.07735,1.07992,1.07378,0.2857,5.2,14.86,14.85,10,time_exit,23.9118,0.00136,-1.74992,-3.29769,new_york,2023
EURUSD,-1,2023-05-24 18:00:00,2023-05-25 04:00:00,1.07627,1.07438,1.07849,1.07184,0.2647,18.9,50.03,50.03,10,time_exit,17.99092,0.00148,-1.5115,-3.17822,new_york,2023
EURUSD,-1,2023-05-26 12:00:00,2023-05-26 14:00:00,1.07316,1.07469,1.07469,1.0701,0.3871,-15.3,-59.15,-59.15,2,stop_loss,16.8579,0.00102,-1.00811,-5.5299,london,2023
EURUSD,-1,2023-05-26 20:00:00,2023-05-29 06:00:00,1.07198,1.07306,1.07423,1.06749,0.2606,-10.8,-28.14,-28.15,10,time_exit,16.08474,0.0015,-1.24023,-3.65754,new_york,2023
EURUSD,-1,2023-05-30 06:00:00,2023-05-30 08:00:00,1.07214,1.06989,1.07326,1.06989,0.5188,22.5,116.54,116.54,2,take_profit,14.42032,0.00075,-0.2001,-6.52858,,2023
EURUSD,1,2023-05-31 20:00:00,2023-05-31 22:00:00,1.0638,1.06842,1.06149,1.06842,0.2571,46.2,118.87,118.87,2,take_profit,29.56242,0.00154,-4.10937,-3.12976,new_york,2023
EURUSD,-1,2023-06-02 14:00:00,2023-06-02 17:00:00,1.07674,1.07317,1.07852,1.07317,0.3398,35.7,121.24,121.24,3,take_profit,22.94564,0.00119,2.73821,-0.70232,london,2023
EURUSD,1,2023-06-02 19:00:00,2023-06-05 02:00:00,1.07232,1.07002,1.07002,1.07692,0.2687,-23.0,-61.84,-61.84,7,stop_loss,23.67334,0.00153,-0.79077,-0.4911,new_york,2023
EURUSD,1,2023-06-05 08:00:00,2023-06-05 10:00:00,1.06999,1.06843,1.06843,1.07312,0.3915,-15.6,-61.22,-61.22,2,stop_loss,35.96791,0.00104,-2.14229,-1.51216,london,2023
EURUSD,-1,2023-06-06 02:00:00,2023-06-06 08:00:00,1.07133,1.07292,1.07292,1.06815,0.3816,-15.9,-60.61,-60.61,6,stop_loss,23.36061,0.00106,0.07851,-1.83653,,2023
EURUSD,-1,2023-06-06 18:00:00,2023-06-07 04:00:00,1.06907,1.06965,1.07105,1.06512,0.3036,-5.8,-17.61,-17.61,10,time_exit,24.53175,0.00132,-1.25885,-1.56143,new_york,2023
EURUSD,-1,2023-06-07 14:00:00,2023-06-07 16:00:00,1.0715,1.07312,1.07312,1.06827,0.37,-16.2,-59.82,-59.82,2,stop_loss,15.72414,0.00108,1.43316,-2.04711,london,2023
EURUSD,1,2023-06-07 20:00:00,2023-06-08 06:00:00,1.06932,1.07084,1.06726,1.07345,0.287,15.2,43.62,43.62,10,time_exit,15.35529,0.00138,-0.64299,-1.38069,new_york,2023
EURUSD,1,2023-06-09 00:00:00,2023-06-09 10:00:00,1.07805,1.07756,1.07638,1.08139,0.3574,-4.9,-17.51,-17.51,10,time_exit,40.28631,0.00111,4.95628,0.36058,,2023
EURUSD,-1,2023-06-12 02:00:00,2023-06-12 10:00:00,1.07449,1.07589,1.07589,1.07169,0.4243,-14.0,-59.49,-59.49,8,stop_loss,21.77338,0.00093,-0.50411,1.75698,,2023
EURUSD,-1,2023-06-13 04:00:00,2023-06-13 05:00:00,1.07603,1.07748,1.07748,1.07313,0.4061,-14.5,-58.89,-58.89,1,stop_loss,15.18703,0.00097,0.6594,1.62879,,2023
EURUSD,-1,2023-06-13 10:00:00,2023-06-13 11:00:00,1.07926,1.08077,1.08077,1.07625,0.3872,-15.1,-58.31,-58.31,1,stop_loss,23.99097,0.001,3.30813,1.88231,london,2023
EURUSD,-1,2023-06-14 04:00:00,2023-06-14 12:00:00,1.07902,1.08075,1.08075,1.07556,0.3336,-17.3,-57.72,-57.73,8,stop_loss,29.29435,0.00115,1.04713,2.43065,,2023
EURUSD,-1,2023-06-14 12:00:00,2023-06-14 15:00:00,1.08021,1.08193,1.08193,1.07678,0.3331,-17.2,-57.14,-57.14,3,stop_loss,22.22798,0.00114,1.80961,2.4764,london,2023
EURUSD,-1,2023-06-16 02:00:00,2023-06-16 12:00:00,1.09492,1.09494,1.09725,1.09027,0.2433,-0.2,-0.49,-0.49,10,time_exit,36.10917,0.00155,6.03901,4.36763,,2023
EURUSD,-1,2023-06-20 02:00:00,2023-06-20 10:00:00,1.0923,1.09361,1.09361,1.08968,0.4316,-13.1,-56.56,-56.56,8,stop_loss,18.18626,0.00087,0.51926,8.62466,,2023
EURUSD,1,2023-06-21 09:00:00,2023-06-21 17:00:00,1.09116,1.09387,1.0898,1.09387,0.4126,27.1,111.99,111.99,8,take_profit,19.21527,0.0009,-0.63922,6.04279,london,2023
EURUSD,-1,2023-06-27 04:00:00,2023-06-27 05:00:00,1.09047,1.09184,1.09184,1.08774,0.4184,-13.7,-57.11,-57.12,1,stop_loss,15.30411,0.00091,-0.86882,1.28454,,2023
EURUSD,1,2023-06-28 00:00:00,2023-06-28 05:00:00,1.09601,1.09432,1.09432,1.09939,0.3346,-16.9,-56.54,-56.54,5,stop_loss,22.68281,0.00113,2.53693,2.07423,,2023
EURUSD,1,2023-06-29 23:00:00,2023-06-30 09:00:00,1.08692,1.08641,1.08469,1.09137,0.2515,-5.1,-12.83,-12.83,10,time_exit,30.62529,0.00148,-2.70379,-0.10988,,2023
EURUSD,1,2023-06-30 17:00:00,2023-07-03 03:00:00,1.09145,1.09015,1.0892,1.09596,0.2478,-13.0,-32.21,-32.22,10,time_exit,31.08827,0.0015,1.77199,-1.06217,new_york,2023
EURUSD,1,2023-07-04 06:00:00,2023-07-04 14:00:00,1.09058,1.08908,1.08908,1.09357,0.3709,-15.0,-55.53,-55.53,8,stop_loss,20.49575,0.001,0.27376,-0.17846,,2023
EURUSD,1,2023-07-04 20:00:00,2023-07-04 23:00:00,1.08946,1.08802,1.08802,1.09234,0.3819,-14.4,-54.98,-54.98,3,stop_loss,11.26582,0.00096,-0.76925,-0.25702,new_york,2023
EURUSD,1,2023-07-06 05:00:00,2023-07-06 07:00:00,1.085,1.0835,1.0835,1.088,0.3633,-15.0,-54.43,-54.43,2,stop_loss,20.24292,0.001,-2.82072,-1.72213,,2023
EURUSD,1,2023-07-06 08:00:00,2023-07-06 10:00:00,1.08434,1.08723,1.08289,1.08723,0.3725,28.9,107.76,107.76,2,take_profit,23.19918,0.00096,-3.20918,-2.03193,london,2023
EURUSD,-1,2023-07-06 10:00:00,2023-07-06 13:00:00,1.08674,1.08831,1.08831,1.0836,0.3505,-15.7,-54.96,-54.96,3,stop_loss,21.30943,0.00105,-0.57007,-1.90706,london,2023
EURUSD,1,2023-07-07 12:00:00,2023-07-07 15:00:00,1.08779,1.09154,1.08591,1.09154,0.29,37.5,108.84,108.83,3,take_profit,11.5586,0.00125,-0.09641,-0.90969,london,2023
EURUSD,1,2023-07-10 01:00:00,2023-07-10 11:00:00,1.09634,1.09648,1.0941,1.10082,0.2477,1.4,3.47,3.47,10,time_exit,30.83184,0.00149,3.92207,0.5761,,2023
EURUSD,1,2023-07-11 00:00:00,2023-07-11 10:00:00,1.10008,1.10082,1.09838,1.10348,0.327,7.4,24.2,24.2,10,time_exit,30.06886,0.00113,4.90991,2.99552,,2023
EURUSD,-1,2023-07-11 20:00:00,2023-07-12 03:00:00,1.10025,1.10206,1.10206,1.09663,0.308,-18.1,-55.78,-55.78,7,stop_loss,25.85677,0.00121,2.15028,4.00747,new_york,2023
EURUSD,1,2023-07-13 09:00:00,2023-07-13 11:00:00,1.11308,1.11656,1.11134,1.11656,0.3175,34.8,110.44,110.43,2,take_profit,50.2646,0.00116,5.47357,8.01034,london,2023
EURUSD,-1,2023-07-14 15:00:00,2023-07-14 17:00:00,1.12243,1.12441,1.12441,1.11847,0.2843,-19.8,-56.32,-56.33,2,stop_loss,41.34662,0.00132,4.0942,10.20046,london,2023
EURUSD,1,2023-07-17 21:00:00,2023-07-18 07:00:00,1.12405,1.12517,1.12211,1.12793,0.2876,11.2,32.21,32.21,10,time_exit,17.94573,0.00129,2.07942,9.84316,new_york,2023
EURUSD,-1,2023-07-18 11:00:00,2023-07-18 19:00:00,1.12539,1.12165,1.12726,1.12165,0.3,37.4,112.15,112.15,8,take_profit,18.16207,0.00125,2.07949,9.66889,london,2023
EURUSD,1,2023-07-19 10:00:00,2023-07-19 17:00:00,1.1213,1.11919,1.11919,1.12551,0.2715,-21.1,-57.2,-57.2,7,stop_loss,14.76138,0.0014,-1.08405,6.83284,london,2023
EURUSD,1,2023-07-20 11:00:00,2023-07-20 15:00:00,1.12056,1.11875,1.11875,1.12418,0.313,-18.1,-56.63,-56.63,4,stop_loss,24.53076,0.00121,-1.02268,5.62721,london,2023
EURUSD,1,2023-07-21 13:00:00,2023-07-21 17:00:00,1.1128,1.11106,1.11106,1.11628,0.3218,-17.4,-56.06,-56.06,4,stop_loss,52.86314,0.00116,-3.6325,1.7783,london,2023
EURUSD,1,2023-07-21 22:00:00,2023-07-24 08:00:00,1.11249,1.11318,1.11072,1.11602,0.3143,6.9,21.69,21.68,10,time_exit,49.17683,0.00118,-2.61843,0.71903,,2023
EURUSD,1,2023-07-24 10:00:00,2023-07-24 11:00:00,1.11356,1.11198,1.11198,1.11673,0.352,-15.8,-55.72,-55.73,1,stop_loss,36.55009,0.00106,-0.8469,-0.00646,london,2023
EURUSD,1,2023-07-25 06:00:00,2023-07-25 11:00:00,1.10808,1.10624,1.10624,1.11176,0.2996,-18.4,-55.17,-55.17,5,stop_loss,36.39192,0.00123,-2.06504,-2.13396,,2023
EURUSD,1,2023-07-26 00:00:00,2023-07-26 10:00:00,1.10491,1.10695,1.10307,1.10858,0.2976,20.4,60.71,60.71,10,time_exit,30.38847,0.00122,-1.91892,-3.31625,,2023
EURUSD,1,2023-07-26 17:00:00,2023-07-26 21:00:00,1.10654,1.11027,1.10467,1.11027,0.2957,37.3,110.44,110.44,4,take_profit,20.4006,0.00124,-0.39089,-3.21658,new_york,2023
EURUSD,1,2023-07-27 17:00:00,2023-07-27 21:00:00,1.1008,1.0972,1.0972,1.108,0.1564,-36.0,-56.34,-56.34,4,stop_loss,33.66974,0.0024,-3.21374,-0.88803,new_york,2023
EURUSD,1,2023-08-01 14:00:00,2023-08-01 15:00:00,1.09823,1.09635,1.09635,1.10198,0.2973,-18.8,-55.76,-55.77,1,stop_loss,21.79556,0.00125,-1.86653,-3.88484,london,2023
EURUSD,-1,2023-08-01 21:00:00,2023-08-02 00:00:00,1.09635,1.09859,1.09859,1.09187,0.2467,-22.4,-55.21,-55.21,3,stop_loss,24.69353,0.00149,-2.23298,-3.4591,new_york,2023
EURUSD,-1,2023-08-02 03:00:00,2023-08-02 13:00:00,1.10078,1.09788,1.10313,1.09608,0.2323,29.0,67.37,67.37,10,time_exit,23.97595,0.00157,0.68108,-3.09658,,2023
EURUSD,-1,2023-08-02 16:00:00,2023-08-03 02:00:00,1.09597,1.09436,1.09816,1.09159,0.2528,16.1,40.7,40.7,10,time_exit,15.47013,0.00146,-2.1785,-3.18108,new_york,2023
EURUSD,1,2023-08-03 13:00:00,2023-08-03 23:00:00,1.09318,1.09492,1.09121,1.09713,0.2823,17.4,49.12,49.12,10,time_exit,30.02088,0.00132,-2.11734,-4.48901,london,2023
EURUSD,1,2023-08-07 12:00:00,2023-08-07 22:00:00,1.09746,1.10045,1.0954,1.10157,0.2733,29.9,81.72,81.71,10,time_exit,22.68267,0.00137,-0.38246,-1.63918,london,2023
EURUSD,-1,2023-08-08 15:00:00,2023-08-09 01:00:00,1.09414,1.0952,1.09622,1.08998,0.2741,-10.6,-29.05,-29.06,10,time_exit,18.46529,0.00139,-3.09064,-1.06955,london,2023
EURUSD,-1,2023-08-09 17:00:00,2023-08-10 03:00:00,1.09802,1.0971,1.09978,1.09451,0.3229,9.2,29.71,29.7,10,time_exit,16.21346,0.00117,0.60913,-1.54341,new_york,2023
EURUSD,1,2023-08-11 17:00:00,2023-08-11 18:00:00,1.09757,1.09517,1.09517,1.10236,0.2381,-24.0,-57.04,-57.04,1,stop_loss,23.04888,0.0016,-1.58161,-0.19718,new_york,2023
EURUSD,-1,2023-08-14 00:00:00,2023-08-14 10:00:00,1.09497,1.09522,1.09722,1.09047,0.2511,-2.5,-6.28,-6.28,10,time_exit,26.64901,0.0015,-2.16062,-0.62516,,2023
EURUSD,1,2023-08-15 17:00:00,2023-08-15 19:00:00,1.09402,1.09164,1.09164,1.09877,0.2375,-23.8,-56.41,-56.41,2,stop_loss,20.52421,0.00158,0.43697,-2.09352,new_york,2023
EURUSD,-1,2023-08-16 10:00:00,2023-08-16 19:00:00,1.09191,1.08863,1.09355,1.08863,0.3406,32.8,111.71,111.71,9,take_profit,17.77891,0.00109,-0.29097,-3.25826,london,2023
EURUSD,-1,2023-08-22 03:00:00,2023-08-22 05:00:00,1.08976,1.09122,1.09122,1.08685,0.3913,-14.6,-56.96,-56.96,2,stop_loss,13.02422,0.00097,1.03756,-2.76268,,2023
EURUSD,-1,2023-08-22 19:00:00,2023-08-23 05:00:00,1.08456,1.08546,1.08672,1.08024,0.2612,-9.0,-23.51,-23.51,10,time_exit,24.64164,0.00144,-2.95369,-1.58952,new_york,2023
EURUSD,-1,2023-08-23 16:00:00,2023-08-23 17:00:00,1.08042,1.08229,1.08229,1.07669,0.3009,-18.7,-56.15,-56.15,1,stop_loss,37.78671,0.00124,-4.42617,-3.07519,new_york,2023
EURUSD,1,2023-08-24 03:00:00,2023-08-24 12:00:00,1.08658,1.08484,1.08484,1.09007,0.319,-17.4,-55.6,-55.6,9,stop_loss,24.00391,0.00116,0.52662,-2.93161,,2023
EURUSD,1,2023-08-25 16:00:00,2023-08-25 17:00:00,1.08128,1.07939,1.07939,1.08506,0.2914,-18.9,-55.03,-55.04,1,stop_loss,38.24929,0.00126,-0.71999,-3.8578,new_york,2023
EURUSD,-1,2023-08-28 12:00:00,2023-08-28 13:00:00,1.08006,1.08178,1.08178,1.07663,0.3173,-17.2,-54.49,-54.49,1,stop_loss,15.66657,0.00114,-0.90973,-4.08774,london,2023
EURUSD,-1,2023-08-28 19:00:00,2023-08-29 01:00:00,1.0809,1.08261,1.08261,1.07748,0.3154,-17.1,-53.94,-53.94,6,stop_loss,11.80794,0.00114,-0.11811,-3.87625,new_york,2023
EURUSD,-1,2023-08-29 03:00:00,2023-08-29 13:00:00,1.08256,1.08066,1.08403,1.07961,0.3624,19.0,68.86,68.85,10,time_exit,14.2532,0.00098,1.33346,-4.00563,,2023
EURUSD,1,2023-08-30 16:00:00,2023-08-31 02:00:00,1.09208,1.09294,1.08968,1.09687,0.2257,8.6,19.41,19.41,10,time_exit,21.99338,0.0016,4.43235,-0.12616,new_york,2023
EURUSD,-1,2023-08-31 09:00:00,2023-08-31 11:00:00,1.0918,1.08876,1.09332,1.08876,0.3571,30.4,108.57,108.57,2,take_profit,36.03339,0.00101,3.04497,2.304,london,2023
EURUSD,-1,2023-08-31 17:00:00,2023-09-01 03:00:00,1.08496,1.08378,1.08712,1.08065,0.2568,11.8,30.3,30.3,10,time_exit,32.6053,0.00144,-2.41191,1.34047,new_york,2023
EURUSD,-1,2023-09-06 23:00:00,2023-09-07 09:00:00,1.07266,1.07167,1.07443,1.06913,0.3151,9.9,31.19,31.19,10,time_exit,27.8241,0.00118,-1.67725,-4.90213,,2023
EURUSD,-1,2023-09-11 16:00:00,2023-09-11 17:00:00,1.07275,1.07445,1.07445,1.06935,0.3295,-17.0,-55.99,-55.99,1,stop_loss,30.56735,0.00113,0.7753,-3.70048,new_york,2023
EURUSD,-1,2023-09-12 13:00:00,2023-09-12 23:00:00,1.07224,1.07392,1.07392,1.06887,0.3293,-16.8,-55.44,-55.44,10,stop_loss,30.68695,0.00112,-0.68862,-2.37989,london,2023
EURUSD,-1,2023-09-13 22:00:00,2023-09-14 08:00:00,1.07322,1.07478,1.07543,1.06881,0.2487,-15.6,-38.8,-38.8,10,time_exit,23.4212,0.00147,-0.32453,-1.00497,,2023
EURUSD,1,2023-09-14 11:00:00,2023-09-14 15:00:00,1.07336,1.07189,1.07189,1.07631,0.3695,-14.7,-54.5,-54.5,4,stop_loss,22.09622,0.00098,-0.37993,-1.26716,london,2023
EURUSD,-1,2023-09-15 08:00:00,2023-09-15 17:00:00,1.06536,1.06721,1.06721,1.06166,0.2918,-18.5,-53.95,-53.95,9,stop_loss,48.517,0.00123,-3.16321,-3.32282,london,2023
EURUSD,-1,2023-09-15 22:00:00,2023-09-18 08:00:00,1.06609,1.06688,1.068,1.06227,0.2794,-7.9,-22.07,-22.07,10,time_exit,26.96879,0.00127,-1.48612,-3.48107,,2023
EURUSD,1,2023-09-19 11:00:00,2023-09-19 18:00:00,1.06943,1.068,1.068,1.07229,0.3723,-14.3,-53.18,-53.18,7,stop_loss,12.87401,0.00095,1.63826,-3.17385,london,2023
EURUSD,1,2023-09-20 10:00:00,2023-09-20 16:00:00,1.06818,1.07082,1.06686,1.07082,0.3987,26.4,105.31,105.31,6,take_profit,11.48862,0.00088,-0.06424,-2.49705,london,2023
EURUSD,1,2023-09-20 18:00:00,2023-09-20 21:00:00,1.07196,1.07044,1.07044,1.07501,0.3522,-15.2,-53.7,-53.7,3,stop_loss,23.27658,0.00102,3.08357,-1.57536,new_york,2023
EURUSD,-1,2023-09-21 06:00:00,2023-09-21 09:00:00,1.06271,1.06496,1.06496,1.05821,0.2364,-22.5,-53.18,-53.18,3,stop_loss,32.84988,0.0015,-3.50911,-1.36748,,2023
EURUSD,1,2023-09-22 09:00:00,2023-09-22 10:00:00,1.06488,1.0632,1.0632,1.06825,0.3124,-16.8,-52.64,-52.64,1,stop_loss,15.88303,0.00112,-1.12968,-2.39205,london,2023
EURUSD,-1,2023-09-25 21:00:00,2023-09-26 07:00:00,1.05951,1.05927,1.06156,1.05542,0.2547,2.4,6.11,6.11,10,time_exit,37.98647,0.00136,-3.17971,-2.54705,new_york,2023
EURUSD,-1,2023-09-26 09:00:00,2023-09-26 12:00:00,1.05876,1.06029,1.06029,1.0557,0.3415,-15.3,-52.17,-52.18,3,stop_loss,49.30992,0.00102,-3.09751,-4.33309,london,2023
EURUSD,-1,2023-09-26 17:00:00,2023-09-27 03:00:00,1.05922,1.05599,1.06104,1.05558,0.2841,32.3,91.76,91.76,10,time_exit,42.51179,0.00121,-1.657,-3.77712,new_york,2023
EURUSD,1,2023-09-29 06:00:00,2023-09-29 16:00:00,1.05793,1.05808,1.05592,1.06194,0.262,1.5,3.93,3.93,10,time_exit,19.2401,0.00134,2.15864,-4.11931,,2023
EURUSD,-1,2023-09-29 20:00:00,2023-10-02 06:00:00,1.05776,1.05696,1.06016,1.05295,0.2189,8.0,17.51,17.51,10,time_exit,21.31106,0.0016,0.60348,-2.2226,new_york,2023
EURUSD,-1,2023-10-02 15:00:00,2023-10-02 19:00:00,1.05316,1.04906,1.05521,1.04906,0.2575,41.0,105.56,105.55,4,take_profit,21.06483,0.00137,-2.4561,-2.32789,london,2023
EURUSD,-1,2023-10-03 09:00:00,2023-10-03 10:00:00,1.04657,1.04823,1.04823,1.04326,0.3249,-16.6,-53.84,-53.84,1,stop_loss,47.43651,0.0011,-5.08465,-5.0835,london,2023
EURUSD,-1,2023-10-06 12:00:00,2023-10-06 14:00:00,1.05482,1.05639,1.05639,1.05168,0.3393,-15.7,-53.31,-53.31,2,stop_loss,13.65173,0.00105,2.18002,-1.64635,london,2023
EURUSD,1,2023-10-06 18:00:00,2023-10-06 21:00:00,1.05378,1.05977,1.05079,1.05977,0.1762,59.9,105.5,105.5,3,take_profit,18.96045,0.002,0.51673,-0.73474,new_york,2023
EURUSD,1,2023-10-09 03:00:00,2023-10-09 09:00:00,1.05666,1.05372,1.05372,1.06253,0.1832,-29.4,-53.81,-53.81,6,stop_loss,16.56036,0.00196,1.19944,-0.13558,,2023
EURUSD,-1,2023-10-12 17:00:00,2023-10-13 03:00:00,1.05496,1.0539,1.05731,1.05027,0.2272,10.6,24.08,24.08,10,time_exit,15.0487,0.00156,-3.54335,1.98021,new_york,2023
EURUSD,1,2023-10-13 04:00:00,2023-10-13 13:00:00,1.0539,1.05216,1.05216,1.05739,0.3068,-17.4,-53.53,-53.53,9,stop_loss,40.77555,0.00116,-3.58084,0.90521,,2023
EURUSD,-1,2023-10-16 05:00:00,2023-10-16 11:00:00,1.05221,1.05405,1.05405,1.04852,0.2873,-18.4,-52.99,-53.0,6,stop_loss,25.79837,0.00123,-1.8222,-1.28509,,2023
EURUSD,-1,2023-10-16 15:00:00,2023-10-16 17:00:00,1.05367,1.05534,1.05534,1.05034,0.3148,-16.7,-52.46,-52.47,2,stop_loss,18.83015,0.00111,-0.32162,-1.55486,london,2023
EURUSD,-1,2023-10-17 00:00:00,2023-10-17 10:00:00,1.05599,1.05487,1.05772,1.05254,0.3007,11.2,33.68,33.68,10,time_exit,29.87162,0.00115,1.39956,-1.17947,,2023
EURUSD,-1,2023-10-18 04:00:00,2023-10-18 08:00:00,1.05646,1.05843,1.05843,1.05253,0.2659,-19.7,-52.27,-52.27,4,stop_loss,24.03758,0.00131,0.58882,-0.08027,,2023
EURUSD,1,2023-10-18 16:00:00,2023-10-18 17:00:00,1.05575,1.05367,1.05367,1.05992,0.2484,-20.8,-51.74,-51.74,1,stop_loss,16.8359,0.00139,-0.3834,0.20358,new_york,2023
EURUSD,-1,2023-10-18 22:00:00,2023-10-19 08:00:00,1.05359,1.05332,1.05592,1.04894,0.2202,2.7,5.95,5.94,10,time_exit,16.47593,0.00155,-1.40165,-0.04807,,2023
EURUSD,1,2023-10-19 09:00:00,2023-10-19 14:00:00,1.0533,1.05625,1.05182,1.05625,0.3475,29.5,102.57,102.57,5,take_profit,14.95859,0.00098,-1.6903,-0.63059,london,2023
EURUSD,-1,2023-10-20 04:00:00,2023-10-20 14:00:00,1.0576,1.05966,1.05966,1.05349,0.2544,-20.6,-52.32,-52.32,10,stop_loss,35.89303,0.00137,1.01675,0.26738,,2023
EURUSD,1,2023-10-23 13:00:00,2023-10-23 17:00:00,1.05932,1.06284,1.05756,1.06284,0.2941,35.2,103.59,103.59,4,take_profit,18.5482,0.00117,1.14115,1.16625,london,2023
EURUSD,-1,2023-10-23 22:00:00,2023-10-24 08:00:00,1.06743,1.06809,1.06966,1.06298,0.2372,-6.6,-15.66,-15.66,10,time_exit,37.41872,0.00148,5.20524,1.67895,,2023
EURUSD,-1,2023-10-25 11:00:00,2023-10-25 21:00:00,1.05871,1.05664,1.06033,1.05547,0.3252,20.7,67.32,67.31,10,time_exit,32.5597,0.00108,-2.2168,2.11608,london,2023
EURUSD,1,2023-10-27 09:00:00,2023-10-27 10:00:00,1.05694,1.05543,1.05543,1.05996,0.3531,-15.1,-53.34,-53.34,1,stop_loss,18.33128,0.00101,0.33329,-1.12526,london,2023
EURUSD,1,2023-10-27 11:00:00,2023-10-27 14:00:00,1.05583,1.05426,1.05426,1.05897,0.3365,-15.7,-52.81,-52.82,3,stop_loss,17.05839,0.00105,-0.6576,-1.10858,london,2023
EURUSD,1,2023-10-30 16:00:00,2023-10-31 02:00:00,1.0607,1.0614,1.05864,1.06482,0.2537,7.0,17.76,17.76,10,time_exit,19.01253,0.00137,2.82658,-0.4783,new_york,2023
EURUSD,-1,2023-10-31 11:00:00,2023-10-31 12:00:00,1.06212,1.06388,1.06388,1.05861,0.2987,-17.6,-52.46,-52.46,1,stop_loss,20.86553,0.00117,2.68461,0.78661,london,2023
EURUSD,-1,2023-10-31 20:00:00,2023-11-01 06:00:00,1.05676,1.05706,1.05959,1.0511,0.1834,-3.0,-5.5,-5.5,10,time_exit,25.60214,0.00189,-1.64183,0.76056,new_york,2023
EURUSD,1,2023-11-01 09:00:00,2023-11-01 12:00:00,1.05684,1.0551,1.0551,1.06032,0.2978,-17.4,-51.89,-51.89,3,stop_loss,25.49741,0.00116,-1.75635,0.47289,london,2023
EURUSD,-1,2023-11-02 06:00:00,2023-11-02 12:00:00,1.05959,1.06168,1.06168,1.05541,0.246,-20.9,-51.36,-51.36,6,stop_loss,25.1123,0.00139,1.52853,-0.30815,,2023
EURUSD,1,2023-11-06 06:00:00,2023-11-06 16:00:00,1.07345,1.0739,1.0715,1.07735,0.2608,4.5,11.74,11.73,10,time_exit,49.53434,0.0013,5.32723,4.18372,,2023
EURUSD,-1,2023-11-08 15:00:00,2023-11-08 16:00:00,1.06682,1.0683,1.0683,1.06387,0.3452,-14.8,-50.97,-50.97,1,stop_loss,27.43763,0.00098,-2.2235,4.01069,london,2023
EURUSD,-1,2023-11-09 03:00:00,2023-11-09 13:00:00,1.07034,1.06884,1.07193,1.06716,0.3173,15.0,47.6,47.59,10,time_exit,18.8146,0.00106,0.75007,3.66585,,2023
EURUSD,1,2023-11-09 17:00:00,2023-11-09 18:00:00,1.0724,1.07063,1.07063,1.07595,0.2872,-17.7,-50.93,-50.94,1,stop_loss,19.43614,0.00118,2.13021,3.0523,new_york,2023
EURUSD,1,2023-11-10 03:00:00,2023-11-10 13:00:00,1.06684,1.0677,1.0649,1.07073,0.2595,8.6,22.32,22.32,10,time_exit,25.349,0.0013,-1.88942,2.18422,,2023
EURUSD,-1,2023-11-13 12:00:00,2023-11-13 19:00:00,1.06896,1.07044,1.07044,1.06599,0.3413,-14.8,-50.65,-50.65,7,stop_loss,15.35957,0.00099,0.44821,1.62703,london,2023
EURUSD,1,2023-11-15 05:00:00,2023-11-15 11:00:00,1.08786,1.08576,1.08576,1.09205,0.2393,-21.0,-50.15,-50.15,6,stop_loss,58.47968,0.0014,7.87865,4.85937,,2023
EURUSD,-1,2023-11-15 18:00:00,2023-11-16 04:00:00,1.08653,1.08334,1.08911,1.08136,0.1922,31.9,61.31,61.31,10,time_exit,45.24567,0.00172,3.36714,5.02589,new_york,2023
EURUSD,-1,2023-11-17 12:00:00,2023-11-17 13:00:00,1.0853,1.0871,1.0871,1.0817,0.2791,-18.0,-50.26,-50.26,1,stop_loss,15.6133,0.0012,0.80798,6.493,london,2023
EURUSD,1,2023-11-17 21:00:00,2023-11-20 07:00:00,1.09032,1.09186,1.08812,1.09472,0.226,15.4,34.8,34.8,10,time_exit,17.53027,0.00147,3.33007,5.38096,new_york,2023
EURUSD,-1,2023-11-20 08:00:00,2023-11-20 11:00:00,1.09186,1.09367,1.09367,1.08824,0.2769,-18.1,-50.09,-50.09,3,stop_loss,32.88197,0.00121,3.61941,7.09954,london,2023
EURUSD,-1,2023-11-21 21:00:00,2023-11-22 07:00:00,1.09087,1.09074,1.09292,1.08676,0.2415,1.3,3.14,3.14,10,time_exit,37.31635,0.00137,-1.23916,6.5447,new_york,2023
EURUSD,1,2023-11-24 23:00:00,2023-11-27 02:00:00,1.09442,1.09286,1.09286,1.09753,0.3188,-15.6,-49.62,-49.63,3,stop_loss,27.05148,0.00104,2.75875,4.00648,,2023
EURUSD,-1,2023-11-27 21:00:00,2023-11-28 01:00:00,1.0942,1.09587,1.09587,1.09086,0.2941,-16.7,-49.13,-49.13,4,stop_loss,21.2312,0.00111,0.94488,3.93195,new_york,2023
EURUSD,-1,2023-11-28 14:00:00,2023-11-28 15:00:00,1.095,1.09636,1.09636,1.09227,0.3564,-13.6,-48.64,-48.64,1,stop_loss,15.17273,0.00091,0.91289,4.82011,london,2023
EURUSD,-1,2023-11-28 19:00:00,2023-11-29 05:00:00,1.10052,1.09985,1.10266,1.09623,0.2245,6.7,15.04,15.04,10,time_exit,22.50947,0.00143,3.98255,3.26119,new_york,2023
EURUSD,1,2023-11-29 09:00:00,2023-11-29 10:00:00,1.10012,1.09835,1.09835,1.10366,0.2731,-17.7,-48.29,-48.3,1,stop_loss,32.38142,0.00118,2.67793,4.70606,london,2023
EURUSD,1,2023-11-29 14:00:00,2023-11-29 16:00:00,1.09847,1.0965,1.0965,1.10241,0.2429,-19.7,-47.82,-47.82,2,stop_loss,24.19911,0.00131,0.97229,4.14411,london,2023
EURUSD,-1,2023-11-30 07:00:00,2023-11-30 10:00:00,1.09689,1.09325,1.09871,1.09325,0.2598,36.4,94.67,94.67,3,take_profit,12.29797,0.00121,-0.36955,3.85606,london,2023
EURUSD,1,2023-12-04 02:00:00,2023-12-04 09:00:00,1.08859,1.08601,1.08601,1.09376,0.1869,-25.8,-48.28,-48.28,7,stop_loss,30.57157,0.00172,-1.14282,-0.61859,,2023
EURUSD,1,2023-12-06 03:00:00,2023-12-06 13:00:00,1.07954,1.07799,1.07732,1.08399,0.215,-15.5,-33.32,-33.33,10,time_exit,34.69817,0.00148,-2.49301,-3.41288,,2023
EURUSD,1,2023-12-07 02:00:00,2023-12-07 12:00:00,1.07664,1.07713,1.07493,1.08007,0.2768,4.9,13.56,13.56,10,time_exit,25.27182,0.00114,-3.11401,-5.29669,,2023
EURUSD,1,2023-12-07 15:00:00,2023-12-07 19:00:00,1.07692,1.08048,1.07514,1.08048,0.2671,35.6,95.2,95.2,4,take_profit,19.20351,0.00119,-1.64216,-5.24231,london,2023
EURUSD,-1,2023-12-11 18:00:00,2023-12-11 20:00:00,1.07442,1.07638,1.07638,1.07051,0.2481,-19.6,-48.55,-48.56,2,stop_loss,13.92406,0.0013,-2.02223,-3.76552,new_york,2023
EURUSD,1,2023-12-12 05:00:00,2023-12-12 10:00:00,1.07617,1.07911,1.0747,1.07911,0.3275,29.4,96.14,96.14,5,take_profit,10.40424,0.00098,-0.56057,-4.73861,,2023
EURUSD,-1,2023-12-12 14:00:00,2023-12-12 15:00:00,1.07964,1.08124,1.08124,1.07644,0.3066,-16.0,-49.03,-49.03,1,stop_loss,18.47246,0.00107,2.30137,-3.64688,london,2023
EURUSD,-1,2023-12-13 13:00:00,2023-12-13 15:00:00,1.07777,1.07932,1.07932,1.07468,0.3139,-15.5,-48.55,-48.55,2,stop_loss,11.47101,0.00103,-0.40033,-2.3638,london,2023
EURUSD,1,2023-12-13 18:00:00,2023-12-13 21:00:00,1.07946,1.0831,1.07764,1.0831,0.264,36.4,96.13,96.13,3,take_profit,14.01325,0.00121,0.91479,-1.81478,new_york,2023
EURUSD,-1,2023-12-14 03:00:00,2023-12-14 13:00:00,1.08932,1.09199,1.09199,1.08398,0.1835,-26.7,-49.03,-49.03,10,stop_loss,34.74105,0.00178,4.94207,-0.25042,,2023
EURUSD,1,2023-12-15 04:00:00,2023-12-15 10:00:00,1.09847,1.09596,1.09596,1.1035,0.1932,-25.1,-48.54,-48.54,6,stop_loss,42.96611,0.00168,4.92993,3.66527,,2023
EURUSD,-1,2023-12-18 02:00:00,2023-12-18 08:00:00,1.0895,1.09179,1.09179,1.08493,0.2102,-22.9,-48.05,-48.06,6,stop_loss,39.21734,0.00152,-1.57941,3.87822,,2023
EURUSD,-1,2023-12-20 18:00:00,2023-12-20 22:00:00,1.09737,1.09348,1.09931,1.09348,0.2447,38.9,95.14,95.14,4,take_profit,23.2582,0.0013,1.69658,3.99323,new_york,2023
EURUSD,-1,2023-12-21 14:00:00,2023-12-21 15:00:00,1.098,1.09987,1.09987,1.09426,0.2591,-18.7,-48.51,-48.51,1,stop_loss,15.39495,0.00125,2.29497,3.34319,london,2023
EURUSD,1,2023-12-26 21:00:00,2023-12-27 07:00:00,1.10367,1.10434,1.10226,1.10648,0.3414,6.7,22.87,22.87,10,time_exit,12.49949,0.00094,2.79052,6.08178,new_york,2023
EURUSD,1,2023-12-27 22:00:00,2023-12-28 08:00:00,1.11017,1.11132,1.10837,1.11376,0.2685,11.5,30.88,30.88,10,time_exit,41.52971,0.0012,4.58386,5.77361,,2023
EURUSD,-1,2024-01-04 03:00:00,2024-01-04 09:00:00,1.09226,1.09433,1.09433,1.08812,0.2346,-20.7,-48.56,-48.56,6,stop_loss,24.28638,0.00138,-2.54115,-2.52577,,2024
EURUSD,1,2024-01-04 20:00:00,2024-01-05 06:00:00,1.09505,1.09374,1.09292,1.0993,0.2262,-13.1,-29.63,-29.63,10,time_exit,22.35029,0.00142,-0.0368,-2.37348,new_york,2024
EURUSD,1,2024-01-08 04:00:00,2024-01-08 11:00:00,1.09476,1.09253,1.09253,1.09923,0.2139,-22.3,-47.79,-47.79,7,stop_loss,13.14544,0.00149,0.3227,-1.95301,,2024
EURUSD,-1,2024-01-09 00:00:00,2024-01-09 10:00:00,1.095,1.09499,1.09693,1.09114,0.2451,0.1,0.25,0.24,10,time_exit,10.13628,0.00129,0.23137,-1.61913,,2024
EURUSD,1,2024-01-10 05:00:00,2024-01-10 15:00:00,1.09338,1.09407,1.09186,1.09643,0.3107,6.9,21.44,21.44,10,time_exit,17.23494,0.00102,-0.71839,-1.9898,,2024
EURUSD,1,2024-01-11 04:00:00,2024-01-11 11:00:00,1.09791,1.09643,1.09643,1.10088,0.3205,-14.8,-47.52,-47.52,7,stop_loss,17.60251,0.00099,2.8133,-0.88341,,2024
EURUSD,1,2024-01-11 18:00:00,2024-01-12 04:00:00,1.09466,1.09798,1.09207,1.09985,0.1814,33.2,60.22,60.22,10,time_exit,22.32777,0.00173,-0.71612,-0.13873,new_york,2024
EURUSD,1,2024-01-12 08:00:00,2024-01-12 13:00:00,1.09758,1.09561,1.09561,1.10153,0.2413,-19.7,-47.65,-47.66,5,stop_loss,11.27805,0.00132,0.806,0.1725,london,2024
EURUSD,-1,2024-01-15 02:00:00,2024-01-15 04:00:00,1.09451,1.09647,1.09647,1.09058,0.2401,-19.6,-47.17,-47.17,2,stop_loss,12.02092,0.00131,-1.19959,-0.08872,,2024
EURUSD,1,2024-01-15 15:00:00,2024-01-16 01:00:00,1.09537,1.0945,1.09365,1.09881,0.2713,-8.7,-23.6,-23.61,10,time_exit,13.68492,0.00115,-0.40587,-0.23196,london,2024
EURUSD,1,2024-01-16 12:00:00,2024-01-16 16:00:00,1.08863,1.08682,1.08682,1.09225,0.2566,-18.1,-46.47,-46.47,4,stop_loss,37.58118,0.00121,-4.59684,-1.16363,london,2024
EURUSD,1,2024-01-16 22:00:00,2024-01-17 08:00:00,1.08736,1.08624,1.08505,1.09198,0.1993,-11.2,-22.32,-22.32,10,time_exit,50.94748,0.00154,-3.03788,-1.80699,,2024
EURUSD,-1,2024-01-17 09:00:00,2024-01-17 10:00:00,1.08623,1.08797,1.08797,1.08274,0.2626,-17.4,-45.78,-45.78,1,stop_loss,49.96529,0.00116,-3.49913,-3.19831,london,2024
EURUSD,1,2024-01-18 05:00:00,2024-01-18 14:00:00,1.08934,1.08753,1.08753,1.09296,0.2502,-18.1,-45.32,-45.32,9,stop_loss,26.15022,0.00121,0.44069,-3.33042,,2024
EURUSD,1,2024-01-19 07:00:00,2024-01-19 10:00:00,1.08864,1.08696,1.08696,1.092,0.2669,-16.8,-44.87,-44.88,3,stop_loss,15.54432,0.00112,0.45282,-3.16607,london,2024
EURUSD,1,2024-01-19 10:00:00,2024-01-19 20:00:00,1.08794,1.08922,1.08633,1.09116,0.2758,12.8,35.3,35.3,10,time_exit,13.99052,0.00107,-0.16861,-3.21546,london,2024
EURUSD,-1,2024-01-22 05:00:00,2024-01-22 15:00:00,1.09074,1.08917,1.09229,1.08764,0.2886,15.7,45.31,45.31,10,time_exit,9.87495,0.00103,2.00818,-2.39251,,2024
EURUSD,-1,2024-01-23 07:00:00,2024-01-23 08:00:00,1.08988,1.09127,1.09127,1.08709,0.3247,-13.9,-45.23,-45.23,1,stop_loss,14.17645,0.00093,1.04349,-1.90991,london,2024
EURUSD,1,2024-01-24 19:00:00,2024-01-25 00:00:00,1.09004,1.08777,1.08777,1.09458,0.1973,-22.7,-44.78,-44.78,5,stop_loss,30.27883,0.00151,1.41147,-1.14137,new_york,2024
EURUSD,1,2024-01-25 13:00:00,2024-01-25 15:00:00,1.08931,1.08775,1.08775,1.09243,0.2841,-15.6,-44.33,-44.33,2,stop_loss,18.32802,0.00104,0.9997,-1.16521,london,2024
EURUSD,-1,2024-01-25 20:00:00,2024-01-26 06:00:00,1.08378,1.08397,1.08602,1.0793,0.1959,-1.9,-3.72,-3.72,10,time_exit,23.6262,0.00149,-2.62721,-1.03689,new_york,2024
EURUSD,1,2024-01-26 12:00:00,2024-01-26 15:00:00,1.08443,1.08822,1.08254,1.08822,0.2316,37.9,87.68,87.68,3,take_profit,28.66389,0.00126,-1.18034,-2.01427,london,2024
EURUSD,1,2024-01-26 19:00:00,2024-01-29 00:00:00,1.0865,1.08433,1.08433,1.09085,0.2056,-21.7,-44.71,-44.71,5,stop_loss,21.83755,0.00145,0.24548,-1.51797,new_york,2024
EURUSD,1,2024-01-29 08:00:00,2024-01-29 11:00:00,1.084,1.08254,1.08254,1.08693,0.3023,-14.6,-44.27,-44.27,3,stop_loss,15.78252,0.00098,-1.64939,-2.37736,london,2024
EURUSD,1,2024-01-29 20:00:00,2024-01-30 06:00:00,1.08117,1.08254,1.07945,1.08462,0.2543,13.7,34.84,34.84,10,time_exit,25.4943,0.00115,-2.64063,-2.66429,new_york,2024
EURUSD,-1,2024-01-31 16:00:00,2024-01-31 17:00:00,1.08575,1.08761,1.08761,1.08204,0.238,-18.6,-44.18,-44.18,1,stop_loss,17.84506,0.00124,1.91323,-1.9664,new_york,2024
EURUSD,-1,2024-02-01 01:00:00,2024-02-01 11:00:00,1.08144,1.07984,1.08425,1.07582,0.1557,16.0,24.91,24.91,10,time_exit,22.11396,0.00187,-1.15857,-1.13549,,2024
EURUSD,1,2024-02-06 03:00:00,2024-02-06 11:00:00,1.0744,1.07296,1.07296,1.07727,0.3064,-14.4,-43.99,-44.0,8,stop_loss,54.35266,0.00096,-3.84344,-4.84257,,2024
EURUSD,-1,2024-02-06 17:00:00,2024-02-07 02:00:00,1.07404,1.07575,1.07575,1.07061,0.2541,-17.1,-43.54,-43.54,9,stop_loss,35.925,0.00114,-2.05286,-4.55969,new_york,2024
EURUSD,1,2024-02-08 19:00:00,2024-02-09 05:00:00,1.07734,1.07709,1.07556,1.08091,0.2417,-2.5,-6.04,-6.04,10,time_exit,22.74476,0.00119,0.41061,-2.38885,new_york,2024
EURUSD,1,2024-02-12 08:00:00,2024-02-12 10:00:00,1.07917,1.07796,1.07796,1.0816,0.3551,-12.1,-43.06,-43.06,2,stop_loss,15.4273,0.00081,1.4431,-1.47955,london,2024
EURUSD,1,2024-02-14 23:00:00,2024-02-15 09:00:00,1.07275,1.07331,1.07135,1.07556,0.3038,5.6,17.01,17.01,10,time_exit,26.19143,0.00094,-0.41355,-3.76589,,2024
EURUSD,1,2024-02-15 20:00:00,2024-02-16 06:00:00,1.07625,1.07594,1.07459,1.07958,0.2573,-3.1,-7.98,-7.98,10,time_exit,38.57779,0.00111,2.22176,-2.16236,new_york,2024
EURUSD,-1,2024-02-16 19:00:00,2024-02-16 21:00:00,1.07684,1.07865,1.07865,1.07323,0.2366,-18.1,-42.71,-42.71,2,stop_loss,31.42816,0.0012,1.18602,-0.69363,new_york,2024
EURUSD,1,2024-02-16 21:00:00,2024-02-19 07:00:00,1.07852,1.07818,1.07668,1.08219,0.2301,-3.4,-7.82,-7.83,10,time_exit,28.11168,0.00122,2.35627,-0.53999,new_york,2024
EURUSD,-1,2024-02-19 16:00:00,2024-02-20 02:00:00,1.07703,1.07697,1.07843,1.07424,0.3024,0.6,1.81,1.81,10,time_exit,11.81525,0.00093,0.26906,0.23794,new_york,2024
EURUSD,1,2024-02-20 15:00:00,2024-02-20 16:00:00,1.07981,1.08251,1.07846,1.08251,0.313,27.0,84.45,84.45,1,take_profit,20.11812,0.0009,2.6319,0.71245,london,2024
EURUSD,-1,2024-02-20 18:00:00,2024-02-21 04:00:00,1.08227,1.08151,1.08399,1.07883,0.2506,7.6,19.05,19.04,10,time_exit,27.46532,0.00115,3.7133,0.91183,new_york,2024
EURUSD,1,2024-02-21 05:00:00,2024-02-21 10:00:00,1.08152,1.08026,1.08026,1.08403,0.3443,-12.6,-43.26,-43.26,5,stop_loss,32.11625,0.00084,2.87792,2.03362,,2024
EURUSD,1,2024-02-21 22:00:00,2024-02-22 08:00:00,1.08165,1.08385,1.08006,1.08483,0.2691,22.0,59.2,59.2,10,time_exit,19.8514,0.00106,1.57041,1.93092,,2024
EURUSD,1,2024-02-23 13:00:00,2024-02-23 23:00:00,1.08239,1.08209,1.081,1.08516,0.3134,-3.0,-9.4,-9.4,10,time_exit,11.8267,0.00092,0.25866,2.84432,london,2024
EURUSD,-1,2024-02-26 15:00:00,2024-02-27 01:00:00,1.08496,1.08504,1.08622,1.08245,0.345,-0.8,-2.76,-2.76,10,time_exit,21.13114,0.00084,2.77812,2.84166,london,2024
EURUSD,1,2024-02-27 03:00:00,2024-02-27 13:00:00,1.08475,1.08577,1.08361,1.08703,0.3799,10.2,38.75,38.75,10,time_exit,20.08832,0.00076,1.60568,3.58646,,2024
EURUSD,-1,2024-02-28 04:00:00,2024-02-28 10:00:00,1.08395,1.0816,1.08513,1.0816,0.3714,23.5,87.36,87.36,6,take_profit,18.20812,0.00078,-0.51092,3.37206,,2024
EURUSD,1,2024-02-29 00:00:00,2024-02-29 10:00:00,1.08329,1.08378,1.08189,1.0861,0.3172,4.9,15.54,15.54,10,time_exit,24.9093,0.00094,0.35878,1.72088,,2024
EURUSD,-1,2024-03-04 06:00:00,2024-03-04 16:00:00,1.0844,1.0859,1.0859,1.0814,0.2983,-15.0,-44.72,-44.72,10,stop_loss,10.28232,0.001,1.53202,0.66984,,2024
EURUSD,-1,2024-03-05 06:00:00,2024-03-05 16:00:00,1.08543,1.08455,1.0865,1.08329,0.4131,8.8,36.35,36.35,10,time_exit,9.52181,0.00071,1.46544,2.13456,,2024
EURUSD,-1,2024-03-05 23:00:00,2024-03-06 09:00:00,1.08577,1.0862,1.08714,1.08303,0.3262,-4.3,-14.03,-14.03,10,time_exit,15.35124,0.00091,1.0232,1.75776,,2024
EURUSD,1,2024-03-07 02:00:00,2024-03-07 12:00:00,1.08996,1.08966,1.08859,1.0927,0.3249,-3.0,-9.75,-9.75,10,time_exit,31.90006,0.00091,3.18055,3.00843,,2024
EURUSD,1,2024-03-11 02:00:00,2024-03-11 12:00:00,1.09374,1.09347,1.09197,1.09728,0.2505,-2.7,-6.76,-6.77,10,time_exit,25.10342,0.00118,0.92477,4.22562,,2024
EURUSD,1,2024-03-13 22:00:00,2024-03-14 08:00:00,1.09509,1.09397,1.09373,1.0978,0.3269,-11.2,-36.61,-36.61,10,time_exit,24.93828,0.0009,2.04957,3.164,,2024
EURUSD,-1,2024-03-15 01:00:00,2024-03-15 11:00:00,1.08851,1.0883,1.08992,1.08569,0.3122,2.1,6.56,6.55,10,time_exit,44.61881,0.00094,-4.04358,1.54954,,2024
EURUSD,-1,2024-03-15 17:00:00,2024-03-18 03:00:00,1.08865,1.08853,1.08992,1.08611,0.3473,1.2,4.17,4.17,10,time_exit,40.93605,0.00085,-2.12321,-0.03622,new_york,2024
EURUSD,1,2024-03-18 11:00:00,2024-03-18 18:00:00,1.08924,1.08827,1.08827,1.09117,0.4564,-9.7,-44.06,-44.06,7,stop_loss,27.37496,0.00064,-0.51733,-0.94605,london,2024
EURUSD,1,2024-03-19 18:00:00,2024-03-20 04:00:00,1.08624,1.08643,1.08492,1.08889,0.3294,1.9,6.26,6.26,10,time_exit,38.03484,0.00088,-1.41072,-2.10176,new_york,2024
EURUSD,1,2024-03-21 07:00:00,2024-03-21 11:00:00,1.0935,1.09208,1.09208,1.09634,0.3076,-14.2,-43.69,-43.69,4,stop_loss,39.67495,0.00095,5.25631,-0.43727,london,2024
EURUSD,1,2024-03-21 22:00:00,2024-03-22 05:00:00,1.08625,1.08428,1.08428,1.09019,0.2198,-19.7,-43.26,-43.26,7,stop_loss,37.39915,0.00131,-2.04664,-0.09036,,2024
EURUSD,1,2024-03-26 10:00:00,2024-03-26 11:00:00,1.08507,1.08408,1.08408,1.08704,0.4346,-9.9,-42.81,-42.82,1,stop_loss,22.87752,0.00066,2.12741,-3.99797,london,2024
EURUSD,1,2024-03-27 07:00:00,2024-03-27 15:00:00,1.08263,1.08159,1.08159,1.08471,0.4075,-10.4,-42.39,-42.39,8,stop_loss,24.34831,0.00069,-1.38887,-3.18856,london,2024
EURUSD,1,2024-03-28 22:00:00,2024-03-29 08:00:00,1.07874,1.07746,1.07698,1.08225,0.2389,-12.8,-30.58,-30.58,10,time_exit,23.01982,0.00117,-2.34784,-2.43907,,2024
EURUSD,1,2024-04-01 08:00:00,2024-04-01 16:00:00,1.0787,1.07751,1.07751,1.08107,0.351,-11.9,-41.66,-41.66,8,stop_loss,18.81443,0.00079,-0.91056,-4.15434,london,2024
EURUSD,-1,2024-04-02 02:00:00,2024-04-02 12:00:00,1.074,1.07421,1.07523,1.07154,0.3352,-2.1,-7.04,-7.04,10,time_exit,33.60432,0.00082,-4.34226,-4.93843,,2024
EURUSD,1,2024-04-02 12:00:00,2024-04-02 16:00:00,1.07315,1.07577,1.07184,1.07577,0.314,26.2,82.35,82.35,4,take_profit,42.63444,0.00087,-3.4587,-5.32228,london,2024
EURUSD,-1,2024-04-04 13:00:00,2024-04-04 16:00:00,1.08588,1.08717,1.08717,1.08331,0.3263,-12.9,-42.0,-42.0,3,stop_loss,51.86901,0.00086,5.8263,0.32385,london,2024
EURUSD,-1,2024-04-05 13:00:00,2024-04-05 15:00:00,1.08389,1.0813,1.08518,1.0813,0.3216,25.9,83.16,83.16,2,take_profit,28.96532,0.00086,1.18881,1.70426,london,2024
EURUSD,1,2024-04-05 17:00:00,2024-04-05 18:00:00,1.08012,1.08379,1.07829,1.08379,0.2313,36.7,84.81,84.81,1,take_profit,27.40425,0.00122,-2.13622,1.0724,new_york,2024
EURUSD,-1,2024-04-08 08:00:00,2024-04-08 16:00:00,1.08323,1.08472,1.08472,1.08026,0.291,-14.9,-43.25,-43.25,8,stop_loss,12.82831,0.00099,0.21786,1.33025,london,2024
EURUSD,1,2024-04-09 02:00:00,2024-04-09 12:00:00,1.08605,1.08652,1.08471,1.08872,0.3202,4.7,15.05,15.05,10,time_exit,18.60486,0.00089,2.44034,1.93048,,2024
EURUSD,-1,2024-04-09 17:00:00,2024-04-09 20:00:00,1.08788,1.08516,1.08924,1.08516,0.3155,27.2,85.94,85.94,3,take_profit,13.54184,0.00091,3.22031,2.46632,new_york,2024
EURUSD,-1,2024-04-09 22:00:00,2024-04-10 08:00:00,1.08531,1.08519,1.08669,1.08254,0.3168,1.2,3.8,3.8,10,time_exit,14.9483,0.00092,0.28877,2.37855,,2024
EURUSD,-1,2024-04-10 16:00:00,2024-04-10 18:00:00,1.07809,1.07426,1.08001,1.07426,0.229,38.3,87.76,87.76,2,take_profit,20.22328,0.00128,-5.46521,1.43523,new_york,2024
EURUSD,-1,2024-04-11 12:00:00,2024-04-11 17:00:00,1.07406,1.07084,1.07567,1.07084,0.278,32.2,89.5,89.5,5,take_profit,48.35476,0.00107,-4.70926,-2.3299,london,2024
EURUSD,1,2024-04-11 17:00:00,2024-04-11 18:00:00,1.07349,1.0715,1.0715,1.07747,0.2294,-19.9,-45.65,-45.65,1,stop_loss,45.63745,0.00133,-3.44924,-2.36976,new_york,2024
EURUSD,-1,2024-04-17 11:00:00,2024-04-17 12:00:00,1.06254,1.06441,1.06441,1.0588,0.2418,-18.7,-45.18,-45.18,1,stop_loss,13.23396,0.00125,-0.73765,-6.23212,london,2024
EURUSD,1,2024-04-17 22:00:00,2024-04-18 08:00:00,1.06705,1.0681,1.06491,1.07132,0.2093,10.5,21.98,21.97,10,time_exit,18.21233,0.00142,2.20717,-4.65822,,2024
EURUSD,-1,2024-04-19 11:00:00,2024-04-19 16:00:00,1.06555,1.0674,1.0674,1.06186,0.2433,-18.5,-44.95,-44.95,5,stop_loss,27.68386,0.00123,0.54233,-3.36698,london,2024
EURUSD,-1,2024-04-22 11:00:00,2024-04-22 16:00:00,1.06586,1.06266,1.06746,1.06266,0.2784,32.0,89.0,89.0,5,take_profit,15.92552,0.00107,0.31133,-2.65935,london,2024
EURUSD,1,2024-04-23 02:00:00,2024-04-23 09:00:00,1.06543,1.06403,1.06403,1.06824,0.3234,-14.0,-45.39,-45.39,7,stop_loss,20.89463,0.00094,0.18604,-2.78764,,2024
EURUSD,1,2024-04-23 15:00:00,2024-04-24 01:00:00,1.06748,1.07032,1.06564,1.07116,0.2441,28.4,69.32,69.32,10,time_exit,17.73352,0.00123,1.55021,-1.68968,london,2024
EURUSD,1,2024-04-25 12:00:00,2024-04-25 15:00:00,1.07259,1.07126,1.07126,1.07526,0.342,-13.3,-45.63,-45.63,3,stop_loss,23.95251,0.00089,3.5145,1.0669,london,2024
EURUSD,1,2024-04-25 16:00:00,2024-04-25 19:00:00,1.06923,1.0729,1.06739,1.0729,0.2462,36.7,90.36,90.36,3,take_profit,27.76334,0.00122,-0.45945,0.92895,new_york,2024
EURUSD,1,2024-04-29 21:00:00,2024-04-30 07:00:00,1.07218,1.07057,1.07019,1.07617,0.2311,-16.1,-37.21,-37.21,10,time_exit,10.84182,0.00133,0.72168,1.04059,new_york,2024
EURUSD,-1,2024-05-01 16:00:00,2024-05-01 21:00:00,1.06844,1.06973,1.06973,1.06585,0.3532,-12.9,-45.71,-45.72,5,stop_loss,39.69228,0.00086,-0.13554,-1.01321,new_york,2024
EURUSD,1,2024-05-03 04:00:00,2024-05-03 14:00:00,1.07315,1.07457,1.07146,1.07654,0.2673,14.2,37.96,37.95,10,time_exit,25.91734,0.00113,2.22327,0.65338,,2024
EURUSD,-1,2024-05-06 22:00:00,2024-05-07 08:00:00,1.07747,1.07586,1.07876,1.07489,0.3531,16.1,56.85,56.85,10,time_exit,31.79371,0.00086,2.21374,4.02267,,2024
EURUSD,-1,2024-05-08 13:00:00,2024-05-08 23:00:00,1.07514,1.07482,1.07628,1.07287,0.4063,3.2,13.0,13.0,10,time_exit,19.34542,0.00076,-0.48562,2.91699,london,2024
EURUSD,1,2024-05-09 05:00:00,2024-05-09 09:00:00,1.07477,1.07381,1.07381,1.07669,0.4824,-9.6,-46.33,-46.34,4,stop_loss,9.77264,0.00064,-0.59708,2.55836,,2024
EURUSD,-1,2024-05-09 23:00:00,2024-05-10 09:00:00,1.07825,1.07769,1.07965,1.07545,0.3274,5.6,18.33,18.33,10,time_exit,26.29565,0.00093,3.02785,1.70307,,2024
EURUSD,1,2024-05-10 13:00:00,2024-05-10 15:00:00,1.07798,1.07691,1.07691,1.08013,0.4293,-10.7,-46.06,-46.06,2,stop_loss,30.49655,0.00072,2.12185,2.95338,london,2024
EURUSD,1,2024-05-14 04:00:00,2024-05-14 11:00:00,1.07877,1.07778,1.07778,1.08075,0.4614,-9.9,-45.6,-45.6,7,stop_loss,15.76918,0.00066,1.14493,3.6799,,2024
EURUSD,-1,2024-05-14 13:00:00,2024-05-14 15:00:00,1.07929,1.08022,1.08022,1.07742,0.4834,-9.3,-45.14,-45.14,2,stop_loss_ambiguous,11.09907,0.00062,1.69523,3.81153,london,2024
EURUSD,1,2024-05-15 08:00:00,2024-05-15 15:00:00,1.08216,1.08416,1.08116,1.08416,0.4479,20.0,89.36,89.36,7,take_profit,9.25401,0.00067,3.07801,4.87975,london,2024
EURUSD,1,2024-05-15 21:00:00,2024-05-16 07:00:00,1.08801,1.08849,1.08608,1.09187,0.2363,4.8,11.34,11.34,10,time_exit,30.27959,0.00129,4.7359,3.21806,new_york,2024
EURUSD,-1,2024-05-16 08:00:00,2024-05-16 16:00:00,1.08849,1.0858,1.08984,1.0858,0.3391,26.9,91.38,91.38,8,take_profit,47.85777,0.0009,4.65656,6.00719,london,2024
EURUSD,1,2024-05-16 18:00:00,2024-05-17 04:00:00,1.08703,1.08596,1.08554,1.09,0.3137,-10.7,-33.57,-33.57,10,time_exit,30.3283,0.00099,1.86176,5.5569,new_york,2024
EURUSD,1,2024-05-21 14:00:00,2024-05-21 15:00:00,1.08668,1.08571,1.08571,1.08862,0.4772,-9.7,-46.27,-46.27,1,stop_loss,19.28439,0.00065,0.53001,5.11885,london,2024
EURUSD,1,2024-05-21 23:00:00,2024-05-22 09:00:00,1.0856,1.08615,1.08444,1.08792,0.395,5.5,21.73,21.72,10,time_exit,24.76608,0.00077,-0.65574,3.6962,,2024
EURUSD,1,2024-05-24 22:00:00,2024-05-27 08:00:00,1.08497,1.08491,1.08362,1.08767,0.3414,-0.6,-2.05,-2.05,10,time_exit,38.50845,0.0009,1.83821,0.06892,,2024
EURUSD,1,2024-05-28 01:00:00,2024-05-28 06:00:00,1.08562,1.08773,1.08457,1.08773,0.4369,21.1,92.01,92.01,5,take_profit,20.73076,0.0007,1.26047,1.39312,,2024
EURUSD,-1,2024-05-28 15:00:00,2024-05-28 17:00:00,1.0884,1.08624,1.08948,1.08624,0.4353,21.6,93.85,93.85,2,take_profit,19.90655,0.00072,3.52469,2.30863,london,2024
EURUSD,1,2024-05-28 21:00:00,2024-05-29 02:00:00,1.08653,1.08519,1.08519,1.08921,0.3576,-13.4,-47.86,-47.86,5,stop_loss,17.98862,0.00089,0.39772,1.98554,new_york,2024
EURUSD,-1,2024-05-29 02:00:00,2024-05-29 11:00:00,1.08567,1.08327,1.08687,1.08327,0.3955,24.0,94.76,94.76,9,take_profit,23.46678,0.0008,-0.53572,2.0482,,2024
EURUSD,-1,2024-05-31 21:00:00,2024-06-03 07:00:00,1.08472,1.0852,1.0865,1.08115,0.271,-4.8,-13.01,-13.01,10,time_exit,25.87175,0.00119,0.97923,-0.15053,new_york,2024
EURUSD,-1,2024-06-03 17:00:00,2024-06-03 18:00:00,1.08518,1.0866,1.0866,1.08234,0.3397,-14.2,-48.2,-48.2,1,stop_loss,13.74995,0.00095,1.01919,0.30459,new_york,2024
EURUSD,1,2024-06-03 20:00:00,2024-06-04 06:00:00,1.08853,1.09075,1.08681,1.09198,0.2767,22.2,61.43,61.43,10,time_exit,19.84963,0.00115,3.36175,0.53243,new_york,2024
EURUSD,1,2024-06-07 17:00:00,2024-06-10 00:00:00,1.08195,1.07993,1.07993,1.08599,0.2393,-20.2,-48.32,-48.32,7,stop_loss,18.34609,0.00135,-4.57508,1.11125,new_york,2024
EURUSD,1,2024-06-11 15:00:00,2024-06-12 01:00:00,1.07291,1.0741,1.07134,1.07605,0.3047,11.9,36.26,36.26,10,time_exit,26.9091,0.00105,-4.81158,-4.68369,london,2024
EURUSD,1,2024-06-12 09:00:00,2024-06-12 15:00:00,1.0746,1.0768,1.0735,1.0768,0.4374,22.0,96.42,96.42,6,take_profit,24.37467,0.00073,-1.69305,-7.50561,london,2024
EURUSD,-1,2024-06-13 02:00:00,2024-06-13 12:00:00,1.08111,1.08021,1.08308,1.07717,0.2494,9.0,22.45,22.44,10,time_exit,33.55755,0.00131,2.27883,-2.31889,,2024
EURUSD,-1,2024-06-14 00:00:00,2024-06-14 10:00:00,1.07367,1.07077,1.07562,1.06978,0.2538,29.0,73.6,73.6,10,time_exit,25.21991,0.0013,-3.16705,-2.05462,,2024
EURUSD,-1,2024-06-17 03:00:00,2024-06-17 13:00:00,1.07027,1.07102,1.0719,1.067,0.3071,-7.5,-23.03,-23.03,10,time_exit,39.46931,0.00109,-2.68574,-4.72819,,2024
EURUSD,-1,2024-06-18 09:00:00,2024-06-18 10:00:00,1.07232,1.07341,1.07341,1.07014,0.457,-10.9,-49.9,-49.9,1,stop_loss,18.40035,0.00073,-0.21002,-5.76985,london,2024
EURUSD,-1,2024-06-18 18:00:00,2024-06-19 04:00:00,1.07383,1.07409,1.07547,1.07054,0.3004,-2.6,-7.81,-7.81,10,time_exit,18.14178,0.0011,1.14451,-3.43103,new_york,2024
EURUSD,-1,2024-06-19 16:00:00,2024-06-20 02:00:00,1.0746,1.07472,1.07589,1.07201,0.3812,-1.2,-4.57,-4.58,10,time_exit,17.85504,0.00086,1.36937,-2.84331,new_york,2024
EURUSD,1,2024-06-20 17:00:00,2024-06-20 18:00:00,1.07245,1.07109,1.07109,1.07517,0.3621,-13.6,-49.28,-49.29,1,stop_loss,30.19223,0.00091,-1.12686,-2.11628,new_york,2024
EURUSD,1,2024-06-25 03:00:00,2024-06-25 13:00:00,1.07323,1.07234,1.07205,1.07558,0.4149,-8.9,-36.93,-36.93,10,time_exit,28.72182,0.00078,1.95622,-2.22094,,2024
EURUSD,-1,2024-06-25 21:00:00,2024-06-26 07:00:00,1.07136,1.07106,1.07272,1.06865,0.3573,3.0,10.72,10.72,10,time_exit,27.55658,0.0009,-0.5453,-1.5281,new_york,2024
EURUSD,1,2024-06-26 10:00:00,2024-06-26 13:00:00,1.06949,1.06839,1.06839,1.07169,0.4407,-11.0,-48.52,-48.53,3,stop_loss,28.94468,0.00073,-2.74787,-1.98894,london,2024
EURUSD,-1,2024-06-26 13:00:00,2024-06-26 23:00:00,1.06889,1.068,1.07009,1.0665,0.4013,8.9,35.72,35.71,10,time_exit,32.95117,0.0008,-2.95945,-2.01181,london,2024
EURUSD,-1,2024-06-27 02:00:00,2024-06-27 07:00:00,1.06806,1.06934,1.06934,1.06551,0.3792,-12.8,-48.4,-48.4,5,stop_loss,29.48069,0.00085,-2.27689,-2.69002,,2024
EURUSD,-1,2024-06-27 10:00:00,2024-06-27 13:00:00,1.0693,1.07039,1.07039,1.06713,0.4409,-10.9,-47.91,-47.91,3,stop_loss,21.09192,0.00072,-0.5321,-3.20242,london,2024
EURUSD,-1,2024-06-28 01:00:00,2024-06-28 11:00:00,1.07049,1.06978,1.07178,1.0679,0.3667,7.1,26.04,26.03,10,time_exit,15.78848,0.00086,0.51279,-2.03463,,2024
EURUSD,-1,2024-07-01 09:00:00,2024-07-01 10:00:00,1.07558,1.07722,1.07722,1.07231,0.2916,-16.4,-47.7,-47.7,1,stop_loss,35.04901,0.00109,3.59408,-0.11151,london,2024
EURUSD,-1,2024-07-01 21:00:00,2024-07-02 07:00:00,1.07294,1.07296,1.07491,1.069,0.2396,-0.2,-0.48,-0.48,10,time_exit,29.8628,0.00131,0.12916,0.50077,new_york,2024
EURUSD,1,2024-07-04 21:00:00,2024-07-05 07:00:00,1.08117,1.08221,1.08012,1.08327,0.449,10.4,46.7,46.69,10,time_exit,35.90937,0.0007,4.59346,4.928,new_york,2024
EURUSD,-1,2024-07-05 08:00:00,2024-07-05 10:00:00,1.08221,1.08299,1.08299,1.08064,0.6079,-7.8,-47.68,-47.68,2,stop_loss,42.81218,0.00052,5.7108,7.64853,london,2024
EURUSD,-1,2024-07-08 16:00:00,2024-07-09 02:00:00,1.08439,1.08307,1.08597,1.08122,0.2981,13.2,39.35,39.35,10,time_exit,19.11967,0.00106,2.33058,4.36555,new_york,2024
EURUSD,-1,2024-07-09 07:00:00,2024-07-09 17:00:00,1.08283,1.08157,1.08392,1.08066,0.4378,12.6,55.16,55.16,10,time_exit,15.88599,0.00072,0.66059,5.86664,london,2024
EURUSD,1,2024-07-10 18:00:00,2024-07-11 04:00:00,1.08234,1.08394,1.08125,1.08452,0.4418,16.0,70.69,70.69,10,time_exit,13.64194,0.00073,0.46369,3.83493,new_york,2024
EURUSD,1,2024-07-12 07:00:00,2024-07-12 16:00:00,1.0869,1.08957,1.08557,1.08957,0.3664,26.7,97.71,97.71,9,take_profit,40.49435,0.00089,2.28367,4.27411,london,2024
EURUSD,-1,2024-07-15 10:00:00,2024-07-15 11:00:00,1.08896,1.09009,1.09009,1.0867,0.4418,-11.3,-49.84,-49.84,1,stop_loss,21.8306,0.00075,1.60219,6.34578,london,2024
EURUSD,1,2024-07-15 23:00:00,2024-07-16 09:00:00,1.08989,1.08846,1.08846,1.09275,0.3452,-14.3,-49.33,-49.34,10,stop_loss,21.18655,0.00095,1.01294,5.2541,,2024
EURUSD,1,2024-07-16 18:00:00,2024-07-17 04:00:00,1.08786,1.09025,1.08642,1.09075,0.338,23.9,80.78,80.78,10,time_exit,17.15618,0.00096,-1.26996,4.40169,new_york,2024
EURUSD,1,2024-07-17 07:00:00,2024-07-17 10:00:00,1.09064,1.08954,1.08954,1.09285,0.4499,-11.0,-49.65,-49.65,3,stop_loss,10.93472,0.00074,1.6671,5.38362,london,2024
EURUSD,1,2024-07-17 19:00:00,2024-07-18 05:00:00,1.09326,1.09352,1.09171,1.09635,0.3179,2.6,8.27,8.26,10,time_exit,21.97157,0.00103,2.49365,4.29263,new_york,2024
EURUSD,-1,2024-07-18 09:00:00,2024-07-18 16:00:00,1.09371,1.09167,1.09473,1.09167,0.4827,20.4,98.47,98.47,7,take_profit,18.26726,0.00068,2.60828,6.93154,london,2024
EURUSD,-1,2024-07-19 00:00:00,2024-07-19 10:00:00,1.08953,1.0888,1.09082,1.08696,0.3904,7.3,28.5,28.5,10,time_exit,22.62434,0.00086,-2.54497,4.57211,,2024
EURUSD,-1,2024-07-22 21:00:00,2024-07-23 07:00:00,1.08903,1.08909,1.09028,1.08653,0.4042,-0.6,-2.43,-2.43,10,time_exit,27.87083,0.00083,-0.2071,1.23189,new_york,2024
EURUSD,-1,2024-07-24 09:00:00,2024-07-24 10:00:00,1.08528,1.08334,1.08625,1.08334,0.5203,19.4,100.96,100.96,1,take_profit,51.39082,0.00065,-2.33829,-1.37031,london,2024
EURUSD,-1,2024-07-26 17:00:00,2024-07-29 03:00:00,1.08654,1.08635,1.08783,1.08395,0.398,1.9,7.56,7.56,10,time_exit,12.4647,0.00086,1.39188,-1.34085,new_york,2024
EURUSD,-1,2024-07-29 21:00:00,2024-07-30 07:00:00,1.08251,1.08242,1.08389,1.07976,0.3744,0.9,3.37,3.37,10,time_exit,32.71586,0.00092,-2.16514,-1.63618,new_york,2024
EURUSD,1,2024-07-31 10:00:00,2024-07-31 11:00:00,1.08254,1.08137,1.08137,1.08487,0.4428,-11.7,-51.6,-51.6,1,stop_loss,22.63255,0.00078,0.04385,-2.87415,london,2024
EURUSD,-1,2024-07-31 21:00:00,2024-08-01 06:00:00,1.08167,1.08346,1.08346,1.07809,0.2851,-17.9,-51.08,-51.08,9,stop_loss,21.70076,0.00119,-0.74451,-1.66892,new_york,2024
EURUSD,-1,2024-08-05 03:00:00,2024-08-05 07:00:00,1.09105,1.09317,1.09317,1.08682,0.239,-21.2,-50.57,-50.57,4,stop_loss,44.07522,0.00141,4.5085,0.47398,,2024
EURUSD,-1,2024-08-05 11:00:00,2024-08-05 15:00:00,1.09491,1.09769,1.09769,1.08935,0.1801,-27.8,-50.06,-50.06,4,stop_loss,45.25553,0.00185,4.3733,1.15166,london,2024
EURUSD,-1,2024-08-06 10:00:00,2024-08-06 20:00:00,1.09392,1.0926,1.09609,1.08957,0.2281,13.2,30.11,30.11,10,time_exit,28.77532,0.00145,1.27025,3.55709,london,2024
EURUSD,-1,2024-08-07 15:00:00,2024-08-08 01:00:00,1.09234,1.09269,1.09395,1.08912,0.3096,-3.5,-10.84,-10.84,10,time_exit,17.01108,0.00107,0.24247,3.58177,london,2024
EURUSD,-1,2024-08-08 07:00:00,2024-08-08 15:00:00,1.09351,1.09096,1.09478,1.09096,0.3905,25.5,99.51,99.51,8,take_profit,10.72304,0.00085,1.36954,4.0818,london,2024
EURUSD,-1,2024-08-08 17:00:00,2024-08-08 18:00:00,1.08929,1.09112,1.09112,1.08562,0.2766,-18.3,-50.76,-50.76,1,stop_loss,17.37065,0.00122,-2.52888,2.57713,new_york,2024
EURUSD,-1,2024-08-12 13:00:00,2024-08-12 18:00:00,1.09269,1.09378,1.09378,1.0905,0.4591,-10.9,-50.25,-50.25,5,stop_loss,10.51146,0.00073,0.98046,2.48791,london,2024
EURUSD,-1,2024-08-15 15:00:00,2024-08-15 16:00:00,1.10134,1.0991,1.10246,1.0991,0.4434,22.4,99.49,99.49,1,take_profit,12.91143,0.00075,2.25578,6.90541,london,2024
EURUSD,-1,2024-08-16 10:00:00,2024-08-16 13:00:00,1.09816,1.09934,1.09934,1.0958,0.4293,-11.8,-50.74,-50.74,3,stop_loss,28.21839,0.00079,-0.582,4.54597,london,2024
EURUSD,1,2024-08-16 18:00:00,2024-08-16 21:00:00,1.09906,1.1019,1.09764,1.1019,0.3539,28.4,100.46,100.46,3,take_profit,20.6705,0.00095,0.30938,3.61007,new_york,2024
EURUSD,1,2024-08-19 06:00:00,2024-08-19 16:00:00,1.10309,1.10446,1.10184,1.10559,0.4104,13.7,56.22,56.22,10,time_exit,29.55366,0.00083,3.60272,4.77221,,2024
EURUSD,1,2024-08-20 23:00:00,2024-08-21 09:00:00,1.11247,1.1118,1.11094,1.11553,0.3381,-6.7,-22.65,-22.65,10,time_exit,51.92525,0.00102,5.4198,6.73728,,2024
EURUSD,1,2024-08-21 17:00:00,2024-08-21 18:00:00,1.11146,1.11463,1.10987,1.11463,0.3251,31.7,103.13,103.13,1,take_profit,37.7331,0.00106,1.76993,7.13157,new_york,2024
EURUSD,1,2024-08-22 06:00:00,2024-08-22 10:00:00,1.11433,1.11277,1.11277,1.11744,0.3381,-15.6,-52.6,-52.61,4,stop_loss,30.05473,0.00104,2.51674,7.82348,,2024
EURUSD,-1,2024-08-22 18:00:00,2024-08-23 04:00:00,1.1115,1.11276,1.11357,1.10737,0.2521,-12.6,-31.76,-31.77,10,time_exit,24.6555,0.00138,-0.70878,5.60518,new_york,2024
EURUSD,1,2024-08-23 13:00:00,2024-08-23 17:00:00,1.11173,1.11465,1.11027,1.11465,0.355,29.2,103.54,103.53,4,take_profit,15.74582,0.00097,-0.44965,6.36822,london,2024
EURUSD,1,2024-08-23 18:00:00,2024-08-26 04:00:00,1.11749,1.11896,1.11538,1.12172,0.2497,14.7,36.71,36.7,10,time_exit,18.90449,0.00141,3.67669,4.25337,new_york,2024
EURUSD,-1,2024-08-26 18:00:00,2024-08-27 04:00:00,1.11767,1.11694,1.11945,1.1141,0.2979,7.3,21.75,21.74,10,time_exit,26.70985,0.00119,1.58885,5.85242,new_york,2024
EURUSD,-1,2024-08-27 21:00:00,2024-08-28 07:00:00,1.11815,1.11596,1.11973,1.11499,0.3373,21.9,73.87,73.87,10,time_exit,10.43694,0.00105,1.74702,5.35881,new_york,2024
EURUSD,1,2024-08-30 10:00:00,2024-08-30 15:00:00,1.1085,1.1071,1.1071,1.11131,0.3858,-14.0,-54.12,-54.12,5,stop_loss,53.38491,0.00094,-2.06676,-0.56667,london,2024
EURUSD,-1,2024-09-02 00:00:00,2024-09-02 09:00:00,1.10471,1.10652,1.10652,1.10109,0.2963,-18.1,-53.58,-53.58,9,stop_loss,40.06538,0.00121,-3.24905,-1.38792,,2024
EURUSD,-1,2024-09-03 08:00:00,2024-09-03 10:00:00,1.10543,1.10655,1.10655,1.1032,0.4754,-11.2,-53.04,-53.04,2,stop_loss,19.88062,0.00074,-2.09965,-3.03336,london,2024
EURUSD,-1,2024-09-03 10:00:00,2024-09-03 12:00:00,1.10617,1.1039,1.1073,1.1039,0.4634,22.7,105.03,105.02,2,take_profit,21.61708,0.00076,-0.99408,-2.99683,london,2024
EURUSD,1,2024-09-03 18:00:00,2024-09-04 04:00:00,1.10423,1.10532,1.10251,1.10767,0.3115,10.9,33.95,33.95,10,time_exit,23.62184,0.00115,-1.80436,-2.22035,new_york,2024
EURUSD,1,2024-09-04 18:00:00,2024-09-04 20:00:00,1.10899,1.1073,1.1073,1.11237,0.3192,-16.9,-53.91,-53.91,2,stop_loss,13.74254,0.00113,2.95178,-2.10771,new_york,2024
EURUSD,1,2024-09-06 12:00:00,2024-09-06 14:00:00,1.11175,1.11052,1.11052,1.11422,0.4323,-12.3,-53.36,-53.36,2,stop_loss,40.4936,0.00082,2.88445,0.91825,london,2024
EURUSD,-1,2024-09-10 17:00:00,2024-09-11 03:00:00,1.10197,1.10202,1.10345,1.09901,0.3574,-0.5,-1.79,-1.79,10,time_exit,18.88706,0.00099,-3.36979,-2.13418,new_york,2024
EURUSD,1,2024-09-11 12:00:00,2024-09-11 15:00:00,1.10438,1.10298,1.10298,1.10717,0.3783,-14.0,-52.82,-52.82,3,stop_loss,23.22133,0.00093,0.22434,-2.64799,london,2024
EURUSD,1,2024-09-11 21:00:00,2024-09-12 07:00:00,1.10187,1.10165,1.10016,1.1053,0.3049,-2.2,-6.71,-6.71,10,time_exit,26.57862,0.00114,-1.53681,-2.32412,new_york,2024
EURUSD,1,2024-09-13 23:00:00,2024-09-16 09:00:00,1.1078,1.1107,1.10635,1.1107,0.3603,29.0,104.42,104.42,10,take_profit,33.29625,0.00097,1.42384,0.37448,,2024
EURUSD,1,2024-09-16 09:00:00,2024-09-16 11:00:00,1.10984,1.11233,1.1086,1.11233,0.4285,24.9,106.52,106.52,2,take_profit,29.58954,0.00083,3.09693,1.13179,london,2024
EURUSD,-1,2024-09-17 17:00:00,2024-09-18 03:00:00,1.11131,1.11271,1.11298,1.10797,0.3254,-14.0,-45.56,-45.56,10,time_exit,30.73902,0.00111,0.06981,2.83906,new_york,2024
EURUSD,1,2024-09-18 06:00:00,2024-09-18 09:00:00,1.11281,1.11155,1.11155,1.11533,0.4282,-12.6,-53.87,-53.87,3,stop_loss,19.82547,0.00084,1.46506,3.60297,,2024
EURUSD,1,2024-09-18 21:00:00,2024-09-18 22:00:00,1.11239,1.11078,1.11078,1.11562,0.3306,-16.1,-53.33,-53.33,1,stop_loss,14.56518,0.00108,0.39345,2.691,new_york,2024
EURUSD,-1,2024-09-19 22:00:00,2024-09-20 08:00:00,1.11656,1.1164,1.11908,1.11152,0.2093,1.6,3.35,3.35,10,time_exit,18.03859,0.00168,2.05065,1.81058,,2024
EURUSD,-1,2024-09-23 11:00:00,2024-09-23 14:00:00,1.11015,1.11211,1.11211,1.10623,0.2694,-19.6,-52.83,-52.83,3,stop_loss,14.87851,0.00131,-3.89796,2.5575,london,2024
EURUSD,1,2024-09-24 01:00:00,2024-09-24 11:00:00,1.11122,1.11402,1.10936,1.11495,0.2808,28.0,78.62,78.62,10,time_exit,22.24375,0.00124,-2.10408,1.51217,,2024
EURUSD,-1,2024-09-24 16:00:00,2024-09-24 17:00:00,1.11409,1.11589,1.11589,1.11049,0.2952,-18.0,-53.08,-53.09,1,stop_loss,19.59831,0.0012,0.85777,0.95963,new_york,2024
EURUSD,1,2024-09-25 07:00:00,2024-09-25 11:00:00,1.11983,1.11832,1.11832,1.12286,0.3471,-15.1,-52.56,-52.56,4,stop_loss,38.92636,0.00101,4.60905,2.45994,london,2024
EURUSD,1,2024-09-27 03:00:00,2024-09-27 09:00:00,1.1177,1.11583,1.11583,1.12144,0.2786,-18.7,-52.04,-52.04,6,stop_loss,19.12986,0.00125,1.41932,1.6428,,2024
EURUSD,1,2024-09-27 22:00:00,2024-09-30 08:00:00,1.11679,1.11667,1.11427,1.12184,0.2042,-1.2,-2.45,-2.45,10,time_exit,15.08429,0.00168,0.34045,1.12336,,2024
EURUSD,1,2024-09-30 15:00:00,2024-09-30 16:00:00,1.11977,1.11773,1.11773,1.12385,0.2523,-20.4,-51.48,-51.48,1,stop_loss,14.78169,0.00136,2.17208,1.48988,london,2024
EURUSD,-1,2024-10-03 23:00:00,2024-10-04 09:00:00,1.10284,1.1032,1.10465,1.09923,0.2821,-3.6,-10.16,-10.16,10,time_exit,32.27773,0.0012,-2.01399,-4.21627,,2024
EURUSD,1,2024-10-07 01:00:00,2024-10-07 11:00:00,1.09685,1.09701,1.09498,1.10059,0.2718,1.6,4.35,4.35,10,time_exit,36.0556,0.00125,-4.01855,-5.04881,,2024
EURUSD,1,2024-10-08 16:00:00,2024-10-09 02:00:00,1.0976,1.09755,1.0961,1.1006,0.3391,-0.5,-1.7,-1.7,10,time_exit,14.55722,0.001,-1.16156,-5.98143,new_york,2024
EURUSD,1,2024-10-10 02:00:00,2024-10-10 11:00:00,1.09408,1.09283,1.09283,1.09657,0.4088,-12.5,-50.9,-50.9,9,stop_loss,43.74032,0.00083,-2.8956,-6.95034,,2024
EURUSD,1,2024-10-10 13:00:00,2024-10-10 15:00:00,1.09337,1.09226,1.09226,1.0956,0.4526,-11.1,-50.39,-50.39,2,stop_loss,45.05911,0.00074,-2.95143,-7.84608,london,2024
EURUSD,-1,2024-10-10 18:00:00,2024-10-11 04:00:00,1.09223,1.0932,1.09407,1.08855,0.2714,-9.7,-26.33,-26.33,10,time_exit,47.56778,0.00123,-2.4068,-4.74866,new_york,2024
EURUSD,-1,2024-10-11 10:00:00,2024-10-11 20:00:00,1.09402,1.09435,1.09542,1.09123,0.3556,-3.3,-11.73,-11.74,10,time_exit,45.51512,0.00093,-0.273,-5.98624,london,2024
EURUSD,-1,2024-10-11 23:00:00,2024-10-14 09:00:00,1.09332,1.09251,1.09483,1.09031,0.3289,8.1,26.64,26.64,10,time_exit,24.4681,0.001,-0.8126,-4.96412,,2024
EURUSD,1,2024-10-14 12:00:00,2024-10-14 14:00:00,1.0927,1.09153,1.09153,1.09504,0.4247,-11.7,-49.77,-49.77,2,stop_loss,16.38702,0.00078,-1.06087,-6.1519,london,2024
EURUSD,-1,2024-10-14 14:00:00,2024-10-14 20:00:00,1.09228,1.08989,1.09347,1.08989,0.4124,23.9,98.54,98.54,6,take_profit,14.90955,0.0008,-1.47666,-5.9826,london,2024
EURUSD,-1,2024-10-15 00:00:00,2024-10-15 10:00:00,1.09085,1.08986,1.09234,1.08786,0.3365,9.9,33.31,33.31,10,time_exit,17.89602,0.001,-1.69102,-4.97188,,2024
EURUSD,1,2024-10-16 04:00:00,2024-10-16 14:00:00,1.08854,1.08945,1.0873,1.09103,0.4064,9.1,36.98,36.98,10,time_exit,28.55508,0.00083,-2.47406,-6.067,,2024
EURUSD,1,2024-10-16 22:00:00,2024-10-17 08:00:00,1.08558,1.08545,1.08414,1.08846,0.3535,-1.3,-4.6,-4.6,10,time_exit,25.06173,0.00096,-3.8957,-5.29496,,2024
EURUSD,1,2024-10-18 04:00:00,2024-10-18 14:00:00,1.08289,1.08483,1.08145,1.08578,0.3524,19.4,68.37,68.36,10,time_exit,32.14455,0.00096,-2.95375,-6.34438,,2024
EURUSD,1,2024-10-22 00:00:00,2024-10-22 10:00:00,1.0815,1.08367,1.08028,1.08394,0.4226,21.7,91.7,91.7,10,time_exit,32.77624,0.00081,-3.95612,-5.71351,,2024
EURUSD,-1,2024-10-22 20:00:00,2024-10-23 06:00:00,1.08077,1.08023,1.08228,1.07774,0.3467,5.4,18.72,18.72,10,time_exit,26.30053,0.00101,-2.24655,-4.87816,new_york,2024
EURUSD,-1,2024-10-28 13:00:00,2024-10-28 23:00:00,1.08131,1.08117,1.08277,1.07838,0.36,1.4,5.04,5.04,10,time_exit,23.28749,0.00098,0.78841,-2.92841,london,2024
EURUSD,-1,2024-10-30 09:00:00,2024-10-30 11:00:00,1.08157,1.08281,1.08281,1.07908,0.424,-12.4,-52.75,-52.75,2,stop_loss,16.39141,0.00083,0.56076,-1.8279,london,2024
EURUSD,-1,2024-11-01 09:00:00,2024-11-01 15:00:00,1.08716,1.08853,1.08853,1.08441,0.38,-13.7,-52.23,-52.23,6,stop_loss,22.06101,0.00092,1.45857,2.04784,london,2024
EURUSD,-1,2024-11-04 06:00:00,2024-11-04 16:00:00,1.09016,1.08998,1.09217,1.08614,0.2574,1.8,4.63,4.63,10,time_exit,23.39069,0.00134,2.8913,1.38423,,2024
EURUSD,1,2024-11-04 16:00:00,2024-11-04 18:00:00,1.09052,1.08868,1.08868,1.09419,0.2819,-18.4,-51.75,-51.76,2,stop_loss,30.66316,0.00122,2.46915,2.08243,new_york,2024
EURUSD,1,2024-11-06 14:00:00,2024-11-07 00:00:00,1.07084,1.07291,1.06613,1.08026,0.1088,20.7,22.52,22.52,10,time_exit,49.06341,0.00314,-4.31797,-0.26222,london,2024
EURUSD,-1,2024-11-07 03:00:00,2024-11-07 09:00:00,1.07212,1.07557,1.07557,1.06523,0.1494,-34.5,-51.47,-51.47,6,stop_loss,44.01437,0.0023,-3.28635,-1.74672,,2024
EURUSD,1,2024-11-07 17:00:00,2024-11-07 21:00:00,1.08094,1.07783,1.07783,1.08715,0.1639,-31.1,-50.93,-50.93,4,stop_loss,26.67966,0.00207,1.38031,-2.20042,new_york,2024
EURUSD,-1,2024-11-08 16:00:00,2024-11-08 19:00:00,1.0753,1.07033,1.07778,1.07033,0.203,49.7,100.86,100.86,3,take_profit,19.68095,0.00166,-1.79106,-2.13926,new_york,2024
EURUSD,-1,2024-11-11 11:00:00,2024-11-11 15:00:00,1.06874,1.06425,1.07098,1.06425,0.2294,44.9,102.9,102.9,4,take_profit,37.03797,0.0015,-3.93665,-3.61747,london,2024
EURUSD,1,2024-11-12 00:00:00,2024-11-12 08:00:00,1.06502,1.06308,1.06308,1.0689,0.2703,-19.4,-52.46,-52.47,8,stop_loss,50.71416,0.00129,-4.12891,-5.68332,,2024
EURUSD,1,2024-11-13 09:00:00,2024-11-13 10:00:00,1.06135,1.05976,1.05976,1.06452,0.3272,-15.9,-51.94,-51.94,1,stop_loss,39.30464,0.00106,-3.03693,-8.76611,london,2024
EURUSD,1,2024-11-18 13:00:00,2024-11-18 20:00:00,1.05481,1.05948,1.05248,1.05948,0.2205,46.7,102.87,102.87,7,take_profit,12.297,0.00156,-0.26217,-5.61471,london,2024
EURUSD,-1,2024-11-22 09:00:00,2024-11-22 10:00:00,1.04693,1.0488,1.0488,1.04318,0.2801,-18.7,-52.46,-52.46,1,stop_loss,53.91302,0.00125,-3.70306,-5.20098,london,2024
EURUSD,-1,2024-11-22 18:00:00,2024-11-25 00:00:00,1.04107,1.04491,1.04491,1.03339,0.1352,-38.4,-51.92,-51.93,6,stop_loss,57.88098,0.00256,-3.01297,-3.09565,new_york,2024
EURUSD,1,2024-11-27 22:00:00,2024-11-28 08:00:00,1.05629,1.05484,1.0532,1.06246,0.1665,-14.5,-24.14,-24.14,10,time_exit,30.38402,0.00206,2.57562,-0.90803,,2024
EURUSD,-1,2024-11-28 13:00:00,2024-11-28 23:00:00,1.05507,1.05538,1.05754,1.05013,0.2072,-3.1,-6.42,-6.43,10,time_exit,20.01325,0.00165,1.32305,-0.18689,london,2024
EURUSD,1,2024-11-29 01:00:00,2024-11-29 09:00:00,1.05525,1.05883,1.05346,1.05883,0.2859,35.8,102.23,102.23,8,take_profit,12.0725,0.00119,1.2593,0.2803,,2024
EURUSD,1,2024-12-02 03:00:00,2024-12-02 09:00:00,1.05363,1.05127,1.05127,1.05835,0.2208,-23.6,-52.14,-52.14,6,stop_loss,14.46936,0.00157,-1.1756,0.86415,,2024
EURUSD,1,2024-12-02 23:00:00,2024-12-03 09:00:00,1.05,1.04978,1.04711,1.05579,0.1784,-2.2,-3.92,-3.93,10,time_exit,31.55552,0.00193,-1.35793,-0.44074,,2024
EURUSD,1,2024-12-04 15:00:00,2024-12-04 17:00:00,1.04912,1.05398,1.04669,1.05398,0.2124,48.6,103.14,103.14,2,take_profit,18.27322,0.00162,-1.17782,-0.9248,london,2024
EURUSD,1,2024-12-05 03:00:00,2024-12-05 13:00:00,1.05141,1.05365,1.04898,1.05627,0.2165,22.4,48.5,48.49,10,time_exit,12.8458,0.00162,0.15415,-0.76008,,2024
EURUSD,-1,2024-12-05 16:00:00,2024-12-06 02:00:00,1.05671,1.05772,1.059,1.05213,0.2319,-10.1,-23.42,-23.42,10,time_exit,17.39964,0.00153,3.11309,-0.33297,new_york,2024
EURUSD,1,2024-12-06 11:00:00,2024-12-06 15:00:00,1.05821,1.06196,1.05634,1.06196,0.2822,37.5,105.68,105.68,4,take_profit,21.47435,0.00125,2.52628,1.34034,london,2024
EURUSD,1,2024-12-11 16:00:00,2024-12-11 17:00:00,1.05238,1.05016,1.05016,1.05683,0.2424,-22.2,-53.92,-53.92,1,stop_loss,29.77749,0.00148,-0.43401,-0.50601,new_york,2024
EURUSD,1,2024-12-13 04:00:00,2024-12-13 14:00:00,1.04654,1.0517,1.04396,1.0517,0.207,51.6,106.71,106.71,10,take_profit,22.23887,0.00172,-2.02123,-1.42682,,2024
EURUSD,-1,2024-12-16 00:00:00,2024-12-16 01:00:00,1.0485,1.05059,1.05059,1.04432,0.2605,-20.9,-54.44,-54.44,1,stop_loss,19.39871,0.00139,0.69295,-1.73308,,2024
EURUSD,-1,2024-12-17 15:00:00,2024-12-18 01:00:00,1.05013,1.04946,1.05193,1.04652,0.2987,6.7,20.01,20.01,10,time_exit,14.51168,0.0012,-0.09259,-0.94914,london,2024
EURUSD,1,2024-12-18 05:00:00,2024-12-18 15:00:00,1.0501,1.04856,1.04856,1.05317,0.3523,-15.4,-54.09,-54.09,10,stop_loss,10.40842,0.00102,0.0772,-1.12124,,2024
EURUSD,-1,2024-12-19 10:00:00,2024-12-19 11:00:00,1.0395,1.04222,1.04222,1.03407,0.1971,-27.2,-53.54,-53.54,1,stop_loss,31.27699,0.00181,-2.86494,-2.51527,london,2024
EURUSD,1,2024-12-19 21:00:00,2024-12-20 07:00:00,1.03741,1.03663,1.0345,1.04322,0.1825,-7.8,-14.24,-14.24,10,time_exit,25.84326,0.00194,-2.67227,-2.87905,new_york,2024
EURUSD,-1,2024-12-23 00:00:00,2024-12-23 10:00:00,1.04307,1.04181,1.04569,1.03782,0.2015,12.6,25.39,25.39,10,time_exit,30.04373,0.00175,1.15721,-3.06243,,2024
EURUSD,-1,2024-12-23 17:00:00,2024-12-23 19:00:00,1.03939,1.04159,1.04159,1.03498,0.2412,-22.0,-53.14,-53.14,2,stop_loss,27.92931,0.00147,-1.22692,-2.85369,new_york,2024
EURUSD,1,2024-12-24 12:00:00,2024-12-24 22:00:00,1.0392,1.0399,1.0376,1.04239,0.3294,7.0,23.06,23.06,10,time_exit,12.2181,0.00106,-1.23036,-3.69881,london,2024
EURUSD,1,2024-12-27 13:00:00,2024-12-27 23:00:00,1.04187,1.04229,1.0405,1.04461,0.3849,4.2,16.17,16.16,10,time_exit,15.11779,0.00091,1.06962,-2.26725,london,2024
EURUSD,-1,2024-12-30 03:00:00,2024-12-30 12:00:00,1.04275,1.04422,1.04422,1.03982,0.3614,-14.7,-52.98,-52.98,9,stop_loss,15.54986,0.00098,1.07287,-1.2716,,2024
